query_row,requested_ef,raw_recall_at_10,Z_abs,native_ndc,tracer_ndc,actual_expansions,visited_count,wall_clock_ns,endpoint_status,native_tracer_topk_equal,native_tracer_ndc_equal,native_labels
0,10,0.900000,0,363,363,15,283,179209,PASS,1,1,98757;75602;10562;69358;98768;10376;87735;71547;10346;65649
0,16,1.000000,0,475,475,22,395,71830,PASS,1,1,55948;98757;75602;10562;69358;98768;10376;87735;71547;10346
0,24,1.000000,0,559,559,28,479,79429,PASS,1,1,55948;98757;75602;10562;69358;98768;10376;87735;71547;10346
0,32,1.000000,0,652,652,36,572,92570,PASS,1,1,55948;98757;75602;10562;69358;98768;10376;87735;71547;10346
0,48,1.000000,0,850,850,51,770,133639,PASS,1,1,55948;98757;75602;10562;69358;98768;10376;87735;71547;10346
0,64,1.000000,0,1062,1062,66,982,163080,PASS,1,1,55948;98757;75602;10562;69358;98768;10376;87735;71547;10346
0,96,1.000000,0,1401,1401,98,1321,227879,PASS,1,1,55948;98757;75602;10562;69358;98768;10376;87735;71547;10346
0,128,1.000000,0,1734,1734,130,1654,283219,PASS,1,1,55948;98757;75602;10562;69358;98768;10376;87735;71547;10346
0,192,1.000000,0,2222,2222,192,2142,377449,PASS,1,1,55948;98757;75602;10562;69358;98768;10376;87735;71547;10346
0,256,1.000000,0,2714,2714,256,2634,459399,PASS,1,1,55948;98757;75602;10562;69358;98768;10376;87735;71547;10346
0,384,1.000000,0,3507,3507,384,3427,635578,PASS,1,1,55948;98757;75602;10562;69358;98768;10376;87735;71547;10346
0,512,1.000000,0,4259,4259,512,4179,765818,PASS,1,1,55948;98757;75602;10562;69358;98768;10376;87735;71547;10346
1,10,1.000000,0,269,269,11,157,54730,PASS,1,1,35970;99253;99448;53463;45956;25353;56246;47351;26448;25693
1,16,1.000000,0,329,329,16,217,44560,PASS,1,1,35970;99253;99448;53463;45956;25353;56246;47351;26448;25693
1,24,1.000000,0,401,401,24,289,55420,PASS,1,1,35970;99253;99448;53463;45956;25353;56246;47351;26448;25693
1,32,1.000000,0,473,473,32,361,66480,PASS,1,1,35970;99253;99448;53463;45956;25353;56246;47351;26448;25693
1,48,1.000000,0,606,606,48,494,91979,PASS,1,1,35970;99253;99448;53463;45956;25353;56246;47351;26448;25693
1,64,1.000000,0,729,729,64,617,109580,PASS,1,1,35970;99253;99448;53463;45956;25353;56246;47351;26448;25693
1,96,1.000000,0,1001,1001,96,889,166279,PASS,1,1,35970;99253;99448;53463;45956;25353;56246;47351;26448;25693
1,128,1.000000,0,1268,1268,128,1156,206379,PASS,1,1,35970;99253;99448;53463;45956;25353;56246;47351;26448;25693
1,192,1.000000,0,1725,1725,192,1613,296949,PASS,1,1,35970;99253;99448;53463;45956;25353;56246;47351;26448;25693
1,256,1.000000,0,2121,2121,256,2009,359069,PASS,1,1,35970;99253;99448;53463;45956;25353;56246;47351;26448;25693
1,384,1.000000,0,2897,2897,384,2785,533389,PASS,1,1,35970;99253;99448;53463;45956;25353;56246;47351;26448;25693
1,512,1.000000,0,3632,3632,512,3520,659548,PASS,1,1,35970;99253;99448;53463;45956;25353;56246;47351;26448;25693
2,10,0.500000,1,339,339,14,280,74860,PASS,1,1,18514;18469;473;366;66787;380;76610;44724;25668;30731
2,16,0.700000,1,455,455,21,396,67180,PASS,1,1,18514;18469;473;83692;65935;366;66787;85226;380;83734
2,24,0.800000,1,542,542,27,483,77430,PASS,1,1,18514;18469;473;83692;65935;366;66787;95921;85226;380
2,32,0.800000,1,725,725,38,666,110380,PASS,1,1,18514;18469;473;83692;65935;366;66787;95921;85226;79577
2,48,1.000000,0,838,838,51,779,122420,PASS,1,1,18514;18469;473;83692;56750;65935;366;66787;64529;95921
2,64,1.000000,0,1062,1062,67,1003,165029,PASS,1,1,18514;18469;473;83692;56750;65935;366;66787;64529;95921
2,96,1.000000,0,1409,1409,98,1350,227049,PASS,1,1,18514;18469;473;83692;56750;65935;366;66787;64529;95921
2,128,1.000000,0,1782,1782,129,1723,284189,PASS,1,1,18514;18469;473;83692;56750;65935;366;66787;64529;95921
2,192,1.000000,0,2512,2512,193,2453,448049,PASS,1,1,18514;18469;473;83692;56750;65935;366;66787;64529;95921
2,256,1.000000,0,3141,3141,257,3082,522118,PASS,1,1,18514;18469;473;83692;56750;65935;366;66787;64529;95921
2,384,1.000000,0,4418,4418,385,4359,790428,PASS,1,1,18514;18469;473;83692;56750;65935;366;66787;64529;95921
2,512,1.000000,0,5446,5446,513,5387,946607,PASS,1,1,18514;18469;473;83692;56750;65935;366;66787;64529;95921
3,10,0.800000,1,344,344,12,243,72129,PASS,1,1,31337;13014;32117;35673;19025;73940;31511;5183;81286;32108
3,16,0.800000,1,444,444,18,343,59060,PASS,1,1,31337;13014;32117;35673;19025;73940;31511;5183;81286;32108
3,24,0.900000,0,607,607,26,506,82920,PASS,1,1,31337;13014;32117;35673;19941;19025;73940;31511;5183;81286
3,32,0.900000,0,719,719,33,618,97340,PASS,1,1,31337;13014;32117;35673;19941;19025;73940;31511;5183;81286
3,48,0.900000,0,982,982,49,881,140300,PASS,1,1,31337;13014;32117;35673;19941;19025;73940;31511;5183;81286
3,64,0.900000,0,1180,1180,65,1079,166490,PASS,1,1,31337;13014;32117;35673;19941;19025;73940;31511;5183;81286
3,96,1.000000,0,1571,1571,97,1470,241330,PASS,1,1,31337;13014;32117;35673;19941;19025;8391;73940;31511;5183
3,128,1.000000,0,1946,1946,128,1845,293499,PASS,1,1,31337;13014;32117;35673;19941;19025;8391;73940;31511;5183
3,192,1.000000,0,2639,2639,192,2538,422208,PASS,1,1,31337;13014;32117;35673;19941;19025;8391;73940;31511;5183
3,256,1.000000,0,3308,3308,256,3207,567609,PASS,1,1,31337;13014;32117;35673;19941;19025;8391;73940;31511;5183
3,384,1.000000,0,4490,4490,384,4389,764598,PASS,1,1,31337;13014;32117;35673;19941;19025;8391;73940;31511;5183
3,512,1.000000,0,5475,5475,512,5374,924767,PASS,1,1,31337;13014;32117;35673;19941;19025;8391;73940;31511;5183
4,10,0.600000,1,366,366,17,290,74790,PASS,1,1,89786;67831;33720;67243;35091;13834;35020;88652;34244;34633
4,16,1.000000,0,483,483,24,407,70450,PASS,1,1,65609;77110;89786;67831;33720;23213;67243;4533;35091;13834
4,24,1.000000,0,561,561,30,485,79170,PASS,1,1,65609;77110;89786;67831;33720;23213;67243;4533;35091;13834
4,32,1.000000,0,630,630,36,554,88139,PASS,1,1,65609;77110;89786;67831;33720;23213;67243;4533;35091;13834
4,48,1.000000,0,855,855,52,779,135530,PASS,1,1,65609;77110;89786;67831;33720;23213;67243;4533;35091;13834
4,64,1.000000,0,1069,1069,68,993,162800,PASS,1,1,65609;77110;89786;67831;33720;23213;67243;4533;35091;13834
4,96,1.000000,0,1380,1380,97,1304,220349,PASS,1,1,65609;77110;89786;67831;33720;23213;67243;4533;35091;13834
4,128,1.000000,0,1760,1760,129,1684,286430,PASS,1,1,65609;77110;89786;67831;33720;23213;67243;4533;35091;13834
4,192,1.000000,0,2364,2364,192,2288,396789,PASS,1,1,65609;77110;89786;67831;33720;23213;67243;4533;35091;13834
4,256,1.000000,0,2967,2967,257,2891,494599,PASS,1,1,65609;77110;89786;67831;33720;23213;67243;4533;35091;13834
4,384,1.000000,0,4037,4037,384,3961,725628,PASS,1,1,65609;77110;89786;67831;33720;23213;67243;4533;35091;13834
4,512,1.000000,0,4913,4913,512,4837,858097,PASS,1,1,65609;77110;89786;67831;33720;23213;67243;4533;35091;13834
5,10,0.700000,1,235,235,11,152,50600,PASS,1,1,56267;53661;7463;7218;51211;75687;87934;84499;80060;62674
5,16,0.900000,0,314,314,18,231,45390,PASS,1,1,46728;56267;53661;7463;7218;82247;51211;75687;87934;84499
5,24,1.000000,0,375,375,25,292,52929,PASS,1,1,46728;56267;53661;7463;7218;82247;51211;75687;82928;87934
5,32,1.000000,0,444,444,32,361,64340,PASS,1,1,46728;56267;53661;7463;7218;82247;51211;75687;82928;87934
5,48,1.000000,0,581,581,48,498,90500,PASS,1,1,46728;56267;53661;7463;7218;82247;51211;75687;82928;87934
5,64,1.000000,0,710,710,64,627,108990,PASS,1,1,46728;56267;53661;7463;7218;82247;51211;75687;82928;87934
5,96,1.000000,0,942,942,96,859,158889,PASS,1,1,46728;56267;53661;7463;7218;82247;51211;75687;82928;87934
5,128,1.000000,0,1139,1139,128,1056,253449,PASS,1,1,46728;56267;53661;7463;7218;82247;51211;75687;82928;87934
5,192,1.000000,0,1488,1488,192,1405,265079,PASS,1,1,46728;56267;53661;7463;7218;82247;51211;75687;82928;87934
5,256,1.000000,0,1797,1797,256,1714,321159,PASS,1,1,46728;56267;53661;7463;7218;82247;51211;75687;82928;87934
5,384,1.000000,0,2307,2307,384,2224,443778,PASS,1,1,46728;56267;53661;7463;7218;82247;51211;75687;82928;87934
5,512,1.000000,0,2731,2731,512,2648,523239,PASS,1,1,46728;56267;53661;7463;7218;82247;51211;75687;82928;87934
6,10,0.500000,1,351,351,16,259,63520,PASS,1,1,81675;66389;23651;2184;57968;94386;59680;81121;23627;69352
6,16,0.900000,0,483,483,24,391,68000,PASS,1,1,63167;81675;66389;82161;23651;45556;81752;2184;57968;94386
6,24,0.900000,0,542,542,29,450,69780,PASS,1,1,63167;81675;66389;82161;23651;45556;81752;2184;57968;94386
6,32,1.000000,0,662,662,36,570,91999,PASS,1,1,63167;81675;66389;82161;23651;45556;81752;27327;2184;57968
6,48,1.000000,0,838,838,51,746,123770,PASS,1,1,63167;81675;66389;82161;23651;45556;81752;27327;2184;57968
6,64,1.000000,0,965,965,64,873,135749,PASS,1,1,63167;81675;66389;82161;23651;45556;81752;27327;2184;57968
6,96,1.000000,0,1309,1309,96,1217,202199,PASS,1,1,63167;81675;66389;82161;23651;45556;81752;27327;2184;57968
6,128,1.000000,0,1613,1613,128,1521,249849,PASS,1,1,63167;81675;66389;82161;23651;45556;81752;27327;2184;57968
6,192,1.000000,0,2070,2070,192,1978,337440,PASS,1,1,63167;81675;66389;82161;23651;45556;81752;27327;2184;57968
6,256,1.000000,0,2541,2541,258,2449,423459,PASS,1,1,63167;81675;66389;82161;23651;45556;81752;27327;2184;57968
6,384,1.000000,0,3283,3283,384,3191,579929,PASS,1,1,63167;81675;66389;82161;23651;45556;81752;27327;2184;57968
6,512,1.000000,0,3957,3957,512,3865,702148,PASS,1,1,63167;81675;66389;82161;23651;45556;81752;27327;2184;57968
7,10,0.900000,0,349,349,13,232,69429,PASS,1,1,10045;23295;9990;1124;13598;10468;3218;15001;10013;88279
7,16,1.000000,0,379,379,17,262,47720,PASS,1,1,10045;23295;9990;1124;13598;10468;3218;15001;34091;10013
7,24,1.000000,0,490,490,25,373,70680,PASS,1,1,10045;23295;9990;1124;13598;10468;3218;15001;34091;10013
7,32,1.000000,0,616,616,33,499,89939,PASS,1,1,10045;23295;9990;1124;13598;10468;3218;15001;34091;10013
7,48,1.000000,0,823,823,48,706,126290,PASS,1,1,10045;23295;9990;1124;13598;10468;3218;15001;34091;10013
7,64,1.000000,0,1033,1033,64,916,155950,PASS,1,1,10045;23295;9990;1124;13598;10468;3218;15001;34091;10013
7,96,1.000000,0,1374,1374,96,1257,217309,PASS,1,1,10045;23295;9990;1124;13598;10468;3218;15001;34091;10013
7,128,1.000000,0,1667,1667,128,1550,257969,PASS,1,1,10045;23295;9990;1124;13598;10468;3218;15001;34091;10013
7,192,1.000000,0,2267,2267,192,2150,381889,PASS,1,1,10045;23295;9990;1124;13598;10468;3218;15001;34091;10013
7,256,1.000000,0,2827,2827,256,2710,468149,PASS,1,1,10045;23295;9990;1124;13598;10468;3218;15001;34091;10013
7,384,1.000000,0,3687,3687,384,3570,653738,PASS,1,1,10045;23295;9990;1124;13598;10468;3218;15001;34091;10013
7,512,1.000000,0,4476,4476,512,4359,789158,PASS,1,1,10045;23295;9990;1124;13598;10468;3218;15001;34091;10013
8,10,0.800000,1,326,326,14,276,67659,PASS,1,1,14015;42797;15561;68906;44344;87503;84930;92932;31562;3021
8,16,0.800000,1,389,389,18,339,51260,PASS,1,1,14015;42797;15561;68906;44344;87503;84930;92932;31562;99996
8,24,1.000000,0,498,498,26,448,71470,PASS,1,1,14015;42797;18694;15561;68906;44344;87503;17658;84930;92932
8,32,1.000000,0,607,607,34,557,86829,PASS,1,1,14015;42797;18694;15561;68906;44344;87503;17658;84930;92932
8,48,1.000000,0,796,796,49,746,121370,PASS,1,1,14015;42797;18694;15561;68906;44344;87503;17658;84930;92932
8,64,1.000000,0,965,965,65,915,144680,PASS,1,1,14015;42797;18694;15561;68906;44344;87503;17658;84930;92932
8,96,1.000000,0,1299,1299,97,1249,210009,PASS,1,1,14015;42797;18694;15561;68906;44344;87503;17658;84930;92932
8,128,1.000000,0,1570,1570,129,1520,248489,PASS,1,1,14015;42797;18694;15561;68906;44344;87503;17658;84930;92932
8,192,1.000000,0,2129,2129,193,2079,362739,PASS,1,1,14015;42797;18694;15561;68906;44344;87503;17658;84930;92932
8,256,1.000000,0,2671,2671,257,2621,451719,PASS,1,1,14015;42797;18694;15561;68906;44344;87503;17658;84930;92932
8,384,1.000000,0,3603,3603,384,3553,650278,PASS,1,1,14015;42797;18694;15561;68906;44344;87503;17658;84930;92932
8,512,1.000000,0,4481,4481,512,4431,793207,PASS,1,1,14015;42797;18694;15561;68906;44344;87503;17658;84930;92932
9,10,0.700000,1,238,238,11,160,49970,PASS,1,1,98685;98714;98880;98753;98689;99465;22859;23110;43143;55445
9,16,0.800000,1,301,301,16,223,41740,PASS,1,1,98685;98714;93051;98880;98753;98689;99465;22859;23110;43143
9,24,0.800000,1,392,392,24,314,56830,PASS,1,1,98685;98714;93051;98880;98753;98689;99465;22859;23110;43143
9,32,0.900000,0,518,518,32,440,76120,PASS,1,1,98685;98714;93051;98880;98753;98689;99465;22859;74796;23110
9,48,0.900000,0,691,691,48,613,105360,PASS,1,1,98685;98714;93051;98880;98753;98689;99465;22859;74796;23110
9,64,1.000000,0,877,877,64,799,133340,PASS,1,1,98685;98714;93051;98880;98753;98689;99465;19015;22859;74796
9,96,1.000000,0,1248,1248,96,1170,205429,PASS,1,1,98685;98714;93051;98880;98753;98689;99465;19015;22859;74796
9,128,1.000000,0,1595,1595,128,1517,255099,PASS,1,1,98685;98714;93051;98880;98753;98689;99465;19015;22859;74796
9,192,1.000000,0,2196,2196,192,2118,393569,PASS,1,1,98685;98714;93051;98880;98753;98689;99465;19015;22859;74796
9,256,1.000000,0,2692,2692,256,2614,452179,PASS,1,1,98685;98714;93051;98880;98753;98689;99465;19015;22859;74796
9,384,1.000000,0,3653,3653,384,3575,660198,PASS,1,1,98685;98714;93051;98880;98753;98689;99465;19015;22859;74796
9,512,1.000000,0,4536,4536,512,4458,808048,PASS,1,1,98685;98714;93051;98880;98753;98689;99465;19015;22859;74796
10,10,0.800000,1,244,244,11,172,52250,PASS,1,1,10824;70460;65994;11521;5914;96524;43826;6533;8939;53905
10,16,0.800000,1,288,288,16,216,40200,PASS,1,1,10824;70460;65994;11521;5914;96524;43826;6533;8939;53905
10,24,1.000000,0,400,400,24,328,61239,PASS,1,1,10824;70460;65994;11521;5914;96524;98459;43826;77535;6533
10,32,1.000000,0,459,459,32,387,64430,PASS,1,1,10824;70460;65994;11521;5914;96524;98459;43826;77535;6533
10,48,1.000000,0,601,601,48,529,96170,PASS,1,1,10824;70460;65994;11521;5914;96524;98459;43826;77535;6533
10,64,1.000000,0,777,777,64,705,123920,PASS,1,1,10824;70460;65994;11521;5914;96524;98459;43826;77535;6533
10,96,1.000000,0,1159,1159,96,1087,197449,PASS,1,1,10824;70460;65994;11521;5914;96524;98459;43826;77535;6533
10,128,1.000000,0,1405,1405,128,1333,221919,PASS,1,1,10824;70460;65994;11521;5914;96524;98459;43826;77535;6533
10,192,1.000000,0,1935,1935,192,1863,332069,PASS,1,1,10824;70460;65994;11521;5914;96524;98459;43826;77535;6533
10,256,1.000000,0,2418,2418,256,2346,407959,PASS,1,1,10824;70460;65994;11521;5914;96524;98459;43826;77535;6533
10,384,1.000000,0,3353,3353,384,3281,608778,PASS,1,1,10824;70460;65994;11521;5914;96524;98459;43826;77535;6533
10,512,1.000000,0,4296,4296,512,4224,771238,PASS,1,1,10824;70460;65994;11521;5914;96524;98459;43826;77535;6533
11,10,0.900000,0,272,272,11,184,53060,PASS,1,1,5626;82785;21997;21964;82580;21803;79389;59430;5379;83890
11,16,0.900000,0,388,388,17,300,52870,PASS,1,1,5626;82785;21997;21964;82580;21803;79389;59430;5379;83890
11,24,1.000000,0,501,501,25,413,70039,PASS,1,1,5626;82785;21997;21964;82580;21803;79389;59430;95016;5379
11,32,1.000000,0,584,584,32,496,79010,PASS,1,1,5626;82785;21997;21964;82580;21803;79389;59430;95016;5379
11,48,1.000000,0,799,799,48,711,116919,PASS,1,1,5626;82785;21997;21964;82580;21803;79389;59430;95016;5379
11,64,1.000000,0,1016,1016,64,928,145610,PASS,1,1,5626;82785;21997;21964;82580;21803;79389;59430;95016;5379
11,96,1.000000,0,1383,1383,96,1295,211000,PASS,1,1,5626;82785;21997;21964;82580;21803;79389;59430;95016;5379
11,128,1.000000,0,1701,1701,128,1613,260729,PASS,1,1,5626;82785;21997;21964;82580;21803;79389;59430;95016;5379
11,192,1.000000,0,2377,2377,192,2289,390369,PASS,1,1,5626;82785;21997;21964;82580;21803;79389;59430;95016;5379
11,256,1.000000,0,2889,2889,256,2801,467018,PASS,1,1,5626;82785;21997;21964;82580;21803;79389;59430;95016;5379
11,384,1.000000,0,3854,3854,384,3766,668248,PASS,1,1,5626;82785;21997;21964;82580;21803;79389;59430;95016;5379
11,512,1.000000,0,4724,4724,512,4636,816337,PASS,1,1,5626;82785;21997;21964;82580;21803;79389;59430;95016;5379
12,10,0.700000,1,239,239,11,157,50140,PASS,1,1,10174;10376;10030;47089;55629;43666;55660;38259;97616;55543
12,16,0.700000,1,314,314,17,232,45630,PASS,1,1,10174;10376;10030;47089;55629;43666;55660;38259;97616;55543
12,24,0.800000,1,374,374,25,292,53870,PASS,1,1,10174;10376;10030;47089;55629;43666;72539;55660;38259;97616
12,32,0.800000,1,498,498,33,416,74000,PASS,1,1,10174;10376;10030;47089;55629;43666;72539;55660;38259;97616
12,48,0.800000,1,637,637,49,555,96630,PASS,1,1,10174;10376;10030;47089;55629;43666;72539;55660;38259;97616
12,64,0.800000,1,776,776,64,694,116570,PASS,1,1,10174;10376;10030;47089;55629;43666;72539;55660;38259;97616
12,96,1.000000,0,1049,1049,96,967,172229,PASS,1,1,10174;10376;10030;47089;55629;43666;72539;23078;31107;55660
12,128,1.000000,0,1256,1256,128,1174,199529,PASS,1,1,10174;10376;10030;47089;55629;43666;72539;23078;31107;55660
12,192,1.000000,0,1679,1679,192,1597,298209,PASS,1,1,10174;10376;10030;47089;55629;43666;72539;23078;31107;55660
12,256,1.000000,0,2108,2108,256,2026,364249,PASS,1,1,10174;10376;10030;47089;55629;43666;72539;23078;31107;55660
12,384,1.000000,0,2836,2836,384,2754,523738,PASS,1,1,10174;10376;10030;47089;55629;43666;72539;23078;31107;55660
12,512,1.000000,0,3458,3458,512,3376,649778,PASS,1,1,10174;10376;10030;47089;55629;43666;72539;23078;31107;55660
13,10,0.500000,1,345,345,15,284,65209,PASS,1,1,82687;99895;11941;82318;51278;16849;12726;96027;17011;82057
13,16,0.600000,1,466,466,24,405,66780,PASS,1,1,82687;99895;80672;11941;82318;51278;16849;82161;81121;12726
13,24,0.600000,1,547,547,28,486,76920,PASS,1,1,82687;99895;80672;11941;82318;51278;16849;82161;81121;12726
13,32,0.900000,0,742,742,42,681,111219,PASS,1,1,82687;99895;80672;11941;43568;31959;82318;51278;32951;78568
13,48,0.900000,0,872,872,52,811,126800,PASS,1,1,82687;99895;80672;11941;43568;31959;82318;51278;32951;78568
13,64,1.000000,0,1045,1045,67,984,156590,PASS,1,1,82687;99895;80672;11941;43568;79949;31959;82318;51278;32951
13,96,1.000000,0,1406,1406,100,1345,229610,PASS,1,1,82687;99895;80672;11941;43568;79949;31959;82318;51278;32951
13,128,1.000000,0,1731,1731,130,1670,279889,PASS,1,1,82687;99895;80672;11941;43568;79949;31959;82318;51278;32951
13,192,1.000000,0,2263,2263,194,2202,385069,PASS,1,1,82687;99895;80672;11941;43568;79949;31959;82318;51278;32951
13,256,1.000000,0,2751,2751,258,2690,481648,PASS,1,1,82687;99895;80672;11941;43568;79949;31959;82318;51278;32951
13,384,1.000000,0,3569,3569,387,3508,643338,PASS,1,1,82687;99895;80672;11941;43568;79949;31959;82318;51278;32951
13,512,1.000000,0,4338,4338,512,4277,785178,PASS,1,1,82687;99895;80672;11941;43568;79949;31959;82318;51278;32951
14,10,0.800000,1,324,324,13,227,63560,PASS,1,1,86856;43557;84111;80425;50004;43545;21993;45151;50021;45172
14,16,0.800000,1,385,385,17,288,49990,PASS,1,1,86856;43557;84111;80425;50004;43545;21993;45151;50021;45172
14,24,1.000000,0,508,508,26,411,72600,PASS,1,1,84790;86856;43557;84111;80425;50004;43545;21993;45151;91565
14,32,1.000000,0,611,611,33,514,89969,PASS,1,1,84790;86856;43557;84111;80425;50004;43545;21993;45151;91565
14,48,1.000000,0,846,846,49,749,128800,PASS,1,1,84790;86856;43557;84111;80425;50004;43545;21993;45151;91565
14,64,1.000000,0,1030,1030,65,933,148669,PASS,1,1,84790;86856;43557;84111;80425;50004;43545;21993;45151;91565
14,96,1.000000,0,1372,1372,96,1275,216489,PASS,1,1,84790;86856;43557;84111;80425;50004;43545;21993;45151;91565
14,128,1.000000,0,1744,1744,129,1647,267129,PASS,1,1,84790;86856;43557;84111;80425;50004;43545;21993;45151;91565
14,192,1.000000,0,2358,2358,192,2261,387789,PASS,1,1,84790;86856;43557;84111;80425;50004;43545;21993;45151;91565
14,256,1.000000,0,2886,2886,256,2789,467298,PASS,1,1,84790;86856;43557;84111;80425;50004;43545;21993;45151;91565
14,384,1.000000,0,3761,3761,384,3664,649988,PASS,1,1,84790;86856;43557;84111;80425;50004;43545;21993;45151;91565
14,512,1.000000,0,4591,4591,512,4494,792977,PASS,1,1,84790;86856;43557;84111;80425;50004;43545;21993;45151;91565
15,10,0.700000,1,267,267,10,178,55140,PASS,1,1,62824;61711;1871;71282;70963;37465;73452;97368;63986;14874
15,16,1.000000,0,404,404,18,315,59210,PASS,1,1,62824;61711;1871;71282;70963;37465;14863;96278;73452;70889
15,24,1.000000,0,487,487,24,398,65680,PASS,1,1,62824;61711;1871;71282;70963;37465;14863;96278;73452;70889
15,32,1.000000,0,614,614,33,525,86659,PASS,1,1,62824;61711;1871;71282;70963;37465;14863;96278;73452;70889
15,48,1.000000,0,840,840,48,751,126180,PASS,1,1,62824;61711;1871;71282;70963;37465;14863;96278;73452;70889
15,64,1.000000,0,1079,1079,64,990,159060,PASS,1,1,62824;61711;1871;71282;70963;37465;14863;96278;73452;70889
15,96,1.000000,0,1444,1444,96,1355,225489,PASS,1,1,62824;61711;1871;71282;70963;37465;14863;96278;73452;70889
15,128,1.000000,0,1798,1798,128,1709,279300,PASS,1,1,62824;61711;1871;71282;70963;37465;14863;96278;73452;70889
15,192,1.000000,0,2381,2381,192,2292,393249,PASS,1,1,62824;61711;1871;71282;70963;37465;14863;96278;73452;70889
15,256,1.000000,0,3017,3017,256,2928,506088,PASS,1,1,62824;61711;1871;71282;70963;37465;14863;96278;73452;70889
15,384,1.000000,0,4031,4031,384,3942,706878,PASS,1,1,62824;61711;1871;71282;70963;37465;14863;96278;73452;70889
15,512,1.000000,0,5005,5005,512,4916,876847,PASS,1,1,62824;61711;1871;71282;70963;37465;14863;96278;73452;70889
16,10,0.900000,0,209,209,12,145,46880,PASS,1,1,26405;11491;89272;34540;34598;55336;17434;55371;28071;27358
16,16,0.900000,0,285,285,18,221,43219,PASS,1,1,26405;11491;89272;34540;34598;55336;17434;55371;28071;27358
16,24,0.900000,0,369,369,25,305,54720,PASS,1,1,26405;11491;89272;34540;34598;55336;17434;55371;28071;27358
16,32,1.000000,0,548,548,37,484,85750,PASS,1,1,26405;11491;89272;34540;34598;55336;17434;55371;28071;10121
16,48,1.000000,0,698,698,49,634,106649,PASS,1,1,26405;11491;89272;34540;34598;55336;17434;55371;28071;10121
16,64,1.000000,0,878,878,64,814,135470,PASS,1,1,26405;11491;89272;34540;34598;55336;17434;55371;28071;10121
16,96,1.000000,0,1224,1224,96,1160,201920,PASS,1,1,26405;11491;89272;34540;34598;55336;17434;55371;28071;10121
16,128,1.000000,0,1499,1499,128,1435,238339,PASS,1,1,26405;11491;89272;34540;34598;55336;17434;55371;28071;10121
16,192,1.000000,0,2090,2090,192,2026,367059,PASS,1,1,26405;11491;89272;34540;34598;55336;17434;55371;28071;10121
16,256,1.000000,0,2562,2562,256,2498,433699,PASS,1,1,26405;11491;89272;34540;34598;55336;17434;55371;28071;10121
16,384,1.000000,0,3582,3582,384,3518,664789,PASS,1,1,26405;11491;89272;34540;34598;55336;17434;55371;28071;10121
16,512,1.000000,0,4418,4418,512,4354,781238,PASS,1,1,26405;11491;89272;34540;34598;55336;17434;55371;28071;10121
17,10,0.700000,1,250,250,11,174,53860,PASS,1,1,57985;57772;54144;84010;54057;61133;24048;53854;48881;82912
17,16,0.800000,1,336,336,17,260,51449,PASS,1,1,57985;57772;54144;84010;54057;83384;61133;24048;53854;48881
17,24,0.900000,0,434,434,24,358,60840,PASS,1,1,57985;57772;54144;84010;54057;83384;69415;61133;24048;53854
17,32,1.000000,0,569,569,34,493,84400,PASS,1,1,57985;57772;54144;73053;84010;54057;83384;69415;61133;24048
17,48,1.000000,0,736,736,48,660,111769,PASS,1,1,57985;57772;54144;73053;84010;54057;83384;69415;61133;24048
17,64,1.000000,0,891,891,64,815,133280,PASS,1,1,57985;57772;54144;73053;84010;54057;83384;69415;61133;24048
17,96,1.000000,0,1143,1143,96,1067,183830,PASS,1,1,57985;57772;54144;73053;84010;54057;83384;69415;61133;24048
17,128,1.000000,0,1416,1416,128,1340,248040,PASS,1,1,57985;57772;54144;73053;84010;54057;83384;69415;61133;24048
17,192,1.000000,0,1877,1877,192,1801,323209,PASS,1,1,57985;57772;54144;73053;84010;54057;83384;69415;61133;24048
17,256,1.000000,0,2350,2350,257,2274,405439,PASS,1,1,57985;57772;54144;73053;84010;54057;83384;69415;61133;24048
17,384,1.000000,0,3117,3117,384,3041,568238,PASS,1,1,57985;57772;54144;73053;84010;54057;83384;69415;61133;24048
17,512,1.000000,0,3766,3766,512,3690,680588,PASS,1,1,57985;57772;54144;73053;84010;54057;83384;69415;61133;24048
18,10,0.900000,0,236,236,11,166,47220,PASS,1,1,81098;9755;10390;31482;26850;28941;9926;28503;6194;43158
18,16,1.000000,0,302,302,16,232,41820,PASS,1,1,81098;9755;10390;31482;26850;28941;9926;22516;28503;6194
18,24,1.000000,0,394,394,25,324,56109,PASS,1,1,81098;9755;10390;31482;26850;28941;9926;22516;28503;6194
18,32,1.000000,0,447,447,32,377,60120,PASS,1,1,81098;9755;10390;31482;26850;28941;9926;22516;28503;6194
18,48,1.000000,0,529,529,48,459,78050,PASS,1,1,81098;9755;10390;31482;26850;28941;9926;22516;28503;6194
18,64,1.000000,0,629,629,64,559,95959,PASS,1,1,81098;9755;10390;31482;26850;28941;9926;22516;28503;6194
18,96,1.000000,0,832,832,96,762,140540,PASS,1,1,81098;9755;10390;31482;26850;28941;9926;22516;28503;6194
18,128,1.000000,0,1005,1005,128,935,167310,PASS,1,1,81098;9755;10390;31482;26850;28941;9926;22516;28503;6194
18,192,1.000000,0,1325,1325,192,1255,237170,PASS,1,1,81098;9755;10390;31482;26850;28941;9926;22516;28503;6194
18,256,1.000000,0,1702,1702,256,1632,301979,PASS,1,1,81098;9755;10390;31482;26850;28941;9926;22516;28503;6194
18,384,1.000000,0,2480,2480,384,2410,474069,PASS,1,1,81098;9755;10390;31482;26850;28941;9926;22516;28503;6194
18,512,1.000000,0,3232,3232,512,3162,622468,PASS,1,1,81098;9755;10390;31482;26850;28941;9926;22516;28503;6194
19,10,0.400000,1,285,285,12,187,59740,PASS,1,1,37341;70855;93154;97147;71212;82385;62395;18695;93524;82025
19,16,0.400000,1,373,373,18,275,52220,PASS,1,1,37341;70855;93154;97147;71212;82385;62395;18695;93524;88363
19,24,0.500000,1,495,495,26,397,71220,PASS,1,1,70934;37341;70855;93154;97147;71212;82385;62395;18695;93524
19,32,0.500000,1,663,663,37,565,95810,PASS,1,1,70934;37341;70855;93154;97147;71212;82385;62395;18695;93524
19,48,0.500000,1,810,810,48,712,117700,PASS,1,1,70934;37341;70855;93154;97147;71212;82385;62395;18695;93524
19,64,1.000000,0,1026,1026,64,928,153579,PASS,1,1,70934;37341;47993;47442;47484;70855;47780;47859;93154;97147
19,96,1.000000,0,1371,1371,96,1273,218439,PASS,1,1,70934;37341;47993;47442;47484;70855;47780;47859;93154;97147
19,128,1.000000,0,1703,1703,128,1605,268719,PASS,1,1,70934;37341;47993;47442;47484;70855;47780;47859;93154;97147
19,192,1.000000,0,2379,2379,192,2281,406079,PASS,1,1,70934;37341;47993;47442;47484;70855;47780;47859;93154;97147
19,256,1.000000,0,2997,2997,256,2899,503139,PASS,1,1,70934;37341;47993;47442;47484;70855;47780;47859;93154;97147
19,384,1.000000,0,3945,3945,384,3847,704957,PASS,1,1,70934;37341;47993;47442;47484;70855;47780;47859;93154;97147
19,512,1.000000,0,4831,4831,512,4733,848317,PASS,1,1,70934;37341;47993;47442;47484;70855;47780;47859;93154;97147
20,10,1.000000,0,244,244,14,170,55160,PASS,1,1,62478;63282;29394;74555;99695;72545;29006;36607;99352;5310
20,16,1.000000,0,329,329,20,255,49989,PASS,1,1,62478;63282;29394;74555;99695;72545;29006;36607;99352;5310
20,24,1.000000,0,435,435,28,361,65270,PASS,1,1,62478;63282;29394;74555;99695;72545;29006;36607;99352;5310
20,32,1.000000,0,539,539,36,465,78580,PASS,1,1,62478;63282;29394;74555;99695;72545;29006;36607;99352;5310
20,48,1.000000,0,718,718,52,644,110559,PASS,1,1,62478;63282;29394;74555;99695;72545;29006;36607;99352;5310
20,64,1.000000,0,861,861,67,787,127690,PASS,1,1,62478;63282;29394;74555;99695;72545;29006;36607;99352;5310
20,96,1.000000,0,1161,1161,98,1087,191070,PASS,1,1,62478;63282;29394;74555;99695;72545;29006;36607;99352;5310
20,128,1.000000,0,1464,1464,130,1390,239590,PASS,1,1,62478;63282;29394;74555;99695;72545;29006;36607;99352;5310
20,192,1.000000,0,2017,2017,193,1943,350059,PASS,1,1,62478;63282;29394;74555;99695;72545;29006;36607;99352;5310
20,256,1.000000,0,2490,2490,256,2416,422119,PASS,1,1,62478;63282;29394;74555;99695;72545;29006;36607;99352;5310
20,384,1.000000,0,3348,3348,384,3274,612278,PASS,1,1,62478;63282;29394;74555;99695;72545;29006;36607;99352;5310
20,512,1.000000,0,4116,4116,512,4042,765428,PASS,1,1,62478;63282;29394;74555;99695;72545;29006;36607;99352;5310
21,10,0.400000,1,215,215,10,133,44500,PASS,1,1,88195;67633;26281;85601;66273;18855;79551;19235;79244;60544
21,16,0.700000,1,422,422,22,340,68860,PASS,1,1,83767;91902;88195;67633;92825;26281;85601;93141;93482;89689
21,24,0.900000,0,512,512,30,430,70140,PASS,1,1,83767;91902;88195;67633;92825;45426;26281;95974;85601;63589
21,32,0.900000,0,590,590,36,508,81139,PASS,1,1,83767;91902;88195;67633;92825;45426;26281;95974;85601;63589
21,48,1.000000,0,760,760,53,678,117760,PASS,1,1,83767;92693;91902;88195;67633;92825;45426;26281;95974;85601
21,64,1.000000,0,879,879,65,797,132419,PASS,1,1,83767;92693;91902;88195;67633;92825;45426;26281;95974;85601
21,96,1.000000,0,1167,1167,96,1085,196959,PASS,1,1,83767;92693;91902;88195;67633;92825;45426;26281;95974;85601
21,128,1.000000,0,1434,1434,128,1352,236989,PASS,1,1,83767;92693;91902;88195;67633;92825;45426;26281;95974;85601
21,192,1.000000,0,1931,1931,192,1849,336769,PASS,1,1,83767;92693;91902;88195;67633;92825;45426;26281;95974;85601
21,256,1.000000,0,2325,2325,256,2243,396588,PASS,1,1,83767;92693;91902;88195;67633;92825;45426;26281;95974;85601
21,384,1.000000,0,3125,3125,384,3043,572739,PASS,1,1,83767;92693;91902;88195;67633;92825;45426;26281;95974;85601
21,512,1.000000,0,3794,3794,512,3712,681708,PASS,1,1,83767;92693;91902;88195;67633;92825;45426;26281;95974;85601
22,10,0.900000,0,272,272,11,168,55920,PASS,1,1,51885;49190;55886;52033;84784;80729;44053;9069;13475;55501
22,16,1.000000,0,318,318,17,214,43130,PASS,1,1,51885;49190;55886;52033;83513;84784;80729;44053;9069;13475
22,24,1.000000,0,391,391,25,287,57210,PASS,1,1,51885;49190;55886;52033;83513;84784;80729;44053;9069;13475
22,32,1.000000,0,469,469,33,365,67520,PASS,1,1,51885;49190;55886;52033;83513;84784;80729;44053;9069;13475
22,48,1.000000,0,615,615,48,511,95889,PASS,1,1,51885;49190;55886;52033;83513;84784;80729;44053;9069;13475
22,64,1.000000,0,723,723,64,619,109990,PASS,1,1,51885;49190;55886;52033;83513;84784;80729;44053;9069;13475
22,96,1.000000,0,976,976,96,872,164250,PASS,1,1,51885;49190;55886;52033;83513;84784;80729;44053;9069;13475
22,128,1.000000,0,1218,1218,128,1114,216519,PASS,1,1,51885;49190;55886;52033;83513;84784;80729;44053;9069;13475
22,192,1.000000,0,1727,1727,192,1623,304829,PASS,1,1,51885;49190;55886;52033;83513;84784;80729;44053;9069;13475
22,256,1.000000,0,2119,2119,256,2015,359989,PASS,1,1,51885;49190;55886;52033;83513;84784;80729;44053;9069;13475
22,384,1.000000,0,2829,2829,384,2725,517949,PASS,1,1,51885;49190;55886;52033;83513;84784;80729;44053;9069;13475
22,512,1.000000,0,3527,3527,512,3423,639369,PASS,1,1,51885;49190;55886;52033;83513;84784;80729;44053;9069;13475
23,10,0.900000,0,215,215,10,127,42880,PASS,1,1,54123;50637;54010;51075;51910;50710;7463;44927;55552;53841
23,16,1.000000,0,254,254,16,166,33020,PASS,1,1,54123;50637;54010;51075;51910;39066;50710;7463;44927;55552
23,24,1.000000,0,303,303,24,215,41670,PASS,1,1,54123;50637;54010;51075;51910;39066;50710;7463;44927;55552
23,32,1.000000,0,361,361,32,273,58390,PASS,1,1,54123;50637;54010;51075;51910;39066;50710;7463;44927;55552
23,48,1.000000,0,495,495,48,407,75740,PASS,1,1,54123;50637;54010;51075;51910;39066;50710;7463;44927;55552
23,64,1.000000,0,585,585,64,497,88579,PASS,1,1,54123;50637;54010;51075;51910;39066;50710;7463;44927;55552
23,96,1.000000,0,770,770,96,682,126650,PASS,1,1,54123;50637;54010;51075;51910;39066;50710;7463;44927;55552
23,128,1.000000,0,967,967,128,879,158560,PASS,1,1,54123;50637;54010;51075;51910;39066;50710;7463;44927;55552
23,192,1.000000,0,1290,1290,192,1202,224859,PASS,1,1,54123;50637;54010;51075;51910;39066;50710;7463;44927;55552
23,256,1.000000,0,1564,1564,256,1476,273190,PASS,1,1,54123;50637;54010;51075;51910;39066;50710;7463;44927;55552
23,384,1.000000,0,2020,2020,384,1932,382959,PASS,1,1,54123;50637;54010;51075;51910;39066;50710;7463;44927;55552
23,512,1.000000,0,2460,2460,512,2372,474908,PASS,1,1,54123;50637;54010;51075;51910;39066;50710;7463;44927;55552
24,10,0.800000,1,323,323,11,222,66750,PASS,1,1,81326;64438;83074;86123;11955;23069;83222;364;14467;84388
24,16,0.800000,1,423,423,17,322,58699,PASS,1,1,81326;64438;83074;86123;11955;23069;83222;364;14467;84388
24,24,0.800000,1,500,500,24,399,72000,PASS,1,1,81326;64438;83074;86123;11955;23069;83222;364;14467;84388
24,32,1.000000,0,636,636,32,535,117390,PASS,1,1,81326;64438;83074;86123;72990;11955;73206;23069;83222;364
24,48,1.000000,0,861,861,48,760,130260,PASS,1,1,81326;64438;83074;86123;72990;11955;73206;23069;83222;364
24,64,1.000000,0,1060,1060,64,959,156349,PASS,1,1,81326;64438;83074;86123;72990;11955;73206;23069;83222;364
24,96,1.000000,0,1415,1415,96,1314,223289,PASS,1,1,81326;64438;83074;86123;72990;11955;73206;23069;83222;364
24,128,1.000000,0,1756,1756,128,1655,275389,PASS,1,1,81326;64438;83074;86123;72990;11955;73206;23069;83222;364
24,192,1.000000,0,2381,2381,192,2280,400749,PASS,1,1,81326;64438;83074;86123;72990;11955;73206;23069;83222;364
24,256,1.000000,0,2906,2906,256,2805,485139,PASS,1,1,81326;64438;83074;86123;72990;11955;73206;23069;83222;364
24,384,1.000000,0,3924,3924,384,3823,703618,PASS,1,1,81326;64438;83074;86123;72990;11955;73206;23069;83222;364
24,512,1.000000,0,4790,4790,512,4689,835008,PASS,1,1,81326;64438;83074;86123;72990;11955;73206;23069;83222;364
25,10,1.000000,0,192,192,11,88,33069,PASS,1,1,41292;41126;7963;40916;44100;41384;42679;43982;44044;44117
25,16,1.000000,0,240,240,16,136,31880,PASS,1,1,41292;41126;7963;40916;44100;41384;42679;43982;44044;44117
25,24,1.000000,0,313,313,24,209,42640,PASS,1,1,41292;41126;7963;40916;44100;41384;42679;43982;44044;44117
25,32,1.000000,0,349,349,32,245,44960,PASS,1,1,41292;41126;7963;40916;44100;41384;42679;43982;44044;44117
25,48,1.000000,0,443,443,48,339,61029,PASS,1,1,41292;41126;7963;40916;44100;41384;42679;43982;44044;44117
25,64,1.000000,0,501,501,64,397,70550,PASS,1,1,41292;41126;7963;40916;44100;41384;42679;43982;44044;44117
25,96,1.000000,0,630,630,96,526,98680,PASS,1,1,41292;41126;7963;40916;44100;41384;42679;43982;44044;44117
25,128,1.000000,0,772,772,128,668,127720,PASS,1,1,41292;41126;7963;40916;44100;41384;42679;43982;44044;44117
25,192,1.000000,0,956,956,192,852,167719,PASS,1,1,41292;41126;7963;40916;44100;41384;42679;43982;44044;44117
25,256,1.000000,0,1135,1135,256,1031,206409,PASS,1,1,41292;41126;7963;40916;44100;41384;42679;43982;44044;44117
25,384,1.000000,0,1474,1474,384,1370,290619,PASS,1,1,41292;41126;7963;40916;44100;41384;42679;43982;44044;44117
25,512,1.000000,0,1833,1833,512,1729,373359,PASS,1,1,41292;41126;7963;40916;44100;41384;42679;43982;44044;44117
26,10,1.000000,0,207,207,11,126,43060,PASS,1,1,53385;52486;54374;15264;51438;84786;97457;56730;16945;65334
26,16,1.000000,0,278,278,17,197,41049,PASS,1,1,53385;52486;54374;15264;51438;84786;97457;56730;16945;65334
26,24,1.000000,0,364,364,26,283,53540,PASS,1,1,53385;52486;54374;15264;51438;84786;97457;56730;16945;65334
26,32,1.000000,0,438,438,33,357,60020,PASS,1,1,53385;52486;54374;15264;51438;84786;97457;56730;16945;65334
26,48,1.000000,0,604,604,48,523,91859,PASS,1,1,53385;52486;54374;15264;51438;84786;97457;56730;16945;65334
26,64,1.000000,0,743,743,64,662,111470,PASS,1,1,53385;52486;54374;15264;51438;84786;97457;56730;16945;65334
26,96,1.000000,0,1065,1065,96,984,175389,PASS,1,1,53385;52486;54374;15264;51438;84786;97457;56730;16945;65334
26,128,1.000000,0,1335,1335,128,1254,210669,PASS,1,1,53385;52486;54374;15264;51438;84786;97457;56730;16945;65334
26,192,1.000000,0,1932,1932,192,1851,325839,PASS,1,1,53385;52486;54374;15264;51438;84786;97457;56730;16945;65334
26,256,1.000000,0,2436,2436,256,2355,403748,PASS,1,1,53385;52486;54374;15264;51438;84786;97457;56730;16945;65334
26,384,1.000000,0,3423,3423,384,3342,612209,PASS,1,1,53385;52486;54374;15264;51438;84786;97457;56730;16945;65334
26,512,1.000000,0,4271,4271,512,4190,747268,PASS,1,1,53385;52486;54374;15264;51438;84786;97457;56730;16945;65334
27,10,1.000000,0,434,434,20,364,79800,PASS,1,1,80124;36760;80797;70382;72131;93884;36854;72735;72511;84
27,16,1.000000,0,490,490,24,420,61580,PASS,1,1,80124;36760;80797;70382;72131;93884;36854;72735;72511;84
27,24,1.000000,0,511,511,26,441,64529,PASS,1,1,80124;36760;80797;70382;72131;93884;36854;72735;72511;84
27,32,1.000000,0,580,580,32,510,78500,PASS,1,1,80124;36760;80797;70382;72131;93884;36854;72735;72511;84
27,48,1.000000,0,794,794,48,724,122069,PASS,1,1,80124;36760;80797;70382;72131;93884;36854;72735;72511;84
27,64,1.000000,0,983,983,64,913,146880,PASS,1,1,80124;36760;80797;70382;72131;93884;36854;72735;72511;84
27,96,1.000000,0,1382,1382,97,1312,225100,PASS,1,1,80124;36760;80797;70382;72131;93884;36854;72735;72511;84
27,128,1.000000,0,1697,1697,128,1627,264429,PASS,1,1,80124;36760;80797;70382;72131;93884;36854;72735;72511;84
27,192,1.000000,0,2277,2277,192,2207,378248,PASS,1,1,80124;36760;80797;70382;72131;93884;36854;72735;72511;84
27,256,1.000000,0,2781,2781,256,2711,450978,PASS,1,1,80124;36760;80797;70382;72131;93884;36854;72735;72511;84
27,384,1.000000,0,3803,3803,384,3733,666068,PASS,1,1,80124;36760;80797;70382;72131;93884;36854;72735;72511;84
27,512,1.000000,0,4770,4770,512,4700,834008,PASS,1,1,80124;36760;80797;70382;72131;93884;36854;72735;72511;84
28,10,1.000000,0,382,382,13,286,75040,PASS,1,1,36192;14033;36297;76697;121;48071;55038;83600;36346;46831
28,16,1.000000,0,458,458,18,362,60430,PASS,1,1,36192;14033;36297;76697;121;48071;55038;83600;36346;46831
28,24,1.000000,0,550,550,24,454,74290,PASS,1,1,36192;14033;36297;76697;121;48071;55038;83600;36346;46831
28,32,1.000000,0,658,658,32,562,90810,PASS,1,1,36192;14033;36297;76697;121;48071;55038;83600;36346;46831
28,48,1.000000,0,863,863,48,767,128250,PASS,1,1,36192;14033;36297;76697;121;48071;55038;83600;36346;46831
28,64,1.000000,0,1025,1025,64,929,147649,PASS,1,1,36192;14033;36297;76697;121;48071;55038;83600;36346;46831
28,96,1.000000,0,1335,1335,96,1239,204999,PASS,1,1,36192;14033;36297;76697;121;48071;55038;83600;36346;46831
28,128,1.000000,0,1600,1600,128,1504,242989,PASS,1,1,36192;14033;36297;76697;121;48071;55038;83600;36346;46831
28,192,1.000000,0,2126,2126,192,2030,350289,PASS,1,1,36192;14033;36297;76697;121;48071;55038;83600;36346;46831
28,256,1.000000,0,2556,2556,256,2460,438298,PASS,1,1,36192;14033;36297;76697;121;48071;55038;83600;36346;46831
28,384,1.000000,0,3316,3316,384,3220,580709,PASS,1,1,36192;14033;36297;76697;121;48071;55038;83600;36346;46831
28,512,1.000000,0,4009,4009,512,3913,697208,PASS,1,1,36192;14033;36297;76697;121;48071;55038;83600;36346;46831
29,10,0.600000,1,337,337,14,253,58889,PASS,1,1,85273;73681;15789;75954;3249;3298;13019;61053;61900;67744
29,16,0.900000,0,465,465,20,381,60190,PASS,1,1,85273;73681;15789;94625;60824;75954;69485;3249;3298;13019
29,24,0.900000,0,591,591,26,507,78420,PASS,1,1,85273;73681;15789;94625;60824;75954;69485;3249;3298;15145
29,32,0.900000,0,705,705,33,621,90599,PASS,1,1,85273;73681;15789;94625;60824;75954;69485;3249;3298;15145
29,48,1.000000,0,1007,1007,52,923,155240,PASS,1,1,85273;73681;15789;94625;60824;75954;69485;3249;3298;17862
29,64,1.000000,0,1167,1167,66,1083,162600,PASS,1,1,85273;73681;15789;94625;60824;75954;69485;3249;3298;17862
29,96,1.000000,0,1518,1518,98,1434,227800,PASS,1,1,85273;73681;15789;94625;60824;75954;69485;3249;3298;17862
29,128,1.000000,0,1846,1846,129,1762,275489,PASS,1,1,85273;73681;15789;94625;60824;75954;69485;3249;3298;17862
29,192,1.000000,0,2509,2509,193,2425,394679,PASS,1,1,85273;73681;15789;94625;60824;75954;69485;3249;3298;17862
29,256,1.000000,0,3089,3089,257,3005,486239,PASS,1,1,85273;73681;15789;94625;60824;75954;69485;3249;3298;17862
29,384,1.000000,0,4189,4189,384,4105,708038,PASS,1,1,85273;73681;15789;94625;60824;75954;69485;3249;3298;17862
29,512,1.000000,0,5092,5092,512,5008,855408,PASS,1,1,85273;73681;15789;94625;60824;75954;69485;3249;3298;17862
30,10,0.800000,1,401,401,18,322,75830,PASS,1,1,41479;45339;97645;71188;56846;65717;77756;41621;71715;57961
30,16,1.000000,0,455,455,22,376,56709,PASS,1,1,41479;36105;45339;97645;71188;36089;56846;65717;77756;41621
30,24,1.000000,0,502,502,25,423,65140,PASS,1,1,41479;36105;45339;97645;71188;36089;56846;65717;77756;41621
30,32,1.000000,0,634,634,33,555,88410,PASS,1,1,41479;36105;45339;97645;71188;36089;56846;65717;77756;41621
30,48,1.000000,0,869,869,49,790,129580,PASS,1,1,41479;36105;45339;97645;71188;36089;56846;65717;77756;41621
30,64,1.000000,0,1065,1065,65,986,156469,PASS,1,1,41479;36105;45339;97645;71188;36089;56846;65717;77756;41621
30,96,1.000000,0,1378,1378,97,1299,210009,PASS,1,1,41479;36105;45339;97645;71188;36089;56846;65717;77756;41621
30,128,1.000000,0,1672,1672,128,1593,261739,PASS,1,1,41479;36105;45339;97645;71188;36089;56846;65717;77756;41621
30,192,1.000000,0,2309,2309,192,2230,382149,PASS,1,1,41479;36105;45339;97645;71188;36089;56846;65717;77756;41621
30,256,1.000000,0,2902,2902,256,2823,471809,PASS,1,1,41479;36105;45339;97645;71188;36089;56846;65717;77756;41621
30,384,1.000000,0,3961,3961,384,3882,686568,PASS,1,1,41479;36105;45339;97645;71188;36089;56846;65717;77756;41621
30,512,1.000000,0,4831,4831,513,4752,828038,PASS,1,1,41479;36105;45339;97645;71188;36089;56846;65717;77756;41621
31,10,1.000000,0,324,324,13,261,57269,PASS,1,1,7129;88791;20949;70885;20838;91684;80501;14160;70399;36502
31,16,1.000000,0,362,362,18,299,45060,PASS,1,1,7129;88791;20949;70885;20838;91684;80501;14160;70399;36502
31,24,1.000000,0,496,496,26,433,68720,PASS,1,1,7129;88791;20949;70885;20838;91684;80501;14160;70399;36502
31,32,1.000000,0,618,618,33,555,84459,PASS,1,1,7129;88791;20949;70885;20838;91684;80501;14160;70399;36502
31,48,1.000000,0,814,814,49,751,118170,PASS,1,1,7129;88791;20949;70885;20838;91684;80501;14160;70399;36502
31,64,1.000000,0,973,973,65,910,138770,PASS,1,1,7129;88791;20949;70885;20838;91684;80501;14160;70399;36502
31,96,1.000000,0,1338,1338,97,1275,203689,PASS,1,1,7129;88791;20949;70885;20838;91684;80501;14160;70399;36502
31,128,1.000000,0,1668,1668,129,1605,253640,PASS,1,1,7129;88791;20949;70885;20838;91684;80501;14160;70399;36502
31,192,1.000000,0,2246,2246,192,2183,361399,PASS,1,1,7129;88791;20949;70885;20838;91684;80501;14160;70399;36502
31,256,1.000000,0,2865,2865,256,2802,460489,PASS,1,1,7129;88791;20949;70885;20838;91684;80501;14160;70399;36502
31,384,1.000000,0,3886,3886,384,3823,659449,PASS,1,1,7129;88791;20949;70885;20838;91684;80501;14160;70399;36502
31,512,1.000000,0,4670,4670,512,4607,792478,PASS,1,1,7129;88791;20949;70885;20838;91684;80501;14160;70399;36502
32,10,0.700000,1,272,272,11,214,53820,PASS,1,1,78797;67567;42457;61200;67952;16289;60878;98105;33670;92520
32,16,0.800000,1,386,386,17,328,52200,PASS,1,1,78797;67567;42457;61200;67952;67898;16289;60878;98105;33670
32,24,0.900000,0,515,515,26,457,69890,PASS,1,1,78797;67567;42457;61200;67952;67898;16289;60878;97588;98105
32,32,0.900000,0,616,616,33,558,81320,PASS,1,1,78797;67567;42457;61200;67952;67898;16289;60878;97588;98105
32,48,1.000000,0,816,816,48,758,116580,PASS,1,1,78797;67567;88199;42457;61200;67952;67898;16289;60878;97588
32,64,1.000000,0,992,992,64,934,140649,PASS,1,1,78797;67567;88199;42457;61200;67952;67898;16289;60878;97588
32,96,1.000000,0,1335,1335,96,1277,211089,PASS,1,1,78797;67567;88199;42457;61200;67952;67898;16289;60878;97588
32,128,1.000000,0,1651,1651,128,1593,251069,PASS,1,1,78797;67567;88199;42457;61200;67952;67898;16289;60878;97588
32,192,1.000000,0,2305,2305,192,2247,378379,PASS,1,1,78797;67567;88199;42457;61200;67952;67898;16289;60878;97588
32,256,1.000000,0,2903,2903,256,2845,468809,PASS,1,1,78797;67567;88199;42457;61200;67952;67898;16289;60878;97588
32,384,1.000000,0,3982,3982,384,3924,691478,PASS,1,1,78797;67567;88199;42457;61200;67952;67898;16289;60878;97588
32,512,1.000000,0,4847,4847,513,4789,849547,PASS,1,1,78797;67567;88199;42457;61200;67952;67898;16289;60878;97588
33,10,1.000000,0,181,181,13,132,37720,PASS,1,1,24962;9496;27929;25075;25101;29300;40730;40674;29587;25255
33,16,1.000000,0,270,270,19,221,41360,PASS,1,1,24962;9496;27929;25075;25101;29300;40730;40674;29587;25255
33,24,1.000000,0,352,352,27,303,51440,PASS,1,1,24962;9496;27929;25075;25101;29300;40730;40674;29587;25255
33,32,1.000000,0,453,453,35,404,67569,PASS,1,1,24962;9496;27929;25075;25101;29300;40730;40674;29587;25255
33,48,1.000000,0,597,597,52,548,92250,PASS,1,1,24962;9496;27929;25075;25101;29300;40730;40674;29587;25255
33,64,1.000000,0,719,719,67,670,108280,PASS,1,1,24962;9496;27929;25075;25101;29300;40730;40674;29587;25255
33,96,1.000000,0,980,980,99,931,158420,PASS,1,1,24962;9496;27929;25075;25101;29300;40730;40674;29587;25255
33,128,1.000000,0,1208,1208,130,1159,193460,PASS,1,1,24962;9496;27929;25075;25101;29300;40730;40674;29587;25255
33,192,1.000000,0,1652,1652,192,1603,280580,PASS,1,1,24962;9496;27929;25075;25101;29300;40730;40674;29587;25255
33,256,1.000000,0,2076,2076,256,2027,351599,PASS,1,1,24962;9496;27929;25075;25101;29300;40730;40674;29587;25255
33,384,1.000000,0,2849,2849,384,2800,515169,PASS,1,1,24962;9496;27929;25075;25101;29300;40730;40674;29587;25255
33,512,1.000000,0,3515,3515,512,3466,629179,PASS,1,1,24962;9496;27929;25075;25101;29300;40730;40674;29587;25255
34,10,0.700000,1,347,347,13,265,73030,PASS,1,1,84625;78679;75219;31143;73013;13214;64706;69386;73800;97070
34,16,0.700000,1,400,400,17,318,52339,PASS,1,1,84625;78679;75219;31143;73013;13214;64706;69386;73800;97070
34,24,0.800000,1,530,530,25,448,75790,PASS,1,1,84625;78679;75219;31143;71687;73013;13214;64706;69386;73800
34,32,0.800000,1,663,663,33,581,93600,PASS,1,1,84625;78679;75219;31143;71687;73013;13214;64706;18707;69386
34,48,1.000000,0,880,880,49,798,132120,PASS,1,1,84625;78679;63104;64536;75219;31143;71687;73013;13214;64706
34,64,1.000000,0,1073,1073,64,991,159059,PASS,1,1,84625;78679;63104;64536;75219;31143;71687;73013;13214;64706
34,96,1.000000,0,1498,1498,96,1416,242279,PASS,1,1,84625;78679;63104;64536;75219;31143;71687;73013;13214;64706
34,128,1.000000,0,1878,1878,129,1796,321419,PASS,1,1,84625;78679;63104;64536;75219;31143;71687;73013;13214;64706
34,192,1.000000,0,2503,2503,192,2421,424039,PASS,1,1,84625;78679;63104;64536;75219;31143;71687;73013;13214;64706
34,256,1.000000,0,3070,3070,256,2988,509708,PASS,1,1,84625;78679;63104;64536;75219;31143;71687;73013;13214;64706
34,384,1.000000,0,4171,4171,384,4089,745368,PASS,1,1,84625;78679;63104;64536;75219;31143;71687;73013;13214;64706
34,512,1.000000,0,5186,5186,512,5104,911097,PASS,1,1,84625;78679;63104;64536;75219;31143;71687;73013;13214;64706
35,10,0.200000,1,274,274,10,206,55010,PASS,1,1,64549;15915;70852;63924;71161;13819;18089;72883;66943;13878
35,16,0.400000,1,412,412,19,344,60909,PASS,1,1,9597;9625;64549;15915;70852;63924;11188;71161;13819;10522
35,24,0.600000,1,608,608,30,540,89530,PASS,1,1,9597;42208;42143;9625;64549;15915;3974;70852;63924;11188
35,32,0.600000,1,639,639,32,571,80770,PASS,1,1,9597;42208;42143;9625;64549;15915;3974;70852;63924;11188
35,48,0.600000,1,887,887,48,819,133470,PASS,1,1,9597;42208;42143;9625;64549;15915;3974;70852;63924;11188
35,64,0.600000,1,1124,1124,66,1056,163189,PASS,1,1,9597;42208;42143;9625;64549;15915;3974;70852;63924;11188
35,96,0.900000,0,1550,1550,96,1482,246669,PASS,1,1,9597;42208;42143;9625;17774;64549;76275;15915;2627;3974
35,128,1.000000,0,2015,2015,128,1947,316259,PASS,1,1,9597;42208;42143;9625;17774;34656;64549;76275;15915;2627
35,192,1.000000,0,2733,2733,192,2665,452159,PASS,1,1,9597;42208;42143;9625;17774;34656;64549;76275;15915;2627
35,256,1.000000,0,3558,3558,258,3490,588868,PASS,1,1,9597;42208;42143;9625;17774;34656;64549;76275;15915;2627
35,384,1.000000,0,4933,4933,384,4865,855768,PASS,1,1,9597;42208;42143;9625;17774;34656;64549;76275;15915;2627
35,512,1.000000,0,6150,6150,512,6082,1054837,PASS,1,1,9597;42208;42143;9625;17774;34656;64549;76275;15915;2627
36,10,0.300000,1,285,285,11,202,57070,PASS,1,1,71223;60830;95775;91545;33299;13263;21528;15794;12454;365
36,16,0.600000,1,374,374,17,291,52040,PASS,1,1,71223;93062;60830;86314;95775;61667;92369;91545;33299;13263
36,24,0.800000,1,499,499,25,416,71990,PASS,1,1,71223;93062;56987;60830;86314;56938;95775;61667;92369;57351
36,32,1.000000,0,628,628,33,545,90600,PASS,1,1,71223;93062;32961;33897;56987;60830;86314;56938;95775;61667
36,48,1.000000,0,865,865,49,782,136569,PASS,1,1,71223;93062;32961;33897;56987;60830;86314;56938;95775;61667
36,64,1.000000,0,1044,1044,65,961,155359,PASS,1,1,71223;93062;32961;33897;56987;60830;86314;56938;95775;61667
36,96,1.000000,0,1412,1412,96,1329,239539,PASS,1,1,71223;93062;32961;33897;56987;60830;86314;56938;95775;61667
36,128,1.000000,0,1780,1780,128,1697,281509,PASS,1,1,71223;93062;32961;33897;56987;60830;86314;56938;95775;61667
36,192,1.000000,0,2454,2454,192,2371,415489,PASS,1,1,71223;93062;32961;33897;56987;60830;86314;56938;95775;61667
36,256,1.000000,0,3027,3027,256,2944,519319,PASS,1,1,71223;93062;32961;33897;56987;60830;86314;56938;95775;61667
36,384,1.000000,0,4046,4046,384,3963,718558,PASS,1,1,71223;93062;32961;33897;56987;60830;86314;56938;95775;61667
36,512,1.000000,0,4881,4881,512,4798,857977,PASS,1,1,71223;93062;32961;33897;56987;60830;86314;56938;95775;61667
37,10,0.600000,1,259,259,11,178,53160,PASS,1,1,16402;16438;14952;12967;12876;96640;14770;3012;4008;71975
37,16,0.700000,1,377,377,20,296,55880,PASS,1,1,16402;16438;14952;12967;18803;12876;96640;14770;3012;4008
37,24,0.800000,1,476,476,25,395,65599,PASS,1,1,16402;16438;14952;12967;85243;18803;12876;96640;14770;3012
37,32,0.800000,1,614,614,33,533,85890,PASS,1,1,16402;16438;14952;12967;85243;18803;12876;96640;14770;3012
37,48,0.800000,1,880,880,50,799,133509,PASS,1,1,16402;16438;14952;12967;85243;18803;12876;96640;14770;3012
37,64,0.800000,1,1091,1091,65,1010,157660,PASS,1,1,16402;16438;14952;12967;85243;18803;12876;96640;14770;3012
37,96,1.000000,0,1483,1483,96,1402,234950,PASS,1,1,16402;16438;14952;12967;85243;18803;63943;63445;12876;96640
37,128,1.000000,0,1842,1842,128,1761,282979,PASS,1,1,16402;16438;14952;12967;85243;18803;63943;63445;12876;96640
37,192,1.000000,0,2540,2540,192,2459,420039,PASS,1,1,16402;16438;14952;12967;85243;18803;63943;63445;12876;96640
37,256,1.000000,0,3069,3069,256,2988,493698,PASS,1,1,16402;16438;14952;12967;85243;18803;63943;63445;12876;96640
37,384,1.000000,0,4098,4098,384,4017,728408,PASS,1,1,16402;16438;14952;12967;85243;18803;63943;63445;12876;96640
37,512,1.000000,0,4980,4980,512,4899,856968,PASS,1,1,16402;16438;14952;12967;85243;18803;63943;63445;12876;96640
38,10,0.900000,0,274,274,13,192,56170,PASS,1,1,86255;10105;62485;98997;82481;86619;16862;43694;83284;82710
38,16,1.000000,0,326,326,17,244,45099,PASS,1,1,86255;10105;62485;98997;82481;86619;16862;44454;43694;83284
38,24,1.000000,0,378,378,24,296,54200,PASS,1,1,86255;10105;62485;98997;82481;86619;16862;44454;43694;83284
38,32,1.000000,0,474,474,32,392,71400,PASS,1,1,86255;10105;62485;98997;82481;86619;16862;44454;43694;83284
38,48,1.000000,0,640,640,48,558,102269,PASS,1,1,86255;10105;62485;98997;82481;86619;16862;44454;43694;83284
38,64,1.000000,0,782,782,64,700,120420,PASS,1,1,86255;10105;62485;98997;82481;86619;16862;44454;43694;83284
38,96,1.000000,0,1075,1075,96,993,176280,PASS,1,1,86255;10105;62485;98997;82481;86619;16862;44454;43694;83284
38,128,1.000000,0,1374,1374,128,1292,243299,PASS,1,1,86255;10105;62485;98997;82481;86619;16862;44454;43694;83284
38,192,1.000000,0,1854,1854,192,1772,315729,PASS,1,1,86255;10105;62485;98997;82481;86619;16862;44454;43694;83284
38,256,1.000000,0,2325,2325,256,2243,389999,PASS,1,1,86255;10105;62485;98997;82481;86619;16862;44454;43694;83284
38,384,1.000000,0,3116,3116,384,3034,566398,PASS,1,1,86255;10105;62485;98997;82481;86619;16862;44454;43694;83284
38,512,1.000000,0,3740,3740,512,3658,670888,PASS,1,1,86255;10105;62485;98997;82481;86619;16862;44454;43694;83284
39,10,0.600000,1,365,365,17,304,79680,PASS,1,1,71553;70890;73732;1247;2062;20108;75961;31427;30443;30429
39,16,1.000000,0,465,465,23,404,66509,PASS,1,1,87110;90268;71553;95591;70890;73732;1247;2062;20108;95629
39,24,1.000000,0,509,509,26,448,69290,PASS,1,1,87110;90268;71553;95591;70890;73732;1247;2062;20108;95629
39,32,1.000000,0,624,624,34,563,91730,PASS,1,1,87110;90268;71553;95591;70890;73732;1247;2062;20108;95629
39,48,1.000000,0,847,847,50,786,135550,PASS,1,1,87110;90268;71553;95591;70890;73732;1247;2062;20108;95629
39,64,1.000000,0,1081,1081,66,1020,166769,PASS,1,1,87110;90268;71553;95591;70890;73732;1247;2062;20108;95629
39,96,1.000000,0,1470,1470,97,1409,238389,PASS,1,1,87110;90268;71553;95591;70890;73732;1247;2062;20108;95629
39,128,1.000000,0,1820,1820,129,1759,287550,PASS,1,1,87110;90268;71553;95591;70890;73732;1247;2062;20108;95629
39,192,1.000000,0,2524,2524,193,2463,428199,PASS,1,1,87110;90268;71553;95591;70890;73732;1247;2062;20108;95629
39,256,1.000000,0,3121,3121,257,3060,520649,PASS,1,1,87110;90268;71553;95591;70890;73732;1247;2062;20108;95629
39,384,1.000000,0,4241,4241,384,4180,756627,PASS,1,1,87110;90268;71553;95591;70890;73732;1247;2062;20108;95629
39,512,1.000000,0,5363,5363,512,5302,954627,PASS,1,1,87110;90268;71553;95591;70890;73732;1247;2062;20108;95629
40,10,0.800000,1,254,254,10,164,50319,PASS,1,1,8962;9272;58391;49167;58398;9295;39360;37448;38586;39299
40,16,0.900000,0,298,298,16,208,39190,PASS,1,1,8962;9272;58391;8668;49167;58398;9295;39360;37448;38586
40,24,1.000000,0,369,369,24,279,52590,PASS,1,1,8962;9272;58391;8668;49167;58398;9295;39360;39317;37448
40,32,1.000000,0,427,427,32,337,60640,PASS,1,1,8962;9272;58391;8668;49167;58398;9295;39360;39317;37448
40,48,1.000000,0,520,520,48,430,79919,PASS,1,1,8962;9272;58391;8668;49167;58398;9295;39360;39317;37448
40,64,1.000000,0,631,631,64,541,98940,PASS,1,1,8962;9272;58391;8668;49167;58398;9295;39360;39317;37448
40,96,1.000000,0,821,821,96,731,139179,PASS,1,1,8962;9272;58391;8668;49167;58398;9295;39360;39317;37448
40,128,1.000000,0,1000,1000,128,910,166589,PASS,1,1,8962;9272;58391;8668;49167;58398;9295;39360;39317;37448
40,192,1.000000,0,1359,1359,192,1269,247269,PASS,1,1,8962;9272;58391;8668;49167;58398;9295;39360;39317;37448
40,256,1.000000,0,1731,1731,256,1641,307299,PASS,1,1,8962;9272;58391;8668;49167;58398;9295;39360;39317;37448
40,384,1.000000,0,2307,2307,384,2217,437319,PASS,1,1,8962;9272;58391;8668;49167;58398;9295;39360;39317;37448
40,512,1.000000,0,2844,2844,512,2754,533829,PASS,1,1,8962;9272;58391;8668;49167;58398;9295;39360;39317;37448
41,10,0.800000,1,283,283,11,210,55620,PASS,1,1,89713;90694;82083;97318;92279;79203;97298;86390;91243;60946
41,16,0.900000,0,387,387,17,314,56170,PASS,1,1,89713;90694;82083;92576;97318;92279;79203;97298;86390;88289
41,24,1.000000,0,507,507,26,434,73810,PASS,1,1,89713;90694;82083;92576;97318;68003;92279;79203;97298;86390
41,32,1.000000,0,601,601,32,528,82920,PASS,1,1,89713;90694;82083;92576;97318;68003;92279;79203;97298;86390
41,48,1.000000,0,795,795,48,722,124720,PASS,1,1,89713;90694;82083;92576;97318;68003;92279;79203;97298;86390
41,64,1.000000,0,1048,1048,65,975,158900,PASS,1,1,89713;90694;82083;92576;97318;68003;92279;79203;97298;86390
41,96,1.000000,0,1437,1437,96,1364,225870,PASS,1,1,89713;90694;82083;92576;97318;68003;92279;79203;97298;86390
41,128,1.000000,0,1796,1796,128,1723,275699,PASS,1,1,89713;90694;82083;92576;97318;68003;92279;79203;97298;86390
41,192,1.000000,0,2502,2502,192,2429,412799,PASS,1,1,89713;90694;82083;92576;97318;68003;92279;79203;97298;86390
41,256,1.000000,0,3187,3187,257,3114,529208,PASS,1,1,89713;90694;82083;92576;97318;68003;92279;79203;97298;86390
41,384,1.000000,0,4368,4368,384,4295,766788,PASS,1,1,89713;90694;82083;92576;97318;68003;92279;79203;97298;86390
41,512,1.000000,0,5442,5442,512,5369,932957,PASS,1,1,89713;90694;82083;92576;97318;68003;92279;79203;97298;86390
42,10,0.600000,1,339,339,12,225,63260,PASS,1,1,32679;32824;30725;31029;34780;34252;34463;32019;30989;31533
42,16,0.700000,1,434,434,17,320,58180,PASS,1,1,32679;32824;30725;31029;34780;96707;34252;34463;32019;30989
42,24,0.800000,1,550,550,24,436,71060,PASS,1,1,32679;32824;30725;31029;34780;96707;37225;34252;34463;32019
42,32,1.000000,0,655,655,32,541,85340,PASS,1,1,32679;32824;64054;30725;31029;64501;34780;96707;37225;34252
42,48,1.000000,0,842,842,48,728,118539,PASS,1,1,32679;32824;64054;30725;31029;64501;34780;96707;37225;34252
42,64,1.000000,0,1134,1134,66,1020,164120,PASS,1,1,32679;32824;64054;30725;31029;64501;34780;96707;37225;34252
42,96,1.000000,0,1540,1540,96,1426,231729,PASS,1,1,32679;32824;64054;30725;31029;64501;34780;96707;37225;34252
42,128,1.000000,0,1930,1930,128,1816,287629,PASS,1,1,32679;32824;64054;30725;31029;64501;34780;96707;37225;34252
42,192,1.000000,0,2576,2576,192,2462,419099,PASS,1,1,32679;32824;64054;30725;31029;64501;34780;96707;37225;34252
42,256,1.000000,0,3162,3162,256,3048,511838,PASS,1,1,32679;32824;64054;30725;31029;64501;34780;96707;37225;34252
42,384,1.000000,0,4236,4236,384,4122,728748,PASS,1,1,32679;32824;64054;30725;31029;64501;34780;96707;37225;34252
42,512,1.000000,0,5192,5192,513,5078,903597,PASS,1,1,32679;32824;64054;30725;31029;64501;34780;96707;37225;34252
43,10,1.000000,0,275,275,12,190,56350,PASS,1,1,24469;58934;7690;68794;6161;22195;31667;22129;45067;44893
43,16,1.000000,0,355,355,19,270,51170,PASS,1,1,24469;58934;7690;68794;6161;22195;31667;22129;45067;44893
43,24,1.000000,0,431,431,26,346,61870,PASS,1,1,24469;58934;7690;68794;6161;22195;31667;22129;45067;44893
43,32,1.000000,0,501,501,33,416,70000,PASS,1,1,24469;58934;7690;68794;6161;22195;31667;22129;45067;44893
43,48,1.000000,0,626,626,50,541,95180,PASS,1,1,24469;58934;7690;68794;6161;22195;31667;22129;45067;44893
43,64,1.000000,0,779,779,65,694,119350,PASS,1,1,24469;58934;7690;68794;6161;22195;31667;22129;45067;44893
43,96,1.000000,0,958,958,96,873,152779,PASS,1,1,24469;58934;7690;68794;6161;22195;31667;22129;45067;44893
43,128,1.000000,0,1207,1207,128,1122,195019,PASS,1,1,24469;58934;7690;68794;6161;22195;31667;22129;45067;44893
43,192,1.000000,0,1623,1623,192,1538,282549,PASS,1,1,24469;58934;7690;68794;6161;22195;31667;22129;45067;44893
43,256,1.000000,0,2033,2033,256,1948,353719,PASS,1,1,24469;58934;7690;68794;6161;22195;31667;22129;45067;44893
43,384,1.000000,0,2763,2763,384,2678,503568,PASS,1,1,24469;58934;7690;68794;6161;22195;31667;22129;45067;44893
43,512,1.000000,0,3403,3403,512,3318,620868,PASS,1,1,24469;58934;7690;68794;6161;22195;31667;22129;45067;44893
44,10,0.700000,1,269,269,10,207,57730,PASS,1,1,10325;81763;14526;81787;55885;62026;76374;99291;3825;9759
44,16,0.700000,1,380,380,16,318,56630,PASS,1,1,10325;81763;14526;81787;55885;62026;76374;99291;3825;9759
44,24,0.700000,1,540,540,24,478,79839,PASS,1,1,10325;81763;14526;81787;55885;62026;76374;99291;3825;9759
44,32,0.700000,1,641,641,32,579,92050,PASS,1,1,10325;81763;14526;81787;55885;62026;76374;69405;99291;3825
44,48,0.800000,1,884,884,49,822,135659,PASS,1,1,10325;64148;81763;14526;81787;55885;62026;76374;69405;996
44,64,0.800000,1,1103,1103,64,1041,163339,PASS,1,1,10325;64148;81763;14526;81787;55885;62026;76374;69405;996
44,96,0.900000,0,1511,1511,96,1449,242019,PASS,1,1,10325;64148;81763;14526;81787;55885;62026;76374;41837;3426
44,128,1.000000,0,1856,1856,128,1794,307079,PASS,1,1,10325;64148;81763;14526;81787;55885;62026;76374;41837;4456
44,192,1.000000,0,2500,2500,192,2438,421829,PASS,1,1,10325;64148;81763;14526;81787;55885;62026;76374;41837;4456
44,256,1.000000,0,3127,3127,256,3065,522138,PASS,1,1,10325;64148;81763;14526;81787;55885;62026;76374;41837;4456
44,384,1.000000,0,4185,4185,384,4123,736988,PASS,1,1,10325;64148;81763;14526;81787;55885;62026;76374;41837;4456
44,512,1.000000,0,5076,5076,512,5014,889788,PASS,1,1,10325;64148;81763;14526;81787;55885;62026;76374;41837;4456
45,10,0.500000,1,355,355,14,271,66720,PASS,1,1,22299;8775;22527;20183;7986;23217;19834;2117;22973;97715
45,16,0.700000,1,475,475,21,391,65170,PASS,1,1,22299;8775;22527;20183;60081;93357;7986;72182;23217;19834
45,24,0.900000,0,689,689,33,605,92130,PASS,1,1,22299;8775;88331;22527;20183;60081;93357;85719;7986;72182
45,32,0.900000,0,706,706,35,622,89469,PASS,1,1,22299;8775;88331;22527;20183;60081;93357;85719;7986;72182
45,48,1.000000,0,912,912,50,828,128810,PASS,1,1,9526;22299;8775;88331;22527;20183;60081;93357;85719;7986
45,64,1.000000,0,1128,1128,66,1044,161930,PASS,1,1,9526;22299;8775;88331;22527;20183;60081;93357;85719;7986
45,96,1.000000,0,1489,1489,98,1405,222790,PASS,1,1,9526;22299;8775;88331;22527;20183;60081;93357;85719;7986
45,128,1.000000,0,1757,1757,130,1673,267960,PASS,1,1,9526;22299;8775;88331;22527;20183;60081;93357;85719;7986
45,192,1.000000,0,2367,2367,194,2283,384029,PASS,1,1,9526;22299;8775;88331;22527;20183;60081;93357;85719;7986
45,256,1.000000,0,2841,2841,257,2757,460598,PASS,1,1,9526;22299;8775;88331;22527;20183;60081;93357;85719;7986
45,384,1.000000,0,3790,3790,385,3706,649388,PASS,1,1,9526;22299;8775;88331;22527;20183;60081;93357;85719;7986
45,512,1.000000,0,4531,4531,512,4447,773918,PASS,1,1,9526;22299;8775;88331;22527;20183;60081;93357;85719;7986
46,10,0.900000,0,250,250,11,178,73110,PASS,1,1,8813;21068;21210;9037;36415;21002;20936;60453;69359;61610
46,16,0.900000,0,344,344,17,272,49810,PASS,1,1,8813;21068;21210;9037;36415;21002;20936;60453;69359;61610
46,24,1.000000,0,463,463,25,391,67200,PASS,1,1,8813;21068;21210;9037;36415;21002;20936;60453;69359;93484
46,32,1.000000,0,586,586,33,514,84080,PASS,1,1,8813;21068;21210;9037;36415;21002;20936;60453;69359;93484
46,48,1.000000,0,754,754,48,682,111129,PASS,1,1,8813;21068;21210;9037;36415;21002;20936;60453;69359;93484
46,64,1.000000,0,966,966,64,894,144950,PASS,1,1,8813;21068;21210;9037;36415;21002;20936;60453;69359;93484
46,96,1.000000,0,1322,1322,96,1250,210820,PASS,1,1,8813;21068;21210;9037;36415;21002;20936;60453;69359;93484
46,128,1.000000,0,1641,1641,128,1569,254710,PASS,1,1,8813;21068;21210;9037;36415;21002;20936;60453;69359;93484
46,192,1.000000,0,2224,2224,192,2152,367099,PASS,1,1,8813;21068;21210;9037;36415;21002;20936;60453;69359;93484
46,256,1.000000,0,2793,2793,256,2721,464719,PASS,1,1,8813;21068;21210;9037;36415;21002;20936;60453;69359;93484
46,384,1.000000,0,3688,3688,384,3616,647218,PASS,1,1,8813;21068;21210;9037;36415;21002;20936;60453;69359;93484
46,512,1.000000,0,4557,4557,512,4485,801418,PASS,1,1,8813;21068;21210;9037;36415;21002;20936;60453;69359;93484
47,10,0.900000,0,284,284,11,179,54980,PASS,1,1,54259;99047;55418;54230;19462;16421;99017;25467;55353;70232
47,16,0.900000,0,382,382,17,277,51830,PASS,1,1,54259;99047;55418;54230;19462;16421;99017;25467;55353;70232
47,24,1.000000,0,444,444,26,339,59490,PASS,1,1,54259;99047;55418;54230;19462;16421;99017;25467;55353;81344
47,32,1.000000,0,522,522,33,417,70660,PASS,1,1,54259;99047;55418;54230;19462;16421;99017;25467;55353;81344
47,48,1.000000,0,623,623,48,518,89169,PASS,1,1,54259;99047;55418;54230;19462;16421;99017;25467;55353;81344
47,64,1.000000,0,730,730,64,625,107390,PASS,1,1,54259;99047;55418;54230;19462;16421;99017;25467;55353;81344
47,96,1.000000,0,1021,1021,96,916,168249,PASS,1,1,54259;99047;55418;54230;19462;16421;99017;25467;55353;81344
47,128,1.000000,0,1326,1326,128,1221,214469,PASS,1,1,54259;99047;55418;54230;19462;16421;99017;25467;55353;81344
47,192,1.000000,0,1819,1819,192,1714,327939,PASS,1,1,54259;99047;55418;54230;19462;16421;99017;25467;55353;81344
47,256,1.000000,0,2282,2282,256,2177,379179,PASS,1,1,54259;99047;55418;54230;19462;16421;99017;25467;55353;81344
47,384,1.000000,0,3126,3126,384,3021,554778,PASS,1,1,54259;99047;55418;54230;19462;16421;99017;25467;55353;81344
47,512,1.000000,0,3834,3834,512,3729,672978,PASS,1,1,54259;99047;55418;54230;19462;16421;99017;25467;55353;81344
48,10,0.300000,1,311,311,13,245,59410,PASS,1,1,34562;46911;92658;69835;46926;67645;4382;26161;19155;90048
48,16,0.500000,1,396,396,19,330,55159,PASS,1,1,88209;34562;46911;92658;87185;69835;46926;67645;4382;26161
48,24,0.500000,1,491,491,25,425,69140,PASS,1,1,88209;34562;46911;92658;87185;69835;46926;67645;4382;26161
48,32,0.500000,1,631,631,33,565,88190,PASS,1,1,88209;34562;46911;92658;87185;69835;46926;67645;4382;26161
48,48,0.900000,0,895,895,51,829,145560,PASS,1,1,88209;86602;90526;34562;46911;92658;93005;87185;65855;83612
48,64,1.000000,0,1086,1086,65,1020,157149,PASS,1,1,88209;86602;90526;34562;46911;92658;93005;87185;65855;34708
48,96,1.000000,0,1498,1498,97,1432,236609,PASS,1,1,88209;86602;90526;34562;46911;92658;93005;87185;65855;34708
48,128,1.000000,0,1873,1873,129,1807,283349,PASS,1,1,88209;86602;90526;34562;46911;92658;93005;87185;65855;34708
48,192,1.000000,0,2622,2622,194,2556,427689,PASS,1,1,88209;86602;90526;34562;46911;92658;93005;87185;65855;34708
48,256,1.000000,0,3171,3171,257,3105,504479,PASS,1,1,88209;86602;90526;34562;46911;92658;93005;87185;65855;34708
48,384,1.000000,0,4204,4204,384,4138,729928,PASS,1,1,88209;86602;90526;34562;46911;92658;93005;87185;65855;34708
48,512,1.000000,0,5122,5122,512,5056,877288,PASS,1,1,88209;86602;90526;34562;46911;92658;93005;87185;65855;34708
49,10,1.000000,0,286,286,12,186,61270,PASS,1,1,99207;98904;99809;23722;79463;23608;98788;98815;23996;94043
49,16,1.000000,0,341,341,17,241,46060,PASS,1,1,99207;98904;99809;23722;79463;23608;98788;98815;23996;94043
49,24,1.000000,0,400,400,24,300,54530,PASS,1,1,99207;98904;99809;23722;79463;23608;98788;98815;23996;94043
49,32,1.000000,0,500,500,32,400,71980,PASS,1,1,99207;98904;99809;23722;79463;23608;98788;98815;23996;94043
49,48,1.000000,0,658,658,48,558,99320,PASS,1,1,99207;98904;99809;23722;79463;23608;98788;98815;23996;94043
49,64,1.000000,0,803,803,64,703,118320,PASS,1,1,99207;98904;99809;23722;79463;23608;98788;98815;23996;94043
49,96,1.000000,0,1175,1175,96,1075,197559,PASS,1,1,99207;98904;99809;23722;79463;23608;98788;98815;23996;94043
49,128,1.000000,0,1419,1419,128,1319,224499,PASS,1,1,99207;98904;99809;23722;79463;23608;98788;98815;23996;94043
49,192,1.000000,0,1924,1924,192,1824,334730,PASS,1,1,99207;98904;99809;23722;79463;23608;98788;98815;23996;94043
49,256,1.000000,0,2407,2407,256,2307,410519,PASS,1,1,99207;98904;99809;23722;79463;23608;98788;98815;23996;94043
49,384,1.000000,0,3034,3034,384,2934,548418,PASS,1,1,99207;98904;99809;23722;79463;23608;98788;98815;23996;94043
49,512,1.000000,0,3595,3595,512,3495,652318,PASS,1,1,99207;98904;99809;23722;79463;23608;98788;98815;23996;94043
50,10,0.700000,1,219,219,10,135,43050,PASS,1,1,59754;61461;59292;59395;62866;59264;62639;9702;78415;63297
50,16,0.700000,1,328,328,17,244,47990,PASS,1,1,59754;61461;59292;59395;62866;59264;62639;9702;78415;63297
50,24,0.700000,1,431,431,24,347,62979,PASS,1,1,59754;61461;59292;59395;62866;59264;62639;9702;78415;63297
50,32,0.700000,1,622,622,34,538,91120,PASS,1,1,59754;61461;59292;59395;62866;59264;62639;9702;71656;78415
50,48,0.700000,1,754,754,48,670,106549,PASS,1,1,59754;61461;59292;59395;62866;59264;62639;37390;9702;71656
50,64,0.800000,1,916,916,64,832,131400,PASS,1,1,59754;61461;59292;82539;59395;62866;59264;62639;37390;9702
50,96,1.000000,0,1347,1347,96,1263,215999,PASS,1,1,59754;61461;59292;82539;59395;62866;59264;2627;62639;62554
50,128,1.000000,0,1722,1722,128,1638,267000,PASS,1,1,59754;61461;59292;82539;59395;62866;59264;2627;62639;62554
50,192,1.000000,0,2322,2322,193,2238,384579,PASS,1,1,59754;61461;59292;82539;59395;62866;59264;2627;62639;62554
50,256,1.000000,0,2842,2842,256,2758,470799,PASS,1,1,59754;61461;59292;82539;59395;62866;59264;2627;62639;62554
50,384,1.000000,0,3835,3835,384,3751,699398,PASS,1,1,59754;61461;59292;82539;59395;62866;59264;2627;62639;62554
50,512,1.000000,0,4694,4694,512,4610,813957,PASS,1,1,59754;61461;59292;82539;59395;62866;59264;2627;62639;62554
51,10,0.600000,1,329,329,12,214,69530,PASS,1,1,12018;6415;6932;34824;12594;89585;12175;7642;730;7573
51,16,0.700000,1,448,448,19,333,64810,PASS,1,1,12018;6415;14418;6932;34824;12594;89585;12175;16401;7642
51,24,0.800000,1,560,560,26,445,79019,PASS,1,1,12018;69231;6415;14418;6932;34824;12594;89585;12175;16401
51,32,0.800000,1,696,696,33,581,99320,PASS,1,1,12018;69231;6415;14418;6932;34824;12594;89585;12175;16401
51,48,1.000000,0,1063,1063,53,948,168799,PASS,1,1,12018;69231;21667;6415;14418;6932;34824;12594;61073;89585
51,64,1.000000,0,1349,1349,70,1234,200809,PASS,1,1,12018;69231;21667;6415;14418;6932;34824;12594;61073;89585
51,96,1.000000,0,1684,1684,96,1569,254639,PASS,1,1,12018;69231;21667;6415;14418;6932;34824;12594;61073;89585
51,128,1.000000,0,2082,2082,128,1967,327979,PASS,1,1,12018;69231;21667;6415;14418;6932;34824;12594;61073;89585
51,192,1.000000,0,2936,2936,192,2821,492339,PASS,1,1,12018;69231;21667;6415;14418;6932;34824;12594;61073;89585
51,256,1.000000,0,3659,3659,256,3544,596908,PASS,1,1,12018;69231;21667;6415;14418;6932;34824;12594;61073;89585
51,384,1.000000,0,4956,4956,384,4841,870677,PASS,1,1,12018;69231;21667;6415;14418;6932;34824;12594;61073;89585
51,512,1.000000,0,6046,6046,512,5931,1027897,PASS,1,1,12018;69231;21667;6415;14418;6932;34824;12594;61073;89585
52,10,0.600000,1,387,387,17,293,77060,PASS,1,1,66180;34366;42505;9165;41196;67459;24163;35412;23974;9086
52,16,0.700000,1,438,438,20,344,55999,PASS,1,1,66180;34366;42505;12510;9165;41196;67459;24163;36784;35412
52,24,0.700000,1,531,531,27,437,72790,PASS,1,1,66180;34366;42505;12510;9165;41196;67459;24163;78766;36784
52,32,0.700000,1,655,655,34,561,91070,PASS,1,1,66180;34366;42505;12510;9165;41196;67459;845;24163;78766
52,48,0.800000,1,919,919,52,825,140590,PASS,1,1,66180;34366;42505;12510;9165;41196;67459;90935;845;24163
52,64,0.800000,1,1103,1103,66,1009,158079,PASS,1,1,66180;34366;42505;12510;9165;41196;67459;90935;845;24163
52,96,0.900000,0,1536,1536,97,1442,240829,PASS,1,1,66180;34366;42505;12510;9165;41196;63;67459;90935;845
52,128,1.000000,0,1847,1847,129,1753,303619,PASS,1,1,66180;34366;42505;12510;9165;41196;63;67459;40638;90935
52,192,1.000000,0,2519,2519,193,2425,414179,PASS,1,1,66180;34366;42505;12510;9165;41196;63;67459;40638;90935
52,256,1.000000,0,3161,3161,257,3067,504838,PASS,1,1,66180;34366;42505;12510;9165;41196;63;67459;40638;90935
52,384,1.000000,0,4206,4206,384,4112,716788,PASS,1,1,66180;34366;42505;12510;9165;41196;63;67459;40638;90935
52,512,1.000000,0,5221,5221,512,5127,922547,PASS,1,1,66180;34366;42505;12510;9165;41196;63;67459;40638;90935
53,10,1.000000,0,281,281,13,217,60220,PASS,1,1,52805;97892;53987;54133;56873;64961;21898;8799;2739;16361
53,16,1.000000,0,339,339,17,275,47179,PASS,1,1,52805;97892;53987;54133;56873;64961;21898;8799;2739;16361
53,24,1.000000,0,450,450,25,386,65620,PASS,1,1,52805;97892;53987;54133;56873;64961;21898;8799;2739;16361
53,32,1.000000,0,537,537,33,473,76080,PASS,1,1,52805;97892;53987;54133;56873;64961;21898;8799;2739;16361
53,48,1.000000,0,753,753,49,689,120079,PASS,1,1,52805;97892;53987;54133;56873;64961;21898;8799;2739;16361
53,64,1.000000,0,937,937,67,873,145370,PASS,1,1,52805;97892;53987;54133;56873;64961;21898;8799;2739;16361
53,96,1.000000,0,1273,1273,97,1209,209400,PASS,1,1,52805;97892;53987;54133;56873;64961;21898;8799;2739;16361
53,128,1.000000,0,1582,1582,129,1518,254909,PASS,1,1,52805;97892;53987;54133;56873;64961;21898;8799;2739;16361
53,192,1.000000,0,2079,2079,193,2015,349319,PASS,1,1,52805;97892;53987;54133;56873;64961;21898;8799;2739;16361
53,256,1.000000,0,2609,2609,256,2545,455169,PASS,1,1,52805;97892;53987;54133;56873;64961;21898;8799;2739;16361
53,384,1.000000,0,3555,3555,384,3491,642548,PASS,1,1,52805;97892;53987;54133;56873;64961;21898;8799;2739;16361
53,512,1.000000,0,4358,4358,512,4294,781028,PASS,1,1,52805;97892;53987;54133;56873;64961;21898;8799;2739;16361
54,10,0.600000,1,281,281,14,213,58700,PASS,1,1,45108;45487;46094;45028;51609;29677;28387;18297;72845;71190
54,16,1.000000,0,370,370,21,302,53500,PASS,1,1,45108;45487;46094;28204;45028;51609;99771;95084;95426;29677
54,24,1.000000,0,419,419,25,351,57110,PASS,1,1,45108;45487;46094;28204;45028;51609;99771;95084;95426;29677
54,32,1.000000,0,487,487,32,419,70380,PASS,1,1,45108;45487;46094;28204;45028;51609;99771;95084;95426;29677
54,48,1.000000,0,673,673,48,605,108980,PASS,1,1,45108;45487;46094;28204;45028;51609;99771;95084;95426;29677
54,64,1.000000,0,820,820,64,752,135529,PASS,1,1,45108;45487;46094;28204;45028;51609;99771;95084;95426;29677
54,96,1.000000,0,1085,1085,96,1017,180050,PASS,1,1,45108;45487;46094;28204;45028;51609;99771;95084;95426;29677
54,128,1.000000,0,1343,1343,128,1275,217190,PASS,1,1,45108;45487;46094;28204;45028;51609;99771;95084;95426;29677
54,192,1.000000,0,1792,1792,192,1724,310649,PASS,1,1,45108;45487;46094;28204;45028;51609;99771;95084;95426;29677
54,256,1.000000,0,2157,2157,256,2089,373559,PASS,1,1,45108;45487;46094;28204;45028;51609;99771;95084;95426;29677
54,384,1.000000,0,2876,2876,384,2808,535599,PASS,1,1,45108;45487;46094;28204;45028;51609;99771;95084;95426;29677
54,512,1.000000,0,3566,3566,512,3498,659688,PASS,1,1,45108;45487;46094;28204;45028;51609;99771;95084;95426;29677
55,10,0.600000,1,218,218,10,131,41680,PASS,1,1,46645;55231;67400;87878;3511;67990;9989;4275;52525;3268
55,16,0.600000,1,317,317,16,230,46460,PASS,1,1,46645;55231;67400;87878;3511;67990;9989;4275;52525;6518
55,24,0.600000,1,424,424,24,337,59660,PASS,1,1,46645;55231;67400;87878;3511;67990;9989;4275;52525;6518
55,32,1.000000,0,559,559,33,472,78120,PASS,1,1,46645;55231;58083;58099;58163;67400;87878;58464;3511;67990
55,48,1.000000,0,689,689,49,602,96590,PASS,1,1,46645;55231;58083;58099;58163;67400;87878;58464;3511;67990
55,64,1.000000,0,794,794,64,707,112850,PASS,1,1,46645;55231;58083;58099;58163;67400;87878;58464;3511;67990
55,96,1.000000,0,1076,1076,96,989,172259,PASS,1,1,46645;55231;58083;58099;58163;67400;87878;58464;3511;67990
55,128,1.000000,0,1288,1288,128,1201,203179,PASS,1,1,46645;55231;58083;58099;58163;67400;87878;58464;3511;67990
55,192,1.000000,0,1573,1573,192,1486,267519,PASS,1,1,46645;55231;58083;58099;58163;67400;87878;58464;3511;67990
55,256,1.000000,0,1935,1935,256,1848,336680,PASS,1,1,46645;55231;58083;58099;58163;67400;87878;58464;3511;67990
55,384,1.000000,0,2544,2544,384,2457,470748,PASS,1,1,46645;55231;58083;58099;58163;67400;87878;58464;3511;67990
55,512,1.000000,0,3045,3045,512,2958,561068,PASS,1,1,46645;55231;58083;58099;58163;67400;87878;58464;3511;67990
56,10,0.500000,1,295,295,13,210,60100,PASS,1,1,20084;12462;96313;95741;95244;10235;85666;95222;9766;16517
56,16,0.700000,1,453,453,22,368,69830,PASS,1,1,20084;12462;96313;95741;95244;92254;89046;10235;85666;33213
56,24,0.700000,1,527,527,27,442,72410,PASS,1,1,20084;12462;96313;95741;95244;92254;89046;10235;85666;33213
56,32,0.800000,1,701,701,38,616,104349,PASS,1,1,20084;12462;96313;95741;95244;92254;82292;89046;10235;85666
56,48,0.900000,0,878,878,51,793,130390,PASS,1,1,20084;12462;96313;95741;95244;92254;82292;89046;11472;10235
56,64,1.000000,0,1135,1135,67,1050,171350,PASS,1,1,20084;12462;96313;95741;26708;95244;92254;82292;89046;11472
56,96,1.000000,0,1571,1571,101,1486,253149,PASS,1,1,20084;12462;96313;95741;26708;95244;92254;82292;89046;11472
56,128,1.000000,0,1920,1920,131,1835,298879,PASS,1,1,20084;12462;96313;95741;26708;95244;92254;82292;89046;11472
56,192,1.000000,0,2648,2648,195,2563,459459,PASS,1,1,20084;12462;96313;95741;26708;95244;92254;82292;89046;11472
56,256,1.000000,0,3235,3235,259,3150,532818,PASS,1,1,20084;12462;96313;95741;26708;95244;92254;82292;89046;11472
56,384,1.000000,0,4315,4315,385,4230,754048,PASS,1,1,20084;12462;96313;95741;26708;95244;92254;82292;89046;11472
56,512,1.000000,0,5295,5295,512,5210,916858,PASS,1,1,20084;12462;96313;95741;26708;95244;92254;82292;89046;11472
57,10,1.000000,0,284,284,12,210,56110,PASS,1,1,92082;91324;93661;89943;94340;68576;67897;91859;96862;96530
57,16,1.000000,0,351,351,16,277,48060,PASS,1,1,92082;91324;93661;89943;94340;68576;67897;91859;96862;96530
57,24,1.000000,0,463,463,24,389,67370,PASS,1,1,92082;91324;93661;89943;94340;68576;67897;91859;96862;96530
57,32,1.000000,0,569,569,32,495,82250,PASS,1,1,92082;91324;93661;89943;94340;68576;67897;91859;96862;96530
57,48,1.000000,0,746,746,48,672,113109,PASS,1,1,92082;91324;93661;89943;94340;68576;67897;91859;96862;96530
57,64,1.000000,0,890,890,64,816,131840,PASS,1,1,92082;91324;93661;89943;94340;68576;67897;91859;96862;96530
57,96,1.000000,0,1148,1148,96,1074,180370,PASS,1,1,92082;91324;93661;89943;94340;68576;67897;91859;96862;96530
57,128,1.000000,0,1360,1360,128,1286,209900,PASS,1,1,92082;91324;93661;89943;94340;68576;67897;91859;96862;96530
57,192,1.000000,0,1845,1845,192,1771,309689,PASS,1,1,92082;91324;93661;89943;94340;68576;67897;91859;96862;96530
57,256,1.000000,0,2252,2252,256,2178,377739,PASS,1,1,92082;91324;93661;89943;94340;68576;67897;91859;96862;96530
57,384,1.000000,0,2955,2955,384,2881,527829,PASS,1,1,92082;91324;93661;89943;94340;68576;67897;91859;96862;96530
57,512,1.000000,0,3597,3597,512,3523,647479,PASS,1,1,92082;91324;93661;89943;94340;68576;67897;91859;96862;96530
58,10,1.000000,0,253,253,11,145,41990,PASS,1,1,99288;68435;99065;99007;69181;30089;30092;23606;68487;23823
58,16,1.000000,0,312,312,16,204,38900,PASS,1,1,99288;68435;99065;99007;69181;30089;30092;23606;68487;23823
58,24,1.000000,0,389,389,24,281,50670,PASS,1,1,99288;68435;99065;99007;69181;30089;30092;23606;68487;23823
58,32,1.000000,0,458,458,32,350,60930,PASS,1,1,99288;68435;99065;99007;69181;30089;30092;23606;68487;23823
58,48,1.000000,0,608,608,48,500,86280,PASS,1,1,99288;68435;99065;99007;69181;30089;30092;23606;68487;23823
58,64,1.000000,0,750,750,64,642,106040,PASS,1,1,99288;68435;99065;99007;69181;30089;30092;23606;68487;23823
58,96,1.000000,0,984,984,96,876,147069,PASS,1,1,99288;68435;99065;99007;69181;30089;30092;23606;68487;23823
58,128,1.000000,0,1196,1196,128,1088,177310,PASS,1,1,99288;68435;99065;99007;69181;30089;30092;23606;68487;23823
58,192,1.000000,0,1591,1591,192,1483,254919,PASS,1,1,99288;68435;99065;99007;69181;30089;30092;23606;68487;23823
58,256,1.000000,0,1950,1950,256,1842,322789,PASS,1,1,99288;68435;99065;99007;69181;30089;30092;23606;68487;23823
58,384,1.000000,0,2637,2637,384,2529,462089,PASS,1,1,99288;68435;99065;99007;69181;30089;30092;23606;68487;23823
58,512,1.000000,0,3245,3245,512,3137,574639,PASS,1,1,99288;68435;99065;99007;69181;30089;30092;23606;68487;23823
59,10,0.300000,1,285,285,10,197,56800,PASS,1,1,75797;75815;74989;63066;84139;92577;87125;87499;74416;75694
59,16,0.500000,1,425,425,18,337,60520,PASS,1,1,75797;75815;74989;59248;98521;63066;19103;84139;92577;87125
59,24,0.600000,1,502,502,24,414,69800,PASS,1,1,75797;75815;74989;59248;43239;98521;63066;19103;84139;92577
59,32,0.900000,0,645,645,32,557,91330,PASS,1,1,59397;75797;75815;74989;59248;42406;43239;98521;59410;63066
59,48,0.900000,0,879,879,48,791,131520,PASS,1,1,59397;75797;75815;74989;59248;42406;43239;98521;59410;63066
59,64,0.900000,0,1128,1128,64,1040,164520,PASS,1,1,59397;75797;75815;74989;59248;42406;43239;98521;59410;63066
59,96,0.900000,0,1557,1557,96,1469,244710,PASS,1,1,59397;75797;75815;74989;59248;42406;43239;98521;59410;63066
59,128,0.900000,0,1906,1906,128,1818,292049,PASS,1,1,59397;75797;75815;74989;59248;42406;43239;98521;59410;63066
59,192,1.000000,0,2673,2673,192,2585,443389,PASS,1,1,59397;75797;75815;74989;77211;59248;42406;43239;98521;59410
59,256,1.000000,0,3309,3309,256,3221,536988,PASS,1,1,59397;75797;75815;74989;77211;59248;42406;43239;98521;59410
59,384,1.000000,0,4460,4460,385,4372,769178,PASS,1,1,59397;75797;75815;74989;77211;59248;42406;43239;98521;59410
59,512,1.000000,0,5433,5433,512,5345,936547,PASS,1,1,59397;75797;75815;74989;77211;59248;42406;43239;98521;59410
60,10,0.600000,1,278,278,10,171,46820,PASS,1,1,70282;16872;17576;82997;81661;98924;80396;58817;79769;80891
60,16,0.600000,1,354,354,16,247,45079,PASS,1,1,70282;16872;17576;82997;81661;98924;80396;58817;79769;80891
60,24,1.000000,0,531,531,26,424,74740,PASS,1,1,70282;16872;68358;17576;82997;86126;81661;84405;85549;98924
60,32,1.000000,0,600,600,32,493,76070,PASS,1,1,70282;16872;68358;17576;82997;86126;81661;84405;85549;98924
60,48,1.000000,0,778,778,48,671,111460,PASS,1,1,70282;16872;68358;17576;82997;86126;81661;84405;85549;98924
60,64,1.000000,0,931,931,64,824,131810,PASS,1,1,70282;16872;68358;17576;82997;86126;81661;84405;85549;98924
60,96,1.000000,0,1225,1225,96,1118,184810,PASS,1,1,70282;16872;68358;17576;82997;86126;81661;84405;85549;98924
60,128,1.000000,0,1485,1485,128,1378,226030,PASS,1,1,70282;16872;68358;17576;82997;86126;81661;84405;85549;98924
60,192,1.000000,0,1985,1985,192,1878,327299,PASS,1,1,70282;16872;68358;17576;82997;86126;81661;84405;85549;98924
60,256,1.000000,0,2373,2373,256,2266,389839,PASS,1,1,70282;16872;68358;17576;82997;86126;81661;84405;85549;98924
60,384,1.000000,0,3135,3135,384,3028,549019,PASS,1,1,70282;16872;68358;17576;82997;86126;81661;84405;85549;98924
60,512,1.000000,0,3792,3792,512,3685,671538,PASS,1,1,70282;16872;68358;17576;82997;86126;81661;84405;85549;98924
61,10,0.900000,0,209,209,10,112,42699,PASS,1,1,6293;5991;8225;8152;44092;40893;47128;44235;46372;40771
61,16,1.000000,0,272,272,16,175,38120,PASS,1,1,6293;5991;8225;8152;44092;40893;47128;44235;24517;46372
61,24,1.000000,0,305,305,24,208,41300,PASS,1,1,6293;5991;8225;8152;44092;40893;47128;44235;24517;46372
61,32,1.000000,0,347,347,32,250,48990,PASS,1,1,6293;5991;8225;8152;44092;40893;47128;44235;24517;46372
61,48,1.000000,0,437,437,48,340,67089,PASS,1,1,6293;5991;8225;8152;44092;40893;47128;44235;24517;46372
61,64,1.000000,0,504,504,64,407,77000,PASS,1,1,6293;5991;8225;8152;44092;40893;47128;44235;24517;46372
61,96,1.000000,0,608,608,96,511,109950,PASS,1,1,6293;5991;8225;8152;44092;40893;47128;44235;24517;46372
61,128,1.000000,0,725,725,128,628,128390,PASS,1,1,6293;5991;8225;8152;44092;40893;47128;44235;24517;46372
61,192,1.000000,0,937,937,192,840,181159,PASS,1,1,6293;5991;8225;8152;44092;40893;47128;44235;24517;46372
61,256,1.000000,0,1139,1139,256,1042,224339,PASS,1,1,6293;5991;8225;8152;44092;40893;47128;44235;24517;46372
61,384,1.000000,0,1517,1517,384,1420,316449,PASS,1,1,6293;5991;8225;8152;44092;40893;47128;44235;24517;46372
61,512,1.000000,0,1962,1962,512,1865,409529,PASS,1,1,6293;5991;8225;8152;44092;40893;47128;44235;24517;46372
62,10,0.900000,0,413,413,14,299,76340,PASS,1,1,11638;87148;17999;86471;2058;89603;81926;8949;11671;20749
62,16,0.900000,0,479,479,19,365,62050,PASS,1,1,11638;87148;17999;86471;2058;89603;81926;8949;11671;20749
62,24,0.900000,0,590,590,27,476,79950,PASS,1,1,11638;87148;17999;86471;2058;89603;81926;8949;11671;20749
62,32,0.900000,0,686,686,35,572,94130,PASS,1,1,11638;87148;17999;86471;2058;89603;81926;8949;11671;20749
62,48,0.900000,0,873,873,49,759,128560,PASS,1,1,11638;87148;17999;86471;2058;89603;81926;8949;11671;20749
62,64,0.900000,0,1076,1076,64,962,155529,PASS,1,1,11638;87148;17999;86471;2058;89603;81926;8949;11671;20749
62,96,1.000000,0,1420,1420,96,1306,220799,PASS,1,1,11638;87148;17999;86471;2058;61464;89603;81926;8949;11671
62,128,1.000000,0,1759,1759,128,1645,274299,PASS,1,1,11638;87148;17999;86471;2058;61464;89603;81926;8949;11671
62,192,1.000000,0,2408,2408,192,2294,395129,PASS,1,1,11638;87148;17999;86471;2058;61464;89603;81926;8949;11671
62,256,1.000000,0,3019,3019,256,2905,489639,PASS,1,1,11638;87148;17999;86471;2058;61464;89603;81926;8949;11671
62,384,1.000000,0,3934,3934,384,3820,671728,PASS,1,1,11638;87148;17999;86471;2058;61464;89603;81926;8949;11671
62,512,1.000000,0,4770,4770,512,4656,823857,PASS,1,1,11638;87148;17999;86471;2058;61464;89603;81926;8949;11671
63,10,0.800000,1,238,238,11,165,47270,PASS,1,1,57731;57913;63088;10665;45464;40268;73925;88607;9992;7699
63,16,0.900000,0,325,325,18,252,47010,PASS,1,1,57731;57913;63088;10665;45464;40268;73925;3255;88607;9992
63,24,0.900000,0,406,406,25,333,56820,PASS,1,1,57731;57913;63088;10665;45464;40268;73925;3255;88607;9992
63,32,0.900000,0,497,497,33,424,68730,PASS,1,1,57731;57913;63088;10665;45464;40268;73925;3255;88607;9992
63,48,1.000000,0,618,618,48,545,92470,PASS,1,1,57731;57913;63088;10665;45464;7186;40268;73925;3255;88607
63,64,1.000000,0,771,771,64,698,115500,PASS,1,1,57731;57913;63088;10665;45464;7186;40268;73925;3255;88607
63,96,1.000000,0,1058,1058,96,985,169589,PASS,1,1,57731;57913;63088;10665;45464;7186;40268;73925;3255;88607
63,128,1.000000,0,1367,1367,128,1294,216359,PASS,1,1,57731;57913;63088;10665;45464;7186;40268;73925;3255;88607
63,192,1.000000,0,1844,1844,192,1771,310549,PASS,1,1,57731;57913;63088;10665;45464;7186;40268;73925;3255;88607
63,256,1.000000,0,2231,2231,256,2158,371529,PASS,1,1,57731;57913;63088;10665;45464;7186;40268;73925;3255;88607
63,384,1.000000,0,3060,3060,384,2987,554078,PASS,1,1,57731;57913;63088;10665;45464;7186;40268;73925;3255;88607
63,512,1.000000,0,3857,3857,512,3784,695038,PASS,1,1,57731;57913;63088;10665;45464;7186;40268;73925;3255;88607
64,10,1.000000,0,270,270,10,159,53510,PASS,1,1,42933;45736;62252;43509;63953;23749;44828;21311;54527;81737
64,16,1.000000,0,357,357,16,246,49840,PASS,1,1,42933;45736;62252;43509;63953;23749;44828;21311;54527;81737
64,24,1.000000,0,438,438,24,327,59160,PASS,1,1,42933;45736;62252;43509;63953;23749;44828;21311;54527;81737
64,32,1.000000,0,530,530,32,419,72700,PASS,1,1,42933;45736;62252;43509;63953;23749;44828;21311;54527;81737
64,48,1.000000,0,712,712,48,601,106790,PASS,1,1,42933;45736;62252;43509;63953;23749;44828;21311;54527;81737
64,64,1.000000,0,870,870,64,759,126180,PASS,1,1,42933;45736;62252;43509;63953;23749;44828;21311;54527;81737
64,96,1.000000,0,1187,1187,96,1076,188359,PASS,1,1,42933;45736;62252;43509;63953;23749;44828;21311;54527;81737
64,128,1.000000,0,1498,1498,128,1387,242119,PASS,1,1,42933;45736;62252;43509;63953;23749;44828;21311;54527;81737
64,192,1.000000,0,1962,1962,192,1851,326159,PASS,1,1,42933;45736;62252;43509;63953;23749;44828;21311;54527;81737
64,256,1.000000,0,2471,2471,256,2360,412419,PASS,1,1,42933;45736;62252;43509;63953;23749;44828;21311;54527;81737
64,384,1.000000,0,3197,3197,384,3086,579758,PASS,1,1,42933;45736;62252;43509;63953;23749;44828;21311;54527;81737
64,512,1.000000,0,3841,3841,512,3730,687548,PASS,1,1,42933;45736;62252;43509;63953;23749;44828;21311;54527;81737
65,10,0.200000,1,310,310,13,262,63510,PASS,1,1,74062;98766;84382;58624;19284;20;87925;98548;7045;12949
65,16,0.800000,1,554,554,29,506,87360,PASS,1,1,61493;48140;33497;31391;30618;99814;74062;98766;30738;81257
65,24,0.800000,1,622,622,34,574,82810,PASS,1,1,61493;48140;33497;31391;30618;99814;74062;98766;30738;29884
65,32,0.800000,1,741,741,41,693,102220,PASS,1,1,61493;48140;33497;31391;30618;99814;74062;98766;30738;77461
65,48,0.800000,1,921,921,51,873,134800,PASS,1,1,61493;48140;33497;31391;30618;99814;74062;98766;30738;77461
65,64,0.900000,0,1168,1168,71,1120,174390,PASS,1,1,61493;48140;33497;56894;31391;30618;99814;74062;98766;30738
65,96,1.000000,0,1543,1543,99,1495,239999,PASS,1,1,61493;48140;33497;56894;31391;30618;71808;99814;74062;98766
65,128,1.000000,0,1878,1878,129,1830,289129,PASS,1,1,61493;48140;33497;56894;31391;30618;71808;99814;74062;98766
65,192,1.000000,0,2520,2520,193,2472,421029,PASS,1,1,61493;48140;33497;56894;31391;30618;71808;99814;74062;98766
65,256,1.000000,0,3069,3069,257,3021,502998,PASS,1,1,61493;48140;33497;56894;31391;30618;71808;99814;74062;98766
65,384,1.000000,0,4065,4065,384,4017,721758,PASS,1,1,61493;48140;33497;56894;31391;30618;71808;99814;74062;98766
65,512,1.000000,0,5025,5025,512,4977,877218,PASS,1,1,61493;48140;33497;56894;31391;30618;71808;99814;74062;98766
66,10,0.700000,1,287,287,11,176,58360,PASS,1,1,9755;5535;60832;82803;57326;99016;82486;56325;83141;99540
66,16,0.700000,1,371,371,17,260,53060,PASS,1,1,9755;5535;60832;82803;57326;99016;82486;56325;83141;99540
66,24,0.900000,0,492,492,24,381,71620,PASS,1,1,9755;5535;3471;60832;82803;57326;99016;82486;72138;56325
66,32,1.000000,0,594,594,32,483,87200,PASS,1,1,9755;5535;3471;60832;82803;57326;99016;82486;4414;72138
66,48,1.000000,0,768,768,48,657,115490,PASS,1,1,9755;5535;3471;60832;82803;57326;99016;82486;4414;72138
66,64,1.000000,0,967,967,64,856,157279,PASS,1,1,9755;5535;3471;60832;82803;57326;99016;82486;4414;72138
66,96,1.000000,0,1270,1270,97,1159,206969,PASS,1,1,9755;5535;3471;60832;82803;57326;99016;82486;4414;72138
66,128,1.000000,0,1525,1525,128,1414,241579,PASS,1,1,9755;5535;3471;60832;82803;57326;99016;82486;4414;72138
66,192,1.000000,0,2037,2037,193,1926,350979,PASS,1,1,9755;5535;3471;60832;82803;57326;99016;82486;4414;72138
66,256,1.000000,0,2508,2508,256,2397,441068,PASS,1,1,9755;5535;3471;60832;82803;57326;99016;82486;4414;72138
66,384,1.000000,0,3217,3217,384,3106,577869,PASS,1,1,9755;5535;3471;60832;82803;57326;99016;82486;4414;72138
66,512,1.000000,0,3923,3923,512,3812,731728,PASS,1,1,9755;5535;3471;60832;82803;57326;99016;82486;4414;72138
67,10,0.800000,1,226,226,12,175,47630,PASS,1,1,62068;73392;90160;36361;69055;69985;62747;68113;59449;62401
67,16,0.900000,0,330,330,18,279,48770,PASS,1,1,62068;73392;90160;36361;69055;69985;62747;13114;68113;59449
67,24,0.900000,0,419,419,24,368,60210,PASS,1,1,62068;73392;90160;36361;69055;69985;62747;13114;68113;59449
67,32,0.900000,0,506,506,32,455,71819,PASS,1,1,62068;73392;90160;36361;69055;69985;62747;13114;68113;59449
67,48,1.000000,0,738,738,49,687,117690,PASS,1,1,62068;73392;90160;36361;69055;69985;62747;13114;68113;12102
67,64,1.000000,0,931,931,64,880,170309,PASS,1,1,62068;73392;90160;36361;69055;69985;62747;13114;68113;12102
67,96,1.000000,0,1290,1290,96,1239,209489,PASS,1,1,62068;73392;90160;36361;69055;69985;62747;13114;68113;12102
67,128,1.000000,0,1639,1639,128,1588,260750,PASS,1,1,62068;73392;90160;36361;69055;69985;62747;13114;68113;12102
67,192,1.000000,0,2330,2330,192,2279,394429,PASS,1,1,62068;73392;90160;36361;69055;69985;62747;13114;68113;12102
67,256,1.000000,0,2928,2928,256,2877,507558,PASS,1,1,62068;73392;90160;36361;69055;69985;62747;13114;68113;12102
67,384,1.000000,0,3996,3996,384,3945,709698,PASS,1,1,62068;73392;90160;36361;69055;69985;62747;13114;68113;12102
67,512,1.000000,0,4949,4949,512,4898,860928,PASS,1,1,62068;73392;90160;36361;69055;69985;62747;13114;68113;12102
68,10,1.000000,0,400,400,16,296,83620,PASS,1,1,61809;86613;71260;856;91601;92352;87807;17348;87438;30269
68,16,1.000000,0,433,433,18,329,54019,PASS,1,1,61809;86613;71260;856;91601;92352;87807;17348;87438;30269
68,24,1.000000,0,574,574,26,470,83780,PASS,1,1,61809;86613;71260;856;91601;92352;87807;17348;87438;30269
68,32,1.000000,0,678,678,34,574,96360,PASS,1,1,61809;86613;71260;856;91601;92352;87807;17348;87438;30269
68,48,1.000000,0,902,902,52,798,139590,PASS,1,1,61809;86613;71260;856;91601;92352;87807;17348;87438;30269
68,64,1.000000,0,1158,1158,68,1054,178500,PASS,1,1,61809;86613;71260;856;91601;92352;87807;17348;87438;30269
68,96,1.000000,0,1505,1505,97,1401,236740,PASS,1,1,61809;86613;71260;856;91601;92352;87807;17348;87438;30269
68,128,1.000000,0,1876,1876,129,1772,293919,PASS,1,1,61809;86613;71260;856;91601;92352;87807;17348;87438;30269
68,192,1.000000,0,2563,2563,193,2459,429149,PASS,1,1,61809;86613;71260;856;91601;92352;87807;17348;87438;30269
68,256,1.000000,0,3176,3176,256,3072,523389,PASS,1,1,61809;86613;71260;856;91601;92352;87807;17348;87438;30269
68,384,1.000000,0,4343,4343,384,4239,794988,PASS,1,1,61809;86613;71260;856;91601;92352;87807;17348;87438;30269
68,512,1.000000,0,5322,5322,512,5218,935848,PASS,1,1,61809;86613;71260;856;91601;92352;87807;17348;87438;30269
69,10,0.800000,1,336,336,15,254,63610,PASS,1,1,58134;98620;46238;58215;47053;81672;44831;97405;44705;45080
69,16,0.900000,0,458,458,23,376,65780,PASS,1,1,58134;98620;46238;58215;47053;81672;39902;44831;97405;9896
69,24,1.000000,0,535,535,29,453,76080,PASS,1,1,58134;98620;46238;58215;47053;81672;98835;39902;44831;97405
69,32,1.000000,0,624,624,37,542,87700,PASS,1,1,58134;98620;46238;58215;47053;81672;98835;39902;44831;97405
69,48,1.000000,0,748,748,50,666,111599,PASS,1,1,58134;98620;46238;58215;47053;81672;98835;39902;44831;97405
69,64,1.000000,0,940,940,66,858,144970,PASS,1,1,58134;98620;46238;58215;47053;81672;98835;39902;44831;97405
69,96,1.000000,0,1241,1241,98,1159,215970,PASS,1,1,58134;98620;46238;58215;47053;81672;98835;39902;44831;97405
69,128,1.000000,0,1526,1526,130,1444,243799,PASS,1,1,58134;98620;46238;58215;47053;81672;98835;39902;44831;97405
69,192,1.000000,0,2014,2014,193,1932,342269,PASS,1,1,58134;98620;46238;58215;47053;81672;98835;39902;44831;97405
69,256,1.000000,0,2594,2594,257,2512,472679,PASS,1,1,58134;98620;46238;58215;47053;81672;98835;39902;44831;97405
69,384,1.000000,0,3470,3470,384,3388,612408,PASS,1,1,58134;98620;46238;58215;47053;81672;98835;39902;44831;97405
69,512,1.000000,0,4306,4306,512,4224,778058,PASS,1,1,58134;98620;46238;58215;47053;81672;98835;39902;44831;97405
70,10,0.800000,1,230,230,10,124,44070,PASS,1,1,25054;24759;6646;29585;27939;7178;45657;24884;8069;24228
70,16,0.900000,0,273,273,16,167,36570,PASS,1,1,25054;24759;6646;29585;27939;7178;45657;24884;44709;8069
70,24,0.900000,0,331,331,24,225,45650,PASS,1,1,25054;24759;6646;29585;27939;7178;45657;24884;44709;8069
70,32,0.900000,0,398,398,32,292,55690,PASS,1,1,25054;24759;6646;29585;27939;7178;45657;24884;44709;8069
70,48,0.900000,0,497,497,48,391,75080,PASS,1,1,25054;24759;6646;29585;27939;7178;45657;24884;44709;8069
70,64,0.900000,0,582,582,64,476,88139,PASS,1,1,25054;24759;6646;29585;27939;7178;45657;24884;44709;8069
70,96,1.000000,0,728,728,96,622,121270,PASS,1,1,25054;24759;6646;29585;27939;7178;45657;24884;44709;5038
70,128,1.000000,0,843,843,128,737,139090,PASS,1,1,25054;24759;6646;29585;27939;7178;45657;24884;44709;5038
70,192,1.000000,0,1106,1106,192,1000,196429,PASS,1,1,25054;24759;6646;29585;27939;7178;45657;24884;44709;5038
70,256,1.000000,0,1318,1318,256,1212,237609,PASS,1,1,25054;24759;6646;29585;27939;7178;45657;24884;44709;5038
70,384,1.000000,0,1744,1744,384,1638,339199,PASS,1,1,25054;24759;6646;29585;27939;7178;45657;24884;44709;5038
70,512,1.000000,0,2240,2240,512,2134,473789,PASS,1,1,25054;24759;6646;29585;27939;7178;45657;24884;44709;5038
71,10,1.000000,0,326,326,10,167,64100,PASS,1,1,98688;98668;23906;20589;40648;20411;40574;98726;20688;98746
71,16,1.000000,0,397,397,16,238,51910,PASS,1,1,98688;98668;23906;20589;40648;20411;40574;98726;20688;98746
71,24,1.000000,0,482,482,24,323,64710,PASS,1,1,98688;98668;23906;20589;40648;20411;40574;98726;20688;98746
71,32,1.000000,0,583,583,32,424,79340,PASS,1,1,98688;98668;23906;20589;40648;20411;40574;98726;20688;98746
71,48,1.000000,0,747,747,48,588,107750,PASS,1,1,98688;98668;23906;20589;40648;20411;40574;98726;20688;98746
71,64,1.000000,0,918,918,64,759,134139,PASS,1,1,98688;98668;23906;20589;40648;20411;40574;98726;20688;98746
71,96,1.000000,0,1188,1188,96,1029,186680,PASS,1,1,98688;98668;23906;20589;40648;20411;40574;98726;20688;98746
71,128,1.000000,0,1455,1455,128,1296,225410,PASS,1,1,98688;98668;23906;20589;40648;20411;40574;98726;20688;98746
71,192,1.000000,0,1912,1912,192,1753,317089,PASS,1,1,98688;98668;23906;20589;40648;20411;40574;98726;20688;98746
71,256,1.000000,0,2337,2337,256,2178,387999,PASS,1,1,98688;98668;23906;20589;40648;20411;40574;98726;20688;98746
71,384,1.000000,0,3110,3110,384,2951,627978,PASS,1,1,98688;98668;23906;20589;40648;20411;40574;98726;20688;98746
71,512,1.000000,0,3771,3771,512,3612,678758,PASS,1,1,98688;98668;23906;20589;40648;20411;40574;98726;20688;98746
72,10,1.000000,0,295,295,14,221,59830,PASS,1,1,18432;70397;59389;15476;59556;70342;14996;20420;60415;1510
72,16,1.000000,0,356,356,17,282,47000,PASS,1,1,18432;70397;59389;15476;59556;70342;14996;20420;60415;1510
72,24,1.000000,0,483,483,24,409,68689,PASS,1,1,18432;70397;59389;15476;59556;70342;14996;20420;60415;1510
72,32,1.000000,0,589,589,32,515,80920,PASS,1,1,18432;70397;59389;15476;59556;70342;14996;20420;60415;1510
72,48,1.000000,0,820,820,48,746,123419,PASS,1,1,18432;70397;59389;15476;59556;70342;14996;20420;60415;1510
72,64,1.000000,0,1056,1056,65,982,154290,PASS,1,1,18432;70397;59389;15476;59556;70342;14996;20420;60415;1510
72,96,1.000000,0,1445,1445,96,1371,226820,PASS,1,1,18432;70397;59389;15476;59556;70342;14996;20420;60415;1510
72,128,1.000000,0,1860,1860,128,1786,286599,PASS,1,1,18432;70397;59389;15476;59556;70342;14996;20420;60415;1510
72,192,1.000000,0,2559,2559,192,2485,426229,PASS,1,1,18432;70397;59389;15476;59556;70342;14996;20420;60415;1510
72,256,1.000000,0,3209,3209,256,3135,524119,PASS,1,1,18432;70397;59389;15476;59556;70342;14996;20420;60415;1510
72,384,1.000000,0,4275,4275,384,4201,742228,PASS,1,1,18432;70397;59389;15476;59556;70342;14996;20420;60415;1510
72,512,1.000000,0,5296,5296,512,5222,926358,PASS,1,1,18432;70397;59389;15476;59556;70342;14996;20420;60415;1510
73,10,0.800000,1,313,313,14,207,62869,PASS,1,1,35385;99743;51539;35230;51551;72704;8243;51586;31334;97874
73,16,0.900000,0,372,372,19,266,48510,PASS,1,1,35385;99743;51539;35230;51551;72704;8243;51586;45435;92187
73,24,0.900000,0,502,502,29,396,69620,PASS,1,1,35385;99743;51539;35230;51551;72704;8243;51586;45435;92187
73,32,0.900000,0,532,532,33,426,67299,PASS,1,1,35385;99743;51539;35230;51551;72704;8243;51586;45435;92187
73,48,1.000000,0,718,718,48,612,112630,PASS,1,1,35385;99743;51539;35230;51551;72704;8243;31496;51586;45435
73,64,1.000000,0,871,871,64,765,129069,PASS,1,1,35385;99743;51539;35230;51551;72704;8243;31496;51586;45435
73,96,1.000000,0,1192,1192,96,1086,192679,PASS,1,1,35385;99743;51539;35230;51551;72704;8243;31496;51586;45435
73,128,1.000000,0,1450,1450,128,1344,228399,PASS,1,1,35385;99743;51539;35230;51551;72704;8243;31496;51586;45435
73,192,1.000000,0,2000,2000,192,1894,341039,PASS,1,1,35385;99743;51539;35230;51551;72704;8243;31496;51586;45435
73,256,1.000000,0,2445,2445,256,2339,443419,PASS,1,1,35385;99743;51539;35230;51551;72704;8243;31496;51586;45435
73,384,1.000000,0,3365,3365,384,3259,610008,PASS,1,1,35385;99743;51539;35230;51551;72704;8243;31496;51586;45435
73,512,1.000000,0,4123,4123,512,4017,767918,PASS,1,1,35385;99743;51539;35230;51551;72704;8243;31496;51586;45435
74,10,0.900000,0,331,331,12,211,68790,PASS,1,1,48313;48193;74420;27186;66472;74732;13639;14802;16296;28212
74,16,1.000000,0,428,428,17,308,58650,PASS,1,1,48313;48193;74420;27186;27069;66472;74732;13639;14802;16296
74,24,1.000000,0,561,561,25,441,79700,PASS,1,1,48313;48193;74420;27186;27069;66472;74732;13639;14802;16296
74,32,1.000000,0,659,659,32,539,91310,PASS,1,1,48313;48193;74420;27186;27069;66472;74732;13639;14802;16296
74,48,1.000000,0,821,821,48,701,121810,PASS,1,1,48313;48193;74420;27186;27069;66472;74732;13639;14802;16296
74,64,1.000000,0,1011,1011,64,891,149399,PASS,1,1,48313;48193;74420;27186;27069;66472;74732;13639;14802;16296
74,96,1.000000,0,1319,1319,96,1199,207419,PASS,1,1,48313;48193;74420;27186;27069;66472;74732;13639;14802;16296
74,128,1.000000,0,1600,1600,128,1480,247659,PASS,1,1,48313;48193;74420;27186;27069;66472;74732;13639;14802;16296
74,192,1.000000,0,2172,2172,192,2052,368098,PASS,1,1,48313;48193;74420;27186;27069;66472;74732;13639;14802;16296
74,256,1.000000,0,2733,2733,256,2613,454838,PASS,1,1,48313;48193;74420;27186;27069;66472;74732;13639;14802;16296
74,384,1.000000,0,3692,3692,385,3572,657718,PASS,1,1,48313;48193;74420;27186;27069;66472;74732;13639;14802;16296
74,512,1.000000,0,4561,4561,512,4441,807398,PASS,1,1,48313;48193;74420;27186;27069;66472;74732;13639;14802;16296
75,10,0.800000,1,309,309,10,212,64709,PASS,1,1,61522;77827;42065;77070;1535;24345;9833;25017;470;65016
75,16,0.900000,0,422,422,16,325,58810,PASS,1,1,61522;77827;42065;77070;1535;42398;24345;9833;25017;470
75,24,0.900000,0,547,547,25,450,77160,PASS,1,1,61522;77827;42065;77070;1535;42398;24345;9833;25017;470
75,32,1.000000,0,657,657,32,560,92640,PASS,1,1,61522;77827;63054;42065;77070;1535;42398;24345;9833;25017
75,48,1.000000,0,857,857,48,760,127620,PASS,1,1,61522;77827;63054;42065;77070;1535;42398;24345;9833;25017
75,64,1.000000,0,1070,1070,64,973,160520,PASS,1,1,61522;77827;63054;42065;77070;1535;42398;24345;9833;25017
75,96,1.000000,0,1443,1443,96,1346,233470,PASS,1,1,61522;77827;63054;42065;77070;1535;42398;24345;9833;25017
75,128,1.000000,0,1817,1817,128,1720,289469,PASS,1,1,61522;77827;63054;42065;77070;1535;42398;24345;9833;25017
75,192,1.000000,0,2391,2391,192,2294,402399,PASS,1,1,61522;77827;63054;42065;77070;1535;42398;24345;9833;25017
75,256,1.000000,0,2953,2953,256,2856,499398,PASS,1,1,61522;77827;63054;42065;77070;1535;42398;24345;9833;25017
75,384,1.000000,0,3761,3761,384,3664,669378,PASS,1,1,61522;77827;63054;42065;77070;1535;42398;24345;9833;25017
75,512,1.000000,0,4483,4483,512,4386,791298,PASS,1,1,61522;77827;63054;42065;77070;1535;42398;24345;9833;25017
76,10,1.000000,0,265,265,10,154,51179,PASS,1,1,98984;17210;58030;58057;92582;66689;35952;35969;35826;47141
76,16,1.000000,0,340,340,16,229,43930,PASS,1,1,98984;17210;58030;58057;92582;66689;35952;35969;35826;47141
76,24,1.000000,0,428,428,24,317,56430,PASS,1,1,98984;17210;58030;58057;92582;66689;35952;35969;35826;47141
76,32,1.000000,0,526,526,32,415,69180,PASS,1,1,98984;17210;58030;58057;92582;66689;35952;35969;35826;47141
76,48,1.000000,0,690,690,48,579,100410,PASS,1,1,98984;17210;58030;58057;92582;66689;35952;35969;35826;47141
76,64,1.000000,0,847,847,64,736,120000,PASS,1,1,98984;17210;58030;58057;92582;66689;35952;35969;35826;47141
76,96,1.000000,0,1110,1110,96,999,171280,PASS,1,1,98984;17210;58030;58057;92582;66689;35952;35969;35826;47141
76,128,1.000000,0,1406,1406,128,1295,212010,PASS,1,1,98984;17210;58030;58057;92582;66689;35952;35969;35826;47141
76,192,1.000000,0,1839,1839,192,1728,297599,PASS,1,1,98984;17210;58030;58057;92582;66689;35952;35969;35826;47141
76,256,1.000000,0,2261,2261,256,2150,361569,PASS,1,1,98984;17210;58030;58057;92582;66689;35952;35969;35826;47141
76,384,1.000000,0,3078,3078,384,2967,538998,PASS,1,1,98984;17210;58030;58057;92582;66689;35952;35969;35826;47141
76,512,1.000000,0,3946,3946,512,3835,737308,PASS,1,1,98984;17210;58030;58057;92582;66689;35952;35969;35826;47141
77,10,0.700000,1,293,293,12,210,53040,PASS,1,1,89726;93893;25645;70429;33543;43211;6549;43491;20446;80294
77,16,0.900000,0,366,366,18,283,47999,PASS,1,1,89726;93893;25739;27082;25645;70429;33543;43211;6549;40173
77,24,1.000000,0,467,467,25,384,64750,PASS,1,1,89726;93893;25739;27082;25645;70429;33543;913;43211;6549
77,32,1.000000,0,585,585,33,502,78710,PASS,1,1,89726;93893;25739;27082;25645;70429;33543;913;43211;6549
77,48,1.000000,0,740,740,48,657,127920,PASS,1,1,89726;93893;25739;27082;25645;70429;33543;913;43211;6549
77,64,1.000000,0,920,920,64,837,132149,PASS,1,1,89726;93893;25739;27082;25645;70429;33543;913;43211;6549
77,96,1.000000,0,1260,1260,96,1177,189479,PASS,1,1,89726;93893;25739;27082;25645;70429;33543;913;43211;6549
77,128,1.000000,0,1597,1597,128,1514,239699,PASS,1,1,89726;93893;25739;27082;25645;70429;33543;913;43211;6549
77,192,1.000000,0,2229,2229,192,2146,355268,PASS,1,1,89726;93893;25739;27082;25645;70429;33543;913;43211;6549
77,256,1.000000,0,2765,2765,256,2682,458798,PASS,1,1,89726;93893;25739;27082;25645;70429;33543;913;43211;6549
77,384,1.000000,0,3702,3702,384,3619,632458,PASS,1,1,89726;93893;25739;27082;25645;70429;33543;913;43211;6549
77,512,1.000000,0,4580,4580,512,4497,777158,PASS,1,1,89726;93893;25739;27082;25645;70429;33543;913;43211;6549
78,10,0.600000,1,382,382,16,294,78129,PASS,1,1,17565;80836;17293;63310;84770;9291;60829;59072;9280;87
78,16,0.900000,0,463,463,21,375,63630,PASS,1,1,17565;835;80836;17293;18915;63310;31417;84770;9291;60829
78,24,1.000000,0,551,551,28,463,77480,PASS,1,1,17565;835;80836;17293;18915;15540;63310;31417;84770;9291
78,32,1.000000,0,680,680,36,592,98500,PASS,1,1,17565;835;80836;17293;18915;15540;63310;31417;84770;9291
78,48,1.000000,0,879,879,52,791,140999,PASS,1,1,17565;835;80836;17293;18915;15540;63310;31417;84770;9291
78,64,1.000000,0,1052,1052,68,964,163790,PASS,1,1,17565;835;80836;17293;18915;15540;63310;31417;84770;9291
78,96,1.000000,0,1441,1441,100,1353,238960,PASS,1,1,17565;835;80836;17293;18915;15540;63310;31417;84770;9291
78,128,1.000000,0,1809,1809,132,1721,290339,PASS,1,1,17565;835;80836;17293;18915;15540;63310;31417;84770;9291
78,192,1.000000,0,2548,2548,195,2460,435248,PASS,1,1,17565;835;80836;17293;18915;15540;63310;31417;84770;9291
78,256,1.000000,0,3070,3070,258,2982,498759,PASS,1,1,17565;835;80836;17293;18915;15540;63310;31417;84770;9291
78,384,1.000000,0,4097,4097,385,4009,782067,PASS,1,1,17565;835;80836;17293;18915;15540;63310;31417;84770;9291
78,512,1.000000,0,5050,5050,513,4962,874907,PASS,1,1,17565;835;80836;17293;18915;15540;63310;31417;84770;9291
79,10,0.800000,1,344,344,17,255,72619,PASS,1,1,70055;87745;44355;91599;44302;96362;44964;80597;5483;33021
79,16,0.900000,0,391,391,21,302,50920,PASS,1,1,70055;24409;87745;44355;91599;44302;96362;44964;80597;5483
79,24,0.900000,0,449,449,27,360,64340,PASS,1,1,70055;24409;87745;44355;91599;44302;96362;44964;80597;5483
79,32,0.900000,0,540,540,35,451,79809,PASS,1,1,70055;24409;87745;44355;91599;44302;96362;44964;80597;5483
79,48,1.000000,0,731,731,48,642,115250,PASS,1,1,70055;24409;87745;44355;91699;91599;44302;96362;44964;80597
79,64,1.000000,0,938,938,64,849,147080,PASS,1,1,70055;24409;87745;44355;91699;91599;44302;96362;44964;80597
79,96,1.000000,0,1362,1362,96,1273,226549,PASS,1,1,70055;24409;87745;44355;91699;91599;44302;96362;44964;80597
79,128,1.000000,0,1763,1763,128,1674,304580,PASS,1,1,70055;24409;87745;44355;91699;91599;44302;96362;44964;80597
79,192,1.000000,0,2457,2457,192,2368,416389,PASS,1,1,70055;24409;87745;44355;91699;91599;44302;96362;44964;80597
79,256,1.000000,0,3054,3054,256,2965,504138,PASS,1,1,70055;24409;87745;44355;91699;91599;44302;96362;44964;80597
79,384,1.000000,0,4017,4017,384,3928,712108,PASS,1,1,70055;24409;87745;44355;91699;91599;44302;96362;44964;80597
79,512,1.000000,0,4807,4807,512,4718,870998,PASS,1,1,70055;24409;87745;44355;91699;91599;44302;96362;44964;80597
80,10,0.800000,1,237,237,12,171,43770,PASS,1,1,80550;5262;6055;21020;5797;21044;27667;78585;9621;12948
80,16,1.000000,0,343,343,18,277,48940,PASS,1,1,80550;5262;83223;6055;21020;5797;21044;84389;27667;78585
80,24,1.000000,0,449,449,25,383,61850,PASS,1,1,80550;5262;83223;6055;21020;5797;21044;84389;27667;78585
80,32,1.000000,0,558,558,32,492,76310,PASS,1,1,80550;5262;83223;6055;21020;5797;21044;84389;27667;78585
80,48,1.000000,0,775,775,50,709,118700,PASS,1,1,80550;5262;83223;6055;21020;5797;21044;84389;27667;78585
80,64,1.000000,0,940,940,64,874,135979,PASS,1,1,80550;5262;83223;6055;21020;5797;21044;84389;27667;78585
80,96,1.000000,0,1267,1267,96,1201,199459,PASS,1,1,80550;5262;83223;6055;21020;5797;21044;84389;27667;78585
80,128,1.000000,0,1568,1568,128,1502,244269,PASS,1,1,80550;5262;83223;6055;21020;5797;21044;84389;27667;78585
80,192,1.000000,0,2066,2066,192,2000,341039,PASS,1,1,80550;5262;83223;6055;21020;5797;21044;84389;27667;78585
80,256,1.000000,0,2543,2543,256,2477,440688,PASS,1,1,80550;5262;83223;6055;21020;5797;21044;84389;27667;78585
80,384,1.000000,0,3465,3465,385,3399,626408,PASS,1,1,80550;5262;83223;6055;21020;5797;21044;84389;27667;78585
80,512,1.000000,0,4131,4131,512,4065,724078,PASS,1,1,80550;5262;83223;6055;21020;5797;21044;84389;27667;78585
81,10,0.400000,1,449,449,22,368,96300,PASS,1,1,58644;99999;5512;82592;71631;59856;43282;79456;95318;79402
81,16,0.400000,1,481,481,25,400,61159,PASS,1,1,58644;99999;5512;82592;71631;59856;43282;79456;95318;79402
81,24,0.600000,1,583,583,32,502,81470,PASS,1,1,58644;99999;80733;5512;82592;8480;44034;71631;59856;43282
81,32,0.700000,1,651,651,38,570,90510,PASS,1,1,58644;99999;77203;80733;5512;82592;8480;44034;71631;59856
81,48,0.800000,1,846,846,53,765,136430,PASS,1,1,58644;99999;80802;77203;80733;5512;82592;8480;16521;98903
81,64,0.800000,1,1012,1012,65,931,200869,PASS,1,1,58644;99999;80802;77203;80733;5512;82592;8480;16521;98903
81,96,0.900000,0,1368,1368,97,1287,222349,PASS,1,1,58644;99999;85740;80802;77203;80733;5512;82592;8480;16521
81,128,0.900000,0,1677,1677,129,1596,267860,PASS,1,1,58644;99999;85740;80802;77203;80733;5512;82592;8480;16521
81,192,0.900000,0,2213,2213,193,2132,376259,PASS,1,1,58644;99999;85740;80802;77203;80733;5512;82592;8480;16521
81,256,1.000000,0,2796,2796,258,2715,477689,PASS,1,1,58644;99999;85740;80802;77203;80733;64269;5512;82592;8480
81,384,1.000000,0,3740,3740,385,3659,670558,PASS,1,1,58644;99999;85740;80802;77203;80733;64269;5512;82592;8480
81,512,1.000000,0,4632,4632,512,4551,823238,PASS,1,1,58644;99999;85740;80802;77203;80733;64269;5512;82592;8480
82,10,1.000000,0,271,271,10,162,56700,PASS,1,1,23698;16676;24356;23919;30406;23700;75714;48917;10360;30960
82,16,1.000000,0,335,335,16,226,46770,PASS,1,1,23698;16676;24356;23919;30406;23700;75714;48917;10360;30960
82,24,1.000000,0,408,408,24,299,58790,PASS,1,1,23698;16676;24356;23919;30406;23700;75714;48917;10360;30960
82,32,1.000000,0,479,479,32,370,67250,PASS,1,1,23698;16676;24356;23919;30406;23700;75714;48917;10360;30960
82,48,1.000000,0,609,609,48,500,95000,PASS,1,1,23698;16676;24356;23919;30406;23700;75714;48917;10360;30960
82,64,1.000000,0,737,737,64,628,113129,PASS,1,1,23698;16676;24356;23919;30406;23700;75714;48917;10360;30960
82,96,1.000000,0,968,968,96,859,161209,PASS,1,1,23698;16676;24356;23919;30406;23700;75714;48917;10360;30960
82,128,1.000000,0,1171,1171,128,1062,189319,PASS,1,1,23698;16676;24356;23919;30406;23700;75714;48917;10360;30960
82,192,1.000000,0,1578,1578,192,1469,277129,PASS,1,1,23698;16676;24356;23919;30406;23700;75714;48917;10360;30960
82,256,1.000000,0,1923,1923,256,1814,338629,PASS,1,1,23698;16676;24356;23919;30406;23700;75714;48917;10360;30960
82,384,1.000000,0,2586,2586,384,2477,482808,PASS,1,1,23698;16676;24356;23919;30406;23700;75714;48917;10360;30960
82,512,1.000000,0,3196,3196,512,3087,591668,PASS,1,1,23698;16676;24356;23919;30406;23700;75714;48917;10360;30960
83,10,0.800000,1,350,350,12,217,56230,PASS,1,1,98737;74354;66178;98672;58827;55968;76210;69973;98789;68719
83,16,0.900000,0,436,436,19,303,53290,PASS,1,1,98737;47155;74354;66178;98672;58827;55968;76210;69973;97879
83,24,0.900000,0,537,537,25,404,69880,PASS,1,1,98737;47155;74354;66178;98672;58827;55968;76210;69973;97879
83,32,0.900000,0,630,630,33,497,81610,PASS,1,1,98737;47155;74354;66178;98672;58827;55968;76210;69973;97879
83,48,0.900000,0,857,857,48,724,117149,PASS,1,1,98737;47155;74354;66178;98672;58827;55968;76210;69973;97879
83,64,0.900000,0,1031,1031,64,898,141350,PASS,1,1,98737;47155;74354;66178;98672;58827;55968;76210;69973;97879
83,96,0.900000,0,1329,1329,96,1196,195600,PASS,1,1,98737;47155;74354;66178;98672;58827;55968;76210;69973;97879
83,128,1.000000,0,1645,1645,128,1512,269029,PASS,1,1,98737;47155;74354;66178;98672;58827;55968;84570;76210;69973
83,192,1.000000,0,2210,2210,192,2077,356449,PASS,1,1,98737;47155;74354;66178;98672;58827;55968;84570;76210;69973
83,256,1.000000,0,2725,2725,256,2592,441169,PASS,1,1,98737;47155;74354;66178;98672;58827;55968;84570;76210;69973
83,384,1.000000,0,3679,3679,384,3546,640038,PASS,1,1,98737;47155;74354;66178;98672;58827;55968;84570;76210;69973
83,512,1.000000,0,4441,4441,512,4308,763458,PASS,1,1,98737;47155;74354;66178;98672;58827;55968;84570;76210;69973
84,10,0.700000,1,321,321,15,235,65910,PASS,1,1,99835;97905;62483;78005;78046;66522;44801;99411;90258;76338
84,16,0.700000,1,372,372,17,286,49649,PASS,1,1,99835;97905;62483;78005;78046;66522;44801;99411;90258;76338
84,24,1.000000,0,481,481,25,395,70380,PASS,1,1,12078;12231;99835;97905;62483;78005;78046;66522;44801;12295
84,32,1.000000,0,585,585,33,499,85800,PASS,1,1,12078;12231;99835;97905;62483;78005;78046;66522;44801;12295
84,48,1.000000,0,749,749,49,663,116590,PASS,1,1,12078;12231;99835;97905;62483;78005;78046;66522;44801;12295
84,64,1.000000,0,940,940,65,854,145999,PASS,1,1,12078;12231;99835;97905;62483;78005;78046;66522;44801;12295
84,96,1.000000,0,1371,1371,98,1285,226089,PASS,1,1,12078;12231;99835;97905;62483;78005;78046;66522;44801;12295
84,128,1.000000,0,1692,1692,129,1606,266799,PASS,1,1,12078;12231;99835;97905;62483;78005;78046;66522;44801;12295
84,192,1.000000,0,2372,2372,193,2286,410439,PASS,1,1,12078;12231;99835;97905;62483;78005;78046;66522;44801;12295
84,256,1.000000,0,2977,2977,257,2891,499939,PASS,1,1,12078;12231;99835;97905;62483;78005;78046;66522;44801;12295
84,384,1.000000,0,4028,4028,384,3942,717628,PASS,1,1,12078;12231;99835;97905;62483;78005;78046;66522;44801;12295
84,512,1.000000,0,4973,4973,512,4887,873717,PASS,1,1,12078;12231;99835;97905;62483;78005;78046;66522;44801;12295
85,10,1.000000,0,372,372,14,289,68910,PASS,1,1,40083;78383;61774;19209;62482;50429;89665;64932;93785;63136
85,16,1.000000,0,430,430,17,347,54990,PASS,1,1,40083;78383;61774;19209;62482;50429;89665;64932;93785;63136
85,24,1.000000,0,546,546,25,463,77710,PASS,1,1,40083;78383;61774;19209;62482;50429;89665;64932;93785;63136
85,32,1.000000,0,684,684,33,601,95850,PASS,1,1,40083;78383;61774;19209;62482;50429;89665;64932;93785;63136
85,48,1.000000,0,945,945,50,862,163270,PASS,1,1,40083;78383;61774;19209;62482;50429;89665;64932;93785;63136
85,64,1.000000,0,1152,1152,65,1069,168539,PASS,1,1,40083;78383;61774;19209;62482;50429;89665;64932;93785;63136
85,96,1.000000,0,1629,1629,98,1546,259399,PASS,1,1,40083;78383;61774;19209;62482;50429;89665;64932;93785;63136
85,128,1.000000,0,1971,1971,128,1888,302929,PASS,1,1,40083;78383;61774;19209;62482;50429;89665;64932;93785;63136
85,192,1.000000,0,2731,2731,192,2648,458218,PASS,1,1,40083;78383;61774;19209;62482;50429;89665;64932;93785;63136
85,256,1.000000,0,3423,3423,256,3340,562178,PASS,1,1,40083;78383;61774;19209;62482;50429;89665;64932;93785;63136
85,384,1.000000,0,4533,4533,384,4450,792978,PASS,1,1,40083;78383;61774;19209;62482;50429;89665;64932;93785;63136
85,512,1.000000,0,5531,5531,512,5448,939087,PASS,1,1,40083;78383;61774;19209;62482;50429;89665;64932;93785;63136
86,10,0.900000,0,339,339,12,216,69200,PASS,1,1,94260;94967;4552;30783;79394;68319;59216;61876;93819;90948
86,16,0.900000,0,407,407,17,284,53380,PASS,1,1,94260;94967;4552;30783;79394;68319;59216;61876;93819;90948
86,24,0.900000,0,485,485,24,362,66270,PASS,1,1,94260;94967;4552;30783;79394;68319;59216;61876;93819;90948
86,32,0.900000,0,582,582,32,459,82050,PASS,1,1,94260;94967;4552;30783;79394;68319;59216;61876;93819;90948
86,48,0.900000,0,780,780,48,657,119440,PASS,1,1,94260;94967;4552;30783;79394;68319;59216;61876;93819;90948
86,64,1.000000,0,947,947,64,824,143049,PASS,1,1,94260;94967;4552;30783;79394;68319;21849;59216;61876;93819
86,96,1.000000,0,1199,1199,96,1076,207169,PASS,1,1,94260;94967;4552;30783;79394;68319;21849;59216;61876;93819
86,128,1.000000,0,1501,1501,129,1378,243239,PASS,1,1,94260;94967;4552;30783;79394;68319;21849;59216;61876;93819
86,192,1.000000,0,1986,1986,192,1863,343089,PASS,1,1,94260;94967;4552;30783;79394;68319;21849;59216;61876;93819
86,256,1.000000,0,2433,2433,256,2310,417229,PASS,1,1,94260;94967;4552;30783;79394;68319;21849;59216;61876;93819
86,384,1.000000,0,3251,3251,384,3128,597738,PASS,1,1,94260;94967;4552;30783;79394;68319;21849;59216;61876;93819
86,512,1.000000,0,3961,3961,512,3838,720388,PASS,1,1,94260;94967;4552;30783;79394;68319;21849;59216;61876;93819
87,10,0.900000,0,321,321,13,230,61339,PASS,1,1,63349;59593;53123;224;882;190;43745;61061;22937;93586
87,16,1.000000,0,411,411,18,320,56410,PASS,1,1,63349;59593;94498;53123;224;882;190;43745;61061;22937
87,24,1.000000,0,567,567,26,476,80730,PASS,1,1,63349;59593;94498;53123;224;882;190;43745;61061;22937
87,32,1.000000,0,674,674,34,583,92929,PASS,1,1,63349;59593;94498;53123;224;882;190;43745;61061;22937
87,48,1.000000,0,844,844,48,753,122690,PASS,1,1,63349;59593;94498;53123;224;882;190;43745;61061;22937
87,64,1.000000,0,1030,1030,64,939,150840,PASS,1,1,63349;59593;94498;53123;224;882;190;43745;61061;22937
87,96,1.000000,0,1331,1331,96,1240,206120,PASS,1,1,63349;59593;94498;53123;224;882;190;43745;61061;22937
87,128,1.000000,0,1632,1632,128,1541,249500,PASS,1,1,63349;59593;94498;53123;224;882;190;43745;61061;22937
87,192,1.000000,0,2251,2251,192,2160,369679,PASS,1,1,63349;59593;94498;53123;224;882;190;43745;61061;22937
87,256,1.000000,0,2732,2732,256,2641,441759,PASS,1,1,63349;59593;94498;53123;224;882;190;43745;61061;22937
87,384,1.000000,0,3673,3673,384,3582,643359,PASS,1,1,63349;59593;94498;53123;224;882;190;43745;61061;22937
87,512,1.000000,0,4373,4373,512,4282,755578,PASS,1,1,63349;59593;94498;53123;224;882;190;43745;61061;22937
88,10,1.000000,0,291,291,18,230,59540,PASS,1,1,93338;94537;30191;6006;6779;24310;40292;25874;81508;64331
88,16,1.000000,0,327,327,22,266,45659,PASS,1,1,93338;94537;30191;6006;6779;24310;40292;25874;81508;64331
88,24,1.000000,0,408,408,30,347,62240,PASS,1,1,93338;94537;30191;6006;6779;24310;40292;25874;81508;64331
88,32,1.000000,0,455,455,38,394,67880,PASS,1,1,93338;94537;30191;6006;6779;24310;40292;25874;81508;64331
88,48,1.000000,0,582,582,53,521,92829,PASS,1,1,93338;94537;30191;6006;6779;24310;40292;25874;81508;64331
88,64,1.000000,0,708,708,66,647,112370,PASS,1,1,93338;94537;30191;6006;6779;24310;40292;25874;81508;64331
88,96,1.000000,0,1000,1000,98,939,174889,PASS,1,1,93338;94537;30191;6006;6779;24310;40292;25874;81508;64331
88,128,1.000000,0,1247,1247,130,1186,204319,PASS,1,1,93338;94537;30191;6006;6779;24310;40292;25874;81508;64331
88,192,1.000000,0,1736,1736,193,1675,298420,PASS,1,1,93338;94537;30191;6006;6779;24310;40292;25874;81508;64331
88,256,1.000000,0,2143,2143,257,2082,360139,PASS,1,1,93338;94537;30191;6006;6779;24310;40292;25874;81508;64331
88,384,1.000000,0,2951,2951,385,2890,538049,PASS,1,1,93338;94537;30191;6006;6779;24310;40292;25874;81508;64331
88,512,1.000000,0,3641,3641,512,3580,651518,PASS,1,1,93338;94537;30191;6006;6779;24310;40292;25874;81508;64331
89,10,0.100000,1,332,332,13,206,68289,PASS,1,1,88897;91500;21120;89165;68717;59944;87949;88173;44137;82513
89,16,0.800000,1,536,536,27,410,82270,PASS,1,1,30422;97707;33881;97041;35159;56606;95514;88897;70783;91500
89,24,0.800000,1,554,554,28,428,68640,PASS,1,1,30422;97707;33881;97041;35159;56606;95514;88897;70783;91500
89,32,0.800000,1,671,671,35,545,94360,PASS,1,1,30422;97707;33881;97041;35159;56606;95514;88897;70783;91500
89,48,0.800000,1,894,894,49,768,136370,PASS,1,1,30422;97707;33881;97041;35159;56606;95514;88897;70783;91500
89,64,1.000000,0,1053,1053,64,927,154060,PASS,1,1,30422;97707;33881;45002;97041;35159;56606;63330;95514;88897
89,96,1.000000,0,1447,1447,97,1321,235600,PASS,1,1,30422;97707;33881;45002;97041;35159;56606;63330;95514;88897
89,128,1.000000,0,1753,1753,128,1627,276279,PASS,1,1,30422;97707;33881;45002;97041;35159;56606;63330;95514;88897
89,192,1.000000,0,2402,2402,192,2276,406638,PASS,1,1,30422;97707;33881;45002;97041;35159;56606;63330;95514;88897
89,256,1.000000,0,3051,3051,256,2925,511239,PASS,1,1,30422;97707;33881;45002;97041;35159;56606;63330;95514;88897
89,384,1.000000,0,4075,4075,384,3949,742718,PASS,1,1,30422;97707;33881;45002;97041;35159;56606;63330;95514;88897
89,512,1.000000,0,5026,5026,512,4900,876777,PASS,1,1,30422;97707;33881;45002;97041;35159;56606;63330;95514;88897
90,10,0.900000,0,301,301,11,174,63360,PASS,1,1,92569;50152;65863;48124;96870;28953;63627;99189;33872;99547
90,16,1.000000,0,415,415,17,288,59380,PASS,1,1,92569;50152;65863;48124;96870;28953;63627;99189;61578;33872
90,24,1.000000,0,545,545,25,418,77030,PASS,1,1,92569;50152;65863;48124;96870;28953;63627;99189;61578;33872
90,32,1.000000,0,660,660,33,533,90320,PASS,1,1,92569;50152;65863;48124;96870;28953;63627;99189;61578;33872
90,48,1.000000,0,877,877,48,750,132499,PASS,1,1,92569;50152;65863;48124;96870;28953;63627;99189;61578;33872
90,64,1.000000,0,1108,1108,64,981,164839,PASS,1,1,92569;50152;65863;48124;96870;28953;63627;99189;61578;33872
90,96,1.000000,0,1436,1436,96,1309,222099,PASS,1,1,92569;50152;65863;48124;96870;28953;63627;99189;61578;33872
90,128,1.000000,0,1772,1772,128,1645,276689,PASS,1,1,92569;50152;65863;48124;96870;28953;63627;99189;61578;33872
90,192,1.000000,0,2347,2347,192,2220,389969,PASS,1,1,92569;50152;65863;48124;96870;28953;63627;99189;61578;33872
90,256,1.000000,0,2815,2815,256,2688,462849,PASS,1,1,92569;50152;65863;48124;96870;28953;63627;99189;61578;33872
90,384,1.000000,0,3817,3817,384,3690,681498,PASS,1,1,92569;50152;65863;48124;96870;28953;63627;99189;61578;33872
90,512,1.000000,0,4671,4671,512,4544,811597,PASS,1,1,92569;50152;65863;48124;96870;28953;63627;99189;61578;33872
91,10,0.600000,1,284,284,11,179,58680,PASS,1,1,83989;73479;63820;79885;84887;72534;70018;84104;30812;49803
91,16,1.000000,0,393,393,19,288,57420,PASS,1,1,83989;34498;73479;55580;11239;64410;63820;79885;84887;72534
91,24,1.000000,0,476,476,25,371,66680,PASS,1,1,83989;34498;73479;55580;11239;64410;63820;79885;84887;72534
91,32,1.000000,0,578,578,33,473,81020,PASS,1,1,83989;34498;73479;55580;11239;64410;63820;79885;84887;72534
91,48,1.000000,0,797,797,50,692,124990,PASS,1,1,83989;34498;73479;55580;11239;64410;63820;79885;84887;72534
91,64,1.000000,0,960,960,65,855,144850,PASS,1,1,83989;34498;73479;55580;11239;64410;63820;79885;84887;72534
91,96,1.000000,0,1291,1291,96,1186,206739,PASS,1,1,83989;34498;73479;55580;11239;64410;63820;79885;84887;72534
91,128,1.000000,0,1630,1630,128,1525,255600,PASS,1,1,83989;34498;73479;55580;11239;64410;63820;79885;84887;72534
91,192,1.000000,0,2260,2260,192,2155,380189,PASS,1,1,83989;34498;73479;55580;11239;64410;63820;79885;84887;72534
91,256,1.000000,0,2720,2720,256,2615,449169,PASS,1,1,83989;34498;73479;55580;11239;64410;63820;79885;84887;72534
91,384,1.000000,0,3527,3527,384,3422,629578,PASS,1,1,83989;34498;73479;55580;11239;64410;63820;79885;84887;72534
91,512,1.000000,0,4456,4456,512,4351,800208,PASS,1,1,83989;34498;73479;55580;11239;64410;63820;79885;84887;72534
92,10,1.000000,0,274,274,11,186,57920,PASS,1,1,68422;44705;37133;68327;68673;81672;68331;43522;173;44528
92,16,1.000000,0,355,355,17,267,49690,PASS,1,1,68422;44705;37133;68327;68673;81672;68331;43522;173;44528
92,24,1.000000,0,429,429,24,341,66720,PASS,1,1,68422;44705;37133;68327;68673;81672;68331;43522;173;44528
92,32,1.000000,0,526,526,32,438,79540,PASS,1,1,68422;44705;37133;68327;68673;81672;68331;43522;173;44528
92,48,1.000000,0,731,731,48,643,113490,PASS,1,1,68422;44705;37133;68327;68673;81672;68331;43522;173;44528
92,64,1.000000,0,902,902,64,814,135250,PASS,1,1,68422;44705;37133;68327;68673;81672;68331;43522;173;44528
92,96,1.000000,0,1270,1270,96,1182,206249,PASS,1,1,68422;44705;37133;68327;68673;81672;68331;43522;173;44528
92,128,1.000000,0,1558,1558,128,1470,241650,PASS,1,1,68422;44705;37133;68327;68673;81672;68331;43522;173;44528
92,192,1.000000,0,2120,2120,192,2032,371449,PASS,1,1,68422;44705;37133;68327;68673;81672;68331;43522;173;44528
92,256,1.000000,0,2621,2621,256,2533,432699,PASS,1,1,68422;44705;37133;68327;68673;81672;68331;43522;173;44528
92,384,1.000000,0,3525,3525,384,3437,628668,PASS,1,1,68422;44705;37133;68327;68673;81672;68331;43522;173;44528
92,512,1.000000,0,4346,4346,512,4258,766188,PASS,1,1,68422;44705;37133;68327;68673;81672;68331;43522;173;44528
93,10,1.000000,0,214,214,11,111,50000,PASS,1,1,53293;52347;9285;44750;52253;37221;53364;36891;9491;36056
93,16,1.000000,0,252,252,16,149,41430,PASS,1,1,53293;52347;9285;44750;52253;37221;53364;36891;9491;36056
93,24,1.000000,0,289,289,24,186,39440,PASS,1,1,53293;52347;9285;44750;52253;37221;53364;36891;9491;36056
93,32,1.000000,0,330,330,32,227,46030,PASS,1,1,53293;52347;9285;44750;52253;37221;53364;36891;9491;36056
93,48,1.000000,0,410,410,48,307,64720,PASS,1,1,53293;52347;9285;44750;52253;37221;53364;36891;9491;36056
93,64,1.000000,0,494,494,64,391,79699,PASS,1,1,53293;52347;9285;44750;52253;37221;53364;36891;9491;36056
93,96,1.000000,0,657,657,97,554,114400,PASS,1,1,53293;52347;9285;44750;52253;37221;53364;36891;9491;36056
93,128,1.000000,0,845,845,128,742,146639,PASS,1,1,53293;52347;9285;44750;52253;37221;53364;36891;9491;36056
93,192,1.000000,0,1105,1105,192,1002,205209,PASS,1,1,53293;52347;9285;44750;52253;37221;53364;36891;9491;36056
93,256,1.000000,0,1339,1339,256,1236,244709,PASS,1,1,53293;52347;9285;44750;52253;37221;53364;36891;9491;36056
93,384,1.000000,0,1746,1746,385,1643,371879,PASS,1,1,53293;52347;9285;44750;52253;37221;53364;36891;9491;36056
93,512,1.000000,0,2145,2145,512,2042,441309,PASS,1,1,53293;52347;9285;44750;52253;37221;53364;36891;9491;36056
94,10,0.900000,0,337,337,13,235,70880,PASS,1,1,68539;95910;96070;68596;69279;96681;61097;30326;36640;89449
94,16,1.000000,0,423,423,18,321,60199,PASS,1,1,68539;95910;96070;68596;69279;96681;61097;30326;36640;23548
94,24,1.000000,0,512,512,25,410,72720,PASS,1,1,68539;95910;96070;68596;69279;96681;61097;30326;36640;23548
94,32,1.000000,0,647,647,33,545,110969,PASS,1,1,68539;95910;96070;68596;69279;96681;61097;30326;36640;23548
94,48,1.000000,0,879,879,48,777,132680,PASS,1,1,68539;95910;96070;68596;69279;96681;61097;30326;36640;23548
94,64,1.000000,0,1059,1059,64,957,153000,PASS,1,1,68539;95910;96070;68596;69279;96681;61097;30326;36640;23548
94,96,1.000000,0,1343,1343,96,1241,212650,PASS,1,1,68539;95910;96070;68596;69279;96681;61097;30326;36640;23548
94,128,1.000000,0,1689,1689,128,1587,269630,PASS,1,1,68539;95910;96070;68596;69279;96681;61097;30326;36640;23548
94,192,1.000000,0,2265,2265,193,2163,387199,PASS,1,1,68539;95910;96070;68596;69279;96681;61097;30326;36640;23548
94,256,1.000000,0,2724,2724,256,2622,456588,PASS,1,1,68539;95910;96070;68596;69279;96681;61097;30326;36640;23548
94,384,1.000000,0,3609,3609,384,3507,648758,PASS,1,1,68539;95910;96070;68596;69279;96681;61097;30326;36640;23548
94,512,1.000000,0,4355,4355,512,4253,772488,PASS,1,1,68539;95910;96070;68596;69279;96681;61097;30326;36640;23548
95,10,0.700000,1,400,400,13,264,80669,PASS,1,1,18524;18038;13534;15888;15346;22276;95333;87229;85924;99041
95,16,0.700000,1,499,499,18,363,87520,PASS,1,1,18524;18038;13534;15888;15346;22276;95333;19847;87229;85924
95,24,0.900000,0,609,609,26,473,99000,PASS,1,1,18524;18038;13534;15888;15346;22276;77026;37171;95333;77948
95,32,0.900000,0,737,737,33,601,100060,PASS,1,1,18524;18038;13534;15888;15346;22276;77026;37171;95333;77948
95,48,1.000000,0,965,965,48,829,139650,PASS,1,1,18524;18038;30415;13534;15888;15346;22276;77026;37171;95333
95,64,1.000000,0,1227,1227,64,1091,177570,PASS,1,1,18524;18038;30415;13534;15888;15346;22276;77026;37171;95333
95,96,1.000000,0,1663,1663,96,1527,255870,PASS,1,1,18524;18038;30415;13534;15888;15346;22276;77026;37171;95333
95,128,1.000000,0,2076,2076,128,1940,329429,PASS,1,1,18524;18038;30415;13534;15888;15346;22276;77026;37171;95333
95,192,1.000000,0,2802,2802,192,2666,459339,PASS,1,1,18524;18038;30415;13534;15888;15346;22276;77026;37171;95333
95,256,1.000000,0,3463,3463,256,3327,567588,PASS,1,1,18524;18038;30415;13534;15888;15346;22276;77026;37171;95333
95,384,1.000000,0,4568,4568,384,4432,798837,PASS,1,1,18524;18038;30415;13534;15888;15346;22276;77026;37171;95333
95,512,1.000000,0,5528,5528,512,5392,942298,PASS,1,1,18524;18038;30415;13534;15888;15346;22276;77026;37171;95333
96,10,0.700000,1,321,321,12,225,63140,PASS,1,1,77466;66941;28281;42393;42119;31620;67023;42849;6131;3086
96,16,0.700000,1,385,385,17,289,50510,PASS,1,1,77466;66941;28281;42393;42119;31620;67023;42849;6131;3086
96,24,0.700000,1,522,522,26,426,73830,PASS,1,1,77466;66941;28281;42393;42119;31620;67023;42849;6131;3086
96,32,0.700000,1,618,618,33,522,82620,PASS,1,1,77466;66941;28281;42393;42119;31620;67023;42849;6131;3086
96,48,0.800000,1,794,794,49,698,118600,PASS,1,1,43790;77466;66941;28281;42393;42119;31620;67023;42849;6131
96,64,1.000000,0,958,958,65,862,139509,PASS,1,1,43790;77466;66941;28281;42393;10830;42119;58993;31620;67023
96,96,1.000000,0,1265,1265,97,1169,204990,PASS,1,1,43790;77466;66941;28281;42393;10830;42119;58993;31620;67023
96,128,1.000000,0,1562,1562,128,1466,246749,PASS,1,1,43790;77466;66941;28281;42393;10830;42119;58993;31620;67023
96,192,1.000000,0,2120,2120,192,2024,364529,PASS,1,1,43790;77466;66941;28281;42393;10830;42119;58993;31620;67023
96,256,1.000000,0,2633,2633,256,2537,444319,PASS,1,1,43790;77466;66941;28281;42393;10830;42119;58993;31620;67023
96,384,1.000000,0,3689,3689,384,3593,659439,PASS,1,1,43790;77466;66941;28281;42393;10830;42119;58993;31620;67023
96,512,1.000000,0,4503,4503,512,4407,779778,PASS,1,1,43790;77466;66941;28281;42393;10830;42119;58993;31620;67023
97,10,1.000000,0,211,211,11,134,42830,PASS,1,1,11666;55115;10470;55200;22283;10419;11137;54512;54658;61469
97,16,1.000000,0,272,272,16,195,46109,PASS,1,1,11666;55115;10470;55200;22283;10419;11137;54512;54658;61469
97,24,1.000000,0,387,387,26,310,56020,PASS,1,1,11666;55115;10470;55200;22283;10419;11137;54512;54658;61469
97,32,1.000000,0,458,458,32,381,62970,PASS,1,1,11666;55115;10470;55200;22283;10419;11137;54512;54658;61469
97,48,1.000000,0,647,647,48,570,97599,PASS,1,1,11666;55115;10470;55200;22283;10419;11137;54512;54658;61469
97,64,1.000000,0,799,799,64,722,112990,PASS,1,1,11666;55115;10470;55200;22283;10419;11137;54512;54658;61469
97,96,1.000000,0,1121,1121,96,1044,171919,PASS,1,1,11666;55115;10470;55200;22283;10419;11137;54512;54658;61469
97,128,1.000000,0,1358,1358,128,1281,206789,PASS,1,1,11666;55115;10470;55200;22283;10419;11137;54512;54658;61469
97,192,1.000000,0,1840,1840,192,1763,296059,PASS,1,1,11666;55115;10470;55200;22283;10419;11137;54512;54658;61469
97,256,1.000000,0,2213,2213,256,2136,395679,PASS,1,1,11666;55115;10470;55200;22283;10419;11137;54512;54658;61469
97,384,1.000000,0,2902,2902,384,2825,516668,PASS,1,1,11666;55115;10470;55200;22283;10419;11137;54512;54658;61469
97,512,1.000000,0,3553,3553,512,3476,656828,PASS,1,1,11666;55115;10470;55200;22283;10419;11137;54512;54658;61469
98,10,0.900000,0,328,328,11,231,67490,PASS,1,1,71772;77070;21287;1843;34836;35898;99668;2962;21859;99645
98,16,1.000000,0,379,379,16,282,49810,PASS,1,1,71772;77070;21287;1843;34836;35898;99668;2962;21859;14471
98,24,1.000000,0,485,485,24,388,68449,PASS,1,1,71772;77070;21287;1843;34836;35898;99668;2962;21859;14471
98,32,1.000000,0,615,615,33,518,86940,PASS,1,1,71772;77070;21287;1843;34836;35898;99668;2962;21859;14471
98,48,1.000000,0,806,806,48,709,118139,PASS,1,1,71772;77070;21287;1843;34836;35898;99668;2962;21859;14471
98,64,1.000000,0,972,972,65,875,141680,PASS,1,1,71772;77070;21287;1843;34836;35898;99668;2962;21859;14471
98,96,1.000000,0,1271,1271,96,1174,211520,PASS,1,1,71772;77070;21287;1843;34836;35898;99668;2962;21859;14471
98,128,1.000000,0,1611,1611,128,1514,256949,PASS,1,1,71772;77070;21287;1843;34836;35898;99668;2962;21859;14471
98,192,1.000000,0,2102,2102,192,2005,352549,PASS,1,1,71772;77070;21287;1843;34836;35898;99668;2962;21859;14471
98,256,1.000000,0,2683,2683,256,2586,470359,PASS,1,1,71772;77070;21287;1843;34836;35898;99668;2962;21859;14471
98,384,1.000000,0,3609,3609,384,3512,646738,PASS,1,1,71772;77070;21287;1843;34836;35898;99668;2962;21859;14471
98,512,1.000000,0,4517,4517,513,4420,840918,PASS,1,1,71772;77070;21287;1843;34836;35898;99668;2962;21859;14471
99,10,0.500000,1,325,325,11,209,63780,PASS,1,1,20954;20180;97483;95873;58998;16316;13630;21040;13104;95302
99,16,0.700000,1,428,428,17,312,60010,PASS,1,1,20954;20180;97483;95873;96754;58998;96831;16316;66959;13630
99,24,1.000000,0,522,522,24,406,73570,PASS,1,1,20954;20180;97483;672;95873;96754;1126;58998;2419;96831
99,32,1.000000,0,637,637,32,521,90339,PASS,1,1,20954;20180;97483;672;95873;96754;1126;58998;2419;96831
99,48,1.000000,0,819,819,48,703,124420,PASS,1,1,20954;20180;97483;672;95873;96754;1126;58998;2419;96831
99,64,1.000000,0,998,998,64,882,155380,PASS,1,1,20954;20180;97483;672;95873;96754;1126;58998;2419;96831
99,96,1.000000,0,1322,1322,96,1206,210699,PASS,1,1,20954;20180;97483;672;95873;96754;1126;58998;2419;96831
99,128,1.000000,0,1674,1674,128,1558,262770,PASS,1,1,20954;20180;97483;672;95873;96754;1126;58998;2419;96831
99,192,1.000000,0,2274,2274,192,2158,382219,PASS,1,1,20954;20180;97483;672;95873;96754;1126;58998;2419;96831
99,256,1.000000,0,2790,2790,256,2674,468698,PASS,1,1,20954;20180;97483;672;95873;96754;1126;58998;2419;96831
99,384,1.000000,0,3706,3706,384,3590,656409,PASS,1,1,20954;20180;97483;672;95873;96754;1126;58998;2419;96831
99,512,1.000000,0,4569,4569,512,4453,795468,PASS,1,1,20954;20180;97483;672;95873;96754;1126;58998;2419;96831
100,10,0.700000,1,329,329,16,252,71079,PASS,1,1,79524;23463;23433;95156;94340;89094;25399;90208;83020;93661
100,16,0.700000,1,384,384,21,307,52250,PASS,1,1,79524;23463;23433;95156;94340;89094;25399;90208;23437;83020
100,24,0.700000,1,457,457,27,380,65390,PASS,1,1,79524;23463;23433;95156;94340;89094;25399;90208;23437;83020
100,32,0.800000,1,574,574,36,497,85089,PASS,1,1,79524;23463;23433;95156;94340;91100;89094;25399;90208;23437
100,48,0.800000,1,713,713,50,636,111320,PASS,1,1,79524;23463;23433;95156;94340;91100;89094;25399;19675;90208
100,64,0.900000,0,887,887,65,810,138319,PASS,1,1,79524;23463;23433;95156;90499;94340;91100;89094;25399;19675
100,96,1.000000,0,1262,1262,96,1185,214999,PASS,1,1,79524;23463;23433;95156;90499;94340;91100;89094;25399;91893
100,128,1.000000,0,1554,1554,128,1477,249379,PASS,1,1,79524;23463;23433;95156;90499;94340;91100;89094;25399;91893
100,192,1.000000,0,2148,2148,192,2071,374919,PASS,1,1,79524;23463;23433;95156;90499;94340;91100;89094;25399;91893
100,256,1.000000,0,2660,2660,256,2583,445809,PASS,1,1,79524;23463;23433;95156;90499;94340;91100;89094;25399;91893
100,384,1.000000,0,3429,3429,384,3352,614638,PASS,1,1,79524;23463;23433;95156;90499;94340;91100;89094;25399;91893
100,512,1.000000,0,4133,4133,512,4056,754558,PASS,1,1,79524;23463;23433;95156;90499;94340;91100;89094;25399;91893
101,10,0.700000,1,283,283,13,202,58579,PASS,1,1,63072;75495;82316;61994;88860;87521;86221;51643;7516;66601
101,16,0.800000,1,358,358,19,277,54010,PASS,1,1,63072;76750;75495;82316;61994;88860;87521;86221;51643;78248
101,24,0.900000,0,470,470,27,389,78680,PASS,1,1,63072;57828;76750;75495;82316;61994;88860;87521;86221;51643
101,32,0.900000,0,598,598,36,517,90499,PASS,1,1,63072;57828;76750;75495;82316;61994;88860;87521;86221;51643
101,48,0.900000,0,779,779,50,698,122400,PASS,1,1,63072;57828;76750;75495;82316;61994;88860;87521;86221;16547
101,64,1.000000,0,936,936,65,855,142190,PASS,1,1,63072;57828;76750;75495;82316;51725;61994;88860;87521;86221
101,96,1.000000,0,1292,1292,97,1211,212219,PASS,1,1,63072;57828;76750;75495;82316;51725;61994;88860;87521;86221
101,128,1.000000,0,1616,1616,129,1535,260400,PASS,1,1,63072;57828;76750;75495;82316;51725;61994;88860;87521;86221
101,192,1.000000,0,2270,2270,192,2189,392039,PASS,1,1,63072;57828;76750;75495;82316;51725;61994;88860;87521;86221
101,256,1.000000,0,2881,2881,256,2800,494658,PASS,1,1,63072;57828;76750;75495;82316;51725;61994;88860;87521;86221
101,384,1.000000,0,3967,3967,384,3886,721988,PASS,1,1,63072;57828;76750;75495;82316;51725;61994;88860;87521;86221
101,512,1.000000,0,4931,4931,512,4850,860597,PASS,1,1,63072;57828;76750;75495;82316;51725;61994;88860;87521;86221
102,10,0.800000,1,383,383,14,289,65090,PASS,1,1,95002;30442;90636;80702;16739;80116;4484;16753;68485;31090
102,16,1.000000,0,465,465,21,371,58329,PASS,1,1,95002;63929;30442;90636;80702;16739;24105;80116;4484;16753
102,24,1.000000,0,529,529,26,435,66680,PASS,1,1,95002;63929;30442;90636;80702;16739;24105;80116;4484;16753
102,32,1.000000,0,632,632,33,538,85480,PASS,1,1,95002;63929;30442;90636;80702;16739;24105;80116;4484;16753
102,48,1.000000,0,833,833,48,739,125990,PASS,1,1,95002;63929;30442;90636;80702;16739;24105;80116;4484;16753
102,64,1.000000,0,1047,1047,64,953,154849,PASS,1,1,95002;63929;30442;90636;80702;16739;24105;80116;4484;16753
102,96,1.000000,0,1333,1333,96,1239,201949,PASS,1,1,95002;63929;30442;90636;80702;16739;24105;80116;4484;16753
102,128,1.000000,0,1624,1624,128,1530,258269,PASS,1,1,95002;63929;30442;90636;80702;16739;24105;80116;4484;16753
102,192,1.000000,0,2184,2184,192,2090,353499,PASS,1,1,95002;63929;30442;90636;80702;16739;24105;80116;4484;16753
102,256,1.000000,0,2655,2655,256,2561,428709,PASS,1,1,95002;63929;30442;90636;80702;16739;24105;80116;4484;16753
102,384,1.000000,0,3532,3532,384,3438,637148,PASS,1,1,95002;63929;30442;90636;80702;16739;24105;80116;4484;16753
102,512,1.000000,0,4293,4293,512,4199,741568,PASS,1,1,95002;63929;30442;90636;80702;16739;24105;80116;4484;16753
103,10,0.900000,0,269,269,13,200,50120,PASS,1,1,62325;23990;74268;91153;74579;81762;8457;11824;81881;8976
103,16,0.900000,0,360,360,18,291,50270,PASS,1,1,62325;23990;74268;91153;74579;81762;8457;11824;81881;8976
103,24,1.000000,0,469,469,25,400,65620,PASS,1,1,62325;33614;23990;74268;91153;74579;81762;8457;11824;81881
103,32,1.000000,0,586,586,33,517,80160,PASS,1,1,62325;33614;23990;74268;91153;74579;81762;8457;11824;81881
103,48,1.000000,0,842,842,49,773,126040,PASS,1,1,62325;33614;23990;74268;91153;74579;81762;8457;11824;81881
103,64,1.000000,0,1051,1051,65,982,150280,PASS,1,1,62325;33614;23990;74268;91153;74579;81762;8457;11824;81881
103,96,1.000000,0,1454,1454,96,1385,223249,PASS,1,1,62325;33614;23990;74268;91153;74579;81762;8457;11824;81881
103,128,1.000000,0,1825,1825,128,1756,296250,PASS,1,1,62325;33614;23990;74268;91153;74579;81762;8457;11824;81881
103,192,1.000000,0,2581,2581,192,2512,441419,PASS,1,1,62325;33614;23990;74268;91153;74579;81762;8457;11824;81881
103,256,1.000000,0,3208,3208,256,3139,509568,PASS,1,1,62325;33614;23990;74268;91153;74579;81762;8457;11824;81881
103,384,1.000000,0,4352,4352,384,4283,741788,PASS,1,1,62325;33614;23990;74268;91153;74579;81762;8457;11824;81881
103,512,1.000000,0,5194,5194,512,5125,883178,PASS,1,1,62325;33614;23990;74268;91153;74579;81762;8457;11824;81881
104,10,0.900000,0,354,354,15,233,71210,PASS,1,1,82647;87947;17608;82905;91520;17820;95772;69216;45143;95440
104,16,0.900000,0,380,380,19,259,48680,PASS,1,1,82647;87947;17608;82905;91520;17820;95772;69216;45143;95440
104,24,0.900000,0,473,473,26,352,67299,PASS,1,1,82647;87947;17608;82905;91520;17820;95772;69216;45143;95440
104,32,0.900000,0,570,570,33,449,80710,PASS,1,1,82647;87947;17608;82905;91520;17820;95772;69216;45143;95440
104,48,1.000000,0,738,738,53,617,136009,PASS,1,1,82647;87947;17608;82905;91520;17820;95772;95983;69216;45143
104,64,1.000000,0,850,850,65,729,124680,PASS,1,1,82647;87947;17608;82905;91520;17820;95772;95983;69216;45143
104,96,1.000000,0,1130,1130,96,1009,181050,PASS,1,1,82647;87947;17608;82905;91520;17820;95772;95983;69216;45143
104,128,1.000000,0,1398,1398,128,1277,222580,PASS,1,1,82647;87947;17608;82905;91520;17820;95772;95983;69216;45143
104,192,1.000000,0,1906,1906,192,1785,327159,PASS,1,1,82647;87947;17608;82905;91520;17820;95772;95983;69216;45143
104,256,1.000000,0,2329,2329,256,2208,403839,PASS,1,1,82647;87947;17608;82905;91520;17820;95772;95983;69216;45143
104,384,1.000000,0,3136,3136,384,3015,576049,PASS,1,1,82647;87947;17608;82905;91520;17820;95772;95983;69216;45143
104,512,1.000000,0,3870,3870,512,3749,692568,PASS,1,1,82647;87947;17608;82905;91520;17820;95772;95983;69216;45143
105,10,0.800000,1,285,285,12,197,56300,PASS,1,1,82163;58547;40757;58242;53005;75213;39529;84739;82364;64520
105,16,1.000000,0,371,371,19,283,52720,PASS,1,1,82163;58547;40757;98482;45071;58242;53005;75213;39529;84739
105,24,1.000000,0,431,431,24,343,58940,PASS,1,1,82163;58547;40757;98482;45071;58242;53005;75213;39529;84739
105,32,1.000000,0,530,530,32,442,76669,PASS,1,1,82163;58547;40757;98482;45071;58242;53005;75213;39529;84739
105,48,1.000000,0,772,772,49,684,121080,PASS,1,1,82163;58547;40757;98482;45071;58242;53005;75213;39529;84739
105,64,1.000000,0,953,953,64,865,140119,PASS,1,1,82163;58547;40757;98482;45071;58242;53005;75213;39529;84739
105,96,1.000000,0,1289,1289,96,1201,279109,PASS,1,1,82163;58547;40757;98482;45071;58242;53005;75213;39529;84739
105,128,1.000000,0,1588,1588,128,1500,248029,PASS,1,1,82163;58547;40757;98482;45071;58242;53005;75213;39529;84739
105,192,1.000000,0,2130,2130,192,2042,357619,PASS,1,1,82163;58547;40757;98482;45071;58242;53005;75213;39529;84739
105,256,1.000000,0,2675,2675,257,2587,454289,PASS,1,1,82163;58547;40757;98482;45071;58242;53005;75213;39529;84739
105,384,1.000000,0,3606,3606,384,3518,644558,PASS,1,1,82163;58547;40757;98482;45071;58242;53005;75213;39529;84739
105,512,1.000000,0,4538,4538,512,4450,810667,PASS,1,1,82163;58547;40757;98482;45071;58242;53005;75213;39529;84739
106,10,0.600000,1,391,391,13,267,66360,PASS,1,1,95296;83843;12247;83941;84411;74407;95090;67782;77273;85033
106,16,0.600000,1,484,484,18,360,61470,PASS,1,1,95296;83843;12247;83941;84411;74407;95090;67782;69312;77273
106,24,0.600000,1,598,598,24,474,77929,PASS,1,1,95296;83843;12247;83941;84411;74407;95090;67782;69312;77273
106,32,0.700000,1,880,880,42,756,118170,PASS,1,1,95296;83843;12247;66225;83941;84411;74407;95090;66968;67782
106,48,0.700000,1,968,968,48,844,127610,PASS,1,1,95296;83843;12247;66225;83941;84411;74407;95090;66968;67782
106,64,0.700000,1,1185,1185,64,1061,167009,PASS,1,1,95296;83843;12247;66225;83941;84411;74407;95090;66968;67782
106,96,0.800000,1,1592,1592,96,1468,242539,PASS,1,1,3358;95296;83843;12247;66225;83941;84411;74407;95090;66968
106,128,1.000000,0,2067,2067,130,1943,315539,PASS,1,1,3358;95296;59567;83843;12247;66225;83941;84411;13286;74407
106,192,1.000000,0,2841,2841,192,2717,467689,PASS,1,1,3358;95296;59567;83843;12247;66225;83941;84411;13286;74407
106,256,1.000000,0,3573,3573,256,3449,575698,PASS,1,1,3358;95296;59567;83843;12247;66225;83941;84411;13286;74407
106,384,1.000000,0,4865,4865,384,4741,830078,PASS,1,1,3358;95296;59567;83843;12247;66225;83941;84411;13286;74407
106,512,1.000000,0,6015,6015,512,5891,1027568,PASS,1,1,3358;95296;59567;83843;12247;66225;83941;84411;13286;74407
107,10,1.000000,0,351,351,13,258,72430,PASS,1,1,46411;23270;45543;92975;55348;23387;80852;44221;97552;65486
107,16,1.000000,0,433,433,17,340,58850,PASS,1,1,46411;23270;45543;92975;55348;23387;80852;44221;97552;65486
107,24,1.000000,0,563,563,25,470,80580,PASS,1,1,46411;23270;45543;92975;55348;23387;80852;44221;97552;65486
107,32,1.000000,0,646,646,33,553,87719,PASS,1,1,46411;23270;45543;92975;55348;23387;80852;44221;97552;65486
107,48,1.000000,0,797,797,49,704,119990,PASS,1,1,46411;23270;45543;92975;55348;23387;80852;44221;97552;65486
107,64,1.000000,0,987,987,66,894,153090,PASS,1,1,46411;23270;45543;92975;55348;23387;80852;44221;97552;65486
107,96,1.000000,0,1302,1302,97,1209,210539,PASS,1,1,46411;23270;45543;92975;55348;23387;80852;44221;97552;65486
107,128,1.000000,0,1627,1627,129,1534,258300,PASS,1,1,46411;23270;45543;92975;55348;23387;80852;44221;97552;65486
107,192,1.000000,0,2174,2174,192,2081,363719,PASS,1,1,46411;23270;45543;92975;55348;23387;80852;44221;97552;65486
107,256,1.000000,0,2718,2718,256,2625,502939,PASS,1,1,46411;23270;45543;92975;55348;23387;80852;44221;97552;65486
107,384,1.000000,0,3546,3546,384,3453,624089,PASS,1,1,46411;23270;45543;92975;55348;23387;80852;44221;97552;65486
107,512,1.000000,0,4328,4328,512,4235,758658,PASS,1,1,46411;23270;45543;92975;55348;23387;80852;44221;97552;65486
108,10,0.900000,0,180,180,10,106,34050,PASS,1,1,38005;39051;44101;38169;39012;5005;38133;44118;42199;41543
108,16,1.000000,0,243,243,16,169,36330,PASS,1,1,38005;39051;44101;38169;39012;5005;38133;44118;42199;40915
108,24,1.000000,0,313,313,24,239,46480,PASS,1,1,38005;39051;44101;38169;39012;5005;38133;44118;42199;40915
108,32,1.000000,0,363,363,32,289,51889,PASS,1,1,38005;39051;44101;38169;39012;5005;38133;44118;42199;40915
108,48,1.000000,0,445,445,48,371,66220,PASS,1,1,38005;39051;44101;38169;39012;5005;38133;44118;42199;40915
108,64,1.000000,0,530,530,64,456,80210,PASS,1,1,38005;39051;44101;38169;39012;5005;38133;44118;42199;40915
108,96,1.000000,0,676,676,96,602,111290,PASS,1,1,38005;39051;44101;38169;39012;5005;38133;44118;42199;40915
108,128,1.000000,0,800,800,128,726,136109,PASS,1,1,38005;39051;44101;38169;39012;5005;38133;44118;42199;40915
108,192,1.000000,0,1049,1049,192,975,185830,PASS,1,1,38005;39051;44101;38169;39012;5005;38133;44118;42199;40915
108,256,1.000000,0,1292,1292,256,1218,231719,PASS,1,1,38005;39051;44101;38169;39012;5005;38133;44118;42199;40915
108,384,1.000000,0,1676,1676,384,1602,321589,PASS,1,1,38005;39051;44101;38169;39012;5005;38133;44118;42199;40915
108,512,1.000000,0,2024,2024,512,1950,400549,PASS,1,1,38005;39051;44101;38169;39012;5005;38133;44118;42199;40915
109,10,1.000000,0,248,248,10,131,51030,PASS,1,1,28504;26851;27282;28077;38371;25961;27775;29536;25467;5951
109,16,1.000000,0,283,283,16,166,37530,PASS,1,1,28504;26851;27282;28077;38371;25961;27775;29536;25467;5951
109,24,1.000000,0,362,362,24,245,52299,PASS,1,1,28504;26851;27282;28077;38371;25961;27775;29536;25467;5951
109,32,1.000000,0,406,406,32,289,55410,PASS,1,1,28504;26851;27282;28077;38371;25961;27775;29536;25467;5951
109,48,1.000000,0,522,522,48,405,78520,PASS,1,1,28504;26851;27282;28077;38371;25961;27775;29536;25467;5951
109,64,1.000000,0,618,618,64,501,91059,PASS,1,1,28504;26851;27282;28077;38371;25961;27775;29536;25467;5951
109,96,1.000000,0,784,784,96,667,125660,PASS,1,1,28504;26851;27282;28077;38371;25961;27775;29536;25467;5951
109,128,1.000000,0,984,984,128,867,163010,PASS,1,1,28504;26851;27282;28077;38371;25961;27775;29536;25467;5951
109,192,1.000000,0,1444,1444,192,1327,269889,PASS,1,1,28504;26851;27282;28077;38371;25961;27775;29536;25467;5951
109,256,1.000000,0,1918,1918,256,1801,340009,PASS,1,1,28504;26851;27282;28077;38371;25961;27775;29536;25467;5951
109,384,1.000000,0,2595,2595,384,2478,488159,PASS,1,1,28504;26851;27282;28077;38371;25961;27775;29536;25467;5951
109,512,1.000000,0,3274,3274,512,3157,619398,PASS,1,1,28504;26851;27282;28077;38371;25961;27775;29536;25467;5951
110,10,1.000000,0,319,319,10,237,65660,PASS,1,1,77494;66593;1771;10243;96814;1185;66558;12036;2234;32272
110,16,1.000000,0,398,398,16,316,52880,PASS,1,1,77494;66593;1771;10243;96814;1185;66558;12036;2234;32272
110,24,1.000000,0,532,532,24,450,75260,PASS,1,1,77494;66593;1771;10243;96814;1185;66558;12036;2234;32272
110,32,1.000000,0,643,643,32,561,88210,PASS,1,1,77494;66593;1771;10243;96814;1185;66558;12036;2234;32272
110,48,1.000000,0,853,853,48,771,127239,PASS,1,1,77494;66593;1771;10243;96814;1185;66558;12036;2234;32272
110,64,1.000000,0,1030,1030,64,948,147879,PASS,1,1,77494;66593;1771;10243;96814;1185;66558;12036;2234;32272
110,96,1.000000,0,1328,1328,96,1246,204549,PASS,1,1,77494;66593;1771;10243;96814;1185;66558;12036;2234;32272
110,128,1.000000,0,1644,1644,128,1562,254219,PASS,1,1,77494;66593;1771;10243;96814;1185;66558;12036;2234;32272
110,192,1.000000,0,2210,2210,192,2128,361109,PASS,1,1,77494;66593;1771;10243;96814;1185;66558;12036;2234;32272
110,256,1.000000,0,2660,2660,256,2578,440149,PASS,1,1,77494;66593;1771;10243;96814;1185;66558;12036;2234;32272
110,384,1.000000,0,3550,3550,384,3468,625679,PASS,1,1,77494;66593;1771;10243;96814;1185;66558;12036;2234;32272
110,512,1.000000,0,4309,4309,512,4227,759888,PASS,1,1,77494;66593;1771;10243;96814;1185;66558;12036;2234;32272
111,10,0.300000,1,278,278,10,163,58930,PASS,1,1,59880;14689;14817;13212;15098;59612;64930;60071;12798;76503
111,16,0.600000,1,429,429,20,314,63270,PASS,1,1,12909;59880;14689;16864;14855;14817;13212;15098;17033;59612
111,24,0.600000,1,499,499,24,384,61559,PASS,1,1,12909;59880;14689;16864;14855;14817;13212;15098;17033;59612
111,32,0.600000,1,613,613,32,498,85130,PASS,1,1,12909;59880;14689;16864;14855;14817;13212;15098;17033;59612
111,48,0.900000,0,859,859,48,744,131289,PASS,1,1,65355;90173;67070;12909;59880;14689;16864;14855;14817;13212
111,64,1.000000,0,1061,1061,64,946,152820,PASS,1,1,65355;90173;67070;12909;20122;59880;14689;16864;14855;14817
111,96,1.000000,0,1478,1478,96,1363,232810,PASS,1,1,65355;90173;67070;12909;20122;59880;14689;16864;14855;14817
111,128,1.000000,0,1875,1875,128,1760,290709,PASS,1,1,65355;90173;67070;12909;20122;59880;14689;16864;14855;14817
111,192,1.000000,0,2543,2543,192,2428,421918,PASS,1,1,65355;90173;67070;12909;20122;59880;14689;16864;14855;14817
111,256,1.000000,0,3037,3037,256,2922,508909,PASS,1,1,65355;90173;67070;12909;20122;59880;14689;16864;14855;14817
111,384,1.000000,0,4090,4090,384,3975,712737,PASS,1,1,65355;90173;67070;12909;20122;59880;14689;16864;14855;14817
111,512,1.000000,0,4941,4941,512,4826,846197,PASS,1,1,65355;90173;67070;12909;20122;59880;14689;16864;14855;14817
112,10,1.000000,0,231,231,12,119,48900,PASS,1,1,41224;3771;41031;3517;27574;41192;24517;40705;43681;35296
112,16,1.000000,0,266,266,17,154,34629,PASS,1,1,41224;3771;41031;3517;27574;41192;24517;40705;43681;35296
112,24,1.000000,0,334,334,24,222,46370,PASS,1,1,41224;3771;41031;3517;27574;41192;24517;40705;43681;35296
112,32,1.000000,0,390,390,32,278,54020,PASS,1,1,41224;3771;41031;3517;27574;41192;24517;40705;43681;35296
112,48,1.000000,0,501,501,48,389,76360,PASS,1,1,41224;3771;41031;3517;27574;41192;24517;40705;43681;35296
112,64,1.000000,0,593,593,64,481,89910,PASS,1,1,41224;3771;41031;3517;27574;41192;24517;40705;43681;35296
112,96,1.000000,0,801,801,96,689,136400,PASS,1,1,41224;3771;41031;3517;27574;41192;24517;40705;43681;35296
112,128,1.000000,0,980,980,128,868,164820,PASS,1,1,41224;3771;41031;3517;27574;41192;24517;40705;43681;35296
112,192,1.000000,0,1283,1283,192,1171,232640,PASS,1,1,41224;3771;41031;3517;27574;41192;24517;40705;43681;35296
112,256,1.000000,0,1528,1528,256,1416,279149,PASS,1,1,41224;3771;41031;3517;27574;41192;24517;40705;43681;35296
112,384,1.000000,0,2115,2115,384,2003,418668,PASS,1,1,41224;3771;41031;3517;27574;41192;24517;40705;43681;35296
112,512,1.000000,0,2532,2532,512,2420,489969,PASS,1,1,41224;3771;41031;3517;27574;41192;24517;40705;43681;35296
113,10,0.900000,0,337,337,14,262,92339,PASS,1,1,26064;82306;86202;83194;91614;29202;23568;15463;81834;57223
113,16,1.000000,0,439,439,20,364,61260,PASS,1,1,26064;82306;86202;83194;91614;29202;67000;23568;15463;81834
113,24,1.000000,0,547,547,27,472,76510,PASS,1,1,26064;82306;86202;83194;91614;29202;67000;23568;15463;81834
113,32,1.000000,0,628,628,33,553,86209,PASS,1,1,26064;82306;86202;83194;91614;29202;67000;23568;15463;81834
113,48,1.000000,0,820,820,49,745,122150,PASS,1,1,26064;82306;86202;83194;91614;29202;67000;23568;15463;81834
113,64,1.000000,0,1020,1020,64,945,151360,PASS,1,1,26064;82306;86202;83194;91614;29202;67000;23568;15463;81834
113,96,1.000000,0,1402,1402,96,1327,218560,PASS,1,1,26064;82306;86202;83194;91614;29202;67000;23568;15463;81834
113,128,1.000000,0,1716,1716,128,1641,261230,PASS,1,1,26064;82306;86202;83194;91614;29202;67000;23568;15463;81834
113,192,1.000000,0,2256,2256,192,2181,363679,PASS,1,1,26064;82306;86202;83194;91614;29202;67000;23568;15463;81834
113,256,1.000000,0,2750,2750,256,2675,444358,PASS,1,1,26064;82306;86202;83194;91614;29202;67000;23568;15463;81834
113,384,1.000000,0,3606,3606,384,3531,628548,PASS,1,1,26064;82306;86202;83194;91614;29202;67000;23568;15463;81834
113,512,1.000000,0,4370,4370,512,4295,760458,PASS,1,1,26064;82306;86202;83194;91614;29202;67000;23568;15463;81834
114,10,0.700000,1,325,325,13,235,64690,PASS,1,1,16807;11254;59401;2772;66375;61648;36141;44881;82700;20194
114,16,0.700000,1,384,384,16,294,50059,PASS,1,1,16807;11254;59401;2772;66375;61648;36141;44881;82700;20194
114,24,0.800000,1,570,570,26,480,83890,PASS,1,1,16807;11254;59401;2772;66375;61648;36141;88324;44881;82700
114,32,0.800000,1,668,668,32,578,88180,PASS,1,1,16807;11254;59401;2772;66375;61648;36141;88324;44881;82700
114,48,1.000000,0,992,992,51,902,149360,PASS,1,1,13252;16807;11254;59401;2772;66375;61648;36141;88324;21193
114,64,1.000000,0,1167,1167,64,1077,164369,PASS,1,1,13252;16807;11254;59401;2772;66375;61648;36141;88324;21193
114,96,1.000000,0,1556,1556,96,1466,236499,PASS,1,1,13252;16807;11254;59401;2772;66375;61648;36141;88324;21193
114,128,1.000000,0,1951,1951,128,1861,309069,PASS,1,1,13252;16807;11254;59401;2772;66375;61648;36141;88324;21193
114,192,1.000000,0,2711,2711,195,2621,448699,PASS,1,1,13252;16807;11254;59401;2772;66375;61648;36141;88324;21193
114,256,1.000000,0,3276,3276,257,3186,524728,PASS,1,1,13252;16807;11254;59401;2772;66375;61648;36141;88324;21193
114,384,1.000000,0,4325,4325,384,4235,751798,PASS,1,1,13252;16807;11254;59401;2772;66375;61648;36141;88324;21193
114,512,1.000000,0,5333,5333,512,5243,938037,PASS,1,1,13252;16807;11254;59401;2772;66375;61648;36141;88324;21193
115,10,0.800000,1,271,271,13,219,51910,PASS,1,1,72891;74688;69743;73394;69159;60200;14053;63856;91463;63479
115,16,0.800000,1,362,362,19,310,50029,PASS,1,1,72891;74688;69743;73394;69159;60200;14053;63856;91463;63479
115,24,0.900000,0,526,526,27,474,74620,PASS,1,1,72891;74688;69743;73394;69159;9263;60200;14053;63856;63250
115,32,1.000000,0,608,608,32,556,80900,PASS,1,1,72891;74688;69743;73394;69159;14598;9263;60200;14053;63856
115,48,1.000000,0,848,848,48,796,127540,PASS,1,1,72891;74688;69743;73394;69159;14598;9263;60200;14053;63856
115,64,1.000000,0,1061,1061,64,1009,151799,PASS,1,1,72891;74688;69743;73394;69159;14598;9263;60200;14053;63856
115,96,1.000000,0,1460,1460,96,1408,223989,PASS,1,1,72891;74688;69743;73394;69159;14598;9263;60200;14053;63856
115,128,1.000000,0,1837,1837,128,1785,283249,PASS,1,1,72891;74688;69743;73394;69159;14598;9263;60200;14053;63856
115,192,1.000000,0,2476,2476,192,2424,407169,PASS,1,1,72891;74688;69743;73394;69159;14598;9263;60200;14053;63856
115,256,1.000000,0,3073,3073,256,3021,505828,PASS,1,1,72891;74688;69743;73394;69159;14598;9263;60200;14053;63856
115,384,1.000000,0,4165,4165,384,4113,721158,PASS,1,1,72891;74688;69743;73394;69159;14598;9263;60200;14053;63856
115,512,1.000000,0,5159,5159,513,5107,889048,PASS,1,1,72891;74688;69743;73394;69159;14598;9263;60200;14053;63856
116,10,1.000000,0,283,283,11,145,58080,PASS,1,1,30359;30696;5381;99736;30729;83183;30624;79264;68815;4914
116,16,1.000000,0,368,368,17,230,51920,PASS,1,1,30359;30696;5381;99736;30729;83183;30624;79264;68815;4914
116,24,1.000000,0,421,421,24,283,56630,PASS,1,1,30359;30696;5381;99736;30729;83183;30624;79264;68815;4914
116,32,1.000000,0,513,513,32,375,72429,PASS,1,1,30359;30696;5381;99736;30729;83183;30624;79264;68815;4914
116,48,1.000000,0,628,628,48,490,92680,PASS,1,1,30359;30696;5381;99736;30729;83183;30624;79264;68815;4914
116,64,1.000000,0,718,718,64,580,104459,PASS,1,1,30359;30696;5381;99736;30729;83183;30624;79264;68815;4914
116,96,1.000000,0,915,915,96,777,145410,PASS,1,1,30359;30696;5381;99736;30729;83183;30624;79264;68815;4914
116,128,1.000000,0,1115,1115,128,977,178060,PASS,1,1,30359;30696;5381;99736;30729;83183;30624;79264;68815;4914
116,192,1.000000,0,1468,1468,192,1330,252449,PASS,1,1,30359;30696;5381;99736;30729;83183;30624;79264;68815;4914
116,256,1.000000,0,1866,1866,256,1728,321469,PASS,1,1,30359;30696;5381;99736;30729;83183;30624;79264;68815;4914
116,384,1.000000,0,2591,2591,384,2453,482769,PASS,1,1,30359;30696;5381;99736;30729;83183;30624;79264;68815;4914
116,512,1.000000,0,3172,3172,512,3034,582139,PASS,1,1,30359;30696;5381;99736;30729;83183;30624;79264;68815;4914
117,10,1.000000,0,193,193,10,89,39460,PASS,1,1,6982;38986;41137;7823;37940;37922;4815;55369;38081;5479
117,16,1.000000,0,262,262,16,158,38350,PASS,1,1,6982;38986;41137;7823;37940;37922;4815;55369;38081;5479
117,24,1.000000,0,329,329,24,225,46540,PASS,1,1,6982;38986;41137;7823;37940;37922;4815;55369;38081;5479
117,32,1.000000,0,396,396,32,292,56429,PASS,1,1,6982;38986;41137;7823;37940;37922;4815;55369;38081;5479
117,48,1.000000,0,487,487,48,383,73500,PASS,1,1,6982;38986;41137;7823;37940;37922;4815;55369;38081;5479
117,64,1.000000,0,536,536,64,432,77740,PASS,1,1,6982;38986;41137;7823;37940;37922;4815;55369;38081;5479
117,96,1.000000,0,675,675,96,571,113360,PASS,1,1,6982;38986;41137;7823;37940;37922;4815;55369;38081;5479
117,128,1.000000,0,809,809,128,705,140779,PASS,1,1,6982;38986;41137;7823;37940;37922;4815;55369;38081;5479
117,192,1.000000,0,1079,1079,192,975,197790,PASS,1,1,6982;38986;41137;7823;37940;37922;4815;55369;38081;5479
117,256,1.000000,0,1274,1274,256,1170,234519,PASS,1,1,6982;38986;41137;7823;37940;37922;4815;55369;38081;5479
117,384,1.000000,0,1722,1722,384,1618,347769,PASS,1,1,6982;38986;41137;7823;37940;37922;4815;55369;38081;5479
117,512,1.000000,0,2166,2166,512,2062,433869,PASS,1,1,6982;38986;41137;7823;37940;37922;4815;55369;38081;5479
118,10,1.000000,0,257,257,13,180,54290,PASS,1,1,82022;36330;37745;99639;82564;70954;37718;84095;6403;85843
118,16,1.000000,0,303,303,16,226,41490,PASS,1,1,82022;36330;37745;99639;82564;70954;37718;84095;6403;85843
118,24,1.000000,0,417,417,24,340,62460,PASS,1,1,82022;36330;37745;99639;82564;70954;37718;84095;6403;85843
118,32,1.000000,0,511,511,32,434,74649,PASS,1,1,82022;36330;37745;99639;82564;70954;37718;84095;6403;85843
118,48,1.000000,0,720,720,48,643,113580,PASS,1,1,82022;36330;37745;99639;82564;70954;37718;84095;6403;85843
118,64,1.000000,0,880,880,64,803,131619,PASS,1,1,82022;36330;37745;99639;82564;70954;37718;84095;6403;85843
118,96,1.000000,0,1126,1126,96,1049,175670,PASS,1,1,82022;36330;37745;99639;82564;70954;37718;84095;6403;85843
118,128,1.000000,0,1359,1359,128,1282,212730,PASS,1,1,82022;36330;37745;99639;82564;70954;37718;84095;6403;85843
118,192,1.000000,0,1905,1905,192,1828,331249,PASS,1,1,82022;36330;37745;99639;82564;70954;37718;84095;6403;85843
118,256,1.000000,0,2341,2341,256,2264,395329,PASS,1,1,82022;36330;37745;99639;82564;70954;37718;84095;6403;85843
118,384,1.000000,0,3197,3197,384,3120,581309,PASS,1,1,82022;36330;37745;99639;82564;70954;37718;84095;6403;85843
118,512,1.000000,0,4029,4029,512,3952,723428,PASS,1,1,82022;36330;37745;99639;82564;70954;37718;84095;6403;85843
119,10,0.600000,1,197,197,11,112,43340,PASS,1,1,55237;24584;39357;24850;25743;24425;24229;24595;39054;25079
119,16,0.800000,1,235,235,17,150,35050,PASS,1,1,55237;38432;24584;39357;24850;39491;25743;24425;24229;24595
119,24,1.000000,0,292,292,25,207,44340,PASS,1,1,55237;38432;24584;39357;52649;24850;39491;25743;24425;7633
119,32,1.000000,0,320,320,33,235,46030,PASS,1,1,55237;38432;24584;39357;52649;24850;39491;25743;24425;7633
119,48,1.000000,0,408,408,48,323,68180,PASS,1,1,55237;38432;24584;39357;52649;24850;39491;25743;24425;7633
119,64,1.000000,0,498,498,64,413,80889,PASS,1,1,55237;38432;24584;39357;52649;24850;39491;25743;24425;7633
119,96,1.000000,0,666,666,96,581,118220,PASS,1,1,55237;38432;24584;39357;52649;24850;39491;25743;24425;7633
119,128,1.000000,0,773,773,128,688,139370,PASS,1,1,55237;38432;24584;39357;52649;24850;39491;25743;24425;7633
119,192,1.000000,0,989,989,192,904,190079,PASS,1,1,55237;38432;24584;39357;52649;24850;39491;25743;24425;7633
119,256,1.000000,0,1198,1198,256,1113,227209,PASS,1,1,55237;38432;24584;39357;52649;24850;39491;25743;24425;7633
119,384,1.000000,0,1593,1593,384,1508,347189,PASS,1,1,55237;38432;24584;39357;52649;24850;39491;25743;24425;7633
119,512,1.000000,0,1986,1986,512,1901,411768,PASS,1,1,55237;38432;24584;39357;52649;24850;39491;25743;24425;7633
120,10,0.800000,1,237,237,10,148,48390,PASS,1,1,32691;54769;77389;62441;30954;60927;37072;77933;31214;43409
120,16,1.000000,0,334,334,16,245,47760,PASS,1,1,32691;44024;54769;77389;62441;30954;67636;60927;37072;77933
120,24,1.000000,0,460,460,24,371,66400,PASS,1,1,32691;44024;54769;77389;62441;30954;67636;60927;37072;77933
120,32,1.000000,0,517,517,32,428,70309,PASS,1,1,32691;44024;54769;77389;62441;30954;67636;60927;37072;77933
120,48,1.000000,0,675,675,48,586,101890,PASS,1,1,32691;44024;54769;77389;62441;30954;67636;60927;37072;77933
120,64,1.000000,0,838,838,64,749,125589,PASS,1,1,32691;44024;54769;77389;62441;30954;67636;60927;37072;77933
120,96,1.000000,0,1079,1079,96,990,170539,PASS,1,1,32691;44024;54769;77389;62441;30954;67636;60927;37072;77933
120,128,1.000000,0,1305,1305,128,1216,204179,PASS,1,1,32691;44024;54769;77389;62441;30954;67636;60927;37072;77933
120,192,1.000000,0,1740,1740,192,1651,294049,PASS,1,1,32691;44024;54769;77389;62441;30954;67636;60927;37072;77933
120,256,1.000000,0,2134,2134,256,2045,358469,PASS,1,1,32691;44024;54769;77389;62441;30954;67636;60927;37072;77933
120,384,1.000000,0,2878,2878,384,2789,520959,PASS,1,1,32691;44024;54769;77389;62441;30954;67636;60927;37072;77933
120,512,1.000000,0,3593,3593,512,3504,641078,PASS,1,1,32691;44024;54769;77389;62441;30954;67636;60927;37072;77933
121,10,0.900000,0,409,409,20,307,79190,PASS,1,1,78353;12215;49346;62344;54328;71826;85308;52556;17494;51486
121,16,0.900000,0,417,417,21,315,49230,PASS,1,1,78353;12215;49346;62344;54328;71826;85308;52556;17494;51486
121,24,0.900000,0,495,495,26,393,67890,PASS,1,1,78353;12215;49346;62344;54328;71826;85308;52556;17494;51486
121,32,0.900000,0,586,586,34,484,80180,PASS,1,1,78353;12215;49346;62344;54328;71826;85308;52556;17494;51486
121,48,1.000000,0,782,782,50,680,117300,PASS,1,1,78353;12215;49346;62344;54328;71826;85308;52556;77486;17494
121,64,1.000000,0,955,955,66,853,142990,PASS,1,1,78353;12215;49346;62344;54328;71826;85308;52556;77486;17494
121,96,1.000000,0,1288,1288,96,1186,205909,PASS,1,1,78353;12215;49346;62344;54328;71826;85308;52556;77486;17494
121,128,1.000000,0,1644,1644,132,1542,265300,PASS,1,1,78353;12215;49346;62344;54328;71826;85308;52556;77486;17494
121,192,1.000000,0,2228,2228,192,2126,370929,PASS,1,1,78353;12215;49346;62344;54328;71826;85308;52556;77486;17494
121,256,1.000000,0,2824,2824,256,2722,470219,PASS,1,1,78353;12215;49346;62344;54328;71826;85308;52556;77486;17494
121,384,1.000000,0,3914,3914,384,3812,680368,PASS,1,1,78353;12215;49346;62344;54328;71826;85308;52556;77486;17494
121,512,1.000000,0,4800,4800,512,4698,938697,PASS,1,1,78353;12215;49346;62344;54328;71826;85308;52556;77486;17494
122,10,0.700000,1,336,336,12,272,71460,PASS,1,1,13005;59813;15697;2262;13100;59905;59858;16686;15061;1265
122,16,0.800000,1,468,468,18,404,67310,PASS,1,1,13005;59813;15697;2262;13100;59905;99649;59858;16686;15061
122,24,0.900000,0,587,587,25,523,83130,PASS,1,1,13005;59813;15697;2262;13100;59905;99649;15677;59858;16686
122,32,0.900000,0,686,686,32,622,93469,PASS,1,1,13005;59813;15697;2262;13100;59905;99649;15677;59858;16686
122,48,1.000000,0,924,924,48,860,140050,PASS,1,1,13005;59813;15697;2262;13100;59905;99649;71855;15677;59858
122,64,1.000000,0,1200,1200,65,1136,179370,PASS,1,1,13005;59813;15697;2262;13100;59905;99649;71855;15677;59858
122,96,1.000000,0,1584,1584,96,1520,251540,PASS,1,1,13005;59813;15697;2262;13100;59905;99649;71855;15677;59858
122,128,1.000000,0,1884,1884,128,1820,293779,PASS,1,1,13005;59813;15697;2262;13100;59905;99649;71855;15677;59858
122,192,1.000000,0,2487,2487,192,2423,414548,PASS,1,1,13005;59813;15697;2262;13100;59905;99649;71855;15677;59858
122,256,1.000000,0,3034,3034,256,2970,508669,PASS,1,1,13005;59813;15697;2262;13100;59905;99649;71855;15677;59858
122,384,1.000000,0,4007,4007,384,3943,718158,PASS,1,1,13005;59813;15697;2262;13100;59905;99649;71855;15677;59858
122,512,1.000000,0,4806,4806,512,4742,847487,PASS,1,1,13005;59813;15697;2262;13100;59905;99649;71855;15677;59858
123,10,0.500000,1,294,294,12,188,62530,PASS,1,1,94556;94720;97022;94520;8040;95237;77126;45491;42087;75426
123,16,0.800000,1,425,425,19,319,80929,PASS,1,1,94556;58872;94720;61450;97022;29217;94520;8040;95237;23021
123,24,0.900000,0,535,535,26,429,75120,PASS,1,1,94556;58872;94720;61450;97022;29217;28088;94520;8040;95237
123,32,1.000000,0,634,634,32,528,88590,PASS,1,1,94556;58872;94720;79861;61450;97022;29217;28088;94520;8040
123,48,1.000000,0,846,846,48,740,127550,PASS,1,1,94556;58872;94720;79861;61450;97022;29217;28088;94520;8040
123,64,1.000000,0,1049,1049,64,943,160679,PASS,1,1,94556;58872;94720;79861;61450;97022;29217;28088;94520;8040
123,96,1.000000,0,1460,1460,96,1354,236009,PASS,1,1,94556;58872;94720;79861;61450;97022;29217;28088;94520;8040
123,128,1.000000,0,1787,1787,128,1681,277599,PASS,1,1,94556;58872;94720;79861;61450;97022;29217;28088;94520;8040
123,192,1.000000,0,2445,2445,193,2339,411579,PASS,1,1,94556;58872;94720;79861;61450;97022;29217;28088;94520;8040
123,256,1.000000,0,3015,3015,256,2909,493999,PASS,1,1,94556;58872;94720;79861;61450;97022;29217;28088;94520;8040
123,384,1.000000,0,4018,4018,384,3912,714238,PASS,1,1,94556;58872;94720;79861;61450;97022;29217;28088;94520;8040
123,512,1.000000,0,4946,4946,512,4840,852218,PASS,1,1,94556;58872;94720;79861;61450;97022;29217;28088;94520;8040
124,10,0.900000,0,330,330,14,236,69590,PASS,1,1,91647;90595;44900;58689;77222;27343;59520;91570;34552;35344
124,16,1.000000,0,435,435,20,341,61970,PASS,1,1,91647;90595;44900;58689;77222;27343;92703;59520;91570;34552
124,24,1.000000,0,509,509,24,415,69050,PASS,1,1,91647;90595;44900;58689;77222;27343;92703;59520;91570;34552
124,32,1.000000,0,628,628,32,534,91020,PASS,1,1,91647;90595;44900;58689;77222;27343;92703;59520;91570;34552
124,48,1.000000,0,808,808,48,714,123450,PASS,1,1,91647;90595;44900;58689;77222;27343;92703;59520;91570;34552
124,64,1.000000,0,980,980,64,886,147390,PASS,1,1,91647;90595;44900;58689;77222;27343;92703;59520;91570;34552
124,96,1.000000,0,1345,1345,96,1251,222700,PASS,1,1,91647;90595;44900;58689;77222;27343;92703;59520;91570;34552
124,128,1.000000,0,1608,1608,128,1514,249499,PASS,1,1,91647;90595;44900;58689;77222;27343;92703;59520;91570;34552
124,192,1.000000,0,2114,2114,192,2020,360429,PASS,1,1,91647;90595;44900;58689;77222;27343;92703;59520;91570;34552
124,256,1.000000,0,2546,2546,256,2452,428629,PASS,1,1,91647;90595;44900;58689;77222;27343;92703;59520;91570;34552
124,384,1.000000,0,3387,3387,384,3293,617939,PASS,1,1,91647;90595;44900;58689;77222;27343;92703;59520;91570;34552
124,512,1.000000,0,4215,4215,512,4121,762988,PASS,1,1,91647;90595;44900;58689;77222;27343;92703;59520;91570;34552
125,10,0.700000,1,332,332,13,233,68200,PASS,1,1,32520;80830;32317;71597;78097;93515;89163;32212;77486;90709
125,16,0.700000,1,408,408,19,309,55169,PASS,1,1,32520;80830;32317;71597;78097;93515;89163;32212;77486;90709
125,24,0.800000,1,497,497,25,398,68700,PASS,1,1,32520;80830;32317;71597;78097;93515;89163;85921;32212;77486
125,32,0.800000,1,608,608,33,509,84870,PASS,1,1,32520;80830;32317;71597;78097;93515;89163;85921;32212;77486
125,48,1.000000,0,786,786,48,687,117230,PASS,1,1,32520;80830;32317;11902;71597;78097;93515;89163;85921;28820
125,64,1.000000,0,956,956,64,857,141029,PASS,1,1,32520;80830;32317;11902;71597;78097;93515;89163;85921;28820
125,96,1.000000,0,1249,1249,96,1150,198869,PASS,1,1,32520;80830;32317;11902;71597;78097;93515;89163;85921;28820
125,128,1.000000,0,1515,1515,128,1416,237169,PASS,1,1,32520;80830;32317;11902;71597;78097;93515;89163;85921;28820
125,192,1.000000,0,2061,2061,192,1962,353189,PASS,1,1,32520;80830;32317;11902;71597;78097;93515;89163;85921;28820
125,256,1.000000,0,2521,2521,256,2422,421259,PASS,1,1,32520;80830;32317;11902;71597;78097;93515;89163;85921;28820
125,384,1.000000,0,3255,3255,384,3156,582138,PASS,1,1,32520;80830;32317;11902;71597;78097;93515;89163;85921;28820
125,512,1.000000,0,4012,4012,512,3913,724618,PASS,1,1,32520;80830;32317;11902;71597;78097;93515;89163;85921;28820
126,10,0.900000,0,346,346,15,248,64430,PASS,1,1,75900;75792;6141;55729;84803;10860;45228;45016;61477;85237
126,16,0.900000,0,397,397,19,299,50770,PASS,1,1,75900;75792;6141;55729;84803;10860;45228;45016;61477;85237
126,24,0.900000,0,535,535,28,437,74659,PASS,1,1,75900;75792;6141;55729;84803;10860;45228;45016;61477;85237
126,32,0.900000,0,603,603,34,505,80890,PASS,1,1,75900;75792;6141;55729;84803;10860;45228;45016;61477;85237
126,48,0.900000,0,808,808,49,710,120889,PASS,1,1,75900;75792;6141;55729;84803;10860;45228;45016;61477;85237
126,64,0.900000,0,970,970,64,872,141230,PASS,1,1,75900;75792;6141;55729;84803;10860;45228;45016;61477;85237
126,96,1.000000,0,1318,1318,96,1220,210900,PASS,1,1,75900;75792;6141;55729;84803;10860;94398;45228;45016;61477
126,128,1.000000,0,1619,1619,128,1521,249299,PASS,1,1,75900;75792;6141;55729;84803;10860;94398;45228;45016;61477
126,192,1.000000,0,2093,2093,192,1995,341169,PASS,1,1,75900;75792;6141;55729;84803;10860;94398;45228;45016;61477
126,256,1.000000,0,2590,2590,259,2492,423119,PASS,1,1,75900;75792;6141;55729;84803;10860;94398;45228;45016;61477
126,384,1.000000,0,3452,3452,384,3354,604118,PASS,1,1,75900;75792;6141;55729;84803;10860;94398;45228;45016;61477
126,512,1.000000,0,4218,4218,512,4120,734498,PASS,1,1,75900;75792;6141;55729;84803;10860;94398;45228;45016;61477
127,10,0.700000,1,228,228,13,156,47049,PASS,1,1,59367;46247;79848;79814;80049;80732;4495;79608;79967;46936
127,16,1.000000,0,354,354,21,282,54000,PASS,1,1,59367;46247;79848;79814;80049;80732;94434;99062;4495;79543
127,24,1.000000,0,393,393,25,321,51070,PASS,1,1,59367;46247;79848;79814;80049;80732;94434;99062;4495;79543
127,32,1.000000,0,489,489,33,417,69980,PASS,1,1,59367;46247;79848;79814;80049;80732;94434;99062;4495;79543
127,48,1.000000,0,696,696,49,624,108410,PASS,1,1,59367;46247;79848;79814;80049;80732;94434;99062;4495;79543
127,64,1.000000,0,868,868,65,796,129290,PASS,1,1,59367;46247;79848;79814;80049;80732;94434;99062;4495;79543
127,96,1.000000,0,1213,1213,96,1141,193560,PASS,1,1,59367;46247;79848;79814;80049;80732;94434;99062;4495;79543
127,128,1.000000,0,1552,1552,128,1480,242650,PASS,1,1,59367;46247;79848;79814;80049;80732;94434;99062;4495;79543
127,192,1.000000,0,2205,2205,192,2133,367609,PASS,1,1,59367;46247;79848;79814;80049;80732;94434;99062;4495;79543
127,256,1.000000,0,2772,2772,256,2700,455029,PASS,1,1,59367;46247;79848;79814;80049;80732;94434;99062;4495;79543
127,384,1.000000,0,3595,3595,384,3523,645838,PASS,1,1,59367;46247;79848;79814;80049;80732;94434;99062;4495;79543
127,512,1.000000,0,4393,4393,512,4321,771158,PASS,1,1,59367;46247;79848;79814;80049;80732;94434;99062;4495;79543
128,10,0.500000,1,290,290,13,216,57390,PASS,1,1,8973;30831;71732;87239;9414;69757;76617;85646;28601;94094
128,16,0.800000,1,420,420,21,346,60599,PASS,1,1,41887;5421;8973;30831;15743;71732;87239;9414;69757;33651
128,24,0.800000,1,454,454,24,380,55970,PASS,1,1,41887;5421;8973;30831;15743;71732;87239;9414;69757;33651
128,32,0.800000,1,584,584,34,510,82470,PASS,1,1,41887;5421;8973;30831;15743;71732;87239;9414;69757;33651
128,48,0.900000,0,903,903,55,829,139360,PASS,1,1,41887;5421;8973;30831;15743;71732;87239;86536;9414;69757
128,64,0.900000,0,1005,1005,64,931,139549,PASS,1,1,41887;5421;8973;30831;15743;71732;87239;86536;9414;69757
128,96,0.900000,0,1477,1477,96,1403,232179,PASS,1,1,41887;5421;8973;30831;15743;71732;87239;86536;9414;69757
128,128,1.000000,0,1918,1918,129,1844,299139,PASS,1,1,41887;5421;8973;30831;15743;73332;71732;87239;86536;9414
128,192,1.000000,0,2666,2666,192,2592,445549,PASS,1,1,41887;5421;8973;30831;15743;73332;71732;87239;86536;9414
128,256,1.000000,0,3483,3483,256,3409,558568,PASS,1,1,41887;5421;8973;30831;15743;73332;71732;87239;86536;9414
128,384,1.000000,0,4861,4861,384,4787,836417,PASS,1,1,41887;5421;8973;30831;15743;73332;71732;87239;86536;9414
128,512,1.000000,0,6083,6083,512,6009,1040098,PASS,1,1,41887;5421;8973;30831;15743;73332;71732;87239;86536;9414
129,10,1.000000,0,198,198,12,140,41140,PASS,1,1,26446;25691;40727;25354;26136;40590;40564;27929;56216;53464
129,16,1.000000,0,243,243,17,185,33890,PASS,1,1,26446;25691;40727;25354;26136;40590;40564;27929;56216;53464
129,24,1.000000,0,320,320,24,262,47199,PASS,1,1,26446;25691;40727;25354;26136;40590;40564;27929;56216;53464
129,32,1.000000,0,409,409,32,351,61390,PASS,1,1,26446;25691;40727;25354;26136;40590;40564;27929;56216;53464
129,48,1.000000,0,540,540,48,482,86010,PASS,1,1,26446;25691;40727;25354;26136;40590;40564;27929;56216;53464
129,64,1.000000,0,673,673,64,615,103659,PASS,1,1,26446;25691;40727;25354;26136;40590;40564;27929;56216;53464
129,96,1.000000,0,960,960,96,902,169290,PASS,1,1,26446;25691;40727;25354;26136;40590;40564;27929;56216;53464
129,128,1.000000,0,1259,1259,128,1201,208920,PASS,1,1,26446;25691;40727;25354;26136;40590;40564;27929;56216;53464
129,192,1.000000,0,1690,1690,192,1632,293959,PASS,1,1,26446;25691;40727;25354;26136;40590;40564;27929;56216;53464
129,256,1.000000,0,2082,2082,256,2024,356669,PASS,1,1,26446;25691;40727;25354;26136;40590;40564;27929;56216;53464
129,384,1.000000,0,2787,2787,384,2729,513449,PASS,1,1,26446;25691;40727;25354;26136;40590;40564;27929;56216;53464
129,512,1.000000,0,3439,3439,512,3381,636758,PASS,1,1,26446;25691;40727;25354;26136;40590;40564;27929;56216;53464
130,10,0.000000,1,242,242,12,194,47920,PASS,1,1,12987;14998;88332;46652;63446;14982;90776;36753;69314;13088
130,16,0.700000,1,574,574,31,526,86180,PASS,1,1,36176;94220;12025;35575;74159;47376;76262;78517;53945;65871
130,24,0.700000,1,676,676,39,628,89990,PASS,1,1,36176;94220;12025;35575;74159;47376;76262;78517;53945;65871
130,32,0.800000,1,772,772,46,724,105490,PASS,1,1,36176;94220;12025;35575;74159;13858;47376;76262;78517;53945
130,48,0.800000,1,990,990,61,942,145490,PASS,1,1,36176;94220;12025;35575;74159;13858;47376;76262;99443;78517
130,64,0.900000,0,1156,1156,77,1108,166720,PASS,1,1,48496;36176;94220;12025;35575;74159;13858;47376;76262;99443
130,96,0.900000,0,1500,1500,108,1452,235820,PASS,1,1,48496;36176;94220;12025;35575;74159;13858;47376;76262;99443
130,128,1.000000,0,1789,1789,138,1741,279739,PASS,1,1,48496;36176;94102;94220;12025;35575;74159;13858;47376;76262
130,192,1.000000,0,2349,2349,194,2301,398649,PASS,1,1,48496;36176;94102;94220;12025;35575;74159;13858;47376;76262
130,256,1.000000,0,2991,2991,258,2943,497718,PASS,1,1,48496;36176;94102;94220;12025;35575;74159;13858;47376;76262
130,384,1.000000,0,3957,3957,385,3909,689618,PASS,1,1,48496;36176;94102;94220;12025;35575;74159;13858;47376;76262
130,512,1.000000,0,4955,4955,513,4907,865248,PASS,1,1,48496;36176;94102;94220;12025;35575;74159;13858;47376;76262
131,10,0.900000,0,257,257,13,197,53060,PASS,1,1,59443;96910;44792;25346;7246;25810;47161;78376;88700;53382
131,16,1.000000,0,332,332,19,272,51190,PASS,1,1,59443;96910;41410;44792;25346;7246;25810;47161;78376;88700
131,24,1.000000,0,399,399,26,339,59280,PASS,1,1,59443;96910;41410;44792;25346;7246;25810;47161;78376;88700
131,32,1.000000,0,487,487,34,427,74229,PASS,1,1,59443;96910;41410;44792;25346;7246;25810;47161;78376;88700
131,48,1.000000,0,633,633,49,573,99680,PASS,1,1,59443;96910;41410;44792;25346;7246;25810;47161;78376;88700
131,64,1.000000,0,772,772,65,712,119539,PASS,1,1,59443;96910;41410;44792;25346;7246;25810;47161;78376;88700
131,96,1.000000,0,1032,1032,97,972,173389,PASS,1,1,59443;96910;41410;44792;25346;7246;25810;47161;78376;88700
131,128,1.000000,0,1213,1213,129,1153,193889,PASS,1,1,59443;96910;41410;44792;25346;7246;25810;47161;78376;88700
131,192,1.000000,0,1574,1574,192,1514,271359,PASS,1,1,59443;96910;41410;44792;25346;7246;25810;47161;78376;88700
131,256,1.000000,0,1936,1936,256,1876,333169,PASS,1,1,59443;96910;41410;44792;25346;7246;25810;47161;78376;88700
131,384,1.000000,0,2715,2715,384,2655,506409,PASS,1,1,59443;96910;41410;44792;25346;7246;25810;47161;78376;88700
131,512,1.000000,0,3373,3373,512,3313,612648,PASS,1,1,59443;96910;41410;44792;25346;7246;25810;47161;78376;88700
132,10,0.800000,1,298,298,13,230,63560,PASS,1,1,8;29;67965;62825;10;18;61712;18707;16121;49385
132,16,0.800000,1,409,409,19,341,60170,PASS,1,1,8;29;67965;62825;10;18;61712;18707;16121;49385
132,24,0.800000,1,541,541,27,473,78410,PASS,1,1,8;29;67965;62825;10;18;61712;18707;16121;49385
132,32,1.000000,0,645,645,34,577,90310,PASS,1,1,8;29;67965;62825;10;18;61712;13680;515;18707
132,48,1.000000,0,914,914,50,846,143350,PASS,1,1,8;29;67965;62825;10;18;61712;13680;515;18707
132,64,1.000000,0,1105,1105,65,1037,162970,PASS,1,1,8;29;67965;62825;10;18;61712;13680;515;18707
132,96,1.000000,0,1550,1550,97,1482,256270,PASS,1,1,8;29;67965;62825;10;18;61712;13680;515;18707
132,128,1.000000,0,1903,1903,129,1835,293839,PASS,1,1,8;29;67965;62825;10;18;61712;13680;515;18707
132,192,1.000000,0,2569,2569,193,2501,428638,PASS,1,1,8;29;67965;62825;10;18;61712;13680;515;18707
132,256,1.000000,0,3216,3216,257,3148,526239,PASS,1,1,8;29;67965;62825;10;18;61712;13680;515;18707
132,384,1.000000,0,4398,4398,384,4330,777127,PASS,1,1,8;29;67965;62825;10;18;61712;13680;515;18707
132,512,1.000000,0,5512,5512,512,5444,953358,PASS,1,1,8;29;67965;62825;10;18;61712;13680;515;18707
133,10,0.900000,0,334,334,13,205,64840,PASS,1,1,17859;16221;80958;75337;15838;32083;14242;94809;84103;21996
133,16,0.900000,0,400,400,16,271,49380,PASS,1,1,17859;16221;80958;75337;15838;32083;14242;94809;84103;21996
133,24,1.000000,0,495,495,24,366,66009,PASS,1,1,17859;16221;80958;75337;15838;32083;14242;94809;84103;22182
133,32,1.000000,0,626,626,32,497,84350,PASS,1,1,17859;16221;80958;75337;15838;32083;14242;94809;84103;22182
133,48,1.000000,0,889,889,50,760,127849,PASS,1,1,17859;16221;80958;75337;15838;32083;14242;94809;84103;22182
133,64,1.000000,0,1086,1086,64,957,155699,PASS,1,1,17859;16221;80958;75337;15838;32083;14242;94809;84103;22182
133,96,1.000000,0,1416,1416,96,1287,216399,PASS,1,1,17859;16221;80958;75337;15838;32083;14242;94809;84103;22182
133,128,1.000000,0,1752,1752,128,1623,266589,PASS,1,1,17859;16221;80958;75337;15838;32083;14242;94809;84103;22182
133,192,1.000000,0,2345,2345,192,2216,375959,PASS,1,1,17859;16221;80958;75337;15838;32083;14242;94809;84103;22182
133,256,1.000000,0,2859,2859,256,2730,463949,PASS,1,1,17859;16221;80958;75337;15838;32083;14242;94809;84103;22182
133,384,1.000000,0,3750,3750,384,3621,649598,PASS,1,1,17859;16221;80958;75337;15838;32083;14242;94809;84103;22182
133,512,1.000000,0,4662,4662,514,4533,806018,PASS,1,1,17859;16221;80958;75337;15838;32083;14242;94809;84103;22182
134,10,0.900000,0,277,277,10,170,55030,PASS,1,1,20457;44143;24360;64;26590;44626;45206;27758;90364;51
134,16,0.900000,0,376,376,16,269,52340,PASS,1,1,20457;44143;24360;64;26590;44626;45206;27758;90364;51
134,24,0.900000,0,506,506,24,399,71469,PASS,1,1,20457;44143;24360;64;26590;44626;45206;27758;90364;51
134,32,1.000000,0,608,608,32,501,82390,PASS,1,1,20457;44143;24360;64;26590;44626;45206;27758;90364;95821
134,48,1.000000,0,856,856,48,749,128459,PASS,1,1,20457;44143;24360;64;26590;44626;45206;27758;90364;95821
134,64,1.000000,0,1085,1085,64,978,158459,PASS,1,1,20457;44143;24360;64;26590;44626;45206;27758;90364;95821
134,96,1.000000,0,1502,1502,96,1395,235799,PASS,1,1,20457;44143;24360;64;26590;44626;45206;27758;90364;95821
134,128,1.000000,0,1872,1872,128,1765,283899,PASS,1,1,20457;44143;24360;64;26590;44626;45206;27758;90364;95821
134,192,1.000000,0,2509,2509,192,2402,413859,PASS,1,1,20457;44143;24360;64;26590;44626;45206;27758;90364;95821
134,256,1.000000,0,3109,3109,256,3002,503478,PASS,1,1,20457;44143;24360;64;26590;44626;45206;27758;90364;95821
134,384,1.000000,0,4140,4140,384,4033,716278,PASS,1,1,20457;44143;24360;64;26590;44626;45206;27758;90364;95821
134,512,1.000000,0,5036,5036,512,4929,861508,PASS,1,1,20457;44143;24360;64;26590;44626;45206;27758;90364;95821
135,10,0.900000,0,255,255,13,198,50440,PASS,1,1,74145;72343;62264;62140;88271;75656;18062;36725;88686;74448
135,16,0.900000,0,312,312,16,255,41689,PASS,1,1,74145;72343;62264;62140;88271;75656;18062;36725;88686;74448
135,24,0.900000,0,455,455,24,398,64950,PASS,1,1,74145;72343;62264;62140;88271;75656;18062;36725;88686;74448
135,32,0.900000,0,597,597,33,540,83820,PASS,1,1,74145;72343;62264;62140;88271;75656;18062;36725;88686;71808
135,48,1.000000,0,793,793,48,736,115419,PASS,1,1,74145;72343;62264;82438;62140;88271;75656;18062;36725;88686
135,64,1.000000,0,979,979,64,922,147120,PASS,1,1,74145;72343;62264;82438;62140;88271;75656;18062;36725;88686
135,96,1.000000,0,1395,1395,96,1338,218090,PASS,1,1,74145;72343;62264;82438;62140;88271;75656;18062;36725;88686
135,128,1.000000,0,1771,1771,128,1714,271789,PASS,1,1,74145;72343;62264;82438;62140;88271;75656;18062;36725;88686
135,192,1.000000,0,2465,2465,192,2408,403599,PASS,1,1,74145;72343;62264;82438;62140;88271;75656;18062;36725;88686
135,256,1.000000,0,3137,3137,256,3080,510868,PASS,1,1,74145;72343;62264;82438;62140;88271;75656;18062;36725;88686
135,384,1.000000,0,4291,4291,384,4234,745908,PASS,1,1,74145;72343;62264;82438;62140;88271;75656;18062;36725;88686
135,512,1.000000,0,5271,5271,512,5214,898827,PASS,1,1,74145;72343;62264;82438;62140;88271;75656;18062;36725;88686
136,10,0.900000,0,221,221,10,140,47260,PASS,1,1,56439;51771;44590;56586;56182;52490;56154;50974;57392;53582
136,16,0.900000,0,271,271,16,190,38770,PASS,1,1,56439;51771;44590;56586;56182;52490;56154;50974;57392;53582
136,24,1.000000,0,344,344,26,263,50940,PASS,1,1,56439;51771;44590;56586;56182;52490;56154;50974;57528;57392
136,32,1.000000,0,381,381,32,300,54120,PASS,1,1,56439;51771;44590;56586;56182;52490;56154;50974;57528;57392
136,48,1.000000,0,467,467,48,386,74559,PASS,1,1,56439;51771;44590;56586;56182;52490;56154;50974;57528;57392
136,64,1.000000,0,581,581,64,500,92970,PASS,1,1,56439;51771;44590;56586;56182;52490;56154;50974;57528;57392
136,96,1.000000,0,742,742,96,661,129649,PASS,1,1,56439;51771;44590;56586;56182;52490;56154;50974;57528;57392
136,128,1.000000,0,918,918,128,837,156200,PASS,1,1,56439;51771;44590;56586;56182;52490;56154;50974;57528;57392
136,192,1.000000,0,1134,1134,192,1053,199859,PASS,1,1,56439;51771;44590;56586;56182;52490;56154;50974;57528;57392
136,256,1.000000,0,1381,1381,256,1300,256689,PASS,1,1,56439;51771;44590;56586;56182;52490;56154;50974;57528;57392
136,384,1.000000,0,1789,1789,384,1708,352279,PASS,1,1,56439;51771;44590;56586;56182;52490;56154;50974;57528;57392
136,512,1.000000,0,2203,2203,512,2122,443728,PASS,1,1,56439;51771;44590;56586;56182;52490;56154;50974;57528;57392
137,10,1.000000,0,181,181,10,106,36730,PASS,1,1,6452;6267;54885;50971;40268;50933;54853;24777;41028;41405
137,16,1.000000,0,235,235,16,160,34970,PASS,1,1,6452;6267;54885;50971;40268;50933;54853;24777;41028;41405
137,24,1.000000,0,269,269,24,194,38500,PASS,1,1,6452;6267;54885;50971;40268;50933;54853;24777;41028;41405
137,32,1.000000,0,330,330,32,255,48930,PASS,1,1,6452;6267;54885;50971;40268;50933;54853;24777;41028;41405
137,48,1.000000,0,407,407,48,332,63739,PASS,1,1,6452;6267;54885;50971;40268;50933;54853;24777;41028;41405
137,64,1.000000,0,504,504,64,429,80020,PASS,1,1,6452;6267;54885;50971;40268;50933;54853;24777;41028;41405
137,96,1.000000,0,714,714,96,639,124399,PASS,1,1,6452;6267;54885;50971;40268;50933;54853;24777;41028;41405
137,128,1.000000,0,895,895,128,820,152010,PASS,1,1,6452;6267;54885;50971;40268;50933;54853;24777;41028;41405
137,192,1.000000,0,1291,1291,192,1216,237310,PASS,1,1,6452;6267;54885;50971;40268;50933;54853;24777;41028;41405
137,256,1.000000,0,1643,1643,256,1568,294779,PASS,1,1,6452;6267;54885;50971;40268;50933;54853;24777;41028;41405
137,384,1.000000,0,2250,2250,384,2175,441319,PASS,1,1,6452;6267;54885;50971;40268;50933;54853;24777;41028;41405
137,512,1.000000,0,2833,2833,512,2758,550798,PASS,1,1,6452;6267;54885;50971;40268;50933;54853;24777;41028;41405
138,10,0.600000,1,359,359,18,311,76720,PASS,1,1,66793;61738;77371;79815;64696;91676;260;78514;761;92465
138,16,0.900000,0,475,475,26,427,68079,PASS,1,1,87112;66793;88859;61738;77371;79815;64696;75082;91676;260
138,24,0.900000,0,569,569,31,521,79570,PASS,1,1,87112;66793;88859;61738;77371;79815;64696;75082;91676;260
138,32,0.900000,0,719,719,40,671,105099,PASS,1,1,87112;66793;88859;61738;77371;79815;64696;75082;91676;15196
138,48,0.900000,0,869,869,50,821,127240,PASS,1,1,87112;66793;88859;61738;77371;79815;64696;75082;91676;15196
138,64,0.900000,0,1099,1099,65,1051,167740,PASS,1,1,87112;66793;88859;61738;77371;79815;64696;75082;91676;15196
138,96,1.000000,0,1511,1511,97,1463,246080,PASS,1,1,87112;66793;88859;61738;77371;79815;64696;75082;69019;91676
138,128,1.000000,0,1911,1911,129,1863,305309,PASS,1,1,87112;66793;88859;61738;77371;79815;64696;75082;69019;91676
138,192,1.000000,0,2587,2587,193,2539,435059,PASS,1,1,87112;66793;88859;61738;77371;79815;64696;75082;69019;91676
138,256,1.000000,0,3204,3204,256,3156,532219,PASS,1,1,87112;66793;88859;61738;77371;79815;64696;75082;69019;91676
138,384,1.000000,0,4311,4311,384,4263,765038,PASS,1,1,87112;66793;88859;61738;77371;79815;64696;75082;69019;91676
138,512,1.000000,0,5174,5174,512,5126,912848,PASS,1,1,87112;66793;88859;61738;77371;79815;64696;75082;69019;91676
139,10,0.000000,1,245,245,12,194,49849,PASS,1,1,85411;88040;42046;82273;84090;64073;82346;41762;82425;36584
139,16,0.000000,1,348,348,20,297,53800,PASS,1,1,64138;85411;88040;42046;82273;84090;63486;64073;82346;62539
139,24,0.000000,1,408,408,25,357,55600,PASS,1,1,64138;85411;92728;88040;42046;82273;84090;63486;64073;82346
139,32,0.800000,1,725,725,50,674,121949,PASS,1,1,90748;96469;55211;66168;69505;89415;12432;58924;63970;68326
139,48,0.800000,1,834,834,59,783,121950,PASS,1,1,90748;96469;55211;66168;69505;89415;12432;58924;63970;68326
139,64,0.800000,1,924,924,65,873,132579,PASS,1,1,90748;96469;55211;66168;69505;89415;12432;58924;63970;68326
139,96,0.900000,0,1192,1192,97,1141,195789,PASS,1,1,90748;96469;55211;66168;69505;89415;12432;89536;58924;63970
139,128,1.000000,0,1563,1563,129,1512,257849,PASS,1,1,90748;96469;55211;66168;69505;89415;12432;89536;58924;37235
139,192,1.000000,0,2142,2142,192,2091,372349,PASS,1,1,90748;96469;55211;66168;69505;89415;12432;89536;58924;37235
139,256,1.000000,0,2652,2652,256,2601,458699,PASS,1,1,90748;96469;55211;66168;69505;89415;12432;89536;58924;37235
139,384,1.000000,0,3519,3519,384,3468,634398,PASS,1,1,90748;96469;55211;66168;69505;89415;12432;89536;58924;37235
139,512,1.000000,0,4316,4316,512,4265,773387,PASS,1,1,90748;96469;55211;66168;69505;89415;12432;89536;58924;37235
140,10,0.900000,0,472,472,16,341,97240,PASS,1,1,15561;68428;67997;83539;71686;10686;77975;61759;76836;64044
140,16,0.900000,0,509,509,19,378,62930,PASS,1,1,15561;68428;67997;83539;71686;10686;77975;61759;76836;64044
140,24,0.900000,0,596,596,25,465,80350,PASS,1,1,15561;68428;67997;83539;71686;10686;77975;61759;76836;64044
140,32,0.900000,0,705,705,32,574,97140,PASS,1,1,15561;68428;67997;83539;71686;10686;77975;61759;76836;64044
140,48,0.900000,0,890,890,48,759,133550,PASS,1,1,15561;68428;67997;83539;71686;10686;77975;61759;76836;64044
140,64,1.000000,0,1085,1085,64,954,161399,PASS,1,1,15561;68428;67997;83539;71686;10686;77975;61759;76836;3818
140,96,1.000000,0,1443,1443,96,1312,228739,PASS,1,1,15561;68428;67997;83539;71686;10686;77975;61759;76836;3818
140,128,1.000000,0,1769,1769,128,1638,277359,PASS,1,1,15561;68428;67997;83539;71686;10686;77975;61759;76836;3818
140,192,1.000000,0,2398,2398,192,2267,403709,PASS,1,1,15561;68428;67997;83539;71686;10686;77975;61759;76836;3818
140,256,1.000000,0,2957,2957,256,2826,490549,PASS,1,1,15561;68428;67997;83539;71686;10686;77975;61759;76836;3818
140,384,1.000000,0,4060,4060,384,3929,715238,PASS,1,1,15561;68428;67997;83539;71686;10686;77975;61759;76836;3818
140,512,1.000000,0,4938,4938,512,4807,866787,PASS,1,1,15561;68428;67997;83539;71686;10686;77975;61759;76836;3818
141,10,0.900000,0,242,242,13,185,41830,PASS,1,1,9773;70738;10143;59044;36162;9871;10870;4932;19626;22651
141,16,1.000000,0,337,337,19,280,46859,PASS,1,1,9773;70738;10143;59044;36162;9871;10870;4932;19626;2549
141,24,1.000000,0,440,440,28,383,63710,PASS,1,1,9773;70738;10143;59044;36162;9871;10870;4932;19626;2549
141,32,1.000000,0,514,514,35,457,68550,PASS,1,1,9773;70738;10143;59044;36162;9871;10870;4932;19626;2549
141,48,1.000000,0,743,743,54,686,110049,PASS,1,1,9773;70738;10143;59044;36162;9871;10870;4932;19626;2549
141,64,1.000000,0,898,898,67,841,130269,PASS,1,1,9773;70738;10143;59044;36162;9871;10870;4932;19626;2549
141,96,1.000000,0,1206,1206,99,1149,184140,PASS,1,1,9773;70738;10143;59044;36162;9871;10870;4932;19626;2549
141,128,1.000000,0,1529,1529,131,1472,232379,PASS,1,1,9773;70738;10143;59044;36162;9871;10870;4932;19626;2549
141,192,1.000000,0,2111,2111,195,2054,366409,PASS,1,1,9773;70738;10143;59044;36162;9871;10870;4932;19626;2549
141,256,1.000000,0,2654,2654,258,2597,429419,PASS,1,1,9773;70738;10143;59044;36162;9871;10870;4932;19626;2549
141,384,1.000000,0,3655,3655,386,3598,635318,PASS,1,1,9773;70738;10143;59044;36162;9871;10870;4932;19626;2549
141,512,1.000000,0,4513,4513,514,4456,788708,PASS,1,1,9773;70738;10143;59044;36162;9871;10870;4932;19626;2549
142,10,0.900000,0,398,398,23,337,78760,PASS,1,1,67956;93941;14172;65576;16822;77185;13958;48977;10282;2655
142,16,0.900000,0,485,485,27,424,67619,PASS,1,1,67956;93941;14172;65576;16822;77185;13958;48977;10282;2655
142,24,0.900000,0,639,639,36,578,93930,PASS,1,1,67956;93941;14172;65576;16822;77185;13958;48977;10282;15988
142,32,0.900000,0,708,708,40,647,95519,PASS,1,1,67956;93941;14172;65576;16822;77185;13958;48977;10282;15988
142,48,0.900000,0,1000,1000,57,939,150830,PASS,1,1,67956;93941;14172;65576;16822;77185;13958;48977;10282;15988
142,64,0.900000,0,1224,1224,70,1163,177930,PASS,1,1,67956;93941;14172;65576;16822;77185;13958;48977;10282;15988
142,96,0.900000,0,1648,1648,99,1587,258710,PASS,1,1,67956;93941;14172;65576;16822;77185;13958;48977;10282;15988
142,128,0.900000,0,2037,2037,130,1976,312709,PASS,1,1,67956;93941;14172;65576;16822;77185;13958;48977;10282;15988
142,192,0.900000,0,2769,2769,193,2708,452619,PASS,1,1,67956;93941;14172;65576;16822;77185;13958;48977;10282;15988
142,256,1.000000,0,3469,3469,257,3408,564119,PASS,1,1,67956;93941;14172;65576;16822;77185;84928;13958;48977;10282
142,384,1.000000,0,4687,4687,384,4626,832768,PASS,1,1,67956;93941;14172;65576;16822;77185;84928;13958;48977;10282
142,512,1.000000,0,5819,5819,512,5758,985277,PASS,1,1,67956;93941;14172;65576;16822;77185;84928;13958;48977;10282
143,10,0.800000,1,385,385,15,235,81960,PASS,1,1,11541;92292;92312;12026;68059;42526;11811;13123;15249;15092
143,16,1.000000,0,478,478,21,328,86989,PASS,1,1,11541;92292;92312;41546;12026;68059;42526;7375;11811;13123
143,24,1.000000,0,526,526,26,376,68820,PASS,1,1,11541;92292;92312;41546;12026;68059;42526;7375;11811;13123
143,32,1.000000,0,622,622,33,472,88060,PASS,1,1,11541;92292;92312;41546;12026;68059;42526;7375;11811;13123
143,48,1.000000,0,781,781,48,631,119920,PASS,1,1,11541;92292;92312;41546;12026;68059;42526;7375;11811;13123
143,64,1.000000,0,944,944,64,794,141159,PASS,1,1,11541;92292;92312;41546;12026;68059;42526;7375;11811;13123
143,96,1.000000,0,1208,1208,96,1058,194399,PASS,1,1,11541;92292;92312;41546;12026;68059;42526;7375;11811;13123
143,128,1.000000,0,1450,1450,128,1300,229129,PASS,1,1,11541;92292;92312;41546;12026;68059;42526;7375;11811;13123
143,192,1.000000,0,1927,1927,192,1777,328289,PASS,1,1,11541;92292;92312;41546;12026;68059;42526;7375;11811;13123
143,256,1.000000,0,2311,2311,256,2161,390299,PASS,1,1,11541;92292;92312;41546;12026;68059;42526;7375;11811;13123
143,384,1.000000,0,3093,3093,384,2943,566758,PASS,1,1,11541;92292;92312;41546;12026;68059;42526;7375;11811;13123
143,512,1.000000,0,3832,3832,512,3682,691538,PASS,1,1,11541;92292;92312;41546;12026;68059;42526;7375;11811;13123
144,10,0.900000,0,238,238,11,148,49800,PASS,1,1,29585;29528;24759;4522;25054;59735;24509;41335;24398;58087
144,16,0.900000,0,308,308,17,218,46050,PASS,1,1,29585;29528;24759;4522;25054;59735;24509;41335;24398;58087
144,24,1.000000,0,391,391,25,301,57550,PASS,1,1,29585;29528;24759;4522;25054;59735;54632;24509;41335;24398
144,32,1.000000,0,479,479,33,389,70230,PASS,1,1,29585;29528;24759;4522;25054;59735;54632;24509;41335;24398
144,48,1.000000,0,598,598,48,508,88299,PASS,1,1,29585;29528;24759;4522;25054;59735;54632;24509;41335;24398
144,64,1.000000,0,761,761,64,671,117640,PASS,1,1,29585;29528;24759;4522;25054;59735;54632;24509;41335;24398
144,96,1.000000,0,946,946,96,856,151199,PASS,1,1,29585;29528;24759;4522;25054;59735;54632;24509;41335;24398
144,128,1.000000,0,1077,1077,128,987,172729,PASS,1,1,29585;29528;24759;4522;25054;59735;54632;24509;41335;24398
144,192,1.000000,0,1393,1393,192,1303,253609,PASS,1,1,29585;29528;24759;4522;25054;59735;54632;24509;41335;24398
144,256,1.000000,0,1655,1655,256,1565,301449,PASS,1,1,29585;29528;24759;4522;25054;59735;54632;24509;41335;24398
144,384,1.000000,0,2139,2139,384,2049,418858,PASS,1,1,29585;29528;24759;4522;25054;59735;54632;24509;41335;24398
144,512,1.000000,0,2649,2649,512,2559,531769,PASS,1,1,29585;29528;24759;4522;25054;59735;54632;24509;41335;24398
145,10,0.800000,1,394,394,19,323,81349,PASS,1,1,54398;30030;61495;30022;48926;53707;54360;47277;86510;63485
145,16,1.000000,0,463,463,24,392,63560,PASS,1,1,54398;30030;30302;61495;30022;48926;53707;54360;47277;82046
145,24,1.000000,0,527,527,29,456,72980,PASS,1,1,54398;30030;30302;61495;30022;48926;53707;54360;47277;82046
145,32,1.000000,0,613,613,37,542,90630,PASS,1,1,54398;30030;30302;61495;30022;48926;53707;54360;47277;82046
145,48,1.000000,0,739,739,52,668,115000,PASS,1,1,54398;30030;30302;61495;30022;48926;53707;54360;47277;82046
145,64,1.000000,0,863,863,68,792,132520,PASS,1,1,54398;30030;30302;61495;30022;48926;53707;54360;47277;82046
145,96,1.000000,0,1141,1141,100,1070,189939,PASS,1,1,54398;30030;30302;61495;30022;48926;53707;54360;47277;82046
145,128,1.000000,0,1408,1408,130,1337,228389,PASS,1,1,54398;30030;30302;61495;30022;48926;53707;54360;47277;82046
145,192,1.000000,0,1924,1924,192,1853,342329,PASS,1,1,54398;30030;30302;61495;30022;48926;53707;54360;47277;82046
145,256,1.000000,0,2312,2312,256,2241,390799,PASS,1,1,54398;30030;30302;61495;30022;48926;53707;54360;47277;82046
145,384,1.000000,0,3108,3108,384,3037,574408,PASS,1,1,54398;30030;30302;61495;30022;48926;53707;54360;47277;82046
145,512,1.000000,0,3837,3837,512,3766,701858,PASS,1,1,54398;30030;30302;61495;30022;48926;53707;54360;47277;82046
146,10,0.900000,0,264,264,11,185,50130,PASS,1,1,21921;43789;16692;98771;98697;77136;30868;81212;33479;96268
146,16,0.900000,0,357,357,17,278,50750,PASS,1,1,21921;43789;16692;98771;98697;77136;30868;81212;33479;96268
146,24,0.900000,0,470,470,24,391,66600,PASS,1,1,21921;43789;16692;98771;98697;77136;30868;81212;33479;96268
146,32,1.000000,0,593,593,32,514,90210,PASS,1,1,21921;43789;16692;98771;21643;98697;77136;30868;81212;33479
146,48,1.000000,0,850,850,48,771,128909,PASS,1,1,21921;43789;16692;98771;21643;98697;77136;30868;81212;33479
146,64,1.000000,0,1117,1117,64,1038,163579,PASS,1,1,21921;43789;16692;98771;21643;98697;77136;30868;81212;33479
146,96,1.000000,0,1463,1463,96,1384,233659,PASS,1,1,21921;43789;16692;98771;21643;98697;77136;30868;81212;33479
146,128,1.000000,0,1791,1791,128,1712,269059,PASS,1,1,21921;43789;16692;98771;21643;98697;77136;30868;81212;33479
146,192,1.000000,0,2384,2384,192,2305,387439,PASS,1,1,21921;43789;16692;98771;21643;98697;77136;30868;81212;33479
146,256,1.000000,0,2994,2994,256,2915,485549,PASS,1,1,21921;43789;16692;98771;21643;98697;77136;30868;81212;33479
146,384,1.000000,0,3938,3938,384,3859,677568,PASS,1,1,21921;43789;16692;98771;21643;98697;77136;30868;81212;33479
146,512,1.000000,0,4835,4835,512,4756,826917,PASS,1,1,21921;43789;16692;98771;21643;98697;77136;30868;81212;33479
147,10,0.900000,0,322,322,15,252,59110,PASS,1,1,76122;71240;46766;97552;2166;1955;72513;27349;61566;85013
147,16,0.900000,0,362,362,18,292,46500,PASS,1,1,76122;71240;46766;97552;2166;1955;72513;27349;61566;85013
147,24,0.900000,0,453,453,26,383,61489,PASS,1,1,76122;71240;46766;97552;2166;1955;72513;27349;61566;85013
147,32,0.900000,0,519,519,32,449,70510,PASS,1,1,76122;71240;46766;97552;2166;1955;72513;27349;61566;85013
147,48,0.900000,0,691,691,49,621,105150,PASS,1,1,76122;71240;46766;97552;2166;1955;72513;27349;61566;85013
147,64,1.000000,0,905,905,66,835,132710,PASS,1,1,76122;71240;46766;97552;2166;1955;72513;27349;91043;61566
147,96,1.000000,0,1190,1190,96,1120,183289,PASS,1,1,76122;71240;46766;97552;2166;1955;72513;27349;91043;61566
147,128,1.000000,0,1489,1489,128,1419,231579,PASS,1,1,76122;71240;46766;97552;2166;1955;72513;27349;91043;61566
147,192,1.000000,0,2091,2091,192,2021,360819,PASS,1,1,76122;71240;46766;97552;2166;1955;72513;27349;91043;61566
147,256,1.000000,0,2625,2625,256,2555,430789,PASS,1,1,76122;71240;46766;97552;2166;1955;72513;27349;91043;61566
147,384,1.000000,0,3583,3583,384,3513,630228,PASS,1,1,76122;71240;46766;97552;2166;1955;72513;27349;91043;61566
147,512,1.000000,0,4373,4373,512,4303,764377,PASS,1,1,76122;71240;46766;97552;2166;1955;72513;27349;91043;61566
148,10,0.800000,1,254,254,11,159,53210,PASS,1,1,15636;13438;97996;98770;13678;65873;17596;80044;97752;98802
148,16,0.900000,0,465,465,21,370,75930,PASS,1,1,15636;13438;97996;80836;98770;13678;65873;17596;80044;18045
148,24,0.900000,0,502,502,24,407,62559,PASS,1,1,15636;13438;97996;80836;98770;13678;65873;17596;80044;18045
148,32,0.900000,0,614,614,32,519,85940,PASS,1,1,15636;13438;97996;80836;98770;13678;65873;17596;80044;18045
148,48,0.900000,0,867,867,48,772,133449,PASS,1,1,15636;13438;97996;80836;98770;13678;65873;17596;80044;18045
148,64,1.000000,0,1096,1096,64,1001,161760,PASS,1,1,15636;13438;97996;80836;12952;98770;13678;65873;17596;80044
148,96,1.000000,0,1530,1530,96,1435,243580,PASS,1,1,15636;13438;97996;80836;12952;98770;13678;65873;17596;80044
148,128,1.000000,0,1930,1930,128,1835,297589,PASS,1,1,15636;13438;97996;80836;12952;98770;13678;65873;17596;80044
148,192,1.000000,0,2633,2633,192,2538,434429,PASS,1,1,15636;13438;97996;80836;12952;98770;13678;65873;17596;80044
148,256,1.000000,0,3284,3284,256,3189,531609,PASS,1,1,15636;13438;97996;80836;12952;98770;13678;65873;17596;80044
148,384,1.000000,0,4354,4354,384,4259,752788,PASS,1,1,15636;13438;97996;80836;12952;98770;13678;65873;17596;80044
148,512,1.000000,0,5318,5318,512,5223,911768,PASS,1,1,15636;13438;97996;80836;12952;98770;13678;65873;17596;80044
149,10,0.400000,1,262,262,10,162,50439,PASS,1,1,15885;13804;60967;13638;99957;16323;13275;75956;61561;15114
149,16,0.400000,1,394,394,19,294,58000,PASS,1,1,15885;13804;60967;13638;4268;19241;99957;10786;16323;13275
149,24,0.800000,1,533,533,28,433,75830,PASS,1,1,15885;17355;13804;87659;60967;89484;18398;13638;4268;19241
149,32,0.800000,1,595,595,32,495,78579,PASS,1,1,15885;17355;13804;87659;60967;89484;18398;13638;4268;19241
149,48,0.800000,1,814,814,48,714,122030,PASS,1,1,15885;17355;13804;87659;60967;89484;18398;13638;4268;19241
149,64,1.000000,0,995,995,64,895,151239,PASS,1,1,2584;15885;17355;13804;87659;60967;89484;33139;18398;13638
149,96,1.000000,0,1364,1364,96,1264,220519,PASS,1,1,2584;15885;17355;13804;87659;60967;89484;33139;18398;13638
149,128,1.000000,0,1765,1765,128,1665,277779,PASS,1,1,2584;15885;17355;13804;87659;60967;89484;33139;18398;13638
149,192,1.000000,0,2473,2473,193,2373,417609,PASS,1,1,2584;15885;17355;13804;87659;60967;89484;33139;18398;13638
149,256,1.000000,0,3067,3067,256,2967,501698,PASS,1,1,2584;15885;17355;13804;87659;60967;89484;33139;18398;13638
149,384,1.000000,0,4292,4292,384,4192,753418,PASS,1,1,2584;15885;17355;13804;87659;60967;89484;33139;18398;13638
149,512,1.000000,0,5251,5251,512,5151,906027,PASS,1,1,2584;15885;17355;13804;87659;60967;89484;33139;18398;13638
150,10,0.600000,1,341,341,14,239,57430,PASS,1,1,65500;72977;59723;17657;12892;67205;10696;66831;66206;11179
150,16,0.600000,1,391,391,16,289,48190,PASS,1,1,65500;72977;59723;17657;12892;67205;10696;66831;66206;11179
150,24,0.700000,1,537,537,25,435,72379,PASS,1,1,89549;65500;72977;59723;17657;12892;67205;10696;66831;66206
150,32,0.800000,1,639,639,32,537,82720,PASS,1,1,89549;65500;72977;59723;17657;12892;67205;1459;10696;66831
150,48,0.800000,1,890,890,48,788,121689,PASS,1,1,89549;65500;72977;59723;17657;12892;67205;1459;10696;66831
150,64,0.900000,0,1073,1073,64,971,151309,PASS,1,1,89549;65500;72977;59723;17657;12892;67205;1459;19641;10696
150,96,0.900000,0,1405,1405,96,1303,210060,PASS,1,1,89549;65500;72977;59723;17657;12892;67205;1459;19641;10696
150,128,1.000000,0,1756,1756,128,1654,269289,PASS,1,1,89549;65500;72977;59723;98449;17657;12892;67205;1459;19641
150,192,1.000000,0,2420,2420,192,2318,393469,PASS,1,1,89549;65500;72977;59723;98449;17657;12892;67205;1459;19641
150,256,1.000000,0,3010,3010,256,2908,483679,PASS,1,1,89549;65500;72977;59723;98449;17657;12892;67205;1459;19641
150,384,1.000000,0,4114,4114,384,4012,698027,PASS,1,1,89549;65500;72977;59723;98449;17657;12892;67205;1459;19641
150,512,1.000000,0,4985,4985,513,4883,851017,PASS,1,1,89549;65500;72977;59723;98449;17657;12892;67205;1459;19641
151,10,0.900000,0,350,350,14,288,72230,PASS,1,1,71600;60867;89553;89746;69446;88694;70466;60604;92261;13208
151,16,1.000000,0,440,440,19,378,60549,PASS,1,1,71600;60867;89553;89746;69446;88694;70466;60604;92261;62886
151,24,1.000000,0,582,582,27,520,82860,PASS,1,1,71600;60867;89553;89746;69446;88694;70466;60604;92261;62886
151,32,1.000000,0,710,710,34,648,97510,PASS,1,1,71600;60867;89553;89746;69446;88694;70466;60604;92261;62886
151,48,1.000000,0,911,911,50,849,133330,PASS,1,1,71600;60867;89553;89746;69446;88694;70466;60604;92261;62886
151,64,1.000000,0,1074,1074,65,1012,152849,PASS,1,1,71600;60867;89553;89746;69446;88694;70466;60604;92261;62886
151,96,1.000000,0,1520,1520,97,1458,239029,PASS,1,1,71600;60867;89553;89746;69446;88694;70466;60604;92261;62886
151,128,1.000000,0,1823,1823,129,1761,277639,PASS,1,1,71600;60867;89553;89746;69446;88694;70466;60604;92261;62886
151,192,1.000000,0,2477,2477,193,2415,404829,PASS,1,1,71600;60867;89553;89746;69446;88694;70466;60604;92261;62886
151,256,1.000000,0,3026,3026,256,2964,493829,PASS,1,1,71600;60867;89553;89746;69446;88694;70466;60604;92261;62886
151,384,1.000000,0,4086,4086,384,4024,706208,PASS,1,1,71600;60867;89553;89746;69446;88694;70466;60604;92261;62886
151,512,1.000000,0,4968,4968,512,4906,849477,PASS,1,1,71600;60867;89553;89746;69446;88694;70466;60604;92261;62886
152,10,0.700000,1,439,439,16,315,94740,PASS,1,1,22681;22755;234;74387;50907;22109;11110;81751;10460;52422
152,16,0.700000,1,508,508,21,384,67930,PASS,1,1,22681;22755;234;74387;50907;22109;11110;81751;10460;52422
152,24,0.700000,1,557,557,26,433,95310,PASS,1,1,22681;22755;234;74387;50907;22109;11110;81751;10460;52422
152,32,0.700000,1,679,679,34,555,99960,PASS,1,1,22681;22755;234;74387;50907;22109;11110;81751;10460;52422
152,48,0.900000,0,841,841,49,717,127610,PASS,1,1,22681;22755;234;74387;32198;91617;50907;22109;11110;81751
152,64,1.000000,0,1025,1025,65,901,154239,PASS,1,1,22681;22755;234;74387;32198;91617;23329;50907;22109;11110
152,96,1.000000,0,1310,1310,97,1186,210979,PASS,1,1,22681;22755;234;74387;32198;91617;23329;50907;22109;11110
152,128,1.000000,0,1617,1617,129,1493,260289,PASS,1,1,22681;22755;234;74387;32198;91617;23329;50907;22109;11110
152,192,1.000000,0,2163,2163,193,2039,367349,PASS,1,1,22681;22755;234;74387;32198;91617;23329;50907;22109;11110
152,256,1.000000,0,2730,2730,257,2606,457989,PASS,1,1,22681;22755;234;74387;32198;91617;23329;50907;22109;11110
152,384,1.000000,0,3588,3588,384,3464,643488,PASS,1,1,22681;22755;234;74387;32198;91617;23329;50907;22109;11110
152,512,1.000000,0,4338,4338,512,4214,764988,PASS,1,1,22681;22755;234;74387;32198;91617;23329;50907;22109;11110
153,10,0.800000,1,246,246,11,168,46620,PASS,1,1,28221;28419;47141;24242;83073;15749;14901;15869;15136;1192
153,16,0.800000,1,302,302,16,224,38970,PASS,1,1,28221;28419;47141;24242;83073;15749;14901;15869;15136;1192
153,24,0.900000,0,374,374,24,296,53539,PASS,1,1,40599;28221;28419;47141;24242;83073;15749;14901;15869;15136
153,32,1.000000,0,496,496,32,418,72490,PASS,1,1,40599;28221;28419;47141;63832;24242;83073;15749;14901;15869
153,48,1.000000,0,679,679,48,601,102620,PASS,1,1,40599;28221;28419;47141;63832;24242;83073;15749;14901;15869
153,64,1.000000,0,889,889,64,811,130170,PASS,1,1,40599;28221;28419;47141;63832;24242;83073;15749;14901;15869
153,96,1.000000,0,1235,1235,96,1157,193959,PASS,1,1,40599;28221;28419;47141;63832;24242;83073;15749;14901;15869
153,128,1.000000,0,1507,1507,128,1429,233009,PASS,1,1,40599;28221;28419;47141;63832;24242;83073;15749;14901;15869
153,192,1.000000,0,2043,2043,192,1965,362259,PASS,1,1,40599;28221;28419;47141;63832;24242;83073;15749;14901;15869
153,256,1.000000,0,2588,2588,256,2510,437128,PASS,1,1,40599;28221;28419;47141;63832;24242;83073;15749;14901;15869
153,384,1.000000,0,3461,3461,384,3383,615608,PASS,1,1,40599;28221;28419;47141;63832;24242;83073;15749;14901;15869
153,512,1.000000,0,4327,4327,512,4249,770647,PASS,1,1,40599;28221;28419;47141;63832;24242;83073;15749;14901;15869
154,10,0.900000,0,216,216,10,102,44980,PASS,1,1,45877;24197;56577;44884;41994;29107;11729;74957;44301;25631
154,16,0.900000,0,287,287,16,173,41090,PASS,1,1,45877;24197;56577;44884;41994;29107;11729;74957;44301;25631
154,24,1.000000,0,337,337,24,223,53130,PASS,1,1,45877;41918;24197;56577;44884;41994;29107;11729;74957;44301
154,32,1.000000,0,447,447,33,333,65309,PASS,1,1,45877;41918;24197;56577;44884;41994;29107;11729;74957;44301
154,48,1.000000,0,600,600,48,486,90800,PASS,1,1,45877;41918;24197;56577;44884;41994;29107;11729;74957;44301
154,64,1.000000,0,740,740,64,626,111840,PASS,1,1,45877;41918;24197;56577;44884;41994;29107;11729;74957;44301
154,96,1.000000,0,1023,1023,96,909,169530,PASS,1,1,45877;41918;24197;56577;44884;41994;29107;11729;74957;44301
154,128,1.000000,0,1225,1225,128,1111,193210,PASS,1,1,45877;41918;24197;56577;44884;41994;29107;11729;74957;44301
154,192,1.000000,0,1634,1634,192,1520,280090,PASS,1,1,45877;41918;24197;56577;44884;41994;29107;11729;74957;44301
154,256,1.000000,0,1976,1976,256,1862,336439,PASS,1,1,45877;41918;24197;56577;44884;41994;29107;11729;74957;44301
154,384,1.000000,0,2637,2637,384,2523,491439,PASS,1,1,45877;41918;24197;56577;44884;41994;29107;11729;74957;44301
154,512,1.000000,0,3245,3245,512,3131,619188,PASS,1,1,45877;41918;24197;56577;44884;41994;29107;11729;74957;44301
155,10,0.900000,0,229,229,10,146,45570,PASS,1,1,55231;51520;76756;6160;67990;5125;56604;46645;56726;56504
155,16,1.000000,0,278,278,16,195,39180,PASS,1,1,55231;51520;76756;6160;67990;5125;56604;46645;56726;29457
155,24,1.000000,0,349,349,24,266,52330,PASS,1,1,55231;51520;76756;6160;67990;5125;56604;46645;56726;29457
155,32,1.000000,0,419,419,33,336,61299,PASS,1,1,55231;51520;76756;6160;67990;5125;56604;46645;56726;29457
155,48,1.000000,0,521,521,48,438,81150,PASS,1,1,55231;51520;76756;6160;67990;5125;56604;46645;56726;29457
155,64,1.000000,0,601,601,64,518,90780,PASS,1,1,55231;51520;76756;6160;67990;5125;56604;46645;56726;29457
155,96,1.000000,0,768,768,96,685,130040,PASS,1,1,55231;51520;76756;6160;67990;5125;56604;46645;56726;29457
155,128,1.000000,0,909,909,128,826,147939,PASS,1,1,55231;51520;76756;6160;67990;5125;56604;46645;56726;29457
155,192,1.000000,0,1134,1134,192,1051,204939,PASS,1,1,55231;51520;76756;6160;67990;5125;56604;46645;56726;29457
155,256,1.000000,0,1304,1304,256,1221,235679,PASS,1,1,55231;51520;76756;6160;67990;5125;56604;46645;56726;29457
155,384,1.000000,0,1703,1703,384,1620,342000,PASS,1,1,55231;51520;76756;6160;67990;5125;56604;46645;56726;29457
155,512,1.000000,0,2077,2077,512,1994,421479,PASS,1,1,55231;51520;76756;6160;67990;5125;56604;46645;56726;29457
156,10,0.900000,0,379,379,18,297,81210,PASS,1,1,82692;82988;95688;70961;72089;94902;21506;72171;96694;4941
156,16,0.900000,0,424,424,21,342,55100,PASS,1,1,82692;82988;95688;70961;72089;94902;21506;72171;96694;4941
156,24,0.900000,0,584,584,30,502,88919,PASS,1,1,82692;82988;95688;70961;72089;94902;21506;72171;96694;95268
156,32,0.900000,0,720,720,37,638,103090,PASS,1,1,82692;82988;95688;70961;72089;94902;21506;72171;96694;95268
156,48,0.900000,0,981,981,53,899,151909,PASS,1,1,82692;82988;95688;70961;72089;94902;21506;72171;96694;95268
156,64,0.900000,0,1183,1183,68,1101,174089,PASS,1,1,82692;82988;95688;70961;72089;94902;21506;72171;96694;95268
156,96,0.900000,0,1603,1603,98,1521,253909,PASS,1,1,82692;82988;95688;70961;72089;94902;21506;72171;96694;95268
156,128,1.000000,0,2036,2036,130,1954,314919,PASS,1,1,82692;82988;95688;70961;72089;94902;21506;72171;96694;90371
156,192,1.000000,0,2750,2750,194,2668,454398,PASS,1,1,82692;82988;95688;70961;72089;94902;21506;72171;96694;90371
156,256,1.000000,0,3482,3482,257,3400,572468,PASS,1,1,82692;82988;95688;70961;72089;94902;21506;72171;96694;90371
156,384,1.000000,0,4738,4738,384,4656,825418,PASS,1,1,82692;82988;95688;70961;72089;94902;21506;72171;96694;90371
156,512,1.000000,0,5821,5821,512,5739,989507,PASS,1,1,82692;82988;95688;70961;72089;94902;21506;72171;96694;90371
157,10,0.600000,1,300,300,12,227,65100,PASS,1,1,18819;87038;20105;84452;83925;14056;42929;36141;42527;67271
157,16,0.700000,1,430,430,19,357,64200,PASS,1,1,18819;47331;87038;20105;84452;83925;14056;42929;36141;42527
157,24,0.800000,1,588,588,26,515,84180,PASS,1,1,18819;47331;87038;20105;84452;58902;83925;14056;42929;36141
157,32,0.900000,0,705,705,33,632,96120,PASS,1,1,18819;47331;87038;70658;20105;84452;58902;83925;14056;42929
157,48,1.000000,0,943,943,48,870,141049,PASS,1,1,18819;47331;15643;87038;70658;20105;84452;58902;83925;14056
157,64,1.000000,0,1135,1135,65,1062,163570,PASS,1,1,18819;47331;15643;87038;70658;20105;84452;58902;83925;14056
157,96,1.000000,0,1475,1475,96,1402,235709,PASS,1,1,18819;47331;15643;87038;70658;20105;84452;58902;83925;14056
157,128,1.000000,0,1815,1815,128,1742,282519,PASS,1,1,18819;47331;15643;87038;70658;20105;84452;58902;83925;14056
157,192,1.000000,0,2423,2423,192,2350,406689,PASS,1,1,18819;47331;15643;87038;70658;20105;84452;58902;83925;14056
157,256,1.000000,0,2962,2962,256,2889,495369,PASS,1,1,18819;47331;15643;87038;70658;20105;84452;58902;83925;14056
157,384,1.000000,0,3921,3921,384,3848,704978,PASS,1,1,18819;47331;15643;87038;70658;20105;84452;58902;83925;14056
157,512,1.000000,0,4735,4735,512,4662,830558,PASS,1,1,18819;47331;15643;87038;70658;20105;84452;58902;83925;14056
158,10,1.000000,0,216,216,14,138,45080,PASS,1,1,40732;28990;46232;28436;27125;28188;6391;46388;48575;25696
158,16,1.000000,0,322,322,20,244,49130,PASS,1,1,40732;28990;46232;28436;27125;28188;6391;46388;48575;25696
158,24,1.000000,0,358,358,24,280,47870,PASS,1,1,40732;28990;46232;28436;27125;28188;6391;46388;48575;25696
158,32,1.000000,0,442,442,32,364,63280,PASS,1,1,40732;28990;46232;28436;27125;28188;6391;46388;48575;25696
158,48,1.000000,0,628,628,48,550,99360,PASS,1,1,40732;28990;46232;28436;27125;28188;6391;46388;48575;25696
158,64,1.000000,0,835,835,65,757,129939,PASS,1,1,40732;28990;46232;28436;27125;28188;6391;46388;48575;25696
158,96,1.000000,0,1184,1184,96,1106,193759,PASS,1,1,40732;28990;46232;28436;27125;28188;6391;46388;48575;25696
158,128,1.000000,0,1533,1533,128,1455,252049,PASS,1,1,40732;28990;46232;28436;27125;28188;6391;46388;48575;25696
158,192,1.000000,0,2069,2069,192,1991,344109,PASS,1,1,40732;28990;46232;28436;27125;28188;6391;46388;48575;25696
158,256,1.000000,0,2489,2489,256,2411,403599,PASS,1,1,40732;28990;46232;28436;27125;28188;6391;46388;48575;25696
158,384,1.000000,0,3371,3371,384,3293,592698,PASS,1,1,40732;28990;46232;28436;27125;28188;6391;46388;48575;25696
158,512,1.000000,0,4144,4144,512,4066,727108,PASS,1,1,40732;28990;46232;28436;27125;28188;6391;46388;48575;25696
159,10,0.700000,1,329,329,16,236,64639,PASS,1,1,62653;33935;61244;34236;63851;48418;47989;37321;63112;1092
159,16,0.900000,0,410,410,21,317,55530,PASS,1,1,62653;33935;20284;61244;34236;63851;87914;48418;47989;37321
159,24,0.900000,0,469,469,26,376,62260,PASS,1,1,62653;33935;20284;61244;34236;63851;87914;48418;47989;37321
159,32,1.000000,0,596,596,33,503,83969,PASS,1,1,62653;15282;33935;20284;61244;34236;63851;87914;48418;47989
159,48,1.000000,0,862,862,49,769,132180,PASS,1,1,62653;15282;33935;20284;61244;34236;63851;87914;48418;47989
159,64,1.000000,0,1092,1092,65,999,161200,PASS,1,1,62653;15282;33935;20284;61244;34236;63851;87914;48418;47989
159,96,1.000000,0,1437,1437,96,1344,221590,PASS,1,1,62653;15282;33935;20284;61244;34236;63851;87914;48418;47989
159,128,1.000000,0,1859,1859,128,1766,286459,PASS,1,1,62653;15282;33935;20284;61244;34236;63851;87914;48418;47989
159,192,1.000000,0,2519,2519,192,2426,406468,PASS,1,1,62653;15282;33935;20284;61244;34236;63851;87914;48418;47989
159,256,1.000000,0,3132,3132,256,3039,498759,PASS,1,1,62653;15282;33935;20284;61244;34236;63851;87914;48418;47989
159,384,1.000000,0,4224,4224,384,4131,727558,PASS,1,1,62653;15282;33935;20284;61244;34236;63851;87914;48418;47989
159,512,1.000000,0,5153,5153,512,5060,882557,PASS,1,1,62653;15282;33935;20284;61244;34236;63851;87914;48418;47989
160,10,0.900000,0,290,290,11,206,56510,PASS,1,1,79275;13279;71878;15295;60625;96144;13852;75868;63212;17747
160,16,1.000000,0,442,442,19,358,62260,PASS,1,1,79275;13279;71878;15295;8237;60625;96144;13852;75868;63212
160,24,1.000000,0,547,547,24,463,73780,PASS,1,1,79275;13279;71878;15295;8237;60625;96144;13852;75868;63212
160,32,1.000000,0,723,723,35,639,99820,PASS,1,1,79275;13279;71878;15295;8237;60625;96144;13852;75868;63212
160,48,1.000000,0,902,902,48,818,126609,PASS,1,1,79275;13279;71878;15295;8237;60625;96144;13852;75868;63212
160,64,1.000000,0,1130,1130,64,1046,161339,PASS,1,1,79275;13279;71878;15295;8237;60625;96144;13852;75868;63212
160,96,1.000000,0,1539,1539,96,1455,233939,PASS,1,1,79275;13279;71878;15295;8237;60625;96144;13852;75868;63212
160,128,1.000000,0,1893,1893,128,1809,280009,PASS,1,1,79275;13279;71878;15295;8237;60625;96144;13852;75868;63212
160,192,1.000000,0,2613,2613,192,2529,416569,PASS,1,1,79275;13279;71878;15295;8237;60625;96144;13852;75868;63212
160,256,1.000000,0,3191,3191,256,3107,504888,PASS,1,1,79275;13279;71878;15295;8237;60625;96144;13852;75868;63212
160,384,1.000000,0,4283,4283,384,4199,723208,PASS,1,1,79275;13279;71878;15295;8237;60625;96144;13852;75868;63212
160,512,1.000000,0,5175,5175,512,5091,864588,PASS,1,1,79275;13279;71878;15295;8237;60625;96144;13852;75868;63212
161,10,0.600000,1,320,320,12,241,55650,PASS,1,1,20868;69380;69606;60220;44369;68460;19023;15846;71646;19133
161,16,0.800000,1,395,395,18,316,50970,PASS,1,1,20868;69380;69606;19034;60220;44369;68460;58649;19023;15846
161,24,0.900000,0,496,496,25,417,64130,PASS,1,1,20868;69380;69606;19034;60220;42311;44369;68460;58649;19023
161,32,0.900000,0,595,595,32,516,77630,PASS,1,1,20868;69380;69606;19034;60220;42311;44369;68460;58649;19023
161,48,0.900000,0,808,808,48,729,113380,PASS,1,1,20868;69380;69606;19034;60220;42311;44369;68460;58649;19023
161,64,0.900000,0,1002,1002,64,923,141010,PASS,1,1,20868;69380;69606;19034;60220;42311;44369;68460;58649;19023
161,96,1.000000,0,1356,1356,96,1277,198829,PASS,1,1,20868;69380;69606;19034;60220;87914;42311;44369;68460;58649
161,128,1.000000,0,1654,1654,128,1575,245399,PASS,1,1,20868;69380;69606;19034;60220;87914;42311;44369;68460;58649
161,192,1.000000,0,2254,2254,193,2175,355259,PASS,1,1,20868;69380;69606;19034;60220;87914;42311;44369;68460;58649
161,256,1.000000,0,2735,2735,256,2656,436869,PASS,1,1,20868;69380;69606;19034;60220;87914;42311;44369;68460;58649
161,384,1.000000,0,3644,3644,384,3565,611308,PASS,1,1,20868;69380;69606;19034;60220;87914;42311;44369;68460;58649
161,512,1.000000,0,4406,4406,512,4327,738998,PASS,1,1,20868;69380;69606;19034;60220;87914;42311;44369;68460;58649
162,10,1.000000,0,305,305,16,230,62009,PASS,1,1,28441;21316;10720;23757;40761;10200;85783;99954;29291;7770
162,16,1.000000,0,326,326,18,251,40760,PASS,1,1,28441;21316;10720;23757;40761;10200;85783;99954;29291;7770
162,24,1.000000,0,424,424,25,349,60910,PASS,1,1,28441;21316;10720;23757;40761;10200;85783;99954;29291;7770
162,32,1.000000,0,499,499,32,424,69150,PASS,1,1,28441;21316;10720;23757;40761;10200;85783;99954;29291;7770
162,48,1.000000,0,660,660,48,585,98990,PASS,1,1,28441;21316;10720;23757;40761;10200;85783;99954;29291;7770
162,64,1.000000,0,810,810,64,735,122279,PASS,1,1,28441;21316;10720;23757;40761;10200;85783;99954;29291;7770
162,96,1.000000,0,1084,1084,96,1009,172470,PASS,1,1,28441;21316;10720;23757;40761;10200;85783;99954;29291;7770
162,128,1.000000,0,1356,1356,128,1281,215300,PASS,1,1,28441;21316;10720;23757;40761;10200;85783;99954;29291;7770
162,192,1.000000,0,1820,1820,192,1745,310349,PASS,1,1,28441;21316;10720;23757;40761;10200;85783;99954;29291;7770
162,256,1.000000,0,2272,2272,256,2197,384209,PASS,1,1,28441;21316;10720;23757;40761;10200;85783;99954;29291;7770
162,384,1.000000,0,3092,3092,384,3017,556858,PASS,1,1,28441;21316;10720;23757;40761;10200;85783;99954;29291;7770
162,512,1.000000,0,3910,3910,512,3835,698028,PASS,1,1,28441;21316;10720;23757;40761;10200;85783;99954;29291;7770
163,10,1.000000,0,389,389,17,304,82590,PASS,1,1,74196;75584;74778;515;18664;76139;18707;745;16121;69711
163,16,1.000000,0,440,440,20,355,57090,PASS,1,1,74196;75584;74778;515;18664;76139;18707;745;16121;69711
163,24,1.000000,0,562,562,27,477,80360,PASS,1,1,74196;75584;74778;515;18664;76139;18707;745;16121;69711
163,32,1.000000,0,691,691,36,606,99150,PASS,1,1,74196;75584;74778;515;18664;76139;18707;745;16121;69711
163,48,1.000000,0,917,917,50,832,138839,PASS,1,1,74196;75584;74778;515;18664;76139;18707;745;16121;69711
163,64,1.000000,0,1094,1094,65,1009,159769,PASS,1,1,74196;75584;74778;515;18664;76139;18707;745;16121;69711
163,96,1.000000,0,1543,1543,96,1458,247139,PASS,1,1,74196;75584;74778;515;18664;76139;18707;745;16121;69711
163,128,1.000000,0,2042,2042,130,1957,323779,PASS,1,1,74196;75584;74778;515;18664;76139;18707;745;16121;69711
163,192,1.000000,0,2809,2809,193,2724,487489,PASS,1,1,74196;75584;74778;515;18664;76139;18707;745;16121;69711
163,256,1.000000,0,3467,3467,256,3382,562089,PASS,1,1,74196;75584;74778;515;18664;76139;18707;745;16121;69711
163,384,1.000000,0,4664,4664,384,4579,808398,PASS,1,1,74196;75584;74778;515;18664;76139;18707;745;16121;69711
163,512,1.000000,0,5720,5720,512,5635,980607,PASS,1,1,74196;75584;74778;515;18664;76139;18707;745;16121;69711
164,10,0.700000,1,268,268,11,195,53819,PASS,1,1,95025;25436;25002;53491;36478;38200;38061;90494;6523;65563
164,16,0.800000,1,376,376,18,303,55320,PASS,1,1,95025;25436;25002;53491;36478;31398;38200;38061;95568;90494
164,24,1.000000,0,484,484,25,411,70040,PASS,1,1,95025;87305;25436;25002;53491;36478;31398;38200;56717;38061
164,32,1.000000,0,583,583,33,510,82199,PASS,1,1,95025;87305;25436;25002;53491;36478;31398;38200;56717;38061
164,48,1.000000,0,774,774,49,701,115920,PASS,1,1,95025;87305;25436;25002;53491;36478;31398;38200;56717;38061
164,64,1.000000,0,941,941,66,868,140139,PASS,1,1,95025;87305;25436;25002;53491;36478;31398;38200;56717;38061
164,96,1.000000,0,1179,1179,96,1106,181919,PASS,1,1,95025;87305;25436;25002;53491;36478;31398;38200;56717;38061
164,128,1.000000,0,1389,1389,128,1316,216059,PASS,1,1,95025;87305;25436;25002;53491;36478;31398;38200;56717;38061
164,192,1.000000,0,1827,1827,192,1754,309939,PASS,1,1,95025;87305;25436;25002;53491;36478;31398;38200;56717;38061
164,256,1.000000,0,2251,2251,257,2178,378859,PASS,1,1,95025;87305;25436;25002;53491;36478;31398;38200;56717;38061
164,384,1.000000,0,2892,2892,384,2819,517989,PASS,1,1,95025;87305;25436;25002;53491;36478;31398;38200;56717;38061
164,512,1.000000,0,3515,3515,512,3442,639409,PASS,1,1,95025;87305;25436;25002;53491;36478;31398;38200;56717;38061
165,10,1.000000,0,214,214,12,117,46200,PASS,1,1,38963;6182;39386;38304;39483;38953;39260;38203;39326;38067
165,16,1.000000,0,236,236,18,139,33860,PASS,1,1,38963;6182;39386;38304;39483;38953;39260;38203;39326;38067
165,24,1.000000,0,277,277,26,180,41739,PASS,1,1,38963;6182;39386;38304;39483;38953;39260;38203;39326;38067
165,32,1.000000,0,311,311,34,214,45240,PASS,1,1,38963;6182;39386;38304;39483;38953;39260;38203;39326;38067
165,48,1.000000,0,374,374,49,277,59700,PASS,1,1,38963;6182;39386;38304;39483;38953;39260;38203;39326;38067
165,64,1.000000,0,425,425,65,328,67250,PASS,1,1,38963;6182;39386;38304;39483;38953;39260;38203;39326;38067
165,96,1.000000,0,549,549,96,452,95900,PASS,1,1,38963;6182;39386;38304;39483;38953;39260;38203;39326;38067
165,128,1.000000,0,603,603,128,506,103860,PASS,1,1,38963;6182;39386;38304;39483;38953;39260;38203;39326;38067
165,192,1.000000,0,820,820,192,723,160950,PASS,1,1,38963;6182;39386;38304;39483;38953;39260;38203;39326;38067
165,256,1.000000,0,1032,1032,256,935,205610,PASS,1,1,38963;6182;39386;38304;39483;38953;39260;38203;39326;38067
165,384,1.000000,0,1369,1369,384,1272,291939,PASS,1,1,38963;6182;39386;38304;39483;38953;39260;38203;39326;38067
165,512,1.000000,0,1774,1774,512,1677,377479,PASS,1,1,38963;6182;39386;38304;39483;38953;39260;38203;39326;38067
166,10,1.000000,0,283,283,12,189,53179,PASS,1,1,98811;30009;86033;4826;29983;51345;41200;29992;29997;54108
166,16,1.000000,0,380,380,18,286,54310,PASS,1,1,98811;30009;86033;4826;29983;51345;41200;29992;29997;54108
166,24,1.000000,0,462,462,26,368,66290,PASS,1,1,98811;30009;86033;4826;29983;51345;41200;29992;29997;54108
166,32,1.000000,0,514,514,33,420,72189,PASS,1,1,98811;30009;86033;4826;29983;51345;41200;29992;29997;54108
166,48,1.000000,0,654,654,49,560,101050,PASS,1,1,98811;30009;86033;4826;29983;51345;41200;29992;29997;54108
166,64,1.000000,0,756,756,65,662,112779,PASS,1,1,98811;30009;86033;4826;29983;51345;41200;29992;29997;54108
166,96,1.000000,0,986,986,96,892,158330,PASS,1,1,98811;30009;86033;4826;29983;51345;41200;29992;29997;54108
166,128,1.000000,0,1189,1189,128,1095,188290,PASS,1,1,98811;30009;86033;4826;29983;51345;41200;29992;29997;54108
166,192,1.000000,0,1526,1526,192,1432,257519,PASS,1,1,98811;30009;86033;4826;29983;51345;41200;29992;29997;54108
166,256,1.000000,0,1832,1832,256,1738,310049,PASS,1,1,98811;30009;86033;4826;29983;51345;41200;29992;29997;54108
166,384,1.000000,0,2404,2404,384,2310,448349,PASS,1,1,98811;30009;86033;4826;29983;51345;41200;29992;29997;54108
166,512,1.000000,0,2874,2874,512,2780,524689,PASS,1,1,98811;30009;86033;4826;29983;51345;41200;29992;29997;54108
167,10,0.900000,0,293,293,11,171,43380,PASS,1,1,69012;5775;5326;95178;36746;25295;4473;46624;24491;4458
167,16,1.000000,0,338,338,16,216,40810,PASS,1,1,69012;5775;5326;95178;36746;25295;4473;46624;24491;39624
167,24,1.000000,0,447,447,25,325,56520,PASS,1,1,69012;5775;5326;95178;36746;25295;4473;46624;24491;39624
167,32,1.000000,0,500,500,32,378,63590,PASS,1,1,69012;5775;5326;95178;36746;25295;4473;46624;24491;39624
167,48,1.000000,0,634,634,48,512,86439,PASS,1,1,69012;5775;5326;95178;36746;25295;4473;46624;24491;39624
167,64,1.000000,0,735,735,64,613,100890,PASS,1,1,69012;5775;5326;95178;36746;25295;4473;46624;24491;39624
167,96,1.000000,0,978,978,96,856,144340,PASS,1,1,69012;5775;5326;95178;36746;25295;4473;46624;24491;39624
167,128,1.000000,0,1220,1220,128,1098,183109,PASS,1,1,69012;5775;5326;95178;36746;25295;4473;46624;24491;39624
167,192,1.000000,0,1535,1535,192,1413,244399,PASS,1,1,69012;5775;5326;95178;36746;25295;4473;46624;24491;39624
167,256,1.000000,0,1853,1853,256,1731,317759,PASS,1,1,69012;5775;5326;95178;36746;25295;4473;46624;24491;39624
167,384,1.000000,0,2487,2487,384,2365,432458,PASS,1,1,69012;5775;5326;95178;36746;25295;4473;46624;24491;39624
167,512,1.000000,0,3020,3020,512,2898,539999,PASS,1,1,69012;5775;5326;95178;36746;25295;4473;46624;24491;39624
168,10,0.900000,0,368,368,16,281,78130,PASS,1,1,59510;50419;50165;53993;15264;10517;53385;56001;55734;17114
168,16,0.900000,0,436,436,22,349,60229,PASS,1,1,59510;50419;50165;53993;15264;10517;53385;56001;55734;17114
168,24,1.000000,0,492,492,28,405,67890,PASS,1,1,59510;50419;50165;53993;15264;10517;99583;53385;56001;55734
168,32,1.000000,0,583,583,33,496,83950,PASS,1,1,59510;50419;50165;53993;15264;10517;99583;53385;56001;55734
168,48,1.000000,0,768,768,49,681,121240,PASS,1,1,59510;50419;50165;53993;15264;10517;99583;53385;56001;55734
168,64,1.000000,0,948,948,64,861,146069,PASS,1,1,59510;50419;50165;53993;15264;10517;99583;53385;56001;55734
168,96,1.000000,0,1304,1304,96,1217,215979,PASS,1,1,59510;50419;50165;53993;15264;10517;99583;53385;56001;55734
168,128,1.000000,0,1609,1609,128,1522,266439,PASS,1,1,59510;50419;50165;53993;15264;10517;99583;53385;56001;55734
168,192,1.000000,0,2291,2291,192,2204,393879,PASS,1,1,59510;50419;50165;53993;15264;10517;99583;53385;56001;55734
168,256,1.000000,0,2808,2808,256,2721,460519,PASS,1,1,59510;50419;50165;53993;15264;10517;99583;53385;56001;55734
168,384,1.000000,0,3912,3912,384,3825,697078,PASS,1,1,59510;50419;50165;53993;15264;10517;99583;53385;56001;55734
168,512,1.000000,0,4761,4761,512,4674,847558,PASS,1,1,59510;50419;50165;53993;15264;10517;99583;53385;56001;55734
169,10,0.800000,1,300,300,12,214,55420,PASS,1,1,82950;70878;93176;82569;85906;94476;94383;83952;84816;76418
169,16,0.900000,0,364,364,18,278,47919,PASS,1,1,82950;70878;93176;82569;85906;93593;94476;94383;83952;84816
169,24,1.000000,0,436,436,25,350,58930,PASS,1,1,82950;70878;93176;82569;85906;93593;94476;94383;25783;83952
169,32,1.000000,0,517,517,32,431,70790,PASS,1,1,82950;70878;93176;82569;85906;93593;94476;94383;25783;83952
169,48,1.000000,0,627,627,48,541,90479,PASS,1,1,82950;70878;93176;82569;85906;93593;94476;94383;25783;83952
169,64,1.000000,0,786,786,64,700,117260,PASS,1,1,82950;70878;93176;82569;85906;93593;94476;94383;25783;83952
169,96,1.000000,0,1010,1010,96,924,162660,PASS,1,1,82950;70878;93176;82569;85906;93593;94476;94383;25783;83952
169,128,1.000000,0,1246,1246,128,1160,197829,PASS,1,1,82950;70878;93176;82569;85906;93593;94476;94383;25783;83952
169,192,1.000000,0,1618,1618,192,1532,274719,PASS,1,1,82950;70878;93176;82569;85906;93593;94476;94383;25783;83952
169,256,1.000000,0,2002,2002,256,1916,337139,PASS,1,1,82950;70878;93176;82569;85906;93593;94476;94383;25783;83952
169,384,1.000000,0,2626,2626,384,2540,482329,PASS,1,1,82950;70878;93176;82569;85906;93593;94476;94383;25783;83952
169,512,1.000000,0,3212,3212,512,3126,585918,PASS,1,1,82950;70878;93176;82569;85906;93593;94476;94383;25783;83952
170,10,0.200000,1,334,334,12,270,70280,PASS,1,1,61288;21483;59155;67794;62716;16341;69116;68873;60092;59540
170,16,0.700000,1,513,513,23,449,77440,PASS,1,1,88965;19326;19545;61288;21483;85208;60890;99631;59155;3009
170,24,0.800000,1,614,614,29,550,83409,PASS,1,1,88965;19326;19545;61288;21483;85208;59116;60890;99631;59155
170,32,1.000000,0,762,762,38,698,108590,PASS,1,1,88965;32310;19326;19545;96618;61288;21483;85208;59116;60890
170,48,1.000000,0,923,923,48,859,132859,PASS,1,1,88965;32310;19326;19545;96618;61288;21483;85208;59116;60890
170,64,1.000000,0,1141,1141,64,1077,167299,PASS,1,1,88965;32310;19326;19545;96618;61288;21483;85208;59116;60890
170,96,1.000000,0,1515,1515,96,1451,240149,PASS,1,1,88965;32310;19326;19545;96618;61288;21483;85208;59116;60890
170,128,1.000000,0,1902,1902,128,1838,300139,PASS,1,1,88965;32310;19326;19545;96618;61288;21483;85208;59116;60890
170,192,1.000000,0,2610,2610,192,2546,461089,PASS,1,1,88965;32310;19326;19545;96618;61288;21483;85208;59116;60890
170,256,1.000000,0,3207,3207,256,3143,530408,PASS,1,1,88965;32310;19326;19545;96618;61288;21483;85208;59116;60890
170,384,1.000000,0,4197,4197,384,4133,733378,PASS,1,1,88965;32310;19326;19545;96618;61288;21483;85208;59116;60890
170,512,1.000000,0,5174,5174,512,5110,914937,PASS,1,1,88965;32310;19326;19545;96618;61288;21483;85208;59116;60890
171,10,0.500000,1,305,305,14,245,48770,PASS,1,1,70911;18771;17768;21422;71306;12817;10399;56088;13633;146
171,16,0.600000,1,356,356,18,296,45459,PASS,1,1,70911;18771;17768;90983;21422;71306;12817;10399;10884;56088
171,24,0.700000,1,436,436,24,376,56790,PASS,1,1,70911;92590;18771;17768;90983;21422;71306;12817;10399;10884
171,32,0.800000,1,549,549,32,489,71440,PASS,1,1,70911;92590;18771;17768;90983;21422;71668;71306;12817;10399
171,48,0.800000,1,782,782,48,722,116729,PASS,1,1,70911;92590;18771;17768;90983;21422;71668;71306;12817;10399
171,64,0.800000,1,986,986,64,926,138499,PASS,1,1,70911;92590;18771;17768;90983;21422;71668;71306;12817;10399
171,96,1.000000,0,1424,1424,98,1364,214469,PASS,1,1,70911;70593;92590;18771;71456;17768;90983;21422;71668;71306
171,128,1.000000,0,1806,1806,129,1746,263299,PASS,1,1,70911;70593;92590;18771;71456;17768;90983;21422;71668;71306
171,192,1.000000,0,2378,2378,192,2318,371579,PASS,1,1,70911;70593;92590;18771;71456;17768;90983;21422;71668;71306
171,256,1.000000,0,2943,2943,256,2883,473109,PASS,1,1,70911;70593;92590;18771;71456;17768;90983;21422;71668;71306
171,384,1.000000,0,3895,3895,384,3835,655768,PASS,1,1,70911;70593;92590;18771;71456;17768;90983;21422;71668;71306
171,512,1.000000,0,4681,4681,512,4621,788198,PASS,1,1,70911;70593;92590;18771;71456;17768;90983;21422;71668;71306
172,10,0.900000,0,405,405,16,277,81160,PASS,1,1,34156;569;16196;80567;80211;72161;5971;10391;64253;80138
172,16,1.000000,0,530,530,23,402,74109,PASS,1,1,34156;569;16196;80567;80211;17184;72161;5971;10391;64253
172,24,1.000000,0,609,609,29,481,81570,PASS,1,1,34156;569;16196;80567;80211;17184;72161;5971;10391;64253
172,32,1.000000,0,718,718,36,590,100640,PASS,1,1,34156;569;16196;80567;80211;17184;72161;5971;10391;64253
172,48,1.000000,0,895,895,51,767,148070,PASS,1,1,34156;569;16196;80567;80211;17184;72161;5971;10391;64253
172,64,1.000000,0,1100,1100,67,972,162039,PASS,1,1,34156;569;16196;80567;80211;17184;72161;5971;10391;64253
172,96,1.000000,0,1464,1464,98,1336,230509,PASS,1,1,34156;569;16196;80567;80211;17184;72161;5971;10391;64253
172,128,1.000000,0,1769,1769,128,1641,273040,PASS,1,1,34156;569;16196;80567;80211;17184;72161;5971;10391;64253
172,192,1.000000,0,2302,2302,192,2174,379759,PASS,1,1,34156;569;16196;80567;80211;17184;72161;5971;10391;64253
172,256,1.000000,0,2745,2745,256,2617,447099,PASS,1,1,34156;569;16196;80567;80211;17184;72161;5971;10391;64253
172,384,1.000000,0,3547,3547,384,3419,619208,PASS,1,1,34156;569;16196;80567;80211;17184;72161;5971;10391;64253
172,512,1.000000,0,4384,4384,512,4256,767688,PASS,1,1,34156;569;16196;80567;80211;17184;72161;5971;10391;64253
173,10,0.800000,1,333,333,14,255,67800,PASS,1,1,1034;41424;52348;41002;15621;13911;55730;87878;69009;81902
173,16,0.900000,0,374,374,17,296,47380,PASS,1,1,1034;41424;52348;41002;15621;13911;55730;98313;87878;69009
173,24,0.900000,0,490,490,27,412,71640,PASS,1,1,1034;41424;52348;41002;15621;13911;55730;98313;87878;69009
173,32,0.900000,0,580,580,35,502,82190,PASS,1,1,1034;41424;52348;41002;15621;13911;55730;98313;87878;69009
173,48,0.900000,0,724,724,49,646,110209,PASS,1,1,1034;41424;52348;41002;15621;13911;55730;98313;87878;69009
173,64,1.000000,0,887,887,66,809,134700,PASS,1,1,1034;41424;52348;41002;15621;13911;55730;98313;8206;87878
173,96,1.000000,0,1188,1188,98,1110,192530,PASS,1,1,1034;41424;52348;41002;15621;13911;55730;98313;8206;87878
173,128,1.000000,0,1486,1486,129,1408,237609,PASS,1,1,1034;41424;52348;41002;15621;13911;55730;98313;8206;87878
173,192,1.000000,0,2002,2002,193,1924,339099,PASS,1,1,1034;41424;52348;41002;15621;13911;55730;98313;8206;87878
173,256,1.000000,0,2503,2503,257,2425,418069,PASS,1,1,1034;41424;52348;41002;15621;13911;55730;98313;8206;87878
173,384,1.000000,0,3340,3340,384,3262,590518,PASS,1,1,1034;41424;52348;41002;15621;13911;55730;98313;8206;87878
173,512,1.000000,0,4105,4105,512,4027,726148,PASS,1,1,1034;41424;52348;41002;15621;13911;55730;98313;8206;87878
174,10,0.800000,1,267,267,10,176,57180,PASS,1,1,60023;30166;42225;30211;18911;30084;30095;55240;43432;42556
174,16,0.800000,1,340,340,17,249,46730,PASS,1,1,60023;30166;42225;30211;18911;30084;30095;55240;43432;42556
174,24,0.900000,0,441,441,24,350,63120,PASS,1,1,60023;30166;42225;30211;18911;30084;30095;92876;55240;43432
174,32,1.000000,0,546,546,34,455,78350,PASS,1,1,60023;30166;4862;42225;30211;18911;30084;30095;92876;55240
174,48,1.000000,0,690,690,50,599,103810,PASS,1,1,60023;30166;4862;42225;30211;18911;30084;30095;92876;55240
174,64,1.000000,0,827,827,64,736,121799,PASS,1,1,60023;30166;4862;42225;30211;18911;30084;30095;92876;55240
174,96,1.000000,0,1164,1164,96,1073,189800,PASS,1,1,60023;30166;4862;42225;30211;18911;30084;30095;92876;55240
174,128,1.000000,0,1426,1426,128,1335,224819,PASS,1,1,60023;30166;4862;42225;30211;18911;30084;30095;92876;55240
174,192,1.000000,0,1817,1817,192,1726,311269,PASS,1,1,60023;30166;4862;42225;30211;18911;30084;30095;92876;55240
174,256,1.000000,0,2276,2276,256,2185,391709,PASS,1,1,60023;30166;4862;42225;30211;18911;30084;30095;92876;55240
174,384,1.000000,0,2996,2996,384,2905,556608,PASS,1,1,60023;30166;4862;42225;30211;18911;30084;30095;92876;55240
174,512,1.000000,0,3615,3615,512,3524,669928,PASS,1,1,60023;30166;4862;42225;30211;18911;30084;30095;92876;55240
175,10,0.600000,1,325,325,15,270,67620,PASS,1,1,21874;65187;60570;83806;11277;67649;66154;30905;26347;81356
175,16,0.700000,1,451,451,23,396,68240,PASS,1,1,21874;65187;60570;60315;83806;11277;67649;66154;30905;26347
175,24,0.900000,0,662,662,35,607,103169,PASS,1,1,42725;21874;89420;65187;60570;60315;83806;11277;67649;10247
175,32,0.900000,0,714,714,38,659,93410,PASS,1,1,42725;21874;89420;65187;60570;60315;83806;11277;67649;10247
175,48,1.000000,0,956,956,53,901,146660,PASS,1,1,42725;21874;89420;65187;60570;60315;50988;83806;11277;67649
175,64,1.000000,0,1169,1169,69,1114,173849,PASS,1,1,42725;21874;89420;65187;60570;60315;50988;83806;11277;67649
175,96,1.000000,0,1522,1522,100,1467,242389,PASS,1,1,42725;21874;89420;65187;60570;60315;50988;83806;11277;67649
175,128,1.000000,0,1875,1875,132,1820,293559,PASS,1,1,42725;21874;89420;65187;60570;60315;50988;83806;11277;67649
175,192,1.000000,0,2500,2500,194,2445,420819,PASS,1,1,42725;21874;89420;65187;60570;60315;50988;83806;11277;67649
175,256,1.000000,0,3130,3130,257,3075,521428,PASS,1,1,42725;21874;89420;65187;60570;60315;50988;83806;11277;67649
175,384,1.000000,0,4185,4185,384,4130,740918,PASS,1,1,42725;21874;89420;65187;60570;60315;50988;83806;11277;67649
175,512,1.000000,0,5051,5051,512,4996,875778,PASS,1,1,42725;21874;89420;65187;60570;60315;50988;83806;11277;67649
176,10,1.000000,0,265,265,12,189,55189,PASS,1,1,8149;7068;42506;94640;82304;6622;88318;87154;94828;7115
176,16,1.000000,0,301,301,17,225,41090,PASS,1,1,8149;7068;42506;94640;82304;6622;88318;87154;94828;7115
176,24,1.000000,0,382,382,25,306,57020,PASS,1,1,8149;7068;42506;94640;82304;6622;88318;87154;94828;7115
176,32,1.000000,0,455,455,33,379,65749,PASS,1,1,8149;7068;42506;94640;82304;6622;88318;87154;94828;7115
176,48,1.000000,0,649,649,49,573,104200,PASS,1,1,8149;7068;42506;94640;82304;6622;88318;87154;94828;7115
176,64,1.000000,0,797,797,64,721,123429,PASS,1,1,8149;7068;42506;94640;82304;6622;88318;87154;94828;7115
176,96,1.000000,0,1141,1141,96,1065,187630,PASS,1,1,8149;7068;42506;94640;82304;6622;88318;87154;94828;7115
176,128,1.000000,0,1425,1425,128,1349,224319,PASS,1,1,8149;7068;42506;94640;82304;6622;88318;87154;94828;7115
176,192,1.000000,0,1918,1918,192,1842,321929,PASS,1,1,8149;7068;42506;94640;82304;6622;88318;87154;94828;7115
176,256,1.000000,0,2364,2364,256,2288,393699,PASS,1,1,8149;7068;42506;94640;82304;6622;88318;87154;94828;7115
176,384,1.000000,0,3223,3223,384,3147,584768,PASS,1,1,8149;7068;42506;94640;82304;6622;88318;87154;94828;7115
176,512,1.000000,0,4001,4001,512,3925,720198,PASS,1,1,8149;7068;42506;94640;82304;6622;88318;87154;94828;7115
177,10,0.700000,1,280,280,13,222,56340,PASS,1,1,73439;73470;9678;13200;99255;64408;10353;93026;67362;9782
177,16,0.800000,1,337,337,19,279,46869,PASS,1,1,73439;73470;9678;13200;99255;63867;64408;10353;93026;67362
177,24,1.000000,0,467,467,28,409,71210,PASS,1,1,73439;95539;73470;9678;13200;99255;63867;94814;64408;10353
177,32,1.000000,0,547,547,35,489,77250,PASS,1,1,73439;95539;73470;9678;13200;99255;63867;94814;64408;10353
177,48,1.000000,0,724,724,50,666,110310,PASS,1,1,73439;95539;73470;9678;13200;99255;63867;94814;64408;10353
177,64,1.000000,0,881,881,65,823,130140,PASS,1,1,73439;95539;73470;9678;13200;99255;63867;94814;64408;10353
177,96,1.000000,0,1137,1137,97,1079,179250,PASS,1,1,73439;95539;73470;9678;13200;99255;63867;94814;64408;10353
177,128,1.000000,0,1472,1472,129,1414,236330,PASS,1,1,73439;95539;73470;9678;13200;99255;63867;94814;64408;10353
177,192,1.000000,0,1964,1964,193,1906,333979,PASS,1,1,73439;95539;73470;9678;13200;99255;63867;94814;64408;10353
177,256,1.000000,0,2450,2450,256,2392,418749,PASS,1,1,73439;95539;73470;9678;13200;99255;63867;94814;64408;10353
177,384,1.000000,0,3211,3211,384,3153,570928,PASS,1,1,73439;95539;73470;9678;13200;99255;63867;94814;64408;10353
177,512,1.000000,0,3981,3981,512,3923,704368,PASS,1,1,73439;95539;73470;9678;13200;99255;63867;94814;64408;10353
178,10,0.700000,1,509,509,22,421,103210,PASS,1,1,19829;18087;75725;80687;77692;12220;80309;9628;19528;3303
178,16,0.700000,1,522,522,23,434,63160,PASS,1,1,19829;18087;75725;80687;77692;12220;80309;9628;19528;3303
178,24,0.700000,1,623,623,29,535,85130,PASS,1,1,19829;18087;75725;80687;77692;12220;80309;9628;32049;19528
178,32,0.700000,1,710,710,36,622,98480,PASS,1,1,19829;18087;75725;80687;77692;12220;80309;9628;991;32049
178,48,0.900000,0,979,979,51,891,169619,PASS,1,1,19829;18087;75725;80687;77692;12220;80309;76847;1588;9628
178,64,0.900000,0,1196,1196,67,1108,177990,PASS,1,1,19829;18087;75725;80687;77692;12220;80309;76847;1588;9628
178,96,0.900000,0,1632,1632,98,1544,257939,PASS,1,1,19829;18087;75725;80687;77692;12220;80309;76847;1588;9628
178,128,0.900000,0,2013,2013,130,1925,315129,PASS,1,1,19829;18087;75725;80687;77692;12220;80309;76847;1588;9628
178,192,1.000000,0,2695,2695,192,2607,445249,PASS,1,1,19829;18087;75725;80687;18905;77692;12220;80309;76847;1588
178,256,1.000000,0,3276,3276,256,3188,529858,PASS,1,1,19829;18087;75725;80687;18905;77692;12220;80309;76847;1588
178,384,1.000000,0,4423,4423,384,4335,787258,PASS,1,1,19829;18087;75725;80687;18905;77692;12220;80309;76847;1588
178,512,1.000000,0,5444,5444,512,5356,942407,PASS,1,1,19829;18087;75725;80687;18905;77692;12220;80309;76847;1588
179,10,0.700000,1,413,413,16,292,85930,PASS,1,1,2617;3004;91726;61186;67783;64347;59032;59309;89705;61397
179,16,0.700000,1,453,453,18,332,56219,PASS,1,1,2617;3004;91726;61186;67783;64347;59032;59309;89705;61397
179,24,1.000000,0,535,535,24,414,73200,PASS,1,1,1185;2617;3004;91726;61186;67783;2265;64347;59032;12036
179,32,1.000000,0,631,631,32,510,86820,PASS,1,1,1185;2617;3004;91726;61186;67783;2265;64347;59032;12036
179,48,1.000000,0,885,885,49,764,137910,PASS,1,1,1185;2617;3004;91726;61186;67783;2265;64347;59032;12036
179,64,1.000000,0,1093,1093,64,972,161089,PASS,1,1,1185;2617;3004;91726;61186;67783;2265;64347;59032;12036
179,96,1.000000,0,1516,1516,96,1395,263099,PASS,1,1,1185;2617;3004;91726;61186;67783;2265;64347;59032;12036
179,128,1.000000,0,1853,1853,128,1732,288369,PASS,1,1,1185;2617;3004;91726;61186;67783;2265;64347;59032;12036
179,192,1.000000,0,2528,2528,192,2407,424619,PASS,1,1,1185;2617;3004;91726;61186;67783;2265;64347;59032;12036
179,256,1.000000,0,3095,3095,256,2974,502608,PASS,1,1,1185;2617;3004;91726;61186;67783;2265;64347;59032;12036
179,384,1.000000,0,4091,4091,384,3970,710718,PASS,1,1,1185;2617;3004;91726;61186;67783;2265;64347;59032;12036
179,512,1.000000,0,4996,4996,512,4875,866278,PASS,1,1,1185;2617;3004;91726;61186;67783;2265;64347;59032;12036
180,10,1.000000,0,372,372,21,279,74840,PASS,1,1,97568;41368;98135;11144;40742;62274;41096;4383;60972;58459
180,16,1.000000,0,422,422,26,329,54520,PASS,1,1,97568;41368;98135;11144;40742;62274;41096;4383;60972;58459
180,24,1.000000,0,455,455,29,362,56590,PASS,1,1,97568;41368;98135;11144;40742;62274;41096;4383;60972;58459
180,32,1.000000,0,520,520,35,427,72160,PASS,1,1,97568;41368;98135;11144;40742;62274;41096;4383;60972;58459
180,48,1.000000,0,656,656,48,563,99160,PASS,1,1,97568;41368;98135;11144;40742;62274;41096;4383;60972;58459
180,64,1.000000,0,807,807,64,714,122680,PASS,1,1,97568;41368;98135;11144;40742;62274;41096;4383;60972;58459
180,96,1.000000,0,1079,1079,96,986,178209,PASS,1,1,97568;41368;98135;11144;40742;62274;41096;4383;60972;58459
180,128,1.000000,0,1437,1437,128,1344,238239,PASS,1,1,97568;41368;98135;11144;40742;62274;41096;4383;60972;58459
180,192,1.000000,0,2028,2028,192,1935,352679,PASS,1,1,97568;41368;98135;11144;40742;62274;41096;4383;60972;58459
180,256,1.000000,0,2504,2504,256,2411,430429,PASS,1,1,97568;41368;98135;11144;40742;62274;41096;4383;60972;58459
180,384,1.000000,0,3197,3197,384,3104,579149,PASS,1,1,97568;41368;98135;11144;40742;62274;41096;4383;60972;58459
180,512,1.000000,0,3740,3740,512,3647,674438,PASS,1,1,97568;41368;98135;11144;40742;62274;41096;4383;60972;58459
181,10,0.700000,1,322,322,11,207,66700,PASS,1,1,79685;49625;73279;11656;8722;9862;49527;32502;98167;70192
181,16,1.000000,0,503,503,20,388,75340,PASS,1,1,73184;79685;66300;49625;73279;11656;8722;9862;68981;49527
181,24,1.000000,0,550,550,25,435,71539,PASS,1,1,73184;79685;66300;49625;73279;11656;8722;9862;68981;49527
181,32,1.000000,0,644,644,33,529,89110,PASS,1,1,73184;79685;66300;49625;73279;11656;8722;9862;68981;49527
181,48,1.000000,0,869,869,49,754,132669,PASS,1,1,73184;79685;66300;49625;73279;11656;8722;9862;68981;49527
181,64,1.000000,0,1103,1103,64,988,165339,PASS,1,1,73184;79685;66300;49625;73279;11656;8722;9862;68981;49527
181,96,1.000000,0,1496,1496,96,1381,235929,PASS,1,1,73184;79685;66300;49625;73279;11656;8722;9862;68981;49527
181,128,1.000000,0,1834,1834,128,1719,282589,PASS,1,1,73184;79685;66300;49625;73279;11656;8722;9862;68981;49527
181,192,1.000000,0,2498,2498,192,2383,418699,PASS,1,1,73184;79685;66300;49625;73279;11656;8722;9862;68981;49527
181,256,1.000000,0,3017,3017,256,2902,494369,PASS,1,1,73184;79685;66300;49625;73279;11656;8722;9862;68981;49527
181,384,1.000000,0,4104,4104,384,3989,723619,PASS,1,1,73184;79685;66300;49625;73279;11656;8722;9862;68981;49527
181,512,1.000000,0,5035,5035,512,4920,870947,PASS,1,1,73184;79685;66300;49625;73279;11656;8722;9862;68981;49527
182,10,1.000000,0,226,226,11,130,47220,PASS,1,1,90540;39006;39827;39120;31545;89911;49293;38761;46476;39705
182,16,1.000000,0,254,254,16,158,32980,PASS,1,1,90540;39006;39827;39120;31545;89911;49293;38761;46476;39705
182,24,1.000000,0,370,370,24,274,57150,PASS,1,1,90540;39006;39827;39120;31545;89911;49293;38761;46476;39705
182,32,1.000000,0,415,415,32,319,56700,PASS,1,1,90540;39006;39827;39120;31545;89911;49293;38761;46476;39705
182,48,1.000000,0,531,531,48,435,81900,PASS,1,1,90540;39006;39827;39120;31545;89911;49293;38761;46476;39705
182,64,1.000000,0,634,634,64,538,96029,PASS,1,1,90540;39006;39827;39120;31545;89911;49293;38761;46476;39705
182,96,1.000000,0,855,855,96,759,143190,PASS,1,1,90540;39006;39827;39120;31545;89911;49293;38761;46476;39705
182,128,1.000000,0,1032,1032,128,936,167600,PASS,1,1,90540;39006;39827;39120;31545;89911;49293;38761;46476;39705
182,192,1.000000,0,1385,1385,192,1289,245729,PASS,1,1,90540;39006;39827;39120;31545;89911;49293;38761;46476;39705
182,256,1.000000,0,1742,1742,256,1646,327009,PASS,1,1,90540;39006;39827;39120;31545;89911;49293;38761;46476;39705
182,384,1.000000,0,2378,2378,384,2282,457468,PASS,1,1,90540;39006;39827;39120;31545;89911;49293;38761;46476;39705
182,512,1.000000,0,3020,3020,512,2924,572188,PASS,1,1,90540;39006;39827;39120;31545;89911;49293;38761;46476;39705
183,10,0.400000,1,269,269,12,187,55500,PASS,1,1,53328;61301;52249;42797;52233;7736;68718;85538;68906;7262
183,16,0.700000,1,340,340,17,258,48109,PASS,1,1,73176;37025;62370;53328;61301;52249;42797;52233;7736;68718
183,24,1.000000,0,464,464,28,382,72400,PASS,1,1,73176;37025;62370;53328;61301;52249;84587;42797;81986;84051
183,32,1.000000,0,516,516,33,434,72450,PASS,1,1,73176;37025;62370;53328;61301;52249;84587;42797;81986;84051
183,48,1.000000,0,687,687,49,605,109630,PASS,1,1,73176;37025;62370;53328;61301;52249;84587;42797;81986;84051
183,64,1.000000,0,865,865,65,783,138079,PASS,1,1,73176;37025;62370;53328;61301;52249;84587;42797;81986;84051
183,96,1.000000,0,1200,1200,97,1118,199179,PASS,1,1,73176;37025;62370;53328;61301;52249;84587;42797;81986;84051
183,128,1.000000,0,1524,1524,129,1442,256049,PASS,1,1,73176;37025;62370;53328;61301;52249;84587;42797;81986;84051
183,192,1.000000,0,2034,2034,193,1952,347699,PASS,1,1,73176;37025;62370;53328;61301;52249;84587;42797;81986;84051
183,256,1.000000,0,2447,2447,257,2365,408289,PASS,1,1,73176;37025;62370;53328;61301;52249;84587;42797;81986;84051
183,384,1.000000,0,3222,3222,384,3140,580718,PASS,1,1,73176;37025;62370;53328;61301;52249;84587;42797;81986;84051
183,512,1.000000,0,3921,3921,512,3839,701708,PASS,1,1,73176;37025;62370;53328;61301;52249;84587;42797;81986;84051
184,10,0.900000,0,352,352,15,246,64500,PASS,1,1,69851;48799;82921;83536;82761;82453;51745;97952;7166;98070
184,16,1.000000,0,395,395,19,289,49339,PASS,1,1,69851;48799;82921;83536;82761;44137;82453;51745;97952;7166
184,24,1.000000,0,435,435,24,329,56240,PASS,1,1,69851;48799;82921;83536;82761;44137;82453;51745;97952;7166
184,32,1.000000,0,508,508,32,402,69600,PASS,1,1,69851;48799;82921;83536;82761;44137;82453;51745;97952;7166
184,48,1.000000,0,667,667,49,561,98310,PASS,1,1,69851;48799;82921;83536;82761;44137;82453;51745;97952;7166
184,64,1.000000,0,796,796,64,690,116640,PASS,1,1,69851;48799;82921;83536;82761;44137;82453;51745;97952;7166
184,96,1.000000,0,1013,1013,96,907,157320,PASS,1,1,69851;48799;82921;83536;82761;44137;82453;51745;97952;7166
184,128,1.000000,0,1320,1320,128,1214,213940,PASS,1,1,69851;48799;82921;83536;82761;44137;82453;51745;97952;7166
184,192,1.000000,0,1752,1752,192,1646,290179,PASS,1,1,69851;48799;82921;83536;82761;44137;82453;51745;97952;7166
184,256,1.000000,0,2095,2095,256,1989,343209,PASS,1,1,69851;48799;82921;83536;82761;44137;82453;51745;97952;7166
184,384,1.000000,0,2808,2808,384,2702,501259,PASS,1,1,69851;48799;82921;83536;82761;44137;82453;51745;97952;7166
184,512,1.000000,0,3360,3360,512,3254,596728,PASS,1,1,69851;48799;82921;83536;82761;44137;82453;51745;97952;7166
185,10,0.900000,0,280,280,14,134,51870,PASS,1,1,39788;40770;5460;38836;40868;5439;61777;40766;37752;44079
185,16,1.000000,0,328,328,20,182,42900,PASS,1,1,39788;40770;5460;38836;40868;5439;61777;37692;40766;37752
185,24,1.000000,0,377,377,25,231,49930,PASS,1,1,39788;40770;5460;38836;40868;5439;61777;37692;40766;37752
185,32,1.000000,0,426,426,32,280,57820,PASS,1,1,39788;40770;5460;38836;40868;5439;61777;37692;40766;37752
185,48,1.000000,0,511,511,48,365,76280,PASS,1,1,39788;40770;5460;38836;40868;5439;61777;37692;40766;37752
185,64,1.000000,0,596,596,64,450,88070,PASS,1,1,39788;40770;5460;38836;40868;5439;61777;37692;40766;37752
185,96,1.000000,0,764,764,96,618,123520,PASS,1,1,39788;40770;5460;38836;40868;5439;61777;37692;40766;37752
185,128,1.000000,0,886,886,128,740,143049,PASS,1,1,39788;40770;5460;38836;40868;5439;61777;37692;40766;37752
185,192,1.000000,0,1167,1167,192,1021,203709,PASS,1,1,39788;40770;5460;38836;40868;5439;61777;37692;40766;37752
185,256,1.000000,0,1363,1363,256,1217,231919,PASS,1,1,39788;40770;5460;38836;40868;5439;61777;37692;40766;37752
185,384,1.000000,0,1856,1856,384,1710,344649,PASS,1,1,39788;40770;5460;38836;40868;5439;61777;37692;40766;37752
185,512,1.000000,0,2224,2224,512,2078,422419,PASS,1,1,39788;40770;5460;38836;40868;5439;61777;37692;40766;37752
186,10,0.900000,0,284,284,13,193,43240,PASS,1,1,47059;47155;57995;46208;46687;64510;42308;7166;77934;57888
186,16,0.900000,0,329,329,17,238,43620,PASS,1,1,47059;47155;57995;46208;46687;64510;42308;7166;77934;77064
186,24,0.900000,0,441,441,25,350,62720,PASS,1,1,47059;47155;57995;46208;46687;64510;42308;7166;77934;77064
186,32,1.000000,0,523,523,33,432,72749,PASS,1,1,47059;47155;57995;46208;46687;78736;64510;42308;7166;77934
186,48,1.000000,0,701,701,49,610,98000,PASS,1,1,47059;47155;57995;46208;46687;78736;64510;42308;7166;77934
186,64,1.000000,0,876,876,65,785,121029,PASS,1,1,47059;47155;57995;46208;46687;78736;64510;42308;7166;77934
186,96,1.000000,0,1104,1104,97,1013,157770,PASS,1,1,47059;47155;57995;46208;46687;78736;64510;42308;7166;77934
186,128,1.000000,0,1334,1334,128,1243,196780,PASS,1,1,47059;47155;57995;46208;46687;78736;64510;42308;7166;77934
186,192,1.000000,0,1791,1791,192,1700,287149,PASS,1,1,47059;47155;57995;46208;46687;78736;64510;42308;7166;77934
186,256,1.000000,0,2240,2240,256,2149,362719,PASS,1,1,47059;47155;57995;46208;46687;78736;64510;42308;7166;77934
186,384,1.000000,0,3083,3083,384,2992,541918,PASS,1,1,47059;47155;57995;46208;46687;78736;64510;42308;7166;77934
186,512,1.000000,0,3851,3851,512,3760,669488,PASS,1,1,47059;47155;57995;46208;46687;78736;64510;42308;7166;77934
187,10,0.600000,1,348,348,14,241,74000,PASS,1,1,64175;70969;13568;87906;15386;19258;65487;74259;65232;74194
187,16,0.600000,1,378,378,16,271,47500,PASS,1,1,64175;70969;13568;87906;15386;19258;65487;74259;65232;74194
187,24,0.600000,1,505,505,24,398,74190,PASS,1,1,64175;70969;13568;87906;15386;19258;70423;70403;65487;74259
187,32,0.700000,1,664,664,32,557,97469,PASS,1,1,64175;70969;13568;87906;15386;19258;20517;70423;70403;65487
187,48,0.900000,0,929,929,49,822,142430,PASS,1,1,99982;64175;60708;70969;13568;87906;15386;19258;20517;70423
187,64,1.000000,0,1216,1216,68,1109,183590,PASS,1,1,99982;64175;32286;60708;70969;13568;87906;15386;19258;20517
187,96,1.000000,0,1609,1609,96,1502,251740,PASS,1,1,99982;64175;32286;60708;70969;13568;87906;15386;19258;20517
187,128,1.000000,0,2066,2066,128,1959,340379,PASS,1,1,99982;64175;32286;60708;70969;13568;87906;15386;19258;20517
187,192,1.000000,0,2812,2812,192,2705,468579,PASS,1,1,99982;64175;32286;60708;70969;13568;87906;15386;19258;20517
187,256,1.000000,0,3538,3538,256,3431,581498,PASS,1,1,99982;64175;32286;60708;70969;13568;87906;15386;19258;20517
187,384,1.000000,0,4721,4721,384,4614,829287,PASS,1,1,99982;64175;32286;60708;70969;13568;87906;15386;19258;20517
187,512,1.000000,0,5721,5721,512,5614,997317,PASS,1,1,99982;64175;32286;60708;70969;13568;87906;15386;19258;20517
188,10,1.000000,0,186,186,10,91,40730,PASS,1,1,26216;25790;25083;29721;23987;29515;26302;25415;29332;23947
188,16,1.000000,0,221,221,16,126,30700,PASS,1,1,26216;25790;25083;29721;23987;29515;26302;25415;29332;23947
188,24,1.000000,0,281,281,24,186,41180,PASS,1,1,26216;25790;25083;29721;23987;29515;26302;25415;29332;23947
188,32,1.000000,0,388,388,32,293,59430,PASS,1,1,26216;25790;25083;29721;23987;29515;26302;25415;29332;23947
188,48,1.000000,0,503,503,48,408,78930,PASS,1,1,26216;25790;25083;29721;23987;29515;26302;25415;29332;23947
188,64,1.000000,0,635,635,64,540,100200,PASS,1,1,26216;25790;25083;29721;23987;29515;26302;25415;29332;23947
188,96,1.000000,0,824,824,96,729,136849,PASS,1,1,26216;25790;25083;29721;23987;29515;26302;25415;29332;23947
188,128,1.000000,0,1031,1031,128,936,171860,PASS,1,1,26216;25790;25083;29721;23987;29515;26302;25415;29332;23947
188,192,1.000000,0,1310,1310,192,1215,239649,PASS,1,1,26216;25790;25083;29721;23987;29515;26302;25415;29332;23947
188,256,1.000000,0,1601,1601,256,1506,292949,PASS,1,1,26216;25790;25083;29721;23987;29515;26302;25415;29332;23947
188,384,1.000000,0,2112,2112,384,2017,417669,PASS,1,1,26216;25790;25083;29721;23987;29515;26302;25415;29332;23947
188,512,1.000000,0,2510,2510,512,2415,495369,PASS,1,1,26216;25790;25083;29721;23987;29515;26302;25415;29332;23947
189,10,1.000000,0,219,219,10,97,41050,PASS,1,1,37814;41164;38882;38946;5338;39283;37802;38121;39067;5435
189,16,1.000000,0,251,251,16,129,32070,PASS,1,1,37814;41164;38882;38946;5338;39283;37802;38121;39067;5435
189,24,1.000000,0,291,291,24,169,39220,PASS,1,1,37814;41164;38882;38946;5338;39283;37802;38121;39067;5435
189,32,1.000000,0,311,311,32,189,42170,PASS,1,1,37814;41164;38882;38946;5338;39283;37802;38121;39067;5435
189,48,1.000000,0,376,376,48,254,54949,PASS,1,1,37814;41164;38882;38946;5338;39283;37802;38121;39067;5435
189,64,1.000000,0,411,411,64,289,61260,PASS,1,1,37814;41164;38882;38946;5338;39283;37802;38121;39067;5435
189,96,1.000000,0,524,524,96,402,88260,PASS,1,1,37814;41164;38882;38946;5338;39283;37802;38121;39067;5435
189,128,1.000000,0,599,599,128,477,102660,PASS,1,1,37814;41164;38882;38946;5338;39283;37802;38121;39067;5435
189,192,1.000000,0,769,769,192,647,149199,PASS,1,1,37814;41164;38882;38946;5338;39283;37802;38121;39067;5435
189,256,1.000000,0,939,939,256,817,181360,PASS,1,1,37814;41164;38882;38946;5338;39283;37802;38121;39067;5435
189,384,1.000000,0,1271,1271,384,1149,268499,PASS,1,1,37814;41164;38882;38946;5338;39283;37802;38121;39067;5435
189,512,1.000000,0,1633,1633,512,1511,346769,PASS,1,1,37814;41164;38882;38946;5338;39283;37802;38121;39067;5435
190,10,0.900000,0,219,219,11,104,34340,PASS,1,1,41793;38617;42557;42353;42695;37579;5264;27573;40746;42395
190,16,1.000000,0,268,268,17,153,34939,PASS,1,1,41793;38617;42557;42353;42695;37579;43682;5264;27573;40746
190,24,1.000000,0,345,345,24,230,45300,PASS,1,1,41793;38617;42557;42353;42695;37579;43682;5264;27573;40746
190,32,1.000000,0,420,420,32,305,54120,PASS,1,1,41793;38617;42557;42353;42695;37579;43682;5264;27573;40746
190,48,1.000000,0,539,539,48,424,71000,PASS,1,1,41793;38617;42557;42353;42695;37579;43682;5264;27573;40746
190,64,1.000000,0,616,616,66,501,83550,PASS,1,1,41793;38617;42557;42353;42695;37579;43682;5264;27573;40746
190,96,1.000000,0,814,814,96,699,119490,PASS,1,1,41793;38617;42557;42353;42695;37579;43682;5264;27573;40746
190,128,1.000000,0,922,922,128,807,142280,PASS,1,1,41793;38617;42557;42353;42695;37579;43682;5264;27573;40746
190,192,1.000000,0,1130,1130,192,1015,196920,PASS,1,1,41793;38617;42557;42353;42695;37579;43682;5264;27573;40746
190,256,1.000000,0,1311,1311,256,1196,235190,PASS,1,1,41793;38617;42557;42353;42695;37579;43682;5264;27573;40746
190,384,1.000000,0,1628,1628,384,1513,311469,PASS,1,1,41793;38617;42557;42353;42695;37579;43682;5264;27573;40746
190,512,1.000000,0,1993,1993,513,1878,394979,PASS,1,1,41793;38617;42557;42353;42695;37579;43682;5264;27573;40746
191,10,0.800000,1,341,341,17,255,68900,PASS,1,1,74410;65456;86958;87505;64918;2949;89615;66160;890;86652
191,16,0.800000,1,364,364,19,278,45450,PASS,1,1,74410;65456;86958;87505;64918;2949;89615;66160;890;86652
191,24,0.900000,0,437,437,26,351,60429,PASS,1,1,74410;65456;86958;87505;64918;2949;65713;89615;66160;890
191,32,0.900000,0,513,513,32,427,73540,PASS,1,1,74410;65456;86958;87505;64918;2949;65713;89615;66160;890
191,48,0.900000,0,725,725,48,639,114909,PASS,1,1,74410;65456;86958;87505;64918;2949;65713;89615;66160;890
191,64,0.900000,0,915,915,64,829,140810,PASS,1,1,74410;65456;86958;87505;64918;2949;65713;89615;66160;890
191,96,0.900000,0,1272,1272,96,1186,210420,PASS,1,1,74410;65456;86958;87505;64918;2949;65713;89615;66160;890
191,128,1.000000,0,1604,1604,128,1518,255609,PASS,1,1,74410;65456;86958;87505;64918;2949;65713;89615;66160;85984
191,192,1.000000,0,2258,2258,192,2172,386699,PASS,1,1,74410;65456;86958;87505;64918;2949;65713;89615;66160;85984
191,256,1.000000,0,2811,2811,256,2725,467158,PASS,1,1,74410;65456;86958;87505;64918;2949;65713;89615;66160;85984
191,384,1.000000,0,3816,3816,384,3730,687078,PASS,1,1,74410;65456;86958;87505;64918;2949;65713;89615;66160;85984
191,512,1.000000,0,4682,4682,512,4596,821178,PASS,1,1,74410;65456;86958;87505;64918;2949;65713;89615;66160;85984
192,10,0.500000,1,284,284,12,207,56810,PASS,1,1,81011;98382;25051;65069;36019;77091;51505;63153;14273;51618
192,16,0.600000,1,443,443,21,366,68310,PASS,1,1,81011;4044;98382;25051;65069;36019;77091;12431;51806;51604
192,24,0.600000,1,531,531,26,454,70849,PASS,1,1,81011;4044;98382;25051;65069;36019;77091;12431;51806;51604
192,32,0.900000,0,715,715,36,638,104160,PASS,1,1,81011;23372;19361;4044;75617;98382;25051;65069;36019;77091
192,48,0.900000,0,897,897,50,820,131889,PASS,1,1,81011;23372;19361;4044;75617;98382;25051;65069;36019;77091
192,64,0.900000,0,1140,1140,65,1063,165899,PASS,1,1,81011;23372;19361;4044;75617;98382;25051;65069;36019;77091
192,96,1.000000,0,1607,1607,99,1530,251499,PASS,1,1,81011;23372;19361;4044;75617;98382;25051;65069;19069;36019
192,128,1.000000,0,2009,2009,129,1932,307559,PASS,1,1,81011;23372;19361;4044;75617;98382;25051;65069;19069;36019
192,192,1.000000,0,2768,2768,192,2691,462669,PASS,1,1,81011;23372;19361;4044;75617;98382;25051;65069;19069;36019
192,256,1.000000,0,3478,3478,256,3401,573059,PASS,1,1,81011;23372;19361;4044;75617;98382;25051;65069;19069;36019
192,384,1.000000,0,4794,4794,385,4717,835278,PASS,1,1,81011;23372;19361;4044;75617;98382;25051;65069;19069;36019
192,512,1.000000,0,6015,6015,512,5938,1026527,PASS,1,1,81011;23372;19361;4044;75617;98382;25051;65069;19069;36019
193,10,0.900000,0,363,363,14,266,72010,PASS,1,1,17030;18737;17344;96216;18507;18764;14080;95833;60130;17620
193,16,0.900000,0,384,384,17,287,46590,PASS,1,1,17030;18737;17344;96216;18507;18764;14080;95833;60130;17620
193,24,0.900000,0,494,494,24,397,69550,PASS,1,1,17030;18737;17344;96216;18507;18764;14080;95833;60130;17620
193,32,0.900000,0,663,663,34,566,95340,PASS,1,1,17030;18737;17344;96216;18507;18764;14080;95833;60130;17620
193,48,1.000000,0,904,904,48,807,133660,PASS,1,1,17030;18737;17344;96216;18507;18764;14080;95833;69351;60130
193,64,1.000000,0,1138,1138,64,1041,167060,PASS,1,1,17030;18737;17344;96216;18507;18764;14080;95833;69351;60130
193,96,1.000000,0,1557,1557,96,1460,242690,PASS,1,1,17030;18737;17344;96216;18507;18764;14080;95833;69351;60130
193,128,1.000000,0,1976,1976,130,1879,305129,PASS,1,1,17030;18737;17344;96216;18507;18764;14080;95833;69351;60130
193,192,1.000000,0,2611,2611,192,2514,422809,PASS,1,1,17030;18737;17344;96216;18507;18764;14080;95833;69351;60130
193,256,1.000000,0,3271,3271,257,3174,530189,PASS,1,1,17030;18737;17344;96216;18507;18764;14080;95833;69351;60130
193,384,1.000000,0,4465,4465,384,4368,768168,PASS,1,1,17030;18737;17344;96216;18507;18764;14080;95833;69351;60130
193,512,1.000000,0,5362,5362,512,5265,913438,PASS,1,1,17030;18737;17344;96216;18507;18764;14080;95833;69351;60130
194,10,1.000000,0,234,234,12,156,48720,PASS,1,1,35724;49451;51155;36070;49189;53029;57510;23314;56787;56762
194,16,1.000000,0,273,273,18,195,39070,PASS,1,1,35724;49451;51155;36070;49189;53029;57510;23314;56787;56762
194,24,1.000000,0,312,312,25,234,45670,PASS,1,1,35724;49451;51155;36070;49189;53029;57510;23314;56787;56762
194,32,1.000000,0,358,358,33,280,54070,PASS,1,1,35724;49451;51155;36070;49189;53029;57510;23314;56787;56762
194,48,1.000000,0,469,469,49,391,76050,PASS,1,1,35724;49451;51155;36070;49189;53029;57510;23314;56787;56762
194,64,1.000000,0,537,537,65,459,83419,PASS,1,1,35724;49451;51155;36070;49189;53029;57510;23314;56787;56762
194,96,1.000000,0,655,655,96,577,112330,PASS,1,1,35724;49451;51155;36070;49189;53029;57510;23314;56787;56762
194,128,1.000000,0,757,757,128,679,128519,PASS,1,1,35724;49451;51155;36070;49189;53029;57510;23314;56787;56762
194,192,1.000000,0,942,942,192,864,177719,PASS,1,1,35724;49451;51155;36070;49189;53029;57510;23314;56787;56762
194,256,1.000000,0,1116,1116,256,1038,211249,PASS,1,1,35724;49451;51155;36070;49189;53029;57510;23314;56787;56762
194,384,1.000000,0,1628,1628,384,1550,337219,PASS,1,1,35724;49451;51155;36070;49189;53029;57510;23314;56787;56762
194,512,1.000000,0,2407,2407,512,2329,507118,PASS,1,1,35724;49451;51155;36070;49189;53029;57510;23314;56787;56762
195,10,0.900000,0,259,259,11,187,51270,PASS,1,1,60521;78502;79032;69359;60453;78551;79027;60828;8813;66561
195,16,1.000000,0,330,330,16,258,44500,PASS,1,1,60521;78502;79032;69359;60453;78551;86123;79027;60828;8813
195,24,1.000000,0,448,448,24,376,63739,PASS,1,1,60521;78502;79032;69359;60453;78551;86123;79027;60828;8813
195,32,1.000000,0,572,572,32,500,80770,PASS,1,1,60521;78502;79032;69359;60453;78551;86123;79027;60828;8813
195,48,1.000000,0,784,784,49,712,116030,PASS,1,1,60521;78502;79032;69359;60453;78551;86123;79027;60828;8813
195,64,1.000000,0,931,931,64,859,133780,PASS,1,1,60521;78502;79032;69359;60453;78551;86123;79027;60828;8813
195,96,1.000000,0,1258,1258,96,1186,198219,PASS,1,1,60521;78502;79032;69359;60453;78551;86123;79027;60828;8813
195,128,1.000000,0,1550,1550,128,1478,239409,PASS,1,1,60521;78502;79032;69359;60453;78551;86123;79027;60828;8813
195,192,1.000000,0,2133,2133,192,2061,359869,PASS,1,1,60521;78502;79032;69359;60453;78551;86123;79027;60828;8813
195,256,1.000000,0,2625,2625,256,2553,432279,PASS,1,1,60521;78502;79032;69359;60453;78551;86123;79027;60828;8813
195,384,1.000000,0,3540,3540,384,3468,618158,PASS,1,1,60521;78502;79032;69359;60453;78551;86123;79027;60828;8813
195,512,1.000000,0,4362,4362,512,4290,765067,PASS,1,1,60521;78502;79032;69359;60453;78551;86123;79027;60828;8813
196,10,1.000000,0,281,281,11,140,58320,PASS,1,1,24378;23971;43887;96231;51540;44086;69658;97510;95415;44212
196,16,1.000000,0,348,348,17,207,49230,PASS,1,1,24378;23971;43887;96231;51540;44086;69658;97510;95415;44212
196,24,1.000000,0,400,400,24,259,54010,PASS,1,1,24378;23971;43887;96231;51540;44086;69658;97510;95415;44212
196,32,1.000000,0,468,468,32,327,65560,PASS,1,1,24378;23971;43887;96231;51540;44086;69658;97510;95415;44212
196,48,1.000000,0,614,614,48,473,94910,PASS,1,1,24378;23971;43887;96231;51540;44086;69658;97510;95415;44212
196,64,1.000000,0,744,744,64,603,109969,PASS,1,1,24378;23971;43887;96231;51540;44086;69658;97510;95415;44212
196,96,1.000000,0,952,952,96,811,153959,PASS,1,1,24378;23971;43887;96231;51540;44086;69658;97510;95415;44212
196,128,1.000000,0,1138,1138,128,997,189490,PASS,1,1,24378;23971;43887;96231;51540;44086;69658;97510;95415;44212
196,192,1.000000,0,1565,1565,192,1424,271459,PASS,1,1,24378;23971;43887;96231;51540;44086;69658;97510;95415;44212
196,256,1.000000,0,1959,1959,256,1818,335539,PASS,1,1,24378;23971;43887;96231;51540;44086;69658;97510;95415;44212
196,384,1.000000,0,2644,2644,384,2503,488749,PASS,1,1,24378;23971;43887;96231;51540;44086;69658;97510;95415;44212
196,512,1.000000,0,3282,3282,512,3141,601089,PASS,1,1,24378;23971;43887;96231;51540;44086;69658;97510;95415;44212
197,10,0.800000,1,237,237,11,183,50430,PASS,1,1,78462;99312;76401;77623;62359;10199;18156;99319;45413;89952
197,16,1.000000,0,346,346,17,292,52590,PASS,1,1,78462;99312;76401;77623;62359;73042;10199;18156;27197;99319
197,24,1.000000,0,462,462,25,408,69460,PASS,1,1,78462;99312;76401;77623;62359;73042;10199;18156;27197;99319
197,32,1.000000,0,548,548,33,494,77770,PASS,1,1,78462;99312;76401;77623;62359;73042;10199;18156;27197;99319
197,48,1.000000,0,698,698,49,644,124910,PASS,1,1,78462;99312;76401;77623;62359;73042;10199;18156;27197;99319
197,64,1.000000,0,872,872,65,818,132850,PASS,1,1,78462;99312;76401;77623;62359;73042;10199;18156;27197;99319
197,96,1.000000,0,1142,1142,96,1088,183679,PASS,1,1,78462;99312;76401;77623;62359;73042;10199;18156;27197;99319
197,128,1.000000,0,1449,1449,128,1395,234579,PASS,1,1,78462;99312;76401;77623;62359;73042;10199;18156;27197;99319
197,192,1.000000,0,1851,1851,192,1797,313890,PASS,1,1,78462;99312;76401;77623;62359;73042;10199;18156;27197;99319
197,256,1.000000,0,2238,2238,256,2184,380079,PASS,1,1,78462;99312;76401;77623;62359;73042;10199;18156;27197;99319
197,384,1.000000,0,2960,2960,384,2906,534868,PASS,1,1,78462;99312;76401;77623;62359;73042;10199;18156;27197;99319
197,512,1.000000,0,3610,3610,512,3556,662438,PASS,1,1,78462;99312;76401;77623;62359;73042;10199;18156;27197;99319
198,10,1.000000,0,295,295,14,193,62640,PASS,1,1,56548;37411;31590;95728;54613;90185;33208;95124;31975;10672
198,16,1.000000,0,325,325,16,223,40940,PASS,1,1,56548;37411;31590;95728;54613;90185;33208;95124;31975;10672
198,24,1.000000,0,445,445,26,343,64010,PASS,1,1,56548;37411;31590;95728;54613;90185;33208;95124;31975;10672
198,32,1.000000,0,505,505,32,403,68739,PASS,1,1,56548;37411;31590;95728;54613;90185;33208;95124;31975;10672
198,48,1.000000,0,655,655,48,553,100140,PASS,1,1,56548;37411;31590;95728;54613;90185;33208;95124;31975;10672
198,64,1.000000,0,807,807,64,705,118659,PASS,1,1,56548;37411;31590;95728;54613;90185;33208;95124;31975;10672
198,96,1.000000,0,1060,1060,97,958,169179,PASS,1,1,56548;37411;31590;95728;54613;90185;33208;95124;31975;10672
198,128,1.000000,0,1278,1278,128,1176,202319,PASS,1,1,56548;37411;31590;95728;54613;90185;33208;95124;31975;10672
198,192,1.000000,0,1694,1694,192,1592,291399,PASS,1,1,56548;37411;31590;95728;54613;90185;33208;95124;31975;10672
198,256,1.000000,0,2118,2118,256,2016,361219,PASS,1,1,56548;37411;31590;95728;54613;90185;33208;95124;31975;10672
198,384,1.000000,0,2715,2715,384,2613,513309,PASS,1,1,56548;37411;31590;95728;54613;90185;33208;95124;31975;10672
198,512,1.000000,0,3356,3356,513,3254,619679,PASS,1,1,56548;37411;31590;95728;54613;90185;33208;95124;31975;10672
199,10,0.700000,1,295,295,12,197,58050,PASS,1,1,141;91044;3669;62669;83868;85552;2427;115;65208;11136
199,16,0.800000,1,372,372,18,274,52700,PASS,1,1,60192;141;91044;3669;62669;83868;85552;2427;115;65208
199,24,0.900000,0,456,456,26,358,65939,PASS,1,1,60192;141;67460;91044;3669;62669;83868;85552;2427;115
199,32,1.000000,0,573,573,34,475,83930,PASS,1,1,60192;141;67460;91044;3669;62669;83868;85552;28517;2427
199,48,1.000000,0,802,802,52,704,122229,PASS,1,1,60192;141;67460;91044;3669;62669;83868;85552;28517;2427
199,64,1.000000,0,977,977,67,879,141940,PASS,1,1,60192;141;67460;91044;3669;62669;83868;85552;28517;2427
199,96,1.000000,0,1246,1246,98,1148,192210,PASS,1,1,60192;141;67460;91044;3669;62669;83868;85552;28517;2427
199,128,1.000000,0,1570,1570,129,1472,245240,PASS,1,1,60192;141;67460;91044;3669;62669;83868;85552;28517;2427
199,192,1.000000,0,2149,2149,193,2051,366019,PASS,1,1,60192;141;67460;91044;3669;62669;83868;85552;28517;2427
199,256,1.000000,0,2670,2670,257,2572,436349,PASS,1,1,60192;141;67460;91044;3669;62669;83868;85552;28517;2427
199,384,1.000000,0,3632,3632,385,3534,648988,PASS,1,1,60192;141;67460;91044;3669;62669;83868;85552;28517;2427
199,512,1.000000,0,4434,4434,513,4336,774018,PASS,1,1,60192;141;67460;91044;3669;62669;83868;85552;28517;2427
200,10,1.000000,0,261,261,10,190,50860,PASS,1,1,75527;10756;77640;46676;64485;21749;66263;63726;22665;10519
200,16,1.000000,0,341,341,16,270,48460,PASS,1,1,75527;10756;77640;46676;64485;21749;66263;63726;22665;10519
200,24,1.000000,0,436,436,24,365,60550,PASS,1,1,75527;10756;77640;46676;64485;21749;66263;63726;22665;10519
200,32,1.000000,0,532,532,32,461,74710,PASS,1,1,75527;10756;77640;46676;64485;21749;66263;63726;22665;10519
200,48,1.000000,0,707,707,48,636,106400,PASS,1,1,75527;10756;77640;46676;64485;21749;66263;63726;22665;10519
200,64,1.000000,0,857,857,64,786,128449,PASS,1,1,75527;10756;77640;46676;64485;21749;66263;63726;22665;10519
200,96,1.000000,0,1136,1136,96,1065,181780,PASS,1,1,75527;10756;77640;46676;64485;21749;66263;63726;22665;10519
200,128,1.000000,0,1411,1411,129,1340,222980,PASS,1,1,75527;10756;77640;46676;64485;21749;66263;63726;22665;10519
200,192,1.000000,0,1921,1921,192,1850,330319,PASS,1,1,75527;10756;77640;46676;64485;21749;66263;63726;22665;10519
200,256,1.000000,0,2369,2369,256,2298,395239,PASS,1,1,75527;10756;77640;46676;64485;21749;66263;63726;22665;10519
200,384,1.000000,0,3156,3156,384,3085,569039,PASS,1,1,75527;10756;77640;46676;64485;21749;66263;63726;22665;10519
200,512,1.000000,0,3768,3768,512,3697,668298,PASS,1,1,75527;10756;77640;46676;64485;21749;66263;63726;22665;10519
201,10,1.000000,0,364,364,14,269,75330,PASS,1,1,95944;64437;40904;96721;40900;22411;66610;95468;41401;41074
201,16,1.000000,0,440,440,19,345,59950,PASS,1,1,95944;64437;40904;96721;40900;22411;66610;95468;41401;41074
201,24,1.000000,0,564,564,27,469,79869,PASS,1,1,95944;64437;40904;96721;40900;22411;66610;95468;41401;41074
201,32,1.000000,0,723,723,36,628,104210,PASS,1,1,95944;64437;40904;96721;40900;22411;66610;95468;41401;41074
201,48,1.000000,0,866,866,50,771,127529,PASS,1,1,95944;64437;40904;96721;40900;22411;66610;95468;41401;41074
201,64,1.000000,0,1063,1063,66,968,157790,PASS,1,1,95944;64437;40904;96721;40900;22411;66610;95468;41401;41074
201,96,1.000000,0,1394,1394,98,1299,220229,PASS,1,1,95944;64437;40904;96721;40900;22411;66610;95468;41401;41074
201,128,1.000000,0,1701,1701,129,1606,266379,PASS,1,1,95944;64437;40904;96721;40900;22411;66610;95468;41401;41074
201,192,1.000000,0,2286,2286,192,2191,392039,PASS,1,1,95944;64437;40904;96721;40900;22411;66610;95468;41401;41074
201,256,1.000000,0,2930,2930,258,2835,493529,PASS,1,1,95944;64437;40904;96721;40900;22411;66610;95468;41401;41074
201,384,1.000000,0,3884,3884,384,3789,690798,PASS,1,1,95944;64437;40904;96721;40900;22411;66610;95468;41401;41074
201,512,1.000000,0,4810,4810,512,4715,851188,PASS,1,1,95944;64437;40904;96721;40900;22411;66610;95468;41401;41074
202,10,0.800000,1,257,257,10,186,52159,PASS,1,1,54733;54637;56789;54869;65731;69983;29816;99057;63838;36535
202,16,1.000000,0,356,356,16,285,50470,PASS,1,1,51740;54733;54637;25422;56789;54869;65731;69983;29816;99057
202,24,1.000000,0,426,426,24,355,57920,PASS,1,1,51740;54733;54637;25422;56789;54869;65731;69983;29816;99057
202,32,1.000000,0,521,521,32,450,73270,PASS,1,1,51740;54733;54637;25422;56789;54869;65731;69983;29816;99057
202,48,1.000000,0,747,747,48,676,114400,PASS,1,1,51740;54733;54637;25422;56789;54869;65731;69983;29816;99057
202,64,1.000000,0,932,932,65,861,138359,PASS,1,1,51740;54733;54637;25422;56789;54869;65731;69983;29816;99057
202,96,1.000000,0,1215,1215,96,1144,194050,PASS,1,1,51740;54733;54637;25422;56789;54869;65731;69983;29816;99057
202,128,1.000000,0,1429,1429,128,1358,224129,PASS,1,1,51740;54733;54637;25422;56789;54869;65731;69983;29816;99057
202,192,1.000000,0,1958,1958,192,1887,338419,PASS,1,1,51740;54733;54637;25422;56789;54869;65731;69983;29816;99057
202,256,1.000000,0,2394,2394,256,2323,406709,PASS,1,1,51740;54733;54637;25422;56789;54869;65731;69983;29816;99057
202,384,1.000000,0,3112,3112,384,3041,560128,PASS,1,1,51740;54733;54637;25422;56789;54869;65731;69983;29816;99057
202,512,1.000000,0,3761,3761,512,3690,686298,PASS,1,1,51740;54733;54637;25422;56789;54869;65731;69983;29816;99057
203,10,0.500000,1,276,276,13,188,53980,PASS,1,1,74738;75015;71130;1308;40572;66602;99641;2665;40721;7726
203,16,0.700000,1,344,344,20,256,47530,PASS,1,1,74738;66797;70488;75015;71130;1308;40572;66602;99641;2665
203,24,0.900000,0,405,405,26,317,56319,PASS,1,1,74738;66797;70488;77892;75015;71130;8234;1308;40572;66602
203,32,0.900000,0,526,526,34,438,76530,PASS,1,1,74738;66797;70488;77892;75015;71130;8234;1308;40572;66602
203,48,0.900000,0,727,727,48,639,111330,PASS,1,1,74738;66797;70488;77892;75015;71130;8234;1308;40572;66602
203,64,1.000000,0,868,868,64,780,126500,PASS,1,1,74738;66797;70488;77892;75015;71130;8234;1308;40572;6479
203,96,1.000000,0,1170,1170,96,1082,184180,PASS,1,1,74738;66797;70488;77892;75015;71130;8234;1308;40572;6479
203,128,1.000000,0,1466,1466,128,1378,227420,PASS,1,1,74738;66797;70488;77892;75015;71130;8234;1308;40572;6479
203,192,1.000000,0,2068,2068,192,1980,343469,PASS,1,1,74738;66797;70488;77892;75015;71130;8234;1308;40572;6479
203,256,1.000000,0,2633,2633,256,2545,438879,PASS,1,1,74738;66797;70488;77892;75015;71130;8234;1308;40572;6479
203,384,1.000000,0,3557,3557,384,3469,628078,PASS,1,1,74738;66797;70488;77892;75015;71130;8234;1308;40572;6479
203,512,1.000000,0,4364,4364,512,4276,766898,PASS,1,1,74738;66797;70488;77892;75015;71130;8234;1308;40572;6479
204,10,0.800000,1,205,205,10,116,42059,PASS,1,1,50251;49808;47744;50406;50158;50176;50088;49988;47866;50109
204,16,0.800000,1,251,251,16,162,35380,PASS,1,1,50251;49808;47744;50406;50158;50176;50088;49988;47866;9743
204,24,1.000000,0,302,302,24,213,44380,PASS,1,1,50251;49808;47744;50406;50158;50176;50088;12079;49988;47865
204,32,1.000000,0,343,343,32,254,49980,PASS,1,1,50251;49808;47744;50406;50158;50176;50088;12079;49988;47865
204,48,1.000000,0,412,412,48,323,65129,PASS,1,1,50251;49808;47744;50406;50158;50176;50088;12079;49988;47865
204,64,1.000000,0,508,508,64,419,102410,PASS,1,1,50251;49808;47744;50406;50158;50176;50088;12079;49988;47865
204,96,1.000000,0,654,654,96,565,112639,PASS,1,1,50251;49808;47744;50406;50158;50176;50088;12079;49988;47865
204,128,1.000000,0,780,780,128,691,132190,PASS,1,1,50251;49808;47744;50406;50158;50176;50088;12079;49988;47865
204,192,1.000000,0,1131,1131,192,1042,211250,PASS,1,1,50251;49808;47744;50406;50158;50176;50088;12079;49988;47865
204,256,1.000000,0,1466,1466,256,1377,266609,PASS,1,1,50251;49808;47744;50406;50158;50176;50088;12079;49988;47865
204,384,1.000000,0,2341,2341,384,2252,455408,PASS,1,1,50251;49808;47744;50406;50158;50176;50088;12079;49988;47865
204,512,1.000000,0,3304,3304,512,3215,628408,PASS,1,1,50251;49808;47744;50406;50158;50176;50088;12079;49988;47865
205,10,0.800000,1,284,284,11,163,60200,PASS,1,1,832;96961;21222;33050;74573;3945;61861;64620;98738;13343
205,16,0.800000,1,373,373,17,252,51890,PASS,1,1,832;96961;21222;33050;74573;3945;61861;64620;98738;13343
205,24,0.800000,1,449,449,25,328,61670,PASS,1,1,832;96961;21222;33050;74573;3945;61861;64620;98738;13343
205,32,0.800000,1,573,573,33,452,81580,PASS,1,1,832;96961;21222;33050;74573;3945;61861;64620;19829;98738
205,48,0.900000,0,764,764,50,643,116280,PASS,1,1,832;96961;21222;33050;74573;3945;61861;64620;5028;19829
205,64,0.900000,0,965,965,64,844,142339,PASS,1,1,832;96961;21222;33050;74573;3945;61861;64620;5028;19829
205,96,0.900000,0,1329,1329,97,1208,213129,PASS,1,1,832;96961;21222;33050;74573;3945;61861;64620;5028;19829
205,128,0.900000,0,1727,1727,131,1606,276719,PASS,1,1,832;96961;21222;33050;74573;3945;61861;64620;5028;19829
205,192,1.000000,0,2299,2299,194,2178,386049,PASS,1,1,832;96961;21222;33050;74573;3945;61861;64620;78016;5028
205,256,1.000000,0,2910,2910,256,2789,486479,PASS,1,1,832;96961;21222;33050;74573;3945;61861;64620;78016;5028
205,384,1.000000,0,3948,3948,384,3827,704838,PASS,1,1,832;96961;21222;33050;74573;3945;61861;64620;78016;5028
205,512,1.000000,0,4958,4958,512,4837,872958,PASS,1,1,832;96961;21222;33050;74573;3945;61861;64620;78016;5028
206,10,0.400000,1,295,295,13,233,53010,PASS,1,1,74035;20077;20190;44415;74806;22212;61557;22350;90731;21470
206,16,0.600000,1,378,378,18,316,46100,PASS,1,1,74035;20077;5175;20190;5586;44415;74806;22212;61557;22350
206,24,0.800000,1,493,493,27,431,69810,PASS,1,1,44997;74035;44991;20077;5175;20190;5586;44415;74806;22212
206,32,0.900000,0,590,590,34,528,82810,PASS,1,1,44997;74035;44991;20077;5175;20190;5586;64415;44415;74806
206,48,0.900000,0,809,809,49,747,116770,PASS,1,1,44997;74035;44991;20077;5175;20190;5586;64415;44415;74806
206,64,1.000000,0,1085,1085,65,1023,161999,PASS,1,1,44997;74035;44991;20077;5175;30933;20190;5586;64415;44415
206,96,1.000000,0,1477,1477,96,1415,225489,PASS,1,1,44997;74035;44991;20077;5175;30933;20190;5586;64415;44415
206,128,1.000000,0,1868,1868,128,1806,288699,PASS,1,1,44997;74035;44991;20077;5175;30933;20190;5586;64415;44415
206,192,1.000000,0,2612,2612,192,2550,427819,PASS,1,1,44997;74035;44991;20077;5175;30933;20190;5586;64415;44415
206,256,1.000000,0,3303,3303,256,3241,531228,PASS,1,1,44997;74035;44991;20077;5175;30933;20190;5586;64415;44415
206,384,1.000000,0,4542,4542,384,4480,776377,PASS,1,1,44997;74035;44991;20077;5175;30933;20190;5586;64415;44415
206,512,1.000000,0,5540,5540,512,5478,938518,PASS,1,1,44997;74035;44991;20077;5175;30933;20190;5586;64415;44415
207,10,0.800000,1,236,236,11,159,47210,PASS,1,1,60678;55696;53543;72771;82468;59636;56381;51440;73776;52604
207,16,0.800000,1,331,331,16,254,47020,PASS,1,1,60678;55696;53543;72771;82468;59636;56381;51440;73776;52604
207,24,1.000000,0,443,443,24,366,63360,PASS,1,1,60678;55696;53543;72771;82468;59636;70960;46322;56381;51440
207,32,1.000000,0,545,545,32,468,75010,PASS,1,1,60678;55696;53543;72771;82468;59636;70960;46322;56381;51440
207,48,1.000000,0,694,694,48,617,103930,PASS,1,1,60678;55696;53543;72771;82468;59636;70960;46322;56381;51440
207,64,1.000000,0,844,844,65,767,126179,PASS,1,1,60678;55696;53543;72771;82468;59636;70960;46322;56381;51440
207,96,1.000000,0,1128,1128,96,1051,179889,PASS,1,1,60678;55696;53543;72771;82468;59636;70960;46322;56381;51440
207,128,1.000000,0,1369,1369,128,1292,214519,PASS,1,1,60678;55696;53543;72771;82468;59636;70960;46322;56381;51440
207,192,1.000000,0,1803,1803,192,1726,309179,PASS,1,1,60678;55696;53543;72771;82468;59636;70960;46322;56381;51440
207,256,1.000000,0,2214,2214,256,2137,374759,PASS,1,1,60678;55696;53543;72771;82468;59636;70960;46322;56381;51440
207,384,1.000000,0,2940,2940,384,2863,535339,PASS,1,1,60678;55696;53543;72771;82468;59636;70960;46322;56381;51440
207,512,1.000000,0,3577,3577,512,3500,648148,PASS,1,1,60678;55696;53543;72771;82468;59636;70960;46322;56381;51440
208,10,0.800000,1,283,283,11,197,51259,PASS,1,1,74236;12086;16821;4114;32735;67639;66648;93035;25004;32899
208,16,0.900000,0,370,370,17,284,49420,PASS,1,1,74236;12086;73130;16821;4114;32735;67639;66648;93035;25004
208,24,1.000000,0,530,530,29,444,73480,PASS,1,1,74236;12086;73130;16821;96261;4114;32735;67639;66648;93035
208,32,1.000000,0,595,595,33,509,75829,PASS,1,1,74236;12086;73130;16821;96261;4114;32735;67639;66648;93035
208,48,1.000000,0,770,770,48,684,109730,PASS,1,1,74236;12086;73130;16821;96261;4114;32735;67639;66648;93035
208,64,1.000000,0,952,952,64,866,135170,PASS,1,1,74236;12086;73130;16821;96261;4114;32735;67639;66648;93035
208,96,1.000000,0,1261,1261,96,1175,192409,PASS,1,1,74236;12086;73130;16821;96261;4114;32735;67639;66648;93035
208,128,1.000000,0,1624,1624,128,1538,255709,PASS,1,1,74236;12086;73130;16821;96261;4114;32735;67639;66648;93035
208,192,1.000000,0,2308,2308,192,2222,376509,PASS,1,1,74236;12086;73130;16821;96261;4114;32735;67639;66648;93035
208,256,1.000000,0,2927,2927,256,2841,473289,PASS,1,1,74236;12086;73130;16821;96261;4114;32735;67639;66648;93035
208,384,1.000000,0,4060,4060,384,3974,707178,PASS,1,1,74236;12086;73130;16821;96261;4114;32735;67639;66648;93035
208,512,1.000000,0,5094,5094,512,5008,884038,PASS,1,1,74236;12086;73130;16821;96261;4114;32735;67639;66648;93035
209,10,0.800000,1,369,369,17,291,75069,PASS,1,1,23865;79382;52045;23870;79388;92876;81588;52671;33040;63366
209,16,0.900000,0,408,408,20,330,51940,PASS,1,1,23865;79382;52045;16844;23870;79388;92876;81588;52671;33040
209,24,0.900000,0,481,481,25,403,64900,PASS,1,1,23865;79382;52045;16844;23870;79388;92876;81588;52671;33040
209,32,0.900000,0,581,581,33,503,81939,PASS,1,1,23865;79382;52045;16844;23870;79388;92876;81588;52671;33040
209,48,1.000000,0,745,745,48,667,111720,PASS,1,1,23865;79382;31519;52045;16844;23870;79388;92876;81588;52671
209,64,1.000000,0,950,950,64,872,148149,PASS,1,1,23865;79382;31519;52045;16844;23870;79388;92876;81588;52671
209,96,1.000000,0,1343,1343,98,1265,218619,PASS,1,1,23865;79382;31519;52045;16844;23870;79388;92876;81588;52671
209,128,1.000000,0,1667,1667,128,1589,262379,PASS,1,1,23865;79382;31519;52045;16844;23870;79388;92876;81588;52671
209,192,1.000000,0,2207,2207,192,2129,364319,PASS,1,1,23865;79382;31519;52045;16844;23870;79388;92876;81588;52671
209,256,1.000000,0,2762,2762,256,2684,476579,PASS,1,1,23865;79382;31519;52045;16844;23870;79388;92876;81588;52671
209,384,1.000000,0,3683,3683,384,3605,648748,PASS,1,1,23865;79382;31519;52045;16844;23870;79388;92876;81588;52671
209,512,1.000000,0,4572,4572,512,4494,797388,PASS,1,1,23865;79382;31519;52045;16844;23870;79388;92876;81588;52671
210,10,1.000000,0,282,282,11,160,55070,PASS,1,1,29168;23882;28931;23675;93778;25130;24895;30378;30696;85726
210,16,1.000000,0,328,328,16,206,42010,PASS,1,1,29168;23882;28931;23675;93778;25130;24895;30378;30696;85726
210,24,1.000000,0,394,394,24,272,54790,PASS,1,1,29168;23882;28931;23675;93778;25130;24895;30378;30696;85726
210,32,1.000000,0,465,465,32,343,63920,PASS,1,1,29168;23882;28931;23675;93778;25130;24895;30378;30696;85726
210,48,1.000000,0,636,636,48,514,99019,PASS,1,1,29168;23882;28931;23675;93778;25130;24895;30378;30696;85726
210,64,1.000000,0,791,791,64,669,117830,PASS,1,1,29168;23882;28931;23675;93778;25130;24895;30378;30696;85726
210,96,1.000000,0,987,987,96,865,157100,PASS,1,1,29168;23882;28931;23675;93778;25130;24895;30378;30696;85726
210,128,1.000000,0,1188,1188,128,1066,189600,PASS,1,1,29168;23882;28931;23675;93778;25130;24895;30378;30696;85726
210,192,1.000000,0,1583,1583,192,1461,271180,PASS,1,1,29168;23882;28931;23675;93778;25130;24895;30378;30696;85726
210,256,1.000000,0,1923,1923,256,1801,326059,PASS,1,1,29168;23882;28931;23675;93778;25130;24895;30378;30696;85726
210,384,1.000000,0,2524,2524,384,2402,463059,PASS,1,1,29168;23882;28931;23675;93778;25130;24895;30378;30696;85726
210,512,1.000000,0,3192,3192,512,3070,588798,PASS,1,1,29168;23882;28931;23675;93778;25130;24895;30378;30696;85726
211,10,0.700000,1,290,290,11,172,53130,PASS,1,1,71154;79723;60179;1946;60118;80308;71171;97696;26065;72326
211,16,0.800000,1,372,372,17,254,55069,PASS,1,1,71154;79723;60179;1946;60118;43549;80308;71171;97696;26065
211,24,0.900000,0,517,517,25,399,71950,PASS,1,1,71154;79723;60179;69136;1946;60118;43549;80308;71171;97696
211,32,0.900000,0,657,657,35,539,90540,PASS,1,1,71154;79723;60179;69136;1946;60118;43549;80308;71171;97696
211,48,1.000000,0,835,835,49,717,119980,PASS,1,1,71154;79723;60179;55590;69136;1946;60118;43549;80308;71171
211,64,1.000000,0,991,991,65,873,140009,PASS,1,1,71154;79723;60179;55590;69136;1946;60118;43549;80308;71171
211,96,1.000000,0,1302,1302,96,1184,201139,PASS,1,1,71154;79723;60179;55590;69136;1946;60118;43549;80308;71171
211,128,1.000000,0,1627,1627,128,1509,252179,PASS,1,1,71154;79723;60179;55590;69136;1946;60118;43549;80308;71171
211,192,1.000000,0,2222,2222,192,2104,367229,PASS,1,1,71154;79723;60179;55590;69136;1946;60118;43549;80308;71171
211,256,1.000000,0,2714,2714,256,2596,438339,PASS,1,1,71154;79723;60179;55590;69136;1946;60118;43549;80308;71171
211,384,1.000000,0,3635,3635,384,3517,628498,PASS,1,1,71154;79723;60179;55590;69136;1946;60118;43549;80308;71171
211,512,1.000000,0,4399,4399,512,4281,757648,PASS,1,1,71154;79723;60179;55590;69136;1946;60118;43549;80308;71171
212,10,1.000000,0,208,208,10,93,42380,PASS,1,1,24029;24099;6998;24424;24228;44619;6111;7634;44589;51045
212,16,1.000000,0,267,267,16,152,38180,PASS,1,1,24029;24099;6998;24424;24228;44619;6111;7634;44589;51045
212,24,1.000000,0,335,335,24,220,47520,PASS,1,1,24029;24099;6998;24424;24228;44619;6111;7634;44589;51045
212,32,1.000000,0,368,368,32,253,49099,PASS,1,1,24029;24099;6998;24424;24228;44619;6111;7634;44589;51045
212,48,1.000000,0,434,434,48,319,64300,PASS,1,1,24029;24099;6998;24424;24228;44619;6111;7634;44589;51045
212,64,1.000000,0,502,502,64,387,75800,PASS,1,1,24029;24099;6998;24424;24228;44619;6111;7634;44589;51045
212,96,1.000000,0,624,624,96,509,105439,PASS,1,1,24029;24099;6998;24424;24228;44619;6111;7634;44589;51045
212,128,1.000000,0,748,748,128,633,129959,PASS,1,1,24029;24099;6998;24424;24228;44619;6111;7634;44589;51045
212,192,1.000000,0,978,978,192,863,183840,PASS,1,1,24029;24099;6998;24424;24228;44619;6111;7634;44589;51045
212,256,1.000000,0,1185,1185,256,1070,221450,PASS,1,1,24029;24099;6998;24424;24228;44619;6111;7634;44589;51045
212,384,1.000000,0,1557,1557,384,1442,328159,PASS,1,1,24029;24099;6998;24424;24228;44619;6111;7634;44589;51045
212,512,1.000000,0,1909,1909,512,1794,395369,PASS,1,1,24029;24099;6998;24424;24228;44619;6111;7634;44589;51045
213,10,0.900000,0,258,258,13,167,45270,PASS,1,1,97260;97527;87832;37154;51351;52967;52883;13462;52750;98324
213,16,1.000000,0,295,295,18,204,39580,PASS,1,1,97260;97527;87832;37154;51351;52967;52883;13462;52750;96408
213,24,1.000000,0,346,346,24,255,48550,PASS,1,1,97260;97527;87832;37154;51351;52967;52883;13462;52750;96408
213,32,1.000000,0,440,440,32,349,62580,PASS,1,1,97260;97527;87832;37154;51351;52967;52883;13462;52750;96408
213,48,1.000000,0,599,599,48,508,91260,PASS,1,1,97260;97527;87832;37154;51351;52967;52883;13462;52750;96408
213,64,1.000000,0,686,686,64,595,101839,PASS,1,1,97260;97527;87832;37154;51351;52967;52883;13462;52750;96408
213,96,1.000000,0,921,921,96,830,151110,PASS,1,1,97260;97527;87832;37154;51351;52967;52883;13462;52750;96408
213,128,1.000000,0,1162,1162,128,1071,186230,PASS,1,1,97260;97527;87832;37154;51351;52967;52883;13462;52750;96408
213,192,1.000000,0,1588,1588,192,1497,268850,PASS,1,1,97260;97527;87832;37154;51351;52967;52883;13462;52750;96408
213,256,1.000000,0,1970,1970,256,1879,326119,PASS,1,1,97260;97527;87832;37154;51351;52967;52883;13462;52750;96408
213,384,1.000000,0,2604,2604,384,2513,475129,PASS,1,1,97260;97527;87832;37154;51351;52967;52883;13462;52750;96408
213,512,1.000000,0,3097,3097,512,3006,568409,PASS,1,1,97260;97527;87832;37154;51351;52967;52883;13462;52750;96408
214,10,0.300000,1,336,336,15,245,64990,PASS,1,1,18155;82451;99597;7052;99859;81213;62694;28808;77116;24992
214,16,0.400000,1,352,352,17,261,42750,PASS,1,1,18155;82451;83847;99597;7052;99859;81213;62694;28808;77116
214,24,1.000000,0,500,500,30,409,74369,PASS,1,1,98740;18155;98729;60915;82451;66210;79011;83847;24779;99597
214,32,1.000000,0,541,541,33,450,71790,PASS,1,1,98740;18155;98729;60915;82451;66210;79011;83847;24779;99597
214,48,1.000000,0,730,730,48,639,110589,PASS,1,1,98740;18155;98729;60915;82451;66210;79011;83847;24779;99597
214,64,1.000000,0,952,952,64,861,147550,PASS,1,1,98740;18155;98729;60915;82451;66210;79011;83847;24779;99597
214,96,1.000000,0,1224,1224,96,1133,194810,PASS,1,1,98740;18155;98729;60915;82451;66210;79011;83847;24779;99597
214,128,1.000000,0,1594,1594,128,1503,256379,PASS,1,1,98740;18155;98729;60915;82451;66210;79011;83847;24779;99597
214,192,1.000000,0,2183,2183,192,2092,383789,PASS,1,1,98740;18155;98729;60915;82451;66210;79011;83847;24779;99597
214,256,1.000000,0,2797,2797,256,2706,462179,PASS,1,1,98740;18155;98729;60915;82451;66210;79011;83847;24779;99597
214,384,1.000000,0,3795,3795,384,3704,663789,PASS,1,1,98740;18155;98729;60915;82451;66210;79011;83847;24779;99597
214,512,1.000000,0,4702,4702,512,4611,824778,PASS,1,1,98740;18155;98729;60915;82451;66210;79011;83847;24779;99597
215,10,0.700000,1,281,281,11,189,55169,PASS,1,1,36376;36493;48421;48777;56660;49342;36478;98548;85514;48620
215,16,0.800000,1,360,360,16,268,49840,PASS,1,1,11666;36376;36493;48421;48777;56660;49342;36478;98548;85514
215,24,0.800000,1,510,510,24,418,71760,PASS,1,1,11666;36376;36493;48421;48777;56660;49342;36478;98548;85514
215,32,0.800000,1,589,589,32,497,79349,PASS,1,1,11666;36376;36493;48421;48777;56660;49342;36478;98548;85514
215,48,1.000000,0,818,818,48,726,120430,PASS,1,1,11666;36376;36493;48421;48777;56660;49342;75183;6523;36478
215,64,1.000000,0,1089,1089,64,997,162090,PASS,1,1,11666;36376;36493;48421;48777;56660;49342;75183;6523;36478
215,96,1.000000,0,1448,1448,97,1356,225719,PASS,1,1,11666;36376;36493;48421;48777;56660;49342;75183;6523;36478
215,128,1.000000,0,1743,1743,132,1651,267699,PASS,1,1,11666;36376;36493;48421;48777;56660;49342;75183;6523;36478
215,192,1.000000,0,2163,2163,192,2071,357389,PASS,1,1,11666;36376;36493;48421;48777;56660;49342;75183;6523;36478
215,256,1.000000,0,2659,2659,256,2567,451108,PASS,1,1,11666;36376;36493;48421;48777;56660;49342;75183;6523;36478
215,384,1.000000,0,3484,3484,384,3392,685228,PASS,1,1,11666;36376;36493;48421;48777;56660;49342;75183;6523;36478
215,512,1.000000,0,4242,4242,512,4150,762988,PASS,1,1,11666;36376;36493;48421;48777;56660;49342;75183;6523;36478
216,10,0.600000,1,189,189,10,101,31130,PASS,1,1,7748;27349;29658;89266;12676;88586;14535;10470;4054;14492
216,16,0.700000,1,347,347,20,259,45420,PASS,1,1,7748;27349;29658;89266;47548;12676;88586;96841;14535;27026
216,24,0.900000,0,389,389,26,301,49400,PASS,1,1,7748;27349;29658;89266;47548;99459;40282;12676;88586;96841
216,32,0.900000,0,468,468,32,380,63360,PASS,1,1,7748;27349;29658;89266;47548;99459;40282;12676;88586;96841
216,48,1.000000,0,666,666,48,578,95489,PASS,1,1,7748;27349;29658;89266;47548;99459;40282;12676;39772;88586
216,64,1.000000,0,796,796,64,708,115420,PASS,1,1,7748;27349;29658;89266;47548;99459;40282;12676;39772;88586
216,96,1.000000,0,1072,1072,97,984,166670,PASS,1,1,7748;27349;29658;89266;47548;99459;40282;12676;39772;88586
216,128,1.000000,0,1331,1331,128,1243,205319,PASS,1,1,7748;27349;29658;89266;47548;99459;40282;12676;39772;88586
216,192,1.000000,0,1751,1751,192,1663,288080,PASS,1,1,7748;27349;29658;89266;47548;99459;40282;12676;39772;88586
216,256,1.000000,0,2153,2153,257,2065,359359,PASS,1,1,7748;27349;29658;89266;47548;99459;40282;12676;39772;88586
216,384,1.000000,0,2866,2866,384,2778,512729,PASS,1,1,7748;27349;29658;89266;47548;99459;40282;12676;39772;88586
216,512,1.000000,0,3509,3509,512,3421,624868,PASS,1,1,7748;27349;29658;89266;47548;99459;40282;12676;39772;88586
217,10,0.700000,1,343,343,16,268,69680,PASS,1,1,52060;74143;26315;75654;65431;21913;21915;97128;9803;36961
217,16,0.900000,0,432,432,20,357,58510,PASS,1,1,52060;18570;74143;26315;75654;65431;21913;21915;66002;97128
217,24,0.900000,0,500,500,27,425,68630,PASS,1,1,52060;18570;74143;26315;75654;65431;21913;21915;66002;97128
217,32,0.900000,0,634,634,35,559,91400,PASS,1,1,52060;18570;74143;26315;75654;65431;21913;21915;66002;97128
217,48,1.000000,0,820,820,50,745,124540,PASS,1,1,52060;18570;74143;26315;75654;65431;21913;21915;36752;66002
217,64,1.000000,0,1015,1015,66,940,150269,PASS,1,1,52060;18570;74143;26315;75654;65431;21913;21915;36752;66002
217,96,1.000000,0,1425,1425,98,1350,226029,PASS,1,1,52060;18570;74143;26315;75654;65431;21913;21915;36752;66002
217,128,1.000000,0,1774,1774,130,1699,276090,PASS,1,1,52060;18570;74143;26315;75654;65431;21913;21915;36752;66002
217,192,1.000000,0,2388,2388,193,2313,403849,PASS,1,1,52060;18570;74143;26315;75654;65431;21913;21915;36752;66002
217,256,1.000000,0,2911,2911,256,2836,483888,PASS,1,1,52060;18570;74143;26315;75654;65431;21913;21915;36752;66002
217,384,1.000000,0,3977,3977,384,3902,708208,PASS,1,1,52060;18570;74143;26315;75654;65431;21913;21915;36752;66002
217,512,1.000000,0,4998,4998,513,4923,876538,PASS,1,1,52060;18570;74143;26315;75654;65431;21913;21915;36752;66002
218,10,0.500000,1,294,294,11,187,61409,PASS,1,1,96752;97101;73231;70050;78286;80269;15138;59021;61565;62231
218,16,0.800000,1,402,402,18,295,58020,PASS,1,1,96752;97101;73231;70050;70232;99047;72164;78286;80269;72400
218,24,1.000000,0,533,533,26,426,76420,PASS,1,1,3309;79273;96752;97101;73231;70050;70232;99047;72164;78286
218,32,1.000000,0,609,609,33,502,82489,PASS,1,1,3309;79273;96752;97101;73231;70050;70232;99047;72164;78286
218,48,1.000000,0,765,765,49,658,115830,PASS,1,1,3309;79273;96752;97101;73231;70050;70232;99047;72164;78286
218,64,1.000000,0,891,891,65,784,130549,PASS,1,1,3309;79273;96752;97101;73231;70050;70232;99047;72164;78286
218,96,1.000000,0,1190,1190,96,1083,193829,PASS,1,1,3309;79273;96752;97101;73231;70050;70232;99047;72164;78286
218,128,1.000000,0,1435,1435,128,1328,227779,PASS,1,1,3309;79273;96752;97101;73231;70050;70232;99047;72164;78286
218,192,1.000000,0,1866,1866,192,1759,317499,PASS,1,1,3309;79273;96752;97101;73231;70050;70232;99047;72164;78286
218,256,1.000000,0,2316,2316,256,2209,392728,PASS,1,1,3309;79273;96752;97101;73231;70050;70232;99047;72164;78286
218,384,1.000000,0,3176,3176,384,3069,582019,PASS,1,1,3309;79273;96752;97101;73231;70050;70232;99047;72164;78286
218,512,1.000000,0,3856,3856,512,3749,688718,PASS,1,1,3309;79273;96752;97101;73231;70050;70232;99047;72164;78286
219,10,0.700000,1,447,447,20,360,90740,PASS,1,1,9774;12544;60867;64889;75080;76181;73593;9916;41002;41009
219,16,0.700000,1,459,459,22,372,55860,PASS,1,1,9774;12544;60867;64889;75080;76181;73593;9916;41002;41009
219,24,1.000000,0,565,565,30,478,79959,PASS,1,1,36194;9774;12544;36328;60867;58046;64889;75080;76181;73593
219,32,1.000000,0,656,656,36,569,91040,PASS,1,1,36194;9774;12544;36328;60867;58046;64889;75080;76181;73593
219,48,1.000000,0,828,828,51,741,124189,PASS,1,1,36194;9774;12544;36328;60867;58046;64889;75080;76181;73593
219,64,1.000000,0,1046,1046,66,959,162820,PASS,1,1,36194;9774;12544;36328;60867;58046;64889;75080;76181;73593
219,96,1.000000,0,1411,1411,98,1324,227260,PASS,1,1,36194;9774;12544;36328;60867;58046;64889;75080;76181;73593
219,128,1.000000,0,1835,1835,131,1748,292359,PASS,1,1,36194;9774;12544;36328;60867;58046;64889;75080;76181;73593
219,192,1.000000,0,2477,2477,192,2390,412509,PASS,1,1,36194;9774;12544;36328;60867;58046;64889;75080;76181;73593
219,256,1.000000,0,3048,3048,256,2961,499949,PASS,1,1,36194;9774;12544;36328;60867;58046;64889;75080;76181;73593
219,384,1.000000,0,4015,4015,384,3928,709228,PASS,1,1,36194;9774;12544;36328;60867;58046;64889;75080;76181;73593
219,512,1.000000,0,4973,4973,512,4886,865618,PASS,1,1,36194;9774;12544;36328;60867;58046;64889;75080;76181;73593
220,10,0.800000,1,270,270,12,204,52280,PASS,1,1,12862;17020;85074;91355;17241;16418;37336;75911;12915;37195
220,16,0.900000,0,385,385,18,319,56710,PASS,1,1,12862;17020;85074;91355;17241;16418;78050;37336;75911;12915
220,24,0.900000,0,519,519,26,453,74380,PASS,1,1,12862;17020;85074;91355;17241;16418;78050;37336;75911;12915
220,32,0.900000,0,713,713,37,647,101129,PASS,1,1,12862;17020;85074;91355;17241;16418;78050;37336;75911;12915
220,48,1.000000,0,921,921,51,855,125730,PASS,1,1,12862;17020;85074;91355;81749;17241;16418;78050;37336;75911
220,64,1.000000,0,1098,1098,66,1032,151460,PASS,1,1,12862;17020;85074;91355;81749;17241;16418;78050;37336;75911
220,96,1.000000,0,1526,1526,98,1460,249219,PASS,1,1,12862;17020;85074;91355;81749;17241;16418;78050;37336;75911
220,128,1.000000,0,1915,1915,130,1849,287969,PASS,1,1,12862;17020;85074;91355;81749;17241;16418;78050;37336;75911
220,192,1.000000,0,2656,2656,193,2590,422788,PASS,1,1,12862;17020;85074;91355;81749;17241;16418;78050;37336;75911
220,256,1.000000,0,3354,3354,256,3288,530839,PASS,1,1,12862;17020;85074;91355;81749;17241;16418;78050;37336;75911
220,384,1.000000,0,4599,4599,384,4533,778228,PASS,1,1,12862;17020;85074;91355;81749;17241;16418;78050;37336;75911
220,512,1.000000,0,5705,5705,512,5639,956257,PASS,1,1,12862;17020;85074;91355;81749;17241;16418;78050;37336;75911
221,10,0.800000,1,342,342,14,257,70780,PASS,1,1,36806;99320;10899;20496;37205;3528;35882;65863;28953;15275
221,16,0.800000,1,454,454,20,369,65670,PASS,1,1,36806;99320;10899;20496;37205;3528;35882;65863;28953;15275
221,24,0.900000,0,588,588,28,503,84520,PASS,1,1,36806;99320;10899;20496;37205;3528;35882;65863;64062;28953
221,32,0.900000,0,690,690,36,605,95519,PASS,1,1,36806;99320;10899;20496;37205;3528;35882;65863;64062;28953
221,48,1.000000,0,887,887,52,802,137330,PASS,1,1,36806;99320;10899;20496;37205;3528;35882;65863;99559;64062
221,64,1.000000,0,1067,1067,66,982,160240,PASS,1,1,36806;99320;10899;20496;37205;3528;35882;65863;99559;64062
221,96,1.000000,0,1378,1378,97,1293,220249,PASS,1,1,36806;99320;10899;20496;37205;3528;35882;65863;99559;64062
221,128,1.000000,0,1683,1683,129,1598,266710,PASS,1,1,36806;99320;10899;20496;37205;3528;35882;65863;99559;64062
221,192,1.000000,0,2155,2155,192,2070,360779,PASS,1,1,36806;99320;10899;20496;37205;3528;35882;65863;99559;64062
221,256,1.000000,0,2534,2534,256,2449,417319,PASS,1,1,36806;99320;10899;20496;37205;3528;35882;65863;99559;64062
221,384,1.000000,0,3225,3225,384,3140,573608,PASS,1,1,36806;99320;10899;20496;37205;3528;35882;65863;99559;64062
221,512,1.000000,0,3839,3839,512,3754,680708,PASS,1,1,36806;99320;10899;20496;37205;3528;35882;65863;99559;64062
222,10,0.900000,0,396,396,15,285,83559,PASS,1,1,24869;33576;550;79385;59220;58719;64801;58974;66706;4957
222,16,0.900000,0,442,442,18,331,54990,PASS,1,1,24869;33576;550;79385;59220;58719;64801;58974;66706;4957
222,24,1.000000,0,549,549,24,438,76070,PASS,1,1,24869;33576;550;59886;79385;59220;58719;64801;58974;66706
222,32,1.000000,0,656,656,32,545,90260,PASS,1,1,24869;33576;550;59886;79385;59220;58719;64801;58974;66706
222,48,1.000000,0,877,877,48,766,131820,PASS,1,1,24869;33576;550;59886;79385;59220;58719;64801;58974;66706
222,64,1.000000,0,1060,1060,64,949,155740,PASS,1,1,24869;33576;550;59886;79385;59220;58719;64801;58974;66706
222,96,1.000000,0,1402,1402,96,1291,222080,PASS,1,1,24869;33576;550;59886;79385;59220;58719;64801;58974;66706
222,128,1.000000,0,1749,1749,129,1638,274220,PASS,1,1,24869;33576;550;59886;79385;59220;58719;64801;58974;66706
222,192,1.000000,0,2336,2336,192,2225,391949,PASS,1,1,24869;33576;550;59886;79385;59220;58719;64801;58974;66706
222,256,1.000000,0,2965,2965,256,2854,493009,PASS,1,1,24869;33576;550;59886;79385;59220;58719;64801;58974;66706
222,384,1.000000,0,3954,3954,384,3843,713658,PASS,1,1,24869;33576;550;59886;79385;59220;58719;64801;58974;66706
222,512,1.000000,0,4906,4906,512,4795,876857,PASS,1,1,24869;33576;550;59886;79385;59220;58719;64801;58974;66706
223,10,0.900000,0,229,229,11,128,46850,PASS,1,1,44019;22596;6295;6483;22471;35039;6691;44063;6315;36035
223,16,0.900000,0,262,262,17,161,35190,PASS,1,1,44019;22596;6295;6483;22471;35039;6691;44063;6315;36035
223,24,0.900000,0,333,333,24,232,48329,PASS,1,1,44019;22596;6295;6483;22471;35039;6691;44063;6315;36035
223,32,1.000000,0,432,432,33,331,63560,PASS,1,1,44019;22596;6295;6483;51608;22471;35039;6691;44063;6315
223,48,1.000000,0,506,506,48,405,74530,PASS,1,1,44019;22596;6295;6483;51608;22471;35039;6691;44063;6315
223,64,1.000000,0,623,623,64,522,94709,PASS,1,1,44019;22596;6295;6483;51608;22471;35039;6691;44063;6315
223,96,1.000000,0,849,849,96,748,144380,PASS,1,1,44019;22596;6295;6483;51608;22471;35039;6691;44063;6315
223,128,1.000000,0,1051,1051,128,950,175370,PASS,1,1,44019;22596;6295;6483;51608;22471;35039;6691;44063;6315
223,192,1.000000,0,1343,1343,192,1242,238590,PASS,1,1,44019;22596;6295;6483;51608;22471;35039;6691;44063;6315
223,256,1.000000,0,1593,1593,256,1492,282249,PASS,1,1,44019;22596;6295;6483;51608;22471;35039;6691;44063;6315
223,384,1.000000,0,2157,2157,384,2056,423569,PASS,1,1,44019;22596;6295;6483;51608;22471;35039;6691;44063;6315
223,512,1.000000,0,2641,2641,512,2540,519848,PASS,1,1,44019;22596;6295;6483;51608;22471;35039;6691;44063;6315
224,10,0.900000,0,238,238,13,180,51490,PASS,1,1,83367;55851;55748;82715;84270;90803;28127;99344;42184;63455
224,16,1.000000,0,319,319,19,261,48080,PASS,1,1,83367;55851;55748;73618;82715;84270;90803;28127;99344;42184
224,24,1.000000,0,398,398,27,340,60079,PASS,1,1,83367;55851;55748;73618;82715;84270;90803;28127;99344;42184
224,32,1.000000,0,498,498,35,440,74980,PASS,1,1,83367;55851;55748;73618;82715;84270;90803;28127;99344;42184
224,48,1.000000,0,648,648,50,590,100159,PASS,1,1,83367;55851;55748;73618;82715;84270;90803;28127;99344;42184
224,64,1.000000,0,781,781,66,723,119160,PASS,1,1,83367;55851;55748;73618;82715;84270;90803;28127;99344;42184
224,96,1.000000,0,1027,1027,98,969,177799,PASS,1,1,83367;55851;55748;73618;82715;84270;90803;28127;99344;42184
224,128,1.000000,0,1291,1291,130,1233,210389,PASS,1,1,83367;55851;55748;73618;82715;84270;90803;28127;99344;42184
224,192,1.000000,0,1771,1771,194,1713,305550,PASS,1,1,83367;55851;55748;73618;82715;84270;90803;28127;99344;42184
224,256,1.000000,0,2178,2178,258,2120,369159,PASS,1,1,83367;55851;55748;73618;82715;84270;90803;28127;99344;42184
224,384,1.000000,0,2947,2947,386,2889,537928,PASS,1,1,83367;55851;55748;73618;82715;84270;90803;28127;99344;42184
224,512,1.000000,0,3660,3660,514,3602,663288,PASS,1,1,83367;55851;55748;73618;82715;84270;90803;28127;99344;42184
225,10,0.500000,1,268,268,11,166,56850,PASS,1,1,65576;61440;23579;89907;69170;23680;69497;24372;24331;10575
225,16,0.800000,1,431,431,21,329,66800,PASS,1,1,65576;20933;62764;98886;61440;23579;89907;69170;23680;69497
225,24,0.800000,1,466,466,24,364,59730,PASS,1,1,65576;20933;62764;98886;61440;23579;89907;69170;23680;69497
225,32,0.800000,1,585,585,32,483,84340,PASS,1,1,65576;20933;62764;98886;61440;23579;89907;69170;23680;69497
225,48,0.800000,1,815,815,48,713,127040,PASS,1,1,65576;20933;62764;98886;61440;23579;89907;69170;23680;69497
225,64,0.800000,1,1040,1040,64,938,156610,PASS,1,1,65576;20933;62764;98886;61440;23579;89907;69170;23680;69497
225,96,0.900000,0,1398,1398,100,1296,223210,PASS,1,1,65576;20933;62764;98886;61440;23579;89907;69170;11624;69497
225,128,0.900000,0,1745,1745,128,1643,269829,PASS,1,1,65576;20933;62764;98886;61440;23579;89907;69170;11624;69497
225,192,0.900000,0,2466,2466,193,2364,415748,PASS,1,1,65576;20933;62764;98886;61440;23579;89907;69170;11624;69497
225,256,1.000000,0,3102,3102,256,3000,513239,PASS,1,1,65576;20933;28964;62764;98886;61440;23579;89907;69170;11624
225,384,1.000000,0,4248,4248,384,4146,773027,PASS,1,1,65576;20933;28964;62764;98886;61440;23579;89907;69170;11624
225,512,1.000000,0,5460,5460,512,5358,967297,PASS,1,1,65576;20933;28964;62764;98886;61440;23579;89907;69170;11624
226,10,0.700000,1,385,385,16,291,79900,PASS,1,1,91827;28922;77859;93526;4045;67592;1880;91398;69494;15365
226,16,0.800000,1,457,457,20,363,62130,PASS,1,1,91827;28922;77859;93526;4045;67592;1880;72198;91398;69494
226,24,1.000000,0,563,563,27,469,79790,PASS,1,1,91827;28922;77859;93526;4045;67592;1880;70665;82325;72198
226,32,1.000000,0,661,661,34,567,92050,PASS,1,1,91827;28922;77859;93526;4045;67592;1880;70665;82325;72198
226,48,1.000000,0,827,827,50,733,122660,PASS,1,1,91827;28922;77859;93526;4045;67592;1880;70665;82325;72198
226,64,1.000000,0,1027,1027,66,933,156130,PASS,1,1,91827;28922;77859;93526;4045;67592;1880;70665;82325;72198
226,96,1.000000,0,1347,1347,98,1253,209940,PASS,1,1,91827;28922;77859;93526;4045;67592;1880;70665;82325;72198
226,128,1.000000,0,1675,1675,128,1581,267420,PASS,1,1,91827;28922;77859;93526;4045;67592;1880;70665;82325;72198
226,192,1.000000,0,2185,2185,192,2091,363269,PASS,1,1,91827;28922;77859;93526;4045;67592;1880;70665;82325;72198
226,256,1.000000,0,2685,2685,256,2591,445119,PASS,1,1,91827;28922;77859;93526;4045;67592;1880;70665;82325;72198
226,384,1.000000,0,3623,3623,384,3529,645858,PASS,1,1,91827;28922;77859;93526;4045;67592;1880;70665;82325;72198
226,512,1.000000,0,4446,4446,512,4352,784788,PASS,1,1,91827;28922;77859;93526;4045;67592;1880;70665;82325;72198
227,10,0.300000,1,244,244,12,119,44440,PASS,1,1,5668;74153;63155;42591;42510;42707;75394;41752;43456;42390
227,16,0.900000,0,494,494,32,369,73939,PASS,1,1,31886;5668;36774;93166;6309;74153;63155;42997;3516;36460
227,24,0.900000,0,506,506,33,381,64530,PASS,1,1,31886;5668;36774;93166;6309;74153;63155;42997;3516;36460
227,32,0.900000,0,573,573,39,448,75650,PASS,1,1,31886;5668;36774;93166;6309;74153;63155;42997;3516;36460
227,48,0.900000,0,665,665,50,540,92560,PASS,1,1,31886;5668;36774;93166;6309;74153;63155;42997;3516;36460
227,64,0.900000,0,826,826,64,701,120749,PASS,1,1,31886;5668;36774;93166;6309;74153;63155;42997;3516;36460
227,96,0.900000,0,1121,1121,96,996,179910,PASS,1,1,31886;5668;36774;93166;6309;74153;63155;42997;3516;36460
227,128,1.000000,0,1370,1370,129,1245,211589,PASS,1,1,31886;5668;36774;73022;93166;6309;74153;63155;42997;3516
227,192,1.000000,0,1899,1899,192,1774,317759,PASS,1,1,31886;5668;36774;73022;93166;6309;74153;63155;42997;3516
227,256,1.000000,0,2350,2350,256,2225,397079,PASS,1,1,31886;5668;36774;73022;93166;6309;74153;63155;42997;3516
227,384,1.000000,0,3258,3258,384,3133,579408,PASS,1,1,31886;5668;36774;73022;93166;6309;74153;63155;42997;3516
227,512,1.000000,0,3997,3997,512,3872,705278,PASS,1,1,31886;5668;36774;73022;93166;6309;74153;63155;42997;3516
228,10,1.000000,0,255,255,10,153,53240,PASS,1,1,38260;39280;92063;99913;73384;44960;89471;56941;72316;35870
228,16,1.000000,0,319,319,16,217,43020,PASS,1,1,38260;39280;92063;99913;73384;44960;89471;56941;72316;35870
228,24,1.000000,0,412,412,24,310,57679,PASS,1,1,38260;39280;92063;99913;73384;44960;89471;56941;72316;35870
228,32,1.000000,0,508,508,32,406,70900,PASS,1,1,38260;39280;92063;99913;73384;44960;89471;56941;72316;35870
228,48,1.000000,0,717,717,48,615,113470,PASS,1,1,38260;39280;92063;99913;73384;44960;89471;56941;72316;35870
228,64,1.000000,0,888,888,64,786,131790,PASS,1,1,38260;39280;92063;99913;73384;44960;89471;56941;72316;35870
228,96,1.000000,0,1226,1226,96,1124,200859,PASS,1,1,38260;39280;92063;99913;73384;44960;89471;56941;72316;35870
228,128,1.000000,0,1468,1468,128,1366,229179,PASS,1,1,38260;39280;92063;99913;73384;44960;89471;56941;72316;35870
228,192,1.000000,0,2020,2020,192,1918,350959,PASS,1,1,38260;39280;92063;99913;73384;44960;89471;56941;72316;35870
228,256,1.000000,0,2443,2443,256,2341,413519,PASS,1,1,38260;39280;92063;99913;73384;44960;89471;56941;72316;35870
228,384,1.000000,0,3303,3303,384,3201,601358,PASS,1,1,38260;39280;92063;99913;73384;44960;89471;56941;72316;35870
228,512,1.000000,0,3998,3998,512,3896,730268,PASS,1,1,38260;39280;92063;99913;73384;44960;89471;56941;72316;35870
229,10,0.900000,0,364,364,12,267,67210,PASS,1,1,87160;56581;83555;92844;92283;87902;81878;91651;89223;97671
229,16,0.900000,0,443,443,17,346,58880,PASS,1,1,87160;56581;83555;92844;92283;87902;81878;91651;89223;97671
229,24,1.000000,0,582,582,25,485,81600,PASS,1,1,87160;56581;83555;92844;92283;87902;81878;91651;89223;55285
229,32,1.000000,0,721,721,33,624,98399,PASS,1,1,87160;56581;83555;92844;92283;87902;81878;91651;89223;55285
229,48,1.000000,0,956,956,49,859,140680,PASS,1,1,87160;56581;83555;92844;92283;87902;81878;91651;89223;55285
229,64,1.000000,0,1127,1127,65,1030,159890,PASS,1,1,87160;56581;83555;92844;92283;87902;81878;91651;89223;55285
229,96,1.000000,0,1433,1433,97,1336,218209,PASS,1,1,87160;56581;83555;92844;92283;87902;81878;91651;89223;55285
229,128,1.000000,0,1705,1705,128,1608,256190,PASS,1,1,87160;56581;83555;92844;92283;87902;81878;91651;89223;55285
229,192,1.000000,0,2398,2398,192,2301,398119,PASS,1,1,87160;56581;83555;92844;92283;87902;81878;91651;89223;55285
229,256,1.000000,0,2904,2904,256,2807,473769,PASS,1,1,87160;56581;83555;92844;92283;87902;81878;91651;89223;55285
229,384,1.000000,0,3739,3739,384,3642,642288,PASS,1,1,87160;56581;83555;92844;92283;87902;81878;91651;89223;55285
229,512,1.000000,0,4574,4574,512,4477,786368,PASS,1,1,87160;56581;83555;92844;92283;87902;81878;91651;89223;55285
230,10,0.600000,1,248,248,10,174,50220,PASS,1,1,96260;2838;92670;3601;2951;3374;9215;63742;62584;7972
230,16,0.900000,0,410,410,20,336,65420,PASS,1,1,24827;96260;2838;92670;24802;3601;2951;22085;3374;85047
230,24,0.900000,0,547,547,27,473,80240,PASS,1,1,24827;96260;2838;92670;24802;3601;2951;22085;3374;85047
230,32,0.900000,0,632,632,33,558,87250,PASS,1,1,24827;96260;2838;92670;24802;3601;2951;22085;3374;85047
230,48,1.000000,0,899,899,49,825,140129,PASS,1,1,24827;96260;2838;92670;24802;3601;2951;2134;22085;3374
230,64,1.000000,0,1125,1125,64,1051,169029,PASS,1,1,24827;96260;2838;92670;24802;3601;2951;2134;22085;3374
230,96,1.000000,0,1524,1524,96,1450,246909,PASS,1,1,24827;96260;2838;92670;24802;3601;2951;2134;22085;3374
230,128,1.000000,0,1863,1863,128,1789,293490,PASS,1,1,24827;96260;2838;92670;24802;3601;2951;2134;22085;3374
230,192,1.000000,0,2549,2549,192,2475,431149,PASS,1,1,24827;96260;2838;92670;24802;3601;2951;2134;22085;3374
230,256,1.000000,0,3172,3172,256,3098,522319,PASS,1,1,24827;96260;2838;92670;24802;3601;2951;2134;22085;3374
230,384,1.000000,0,4315,4315,384,4241,759847,PASS,1,1,24827;96260;2838;92670;24802;3601;2951;2134;22085;3374
230,512,1.000000,0,5299,5299,512,5225,909297,PASS,1,1,24827;96260;2838;92670;24802;3601;2951;2134;22085;3374
231,10,0.900000,0,271,271,12,189,43370,PASS,1,1,68014;26521;21560;4114;21750;22953;23384;3570;7509;74852
231,16,1.000000,0,353,353,17,271,45079,PASS,1,1,68014;26521;21560;4114;21750;22953;23384;76986;3570;7509
231,24,1.000000,0,433,433,25,351,55330,PASS,1,1,68014;26521;21560;4114;21750;22953;23384;76986;3570;7509
231,32,1.000000,0,533,533,33,451,71300,PASS,1,1,68014;26521;21560;4114;21750;22953;23384;76986;3570;7509
231,48,1.000000,0,706,706,48,624,97250,PASS,1,1,68014;26521;21560;4114;21750;22953;23384;76986;3570;7509
231,64,1.000000,0,896,896,64,814,125100,PASS,1,1,68014;26521;21560;4114;21750;22953;23384;76986;3570;7509
231,96,1.000000,0,1189,1189,96,1107,181430,PASS,1,1,68014;26521;21560;4114;21750;22953;23384;76986;3570;7509
231,128,1.000000,0,1583,1583,128,1501,237240,PASS,1,1,68014;26521;21560;4114;21750;22953;23384;76986;3570;7509
231,192,1.000000,0,2193,2193,192,2111,351639,PASS,1,1,68014;26521;21560;4114;21750;22953;23384;76986;3570;7509
231,256,1.000000,0,2727,2727,256,2645,433869,PASS,1,1,68014;26521;21560;4114;21750;22953;23384;76986;3570;7509
231,384,1.000000,0,3741,3741,384,3659,636069,PASS,1,1,68014;26521;21560;4114;21750;22953;23384;76986;3570;7509
231,512,1.000000,0,4634,4634,512,4552,782438,PASS,1,1,68014;26521;21560;4114;21750;22953;23384;76986;3570;7509
232,10,1.000000,0,289,289,13,163,59120,PASS,1,1,97347;25045;51626;64331;43708;95752;6006;25296;46392;6779
232,16,1.000000,0,323,323,17,197,42610,PASS,1,1,97347;25045;51626;64331;43708;95752;6006;25296;46392;6779
232,24,1.000000,0,399,399,25,273,58280,PASS,1,1,97347;25045;51626;64331;43708;95752;6006;25296;46392;6779
232,32,1.000000,0,452,452,32,326,62700,PASS,1,1,97347;25045;51626;64331;43708;95752;6006;25296;46392;6779
232,48,1.000000,0,595,595,48,469,91360,PASS,1,1,97347;25045;51626;64331;43708;95752;6006;25296;46392;6779
232,64,1.000000,0,742,742,64,616,113280,PASS,1,1,97347;25045;51626;64331;43708;95752;6006;25296;46392;6779
232,96,1.000000,0,943,943,96,817,148790,PASS,1,1,97347;25045;51626;64331;43708;95752;6006;25296;46392;6779
232,128,1.000000,0,1198,1198,128,1072,193820,PASS,1,1,97347;25045;51626;64331;43708;95752;6006;25296;46392;6779
232,192,1.000000,0,1574,1574,192,1448,270590,PASS,1,1,97347;25045;51626;64331;43708;95752;6006;25296;46392;6779
232,256,1.000000,0,1914,1914,256,1788,325979,PASS,1,1,97347;25045;51626;64331;43708;95752;6006;25296;46392;6779
232,384,1.000000,0,2527,2527,384,2401,466249,PASS,1,1,97347;25045;51626;64331;43708;95752;6006;25296;46392;6779
232,512,1.000000,0,3304,3304,512,3178,624288,PASS,1,1,97347;25045;51626;64331;43708;95752;6006;25296;46392;6779
233,10,1.000000,0,281,281,10,188,57899,PASS,1,1,43601;25130;59120;58935;77605;78848;33277;31858;32297;21696
233,16,1.000000,0,346,346,16,253,46640,PASS,1,1,43601;25130;59120;58935;77605;78848;33277;31858;32297;21696
233,24,1.000000,0,484,484,25,391,71270,PASS,1,1,43601;25130;59120;58935;77605;78848;33277;31858;32297;21696
233,32,1.000000,0,562,562,32,469,75979,PASS,1,1,43601;25130;59120;58935;77605;78848;33277;31858;32297;21696
233,48,1.000000,0,727,727,48,634,107930,PASS,1,1,43601;25130;59120;58935;77605;78848;33277;31858;32297;21696
233,64,1.000000,0,839,839,64,746,121119,PASS,1,1,43601;25130;59120;58935;77605;78848;33277;31858;32297;21696
233,96,1.000000,0,1158,1158,96,1065,187819,PASS,1,1,43601;25130;59120;58935;77605;78848;33277;31858;32297;21696
233,128,1.000000,0,1438,1438,128,1345,228739,PASS,1,1,43601;25130;59120;58935;77605;78848;33277;31858;32297;21696
233,192,1.000000,0,1947,1947,192,1854,327559,PASS,1,1,43601;25130;59120;58935;77605;78848;33277;31858;32297;21696
233,256,1.000000,0,2386,2386,256,2293,393799,PASS,1,1,43601;25130;59120;58935;77605;78848;33277;31858;32297;21696
233,384,1.000000,0,3192,3192,384,3099,567158,PASS,1,1,43601;25130;59120;58935;77605;78848;33277;31858;32297;21696
233,512,1.000000,0,3865,3865,512,3772,682768,PASS,1,1,43601;25130;59120;58935;77605;78848;33277;31858;32297;21696
234,10,0.800000,1,240,240,10,167,46470,PASS,1,1,15750;61513;64449;73941;67067;74530;431;62556;71009;77122
234,16,0.900000,0,293,293,16,220,39330,PASS,1,1,15750;61513;64449;73941;67067;74530;431;62556;63737;71009
234,24,0.900000,0,421,421,24,348,61819,PASS,1,1,15750;61513;64449;73941;67067;74530;431;62556;63737;71009
234,32,0.900000,0,528,528,32,455,72990,PASS,1,1,15750;61513;64449;73941;67067;74530;431;62556;63737;71009
234,48,0.900000,0,714,714,48,641,107229,PASS,1,1,15750;61513;64449;73941;67067;74530;431;62556;63737;71009
234,64,1.000000,0,899,899,64,826,133720,PASS,1,1,15750;61513;36566;64449;73941;67067;74530;431;62556;63737
234,96,1.000000,0,1252,1252,96,1179,200790,PASS,1,1,15750;61513;36566;64449;73941;67067;74530;431;62556;63737
234,128,1.000000,0,1577,1577,128,1504,253290,PASS,1,1,15750;61513;36566;64449;73941;67067;74530;431;62556;63737
234,192,1.000000,0,2171,2171,192,2098,363019,PASS,1,1,15750;61513;36566;64449;73941;67067;74530;431;62556;63737
234,256,1.000000,0,2773,2773,256,2700,461799,PASS,1,1,15750;61513;36566;64449;73941;67067;74530;431;62556;63737
234,384,1.000000,0,3903,3903,384,3830,685488,PASS,1,1,15750;61513;36566;64449;73941;67067;74530;431;62556;63737
234,512,1.000000,0,4824,4824,512,4751,842018,PASS,1,1,15750;61513;36566;64449;73941;67067;74530;431;62556;63737
235,10,0.900000,0,301,301,12,236,64809,PASS,1,1,20834;21600;3136;1467;1322;1150;20844;87913;15119;15096
235,16,0.900000,0,407,407,18,342,58760,PASS,1,1,20834;21600;3136;1467;1322;1150;20844;87913;15119;15096
235,24,1.000000,0,557,557,29,492,84620,PASS,1,1,20834;21600;3136;1467;1322;1150;20844;60471;87913;15119
235,32,1.000000,0,603,603,33,538,80620,PASS,1,1,20834;21600;3136;1467;1322;1150;20844;60471;87913;15119
235,48,1.000000,0,790,790,49,725,122040,PASS,1,1,20834;21600;3136;1467;1322;1150;20844;60471;87913;15119
235,64,1.000000,0,964,964,64,899,144520,PASS,1,1,20834;21600;3136;1467;1322;1150;20844;60471;87913;15119
235,96,1.000000,0,1352,1352,96,1287,223040,PASS,1,1,20834;21600;3136;1467;1322;1150;20844;60471;87913;15119
235,128,1.000000,0,1686,1686,128,1621,269879,PASS,1,1,20834;21600;3136;1467;1322;1150;20844;60471;87913;15119
235,192,1.000000,0,2340,2340,192,2275,399019,PASS,1,1,20834;21600;3136;1467;1322;1150;20844;60471;87913;15119
235,256,1.000000,0,2907,2907,256,2842,510388,PASS,1,1,20834;21600;3136;1467;1322;1150;20844;60471;87913;15119
235,384,1.000000,0,3939,3939,384,3874,710348,PASS,1,1,20834;21600;3136;1467;1322;1150;20844;60471;87913;15119
235,512,1.000000,0,4792,4792,512,4727,835898,PASS,1,1,20834;21600;3136;1467;1322;1150;20844;60471;87913;15119
236,10,0.900000,0,305,305,12,226,58640,PASS,1,1,36346;60602;55833;58438;15868;11845;36200;14474;67440;14201
236,16,0.900000,0,378,378,17,299,50519,PASS,1,1,36346;60602;55833;58438;15868;11845;36200;14474;67440;14201
236,24,0.900000,0,472,472,24,393,66310,PASS,1,1,36346;60602;55833;58438;15868;11845;36200;14474;67440;14201
236,32,1.000000,0,589,589,32,510,83740,PASS,1,1,36346;60602;55833;58438;15868;37493;11845;36200;14474;67440
236,48,1.000000,0,774,774,48,695,129689,PASS,1,1,36346;60602;55833;58438;15868;37493;11845;36200;14474;67440
236,64,1.000000,0,965,965,64,886,144069,PASS,1,1,36346;60602;55833;58438;15868;37493;11845;36200;14474;67440
236,96,1.000000,0,1242,1242,96,1163,196910,PASS,1,1,36346;60602;55833;58438;15868;37493;11845;36200;14474;67440
236,128,1.000000,0,1560,1560,128,1481,245029,PASS,1,1,36346;60602;55833;58438;15868;37493;11845;36200;14474;67440
236,192,1.000000,0,2038,2038,192,1959,333159,PASS,1,1,36346;60602;55833;58438;15868;37493;11845;36200;14474;67440
236,256,1.000000,0,2486,2486,256,2407,400519,PASS,1,1,36346;60602;55833;58438;15868;37493;11845;36200;14474;67440
236,384,1.000000,0,3373,3373,384,3294,590758,PASS,1,1,36346;60602;55833;58438;15868;37493;11845;36200;14474;67440
236,512,1.000000,0,4096,4096,512,4017,730118,PASS,1,1,36346;60602;55833;58438;15868;37493;11845;36200;14474;67440
237,10,1.000000,0,423,423,19,340,89339,PASS,1,1,23722;82593;82913;84772;23608;44395;43998;55588;23777;24254
237,16,1.000000,0,459,459,23,376,58130,PASS,1,1,23722;82593;82913;84772;23608;44395;43998;55588;23777;24254
237,24,1.000000,0,517,517,29,434,70930,PASS,1,1,23722;82593;82913;84772;23608;44395;43998;55588;23777;24254
237,32,1.000000,0,550,550,34,467,74689,PASS,1,1,23722;82593;82913;84772;23608;44395;43998;55588;23777;24254
237,48,1.000000,0,723,723,49,640,113630,PASS,1,1,23722;82593;82913;84772;23608;44395;43998;55588;23777;24254
237,64,1.000000,0,885,885,65,802,137280,PASS,1,1,23722;82593;82913;84772;23608;44395;43998;55588;23777;24254
237,96,1.000000,0,1172,1172,96,1089,194289,PASS,1,1,23722;82593;82913;84772;23608;44395;43998;55588;23777;24254
237,128,1.000000,0,1443,1443,128,1360,236300,PASS,1,1,23722;82593;82913;84772;23608;44395;43998;55588;23777;24254
237,192,1.000000,0,1951,1951,192,1868,340989,PASS,1,1,23722;82593;82913;84772;23608;44395;43998;55588;23777;24254
237,256,1.000000,0,2381,2381,257,2298,414619,PASS,1,1,23722;82593;82913;84772;23608;44395;43998;55588;23777;24254
237,384,1.000000,0,3163,3163,384,3080,571899,PASS,1,1,23722;82593;82913;84772;23608;44395;43998;55588;23777;24254
237,512,1.000000,0,3858,3858,513,3775,696458,PASS,1,1,23722;82593;82913;84772;23608;44395;43998;55588;23777;24254
238,10,0.900000,0,335,335,11,230,59750,PASS,1,1,13937;36526;15096;14291;1467;17356;20834;15614;1150;17549
238,16,1.000000,0,425,425,17,320,55020,PASS,1,1,13937;18207;36526;15096;14291;1467;17356;20834;15614;1150
238,24,1.000000,0,560,560,26,455,76610,PASS,1,1,13937;18207;36526;15096;14291;1467;17356;20834;15614;1150
238,32,1.000000,0,654,654,33,549,86520,PASS,1,1,13937;18207;36526;15096;14291;1467;17356;20834;15614;1150
238,48,1.000000,0,891,891,49,786,128830,PASS,1,1,13937;18207;36526;15096;14291;1467;17356;20834;15614;1150
238,64,1.000000,0,1062,1062,65,957,147290,PASS,1,1,13937;18207;36526;15096;14291;1467;17356;20834;15614;1150
238,96,1.000000,0,1405,1405,96,1300,212590,PASS,1,1,13937;18207;36526;15096;14291;1467;17356;20834;15614;1150
238,128,1.000000,0,1736,1736,128,1631,258070,PASS,1,1,13937;18207;36526;15096;14291;1467;17356;20834;15614;1150
238,192,1.000000,0,2315,2315,192,2210,374979,PASS,1,1,13937;18207;36526;15096;14291;1467;17356;20834;15614;1150
238,256,1.000000,0,2894,2894,256,2789,469388,PASS,1,1,13937;18207;36526;15096;14291;1467;17356;20834;15614;1150
238,384,1.000000,0,4010,4010,384,3905,696368,PASS,1,1,13937;18207;36526;15096;14291;1467;17356;20834;15614;1150
238,512,1.000000,0,4905,4905,512,4800,857948,PASS,1,1,13937;18207;36526;15096;14291;1467;17356;20834;15614;1150
239,10,0.500000,1,306,306,12,198,63210,PASS,1,1,11545;11701;65537;99788;20915;20882;73114;81324;67050;17497
239,16,0.700000,1,381,381,17,273,50800,PASS,1,1,11545;11701;95266;65537;99788;20915;64622;20882;73114;81324
239,24,0.700000,1,515,515,25,407,74740,PASS,1,1,11545;11701;95266;65537;99788;20915;64622;20882;73114;81324
239,32,1.000000,0,653,653,33,545,90960,PASS,1,1,11545;11701;37464;95266;65537;99788;20915;64622;21490;18103
239,48,1.000000,0,833,833,48,725,121230,PASS,1,1,11545;11701;37464;95266;65537;99788;20915;64622;21490;18103
239,64,1.000000,0,1092,1092,65,984,164069,PASS,1,1,11545;11701;37464;95266;65537;99788;20915;64622;21490;18103
239,96,1.000000,0,1571,1571,97,1463,253829,PASS,1,1,11545;11701;37464;95266;65537;99788;20915;64622;21490;18103
239,128,1.000000,0,1911,1911,129,1803,297289,PASS,1,1,11545;11701;37464;95266;65537;99788;20915;64622;21490;18103
239,192,1.000000,0,2657,2657,192,2549,460279,PASS,1,1,11545;11701;37464;95266;65537;99788;20915;64622;21490;18103
239,256,1.000000,0,3219,3219,256,3111,529168,PASS,1,1,11545;11701;37464;95266;65537;99788;20915;64622;21490;18103
239,384,1.000000,0,4448,4448,384,4340,789518,PASS,1,1,11545;11701;37464;95266;65537;99788;20915;64622;21490;18103
239,512,1.000000,0,5610,5610,512,5502,972397,PASS,1,1,11545;11701;37464;95266;65537;99788;20915;64622;21490;18103
240,10,0.900000,0,252,252,13,158,52790,PASS,1,1,39614;23792;41203;54185;39603;56379;23722;34704;96666;34741
240,16,0.900000,0,307,307,18,213,42140,PASS,1,1,39614;23792;41203;54185;39603;56379;23722;34704;96666;34741
240,24,0.900000,0,384,384,26,290,55170,PASS,1,1,39614;23792;41203;54185;39603;56379;23722;34704;96666;40705
240,32,1.000000,0,470,470,33,376,67529,PASS,1,1,39614;23792;41203;54185;39603;56379;23722;33664;34704;96666
240,48,1.000000,0,540,540,48,446,80810,PASS,1,1,39614;23792;41203;54185;39603;56379;23722;33664;34704;96666
240,64,1.000000,0,639,639,64,545,98240,PASS,1,1,39614;23792;41203;54185;39603;56379;23722;33664;34704;96666
240,96,1.000000,0,844,844,96,750,143630,PASS,1,1,39614;23792;41203;54185;39603;56379;23722;33664;34704;96666
240,128,1.000000,0,989,989,128,895,163550,PASS,1,1,39614;23792;41203;54185;39603;56379;23722;33664;34704;96666
240,192,1.000000,0,1303,1303,192,1209,238339,PASS,1,1,39614;23792;41203;54185;39603;56379;23722;33664;34704;96666
240,256,1.000000,0,1582,1582,256,1488,284469,PASS,1,1,39614;23792;41203;54185;39603;56379;23722;33664;34704;96666
240,384,1.000000,0,2017,2017,384,1923,390648,PASS,1,1,39614;23792;41203;54185;39603;56379;23722;33664;34704;96666
240,512,1.000000,0,2492,2492,512,2398,483569,PASS,1,1,39614;23792;41203;54185;39603;56379;23722;33664;34704;96666
241,10,0.900000,0,293,293,10,191,58230,PASS,1,1,46589;36145;46079;98627;36128;44370;45826;60824;19407;15305
241,16,1.000000,0,397,397,16,295,55289,PASS,1,1,46589;36145;46079;98627;36128;68356;44370;45826;60824;19407
241,24,1.000000,0,515,515,24,413,73010,PASS,1,1,46589;36145;46079;98627;36128;68356;44370;45826;60824;19407
241,32,1.000000,0,603,603,32,501,81730,PASS,1,1,46589;36145;46079;98627;36128;68356;44370;45826;60824;19407
241,48,1.000000,0,786,786,48,684,114980,PASS,1,1,46589;36145;46079;98627;36128;68356;44370;45826;60824;19407
241,64,1.000000,0,971,971,64,869,143689,PASS,1,1,46589;36145;46079;98627;36128;68356;44370;45826;60824;19407
241,96,1.000000,0,1290,1290,96,1188,205369,PASS,1,1,46589;36145;46079;98627;36128;68356;44370;45826;60824;19407
241,128,1.000000,0,1584,1584,128,1482,248069,PASS,1,1,46589;36145;46079;98627;36128;68356;44370;45826;60824;19407
241,192,1.000000,0,2142,2142,192,2040,360219,PASS,1,1,46589;36145;46079;98627;36128;68356;44370;45826;60824;19407
241,256,1.000000,0,2625,2625,256,2523,428009,PASS,1,1,46589;36145;46079;98627;36128;68356;44370;45826;60824;19407
241,384,1.000000,0,3376,3376,384,3274,592519,PASS,1,1,46589;36145;46079;98627;36128;68356;44370;45826;60824;19407
241,512,1.000000,0,4056,4056,512,3954,710408,PASS,1,1,46589;36145;46079;98627;36128;68356;44370;45826;60824;19407
242,10,1.000000,0,370,370,14,249,72610,PASS,1,1,18805;10766;4472;77605;41190;73542;25130;70012;95345;44478
242,16,1.000000,0,410,410,17,289,49940,PASS,1,1,18805;10766;4472;77605;41190;73542;25130;70012;95345;44478
242,24,1.000000,0,527,527,24,406,69899,PASS,1,1,18805;10766;4472;77605;41190;73542;25130;70012;95345;44478
242,32,1.000000,0,609,609,32,488,79340,PASS,1,1,18805;10766;4472;77605;41190;73542;25130;70012;95345;44478
242,48,1.000000,0,798,798,48,677,117859,PASS,1,1,18805;10766;4472;77605;41190;73542;25130;70012;95345;44478
242,64,1.000000,0,957,957,64,836,137960,PASS,1,1,18805;10766;4472;77605;41190;73542;25130;70012;95345;44478
242,96,1.000000,0,1309,1309,96,1188,230750,PASS,1,1,18805;10766;4472;77605;41190;73542;25130;70012;95345;44478
242,128,1.000000,0,1581,1581,128,1460,240999,PASS,1,1,18805;10766;4472;77605;41190;73542;25130;70012;95345;44478
242,192,1.000000,0,2009,2009,193,1888,326959,PASS,1,1,18805;10766;4472;77605;41190;73542;25130;70012;95345;44478
242,256,1.000000,0,2439,2439,256,2318,406859,PASS,1,1,18805;10766;4472;77605;41190;73542;25130;70012;95345;44478
242,384,1.000000,0,3255,3255,384,3134,586868,PASS,1,1,18805;10766;4472;77605;41190;73542;25130;70012;95345;44478
242,512,1.000000,0,3922,3922,512,3801,688758,PASS,1,1,18805;10766;4472;77605;41190;73542;25130;70012;95345;44478
243,10,0.700000,1,306,306,11,204,59130,PASS,1,1,94081;89385;12178;11853;86186;92820;94436;94210;83101;91645
243,16,0.900000,0,425,425,18,323,58350,PASS,1,1,94081;89385;12178;11853;86186;94349;92820;94436;14670;94210
243,24,1.000000,0,491,491,24,389,64899,PASS,1,1,94081;89385;12178;11853;94229;86186;94349;92820;94436;14670
243,32,1.000000,0,629,629,32,527,89430,PASS,1,1,94081;89385;12178;11853;94229;86186;94349;92820;94436;14670
243,48,1.000000,0,838,838,48,736,122829,PASS,1,1,94081;89385;12178;11853;94229;86186;94349;92820;94436;14670
243,64,1.000000,0,1050,1050,64,948,147290,PASS,1,1,94081;89385;12178;11853;94229;86186;94349;92820;94436;14670
243,96,1.000000,0,1410,1410,96,1308,214760,PASS,1,1,94081;89385;12178;11853;94229;86186;94349;92820;94436;14670
243,128,1.000000,0,1802,1802,128,1700,276759,PASS,1,1,94081;89385;12178;11853;94229;86186;94349;92820;94436;14670
243,192,1.000000,0,2462,2462,192,2360,399969,PASS,1,1,94081;89385;12178;11853;94229;86186;94349;92820;94436;14670
243,256,1.000000,0,3064,3064,256,2962,496258,PASS,1,1,94081;89385;12178;11853;94229;86186;94349;92820;94436;14670
243,384,1.000000,0,4097,4097,384,3995,700888,PASS,1,1,94081;89385;12178;11853;94229;86186;94349;92820;94436;14670
243,512,1.000000,0,5032,5032,512,4930,862967,PASS,1,1,94081;89385;12178;11853;94229;86186;94349;92820;94436;14670
244,10,0.900000,0,334,334,14,259,69340,PASS,1,1,73986;79126;76522;78306;48010;73795;76213;50400;99142;66220
244,16,0.900000,0,380,380,17,305,49260,PASS,1,1,73986;79126;76522;78306;48010;73795;76213;50400;99142;66220
244,24,0.900000,0,502,502,25,427,72019,PASS,1,1,73986;79126;76522;78306;48010;73795;76213;50400;99142;66220
244,32,1.000000,0,660,660,36,585,97470,PASS,1,1,73986;79126;76522;78306;48010;73795;76213;50400;99142;36855
244,48,1.000000,0,804,804,49,729,116879,PASS,1,1,73986;79126;76522;78306;48010;73795;76213;50400;99142;36855
244,64,1.000000,0,1019,1019,67,944,156039,PASS,1,1,73986;79126;76522;78306;48010;73795;76213;50400;99142;36855
244,96,1.000000,0,1377,1377,96,1302,218069,PASS,1,1,73986;79126;76522;78306;48010;73795;76213;50400;99142;36855
244,128,1.000000,0,1750,1750,128,1675,275669,PASS,1,1,73986;79126;76522;78306;48010;73795;76213;50400;99142;36855
244,192,1.000000,0,2383,2383,192,2308,402768,PASS,1,1,73986;79126;76522;78306;48010;73795;76213;50400;99142;36855
244,256,1.000000,0,2990,2990,256,2915,496719,PASS,1,1,73986;79126;76522;78306;48010;73795;76213;50400;99142;36855
244,384,1.000000,0,4073,4073,384,3998,724288,PASS,1,1,73986;79126;76522;78306;48010;73795;76213;50400;99142;36855
244,512,1.000000,0,5024,5024,512,4949,880997,PASS,1,1,73986;79126;76522;78306;48010;73795;76213;50400;99142;36855
245,10,0.200000,1,261,261,11,173,52920,PASS,1,1,3675;557;745;62825;16491;1957;3461;16904;69138;725
245,16,0.900000,0,507,507,27,419,83490,PASS,1,1,97272;97906;3675;4126;59855;4106;32301;17396;557;745
245,24,0.900000,0,534,534,28,446,70810,PASS,1,1,97272;97906;3675;4126;59855;4106;32301;17396;557;745
245,32,0.900000,0,603,603,32,515,80280,PASS,1,1,97272;97906;3675;4126;59855;4106;32301;17396;557;745
245,48,1.000000,0,817,817,48,729,124519,PASS,1,1,97272;97906;3675;10885;4126;59855;4106;32301;17396;557
245,64,1.000000,0,1061,1061,66,973,162419,PASS,1,1,97272;97906;3675;10885;4126;59855;4106;32301;17396;557
245,96,1.000000,0,1449,1449,96,1361,234419,PASS,1,1,97272;97906;3675;10885;4126;59855;4106;32301;17396;557
245,128,1.000000,0,1798,1798,131,1710,283579,PASS,1,1,97272;97906;3675;10885;4126;59855;4106;32301;17396;557
245,192,1.000000,0,2475,2475,192,2387,423489,PASS,1,1,97272;97906;3675;10885;4126;59855;4106;32301;17396;557
245,256,1.000000,0,3074,3074,256,2986,510098,PASS,1,1,97272;97906;3675;10885;4126;59855;4106;32301;17396;557
245,384,1.000000,0,4171,4171,384,4083,740328,PASS,1,1,97272;97906;3675;10885;4126;59855;4106;32301;17396;557
245,512,1.000000,0,5143,5143,512,5055,910248,PASS,1,1,97272;97906;3675;10885;4126;59855;4106;32301;17396;557
246,10,0.700000,1,424,424,16,353,80839,PASS,1,1,66328;12544;46424;74409;22468;13105;15744;46653;11381;13139
246,16,0.700000,1,491,491,20,420,62830,PASS,1,1,66328;12544;46424;74409;22468;13105;15744;46653;11381;13139
246,24,0.800000,1,595,595,28,524,80010,PASS,1,1,66328;12544;46424;74409;22468;13105;22716;15744;46653;11381
246,32,0.800000,1,720,720,36,649,100190,PASS,1,1,66328;12544;46424;74409;22468;13105;22716;15744;46653;11381
246,48,1.000000,0,939,939,51,868,139880,PASS,1,1,66328;12544;61030;46424;74409;22468;75914;13105;22716;15744
246,64,1.000000,0,1106,1106,65,1035,161400,PASS,1,1,66328;12544;61030;46424;74409;22468;75914;13105;22716;15744
246,96,1.000000,0,1510,1510,97,1439,241860,PASS,1,1,66328;12544;61030;46424;74409;22468;75914;13105;22716;15744
246,128,1.000000,0,1908,1908,129,1837,298549,PASS,1,1,66328;12544;61030;46424;74409;22468;75914;13105;22716;15744
246,192,1.000000,0,2572,2572,193,2501,427069,PASS,1,1,66328;12544;61030;46424;74409;22468;75914;13105;22716;15744
246,256,1.000000,0,3184,3184,257,3113,527369,PASS,1,1,66328;12544;61030;46424;74409;22468;75914;13105;22716;15744
246,384,1.000000,0,4207,4207,385,4136,736878,PASS,1,1,66328;12544;61030;46424;74409;22468;75914;13105;22716;15744
246,512,1.000000,0,5166,5166,512,5095,898258,PASS,1,1,66328;12544;61030;46424;74409;22468;75914;13105;22716;15744
247,10,0.900000,0,250,250,10,158,48450,PASS,1,1,94877;54529;94679;42882;30324;81797;94622;82503;48340;90499
247,16,1.000000,0,332,332,16,240,44400,PASS,1,1,94877;54529;94679;42882;85363;30324;81797;94622;82503;48340
247,24,1.000000,0,436,436,24,344,60289,PASS,1,1,94877;54529;94679;42882;85363;30324;81797;94622;82503;48340
247,32,1.000000,0,540,540,32,448,72020,PASS,1,1,94877;54529;94679;42882;85363;30324;81797;94622;82503;48340
247,48,1.000000,0,720,720,48,628,105500,PASS,1,1,94877;54529;94679;42882;85363;30324;81797;94622;82503;48340
247,64,1.000000,0,913,913,64,821,135340,PASS,1,1,94877;54529;94679;42882;85363;30324;81797;94622;82503;48340
247,96,1.000000,0,1290,1290,96,1198,204569,PASS,1,1,94877;54529;94679;42882;85363;30324;81797;94622;82503;48340
247,128,1.000000,0,1600,1600,128,1508,247429,PASS,1,1,94877;54529;94679;42882;85363;30324;81797;94622;82503;48340
247,192,1.000000,0,2158,2158,192,2066,355949,PASS,1,1,94877;54529;94679;42882;85363;30324;81797;94622;82503;48340
247,256,1.000000,0,2635,2635,256,2543,428439,PASS,1,1,94877;54529;94679;42882;85363;30324;81797;94622;82503;48340
247,384,1.000000,0,3403,3403,384,3311,603779,PASS,1,1,94877;54529;94679;42882;85363;30324;81797;94622;82503;48340
247,512,1.000000,0,4175,4175,512,4083,741758,PASS,1,1,94877;54529;94679;42882;85363;30324;81797;94622;82503;48340
248,10,1.000000,0,285,285,12,163,58110,PASS,1,1,80882;29169;30297;34757;31914;26103;21469;25923;2522;16902
248,16,1.000000,0,334,334,16,212,44899,PASS,1,1,80882;29169;30297;34757;31914;26103;21469;25923;2522;16902
248,24,1.000000,0,406,406,24,284,57740,PASS,1,1,80882;29169;30297;34757;31914;26103;21469;25923;2522;16902
248,32,1.000000,0,492,492,33,370,71380,PASS,1,1,80882;29169;30297;34757;31914;26103;21469;25923;2522;16902
248,48,1.000000,0,651,651,48,529,101289,PASS,1,1,80882;29169;30297;34757;31914;26103;21469;25923;2522;16902
248,64,1.000000,0,750,750,64,628,113330,PASS,1,1,80882;29169;30297;34757;31914;26103;21469;25923;2522;16902
248,96,1.000000,0,1023,1023,96,901,167740,PASS,1,1,80882;29169;30297;34757;31914;26103;21469;25923;2522;16902
248,128,1.000000,0,1237,1237,128,1115,197750,PASS,1,1,80882;29169;30297;34757;31914;26103;21469;25923;2522;16902
248,192,1.000000,0,1704,1704,192,1582,292049,PASS,1,1,80882;29169;30297;34757;31914;26103;21469;25923;2522;16902
248,256,1.000000,0,2155,2155,256,2033,368679,PASS,1,1,80882;29169;30297;34757;31914;26103;21469;25923;2522;16902
248,384,1.000000,0,2952,2952,384,2830,545538,PASS,1,1,80882;29169;30297;34757;31914;26103;21469;25923;2522;16902
248,512,1.000000,0,3790,3790,512,3668,683158,PASS,1,1,80882;29169;30297;34757;31914;26103;21469;25923;2522;16902
249,10,0.900000,0,275,275,12,176,48510,PASS,1,1,23999;6989;46572;46965;29163;45943;6744;47244;46400;27574
249,16,0.900000,0,354,354,19,255,49050,PASS,1,1,23999;6989;46572;46965;29163;45943;6744;47244;46400;27574
249,24,0.900000,0,433,433,25,334,58760,PASS,1,1,23999;6989;46572;46965;29163;45943;6744;47244;46400;27574
249,32,1.000000,0,655,655,44,556,96150,PASS,1,1,23999;6989;46572;46965;29163;45943;24133;6744;47244;46400
249,48,1.000000,0,700,700,49,601,95850,PASS,1,1,23999;6989;46572;46965;29163;45943;24133;6744;47244;46400
249,64,1.000000,0,869,869,64,770,134230,PASS,1,1,23999;6989;46572;46965;29163;45943;24133;6744;47244;46400
249,96,1.000000,0,1151,1151,96,1052,178459,PASS,1,1,23999;6989;46572;46965;29163;45943;24133;6744;47244;46400
249,128,1.000000,0,1435,1435,128,1336,217379,PASS,1,1,23999;6989;46572;46965;29163;45943;24133;6744;47244;46400
249,192,1.000000,0,1862,1862,192,1763,302629,PASS,1,1,23999;6989;46572;46965;29163;45943;24133;6744;47244;46400
249,256,1.000000,0,2338,2338,256,2239,388139,PASS,1,1,23999;6989;46572;46965;29163;45943;24133;6744;47244;46400
249,384,1.000000,0,3095,3095,384,2996,545818,PASS,1,1,23999;6989;46572;46965;29163;45943;24133;6744;47244;46400
249,512,1.000000,0,3774,3774,512,3675,674568,PASS,1,1,23999;6989;46572;46965;29163;45943;24133;6744;47244;46400
250,10,0.900000,0,302,302,12,203,63180,PASS,1,1,19940;19564;7642;19416;19675;30357;13849;20302;7301;20580
250,16,0.900000,0,417,417,18,318,60300,PASS,1,1,19940;19564;7642;19416;19675;30357;13849;20302;7301;20580
250,24,1.000000,0,562,562,27,463,83219,PASS,1,1,19940;19564;7642;19416;19675;30357;14158;13849;20302;7301
250,32,1.000000,0,647,647,33,548,88420,PASS,1,1,19940;19564;7642;19416;19675;30357;14158;13849;20302;7301
250,48,1.000000,0,840,840,49,741,126469,PASS,1,1,19940;19564;7642;19416;19675;30357;14158;13849;20302;7301
250,64,1.000000,0,1068,1068,64,969,161539,PASS,1,1,19940;19564;7642;19416;19675;30357;14158;13849;20302;7301
250,96,1.000000,0,1424,1424,96,1325,226889,PASS,1,1,19940;19564;7642;19416;19675;30357;14158;13849;20302;7301
250,128,1.000000,0,1847,1847,129,1748,292889,PASS,1,1,19940;19564;7642;19416;19675;30357;14158;13849;20302;7301
250,192,1.000000,0,2479,2479,192,2380,412499,PASS,1,1,19940;19564;7642;19416;19675;30357;14158;13849;20302;7301
250,256,1.000000,0,3032,3032,256,2933,519478,PASS,1,1,19940;19564;7642;19416;19675;30357;14158;13849;20302;7301
250,384,1.000000,0,4030,4030,384,3931,705458,PASS,1,1,19940;19564;7642;19416;19675;30357;14158;13849;20302;7301
250,512,1.000000,0,4973,4973,512,4874,871678,PASS,1,1,19940;19564;7642;19416;19675;30357;14158;13849;20302;7301
251,10,1.000000,0,259,259,13,197,55500,PASS,1,1,34851;78999;90756;91154;90021;5841;91555;87304;48792;20129
251,16,1.000000,0,307,307,17,245,41639,PASS,1,1,34851;78999;90756;91154;90021;5841;91555;87304;48792;20129
251,24,1.000000,0,399,399,25,337,59680,PASS,1,1,34851;78999;90756;91154;90021;5841;91555;87304;48792;20129
251,32,1.000000,0,491,491,33,429,71740,PASS,1,1,34851;78999;90756;91154;90021;5841;91555;87304;48792;20129
251,48,1.000000,0,706,706,49,644,121049,PASS,1,1,34851;78999;90756;91154;90021;5841;91555;87304;48792;20129
251,64,1.000000,0,881,881,64,819,134290,PASS,1,1,34851;78999;90756;91154;90021;5841;91555;87304;48792;20129
251,96,1.000000,0,1267,1267,96,1205,212010,PASS,1,1,34851;78999;90756;91154;90021;5841;91555;87304;48792;20129
251,128,1.000000,0,1535,1535,128,1473,240379,PASS,1,1,34851;78999;90756;91154;90021;5841;91555;87304;48792;20129
251,192,1.000000,0,2118,2118,192,2056,361439,PASS,1,1,34851;78999;90756;91154;90021;5841;91555;87304;48792;20129
251,256,1.000000,0,2683,2683,256,2621,453209,PASS,1,1,34851;78999;90756;91154;90021;5841;91555;87304;48792;20129
251,384,1.000000,0,3643,3643,384,3581,654158,PASS,1,1,34851;78999;90756;91154;90021;5841;91555;87304;48792;20129
251,512,1.000000,0,4421,4421,512,4359,773888,PASS,1,1,34851;78999;90756;91154;90021;5841;91555;87304;48792;20129
252,10,1.000000,0,392,392,15,303,82639,PASS,1,1,86527;92163;84549;56063;94484;82090;17587;87769;90636;86514
252,16,1.000000,0,454,454,19,365,61040,PASS,1,1,86527;92163;84549;56063;94484;82090;17587;87769;90636;86514
252,24,1.000000,0,545,545,27,456,77360,PASS,1,1,86527;92163;84549;56063;94484;82090;17587;87769;90636;86514
252,32,1.000000,0,632,632,34,543,90380,PASS,1,1,86527;92163;84549;56063;94484;82090;17587;87769;90636;86514
252,48,1.000000,0,842,842,49,753,132280,PASS,1,1,86527;92163;84549;56063;94484;82090;17587;87769;90636;86514
252,64,1.000000,0,1048,1048,65,959,159190,PASS,1,1,86527;92163;84549;56063;94484;82090;17587;87769;90636;86514
252,96,1.000000,0,1347,1347,97,1258,219580,PASS,1,1,86527;92163;84549;56063;94484;82090;17587;87769;90636;86514
252,128,1.000000,0,1684,1684,129,1595,268810,PASS,1,1,86527;92163;84549;56063;94484;82090;17587;87769;90636;86514
252,192,1.000000,0,2180,2180,193,2091,365059,PASS,1,1,86527;92163;84549;56063;94484;82090;17587;87769;90636;86514
252,256,1.000000,0,2618,2618,257,2529,430119,PASS,1,1,86527;92163;84549;56063;94484;82090;17587;87769;90636;86514
252,384,1.000000,0,3529,3529,384,3440,626448,PASS,1,1,86527;92163;84549;56063;94484;82090;17587;87769;90636;86514
252,512,1.000000,0,4283,4283,512,4194,749548,PASS,1,1,86527;92163;84549;56063;94484;82090;17587;87769;90636;86514
253,10,1.000000,0,269,269,11,197,56400,PASS,1,1,63776;65752;61424;79702;67789;53355;55432;53281;57134;53282
253,16,1.000000,0,312,312,16,240,40960,PASS,1,1,63776;65752;61424;79702;67789;53355;55432;53281;57134;53282
253,24,1.000000,0,411,411,24,339,58880,PASS,1,1,63776;65752;61424;79702;67789;53355;55432;53281;57134;53282
253,32,1.000000,0,484,484,32,412,68569,PASS,1,1,63776;65752;61424;79702;67789;53355;55432;53281;57134;53282
253,48,1.000000,0,667,667,48,595,105090,PASS,1,1,63776;65752;61424;79702;67789;53355;55432;53281;57134;53282
253,64,1.000000,0,810,810,64,738,122069,PASS,1,1,63776;65752;61424;79702;67789;53355;55432;53281;57134;53282
253,96,1.000000,0,1047,1047,96,975,167570,PASS,1,1,63776;65752;61424;79702;67789;53355;55432;53281;57134;53282
253,128,1.000000,0,1222,1222,128,1150,192440,PASS,1,1,63776;65752;61424;79702;67789;53355;55432;53281;57134;53282
253,192,1.000000,0,1564,1564,192,1492,272429,PASS,1,1,63776;65752;61424;79702;67789;53355;55432;53281;57134;53282
253,256,1.000000,0,1894,1894,256,1822,331190,PASS,1,1,63776;65752;61424;79702;67789;53355;55432;53281;57134;53282
253,384,1.000000,0,2488,2488,384,2416,468778,PASS,1,1,63776;65752;61424;79702;67789;53355;55432;53281;57134;53282
253,512,1.000000,0,2957,2957,512,2885,547908,PASS,1,1,63776;65752;61424;79702;67789;53355;55432;53281;57134;53282
254,10,0.300000,1,394,394,15,283,80630,PASS,1,1,98627;14249;60391;68851;11344;20965;3210;99138;11217;58628
254,16,0.300000,1,417,417,16,306,50269,PASS,1,1,98627;14249;60391;68851;11344;20965;3210;99138;11217;58628
254,24,0.500000,1,550,550,24,439,79080,PASS,1,1,98627;14249;73681;61429;60391;68851;11344;20965;62058;3210
254,32,0.800000,1,689,689,32,578,97380,PASS,1,1,98627;3013;14249;73681;61429;16155;3530;60391;68851;11344
254,48,1.000000,0,879,879,49,768,129200,PASS,1,1,98627;3013;14249;73681;61429;90984;60470;16155;3530;60391
254,64,1.000000,0,1092,1092,64,981,161389,PASS,1,1,98627;3013;14249;73681;61429;90984;60470;16155;3530;60391
254,96,1.000000,0,1444,1444,97,1333,229219,PASS,1,1,98627;3013;14249;73681;61429;90984;60470;16155;3530;60391
254,128,1.000000,0,1794,1794,128,1683,280389,PASS,1,1,98627;3013;14249;73681;61429;90984;60470;16155;3530;60391
254,192,1.000000,0,2438,2438,192,2327,409749,PASS,1,1,98627;3013;14249;73681;61429;90984;60470;16155;3530;60391
254,256,1.000000,0,2958,2958,256,2847,484629,PASS,1,1,98627;3013;14249;73681;61429;90984;60470;16155;3530;60391
254,384,1.000000,0,3858,3858,385,3747,678018,PASS,1,1,98627;3013;14249;73681;61429;90984;60470;16155;3530;60391
254,512,1.000000,0,4695,4695,512,4584,816897,PASS,1,1,98627;3013;14249;73681;61429;90984;60470;16155;3530;60391
255,10,0.900000,0,383,383,11,255,65390,PASS,1,1,14838;75779;94467;14032;36183;94445;36142;78703;42219;42369
255,16,0.900000,0,456,456,16,328,56230,PASS,1,1,14838;75779;94467;14032;36183;94445;36142;78703;42219;42369
255,24,1.000000,0,608,608,26,480,79310,PASS,1,1,14838;75779;94467;14032;36183;94445;36142;58856;78703;42219
255,32,1.000000,0,706,706,32,578,90750,PASS,1,1,14838;75779;94467;14032;36183;94445;36142;58856;78703;42219
255,48,1.000000,0,930,930,48,802,129180,PASS,1,1,14838;75779;94467;14032;36183;94445;36142;58856;78703;42219
255,64,1.000000,0,1094,1094,64,966,169049,PASS,1,1,14838;75779;94467;14032;36183;94445;36142;58856;78703;42219
255,96,1.000000,0,1422,1422,96,1294,214319,PASS,1,1,14838;75779;94467;14032;36183;94445;36142;58856;78703;42219
255,128,1.000000,0,1760,1760,128,1632,261809,PASS,1,1,14838;75779;94467;14032;36183;94445;36142;58856;78703;42219
255,192,1.000000,0,2376,2376,192,2248,381889,PASS,1,1,14838;75779;94467;14032;36183;94445;36142;58856;78703;42219
255,256,1.000000,0,2897,2897,256,2769,461539,PASS,1,1,14838;75779;94467;14032;36183;94445;36142;58856;78703;42219
255,384,1.000000,0,3807,3807,384,3679,642668,PASS,1,1,14838;75779;94467;14032;36183;94445;36142;58856;78703;42219
255,512,1.000000,0,4658,4658,512,4530,810468,PASS,1,1,14838;75779;94467;14032;36183;94445;36142;58856;78703;42219
