dataset,build,raw_ef,mask,portal_set,n_queries,n_primary_failures,n_positive_hit_gain,n_threshold_rescues,primary_mean_recall,union_mean_recall,primary_risk,union_risk,primary_p95_ndc,union_p95_ndc,union_mean_ndc,rescue_rate,n_zero
Arxiv-Nomic-100K,b17,8,0,EMPTY,300,202,0,0,0.8226666666666667,0.8226666666666667,0.6733333333333333,0.6733333333333333,24.125,24.125,20.91375,0.0,True
Arxiv-Nomic-100K,b17,8,1,46,300,202,58,17,0.8226666666666667,0.8613333333333333,0.6733333333333333,0.6166666666666667,,,,0.0841584158415841,False
Arxiv-Nomic-100K,b17,8,2,991,300,202,68,24,0.8226666666666667,0.8683333333333334,0.6733333333333333,0.5933333333333334,,,,0.1188118811881188,False
Arxiv-Nomic-100K,b17,8,3,"46,991",300,202,97,34,0.8226666666666667,0.889,0.6733333333333333,0.56,,,,0.1683168316831683,False
Arxiv-Nomic-100K,b17,8,4,2266,300,202,59,18,0.8226666666666667,0.86,0.6733333333333333,0.6133333333333333,,,,0.0891089108910891,False
Arxiv-Nomic-100K,b17,8,5,"46,2266",300,202,84,29,0.8226666666666667,0.8816666666666666,0.6733333333333333,0.5766666666666667,,,,0.1435643564356435,False
Arxiv-Nomic-100K,b17,8,6,"991,2266",300,202,93,35,0.8226666666666667,0.8886666666666667,0.6733333333333333,0.5566666666666666,,,,0.1732673267326732,False
Arxiv-Nomic-100K,b17,8,7,"46,991,2266",300,202,110,43,0.8226666666666667,0.9026666666666668,0.6733333333333333,0.53,,,,0.2128712871287128,False
Arxiv-Nomic-100K,b17,8,8,3732,300,202,66,18,0.8226666666666667,0.8653333333333334,0.6733333333333333,0.6133333333333333,,,,0.0891089108910891,False
Arxiv-Nomic-100K,b17,8,9,"46,3732",300,202,93,36,0.8226666666666667,0.8869999999999999,0.6733333333333333,0.5533333333333333,,,,0.1782178217821782,False
Arxiv-Nomic-100K,b17,8,10,"991,3732",300,202,98,34,0.8226666666666667,0.8873333333333333,0.6733333333333333,0.56,,,,0.1683168316831683,False
Arxiv-Nomic-100K,b17,8,11,"46,991,3732",300,202,116,46,0.8226666666666667,0.903,0.6733333333333333,0.52,,,,0.2277227722772277,False
Arxiv-Nomic-100K,b17,8,12,"2266,3732",300,202,95,32,0.8226666666666667,0.8869999999999999,0.6733333333333333,0.5666666666666667,,,,0.1584158415841584,False
Arxiv-Nomic-100K,b17,8,13,"46,2266,3732",300,202,109,45,0.8226666666666667,0.9026666666666668,0.6733333333333333,0.5233333333333333,,,,0.2227722772277227,False
Arxiv-Nomic-100K,b17,8,14,"991,2266,3732",300,202,115,44,0.8226666666666667,0.9033333333333332,0.6733333333333333,0.5266666666666666,,,,0.2178217821782178,False
Arxiv-Nomic-100K,b17,8,15,"46,991,2266,3732",300,202,125,53,0.8226666666666667,0.9146666666666666,0.6733333333333333,0.4966666666666666,,,,0.2623762376237624,False
Arxiv-Nomic-100K,b17,8,16,4177,300,202,70,24,0.8226666666666667,0.8710000000000001,0.6733333333333333,0.5933333333333334,,,,0.1188118811881188,False
Arxiv-Nomic-100K,b17,8,17,"46,4177",300,202,95,40,0.8226666666666667,0.8926666666666666,0.6733333333333333,0.54,,,,0.198019801980198,False
Arxiv-Nomic-100K,b17,8,18,"991,4177",300,202,98,36,0.8226666666666667,0.8896666666666666,0.6733333333333333,0.5533333333333333,,,,0.1782178217821782,False
Arxiv-Nomic-100K,b17,8,19,"46,991,4177",300,202,115,48,0.8226666666666667,0.9056666666666666,0.6733333333333333,0.5133333333333333,,,,0.2376237623762376,False
Arxiv-Nomic-100K,b17,8,20,"2266,4177",300,202,96,38,0.8226666666666667,0.892,0.6733333333333333,0.5466666666666666,,,,0.1881188118811881,False
Arxiv-Nomic-100K,b17,8,21,"46,2266,4177",300,202,110,49,0.8226666666666667,0.906,0.6733333333333333,0.51,,,,0.2425742574257425,False
Arxiv-Nomic-100K,b17,8,22,"991,2266,4177",300,202,113,47,0.8226666666666667,0.905,0.6733333333333333,0.5166666666666667,,,,0.2326732673267326,False
Arxiv-Nomic-100K,b17,8,23,"46,991,2266,4177",300,202,124,56,0.8226666666666667,0.9156666666666666,0.6733333333333333,0.4866666666666667,,,,0.2772277227722772,False
Arxiv-Nomic-100K,b17,8,24,"3732,4177",300,202,98,37,0.8226666666666667,0.8893333333333333,0.6733333333333333,0.55,,,,0.1831683168316831,False
Arxiv-Nomic-100K,b17,8,25,"46,3732,4177",300,202,113,51,0.8226666666666667,0.9056666666666666,0.6733333333333333,0.5033333333333333,,,,0.2524752475247525,False
Arxiv-Nomic-100K,b17,8,26,"991,3732,4177",300,202,113,45,0.8226666666666667,0.902,0.6733333333333333,0.5233333333333333,,,,0.2227722772277227,False
Arxiv-Nomic-100K,b17,8,27,"46,991,3732,4177",300,202,125,57,0.8226666666666667,0.915,0.6733333333333333,0.4833333333333333,,,,0.2821782178217821,False
Arxiv-Nomic-100K,b17,8,28,"2266,3732,4177",300,202,113,49,0.8226666666666667,0.9036666666666668,0.6733333333333333,0.51,,,,0.2425742574257425,False
Arxiv-Nomic-100K,b17,8,29,"46,2266,3732,4177",300,202,123,59,0.8226666666666667,0.916,0.6733333333333333,0.4766666666666667,,,,0.292079207920792,False
Arxiv-Nomic-100K,b17,8,30,"991,2266,3732,4177",300,202,125,56,0.8226666666666667,0.9146666666666666,0.6733333333333333,0.4866666666666667,,,,0.2772277227722772,False
Arxiv-Nomic-100K,b17,8,31,"46,991,2266,3732,4177",300,202,132,64,0.8226666666666667,0.9236666666666666,0.6733333333333333,0.46,,,,0.3168316831683168,False
Arxiv-Nomic-100K,b17,8,32,4815,300,202,65,21,0.8226666666666667,0.866,0.6733333333333333,0.6033333333333334,,,,0.1039603960396039,False
Arxiv-Nomic-100K,b17,8,33,"46,4815",300,202,94,32,0.8226666666666667,0.8883333333333333,0.6733333333333333,0.5666666666666667,,,,0.1584158415841584,False
Arxiv-Nomic-100K,b17,8,34,"991,4815",300,202,97,36,0.8226666666666667,0.8923333333333334,0.6733333333333333,0.5533333333333333,,,,0.1782178217821782,False
Arxiv-Nomic-100K,b17,8,35,"46,991,4815",300,202,116,44,0.8226666666666667,0.908,0.6733333333333333,0.5266666666666666,,,,0.2178217821782178,False
Arxiv-Nomic-100K,b17,8,36,"2266,4815",300,202,96,36,0.8226666666666667,0.8896666666666666,0.6733333333333333,0.5533333333333333,,,,0.1782178217821782,False
Arxiv-Nomic-100K,b17,8,37,"46,2266,4815",300,202,110,43,0.8226666666666667,0.903,0.6733333333333333,0.53,,,,0.2128712871287128,False
Arxiv-Nomic-100K,b17,8,38,"991,2266,4815",300,202,114,48,0.8226666666666667,0.9073333333333334,0.6733333333333333,0.5133333333333333,,,,0.2376237623762376,False
Arxiv-Nomic-100K,b17,8,39,"46,991,2266,4815",300,202,125,53,0.8226666666666667,0.9183333333333332,0.6733333333333333,0.4966666666666666,,,,0.2623762376237624,False
Arxiv-Nomic-100K,b17,8,40,"3732,4815",300,202,97,30,0.8226666666666667,0.8876666666666667,0.6733333333333333,0.5733333333333334,,,,0.1485148514851485,False
Arxiv-Nomic-100K,b17,8,41,"46,3732,4815",300,202,113,46,0.8226666666666667,0.9043333333333332,0.6733333333333333,0.52,,,,0.2277227722772277,False
Arxiv-Nomic-100K,b17,8,42,"991,3732,4815",300,202,116,43,0.8226666666666667,0.905,0.6733333333333333,0.53,,,,0.2128712871287128,False
Arxiv-Nomic-100K,b17,8,43,"46,991,3732,4815",300,202,128,55,0.8226666666666667,0.9183333333333332,0.6733333333333333,0.49,,,,0.2722772277227723,False
Arxiv-Nomic-100K,b17,8,44,"2266,3732,4815",300,202,117,45,0.8226666666666667,0.9056666666666666,0.6733333333333333,0.5233333333333333,,,,0.2227722772277227,False
Arxiv-Nomic-100K,b17,8,45,"46,2266,3732,4815",300,202,125,56,0.8226666666666667,0.9176666666666666,0.6733333333333333,0.4866666666666667,,,,0.2772277227722772,False
Arxiv-Nomic-100K,b17,8,46,"991,2266,3732,4815",300,202,129,55,0.8226666666666667,0.9186666666666669,0.6733333333333333,0.49,,,,0.2722772277227723,False
Arxiv-Nomic-100K,b17,8,47,"46,991,2266,3732,4815",300,202,135,63,0.8226666666666667,0.9283333333333332,0.6733333333333333,0.4633333333333333,,,,0.3118811881188119,False
Arxiv-Nomic-100K,b17,8,48,"4177,4815",300,202,101,39,0.8226666666666667,0.8949999999999999,0.6733333333333333,0.5433333333333333,,,,0.193069306930693,False
Arxiv-Nomic-100K,b17,8,49,"46,4177,4815",300,202,116,52,0.8226666666666667,0.9106666666666668,0.6733333333333333,0.5,,,,0.2574257425742574,False
Arxiv-Nomic-100K,b17,8,50,"991,4177,4815",300,202,116,47,0.8226666666666667,0.9063333333333332,0.6733333333333333,0.5166666666666667,,,,0.2326732673267326,False
Arxiv-Nomic-100K,b17,8,51,"46,991,4177,4815",300,202,128,58,0.8226666666666667,0.92,0.6733333333333333,0.48,,,,0.2871287128712871,False
Arxiv-Nomic-100K,b17,8,52,"2266,4177,4815",300,202,118,52,0.8226666666666667,0.9093333333333332,0.6733333333333333,0.5,,,,0.2574257425742574,False
Arxiv-Nomic-100K,b17,8,53,"46,2266,4177,4815",300,202,126,61,0.8226666666666667,0.9203333333333332,0.6733333333333333,0.47,,,,0.3019801980198019,False
Arxiv-Nomic-100K,b17,8,54,"991,2266,4177,4815",300,202,129,59,0.8226666666666667,0.919,0.6733333333333333,0.4766666666666667,,,,0.292079207920792,False
Arxiv-Nomic-100K,b17,8,55,"46,991,2266,4177,4815",300,202,135,66,0.8226666666666667,0.928,0.6733333333333333,0.4533333333333333,,,,0.3267326732673267,False
Arxiv-Nomic-100K,b17,8,56,"3732,4177,4815",300,202,115,46,0.8226666666666667,0.9053333333333332,0.6733333333333333,0.52,,,,0.2277227722772277,False
Arxiv-Nomic-100K,b17,8,57,"46,3732,4177,4815",300,202,126,59,0.8226666666666667,0.9186666666666669,0.6733333333333333,0.4766666666666667,,,,0.292079207920792,False
Arxiv-Nomic-100K,b17,8,58,"991,3732,4177,4815",300,202,126,54,0.8226666666666667,0.9156666666666666,0.6733333333333333,0.4933333333333333,,,,0.2673267326732673,False
Arxiv-Nomic-100K,b17,8,59,"46,991,3732,4177,4815",300,202,135,65,0.8226666666666667,0.927,0.6733333333333333,0.4566666666666666,,,,0.3217821782178218,False
Arxiv-Nomic-100K,b17,8,60,"2266,3732,4177,4815",300,202,128,59,0.8226666666666667,0.918,0.6733333333333333,0.4766666666666667,,,,0.292079207920792,False
Arxiv-Nomic-100K,b17,8,61,"46,2266,3732,4177,4815",300,202,134,68,0.8226666666666667,0.9276666666666668,0.6733333333333333,0.4466666666666666,,,,0.3366336633663366,False
Arxiv-Nomic-100K,b17,8,62,"991,2266,3732,4177,4815",300,202,137,66,0.8226666666666667,0.9273333333333332,0.6733333333333333,0.4533333333333333,,,,0.3267326732673267,False
Arxiv-Nomic-100K,b17,8,63,"46,991,2266,3732,4177,4815",300,202,141,73,0.8226666666666667,0.935,0.6733333333333333,0.43,,,,0.3613861386138614,False
Arxiv-Nomic-100K,b17,8,64,7001,300,202,60,13,0.8226666666666667,0.8566666666666667,0.6733333333333333,0.63,,,,0.0643564356435643,False
Arxiv-Nomic-100K,b17,8,65,"46,7001",300,202,92,28,0.8226666666666667,0.8826666666666666,0.6733333333333333,0.58,,,,0.1386138613861386,False
Arxiv-Nomic-100K,b17,8,66,"991,7001",300,202,95,32,0.8226666666666667,0.8869999999999999,0.6733333333333333,0.5666666666666667,,,,0.1584158415841584,False
Arxiv-Nomic-100K,b17,8,67,"46,991,7001",300,202,116,42,0.8226666666666667,0.9043333333333332,0.6733333333333333,0.5333333333333333,,,,0.2079207920792079,False
Arxiv-Nomic-100K,b17,8,68,"2266,7001",300,202,88,29,0.8226666666666667,0.8793333333333333,0.6733333333333333,0.5766666666666667,,,,0.1435643564356435,False
Arxiv-Nomic-100K,b17,8,69,"46,2266,7001",300,202,108,40,0.8226666666666667,0.8976666666666666,0.6733333333333333,0.54,,,,0.198019801980198,False
Arxiv-Nomic-100K,b17,8,70,"991,2266,7001",300,202,112,43,0.8226666666666667,0.902,0.6733333333333333,0.53,,,,0.2128712871287128,False
Arxiv-Nomic-100K,b17,8,71,"46,991,2266,7001",300,202,125,51,0.8226666666666667,0.9146666666666666,0.6733333333333333,0.5033333333333333,,,,0.2524752475247525,False
Arxiv-Nomic-100K,b17,8,72,"3732,7001",300,202,99,29,0.8226666666666667,0.8886666666666667,0.6733333333333333,0.5766666666666667,,,,0.1435643564356435,False
Arxiv-Nomic-100K,b17,8,73,"46,3732,7001",300,202,113,44,0.8226666666666667,0.9033333333333332,0.6733333333333333,0.5266666666666666,,,,0.2178217821782178,False
Arxiv-Nomic-100K,b17,8,74,"991,3732,7001",300,202,115,41,0.8226666666666667,0.9026666666666668,0.6733333333333333,0.5366666666666666,,,,0.2029702970297029,False
Arxiv-Nomic-100K,b17,8,75,"46,991,3732,7001",300,202,126,53,0.8226666666666667,0.915,0.6733333333333333,0.4966666666666666,,,,0.2623762376237624,False
Arxiv-Nomic-100K,b17,8,76,"2266,3732,7001",300,202,115,42,0.8226666666666667,0.9033333333333332,0.6733333333333333,0.5333333333333333,,,,0.2079207920792079,False
Arxiv-Nomic-100K,b17,8,77,"46,2266,3732,7001",300,202,125,54,0.8226666666666667,0.9156666666666666,0.6733333333333333,0.4933333333333333,,,,0.2673267326732673,False
Arxiv-Nomic-100K,b17,8,78,"991,2266,3732,7001",300,202,127,52,0.8226666666666667,0.9146666666666666,0.6733333333333333,0.5,,,,0.2574257425742574,False
Arxiv-Nomic-100K,b17,8,79,"46,991,2266,3732,7001",300,202,134,61,0.8226666666666667,0.9246666666666666,0.6733333333333333,0.47,,,,0.3019801980198019,False
Arxiv-Nomic-100K,b17,8,80,"4177,7001",300,202,97,32,0.8226666666666667,0.891,0.6733333333333333,0.5666666666666667,,,,0.1584158415841584,False
Arxiv-Nomic-100K,b17,8,81,"46,4177,7001",300,202,115,46,0.8226666666666667,0.9066666666666666,0.6733333333333333,0.52,,,,0.2277227722772277,False
Arxiv-Nomic-100K,b17,8,82,"991,4177,7001",300,202,116,43,0.8226666666666667,0.9046666666666668,0.6733333333333333,0.53,,,,0.2128712871287128,False
Arxiv-Nomic-100K,b17,8,83,"46,991,4177,7001",300,202,129,54,0.8226666666666667,0.9176666666666666,0.6733333333333333,0.4933333333333333,,,,0.2673267326732673,False
Arxiv-Nomic-100K,b17,8,84,"2266,4177,7001",300,202,115,46,0.8226666666666667,0.905,0.6733333333333333,0.52,,,,0.2277227722772277,False
Arxiv-Nomic-100K,b17,8,85,"46,2266,4177,7001",300,202,125,56,0.8226666666666667,0.9163333333333334,0.6733333333333333,0.4866666666666667,,,,0.2772277227722772,False
Arxiv-Nomic-100K,b17,8,86,"991,2266,4177,7001",300,202,127,54,0.8226666666666667,0.9153333333333334,0.6733333333333333,0.4933333333333333,,,,0.2673267326732673,False
Arxiv-Nomic-100K,b17,8,87,"46,991,2266,4177,7001",300,202,135,62,0.8226666666666667,0.9246666666666666,0.6733333333333333,0.4666666666666667,,,,0.3069306930693069,False
Arxiv-Nomic-100K,b17,8,88,"3732,4177,7001",300,202,116,43,0.8226666666666667,0.9053333333333332,0.6733333333333333,0.53,,,,0.2128712871287128,False
Arxiv-Nomic-100K,b17,8,89,"46,3732,4177,7001",300,202,127,56,0.8226666666666667,0.9173333333333332,0.6733333333333333,0.4866666666666667,,,,0.2772277227722772,False
Arxiv-Nomic-100K,b17,8,90,"991,3732,4177,7001",300,202,126,51,0.8226666666666667,0.9153333333333334,0.6733333333333333,0.5033333333333333,,,,0.2524752475247525,False
Arxiv-Nomic-100K,b17,8,91,"46,991,3732,4177,7001",300,202,135,62,0.8226666666666667,0.9253333333333332,0.6733333333333333,0.4666666666666667,,,,0.3069306930693069,False
Arxiv-Nomic-100K,b17,8,92,"2266,3732,4177,7001",300,202,128,56,0.8226666666666667,0.9156666666666666,0.6733333333333333,0.4866666666666667,,,,0.2772277227722772,False
Arxiv-Nomic-100K,b17,8,93,"46,2266,3732,4177,7001",300,202,135,65,0.8226666666666667,0.9253333333333332,0.6733333333333333,0.4566666666666666,,,,0.3217821782178218,False
Arxiv-Nomic-100K,b17,8,94,"991,2266,3732,4177,7001",300,202,136,63,0.8226666666666667,0.9246666666666666,0.6733333333333333,0.4633333333333333,,,,0.3118811881188119,False
Arxiv-Nomic-100K,b17,8,95,"46,991,2266,3732,4177,7001",300,202,141,70,0.8226666666666667,0.9323333333333336,0.6733333333333333,0.44,,,,0.3465346534653465,False
Arxiv-Nomic-100K,b17,8,96,"4815,7001",300,202,91,31,0.8226666666666667,0.8866666666666667,0.6733333333333333,0.57,,,,0.1534653465346534,False
Arxiv-Nomic-100K,b17,8,97,"46,4815,7001",300,202,110,42,0.8226666666666667,0.9033333333333332,0.6733333333333333,0.5333333333333333,,,,0.2079207920792079,False
Arxiv-Nomic-100K,b17,8,98,"991,4815,7001",300,202,111,44,0.8226666666666667,0.9056666666666666,0.6733333333333333,0.5266666666666666,,,,0.2178217821782178,False
Arxiv-Nomic-100K,b17,8,99,"46,991,4815,7001",300,202,126,52,0.8226666666666667,0.919,0.6733333333333333,0.5,,,,0.2574257425742574,False
Arxiv-Nomic-100K,b17,8,100,"2266,4815,7001",300,202,110,46,0.8226666666666667,0.9026666666666668,0.6733333333333333,0.52,,,,0.2277227722772277,False
Arxiv-Nomic-100K,b17,8,101,"46,2266,4815,7001",300,202,122,53,0.8226666666666667,0.9146666666666666,0.6733333333333333,0.4966666666666666,,,,0.2623762376237624,False
Arxiv-Nomic-100K,b17,8,102,"991,2266,4815,7001",300,202,124,56,0.8226666666666667,0.9173333333333332,0.6733333333333333,0.4866666666666667,,,,0.2772277227722772,False
Arxiv-Nomic-100K,b17,8,103,"46,991,2266,4815,7001",300,202,133,61,0.8226666666666667,0.9273333333333332,0.6733333333333333,0.47,,,,0.3019801980198019,False
Arxiv-Nomic-100K,b17,8,104,"3732,4815,7001",300,202,115,41,0.8226666666666667,0.9046666666666668,0.6733333333333333,0.5366666666666666,,,,0.2029702970297029,False
Arxiv-Nomic-100K,b17,8,105,"46,3732,4815,7001",300,202,125,55,0.8226666666666667,0.9176666666666666,0.6733333333333333,0.49,,,,0.2722772277227723,False
Arxiv-Nomic-100K,b17,8,106,"991,3732,4815,7001",300,202,127,50,0.8226666666666667,0.917,0.6733333333333333,0.5066666666666667,,,,0.2475247524752475,False
Arxiv-Nomic-100K,b17,8,107,"46,991,3732,4815,7001",300,202,135,62,0.8226666666666667,0.928,0.6733333333333333,0.4666666666666667,,,,0.3069306930693069,False
Arxiv-Nomic-100K,b17,8,108,"2266,3732,4815,7001",300,202,129,55,0.8226666666666667,0.9173333333333332,0.6733333333333333,0.49,,,,0.2722772277227723,False
Arxiv-Nomic-100K,b17,8,109,"46,2266,3732,4815,7001",300,202,135,65,0.8226666666666667,0.928,0.6733333333333333,0.4566666666666666,,,,0.3217821782178218,False
Arxiv-Nomic-100K,b17,8,110,"991,2266,3732,4815,7001",300,202,137,62,0.8226666666666667,0.9273333333333332,0.6733333333333333,0.4666666666666667,,,,0.3069306930693069,False
Arxiv-Nomic-100K,b17,8,111,"46,991,2266,3732,4815,7001",300,202,141,70,0.8226666666666667,0.936,0.6733333333333333,0.44,,,,0.3465346534653465,False
Arxiv-Nomic-100K,b17,8,112,"4177,4815,7001",300,202,114,46,0.8226666666666667,0.9073333333333334,0.6733333333333333,0.52,,,,0.2277227722772277,False
Arxiv-Nomic-100K,b17,8,113,"46,4177,4815,7001",300,202,127,58,0.8226666666666667,0.9206666666666669,0.6733333333333333,0.48,,,,0.2871287128712871,False
Arxiv-Nomic-100K,b17,8,114,"991,4177,4815,7001",300,202,127,54,0.8226666666666667,0.9176666666666666,0.6733333333333333,0.4933333333333333,,,,0.2673267326732673,False
Arxiv-Nomic-100K,b17,8,115,"46,991,4177,4815,7001",300,202,137,64,0.8226666666666667,0.929,0.6733333333333333,0.46,,,,0.3168316831683168,False
Arxiv-Nomic-100K,b17,8,116,"2266,4177,4815,7001",300,202,128,59,0.8226666666666667,0.9183333333333332,0.6733333333333333,0.4766666666666667,,,,0.292079207920792,False
Arxiv-Nomic-100K,b17,8,117,"46,2266,4177,4815,7001",300,202,135,67,0.8226666666666667,0.9283333333333332,0.6733333333333333,0.45,,,,0.3316831683168317,False
Arxiv-Nomic-100K,b17,8,118,"991,2266,4177,4815,7001",300,202,137,66,0.8226666666666667,0.9273333333333332,0.6733333333333333,0.4533333333333333,,,,0.3267326732673267,False
Arxiv-Nomic-100K,b17,8,119,"46,991,2266,4177,4815,7001",300,202,142,72,0.8226666666666667,0.9353333333333332,0.6733333333333333,0.4333333333333333,,,,0.3564356435643564,False
Arxiv-Nomic-100K,b17,8,120,"3732,4177,4815,7001",300,202,126,53,0.8226666666666667,0.9173333333333332,0.6733333333333333,0.4966666666666666,,,,0.2623762376237624,False
Arxiv-Nomic-100K,b17,8,121,"46,3732,4177,4815,7001",300,202,135,65,0.8226666666666667,0.9283333333333332,0.6733333333333333,0.4566666666666666,,,,0.3217821782178218,False
Arxiv-Nomic-100K,b17,8,122,"991,3732,4177,4815,7001",300,202,135,61,0.8226666666666667,0.9266666666666667,0.6733333333333333,0.47,,,,0.3019801980198019,False
Arxiv-Nomic-100K,b17,8,123,"46,991,3732,4177,4815,7001",300,202,142,71,0.8226666666666667,0.9356666666666668,0.6733333333333333,0.4366666666666666,,,,0.3514851485148514,False
Arxiv-Nomic-100K,b17,8,124,"2266,3732,4177,4815,7001",300,202,137,66,0.8226666666666667,0.9266666666666667,0.6733333333333333,0.4533333333333333,,,,0.3267326732673267,False
Arxiv-Nomic-100K,b17,8,125,"46,2266,3732,4177,4815,7001",300,202,142,74,0.8226666666666667,0.9353333333333332,0.6733333333333333,0.4266666666666667,,,,0.3663366336633663,False
Arxiv-Nomic-100K,b17,8,126,"991,2266,3732,4177,4815,7001",300,202,144,73,0.8226666666666667,0.9353333333333332,0.6733333333333333,0.43,,,,0.3613861386138614,False
Arxiv-Nomic-100K,b17,8,127,"46,991,2266,3732,4177,4815,7001",300,202,147,79,0.8226666666666667,0.942,0.6733333333333333,0.41,,,,0.3910891089108911,False
Arxiv-Nomic-100K,b17,8,128,8888,300,202,63,16,0.8226666666666667,0.8640000000000001,0.6733333333333333,0.62,,,,0.0792079207920792,False
Arxiv-Nomic-100K,b17,8,129,"46,8888",300,202,93,30,0.8226666666666667,0.8876666666666667,0.6733333333333333,0.5733333333333334,,,,0.1485148514851485,False
Arxiv-Nomic-100K,b17,8,130,"991,8888",300,202,88,32,0.8226666666666667,0.8846666666666666,0.6733333333333333,0.5666666666666667,,,,0.1584158415841584,False
Arxiv-Nomic-100K,b17,8,131,"46,991,8888",300,202,111,43,0.8226666666666667,0.902,0.6733333333333333,0.53,,,,0.2128712871287128,False
Arxiv-Nomic-100K,b17,8,132,"2266,8888",300,202,84,28,0.8226666666666667,0.8816666666666666,0.6733333333333333,0.58,,,,0.1386138613861386,False
Arxiv-Nomic-100K,b17,8,133,"46,2266,8888",300,202,103,39,0.8226666666666667,0.899,0.6733333333333333,0.5433333333333333,,,,0.193069306930693,False
Arxiv-Nomic-100K,b17,8,134,"991,2266,8888",300,202,105,43,0.8226666666666667,0.8996666666666666,0.6733333333333333,0.53,,,,0.2128712871287128,False
Arxiv-Nomic-100K,b17,8,135,"46,991,2266,8888",300,202,119,51,0.8226666666666667,0.9113333333333332,0.6733333333333333,0.5033333333333333,,,,0.2524752475247525,False
Arxiv-Nomic-100K,b17,8,136,"3732,8888",300,202,95,31,0.8226666666666667,0.8873333333333333,0.6733333333333333,0.57,,,,0.1534653465346534,False
Arxiv-Nomic-100K,b17,8,137,"46,3732,8888",300,202,113,45,0.8226666666666667,0.9033333333333332,0.6733333333333333,0.5233333333333333,,,,0.2227722772277227,False
Arxiv-Nomic-100K,b17,8,138,"991,3732,8888",300,202,109,43,0.8226666666666667,0.8993333333333334,0.6733333333333333,0.53,,,,0.2128712871287128,False
Arxiv-Nomic-100K,b17,8,139,"46,991,3732,8888",300,202,125,55,0.8226666666666667,0.913,0.6733333333333333,0.49,,,,0.2722772277227723,False
Arxiv-Nomic-100K,b17,8,140,"2266,3732,8888",300,202,110,42,0.8226666666666667,0.9016666666666668,0.6733333333333333,0.5333333333333333,,,,0.2079207920792079,False
Arxiv-Nomic-100K,b17,8,141,"46,2266,3732,8888",300,202,121,53,0.8226666666666667,0.9133333333333332,0.6733333333333333,0.4966666666666666,,,,0.2623762376237624,False
Arxiv-Nomic-100K,b17,8,142,"991,2266,3732,8888",300,202,123,54,0.8226666666666667,0.9123333333333332,0.6733333333333333,0.4933333333333333,,,,0.2673267326732673,False
Arxiv-Nomic-100K,b17,8,143,"46,991,2266,3732,8888",300,202,132,62,0.8226666666666667,0.9216666666666666,0.6733333333333333,0.4666666666666667,,,,0.3069306930693069,False
Arxiv-Nomic-100K,b17,8,144,"4177,8888",300,202,96,36,0.8226666666666667,0.8893333333333333,0.6733333333333333,0.5533333333333333,,,,0.1782178217821782,False
Arxiv-Nomic-100K,b17,8,145,"46,4177,8888",300,202,115,50,0.8226666666666667,0.9056666666666666,0.6733333333333333,0.5066666666666667,,,,0.2475247524752475,False
Arxiv-Nomic-100K,b17,8,146,"991,4177,8888",300,202,108,44,0.8226666666666667,0.9,0.6733333333333333,0.5266666666666666,,,,0.2178217821782178,False
Arxiv-Nomic-100K,b17,8,147,"46,991,4177,8888",300,202,124,56,0.8226666666666667,0.9143333333333332,0.6733333333333333,0.4866666666666667,,,,0.2772277227722772,False
Arxiv-Nomic-100K,b17,8,148,"2266,4177,8888",300,202,111,47,0.8226666666666667,0.904,0.6733333333333333,0.5166666666666667,,,,0.2326732673267326,False
Arxiv-Nomic-100K,b17,8,149,"46,2266,4177,8888",300,202,123,57,0.8226666666666667,0.9146666666666666,0.6733333333333333,0.4833333333333333,,,,0.2821782178217821,False
Arxiv-Nomic-100K,b17,8,150,"991,2266,4177,8888",300,202,121,54,0.8226666666666667,0.913,0.6733333333333333,0.4933333333333333,,,,0.2673267326732673,False
Arxiv-Nomic-100K,b17,8,151,"46,991,2266,4177,8888",300,202,131,63,0.8226666666666667,0.922,0.6733333333333333,0.4633333333333333,,,,0.3118811881188119,False
Arxiv-Nomic-100K,b17,8,152,"3732,4177,8888",300,202,114,47,0.8226666666666667,0.902,0.6733333333333333,0.5166666666666667,,,,0.2326732673267326,False
Arxiv-Nomic-100K,b17,8,153,"46,3732,4177,8888",300,202,127,60,0.8226666666666667,0.9153333333333334,0.6733333333333333,0.4733333333333333,,,,0.297029702970297,False
Arxiv-Nomic-100K,b17,8,154,"991,3732,4177,8888",300,202,121,53,0.8226666666666667,0.9103333333333332,0.6733333333333333,0.4966666666666666,,,,0.2623762376237624,False
Arxiv-Nomic-100K,b17,8,155,"46,991,3732,4177,8888",300,202,132,65,0.8226666666666667,0.922,0.6733333333333333,0.4566666666666666,,,,0.3217821782178218,False
Arxiv-Nomic-100K,b17,8,156,"2266,3732,4177,8888",300,202,125,57,0.8226666666666667,0.9136666666666666,0.6733333333333333,0.4833333333333333,,,,0.2821782178217821,False
Arxiv-Nomic-100K,b17,8,157,"46,2266,3732,4177,8888",300,202,133,66,0.8226666666666667,0.923,0.6733333333333333,0.4533333333333333,,,,0.3267326732673267,False
Arxiv-Nomic-100K,b17,8,158,"991,2266,3732,4177,8888",300,202,132,63,0.8226666666666667,0.9213333333333332,0.6733333333333333,0.4633333333333333,,,,0.3118811881188119,False
Arxiv-Nomic-100K,b17,8,159,"46,991,2266,3732,4177,8888",300,202,138,71,0.8226666666666667,0.929,0.6733333333333333,0.4366666666666666,,,,0.3514851485148514,False
Arxiv-Nomic-100K,b17,8,160,"4815,8888",300,202,96,31,0.8226666666666667,0.8886666666666667,0.6733333333333333,0.57,,,,0.1534653465346534,False
Arxiv-Nomic-100K,b17,8,161,"46,4815,8888",300,202,113,41,0.8226666666666667,0.9033333333333332,0.6733333333333333,0.5366666666666666,,,,0.2029702970297029,False
Arxiv-Nomic-100K,b17,8,162,"991,4815,8888",300,202,109,42,0.8226666666666667,0.9013333333333332,0.6733333333333333,0.5333333333333333,,,,0.2079207920792079,False
Arxiv-Nomic-100K,b17,8,163,"46,991,4815,8888",300,202,123,51,0.8226666666666667,0.915,0.6733333333333333,0.5033333333333333,,,,0.2524752475247525,False
Arxiv-Nomic-100K,b17,8,164,"2266,4815,8888",300,202,112,42,0.8226666666666667,0.9036666666666668,0.6733333333333333,0.5333333333333333,,,,0.2079207920792079,False
Arxiv-Nomic-100K,b17,8,165,"46,2266,4815,8888",300,202,122,50,0.8226666666666667,0.9133333333333332,0.6733333333333333,0.5066666666666667,,,,0.2475247524752475,False
Arxiv-Nomic-100K,b17,8,166,"991,2266,4815,8888",300,202,122,53,0.8226666666666667,0.9143333333333332,0.6733333333333333,0.4966666666666666,,,,0.2623762376237624,False
Arxiv-Nomic-100K,b17,8,167,"46,991,2266,4815,8888",300,202,130,59,0.8226666666666667,0.9233333333333332,0.6733333333333333,0.4766666666666667,,,,0.292079207920792,False
Arxiv-Nomic-100K,b17,8,168,"3732,4815,8888",300,202,115,41,0.8226666666666667,0.904,0.6733333333333333,0.5366666666666666,,,,0.2029702970297029,False
Arxiv-Nomic-100K,b17,8,169,"46,3732,4815,8888",300,202,126,54,0.8226666666666667,0.9163333333333334,0.6733333333333333,0.4933333333333333,,,,0.2673267326732673,False
Arxiv-Nomic-100K,b17,8,170,"991,3732,4815,8888",300,202,123,50,0.8226666666666667,0.9126666666666668,0.6733333333333333,0.5066666666666667,,,,0.2475247524752475,False
Arxiv-Nomic-100K,b17,8,171,"46,991,3732,4815,8888",300,202,133,62,0.8226666666666667,0.9243333333333336,0.6733333333333333,0.4666666666666667,,,,0.3069306930693069,False
Arxiv-Nomic-100K,b17,8,172,"2266,3732,4815,8888",300,202,127,53,0.8226666666666667,0.917,0.6733333333333333,0.4966666666666666,,,,0.2623762376237624,False
Arxiv-Nomic-100K,b17,8,173,"46,2266,3732,4815,8888",300,202,133,63,0.8226666666666667,0.9256666666666666,0.6733333333333333,0.4633333333333333,,,,0.3118811881188119,False
Arxiv-Nomic-100K,b17,8,174,"991,2266,3732,4815,8888",300,202,134,62,0.8226666666666667,0.9246666666666666,0.6733333333333333,0.4666666666666667,,,,0.3069306930693069,False
Arxiv-Nomic-100K,b17,8,175,"46,991,2266,3732,4815,8888",300,202,139,70,0.8226666666666667,0.9326666666666666,0.6733333333333333,0.44,,,,0.3465346534653465,False
Arxiv-Nomic-100K,b17,8,176,"4177,4815,8888",300,202,116,49,0.8226666666666667,0.9063333333333332,0.6733333333333333,0.51,,,,0.2425742574257425,False
Arxiv-Nomic-100K,b17,8,177,"46,4177,4815,8888",300,202,128,61,0.8226666666666667,0.9186666666666669,0.6733333333333333,0.47,,,,0.3019801980198019,False
Arxiv-Nomic-100K,b17,8,178,"991,4177,4815,8888",300,202,123,54,0.8226666666666667,0.9136666666666666,0.6733333333333333,0.4933333333333333,,,,0.2673267326732673,False
Arxiv-Nomic-100K,b17,8,179,"46,991,4177,4815,8888",300,202,134,65,0.8226666666666667,0.9256666666666666,0.6733333333333333,0.4566666666666666,,,,0.3217821782178218,False
Arxiv-Nomic-100K,b17,8,180,"2266,4177,4815,8888",300,202,129,60,0.8226666666666667,0.919,0.6733333333333333,0.4733333333333333,,,,0.297029702970297,False
Arxiv-Nomic-100K,b17,8,181,"46,2266,4177,4815,8888",300,202,135,68,0.8226666666666667,0.9266666666666667,0.6733333333333333,0.4466666666666666,,,,0.3366336633663366,False
Arxiv-Nomic-100K,b17,8,182,"991,2266,4177,4815,8888",300,202,135,65,0.8226666666666667,0.9253333333333332,0.6733333333333333,0.4566666666666666,,,,0.3217821782178218,False
Arxiv-Nomic-100K,b17,8,183,"46,991,2266,4177,4815,8888",300,202,140,72,0.8226666666666667,0.9326666666666666,0.6733333333333333,0.4333333333333333,,,,0.3564356435643564,False
Arxiv-Nomic-100K,b17,8,184,"3732,4177,4815,8888",300,202,127,56,0.8226666666666667,0.9156666666666666,0.6733333333333333,0.4866666666666667,,,,0.2772277227722772,False
Arxiv-Nomic-100K,b17,8,185,"46,3732,4177,4815,8888",300,202,136,68,0.8226666666666667,0.926,0.6733333333333333,0.4466666666666666,,,,0.3366336633663366,False
Arxiv-Nomic-100K,b17,8,186,"991,3732,4177,4815,8888",300,202,132,61,0.8226666666666667,0.922,0.6733333333333333,0.47,,,,0.3019801980198019,False
Arxiv-Nomic-100K,b17,8,187,"46,991,3732,4177,4815,8888",300,202,140,72,0.8226666666666667,0.932,0.6733333333333333,0.4333333333333333,,,,0.3564356435643564,False
Arxiv-Nomic-100K,b17,8,188,"2266,3732,4177,4815,8888",300,202,137,67,0.8226666666666667,0.9266666666666667,0.6733333333333333,0.45,,,,0.3316831683168317,False
Arxiv-Nomic-100K,b17,8,189,"46,2266,3732,4177,4815,8888",300,202,141,75,0.8226666666666667,0.9333333333333332,0.6733333333333333,0.4233333333333333,,,,0.3712871287128713,False
Arxiv-Nomic-100K,b17,8,190,"991,2266,3732,4177,4815,8888",300,202,142,72,0.8226666666666667,0.9326666666666666,0.6733333333333333,0.4333333333333333,,,,0.3564356435643564,False
Arxiv-Nomic-100K,b17,8,191,"46,991,2266,3732,4177,4815,8888",300,202,145,79,0.8226666666666667,0.939,0.6733333333333333,0.41,,,,0.3910891089108911,False
Arxiv-Nomic-100K,b17,8,192,"7001,8888",300,202,94,26,0.8226666666666667,0.8859999999999999,0.6733333333333333,0.5866666666666667,,,,0.1287128712871287,False
Arxiv-Nomic-100K,b17,8,193,"46,7001,8888",300,202,115,40,0.8226666666666667,0.9043333333333332,0.6733333333333333,0.54,,,,0.198019801980198,False
Arxiv-Nomic-100K,b17,8,194,"991,7001,8888",300,202,108,39,0.8226666666666667,0.901,0.6733333333333333,0.5433333333333333,,,,0.193069306930693,False
Arxiv-Nomic-100K,b17,8,195,"46,991,7001,8888",300,202,124,50,0.8226666666666667,0.915,0.6733333333333333,0.5066666666666667,,,,0.2475247524752475,False
Arxiv-Nomic-100K,b17,8,196,"2266,7001,8888",300,202,108,37,0.8226666666666667,0.898,0.6733333333333333,0.55,,,,0.1831683168316831,False
Arxiv-Nomic-100K,b17,8,197,"46,2266,7001,8888",300,202,122,47,0.8226666666666667,0.9123333333333332,0.6733333333333333,0.5166666666666667,,,,0.2326732673267326,False
Arxiv-Nomic-100K,b17,8,198,"991,2266,7001,8888",300,202,120,49,0.8226666666666667,0.9116666666666668,0.6733333333333333,0.51,,,,0.2425742574257425,False
Arxiv-Nomic-100K,b17,8,199,"46,991,2266,7001,8888",300,202,130,57,0.8226666666666667,0.922,0.6733333333333333,0.4833333333333333,,,,0.2821782178217821,False
Arxiv-Nomic-100K,b17,8,200,"3732,7001,8888",300,202,117,39,0.8226666666666667,0.9063333333333332,0.6733333333333333,0.5433333333333333,,,,0.193069306930693,False
Arxiv-Nomic-100K,b17,8,201,"46,3732,7001,8888",300,202,128,53,0.8226666666666667,0.9173333333333332,0.6733333333333333,0.4966666666666666,,,,0.2623762376237624,False
Arxiv-Nomic-100K,b17,8,202,"991,3732,7001,8888",300,202,122,49,0.8226666666666667,0.9136666666666666,0.6733333333333333,0.51,,,,0.2425742574257425,False
Arxiv-Nomic-100K,b17,8,203,"46,991,3732,7001,8888",300,202,132,61,0.8226666666666667,0.924,0.6733333333333333,0.47,,,,0.3019801980198019,False
Arxiv-Nomic-100K,b17,8,204,"2266,3732,7001,8888",300,202,127,50,0.8226666666666667,0.916,0.6733333333333333,0.5066666666666667,,,,0.2475247524752475,False
Arxiv-Nomic-100K,b17,8,205,"46,2266,3732,7001,8888",300,202,134,60,0.8226666666666667,0.9246666666666666,0.6733333333333333,0.4733333333333333,,,,0.297029702970297,False
Arxiv-Nomic-100K,b17,8,206,"991,2266,3732,7001,8888",300,202,132,60,0.8226666666666667,0.923,0.6733333333333333,0.4733333333333333,,,,0.297029702970297,False
Arxiv-Nomic-100K,b17,8,207,"46,991,2266,3732,7001,8888",300,202,138,68,0.8226666666666667,0.931,0.6733333333333333,0.4466666666666666,,,,0.3366336633663366,False
Arxiv-Nomic-100K,b17,8,208,"4177,7001,8888",300,202,115,43,0.8226666666666667,0.906,0.6733333333333333,0.53,,,,0.2128712871287128,False
Arxiv-Nomic-100K,b17,8,209,"46,4177,7001,8888",300,202,129,56,0.8226666666666667,0.918,0.6733333333333333,0.4866666666666667,,,,0.2772277227722772,False
Arxiv-Nomic-100K,b17,8,210,"991,4177,7001,8888",300,202,122,50,0.8226666666666667,0.9136666666666666,0.6733333333333333,0.5066666666666667,,,,0.2475247524752475,False
Arxiv-Nomic-100K,b17,8,211,"46,991,4177,7001,8888",300,202,134,61,0.8226666666666667,0.925,0.6733333333333333,0.47,,,,0.3019801980198019,False
Arxiv-Nomic-100K,b17,8,212,"2266,4177,7001,8888",300,202,127,53,0.8226666666666667,0.9163333333333334,0.6733333333333333,0.4966666666666666,,,,0.2623762376237624,False
Arxiv-Nomic-100K,b17,8,213,"46,2266,4177,7001,8888",300,202,135,62,0.8226666666666667,0.9243333333333336,0.6733333333333333,0.4666666666666667,,,,0.3069306930693069,False
Arxiv-Nomic-100K,b17,8,214,"991,2266,4177,7001,8888",300,202,132,59,0.8226666666666667,0.9226666666666666,0.6733333333333333,0.4766666666666667,,,,0.292079207920792,False
Arxiv-Nomic-100K,b17,8,215,"46,991,2266,4177,7001,8888",300,202,139,67,0.8226666666666667,0.9303333333333332,0.6733333333333333,0.45,,,,0.3316831683168317,False
Arxiv-Nomic-100K,b17,8,216,"3732,4177,7001,8888",300,202,128,52,0.8226666666666667,0.917,0.6733333333333333,0.5,,,,0.2574257425742574,False
Arxiv-Nomic-100K,b17,8,217,"46,3732,4177,7001,8888",300,202,137,64,0.8226666666666667,0.926,0.6733333333333333,0.46,,,,0.3168316831683168,False
Arxiv-Nomic-100K,b17,8,218,"991,3732,4177,7001,8888",300,202,131,58,0.8226666666666667,0.923,0.6733333333333333,0.48,,,,0.2871287128712871,False
Arxiv-Nomic-100K,b17,8,219,"46,991,3732,4177,7001,8888",300,202,139,69,0.8226666666666667,0.9316666666666666,0.6733333333333333,0.4433333333333333,,,,0.3415841584158416,False
Arxiv-Nomic-100K,b17,8,220,"2266,3732,4177,7001,8888",300,202,137,62,0.8226666666666667,0.925,0.6733333333333333,0.4666666666666667,,,,0.3069306930693069,False
Arxiv-Nomic-100K,b17,8,221,"46,2266,3732,4177,7001,8888",300,202,142,70,0.8226666666666667,0.9316666666666666,0.6733333333333333,0.44,,,,0.3465346534653465,False
Arxiv-Nomic-100K,b17,8,222,"991,2266,3732,4177,7001,8888",300,202,140,68,0.8226666666666667,0.9306666666666666,0.6733333333333333,0.4466666666666666,,,,0.3366336633663366,False
Arxiv-Nomic-100K,b17,8,223,"46,991,2266,3732,4177,7001,8888",300,202,144,75,0.8226666666666667,0.937,0.6733333333333333,0.4233333333333333,,,,0.3712871287128713,False
Arxiv-Nomic-100K,b17,8,224,"4815,7001,8888",300,202,113,41,0.8226666666666667,0.9046666666666668,0.6733333333333333,0.5366666666666666,,,,0.2029702970297029,False
Arxiv-Nomic-100K,b17,8,225,"46,4815,7001,8888",300,202,126,51,0.8226666666666667,0.9163333333333334,0.6733333333333333,0.5033333333333333,,,,0.2524752475247525,False
Arxiv-Nomic-100K,b17,8,226,"991,4815,7001,8888",300,202,120,49,0.8226666666666667,0.914,0.6733333333333333,0.51,,,,0.2425742574257425,False
Arxiv-Nomic-100K,b17,8,227,"46,991,4815,7001,8888",300,202,131,58,0.8226666666666667,0.9253333333333332,0.6733333333333333,0.48,,,,0.2871287128712871,False
Arxiv-Nomic-100K,b17,8,228,"2266,4815,7001,8888",300,202,124,52,0.8226666666666667,0.9153333333333334,0.6733333333333333,0.5,,,,0.2574257425742574,False
Arxiv-Nomic-100K,b17,8,229,"46,2266,4815,7001,8888",300,202,132,59,0.8226666666666667,0.9236666666666666,0.6733333333333333,0.4766666666666667,,,,0.292079207920792,False
Arxiv-Nomic-100K,b17,8,230,"991,2266,4815,7001,8888",300,202,130,60,0.8226666666666667,0.924,0.6733333333333333,0.4733333333333333,,,,0.297029702970297,False
Arxiv-Nomic-100K,b17,8,231,"46,991,2266,4815,7001,8888",300,202,136,66,0.8226666666666667,0.932,0.6733333333333333,0.4533333333333333,,,,0.3267326732673267,False
Arxiv-Nomic-100K,b17,8,232,"3732,4815,7001,8888",300,202,128,50,0.8226666666666667,0.9183333333333332,0.6733333333333333,0.5066666666666667,,,,0.2475247524752475,False
Arxiv-Nomic-100K,b17,8,233,"46,3732,4815,7001,8888",300,202,136,63,0.8226666666666667,0.928,0.6733333333333333,0.4633333333333333,,,,0.3118811881188119,False
Arxiv-Nomic-100K,b17,8,234,"991,3732,4815,7001,8888",300,202,131,56,0.8226666666666667,0.924,0.6733333333333333,0.4866666666666667,,,,0.2772277227722772,False
Arxiv-Nomic-100K,b17,8,235,"46,991,3732,4815,7001,8888",300,202,138,68,0.8226666666666667,0.9333333333333332,0.6733333333333333,0.4466666666666666,,,,0.3366336633663366,False
Arxiv-Nomic-100K,b17,8,236,"2266,3732,4815,7001,8888",300,202,137,62,0.8226666666666667,0.9273333333333332,0.6733333333333333,0.4666666666666667,,,,0.3069306930693069,False
Arxiv-Nomic-100K,b17,8,237,"46,2266,3732,4815,7001,8888",300,202,141,71,0.8226666666666667,0.9346666666666664,0.6733333333333333,0.4366666666666666,,,,0.3514851485148514,False
Arxiv-Nomic-100K,b17,8,238,"991,2266,3732,4815,7001,8888",300,202,140,68,0.8226666666666667,0.933,0.6733333333333333,0.4466666666666666,,,,0.3366336633663366,False
Arxiv-Nomic-100K,b17,8,239,"46,991,2266,3732,4815,7001,8888",300,202,143,76,0.8226666666666667,0.94,0.6733333333333333,0.42,,,,0.3762376237623762,False
Arxiv-Nomic-100K,b17,8,240,"4177,4815,7001,8888",300,202,127,55,0.8226666666666667,0.9183333333333332,0.6733333333333333,0.49,,,,0.2722772277227723,False
Arxiv-Nomic-100K,b17,8,241,"46,4177,4815,7001,8888",300,202,137,66,0.8226666666666667,0.9283333333333332,0.6733333333333333,0.4533333333333333,,,,0.3267326732673267,False
Arxiv-Nomic-100K,b17,8,242,"991,4177,4815,7001,8888",300,202,132,60,0.8226666666666667,0.9246666666666666,0.6733333333333333,0.4733333333333333,,,,0.297029702970297,False
Arxiv-Nomic-100K,b17,8,243,"46,991,4177,4815,7001,8888",300,202,141,70,0.8226666666666667,0.9343333333333332,0.6733333333333333,0.44,,,,0.3465346534653465,False
Arxiv-Nomic-100K,b17,8,244,"2266,4177,4815,7001,8888",300,202,137,66,0.8226666666666667,0.9276666666666668,0.6733333333333333,0.4533333333333333,,,,0.3267326732673267,False
Arxiv-Nomic-100K,b17,8,245,"46,2266,4177,4815,7001,8888",300,202,142,73,0.8226666666666667,0.9343333333333332,0.6733333333333333,0.43,,,,0.3613861386138614,False
Arxiv-Nomic-100K,b17,8,246,"991,2266,4177,4815,7001,8888",300,202,141,71,0.8226666666666667,0.9333333333333332,0.6733333333333333,0.4366666666666666,,,,0.3514851485148514,False
Arxiv-Nomic-100K,b17,8,247,"46,991,2266,4177,4815,7001,8888",300,202,145,77,0.8226666666666667,0.9396666666666668,0.6733333333333333,0.4166666666666667,,,,0.3811881188118812,False
Arxiv-Nomic-100K,b17,8,248,"3732,4177,4815,7001,8888",300,202,136,62,0.8226666666666667,0.9273333333333332,0.6733333333333333,0.4666666666666667,,,,0.3069306930693069,False
Arxiv-Nomic-100K,b17,8,249,"46,3732,4177,4815,7001,8888",300,202,143,73,0.8226666666666667,0.9353333333333332,0.6733333333333333,0.43,,,,0.3613861386138614,False
Arxiv-Nomic-100K,b17,8,250,"991,3732,4177,4815,7001,8888",300,202,139,67,0.8226666666666667,0.9326666666666666,0.6733333333333333,0.45,,,,0.3316831683168317,False
Arxiv-Nomic-100K,b17,8,251,"46,991,3732,4177,4815,7001,8888",300,202,145,77,0.8226666666666667,0.9403333333333336,0.6733333333333333,0.4166666666666667,,,,0.3811881188118812,False
Arxiv-Nomic-100K,b17,8,252,"2266,3732,4177,4815,7001,8888",300,202,144,73,0.8226666666666667,0.935,0.6733333333333333,0.43,,,,0.3613861386138614,False
Arxiv-Nomic-100K,b17,8,253,"46,2266,3732,4177,4815,7001,8888",300,202,147,80,0.8226666666666667,0.9406666666666668,0.6733333333333333,0.4066666666666667,,,,0.396039603960396,False
Arxiv-Nomic-100K,b17,8,254,"991,2266,3732,4177,4815,7001,8888",300,202,147,78,0.8226666666666667,0.9403333333333336,0.6733333333333333,0.4133333333333333,,,,0.3861386138613861,False
Arxiv-Nomic-100K,b17,8,255,"46,991,2266,3732,4177,4815,7001,8888",300,202,149,84,0.8226666666666667,0.9456666666666668,0.6733333333333333,0.3933333333333333,,,,0.4158415841584158,False
Arxiv-Nomic-100K,b17,16,0,EMPTY,300,158,0,0,0.8886666666666667,0.8886666666666667,0.5266666666666666,0.5266666666666666,33.75,33.75,32.2875,0.0,True
Arxiv-Nomic-100K,b17,16,1,46,300,158,30,11,0.8886666666666667,0.908,0.5266666666666666,0.49,,,,0.0696202531645569,False
Arxiv-Nomic-100K,b17,16,2,991,300,158,34,17,0.8886666666666667,0.9146666666666666,0.5266666666666666,0.47,,,,0.1075949367088607,False
Arxiv-Nomic-100K,b17,16,3,"46,991",300,158,56,25,0.8886666666666667,0.9263333333333332,0.5266666666666666,0.4433333333333333,,,,0.1582278481012658,False
Arxiv-Nomic-100K,b17,16,4,2266,300,158,33,12,0.8886666666666667,0.9113333333333332,0.5266666666666666,0.4866666666666667,,,,0.0759493670886076,False
Arxiv-Nomic-100K,b17,16,5,"46,2266",300,158,49,20,0.8886666666666667,0.9203333333333332,0.5266666666666666,0.46,,,,0.1265822784810126,False
Arxiv-Nomic-100K,b17,16,6,"991,2266",300,158,54,23,0.8886666666666667,0.9266666666666667,0.5266666666666666,0.45,,,,0.1455696202531645,False
Arxiv-Nomic-100K,b17,16,7,"46,991,2266",300,158,70,31,0.8886666666666667,0.9343333333333332,0.5266666666666666,0.4233333333333333,,,,0.1962025316455696,False
Arxiv-Nomic-100K,b17,16,8,3732,300,158,39,17,0.8886666666666667,0.915,0.5266666666666666,0.47,,,,0.1075949367088607,False
Arxiv-Nomic-100K,b17,16,9,"46,3732",300,158,57,28,0.8886666666666667,0.9266666666666667,0.5266666666666666,0.4333333333333333,,,,0.1772151898734177,False
Arxiv-Nomic-100K,b17,16,10,"991,3732",300,158,54,27,0.8886666666666667,0.927,0.5266666666666666,0.4366666666666666,,,,0.170886075949367,False
Arxiv-Nomic-100K,b17,16,11,"46,991,3732",300,158,70,36,0.8886666666666667,0.9366666666666668,0.5266666666666666,0.4066666666666667,,,,0.2278481012658227,False
Arxiv-Nomic-100K,b17,16,12,"2266,3732",300,158,60,26,0.8886666666666667,0.928,0.5266666666666666,0.44,,,,0.1645569620253164,False
Arxiv-Nomic-100K,b17,16,13,"46,2266,3732",300,158,71,35,0.8886666666666667,0.9363333333333334,0.5266666666666666,0.41,,,,0.2215189873417721,False
Arxiv-Nomic-100K,b17,16,14,"991,2266,3732",300,158,70,32,0.8886666666666667,0.937,0.5266666666666666,0.42,,,,0.2025316455696202,False
Arxiv-Nomic-100K,b17,16,15,"46,991,2266,3732",300,158,81,41,0.8886666666666667,0.944,0.5266666666666666,0.39,,,,0.2594936708860759,False
Arxiv-Nomic-100K,b17,16,16,4177,300,158,36,17,0.8886666666666667,0.914,0.5266666666666666,0.47,,,,0.1075949367088607,False
Arxiv-Nomic-100K,b17,16,17,"46,4177",300,158,54,24,0.8886666666666667,0.9256666666666666,0.5266666666666666,0.4466666666666666,,,,0.1518987341772152,False
Arxiv-Nomic-100K,b17,16,18,"991,4177",300,158,54,25,0.8886666666666667,0.925,0.5266666666666666,0.4433333333333333,,,,0.1582278481012658,False
Arxiv-Nomic-100K,b17,16,19,"46,991,4177",300,158,70,32,0.8886666666666667,0.934,0.5266666666666666,0.42,,,,0.2025316455696202,False
Arxiv-Nomic-100K,b17,16,20,"2266,4177",300,158,56,26,0.8886666666666667,0.9266666666666667,0.5266666666666666,0.44,,,,0.1645569620253164,False
Arxiv-Nomic-100K,b17,16,21,"46,2266,4177",300,158,67,33,0.8886666666666667,0.9336666666666666,0.5266666666666666,0.4166666666666667,,,,0.2088607594936709,False
Arxiv-Nomic-100K,b17,16,22,"991,2266,4177",300,158,69,32,0.8886666666666667,0.9343333333333332,0.5266666666666666,0.42,,,,0.2025316455696202,False
Arxiv-Nomic-100K,b17,16,23,"46,991,2266,4177",300,158,80,39,0.8886666666666667,0.94,0.5266666666666666,0.3966666666666666,,,,0.2468354430379747,False
Arxiv-Nomic-100K,b17,16,24,"3732,4177",300,158,58,28,0.8886666666666667,0.927,0.5266666666666666,0.4333333333333333,,,,0.1772151898734177,False
Arxiv-Nomic-100K,b17,16,25,"46,3732,4177",300,158,69,35,0.8886666666666667,0.9353333333333332,0.5266666666666666,0.41,,,,0.2215189873417721,False
Arxiv-Nomic-100K,b17,16,26,"991,3732,4177",300,158,67,34,0.8886666666666667,0.9346666666666664,0.5266666666666666,0.4133333333333333,,,,0.2151898734177215,False
Arxiv-Nomic-100K,b17,16,27,"46,991,3732,4177",300,158,78,41,0.8886666666666667,0.9416666666666668,0.5266666666666666,0.39,,,,0.2594936708860759,False
Arxiv-Nomic-100K,b17,16,28,"2266,3732,4177",300,158,72,35,0.8886666666666667,0.935,0.5266666666666666,0.41,,,,0.2215189873417721,False
Arxiv-Nomic-100K,b17,16,29,"46,2266,3732,4177",300,158,79,42,0.8886666666666667,0.9413333333333334,0.5266666666666666,0.3866666666666666,,,,0.2658227848101265,False
Arxiv-Nomic-100K,b17,16,30,"991,2266,3732,4177",300,158,79,40,0.8886666666666667,0.942,0.5266666666666666,0.3933333333333333,,,,0.2531645569620253,False
Arxiv-Nomic-100K,b17,16,31,"46,991,2266,3732,4177",300,158,86,47,0.8886666666666667,0.947,0.5266666666666666,0.37,,,,0.2974683544303797,False
Arxiv-Nomic-100K,b17,16,32,4815,300,158,32,15,0.8886666666666667,0.909,0.5266666666666666,0.4766666666666667,,,,0.0949367088607595,False
Arxiv-Nomic-100K,b17,16,33,"46,4815",300,158,52,22,0.8886666666666667,0.9213333333333332,0.5266666666666666,0.4533333333333333,,,,0.1392405063291139,False
Arxiv-Nomic-100K,b17,16,34,"991,4815",300,158,55,28,0.8886666666666667,0.926,0.5266666666666666,0.4333333333333333,,,,0.1772151898734177,False
Arxiv-Nomic-100K,b17,16,35,"46,991,4815",300,158,72,35,0.8886666666666667,0.936,0.5266666666666666,0.41,,,,0.2215189873417721,False
Arxiv-Nomic-100K,b17,16,36,"2266,4815",300,158,55,24,0.8886666666666667,0.9233333333333332,0.5266666666666666,0.4466666666666666,,,,0.1518987341772152,False
Arxiv-Nomic-100K,b17,16,37,"46,2266,4815",300,158,67,30,0.8886666666666667,0.931,0.5266666666666666,0.4266666666666667,,,,0.189873417721519,False
Arxiv-Nomic-100K,b17,16,38,"991,2266,4815",300,158,71,34,0.8886666666666667,0.9363333333333334,0.5266666666666666,0.4133333333333333,,,,0.2151898734177215,False
Arxiv-Nomic-100K,b17,16,39,"46,991,2266,4815",300,158,83,40,0.8886666666666667,0.9426666666666664,0.5266666666666666,0.3933333333333333,,,,0.2531645569620253,False
Arxiv-Nomic-100K,b17,16,40,"3732,4815",300,158,54,24,0.8886666666666667,0.9223333333333332,0.5266666666666666,0.4466666666666666,,,,0.1518987341772152,False
Arxiv-Nomic-100K,b17,16,41,"46,3732,4815",300,158,68,33,0.8886666666666667,0.9326666666666666,0.5266666666666666,0.4166666666666667,,,,0.2088607594936709,False
Arxiv-Nomic-100K,b17,16,42,"991,3732,4815",300,158,67,34,0.8886666666666667,0.934,0.5266666666666666,0.4133333333333333,,,,0.2151898734177215,False
Arxiv-Nomic-100K,b17,16,43,"46,991,3732,4815",300,158,80,42,0.8886666666666667,0.9426666666666664,0.5266666666666666,0.3866666666666666,,,,0.2658227848101265,False
Arxiv-Nomic-100K,b17,16,44,"2266,3732,4815",300,158,72,32,0.8886666666666667,0.9343333333333332,0.5266666666666666,0.42,,,,0.2025316455696202,False
Arxiv-Nomic-100K,b17,16,45,"46,2266,3732,4815",300,158,80,40,0.8886666666666667,0.9416666666666668,0.5266666666666666,0.3933333333333333,,,,0.2531645569620253,False
Arxiv-Nomic-100K,b17,16,46,"991,2266,3732,4815",300,158,81,39,0.8886666666666667,0.9433333333333334,0.5266666666666666,0.3966666666666666,,,,0.2468354430379747,False
Arxiv-Nomic-100K,b17,16,47,"46,991,2266,3732,4815",300,158,89,47,0.8886666666666667,0.9493333333333334,0.5266666666666666,0.37,,,,0.2974683544303797,False
Arxiv-Nomic-100K,b17,16,48,"4177,4815",300,158,57,27,0.8886666666666667,0.926,0.5266666666666666,0.4366666666666666,,,,0.170886075949367,False
Arxiv-Nomic-100K,b17,16,49,"46,4177,4815",300,158,69,33,0.8886666666666667,0.9346666666666664,0.5266666666666666,0.4166666666666667,,,,0.2088607594936709,False
Arxiv-Nomic-100K,b17,16,50,"991,4177,4815",300,158,70,34,0.8886666666666667,0.9343333333333332,0.5266666666666666,0.4133333333333333,,,,0.2151898734177215,False
Arxiv-Nomic-100K,b17,16,51,"46,991,4177,4815",300,158,81,40,0.8886666666666667,0.9416666666666668,0.5266666666666666,0.3933333333333333,,,,0.2531645569620253,False
Arxiv-Nomic-100K,b17,16,52,"2266,4177,4815",300,158,72,36,0.8886666666666667,0.935,0.5266666666666666,0.4066666666666667,,,,0.2278481012658227,False
Arxiv-Nomic-100K,b17,16,53,"46,2266,4177,4815",300,158,79,41,0.8886666666666667,0.9406666666666668,0.5266666666666666,0.39,,,,0.2594936708860759,False
Arxiv-Nomic-100K,b17,16,54,"991,2266,4177,4815",300,158,81,41,0.8886666666666667,0.942,0.5266666666666666,0.39,,,,0.2594936708860759,False
Arxiv-Nomic-100K,b17,16,55,"46,991,2266,4177,4815",300,158,88,46,0.8886666666666667,0.9463333333333332,0.5266666666666666,0.3733333333333333,,,,0.2911392405063291,False
Arxiv-Nomic-100K,b17,16,56,"3732,4177,4815",300,158,70,34,0.8886666666666667,0.9336666666666666,0.5266666666666666,0.4133333333333333,,,,0.2151898734177215,False
Arxiv-Nomic-100K,b17,16,57,"46,3732,4177,4815",300,158,78,40,0.8886666666666667,0.941,0.5266666666666666,0.3933333333333333,,,,0.2531645569620253,False
Arxiv-Nomic-100K,b17,16,58,"991,3732,4177,4815",300,158,78,40,0.8886666666666667,0.9413333333333334,0.5266666666666666,0.3933333333333333,,,,0.2531645569620253,False
Arxiv-Nomic-100K,b17,16,59,"46,991,3732,4177,4815",300,158,86,46,0.8886666666666667,0.9473333333333332,0.5266666666666666,0.3733333333333333,,,,0.2911392405063291,False
Arxiv-Nomic-100K,b17,16,60,"2266,3732,4177,4815",300,158,82,41,0.8886666666666667,0.941,0.5266666666666666,0.39,,,,0.2594936708860759,False
Arxiv-Nomic-100K,b17,16,61,"46,2266,3732,4177,4815",300,158,86,47,0.8886666666666667,0.9463333333333332,0.5266666666666666,0.37,,,,0.2974683544303797,False
Arxiv-Nomic-100K,b17,16,62,"991,2266,3732,4177,4815",300,158,88,46,0.8886666666666667,0.948,0.5266666666666666,0.3733333333333333,,,,0.2911392405063291,False
Arxiv-Nomic-100K,b17,16,63,"46,991,2266,3732,4177,4815",300,158,92,52,0.8886666666666667,0.952,0.5266666666666666,0.3533333333333333,,,,0.3291139240506329,False
Arxiv-Nomic-100K,b17,16,64,7001,300,158,37,13,0.8886666666666667,0.91,0.5266666666666666,0.4833333333333333,,,,0.0822784810126582,False
Arxiv-Nomic-100K,b17,16,65,"46,7001",300,158,53,20,0.8886666666666667,0.92,0.5266666666666666,0.46,,,,0.1265822784810126,False
Arxiv-Nomic-100K,b17,16,66,"991,7001",300,158,56,24,0.8886666666666667,0.9263333333333332,0.5266666666666666,0.4466666666666666,,,,0.1518987341772152,False
Arxiv-Nomic-100K,b17,16,67,"46,991,7001",300,158,71,31,0.8886666666666667,0.935,0.5266666666666666,0.4233333333333333,,,,0.1962025316455696,False
Arxiv-Nomic-100K,b17,16,68,"2266,7001",300,158,54,21,0.8886666666666667,0.9206666666666669,0.5266666666666666,0.4566666666666666,,,,0.1329113924050632,False
Arxiv-Nomic-100K,b17,16,69,"46,2266,7001",300,158,67,28,0.8886666666666667,0.9286666666666668,0.5266666666666666,0.4333333333333333,,,,0.1772151898734177,False
Arxiv-Nomic-100K,b17,16,70,"991,2266,7001",300,158,68,29,0.8886666666666667,0.9336666666666666,0.5266666666666666,0.43,,,,0.1835443037974683,False
Arxiv-Nomic-100K,b17,16,71,"46,991,2266,7001",300,158,81,36,0.8886666666666667,0.9403333333333336,0.5266666666666666,0.4066666666666667,,,,0.2278481012658227,False
Arxiv-Nomic-100K,b17,16,72,"3732,7001",300,158,62,25,0.8886666666666667,0.927,0.5266666666666666,0.4433333333333333,,,,0.1582278481012658,False
Arxiv-Nomic-100K,b17,16,73,"46,3732,7001",300,158,71,33,0.8886666666666667,0.935,0.5266666666666666,0.4166666666666667,,,,0.2088607594936709,False
Arxiv-Nomic-100K,b17,16,74,"991,3732,7001",300,158,70,32,0.8886666666666667,0.9363333333333334,0.5266666666666666,0.42,,,,0.2025316455696202,False
Arxiv-Nomic-100K,b17,16,75,"46,991,3732,7001",300,158,79,40,0.8886666666666667,0.943,0.5266666666666666,0.3933333333333333,,,,0.2531645569620253,False
Arxiv-Nomic-100K,b17,16,76,"2266,3732,7001",300,158,74,32,0.8886666666666667,0.935,0.5266666666666666,0.42,,,,0.2025316455696202,False
Arxiv-Nomic-100K,b17,16,77,"46,2266,3732,7001",300,158,82,40,0.8886666666666667,0.9423333333333334,0.5266666666666666,0.3933333333333333,,,,0.2531645569620253,False
Arxiv-Nomic-100K,b17,16,78,"991,2266,3732,7001",300,158,80,37,0.8886666666666667,0.9423333333333334,0.5266666666666666,0.4033333333333333,,,,0.2341772151898734,False
Arxiv-Nomic-100K,b17,16,79,"46,991,2266,3732,7001",300,158,88,45,0.8886666666666667,0.9483333333333333,0.5266666666666666,0.3766666666666666,,,,0.2848101265822785,False
Arxiv-Nomic-100K,b17,16,80,"4177,7001",300,158,60,23,0.8886666666666667,0.9263333333333332,0.5266666666666666,0.45,,,,0.1455696202531645,False
Arxiv-Nomic-100K,b17,16,81,"46,4177,7001",300,158,71,29,0.8886666666666667,0.9343333333333332,0.5266666666666666,0.43,,,,0.1835443037974683,False
Arxiv-Nomic-100K,b17,16,82,"991,4177,7001",300,158,72,30,0.8886666666666667,0.9343333333333332,0.5266666666666666,0.4266666666666667,,,,0.189873417721519,False
Arxiv-Nomic-100K,b17,16,83,"46,991,4177,7001",300,158,82,36,0.8886666666666667,0.941,0.5266666666666666,0.4066666666666667,,,,0.2278481012658227,False
Arxiv-Nomic-100K,b17,16,84,"2266,4177,7001",300,158,71,31,0.8886666666666667,0.933,0.5266666666666666,0.4233333333333333,,,,0.1962025316455696,False
Arxiv-Nomic-100K,b17,16,85,"46,2266,4177,7001",300,158,79,37,0.8886666666666667,0.939,0.5266666666666666,0.4033333333333333,,,,0.2341772151898734,False
Arxiv-Nomic-100K,b17,16,86,"991,2266,4177,7001",300,158,80,36,0.8886666666666667,0.94,0.5266666666666666,0.4066666666666667,,,,0.2278481012658227,False
Arxiv-Nomic-100K,b17,16,87,"46,991,2266,4177,7001",300,158,88,42,0.8886666666666667,0.9446666666666668,0.5266666666666666,0.3866666666666666,,,,0.2658227848101265,False
Arxiv-Nomic-100K,b17,16,88,"3732,4177,7001",300,158,75,32,0.8886666666666667,0.9356666666666668,0.5266666666666666,0.42,,,,0.2025316455696202,False
Arxiv-Nomic-100K,b17,16,89,"46,3732,4177,7001",300,158,80,38,0.8886666666666667,0.9416666666666668,0.5266666666666666,0.4,,,,0.240506329113924,False
Arxiv-Nomic-100K,b17,16,90,"991,3732,4177,7001",300,158,81,38,0.8886666666666667,0.9426666666666664,0.5266666666666666,0.4,,,,0.240506329113924,False
Arxiv-Nomic-100K,b17,16,91,"46,991,3732,4177,7001",300,158,86,44,0.8886666666666667,0.9473333333333332,0.5266666666666666,0.38,,,,0.2784810126582278,False
Arxiv-Nomic-100K,b17,16,92,"2266,3732,4177,7001",300,158,83,39,0.8886666666666667,0.9403333333333336,0.5266666666666666,0.3966666666666666,,,,0.2468354430379747,False
Arxiv-Nomic-100K,b17,16,93,"46,2266,3732,4177,7001",300,158,87,45,0.8886666666666667,0.9456666666666668,0.5266666666666666,0.3766666666666666,,,,0.2848101265822785,False
Arxiv-Nomic-100K,b17,16,94,"991,2266,3732,4177,7001",300,158,88,44,0.8886666666666667,0.947,0.5266666666666666,0.38,,,,0.2784810126582278,False
Arxiv-Nomic-100K,b17,16,95,"46,991,2266,3732,4177,7001",300,158,92,50,0.8886666666666667,0.951,0.5266666666666666,0.36,,,,0.3164556962025316,False
Arxiv-Nomic-100K,b17,16,96,"4815,7001",300,158,52,22,0.8886666666666667,0.921,0.5266666666666666,0.4533333333333333,,,,0.1392405063291139,False
Arxiv-Nomic-100K,b17,16,97,"46,4815,7001",300,158,65,28,0.8886666666666667,0.9296666666666666,0.5266666666666666,0.4333333333333333,,,,0.1772151898734177,False
Arxiv-Nomic-100K,b17,16,98,"991,4815,7001",300,158,68,33,0.8886666666666667,0.935,0.5266666666666666,0.4166666666666667,,,,0.2088607594936709,False
Arxiv-Nomic-100K,b17,16,99,"46,991,4815,7001",300,158,80,39,0.8886666666666667,0.9423333333333334,0.5266666666666666,0.3966666666666666,,,,0.2468354430379747,False
Arxiv-Nomic-100K,b17,16,100,"2266,4815,7001",300,158,65,31,0.8886666666666667,0.93,0.5266666666666666,0.4233333333333333,,,,0.1962025316455696,False
Arxiv-Nomic-100K,b17,16,101,"46,2266,4815,7001",300,158,76,36,0.8886666666666667,0.937,0.5266666666666666,0.4066666666666667,,,,0.2278481012658227,False
Arxiv-Nomic-100K,b17,16,102,"991,2266,4815,7001",300,158,77,39,0.8886666666666667,0.9413333333333334,0.5266666666666666,0.3966666666666666,,,,0.2468354430379747,False
Arxiv-Nomic-100K,b17,16,103,"46,991,2266,4815,7001",300,158,88,44,0.8886666666666667,0.947,0.5266666666666666,0.38,,,,0.2784810126582278,False
Arxiv-Nomic-100K,b17,16,104,"3732,4815,7001",300,158,70,32,0.8886666666666667,0.933,0.5266666666666666,0.42,,,,0.2025316455696202,False
Arxiv-Nomic-100K,b17,16,105,"46,3732,4815,7001",300,158,78,39,0.8886666666666667,0.9403333333333336,0.5266666666666666,0.3966666666666666,,,,0.2468354430379747,False
Arxiv-Nomic-100K,b17,16,106,"991,3732,4815,7001",300,158,78,39,0.8886666666666667,0.9423333333333334,0.5266666666666666,0.3966666666666666,,,,0.2468354430379747,False
Arxiv-Nomic-100K,b17,16,107,"46,991,3732,4815,7001",300,158,86,46,0.8886666666666667,0.9483333333333333,0.5266666666666666,0.3733333333333333,,,,0.2911392405063291,False
Arxiv-Nomic-100K,b17,16,108,"2266,3732,4815,7001",300,158,80,39,0.8886666666666667,0.9403333333333336,0.5266666666666666,0.3966666666666666,,,,0.2468354430379747,False
Arxiv-Nomic-100K,b17,16,109,"46,2266,3732,4815,7001",300,158,87,46,0.8886666666666667,0.947,0.5266666666666666,0.3733333333333333,,,,0.2911392405063291,False
Arxiv-Nomic-100K,b17,16,110,"991,2266,3732,4815,7001",300,158,86,44,0.8886666666666667,0.9476666666666668,0.5266666666666666,0.38,,,,0.2784810126582278,False
Arxiv-Nomic-100K,b17,16,111,"46,991,2266,3732,4815,7001",300,158,93,51,0.8886666666666667,0.953,0.5266666666666666,0.3566666666666667,,,,0.3227848101265823,False
Arxiv-Nomic-100K,b17,16,112,"4177,4815,7001",300,158,72,32,0.8886666666666667,0.9346666666666664,0.5266666666666666,0.42,,,,0.2025316455696202,False
Arxiv-Nomic-100K,b17,16,113,"46,4177,4815,7001",300,158,80,37,0.8886666666666667,0.9413333333333334,0.5266666666666666,0.4033333333333333,,,,0.2341772151898734,False
Arxiv-Nomic-100K,b17,16,114,"991,4177,4815,7001",300,158,82,39,0.8886666666666667,0.9423333333333334,0.5266666666666666,0.3966666666666666,,,,0.2468354430379747,False
Arxiv-Nomic-100K,b17,16,115,"46,991,4177,4815,7001",300,158,89,44,0.8886666666666667,0.9476666666666668,0.5266666666666666,0.38,,,,0.2784810126582278,False
Arxiv-Nomic-100K,b17,16,116,"2266,4177,4815,7001",300,158,80,41,0.8886666666666667,0.9403333333333336,0.5266666666666666,0.39,,,,0.2594936708860759,False
Arxiv-Nomic-100K,b17,16,117,"46,2266,4177,4815,7001",300,158,86,45,0.8886666666666667,0.9453333333333334,0.5266666666666666,0.3766666666666666,,,,0.2848101265822785,False
Arxiv-Nomic-100K,b17,16,118,"991,2266,4177,4815,7001",300,158,87,46,0.8886666666666667,0.947,0.5266666666666666,0.3733333333333333,,,,0.2911392405063291,False
Arxiv-Nomic-100K,b17,16,119,"46,991,2266,4177,4815,7001",300,158,93,50,0.8886666666666667,0.9506666666666664,0.5266666666666666,0.36,,,,0.3164556962025316,False
Arxiv-Nomic-100K,b17,16,120,"3732,4177,4815,7001",300,158,82,39,0.8886666666666667,0.9416666666666668,0.5266666666666666,0.3966666666666666,,,,0.2468354430379747,False
Arxiv-Nomic-100K,b17,16,121,"46,3732,4177,4815,7001",300,158,86,44,0.8886666666666667,0.947,0.5266666666666666,0.38,,,,0.2784810126582278,False
Arxiv-Nomic-100K,b17,16,122,"991,3732,4177,4815,7001",300,158,88,45,0.8886666666666667,0.9486666666666668,0.5266666666666666,0.3766666666666666,,,,0.2848101265822785,False
Arxiv-Nomic-100K,b17,16,123,"46,991,3732,4177,4815,7001",300,158,92,50,0.8886666666666667,0.9526666666666668,0.5266666666666666,0.36,,,,0.3164556962025316,False
Arxiv-Nomic-100K,b17,16,124,"2266,3732,4177,4815,7001",300,158,88,46,0.8886666666666667,0.9456666666666668,0.5266666666666666,0.3733333333333333,,,,0.2911392405063291,False
Arxiv-Nomic-100K,b17,16,125,"46,2266,3732,4177,4815,7001",300,158,91,51,0.8886666666666667,0.9503333333333334,0.5266666666666666,0.3566666666666667,,,,0.3227848101265823,False
Arxiv-Nomic-100K,b17,16,126,"991,2266,3732,4177,4815,7001",300,158,93,51,0.8886666666666667,0.9523333333333334,0.5266666666666666,0.3566666666666667,,,,0.3227848101265823,False
Arxiv-Nomic-100K,b17,16,127,"46,991,2266,3732,4177,4815,7001",300,158,96,56,0.8886666666666667,0.9556666666666668,0.5266666666666666,0.34,,,,0.3544303797468354,False
Arxiv-Nomic-100K,b17,16,128,8888,300,158,34,14,0.8886666666666667,0.914,0.5266666666666666,0.48,,,,0.0886075949367088,False
Arxiv-Nomic-100K,b17,16,129,"46,8888",300,158,53,24,0.8886666666666667,0.925,0.5266666666666666,0.4466666666666666,,,,0.1518987341772152,False
Arxiv-Nomic-100K,b17,16,130,"991,8888",300,158,49,26,0.8886666666666667,0.9236666666666666,0.5266666666666666,0.44,,,,0.1645569620253164,False
Arxiv-Nomic-100K,b17,16,131,"46,991,8888",300,158,67,35,0.8886666666666667,0.9343333333333332,0.5266666666666666,0.41,,,,0.2215189873417721,False
Arxiv-Nomic-100K,b17,16,132,"2266,8888",300,158,53,20,0.8886666666666667,0.925,0.5266666666666666,0.46,,,,0.1265822784810126,False
Arxiv-Nomic-100K,b17,16,133,"46,2266,8888",300,158,65,29,0.8886666666666667,0.9316666666666666,0.5266666666666666,0.43,,,,0.1835443037974683,False
Arxiv-Nomic-100K,b17,16,134,"991,2266,8888",300,158,65,30,0.8886666666666667,0.9333333333333332,0.5266666666666666,0.4266666666666667,,,,0.189873417721519,False
Arxiv-Nomic-100K,b17,16,135,"46,991,2266,8888",300,158,77,39,0.8886666666666667,0.94,0.5266666666666666,0.3966666666666666,,,,0.2468354430379747,False
Arxiv-Nomic-100K,b17,16,136,"3732,8888",300,158,58,27,0.8886666666666667,0.9273333333333332,0.5266666666666666,0.4366666666666666,,,,0.170886075949367,False
Arxiv-Nomic-100K,b17,16,137,"46,3732,8888",300,158,72,37,0.8886666666666667,0.9363333333333334,0.5266666666666666,0.4033333333333333,,,,0.2341772151898734,False
Arxiv-Nomic-100K,b17,16,138,"991,3732,8888",300,158,66,34,0.8886666666666667,0.9333333333333332,0.5266666666666666,0.4133333333333333,,,,0.2151898734177215,False
Arxiv-Nomic-100K,b17,16,139,"46,991,3732,8888",300,158,79,43,0.8886666666666667,0.942,0.5266666666666666,0.3833333333333333,,,,0.2721518987341772,False
Arxiv-Nomic-100K,b17,16,140,"2266,3732,8888",300,158,73,32,0.8886666666666667,0.9363333333333334,0.5266666666666666,0.42,,,,0.2025316455696202,False
Arxiv-Nomic-100K,b17,16,141,"46,2266,3732,8888",300,158,81,41,0.8886666666666667,0.9423333333333334,0.5266666666666666,0.39,,,,0.2594936708860759,False
Arxiv-Nomic-100K,b17,16,142,"991,2266,3732,8888",300,158,79,38,0.8886666666666667,0.9416666666666668,0.5266666666666666,0.4,,,,0.240506329113924,False
Arxiv-Nomic-100K,b17,16,143,"46,991,2266,3732,8888",300,158,87,47,0.8886666666666667,0.9476666666666668,0.5266666666666666,0.37,,,,0.2974683544303797,False
Arxiv-Nomic-100K,b17,16,144,"4177,8888",300,158,54,27,0.8886666666666667,0.926,0.5266666666666666,0.4366666666666666,,,,0.170886075949367,False
Arxiv-Nomic-100K,b17,16,145,"46,4177,8888",300,158,67,35,0.8886666666666667,0.9343333333333332,0.5266666666666666,0.41,,,,0.2215189873417721,False
Arxiv-Nomic-100K,b17,16,146,"991,4177,8888",300,158,65,34,0.8886666666666667,0.932,0.5266666666666666,0.4133333333333333,,,,0.2151898734177215,False
Arxiv-Nomic-100K,b17,16,147,"46,991,4177,8888",300,158,78,42,0.8886666666666667,0.9403333333333336,0.5266666666666666,0.3866666666666666,,,,0.2658227848101265,False
Arxiv-Nomic-100K,b17,16,148,"2266,4177,8888",300,158,69,32,0.8886666666666667,0.9346666666666664,0.5266666666666666,0.42,,,,0.2025316455696202,False
Arxiv-Nomic-100K,b17,16,149,"46,2266,4177,8888",300,158,77,40,0.8886666666666667,0.9396666666666668,0.5266666666666666,0.3933333333333333,,,,0.2531645569620253,False
Arxiv-Nomic-100K,b17,16,150,"991,2266,4177,8888",300,158,78,38,0.8886666666666667,0.9396666666666668,0.5266666666666666,0.4,,,,0.240506329113924,False
Arxiv-Nomic-100K,b17,16,151,"46,991,2266,4177,8888",300,158,86,46,0.8886666666666667,0.9446666666666668,0.5266666666666666,0.3733333333333333,,,,0.2911392405063291,False
Arxiv-Nomic-100K,b17,16,152,"3732,4177,8888",300,158,70,37,0.8886666666666667,0.935,0.5266666666666666,0.4033333333333333,,,,0.2341772151898734,False
Arxiv-Nomic-100K,b17,16,153,"46,3732,4177,8888",300,158,79,44,0.8886666666666667,0.9413333333333334,0.5266666666666666,0.38,,,,0.2784810126582278,False
Arxiv-Nomic-100K,b17,16,154,"991,3732,4177,8888",300,158,76,41,0.8886666666666667,0.9396666666666668,0.5266666666666666,0.39,,,,0.2594936708860759,False
Arxiv-Nomic-100K,b17,16,155,"46,991,3732,4177,8888",300,158,85,48,0.8886666666666667,0.946,0.5266666666666666,0.3666666666666666,,,,0.3037974683544304,False
Arxiv-Nomic-100K,b17,16,156,"2266,3732,4177,8888",300,158,82,41,0.8886666666666667,0.9416666666666668,0.5266666666666666,0.39,,,,0.2594936708860759,False
Arxiv-Nomic-100K,b17,16,157,"46,2266,3732,4177,8888",300,158,87,48,0.8886666666666667,0.946,0.5266666666666666,0.3666666666666666,,,,0.3037974683544304,False
Arxiv-Nomic-100K,b17,16,158,"991,2266,3732,4177,8888",300,158,87,45,0.8886666666666667,0.946,0.5266666666666666,0.3766666666666666,,,,0.2848101265822785,False
Arxiv-Nomic-100K,b17,16,159,"46,991,2266,3732,4177,8888",300,158,92,52,0.8886666666666667,0.9503333333333334,0.5266666666666666,0.3533333333333333,,,,0.3291139240506329,False
Arxiv-Nomic-100K,b17,16,160,"4815,8888",300,158,54,23,0.8886666666666667,0.9226666666666666,0.5266666666666666,0.45,,,,0.1455696202531645,False
Arxiv-Nomic-100K,b17,16,161,"46,4815,8888",300,158,68,32,0.8886666666666667,0.932,0.5266666666666666,0.42,,,,0.2025316455696202,False
Arxiv-Nomic-100K,b17,16,162,"991,4815,8888",300,158,66,33,0.8886666666666667,0.9316666666666666,0.5266666666666666,0.4166666666666667,,,,0.2088607594936709,False
Arxiv-Nomic-100K,b17,16,163,"46,991,4815,8888",300,158,79,41,0.8886666666666667,0.9406666666666668,0.5266666666666666,0.39,,,,0.2594936708860759,False
Arxiv-Nomic-100K,b17,16,164,"2266,4815,8888",300,158,71,31,0.8886666666666667,0.9333333333333332,0.5266666666666666,0.4233333333333333,,,,0.1962025316455696,False
Arxiv-Nomic-100K,b17,16,165,"46,2266,4815,8888",300,158,79,38,0.8886666666666667,0.9386666666666666,0.5266666666666666,0.4,,,,0.240506329113924,False
Arxiv-Nomic-100K,b17,16,166,"991,2266,4815,8888",300,158,80,39,0.8886666666666667,0.941,0.5266666666666666,0.3966666666666666,,,,0.2468354430379747,False
Arxiv-Nomic-100K,b17,16,167,"46,991,2266,4815,8888",300,158,88,46,0.8886666666666667,0.9463333333333332,0.5266666666666666,0.3733333333333333,,,,0.2911392405063291,False
Arxiv-Nomic-100K,b17,16,168,"3732,4815,8888",300,158,70,33,0.8886666666666667,0.933,0.5266666666666666,0.4166666666666667,,,,0.2088607594936709,False
Arxiv-Nomic-100K,b17,16,169,"46,3732,4815,8888",300,158,81,42,0.8886666666666667,0.941,0.5266666666666666,0.3866666666666666,,,,0.2658227848101265,False
Arxiv-Nomic-100K,b17,16,170,"991,3732,4815,8888",300,158,77,40,0.8886666666666667,0.939,0.5266666666666666,0.3933333333333333,,,,0.2531645569620253,False
Arxiv-Nomic-100K,b17,16,171,"46,991,3732,4815,8888",300,158,87,48,0.8886666666666667,0.9466666666666668,0.5266666666666666,0.3666666666666666,,,,0.3037974683544304,False
Arxiv-Nomic-100K,b17,16,172,"2266,3732,4815,8888",300,158,84,39,0.8886666666666667,0.942,0.5266666666666666,0.3966666666666666,,,,0.2468354430379747,False
Arxiv-Nomic-100K,b17,16,173,"46,2266,3732,4815,8888",300,158,89,47,0.8886666666666667,0.947,0.5266666666666666,0.37,,,,0.2974683544303797,False
Arxiv-Nomic-100K,b17,16,174,"991,2266,3732,4815,8888",300,158,89,45,0.8886666666666667,0.9473333333333332,0.5266666666666666,0.3766666666666666,,,,0.2848101265822785,False
Arxiv-Nomic-100K,b17,16,175,"46,991,2266,3732,4815,8888",300,158,94,53,0.8886666666666667,0.9523333333333334,0.5266666666666666,0.35,,,,0.3354430379746835,False
Arxiv-Nomic-100K,b17,16,176,"4177,4815,8888",300,158,70,35,0.8886666666666667,0.9333333333333332,0.5266666666666666,0.41,,,,0.2215189873417721,False
Arxiv-Nomic-100K,b17,16,177,"46,4177,4815,8888",300,158,78,42,0.8886666666666667,0.94,0.5266666666666666,0.3866666666666666,,,,0.2658227848101265,False
Arxiv-Nomic-100K,b17,16,178,"991,4177,4815,8888",300,158,78,40,0.8886666666666667,0.9386666666666666,0.5266666666666666,0.3933333333333333,,,,0.2531645569620253,False
Arxiv-Nomic-100K,b17,16,179,"46,991,4177,4815,8888",300,158,86,47,0.8886666666666667,0.9453333333333334,0.5266666666666666,0.37,,,,0.2974683544303797,False
Arxiv-Nomic-100K,b17,16,180,"2266,4177,4815,8888",300,158,83,42,0.8886666666666667,0.9416666666666668,0.5266666666666666,0.3866666666666666,,,,0.2658227848101265,False
Arxiv-Nomic-100K,b17,16,181,"46,2266,4177,4815,8888",300,158,87,48,0.8886666666666667,0.9453333333333334,0.5266666666666666,0.3666666666666666,,,,0.3037974683544304,False
Arxiv-Nomic-100K,b17,16,182,"991,2266,4177,4815,8888",300,158,89,46,0.8886666666666667,0.946,0.5266666666666666,0.3733333333333333,,,,0.2911392405063291,False
Arxiv-Nomic-100K,b17,16,183,"46,991,2266,4177,4815,8888",300,158,93,52,0.8886666666666667,0.9496666666666668,0.5266666666666666,0.3533333333333333,,,,0.3291139240506329,False
Arxiv-Nomic-100K,b17,16,184,"3732,4177,4815,8888",300,158,80,42,0.8886666666666667,0.9403333333333336,0.5266666666666666,0.3866666666666666,,,,0.2658227848101265,False
Arxiv-Nomic-100K,b17,16,185,"46,3732,4177,4815,8888",300,158,86,48,0.8886666666666667,0.9456666666666668,0.5266666666666666,0.3666666666666666,,,,0.3037974683544304,False
Arxiv-Nomic-100K,b17,16,186,"991,3732,4177,4815,8888",300,158,85,46,0.8886666666666667,0.945,0.5266666666666666,0.3733333333333333,,,,0.2911392405063291,False
Arxiv-Nomic-100K,b17,16,187,"46,991,3732,4177,4815,8888",300,158,91,52,0.8886666666666667,0.9503333333333334,0.5266666666666666,0.3533333333333333,,,,0.3291139240506329,False
Arxiv-Nomic-100K,b17,16,188,"2266,3732,4177,4815,8888",300,158,91,47,0.8886666666666667,0.947,0.5266666666666666,0.37,,,,0.2974683544303797,False
Arxiv-Nomic-100K,b17,16,189,"46,2266,3732,4177,4815,8888",300,158,93,53,0.8886666666666667,0.9503333333333334,0.5266666666666666,0.35,,,,0.3354430379746835,False
Arxiv-Nomic-100K,b17,16,190,"991,2266,3732,4177,4815,8888",300,158,95,51,0.8886666666666667,0.9513333333333334,0.5266666666666666,0.3566666666666667,,,,0.3227848101265823,False
Arxiv-Nomic-100K,b17,16,191,"46,991,2266,3732,4177,4815,8888",300,158,97,57,0.8886666666666667,0.9546666666666668,0.5266666666666666,0.3366666666666666,,,,0.360759493670886,False
Arxiv-Nomic-100K,b17,16,192,"7001,8888",300,158,59,22,0.8886666666666667,0.926,0.5266666666666666,0.4533333333333333,,,,0.1392405063291139,False
Arxiv-Nomic-100K,b17,16,193,"46,7001,8888",300,158,70,30,0.8886666666666667,0.9336666666666666,0.5266666666666666,0.4266666666666667,,,,0.189873417721519,False
Arxiv-Nomic-100K,b17,16,194,"991,7001,8888",300,158,67,31,0.8886666666666667,0.9336666666666666,0.5266666666666666,0.4233333333333333,,,,0.1962025316455696,False
Arxiv-Nomic-100K,b17,16,195,"46,991,7001,8888",300,158,78,39,0.8886666666666667,0.9413333333333334,0.5266666666666666,0.3966666666666666,,,,0.2468354430379747,False
Arxiv-Nomic-100K,b17,16,196,"2266,7001,8888",300,158,69,27,0.8886666666666667,0.9326666666666666,0.5266666666666666,0.4366666666666666,,,,0.170886075949367,False
Arxiv-Nomic-100K,b17,16,197,"46,2266,7001,8888",300,158,78,35,0.8886666666666667,0.9383333333333332,0.5266666666666666,0.41,,,,0.2215189873417721,False
Arxiv-Nomic-100K,b17,16,198,"991,2266,7001,8888",300,158,76,35,0.8886666666666667,0.9396666666666668,0.5266666666666666,0.41,,,,0.2215189873417721,False
Arxiv-Nomic-100K,b17,16,199,"46,991,2266,7001,8888",300,158,85,43,0.8886666666666667,0.9453333333333334,0.5266666666666666,0.3833333333333333,,,,0.2721518987341772,False
Arxiv-Nomic-100K,b17,16,200,"3732,7001,8888",300,158,77,34,0.8886666666666667,0.938,0.5266666666666666,0.4133333333333333,,,,0.2151898734177215,False
Arxiv-Nomic-100K,b17,16,201,"46,3732,7001,8888",300,158,83,42,0.8886666666666667,0.9436666666666668,0.5266666666666666,0.3866666666666666,,,,0.2658227848101265,False
Arxiv-Nomic-100K,b17,16,202,"991,3732,7001,8888",300,158,80,39,0.8886666666666667,0.9423333333333334,0.5266666666666666,0.3966666666666666,,,,0.2468354430379747,False
Arxiv-Nomic-100K,b17,16,203,"46,991,3732,7001,8888",300,158,86,47,0.8886666666666667,0.948,0.5266666666666666,0.37,,,,0.2974683544303797,False
Arxiv-Nomic-100K,b17,16,204,"2266,3732,7001,8888",300,158,84,38,0.8886666666666667,0.9426666666666664,0.5266666666666666,0.4,,,,0.240506329113924,False
Arxiv-Nomic-100K,b17,16,205,"46,2266,3732,7001,8888",300,158,89,46,0.8886666666666667,0.9476666666666668,0.5266666666666666,0.3733333333333333,,,,0.2911392405063291,False
Arxiv-Nomic-100K,b17,16,206,"991,2266,3732,7001,8888",300,158,87,43,0.8886666666666667,0.947,0.5266666666666666,0.3833333333333333,,,,0.2721518987341772,False
Arxiv-Nomic-100K,b17,16,207,"46,991,2266,3732,7001,8888",300,158,92,51,0.8886666666666667,0.952,0.5266666666666666,0.3566666666666667,,,,0.3227848101265823,False
Arxiv-Nomic-100K,b17,16,208,"4177,7001,8888",300,158,74,32,0.8886666666666667,0.9356666666666668,0.5266666666666666,0.42,,,,0.2025316455696202,False
Arxiv-Nomic-100K,b17,16,209,"46,4177,7001,8888",300,158,81,39,0.8886666666666667,0.9416666666666668,0.5266666666666666,0.3966666666666666,,,,0.2468354430379747,False
Arxiv-Nomic-100K,b17,16,210,"991,4177,7001,8888",300,158,80,38,0.8886666666666667,0.9406666666666668,0.5266666666666666,0.4,,,,0.240506329113924,False
Arxiv-Nomic-100K,b17,16,211,"46,991,4177,7001,8888",300,158,87,45,0.8886666666666667,0.9466666666666668,0.5266666666666666,0.3766666666666666,,,,0.2848101265822785,False
Arxiv-Nomic-100K,b17,16,212,"2266,4177,7001,8888",300,158,82,37,0.8886666666666667,0.941,0.5266666666666666,0.4033333333333333,,,,0.2341772151898734,False
Arxiv-Nomic-100K,b17,16,213,"46,2266,4177,7001,8888",300,158,87,44,0.8886666666666667,0.945,0.5266666666666666,0.38,,,,0.2784810126582278,False
Arxiv-Nomic-100K,b17,16,214,"991,2266,4177,7001,8888",300,158,87,42,0.8886666666666667,0.9453333333333334,0.5266666666666666,0.3866666666666666,,,,0.2658227848101265,False
Arxiv-Nomic-100K,b17,16,215,"46,991,2266,4177,7001,8888",300,158,92,49,0.8886666666666667,0.9493333333333334,0.5266666666666666,0.3633333333333333,,,,0.310126582278481,False
Arxiv-Nomic-100K,b17,16,216,"3732,4177,7001,8888",300,158,85,41,0.8886666666666667,0.9436666666666668,0.5266666666666666,0.39,,,,0.2594936708860759,False
Arxiv-Nomic-100K,b17,16,217,"46,3732,4177,7001,8888",300,158,88,47,0.8886666666666667,0.9476666666666668,0.5266666666666666,0.37,,,,0.2974683544303797,False
Arxiv-Nomic-100K,b17,16,218,"991,3732,4177,7001,8888",300,158,88,45,0.8886666666666667,0.9476666666666668,0.5266666666666666,0.3766666666666666,,,,0.2848101265822785,False
Arxiv-Nomic-100K,b17,16,219,"46,991,3732,4177,7001,8888",300,158,91,51,0.8886666666666667,0.9516666666666668,0.5266666666666666,0.3566666666666667,,,,0.3227848101265823,False
Arxiv-Nomic-100K,b17,16,220,"2266,3732,4177,7001,8888",300,158,91,45,0.8886666666666667,0.947,0.5266666666666666,0.3766666666666666,,,,0.2848101265822785,False
Arxiv-Nomic-100K,b17,16,221,"46,2266,3732,4177,7001,8888",300,158,93,51,0.8886666666666667,0.9503333333333334,0.5266666666666666,0.3566666666666667,,,,0.3227848101265823,False
Arxiv-Nomic-100K,b17,16,222,"991,2266,3732,4177,7001,8888",300,158,94,49,0.8886666666666667,0.951,0.5266666666666666,0.3633333333333333,,,,0.310126582278481,False
Arxiv-Nomic-100K,b17,16,223,"46,991,2266,3732,4177,7001,8888",300,158,96,55,0.8886666666666667,0.9543333333333331,0.5266666666666666,0.3433333333333333,,,,0.3481012658227848,False
Arxiv-Nomic-100K,b17,16,224,"4815,7001,8888",300,158,71,30,0.8886666666666667,0.933,0.5266666666666666,0.4266666666666667,,,,0.189873417721519,False
Arxiv-Nomic-100K,b17,16,225,"46,4815,7001,8888",300,158,79,37,0.8886666666666667,0.9393333333333332,0.5266666666666666,0.4033333333333333,,,,0.2341772151898734,False
Arxiv-Nomic-100K,b17,16,226,"991,4815,7001,8888",300,158,78,38,0.8886666666666667,0.9403333333333336,0.5266666666666666,0.4,,,,0.240506329113924,False
Arxiv-Nomic-100K,b17,16,227,"46,991,4815,7001,8888",300,158,86,45,0.8886666666666667,0.9466666666666668,0.5266666666666666,0.3766666666666666,,,,0.2848101265822785,False
Arxiv-Nomic-100K,b17,16,228,"2266,4815,7001,8888",300,158,79,37,0.8886666666666667,0.9393333333333332,0.5266666666666666,0.4033333333333333,,,,0.2341772151898734,False
Arxiv-Nomic-100K,b17,16,229,"46,2266,4815,7001,8888",300,158,86,43,0.8886666666666667,0.944,0.5266666666666666,0.3833333333333333,,,,0.2721518987341772,False
Arxiv-Nomic-100K,b17,16,230,"991,2266,4815,7001,8888",300,158,85,44,0.8886666666666667,0.946,0.5266666666666666,0.38,,,,0.2784810126582278,False
Arxiv-Nomic-100K,b17,16,231,"46,991,2266,4815,7001,8888",300,158,92,50,0.8886666666666667,0.9506666666666664,0.5266666666666666,0.36,,,,0.3164556962025316,False
Arxiv-Nomic-100K,b17,16,232,"3732,4815,7001,8888",300,158,84,40,0.8886666666666667,0.9426666666666664,0.5266666666666666,0.3933333333333333,,,,0.2531645569620253,False
Arxiv-Nomic-100K,b17,16,233,"46,3732,4815,7001,8888",300,158,89,47,0.8886666666666667,0.9476666666666668,0.5266666666666666,0.37,,,,0.2974683544303797,False
Arxiv-Nomic-100K,b17,16,234,"991,3732,4815,7001,8888",300,158,87,45,0.8886666666666667,0.947,0.5266666666666666,0.3766666666666666,,,,0.2848101265822785,False
Arxiv-Nomic-100K,b17,16,235,"46,991,3732,4815,7001,8888",300,158,92,52,0.8886666666666667,0.952,0.5266666666666666,0.3533333333333333,,,,0.3291139240506329,False
Arxiv-Nomic-100K,b17,16,236,"2266,3732,4815,7001,8888",300,158,90,45,0.8886666666666667,0.9473333333333332,0.5266666666666666,0.3766666666666666,,,,0.2848101265822785,False
Arxiv-Nomic-100K,b17,16,237,"46,2266,3732,4815,7001,8888",300,158,94,52,0.8886666666666667,0.9516666666666668,0.5266666666666666,0.3533333333333333,,,,0.3291139240506329,False
Arxiv-Nomic-100K,b17,16,238,"991,2266,3732,4815,7001,8888",300,158,93,50,0.8886666666666667,0.9516666666666668,0.5266666666666666,0.36,,,,0.3164556962025316,False
Arxiv-Nomic-100K,b17,16,239,"46,991,2266,3732,4815,7001,8888",300,158,97,57,0.8886666666666667,0.956,0.5266666666666666,0.3366666666666666,,,,0.360759493670886,False
Arxiv-Nomic-100K,b17,16,240,"4177,4815,7001,8888",300,158,84,40,0.8886666666666667,0.942,0.5266666666666666,0.3933333333333333,,,,0.2531645569620253,False
Arxiv-Nomic-100K,b17,16,241,"46,4177,4815,7001,8888",300,158,88,46,0.8886666666666667,0.9466666666666668,0.5266666666666666,0.3733333333333333,,,,0.2911392405063291,False
Arxiv-Nomic-100K,b17,16,242,"991,4177,4815,7001,8888",300,158,89,45,0.8886666666666667,0.9466666666666668,0.5266666666666666,0.3766666666666666,,,,0.2848101265822785,False
Arxiv-Nomic-100K,b17,16,243,"46,991,4177,4815,7001,8888",300,158,93,51,0.8886666666666667,0.9513333333333334,0.5266666666666666,0.3566666666666667,,,,0.3227848101265823,False
Arxiv-Nomic-100K,b17,16,244,"2266,4177,4815,7001,8888",300,158,90,47,0.8886666666666667,0.947,0.5266666666666666,0.37,,,,0.2974683544303797,False
Arxiv-Nomic-100K,b17,16,245,"46,2266,4177,4815,7001,8888",300,158,93,52,0.8886666666666667,0.95,0.5266666666666666,0.3533333333333333,,,,0.3291139240506329,False
Arxiv-Nomic-100K,b17,16,246,"991,2266,4177,4815,7001,8888",300,158,94,51,0.8886666666666667,0.951,0.5266666666666666,0.3566666666666667,,,,0.3227848101265823,False
Arxiv-Nomic-100K,b17,16,247,"46,991,2266,4177,4815,7001,8888",300,158,97,56,0.8886666666666667,0.954,0.5266666666666666,0.34,,,,0.3544303797468354,False
Arxiv-Nomic-100K,b17,16,248,"3732,4177,4815,7001,8888",300,158,91,47,0.8886666666666667,0.9483333333333333,0.5266666666666666,0.37,,,,0.2974683544303797,False
Arxiv-Nomic-100K,b17,16,249,"46,3732,4177,4815,7001,8888",300,158,93,52,0.8886666666666667,0.9516666666666668,0.5266666666666666,0.3533333333333333,,,,0.3291139240506329,False
Arxiv-Nomic-100K,b17,16,250,"991,3732,4177,4815,7001,8888",300,158,94,51,0.8886666666666667,0.9523333333333334,0.5266666666666666,0.3566666666666667,,,,0.3227848101265823,False
Arxiv-Nomic-100K,b17,16,251,"46,991,3732,4177,4815,7001,8888",300,158,96,56,0.8886666666666667,0.9556666666666668,0.5266666666666666,0.34,,,,0.3544303797468354,False
Arxiv-Nomic-100K,b17,16,252,"2266,3732,4177,4815,7001,8888",300,158,96,52,0.8886666666666667,0.9516666666666668,0.5266666666666666,0.3533333333333333,,,,0.3291139240506329,False
Arxiv-Nomic-100K,b17,16,253,"46,2266,3732,4177,4815,7001,8888",300,158,97,57,0.8886666666666667,0.9543333333333331,0.5266666666666666,0.3366666666666666,,,,0.360759493670886,False
Arxiv-Nomic-100K,b17,16,254,"991,2266,3732,4177,4815,7001,8888",300,158,99,56,0.8886666666666667,0.9556666666666668,0.5266666666666666,0.34,,,,0.3544303797468354,False
Arxiv-Nomic-100K,b17,16,255,"46,991,2266,3732,4177,4815,7001,8888",300,158,100,61,0.8886666666666667,0.9583333333333334,0.5266666666666666,0.3233333333333333,,,,0.3860759493670886,False
Arxiv-Nomic-100K,b17,32,0,EMPTY,300,79,0,0,0.9583333333333334,0.9583333333333334,0.2633333333333333,0.2633333333333333,64.00625,64.00625,64.0425,0.0,True
Arxiv-Nomic-100K,b17,32,1,46,300,79,8,4,0.9583333333333334,0.9613333333333334,0.2633333333333333,0.25,,,,0.050632911392405,False
Arxiv-Nomic-100K,b17,32,2,991,300,79,10,3,0.9583333333333334,0.962,0.2633333333333333,0.2533333333333333,,,,0.0379746835443038,False
Arxiv-Nomic-100K,b17,32,3,"46,991",300,79,16,7,0.9583333333333334,0.9643333333333332,0.2633333333333333,0.24,,,,0.0886075949367088,False
Arxiv-Nomic-100K,b17,32,4,2266,300,79,7,0,0.9583333333333334,0.9616666666666668,0.2633333333333333,0.2633333333333333,,,,0.0,False
Arxiv-Nomic-100K,b17,32,5,"46,2266",300,79,12,5,0.9583333333333334,0.964,0.2633333333333333,0.2466666666666666,,,,0.0632911392405063,False
Arxiv-Nomic-100K,b17,32,6,"991,2266",300,79,14,3,0.9583333333333334,0.9643333333333332,0.2633333333333333,0.2533333333333333,,,,0.0379746835443038,False
Arxiv-Nomic-100K,b17,32,7,"46,991,2266",300,79,19,8,0.9583333333333334,0.9666666666666666,0.2633333333333333,0.2366666666666666,,,,0.1012658227848101,False
Arxiv-Nomic-100K,b17,32,8,3732,300,79,14,5,0.9583333333333334,0.9643333333333332,0.2633333333333333,0.2466666666666666,,,,0.0632911392405063,False
Arxiv-Nomic-100K,b17,32,9,"46,3732",300,79,19,10,0.9583333333333334,0.9666666666666666,0.2633333333333333,0.23,,,,0.1265822784810126,False
Arxiv-Nomic-100K,b17,32,10,"991,3732",300,79,18,7,0.9583333333333334,0.9663333333333334,0.2633333333333333,0.24,,,,0.0886075949367088,False
Arxiv-Nomic-100K,b17,32,11,"46,991,3732",300,79,23,12,0.9583333333333334,0.9686666666666668,0.2633333333333333,0.2233333333333333,,,,0.1518987341772152,False
Arxiv-Nomic-100K,b17,32,12,"2266,3732",300,79,18,5,0.9583333333333334,0.9666666666666666,0.2633333333333333,0.2466666666666666,,,,0.0632911392405063,False
Arxiv-Nomic-100K,b17,32,13,"46,2266,3732",300,79,22,11,0.9583333333333334,0.969,0.2633333333333333,0.2266666666666666,,,,0.1392405063291139,False
Arxiv-Nomic-100K,b17,32,14,"991,2266,3732",300,79,21,7,0.9583333333333334,0.9683333333333334,0.2633333333333333,0.24,,,,0.0886075949367088,False
Arxiv-Nomic-100K,b17,32,15,"46,991,2266,3732",300,79,25,13,0.9583333333333334,0.9706666666666668,0.2633333333333333,0.22,,,,0.1645569620253164,False
Arxiv-Nomic-100K,b17,32,16,4177,300,79,10,5,0.9583333333333334,0.964,0.2633333333333333,0.2466666666666666,,,,0.0632911392405063,False
Arxiv-Nomic-100K,b17,32,17,"46,4177",300,79,14,8,0.9583333333333334,0.9653333333333334,0.2633333333333333,0.2366666666666666,,,,0.1012658227848101,False
Arxiv-Nomic-100K,b17,32,18,"991,4177",300,79,17,7,0.9583333333333334,0.9663333333333334,0.2633333333333333,0.24,,,,0.0886075949367088,False
Arxiv-Nomic-100K,b17,32,19,"46,991,4177",300,79,20,10,0.9583333333333334,0.9673333333333334,0.2633333333333333,0.23,,,,0.1265822784810126,False
Arxiv-Nomic-100K,b17,32,20,"2266,4177",300,79,14,6,0.9583333333333334,0.9656666666666668,0.2633333333333333,0.2433333333333333,,,,0.0759493670886076,False
Arxiv-Nomic-100K,b17,32,21,"46,2266,4177",300,79,17,9,0.9583333333333334,0.9666666666666666,0.2633333333333333,0.2333333333333333,,,,0.1139240506329113,False
Arxiv-Nomic-100K,b17,32,22,"991,2266,4177",300,79,19,8,0.9583333333333334,0.9673333333333334,0.2633333333333333,0.2366666666666666,,,,0.1012658227848101,False
Arxiv-Nomic-100K,b17,32,23,"46,991,2266,4177",300,79,22,11,0.9583333333333334,0.9683333333333334,0.2633333333333333,0.2266666666666666,,,,0.1392405063291139,False
Arxiv-Nomic-100K,b17,32,24,"3732,4177",300,79,19,9,0.9583333333333334,0.968,0.2633333333333333,0.2333333333333333,,,,0.1139240506329113,False
Arxiv-Nomic-100K,b17,32,25,"46,3732,4177",300,79,22,12,0.9583333333333334,0.969,0.2633333333333333,0.2233333333333333,,,,0.1518987341772152,False
Arxiv-Nomic-100K,b17,32,26,"991,3732,4177",300,79,22,11,0.9583333333333334,0.9696666666666668,0.2633333333333333,0.2266666666666666,,,,0.1392405063291139,False
Arxiv-Nomic-100K,b17,32,27,"46,991,3732,4177",300,79,25,14,0.9583333333333334,0.9706666666666668,0.2633333333333333,0.2166666666666666,,,,0.1772151898734177,False
Arxiv-Nomic-100K,b17,32,28,"2266,3732,4177",300,79,21,10,0.9583333333333334,0.969,0.2633333333333333,0.23,,,,0.1265822784810126,False
Arxiv-Nomic-100K,b17,32,29,"46,2266,3732,4177",300,79,24,13,0.9583333333333334,0.97,0.2633333333333333,0.22,,,,0.1645569620253164,False
Arxiv-Nomic-100K,b17,32,30,"991,2266,3732,4177",300,79,23,12,0.9583333333333334,0.9703333333333332,0.2633333333333333,0.2233333333333333,,,,0.1518987341772152,False
Arxiv-Nomic-100K,b17,32,31,"46,991,2266,3732,4177",300,79,26,15,0.9583333333333334,0.9713333333333332,0.2633333333333333,0.2133333333333333,,,,0.189873417721519,False
Arxiv-Nomic-100K,b17,32,32,4815,300,79,10,6,0.9583333333333334,0.963,0.2633333333333333,0.2433333333333333,,,,0.0759493670886076,False
Arxiv-Nomic-100K,b17,32,33,"46,4815",300,79,16,10,0.9583333333333334,0.9653333333333334,0.2633333333333333,0.23,,,,0.1265822784810126,False
Arxiv-Nomic-100K,b17,32,34,"991,4815",300,79,17,8,0.9583333333333334,0.9656666666666668,0.2633333333333333,0.2366666666666666,,,,0.1012658227848101,False
Arxiv-Nomic-100K,b17,32,35,"46,991,4815",300,79,23,12,0.9583333333333334,0.968,0.2633333333333333,0.2233333333333333,,,,0.1518987341772152,False
Arxiv-Nomic-100K,b17,32,36,"2266,4815",300,79,15,6,0.9583333333333334,0.9656666666666668,0.2633333333333333,0.2433333333333333,,,,0.0759493670886076,False
Arxiv-Nomic-100K,b17,32,37,"46,2266,4815",300,79,20,11,0.9583333333333334,0.968,0.2633333333333333,0.2266666666666666,,,,0.1392405063291139,False
Arxiv-Nomic-100K,b17,32,38,"991,2266,4815",300,79,21,8,0.9583333333333334,0.968,0.2633333333333333,0.2366666666666666,,,,0.1012658227848101,False
Arxiv-Nomic-100K,b17,32,39,"46,991,2266,4815",300,79,26,13,0.9583333333333334,0.9703333333333332,0.2633333333333333,0.22,,,,0.1645569620253164,False
Arxiv-Nomic-100K,b17,32,40,"3732,4815",300,79,18,9,0.9583333333333334,0.9666666666666666,0.2633333333333333,0.2333333333333333,,,,0.1139240506329113,False
Arxiv-Nomic-100K,b17,32,41,"46,3732,4815",300,79,23,14,0.9583333333333334,0.969,0.2633333333333333,0.2166666666666666,,,,0.1772151898734177,False
Arxiv-Nomic-100K,b17,32,42,"991,3732,4815",300,79,22,11,0.9583333333333334,0.9686666666666668,0.2633333333333333,0.2266666666666666,,,,0.1392405063291139,False
Arxiv-Nomic-100K,b17,32,43,"46,991,3732,4815",300,79,27,16,0.9583333333333334,0.971,0.2633333333333333,0.21,,,,0.2025316455696202,False
Arxiv-Nomic-100K,b17,32,44,"2266,3732,4815",300,79,22,9,0.9583333333333334,0.969,0.2633333333333333,0.2333333333333333,,,,0.1139240506329113,False
Arxiv-Nomic-100K,b17,32,45,"46,2266,3732,4815",300,79,26,15,0.9583333333333334,0.9713333333333332,0.2633333333333333,0.2133333333333333,,,,0.189873417721519,False
Arxiv-Nomic-100K,b17,32,46,"991,2266,3732,4815",300,79,25,11,0.9583333333333334,0.9706666666666668,0.2633333333333333,0.2266666666666666,,,,0.1392405063291139,False
Arxiv-Nomic-100K,b17,32,47,"46,991,2266,3732,4815",300,79,29,17,0.9583333333333334,0.973,0.2633333333333333,0.2066666666666666,,,,0.2151898734177215,False
Arxiv-Nomic-100K,b17,32,48,"4177,4815",300,79,18,11,0.9583333333333334,0.9676666666666666,0.2633333333333333,0.2266666666666666,,,,0.1392405063291139,False
Arxiv-Nomic-100K,b17,32,49,"46,4177,4815",300,79,21,14,0.9583333333333334,0.9686666666666668,0.2633333333333333,0.2166666666666666,,,,0.1772151898734177,False
Arxiv-Nomic-100K,b17,32,50,"991,4177,4815",300,79,23,12,0.9583333333333334,0.9693333333333334,0.2633333333333333,0.2233333333333333,,,,0.1518987341772152,False
Arxiv-Nomic-100K,b17,32,51,"46,991,4177,4815",300,79,26,15,0.9583333333333334,0.9703333333333332,0.2633333333333333,0.2133333333333333,,,,0.189873417721519,False
Arxiv-Nomic-100K,b17,32,52,"2266,4177,4815",300,79,21,12,0.9583333333333334,0.969,0.2633333333333333,0.2233333333333333,,,,0.1518987341772152,False
Arxiv-Nomic-100K,b17,32,53,"46,2266,4177,4815",300,79,24,15,0.9583333333333334,0.97,0.2633333333333333,0.2133333333333333,,,,0.189873417721519,False
Arxiv-Nomic-100K,b17,32,54,"991,2266,4177,4815",300,79,25,13,0.9583333333333334,0.9703333333333332,0.2633333333333333,0.22,,,,0.1645569620253164,False
Arxiv-Nomic-100K,b17,32,55,"46,991,2266,4177,4815",300,79,28,16,0.9583333333333334,0.9713333333333332,0.2633333333333333,0.21,,,,0.2025316455696202,False
Arxiv-Nomic-100K,b17,32,56,"3732,4177,4815",300,79,23,13,0.9583333333333334,0.9703333333333332,0.2633333333333333,0.22,,,,0.1645569620253164,False
Arxiv-Nomic-100K,b17,32,57,"46,3732,4177,4815",300,79,26,16,0.9583333333333334,0.9713333333333332,0.2633333333333333,0.21,,,,0.2025316455696202,False
Arxiv-Nomic-100K,b17,32,58,"991,3732,4177,4815",300,79,26,15,0.9583333333333334,0.972,0.2633333333333333,0.2133333333333333,,,,0.189873417721519,False
Arxiv-Nomic-100K,b17,32,59,"46,991,3732,4177,4815",300,79,29,18,0.9583333333333334,0.973,0.2633333333333333,0.2033333333333333,,,,0.2278481012658227,False
Arxiv-Nomic-100K,b17,32,60,"2266,3732,4177,4815",300,79,25,14,0.9583333333333334,0.9713333333333332,0.2633333333333333,0.2166666666666666,,,,0.1772151898734177,False
Arxiv-Nomic-100K,b17,32,61,"46,2266,3732,4177,4815",300,79,28,17,0.9583333333333334,0.9723333333333332,0.2633333333333333,0.2066666666666666,,,,0.2151898734177215,False
Arxiv-Nomic-100K,b17,32,62,"991,2266,3732,4177,4815",300,79,27,16,0.9583333333333334,0.9726666666666668,0.2633333333333333,0.21,,,,0.2025316455696202,False
Arxiv-Nomic-100K,b17,32,63,"46,991,2266,3732,4177,4815",300,79,30,19,0.9583333333333334,0.9736666666666668,0.2633333333333333,0.2,,,,0.240506329113924,False
Arxiv-Nomic-100K,b17,32,64,7001,300,79,10,2,0.9583333333333334,0.963,0.2633333333333333,0.2566666666666666,,,,0.0253164556962025,False
Arxiv-Nomic-100K,b17,32,65,"46,7001",300,79,16,6,0.9583333333333334,0.9653333333333334,0.2633333333333333,0.2433333333333333,,,,0.0759493670886076,False
Arxiv-Nomic-100K,b17,32,66,"991,7001",300,79,16,5,0.9583333333333334,0.9656666666666668,0.2633333333333333,0.2466666666666666,,,,0.0632911392405063,False
Arxiv-Nomic-100K,b17,32,67,"46,991,7001",300,79,22,9,0.9583333333333334,0.968,0.2633333333333333,0.2333333333333333,,,,0.1139240506329113,False
Arxiv-Nomic-100K,b17,32,68,"2266,7001",300,79,13,2,0.9583333333333334,0.965,0.2633333333333333,0.2566666666666666,,,,0.0253164556962025,False
Arxiv-Nomic-100K,b17,32,69,"46,2266,7001",300,79,18,7,0.9583333333333334,0.9673333333333334,0.2633333333333333,0.24,,,,0.0886075949367088,False
Arxiv-Nomic-100K,b17,32,70,"991,2266,7001",300,79,19,5,0.9583333333333334,0.9676666666666666,0.2633333333333333,0.2466666666666666,,,,0.0632911392405063,False
Arxiv-Nomic-100K,b17,32,71,"46,991,2266,7001",300,79,24,10,0.9583333333333334,0.97,0.2633333333333333,0.23,,,,0.1265822784810126,False
Arxiv-Nomic-100K,b17,32,72,"3732,7001",300,79,19,7,0.9583333333333334,0.9673333333333334,0.2633333333333333,0.24,,,,0.0886075949367088,False
Arxiv-Nomic-100K,b17,32,73,"46,3732,7001",300,79,24,12,0.9583333333333334,0.9696666666666668,0.2633333333333333,0.2233333333333333,,,,0.1518987341772152,False
Arxiv-Nomic-100K,b17,32,74,"991,3732,7001",300,79,22,9,0.9583333333333334,0.969,0.2633333333333333,0.2333333333333333,,,,0.1139240506329113,False
Arxiv-Nomic-100K,b17,32,75,"46,991,3732,7001",300,79,27,14,0.9583333333333334,0.9713333333333332,0.2633333333333333,0.2166666666666666,,,,0.1772151898734177,False
Arxiv-Nomic-100K,b17,32,76,"2266,3732,7001",300,79,22,7,0.9583333333333334,0.969,0.2633333333333333,0.24,,,,0.0886075949367088,False
Arxiv-Nomic-100K,b17,32,77,"46,2266,3732,7001",300,79,26,13,0.9583333333333334,0.9713333333333332,0.2633333333333333,0.22,,,,0.1645569620253164,False
Arxiv-Nomic-100K,b17,32,78,"991,2266,3732,7001",300,79,25,9,0.9583333333333334,0.9706666666666668,0.2633333333333333,0.2333333333333333,,,,0.1139240506329113,False
Arxiv-Nomic-100K,b17,32,79,"46,991,2266,3732,7001",300,79,29,15,0.9583333333333334,0.973,0.2633333333333333,0.2133333333333333,,,,0.189873417721519,False
Arxiv-Nomic-100K,b17,32,80,"4177,7001",300,79,18,7,0.9583333333333334,0.9676666666666666,0.2633333333333333,0.24,,,,0.0886075949367088,False
Arxiv-Nomic-100K,b17,32,81,"46,4177,7001",300,79,21,10,0.9583333333333334,0.9686666666666668,0.2633333333333333,0.23,,,,0.1265822784810126,False
Arxiv-Nomic-100K,b17,32,82,"991,4177,7001",300,79,22,9,0.9583333333333334,0.9693333333333334,0.2633333333333333,0.2333333333333333,,,,0.1139240506329113,False
Arxiv-Nomic-100K,b17,32,83,"46,991,4177,7001",300,79,25,12,0.9583333333333334,0.9703333333333332,0.2633333333333333,0.2233333333333333,,,,0.1518987341772152,False
Arxiv-Nomic-100K,b17,32,84,"2266,4177,7001",300,79,19,8,0.9583333333333334,0.9686666666666668,0.2633333333333333,0.2366666666666666,,,,0.1012658227848101,False
Arxiv-Nomic-100K,b17,32,85,"46,2266,4177,7001",300,79,22,11,0.9583333333333334,0.9696666666666668,0.2633333333333333,0.2266666666666666,,,,0.1392405063291139,False
Arxiv-Nomic-100K,b17,32,86,"991,2266,4177,7001",300,79,23,10,0.9583333333333334,0.9703333333333332,0.2633333333333333,0.23,,,,0.1265822784810126,False
Arxiv-Nomic-100K,b17,32,87,"46,991,2266,4177,7001",300,79,26,13,0.9583333333333334,0.9713333333333332,0.2633333333333333,0.22,,,,0.1645569620253164,False
Arxiv-Nomic-100K,b17,32,88,"3732,4177,7001",300,79,24,11,0.9583333333333334,0.9706666666666668,0.2633333333333333,0.2266666666666666,,,,0.1392405063291139,False
Arxiv-Nomic-100K,b17,32,89,"46,3732,4177,7001",300,79,27,14,0.9583333333333334,0.9716666666666668,0.2633333333333333,0.2166666666666666,,,,0.1772151898734177,False
Arxiv-Nomic-100K,b17,32,90,"991,3732,4177,7001",300,79,26,13,0.9583333333333334,0.972,0.2633333333333333,0.22,,,,0.1645569620253164,False
Arxiv-Nomic-100K,b17,32,91,"46,991,3732,4177,7001",300,79,29,16,0.9583333333333334,0.973,0.2633333333333333,0.21,,,,0.2025316455696202,False
Arxiv-Nomic-100K,b17,32,92,"2266,3732,4177,7001",300,79,25,12,0.9583333333333334,0.9713333333333332,0.2633333333333333,0.2233333333333333,,,,0.1518987341772152,False
Arxiv-Nomic-100K,b17,32,93,"46,2266,3732,4177,7001",300,79,28,15,0.9583333333333334,0.9723333333333332,0.2633333333333333,0.2133333333333333,,,,0.189873417721519,False
Arxiv-Nomic-100K,b17,32,94,"991,2266,3732,4177,7001",300,79,27,14,0.9583333333333334,0.9726666666666668,0.2633333333333333,0.2166666666666666,,,,0.1772151898734177,False
Arxiv-Nomic-100K,b17,32,95,"46,991,2266,3732,4177,7001",300,79,30,17,0.9583333333333334,0.9736666666666668,0.2633333333333333,0.2066666666666666,,,,0.2151898734177215,False
Arxiv-Nomic-100K,b17,32,96,"4815,7001",300,79,17,8,0.9583333333333334,0.9666666666666666,0.2633333333333333,0.2366666666666666,,,,0.1012658227848101,False
Arxiv-Nomic-100K,b17,32,97,"46,4815,7001",300,79,23,12,0.9583333333333334,0.969,0.2633333333333333,0.2233333333333333,,,,0.1518987341772152,False
Arxiv-Nomic-100K,b17,32,98,"991,4815,7001",300,79,22,10,0.9583333333333334,0.969,0.2633333333333333,0.23,,,,0.1265822784810126,False
Arxiv-Nomic-100K,b17,32,99,"46,991,4815,7001",300,79,28,14,0.9583333333333334,0.9713333333333332,0.2633333333333333,0.2166666666666666,,,,0.1772151898734177,False
Arxiv-Nomic-100K,b17,32,100,"2266,4815,7001",300,79,20,8,0.9583333333333334,0.9686666666666668,0.2633333333333333,0.2366666666666666,,,,0.1012658227848101,False
Arxiv-Nomic-100K,b17,32,101,"46,2266,4815,7001",300,79,25,13,0.9583333333333334,0.971,0.2633333333333333,0.22,,,,0.1645569620253164,False
Arxiv-Nomic-100K,b17,32,102,"991,2266,4815,7001",300,79,25,10,0.9583333333333334,0.971,0.2633333333333333,0.23,,,,0.1265822784810126,False
Arxiv-Nomic-100K,b17,32,103,"46,991,2266,4815,7001",300,79,30,15,0.9583333333333334,0.9733333333333332,0.2633333333333333,0.2133333333333333,,,,0.189873417721519,False
Arxiv-Nomic-100K,b17,32,104,"3732,4815,7001",300,79,23,11,0.9583333333333334,0.9696666666666668,0.2633333333333333,0.2266666666666666,,,,0.1392405063291139,False
Arxiv-Nomic-100K,b17,32,105,"46,3732,4815,7001",300,79,28,16,0.9583333333333334,0.972,0.2633333333333333,0.21,,,,0.2025316455696202,False
Arxiv-Nomic-100K,b17,32,106,"991,3732,4815,7001",300,79,26,13,0.9583333333333334,0.9713333333333332,0.2633333333333333,0.22,,,,0.1645569620253164,False
Arxiv-Nomic-100K,b17,32,107,"46,991,3732,4815,7001",300,79,31,18,0.9583333333333334,0.9736666666666668,0.2633333333333333,0.2033333333333333,,,,0.2278481012658227,False
Arxiv-Nomic-100K,b17,32,108,"2266,3732,4815,7001",300,79,26,11,0.9583333333333334,0.9713333333333332,0.2633333333333333,0.2266666666666666,,,,0.1392405063291139,False
Arxiv-Nomic-100K,b17,32,109,"46,2266,3732,4815,7001",300,79,30,17,0.9583333333333334,0.9736666666666668,0.2633333333333333,0.2066666666666666,,,,0.2151898734177215,False
Arxiv-Nomic-100K,b17,32,110,"991,2266,3732,4815,7001",300,79,29,13,0.9583333333333334,0.973,0.2633333333333333,0.22,,,,0.1645569620253164,False
Arxiv-Nomic-100K,b17,32,111,"46,991,2266,3732,4815,7001",300,79,33,19,0.9583333333333334,0.9753333333333334,0.2633333333333333,0.2,,,,0.240506329113924,False
Arxiv-Nomic-100K,b17,32,112,"4177,4815,7001",300,79,25,13,0.9583333333333334,0.971,0.2633333333333333,0.22,,,,0.1645569620253164,False
Arxiv-Nomic-100K,b17,32,113,"46,4177,4815,7001",300,79,28,16,0.9583333333333334,0.972,0.2633333333333333,0.21,,,,0.2025316455696202,False
Arxiv-Nomic-100K,b17,32,114,"991,4177,4815,7001",300,79,28,14,0.9583333333333334,0.9723333333333332,0.2633333333333333,0.2166666666666666,,,,0.1772151898734177,False
Arxiv-Nomic-100K,b17,32,115,"46,991,4177,4815,7001",300,79,31,17,0.9583333333333334,0.9733333333333332,0.2633333333333333,0.2066666666666666,,,,0.2151898734177215,False
Arxiv-Nomic-100K,b17,32,116,"2266,4177,4815,7001",300,79,26,14,0.9583333333333334,0.972,0.2633333333333333,0.2166666666666666,,,,0.1772151898734177,False
Arxiv-Nomic-100K,b17,32,117,"46,2266,4177,4815,7001",300,79,29,17,0.9583333333333334,0.973,0.2633333333333333,0.2066666666666666,,,,0.2151898734177215,False
Arxiv-Nomic-100K,b17,32,118,"991,2266,4177,4815,7001",300,79,29,15,0.9583333333333334,0.9733333333333332,0.2633333333333333,0.2133333333333333,,,,0.189873417721519,False
Arxiv-Nomic-100K,b17,32,119,"46,991,2266,4177,4815,7001",300,79,32,18,0.9583333333333334,0.9743333333333334,0.2633333333333333,0.2033333333333333,,,,0.2278481012658227,False
Arxiv-Nomic-100K,b17,32,120,"3732,4177,4815,7001",300,79,28,15,0.9583333333333334,0.973,0.2633333333333333,0.2133333333333333,,,,0.189873417721519,False
Arxiv-Nomic-100K,b17,32,121,"46,3732,4177,4815,7001",300,79,31,18,0.9583333333333334,0.974,0.2633333333333333,0.2033333333333333,,,,0.2278481012658227,False
Arxiv-Nomic-100K,b17,32,122,"991,3732,4177,4815,7001",300,79,30,17,0.9583333333333334,0.9743333333333334,0.2633333333333333,0.2066666666666666,,,,0.2151898734177215,False
Arxiv-Nomic-100K,b17,32,123,"46,991,3732,4177,4815,7001",300,79,33,20,0.9583333333333334,0.9753333333333334,0.2633333333333333,0.1966666666666666,,,,0.2531645569620253,False
Arxiv-Nomic-100K,b17,32,124,"2266,3732,4177,4815,7001",300,79,29,16,0.9583333333333334,0.9736666666666668,0.2633333333333333,0.21,,,,0.2025316455696202,False
Arxiv-Nomic-100K,b17,32,125,"46,2266,3732,4177,4815,7001",300,79,32,19,0.9583333333333334,0.9746666666666666,0.2633333333333333,0.2,,,,0.240506329113924,False
Arxiv-Nomic-100K,b17,32,126,"991,2266,3732,4177,4815,7001",300,79,31,18,0.9583333333333334,0.975,0.2633333333333333,0.2033333333333333,,,,0.2278481012658227,False
Arxiv-Nomic-100K,b17,32,127,"46,991,2266,3732,4177,4815,7001",300,79,34,21,0.9583333333333334,0.976,0.2633333333333333,0.1933333333333333,,,,0.2658227848101265,False
Arxiv-Nomic-100K,b17,32,128,8888,300,79,15,8,0.9583333333333334,0.965,0.2633333333333333,0.2366666666666666,,,,0.1012658227848101,False
Arxiv-Nomic-100K,b17,32,129,"46,8888",300,79,20,13,0.9583333333333334,0.9673333333333334,0.2633333333333333,0.22,,,,0.1645569620253164,False
Arxiv-Nomic-100K,b17,32,130,"991,8888",300,79,21,10,0.9583333333333334,0.9673333333333334,0.2633333333333333,0.23,,,,0.1265822784810126,False
Arxiv-Nomic-100K,b17,32,131,"46,991,8888",300,79,26,15,0.9583333333333334,0.9696666666666668,0.2633333333333333,0.2133333333333333,,,,0.189873417721519,False
Arxiv-Nomic-100K,b17,32,132,"2266,8888",300,79,19,8,0.9583333333333334,0.967,0.2633333333333333,0.2366666666666666,,,,0.1012658227848101,False
Arxiv-Nomic-100K,b17,32,133,"46,2266,8888",300,79,24,13,0.9583333333333334,0.9693333333333334,0.2633333333333333,0.22,,,,0.1645569620253164,False
Arxiv-Nomic-100K,b17,32,134,"991,2266,8888",300,79,24,10,0.9583333333333334,0.969,0.2633333333333333,0.23,,,,0.1265822784810126,False
Arxiv-Nomic-100K,b17,32,135,"46,991,2266,8888",300,79,29,15,0.9583333333333334,0.9713333333333332,0.2633333333333333,0.2133333333333333,,,,0.189873417721519,False
Arxiv-Nomic-100K,b17,32,136,"3732,8888",300,79,24,11,0.9583333333333334,0.969,0.2633333333333333,0.2266666666666666,,,,0.1392405063291139,False
Arxiv-Nomic-100K,b17,32,137,"46,3732,8888",300,79,28,17,0.9583333333333334,0.9713333333333332,0.2633333333333333,0.2066666666666666,,,,0.2151898734177215,False
Arxiv-Nomic-100K,b17,32,138,"991,3732,8888",300,79,26,12,0.9583333333333334,0.9703333333333332,0.2633333333333333,0.2233333333333333,,,,0.1518987341772152,False
Arxiv-Nomic-100K,b17,32,139,"46,991,3732,8888",300,79,30,18,0.9583333333333334,0.9726666666666668,0.2633333333333333,0.2033333333333333,,,,0.2278481012658227,False
Arxiv-Nomic-100K,b17,32,140,"2266,3732,8888",300,79,27,11,0.9583333333333334,0.9706666666666668,0.2633333333333333,0.2266666666666666,,,,0.1392405063291139,False
Arxiv-Nomic-100K,b17,32,141,"46,2266,3732,8888",300,79,31,17,0.9583333333333334,0.973,0.2633333333333333,0.2066666666666666,,,,0.2151898734177215,False
Arxiv-Nomic-100K,b17,32,142,"991,2266,3732,8888",300,79,28,12,0.9583333333333334,0.9716666666666668,0.2633333333333333,0.2233333333333333,,,,0.1518987341772152,False
Arxiv-Nomic-100K,b17,32,143,"46,991,2266,3732,8888",300,79,32,18,0.9583333333333334,0.974,0.2633333333333333,0.2033333333333333,,,,0.2278481012658227,False
Arxiv-Nomic-100K,b17,32,144,"4177,8888",300,79,21,13,0.9583333333333334,0.9686666666666668,0.2633333333333333,0.22,,,,0.1645569620253164,False
Arxiv-Nomic-100K,b17,32,145,"46,4177,8888",300,79,24,16,0.9583333333333334,0.9696666666666668,0.2633333333333333,0.21,,,,0.2025316455696202,False
Arxiv-Nomic-100K,b17,32,146,"991,4177,8888",300,79,26,14,0.9583333333333334,0.9703333333333332,0.2633333333333333,0.2166666666666666,,,,0.1772151898734177,False
Arxiv-Nomic-100K,b17,32,147,"46,991,4177,8888",300,79,29,17,0.9583333333333334,0.9713333333333332,0.2633333333333333,0.2066666666666666,,,,0.2151898734177215,False
Arxiv-Nomic-100K,b17,32,148,"2266,4177,8888",300,79,24,13,0.9583333333333334,0.9696666666666668,0.2633333333333333,0.22,,,,0.1645569620253164,False
Arxiv-Nomic-100K,b17,32,149,"46,2266,4177,8888",300,79,27,16,0.9583333333333334,0.9706666666666668,0.2633333333333333,0.21,,,,0.2025316455696202,False
Arxiv-Nomic-100K,b17,32,150,"991,2266,4177,8888",300,79,28,14,0.9583333333333334,0.971,0.2633333333333333,0.2166666666666666,,,,0.1772151898734177,False
Arxiv-Nomic-100K,b17,32,151,"46,991,2266,4177,8888",300,79,31,17,0.9583333333333334,0.972,0.2633333333333333,0.2066666666666666,,,,0.2151898734177215,False
Arxiv-Nomic-100K,b17,32,152,"3732,4177,8888",300,79,27,15,0.9583333333333334,0.9716666666666668,0.2633333333333333,0.2133333333333333,,,,0.189873417721519,False
Arxiv-Nomic-100K,b17,32,153,"46,3732,4177,8888",300,79,30,18,0.9583333333333334,0.9726666666666668,0.2633333333333333,0.2033333333333333,,,,0.2278481012658227,False
Arxiv-Nomic-100K,b17,32,154,"991,3732,4177,8888",300,79,29,16,0.9583333333333334,0.973,0.2633333333333333,0.21,,,,0.2025316455696202,False
Arxiv-Nomic-100K,b17,32,155,"46,991,3732,4177,8888",300,79,32,19,0.9583333333333334,0.974,0.2633333333333333,0.2,,,,0.240506329113924,False
Arxiv-Nomic-100K,b17,32,156,"2266,3732,4177,8888",300,79,29,15,0.9583333333333334,0.9723333333333332,0.2633333333333333,0.2133333333333333,,,,0.189873417721519,False
Arxiv-Nomic-100K,b17,32,157,"46,2266,3732,4177,8888",300,79,32,18,0.9583333333333334,0.9733333333333332,0.2633333333333333,0.2033333333333333,,,,0.2278481012658227,False
Arxiv-Nomic-100K,b17,32,158,"991,2266,3732,4177,8888",300,79,30,16,0.9583333333333334,0.9733333333333332,0.2633333333333333,0.21,,,,0.2025316455696202,False
Arxiv-Nomic-100K,b17,32,159,"46,991,2266,3732,4177,8888",300,79,33,19,0.9583333333333334,0.9743333333333334,0.2633333333333333,0.2,,,,0.240506329113924,False
Arxiv-Nomic-100K,b17,32,160,"4815,8888",300,79,20,13,0.9583333333333334,0.9673333333333334,0.2633333333333333,0.22,,,,0.1645569620253164,False
Arxiv-Nomic-100K,b17,32,161,"46,4815,8888",300,79,25,18,0.9583333333333334,0.9696666666666668,0.2633333333333333,0.2033333333333333,,,,0.2278481012658227,False
Arxiv-Nomic-100K,b17,32,162,"991,4815,8888",300,79,25,14,0.9583333333333334,0.9693333333333334,0.2633333333333333,0.2166666666666666,,,,0.1772151898734177,False
Arxiv-Nomic-100K,b17,32,163,"46,991,4815,8888",300,79,30,19,0.9583333333333334,0.9716666666666668,0.2633333333333333,0.2,,,,0.240506329113924,False
Arxiv-Nomic-100K,b17,32,164,"2266,4815,8888",300,79,24,13,0.9583333333333334,0.9693333333333334,0.2633333333333333,0.22,,,,0.1645569620253164,False
Arxiv-Nomic-100K,b17,32,165,"46,2266,4815,8888",300,79,29,18,0.9583333333333334,0.9716666666666668,0.2633333333333333,0.2033333333333333,,,,0.2278481012658227,False
Arxiv-Nomic-100K,b17,32,166,"991,2266,4815,8888",300,79,28,14,0.9583333333333334,0.971,0.2633333333333333,0.2166666666666666,,,,0.1772151898734177,False
Arxiv-Nomic-100K,b17,32,167,"46,991,2266,4815,8888",300,79,33,19,0.9583333333333334,0.9733333333333332,0.2633333333333333,0.2,,,,0.240506329113924,False
Arxiv-Nomic-100K,b17,32,168,"3732,4815,8888",300,79,27,15,0.9583333333333334,0.9706666666666668,0.2633333333333333,0.2133333333333333,,,,0.189873417721519,False
Arxiv-Nomic-100K,b17,32,169,"46,3732,4815,8888",300,79,31,21,0.9583333333333334,0.973,0.2633333333333333,0.1933333333333333,,,,0.2658227848101265,False
Arxiv-Nomic-100K,b17,32,170,"991,3732,4815,8888",300,79,29,16,0.9583333333333334,0.972,0.2633333333333333,0.21,,,,0.2025316455696202,False
Arxiv-Nomic-100K,b17,32,171,"46,991,3732,4815,8888",300,79,33,22,0.9583333333333334,0.9743333333333334,0.2633333333333333,0.19,,,,0.2784810126582278,False
Arxiv-Nomic-100K,b17,32,172,"2266,3732,4815,8888",300,79,30,15,0.9583333333333334,0.9723333333333332,0.2633333333333333,0.2133333333333333,,,,0.189873417721519,False
Arxiv-Nomic-100K,b17,32,173,"46,2266,3732,4815,8888",300,79,34,21,0.9583333333333334,0.9746666666666666,0.2633333333333333,0.1933333333333333,,,,0.2658227848101265,False
Arxiv-Nomic-100K,b17,32,174,"991,2266,3732,4815,8888",300,79,31,16,0.9583333333333334,0.9733333333333332,0.2633333333333333,0.21,,,,0.2025316455696202,False
Arxiv-Nomic-100K,b17,32,175,"46,991,2266,3732,4815,8888",300,79,35,22,0.9583333333333334,0.9756666666666666,0.2633333333333333,0.19,,,,0.2784810126582278,False
Arxiv-Nomic-100K,b17,32,176,"4177,4815,8888",300,79,26,18,0.9583333333333334,0.971,0.2633333333333333,0.2033333333333333,,,,0.2278481012658227,False
Arxiv-Nomic-100K,b17,32,177,"46,4177,4815,8888",300,79,29,21,0.9583333333333334,0.972,0.2633333333333333,0.1933333333333333,,,,0.2658227848101265,False
Arxiv-Nomic-100K,b17,32,178,"991,4177,4815,8888",300,79,30,18,0.9583333333333334,0.9723333333333332,0.2633333333333333,0.2033333333333333,,,,0.2278481012658227,False
Arxiv-Nomic-100K,b17,32,179,"46,991,4177,4815,8888",300,79,33,21,0.9583333333333334,0.9733333333333332,0.2633333333333333,0.1933333333333333,,,,0.2658227848101265,False
Arxiv-Nomic-100K,b17,32,180,"2266,4177,4815,8888",300,79,29,18,0.9583333333333334,0.972,0.2633333333333333,0.2033333333333333,,,,0.2278481012658227,False
Arxiv-Nomic-100K,b17,32,181,"46,2266,4177,4815,8888",300,79,32,21,0.9583333333333334,0.973,0.2633333333333333,0.1933333333333333,,,,0.2658227848101265,False
Arxiv-Nomic-100K,b17,32,182,"991,2266,4177,4815,8888",300,79,32,18,0.9583333333333334,0.973,0.2633333333333333,0.2033333333333333,,,,0.2278481012658227,False
Arxiv-Nomic-100K,b17,32,183,"46,991,2266,4177,4815,8888",300,79,35,21,0.9583333333333334,0.974,0.2633333333333333,0.1933333333333333,,,,0.2658227848101265,False
Arxiv-Nomic-100K,b17,32,184,"3732,4177,4815,8888",300,79,30,19,0.9583333333333334,0.9733333333333332,0.2633333333333333,0.2,,,,0.240506329113924,False
Arxiv-Nomic-100K,b17,32,185,"46,3732,4177,4815,8888",300,79,33,22,0.9583333333333334,0.9743333333333334,0.2633333333333333,0.19,,,,0.2784810126582278,False
Arxiv-Nomic-100K,b17,32,186,"991,3732,4177,4815,8888",300,79,32,20,0.9583333333333334,0.9746666666666666,0.2633333333333333,0.1966666666666666,,,,0.2531645569620253,False
Arxiv-Nomic-100K,b17,32,187,"46,991,3732,4177,4815,8888",300,79,35,23,0.9583333333333334,0.9756666666666666,0.2633333333333333,0.1866666666666666,,,,0.2911392405063291,False
Arxiv-Nomic-100K,b17,32,188,"2266,3732,4177,4815,8888",300,79,32,19,0.9583333333333334,0.974,0.2633333333333333,0.2,,,,0.240506329113924,False
Arxiv-Nomic-100K,b17,32,189,"46,2266,3732,4177,4815,8888",300,79,35,22,0.9583333333333334,0.975,0.2633333333333333,0.19,,,,0.2784810126582278,False
Arxiv-Nomic-100K,b17,32,190,"991,2266,3732,4177,4815,8888",300,79,33,20,0.9583333333333334,0.975,0.2633333333333333,0.1966666666666666,,,,0.2531645569620253,False
Arxiv-Nomic-100K,b17,32,191,"46,991,2266,3732,4177,4815,8888",300,79,36,23,0.9583333333333334,0.976,0.2633333333333333,0.1866666666666666,,,,0.2911392405063291,False
Arxiv-Nomic-100K,b17,32,192,"7001,8888",300,79,20,9,0.9583333333333334,0.9676666666666666,0.2633333333333333,0.2333333333333333,,,,0.1139240506329113,False
Arxiv-Nomic-100K,b17,32,193,"46,7001,8888",300,79,25,14,0.9583333333333334,0.97,0.2633333333333333,0.2166666666666666,,,,0.1772151898734177,False
Arxiv-Nomic-100K,b17,32,194,"991,7001,8888",300,79,24,11,0.9583333333333334,0.9696666666666668,0.2633333333333333,0.2266666666666666,,,,0.1392405063291139,False
Arxiv-Nomic-100K,b17,32,195,"46,991,7001,8888",300,79,29,16,0.9583333333333334,0.972,0.2633333333333333,0.21,,,,0.2025316455696202,False
Arxiv-Nomic-100K,b17,32,196,"2266,7001,8888",300,79,22,9,0.9583333333333334,0.9693333333333334,0.2633333333333333,0.2333333333333333,,,,0.1139240506329113,False
Arxiv-Nomic-100K,b17,32,197,"46,2266,7001,8888",300,79,27,14,0.9583333333333334,0.9716666666666668,0.2633333333333333,0.2166666666666666,,,,0.1772151898734177,False
Arxiv-Nomic-100K,b17,32,198,"991,2266,7001,8888",300,79,26,11,0.9583333333333334,0.9713333333333332,0.2633333333333333,0.2266666666666666,,,,0.1392405063291139,False
Arxiv-Nomic-100K,b17,32,199,"46,991,2266,7001,8888",300,79,31,16,0.9583333333333334,0.9736666666666668,0.2633333333333333,0.21,,,,0.2025316455696202,False
Arxiv-Nomic-100K,b17,32,200,"3732,7001,8888",300,79,27,12,0.9583333333333334,0.971,0.2633333333333333,0.2233333333333333,,,,0.1518987341772152,False
Arxiv-Nomic-100K,b17,32,201,"46,3732,7001,8888",300,79,31,18,0.9583333333333334,0.9733333333333332,0.2633333333333333,0.2033333333333333,,,,0.2278481012658227,False
Arxiv-Nomic-100K,b17,32,202,"991,3732,7001,8888",300,79,28,13,0.9583333333333334,0.972,0.2633333333333333,0.22,,,,0.1645569620253164,False
Arxiv-Nomic-100K,b17,32,203,"46,991,3732,7001,8888",300,79,32,19,0.9583333333333334,0.9743333333333334,0.2633333333333333,0.2,,,,0.240506329113924,False
Arxiv-Nomic-100K,b17,32,204,"2266,3732,7001,8888",300,79,29,12,0.9583333333333334,0.9723333333333332,0.2633333333333333,0.2233333333333333,,,,0.1518987341772152,False
Arxiv-Nomic-100K,b17,32,205,"46,2266,3732,7001,8888",300,79,33,18,0.9583333333333334,0.9746666666666666,0.2633333333333333,0.2033333333333333,,,,0.2278481012658227,False
Arxiv-Nomic-100K,b17,32,206,"991,2266,3732,7001,8888",300,79,30,13,0.9583333333333334,0.9733333333333332,0.2633333333333333,0.22,,,,0.1645569620253164,False
Arxiv-Nomic-100K,b17,32,207,"46,991,2266,3732,7001,8888",300,79,34,19,0.9583333333333334,0.9756666666666666,0.2633333333333333,0.2,,,,0.240506329113924,False
Arxiv-Nomic-100K,b17,32,208,"4177,7001,8888",300,79,26,14,0.9583333333333334,0.9713333333333332,0.2633333333333333,0.2166666666666666,,,,0.1772151898734177,False
Arxiv-Nomic-100K,b17,32,209,"46,4177,7001,8888",300,79,29,17,0.9583333333333334,0.9723333333333332,0.2633333333333333,0.2066666666666666,,,,0.2151898734177215,False
Arxiv-Nomic-100K,b17,32,210,"991,4177,7001,8888",300,79,29,15,0.9583333333333334,0.9726666666666668,0.2633333333333333,0.2133333333333333,,,,0.189873417721519,False
Arxiv-Nomic-100K,b17,32,211,"46,991,4177,7001,8888",300,79,32,18,0.9583333333333334,0.9736666666666668,0.2633333333333333,0.2033333333333333,,,,0.2278481012658227,False
Arxiv-Nomic-100K,b17,32,212,"2266,4177,7001,8888",300,79,27,14,0.9583333333333334,0.972,0.2633333333333333,0.2166666666666666,,,,0.1772151898734177,False
Arxiv-Nomic-100K,b17,32,213,"46,2266,4177,7001,8888",300,79,30,17,0.9583333333333334,0.973,0.2633333333333333,0.2066666666666666,,,,0.2151898734177215,False
Arxiv-Nomic-100K,b17,32,214,"991,2266,4177,7001,8888",300,79,30,15,0.9583333333333334,0.9733333333333332,0.2633333333333333,0.2133333333333333,,,,0.189873417721519,False
Arxiv-Nomic-100K,b17,32,215,"46,991,2266,4177,7001,8888",300,79,33,18,0.9583333333333334,0.9743333333333334,0.2633333333333333,0.2033333333333333,,,,0.2278481012658227,False
Arxiv-Nomic-100K,b17,32,216,"3732,4177,7001,8888",300,79,30,16,0.9583333333333334,0.9736666666666668,0.2633333333333333,0.21,,,,0.2025316455696202,False
Arxiv-Nomic-100K,b17,32,217,"46,3732,4177,7001,8888",300,79,33,19,0.9583333333333334,0.9746666666666666,0.2633333333333333,0.2,,,,0.240506329113924,False
Arxiv-Nomic-100K,b17,32,218,"991,3732,4177,7001,8888",300,79,31,17,0.9583333333333334,0.9746666666666666,0.2633333333333333,0.2066666666666666,,,,0.2151898734177215,False
Arxiv-Nomic-100K,b17,32,219,"46,991,3732,4177,7001,8888",300,79,34,20,0.9583333333333334,0.9756666666666666,0.2633333333333333,0.1966666666666666,,,,0.2531645569620253,False
Arxiv-Nomic-100K,b17,32,220,"2266,3732,4177,7001,8888",300,79,31,16,0.9583333333333334,0.974,0.2633333333333333,0.21,,,,0.2025316455696202,False
Arxiv-Nomic-100K,b17,32,221,"46,2266,3732,4177,7001,8888",300,79,34,19,0.9583333333333334,0.975,0.2633333333333333,0.2,,,,0.240506329113924,False
Arxiv-Nomic-100K,b17,32,222,"991,2266,3732,4177,7001,8888",300,79,32,17,0.9583333333333334,0.975,0.2633333333333333,0.2066666666666666,,,,0.2151898734177215,False
Arxiv-Nomic-100K,b17,32,223,"46,991,2266,3732,4177,7001,8888",300,79,35,20,0.9583333333333334,0.976,0.2633333333333333,0.1966666666666666,,,,0.2531645569620253,False
Arxiv-Nomic-100K,b17,32,224,"4815,7001,8888",300,79,25,14,0.9583333333333334,0.97,0.2633333333333333,0.2166666666666666,,,,0.1772151898734177,False
Arxiv-Nomic-100K,b17,32,225,"46,4815,7001,8888",300,79,30,19,0.9583333333333334,0.9723333333333332,0.2633333333333333,0.2,,,,0.240506329113924,False
Arxiv-Nomic-100K,b17,32,226,"991,4815,7001,8888",300,79,28,15,0.9583333333333334,0.9716666666666668,0.2633333333333333,0.2133333333333333,,,,0.189873417721519,False
Arxiv-Nomic-100K,b17,32,227,"46,991,4815,7001,8888",300,79,33,20,0.9583333333333334,0.974,0.2633333333333333,0.1966666666666666,,,,0.2531645569620253,False
Arxiv-Nomic-100K,b17,32,228,"2266,4815,7001,8888",300,79,27,14,0.9583333333333334,0.9716666666666668,0.2633333333333333,0.2166666666666666,,,,0.1772151898734177,False
Arxiv-Nomic-100K,b17,32,229,"46,2266,4815,7001,8888",300,79,32,19,0.9583333333333334,0.974,0.2633333333333333,0.2,,,,0.240506329113924,False
Arxiv-Nomic-100K,b17,32,230,"991,2266,4815,7001,8888",300,79,30,15,0.9583333333333334,0.9733333333333332,0.2633333333333333,0.2133333333333333,,,,0.189873417721519,False
Arxiv-Nomic-100K,b17,32,231,"46,991,2266,4815,7001,8888",300,79,35,20,0.9583333333333334,0.9756666666666666,0.2633333333333333,0.1966666666666666,,,,0.2531645569620253,False
Arxiv-Nomic-100K,b17,32,232,"3732,4815,7001,8888",300,79,30,16,0.9583333333333334,0.9726666666666668,0.2633333333333333,0.21,,,,0.2025316455696202,False
Arxiv-Nomic-100K,b17,32,233,"46,3732,4815,7001,8888",300,79,34,22,0.9583333333333334,0.975,0.2633333333333333,0.19,,,,0.2784810126582278,False
Arxiv-Nomic-100K,b17,32,234,"991,3732,4815,7001,8888",300,79,31,17,0.9583333333333334,0.9736666666666668,0.2633333333333333,0.2066666666666666,,,,0.2151898734177215,False
Arxiv-Nomic-100K,b17,32,235,"46,991,3732,4815,7001,8888",300,79,35,23,0.9583333333333334,0.976,0.2633333333333333,0.1866666666666666,,,,0.2911392405063291,False
Arxiv-Nomic-100K,b17,32,236,"2266,3732,4815,7001,8888",300,79,32,16,0.9583333333333334,0.974,0.2633333333333333,0.21,,,,0.2025316455696202,False
Arxiv-Nomic-100K,b17,32,237,"46,2266,3732,4815,7001,8888",300,79,36,22,0.9583333333333334,0.9763333333333334,0.2633333333333333,0.19,,,,0.2784810126582278,False
Arxiv-Nomic-100K,b17,32,238,"991,2266,3732,4815,7001,8888",300,79,33,17,0.9583333333333334,0.975,0.2633333333333333,0.2066666666666666,,,,0.2151898734177215,False
Arxiv-Nomic-100K,b17,32,239,"46,991,2266,3732,4815,7001,8888",300,79,37,23,0.9583333333333334,0.9773333333333334,0.2633333333333333,0.1866666666666666,,,,0.2911392405063291,False
Arxiv-Nomic-100K,b17,32,240,"4177,4815,7001,8888",300,79,31,19,0.9583333333333334,0.9736666666666668,0.2633333333333333,0.2,,,,0.240506329113924,False
Arxiv-Nomic-100K,b17,32,241,"46,4177,4815,7001,8888",300,79,34,22,0.9583333333333334,0.9746666666666666,0.2633333333333333,0.19,,,,0.2784810126582278,False
Arxiv-Nomic-100K,b17,32,242,"991,4177,4815,7001,8888",300,79,33,19,0.9583333333333334,0.9746666666666666,0.2633333333333333,0.2,,,,0.240506329113924,False
Arxiv-Nomic-100K,b17,32,243,"46,991,4177,4815,7001,8888",300,79,36,22,0.9583333333333334,0.9756666666666666,0.2633333333333333,0.19,,,,0.2784810126582278,False
Arxiv-Nomic-100K,b17,32,244,"2266,4177,4815,7001,8888",300,79,32,19,0.9583333333333334,0.9743333333333334,0.2633333333333333,0.2,,,,0.240506329113924,False
Arxiv-Nomic-100K,b17,32,245,"46,2266,4177,4815,7001,8888",300,79,35,22,0.9583333333333334,0.9753333333333334,0.2633333333333333,0.19,,,,0.2784810126582278,False
Arxiv-Nomic-100K,b17,32,246,"991,2266,4177,4815,7001,8888",300,79,34,19,0.9583333333333334,0.9753333333333334,0.2633333333333333,0.2,,,,0.240506329113924,False
Arxiv-Nomic-100K,b17,32,247,"46,991,2266,4177,4815,7001,8888",300,79,37,22,0.9583333333333334,0.9763333333333334,0.2633333333333333,0.19,,,,0.2784810126582278,False
Arxiv-Nomic-100K,b17,32,248,"3732,4177,4815,7001,8888",300,79,33,20,0.9583333333333334,0.9753333333333334,0.2633333333333333,0.1966666666666666,,,,0.2531645569620253,False
Arxiv-Nomic-100K,b17,32,249,"46,3732,4177,4815,7001,8888",300,79,36,23,0.9583333333333334,0.9763333333333334,0.2633333333333333,0.1866666666666666,,,,0.2911392405063291,False
Arxiv-Nomic-100K,b17,32,250,"991,3732,4177,4815,7001,8888",300,79,34,21,0.9583333333333334,0.9763333333333334,0.2633333333333333,0.1933333333333333,,,,0.2658227848101265,False
Arxiv-Nomic-100K,b17,32,251,"46,991,3732,4177,4815,7001,8888",300,79,37,24,0.9583333333333334,0.9773333333333334,0.2633333333333333,0.1833333333333333,,,,0.3037974683544304,False
Arxiv-Nomic-100K,b17,32,252,"2266,3732,4177,4815,7001,8888",300,79,34,20,0.9583333333333334,0.9756666666666666,0.2633333333333333,0.1966666666666666,,,,0.2531645569620253,False
Arxiv-Nomic-100K,b17,32,253,"46,2266,3732,4177,4815,7001,8888",300,79,37,23,0.9583333333333334,0.9766666666666668,0.2633333333333333,0.1866666666666666,,,,0.2911392405063291,False
Arxiv-Nomic-100K,b17,32,254,"991,2266,3732,4177,4815,7001,8888",300,79,35,21,0.9583333333333334,0.9766666666666668,0.2633333333333333,0.1933333333333333,,,,0.2658227848101265,False
Arxiv-Nomic-100K,b17,32,255,"46,991,2266,3732,4177,4815,7001,8888",300,79,38,24,0.9583333333333334,0.9776666666666668,0.2633333333333333,0.1833333333333333,,,,0.3037974683544304,False
Arxiv-Nomic-100K,b17,64,0,EMPTY,300,30,0,0,0.988,0.988,0.1,0.1,128.0,128.0,128.01041666666666,0.0,True
Arxiv-Nomic-100K,b17,64,1,46,300,30,2,2,0.988,0.9886666666666668,0.1,0.0933333333333333,,,,0.0666666666666666,False
Arxiv-Nomic-100K,b17,64,2,991,300,30,2,1,0.988,0.9886666666666668,0.1,0.0966666666666666,,,,0.0333333333333333,False
Arxiv-Nomic-100K,b17,64,3,"46,991",300,30,4,3,0.988,0.9893333333333332,0.1,0.09,,,,0.1,False
Arxiv-Nomic-100K,b17,64,4,2266,300,30,2,2,0.988,0.9886666666666668,0.1,0.0933333333333333,,,,0.0666666666666666,False
Arxiv-Nomic-100K,b17,64,5,"46,2266",300,30,4,4,0.988,0.9893333333333332,0.1,0.0866666666666666,,,,0.1333333333333333,False
Arxiv-Nomic-100K,b17,64,6,"991,2266",300,30,3,2,0.988,0.989,0.1,0.0933333333333333,,,,0.0666666666666666,False
Arxiv-Nomic-100K,b17,64,7,"46,991,2266",300,30,5,4,0.988,0.9896666666666668,0.1,0.0866666666666666,,,,0.1333333333333333,False
Arxiv-Nomic-100K,b17,64,8,3732,300,30,6,3,0.988,0.99,0.1,0.09,,,,0.1,False
Arxiv-Nomic-100K,b17,64,9,"46,3732",300,30,8,5,0.988,0.9906666666666666,0.1,0.0833333333333333,,,,0.1666666666666666,False
Arxiv-Nomic-100K,b17,64,10,"991,3732",300,30,6,4,0.988,0.9903333333333334,0.1,0.0866666666666666,,,,0.1333333333333333,False
Arxiv-Nomic-100K,b17,64,11,"46,991,3732",300,30,8,6,0.988,0.991,0.1,0.08,,,,0.2,False
Arxiv-Nomic-100K,b17,64,12,"2266,3732",300,30,7,4,0.988,0.9903333333333334,0.1,0.0866666666666666,,,,0.1333333333333333,False
Arxiv-Nomic-100K,b17,64,13,"46,2266,3732",300,30,9,6,0.988,0.991,0.1,0.08,,,,0.2,False
Arxiv-Nomic-100K,b17,64,14,"991,2266,3732",300,30,7,5,0.988,0.9906666666666666,0.1,0.0833333333333333,,,,0.1666666666666666,False
Arxiv-Nomic-100K,b17,64,15,"46,991,2266,3732",300,30,9,7,0.988,0.9913333333333334,0.1,0.0766666666666666,,,,0.2333333333333333,False
Arxiv-Nomic-100K,b17,64,16,4177,300,30,2,2,0.988,0.9886666666666668,0.1,0.0933333333333333,,,,0.0666666666666666,False
Arxiv-Nomic-100K,b17,64,17,"46,4177",300,30,4,4,0.988,0.9893333333333332,0.1,0.0866666666666666,,,,0.1333333333333333,False
Arxiv-Nomic-100K,b17,64,18,"991,4177",300,30,3,2,0.988,0.989,0.1,0.0933333333333333,,,,0.0666666666666666,False
Arxiv-Nomic-100K,b17,64,19,"46,991,4177",300,30,5,4,0.988,0.9896666666666668,0.1,0.0866666666666666,,,,0.1333333333333333,False
Arxiv-Nomic-100K,b17,64,20,"2266,4177",300,30,3,3,0.988,0.989,0.1,0.09,,,,0.1,False
Arxiv-Nomic-100K,b17,64,21,"46,2266,4177",300,30,5,5,0.988,0.9896666666666668,0.1,0.0833333333333333,,,,0.1666666666666666,False
Arxiv-Nomic-100K,b17,64,22,"991,2266,4177",300,30,4,3,0.988,0.9893333333333332,0.1,0.09,,,,0.1,False
Arxiv-Nomic-100K,b17,64,23,"46,991,2266,4177",300,30,6,5,0.988,0.99,0.1,0.0833333333333333,,,,0.1666666666666666,False
Arxiv-Nomic-100K,b17,64,24,"3732,4177",300,30,6,3,0.988,0.99,0.1,0.09,,,,0.1,False
Arxiv-Nomic-100K,b17,64,25,"46,3732,4177",300,30,8,5,0.988,0.9906666666666666,0.1,0.0833333333333333,,,,0.1666666666666666,False
Arxiv-Nomic-100K,b17,64,26,"991,3732,4177",300,30,6,4,0.988,0.9903333333333334,0.1,0.0866666666666666,,,,0.1333333333333333,False
Arxiv-Nomic-100K,b17,64,27,"46,991,3732,4177",300,30,8,6,0.988,0.991,0.1,0.08,,,,0.2,False
Arxiv-Nomic-100K,b17,64,28,"2266,3732,4177",300,30,7,4,0.988,0.9903333333333334,0.1,0.0866666666666666,,,,0.1333333333333333,False
Arxiv-Nomic-100K,b17,64,29,"46,2266,3732,4177",300,30,9,6,0.988,0.991,0.1,0.08,,,,0.2,False
Arxiv-Nomic-100K,b17,64,30,"991,2266,3732,4177",300,30,7,5,0.988,0.9906666666666666,0.1,0.0833333333333333,,,,0.1666666666666666,False
Arxiv-Nomic-100K,b17,64,31,"46,991,2266,3732,4177",300,30,9,7,0.988,0.9913333333333334,0.1,0.0766666666666666,,,,0.2333333333333333,False
Arxiv-Nomic-100K,b17,64,32,4815,300,30,1,1,0.988,0.9883333333333332,0.1,0.0966666666666666,,,,0.0333333333333333,False
Arxiv-Nomic-100K,b17,64,33,"46,4815",300,30,3,3,0.988,0.989,0.1,0.09,,,,0.1,False
Arxiv-Nomic-100K,b17,64,34,"991,4815",300,30,2,1,0.988,0.9886666666666668,0.1,0.0966666666666666,,,,0.0333333333333333,False
Arxiv-Nomic-100K,b17,64,35,"46,991,4815",300,30,4,3,0.988,0.9893333333333332,0.1,0.09,,,,0.1,False
Arxiv-Nomic-100K,b17,64,36,"2266,4815",300,30,2,2,0.988,0.9886666666666668,0.1,0.0933333333333333,,,,0.0666666666666666,False
Arxiv-Nomic-100K,b17,64,37,"46,2266,4815",300,30,4,4,0.988,0.9893333333333332,0.1,0.0866666666666666,,,,0.1333333333333333,False
Arxiv-Nomic-100K,b17,64,38,"991,2266,4815",300,30,3,2,0.988,0.989,0.1,0.0933333333333333,,,,0.0666666666666666,False
Arxiv-Nomic-100K,b17,64,39,"46,991,2266,4815",300,30,5,4,0.988,0.9896666666666668,0.1,0.0866666666666666,,,,0.1333333333333333,False
Arxiv-Nomic-100K,b17,64,40,"3732,4815",300,30,6,3,0.988,0.99,0.1,0.09,,,,0.1,False
Arxiv-Nomic-100K,b17,64,41,"46,3732,4815",300,30,8,5,0.988,0.9906666666666666,0.1,0.0833333333333333,,,,0.1666666666666666,False
Arxiv-Nomic-100K,b17,64,42,"991,3732,4815",300,30,6,4,0.988,0.9903333333333334,0.1,0.0866666666666666,,,,0.1333333333333333,False
Arxiv-Nomic-100K,b17,64,43,"46,991,3732,4815",300,30,8,6,0.988,0.991,0.1,0.08,,,,0.2,False
Arxiv-Nomic-100K,b17,64,44,"2266,3732,4815",300,30,7,4,0.988,0.9903333333333334,0.1,0.0866666666666666,,,,0.1333333333333333,False
Arxiv-Nomic-100K,b17,64,45,"46,2266,3732,4815",300,30,9,6,0.988,0.991,0.1,0.08,,,,0.2,False
Arxiv-Nomic-100K,b17,64,46,"991,2266,3732,4815",300,30,7,5,0.988,0.9906666666666666,0.1,0.0833333333333333,,,,0.1666666666666666,False
Arxiv-Nomic-100K,b17,64,47,"46,991,2266,3732,4815",300,30,9,7,0.988,0.9913333333333334,0.1,0.0766666666666666,,,,0.2333333333333333,False
Arxiv-Nomic-100K,b17,64,48,"4177,4815",300,30,2,2,0.988,0.9886666666666668,0.1,0.0933333333333333,,,,0.0666666666666666,False
Arxiv-Nomic-100K,b17,64,49,"46,4177,4815",300,30,4,4,0.988,0.9893333333333332,0.1,0.0866666666666666,,,,0.1333333333333333,False
Arxiv-Nomic-100K,b17,64,50,"991,4177,4815",300,30,3,2,0.988,0.989,0.1,0.0933333333333333,,,,0.0666666666666666,False
Arxiv-Nomic-100K,b17,64,51,"46,991,4177,4815",300,30,5,4,0.988,0.9896666666666668,0.1,0.0866666666666666,,,,0.1333333333333333,False
Arxiv-Nomic-100K,b17,64,52,"2266,4177,4815",300,30,3,3,0.988,0.989,0.1,0.09,,,,0.1,False
Arxiv-Nomic-100K,b17,64,53,"46,2266,4177,4815",300,30,5,5,0.988,0.9896666666666668,0.1,0.0833333333333333,,,,0.1666666666666666,False
Arxiv-Nomic-100K,b17,64,54,"991,2266,4177,4815",300,30,4,3,0.988,0.9893333333333332,0.1,0.09,,,,0.1,False
Arxiv-Nomic-100K,b17,64,55,"46,991,2266,4177,4815",300,30,6,5,0.988,0.99,0.1,0.0833333333333333,,,,0.1666666666666666,False
Arxiv-Nomic-100K,b17,64,56,"3732,4177,4815",300,30,6,3,0.988,0.99,0.1,0.09,,,,0.1,False
Arxiv-Nomic-100K,b17,64,57,"46,3732,4177,4815",300,30,8,5,0.988,0.9906666666666666,0.1,0.0833333333333333,,,,0.1666666666666666,False
Arxiv-Nomic-100K,b17,64,58,"991,3732,4177,4815",300,30,6,4,0.988,0.9903333333333334,0.1,0.0866666666666666,,,,0.1333333333333333,False
Arxiv-Nomic-100K,b17,64,59,"46,991,3732,4177,4815",300,30,8,6,0.988,0.991,0.1,0.08,,,,0.2,False
Arxiv-Nomic-100K,b17,64,60,"2266,3732,4177,4815",300,30,7,4,0.988,0.9903333333333334,0.1,0.0866666666666666,,,,0.1333333333333333,False
Arxiv-Nomic-100K,b17,64,61,"46,2266,3732,4177,4815",300,30,9,6,0.988,0.991,0.1,0.08,,,,0.2,False
Arxiv-Nomic-100K,b17,64,62,"991,2266,3732,4177,4815",300,30,7,5,0.988,0.9906666666666666,0.1,0.0833333333333333,,,,0.1666666666666666,False
Arxiv-Nomic-100K,b17,64,63,"46,991,2266,3732,4177,4815",300,30,9,7,0.988,0.9913333333333334,0.1,0.0766666666666666,,,,0.2333333333333333,False
Arxiv-Nomic-100K,b17,64,64,7001,300,30,3,3,0.988,0.989,0.1,0.09,,,,0.1,False
Arxiv-Nomic-100K,b17,64,65,"46,7001",300,30,5,5,0.988,0.9896666666666668,0.1,0.0833333333333333,,,,0.1666666666666666,False
Arxiv-Nomic-100K,b17,64,66,"991,7001",300,30,4,3,0.988,0.9893333333333332,0.1,0.09,,,,0.1,False
Arxiv-Nomic-100K,b17,64,67,"46,991,7001",300,30,6,5,0.988,0.99,0.1,0.0833333333333333,,,,0.1666666666666666,False
Arxiv-Nomic-100K,b17,64,68,"2266,7001",300,30,4,4,0.988,0.9893333333333332,0.1,0.0866666666666666,,,,0.1333333333333333,False
Arxiv-Nomic-100K,b17,64,69,"46,2266,7001",300,30,6,6,0.988,0.99,0.1,0.08,,,,0.2,False
Arxiv-Nomic-100K,b17,64,70,"991,2266,7001",300,30,5,4,0.988,0.9896666666666668,0.1,0.0866666666666666,,,,0.1333333333333333,False
Arxiv-Nomic-100K,b17,64,71,"46,991,2266,7001",300,30,7,6,0.988,0.9903333333333334,0.1,0.08,,,,0.2,False
Arxiv-Nomic-100K,b17,64,72,"3732,7001",300,30,8,5,0.988,0.9906666666666666,0.1,0.0833333333333333,,,,0.1666666666666666,False
Arxiv-Nomic-100K,b17,64,73,"46,3732,7001",300,30,10,7,0.988,0.9913333333333334,0.1,0.0766666666666666,,,,0.2333333333333333,False
Arxiv-Nomic-100K,b17,64,74,"991,3732,7001",300,30,8,6,0.988,0.991,0.1,0.08,,,,0.2,False
Arxiv-Nomic-100K,b17,64,75,"46,991,3732,7001",300,30,10,8,0.988,0.9916666666666666,0.1,0.0733333333333333,,,,0.2666666666666666,False
Arxiv-Nomic-100K,b17,64,76,"2266,3732,7001",300,30,9,6,0.988,0.991,0.1,0.08,,,,0.2,False
Arxiv-Nomic-100K,b17,64,77,"46,2266,3732,7001",300,30,11,8,0.988,0.9916666666666666,0.1,0.0733333333333333,,,,0.2666666666666666,False
Arxiv-Nomic-100K,b17,64,78,"991,2266,3732,7001",300,30,9,7,0.988,0.9913333333333334,0.1,0.0766666666666666,,,,0.2333333333333333,False
Arxiv-Nomic-100K,b17,64,79,"46,991,2266,3732,7001",300,30,11,9,0.988,0.992,0.1,0.07,,,,0.3,False
Arxiv-Nomic-100K,b17,64,80,"4177,7001",300,30,4,4,0.988,0.9893333333333332,0.1,0.0866666666666666,,,,0.1333333333333333,False
Arxiv-Nomic-100K,b17,64,81,"46,4177,7001",300,30,6,6,0.988,0.99,0.1,0.08,,,,0.2,False
Arxiv-Nomic-100K,b17,64,82,"991,4177,7001",300,30,5,4,0.988,0.9896666666666668,0.1,0.0866666666666666,,,,0.1333333333333333,False
Arxiv-Nomic-100K,b17,64,83,"46,991,4177,7001",300,30,7,6,0.988,0.9903333333333334,0.1,0.08,,,,0.2,False
Arxiv-Nomic-100K,b17,64,84,"2266,4177,7001",300,30,5,5,0.988,0.9896666666666668,0.1,0.0833333333333333,,,,0.1666666666666666,False
Arxiv-Nomic-100K,b17,64,85,"46,2266,4177,7001",300,30,7,7,0.988,0.9903333333333334,0.1,0.0766666666666666,,,,0.2333333333333333,False
Arxiv-Nomic-100K,b17,64,86,"991,2266,4177,7001",300,30,6,5,0.988,0.99,0.1,0.0833333333333333,,,,0.1666666666666666,False
Arxiv-Nomic-100K,b17,64,87,"46,991,2266,4177,7001",300,30,8,7,0.988,0.9906666666666666,0.1,0.0766666666666666,,,,0.2333333333333333,False
Arxiv-Nomic-100K,b17,64,88,"3732,4177,7001",300,30,8,5,0.988,0.9906666666666666,0.1,0.0833333333333333,,,,0.1666666666666666,False
Arxiv-Nomic-100K,b17,64,89,"46,3732,4177,7001",300,30,10,7,0.988,0.9913333333333334,0.1,0.0766666666666666,,,,0.2333333333333333,False
Arxiv-Nomic-100K,b17,64,90,"991,3732,4177,7001",300,30,8,6,0.988,0.991,0.1,0.08,,,,0.2,False
Arxiv-Nomic-100K,b17,64,91,"46,991,3732,4177,7001",300,30,10,8,0.988,0.9916666666666666,0.1,0.0733333333333333,,,,0.2666666666666666,False
Arxiv-Nomic-100K,b17,64,92,"2266,3732,4177,7001",300,30,9,6,0.988,0.991,0.1,0.08,,,,0.2,False
Arxiv-Nomic-100K,b17,64,93,"46,2266,3732,4177,7001",300,30,11,8,0.988,0.9916666666666666,0.1,0.0733333333333333,,,,0.2666666666666666,False
Arxiv-Nomic-100K,b17,64,94,"991,2266,3732,4177,7001",300,30,9,7,0.988,0.9913333333333334,0.1,0.0766666666666666,,,,0.2333333333333333,False
Arxiv-Nomic-100K,b17,64,95,"46,991,2266,3732,4177,7001",300,30,11,9,0.988,0.992,0.1,0.07,,,,0.3,False
Arxiv-Nomic-100K,b17,64,96,"4815,7001",300,30,3,3,0.988,0.989,0.1,0.09,,,,0.1,False
Arxiv-Nomic-100K,b17,64,97,"46,4815,7001",300,30,5,5,0.988,0.9896666666666668,0.1,0.0833333333333333,,,,0.1666666666666666,False
Arxiv-Nomic-100K,b17,64,98,"991,4815,7001",300,30,4,3,0.988,0.9893333333333332,0.1,0.09,,,,0.1,False
Arxiv-Nomic-100K,b17,64,99,"46,991,4815,7001",300,30,6,5,0.988,0.99,0.1,0.0833333333333333,,,,0.1666666666666666,False
Arxiv-Nomic-100K,b17,64,100,"2266,4815,7001",300,30,4,4,0.988,0.9893333333333332,0.1,0.0866666666666666,,,,0.1333333333333333,False
Arxiv-Nomic-100K,b17,64,101,"46,2266,4815,7001",300,30,6,6,0.988,0.99,0.1,0.08,,,,0.2,False
Arxiv-Nomic-100K,b17,64,102,"991,2266,4815,7001",300,30,5,4,0.988,0.9896666666666668,0.1,0.0866666666666666,,,,0.1333333333333333,False
Arxiv-Nomic-100K,b17,64,103,"46,991,2266,4815,7001",300,30,7,6,0.988,0.9903333333333334,0.1,0.08,,,,0.2,False
Arxiv-Nomic-100K,b17,64,104,"3732,4815,7001",300,30,8,5,0.988,0.9906666666666666,0.1,0.0833333333333333,,,,0.1666666666666666,False
Arxiv-Nomic-100K,b17,64,105,"46,3732,4815,7001",300,30,10,7,0.988,0.9913333333333334,0.1,0.0766666666666666,,,,0.2333333333333333,False
Arxiv-Nomic-100K,b17,64,106,"991,3732,4815,7001",300,30,8,6,0.988,0.991,0.1,0.08,,,,0.2,False
Arxiv-Nomic-100K,b17,64,107,"46,991,3732,4815,7001",300,30,10,8,0.988,0.9916666666666666,0.1,0.0733333333333333,,,,0.2666666666666666,False
Arxiv-Nomic-100K,b17,64,108,"2266,3732,4815,7001",300,30,9,6,0.988,0.991,0.1,0.08,,,,0.2,False
Arxiv-Nomic-100K,b17,64,109,"46,2266,3732,4815,7001",300,30,11,8,0.988,0.9916666666666666,0.1,0.0733333333333333,,,,0.2666666666666666,False
Arxiv-Nomic-100K,b17,64,110,"991,2266,3732,4815,7001",300,30,9,7,0.988,0.9913333333333334,0.1,0.0766666666666666,,,,0.2333333333333333,False
Arxiv-Nomic-100K,b17,64,111,"46,991,2266,3732,4815,7001",300,30,11,9,0.988,0.992,0.1,0.07,,,,0.3,False
Arxiv-Nomic-100K,b17,64,112,"4177,4815,7001",300,30,4,4,0.988,0.9893333333333332,0.1,0.0866666666666666,,,,0.1333333333333333,False
Arxiv-Nomic-100K,b17,64,113,"46,4177,4815,7001",300,30,6,6,0.988,0.99,0.1,0.08,,,,0.2,False
Arxiv-Nomic-100K,b17,64,114,"991,4177,4815,7001",300,30,5,4,0.988,0.9896666666666668,0.1,0.0866666666666666,,,,0.1333333333333333,False
Arxiv-Nomic-100K,b17,64,115,"46,991,4177,4815,7001",300,30,7,6,0.988,0.9903333333333334,0.1,0.08,,,,0.2,False
Arxiv-Nomic-100K,b17,64,116,"2266,4177,4815,7001",300,30,5,5,0.988,0.9896666666666668,0.1,0.0833333333333333,,,,0.1666666666666666,False
Arxiv-Nomic-100K,b17,64,117,"46,2266,4177,4815,7001",300,30,7,7,0.988,0.9903333333333334,0.1,0.0766666666666666,,,,0.2333333333333333,False
Arxiv-Nomic-100K,b17,64,118,"991,2266,4177,4815,7001",300,30,6,5,0.988,0.99,0.1,0.0833333333333333,,,,0.1666666666666666,False
Arxiv-Nomic-100K,b17,64,119,"46,991,2266,4177,4815,7001",300,30,8,7,0.988,0.9906666666666666,0.1,0.0766666666666666,,,,0.2333333333333333,False
Arxiv-Nomic-100K,b17,64,120,"3732,4177,4815,7001",300,30,8,5,0.988,0.9906666666666666,0.1,0.0833333333333333,,,,0.1666666666666666,False
Arxiv-Nomic-100K,b17,64,121,"46,3732,4177,4815,7001",300,30,10,7,0.988,0.9913333333333334,0.1,0.0766666666666666,,,,0.2333333333333333,False
Arxiv-Nomic-100K,b17,64,122,"991,3732,4177,4815,7001",300,30,8,6,0.988,0.991,0.1,0.08,,,,0.2,False
Arxiv-Nomic-100K,b17,64,123,"46,991,3732,4177,4815,7001",300,30,10,8,0.988,0.9916666666666666,0.1,0.0733333333333333,,,,0.2666666666666666,False
Arxiv-Nomic-100K,b17,64,124,"2266,3732,4177,4815,7001",300,30,9,6,0.988,0.991,0.1,0.08,,,,0.2,False
Arxiv-Nomic-100K,b17,64,125,"46,2266,3732,4177,4815,7001",300,30,11,8,0.988,0.9916666666666666,0.1,0.0733333333333333,,,,0.2666666666666666,False
Arxiv-Nomic-100K,b17,64,126,"991,2266,3732,4177,4815,7001",300,30,9,7,0.988,0.9913333333333334,0.1,0.0766666666666666,,,,0.2333333333333333,False
Arxiv-Nomic-100K,b17,64,127,"46,991,2266,3732,4177,4815,7001",300,30,11,9,0.988,0.992,0.1,0.07,,,,0.3,False
Arxiv-Nomic-100K,b17,64,128,8888,300,30,4,3,0.988,0.9893333333333332,0.1,0.09,,,,0.1,False
Arxiv-Nomic-100K,b17,64,129,"46,8888",300,30,6,5,0.988,0.99,0.1,0.0833333333333333,,,,0.1666666666666666,False
Arxiv-Nomic-100K,b17,64,130,"991,8888",300,30,5,3,0.988,0.9896666666666668,0.1,0.09,,,,0.1,False
Arxiv-Nomic-100K,b17,64,131,"46,991,8888",300,30,7,5,0.988,0.9903333333333334,0.1,0.0833333333333333,,,,0.1666666666666666,False
Arxiv-Nomic-100K,b17,64,132,"2266,8888",300,30,5,4,0.988,0.9896666666666668,0.1,0.0866666666666666,,,,0.1333333333333333,False
Arxiv-Nomic-100K,b17,64,133,"46,2266,8888",300,30,7,6,0.988,0.9903333333333334,0.1,0.08,,,,0.2,False
Arxiv-Nomic-100K,b17,64,134,"991,2266,8888",300,30,6,4,0.988,0.99,0.1,0.0866666666666666,,,,0.1333333333333333,False
Arxiv-Nomic-100K,b17,64,135,"46,991,2266,8888",300,30,8,6,0.988,0.9906666666666666,0.1,0.08,,,,0.2,False
Arxiv-Nomic-100K,b17,64,136,"3732,8888",300,30,8,4,0.988,0.9906666666666666,0.1,0.0866666666666666,,,,0.1333333333333333,False
Arxiv-Nomic-100K,b17,64,137,"46,3732,8888",300,30,10,6,0.988,0.9913333333333334,0.1,0.08,,,,0.2,False
Arxiv-Nomic-100K,b17,64,138,"991,3732,8888",300,30,8,5,0.988,0.991,0.1,0.0833333333333333,,,,0.1666666666666666,False
Arxiv-Nomic-100K,b17,64,139,"46,991,3732,8888",300,30,10,7,0.988,0.9916666666666666,0.1,0.0766666666666666,,,,0.2333333333333333,False
Arxiv-Nomic-100K,b17,64,140,"2266,3732,8888",300,30,9,5,0.988,0.991,0.1,0.0833333333333333,,,,0.1666666666666666,False
Arxiv-Nomic-100K,b17,64,141,"46,2266,3732,8888",300,30,11,7,0.988,0.9916666666666666,0.1,0.0766666666666666,,,,0.2333333333333333,False
Arxiv-Nomic-100K,b17,64,142,"991,2266,3732,8888",300,30,9,6,0.988,0.9913333333333334,0.1,0.08,,,,0.2,False
Arxiv-Nomic-100K,b17,64,143,"46,991,2266,3732,8888",300,30,11,8,0.988,0.992,0.1,0.0733333333333333,,,,0.2666666666666666,False
Arxiv-Nomic-100K,b17,64,144,"4177,8888",300,30,5,4,0.988,0.9896666666666668,0.1,0.0866666666666666,,,,0.1333333333333333,False
Arxiv-Nomic-100K,b17,64,145,"46,4177,8888",300,30,7,6,0.988,0.9903333333333334,0.1,0.08,,,,0.2,False
Arxiv-Nomic-100K,b17,64,146,"991,4177,8888",300,30,6,4,0.988,0.99,0.1,0.0866666666666666,,,,0.1333333333333333,False
Arxiv-Nomic-100K,b17,64,147,"46,991,4177,8888",300,30,8,6,0.988,0.9906666666666666,0.1,0.08,,,,0.2,False
Arxiv-Nomic-100K,b17,64,148,"2266,4177,8888",300,30,6,5,0.988,0.99,0.1,0.0833333333333333,,,,0.1666666666666666,False
Arxiv-Nomic-100K,b17,64,149,"46,2266,4177,8888",300,30,8,7,0.988,0.9906666666666666,0.1,0.0766666666666666,,,,0.2333333333333333,False
Arxiv-Nomic-100K,b17,64,150,"991,2266,4177,8888",300,30,7,5,0.988,0.9903333333333334,0.1,0.0833333333333333,,,,0.1666666666666666,False
Arxiv-Nomic-100K,b17,64,151,"46,991,2266,4177,8888",300,30,9,7,0.988,0.991,0.1,0.0766666666666666,,,,0.2333333333333333,False
Arxiv-Nomic-100K,b17,64,152,"3732,4177,8888",300,30,8,4,0.988,0.9906666666666666,0.1,0.0866666666666666,,,,0.1333333333333333,False
Arxiv-Nomic-100K,b17,64,153,"46,3732,4177,8888",300,30,10,6,0.988,0.9913333333333334,0.1,0.08,,,,0.2,False
Arxiv-Nomic-100K,b17,64,154,"991,3732,4177,8888",300,30,8,5,0.988,0.991,0.1,0.0833333333333333,,,,0.1666666666666666,False
Arxiv-Nomic-100K,b17,64,155,"46,991,3732,4177,8888",300,30,10,7,0.988,0.9916666666666666,0.1,0.0766666666666666,,,,0.2333333333333333,False
Arxiv-Nomic-100K,b17,64,156,"2266,3732,4177,8888",300,30,9,5,0.988,0.991,0.1,0.0833333333333333,,,,0.1666666666666666,False
Arxiv-Nomic-100K,b17,64,157,"46,2266,3732,4177,8888",300,30,11,7,0.988,0.9916666666666666,0.1,0.0766666666666666,,,,0.2333333333333333,False
Arxiv-Nomic-100K,b17,64,158,"991,2266,3732,4177,8888",300,30,9,6,0.988,0.9913333333333334,0.1,0.08,,,,0.2,False
Arxiv-Nomic-100K,b17,64,159,"46,991,2266,3732,4177,8888",300,30,11,8,0.988,0.992,0.1,0.0733333333333333,,,,0.2666666666666666,False
Arxiv-Nomic-100K,b17,64,160,"4815,8888",300,30,4,3,0.988,0.9893333333333332,0.1,0.09,,,,0.1,False
Arxiv-Nomic-100K,b17,64,161,"46,4815,8888",300,30,6,5,0.988,0.99,0.1,0.0833333333333333,,,,0.1666666666666666,False
Arxiv-Nomic-100K,b17,64,162,"991,4815,8888",300,30,5,3,0.988,0.9896666666666668,0.1,0.09,,,,0.1,False
Arxiv-Nomic-100K,b17,64,163,"46,991,4815,8888",300,30,7,5,0.988,0.9903333333333334,0.1,0.0833333333333333,,,,0.1666666666666666,False
Arxiv-Nomic-100K,b17,64,164,"2266,4815,8888",300,30,5,4,0.988,0.9896666666666668,0.1,0.0866666666666666,,,,0.1333333333333333,False
Arxiv-Nomic-100K,b17,64,165,"46,2266,4815,8888",300,30,7,6,0.988,0.9903333333333334,0.1,0.08,,,,0.2,False
Arxiv-Nomic-100K,b17,64,166,"991,2266,4815,8888",300,30,6,4,0.988,0.99,0.1,0.0866666666666666,,,,0.1333333333333333,False
Arxiv-Nomic-100K,b17,64,167,"46,991,2266,4815,8888",300,30,8,6,0.988,0.9906666666666666,0.1,0.08,,,,0.2,False
Arxiv-Nomic-100K,b17,64,168,"3732,4815,8888",300,30,8,4,0.988,0.9906666666666666,0.1,0.0866666666666666,,,,0.1333333333333333,False
Arxiv-Nomic-100K,b17,64,169,"46,3732,4815,8888",300,30,10,6,0.988,0.9913333333333334,0.1,0.08,,,,0.2,False
Arxiv-Nomic-100K,b17,64,170,"991,3732,4815,8888",300,30,8,5,0.988,0.991,0.1,0.0833333333333333,,,,0.1666666666666666,False
Arxiv-Nomic-100K,b17,64,171,"46,991,3732,4815,8888",300,30,10,7,0.988,0.9916666666666666,0.1,0.0766666666666666,,,,0.2333333333333333,False
Arxiv-Nomic-100K,b17,64,172,"2266,3732,4815,8888",300,30,9,5,0.988,0.991,0.1,0.0833333333333333,,,,0.1666666666666666,False
Arxiv-Nomic-100K,b17,64,173,"46,2266,3732,4815,8888",300,30,11,7,0.988,0.9916666666666666,0.1,0.0766666666666666,,,,0.2333333333333333,False
Arxiv-Nomic-100K,b17,64,174,"991,2266,3732,4815,8888",300,30,9,6,0.988,0.9913333333333334,0.1,0.08,,,,0.2,False
Arxiv-Nomic-100K,b17,64,175,"46,991,2266,3732,4815,8888",300,30,11,8,0.988,0.992,0.1,0.0733333333333333,,,,0.2666666666666666,False
Arxiv-Nomic-100K,b17,64,176,"4177,4815,8888",300,30,5,4,0.988,0.9896666666666668,0.1,0.0866666666666666,,,,0.1333333333333333,False
Arxiv-Nomic-100K,b17,64,177,"46,4177,4815,8888",300,30,7,6,0.988,0.9903333333333334,0.1,0.08,,,,0.2,False
Arxiv-Nomic-100K,b17,64,178,"991,4177,4815,8888",300,30,6,4,0.988,0.99,0.1,0.0866666666666666,,,,0.1333333333333333,False
Arxiv-Nomic-100K,b17,64,179,"46,991,4177,4815,8888",300,30,8,6,0.988,0.9906666666666666,0.1,0.08,,,,0.2,False
Arxiv-Nomic-100K,b17,64,180,"2266,4177,4815,8888",300,30,6,5,0.988,0.99,0.1,0.0833333333333333,,,,0.1666666666666666,False
Arxiv-Nomic-100K,b17,64,181,"46,2266,4177,4815,8888",300,30,8,7,0.988,0.9906666666666666,0.1,0.0766666666666666,,,,0.2333333333333333,False
Arxiv-Nomic-100K,b17,64,182,"991,2266,4177,4815,8888",300,30,7,5,0.988,0.9903333333333334,0.1,0.0833333333333333,,,,0.1666666666666666,False
Arxiv-Nomic-100K,b17,64,183,"46,991,2266,4177,4815,8888",300,30,9,7,0.988,0.991,0.1,0.0766666666666666,,,,0.2333333333333333,False
Arxiv-Nomic-100K,b17,64,184,"3732,4177,4815,8888",300,30,8,4,0.988,0.9906666666666666,0.1,0.0866666666666666,,,,0.1333333333333333,False
Arxiv-Nomic-100K,b17,64,185,"46,3732,4177,4815,8888",300,30,10,6,0.988,0.9913333333333334,0.1,0.08,,,,0.2,False
Arxiv-Nomic-100K,b17,64,186,"991,3732,4177,4815,8888",300,30,8,5,0.988,0.991,0.1,0.0833333333333333,,,,0.1666666666666666,False
Arxiv-Nomic-100K,b17,64,187,"46,991,3732,4177,4815,8888",300,30,10,7,0.988,0.9916666666666666,0.1,0.0766666666666666,,,,0.2333333333333333,False
Arxiv-Nomic-100K,b17,64,188,"2266,3732,4177,4815,8888",300,30,9,5,0.988,0.991,0.1,0.0833333333333333,,,,0.1666666666666666,False
Arxiv-Nomic-100K,b17,64,189,"46,2266,3732,4177,4815,8888",300,30,11,7,0.988,0.9916666666666666,0.1,0.0766666666666666,,,,0.2333333333333333,False
Arxiv-Nomic-100K,b17,64,190,"991,2266,3732,4177,4815,8888",300,30,9,6,0.988,0.9913333333333334,0.1,0.08,,,,0.2,False
Arxiv-Nomic-100K,b17,64,191,"46,991,2266,3732,4177,4815,8888",300,30,11,8,0.988,0.992,0.1,0.0733333333333333,,,,0.2666666666666666,False
Arxiv-Nomic-100K,b17,64,192,"7001,8888",300,30,6,5,0.988,0.99,0.1,0.0833333333333333,,,,0.1666666666666666,False
Arxiv-Nomic-100K,b17,64,193,"46,7001,8888",300,30,8,7,0.988,0.9906666666666666,0.1,0.0766666666666666,,,,0.2333333333333333,False
Arxiv-Nomic-100K,b17,64,194,"991,7001,8888",300,30,7,5,0.988,0.9903333333333334,0.1,0.0833333333333333,,,,0.1666666666666666,False
Arxiv-Nomic-100K,b17,64,195,"46,991,7001,8888",300,30,9,7,0.988,0.991,0.1,0.0766666666666666,,,,0.2333333333333333,False
Arxiv-Nomic-100K,b17,64,196,"2266,7001,8888",300,30,7,6,0.988,0.9903333333333334,0.1,0.08,,,,0.2,False
Arxiv-Nomic-100K,b17,64,197,"46,2266,7001,8888",300,30,9,8,0.988,0.991,0.1,0.0733333333333333,,,,0.2666666666666666,False
Arxiv-Nomic-100K,b17,64,198,"991,2266,7001,8888",300,30,8,6,0.988,0.9906666666666666,0.1,0.08,,,,0.2,False
Arxiv-Nomic-100K,b17,64,199,"46,991,2266,7001,8888",300,30,10,8,0.988,0.9913333333333334,0.1,0.0733333333333333,,,,0.2666666666666666,False
Arxiv-Nomic-100K,b17,64,200,"3732,7001,8888",300,30,10,6,0.988,0.9913333333333334,0.1,0.08,,,,0.2,False
Arxiv-Nomic-100K,b17,64,201,"46,3732,7001,8888",300,30,12,8,0.988,0.992,0.1,0.0733333333333333,,,,0.2666666666666666,False
Arxiv-Nomic-100K,b17,64,202,"991,3732,7001,8888",300,30,10,7,0.988,0.9916666666666666,0.1,0.0766666666666666,,,,0.2333333333333333,False
Arxiv-Nomic-100K,b17,64,203,"46,991,3732,7001,8888",300,30,12,9,0.988,0.9923333333333334,0.1,0.07,,,,0.3,False
Arxiv-Nomic-100K,b17,64,204,"2266,3732,7001,8888",300,30,11,7,0.988,0.9916666666666666,0.1,0.0766666666666666,,,,0.2333333333333333,False
Arxiv-Nomic-100K,b17,64,205,"46,2266,3732,7001,8888",300,30,13,9,0.988,0.9923333333333334,0.1,0.07,,,,0.3,False
Arxiv-Nomic-100K,b17,64,206,"991,2266,3732,7001,8888",300,30,11,8,0.988,0.992,0.1,0.0733333333333333,,,,0.2666666666666666,False
Arxiv-Nomic-100K,b17,64,207,"46,991,2266,3732,7001,8888",300,30,13,10,0.988,0.9926666666666666,0.1,0.0666666666666666,,,,0.3333333333333333,False
Arxiv-Nomic-100K,b17,64,208,"4177,7001,8888",300,30,7,6,0.988,0.9903333333333334,0.1,0.08,,,,0.2,False
Arxiv-Nomic-100K,b17,64,209,"46,4177,7001,8888",300,30,9,8,0.988,0.991,0.1,0.0733333333333333,,,,0.2666666666666666,False
Arxiv-Nomic-100K,b17,64,210,"991,4177,7001,8888",300,30,8,6,0.988,0.9906666666666666,0.1,0.08,,,,0.2,False
Arxiv-Nomic-100K,b17,64,211,"46,991,4177,7001,8888",300,30,10,8,0.988,0.9913333333333334,0.1,0.0733333333333333,,,,0.2666666666666666,False
Arxiv-Nomic-100K,b17,64,212,"2266,4177,7001,8888",300,30,8,7,0.988,0.9906666666666666,0.1,0.0766666666666666,,,,0.2333333333333333,False
Arxiv-Nomic-100K,b17,64,213,"46,2266,4177,7001,8888",300,30,10,9,0.988,0.9913333333333334,0.1,0.07,,,,0.3,False
Arxiv-Nomic-100K,b17,64,214,"991,2266,4177,7001,8888",300,30,9,7,0.988,0.991,0.1,0.0766666666666666,,,,0.2333333333333333,False
Arxiv-Nomic-100K,b17,64,215,"46,991,2266,4177,7001,8888",300,30,11,9,0.988,0.9916666666666666,0.1,0.07,,,,0.3,False
Arxiv-Nomic-100K,b17,64,216,"3732,4177,7001,8888",300,30,10,6,0.988,0.9913333333333334,0.1,0.08,,,,0.2,False
Arxiv-Nomic-100K,b17,64,217,"46,3732,4177,7001,8888",300,30,12,8,0.988,0.992,0.1,0.0733333333333333,,,,0.2666666666666666,False
Arxiv-Nomic-100K,b17,64,218,"991,3732,4177,7001,8888",300,30,10,7,0.988,0.9916666666666666,0.1,0.0766666666666666,,,,0.2333333333333333,False
Arxiv-Nomic-100K,b17,64,219,"46,991,3732,4177,7001,8888",300,30,12,9,0.988,0.9923333333333334,0.1,0.07,,,,0.3,False
Arxiv-Nomic-100K,b17,64,220,"2266,3732,4177,7001,8888",300,30,11,7,0.988,0.9916666666666666,0.1,0.0766666666666666,,,,0.2333333333333333,False
Arxiv-Nomic-100K,b17,64,221,"46,2266,3732,4177,7001,8888",300,30,13,9,0.988,0.9923333333333334,0.1,0.07,,,,0.3,False
Arxiv-Nomic-100K,b17,64,222,"991,2266,3732,4177,7001,8888",300,30,11,8,0.988,0.992,0.1,0.0733333333333333,,,,0.2666666666666666,False
Arxiv-Nomic-100K,b17,64,223,"46,991,2266,3732,4177,7001,8888",300,30,13,10,0.988,0.9926666666666666,0.1,0.0666666666666666,,,,0.3333333333333333,False
Arxiv-Nomic-100K,b17,64,224,"4815,7001,8888",300,30,6,5,0.988,0.99,0.1,0.0833333333333333,,,,0.1666666666666666,False
Arxiv-Nomic-100K,b17,64,225,"46,4815,7001,8888",300,30,8,7,0.988,0.9906666666666666,0.1,0.0766666666666666,,,,0.2333333333333333,False
Arxiv-Nomic-100K,b17,64,226,"991,4815,7001,8888",300,30,7,5,0.988,0.9903333333333334,0.1,0.0833333333333333,,,,0.1666666666666666,False
Arxiv-Nomic-100K,b17,64,227,"46,991,4815,7001,8888",300,30,9,7,0.988,0.991,0.1,0.0766666666666666,,,,0.2333333333333333,False
Arxiv-Nomic-100K,b17,64,228,"2266,4815,7001,8888",300,30,7,6,0.988,0.9903333333333334,0.1,0.08,,,,0.2,False
Arxiv-Nomic-100K,b17,64,229,"46,2266,4815,7001,8888",300,30,9,8,0.988,0.991,0.1,0.0733333333333333,,,,0.2666666666666666,False
Arxiv-Nomic-100K,b17,64,230,"991,2266,4815,7001,8888",300,30,8,6,0.988,0.9906666666666666,0.1,0.08,,,,0.2,False
Arxiv-Nomic-100K,b17,64,231,"46,991,2266,4815,7001,8888",300,30,10,8,0.988,0.9913333333333334,0.1,0.0733333333333333,,,,0.2666666666666666,False
Arxiv-Nomic-100K,b17,64,232,"3732,4815,7001,8888",300,30,10,6,0.988,0.9913333333333334,0.1,0.08,,,,0.2,False
Arxiv-Nomic-100K,b17,64,233,"46,3732,4815,7001,8888",300,30,12,8,0.988,0.992,0.1,0.0733333333333333,,,,0.2666666666666666,False
Arxiv-Nomic-100K,b17,64,234,"991,3732,4815,7001,8888",300,30,10,7,0.988,0.9916666666666666,0.1,0.0766666666666666,,,,0.2333333333333333,False
Arxiv-Nomic-100K,b17,64,235,"46,991,3732,4815,7001,8888",300,30,12,9,0.988,0.9923333333333334,0.1,0.07,,,,0.3,False
Arxiv-Nomic-100K,b17,64,236,"2266,3732,4815,7001,8888",300,30,11,7,0.988,0.9916666666666666,0.1,0.0766666666666666,,,,0.2333333333333333,False
Arxiv-Nomic-100K,b17,64,237,"46,2266,3732,4815,7001,8888",300,30,13,9,0.988,0.9923333333333334,0.1,0.07,,,,0.3,False
Arxiv-Nomic-100K,b17,64,238,"991,2266,3732,4815,7001,8888",300,30,11,8,0.988,0.992,0.1,0.0733333333333333,,,,0.2666666666666666,False
Arxiv-Nomic-100K,b17,64,239,"46,991,2266,3732,4815,7001,8888",300,30,13,10,0.988,0.9926666666666666,0.1,0.0666666666666666,,,,0.3333333333333333,False
Arxiv-Nomic-100K,b17,64,240,"4177,4815,7001,8888",300,30,7,6,0.988,0.9903333333333334,0.1,0.08,,,,0.2,False
Arxiv-Nomic-100K,b17,64,241,"46,4177,4815,7001,8888",300,30,9,8,0.988,0.991,0.1,0.0733333333333333,,,,0.2666666666666666,False
Arxiv-Nomic-100K,b17,64,242,"991,4177,4815,7001,8888",300,30,8,6,0.988,0.9906666666666666,0.1,0.08,,,,0.2,False
Arxiv-Nomic-100K,b17,64,243,"46,991,4177,4815,7001,8888",300,30,10,8,0.988,0.9913333333333334,0.1,0.0733333333333333,,,,0.2666666666666666,False
Arxiv-Nomic-100K,b17,64,244,"2266,4177,4815,7001,8888",300,30,8,7,0.988,0.9906666666666666,0.1,0.0766666666666666,,,,0.2333333333333333,False
Arxiv-Nomic-100K,b17,64,245,"46,2266,4177,4815,7001,8888",300,30,10,9,0.988,0.9913333333333334,0.1,0.07,,,,0.3,False
Arxiv-Nomic-100K,b17,64,246,"991,2266,4177,4815,7001,8888",300,30,9,7,0.988,0.991,0.1,0.0766666666666666,,,,0.2333333333333333,False
Arxiv-Nomic-100K,b17,64,247,"46,991,2266,4177,4815,7001,8888",300,30,11,9,0.988,0.9916666666666666,0.1,0.07,,,,0.3,False
Arxiv-Nomic-100K,b17,64,248,"3732,4177,4815,7001,8888",300,30,10,6,0.988,0.9913333333333334,0.1,0.08,,,,0.2,False
Arxiv-Nomic-100K,b17,64,249,"46,3732,4177,4815,7001,8888",300,30,12,8,0.988,0.992,0.1,0.0733333333333333,,,,0.2666666666666666,False
Arxiv-Nomic-100K,b17,64,250,"991,3732,4177,4815,7001,8888",300,30,10,7,0.988,0.9916666666666666,0.1,0.0766666666666666,,,,0.2333333333333333,False
Arxiv-Nomic-100K,b17,64,251,"46,991,3732,4177,4815,7001,8888",300,30,12,9,0.988,0.9923333333333334,0.1,0.07,,,,0.3,False
Arxiv-Nomic-100K,b17,64,252,"2266,3732,4177,4815,7001,8888",300,30,11,7,0.988,0.9916666666666666,0.1,0.0766666666666666,,,,0.2333333333333333,False
Arxiv-Nomic-100K,b17,64,253,"46,2266,3732,4177,4815,7001,8888",300,30,13,9,0.988,0.9923333333333334,0.1,0.07,,,,0.3,False
Arxiv-Nomic-100K,b17,64,254,"991,2266,3732,4177,4815,7001,8888",300,30,11,8,0.988,0.992,0.1,0.0733333333333333,,,,0.2666666666666666,False
Arxiv-Nomic-100K,b17,64,255,"46,991,2266,3732,4177,4815,7001,8888",300,30,13,10,0.988,0.9926666666666666,0.1,0.0666666666666666,,,,0.3333333333333333,False
Arxiv-Nomic-100K,b29,8,0,EMPTY,300,203,0,0,0.8276666666666668,0.8276666666666668,0.6766666666666666,0.6766666666666666,23.643750000000004,23.643750000000004,20.95,0.0,True
Arxiv-Nomic-100K,b29,8,1,46,300,203,56,17,0.8276666666666668,0.8656666666666666,0.6766666666666666,0.62,,,,0.083743842364532,False
Arxiv-Nomic-100K,b29,8,2,991,300,203,70,32,0.8276666666666668,0.8693333333333333,0.6766666666666666,0.57,,,,0.1576354679802955,False
Arxiv-Nomic-100K,b29,8,3,"46,991",300,203,95,44,0.8276666666666668,0.8923333333333334,0.6766666666666666,0.53,,,,0.2167487684729064,False
Arxiv-Nomic-100K,b29,8,4,2266,300,203,54,15,0.8276666666666668,0.8630000000000001,0.6766666666666666,0.6266666666666667,,,,0.0738916256157635,False
Arxiv-Nomic-100K,b29,8,5,"46,2266",300,203,82,31,0.8276666666666668,0.8833333333333334,0.6766666666666666,0.5733333333333334,,,,0.1527093596059113,False
Arxiv-Nomic-100K,b29,8,6,"991,2266",300,203,95,44,0.8276666666666668,0.8939999999999999,0.6766666666666666,0.53,,,,0.2167487684729064,False
Arxiv-Nomic-100K,b29,8,7,"46,991,2266",300,203,111,54,0.8276666666666668,0.9053333333333332,0.6766666666666666,0.4966666666666666,,,,0.2660098522167488,False
Arxiv-Nomic-100K,b29,8,8,3732,300,203,73,25,0.8276666666666668,0.8763333333333334,0.6766666666666666,0.5933333333333334,,,,0.1231527093596059,False
Arxiv-Nomic-100K,b29,8,9,"46,3732",300,203,92,37,0.8276666666666668,0.8886666666666667,0.6766666666666666,0.5533333333333333,,,,0.1822660098522167,False
Arxiv-Nomic-100K,b29,8,10,"991,3732",300,203,111,52,0.8276666666666668,0.9013333333333332,0.6766666666666666,0.5033333333333333,,,,0.2561576354679803,False
Arxiv-Nomic-100K,b29,8,11,"46,991,3732",300,203,121,62,0.8276666666666668,0.9096666666666666,0.6766666666666666,0.47,,,,0.3054187192118227,False
Arxiv-Nomic-100K,b29,8,12,"2266,3732",300,203,93,35,0.8276666666666668,0.8923333333333334,0.6766666666666666,0.56,,,,0.1724137931034483,False
Arxiv-Nomic-100K,b29,8,13,"46,2266,3732",300,203,107,46,0.8276666666666668,0.9013333333333332,0.6766666666666666,0.5233333333333333,,,,0.2266009852216748,False
Arxiv-Nomic-100K,b29,8,14,"991,2266,3732",300,203,120,59,0.8276666666666668,0.9133333333333332,0.6766666666666666,0.48,,,,0.2906403940886699,False
Arxiv-Nomic-100K,b29,8,15,"46,991,2266,3732",300,203,130,68,0.8276666666666668,0.92,0.6766666666666666,0.45,,,,0.334975369458128,False
Arxiv-Nomic-100K,b29,8,16,4177,300,203,66,24,0.8276666666666668,0.8736666666666666,0.6766666666666666,0.5966666666666667,,,,0.1182266009852216,False
Arxiv-Nomic-100K,b29,8,17,"46,4177",300,203,92,38,0.8276666666666668,0.893,0.6766666666666666,0.55,,,,0.1871921182266009,False
Arxiv-Nomic-100K,b29,8,18,"991,4177",300,203,97,46,0.8276666666666668,0.893,0.6766666666666666,0.5233333333333333,,,,0.2266009852216748,False
Arxiv-Nomic-100K,b29,8,19,"46,991,4177",300,203,112,58,0.8276666666666668,0.9073333333333334,0.6766666666666666,0.4833333333333333,,,,0.2857142857142857,False
Arxiv-Nomic-100K,b29,8,20,"2266,4177",300,203,91,33,0.8276666666666668,0.8913333333333334,0.6766666666666666,0.5666666666666667,,,,0.1625615763546798,False
Arxiv-Nomic-100K,b29,8,21,"46,2266,4177",300,203,110,46,0.8276666666666668,0.9056666666666666,0.6766666666666666,0.5233333333333333,,,,0.2266009852216748,False
Arxiv-Nomic-100K,b29,8,22,"991,2266,4177",300,203,113,54,0.8276666666666668,0.9066666666666666,0.6766666666666666,0.4966666666666666,,,,0.2660098522167488,False
Arxiv-Nomic-100K,b29,8,23,"46,991,2266,4177",300,203,125,64,0.8276666666666668,0.917,0.6766666666666666,0.4633333333333333,,,,0.3152709359605911,False
Arxiv-Nomic-100K,b29,8,24,"3732,4177",300,203,102,44,0.8276666666666668,0.9,0.6766666666666666,0.53,,,,0.2167487684729064,False
Arxiv-Nomic-100K,b29,8,25,"46,3732,4177",300,203,115,54,0.8276666666666668,0.909,0.6766666666666666,0.4966666666666666,,,,0.2660098522167488,False
Arxiv-Nomic-100K,b29,8,26,"991,3732,4177",300,203,125,62,0.8276666666666668,0.915,0.6766666666666666,0.47,,,,0.3054187192118227,False
Arxiv-Nomic-100K,b29,8,27,"46,991,3732,4177",300,203,132,72,0.8276666666666668,0.9216666666666666,0.6766666666666666,0.4366666666666666,,,,0.354679802955665,False
Arxiv-Nomic-100K,b29,8,28,"2266,3732,4177",300,203,115,50,0.8276666666666668,0.9103333333333332,0.6766666666666666,0.51,,,,0.2463054187192118,False
Arxiv-Nomic-100K,b29,8,29,"46,2266,3732,4177",300,203,125,59,0.8276666666666668,0.9183333333333332,0.6766666666666666,0.48,,,,0.2906403940886699,False
Arxiv-Nomic-100K,b29,8,30,"991,2266,3732,4177",300,203,132,67,0.8276666666666668,0.923,0.6766666666666666,0.4533333333333333,,,,0.3300492610837438,False
Arxiv-Nomic-100K,b29,8,31,"46,991,2266,3732,4177",300,203,139,76,0.8276666666666668,0.9293333333333332,0.6766666666666666,0.4233333333333333,,,,0.3743842364532019,False
Arxiv-Nomic-100K,b29,8,32,4815,300,203,49,15,0.8276666666666668,0.8640000000000001,0.6766666666666666,0.6266666666666667,,,,0.0738916256157635,False
Arxiv-Nomic-100K,b29,8,33,"46,4815",300,203,85,28,0.8276666666666668,0.8866666666666667,0.6766666666666666,0.5833333333333334,,,,0.1379310344827586,False
Arxiv-Nomic-100K,b29,8,34,"991,4815",300,203,93,39,0.8276666666666668,0.889,0.6766666666666666,0.5466666666666666,,,,0.1921182266009852,False
Arxiv-Nomic-100K,b29,8,35,"46,991,4815",300,203,114,50,0.8276666666666668,0.906,0.6766666666666666,0.51,,,,0.2463054187192118,False
Arxiv-Nomic-100K,b29,8,36,"2266,4815",300,203,85,29,0.8276666666666668,0.8873333333333333,0.6766666666666666,0.58,,,,0.1428571428571428,False
Arxiv-Nomic-100K,b29,8,37,"46,2266,4815",300,203,105,42,0.8276666666666668,0.902,0.6766666666666666,0.5366666666666666,,,,0.2068965517241379,False
Arxiv-Nomic-100K,b29,8,38,"991,2266,4815",300,203,114,50,0.8276666666666668,0.907,0.6766666666666666,0.51,,,,0.2463054187192118,False
Arxiv-Nomic-100K,b29,8,39,"46,991,2266,4815",300,203,128,60,0.8276666666666668,0.918,0.6766666666666666,0.4766666666666667,,,,0.2955665024630542,False
Arxiv-Nomic-100K,b29,8,40,"3732,4815",300,203,95,37,0.8276666666666668,0.8949999999999999,0.6766666666666666,0.5533333333333333,,,,0.1822660098522167,False
Arxiv-Nomic-100K,b29,8,41,"46,3732,4815",300,203,111,47,0.8276666666666668,0.9053333333333332,0.6766666666666666,0.52,,,,0.2315270935960591,False
Arxiv-Nomic-100K,b29,8,42,"991,3732,4815",300,203,124,58,0.8276666666666668,0.9126666666666668,0.6766666666666666,0.4833333333333333,,,,0.2857142857142857,False
Arxiv-Nomic-100K,b29,8,43,"46,991,3732,4815",300,203,133,67,0.8276666666666668,0.92,0.6766666666666666,0.4533333333333333,,,,0.3300492610837438,False
Arxiv-Nomic-100K,b29,8,44,"2266,3732,4815",300,203,111,45,0.8276666666666668,0.908,0.6766666666666666,0.5266666666666666,,,,0.2216748768472906,False
Arxiv-Nomic-100K,b29,8,45,"46,2266,3732,4815",300,203,123,55,0.8276666666666668,0.916,0.6766666666666666,0.4933333333333333,,,,0.270935960591133,False
Arxiv-Nomic-100K,b29,8,46,"991,2266,3732,4815",300,203,132,65,0.8276666666666668,0.923,0.6766666666666666,0.46,,,,0.3201970443349753,False
Arxiv-Nomic-100K,b29,8,47,"46,991,2266,3732,4815",300,203,141,73,0.8276666666666668,0.9293333333333332,0.6766666666666666,0.4333333333333333,,,,0.3596059113300492,False
Arxiv-Nomic-100K,b29,8,48,"4177,4815",300,203,92,38,0.8276666666666668,0.8893333333333333,0.6766666666666666,0.55,,,,0.1871921182266009,False
Arxiv-Nomic-100K,b29,8,49,"46,4177,4815",300,203,111,49,0.8276666666666668,0.9056666666666666,0.6766666666666666,0.5133333333333333,,,,0.2413793103448276,False
Arxiv-Nomic-100K,b29,8,50,"991,4177,4815",300,203,113,53,0.8276666666666668,0.9036666666666668,0.6766666666666666,0.5,,,,0.2610837438423645,False
Arxiv-Nomic-100K,b29,8,51,"46,991,4177,4815",300,203,127,65,0.8276666666666668,0.9176666666666666,0.6766666666666666,0.46,,,,0.3201970443349753,False
Arxiv-Nomic-100K,b29,8,52,"2266,4177,4815",300,203,111,45,0.8276666666666668,0.904,0.6766666666666666,0.5266666666666666,,,,0.2216748768472906,False
Arxiv-Nomic-100K,b29,8,53,"46,2266,4177,4815",300,203,125,56,0.8276666666666668,0.9163333333333334,0.6766666666666666,0.49,,,,0.2758620689655172,False
Arxiv-Nomic-100K,b29,8,54,"991,2266,4177,4815",300,203,127,60,0.8276666666666668,0.916,0.6766666666666666,0.4766666666666667,,,,0.2955665024630542,False
Arxiv-Nomic-100K,b29,8,55,"46,991,2266,4177,4815",300,203,138,71,0.8276666666666668,0.9263333333333332,0.6766666666666666,0.44,,,,0.3497536945812808,False
Arxiv-Nomic-100K,b29,8,56,"3732,4177,4815",300,203,116,54,0.8276666666666668,0.9106666666666668,0.6766666666666666,0.4966666666666666,,,,0.2660098522167488,False
Arxiv-Nomic-100K,b29,8,57,"46,3732,4177,4815",300,203,127,63,0.8276666666666668,0.9186666666666669,0.6766666666666666,0.4666666666666667,,,,0.3103448275862069,False
Arxiv-Nomic-100K,b29,8,58,"991,3732,4177,4815",300,203,134,68,0.8276666666666668,0.9226666666666666,0.6766666666666666,0.45,,,,0.334975369458128,False
Arxiv-Nomic-100K,b29,8,59,"46,991,3732,4177,4815",300,203,141,78,0.8276666666666668,0.9293333333333332,0.6766666666666666,0.4166666666666667,,,,0.3842364532019704,False
Arxiv-Nomic-100K,b29,8,60,"2266,3732,4177,4815",300,203,126,58,0.8276666666666668,0.9186666666666669,0.6766666666666666,0.4833333333333333,,,,0.2857142857142857,False
Arxiv-Nomic-100K,b29,8,61,"46,2266,3732,4177,4815",300,203,135,67,0.8276666666666668,0.926,0.6766666666666666,0.4533333333333333,,,,0.3300492610837438,False
Arxiv-Nomic-100K,b29,8,62,"991,2266,3732,4177,4815",300,203,140,73,0.8276666666666668,0.9296666666666666,0.6766666666666666,0.4333333333333333,,,,0.3596059113300492,False
Arxiv-Nomic-100K,b29,8,63,"46,991,2266,3732,4177,4815",300,203,147,82,0.8276666666666668,0.936,0.6766666666666666,0.4033333333333333,,,,0.4039408866995074,False
Arxiv-Nomic-100K,b29,8,64,7001,300,203,67,23,0.8276666666666668,0.8696666666666667,0.6766666666666666,0.6,,,,0.1133004926108374,False
Arxiv-Nomic-100K,b29,8,65,"46,7001",300,203,92,37,0.8276666666666668,0.892,0.6766666666666666,0.5533333333333333,,,,0.1822660098522167,False
Arxiv-Nomic-100K,b29,8,66,"991,7001",300,203,104,52,0.8276666666666668,0.8953333333333333,0.6766666666666666,0.5033333333333333,,,,0.2561576354679803,False
Arxiv-Nomic-100K,b29,8,67,"46,991,7001",300,203,118,61,0.8276666666666668,0.9086666666666666,0.6766666666666666,0.4733333333333333,,,,0.3004926108374384,False
Arxiv-Nomic-100K,b29,8,68,"2266,7001",300,203,91,34,0.8276666666666668,0.8873333333333333,0.6766666666666666,0.5633333333333334,,,,0.167487684729064,False
Arxiv-Nomic-100K,b29,8,69,"46,2266,7001",300,203,110,50,0.8276666666666668,0.9046666666666668,0.6766666666666666,0.51,,,,0.2463054187192118,False
Arxiv-Nomic-100K,b29,8,70,"991,2266,7001",300,203,118,58,0.8276666666666668,0.908,0.6766666666666666,0.4833333333333333,,,,0.2857142857142857,False
Arxiv-Nomic-100K,b29,8,71,"46,991,2266,7001",300,203,129,67,0.8276666666666668,0.917,0.6766666666666666,0.4533333333333333,,,,0.3300492610837438,False
Arxiv-Nomic-100K,b29,8,72,"3732,7001",300,203,101,44,0.8276666666666668,0.899,0.6766666666666666,0.53,,,,0.2167487684729064,False
Arxiv-Nomic-100K,b29,8,73,"46,3732,7001",300,203,111,54,0.8276666666666668,0.9066666666666666,0.6766666666666666,0.4966666666666666,,,,0.2660098522167488,False
Arxiv-Nomic-100K,b29,8,74,"991,3732,7001",300,203,125,67,0.8276666666666668,0.9153333333333334,0.6766666666666666,0.4533333333333333,,,,0.3300492610837438,False
Arxiv-Nomic-100K,b29,8,75,"46,991,3732,7001",300,203,131,75,0.8276666666666668,0.9203333333333332,0.6766666666666666,0.4266666666666667,,,,0.3694581280788177,False
Arxiv-Nomic-100K,b29,8,76,"2266,3732,7001",300,203,115,52,0.8276666666666668,0.91,0.6766666666666666,0.5033333333333333,,,,0.2561576354679803,False
Arxiv-Nomic-100K,b29,8,77,"46,2266,3732,7001",300,203,124,62,0.8276666666666668,0.9166666666666666,0.6766666666666666,0.47,,,,0.3054187192118227,False
Arxiv-Nomic-100K,b29,8,78,"991,2266,3732,7001",300,203,134,72,0.8276666666666668,0.9236666666666666,0.6766666666666666,0.4366666666666666,,,,0.354679802955665,False
Arxiv-Nomic-100K,b29,8,79,"46,991,2266,3732,7001",300,203,140,79,0.8276666666666668,0.928,0.6766666666666666,0.4133333333333333,,,,0.3891625615763547,False
Arxiv-Nomic-100K,b29,8,80,"4177,7001",300,203,100,41,0.8276666666666668,0.8933333333333333,0.6766666666666666,0.54,,,,0.2019704433497537,False
Arxiv-Nomic-100K,b29,8,81,"46,4177,7001",300,203,116,55,0.8276666666666668,0.9096666666666666,0.6766666666666666,0.4933333333333333,,,,0.270935960591133,False
Arxiv-Nomic-100K,b29,8,82,"991,4177,7001",300,203,121,60,0.8276666666666668,0.9093333333333332,0.6766666666666666,0.4766666666666667,,,,0.2955665024630542,False
Arxiv-Nomic-100K,b29,8,83,"46,991,4177,7001",300,203,131,72,0.8276666666666668,0.921,0.6766666666666666,0.4366666666666666,,,,0.354679802955665,False
Arxiv-Nomic-100K,b29,8,84,"2266,4177,7001",300,203,116,49,0.8276666666666668,0.9073333333333334,0.6766666666666666,0.5133333333333333,,,,0.2413793103448276,False
Arxiv-Nomic-100K,b29,8,85,"46,2266,4177,7001",300,203,129,63,0.8276666666666668,0.9196666666666669,0.6766666666666666,0.4666666666666667,,,,0.3103448275862069,False
Arxiv-Nomic-100K,b29,8,86,"991,2266,4177,7001",300,203,132,67,0.8276666666666668,0.9196666666666669,0.6766666666666666,0.4533333333333333,,,,0.3300492610837438,False
Arxiv-Nomic-100K,b29,8,87,"46,991,2266,4177,7001",300,203,140,77,0.8276666666666668,0.928,0.6766666666666666,0.42,,,,0.3793103448275862,False
Arxiv-Nomic-100K,b29,8,88,"3732,4177,7001",300,203,123,59,0.8276666666666668,0.9146666666666666,0.6766666666666666,0.48,,,,0.2906403940886699,False
Arxiv-Nomic-100K,b29,8,89,"46,3732,4177,7001",300,203,130,68,0.8276666666666668,0.921,0.6766666666666666,0.45,,,,0.334975369458128,False
Arxiv-Nomic-100K,b29,8,90,"991,3732,4177,7001",300,203,138,75,0.8276666666666668,0.9263333333333332,0.6766666666666666,0.4266666666666667,,,,0.3694581280788177,False
Arxiv-Nomic-100K,b29,8,91,"46,991,3732,4177,7001",300,203,142,83,0.8276666666666668,0.9306666666666666,0.6766666666666666,0.4,,,,0.4088669950738916,False
Arxiv-Nomic-100K,b29,8,92,"2266,3732,4177,7001",300,203,133,65,0.8276666666666668,0.9233333333333332,0.6766666666666666,0.46,,,,0.3201970443349753,False
Arxiv-Nomic-100K,b29,8,93,"46,2266,3732,4177,7001",300,203,139,74,0.8276666666666668,0.9293333333333332,0.6766666666666666,0.43,,,,0.3645320197044335,False
Arxiv-Nomic-100K,b29,8,94,"991,2266,3732,4177,7001",300,203,145,79,0.8276666666666668,0.933,0.6766666666666666,0.4133333333333333,,,,0.3891625615763547,False
Arxiv-Nomic-100K,b29,8,95,"46,991,2266,3732,4177,7001",300,203,149,87,0.8276666666666668,0.9373333333333334,0.6766666666666666,0.3866666666666666,,,,0.4285714285714285,False
Arxiv-Nomic-100K,b29,8,96,"4815,7001",300,203,95,35,0.8276666666666668,0.8906666666666666,0.6766666666666666,0.56,,,,0.1724137931034483,False
Arxiv-Nomic-100K,b29,8,97,"46,4815,7001",300,203,112,48,0.8276666666666668,0.9066666666666666,0.6766666666666666,0.5166666666666667,,,,0.2364532019704433,False
Arxiv-Nomic-100K,b29,8,98,"991,4815,7001",300,203,120,57,0.8276666666666668,0.9076666666666666,0.6766666666666666,0.4866666666666667,,,,0.2807881773399014,False
Arxiv-Nomic-100K,b29,8,99,"46,991,4815,7001",300,203,133,67,0.8276666666666668,0.9203333333333332,0.6766666666666666,0.4533333333333333,,,,0.3300492610837438,False
Arxiv-Nomic-100K,b29,8,100,"2266,4815,7001",300,203,113,45,0.8276666666666668,0.905,0.6766666666666666,0.5266666666666666,,,,0.2216748768472906,False
Arxiv-Nomic-100K,b29,8,101,"46,2266,4815,7001",300,203,126,59,0.8276666666666668,0.917,0.6766666666666666,0.48,,,,0.2906403940886699,False
Arxiv-Nomic-100K,b29,8,102,"991,2266,4815,7001",300,203,132,63,0.8276666666666668,0.9186666666666669,0.6766666666666666,0.4666666666666667,,,,0.3103448275862069,False
Arxiv-Nomic-100K,b29,8,103,"46,991,2266,4815,7001",300,203,142,73,0.8276666666666668,0.9276666666666668,0.6766666666666666,0.4333333333333333,,,,0.3596059113300492,False
Arxiv-Nomic-100K,b29,8,104,"3732,4815,7001",300,203,117,52,0.8276666666666668,0.912,0.6766666666666666,0.5033333333333333,,,,0.2561576354679803,False
Arxiv-Nomic-100K,b29,8,105,"46,3732,4815,7001",300,203,126,62,0.8276666666666668,0.919,0.6766666666666666,0.47,,,,0.3054187192118227,False
Arxiv-Nomic-100K,b29,8,106,"991,3732,4815,7001",300,203,136,72,0.8276666666666668,0.9253333333333332,0.6766666666666666,0.4366666666666666,,,,0.354679802955665,False
Arxiv-Nomic-100K,b29,8,107,"46,991,3732,4815,7001",300,203,142,80,0.8276666666666668,0.9303333333333332,0.6766666666666666,0.41,,,,0.3940886699507389,False
Arxiv-Nomic-100K,b29,8,108,"2266,3732,4815,7001",300,203,129,59,0.8276666666666668,0.921,0.6766666666666666,0.48,,,,0.2906403940886699,False
Arxiv-Nomic-100K,b29,8,109,"46,2266,3732,4815,7001",300,203,137,69,0.8276666666666668,0.927,0.6766666666666666,0.4466666666666666,,,,0.3399014778325123,False
Arxiv-Nomic-100K,b29,8,110,"991,2266,3732,4815,7001",300,203,144,77,0.8276666666666668,0.9326666666666666,0.6766666666666666,0.42,,,,0.3793103448275862,False
Arxiv-Nomic-100K,b29,8,111,"46,991,2266,3732,4815,7001",300,203,150,84,0.8276666666666668,0.937,0.6766666666666666,0.3966666666666666,,,,0.4137931034482758,False
Arxiv-Nomic-100K,b29,8,112,"4177,4815,7001",300,203,119,53,0.8276666666666668,0.9066666666666666,0.6766666666666666,0.5,,,,0.2610837438423645,False
Arxiv-Nomic-100K,b29,8,113,"46,4177,4815,7001",300,203,131,65,0.8276666666666668,0.9203333333333332,0.6766666666666666,0.46,,,,0.3201970443349753,False
Arxiv-Nomic-100K,b29,8,114,"991,4177,4815,7001",300,203,134,67,0.8276666666666668,0.9183333333333332,0.6766666666666666,0.4533333333333333,,,,0.3300492610837438,False
Arxiv-Nomic-100K,b29,8,115,"46,991,4177,4815,7001",300,203,143,79,0.8276666666666668,0.9296666666666666,0.6766666666666666,0.4133333333333333,,,,0.3891625615763547,False
Arxiv-Nomic-100K,b29,8,116,"2266,4177,4815,7001",300,203,131,60,0.8276666666666668,0.918,0.6766666666666666,0.4766666666666667,,,,0.2955665024630542,False
Arxiv-Nomic-100K,b29,8,117,"46,2266,4177,4815,7001",300,203,140,72,0.8276666666666668,0.9283333333333332,0.6766666666666666,0.4366666666666666,,,,0.354679802955665,False
Arxiv-Nomic-100K,b29,8,118,"991,2266,4177,4815,7001",300,203,143,73,0.8276666666666668,0.9273333333333332,0.6766666666666666,0.4333333333333333,,,,0.3596059113300492,False
Arxiv-Nomic-100K,b29,8,119,"46,991,2266,4177,4815,7001",300,203,150,84,0.8276666666666668,0.9356666666666668,0.6766666666666666,0.3966666666666666,,,,0.4137931034482758,False
Arxiv-Nomic-100K,b29,8,120,"3732,4177,4815,7001",300,203,134,67,0.8276666666666668,0.9243333333333336,0.6766666666666666,0.4533333333333333,,,,0.3300492610837438,False
Arxiv-Nomic-100K,b29,8,121,"46,3732,4177,4815,7001",300,203,140,76,0.8276666666666668,0.93,0.6766666666666666,0.4233333333333333,,,,0.3743842364532019,False
Arxiv-Nomic-100K,b29,8,122,"991,3732,4177,4815,7001",300,203,146,81,0.8276666666666668,0.9336666666666666,0.6766666666666666,0.4066666666666667,,,,0.3990147783251231,False
Arxiv-Nomic-100K,b29,8,123,"46,991,3732,4177,4815,7001",300,203,150,89,0.8276666666666668,0.938,0.6766666666666666,0.38,,,,0.438423645320197,False
Arxiv-Nomic-100K,b29,8,124,"2266,3732,4177,4815,7001",300,203,142,72,0.8276666666666668,0.931,0.6766666666666666,0.4366666666666666,,,,0.354679802955665,False
Arxiv-Nomic-100K,b29,8,125,"46,2266,3732,4177,4815,7001",300,203,147,81,0.8276666666666668,0.9363333333333334,0.6766666666666666,0.4066666666666667,,,,0.3990147783251231,False
Arxiv-Nomic-100K,b29,8,126,"991,2266,3732,4177,4815,7001",300,203,152,85,0.8276666666666668,0.9393333333333332,0.6766666666666666,0.3933333333333333,,,,0.4187192118226601,False
Arxiv-Nomic-100K,b29,8,127,"46,991,2266,3732,4177,4815,7001",300,203,156,93,0.8276666666666668,0.9436666666666668,0.6766666666666666,0.3666666666666666,,,,0.458128078817734,False
Arxiv-Nomic-100K,b29,8,128,8888,300,203,70,28,0.8276666666666668,0.873,0.6766666666666666,0.5833333333333334,,,,0.1379310344827586,False
Arxiv-Nomic-100K,b29,8,129,"46,8888",300,203,96,41,0.8276666666666668,0.8906666666666666,0.6766666666666666,0.54,,,,0.2019704433497537,False
Arxiv-Nomic-100K,b29,8,130,"991,8888",300,203,108,52,0.8276666666666668,0.8960000000000001,0.6766666666666666,0.5033333333333333,,,,0.2561576354679803,False
Arxiv-Nomic-100K,b29,8,131,"46,991,8888",300,203,122,62,0.8276666666666668,0.9083333333333334,0.6766666666666666,0.47,,,,0.3054187192118227,False
Arxiv-Nomic-100K,b29,8,132,"2266,8888",300,203,98,41,0.8276666666666668,0.8946666666666667,0.6766666666666666,0.54,,,,0.2019704433497537,False
Arxiv-Nomic-100K,b29,8,133,"46,2266,8888",300,203,115,54,0.8276666666666668,0.906,0.6766666666666666,0.4966666666666666,,,,0.2660098522167488,False
Arxiv-Nomic-100K,b29,8,134,"991,2266,8888",300,203,122,60,0.8276666666666668,0.9116666666666668,0.6766666666666666,0.4766666666666667,,,,0.2955665024630542,False
Arxiv-Nomic-100K,b29,8,135,"46,991,2266,8888",300,203,133,70,0.8276666666666668,0.9196666666666669,0.6766666666666666,0.4433333333333333,,,,0.3448275862068966,False
Arxiv-Nomic-100K,b29,8,136,"3732,8888",300,203,104,45,0.8276666666666668,0.8983333333333332,0.6766666666666666,0.5266666666666666,,,,0.2216748768472906,False
Arxiv-Nomic-100K,b29,8,137,"46,3732,8888",300,203,119,57,0.8276666666666668,0.9083333333333334,0.6766666666666666,0.4866666666666667,,,,0.2807881773399014,False
Arxiv-Nomic-100K,b29,8,138,"991,3732,8888",300,203,130,68,0.8276666666666668,0.9153333333333334,0.6766666666666666,0.45,,,,0.334975369458128,False
Arxiv-Nomic-100K,b29,8,139,"46,991,3732,8888",300,203,138,76,0.8276666666666668,0.9216666666666666,0.6766666666666666,0.4233333333333333,,,,0.3743842364532019,False
Arxiv-Nomic-100K,b29,8,140,"2266,3732,8888",300,203,119,54,0.8276666666666668,0.911,0.6766666666666666,0.4966666666666666,,,,0.2660098522167488,False
Arxiv-Nomic-100K,b29,8,141,"46,2266,3732,8888",300,203,131,65,0.8276666666666668,0.919,0.6766666666666666,0.46,,,,0.3201970443349753,False
Arxiv-Nomic-100K,b29,8,142,"991,2266,3732,8888",300,203,137,73,0.8276666666666668,0.925,0.6766666666666666,0.4333333333333333,,,,0.3596059113300492,False
Arxiv-Nomic-100K,b29,8,143,"46,991,2266,3732,8888",300,203,145,81,0.8276666666666668,0.9306666666666666,0.6766666666666666,0.4066666666666667,,,,0.3990147783251231,False
Arxiv-Nomic-100K,b29,8,144,"4177,8888",300,203,105,45,0.8276666666666668,0.8949999999999999,0.6766666666666666,0.5266666666666666,,,,0.2216748768472906,False
Arxiv-Nomic-100K,b29,8,145,"46,4177,8888",300,203,120,57,0.8276666666666668,0.9076666666666666,0.6766666666666666,0.4866666666666667,,,,0.2807881773399014,False
Arxiv-Nomic-100K,b29,8,146,"991,4177,8888",300,203,126,61,0.8276666666666668,0.9103333333333332,0.6766666666666666,0.4733333333333333,,,,0.3004926108374384,False
Arxiv-Nomic-100K,b29,8,147,"46,991,4177,8888",300,203,135,73,0.8276666666666668,0.9196666666666669,0.6766666666666666,0.4333333333333333,,,,0.3596059113300492,False
Arxiv-Nomic-100K,b29,8,148,"2266,4177,8888",300,203,120,53,0.8276666666666668,0.909,0.6766666666666666,0.5,,,,0.2610837438423645,False
Arxiv-Nomic-100K,b29,8,149,"46,2266,4177,8888",300,203,133,65,0.8276666666666668,0.919,0.6766666666666666,0.46,,,,0.3201970443349753,False
Arxiv-Nomic-100K,b29,8,150,"991,2266,4177,8888",300,203,136,68,0.8276666666666668,0.9213333333333332,0.6766666666666666,0.45,,,,0.334975369458128,False
Arxiv-Nomic-100K,b29,8,151,"46,991,2266,4177,8888",300,203,144,79,0.8276666666666668,0.9286666666666668,0.6766666666666666,0.4133333333333333,,,,0.3891625615763547,False
Arxiv-Nomic-100K,b29,8,152,"3732,4177,8888",300,203,125,60,0.8276666666666668,0.913,0.6766666666666666,0.4766666666666667,,,,0.2955665024630542,False
Arxiv-Nomic-100K,b29,8,153,"46,3732,4177,8888",300,203,135,70,0.8276666666666668,0.9206666666666669,0.6766666666666666,0.4433333333333333,,,,0.3448275862068966,False
Arxiv-Nomic-100K,b29,8,154,"991,3732,4177,8888",300,203,142,75,0.8276666666666668,0.9253333333333332,0.6766666666666666,0.4266666666666667,,,,0.3694581280788177,False
Arxiv-Nomic-100K,b29,8,155,"46,991,3732,4177,8888",300,203,148,84,0.8276666666666668,0.931,0.6766666666666666,0.3966666666666666,,,,0.4137931034482758,False
Arxiv-Nomic-100K,b29,8,156,"2266,3732,4177,8888",300,203,134,65,0.8276666666666668,0.9213333333333332,0.6766666666666666,0.46,,,,0.3201970443349753,False
Arxiv-Nomic-100K,b29,8,157,"46,2266,3732,4177,8888",300,203,143,75,0.8276666666666668,0.9286666666666668,0.6766666666666666,0.4266666666666667,,,,0.3694581280788177,False
Arxiv-Nomic-100K,b29,8,158,"991,2266,3732,4177,8888",300,203,147,79,0.8276666666666668,0.9323333333333336,0.6766666666666666,0.4133333333333333,,,,0.3891625615763547,False
Arxiv-Nomic-100K,b29,8,159,"46,991,2266,3732,4177,8888",300,203,153,88,0.8276666666666668,0.938,0.6766666666666666,0.3833333333333333,,,,0.4334975369458128,False
Arxiv-Nomic-100K,b29,8,160,"4815,8888",300,203,88,36,0.8276666666666668,0.8873333333333333,0.6766666666666666,0.5566666666666666,,,,0.1773399014778325,False
Arxiv-Nomic-100K,b29,8,161,"46,4815,8888",300,203,111,49,0.8276666666666668,0.903,0.6766666666666666,0.5133333333333333,,,,0.2413793103448276,False
Arxiv-Nomic-100K,b29,8,162,"991,4815,8888",300,203,119,58,0.8276666666666668,0.9073333333333334,0.6766666666666666,0.4833333333333333,,,,0.2857142857142857,False
Arxiv-Nomic-100K,b29,8,163,"46,991,4815,8888",300,203,133,67,0.8276666666666668,0.9186666666666669,0.6766666666666666,0.4533333333333333,,,,0.3300492610837438,False
Arxiv-Nomic-100K,b29,8,164,"2266,4815,8888",300,203,112,48,0.8276666666666668,0.9063333333333332,0.6766666666666666,0.5166666666666667,,,,0.2364532019704433,False
Arxiv-Nomic-100K,b29,8,165,"46,2266,4815,8888",300,203,127,61,0.8276666666666668,0.917,0.6766666666666666,0.4733333333333333,,,,0.3004926108374384,False
Arxiv-Nomic-100K,b29,8,166,"991,2266,4815,8888",300,203,132,65,0.8276666666666668,0.9213333333333332,0.6766666666666666,0.46,,,,0.3201970443349753,False
Arxiv-Nomic-100K,b29,8,167,"46,991,2266,4815,8888",300,203,143,75,0.8276666666666668,0.9293333333333332,0.6766666666666666,0.4266666666666667,,,,0.3694581280788177,False
Arxiv-Nomic-100K,b29,8,168,"3732,4815,8888",300,203,116,51,0.8276666666666668,0.9086666666666666,0.6766666666666666,0.5066666666666667,,,,0.2512315270935961,False
Arxiv-Nomic-100K,b29,8,169,"46,3732,4815,8888",300,203,130,63,0.8276666666666668,0.918,0.6766666666666666,0.4666666666666667,,,,0.3103448275862069,False
Arxiv-Nomic-100K,b29,8,170,"991,3732,4815,8888",300,203,138,72,0.8276666666666668,0.9236666666666666,0.6766666666666666,0.4366666666666666,,,,0.354679802955665,False
Arxiv-Nomic-100K,b29,8,171,"46,991,3732,4815,8888",300,203,146,80,0.8276666666666668,0.93,0.6766666666666666,0.41,,,,0.3940886699507389,False
Arxiv-Nomic-100K,b29,8,172,"2266,3732,4815,8888",300,203,129,59,0.8276666666666668,0.9203333333333332,0.6766666666666666,0.48,,,,0.2906403940886699,False
Arxiv-Nomic-100K,b29,8,173,"46,2266,3732,4815,8888",300,203,140,70,0.8276666666666668,0.9276666666666668,0.6766666666666666,0.4433333333333333,,,,0.3448275862068966,False
Arxiv-Nomic-100K,b29,8,174,"991,2266,3732,4815,8888",300,203,144,77,0.8276666666666668,0.9326666666666666,0.6766666666666666,0.42,,,,0.3793103448275862,False
Arxiv-Nomic-100K,b29,8,175,"46,991,2266,3732,4815,8888",300,203,152,85,0.8276666666666668,0.9383333333333332,0.6766666666666666,0.3933333333333333,,,,0.4187192118226601,False
Arxiv-Nomic-100K,b29,8,176,"4177,4815,8888",300,203,118,53,0.8276666666666668,0.9053333333333332,0.6766666666666666,0.5,,,,0.2610837438423645,False
Arxiv-Nomic-100K,b29,8,177,"46,4177,4815,8888",300,203,131,65,0.8276666666666668,0.9166666666666666,0.6766666666666666,0.46,,,,0.3201970443349753,False
Arxiv-Nomic-100K,b29,8,178,"991,4177,4815,8888",300,203,135,67,0.8276666666666668,0.9183333333333332,0.6766666666666666,0.4533333333333333,,,,0.3300492610837438,False
Arxiv-Nomic-100K,b29,8,179,"46,991,4177,4815,8888",300,203,144,78,0.8276666666666668,0.9273333333333332,0.6766666666666666,0.4166666666666667,,,,0.3842364532019704,False
Arxiv-Nomic-100K,b29,8,180,"2266,4177,4815,8888",300,203,131,60,0.8276666666666668,0.9176666666666666,0.6766666666666666,0.4766666666666667,,,,0.2955665024630542,False
Arxiv-Nomic-100K,b29,8,181,"46,2266,4177,4815,8888",300,203,142,72,0.8276666666666668,0.927,0.6766666666666666,0.4366666666666666,,,,0.354679802955665,False
Arxiv-Nomic-100K,b29,8,182,"991,2266,4177,4815,8888",300,203,144,73,0.8276666666666668,0.9283333333333332,0.6766666666666666,0.4333333333333333,,,,0.3596059113300492,False
Arxiv-Nomic-100K,b29,8,183,"46,991,2266,4177,4815,8888",300,203,152,84,0.8276666666666668,0.9356666666666668,0.6766666666666666,0.3966666666666666,,,,0.4137931034482758,False
Arxiv-Nomic-100K,b29,8,184,"3732,4177,4815,8888",300,203,134,66,0.8276666666666668,0.9203333333333332,0.6766666666666666,0.4566666666666666,,,,0.3251231527093596,False
Arxiv-Nomic-100K,b29,8,185,"46,3732,4177,4815,8888",300,203,143,76,0.8276666666666668,0.9273333333333332,0.6766666666666666,0.4233333333333333,,,,0.3743842364532019,False
Arxiv-Nomic-100K,b29,8,186,"991,3732,4177,4815,8888",300,203,148,79,0.8276666666666668,0.931,0.6766666666666666,0.4133333333333333,,,,0.3891625615763547,False
Arxiv-Nomic-100K,b29,8,187,"46,991,3732,4177,4815,8888",300,203,154,88,0.8276666666666668,0.9366666666666668,0.6766666666666666,0.3833333333333333,,,,0.4334975369458128,False
Arxiv-Nomic-100K,b29,8,188,"2266,3732,4177,4815,8888",300,203,141,70,0.8276666666666668,0.9276666666666668,0.6766666666666666,0.4433333333333333,,,,0.3448275862068966,False
Arxiv-Nomic-100K,b29,8,189,"46,2266,3732,4177,4815,8888",300,203,149,80,0.8276666666666668,0.9343333333333332,0.6766666666666666,0.41,,,,0.3940886699507389,False
Arxiv-Nomic-100K,b29,8,190,"991,2266,3732,4177,4815,8888",300,203,152,83,0.8276666666666668,0.9373333333333334,0.6766666666666666,0.4,,,,0.4088669950738916,False
Arxiv-Nomic-100K,b29,8,191,"46,991,2266,3732,4177,4815,8888",300,203,158,92,0.8276666666666668,0.943,0.6766666666666666,0.37,,,,0.4532019704433497,False
Arxiv-Nomic-100K,b29,8,192,"7001,8888",300,203,100,42,0.8276666666666668,0.8939999999999999,0.6766666666666666,0.5366666666666666,,,,0.2068965517241379,False
Arxiv-Nomic-100K,b29,8,193,"46,7001,8888",300,203,117,54,0.8276666666666668,0.907,0.6766666666666666,0.4966666666666666,,,,0.2660098522167488,False
Arxiv-Nomic-100K,b29,8,194,"991,7001,8888",300,203,126,66,0.8276666666666668,0.9123333333333332,0.6766666666666666,0.4566666666666666,,,,0.3251231527093596,False
Arxiv-Nomic-100K,b29,8,195,"46,991,7001,8888",300,203,137,76,0.8276666666666668,0.9213333333333332,0.6766666666666666,0.4233333333333333,,,,0.3743842364532019,False
Arxiv-Nomic-100K,b29,8,196,"2266,7001,8888",300,203,118,55,0.8276666666666668,0.9086666666666666,0.6766666666666666,0.4933333333333333,,,,0.270935960591133,False
Arxiv-Nomic-100K,b29,8,197,"46,2266,7001,8888",300,203,131,67,0.8276666666666668,0.9183333333333332,0.6766666666666666,0.4533333333333333,,,,0.3300492610837438,False
Arxiv-Nomic-100K,b29,8,198,"991,2266,7001,8888",300,203,136,73,0.8276666666666668,0.9226666666666666,0.6766666666666666,0.4333333333333333,,,,0.3596059113300492,False
Arxiv-Nomic-100K,b29,8,199,"46,991,2266,7001,8888",300,203,145,82,0.8276666666666668,0.929,0.6766666666666666,0.4033333333333333,,,,0.4039408866995074,False
Arxiv-Nomic-100K,b29,8,200,"3732,7001,8888",300,203,120,58,0.8276666666666668,0.912,0.6766666666666666,0.4833333333333333,,,,0.2857142857142857,False
Arxiv-Nomic-100K,b29,8,201,"46,3732,7001,8888",300,203,130,68,0.8276666666666668,0.9193333333333332,0.6766666666666666,0.45,,,,0.334975369458128,False
Arxiv-Nomic-100K,b29,8,202,"991,3732,7001,8888",300,203,139,79,0.8276666666666668,0.926,0.6766666666666666,0.4133333333333333,,,,0.3891625615763547,False
Arxiv-Nomic-100K,b29,8,203,"46,991,3732,7001,8888",300,203,145,87,0.8276666666666668,0.9306666666666666,0.6766666666666666,0.3866666666666666,,,,0.4285714285714285,False
Arxiv-Nomic-100K,b29,8,204,"2266,3732,7001,8888",300,203,132,66,0.8276666666666668,0.9216666666666666,0.6766666666666666,0.4566666666666666,,,,0.3251231527093596,False
Arxiv-Nomic-100K,b29,8,205,"46,2266,3732,7001,8888",300,203,141,76,0.8276666666666668,0.928,0.6766666666666666,0.4233333333333333,,,,0.3743842364532019,False
Arxiv-Nomic-100K,b29,8,206,"991,2266,3732,7001,8888",300,203,146,84,0.8276666666666668,0.9336666666666666,0.6766666666666666,0.3966666666666666,,,,0.4137931034482758,False
Arxiv-Nomic-100K,b29,8,207,"46,991,2266,3732,7001,8888",300,203,152,91,0.8276666666666668,0.9376666666666666,0.6766666666666666,0.3733333333333333,,,,0.4482758620689655,False
Arxiv-Nomic-100K,b29,8,208,"4177,7001,8888",300,203,125,58,0.8276666666666668,0.9106666666666668,0.6766666666666666,0.4833333333333333,,,,0.2857142857142857,False
Arxiv-Nomic-100K,b29,8,209,"46,4177,7001,8888",300,203,136,70,0.8276666666666668,0.9213333333333332,0.6766666666666666,0.4433333333333333,,,,0.3448275862068966,False
Arxiv-Nomic-100K,b29,8,210,"991,4177,7001,8888",300,203,141,75,0.8276666666666668,0.924,0.6766666666666666,0.4266666666666667,,,,0.3694581280788177,False
Arxiv-Nomic-100K,b29,8,211,"46,991,4177,7001,8888",300,203,148,86,0.8276666666666668,0.9313333333333332,0.6766666666666666,0.39,,,,0.4236453201970443,False
Arxiv-Nomic-100K,b29,8,212,"2266,4177,7001,8888",300,203,136,67,0.8276666666666668,0.9216666666666666,0.6766666666666666,0.4533333333333333,,,,0.3300492610837438,False
Arxiv-Nomic-100K,b29,8,213,"46,2266,4177,7001,8888",300,203,145,78,0.8276666666666668,0.93,0.6766666666666666,0.4166666666666667,,,,0.3842364532019704,False
Arxiv-Nomic-100K,b29,8,214,"991,2266,4177,7001,8888",300,203,148,81,0.8276666666666668,0.932,0.6766666666666666,0.4066666666666667,,,,0.3990147783251231,False
Arxiv-Nomic-100K,b29,8,215,"46,991,2266,4177,7001,8888",300,203,154,91,0.8276666666666668,0.9376666666666666,0.6766666666666666,0.3733333333333333,,,,0.4482758620689655,False
Arxiv-Nomic-100K,b29,8,216,"3732,4177,7001,8888",300,203,138,71,0.8276666666666668,0.9246666666666666,0.6766666666666666,0.44,,,,0.3497536945812808,False
Arxiv-Nomic-100K,b29,8,217,"46,3732,4177,7001,8888",300,203,145,80,0.8276666666666668,0.9306666666666666,0.6766666666666666,0.41,,,,0.3940886699507389,False
Arxiv-Nomic-100K,b29,8,218,"991,3732,4177,7001,8888",300,203,151,86,0.8276666666666668,0.935,0.6766666666666666,0.39,,,,0.4236453201970443,False
Arxiv-Nomic-100K,b29,8,219,"46,991,3732,4177,7001,8888",300,203,155,94,0.8276666666666668,0.939,0.6766666666666666,0.3633333333333333,,,,0.4630541871921182,False
Arxiv-Nomic-100K,b29,8,220,"2266,3732,4177,7001,8888",300,203,146,77,0.8276666666666668,0.932,0.6766666666666666,0.42,,,,0.3793103448275862,False
Arxiv-Nomic-100K,b29,8,221,"46,2266,3732,4177,7001,8888",300,203,152,86,0.8276666666666668,0.9376666666666666,0.6766666666666666,0.39,,,,0.4236453201970443,False
Arxiv-Nomic-100K,b29,8,222,"991,2266,3732,4177,7001,8888",300,203,156,90,0.8276666666666668,0.941,0.6766666666666666,0.3766666666666666,,,,0.4433497536945813,False
Arxiv-Nomic-100K,b29,8,223,"46,991,2266,3732,4177,7001,8888",300,203,160,98,0.8276666666666668,0.945,0.6766666666666666,0.35,,,,0.4827586206896552,False
Arxiv-Nomic-100K,b29,8,224,"4815,7001,8888",300,203,115,51,0.8276666666666668,0.9063333333333332,0.6766666666666666,0.5066666666666667,,,,0.2512315270935961,False
Arxiv-Nomic-100K,b29,8,225,"46,4815,7001,8888",300,203,130,62,0.8276666666666668,0.9176666666666666,0.6766666666666666,0.47,,,,0.3054187192118227,False
Arxiv-Nomic-100K,b29,8,226,"991,4815,7001,8888",300,203,136,71,0.8276666666666668,0.9216666666666666,0.6766666666666666,0.44,,,,0.3497536945812808,False
Arxiv-Nomic-100K,b29,8,227,"46,991,4815,7001,8888",300,203,147,80,0.8276666666666668,0.93,0.6766666666666666,0.41,,,,0.3940886699507389,False
Arxiv-Nomic-100K,b29,8,228,"2266,4815,7001,8888",300,203,130,61,0.8276666666666668,0.9186666666666669,0.6766666666666666,0.4733333333333333,,,,0.3004926108374384,False
Arxiv-Nomic-100K,b29,8,229,"46,2266,4815,7001,8888",300,203,142,73,0.8276666666666668,0.9276666666666668,0.6766666666666666,0.4333333333333333,,,,0.3596059113300492,False
Arxiv-Nomic-100K,b29,8,230,"991,2266,4815,7001,8888",300,203,145,77,0.8276666666666668,0.9306666666666666,0.6766666666666666,0.42,,,,0.3793103448275862,False
Arxiv-Nomic-100K,b29,8,231,"46,991,2266,4815,7001,8888",300,203,154,86,0.8276666666666668,0.937,0.6766666666666666,0.39,,,,0.4236453201970443,False
Arxiv-Nomic-100K,b29,8,232,"3732,4815,7001,8888",300,203,132,64,0.8276666666666668,0.922,0.6766666666666666,0.4633333333333333,,,,0.3152709359605911,False
Arxiv-Nomic-100K,b29,8,233,"46,3732,4815,7001,8888",300,203,141,74,0.8276666666666668,0.9286666666666668,0.6766666666666666,0.43,,,,0.3645320197044335,False
Arxiv-Nomic-100K,b29,8,234,"991,3732,4815,7001,8888",300,203,147,83,0.8276666666666668,0.934,0.6766666666666666,0.4,,,,0.4088669950738916,False
Arxiv-Nomic-100K,b29,8,235,"46,991,3732,4815,7001,8888",300,203,153,91,0.8276666666666668,0.9386666666666666,0.6766666666666666,0.3733333333333333,,,,0.4482758620689655,False
Arxiv-Nomic-100K,b29,8,236,"2266,3732,4815,7001,8888",300,203,142,71,0.8276666666666668,0.9306666666666666,0.6766666666666666,0.44,,,,0.3497536945812808,False
Arxiv-Nomic-100K,b29,8,237,"46,2266,3732,4815,7001,8888",300,203,150,81,0.8276666666666668,0.9363333333333334,0.6766666666666666,0.4066666666666667,,,,0.3990147783251231,False
Arxiv-Nomic-100K,b29,8,238,"991,2266,3732,4815,7001,8888",300,203,153,88,0.8276666666666668,0.941,0.6766666666666666,0.3833333333333333,,,,0.4334975369458128,False
Arxiv-Nomic-100K,b29,8,239,"46,991,2266,3732,4815,7001,8888",300,203,159,95,0.8276666666666668,0.945,0.6766666666666666,0.36,,,,0.4679802955665024,False
Arxiv-Nomic-100K,b29,8,240,"4177,4815,7001,8888",300,203,136,66,0.8276666666666668,0.9193333333333332,0.6766666666666666,0.4566666666666666,,,,0.3251231527093596,False
Arxiv-Nomic-100K,b29,8,241,"46,4177,4815,7001,8888",300,203,146,77,0.8276666666666668,0.9286666666666668,0.6766666666666666,0.42,,,,0.3793103448275862,False
Arxiv-Nomic-100K,b29,8,242,"991,4177,4815,7001,8888",300,203,149,80,0.8276666666666668,0.9303333333333332,0.6766666666666666,0.41,,,,0.3940886699507389,False
Arxiv-Nomic-100K,b29,8,243,"46,991,4177,4815,7001,8888",300,203,156,90,0.8276666666666668,0.9373333333333334,0.6766666666666666,0.3766666666666666,,,,0.4433497536945813,False
Arxiv-Nomic-100K,b29,8,244,"2266,4177,4815,7001,8888",300,203,145,73,0.8276666666666668,0.9286666666666668,0.6766666666666666,0.4333333333333333,,,,0.3596059113300492,False
Arxiv-Nomic-100K,b29,8,245,"46,2266,4177,4815,7001,8888",300,203,153,84,0.8276666666666668,0.9363333333333334,0.6766666666666666,0.3966666666666666,,,,0.4137931034482758,False
Arxiv-Nomic-100K,b29,8,246,"991,2266,4177,4815,7001,8888",300,203,155,85,0.8276666666666668,0.9373333333333334,0.6766666666666666,0.3933333333333333,,,,0.4187192118226601,False
Arxiv-Nomic-100K,b29,8,247,"46,991,2266,4177,4815,7001,8888",300,203,161,95,0.8276666666666668,0.943,0.6766666666666666,0.36,,,,0.4679802955665024,False
Arxiv-Nomic-100K,b29,8,248,"3732,4177,4815,7001,8888",300,203,147,77,0.8276666666666668,0.9316666666666666,0.6766666666666666,0.42,,,,0.3793103448275862,False
Arxiv-Nomic-100K,b29,8,249,"46,3732,4177,4815,7001,8888",300,203,153,86,0.8276666666666668,0.937,0.6766666666666666,0.39,,,,0.4236453201970443,False
Arxiv-Nomic-100K,b29,8,250,"991,3732,4177,4815,7001,8888",300,203,157,90,0.8276666666666668,0.9403333333333336,0.6766666666666666,0.3766666666666666,,,,0.4433497536945813,False
Arxiv-Nomic-100K,b29,8,251,"46,991,3732,4177,4815,7001,8888",300,203,161,98,0.8276666666666668,0.9443333333333334,0.6766666666666666,0.35,,,,0.4827586206896552,False
Arxiv-Nomic-100K,b29,8,252,"2266,3732,4177,4815,7001,8888",300,203,153,82,0.8276666666666668,0.938,0.6766666666666666,0.4033333333333333,,,,0.4039408866995074,False
Arxiv-Nomic-100K,b29,8,253,"46,2266,3732,4177,4815,7001,8888",300,203,158,91,0.8276666666666668,0.943,0.6766666666666666,0.3733333333333333,,,,0.4482758620689655,False
Arxiv-Nomic-100K,b29,8,254,"991,2266,3732,4177,4815,7001,8888",300,203,161,94,0.8276666666666668,0.9456666666666668,0.6766666666666666,0.3633333333333333,,,,0.4630541871921182,False
Arxiv-Nomic-100K,b29,8,255,"46,991,2266,3732,4177,4815,7001,8888",300,203,165,102,0.8276666666666668,0.9496666666666668,0.6766666666666666,0.3366666666666666,,,,0.5024630541871922,False
Arxiv-Nomic-100K,b29,16,0,EMPTY,300,147,0,0,0.8893333333333333,0.8893333333333333,0.49,0.49,34.125,34.125,32.37166666666667,0.0,True
Arxiv-Nomic-100K,b29,16,1,46,300,147,28,11,0.8893333333333333,0.911,0.49,0.4533333333333333,,,,0.0748299319727891,False
Arxiv-Nomic-100K,b29,16,2,991,300,147,40,19,0.8893333333333333,0.917,0.49,0.4266666666666667,,,,0.1292517006802721,False
Arxiv-Nomic-100K,b29,16,3,"46,991",300,147,53,29,0.8893333333333333,0.9266666666666667,0.49,0.3933333333333333,,,,0.1972789115646258,False
Arxiv-Nomic-100K,b29,16,4,2266,300,147,35,15,0.8893333333333333,0.9166666666666666,0.49,0.44,,,,0.1020408163265306,False
Arxiv-Nomic-100K,b29,16,5,"46,2266",300,147,49,25,0.8893333333333333,0.9243333333333336,0.49,0.4066666666666667,,,,0.1700680272108843,False
Arxiv-Nomic-100K,b29,16,6,"991,2266",300,147,58,32,0.8893333333333333,0.9323333333333336,0.49,0.3833333333333333,,,,0.2176870748299319,False
Arxiv-Nomic-100K,b29,16,7,"46,991,2266",300,147,68,40,0.8893333333333333,0.937,0.49,0.3566666666666667,,,,0.272108843537415,False
Arxiv-Nomic-100K,b29,16,8,3732,300,147,37,15,0.8893333333333333,0.9126666666666668,0.49,0.44,,,,0.1020408163265306,False
Arxiv-Nomic-100K,b29,16,9,"46,3732",300,147,52,23,0.8893333333333333,0.9226666666666666,0.49,0.4133333333333333,,,,0.1564625850340136,False
Arxiv-Nomic-100K,b29,16,10,"991,3732",300,147,64,28,0.8893333333333333,0.931,0.49,0.3966666666666666,,,,0.1904761904761904,False
Arxiv-Nomic-100K,b29,16,11,"46,991,3732",300,147,72,38,0.8893333333333333,0.936,0.49,0.3633333333333333,,,,0.2585034013605442,False
Arxiv-Nomic-100K,b29,16,12,"2266,3732",300,147,53,23,0.8893333333333333,0.927,0.49,0.4133333333333333,,,,0.1564625850340136,False
Arxiv-Nomic-100K,b29,16,13,"46,2266,3732",300,147,63,31,0.8893333333333333,0.9323333333333336,0.49,0.3866666666666666,,,,0.2108843537414966,False
Arxiv-Nomic-100K,b29,16,14,"991,2266,3732",300,147,73,38,0.8893333333333333,0.9406666666666668,0.49,0.3633333333333333,,,,0.2585034013605442,False
Arxiv-Nomic-100K,b29,16,15,"46,991,2266,3732",300,147,81,45,0.8893333333333333,0.9443333333333334,0.49,0.34,,,,0.3061224489795918,False
Arxiv-Nomic-100K,b29,16,16,4177,300,147,36,17,0.8893333333333333,0.9143333333333332,0.49,0.4333333333333333,,,,0.1156462585034013,False
Arxiv-Nomic-100K,b29,16,17,"46,4177",300,147,52,28,0.8893333333333333,0.9253333333333332,0.49,0.3966666666666666,,,,0.1904761904761904,False
Arxiv-Nomic-100K,b29,16,18,"991,4177",300,147,54,28,0.8893333333333333,0.9256666666666666,0.49,0.3966666666666666,,,,0.1904761904761904,False
Arxiv-Nomic-100K,b29,16,19,"46,991,4177",300,147,63,39,0.8893333333333333,0.9336666666666666,0.49,0.36,,,,0.2653061224489796,False
Arxiv-Nomic-100K,b29,16,20,"2266,4177",300,147,55,26,0.8893333333333333,0.928,0.49,0.4033333333333333,,,,0.1768707482993197,False
Arxiv-Nomic-100K,b29,16,21,"46,2266,4177",300,147,66,36,0.8893333333333333,0.935,0.49,0.37,,,,0.2448979591836734,False
Arxiv-Nomic-100K,b29,16,22,"991,2266,4177",300,147,67,38,0.8893333333333333,0.9366666666666668,0.49,0.3633333333333333,,,,0.2585034013605442,False
Arxiv-Nomic-100K,b29,16,23,"46,991,2266,4177",300,147,75,46,0.8893333333333333,0.9413333333333334,0.49,0.3366666666666666,,,,0.3129251700680272,False
Arxiv-Nomic-100K,b29,16,24,"3732,4177",300,147,59,27,0.8893333333333333,0.9286666666666668,0.49,0.4,,,,0.1836734693877551,False
Arxiv-Nomic-100K,b29,16,25,"46,3732,4177",300,147,70,35,0.8893333333333333,0.9343333333333332,0.49,0.3733333333333333,,,,0.238095238095238,False
Arxiv-Nomic-100K,b29,16,26,"991,3732,4177",300,147,72,36,0.8893333333333333,0.9373333333333334,0.49,0.37,,,,0.2448979591836734,False
Arxiv-Nomic-100K,b29,16,27,"46,991,3732,4177",300,147,79,45,0.8893333333333333,0.9416666666666668,0.49,0.34,,,,0.3061224489795918,False
Arxiv-Nomic-100K,b29,16,28,"2266,3732,4177",300,147,69,32,0.8893333333333333,0.937,0.49,0.3833333333333333,,,,0.2176870748299319,False
Arxiv-Nomic-100K,b29,16,29,"46,2266,3732,4177",300,147,77,40,0.8893333333333333,0.9416666666666668,0.49,0.3566666666666667,,,,0.272108843537415,False
Arxiv-Nomic-100K,b29,16,30,"991,2266,3732,4177",300,147,79,43,0.8893333333333333,0.9443333333333334,0.49,0.3466666666666667,,,,0.2925170068027211,False
Arxiv-Nomic-100K,b29,16,31,"46,991,2266,3732,4177",300,147,86,50,0.8893333333333333,0.948,0.49,0.3233333333333333,,,,0.3401360544217687,False
Arxiv-Nomic-100K,b29,16,32,4815,300,147,26,10,0.8893333333333333,0.9083333333333334,0.49,0.4566666666666666,,,,0.0680272108843537,False
Arxiv-Nomic-100K,b29,16,33,"46,4815",300,147,46,18,0.8893333333333333,0.9223333333333332,0.49,0.43,,,,0.1224489795918367,False
Arxiv-Nomic-100K,b29,16,34,"991,4815",300,147,52,24,0.8893333333333333,0.9233333333333332,0.49,0.41,,,,0.1632653061224489,False
Arxiv-Nomic-100K,b29,16,35,"46,991,4815",300,147,65,33,0.8893333333333333,0.9326666666666666,0.49,0.38,,,,0.2244897959183673,False
Arxiv-Nomic-100K,b29,16,36,"2266,4815",300,147,50,22,0.8893333333333333,0.9263333333333332,0.49,0.4166666666666667,,,,0.1496598639455782,False
Arxiv-Nomic-100K,b29,16,37,"46,2266,4815",300,147,62,31,0.8893333333333333,0.933,0.49,0.3866666666666666,,,,0.2108843537414966,False
Arxiv-Nomic-100K,b29,16,38,"991,2266,4815",300,147,67,35,0.8893333333333333,0.9363333333333334,0.49,0.3733333333333333,,,,0.238095238095238,False
Arxiv-Nomic-100K,b29,16,39,"46,991,2266,4815",300,147,77,43,0.8893333333333333,0.941,0.49,0.3466666666666667,,,,0.2925170068027211,False
Arxiv-Nomic-100K,b29,16,40,"3732,4815",300,147,52,22,0.8893333333333333,0.9263333333333332,0.49,0.4166666666666667,,,,0.1496598639455782,False
Arxiv-Nomic-100K,b29,16,41,"46,3732,4815",300,147,64,30,0.8893333333333333,0.9326666666666666,0.49,0.39,,,,0.2040816326530612,False
Arxiv-Nomic-100K,b29,16,42,"991,3732,4815",300,147,72,33,0.8893333333333333,0.9363333333333334,0.49,0.38,,,,0.2244897959183673,False
Arxiv-Nomic-100K,b29,16,43,"46,991,3732,4815",300,147,80,42,0.8893333333333333,0.941,0.49,0.35,,,,0.2857142857142857,False
Arxiv-Nomic-100K,b29,16,44,"2266,3732,4815",300,147,63,29,0.8893333333333333,0.935,0.49,0.3933333333333333,,,,0.1972789115646258,False
Arxiv-Nomic-100K,b29,16,45,"46,2266,3732,4815",300,147,72,37,0.8893333333333333,0.9396666666666668,0.49,0.3666666666666666,,,,0.2517006802721088,False
Arxiv-Nomic-100K,b29,16,46,"991,2266,3732,4815",300,147,79,41,0.8893333333333333,0.9436666666666668,0.49,0.3533333333333333,,,,0.2789115646258503,False
Arxiv-Nomic-100K,b29,16,47,"46,991,2266,3732,4815",300,147,87,48,0.8893333333333333,0.9473333333333332,0.49,0.33,,,,0.3265306122448979,False
Arxiv-Nomic-100K,b29,16,48,"4177,4815",300,147,52,23,0.8893333333333333,0.9223333333333332,0.49,0.4133333333333333,,,,0.1564625850340136,False
Arxiv-Nomic-100K,b29,16,49,"46,4177,4815",300,147,64,32,0.8893333333333333,0.9316666666666666,0.49,0.3833333333333333,,,,0.2176870748299319,False
Arxiv-Nomic-100K,b29,16,50,"991,4177,4815",300,147,65,33,0.8893333333333333,0.9316666666666666,0.49,0.38,,,,0.2244897959183673,False
Arxiv-Nomic-100K,b29,16,51,"46,991,4177,4815",300,147,74,43,0.8893333333333333,0.9393333333333332,0.49,0.3466666666666667,,,,0.2925170068027211,False
Arxiv-Nomic-100K,b29,16,52,"2266,4177,4815",300,147,66,30,0.8893333333333333,0.933,0.49,0.39,,,,0.2040816326530612,False
Arxiv-Nomic-100K,b29,16,53,"46,2266,4177,4815",300,147,75,39,0.8893333333333333,0.939,0.49,0.36,,,,0.2653061224489796,False
Arxiv-Nomic-100K,b29,16,54,"991,2266,4177,4815",300,147,76,41,0.8893333333333333,0.9406666666666668,0.49,0.3533333333333333,,,,0.2789115646258503,False
Arxiv-Nomic-100K,b29,16,55,"46,991,2266,4177,4815",300,147,84,49,0.8893333333333333,0.9453333333333334,0.49,0.3266666666666666,,,,0.3333333333333333,False
Arxiv-Nomic-100K,b29,16,56,"3732,4177,4815",300,147,68,31,0.8893333333333333,0.935,0.49,0.3866666666666666,,,,0.2108843537414966,False
Arxiv-Nomic-100K,b29,16,57,"46,3732,4177,4815",300,147,77,39,0.8893333333333333,0.9396666666666668,0.49,0.36,,,,0.2653061224489796,False
Arxiv-Nomic-100K,b29,16,58,"991,3732,4177,4815",300,147,79,41,0.8893333333333333,0.9423333333333334,0.49,0.3533333333333333,,,,0.2789115646258503,False
Arxiv-Nomic-100K,b29,16,59,"46,991,3732,4177,4815",300,147,86,49,0.8893333333333333,0.9463333333333332,0.49,0.3266666666666666,,,,0.3333333333333333,False
Arxiv-Nomic-100K,b29,16,60,"2266,3732,4177,4815",300,147,76,35,0.8893333333333333,0.9406666666666668,0.49,0.3733333333333333,,,,0.238095238095238,False
Arxiv-Nomic-100K,b29,16,61,"46,2266,3732,4177,4815",300,147,83,43,0.8893333333333333,0.9446666666666668,0.49,0.3466666666666667,,,,0.2925170068027211,False
Arxiv-Nomic-100K,b29,16,62,"991,2266,3732,4177,4815",300,147,85,46,0.8893333333333333,0.9473333333333332,0.49,0.3366666666666666,,,,0.3129251700680272,False
Arxiv-Nomic-100K,b29,16,63,"46,991,2266,3732,4177,4815",300,147,92,53,0.8893333333333333,0.951,0.49,0.3133333333333333,,,,0.3605442176870748,False
Arxiv-Nomic-100K,b29,16,64,7001,300,147,40,20,0.8893333333333333,0.919,0.49,0.4233333333333333,,,,0.1360544217687075,False
Arxiv-Nomic-100K,b29,16,65,"46,7001",300,147,57,28,0.8893333333333333,0.929,0.49,0.3966666666666666,,,,0.1904761904761904,False
Arxiv-Nomic-100K,b29,16,66,"991,7001",300,147,62,32,0.8893333333333333,0.9306666666666666,0.49,0.3833333333333333,,,,0.2176870748299319,False
Arxiv-Nomic-100K,b29,16,67,"46,991,7001",300,147,72,40,0.8893333333333333,0.9373333333333334,0.49,0.3566666666666667,,,,0.272108843537415,False
Arxiv-Nomic-100K,b29,16,68,"2266,7001",300,147,58,29,0.8893333333333333,0.9316666666666666,0.49,0.3933333333333333,,,,0.1972789115646258,False
Arxiv-Nomic-100K,b29,16,69,"46,2266,7001",300,147,70,38,0.8893333333333333,0.9383333333333332,0.49,0.3633333333333333,,,,0.2585034013605442,False
Arxiv-Nomic-100K,b29,16,70,"991,2266,7001",300,147,74,40,0.8893333333333333,0.9403333333333336,0.49,0.3566666666666667,,,,0.272108843537415,False
Arxiv-Nomic-100K,b29,16,71,"46,991,2266,7001",300,147,82,47,0.8893333333333333,0.944,0.49,0.3333333333333333,,,,0.3197278911564626,False
Arxiv-Nomic-100K,b29,16,72,"3732,7001",300,147,60,30,0.8893333333333333,0.932,0.49,0.39,,,,0.2040816326530612,False
Arxiv-Nomic-100K,b29,16,73,"46,3732,7001",300,147,70,37,0.8893333333333333,0.9376666666666666,0.49,0.3666666666666666,,,,0.2517006802721088,False
Arxiv-Nomic-100K,b29,16,74,"991,3732,7001",300,147,77,40,0.8893333333333333,0.941,0.49,0.3566666666666667,,,,0.272108843537415,False
Arxiv-Nomic-100K,b29,16,75,"46,991,3732,7001",300,147,83,48,0.8893333333333333,0.9446666666666668,0.49,0.33,,,,0.3265306122448979,False
Arxiv-Nomic-100K,b29,16,76,"2266,3732,7001",300,147,71,37,0.8893333333333333,0.9406666666666668,0.49,0.3666666666666666,,,,0.2517006802721088,False
Arxiv-Nomic-100K,b29,16,77,"46,2266,3732,7001",300,147,79,44,0.8893333333333333,0.945,0.49,0.3433333333333333,,,,0.2993197278911564,False
Arxiv-Nomic-100K,b29,16,78,"991,2266,3732,7001",300,147,85,47,0.8893333333333333,0.948,0.49,0.3333333333333333,,,,0.3197278911564626,False
Arxiv-Nomic-100K,b29,16,79,"46,991,2266,3732,7001",300,147,91,53,0.8893333333333333,0.9506666666666664,0.49,0.3133333333333333,,,,0.3605442176870748,False
Arxiv-Nomic-100K,b29,16,80,"4177,7001",300,147,59,30,0.8893333333333333,0.927,0.49,0.39,,,,0.2040816326530612,False
Arxiv-Nomic-100K,b29,16,81,"46,4177,7001",300,147,71,39,0.8893333333333333,0.9356666666666668,0.49,0.36,,,,0.2653061224489796,False
Arxiv-Nomic-100K,b29,16,82,"991,4177,7001",300,147,71,38,0.8893333333333333,0.936,0.49,0.3633333333333333,,,,0.2585034013605442,False
Arxiv-Nomic-100K,b29,16,83,"46,991,4177,7001",300,147,78,47,0.8893333333333333,0.942,0.49,0.3333333333333333,,,,0.3197278911564626,False
Arxiv-Nomic-100K,b29,16,84,"2266,4177,7001",300,147,72,37,0.8893333333333333,0.9376666666666666,0.49,0.3666666666666666,,,,0.2517006802721088,False
Arxiv-Nomic-100K,b29,16,85,"46,2266,4177,7001",300,147,81,46,0.8893333333333333,0.9436666666666668,0.49,0.3366666666666666,,,,0.3129251700680272,False
Arxiv-Nomic-100K,b29,16,86,"991,2266,4177,7001",300,147,81,46,0.8893333333333333,0.9443333333333334,0.49,0.3366666666666666,,,,0.3129251700680272,False
Arxiv-Nomic-100K,b29,16,87,"46,991,2266,4177,7001",300,147,87,53,0.8893333333333333,0.948,0.49,0.3133333333333333,,,,0.3605442176870748,False
Arxiv-Nomic-100K,b29,16,88,"3732,4177,7001",300,147,75,38,0.8893333333333333,0.939,0.49,0.3633333333333333,,,,0.2585034013605442,False
Arxiv-Nomic-100K,b29,16,89,"46,3732,4177,7001",300,147,83,45,0.8893333333333333,0.9433333333333334,0.49,0.34,,,,0.3061224489795918,False
Arxiv-Nomic-100K,b29,16,90,"991,3732,4177,7001",300,147,84,46,0.8893333333333333,0.9456666666666668,0.49,0.3366666666666666,,,,0.3129251700680272,False
Arxiv-Nomic-100K,b29,16,91,"46,991,3732,4177,7001",300,147,89,53,0.8893333333333333,0.9486666666666668,0.49,0.3133333333333333,,,,0.3605442176870748,False
Arxiv-Nomic-100K,b29,16,92,"2266,3732,4177,7001",300,147,84,44,0.8893333333333333,0.9463333333333332,0.49,0.3433333333333333,,,,0.2993197278911564,False
Arxiv-Nomic-100K,b29,16,93,"46,2266,3732,4177,7001",300,147,90,51,0.8893333333333333,0.95,0.49,0.32,,,,0.3469387755102041,False
Arxiv-Nomic-100K,b29,16,94,"991,2266,3732,4177,7001",300,147,91,52,0.8893333333333333,0.9516666666666668,0.49,0.3166666666666666,,,,0.3537414965986394,False
Arxiv-Nomic-100K,b29,16,95,"46,991,2266,3732,4177,7001",300,147,96,58,0.8893333333333333,0.9543333333333331,0.49,0.2966666666666667,,,,0.3945578231292517,False
Arxiv-Nomic-100K,b29,16,96,"4815,7001",300,147,54,27,0.8893333333333333,0.9266666666666667,0.49,0.4,,,,0.1836734693877551,False
Arxiv-Nomic-100K,b29,16,97,"46,4815,7001",300,147,68,34,0.8893333333333333,0.9353333333333332,0.49,0.3766666666666666,,,,0.2312925170068027,False
Arxiv-Nomic-100K,b29,16,98,"991,4815,7001",300,147,71,37,0.8893333333333333,0.936,0.49,0.3666666666666666,,,,0.2517006802721088,False
Arxiv-Nomic-100K,b29,16,99,"46,991,4815,7001",300,147,81,44,0.8893333333333333,0.9423333333333334,0.49,0.3433333333333333,,,,0.2993197278911564,False
Arxiv-Nomic-100K,b29,16,100,"2266,4815,7001",300,147,68,35,0.8893333333333333,0.9363333333333334,0.49,0.3733333333333333,,,,0.238095238095238,False
Arxiv-Nomic-100K,b29,16,101,"46,2266,4815,7001",300,147,78,43,0.8893333333333333,0.942,0.49,0.3466666666666667,,,,0.2925170068027211,False
Arxiv-Nomic-100K,b29,16,102,"991,2266,4815,7001",300,147,80,43,0.8893333333333333,0.9433333333333334,0.49,0.3466666666666667,,,,0.2925170068027211,False
Arxiv-Nomic-100K,b29,16,103,"46,991,2266,4815,7001",300,147,88,50,0.8893333333333333,0.947,0.49,0.3233333333333333,,,,0.3401360544217687,False
Arxiv-Nomic-100K,b29,16,104,"3732,4815,7001",300,147,70,37,0.8893333333333333,0.9386666666666666,0.49,0.3666666666666666,,,,0.2517006802721088,False
Arxiv-Nomic-100K,b29,16,105,"46,3732,4815,7001",300,147,78,44,0.8893333333333333,0.9433333333333334,0.49,0.3433333333333333,,,,0.2993197278911564,False
Arxiv-Nomic-100K,b29,16,106,"991,3732,4815,7001",300,147,83,45,0.8893333333333333,0.9456666666666668,0.49,0.34,,,,0.3061224489795918,False
Arxiv-Nomic-100K,b29,16,107,"46,991,3732,4815,7001",300,147,89,52,0.8893333333333333,0.949,0.49,0.3166666666666666,,,,0.3537414965986394,False
Arxiv-Nomic-100K,b29,16,108,"2266,3732,4815,7001",300,147,78,42,0.8893333333333333,0.9443333333333334,0.49,0.35,,,,0.2857142857142857,False
Arxiv-Nomic-100K,b29,16,109,"46,2266,3732,4815,7001",300,147,85,49,0.8893333333333333,0.948,0.49,0.3266666666666666,,,,0.3333333333333333,False
Arxiv-Nomic-100K,b29,16,110,"991,2266,3732,4815,7001",300,147,89,50,0.8893333333333333,0.9503333333333334,0.49,0.3233333333333333,,,,0.3401360544217687,False
Arxiv-Nomic-100K,b29,16,111,"46,991,2266,3732,4815,7001",300,147,95,56,0.8893333333333333,0.953,0.49,0.3033333333333333,,,,0.3809523809523809,False
Arxiv-Nomic-100K,b29,16,112,"4177,4815,7001",300,147,70,35,0.8893333333333333,0.9336666666666666,0.49,0.3733333333333333,,,,0.238095238095238,False
Arxiv-Nomic-100K,b29,16,113,"46,4177,4815,7001",300,147,79,43,0.8893333333333333,0.941,0.49,0.3466666666666667,,,,0.2925170068027211,False
Arxiv-Nomic-100K,b29,16,114,"991,4177,4815,7001",300,147,79,43,0.8893333333333333,0.941,0.49,0.3466666666666667,,,,0.2925170068027211,False
Arxiv-Nomic-100K,b29,16,115,"46,991,4177,4815,7001",300,147,86,51,0.8893333333333333,0.9466666666666668,0.49,0.32,,,,0.3469387755102041,False
Arxiv-Nomic-100K,b29,16,116,"2266,4177,4815,7001",300,147,80,41,0.8893333333333333,0.9416666666666668,0.49,0.3533333333333333,,,,0.2789115646258503,False
Arxiv-Nomic-100K,b29,16,117,"46,2266,4177,4815,7001",300,147,87,49,0.8893333333333333,0.9466666666666668,0.49,0.3266666666666666,,,,0.3333333333333333,False
Arxiv-Nomic-100K,b29,16,118,"991,2266,4177,4815,7001",300,147,87,49,0.8893333333333333,0.9473333333333332,0.49,0.3266666666666666,,,,0.3333333333333333,False
Arxiv-Nomic-100K,b29,16,119,"46,991,2266,4177,4815,7001",300,147,93,56,0.8893333333333333,0.951,0.49,0.3033333333333333,,,,0.3809523809523809,False
Arxiv-Nomic-100K,b29,16,120,"3732,4177,4815,7001",300,147,82,43,0.8893333333333333,0.9446666666666668,0.49,0.3466666666666667,,,,0.2925170068027211,False
Arxiv-Nomic-100K,b29,16,121,"46,3732,4177,4815,7001",300,147,88,50,0.8893333333333333,0.948,0.49,0.3233333333333333,,,,0.3401360544217687,False
Arxiv-Nomic-100K,b29,16,122,"991,3732,4177,4815,7001",300,147,89,51,0.8893333333333333,0.95,0.49,0.32,,,,0.3469387755102041,False
Arxiv-Nomic-100K,b29,16,123,"46,991,3732,4177,4815,7001",300,147,94,57,0.8893333333333333,0.9526666666666668,0.49,0.3,,,,0.3877551020408163,False
Arxiv-Nomic-100K,b29,16,124,"2266,3732,4177,4815,7001",300,147,89,47,0.8893333333333333,0.9493333333333334,0.49,0.3333333333333333,,,,0.3197278911564626,False
Arxiv-Nomic-100K,b29,16,125,"46,2266,3732,4177,4815,7001",300,147,94,54,0.8893333333333333,0.9523333333333334,0.49,0.31,,,,0.3673469387755102,False
Arxiv-Nomic-100K,b29,16,126,"991,2266,3732,4177,4815,7001",300,147,95,55,0.8893333333333333,0.954,0.49,0.3066666666666666,,,,0.3741496598639456,False
Arxiv-Nomic-100K,b29,16,127,"46,991,2266,3732,4177,4815,7001",300,147,100,61,0.8893333333333333,0.9566666666666668,0.49,0.2866666666666667,,,,0.4149659863945578,False
Arxiv-Nomic-100K,b29,16,128,8888,300,147,38,18,0.8893333333333333,0.9153333333333334,0.49,0.43,,,,0.1224489795918367,False
Arxiv-Nomic-100K,b29,16,129,"46,8888",300,147,52,25,0.8893333333333333,0.9256666666666666,0.49,0.4066666666666667,,,,0.1700680272108843,False
Arxiv-Nomic-100K,b29,16,130,"991,8888",300,147,57,32,0.8893333333333333,0.9266666666666667,0.49,0.3833333333333333,,,,0.2176870748299319,False
Arxiv-Nomic-100K,b29,16,131,"46,991,8888",300,147,68,39,0.8893333333333333,0.9346666666666664,0.49,0.36,,,,0.2653061224489796,False
Arxiv-Nomic-100K,b29,16,132,"2266,8888",300,147,57,28,0.8893333333333333,0.93,0.49,0.3966666666666666,,,,0.1904761904761904,False
Arxiv-Nomic-100K,b29,16,133,"46,2266,8888",300,147,67,35,0.8893333333333333,0.936,0.49,0.3733333333333333,,,,0.238095238095238,False
Arxiv-Nomic-100K,b29,16,134,"991,2266,8888",300,147,71,39,0.8893333333333333,0.9383333333333332,0.49,0.36,,,,0.2653061224489796,False
Arxiv-Nomic-100K,b29,16,135,"46,991,2266,8888",300,147,79,46,0.8893333333333333,0.9426666666666664,0.49,0.3366666666666666,,,,0.3129251700680272,False
Arxiv-Nomic-100K,b29,16,136,"3732,8888",300,147,58,25,0.8893333333333333,0.9293333333333332,0.49,0.4066666666666667,,,,0.1700680272108843,False
Arxiv-Nomic-100K,b29,16,137,"46,3732,8888",300,147,68,33,0.8893333333333333,0.935,0.49,0.38,,,,0.2244897959183673,False
Arxiv-Nomic-100K,b29,16,138,"991,3732,8888",300,147,73,37,0.8893333333333333,0.938,0.49,0.3666666666666666,,,,0.2517006802721088,False
Arxiv-Nomic-100K,b29,16,139,"46,991,3732,8888",300,147,81,45,0.8893333333333333,0.9423333333333334,0.49,0.34,,,,0.3061224489795918,False
Arxiv-Nomic-100K,b29,16,140,"2266,3732,8888",300,147,67,31,0.8893333333333333,0.9376666666666666,0.49,0.3866666666666666,,,,0.2108843537414966,False
Arxiv-Nomic-100K,b29,16,141,"46,2266,3732,8888",300,147,76,38,0.8893333333333333,0.942,0.49,0.3633333333333333,,,,0.2585034013605442,False
Arxiv-Nomic-100K,b29,16,142,"991,2266,3732,8888",300,147,80,42,0.8893333333333333,0.945,0.49,0.35,,,,0.2857142857142857,False
Arxiv-Nomic-100K,b29,16,143,"46,991,2266,3732,8888",300,147,88,49,0.8893333333333333,0.9486666666666668,0.49,0.3266666666666666,,,,0.3333333333333333,False
Arxiv-Nomic-100K,b29,16,144,"4177,8888",300,147,58,29,0.8893333333333333,0.9246666666666666,0.49,0.3933333333333333,,,,0.1972789115646258,False
Arxiv-Nomic-100K,b29,16,145,"46,4177,8888",300,147,69,36,0.8893333333333333,0.933,0.49,0.37,,,,0.2448979591836734,False
Arxiv-Nomic-100K,b29,16,146,"991,4177,8888",300,147,69,39,0.8893333333333333,0.9336666666666666,0.49,0.36,,,,0.2653061224489796,False
Arxiv-Nomic-100K,b29,16,147,"46,991,4177,8888",300,147,77,46,0.8893333333333333,0.94,0.49,0.3366666666666666,,,,0.3129251700680272,False
Arxiv-Nomic-100K,b29,16,148,"2266,4177,8888",300,147,70,35,0.8893333333333333,0.9346666666666664,0.49,0.3733333333333333,,,,0.238095238095238,False
Arxiv-Nomic-100K,b29,16,149,"46,2266,4177,8888",300,147,79,42,0.8893333333333333,0.9406666666666668,0.49,0.35,,,,0.2857142857142857,False
Arxiv-Nomic-100K,b29,16,150,"991,2266,4177,8888",300,147,79,44,0.8893333333333333,0.942,0.49,0.3433333333333333,,,,0.2993197278911564,False
Arxiv-Nomic-100K,b29,16,151,"46,991,2266,4177,8888",300,147,86,51,0.8893333333333333,0.9463333333333332,0.49,0.32,,,,0.3469387755102041,False
Arxiv-Nomic-100K,b29,16,152,"3732,4177,8888",300,147,72,34,0.8893333333333333,0.936,0.49,0.3766666666666666,,,,0.2312925170068027,False
Arxiv-Nomic-100K,b29,16,153,"46,3732,4177,8888",300,147,81,41,0.8893333333333333,0.9406666666666668,0.49,0.3533333333333333,,,,0.2789115646258503,False
Arxiv-Nomic-100K,b29,16,154,"991,3732,4177,8888",300,147,81,43,0.8893333333333333,0.943,0.49,0.3466666666666667,,,,0.2925170068027211,False
Arxiv-Nomic-100K,b29,16,155,"46,991,3732,4177,8888",300,147,88,50,0.8893333333333333,0.9466666666666668,0.49,0.3233333333333333,,,,0.3401360544217687,False
Arxiv-Nomic-100K,b29,16,156,"2266,3732,4177,8888",300,147,78,37,0.8893333333333333,0.9416666666666668,0.49,0.3666666666666666,,,,0.2517006802721088,False
Arxiv-Nomic-100K,b29,16,157,"46,2266,3732,4177,8888",300,147,86,44,0.8893333333333333,0.946,0.49,0.3433333333333333,,,,0.2993197278911564,False
Arxiv-Nomic-100K,b29,16,158,"991,2266,3732,4177,8888",300,147,86,46,0.8893333333333333,0.948,0.49,0.3366666666666666,,,,0.3129251700680272,False
Arxiv-Nomic-100K,b29,16,159,"46,991,2266,3732,4177,8888",300,147,93,53,0.8893333333333333,0.9516666666666668,0.49,0.3133333333333333,,,,0.3605442176870748,False
Arxiv-Nomic-100K,b29,16,160,"4815,8888",300,147,49,22,0.8893333333333333,0.921,0.49,0.4166666666666667,,,,0.1496598639455782,False
Arxiv-Nomic-100K,b29,16,161,"46,4815,8888",300,147,62,29,0.8893333333333333,0.9306666666666666,0.49,0.3933333333333333,,,,0.1972789115646258,False
Arxiv-Nomic-100K,b29,16,162,"991,4815,8888",300,147,66,35,0.8893333333333333,0.9313333333333332,0.49,0.3733333333333333,,,,0.238095238095238,False
Arxiv-Nomic-100K,b29,16,163,"46,991,4815,8888",300,147,77,42,0.8893333333333333,0.9393333333333332,0.49,0.35,,,,0.2857142857142857,False
Arxiv-Nomic-100K,b29,16,164,"2266,4815,8888",300,147,67,32,0.8893333333333333,0.9346666666666664,0.49,0.3833333333333333,,,,0.2176870748299319,False
Arxiv-Nomic-100K,b29,16,165,"46,2266,4815,8888",300,147,76,39,0.8893333333333333,0.94,0.49,0.36,,,,0.2653061224489796,False
Arxiv-Nomic-100K,b29,16,166,"991,2266,4815,8888",300,147,79,42,0.8893333333333333,0.942,0.49,0.35,,,,0.2857142857142857,False
Arxiv-Nomic-100K,b29,16,167,"46,991,2266,4815,8888",300,147,87,49,0.8893333333333333,0.9463333333333332,0.49,0.3266666666666666,,,,0.3333333333333333,False
Arxiv-Nomic-100K,b29,16,168,"3732,4815,8888",300,147,67,29,0.8893333333333333,0.9343333333333332,0.49,0.3933333333333333,,,,0.1972789115646258,False
Arxiv-Nomic-100K,b29,16,169,"46,3732,4815,8888",300,147,76,37,0.8893333333333333,0.9393333333333332,0.49,0.3666666666666666,,,,0.2517006802721088,False
Arxiv-Nomic-100K,b29,16,170,"991,3732,4815,8888",300,147,80,40,0.8893333333333333,0.942,0.49,0.3566666666666667,,,,0.272108843537415,False
Arxiv-Nomic-100K,b29,16,171,"46,991,3732,4815,8888",300,147,88,48,0.8893333333333333,0.9463333333333332,0.49,0.33,,,,0.3265306122448979,False
Arxiv-Nomic-100K,b29,16,172,"2266,3732,4815,8888",300,147,75,35,0.8893333333333333,0.9416666666666668,0.49,0.3733333333333333,,,,0.238095238095238,False
Arxiv-Nomic-100K,b29,16,173,"46,2266,3732,4815,8888",300,147,83,42,0.8893333333333333,0.9453333333333334,0.49,0.35,,,,0.2857142857142857,False
Arxiv-Nomic-100K,b29,16,174,"991,2266,3732,4815,8888",300,147,86,45,0.8893333333333333,0.948,0.49,0.34,,,,0.3061224489795918,False
Arxiv-Nomic-100K,b29,16,175,"46,991,2266,3732,4815,8888",300,147,94,52,0.8893333333333333,0.9516666666666668,0.49,0.3166666666666666,,,,0.3537414965986394,False
Arxiv-Nomic-100K,b29,16,176,"4177,4815,8888",300,147,67,32,0.8893333333333333,0.9296666666666666,0.49,0.3833333333333333,,,,0.2176870748299319,False
Arxiv-Nomic-100K,b29,16,177,"46,4177,4815,8888",300,147,77,39,0.8893333333333333,0.9373333333333334,0.49,0.36,,,,0.2653061224489796,False
Arxiv-Nomic-100K,b29,16,178,"991,4177,4815,8888",300,147,77,42,0.8893333333333333,0.938,0.49,0.35,,,,0.2857142857142857,False
Arxiv-Nomic-100K,b29,16,179,"46,991,4177,4815,8888",300,147,85,49,0.8893333333333333,0.9443333333333334,0.49,0.3266666666666666,,,,0.3333333333333333,False
Arxiv-Nomic-100K,b29,16,180,"2266,4177,4815,8888",300,147,79,38,0.8893333333333333,0.939,0.49,0.3633333333333333,,,,0.2585034013605442,False
Arxiv-Nomic-100K,b29,16,181,"46,2266,4177,4815,8888",300,147,87,45,0.8893333333333333,0.9443333333333334,0.49,0.34,,,,0.3061224489795918,False
Arxiv-Nomic-100K,b29,16,182,"991,2266,4177,4815,8888",300,147,87,47,0.8893333333333333,0.9456666666666668,0.49,0.3333333333333333,,,,0.3197278911564626,False
Arxiv-Nomic-100K,b29,16,183,"46,991,2266,4177,4815,8888",300,147,94,54,0.8893333333333333,0.95,0.49,0.31,,,,0.3673469387755102,False
Arxiv-Nomic-100K,b29,16,184,"3732,4177,4815,8888",300,147,79,37,0.8893333333333333,0.9403333333333336,0.49,0.3666666666666666,,,,0.2517006802721088,False
Arxiv-Nomic-100K,b29,16,185,"46,3732,4177,4815,8888",300,147,87,44,0.8893333333333333,0.9443333333333334,0.49,0.3433333333333333,,,,0.2993197278911564,False
Arxiv-Nomic-100K,b29,16,186,"991,3732,4177,4815,8888",300,147,87,46,0.8893333333333333,0.9466666666666668,0.49,0.3366666666666666,,,,0.3129251700680272,False
Arxiv-Nomic-100K,b29,16,187,"46,991,3732,4177,4815,8888",300,147,94,53,0.8893333333333333,0.9503333333333334,0.49,0.3133333333333333,,,,0.3605442176870748,False
Arxiv-Nomic-100K,b29,16,188,"2266,3732,4177,4815,8888",300,147,85,40,0.8893333333333333,0.9453333333333334,0.49,0.3566666666666667,,,,0.272108843537415,False
Arxiv-Nomic-100K,b29,16,189,"46,2266,3732,4177,4815,8888",300,147,92,47,0.8893333333333333,0.949,0.49,0.3333333333333333,,,,0.3197278911564626,False
Arxiv-Nomic-100K,b29,16,190,"991,2266,3732,4177,4815,8888",300,147,92,49,0.8893333333333333,0.951,0.49,0.3266666666666666,,,,0.3333333333333333,False
Arxiv-Nomic-100K,b29,16,191,"46,991,2266,3732,4177,4815,8888",300,147,99,56,0.8893333333333333,0.9546666666666668,0.49,0.3033333333333333,,,,0.3809523809523809,False
Arxiv-Nomic-100K,b29,16,192,"7001,8888",300,147,62,32,0.8893333333333333,0.9296666666666666,0.49,0.3833333333333333,,,,0.2176870748299319,False
Arxiv-Nomic-100K,b29,16,193,"46,7001,8888",300,147,73,37,0.8893333333333333,0.937,0.49,0.3666666666666666,,,,0.2517006802721088,False
Arxiv-Nomic-100K,b29,16,194,"991,7001,8888",300,147,76,43,0.8893333333333333,0.9386666666666666,0.49,0.3466666666666667,,,,0.2925170068027211,False
Arxiv-Nomic-100K,b29,16,195,"46,991,7001,8888",300,147,84,49,0.8893333333333333,0.944,0.49,0.3266666666666666,,,,0.3333333333333333,False
Arxiv-Nomic-100K,b29,16,196,"2266,7001,8888",300,147,75,39,0.8893333333333333,0.9393333333333332,0.49,0.36,,,,0.2653061224489796,False
Arxiv-Nomic-100K,b29,16,197,"46,2266,7001,8888",300,147,83,45,0.8893333333333333,0.9443333333333334,0.49,0.34,,,,0.3061224489795918,False
Arxiv-Nomic-100K,b29,16,198,"991,2266,7001,8888",300,147,85,48,0.8893333333333333,0.946,0.49,0.33,,,,0.3265306122448979,False
Arxiv-Nomic-100K,b29,16,199,"46,991,2266,7001,8888",300,147,91,54,0.8893333333333333,0.9493333333333334,0.49,0.31,,,,0.3673469387755102,False
Arxiv-Nomic-100K,b29,16,200,"3732,7001,8888",300,147,73,39,0.8893333333333333,0.94,0.49,0.36,,,,0.2653061224489796,False
Arxiv-Nomic-100K,b29,16,201,"46,3732,7001,8888",300,147,81,45,0.8893333333333333,0.9443333333333334,0.49,0.34,,,,0.3061224489795918,False
Arxiv-Nomic-100K,b29,16,202,"991,3732,7001,8888",300,147,84,48,0.8893333333333333,0.9466666666666668,0.49,0.33,,,,0.3265306122448979,False
Arxiv-Nomic-100K,b29,16,203,"46,991,3732,7001,8888",300,147,90,55,0.8893333333333333,0.95,0.49,0.3066666666666666,,,,0.3741496598639456,False
Arxiv-Nomic-100K,b29,16,204,"2266,3732,7001,8888",300,147,81,43,0.8893333333333333,0.9463333333333332,0.49,0.3466666666666667,,,,0.2925170068027211,False
Arxiv-Nomic-100K,b29,16,205,"46,2266,3732,7001,8888",300,147,88,49,0.8893333333333333,0.9496666666666668,0.49,0.3266666666666666,,,,0.3333333333333333,False
Arxiv-Nomic-100K,b29,16,206,"991,2266,3732,7001,8888",300,147,90,52,0.8893333333333333,0.952,0.49,0.3166666666666666,,,,0.3537414965986394,False
Arxiv-Nomic-100K,b29,16,207,"46,991,2266,3732,7001,8888",300,147,96,58,0.8893333333333333,0.9546666666666668,0.49,0.2966666666666667,,,,0.3945578231292517,False
Arxiv-Nomic-100K,b29,16,208,"4177,7001,8888",300,147,76,41,0.8893333333333333,0.936,0.49,0.3533333333333333,,,,0.2789115646258503,False
Arxiv-Nomic-100K,b29,16,209,"46,4177,7001,8888",300,147,85,47,0.8893333333333333,0.9426666666666664,0.49,0.3333333333333333,,,,0.3197278911564626,False
Arxiv-Nomic-100K,b29,16,210,"991,4177,7001,8888",300,147,84,49,0.8893333333333333,0.9433333333333334,0.49,0.3266666666666666,,,,0.3333333333333333,False
Arxiv-Nomic-100K,b29,16,211,"46,991,4177,7001,8888",300,147,90,55,0.8893333333333333,0.948,0.49,0.3066666666666666,,,,0.3741496598639456,False
Arxiv-Nomic-100K,b29,16,212,"2266,4177,7001,8888",300,147,85,46,0.8893333333333333,0.9436666666666668,0.49,0.3366666666666666,,,,0.3129251700680272,False
Arxiv-Nomic-100K,b29,16,213,"46,2266,4177,7001,8888",300,147,92,52,0.8893333333333333,0.9486666666666668,0.49,0.3166666666666666,,,,0.3537414965986394,False
Arxiv-Nomic-100K,b29,16,214,"991,2266,4177,7001,8888",300,147,91,53,0.8893333333333333,0.9493333333333334,0.49,0.3133333333333333,,,,0.3605442176870748,False
Arxiv-Nomic-100K,b29,16,215,"46,991,2266,4177,7001,8888",300,147,96,59,0.8893333333333333,0.9526666666666668,0.49,0.2933333333333333,,,,0.4013605442176871,False
Arxiv-Nomic-100K,b29,16,216,"3732,4177,7001,8888",300,147,85,46,0.8893333333333333,0.9453333333333334,0.49,0.3366666666666666,,,,0.3129251700680272,False
Arxiv-Nomic-100K,b29,16,217,"46,3732,4177,7001,8888",300,147,92,52,0.8893333333333333,0.949,0.49,0.3166666666666666,,,,0.3537414965986394,False
Arxiv-Nomic-100K,b29,16,218,"991,3732,4177,7001,8888",300,147,91,53,0.8893333333333333,0.9506666666666664,0.49,0.3133333333333333,,,,0.3605442176870748,False
Arxiv-Nomic-100K,b29,16,219,"46,991,3732,4177,7001,8888",300,147,96,59,0.8893333333333333,0.9533333333333334,0.49,0.2933333333333333,,,,0.4013605442176871,False
Arxiv-Nomic-100K,b29,16,220,"2266,3732,4177,7001,8888",300,147,91,49,0.8893333333333333,0.9503333333333334,0.49,0.3266666666666666,,,,0.3333333333333333,False
Arxiv-Nomic-100K,b29,16,221,"46,2266,3732,4177,7001,8888",300,147,97,55,0.8893333333333333,0.9536666666666668,0.49,0.3066666666666666,,,,0.3741496598639456,False
Arxiv-Nomic-100K,b29,16,222,"991,2266,3732,4177,7001,8888",300,147,96,56,0.8893333333333333,0.955,0.49,0.3033333333333333,,,,0.3809523809523809,False
Arxiv-Nomic-100K,b29,16,223,"46,991,2266,3732,4177,7001,8888",300,147,101,62,0.8893333333333333,0.9576666666666668,0.49,0.2833333333333333,,,,0.4217687074829932,False
Arxiv-Nomic-100K,b29,16,224,"4815,7001,8888",300,147,70,36,0.8893333333333333,0.9343333333333332,0.49,0.37,,,,0.2448979591836734,False
Arxiv-Nomic-100K,b29,16,225,"46,4815,7001,8888",300,147,80,41,0.8893333333333333,0.941,0.49,0.3533333333333333,,,,0.2789115646258503,False
Arxiv-Nomic-100K,b29,16,226,"991,4815,7001,8888",300,147,82,46,0.8893333333333333,0.9423333333333334,0.49,0.3366666666666666,,,,0.3129251700680272,False
Arxiv-Nomic-100K,b29,16,227,"46,991,4815,7001,8888",300,147,90,52,0.8893333333333333,0.9476666666666668,0.49,0.3166666666666666,,,,0.3537414965986394,False
Arxiv-Nomic-100K,b29,16,228,"2266,4815,7001,8888",300,147,82,43,0.8893333333333333,0.943,0.49,0.3466666666666667,,,,0.2925170068027211,False
Arxiv-Nomic-100K,b29,16,229,"46,2266,4815,7001,8888",300,147,89,49,0.8893333333333333,0.9473333333333332,0.49,0.3266666666666666,,,,0.3333333333333333,False
Arxiv-Nomic-100K,b29,16,230,"991,2266,4815,7001,8888",300,147,90,51,0.8893333333333333,0.9486666666666668,0.49,0.32,,,,0.3469387755102041,False
Arxiv-Nomic-100K,b29,16,231,"46,991,2266,4815,7001,8888",300,147,96,57,0.8893333333333333,0.952,0.49,0.3,,,,0.3877551020408163,False
Arxiv-Nomic-100K,b29,16,232,"3732,4815,7001,8888",300,147,80,43,0.8893333333333333,0.9443333333333334,0.49,0.3466666666666667,,,,0.2925170068027211,False
Arxiv-Nomic-100K,b29,16,233,"46,3732,4815,7001,8888",300,147,87,49,0.8893333333333333,0.948,0.49,0.3266666666666666,,,,0.3333333333333333,False
Arxiv-Nomic-100K,b29,16,234,"991,3732,4815,7001,8888",300,147,89,51,0.8893333333333333,0.95,0.49,0.32,,,,0.3469387755102041,False
Arxiv-Nomic-100K,b29,16,235,"46,991,3732,4815,7001,8888",300,147,95,58,0.8893333333333333,0.9533333333333334,0.49,0.2966666666666667,,,,0.3945578231292517,False
Arxiv-Nomic-100K,b29,16,236,"2266,3732,4815,7001,8888",300,147,87,47,0.8893333333333333,0.9496666666666668,0.49,0.3333333333333333,,,,0.3197278911564626,False
Arxiv-Nomic-100K,b29,16,237,"46,2266,3732,4815,7001,8888",300,147,93,53,0.8893333333333333,0.9523333333333334,0.49,0.3133333333333333,,,,0.3605442176870748,False
Arxiv-Nomic-100K,b29,16,238,"991,2266,3732,4815,7001,8888",300,147,94,55,0.8893333333333333,0.9543333333333331,0.49,0.3066666666666666,,,,0.3741496598639456,False
Arxiv-Nomic-100K,b29,16,239,"46,991,2266,3732,4815,7001,8888",300,147,100,61,0.8893333333333333,0.957,0.49,0.2866666666666667,,,,0.4149659863945578,False
Arxiv-Nomic-100K,b29,16,240,"4177,4815,7001,8888",300,147,82,44,0.8893333333333333,0.94,0.49,0.3433333333333333,,,,0.2993197278911564,False
Arxiv-Nomic-100K,b29,16,241,"46,4177,4815,7001,8888",300,147,90,50,0.8893333333333333,0.946,0.49,0.3233333333333333,,,,0.3401360544217687,False
Arxiv-Nomic-100K,b29,16,242,"991,4177,4815,7001,8888",300,147,89,52,0.8893333333333333,0.9466666666666668,0.49,0.3166666666666666,,,,0.3537414965986394,False
Arxiv-Nomic-100K,b29,16,243,"46,991,4177,4815,7001,8888",300,147,95,58,0.8893333333333333,0.9513333333333334,0.49,0.2966666666666667,,,,0.3945578231292517,False
Arxiv-Nomic-100K,b29,16,244,"2266,4177,4815,7001,8888",300,147,91,49,0.8893333333333333,0.947,0.49,0.3266666666666666,,,,0.3333333333333333,False
Arxiv-Nomic-100K,b29,16,245,"46,2266,4177,4815,7001,8888",300,147,97,55,0.8893333333333333,0.9513333333333334,0.49,0.3066666666666666,,,,0.3741496598639456,False
Arxiv-Nomic-100K,b29,16,246,"991,2266,4177,4815,7001,8888",300,147,96,56,0.8893333333333333,0.952,0.49,0.3033333333333333,,,,0.3809523809523809,False
Arxiv-Nomic-100K,b29,16,247,"46,991,2266,4177,4815,7001,8888",300,147,101,62,0.8893333333333333,0.9553333333333331,0.49,0.2833333333333333,,,,0.4217687074829932,False
Arxiv-Nomic-100K,b29,16,248,"3732,4177,4815,7001,8888",300,147,90,49,0.8893333333333333,0.949,0.49,0.3266666666666666,,,,0.3333333333333333,False
Arxiv-Nomic-100K,b29,16,249,"46,3732,4177,4815,7001,8888",300,147,96,55,0.8893333333333333,0.952,0.49,0.3066666666666666,,,,0.3741496598639456,False
Arxiv-Nomic-100K,b29,16,250,"991,3732,4177,4815,7001,8888",300,147,95,56,0.8893333333333333,0.9536666666666668,0.49,0.3033333333333333,,,,0.3809523809523809,False
Arxiv-Nomic-100K,b29,16,251,"46,991,3732,4177,4815,7001,8888",300,147,100,62,0.8893333333333333,0.9563333333333331,0.49,0.2833333333333333,,,,0.4217687074829932,False
Arxiv-Nomic-100K,b29,16,252,"2266,3732,4177,4815,7001,8888",300,147,96,52,0.8893333333333333,0.9533333333333334,0.49,0.3166666666666666,,,,0.3537414965986394,False
Arxiv-Nomic-100K,b29,16,253,"46,2266,3732,4177,4815,7001,8888",300,147,101,58,0.8893333333333333,0.956,0.49,0.2966666666666667,,,,0.3945578231292517,False
Arxiv-Nomic-100K,b29,16,254,"991,2266,3732,4177,4815,7001,8888",300,147,100,59,0.8893333333333333,0.9573333333333334,0.49,0.2933333333333333,,,,0.4013605442176871,False
Arxiv-Nomic-100K,b29,16,255,"46,991,2266,3732,4177,4815,7001,8888",300,147,105,65,0.8893333333333333,0.96,0.49,0.2733333333333333,,,,0.4421768707482993,False
Arxiv-Nomic-100K,b29,32,0,EMPTY,300,81,0,0,0.9523333333333334,0.9523333333333334,0.27,0.27,64.125,64.125,64.06541666666666,0.0,True
Arxiv-Nomic-100K,b29,32,1,46,300,81,6,3,0.9523333333333334,0.9546666666666668,0.27,0.26,,,,0.037037037037037,False
Arxiv-Nomic-100K,b29,32,2,991,300,81,12,7,0.9523333333333334,0.9593333333333334,0.27,0.2466666666666666,,,,0.0864197530864197,False
Arxiv-Nomic-100K,b29,32,3,"46,991",300,81,17,10,0.9523333333333334,0.9613333333333334,0.27,0.2366666666666666,,,,0.1234567901234567,False
Arxiv-Nomic-100K,b29,32,4,2266,300,81,8,3,0.9523333333333334,0.956,0.27,0.26,,,,0.037037037037037,False
Arxiv-Nomic-100K,b29,32,5,"46,2266",300,81,13,6,0.9523333333333334,0.958,0.27,0.25,,,,0.074074074074074,False
Arxiv-Nomic-100K,b29,32,6,"991,2266",300,81,18,9,0.9523333333333334,0.9623333333333332,0.27,0.24,,,,0.1111111111111111,False
Arxiv-Nomic-100K,b29,32,7,"46,991,2266",300,81,23,12,0.9523333333333334,0.9643333333333332,0.27,0.23,,,,0.1481481481481481,False
Arxiv-Nomic-100K,b29,32,8,3732,300,81,6,3,0.9523333333333334,0.9546666666666668,0.27,0.26,,,,0.037037037037037,False
Arxiv-Nomic-100K,b29,32,9,"46,3732",300,81,10,6,0.9523333333333334,0.956,0.27,0.25,,,,0.074074074074074,False
Arxiv-Nomic-100K,b29,32,10,"991,3732",300,81,17,10,0.9523333333333334,0.9613333333333334,0.27,0.2366666666666666,,,,0.1234567901234567,False
Arxiv-Nomic-100K,b29,32,11,"46,991,3732",300,81,21,13,0.9523333333333334,0.9626666666666668,0.27,0.2266666666666666,,,,0.1604938271604938,False
Arxiv-Nomic-100K,b29,32,12,"2266,3732",300,81,11,4,0.9523333333333334,0.9573333333333334,0.27,0.2566666666666666,,,,0.0493827160493827,False
Arxiv-Nomic-100K,b29,32,13,"46,2266,3732",300,81,15,7,0.9523333333333334,0.9586666666666666,0.27,0.2466666666666666,,,,0.0864197530864197,False
Arxiv-Nomic-100K,b29,32,14,"991,2266,3732",300,81,21,10,0.9523333333333334,0.9636666666666668,0.27,0.2366666666666666,,,,0.1234567901234567,False
Arxiv-Nomic-100K,b29,32,15,"46,991,2266,3732",300,81,25,13,0.9523333333333334,0.965,0.27,0.2266666666666666,,,,0.1604938271604938,False
Arxiv-Nomic-100K,b29,32,16,4177,300,81,11,7,0.9523333333333334,0.9596666666666666,0.27,0.2466666666666666,,,,0.0864197530864197,False
Arxiv-Nomic-100K,b29,32,17,"46,4177",300,81,15,11,0.9523333333333334,0.962,0.27,0.2333333333333333,,,,0.1358024691358024,False
Arxiv-Nomic-100K,b29,32,18,"991,4177",300,81,18,11,0.9523333333333334,0.9623333333333332,0.27,0.2333333333333333,,,,0.1358024691358024,False
Arxiv-Nomic-100K,b29,32,19,"46,991,4177",300,81,21,15,0.9523333333333334,0.9643333333333332,0.27,0.22,,,,0.1851851851851851,False
Arxiv-Nomic-100K,b29,32,20,"2266,4177",300,81,17,8,0.9523333333333334,0.9626666666666668,0.27,0.2433333333333333,,,,0.0987654320987654,False
Arxiv-Nomic-100K,b29,32,21,"46,2266,4177",300,81,20,12,0.9523333333333334,0.9646666666666668,0.27,0.23,,,,0.1481481481481481,False
Arxiv-Nomic-100K,b29,32,22,"991,2266,4177",300,81,23,12,0.9523333333333334,0.965,0.27,0.23,,,,0.1481481481481481,False
Arxiv-Nomic-100K,b29,32,23,"46,991,2266,4177",300,81,26,16,0.9523333333333334,0.967,0.27,0.2166666666666666,,,,0.1975308641975308,False
Arxiv-Nomic-100K,b29,32,24,"3732,4177",300,81,15,9,0.9523333333333334,0.9616666666666668,0.27,0.24,,,,0.1111111111111111,False
Arxiv-Nomic-100K,b29,32,25,"46,3732,4177",300,81,18,13,0.9523333333333334,0.963,0.27,0.2266666666666666,,,,0.1604938271604938,False
Arxiv-Nomic-100K,b29,32,26,"991,3732,4177",300,81,21,13,0.9523333333333334,0.964,0.27,0.2266666666666666,,,,0.1604938271604938,False
Arxiv-Nomic-100K,b29,32,27,"46,991,3732,4177",300,81,24,17,0.9523333333333334,0.9653333333333334,0.27,0.2133333333333333,,,,0.2098765432098765,False
Arxiv-Nomic-100K,b29,32,28,"2266,3732,4177",300,81,19,9,0.9523333333333334,0.964,0.27,0.24,,,,0.1111111111111111,False
Arxiv-Nomic-100K,b29,32,29,"46,2266,3732,4177",300,81,22,13,0.9523333333333334,0.9653333333333334,0.27,0.2266666666666666,,,,0.1604938271604938,False
Arxiv-Nomic-100K,b29,32,30,"991,2266,3732,4177",300,81,25,13,0.9523333333333334,0.9663333333333334,0.27,0.2266666666666666,,,,0.1604938271604938,False
Arxiv-Nomic-100K,b29,32,31,"46,991,2266,3732,4177",300,81,28,17,0.9523333333333334,0.9676666666666666,0.27,0.2133333333333333,,,,0.2098765432098765,False
Arxiv-Nomic-100K,b29,32,32,4815,300,81,6,2,0.9523333333333334,0.958,0.27,0.2633333333333333,,,,0.0246913580246913,False
Arxiv-Nomic-100K,b29,32,33,"46,4815",300,81,12,5,0.9523333333333334,0.9603333333333334,0.27,0.2533333333333333,,,,0.0617283950617283,False
Arxiv-Nomic-100K,b29,32,34,"991,4815",300,81,15,7,0.9523333333333334,0.961,0.27,0.2466666666666666,,,,0.0864197530864197,False
Arxiv-Nomic-100K,b29,32,35,"46,991,4815",300,81,20,10,0.9523333333333334,0.963,0.27,0.2366666666666666,,,,0.1234567901234567,False
Arxiv-Nomic-100K,b29,32,36,"2266,4815",300,81,13,5,0.9523333333333334,0.9606666666666668,0.27,0.2533333333333333,,,,0.0617283950617283,False
Arxiv-Nomic-100K,b29,32,37,"46,2266,4815",300,81,18,8,0.9523333333333334,0.9626666666666668,0.27,0.2433333333333333,,,,0.0987654320987654,False
Arxiv-Nomic-100K,b29,32,38,"991,2266,4815",300,81,20,9,0.9523333333333334,0.963,0.27,0.24,,,,0.1111111111111111,False
Arxiv-Nomic-100K,b29,32,39,"46,991,2266,4815",300,81,25,12,0.9523333333333334,0.965,0.27,0.23,,,,0.1481481481481481,False
Arxiv-Nomic-100K,b29,32,40,"3732,4815",300,81,12,5,0.9523333333333334,0.9603333333333334,0.27,0.2533333333333333,,,,0.0617283950617283,False
Arxiv-Nomic-100K,b29,32,41,"46,3732,4815",300,81,16,8,0.9523333333333334,0.9616666666666668,0.27,0.2433333333333333,,,,0.0987654320987654,False
Arxiv-Nomic-100K,b29,32,42,"991,3732,4815",300,81,20,10,0.9523333333333334,0.963,0.27,0.2366666666666666,,,,0.1234567901234567,False
Arxiv-Nomic-100K,b29,32,43,"46,991,3732,4815",300,81,24,13,0.9523333333333334,0.9643333333333332,0.27,0.2266666666666666,,,,0.1604938271604938,False
Arxiv-Nomic-100K,b29,32,44,"2266,3732,4815",300,81,16,6,0.9523333333333334,0.962,0.27,0.25,,,,0.074074074074074,False
Arxiv-Nomic-100K,b29,32,45,"46,2266,3732,4815",300,81,20,9,0.9523333333333334,0.9633333333333332,0.27,0.24,,,,0.1111111111111111,False
Arxiv-Nomic-100K,b29,32,46,"991,2266,3732,4815",300,81,23,10,0.9523333333333334,0.9643333333333332,0.27,0.2366666666666666,,,,0.1234567901234567,False
Arxiv-Nomic-100K,b29,32,47,"46,991,2266,3732,4815",300,81,27,13,0.9523333333333334,0.9656666666666668,0.27,0.2266666666666666,,,,0.1604938271604938,False
Arxiv-Nomic-100K,b29,32,48,"4177,4815",300,81,14,7,0.9523333333333334,0.9613333333333334,0.27,0.2466666666666666,,,,0.0864197530864197,False
Arxiv-Nomic-100K,b29,32,49,"46,4177,4815",300,81,18,11,0.9523333333333334,0.9636666666666668,0.27,0.2333333333333333,,,,0.1358024691358024,False
Arxiv-Nomic-100K,b29,32,50,"991,4177,4815",300,81,21,11,0.9523333333333334,0.964,0.27,0.2333333333333333,,,,0.1358024691358024,False
Arxiv-Nomic-100K,b29,32,51,"46,991,4177,4815",300,81,24,15,0.9523333333333334,0.966,0.27,0.22,,,,0.1851851851851851,False
Arxiv-Nomic-100K,b29,32,52,"2266,4177,4815",300,81,19,8,0.9523333333333334,0.9633333333333332,0.27,0.2433333333333333,,,,0.0987654320987654,False
Arxiv-Nomic-100K,b29,32,53,"46,2266,4177,4815",300,81,22,12,0.9523333333333334,0.9653333333333334,0.27,0.23,,,,0.1481481481481481,False
Arxiv-Nomic-100K,b29,32,54,"991,2266,4177,4815",300,81,25,12,0.9523333333333334,0.9656666666666668,0.27,0.23,,,,0.1481481481481481,False
Arxiv-Nomic-100K,b29,32,55,"46,991,2266,4177,4815",300,81,28,16,0.9523333333333334,0.9676666666666666,0.27,0.2166666666666666,,,,0.1975308641975308,False
Arxiv-Nomic-100K,b29,32,56,"3732,4177,4815",300,81,18,9,0.9523333333333334,0.9633333333333332,0.27,0.24,,,,0.1111111111111111,False
Arxiv-Nomic-100K,b29,32,57,"46,3732,4177,4815",300,81,21,13,0.9523333333333334,0.9646666666666668,0.27,0.2266666666666666,,,,0.1604938271604938,False
Arxiv-Nomic-100K,b29,32,58,"991,3732,4177,4815",300,81,24,13,0.9523333333333334,0.9656666666666668,0.27,0.2266666666666666,,,,0.1604938271604938,False
Arxiv-Nomic-100K,b29,32,59,"46,991,3732,4177,4815",300,81,27,17,0.9523333333333334,0.967,0.27,0.2133333333333333,,,,0.2098765432098765,False
Arxiv-Nomic-100K,b29,32,60,"2266,3732,4177,4815",300,81,21,9,0.9523333333333334,0.9646666666666668,0.27,0.24,,,,0.1111111111111111,False
Arxiv-Nomic-100K,b29,32,61,"46,2266,3732,4177,4815",300,81,24,13,0.9523333333333334,0.966,0.27,0.2266666666666666,,,,0.1604938271604938,False
Arxiv-Nomic-100K,b29,32,62,"991,2266,3732,4177,4815",300,81,27,13,0.9523333333333334,0.967,0.27,0.2266666666666666,,,,0.1604938271604938,False
Arxiv-Nomic-100K,b29,32,63,"46,991,2266,3732,4177,4815",300,81,30,17,0.9523333333333334,0.9683333333333334,0.27,0.2133333333333333,,,,0.2098765432098765,False
Arxiv-Nomic-100K,b29,32,64,7001,300,81,10,5,0.9523333333333334,0.96,0.27,0.2533333333333333,,,,0.0617283950617283,False
Arxiv-Nomic-100K,b29,32,65,"46,7001",300,81,14,7,0.9523333333333334,0.9616666666666668,0.27,0.2466666666666666,,,,0.0864197530864197,False
Arxiv-Nomic-100K,b29,32,66,"991,7001",300,81,17,10,0.9523333333333334,0.9623333333333332,0.27,0.2366666666666666,,,,0.1234567901234567,False
Arxiv-Nomic-100K,b29,32,67,"46,991,7001",300,81,21,12,0.9523333333333334,0.964,0.27,0.23,,,,0.1481481481481481,False
Arxiv-Nomic-100K,b29,32,68,"2266,7001",300,81,16,8,0.9523333333333334,0.963,0.27,0.2433333333333333,,,,0.0987654320987654,False
Arxiv-Nomic-100K,b29,32,69,"46,2266,7001",300,81,20,10,0.9523333333333334,0.9646666666666668,0.27,0.2366666666666666,,,,0.1234567901234567,False
Arxiv-Nomic-100K,b29,32,70,"991,2266,7001",300,81,22,12,0.9523333333333334,0.965,0.27,0.23,,,,0.1481481481481481,False
Arxiv-Nomic-100K,b29,32,71,"46,991,2266,7001",300,81,26,14,0.9523333333333334,0.9666666666666666,0.27,0.2233333333333333,,,,0.1728395061728395,False
Arxiv-Nomic-100K,b29,32,72,"3732,7001",300,81,14,8,0.9523333333333334,0.962,0.27,0.2433333333333333,,,,0.0987654320987654,False
Arxiv-Nomic-100K,b29,32,73,"46,3732,7001",300,81,17,10,0.9523333333333334,0.963,0.27,0.2366666666666666,,,,0.1234567901234567,False
Arxiv-Nomic-100K,b29,32,74,"991,3732,7001",300,81,21,13,0.9523333333333334,0.9643333333333332,0.27,0.2266666666666666,,,,0.1604938271604938,False
Arxiv-Nomic-100K,b29,32,75,"46,991,3732,7001",300,81,24,15,0.9523333333333334,0.9653333333333334,0.27,0.22,,,,0.1851851851851851,False
Arxiv-Nomic-100K,b29,32,76,"2266,3732,7001",300,81,18,9,0.9523333333333334,0.9643333333333332,0.27,0.24,,,,0.1111111111111111,False
Arxiv-Nomic-100K,b29,32,77,"46,2266,3732,7001",300,81,21,11,0.9523333333333334,0.9653333333333334,0.27,0.2333333333333333,,,,0.1358024691358024,False
Arxiv-Nomic-100K,b29,32,78,"991,2266,3732,7001",300,81,24,13,0.9523333333333334,0.9663333333333334,0.27,0.2266666666666666,,,,0.1604938271604938,False
Arxiv-Nomic-100K,b29,32,79,"46,991,2266,3732,7001",300,81,27,15,0.9523333333333334,0.9673333333333334,0.27,0.22,,,,0.1851851851851851,False
Arxiv-Nomic-100K,b29,32,80,"4177,7001",300,81,18,11,0.9523333333333334,0.9636666666666668,0.27,0.2333333333333333,,,,0.1358024691358024,False
Arxiv-Nomic-100K,b29,32,81,"46,4177,7001",300,81,20,14,0.9523333333333334,0.9653333333333334,0.27,0.2233333333333333,,,,0.1728395061728395,False
Arxiv-Nomic-100K,b29,32,82,"991,4177,7001",300,81,23,14,0.9523333333333334,0.9653333333333334,0.27,0.2233333333333333,,,,0.1728395061728395,False
Arxiv-Nomic-100K,b29,32,83,"46,991,4177,7001",300,81,25,17,0.9523333333333334,0.967,0.27,0.2133333333333333,,,,0.2098765432098765,False
Arxiv-Nomic-100K,b29,32,84,"2266,4177,7001",300,81,22,12,0.9523333333333334,0.966,0.27,0.23,,,,0.1481481481481481,False
Arxiv-Nomic-100K,b29,32,85,"46,2266,4177,7001",300,81,24,15,0.9523333333333334,0.9676666666666666,0.27,0.22,,,,0.1851851851851851,False
Arxiv-Nomic-100K,b29,32,86,"991,2266,4177,7001",300,81,27,15,0.9523333333333334,0.9676666666666666,0.27,0.22,,,,0.1851851851851851,False
Arxiv-Nomic-100K,b29,32,87,"46,991,2266,4177,7001",300,81,29,18,0.9523333333333334,0.9693333333333334,0.27,0.21,,,,0.2222222222222222,False
Arxiv-Nomic-100K,b29,32,88,"3732,4177,7001",300,81,20,13,0.9523333333333334,0.9653333333333334,0.27,0.2266666666666666,,,,0.1604938271604938,False
Arxiv-Nomic-100K,b29,32,89,"46,3732,4177,7001",300,81,22,16,0.9523333333333334,0.9663333333333334,0.27,0.2166666666666666,,,,0.1975308641975308,False
Arxiv-Nomic-100K,b29,32,90,"991,3732,4177,7001",300,81,25,16,0.9523333333333334,0.967,0.27,0.2166666666666666,,,,0.1975308641975308,False
Arxiv-Nomic-100K,b29,32,91,"46,991,3732,4177,7001",300,81,27,19,0.9523333333333334,0.968,0.27,0.2066666666666666,,,,0.2345679012345679,False
Arxiv-Nomic-100K,b29,32,92,"2266,3732,4177,7001",300,81,23,13,0.9523333333333334,0.9673333333333334,0.27,0.2266666666666666,,,,0.1604938271604938,False
Arxiv-Nomic-100K,b29,32,93,"46,2266,3732,4177,7001",300,81,25,16,0.9523333333333334,0.9683333333333334,0.27,0.2166666666666666,,,,0.1975308641975308,False
Arxiv-Nomic-100K,b29,32,94,"991,2266,3732,4177,7001",300,81,28,16,0.9523333333333334,0.969,0.27,0.2166666666666666,,,,0.1975308641975308,False
Arxiv-Nomic-100K,b29,32,95,"46,991,2266,3732,4177,7001",300,81,30,19,0.9523333333333334,0.97,0.27,0.2066666666666666,,,,0.2345679012345679,False
Arxiv-Nomic-100K,b29,32,96,"4815,7001",300,81,14,6,0.9523333333333334,0.962,0.27,0.25,,,,0.074074074074074,False
Arxiv-Nomic-100K,b29,32,97,"46,4815,7001",300,81,18,8,0.9523333333333334,0.9636666666666668,0.27,0.2433333333333333,,,,0.0987654320987654,False
Arxiv-Nomic-100K,b29,32,98,"991,4815,7001",300,81,20,10,0.9523333333333334,0.964,0.27,0.2366666666666666,,,,0.1234567901234567,False
Arxiv-Nomic-100K,b29,32,99,"46,991,4815,7001",300,81,24,12,0.9523333333333334,0.9656666666666668,0.27,0.23,,,,0.1481481481481481,False
Arxiv-Nomic-100K,b29,32,100,"2266,4815,7001",300,81,19,9,0.9523333333333334,0.964,0.27,0.24,,,,0.1111111111111111,False
Arxiv-Nomic-100K,b29,32,101,"46,2266,4815,7001",300,81,23,11,0.9523333333333334,0.9656666666666668,0.27,0.2333333333333333,,,,0.1358024691358024,False
Arxiv-Nomic-100K,b29,32,102,"991,2266,4815,7001",300,81,24,12,0.9523333333333334,0.9656666666666668,0.27,0.23,,,,0.1481481481481481,False
Arxiv-Nomic-100K,b29,32,103,"46,991,2266,4815,7001",300,81,28,14,0.9523333333333334,0.9673333333333334,0.27,0.2233333333333333,,,,0.1728395061728395,False
Arxiv-Nomic-100K,b29,32,104,"3732,4815,7001",300,81,18,9,0.9523333333333334,0.964,0.27,0.24,,,,0.1111111111111111,False
Arxiv-Nomic-100K,b29,32,105,"46,3732,4815,7001",300,81,21,11,0.9523333333333334,0.965,0.27,0.2333333333333333,,,,0.1358024691358024,False
Arxiv-Nomic-100K,b29,32,106,"991,3732,4815,7001",300,81,24,13,0.9523333333333334,0.966,0.27,0.2266666666666666,,,,0.1604938271604938,False
Arxiv-Nomic-100K,b29,32,107,"46,991,3732,4815,7001",300,81,27,15,0.9523333333333334,0.967,0.27,0.22,,,,0.1851851851851851,False
Arxiv-Nomic-100K,b29,32,108,"2266,3732,4815,7001",300,81,21,10,0.9523333333333334,0.9653333333333334,0.27,0.2366666666666666,,,,0.1234567901234567,False
Arxiv-Nomic-100K,b29,32,109,"46,2266,3732,4815,7001",300,81,24,12,0.9523333333333334,0.9663333333333334,0.27,0.23,,,,0.1481481481481481,False
Arxiv-Nomic-100K,b29,32,110,"991,2266,3732,4815,7001",300,81,26,13,0.9523333333333334,0.967,0.27,0.2266666666666666,,,,0.1604938271604938,False
Arxiv-Nomic-100K,b29,32,111,"46,991,2266,3732,4815,7001",300,81,29,15,0.9523333333333334,0.968,0.27,0.22,,,,0.1851851851851851,False
Arxiv-Nomic-100K,b29,32,112,"4177,4815,7001",300,81,21,11,0.9523333333333334,0.9653333333333334,0.27,0.2333333333333333,,,,0.1358024691358024,False
Arxiv-Nomic-100K,b29,32,113,"46,4177,4815,7001",300,81,23,14,0.9523333333333334,0.967,0.27,0.2233333333333333,,,,0.1728395061728395,False
Arxiv-Nomic-100K,b29,32,114,"991,4177,4815,7001",300,81,26,14,0.9523333333333334,0.967,0.27,0.2233333333333333,,,,0.1728395061728395,False
Arxiv-Nomic-100K,b29,32,115,"46,991,4177,4815,7001",300,81,28,17,0.9523333333333334,0.9686666666666668,0.27,0.2133333333333333,,,,0.2098765432098765,False
Arxiv-Nomic-100K,b29,32,116,"2266,4177,4815,7001",300,81,24,12,0.9523333333333334,0.9666666666666666,0.27,0.23,,,,0.1481481481481481,False
Arxiv-Nomic-100K,b29,32,117,"46,2266,4177,4815,7001",300,81,26,15,0.9523333333333334,0.9683333333333334,0.27,0.22,,,,0.1851851851851851,False
Arxiv-Nomic-100K,b29,32,118,"991,2266,4177,4815,7001",300,81,29,15,0.9523333333333334,0.9683333333333334,0.27,0.22,,,,0.1851851851851851,False
Arxiv-Nomic-100K,b29,32,119,"46,991,2266,4177,4815,7001",300,81,31,18,0.9523333333333334,0.97,0.27,0.21,,,,0.2222222222222222,False
Arxiv-Nomic-100K,b29,32,120,"3732,4177,4815,7001",300,81,23,13,0.9523333333333334,0.967,0.27,0.2266666666666666,,,,0.1604938271604938,False
Arxiv-Nomic-100K,b29,32,121,"46,3732,4177,4815,7001",300,81,25,16,0.9523333333333334,0.968,0.27,0.2166666666666666,,,,0.1975308641975308,False
Arxiv-Nomic-100K,b29,32,122,"991,3732,4177,4815,7001",300,81,28,16,0.9523333333333334,0.9686666666666668,0.27,0.2166666666666666,,,,0.1975308641975308,False
Arxiv-Nomic-100K,b29,32,123,"46,991,3732,4177,4815,7001",300,81,30,19,0.9523333333333334,0.9696666666666668,0.27,0.2066666666666666,,,,0.2345679012345679,False
Arxiv-Nomic-100K,b29,32,124,"2266,3732,4177,4815,7001",300,81,25,13,0.9523333333333334,0.968,0.27,0.2266666666666666,,,,0.1604938271604938,False
Arxiv-Nomic-100K,b29,32,125,"46,2266,3732,4177,4815,7001",300,81,27,16,0.9523333333333334,0.969,0.27,0.2166666666666666,,,,0.1975308641975308,False
Arxiv-Nomic-100K,b29,32,126,"991,2266,3732,4177,4815,7001",300,81,30,16,0.9523333333333334,0.9696666666666668,0.27,0.2166666666666666,,,,0.1975308641975308,False
Arxiv-Nomic-100K,b29,32,127,"46,991,2266,3732,4177,4815,7001",300,81,32,19,0.9523333333333334,0.9706666666666668,0.27,0.2066666666666666,,,,0.2345679012345679,False
Arxiv-Nomic-100K,b29,32,128,8888,300,81,11,3,0.9523333333333334,0.9596666666666666,0.27,0.26,,,,0.037037037037037,False
Arxiv-Nomic-100K,b29,32,129,"46,8888",300,81,16,6,0.9523333333333334,0.962,0.27,0.25,,,,0.074074074074074,False
Arxiv-Nomic-100K,b29,32,130,"991,8888",300,81,18,8,0.9523333333333334,0.9623333333333332,0.27,0.2433333333333333,,,,0.0987654320987654,False
Arxiv-Nomic-100K,b29,32,131,"46,991,8888",300,81,22,11,0.9523333333333334,0.9643333333333332,0.27,0.2333333333333333,,,,0.1358024691358024,False
Arxiv-Nomic-100K,b29,32,132,"2266,8888",300,81,18,6,0.9523333333333334,0.9623333333333332,0.27,0.25,,,,0.074074074074074,False
Arxiv-Nomic-100K,b29,32,133,"46,2266,8888",300,81,22,9,0.9523333333333334,0.9643333333333332,0.27,0.24,,,,0.1111111111111111,False
Arxiv-Nomic-100K,b29,32,134,"991,2266,8888",300,81,23,10,0.9523333333333334,0.9643333333333332,0.27,0.2366666666666666,,,,0.1234567901234567,False
Arxiv-Nomic-100K,b29,32,135,"46,991,2266,8888",300,81,27,13,0.9523333333333334,0.9663333333333334,0.27,0.2266666666666666,,,,0.1604938271604938,False
Arxiv-Nomic-100K,b29,32,136,"3732,8888",300,81,16,6,0.9523333333333334,0.962,0.27,0.25,,,,0.074074074074074,False
Arxiv-Nomic-100K,b29,32,137,"46,3732,8888",300,81,20,9,0.9523333333333334,0.9633333333333332,0.27,0.24,,,,0.1111111111111111,False
Arxiv-Nomic-100K,b29,32,138,"991,3732,8888",300,81,22,11,0.9523333333333334,0.9643333333333332,0.27,0.2333333333333333,,,,0.1358024691358024,False
Arxiv-Nomic-100K,b29,32,139,"46,991,3732,8888",300,81,26,14,0.9523333333333334,0.9656666666666668,0.27,0.2233333333333333,,,,0.1728395061728395,False
Arxiv-Nomic-100K,b29,32,140,"2266,3732,8888",300,81,20,7,0.9523333333333334,0.9636666666666668,0.27,0.2466666666666666,,,,0.0864197530864197,False
Arxiv-Nomic-100K,b29,32,141,"46,2266,3732,8888",300,81,24,10,0.9523333333333334,0.965,0.27,0.2366666666666666,,,,0.1234567901234567,False
Arxiv-Nomic-100K,b29,32,142,"991,2266,3732,8888",300,81,25,11,0.9523333333333334,0.9656666666666668,0.27,0.2333333333333333,,,,0.1358024691358024,False
Arxiv-Nomic-100K,b29,32,143,"46,991,2266,3732,8888",300,81,29,14,0.9523333333333334,0.967,0.27,0.2233333333333333,,,,0.1728395061728395,False
Arxiv-Nomic-100K,b29,32,144,"4177,8888",300,81,18,8,0.9523333333333334,0.9626666666666668,0.27,0.2433333333333333,,,,0.0987654320987654,False
Arxiv-Nomic-100K,b29,32,145,"46,4177,8888",300,81,22,12,0.9523333333333334,0.965,0.27,0.23,,,,0.1481481481481481,False
Arxiv-Nomic-100K,b29,32,146,"991,4177,8888",300,81,23,12,0.9523333333333334,0.965,0.27,0.23,,,,0.1481481481481481,False
Arxiv-Nomic-100K,b29,32,147,"46,991,4177,8888",300,81,26,16,0.9523333333333334,0.967,0.27,0.2166666666666666,,,,0.1975308641975308,False
Arxiv-Nomic-100K,b29,32,148,"2266,4177,8888",300,81,23,9,0.9523333333333334,0.9646666666666668,0.27,0.24,,,,0.1111111111111111,False
Arxiv-Nomic-100K,b29,32,149,"46,2266,4177,8888",300,81,26,13,0.9523333333333334,0.9666666666666666,0.27,0.2266666666666666,,,,0.1604938271604938,False
Arxiv-Nomic-100K,b29,32,150,"991,2266,4177,8888",300,81,27,13,0.9523333333333334,0.9666666666666666,0.27,0.2266666666666666,,,,0.1604938271604938,False
Arxiv-Nomic-100K,b29,32,151,"46,991,2266,4177,8888",300,81,30,17,0.9523333333333334,0.9686666666666668,0.27,0.2133333333333333,,,,0.2098765432098765,False
Arxiv-Nomic-100K,b29,32,152,"3732,4177,8888",300,81,22,10,0.9523333333333334,0.9646666666666668,0.27,0.2366666666666666,,,,0.1234567901234567,False
Arxiv-Nomic-100K,b29,32,153,"46,3732,4177,8888",300,81,25,14,0.9523333333333334,0.966,0.27,0.2233333333333333,,,,0.1728395061728395,False
Arxiv-Nomic-100K,b29,32,154,"991,3732,4177,8888",300,81,26,14,0.9523333333333334,0.9666666666666666,0.27,0.2233333333333333,,,,0.1728395061728395,False
Arxiv-Nomic-100K,b29,32,155,"46,991,3732,4177,8888",300,81,29,18,0.9523333333333334,0.968,0.27,0.21,,,,0.2222222222222222,False
Arxiv-Nomic-100K,b29,32,156,"2266,3732,4177,8888",300,81,25,10,0.9523333333333334,0.966,0.27,0.2366666666666666,,,,0.1234567901234567,False
Arxiv-Nomic-100K,b29,32,157,"46,2266,3732,4177,8888",300,81,28,14,0.9523333333333334,0.9673333333333334,0.27,0.2233333333333333,,,,0.1728395061728395,False
Arxiv-Nomic-100K,b29,32,158,"991,2266,3732,4177,8888",300,81,29,14,0.9523333333333334,0.968,0.27,0.2233333333333333,,,,0.1728395061728395,False
Arxiv-Nomic-100K,b29,32,159,"46,991,2266,3732,4177,8888",300,81,32,18,0.9523333333333334,0.9693333333333334,0.27,0.21,,,,0.2222222222222222,False
Arxiv-Nomic-100K,b29,32,160,"4815,8888",300,81,13,3,0.9523333333333334,0.9603333333333334,0.27,0.26,,,,0.037037037037037,False
Arxiv-Nomic-100K,b29,32,161,"46,4815,8888",300,81,18,6,0.9523333333333334,0.9626666666666668,0.27,0.25,,,,0.074074074074074,False
Arxiv-Nomic-100K,b29,32,162,"991,4815,8888",300,81,20,8,0.9523333333333334,0.963,0.27,0.2433333333333333,,,,0.0987654320987654,False
Arxiv-Nomic-100K,b29,32,163,"46,991,4815,8888",300,81,24,11,0.9523333333333334,0.965,0.27,0.2333333333333333,,,,0.1358024691358024,False
Arxiv-Nomic-100K,b29,32,164,"2266,4815,8888",300,81,20,6,0.9523333333333334,0.963,0.27,0.25,,,,0.074074074074074,False
Arxiv-Nomic-100K,b29,32,165,"46,2266,4815,8888",300,81,24,9,0.9523333333333334,0.965,0.27,0.24,,,,0.1111111111111111,False
Arxiv-Nomic-100K,b29,32,166,"991,2266,4815,8888",300,81,25,10,0.9523333333333334,0.965,0.27,0.2366666666666666,,,,0.1234567901234567,False
Arxiv-Nomic-100K,b29,32,167,"46,991,2266,4815,8888",300,81,29,13,0.9523333333333334,0.967,0.27,0.2266666666666666,,,,0.1604938271604938,False
Arxiv-Nomic-100K,b29,32,168,"3732,4815,8888",300,81,18,6,0.9523333333333334,0.9626666666666668,0.27,0.25,,,,0.074074074074074,False
Arxiv-Nomic-100K,b29,32,169,"46,3732,4815,8888",300,81,22,9,0.9523333333333334,0.964,0.27,0.24,,,,0.1111111111111111,False
Arxiv-Nomic-100K,b29,32,170,"991,3732,4815,8888",300,81,24,11,0.9523333333333334,0.965,0.27,0.2333333333333333,,,,0.1358024691358024,False
Arxiv-Nomic-100K,b29,32,171,"46,991,3732,4815,8888",300,81,28,14,0.9523333333333334,0.9663333333333334,0.27,0.2233333333333333,,,,0.1728395061728395,False
Arxiv-Nomic-100K,b29,32,172,"2266,3732,4815,8888",300,81,22,7,0.9523333333333334,0.9643333333333332,0.27,0.2466666666666666,,,,0.0864197530864197,False
Arxiv-Nomic-100K,b29,32,173,"46,2266,3732,4815,8888",300,81,26,10,0.9523333333333334,0.9656666666666668,0.27,0.2366666666666666,,,,0.1234567901234567,False
Arxiv-Nomic-100K,b29,32,174,"991,2266,3732,4815,8888",300,81,27,11,0.9523333333333334,0.9663333333333334,0.27,0.2333333333333333,,,,0.1358024691358024,False
Arxiv-Nomic-100K,b29,32,175,"46,991,2266,3732,4815,8888",300,81,31,14,0.9523333333333334,0.9676666666666666,0.27,0.2233333333333333,,,,0.1728395061728395,False
Arxiv-Nomic-100K,b29,32,176,"4177,4815,8888",300,81,20,8,0.9523333333333334,0.9633333333333332,0.27,0.2433333333333333,,,,0.0987654320987654,False
Arxiv-Nomic-100K,b29,32,177,"46,4177,4815,8888",300,81,24,12,0.9523333333333334,0.9656666666666668,0.27,0.23,,,,0.1481481481481481,False
Arxiv-Nomic-100K,b29,32,178,"991,4177,4815,8888",300,81,25,12,0.9523333333333334,0.9656666666666668,0.27,0.23,,,,0.1481481481481481,False
Arxiv-Nomic-100K,b29,32,179,"46,991,4177,4815,8888",300,81,28,16,0.9523333333333334,0.9676666666666666,0.27,0.2166666666666666,,,,0.1975308641975308,False
Arxiv-Nomic-100K,b29,32,180,"2266,4177,4815,8888",300,81,25,9,0.9523333333333334,0.9653333333333334,0.27,0.24,,,,0.1111111111111111,False
Arxiv-Nomic-100K,b29,32,181,"46,2266,4177,4815,8888",300,81,28,13,0.9523333333333334,0.9673333333333334,0.27,0.2266666666666666,,,,0.1604938271604938,False
Arxiv-Nomic-100K,b29,32,182,"991,2266,4177,4815,8888",300,81,29,13,0.9523333333333334,0.9673333333333334,0.27,0.2266666666666666,,,,0.1604938271604938,False
Arxiv-Nomic-100K,b29,32,183,"46,991,2266,4177,4815,8888",300,81,32,17,0.9523333333333334,0.9693333333333334,0.27,0.2133333333333333,,,,0.2098765432098765,False
Arxiv-Nomic-100K,b29,32,184,"3732,4177,4815,8888",300,81,24,10,0.9523333333333334,0.9653333333333334,0.27,0.2366666666666666,,,,0.1234567901234567,False
Arxiv-Nomic-100K,b29,32,185,"46,3732,4177,4815,8888",300,81,27,14,0.9523333333333334,0.9666666666666666,0.27,0.2233333333333333,,,,0.1728395061728395,False
Arxiv-Nomic-100K,b29,32,186,"991,3732,4177,4815,8888",300,81,28,14,0.9523333333333334,0.9673333333333334,0.27,0.2233333333333333,,,,0.1728395061728395,False
Arxiv-Nomic-100K,b29,32,187,"46,991,3732,4177,4815,8888",300,81,31,18,0.9523333333333334,0.9686666666666668,0.27,0.21,,,,0.2222222222222222,False
Arxiv-Nomic-100K,b29,32,188,"2266,3732,4177,4815,8888",300,81,27,10,0.9523333333333334,0.9666666666666666,0.27,0.2366666666666666,,,,0.1234567901234567,False
Arxiv-Nomic-100K,b29,32,189,"46,2266,3732,4177,4815,8888",300,81,30,14,0.9523333333333334,0.968,0.27,0.2233333333333333,,,,0.1728395061728395,False
Arxiv-Nomic-100K,b29,32,190,"991,2266,3732,4177,4815,8888",300,81,31,14,0.9523333333333334,0.9686666666666668,0.27,0.2233333333333333,,,,0.1728395061728395,False
Arxiv-Nomic-100K,b29,32,191,"46,991,2266,3732,4177,4815,8888",300,81,34,18,0.9523333333333334,0.97,0.27,0.21,,,,0.2222222222222222,False
Arxiv-Nomic-100K,b29,32,192,"7001,8888",300,81,19,7,0.9523333333333334,0.9636666666666668,0.27,0.2466666666666666,,,,0.0864197530864197,False
Arxiv-Nomic-100K,b29,32,193,"46,7001,8888",300,81,22,9,0.9523333333333334,0.9653333333333334,0.27,0.24,,,,0.1111111111111111,False
Arxiv-Nomic-100K,b29,32,194,"991,7001,8888",300,81,23,11,0.9523333333333334,0.9653333333333334,0.27,0.2333333333333333,,,,0.1358024691358024,False
Arxiv-Nomic-100K,b29,32,195,"46,991,7001,8888",300,81,26,13,0.9523333333333334,0.967,0.27,0.2266666666666666,,,,0.1604938271604938,False
Arxiv-Nomic-100K,b29,32,196,"2266,7001,8888",300,81,24,10,0.9523333333333334,0.9656666666666668,0.27,0.2366666666666666,,,,0.1234567901234567,False
Arxiv-Nomic-100K,b29,32,197,"46,2266,7001,8888",300,81,27,12,0.9523333333333334,0.9673333333333334,0.27,0.23,,,,0.1481481481481481,False
Arxiv-Nomic-100K,b29,32,198,"991,2266,7001,8888",300,81,27,13,0.9523333333333334,0.967,0.27,0.2266666666666666,,,,0.1604938271604938,False
Arxiv-Nomic-100K,b29,32,199,"46,991,2266,7001,8888",300,81,30,15,0.9523333333333334,0.9686666666666668,0.27,0.22,,,,0.1851851851851851,False
Arxiv-Nomic-100K,b29,32,200,"3732,7001,8888",300,81,22,10,0.9523333333333334,0.9656666666666668,0.27,0.2366666666666666,,,,0.1234567901234567,False
Arxiv-Nomic-100K,b29,32,201,"46,3732,7001,8888",300,81,25,12,0.9523333333333334,0.9666666666666666,0.27,0.23,,,,0.1481481481481481,False
Arxiv-Nomic-100K,b29,32,202,"991,3732,7001,8888",300,81,26,14,0.9523333333333334,0.9673333333333334,0.27,0.2233333333333333,,,,0.1728395061728395,False
Arxiv-Nomic-100K,b29,32,203,"46,991,3732,7001,8888",300,81,29,16,0.9523333333333334,0.9683333333333334,0.27,0.2166666666666666,,,,0.1975308641975308,False
Arxiv-Nomic-100K,b29,32,204,"2266,3732,7001,8888",300,81,25,11,0.9523333333333334,0.967,0.27,0.2333333333333333,,,,0.1358024691358024,False
Arxiv-Nomic-100K,b29,32,205,"46,2266,3732,7001,8888",300,81,28,13,0.9523333333333334,0.968,0.27,0.2266666666666666,,,,0.1604938271604938,False
Arxiv-Nomic-100K,b29,32,206,"991,2266,3732,7001,8888",300,81,28,14,0.9523333333333334,0.9683333333333334,0.27,0.2233333333333333,,,,0.1728395061728395,False
Arxiv-Nomic-100K,b29,32,207,"46,991,2266,3732,7001,8888",300,81,31,16,0.9523333333333334,0.9693333333333334,0.27,0.2166666666666666,,,,0.1975308641975308,False
Arxiv-Nomic-100K,b29,32,208,"4177,7001,8888",300,81,25,12,0.9523333333333334,0.9666666666666666,0.27,0.23,,,,0.1481481481481481,False
Arxiv-Nomic-100K,b29,32,209,"46,4177,7001,8888",300,81,27,15,0.9523333333333334,0.9683333333333334,0.27,0.22,,,,0.1851851851851851,False
Arxiv-Nomic-100K,b29,32,210,"991,4177,7001,8888",300,81,28,15,0.9523333333333334,0.968,0.27,0.22,,,,0.1851851851851851,False
Arxiv-Nomic-100K,b29,32,211,"46,991,4177,7001,8888",300,81,30,18,0.9523333333333334,0.9696666666666668,0.27,0.21,,,,0.2222222222222222,False
Arxiv-Nomic-100K,b29,32,212,"2266,4177,7001,8888",300,81,28,13,0.9523333333333334,0.968,0.27,0.2266666666666666,,,,0.1604938271604938,False
Arxiv-Nomic-100K,b29,32,213,"46,2266,4177,7001,8888",300,81,30,16,0.9523333333333334,0.9696666666666668,0.27,0.2166666666666666,,,,0.1975308641975308,False
Arxiv-Nomic-100K,b29,32,214,"991,2266,4177,7001,8888",300,81,31,16,0.9523333333333334,0.9693333333333334,0.27,0.2166666666666666,,,,0.1975308641975308,False
Arxiv-Nomic-100K,b29,32,215,"46,991,2266,4177,7001,8888",300,81,33,19,0.9523333333333334,0.971,0.27,0.2066666666666666,,,,0.2345679012345679,False
Arxiv-Nomic-100K,b29,32,216,"3732,4177,7001,8888",300,81,27,14,0.9523333333333334,0.9683333333333334,0.27,0.2233333333333333,,,,0.1728395061728395,False
Arxiv-Nomic-100K,b29,32,217,"46,3732,4177,7001,8888",300,81,29,17,0.9523333333333334,0.9693333333333334,0.27,0.2133333333333333,,,,0.2098765432098765,False
Arxiv-Nomic-100K,b29,32,218,"991,3732,4177,7001,8888",300,81,30,17,0.9523333333333334,0.9696666666666668,0.27,0.2133333333333333,,,,0.2098765432098765,False
Arxiv-Nomic-100K,b29,32,219,"46,991,3732,4177,7001,8888",300,81,32,20,0.9523333333333334,0.9706666666666668,0.27,0.2033333333333333,,,,0.2469135802469135,False
Arxiv-Nomic-100K,b29,32,220,"2266,3732,4177,7001,8888",300,81,29,14,0.9523333333333334,0.9693333333333334,0.27,0.2233333333333333,,,,0.1728395061728395,False
Arxiv-Nomic-100K,b29,32,221,"46,2266,3732,4177,7001,8888",300,81,31,17,0.9523333333333334,0.9703333333333332,0.27,0.2133333333333333,,,,0.2098765432098765,False
Arxiv-Nomic-100K,b29,32,222,"991,2266,3732,4177,7001,8888",300,81,32,17,0.9523333333333334,0.9706666666666668,0.27,0.2133333333333333,,,,0.2098765432098765,False
Arxiv-Nomic-100K,b29,32,223,"46,991,2266,3732,4177,7001,8888",300,81,34,20,0.9523333333333334,0.9716666666666668,0.27,0.2033333333333333,,,,0.2469135802469135,False
Arxiv-Nomic-100K,b29,32,224,"4815,7001,8888",300,81,21,7,0.9523333333333334,0.9643333333333332,0.27,0.2466666666666666,,,,0.0864197530864197,False
Arxiv-Nomic-100K,b29,32,225,"46,4815,7001,8888",300,81,24,9,0.9523333333333334,0.966,0.27,0.24,,,,0.1111111111111111,False
Arxiv-Nomic-100K,b29,32,226,"991,4815,7001,8888",300,81,25,11,0.9523333333333334,0.966,0.27,0.2333333333333333,,,,0.1358024691358024,False
Arxiv-Nomic-100K,b29,32,227,"46,991,4815,7001,8888",300,81,28,13,0.9523333333333334,0.9676666666666666,0.27,0.2266666666666666,,,,0.1604938271604938,False
Arxiv-Nomic-100K,b29,32,228,"2266,4815,7001,8888",300,81,26,10,0.9523333333333334,0.9663333333333334,0.27,0.2366666666666666,,,,0.1234567901234567,False
Arxiv-Nomic-100K,b29,32,229,"46,2266,4815,7001,8888",300,81,29,12,0.9523333333333334,0.968,0.27,0.23,,,,0.1481481481481481,False
Arxiv-Nomic-100K,b29,32,230,"991,2266,4815,7001,8888",300,81,29,13,0.9523333333333334,0.9676666666666666,0.27,0.2266666666666666,,,,0.1604938271604938,False
Arxiv-Nomic-100K,b29,32,231,"46,991,2266,4815,7001,8888",300,81,32,15,0.9523333333333334,0.9693333333333334,0.27,0.22,,,,0.1851851851851851,False
Arxiv-Nomic-100K,b29,32,232,"3732,4815,7001,8888",300,81,24,10,0.9523333333333334,0.9663333333333334,0.27,0.2366666666666666,,,,0.1234567901234567,False
Arxiv-Nomic-100K,b29,32,233,"46,3732,4815,7001,8888",300,81,27,12,0.9523333333333334,0.9673333333333334,0.27,0.23,,,,0.1481481481481481,False
Arxiv-Nomic-100K,b29,32,234,"991,3732,4815,7001,8888",300,81,28,14,0.9523333333333334,0.968,0.27,0.2233333333333333,,,,0.1728395061728395,False
Arxiv-Nomic-100K,b29,32,235,"46,991,3732,4815,7001,8888",300,81,31,16,0.9523333333333334,0.969,0.27,0.2166666666666666,,,,0.1975308641975308,False
Arxiv-Nomic-100K,b29,32,236,"2266,3732,4815,7001,8888",300,81,27,11,0.9523333333333334,0.9676666666666666,0.27,0.2333333333333333,,,,0.1358024691358024,False
Arxiv-Nomic-100K,b29,32,237,"46,2266,3732,4815,7001,8888",300,81,30,13,0.9523333333333334,0.9686666666666668,0.27,0.2266666666666666,,,,0.1604938271604938,False
Arxiv-Nomic-100K,b29,32,238,"991,2266,3732,4815,7001,8888",300,81,30,14,0.9523333333333334,0.969,0.27,0.2233333333333333,,,,0.1728395061728395,False
Arxiv-Nomic-100K,b29,32,239,"46,991,2266,3732,4815,7001,8888",300,81,33,16,0.9523333333333334,0.97,0.27,0.2166666666666666,,,,0.1975308641975308,False
Arxiv-Nomic-100K,b29,32,240,"4177,4815,7001,8888",300,81,27,12,0.9523333333333334,0.9673333333333334,0.27,0.23,,,,0.1481481481481481,False
Arxiv-Nomic-100K,b29,32,241,"46,4177,4815,7001,8888",300,81,29,15,0.9523333333333334,0.969,0.27,0.22,,,,0.1851851851851851,False
Arxiv-Nomic-100K,b29,32,242,"991,4177,4815,7001,8888",300,81,30,15,0.9523333333333334,0.9686666666666668,0.27,0.22,,,,0.1851851851851851,False
Arxiv-Nomic-100K,b29,32,243,"46,991,4177,4815,7001,8888",300,81,32,18,0.9523333333333334,0.9703333333333332,0.27,0.21,,,,0.2222222222222222,False
Arxiv-Nomic-100K,b29,32,244,"2266,4177,4815,7001,8888",300,81,30,13,0.9523333333333334,0.9686666666666668,0.27,0.2266666666666666,,,,0.1604938271604938,False
Arxiv-Nomic-100K,b29,32,245,"46,2266,4177,4815,7001,8888",300,81,32,16,0.9523333333333334,0.9703333333333332,0.27,0.2166666666666666,,,,0.1975308641975308,False
Arxiv-Nomic-100K,b29,32,246,"991,2266,4177,4815,7001,8888",300,81,33,16,0.9523333333333334,0.97,0.27,0.2166666666666666,,,,0.1975308641975308,False
Arxiv-Nomic-100K,b29,32,247,"46,991,2266,4177,4815,7001,8888",300,81,35,19,0.9523333333333334,0.9716666666666668,0.27,0.2066666666666666,,,,0.2345679012345679,False
Arxiv-Nomic-100K,b29,32,248,"3732,4177,4815,7001,8888",300,81,29,14,0.9523333333333334,0.969,0.27,0.2233333333333333,,,,0.1728395061728395,False
Arxiv-Nomic-100K,b29,32,249,"46,3732,4177,4815,7001,8888",300,81,31,17,0.9523333333333334,0.97,0.27,0.2133333333333333,,,,0.2098765432098765,False
Arxiv-Nomic-100K,b29,32,250,"991,3732,4177,4815,7001,8888",300,81,32,17,0.9523333333333334,0.9703333333333332,0.27,0.2133333333333333,,,,0.2098765432098765,False
Arxiv-Nomic-100K,b29,32,251,"46,991,3732,4177,4815,7001,8888",300,81,34,20,0.9523333333333334,0.9713333333333332,0.27,0.2033333333333333,,,,0.2469135802469135,False
Arxiv-Nomic-100K,b29,32,252,"2266,3732,4177,4815,7001,8888",300,81,31,14,0.9523333333333334,0.97,0.27,0.2233333333333333,,,,0.1728395061728395,False
Arxiv-Nomic-100K,b29,32,253,"46,2266,3732,4177,4815,7001,8888",300,81,33,17,0.9523333333333334,0.971,0.27,0.2133333333333333,,,,0.2098765432098765,False
Arxiv-Nomic-100K,b29,32,254,"991,2266,3732,4177,4815,7001,8888",300,81,34,17,0.9523333333333334,0.9713333333333332,0.27,0.2133333333333333,,,,0.2098765432098765,False
Arxiv-Nomic-100K,b29,32,255,"46,991,2266,3732,4177,4815,7001,8888",300,81,36,20,0.9523333333333334,0.9723333333333332,0.27,0.2033333333333333,,,,0.2469135802469135,False
Arxiv-Nomic-100K,b29,64,0,EMPTY,300,31,0,0,0.983,0.983,0.1033333333333333,0.1033333333333333,128.0,128.0,128.02833333333334,0.0,True
Arxiv-Nomic-100K,b29,64,1,46,300,31,4,2,0.983,0.9846666666666666,0.1033333333333333,0.0966666666666666,,,,0.064516129032258,False
Arxiv-Nomic-100K,b29,64,2,991,300,31,2,2,0.983,0.9866666666666668,0.1033333333333333,0.0966666666666666,,,,0.064516129032258,False
Arxiv-Nomic-100K,b29,64,3,"46,991",300,31,6,4,0.983,0.9883333333333332,0.1033333333333333,0.09,,,,0.1290322580645161,False
Arxiv-Nomic-100K,b29,64,4,2266,300,31,2,1,0.983,0.9836666666666666,0.1033333333333333,0.1,,,,0.032258064516129,False
Arxiv-Nomic-100K,b29,64,5,"46,2266",300,31,6,3,0.983,0.9853333333333334,0.1033333333333333,0.0933333333333333,,,,0.0967741935483871,False
Arxiv-Nomic-100K,b29,64,6,"991,2266",300,31,4,3,0.983,0.9873333333333332,0.1033333333333333,0.0933333333333333,,,,0.0967741935483871,False
Arxiv-Nomic-100K,b29,64,7,"46,991,2266",300,31,8,5,0.983,0.989,0.1033333333333333,0.0866666666666666,,,,0.1612903225806451,False
Arxiv-Nomic-100K,b29,64,8,3732,300,31,2,1,0.983,0.984,0.1033333333333333,0.1,,,,0.032258064516129,False
Arxiv-Nomic-100K,b29,64,9,"46,3732",300,31,5,3,0.983,0.985,0.1033333333333333,0.0933333333333333,,,,0.0967741935483871,False
Arxiv-Nomic-100K,b29,64,10,"991,3732",300,31,4,3,0.983,0.9876666666666668,0.1033333333333333,0.0933333333333333,,,,0.0967741935483871,False
Arxiv-Nomic-100K,b29,64,11,"46,991,3732",300,31,7,5,0.983,0.9886666666666668,0.1033333333333333,0.0866666666666666,,,,0.1612903225806451,False
Arxiv-Nomic-100K,b29,64,12,"2266,3732",300,31,3,1,0.983,0.9843333333333334,0.1033333333333333,0.1,,,,0.032258064516129,False
Arxiv-Nomic-100K,b29,64,13,"46,2266,3732",300,31,6,3,0.983,0.9853333333333334,0.1033333333333333,0.0933333333333333,,,,0.0967741935483871,False
Arxiv-Nomic-100K,b29,64,14,"991,2266,3732",300,31,5,3,0.983,0.988,0.1033333333333333,0.0933333333333333,,,,0.0967741935483871,False
Arxiv-Nomic-100K,b29,64,15,"46,991,2266,3732",300,31,8,5,0.983,0.989,0.1033333333333333,0.0866666666666666,,,,0.1612903225806451,False
Arxiv-Nomic-100K,b29,64,16,4177,300,31,2,1,0.983,0.9866666666666668,0.1033333333333333,0.1,,,,0.032258064516129,False
Arxiv-Nomic-100K,b29,64,17,"46,4177",300,31,5,4,0.983,0.9883333333333332,0.1033333333333333,0.09,,,,0.1290322580645161,False
Arxiv-Nomic-100K,b29,64,18,"991,4177",300,31,3,2,0.983,0.987,0.1033333333333333,0.0966666666666666,,,,0.064516129032258,False
Arxiv-Nomic-100K,b29,64,19,"46,991,4177",300,31,6,5,0.983,0.9886666666666668,0.1033333333333333,0.0866666666666666,,,,0.1612903225806451,False
Arxiv-Nomic-100K,b29,64,20,"2266,4177",300,31,4,2,0.983,0.9873333333333332,0.1033333333333333,0.0966666666666666,,,,0.064516129032258,False
Arxiv-Nomic-100K,b29,64,21,"46,2266,4177",300,31,7,5,0.983,0.989,0.1033333333333333,0.0866666666666666,,,,0.1612903225806451,False
Arxiv-Nomic-100K,b29,64,22,"991,2266,4177",300,31,5,3,0.983,0.9876666666666668,0.1033333333333333,0.0933333333333333,,,,0.0967741935483871,False
Arxiv-Nomic-100K,b29,64,23,"46,991,2266,4177",300,31,8,6,0.983,0.9893333333333332,0.1033333333333333,0.0833333333333333,,,,0.1935483870967742,False
Arxiv-Nomic-100K,b29,64,24,"3732,4177",300,31,4,2,0.983,0.9876666666666668,0.1033333333333333,0.0966666666666666,,,,0.064516129032258,False
Arxiv-Nomic-100K,b29,64,25,"46,3732,4177",300,31,6,5,0.983,0.9886666666666668,0.1033333333333333,0.0866666666666666,,,,0.1612903225806451,False
Arxiv-Nomic-100K,b29,64,26,"991,3732,4177",300,31,5,3,0.983,0.988,0.1033333333333333,0.0933333333333333,,,,0.0967741935483871,False
Arxiv-Nomic-100K,b29,64,27,"46,991,3732,4177",300,31,7,6,0.983,0.989,0.1033333333333333,0.0833333333333333,,,,0.1935483870967742,False
Arxiv-Nomic-100K,b29,64,28,"2266,3732,4177",300,31,5,2,0.983,0.988,0.1033333333333333,0.0966666666666666,,,,0.064516129032258,False
Arxiv-Nomic-100K,b29,64,29,"46,2266,3732,4177",300,31,7,5,0.983,0.989,0.1033333333333333,0.0866666666666666,,,,0.1612903225806451,False
Arxiv-Nomic-100K,b29,64,30,"991,2266,3732,4177",300,31,6,3,0.983,0.9883333333333332,0.1033333333333333,0.0933333333333333,,,,0.0967741935483871,False
Arxiv-Nomic-100K,b29,64,31,"46,991,2266,3732,4177",300,31,8,6,0.983,0.9893333333333332,0.1033333333333333,0.0833333333333333,,,,0.1935483870967742,False
Arxiv-Nomic-100K,b29,64,32,4815,300,31,1,1,0.983,0.9863333333333332,0.1033333333333333,0.1,,,,0.032258064516129,False
Arxiv-Nomic-100K,b29,64,33,"46,4815",300,31,5,3,0.983,0.988,0.1033333333333333,0.0933333333333333,,,,0.0967741935483871,False
Arxiv-Nomic-100K,b29,64,34,"991,4815",300,31,2,2,0.983,0.9866666666666668,0.1033333333333333,0.0966666666666666,,,,0.064516129032258,False
Arxiv-Nomic-100K,b29,64,35,"46,991,4815",300,31,6,4,0.983,0.9883333333333332,0.1033333333333333,0.09,,,,0.1290322580645161,False
Arxiv-Nomic-100K,b29,64,36,"2266,4815",300,31,3,2,0.983,0.987,0.1033333333333333,0.0966666666666666,,,,0.064516129032258,False
Arxiv-Nomic-100K,b29,64,37,"46,2266,4815",300,31,7,4,0.983,0.9886666666666668,0.1033333333333333,0.09,,,,0.1290322580645161,False
Arxiv-Nomic-100K,b29,64,38,"991,2266,4815",300,31,4,3,0.983,0.9873333333333332,0.1033333333333333,0.0933333333333333,,,,0.0967741935483871,False
Arxiv-Nomic-100K,b29,64,39,"46,991,2266,4815",300,31,8,5,0.983,0.989,0.1033333333333333,0.0866666666666666,,,,0.1612903225806451,False
Arxiv-Nomic-100K,b29,64,40,"3732,4815",300,31,3,2,0.983,0.9873333333333332,0.1033333333333333,0.0966666666666666,,,,0.064516129032258,False
Arxiv-Nomic-100K,b29,64,41,"46,3732,4815",300,31,6,4,0.983,0.9883333333333332,0.1033333333333333,0.09,,,,0.1290322580645161,False
Arxiv-Nomic-100K,b29,64,42,"991,3732,4815",300,31,4,3,0.983,0.9876666666666668,0.1033333333333333,0.0933333333333333,,,,0.0967741935483871,False
Arxiv-Nomic-100K,b29,64,43,"46,991,3732,4815",300,31,7,5,0.983,0.9886666666666668,0.1033333333333333,0.0866666666666666,,,,0.1612903225806451,False
Arxiv-Nomic-100K,b29,64,44,"2266,3732,4815",300,31,4,2,0.983,0.9876666666666668,0.1033333333333333,0.0966666666666666,,,,0.064516129032258,False
Arxiv-Nomic-100K,b29,64,45,"46,2266,3732,4815",300,31,7,4,0.983,0.9886666666666668,0.1033333333333333,0.09,,,,0.1290322580645161,False
Arxiv-Nomic-100K,b29,64,46,"991,2266,3732,4815",300,31,5,3,0.983,0.988,0.1033333333333333,0.0933333333333333,,,,0.0967741935483871,False
Arxiv-Nomic-100K,b29,64,47,"46,991,2266,3732,4815",300,31,8,5,0.983,0.989,0.1033333333333333,0.0866666666666666,,,,0.1612903225806451,False
Arxiv-Nomic-100K,b29,64,48,"4177,4815",300,31,2,1,0.983,0.9866666666666668,0.1033333333333333,0.1,,,,0.032258064516129,False
Arxiv-Nomic-100K,b29,64,49,"46,4177,4815",300,31,5,4,0.983,0.9883333333333332,0.1033333333333333,0.09,,,,0.1290322580645161,False
Arxiv-Nomic-100K,b29,64,50,"991,4177,4815",300,31,3,2,0.983,0.987,0.1033333333333333,0.0966666666666666,,,,0.064516129032258,False
Arxiv-Nomic-100K,b29,64,51,"46,991,4177,4815",300,31,6,5,0.983,0.9886666666666668,0.1033333333333333,0.0866666666666666,,,,0.1612903225806451,False
Arxiv-Nomic-100K,b29,64,52,"2266,4177,4815",300,31,4,2,0.983,0.9873333333333332,0.1033333333333333,0.0966666666666666,,,,0.064516129032258,False
Arxiv-Nomic-100K,b29,64,53,"46,2266,4177,4815",300,31,7,5,0.983,0.989,0.1033333333333333,0.0866666666666666,,,,0.1612903225806451,False
Arxiv-Nomic-100K,b29,64,54,"991,2266,4177,4815",300,31,5,3,0.983,0.9876666666666668,0.1033333333333333,0.0933333333333333,,,,0.0967741935483871,False
Arxiv-Nomic-100K,b29,64,55,"46,991,2266,4177,4815",300,31,8,6,0.983,0.9893333333333332,0.1033333333333333,0.0833333333333333,,,,0.1935483870967742,False
Arxiv-Nomic-100K,b29,64,56,"3732,4177,4815",300,31,4,2,0.983,0.9876666666666668,0.1033333333333333,0.0966666666666666,,,,0.064516129032258,False
Arxiv-Nomic-100K,b29,64,57,"46,3732,4177,4815",300,31,6,5,0.983,0.9886666666666668,0.1033333333333333,0.0866666666666666,,,,0.1612903225806451,False
Arxiv-Nomic-100K,b29,64,58,"991,3732,4177,4815",300,31,5,3,0.983,0.988,0.1033333333333333,0.0933333333333333,,,,0.0967741935483871,False
Arxiv-Nomic-100K,b29,64,59,"46,991,3732,4177,4815",300,31,7,6,0.983,0.989,0.1033333333333333,0.0833333333333333,,,,0.1935483870967742,False
Arxiv-Nomic-100K,b29,64,60,"2266,3732,4177,4815",300,31,5,2,0.983,0.988,0.1033333333333333,0.0966666666666666,,,,0.064516129032258,False
Arxiv-Nomic-100K,b29,64,61,"46,2266,3732,4177,4815",300,31,7,5,0.983,0.989,0.1033333333333333,0.0866666666666666,,,,0.1612903225806451,False
Arxiv-Nomic-100K,b29,64,62,"991,2266,3732,4177,4815",300,31,6,3,0.983,0.9883333333333332,0.1033333333333333,0.0933333333333333,,,,0.0967741935483871,False
Arxiv-Nomic-100K,b29,64,63,"46,991,2266,3732,4177,4815",300,31,8,6,0.983,0.9893333333333332,0.1033333333333333,0.0833333333333333,,,,0.1935483870967742,False
Arxiv-Nomic-100K,b29,64,64,7001,300,31,3,2,0.983,0.987,0.1033333333333333,0.0966666666666666,,,,0.064516129032258,False
Arxiv-Nomic-100K,b29,64,65,"46,7001",300,31,7,4,0.983,0.9886666666666668,0.1033333333333333,0.09,,,,0.1290322580645161,False
Arxiv-Nomic-100K,b29,64,66,"991,7001",300,31,4,3,0.983,0.9873333333333332,0.1033333333333333,0.0933333333333333,,,,0.0967741935483871,False
Arxiv-Nomic-100K,b29,64,67,"46,991,7001",300,31,8,5,0.983,0.989,0.1033333333333333,0.0866666666666666,,,,0.1612903225806451,False
Arxiv-Nomic-100K,b29,64,68,"2266,7001",300,31,5,3,0.983,0.9876666666666668,0.1033333333333333,0.0933333333333333,,,,0.0967741935483871,False
Arxiv-Nomic-100K,b29,64,69,"46,2266,7001",300,31,9,5,0.983,0.9893333333333332,0.1033333333333333,0.0866666666666666,,,,0.1612903225806451,False
Arxiv-Nomic-100K,b29,64,70,"991,2266,7001",300,31,6,4,0.983,0.988,0.1033333333333333,0.09,,,,0.1290322580645161,False
Arxiv-Nomic-100K,b29,64,71,"46,991,2266,7001",300,31,10,6,0.983,0.9896666666666668,0.1033333333333333,0.0833333333333333,,,,0.1935483870967742,False
Arxiv-Nomic-100K,b29,64,72,"3732,7001",300,31,5,3,0.983,0.988,0.1033333333333333,0.0933333333333333,,,,0.0967741935483871,False
Arxiv-Nomic-100K,b29,64,73,"46,3732,7001",300,31,8,5,0.983,0.989,0.1033333333333333,0.0866666666666666,,,,0.1612903225806451,False
Arxiv-Nomic-100K,b29,64,74,"991,3732,7001",300,31,6,4,0.983,0.9883333333333332,0.1033333333333333,0.09,,,,0.1290322580645161,False
Arxiv-Nomic-100K,b29,64,75,"46,991,3732,7001",300,31,9,6,0.983,0.9893333333333332,0.1033333333333333,0.0833333333333333,,,,0.1935483870967742,False
Arxiv-Nomic-100K,b29,64,76,"2266,3732,7001",300,31,6,3,0.983,0.9883333333333332,0.1033333333333333,0.0933333333333333,,,,0.0967741935483871,False
Arxiv-Nomic-100K,b29,64,77,"46,2266,3732,7001",300,31,9,5,0.983,0.9893333333333332,0.1033333333333333,0.0866666666666666,,,,0.1612903225806451,False
Arxiv-Nomic-100K,b29,64,78,"991,2266,3732,7001",300,31,7,4,0.983,0.9886666666666668,0.1033333333333333,0.09,,,,0.1290322580645161,False
Arxiv-Nomic-100K,b29,64,79,"46,991,2266,3732,7001",300,31,10,6,0.983,0.9896666666666668,0.1033333333333333,0.0833333333333333,,,,0.1935483870967742,False
Arxiv-Nomic-100K,b29,64,80,"4177,7001",300,31,4,2,0.983,0.9873333333333332,0.1033333333333333,0.0966666666666666,,,,0.064516129032258,False
Arxiv-Nomic-100K,b29,64,81,"46,4177,7001",300,31,7,5,0.983,0.989,0.1033333333333333,0.0866666666666666,,,,0.1612903225806451,False
Arxiv-Nomic-100K,b29,64,82,"991,4177,7001",300,31,5,3,0.983,0.9876666666666668,0.1033333333333333,0.0933333333333333,,,,0.0967741935483871,False
Arxiv-Nomic-100K,b29,64,83,"46,991,4177,7001",300,31,8,6,0.983,0.9893333333333332,0.1033333333333333,0.0833333333333333,,,,0.1935483870967742,False
Arxiv-Nomic-100K,b29,64,84,"2266,4177,7001",300,31,6,3,0.983,0.988,0.1033333333333333,0.0933333333333333,,,,0.0967741935483871,False
Arxiv-Nomic-100K,b29,64,85,"46,2266,4177,7001",300,31,9,6,0.983,0.9896666666666668,0.1033333333333333,0.0833333333333333,,,,0.1935483870967742,False
Arxiv-Nomic-100K,b29,64,86,"991,2266,4177,7001",300,31,7,4,0.983,0.9883333333333332,0.1033333333333333,0.09,,,,0.1290322580645161,False
Arxiv-Nomic-100K,b29,64,87,"46,991,2266,4177,7001",300,31,10,7,0.983,0.99,0.1033333333333333,0.08,,,,0.2258064516129032,False
Arxiv-Nomic-100K,b29,64,88,"3732,4177,7001",300,31,6,3,0.983,0.9883333333333332,0.1033333333333333,0.0933333333333333,,,,0.0967741935483871,False
Arxiv-Nomic-100K,b29,64,89,"46,3732,4177,7001",300,31,8,6,0.983,0.9893333333333332,0.1033333333333333,0.0833333333333333,,,,0.1935483870967742,False
Arxiv-Nomic-100K,b29,64,90,"991,3732,4177,7001",300,31,7,4,0.983,0.9886666666666668,0.1033333333333333,0.09,,,,0.1290322580645161,False
Arxiv-Nomic-100K,b29,64,91,"46,991,3732,4177,7001",300,31,9,7,0.983,0.9896666666666668,0.1033333333333333,0.08,,,,0.2258064516129032,False
Arxiv-Nomic-100K,b29,64,92,"2266,3732,4177,7001",300,31,7,3,0.983,0.9886666666666668,0.1033333333333333,0.0933333333333333,,,,0.0967741935483871,False
Arxiv-Nomic-100K,b29,64,93,"46,2266,3732,4177,7001",300,31,9,6,0.983,0.9896666666666668,0.1033333333333333,0.0833333333333333,,,,0.1935483870967742,False
Arxiv-Nomic-100K,b29,64,94,"991,2266,3732,4177,7001",300,31,8,4,0.983,0.989,0.1033333333333333,0.09,,,,0.1290322580645161,False
Arxiv-Nomic-100K,b29,64,95,"46,991,2266,3732,4177,7001",300,31,10,7,0.983,0.99,0.1033333333333333,0.08,,,,0.2258064516129032,False
Arxiv-Nomic-100K,b29,64,96,"4815,7001",300,31,3,2,0.983,0.987,0.1033333333333333,0.0966666666666666,,,,0.064516129032258,False
Arxiv-Nomic-100K,b29,64,97,"46,4815,7001",300,31,7,4,0.983,0.9886666666666668,0.1033333333333333,0.09,,,,0.1290322580645161,False
Arxiv-Nomic-100K,b29,64,98,"991,4815,7001",300,31,4,3,0.983,0.9873333333333332,0.1033333333333333,0.0933333333333333,,,,0.0967741935483871,False
Arxiv-Nomic-100K,b29,64,99,"46,991,4815,7001",300,31,8,5,0.983,0.989,0.1033333333333333,0.0866666666666666,,,,0.1612903225806451,False
Arxiv-Nomic-100K,b29,64,100,"2266,4815,7001",300,31,5,3,0.983,0.9876666666666668,0.1033333333333333,0.0933333333333333,,,,0.0967741935483871,False
Arxiv-Nomic-100K,b29,64,101,"46,2266,4815,7001",300,31,9,5,0.983,0.9893333333333332,0.1033333333333333,0.0866666666666666,,,,0.1612903225806451,False
Arxiv-Nomic-100K,b29,64,102,"991,2266,4815,7001",300,31,6,4,0.983,0.988,0.1033333333333333,0.09,,,,0.1290322580645161,False
Arxiv-Nomic-100K,b29,64,103,"46,991,2266,4815,7001",300,31,10,6,0.983,0.9896666666666668,0.1033333333333333,0.0833333333333333,,,,0.1935483870967742,False
Arxiv-Nomic-100K,b29,64,104,"3732,4815,7001",300,31,5,3,0.983,0.988,0.1033333333333333,0.0933333333333333,,,,0.0967741935483871,False
Arxiv-Nomic-100K,b29,64,105,"46,3732,4815,7001",300,31,8,5,0.983,0.989,0.1033333333333333,0.0866666666666666,,,,0.1612903225806451,False
Arxiv-Nomic-100K,b29,64,106,"991,3732,4815,7001",300,31,6,4,0.983,0.9883333333333332,0.1033333333333333,0.09,,,,0.1290322580645161,False
Arxiv-Nomic-100K,b29,64,107,"46,991,3732,4815,7001",300,31,9,6,0.983,0.9893333333333332,0.1033333333333333,0.0833333333333333,,,,0.1935483870967742,False
Arxiv-Nomic-100K,b29,64,108,"2266,3732,4815,7001",300,31,6,3,0.983,0.9883333333333332,0.1033333333333333,0.0933333333333333,,,,0.0967741935483871,False
Arxiv-Nomic-100K,b29,64,109,"46,2266,3732,4815,7001",300,31,9,5,0.983,0.9893333333333332,0.1033333333333333,0.0866666666666666,,,,0.1612903225806451,False
Arxiv-Nomic-100K,b29,64,110,"991,2266,3732,4815,7001",300,31,7,4,0.983,0.9886666666666668,0.1033333333333333,0.09,,,,0.1290322580645161,False
Arxiv-Nomic-100K,b29,64,111,"46,991,2266,3732,4815,7001",300,31,10,6,0.983,0.9896666666666668,0.1033333333333333,0.0833333333333333,,,,0.1935483870967742,False
Arxiv-Nomic-100K,b29,64,112,"4177,4815,7001",300,31,4,2,0.983,0.9873333333333332,0.1033333333333333,0.0966666666666666,,,,0.064516129032258,False
Arxiv-Nomic-100K,b29,64,113,"46,4177,4815,7001",300,31,7,5,0.983,0.989,0.1033333333333333,0.0866666666666666,,,,0.1612903225806451,False
Arxiv-Nomic-100K,b29,64,114,"991,4177,4815,7001",300,31,5,3,0.983,0.9876666666666668,0.1033333333333333,0.0933333333333333,,,,0.0967741935483871,False
Arxiv-Nomic-100K,b29,64,115,"46,991,4177,4815,7001",300,31,8,6,0.983,0.9893333333333332,0.1033333333333333,0.0833333333333333,,,,0.1935483870967742,False
Arxiv-Nomic-100K,b29,64,116,"2266,4177,4815,7001",300,31,6,3,0.983,0.988,0.1033333333333333,0.0933333333333333,,,,0.0967741935483871,False
Arxiv-Nomic-100K,b29,64,117,"46,2266,4177,4815,7001",300,31,9,6,0.983,0.9896666666666668,0.1033333333333333,0.0833333333333333,,,,0.1935483870967742,False
Arxiv-Nomic-100K,b29,64,118,"991,2266,4177,4815,7001",300,31,7,4,0.983,0.9883333333333332,0.1033333333333333,0.09,,,,0.1290322580645161,False
Arxiv-Nomic-100K,b29,64,119,"46,991,2266,4177,4815,7001",300,31,10,7,0.983,0.99,0.1033333333333333,0.08,,,,0.2258064516129032,False
Arxiv-Nomic-100K,b29,64,120,"3732,4177,4815,7001",300,31,6,3,0.983,0.9883333333333332,0.1033333333333333,0.0933333333333333,,,,0.0967741935483871,False
Arxiv-Nomic-100K,b29,64,121,"46,3732,4177,4815,7001",300,31,8,6,0.983,0.9893333333333332,0.1033333333333333,0.0833333333333333,,,,0.1935483870967742,False
Arxiv-Nomic-100K,b29,64,122,"991,3732,4177,4815,7001",300,31,7,4,0.983,0.9886666666666668,0.1033333333333333,0.09,,,,0.1290322580645161,False
Arxiv-Nomic-100K,b29,64,123,"46,991,3732,4177,4815,7001",300,31,9,7,0.983,0.9896666666666668,0.1033333333333333,0.08,,,,0.2258064516129032,False
Arxiv-Nomic-100K,b29,64,124,"2266,3732,4177,4815,7001",300,31,7,3,0.983,0.9886666666666668,0.1033333333333333,0.0933333333333333,,,,0.0967741935483871,False
Arxiv-Nomic-100K,b29,64,125,"46,2266,3732,4177,4815,7001",300,31,9,6,0.983,0.9896666666666668,0.1033333333333333,0.0833333333333333,,,,0.1935483870967742,False
Arxiv-Nomic-100K,b29,64,126,"991,2266,3732,4177,4815,7001",300,31,8,4,0.983,0.989,0.1033333333333333,0.09,,,,0.1290322580645161,False
Arxiv-Nomic-100K,b29,64,127,"46,991,2266,3732,4177,4815,7001",300,31,10,7,0.983,0.99,0.1033333333333333,0.08,,,,0.2258064516129032,False
Arxiv-Nomic-100K,b29,64,128,8888,300,31,3,1,0.983,0.987,0.1033333333333333,0.1,,,,0.032258064516129,False
Arxiv-Nomic-100K,b29,64,129,"46,8888",300,31,6,3,0.983,0.9883333333333332,0.1033333333333333,0.0933333333333333,,,,0.0967741935483871,False
Arxiv-Nomic-100K,b29,64,130,"991,8888",300,31,4,2,0.983,0.9873333333333332,0.1033333333333333,0.0966666666666666,,,,0.064516129032258,False
Arxiv-Nomic-100K,b29,64,131,"46,991,8888",300,31,7,4,0.983,0.9886666666666668,0.1033333333333333,0.09,,,,0.1290322580645161,False
Arxiv-Nomic-100K,b29,64,132,"2266,8888",300,31,5,2,0.983,0.9876666666666668,0.1033333333333333,0.0966666666666666,,,,0.064516129032258,False
Arxiv-Nomic-100K,b29,64,133,"46,2266,8888",300,31,8,4,0.983,0.989,0.1033333333333333,0.09,,,,0.1290322580645161,False
Arxiv-Nomic-100K,b29,64,134,"991,2266,8888",300,31,6,3,0.983,0.988,0.1033333333333333,0.0933333333333333,,,,0.0967741935483871,False
Arxiv-Nomic-100K,b29,64,135,"46,991,2266,8888",300,31,9,5,0.983,0.9893333333333332,0.1033333333333333,0.0866666666666666,,,,0.1612903225806451,False
Arxiv-Nomic-100K,b29,64,136,"3732,8888",300,31,5,2,0.983,0.988,0.1033333333333333,0.0966666666666666,,,,0.064516129032258,False
Arxiv-Nomic-100K,b29,64,137,"46,3732,8888",300,31,7,4,0.983,0.9886666666666668,0.1033333333333333,0.09,,,,0.1290322580645161,False
Arxiv-Nomic-100K,b29,64,138,"991,3732,8888",300,31,6,3,0.983,0.9883333333333332,0.1033333333333333,0.0933333333333333,,,,0.0967741935483871,False
Arxiv-Nomic-100K,b29,64,139,"46,991,3732,8888",300,31,8,5,0.983,0.989,0.1033333333333333,0.0866666666666666,,,,0.1612903225806451,False
Arxiv-Nomic-100K,b29,64,140,"2266,3732,8888",300,31,6,2,0.983,0.9883333333333332,0.1033333333333333,0.0966666666666666,,,,0.064516129032258,False
Arxiv-Nomic-100K,b29,64,141,"46,2266,3732,8888",300,31,8,4,0.983,0.989,0.1033333333333333,0.09,,,,0.1290322580645161,False
Arxiv-Nomic-100K,b29,64,142,"991,2266,3732,8888",300,31,7,3,0.983,0.9886666666666668,0.1033333333333333,0.0933333333333333,,,,0.0967741935483871,False
Arxiv-Nomic-100K,b29,64,143,"46,991,2266,3732,8888",300,31,9,5,0.983,0.9893333333333332,0.1033333333333333,0.0866666666666666,,,,0.1612903225806451,False
Arxiv-Nomic-100K,b29,64,144,"4177,8888",300,31,3,2,0.983,0.9873333333333332,0.1033333333333333,0.0966666666666666,,,,0.064516129032258,False
Arxiv-Nomic-100K,b29,64,145,"46,4177,8888",300,31,6,4,0.983,0.9886666666666668,0.1033333333333333,0.09,,,,0.1290322580645161,False
Arxiv-Nomic-100K,b29,64,146,"991,4177,8888",300,31,4,3,0.983,0.9876666666666668,0.1033333333333333,0.0933333333333333,,,,0.0967741935483871,False
Arxiv-Nomic-100K,b29,64,147,"46,991,4177,8888",300,31,7,5,0.983,0.989,0.1033333333333333,0.0866666666666666,,,,0.1612903225806451,False
Arxiv-Nomic-100K,b29,64,148,"2266,4177,8888",300,31,5,3,0.983,0.988,0.1033333333333333,0.0933333333333333,,,,0.0967741935483871,False
Arxiv-Nomic-100K,b29,64,149,"46,2266,4177,8888",300,31,8,5,0.983,0.9893333333333332,0.1033333333333333,0.0866666666666666,,,,0.1612903225806451,False
Arxiv-Nomic-100K,b29,64,150,"991,2266,4177,8888",300,31,6,4,0.983,0.9883333333333332,0.1033333333333333,0.09,,,,0.1290322580645161,False
Arxiv-Nomic-100K,b29,64,151,"46,991,2266,4177,8888",300,31,9,6,0.983,0.9896666666666668,0.1033333333333333,0.0833333333333333,,,,0.1935483870967742,False
Arxiv-Nomic-100K,b29,64,152,"3732,4177,8888",300,31,5,3,0.983,0.9883333333333332,0.1033333333333333,0.0933333333333333,,,,0.0967741935483871,False
Arxiv-Nomic-100K,b29,64,153,"46,3732,4177,8888",300,31,7,5,0.983,0.989,0.1033333333333333,0.0866666666666666,,,,0.1612903225806451,False
Arxiv-Nomic-100K,b29,64,154,"991,3732,4177,8888",300,31,6,4,0.983,0.9886666666666668,0.1033333333333333,0.09,,,,0.1290322580645161,False
Arxiv-Nomic-100K,b29,64,155,"46,991,3732,4177,8888",300,31,8,6,0.983,0.9893333333333332,0.1033333333333333,0.0833333333333333,,,,0.1935483870967742,False
Arxiv-Nomic-100K,b29,64,156,"2266,3732,4177,8888",300,31,6,3,0.983,0.9886666666666668,0.1033333333333333,0.0933333333333333,,,,0.0967741935483871,False
Arxiv-Nomic-100K,b29,64,157,"46,2266,3732,4177,8888",300,31,8,5,0.983,0.9893333333333332,0.1033333333333333,0.0866666666666666,,,,0.1612903225806451,False
Arxiv-Nomic-100K,b29,64,158,"991,2266,3732,4177,8888",300,31,7,4,0.983,0.989,0.1033333333333333,0.09,,,,0.1290322580645161,False
Arxiv-Nomic-100K,b29,64,159,"46,991,2266,3732,4177,8888",300,31,9,6,0.983,0.9896666666666668,0.1033333333333333,0.0833333333333333,,,,0.1935483870967742,False
Arxiv-Nomic-100K,b29,64,160,"4815,8888",300,31,3,1,0.983,0.987,0.1033333333333333,0.1,,,,0.032258064516129,False
Arxiv-Nomic-100K,b29,64,161,"46,4815,8888",300,31,6,3,0.983,0.9883333333333332,0.1033333333333333,0.0933333333333333,,,,0.0967741935483871,False
Arxiv-Nomic-100K,b29,64,162,"991,4815,8888",300,31,4,2,0.983,0.9873333333333332,0.1033333333333333,0.0966666666666666,,,,0.064516129032258,False
Arxiv-Nomic-100K,b29,64,163,"46,991,4815,8888",300,31,7,4,0.983,0.9886666666666668,0.1033333333333333,0.09,,,,0.1290322580645161,False
Arxiv-Nomic-100K,b29,64,164,"2266,4815,8888",300,31,5,2,0.983,0.9876666666666668,0.1033333333333333,0.0966666666666666,,,,0.064516129032258,False
Arxiv-Nomic-100K,b29,64,165,"46,2266,4815,8888",300,31,8,4,0.983,0.989,0.1033333333333333,0.09,,,,0.1290322580645161,False
Arxiv-Nomic-100K,b29,64,166,"991,2266,4815,8888",300,31,6,3,0.983,0.988,0.1033333333333333,0.0933333333333333,,,,0.0967741935483871,False
Arxiv-Nomic-100K,b29,64,167,"46,991,2266,4815,8888",300,31,9,5,0.983,0.9893333333333332,0.1033333333333333,0.0866666666666666,,,,0.1612903225806451,False
Arxiv-Nomic-100K,b29,64,168,"3732,4815,8888",300,31,5,2,0.983,0.988,0.1033333333333333,0.0966666666666666,,,,0.064516129032258,False
Arxiv-Nomic-100K,b29,64,169,"46,3732,4815,8888",300,31,7,4,0.983,0.9886666666666668,0.1033333333333333,0.09,,,,0.1290322580645161,False
Arxiv-Nomic-100K,b29,64,170,"991,3732,4815,8888",300,31,6,3,0.983,0.9883333333333332,0.1033333333333333,0.0933333333333333,,,,0.0967741935483871,False
Arxiv-Nomic-100K,b29,64,171,"46,991,3732,4815,8888",300,31,8,5,0.983,0.989,0.1033333333333333,0.0866666666666666,,,,0.1612903225806451,False
Arxiv-Nomic-100K,b29,64,172,"2266,3732,4815,8888",300,31,6,2,0.983,0.9883333333333332,0.1033333333333333,0.0966666666666666,,,,0.064516129032258,False
Arxiv-Nomic-100K,b29,64,173,"46,2266,3732,4815,8888",300,31,8,4,0.983,0.989,0.1033333333333333,0.09,,,,0.1290322580645161,False
Arxiv-Nomic-100K,b29,64,174,"991,2266,3732,4815,8888",300,31,7,3,0.983,0.9886666666666668,0.1033333333333333,0.0933333333333333,,,,0.0967741935483871,False
Arxiv-Nomic-100K,b29,64,175,"46,991,2266,3732,4815,8888",300,31,9,5,0.983,0.9893333333333332,0.1033333333333333,0.0866666666666666,,,,0.1612903225806451,False
Arxiv-Nomic-100K,b29,64,176,"4177,4815,8888",300,31,3,2,0.983,0.9873333333333332,0.1033333333333333,0.0966666666666666,,,,0.064516129032258,False
Arxiv-Nomic-100K,b29,64,177,"46,4177,4815,8888",300,31,6,4,0.983,0.9886666666666668,0.1033333333333333,0.09,,,,0.1290322580645161,False
Arxiv-Nomic-100K,b29,64,178,"991,4177,4815,8888",300,31,4,3,0.983,0.9876666666666668,0.1033333333333333,0.0933333333333333,,,,0.0967741935483871,False
Arxiv-Nomic-100K,b29,64,179,"46,991,4177,4815,8888",300,31,7,5,0.983,0.989,0.1033333333333333,0.0866666666666666,,,,0.1612903225806451,False
Arxiv-Nomic-100K,b29,64,180,"2266,4177,4815,8888",300,31,5,3,0.983,0.988,0.1033333333333333,0.0933333333333333,,,,0.0967741935483871,False
Arxiv-Nomic-100K,b29,64,181,"46,2266,4177,4815,8888",300,31,8,5,0.983,0.9893333333333332,0.1033333333333333,0.0866666666666666,,,,0.1612903225806451,False
Arxiv-Nomic-100K,b29,64,182,"991,2266,4177,4815,8888",300,31,6,4,0.983,0.9883333333333332,0.1033333333333333,0.09,,,,0.1290322580645161,False
Arxiv-Nomic-100K,b29,64,183,"46,991,2266,4177,4815,8888",300,31,9,6,0.983,0.9896666666666668,0.1033333333333333,0.0833333333333333,,,,0.1935483870967742,False
Arxiv-Nomic-100K,b29,64,184,"3732,4177,4815,8888",300,31,5,3,0.983,0.9883333333333332,0.1033333333333333,0.0933333333333333,,,,0.0967741935483871,False
Arxiv-Nomic-100K,b29,64,185,"46,3732,4177,4815,8888",300,31,7,5,0.983,0.989,0.1033333333333333,0.0866666666666666,,,,0.1612903225806451,False
Arxiv-Nomic-100K,b29,64,186,"991,3732,4177,4815,8888",300,31,6,4,0.983,0.9886666666666668,0.1033333333333333,0.09,,,,0.1290322580645161,False
Arxiv-Nomic-100K,b29,64,187,"46,991,3732,4177,4815,8888",300,31,8,6,0.983,0.9893333333333332,0.1033333333333333,0.0833333333333333,,,,0.1935483870967742,False
Arxiv-Nomic-100K,b29,64,188,"2266,3732,4177,4815,8888",300,31,6,3,0.983,0.9886666666666668,0.1033333333333333,0.0933333333333333,,,,0.0967741935483871,False
Arxiv-Nomic-100K,b29,64,189,"46,2266,3732,4177,4815,8888",300,31,8,5,0.983,0.9893333333333332,0.1033333333333333,0.0866666666666666,,,,0.1612903225806451,False
Arxiv-Nomic-100K,b29,64,190,"991,2266,3732,4177,4815,8888",300,31,7,4,0.983,0.989,0.1033333333333333,0.09,,,,0.1290322580645161,False
Arxiv-Nomic-100K,b29,64,191,"46,991,2266,3732,4177,4815,8888",300,31,9,6,0.983,0.9896666666666668,0.1033333333333333,0.0833333333333333,,,,0.1935483870967742,False
Arxiv-Nomic-100K,b29,64,192,"7001,8888",300,31,5,2,0.983,0.9876666666666668,0.1033333333333333,0.0966666666666666,,,,0.064516129032258,False
Arxiv-Nomic-100K,b29,64,193,"46,7001,8888",300,31,8,4,0.983,0.989,0.1033333333333333,0.09,,,,0.1290322580645161,False
Arxiv-Nomic-100K,b29,64,194,"991,7001,8888",300,31,6,3,0.983,0.988,0.1033333333333333,0.0933333333333333,,,,0.0967741935483871,False
Arxiv-Nomic-100K,b29,64,195,"46,991,7001,8888",300,31,9,5,0.983,0.9893333333333332,0.1033333333333333,0.0866666666666666,,,,0.1612903225806451,False
Arxiv-Nomic-100K,b29,64,196,"2266,7001,8888",300,31,7,3,0.983,0.9883333333333332,0.1033333333333333,0.0933333333333333,,,,0.0967741935483871,False
Arxiv-Nomic-100K,b29,64,197,"46,2266,7001,8888",300,31,10,5,0.983,0.9896666666666668,0.1033333333333333,0.0866666666666666,,,,0.1612903225806451,False
Arxiv-Nomic-100K,b29,64,198,"991,2266,7001,8888",300,31,8,4,0.983,0.9886666666666668,0.1033333333333333,0.09,,,,0.1290322580645161,False
Arxiv-Nomic-100K,b29,64,199,"46,991,2266,7001,8888",300,31,11,6,0.983,0.99,0.1033333333333333,0.0833333333333333,,,,0.1935483870967742,False
Arxiv-Nomic-100K,b29,64,200,"3732,7001,8888",300,31,7,3,0.983,0.9886666666666668,0.1033333333333333,0.0933333333333333,,,,0.0967741935483871,False
Arxiv-Nomic-100K,b29,64,201,"46,3732,7001,8888",300,31,9,5,0.983,0.9893333333333332,0.1033333333333333,0.0866666666666666,,,,0.1612903225806451,False
Arxiv-Nomic-100K,b29,64,202,"991,3732,7001,8888",300,31,8,4,0.983,0.989,0.1033333333333333,0.09,,,,0.1290322580645161,False
Arxiv-Nomic-100K,b29,64,203,"46,991,3732,7001,8888",300,31,10,6,0.983,0.9896666666666668,0.1033333333333333,0.0833333333333333,,,,0.1935483870967742,False
Arxiv-Nomic-100K,b29,64,204,"2266,3732,7001,8888",300,31,8,3,0.983,0.989,0.1033333333333333,0.0933333333333333,,,,0.0967741935483871,False
Arxiv-Nomic-100K,b29,64,205,"46,2266,3732,7001,8888",300,31,10,5,0.983,0.9896666666666668,0.1033333333333333,0.0866666666666666,,,,0.1612903225806451,False
Arxiv-Nomic-100K,b29,64,206,"991,2266,3732,7001,8888",300,31,9,4,0.983,0.9893333333333332,0.1033333333333333,0.09,,,,0.1290322580645161,False
Arxiv-Nomic-100K,b29,64,207,"46,991,2266,3732,7001,8888",300,31,11,6,0.983,0.99,0.1033333333333333,0.0833333333333333,,,,0.1935483870967742,False
Arxiv-Nomic-100K,b29,64,208,"4177,7001,8888",300,31,5,3,0.983,0.988,0.1033333333333333,0.0933333333333333,,,,0.0967741935483871,False
Arxiv-Nomic-100K,b29,64,209,"46,4177,7001,8888",300,31,8,5,0.983,0.9893333333333332,0.1033333333333333,0.0866666666666666,,,,0.1612903225806451,False
Arxiv-Nomic-100K,b29,64,210,"991,4177,7001,8888",300,31,6,4,0.983,0.9883333333333332,0.1033333333333333,0.09,,,,0.1290322580645161,False
Arxiv-Nomic-100K,b29,64,211,"46,991,4177,7001,8888",300,31,9,6,0.983,0.9896666666666668,0.1033333333333333,0.0833333333333333,,,,0.1935483870967742,False
Arxiv-Nomic-100K,b29,64,212,"2266,4177,7001,8888",300,31,7,4,0.983,0.9886666666666668,0.1033333333333333,0.09,,,,0.1290322580645161,False
Arxiv-Nomic-100K,b29,64,213,"46,2266,4177,7001,8888",300,31,10,6,0.983,0.99,0.1033333333333333,0.0833333333333333,,,,0.1935483870967742,False
Arxiv-Nomic-100K,b29,64,214,"991,2266,4177,7001,8888",300,31,8,5,0.983,0.989,0.1033333333333333,0.0866666666666666,,,,0.1612903225806451,False
Arxiv-Nomic-100K,b29,64,215,"46,991,2266,4177,7001,8888",300,31,11,7,0.983,0.9903333333333334,0.1033333333333333,0.08,,,,0.2258064516129032,False
Arxiv-Nomic-100K,b29,64,216,"3732,4177,7001,8888",300,31,7,4,0.983,0.989,0.1033333333333333,0.09,,,,0.1290322580645161,False
Arxiv-Nomic-100K,b29,64,217,"46,3732,4177,7001,8888",300,31,9,6,0.983,0.9896666666666668,0.1033333333333333,0.0833333333333333,,,,0.1935483870967742,False
Arxiv-Nomic-100K,b29,64,218,"991,3732,4177,7001,8888",300,31,8,5,0.983,0.9893333333333332,0.1033333333333333,0.0866666666666666,,,,0.1612903225806451,False
Arxiv-Nomic-100K,b29,64,219,"46,991,3732,4177,7001,8888",300,31,10,7,0.983,0.99,0.1033333333333333,0.08,,,,0.2258064516129032,False
Arxiv-Nomic-100K,b29,64,220,"2266,3732,4177,7001,8888",300,31,8,4,0.983,0.9893333333333332,0.1033333333333333,0.09,,,,0.1290322580645161,False
Arxiv-Nomic-100K,b29,64,221,"46,2266,3732,4177,7001,8888",300,31,10,6,0.983,0.99,0.1033333333333333,0.0833333333333333,,,,0.1935483870967742,False
Arxiv-Nomic-100K,b29,64,222,"991,2266,3732,4177,7001,8888",300,31,9,5,0.983,0.9896666666666668,0.1033333333333333,0.0866666666666666,,,,0.1612903225806451,False
Arxiv-Nomic-100K,b29,64,223,"46,991,2266,3732,4177,7001,8888",300,31,11,7,0.983,0.9903333333333334,0.1033333333333333,0.08,,,,0.2258064516129032,False
Arxiv-Nomic-100K,b29,64,224,"4815,7001,8888",300,31,5,2,0.983,0.9876666666666668,0.1033333333333333,0.0966666666666666,,,,0.064516129032258,False
Arxiv-Nomic-100K,b29,64,225,"46,4815,7001,8888",300,31,8,4,0.983,0.989,0.1033333333333333,0.09,,,,0.1290322580645161,False
Arxiv-Nomic-100K,b29,64,226,"991,4815,7001,8888",300,31,6,3,0.983,0.988,0.1033333333333333,0.0933333333333333,,,,0.0967741935483871,False
Arxiv-Nomic-100K,b29,64,227,"46,991,4815,7001,8888",300,31,9,5,0.983,0.9893333333333332,0.1033333333333333,0.0866666666666666,,,,0.1612903225806451,False
Arxiv-Nomic-100K,b29,64,228,"2266,4815,7001,8888",300,31,7,3,0.983,0.9883333333333332,0.1033333333333333,0.0933333333333333,,,,0.0967741935483871,False
Arxiv-Nomic-100K,b29,64,229,"46,2266,4815,7001,8888",300,31,10,5,0.983,0.9896666666666668,0.1033333333333333,0.0866666666666666,,,,0.1612903225806451,False
Arxiv-Nomic-100K,b29,64,230,"991,2266,4815,7001,8888",300,31,8,4,0.983,0.9886666666666668,0.1033333333333333,0.09,,,,0.1290322580645161,False
Arxiv-Nomic-100K,b29,64,231,"46,991,2266,4815,7001,8888",300,31,11,6,0.983,0.99,0.1033333333333333,0.0833333333333333,,,,0.1935483870967742,False
Arxiv-Nomic-100K,b29,64,232,"3732,4815,7001,8888",300,31,7,3,0.983,0.9886666666666668,0.1033333333333333,0.0933333333333333,,,,0.0967741935483871,False
Arxiv-Nomic-100K,b29,64,233,"46,3732,4815,7001,8888",300,31,9,5,0.983,0.9893333333333332,0.1033333333333333,0.0866666666666666,,,,0.1612903225806451,False
Arxiv-Nomic-100K,b29,64,234,"991,3732,4815,7001,8888",300,31,8,4,0.983,0.989,0.1033333333333333,0.09,,,,0.1290322580645161,False
Arxiv-Nomic-100K,b29,64,235,"46,991,3732,4815,7001,8888",300,31,10,6,0.983,0.9896666666666668,0.1033333333333333,0.0833333333333333,,,,0.1935483870967742,False
Arxiv-Nomic-100K,b29,64,236,"2266,3732,4815,7001,8888",300,31,8,3,0.983,0.989,0.1033333333333333,0.0933333333333333,,,,0.0967741935483871,False
Arxiv-Nomic-100K,b29,64,237,"46,2266,3732,4815,7001,8888",300,31,10,5,0.983,0.9896666666666668,0.1033333333333333,0.0866666666666666,,,,0.1612903225806451,False
Arxiv-Nomic-100K,b29,64,238,"991,2266,3732,4815,7001,8888",300,31,9,4,0.983,0.9893333333333332,0.1033333333333333,0.09,,,,0.1290322580645161,False
Arxiv-Nomic-100K,b29,64,239,"46,991,2266,3732,4815,7001,8888",300,31,11,6,0.983,0.99,0.1033333333333333,0.0833333333333333,,,,0.1935483870967742,False
Arxiv-Nomic-100K,b29,64,240,"4177,4815,7001,8888",300,31,5,3,0.983,0.988,0.1033333333333333,0.0933333333333333,,,,0.0967741935483871,False
Arxiv-Nomic-100K,b29,64,241,"46,4177,4815,7001,8888",300,31,8,5,0.983,0.9893333333333332,0.1033333333333333,0.0866666666666666,,,,0.1612903225806451,False
Arxiv-Nomic-100K,b29,64,242,"991,4177,4815,7001,8888",300,31,6,4,0.983,0.9883333333333332,0.1033333333333333,0.09,,,,0.1290322580645161,False
Arxiv-Nomic-100K,b29,64,243,"46,991,4177,4815,7001,8888",300,31,9,6,0.983,0.9896666666666668,0.1033333333333333,0.0833333333333333,,,,0.1935483870967742,False
Arxiv-Nomic-100K,b29,64,244,"2266,4177,4815,7001,8888",300,31,7,4,0.983,0.9886666666666668,0.1033333333333333,0.09,,,,0.1290322580645161,False
Arxiv-Nomic-100K,b29,64,245,"46,2266,4177,4815,7001,8888",300,31,10,6,0.983,0.99,0.1033333333333333,0.0833333333333333,,,,0.1935483870967742,False
Arxiv-Nomic-100K,b29,64,246,"991,2266,4177,4815,7001,8888",300,31,8,5,0.983,0.989,0.1033333333333333,0.0866666666666666,,,,0.1612903225806451,False
Arxiv-Nomic-100K,b29,64,247,"46,991,2266,4177,4815,7001,8888",300,31,11,7,0.983,0.9903333333333334,0.1033333333333333,0.08,,,,0.2258064516129032,False
Arxiv-Nomic-100K,b29,64,248,"3732,4177,4815,7001,8888",300,31,7,4,0.983,0.989,0.1033333333333333,0.09,,,,0.1290322580645161,False
Arxiv-Nomic-100K,b29,64,249,"46,3732,4177,4815,7001,8888",300,31,9,6,0.983,0.9896666666666668,0.1033333333333333,0.0833333333333333,,,,0.1935483870967742,False
Arxiv-Nomic-100K,b29,64,250,"991,3732,4177,4815,7001,8888",300,31,8,5,0.983,0.9893333333333332,0.1033333333333333,0.0866666666666666,,,,0.1612903225806451,False
Arxiv-Nomic-100K,b29,64,251,"46,991,3732,4177,4815,7001,8888",300,31,10,7,0.983,0.99,0.1033333333333333,0.08,,,,0.2258064516129032,False
Arxiv-Nomic-100K,b29,64,252,"2266,3732,4177,4815,7001,8888",300,31,8,4,0.983,0.9893333333333332,0.1033333333333333,0.09,,,,0.1290322580645161,False
Arxiv-Nomic-100K,b29,64,253,"46,2266,3732,4177,4815,7001,8888",300,31,10,6,0.983,0.99,0.1033333333333333,0.0833333333333333,,,,0.1935483870967742,False
Arxiv-Nomic-100K,b29,64,254,"991,2266,3732,4177,4815,7001,8888",300,31,9,5,0.983,0.9896666666666668,0.1033333333333333,0.0866666666666666,,,,0.1612903225806451,False
Arxiv-Nomic-100K,b29,64,255,"46,991,2266,3732,4177,4815,7001,8888",300,31,11,7,0.983,0.9903333333333334,0.1033333333333333,0.08,,,,0.2258064516129032,False
Arxiv-Nomic-100K,b7,8,0,EMPTY,300,208,0,0,0.8173333333333334,0.8173333333333334,0.6933333333333334,0.6933333333333334,24.375,24.375,20.930416666666662,0.0,True
Arxiv-Nomic-100K,b7,8,1,46,300,208,65,24,0.8173333333333334,0.8566666666666667,0.6933333333333334,0.6133333333333333,,,,0.1153846153846153,False
Arxiv-Nomic-100K,b7,8,2,991,300,208,56,16,0.8173333333333334,0.8550000000000001,0.6933333333333334,0.64,,,,0.0769230769230769,False
Arxiv-Nomic-100K,b7,8,3,"46,991",300,208,96,34,0.8173333333333334,0.8803333333333333,0.6933333333333334,0.58,,,,0.1634615384615384,False
Arxiv-Nomic-100K,b7,8,4,2266,300,208,61,22,0.8173333333333334,0.86,0.6933333333333334,0.62,,,,0.1057692307692307,False
Arxiv-Nomic-100K,b7,8,5,"46,2266",300,208,102,46,0.8173333333333334,0.8906666666666666,0.6933333333333334,0.54,,,,0.2211538461538461,False
Arxiv-Nomic-100K,b7,8,6,"991,2266",300,208,91,33,0.8173333333333334,0.8793333333333333,0.6933333333333334,0.5833333333333334,,,,0.1586538461538461,False
Arxiv-Nomic-100K,b7,8,7,"46,991,2266",300,208,119,52,0.8173333333333334,0.901,0.6933333333333334,0.52,,,,0.25,False
Arxiv-Nomic-100K,b7,8,8,3732,300,208,55,18,0.8173333333333334,0.8573333333333334,0.6933333333333334,0.6333333333333333,,,,0.0865384615384615,False
Arxiv-Nomic-100K,b7,8,9,"46,3732",300,208,99,42,0.8173333333333334,0.8883333333333333,0.6933333333333334,0.5533333333333333,,,,0.2019230769230769,False
Arxiv-Nomic-100K,b7,8,10,"991,3732",300,208,94,32,0.8173333333333334,0.8823333333333334,0.6933333333333334,0.5866666666666667,,,,0.1538461538461538,False
Arxiv-Nomic-100K,b7,8,11,"46,991,3732",300,208,122,50,0.8173333333333334,0.902,0.6933333333333334,0.5266666666666666,,,,0.2403846153846154,False
Arxiv-Nomic-100K,b7,8,12,"2266,3732",300,208,94,36,0.8173333333333334,0.885,0.6933333333333334,0.5733333333333334,,,,0.173076923076923,False
Arxiv-Nomic-100K,b7,8,13,"46,2266,3732",300,208,125,60,0.8173333333333334,0.909,0.6933333333333334,0.4933333333333333,,,,0.2884615384615384,False
Arxiv-Nomic-100K,b7,8,14,"991,2266,3732",300,208,118,48,0.8173333333333334,0.9006666666666666,0.6933333333333334,0.5333333333333333,,,,0.2307692307692307,False
Arxiv-Nomic-100K,b7,8,15,"46,991,2266,3732",300,208,139,66,0.8173333333333334,0.9173333333333332,0.6933333333333334,0.4733333333333333,,,,0.3173076923076923,False
Arxiv-Nomic-100K,b7,8,16,4177,300,208,70,25,0.8173333333333334,0.8619999999999999,0.6933333333333334,0.61,,,,0.1201923076923077,False
Arxiv-Nomic-100K,b7,8,17,"46,4177",300,208,106,45,0.8173333333333334,0.8903333333333334,0.6933333333333334,0.5433333333333333,,,,0.2163461538461538,False
Arxiv-Nomic-100K,b7,8,18,"991,4177",300,208,102,38,0.8173333333333334,0.8846666666666666,0.6933333333333334,0.5666666666666667,,,,0.1826923076923076,False
Arxiv-Nomic-100K,b7,8,19,"46,991,4177",300,208,127,53,0.8173333333333334,0.9043333333333332,0.6933333333333334,0.5166666666666667,,,,0.2548076923076923,False
Arxiv-Nomic-100K,b7,8,20,"2266,4177",300,208,100,39,0.8173333333333334,0.8876666666666667,0.6933333333333334,0.5633333333333334,,,,0.1875,False
Arxiv-Nomic-100K,b7,8,21,"46,2266,4177",300,208,124,61,0.8173333333333334,0.911,0.6933333333333334,0.49,,,,0.2932692307692308,False
Arxiv-Nomic-100K,b7,8,22,"991,2266,4177",300,208,122,50,0.8173333333333334,0.9013333333333332,0.6933333333333334,0.5266666666666666,,,,0.2403846153846154,False
Arxiv-Nomic-100K,b7,8,23,"46,991,2266,4177",300,208,138,67,0.8173333333333334,0.918,0.6933333333333334,0.47,,,,0.3221153846153846,False
Arxiv-Nomic-100K,b7,8,24,"3732,4177",300,208,99,39,0.8173333333333334,0.8846666666666666,0.6933333333333334,0.5633333333333334,,,,0.1875,False
Arxiv-Nomic-100K,b7,8,25,"46,3732,4177",300,208,127,59,0.8173333333333334,0.9073333333333334,0.6933333333333334,0.4966666666666666,,,,0.2836538461538461,False
Arxiv-Nomic-100K,b7,8,26,"991,3732,4177",300,208,124,51,0.8173333333333334,0.9013333333333332,0.6933333333333334,0.5233333333333333,,,,0.2451923076923076,False
Arxiv-Nomic-100K,b7,8,27,"46,991,3732,4177",300,208,143,66,0.8173333333333334,0.9163333333333334,0.6933333333333334,0.4733333333333333,,,,0.3173076923076923,False
Arxiv-Nomic-100K,b7,8,28,"2266,3732,4177",300,208,119,54,0.8173333333333334,0.9016666666666668,0.6933333333333334,0.5133333333333333,,,,0.2596153846153846,False
Arxiv-Nomic-100K,b7,8,29,"46,2266,3732,4177",300,208,140,74,0.8173333333333334,0.9203333333333332,0.6933333333333334,0.4466666666666666,,,,0.3557692307692308,False
Arxiv-Nomic-100K,b7,8,30,"991,2266,3732,4177",300,208,137,65,0.8173333333333334,0.9143333333333332,0.6933333333333334,0.4766666666666667,,,,0.3125,False
Arxiv-Nomic-100K,b7,8,31,"46,991,2266,3732,4177",300,208,151,80,0.8173333333333334,0.9266666666666667,0.6933333333333334,0.4266666666666667,,,,0.3846153846153846,False
Arxiv-Nomic-100K,b7,8,32,4815,300,208,63,21,0.8173333333333334,0.8596666666666666,0.6933333333333334,0.6233333333333333,,,,0.1009615384615384,False
Arxiv-Nomic-100K,b7,8,33,"46,4815",300,208,99,41,0.8173333333333334,0.8873333333333333,0.6933333333333334,0.5566666666666666,,,,0.1971153846153846,False
Arxiv-Nomic-100K,b7,8,34,"991,4815",300,208,93,33,0.8173333333333334,0.8796666666666667,0.6933333333333334,0.5833333333333334,,,,0.1586538461538461,False
Arxiv-Nomic-100K,b7,8,35,"46,991,4815",300,208,118,50,0.8173333333333334,0.8996666666666666,0.6933333333333334,0.5266666666666666,,,,0.2403846153846154,False
Arxiv-Nomic-100K,b7,8,36,"2266,4815",300,208,98,38,0.8173333333333334,0.8866666666666667,0.6933333333333334,0.5666666666666667,,,,0.1826923076923076,False
Arxiv-Nomic-100K,b7,8,37,"46,2266,4815",300,208,123,60,0.8173333333333334,0.9083333333333334,0.6933333333333334,0.4933333333333333,,,,0.2884615384615384,False
Arxiv-Nomic-100K,b7,8,38,"991,2266,4815",300,208,115,45,0.8173333333333334,0.897,0.6933333333333334,0.5433333333333333,,,,0.2163461538461538,False
Arxiv-Nomic-100K,b7,8,39,"46,991,2266,4815",300,208,134,65,0.8173333333333334,0.9146666666666666,0.6933333333333334,0.4766666666666667,,,,0.3125,False
Arxiv-Nomic-100K,b7,8,40,"3732,4815",300,208,95,36,0.8173333333333334,0.8833333333333334,0.6933333333333334,0.5733333333333334,,,,0.173076923076923,False
Arxiv-Nomic-100K,b7,8,41,"46,3732,4815",300,208,122,55,0.8173333333333334,0.9043333333333332,0.6933333333333334,0.51,,,,0.2644230769230769,False
Arxiv-Nomic-100K,b7,8,42,"991,3732,4815",300,208,119,46,0.8173333333333334,0.9,0.6933333333333334,0.54,,,,0.2211538461538461,False
Arxiv-Nomic-100K,b7,8,43,"46,991,3732,4815",300,208,138,62,0.8173333333333334,0.9153333333333334,0.6933333333333334,0.4866666666666667,,,,0.2980769230769231,False
Arxiv-Nomic-100K,b7,8,44,"2266,3732,4815",300,208,123,50,0.8173333333333334,0.9063333333333332,0.6933333333333334,0.5266666666666666,,,,0.2403846153846154,False
Arxiv-Nomic-100K,b7,8,45,"46,2266,3732,4815",300,208,142,71,0.8173333333333334,0.922,0.6933333333333334,0.4566666666666666,,,,0.3413461538461538,False
Arxiv-Nomic-100K,b7,8,46,"991,2266,3732,4815",300,208,136,57,0.8173333333333334,0.915,0.6933333333333334,0.5033333333333333,,,,0.2740384615384615,False
Arxiv-Nomic-100K,b7,8,47,"46,991,2266,3732,4815",300,208,151,75,0.8173333333333334,0.928,0.6933333333333334,0.4433333333333333,,,,0.3605769230769231,False
Arxiv-Nomic-100K,b7,8,48,"4177,4815",300,208,103,43,0.8173333333333334,0.8903333333333334,0.6933333333333334,0.55,,,,0.2067307692307692,False
Arxiv-Nomic-100K,b7,8,49,"46,4177,4815",300,208,128,59,0.8173333333333334,0.9103333333333332,0.6933333333333334,0.4966666666666666,,,,0.2836538461538461,False
Arxiv-Nomic-100K,b7,8,50,"991,4177,4815",300,208,124,54,0.8173333333333334,0.903,0.6933333333333334,0.5133333333333333,,,,0.2596153846153846,False
Arxiv-Nomic-100K,b7,8,51,"46,991,4177,4815",300,208,143,67,0.8173333333333334,0.9193333333333332,0.6933333333333334,0.47,,,,0.3221153846153846,False
Arxiv-Nomic-100K,b7,8,52,"2266,4177,4815",300,208,121,56,0.8173333333333334,0.9063333333333332,0.6933333333333334,0.5066666666666667,,,,0.2692307692307692,False
Arxiv-Nomic-100K,b7,8,53,"46,2266,4177,4815",300,208,139,73,0.8173333333333334,0.923,0.6933333333333334,0.45,,,,0.3509615384615384,False
Arxiv-Nomic-100K,b7,8,54,"991,2266,4177,4815",300,208,136,64,0.8173333333333334,0.9146666666666666,0.6933333333333334,0.48,,,,0.3076923076923077,False
Arxiv-Nomic-100K,b7,8,55,"46,991,2266,4177,4815",300,208,149,79,0.8173333333333334,0.9286666666666668,0.6933333333333334,0.43,,,,0.3798076923076923,False
Arxiv-Nomic-100K,b7,8,56,"3732,4177,4815",300,208,122,56,0.8173333333333334,0.9036666666666668,0.6933333333333334,0.5066666666666667,,,,0.2692307692307692,False
Arxiv-Nomic-100K,b7,8,57,"46,3732,4177,4815",300,208,142,71,0.8173333333333334,0.919,0.6933333333333334,0.4566666666666666,,,,0.3413461538461538,False
Arxiv-Nomic-100K,b7,8,58,"991,3732,4177,4815",300,208,139,65,0.8173333333333334,0.9146666666666666,0.6933333333333334,0.4766666666666667,,,,0.3125,False
Arxiv-Nomic-100K,b7,8,59,"46,991,3732,4177,4815",300,208,155,77,0.8173333333333334,0.927,0.6933333333333334,0.4366666666666666,,,,0.3701923076923077,False
Arxiv-Nomic-100K,b7,8,60,"2266,3732,4177,4815",300,208,136,67,0.8173333333333334,0.917,0.6933333333333334,0.47,,,,0.3221153846153846,False
Arxiv-Nomic-100K,b7,8,61,"46,2266,3732,4177,4815",300,208,152,83,0.8173333333333334,0.9296666666666666,0.6933333333333334,0.4166666666666667,,,,0.3990384615384615,False
Arxiv-Nomic-100K,b7,8,62,"991,2266,3732,4177,4815",300,208,148,75,0.8173333333333334,0.925,0.6933333333333334,0.4433333333333333,,,,0.3605769230769231,False
Arxiv-Nomic-100K,b7,8,63,"46,991,2266,3732,4177,4815",300,208,160,88,0.8173333333333334,0.935,0.6933333333333334,0.4,,,,0.4230769230769231,False
Arxiv-Nomic-100K,b7,8,64,7001,300,208,55,18,0.8173333333333334,0.8526666666666667,0.6933333333333334,0.6333333333333333,,,,0.0865384615384615,False
Arxiv-Nomic-100K,b7,8,65,"46,7001",300,208,94,40,0.8173333333333334,0.8806666666666667,0.6933333333333334,0.56,,,,0.1923076923076923,False
Arxiv-Nomic-100K,b7,8,66,"991,7001",300,208,91,32,0.8173333333333334,0.882,0.6933333333333334,0.5866666666666667,,,,0.1538461538461538,False
Arxiv-Nomic-100K,b7,8,67,"46,991,7001",300,208,117,48,0.8173333333333334,0.9003333333333334,0.6933333333333334,0.5333333333333333,,,,0.2307692307692307,False
Arxiv-Nomic-100K,b7,8,68,"2266,7001",300,208,90,35,0.8173333333333334,0.8853333333333333,0.6933333333333334,0.5766666666666667,,,,0.1682692307692307,False
Arxiv-Nomic-100K,b7,8,69,"46,2266,7001",300,208,118,56,0.8173333333333334,0.9073333333333334,0.6933333333333334,0.5066666666666667,,,,0.2692307692307692,False
Arxiv-Nomic-100K,b7,8,70,"991,2266,7001",300,208,111,45,0.8173333333333334,0.8993333333333334,0.6933333333333334,0.5433333333333333,,,,0.2163461538461538,False
Arxiv-Nomic-100K,b7,8,71,"46,991,2266,7001",300,208,131,61,0.8173333333333334,0.9153333333333334,0.6933333333333334,0.49,,,,0.2932692307692308,False
Arxiv-Nomic-100K,b7,8,72,"3732,7001",300,208,85,33,0.8173333333333334,0.876,0.6933333333333334,0.5833333333333334,,,,0.1586538461538461,False
Arxiv-Nomic-100K,b7,8,73,"46,3732,7001",300,208,117,55,0.8173333333333334,0.902,0.6933333333333334,0.51,,,,0.2644230769230769,False
Arxiv-Nomic-100K,b7,8,74,"991,3732,7001",300,208,114,45,0.8173333333333334,0.897,0.6933333333333334,0.5433333333333333,,,,0.2163461538461538,False
Arxiv-Nomic-100K,b7,8,75,"46,991,3732,7001",300,208,135,60,0.8173333333333334,0.9133333333333332,0.6933333333333334,0.4933333333333333,,,,0.2884615384615384,False
Arxiv-Nomic-100K,b7,8,76,"2266,3732,7001",300,208,111,45,0.8173333333333334,0.897,0.6933333333333334,0.5433333333333333,,,,0.2163461538461538,False
Arxiv-Nomic-100K,b7,8,77,"46,2266,3732,7001",300,208,135,67,0.8173333333333334,0.9173333333333332,0.6933333333333334,0.47,,,,0.3221153846153846,False
Arxiv-Nomic-100K,b7,8,78,"991,2266,3732,7001",300,208,129,56,0.8173333333333334,0.9103333333333332,0.6933333333333334,0.5066666666666667,,,,0.2692307692307692,False
Arxiv-Nomic-100K,b7,8,79,"46,991,2266,3732,7001",300,208,146,72,0.8173333333333334,0.9246666666666666,0.6933333333333334,0.4533333333333333,,,,0.3461538461538461,False
Arxiv-Nomic-100K,b7,8,80,"4177,7001",300,208,98,37,0.8173333333333334,0.8836666666666666,0.6933333333333334,0.57,,,,0.1778846153846154,False
Arxiv-Nomic-100K,b7,8,81,"46,4177,7001",300,208,123,56,0.8173333333333334,0.9046666666666668,0.6933333333333334,0.5066666666666667,,,,0.2692307692307692,False
Arxiv-Nomic-100K,b7,8,82,"991,4177,7001",300,208,121,48,0.8173333333333334,0.902,0.6933333333333334,0.5333333333333333,,,,0.2307692307692307,False
Arxiv-Nomic-100K,b7,8,83,"46,991,4177,7001",300,208,139,63,0.8173333333333334,0.9166666666666666,0.6933333333333334,0.4833333333333333,,,,0.3028846153846153,False
Arxiv-Nomic-100K,b7,8,84,"2266,4177,7001",300,208,117,50,0.8173333333333334,0.9026666666666668,0.6933333333333334,0.5266666666666666,,,,0.2403846153846154,False
Arxiv-Nomic-100K,b7,8,85,"46,2266,4177,7001",300,208,135,69,0.8173333333333334,0.9203333333333332,0.6933333333333334,0.4633333333333333,,,,0.3317307692307692,False
Arxiv-Nomic-100K,b7,8,86,"991,2266,4177,7001",300,208,133,59,0.8173333333333334,0.914,0.6933333333333334,0.4966666666666666,,,,0.2836538461538461,False
Arxiv-Nomic-100K,b7,8,87,"46,991,2266,4177,7001",300,208,145,74,0.8173333333333334,0.9263333333333332,0.6933333333333334,0.4466666666666666,,,,0.3557692307692308,False
Arxiv-Nomic-100K,b7,8,88,"3732,4177,7001",300,208,119,50,0.8173333333333334,0.9,0.6933333333333334,0.5266666666666666,,,,0.2403846153846154,False
Arxiv-Nomic-100K,b7,8,89,"46,3732,4177,7001",300,208,139,69,0.8173333333333334,0.919,0.6933333333333334,0.4633333333333333,,,,0.3317307692307692,False
Arxiv-Nomic-100K,b7,8,90,"991,3732,4177,7001",300,208,137,60,0.8173333333333334,0.9133333333333332,0.6933333333333334,0.4933333333333333,,,,0.2884615384615384,False
Arxiv-Nomic-100K,b7,8,91,"46,991,3732,4177,7001",300,208,151,74,0.8173333333333334,0.926,0.6933333333333334,0.4466666666666666,,,,0.3557692307692308,False
Arxiv-Nomic-100K,b7,8,92,"2266,3732,4177,7001",300,208,132,61,0.8173333333333334,0.9113333333333332,0.6933333333333334,0.49,,,,0.2932692307692308,False
Arxiv-Nomic-100K,b7,8,93,"46,2266,3732,4177,7001",300,208,147,80,0.8173333333333334,0.9273333333333332,0.6933333333333334,0.4266666666666667,,,,0.3846153846153846,False
Arxiv-Nomic-100K,b7,8,94,"991,2266,3732,4177,7001",300,208,145,71,0.8173333333333334,0.922,0.6933333333333334,0.4566666666666666,,,,0.3413461538461538,False
Arxiv-Nomic-100K,b7,8,95,"46,991,2266,3732,4177,7001",300,208,155,85,0.8173333333333334,0.9326666666666666,0.6933333333333334,0.41,,,,0.4086538461538461,False
Arxiv-Nomic-100K,b7,8,96,"4815,7001",300,208,96,37,0.8173333333333334,0.885,0.6933333333333334,0.57,,,,0.1778846153846154,False
Arxiv-Nomic-100K,b7,8,97,"46,4815,7001",300,208,121,55,0.8173333333333334,0.9043333333333332,0.6933333333333334,0.51,,,,0.2644230769230769,False
Arxiv-Nomic-100K,b7,8,98,"991,4815,7001",300,208,116,46,0.8173333333333334,0.8996666666666666,0.6933333333333334,0.54,,,,0.2211538461538461,False
Arxiv-Nomic-100K,b7,8,99,"46,991,4815,7001",300,208,134,61,0.8173333333333334,0.914,0.6933333333333334,0.49,,,,0.2932692307692308,False
Arxiv-Nomic-100K,b7,8,100,"2266,4815,7001",300,208,119,49,0.8173333333333334,0.906,0.6933333333333334,0.53,,,,0.235576923076923,False
Arxiv-Nomic-100K,b7,8,101,"46,2266,4815,7001",300,208,137,68,0.8173333333333334,0.9206666666666669,0.6933333333333334,0.4666666666666667,,,,0.3269230769230769,False
Arxiv-Nomic-100K,b7,8,102,"991,2266,4815,7001",300,208,131,55,0.8173333333333334,0.9133333333333332,0.6933333333333334,0.51,,,,0.2644230769230769,False
Arxiv-Nomic-100K,b7,8,103,"46,991,2266,4815,7001",300,208,145,72,0.8173333333333334,0.926,0.6933333333333334,0.4533333333333333,,,,0.3461538461538461,False
Arxiv-Nomic-100K,b7,8,104,"3732,4815,7001",300,208,115,48,0.8173333333333334,0.8966666666666667,0.6933333333333334,0.5333333333333333,,,,0.2307692307692307,False
Arxiv-Nomic-100K,b7,8,105,"46,3732,4815,7001",300,208,136,66,0.8173333333333334,0.9146666666666666,0.6933333333333334,0.4733333333333333,,,,0.3173076923076923,False
Arxiv-Nomic-100K,b7,8,106,"991,3732,4815,7001",300,208,133,56,0.8173333333333334,0.9103333333333332,0.6933333333333334,0.5066666666666667,,,,0.2692307692307692,False
Arxiv-Nomic-100K,b7,8,107,"46,991,3732,4815,7001",300,208,148,70,0.8173333333333334,0.9233333333333332,0.6933333333333334,0.46,,,,0.3365384615384615,False
Arxiv-Nomic-100K,b7,8,108,"2266,3732,4815,7001",300,208,135,58,0.8173333333333334,0.9153333333333334,0.6933333333333334,0.5,,,,0.2788461538461538,False
Arxiv-Nomic-100K,b7,8,109,"46,2266,3732,4815,7001",300,208,150,77,0.8173333333333334,0.9286666666666668,0.6933333333333334,0.4366666666666666,,,,0.3701923076923077,False
Arxiv-Nomic-100K,b7,8,110,"991,2266,3732,4815,7001",300,208,145,64,0.8173333333333334,0.9223333333333332,0.6933333333333334,0.48,,,,0.3076923076923077,False
Arxiv-Nomic-100K,b7,8,111,"46,991,2266,3732,4815,7001",300,208,157,80,0.8173333333333334,0.9336666666666666,0.6933333333333334,0.4266666666666667,,,,0.3846153846153846,False
Arxiv-Nomic-100K,b7,8,112,"4177,4815,7001",300,208,123,54,0.8173333333333334,0.9063333333333332,0.6933333333333334,0.5133333333333333,,,,0.2596153846153846,False
Arxiv-Nomic-100K,b7,8,113,"46,4177,4815,7001",300,208,141,68,0.8173333333333334,0.9203333333333332,0.6933333333333334,0.4666666666666667,,,,0.3269230769230769,False
Arxiv-Nomic-100K,b7,8,114,"991,4177,4815,7001",300,208,138,62,0.8173333333333334,0.9156666666666666,0.6933333333333334,0.4866666666666667,,,,0.2980769230769231,False
Arxiv-Nomic-100K,b7,8,115,"46,991,4177,4815,7001",300,208,152,74,0.8173333333333334,0.9273333333333332,0.6933333333333334,0.4466666666666666,,,,0.3557692307692308,False
Arxiv-Nomic-100K,b7,8,116,"2266,4177,4815,7001",300,208,134,64,0.8173333333333334,0.918,0.6933333333333334,0.48,,,,0.3076923076923077,False
Arxiv-Nomic-100K,b7,8,117,"46,2266,4177,4815,7001",300,208,148,79,0.8173333333333334,0.93,0.6933333333333334,0.43,,,,0.3798076923076923,False
Arxiv-Nomic-100K,b7,8,118,"991,2266,4177,4815,7001",300,208,145,71,0.8173333333333334,0.9246666666666666,0.6933333333333334,0.4566666666666666,,,,0.3413461538461538,False
Arxiv-Nomic-100K,b7,8,119,"46,991,2266,4177,4815,7001",300,208,155,84,0.8173333333333334,0.9346666666666664,0.6933333333333334,0.4133333333333333,,,,0.4038461538461538,False
Arxiv-Nomic-100K,b7,8,120,"3732,4177,4815,7001",300,208,136,65,0.8173333333333334,0.915,0.6933333333333334,0.4766666666666667,,,,0.3125,False
Arxiv-Nomic-100K,b7,8,121,"46,3732,4177,4815,7001",300,208,151,79,0.8173333333333334,0.9276666666666668,0.6933333333333334,0.43,,,,0.3798076923076923,False
Arxiv-Nomic-100K,b7,8,122,"991,3732,4177,4815,7001",300,208,149,72,0.8173333333333334,0.9233333333333332,0.6933333333333334,0.4533333333333333,,,,0.3461538461538461,False
Arxiv-Nomic-100K,b7,8,123,"46,991,3732,4177,4815,7001",300,208,161,83,0.8173333333333334,0.9336666666666666,0.6933333333333334,0.4166666666666667,,,,0.3990384615384615,False
Arxiv-Nomic-100K,b7,8,124,"2266,3732,4177,4815,7001",300,208,145,73,0.8173333333333334,0.9246666666666666,0.6933333333333334,0.45,,,,0.3509615384615384,False
Arxiv-Nomic-100K,b7,8,125,"46,2266,3732,4177,4815,7001",300,208,157,88,0.8173333333333334,0.9353333333333332,0.6933333333333334,0.4,,,,0.4230769230769231,False
Arxiv-Nomic-100K,b7,8,126,"991,2266,3732,4177,4815,7001",300,208,154,80,0.8173333333333334,0.931,0.6933333333333334,0.4266666666666667,,,,0.3846153846153846,False
Arxiv-Nomic-100K,b7,8,127,"46,991,2266,3732,4177,4815,7001",300,208,163,92,0.8173333333333334,0.9396666666666668,0.6933333333333334,0.3866666666666666,,,,0.4423076923076923,False
Arxiv-Nomic-100K,b7,8,128,8888,300,208,60,24,0.8173333333333334,0.8616666666666667,0.6933333333333334,0.6133333333333333,,,,0.1153846153846153,False
Arxiv-Nomic-100K,b7,8,129,"46,8888",300,208,99,44,0.8173333333333334,0.8873333333333333,0.6933333333333334,0.5466666666666666,,,,0.2115384615384615,False
Arxiv-Nomic-100K,b7,8,130,"991,8888",300,208,91,36,0.8173333333333334,0.8836666666666666,0.6933333333333334,0.5733333333333334,,,,0.173076923076923,False
Arxiv-Nomic-100K,b7,8,131,"46,991,8888",300,208,118,50,0.8173333333333334,0.901,0.6933333333333334,0.5266666666666666,,,,0.2403846153846154,False
Arxiv-Nomic-100K,b7,8,132,"2266,8888",300,208,91,39,0.8173333333333334,0.8880000000000001,0.6933333333333334,0.5633333333333334,,,,0.1875,False
Arxiv-Nomic-100K,b7,8,133,"46,2266,8888",300,208,119,58,0.8173333333333334,0.908,0.6933333333333334,0.5,,,,0.2788461538461538,False
Arxiv-Nomic-100K,b7,8,134,"991,2266,8888",300,208,111,49,0.8173333333333334,0.8993333333333334,0.6933333333333334,0.53,,,,0.235576923076923,False
Arxiv-Nomic-100K,b7,8,135,"46,991,2266,8888",300,208,132,63,0.8173333333333334,0.915,0.6933333333333334,0.4833333333333333,,,,0.3028846153846153,False
Arxiv-Nomic-100K,b7,8,136,"3732,8888",300,208,89,35,0.8173333333333334,0.882,0.6933333333333334,0.5766666666666667,,,,0.1682692307692307,False
Arxiv-Nomic-100K,b7,8,137,"46,3732,8888",300,208,121,56,0.8173333333333334,0.904,0.6933333333333334,0.5066666666666667,,,,0.2692307692307692,False
Arxiv-Nomic-100K,b7,8,138,"991,3732,8888",300,208,115,46,0.8173333333333334,0.899,0.6933333333333334,0.54,,,,0.2211538461538461,False
Arxiv-Nomic-100K,b7,8,139,"46,991,3732,8888",300,208,135,61,0.8173333333333334,0.913,0.6933333333333334,0.49,,,,0.2932692307692308,False
Arxiv-Nomic-100K,b7,8,140,"2266,3732,8888",300,208,115,48,0.8173333333333334,0.902,0.6933333333333334,0.5333333333333333,,,,0.2307692307692307,False
Arxiv-Nomic-100K,b7,8,141,"46,2266,3732,8888",300,208,138,69,0.8173333333333334,0.9186666666666669,0.6933333333333334,0.4633333333333333,,,,0.3317307692307692,False
Arxiv-Nomic-100K,b7,8,142,"991,2266,3732,8888",300,208,132,58,0.8173333333333334,0.9123333333333332,0.6933333333333334,0.5,,,,0.2788461538461538,False
Arxiv-Nomic-100K,b7,8,143,"46,991,2266,3732,8888",300,208,148,74,0.8173333333333334,0.925,0.6933333333333334,0.4466666666666666,,,,0.3557692307692308,False
Arxiv-Nomic-100K,b7,8,144,"4177,8888",300,208,105,42,0.8173333333333334,0.891,0.6933333333333334,0.5533333333333333,,,,0.2019230769230769,False
Arxiv-Nomic-100K,b7,8,145,"46,4177,8888",300,208,130,57,0.8173333333333334,0.91,0.6933333333333334,0.5033333333333333,,,,0.2740384615384615,False
Arxiv-Nomic-100K,b7,8,146,"991,4177,8888",300,208,126,53,0.8173333333333334,0.904,0.6933333333333334,0.5166666666666667,,,,0.2548076923076923,False
Arxiv-Nomic-100K,b7,8,147,"46,991,4177,8888",300,208,143,63,0.8173333333333334,0.9176666666666666,0.6933333333333334,0.4833333333333333,,,,0.3028846153846153,False
Arxiv-Nomic-100K,b7,8,148,"2266,4177,8888",300,208,118,53,0.8173333333333334,0.9036666666666668,0.6933333333333334,0.5166666666666667,,,,0.2548076923076923,False
Arxiv-Nomic-100K,b7,8,149,"46,2266,4177,8888",300,208,137,69,0.8173333333333334,0.9203333333333332,0.6933333333333334,0.4633333333333333,,,,0.3317307692307692,False
Arxiv-Nomic-100K,b7,8,150,"991,2266,4177,8888",300,208,135,64,0.8173333333333334,0.914,0.6933333333333334,0.48,,,,0.3076923076923077,False
Arxiv-Nomic-100K,b7,8,151,"46,991,2266,4177,8888",300,208,148,75,0.8173333333333334,0.9266666666666667,0.6933333333333334,0.4433333333333333,,,,0.3605769230769231,False
Arxiv-Nomic-100K,b7,8,152,"3732,4177,8888",300,208,121,53,0.8173333333333334,0.9033333333333332,0.6933333333333334,0.5166666666666667,,,,0.2548076923076923,False
Arxiv-Nomic-100K,b7,8,153,"46,3732,4177,8888",300,208,143,69,0.8173333333333334,0.9193333333333332,0.6933333333333334,0.4633333333333333,,,,0.3317307692307692,False
Arxiv-Nomic-100K,b7,8,154,"991,3732,4177,8888",300,208,139,64,0.8173333333333334,0.915,0.6933333333333334,0.48,,,,0.3076923076923077,False
Arxiv-Nomic-100K,b7,8,155,"46,991,3732,4177,8888",300,208,153,75,0.8173333333333334,0.9256666666666666,0.6933333333333334,0.4433333333333333,,,,0.3605769230769231,False
Arxiv-Nomic-100K,b7,8,156,"2266,3732,4177,8888",300,208,133,64,0.8173333333333334,0.914,0.6933333333333334,0.48,,,,0.3076923076923077,False
Arxiv-Nomic-100K,b7,8,157,"46,2266,3732,4177,8888",300,208,150,81,0.8173333333333334,0.9276666666666668,0.6933333333333334,0.4233333333333333,,,,0.3894230769230769,False
Arxiv-Nomic-100K,b7,8,158,"991,2266,3732,4177,8888",300,208,147,75,0.8173333333333334,0.9236666666666666,0.6933333333333334,0.4433333333333333,,,,0.3605769230769231,False
Arxiv-Nomic-100K,b7,8,159,"46,991,2266,3732,4177,8888",300,208,158,87,0.8173333333333334,0.9333333333333332,0.6933333333333334,0.4033333333333333,,,,0.4182692307692308,False
Arxiv-Nomic-100K,b7,8,160,"4815,8888",300,208,94,39,0.8173333333333334,0.8836666666666666,0.6933333333333334,0.5633333333333334,,,,0.1875,False
Arxiv-Nomic-100K,b7,8,161,"46,4815,8888",300,208,120,56,0.8173333333333334,0.904,0.6933333333333334,0.5066666666666667,,,,0.2692307692307692,False
Arxiv-Nomic-100K,b7,8,162,"991,4815,8888",300,208,113,50,0.8173333333333334,0.8986666666666666,0.6933333333333334,0.5266666666666666,,,,0.2403846153846154,False
Arxiv-Nomic-100K,b7,8,163,"46,991,4815,8888",300,208,132,63,0.8173333333333334,0.913,0.6933333333333334,0.4833333333333333,,,,0.3028846153846153,False
Arxiv-Nomic-100K,b7,8,164,"2266,4815,8888",300,208,114,53,0.8173333333333334,0.9036666666666668,0.6933333333333334,0.5166666666666667,,,,0.2548076923076923,False
Arxiv-Nomic-100K,b7,8,165,"46,2266,4815,8888",300,208,135,71,0.8173333333333334,0.9203333333333332,0.6933333333333334,0.4566666666666666,,,,0.3413461538461538,False
Arxiv-Nomic-100K,b7,8,166,"991,2266,4815,8888",300,208,127,61,0.8173333333333334,0.9123333333333332,0.6933333333333334,0.49,,,,0.2932692307692308,False
Arxiv-Nomic-100K,b7,8,167,"46,991,2266,4815,8888",300,208,144,76,0.8173333333333334,0.926,0.6933333333333334,0.44,,,,0.3653846153846153,False
Arxiv-Nomic-100K,b7,8,168,"3732,4815,8888",300,208,115,49,0.8173333333333334,0.8976666666666666,0.6933333333333334,0.53,,,,0.235576923076923,False
Arxiv-Nomic-100K,b7,8,169,"46,3732,4815,8888",300,208,137,66,0.8173333333333334,0.915,0.6933333333333334,0.4733333333333333,,,,0.3173076923076923,False
Arxiv-Nomic-100K,b7,8,170,"991,3732,4815,8888",300,208,132,58,0.8173333333333334,0.9113333333333332,0.6933333333333334,0.5,,,,0.2788461538461538,False
Arxiv-Nomic-100K,b7,8,171,"46,991,3732,4815,8888",300,208,147,71,0.8173333333333334,0.923,0.6933333333333334,0.4566666666666666,,,,0.3413461538461538,False
Arxiv-Nomic-100K,b7,8,172,"2266,3732,4815,8888",300,208,134,60,0.8173333333333334,0.9153333333333334,0.6933333333333334,0.4933333333333333,,,,0.2884615384615384,False
Arxiv-Nomic-100K,b7,8,173,"46,2266,3732,4815,8888",300,208,151,79,0.8173333333333334,0.929,0.6933333333333334,0.43,,,,0.3798076923076923,False
Arxiv-Nomic-100K,b7,8,174,"991,2266,3732,4815,8888",300,208,145,67,0.8173333333333334,0.9233333333333332,0.6933333333333334,0.47,,,,0.3221153846153846,False
Arxiv-Nomic-100K,b7,8,175,"46,991,2266,3732,4815,8888",300,208,158,83,0.8173333333333334,0.9343333333333332,0.6933333333333334,0.4166666666666667,,,,0.3990384615384615,False
Arxiv-Nomic-100K,b7,8,176,"4177,4815,8888",300,208,126,55,0.8173333333333334,0.905,0.6933333333333334,0.51,,,,0.2644230769230769,False
Arxiv-Nomic-100K,b7,8,177,"46,4177,4815,8888",300,208,143,68,0.8173333333333334,0.9203333333333332,0.6933333333333334,0.4666666666666667,,,,0.3269230769230769,False
Arxiv-Nomic-100K,b7,8,178,"991,4177,4815,8888",300,208,140,65,0.8173333333333334,0.9143333333333332,0.6933333333333334,0.4766666666666667,,,,0.3125,False
Arxiv-Nomic-100K,b7,8,179,"46,991,4177,4815,8888",300,208,153,75,0.8173333333333334,0.9266666666666667,0.6933333333333334,0.4433333333333333,,,,0.3605769230769231,False
Arxiv-Nomic-100K,b7,8,180,"2266,4177,4815,8888",300,208,134,67,0.8173333333333334,0.916,0.6933333333333334,0.47,,,,0.3221153846153846,False
Arxiv-Nomic-100K,b7,8,181,"46,2266,4177,4815,8888",300,208,149,81,0.8173333333333334,0.9303333333333332,0.6933333333333334,0.4233333333333333,,,,0.3894230769230769,False
Arxiv-Nomic-100K,b7,8,182,"991,2266,4177,4815,8888",300,208,146,76,0.8173333333333334,0.9236666666666666,0.6933333333333334,0.44,,,,0.3653846153846153,False
Arxiv-Nomic-100K,b7,8,183,"46,991,2266,4177,4815,8888",300,208,157,87,0.8173333333333334,0.9353333333333332,0.6933333333333334,0.4033333333333333,,,,0.4182692307692308,False
Arxiv-Nomic-100K,b7,8,184,"3732,4177,4815,8888",300,208,138,66,0.8173333333333334,0.9153333333333334,0.6933333333333334,0.4733333333333333,,,,0.3173076923076923,False
Arxiv-Nomic-100K,b7,8,185,"46,3732,4177,4815,8888",300,208,154,79,0.8173333333333334,0.928,0.6933333333333334,0.43,,,,0.3798076923076923,False
Arxiv-Nomic-100K,b7,8,186,"991,3732,4177,4815,8888",300,208,150,74,0.8173333333333334,0.9236666666666666,0.6933333333333334,0.4466666666666666,,,,0.3557692307692308,False
Arxiv-Nomic-100K,b7,8,187,"46,991,3732,4177,4815,8888",300,208,162,84,0.8173333333333334,0.9333333333333332,0.6933333333333334,0.4133333333333333,,,,0.4038461538461538,False
Arxiv-Nomic-100K,b7,8,188,"2266,3732,4177,4815,8888",300,208,146,75,0.8173333333333334,0.9243333333333336,0.6933333333333334,0.4433333333333333,,,,0.3605769230769231,False
Arxiv-Nomic-100K,b7,8,189,"46,2266,3732,4177,4815,8888",300,208,160,90,0.8173333333333334,0.936,0.6933333333333334,0.3933333333333333,,,,0.4326923076923077,False
Arxiv-Nomic-100K,b7,8,190,"991,2266,3732,4177,4815,8888",300,208,156,83,0.8173333333333334,0.9316666666666666,0.6933333333333334,0.4166666666666667,,,,0.3990384615384615,False
Arxiv-Nomic-100K,b7,8,191,"46,991,2266,3732,4177,4815,8888",300,208,166,95,0.8173333333333334,0.9406666666666668,0.6933333333333334,0.3766666666666666,,,,0.4567307692307692,False
Arxiv-Nomic-100K,b7,8,192,"7001,8888",300,208,88,35,0.8173333333333334,0.8783333333333333,0.6933333333333334,0.5766666666666667,,,,0.1682692307692307,False
Arxiv-Nomic-100K,b7,8,193,"46,7001,8888",300,208,115,53,0.8173333333333334,0.898,0.6933333333333334,0.5166666666666667,,,,0.2548076923076923,False
Arxiv-Nomic-100K,b7,8,194,"991,7001,8888",300,208,113,47,0.8173333333333334,0.898,0.6933333333333334,0.5366666666666666,,,,0.2259615384615384,False
Arxiv-Nomic-100K,b7,8,195,"46,991,7001,8888",300,208,131,59,0.8173333333333334,0.911,0.6933333333333334,0.4966666666666666,,,,0.2836538461538461,False
Arxiv-Nomic-100K,b7,8,196,"2266,7001,8888",300,208,110,49,0.8173333333333334,0.9016666666666668,0.6933333333333334,0.53,,,,0.235576923076923,False
Arxiv-Nomic-100K,b7,8,197,"46,2266,7001,8888",300,208,130,66,0.8173333333333334,0.9166666666666666,0.6933333333333334,0.4733333333333333,,,,0.3173076923076923,False
Arxiv-Nomic-100K,b7,8,198,"991,2266,7001,8888",300,208,126,58,0.8173333333333334,0.911,0.6933333333333334,0.5,,,,0.2788461538461538,False
Arxiv-Nomic-100K,b7,8,199,"46,991,2266,7001,8888",300,208,141,70,0.8173333333333334,0.923,0.6933333333333334,0.46,,,,0.3365384615384615,False
Arxiv-Nomic-100K,b7,8,200,"3732,7001,8888",300,208,108,47,0.8173333333333334,0.8943333333333333,0.6933333333333334,0.5366666666666666,,,,0.2259615384615384,False
Arxiv-Nomic-100K,b7,8,201,"46,3732,7001,8888",300,208,132,65,0.8173333333333334,0.9126666666666668,0.6933333333333334,0.4766666666666667,,,,0.3125,False
Arxiv-Nomic-100K,b7,8,202,"991,3732,7001,8888",300,208,130,57,0.8173333333333334,0.9093333333333332,0.6933333333333334,0.5033333333333333,,,,0.2740384615384615,False
Arxiv-Nomic-100K,b7,8,203,"46,991,3732,7001,8888",300,208,145,69,0.8173333333333334,0.921,0.6933333333333334,0.4633333333333333,,,,0.3317307692307692,False
Arxiv-Nomic-100K,b7,8,204,"2266,3732,7001,8888",300,208,128,57,0.8173333333333334,0.912,0.6933333333333334,0.5033333333333333,,,,0.2740384615384615,False
Arxiv-Nomic-100K,b7,8,205,"46,2266,3732,7001,8888",300,208,145,76,0.8173333333333334,0.9256666666666666,0.6933333333333334,0.44,,,,0.3653846153846153,False
Arxiv-Nomic-100K,b7,8,206,"991,2266,3732,7001,8888",300,208,142,66,0.8173333333333334,0.9206666666666669,0.6933333333333334,0.4733333333333333,,,,0.3173076923076923,False
Arxiv-Nomic-100K,b7,8,207,"46,991,2266,3732,7001,8888",300,208,154,80,0.8173333333333334,0.9313333333333332,0.6933333333333334,0.4266666666666667,,,,0.3846153846153846,False
Arxiv-Nomic-100K,b7,8,208,"4177,7001,8888",300,208,122,49,0.8173333333333334,0.9036666666666668,0.6933333333333334,0.53,,,,0.235576923076923,False
Arxiv-Nomic-100K,b7,8,209,"46,4177,7001,8888",300,208,139,64,0.8173333333333334,0.918,0.6933333333333334,0.48,,,,0.3076923076923077,False
Arxiv-Nomic-100K,b7,8,210,"991,4177,7001,8888",300,208,138,60,0.8173333333333334,0.9146666666666666,0.6933333333333334,0.4933333333333333,,,,0.2884615384615384,False
Arxiv-Nomic-100K,b7,8,211,"46,991,4177,7001,8888",300,208,150,70,0.8173333333333334,0.925,0.6933333333333334,0.46,,,,0.3365384615384615,False
Arxiv-Nomic-100K,b7,8,212,"2266,4177,7001,8888",300,208,131,61,0.8173333333333334,0.9146666666666666,0.6933333333333334,0.49,,,,0.2932692307692308,False
Arxiv-Nomic-100K,b7,8,213,"46,2266,4177,7001,8888",300,208,144,76,0.8173333333333334,0.927,0.6933333333333334,0.44,,,,0.3653846153846153,False
Arxiv-Nomic-100K,b7,8,214,"991,2266,4177,7001,8888",300,208,144,71,0.8173333333333334,0.9233333333333332,0.6933333333333334,0.4566666666666666,,,,0.3413461538461538,False
Arxiv-Nomic-100K,b7,8,215,"46,991,2266,4177,7001,8888",300,208,153,81,0.8173333333333334,0.9326666666666666,0.6933333333333334,0.4233333333333333,,,,0.3894230769230769,False
Arxiv-Nomic-100K,b7,8,216,"3732,4177,7001,8888",300,208,134,61,0.8173333333333334,0.9133333333333332,0.6933333333333334,0.49,,,,0.2932692307692308,False
Arxiv-Nomic-100K,b7,8,217,"46,3732,4177,7001,8888",300,208,149,76,0.8173333333333334,0.9263333333333332,0.6933333333333334,0.44,,,,0.3653846153846153,False
Arxiv-Nomic-100K,b7,8,218,"991,3732,4177,7001,8888",300,208,148,71,0.8173333333333334,0.923,0.6933333333333334,0.4566666666666666,,,,0.3413461538461538,False
Arxiv-Nomic-100K,b7,8,219,"46,991,3732,4177,7001,8888",300,208,158,81,0.8173333333333334,0.932,0.6933333333333334,0.4233333333333333,,,,0.3894230769230769,False
Arxiv-Nomic-100K,b7,8,220,"2266,3732,4177,7001,8888",300,208,143,71,0.8173333333333334,0.9223333333333332,0.6933333333333334,0.4566666666666666,,,,0.3413461538461538,False
Arxiv-Nomic-100K,b7,8,221,"46,2266,3732,4177,7001,8888",300,208,154,87,0.8173333333333334,0.9333333333333332,0.6933333333333334,0.4033333333333333,,,,0.4182692307692308,False
Arxiv-Nomic-100K,b7,8,222,"991,2266,3732,4177,7001,8888",300,208,154,81,0.8173333333333334,0.9303333333333332,0.6933333333333334,0.4233333333333333,,,,0.3894230769230769,False
Arxiv-Nomic-100K,b7,8,223,"46,991,2266,3732,4177,7001,8888",300,208,161,92,0.8173333333333334,0.9383333333333332,0.6933333333333334,0.3866666666666666,,,,0.4423076923076923,False
Arxiv-Nomic-100K,b7,8,224,"4815,7001,8888",300,208,114,49,0.8173333333333334,0.897,0.6933333333333334,0.53,,,,0.235576923076923,False
Arxiv-Nomic-100K,b7,8,225,"46,4815,7001,8888",300,208,134,64,0.8173333333333334,0.913,0.6933333333333334,0.48,,,,0.3076923076923077,False
Arxiv-Nomic-100K,b7,8,226,"991,4815,7001,8888",300,208,130,59,0.8173333333333334,0.9103333333333332,0.6933333333333334,0.4966666666666666,,,,0.2836538461538461,False
Arxiv-Nomic-100K,b7,8,227,"46,991,4815,7001,8888",300,208,144,70,0.8173333333333334,0.9213333333333332,0.6933333333333334,0.46,,,,0.3365384615384615,False
Arxiv-Nomic-100K,b7,8,228,"2266,4815,7001,8888",300,208,131,61,0.8173333333333334,0.9153333333333334,0.6933333333333334,0.49,,,,0.2932692307692308,False
Arxiv-Nomic-100K,b7,8,229,"46,2266,4815,7001,8888",300,208,146,77,0.8173333333333334,0.9276666666666668,0.6933333333333334,0.4366666666666666,,,,0.3701923076923077,False
Arxiv-Nomic-100K,b7,8,230,"991,2266,4815,7001,8888",300,208,141,68,0.8173333333333334,0.9223333333333332,0.6933333333333334,0.4666666666666667,,,,0.3269230769230769,False
Arxiv-Nomic-100K,b7,8,231,"46,991,2266,4815,7001,8888",300,208,153,81,0.8173333333333334,0.9326666666666666,0.6933333333333334,0.4233333333333333,,,,0.3894230769230769,False
Arxiv-Nomic-100K,b7,8,232,"3732,4815,7001,8888",300,208,129,59,0.8173333333333334,0.9076666666666666,0.6933333333333334,0.4966666666666666,,,,0.2836538461538461,False
Arxiv-Nomic-100K,b7,8,233,"46,3732,4815,7001,8888",300,208,147,74,0.8173333333333334,0.9226666666666666,0.6933333333333334,0.4466666666666666,,,,0.3557692307692308,False
Arxiv-Nomic-100K,b7,8,234,"991,3732,4815,7001,8888",300,208,144,67,0.8173333333333334,0.92,0.6933333333333334,0.47,,,,0.3221153846153846,False
Arxiv-Nomic-100K,b7,8,235,"46,991,3732,4815,7001,8888",300,208,156,78,0.8173333333333334,0.93,0.6933333333333334,0.4333333333333333,,,,0.375,False
Arxiv-Nomic-100K,b7,8,236,"2266,3732,4815,7001,8888",300,208,145,68,0.8173333333333334,0.9236666666666666,0.6933333333333334,0.4666666666666667,,,,0.3269230769230769,False
Arxiv-Nomic-100K,b7,8,237,"46,2266,3732,4815,7001,8888",300,208,158,85,0.8173333333333334,0.935,0.6933333333333334,0.41,,,,0.4086538461538461,False
Arxiv-Nomic-100K,b7,8,238,"991,2266,3732,4815,7001,8888",300,208,154,74,0.8173333333333334,0.9303333333333332,0.6933333333333334,0.4466666666666666,,,,0.3557692307692308,False
Arxiv-Nomic-100K,b7,8,239,"46,991,2266,3732,4815,7001,8888",300,208,164,88,0.8173333333333334,0.9396666666666668,0.6933333333333334,0.4,,,,0.4230769230769231,False
Arxiv-Nomic-100K,b7,8,240,"4177,4815,7001,8888",300,208,139,62,0.8173333333333334,0.9156666666666666,0.6933333333333334,0.4866666666666667,,,,0.2980769230769231,False
Arxiv-Nomic-100K,b7,8,241,"46,4177,4815,7001,8888",300,208,152,74,0.8173333333333334,0.9273333333333332,0.6933333333333334,0.4466666666666666,,,,0.3557692307692308,False
Arxiv-Nomic-100K,b7,8,242,"991,4177,4815,7001,8888",300,208,150,71,0.8173333333333334,0.9236666666666666,0.6933333333333334,0.4566666666666666,,,,0.3413461538461538,False
Arxiv-Nomic-100K,b7,8,243,"46,991,4177,4815,7001,8888",300,208,160,80,0.8173333333333334,0.933,0.6933333333333334,0.4266666666666667,,,,0.3846153846153846,False
Arxiv-Nomic-100K,b7,8,244,"2266,4177,4815,7001,8888",300,208,145,73,0.8173333333333334,0.9253333333333332,0.6933333333333334,0.45,,,,0.3509615384615384,False
Arxiv-Nomic-100K,b7,8,245,"46,2266,4177,4815,7001,8888",300,208,156,86,0.8173333333333334,0.936,0.6933333333333334,0.4066666666666667,,,,0.4134615384615384,False
Arxiv-Nomic-100K,b7,8,246,"991,2266,4177,4815,7001,8888",300,208,154,81,0.8173333333333334,0.9316666666666666,0.6933333333333334,0.4233333333333333,,,,0.3894230769230769,False
Arxiv-Nomic-100K,b7,8,247,"46,991,2266,4177,4815,7001,8888",300,208,162,91,0.8173333333333334,0.9403333333333336,0.6933333333333334,0.39,,,,0.4375,False
Arxiv-Nomic-100K,b7,8,248,"3732,4177,4815,7001,8888",300,208,148,73,0.8173333333333334,0.9236666666666666,0.6933333333333334,0.45,,,,0.3509615384615384,False
Arxiv-Nomic-100K,b7,8,249,"46,3732,4177,4815,7001,8888",300,208,160,85,0.8173333333333334,0.9343333333333332,0.6933333333333334,0.41,,,,0.4086538461538461,False
Arxiv-Nomic-100K,b7,8,250,"991,3732,4177,4815,7001,8888",300,208,158,80,0.8173333333333334,0.9306666666666666,0.6933333333333334,0.4266666666666667,,,,0.3846153846153846,False
Arxiv-Nomic-100K,b7,8,251,"46,991,3732,4177,4815,7001,8888",300,208,167,89,0.8173333333333334,0.939,0.6933333333333334,0.3966666666666666,,,,0.4278846153846153,False
Arxiv-Nomic-100K,b7,8,252,"2266,3732,4177,4815,7001,8888",300,208,154,81,0.8173333333333334,0.9313333333333332,0.6933333333333334,0.4233333333333333,,,,0.3894230769230769,False
Arxiv-Nomic-100K,b7,8,253,"46,2266,3732,4177,4815,7001,8888",300,208,164,95,0.8173333333333334,0.941,0.6933333333333334,0.3766666666666666,,,,0.4567307692307692,False
Arxiv-Nomic-100K,b7,8,254,"991,2266,3732,4177,4815,7001,8888",300,208,162,88,0.8173333333333334,0.9373333333333334,0.6933333333333334,0.4,,,,0.4230769230769231,False
Arxiv-Nomic-100K,b7,8,255,"46,991,2266,3732,4177,4815,7001,8888",300,208,169,99,0.8173333333333334,0.945,0.6933333333333334,0.3633333333333333,,,,0.4759615384615384,False
Arxiv-Nomic-100K,b7,16,0,EMPTY,300,163,0,0,0.8763333333333334,0.8763333333333334,0.5433333333333333,0.5433333333333333,34.0125,34.0125,32.39375,0.0,True
Arxiv-Nomic-100K,b7,16,1,46,300,163,47,21,0.8763333333333334,0.9083333333333334,0.5433333333333333,0.4733333333333333,,,,0.1288343558282208,False
Arxiv-Nomic-100K,b7,16,2,991,300,163,37,14,0.8763333333333334,0.906,0.5433333333333333,0.4966666666666666,,,,0.0858895705521472,False
Arxiv-Nomic-100K,b7,16,3,"46,991",300,163,67,29,0.8763333333333334,0.9233333333333332,0.5433333333333333,0.4466666666666666,,,,0.1779141104294478,False
Arxiv-Nomic-100K,b7,16,4,2266,300,163,42,14,0.8763333333333334,0.906,0.5433333333333333,0.4966666666666666,,,,0.0858895705521472,False
Arxiv-Nomic-100K,b7,16,5,"46,2266",300,163,69,38,0.8763333333333334,0.928,0.5433333333333333,0.4166666666666667,,,,0.2331288343558282,False
Arxiv-Nomic-100K,b7,16,6,"991,2266",300,163,57,25,0.8763333333333334,0.9186666666666669,0.5433333333333333,0.46,,,,0.1533742331288343,False
Arxiv-Nomic-100K,b7,16,7,"46,991,2266",300,163,79,44,0.8763333333333334,0.934,0.5433333333333333,0.3966666666666666,,,,0.2699386503067484,False
Arxiv-Nomic-100K,b7,16,8,3732,300,163,38,17,0.8763333333333334,0.906,0.5433333333333333,0.4866666666666667,,,,0.1042944785276073,False
Arxiv-Nomic-100K,b7,16,9,"46,3732",300,163,68,32,0.8763333333333334,0.922,0.5433333333333333,0.4366666666666666,,,,0.1963190184049079,False
Arxiv-Nomic-100K,b7,16,10,"991,3732",300,163,60,26,0.8763333333333334,0.919,0.5433333333333333,0.4566666666666666,,,,0.1595092024539877,False
Arxiv-Nomic-100K,b7,16,11,"46,991,3732",300,163,80,38,0.8763333333333334,0.9306666666666666,0.5433333333333333,0.4166666666666667,,,,0.2331288343558282,False
Arxiv-Nomic-100K,b7,16,12,"2266,3732",300,163,65,29,0.8763333333333334,0.922,0.5433333333333333,0.4466666666666666,,,,0.1779141104294478,False
Arxiv-Nomic-100K,b7,16,13,"46,2266,3732",300,163,82,47,0.8763333333333334,0.934,0.5433333333333333,0.3866666666666666,,,,0.2883435582822086,False
Arxiv-Nomic-100K,b7,16,14,"991,2266,3732",300,163,76,36,0.8763333333333334,0.9286666666666668,0.5433333333333333,0.4233333333333333,,,,0.2208588957055214,False
Arxiv-Nomic-100K,b7,16,15,"46,991,2266,3732",300,163,90,51,0.8763333333333334,0.9386666666666666,0.5433333333333333,0.3733333333333333,,,,0.3128834355828221,False
Arxiv-Nomic-100K,b7,16,16,4177,300,163,47,19,0.8763333333333334,0.9086666666666666,0.5433333333333333,0.48,,,,0.1165644171779141,False
Arxiv-Nomic-100K,b7,16,17,"46,4177",300,163,72,33,0.8763333333333334,0.9243333333333336,0.5433333333333333,0.4333333333333333,,,,0.2024539877300613,False
Arxiv-Nomic-100K,b7,16,18,"991,4177",300,163,62,28,0.8763333333333334,0.918,0.5433333333333333,0.45,,,,0.1717791411042944,False
Arxiv-Nomic-100K,b7,16,19,"46,991,4177",300,163,83,41,0.8763333333333334,0.9323333333333336,0.5433333333333333,0.4066666666666667,,,,0.2515337423312883,False
Arxiv-Nomic-100K,b7,16,20,"2266,4177",300,163,66,28,0.8763333333333334,0.9216666666666666,0.5433333333333333,0.45,,,,0.1717791411042944,False
Arxiv-Nomic-100K,b7,16,21,"46,2266,4177",300,163,82,46,0.8763333333333334,0.935,0.5433333333333333,0.39,,,,0.2822085889570552,False
Arxiv-Nomic-100K,b7,16,22,"991,2266,4177",300,163,75,37,0.8763333333333334,0.928,0.5433333333333333,0.42,,,,0.2269938650306748,False
Arxiv-Nomic-100K,b7,16,23,"46,991,2266,4177",300,163,89,53,0.8763333333333334,0.9406666666666668,0.5433333333333333,0.3666666666666666,,,,0.3251533742331288,False
Arxiv-Nomic-100K,b7,16,24,"3732,4177",300,163,66,31,0.8763333333333334,0.921,0.5433333333333333,0.44,,,,0.1901840490797546,False
Arxiv-Nomic-100K,b7,16,25,"46,3732,4177",300,163,85,43,0.8763333333333334,0.932,0.5433333333333333,0.4,,,,0.263803680981595,False
Arxiv-Nomic-100K,b7,16,26,"991,3732,4177",300,163,78,40,0.8763333333333334,0.9283333333333332,0.5433333333333333,0.41,,,,0.2453987730061349,False
Arxiv-Nomic-100K,b7,16,27,"46,991,3732,4177",300,163,93,51,0.8763333333333334,0.9383333333333332,0.5433333333333333,0.3733333333333333,,,,0.3128834355828221,False
Arxiv-Nomic-100K,b7,16,28,"2266,3732,4177",300,163,80,41,0.8763333333333334,0.9306666666666666,0.5433333333333333,0.4066666666666667,,,,0.2515337423312883,False
Arxiv-Nomic-100K,b7,16,29,"46,2266,3732,4177",300,163,92,56,0.8763333333333334,0.94,0.5433333333333333,0.3566666666666667,,,,0.3435582822085889,False
Arxiv-Nomic-100K,b7,16,30,"991,2266,3732,4177",300,163,88,49,0.8763333333333334,0.936,0.5433333333333333,0.38,,,,0.3006134969325153,False
Arxiv-Nomic-100K,b7,16,31,"46,991,2266,3732,4177",300,163,98,62,0.8763333333333334,0.9446666666666668,0.5433333333333333,0.3366666666666666,,,,0.3803680981595092,False
Arxiv-Nomic-100K,b7,16,32,4815,300,163,41,14,0.8763333333333334,0.904,0.5433333333333333,0.4966666666666666,,,,0.0858895705521472,False
Arxiv-Nomic-100K,b7,16,33,"46,4815",300,163,71,32,0.8763333333333334,0.9276666666666668,0.5433333333333333,0.4366666666666666,,,,0.1963190184049079,False
Arxiv-Nomic-100K,b7,16,34,"991,4815",300,163,59,27,0.8763333333333334,0.9213333333333332,0.5433333333333333,0.4533333333333333,,,,0.1656441717791411,False
Arxiv-Nomic-100K,b7,16,35,"46,991,4815",300,163,82,41,0.8763333333333334,0.9363333333333334,0.5433333333333333,0.4066666666666667,,,,0.2515337423312883,False
Arxiv-Nomic-100K,b7,16,36,"2266,4815",300,163,63,29,0.8763333333333334,0.9213333333333332,0.5433333333333333,0.4466666666666666,,,,0.1779141104294478,False
Arxiv-Nomic-100K,b7,16,37,"46,2266,4815",300,163,84,50,0.8763333333333334,0.94,0.5433333333333333,0.3766666666666666,,,,0.3067484662576687,False
Arxiv-Nomic-100K,b7,16,38,"991,2266,4815",300,163,74,38,0.8763333333333334,0.931,0.5433333333333333,0.4166666666666667,,,,0.2331288343558282,False
Arxiv-Nomic-100K,b7,16,39,"46,991,2266,4815",300,163,92,55,0.8763333333333334,0.9443333333333334,0.5433333333333333,0.36,,,,0.3374233128834356,False
Arxiv-Nomic-100K,b7,16,40,"3732,4815",300,163,63,27,0.8763333333333334,0.922,0.5433333333333333,0.4533333333333333,,,,0.1656441717791411,False
Arxiv-Nomic-100K,b7,16,41,"46,3732,4815",300,163,82,40,0.8763333333333334,0.9343333333333332,0.5433333333333333,0.41,,,,0.2453987730061349,False
Arxiv-Nomic-100K,b7,16,42,"991,3732,4815",300,163,77,37,0.8763333333333334,0.931,0.5433333333333333,0.42,,,,0.2269938650306748,False
Arxiv-Nomic-100K,b7,16,43,"46,991,3732,4815",300,163,91,48,0.8763333333333334,0.9406666666666668,0.5433333333333333,0.3833333333333333,,,,0.294478527607362,False
Arxiv-Nomic-100K,b7,16,44,"2266,3732,4815",300,163,82,41,0.8763333333333334,0.9356666666666668,0.5433333333333333,0.4066666666666667,,,,0.2515337423312883,False
Arxiv-Nomic-100K,b7,16,45,"46,2266,3732,4815",300,163,93,56,0.8763333333333334,0.9443333333333334,0.5433333333333333,0.3566666666666667,,,,0.3435582822085889,False
Arxiv-Nomic-100K,b7,16,46,"991,2266,3732,4815",300,163,90,48,0.8763333333333334,0.94,0.5433333333333333,0.3833333333333333,,,,0.294478527607362,False
Arxiv-Nomic-100K,b7,16,47,"46,991,2266,3732,4815",300,163,100,61,0.8763333333333334,0.948,0.5433333333333333,0.34,,,,0.3742331288343558,False
Arxiv-Nomic-100K,b7,16,48,"4177,4815",300,163,65,29,0.8763333333333334,0.923,0.5433333333333333,0.4466666666666666,,,,0.1779141104294478,False
Arxiv-Nomic-100K,b7,16,49,"46,4177,4815",300,163,84,42,0.8763333333333334,0.9363333333333334,0.5433333333333333,0.4033333333333333,,,,0.2576687116564417,False
Arxiv-Nomic-100K,b7,16,50,"991,4177,4815",300,163,76,39,0.8763333333333334,0.9303333333333332,0.5433333333333333,0.4133333333333333,,,,0.2392638036809816,False
Arxiv-Nomic-100K,b7,16,51,"46,991,4177,4815",300,163,93,51,0.8763333333333334,0.9426666666666664,0.5433333333333333,0.3733333333333333,,,,0.3128834355828221,False
Arxiv-Nomic-100K,b7,16,52,"2266,4177,4815",300,163,78,40,0.8763333333333334,0.933,0.5433333333333333,0.41,,,,0.2453987730061349,False
Arxiv-Nomic-100K,b7,16,53,"46,2266,4177,4815",300,163,91,56,0.8763333333333334,0.9446666666666668,0.5433333333333333,0.3566666666666667,,,,0.3435582822085889,False
Arxiv-Nomic-100K,b7,16,54,"991,2266,4177,4815",300,163,86,48,0.8763333333333334,0.9376666666666666,0.5433333333333333,0.3833333333333333,,,,0.294478527607362,False
Arxiv-Nomic-100K,b7,16,55,"46,991,2266,4177,4815",300,163,98,62,0.8763333333333334,0.9486666666666668,0.5433333333333333,0.3366666666666666,,,,0.3803680981595092,False
Arxiv-Nomic-100K,b7,16,56,"3732,4177,4815",300,163,78,39,0.8763333333333334,0.9316666666666666,0.5433333333333333,0.4133333333333333,,,,0.2392638036809816,False
Arxiv-Nomic-100K,b7,16,57,"46,3732,4177,4815",300,163,92,50,0.8763333333333334,0.9406666666666668,0.5433333333333333,0.3766666666666666,,,,0.3067484662576687,False
Arxiv-Nomic-100K,b7,16,58,"991,3732,4177,4815",300,163,88,48,0.8763333333333334,0.9376666666666666,0.5433333333333333,0.3833333333333333,,,,0.294478527607362,False
Arxiv-Nomic-100K,b7,16,59,"46,991,3732,4177,4815",300,163,100,58,0.8763333333333334,0.946,0.5433333333333333,0.35,,,,0.3558282208588957,False
Arxiv-Nomic-100K,b7,16,60,"2266,3732,4177,4815",300,163,90,50,0.8763333333333334,0.9406666666666668,0.5433333333333333,0.3766666666666666,,,,0.3067484662576687,False
Arxiv-Nomic-100K,b7,16,61,"46,2266,3732,4177,4815",300,163,99,63,0.8763333333333334,0.9483333333333333,0.5433333333333333,0.3333333333333333,,,,0.3865030674846625,False
Arxiv-Nomic-100K,b7,16,62,"991,2266,3732,4177,4815",300,163,97,58,0.8763333333333334,0.945,0.5433333333333333,0.35,,,,0.3558282208588957,False
Arxiv-Nomic-100K,b7,16,63,"46,991,2266,3732,4177,4815",300,163,105,69,0.8763333333333334,0.952,0.5433333333333333,0.3133333333333333,,,,0.4233128834355828,False
Arxiv-Nomic-100K,b7,16,64,7001,300,163,37,13,0.8763333333333334,0.9033333333333332,0.5433333333333333,0.5,,,,0.0797546012269938,False
Arxiv-Nomic-100K,b7,16,65,"46,7001",300,163,65,29,0.8763333333333334,0.9196666666666669,0.5433333333333333,0.4466666666666666,,,,0.1779141104294478,False
Arxiv-Nomic-100K,b7,16,66,"991,7001",300,163,57,23,0.8763333333333334,0.9196666666666669,0.5433333333333333,0.4666666666666667,,,,0.1411042944785276,False
Arxiv-Nomic-100K,b7,16,67,"46,991,7001",300,163,78,36,0.8763333333333334,0.9306666666666666,0.5433333333333333,0.4233333333333333,,,,0.2208588957055214,False
Arxiv-Nomic-100K,b7,16,68,"2266,7001",300,163,59,25,0.8763333333333334,0.9226666666666666,0.5433333333333333,0.46,,,,0.1533742331288343,False
Arxiv-Nomic-100K,b7,16,69,"46,2266,7001",300,163,78,43,0.8763333333333334,0.9343333333333332,0.5433333333333333,0.4,,,,0.263803680981595,False
Arxiv-Nomic-100K,b7,16,70,"991,2266,7001",300,163,69,32,0.8763333333333334,0.9283333333333332,0.5433333333333333,0.4366666666666666,,,,0.1963190184049079,False
Arxiv-Nomic-100K,b7,16,71,"46,991,2266,7001",300,163,86,48,0.8763333333333334,0.9393333333333332,0.5433333333333333,0.3833333333333333,,,,0.294478527607362,False
Arxiv-Nomic-100K,b7,16,72,"3732,7001",300,163,56,27,0.8763333333333334,0.9193333333333332,0.5433333333333333,0.4533333333333333,,,,0.1656441717791411,False
Arxiv-Nomic-100K,b7,16,73,"46,3732,7001",300,163,77,40,0.8763333333333334,0.9306666666666666,0.5433333333333333,0.41,,,,0.2453987730061349,False
Arxiv-Nomic-100K,b7,16,74,"991,3732,7001",300,163,71,33,0.8763333333333334,0.9273333333333332,0.5433333333333333,0.4333333333333333,,,,0.2024539877300613,False
Arxiv-Nomic-100K,b7,16,75,"46,991,3732,7001",300,163,87,44,0.8763333333333334,0.9366666666666668,0.5433333333333333,0.3966666666666666,,,,0.2699386503067484,False
Arxiv-Nomic-100K,b7,16,76,"2266,3732,7001",300,163,73,36,0.8763333333333334,0.9293333333333332,0.5433333333333333,0.4233333333333333,,,,0.2208588957055214,False
Arxiv-Nomic-100K,b7,16,77,"46,2266,3732,7001",300,163,87,52,0.8763333333333334,0.9393333333333332,0.5433333333333333,0.37,,,,0.3190184049079754,False
Arxiv-Nomic-100K,b7,16,78,"991,2266,3732,7001",300,163,82,41,0.8763333333333334,0.934,0.5433333333333333,0.4066666666666667,,,,0.2515337423312883,False
Arxiv-Nomic-100K,b7,16,79,"46,991,2266,3732,7001",300,163,94,55,0.8763333333333334,0.9433333333333334,0.5433333333333333,0.36,,,,0.3374233128834356,False
Arxiv-Nomic-100K,b7,16,80,"4177,7001",300,163,64,29,0.8763333333333334,0.9223333333333332,0.5433333333333333,0.4466666666666666,,,,0.1779141104294478,False
Arxiv-Nomic-100K,b7,16,81,"46,4177,7001",300,163,82,40,0.8763333333333334,0.9323333333333336,0.5433333333333333,0.41,,,,0.2453987730061349,False
Arxiv-Nomic-100K,b7,16,82,"991,4177,7001",300,163,75,38,0.8763333333333334,0.9293333333333332,0.5433333333333333,0.4166666666666667,,,,0.2331288343558282,False
Arxiv-Nomic-100K,b7,16,83,"46,991,4177,7001",300,163,90,48,0.8763333333333334,0.9386666666666666,0.5433333333333333,0.3833333333333333,,,,0.294478527607362,False
Arxiv-Nomic-100K,b7,16,84,"2266,4177,7001",300,163,76,37,0.8763333333333334,0.931,0.5433333333333333,0.42,,,,0.2269938650306748,False
Arxiv-Nomic-100K,b7,16,85,"46,2266,4177,7001",300,163,89,52,0.8763333333333334,0.941,0.5433333333333333,0.37,,,,0.3190184049079754,False
Arxiv-Nomic-100K,b7,16,86,"991,2266,4177,7001",300,163,84,46,0.8763333333333334,0.9366666666666668,0.5433333333333333,0.39,,,,0.2822085889570552,False
Arxiv-Nomic-100K,b7,16,87,"46,991,2266,4177,7001",300,163,95,59,0.8763333333333334,0.946,0.5433333333333333,0.3466666666666667,,,,0.3619631901840491,False
Arxiv-Nomic-100K,b7,16,88,"3732,4177,7001",300,163,76,41,0.8763333333333334,0.9306666666666666,0.5433333333333333,0.4066666666666667,,,,0.2515337423312883,False
Arxiv-Nomic-100K,b7,16,89,"46,3732,4177,7001",300,163,91,51,0.8763333333333334,0.9393333333333332,0.5433333333333333,0.3733333333333333,,,,0.3128834355828221,False
Arxiv-Nomic-100K,b7,16,90,"991,3732,4177,7001",300,163,85,48,0.8763333333333334,0.936,0.5433333333333333,0.3833333333333333,,,,0.294478527607362,False
Arxiv-Nomic-100K,b7,16,91,"46,991,3732,4177,7001",300,163,97,57,0.8763333333333334,0.944,0.5433333333333333,0.3533333333333333,,,,0.3496932515337423,False
Arxiv-Nomic-100K,b7,16,92,"2266,3732,4177,7001",300,163,86,48,0.8763333333333334,0.9366666666666668,0.5433333333333333,0.3833333333333333,,,,0.294478527607362,False
Arxiv-Nomic-100K,b7,16,93,"46,2266,3732,4177,7001",300,163,96,62,0.8763333333333334,0.9453333333333334,0.5433333333333333,0.3366666666666666,,,,0.3803680981595092,False
Arxiv-Nomic-100K,b7,16,94,"991,2266,3732,4177,7001",300,163,93,55,0.8763333333333334,0.9413333333333334,0.5433333333333333,0.36,,,,0.3374233128834356,False
Arxiv-Nomic-100K,b7,16,95,"46,991,2266,3732,4177,7001",300,163,101,67,0.8763333333333334,0.9493333333333334,0.5433333333333333,0.32,,,,0.4110429447852761,False
Arxiv-Nomic-100K,b7,16,96,"4815,7001",300,163,60,25,0.8763333333333334,0.9246666666666666,0.5433333333333333,0.46,,,,0.1533742331288343,False
Arxiv-Nomic-100K,b7,16,97,"46,4815,7001",300,163,82,39,0.8763333333333334,0.9363333333333334,0.5433333333333333,0.4133333333333333,,,,0.2392638036809816,False
Arxiv-Nomic-100K,b7,16,98,"991,4815,7001",300,163,72,35,0.8763333333333334,0.9326666666666666,0.5433333333333333,0.4266666666666667,,,,0.2147239263803681,False
Arxiv-Nomic-100K,b7,16,99,"46,991,4815,7001",300,163,90,47,0.8763333333333334,0.9423333333333334,0.5433333333333333,0.3866666666666666,,,,0.2883435582822086,False
Arxiv-Nomic-100K,b7,16,100,"2266,4815,7001",300,163,75,36,0.8763333333333334,0.9343333333333332,0.5433333333333333,0.4233333333333333,,,,0.2208588957055214,False
Arxiv-Nomic-100K,b7,16,101,"46,2266,4815,7001",300,163,90,53,0.8763333333333334,0.9446666666666668,0.5433333333333333,0.3666666666666666,,,,0.3251533742331288,False
Arxiv-Nomic-100K,b7,16,102,"991,2266,4815,7001",300,163,83,43,0.8763333333333334,0.9386666666666666,0.5433333333333333,0.4,,,,0.263803680981595,False
Arxiv-Nomic-100K,b7,16,103,"46,991,2266,4815,7001",300,163,97,58,0.8763333333333334,0.9483333333333333,0.5433333333333333,0.35,,,,0.3558282208588957,False
Arxiv-Nomic-100K,b7,16,104,"3732,4815,7001",300,163,72,35,0.8763333333333334,0.9306666666666666,0.5433333333333333,0.4266666666666667,,,,0.2147239263803681,False
Arxiv-Nomic-100K,b7,16,105,"46,3732,4815,7001",300,163,89,47,0.8763333333333334,0.9406666666666668,0.5433333333333333,0.3866666666666666,,,,0.2883435582822086,False
Arxiv-Nomic-100K,b7,16,106,"991,3732,4815,7001",300,163,83,43,0.8763333333333334,0.9376666666666666,0.5433333333333333,0.4,,,,0.263803680981595,False
Arxiv-Nomic-100K,b7,16,107,"46,991,3732,4815,7001",300,163,96,53,0.8763333333333334,0.9456666666666668,0.5433333333333333,0.3666666666666666,,,,0.3251533742331288,False
Arxiv-Nomic-100K,b7,16,108,"2266,3732,4815,7001",300,163,87,45,0.8763333333333334,0.9396666666666668,0.5433333333333333,0.3933333333333333,,,,0.2760736196319018,False
Arxiv-Nomic-100K,b7,16,109,"46,2266,3732,4815,7001",300,163,97,60,0.8763333333333334,0.9483333333333333,0.5433333333333333,0.3433333333333333,,,,0.3680981595092024,False
Arxiv-Nomic-100K,b7,16,110,"991,2266,3732,4815,7001",300,163,94,51,0.8763333333333334,0.9436666666666668,0.5433333333333333,0.3733333333333333,,,,0.3128834355828221,False
Arxiv-Nomic-100K,b7,16,111,"46,991,2266,3732,4815,7001",300,163,103,64,0.8763333333333334,0.9516666666666668,0.5433333333333333,0.33,,,,0.3926380368098159,False
Arxiv-Nomic-100K,b7,16,112,"4177,4815,7001",300,163,75,38,0.8763333333333334,0.9336666666666666,0.5433333333333333,0.4166666666666667,,,,0.2331288343558282,False
Arxiv-Nomic-100K,b7,16,113,"46,4177,4815,7001",300,163,91,48,0.8763333333333334,0.9426666666666664,0.5433333333333333,0.3833333333333333,,,,0.294478527607362,False
Arxiv-Nomic-100K,b7,16,114,"991,4177,4815,7001",300,163,84,47,0.8763333333333334,0.9393333333333332,0.5433333333333333,0.3866666666666666,,,,0.2883435582822086,False
Arxiv-Nomic-100K,b7,16,115,"46,991,4177,4815,7001",300,163,98,56,0.8763333333333334,0.9476666666666668,0.5433333333333333,0.3566666666666667,,,,0.3435582822085889,False
Arxiv-Nomic-100K,b7,16,116,"2266,4177,4815,7001",300,163,85,46,0.8763333333333334,0.94,0.5433333333333333,0.39,,,,0.2822085889570552,False
Arxiv-Nomic-100K,b7,16,117,"46,2266,4177,4815,7001",300,163,96,60,0.8763333333333334,0.949,0.5433333333333333,0.3433333333333333,,,,0.3680981595092024,False
Arxiv-Nomic-100K,b7,16,118,"991,2266,4177,4815,7001",300,163,92,54,0.8763333333333334,0.9443333333333334,0.5433333333333333,0.3633333333333333,,,,0.3312883435582822,False
Arxiv-Nomic-100K,b7,16,119,"46,991,2266,4177,4815,7001",300,163,102,66,0.8763333333333334,0.9526666666666668,0.5433333333333333,0.3233333333333333,,,,0.4049079754601227,False
Arxiv-Nomic-100K,b7,16,120,"3732,4177,4815,7001",300,163,84,48,0.8763333333333334,0.939,0.5433333333333333,0.3833333333333333,,,,0.294478527607362,False
Arxiv-Nomic-100K,b7,16,121,"46,3732,4177,4815,7001",300,163,97,57,0.8763333333333334,0.9466666666666668,0.5433333333333333,0.3533333333333333,,,,0.3496932515337423,False
Arxiv-Nomic-100K,b7,16,122,"991,3732,4177,4815,7001",300,163,92,55,0.8763333333333334,0.9436666666666668,0.5433333333333333,0.36,,,,0.3374233128834356,False
Arxiv-Nomic-100K,b7,16,123,"46,991,3732,4177,4815,7001",300,163,103,63,0.8763333333333334,0.9506666666666664,0.5433333333333333,0.3333333333333333,,,,0.3865030674846625,False
Arxiv-Nomic-100K,b7,16,124,"2266,3732,4177,4815,7001",300,163,94,55,0.8763333333333334,0.9446666666666668,0.5433333333333333,0.36,,,,0.3374233128834356,False
Arxiv-Nomic-100K,b7,16,125,"46,2266,3732,4177,4815,7001",300,163,102,68,0.8763333333333334,0.9523333333333334,0.5433333333333333,0.3166666666666666,,,,0.4171779141104294,False
Arxiv-Nomic-100K,b7,16,126,"991,2266,3732,4177,4815,7001",300,163,100,62,0.8763333333333334,0.9486666666666668,0.5433333333333333,0.3366666666666666,,,,0.3803680981595092,False
Arxiv-Nomic-100K,b7,16,127,"46,991,2266,3732,4177,4815,7001",300,163,107,73,0.8763333333333334,0.9556666666666668,0.5433333333333333,0.3,,,,0.4478527607361963,False
Arxiv-Nomic-100K,b7,16,128,8888,300,163,37,16,0.8763333333333334,0.9046666666666668,0.5433333333333333,0.49,,,,0.0981595092024539,False
Arxiv-Nomic-100K,b7,16,129,"46,8888",300,163,61,30,0.8763333333333334,0.92,0.5433333333333333,0.4433333333333333,,,,0.1840490797546012,False
Arxiv-Nomic-100K,b7,16,130,"991,8888",300,163,58,24,0.8763333333333334,0.919,0.5433333333333333,0.4633333333333333,,,,0.147239263803681,False
Arxiv-Nomic-100K,b7,16,131,"46,991,8888",300,163,76,36,0.8763333333333334,0.931,0.5433333333333333,0.4233333333333333,,,,0.2208588957055214,False
Arxiv-Nomic-100K,b7,16,132,"2266,8888",300,163,59,27,0.8763333333333334,0.921,0.5433333333333333,0.4533333333333333,,,,0.1656441717791411,False
Arxiv-Nomic-100K,b7,16,133,"46,2266,8888",300,163,77,44,0.8763333333333334,0.9333333333333332,0.5433333333333333,0.3966666666666666,,,,0.2699386503067484,False
Arxiv-Nomic-100K,b7,16,134,"991,2266,8888",300,163,70,34,0.8763333333333334,0.927,0.5433333333333333,0.43,,,,0.2085889570552147,False
Arxiv-Nomic-100K,b7,16,135,"46,991,2266,8888",300,163,86,49,0.8763333333333334,0.9386666666666666,0.5433333333333333,0.38,,,,0.3006134969325153,False
Arxiv-Nomic-100K,b7,16,136,"3732,8888",300,163,56,25,0.8763333333333334,0.918,0.5433333333333333,0.46,,,,0.1533742331288343,False
Arxiv-Nomic-100K,b7,16,137,"46,3732,8888",300,163,75,38,0.8763333333333334,0.9296666666666666,0.5433333333333333,0.4166666666666667,,,,0.2331288343558282,False
Arxiv-Nomic-100K,b7,16,138,"991,3732,8888",300,163,72,32,0.8763333333333334,0.9266666666666667,0.5433333333333333,0.4366666666666666,,,,0.1963190184049079,False
Arxiv-Nomic-100K,b7,16,139,"46,991,3732,8888",300,163,85,43,0.8763333333333334,0.9353333333333332,0.5433333333333333,0.4,,,,0.263803680981595,False
Arxiv-Nomic-100K,b7,16,140,"2266,3732,8888",300,163,74,36,0.8763333333333334,0.93,0.5433333333333333,0.4233333333333333,,,,0.2208588957055214,False
Arxiv-Nomic-100K,b7,16,141,"46,2266,3732,8888",300,163,87,52,0.8763333333333334,0.939,0.5433333333333333,0.37,,,,0.3190184049079754,False
Arxiv-Nomic-100K,b7,16,142,"991,2266,3732,8888",300,163,84,42,0.8763333333333334,0.9346666666666664,0.5433333333333333,0.4033333333333333,,,,0.2576687116564417,False
Arxiv-Nomic-100K,b7,16,143,"46,991,2266,3732,8888",300,163,95,56,0.8763333333333334,0.943,0.5433333333333333,0.3566666666666667,,,,0.3435582822085889,False
Arxiv-Nomic-100K,b7,16,144,"4177,8888",300,163,64,29,0.8763333333333334,0.9216666666666666,0.5433333333333333,0.4466666666666666,,,,0.1779141104294478,False
Arxiv-Nomic-100K,b7,16,145,"46,4177,8888",300,163,80,40,0.8763333333333334,0.9323333333333336,0.5433333333333333,0.41,,,,0.2453987730061349,False
Arxiv-Nomic-100K,b7,16,146,"991,4177,8888",300,163,78,36,0.8763333333333334,0.929,0.5433333333333333,0.4233333333333333,,,,0.2208588957055214,False
Arxiv-Nomic-100K,b7,16,147,"46,991,4177,8888",300,163,90,46,0.8763333333333334,0.9386666666666666,0.5433333333333333,0.39,,,,0.2822085889570552,False
Arxiv-Nomic-100K,b7,16,148,"2266,4177,8888",300,163,76,36,0.8763333333333334,0.9293333333333332,0.5433333333333333,0.4233333333333333,,,,0.2208588957055214,False
Arxiv-Nomic-100K,b7,16,149,"46,2266,4177,8888",300,163,88,51,0.8763333333333334,0.9396666666666668,0.5433333333333333,0.3733333333333333,,,,0.3128834355828221,False
Arxiv-Nomic-100K,b7,16,150,"991,2266,4177,8888",300,163,85,44,0.8763333333333334,0.935,0.5433333333333333,0.3966666666666666,,,,0.2699386503067484,False
Arxiv-Nomic-100K,b7,16,151,"46,991,2266,4177,8888",300,163,95,57,0.8763333333333334,0.9446666666666668,0.5433333333333333,0.3533333333333333,,,,0.3496932515337423,False
Arxiv-Nomic-100K,b7,16,152,"3732,4177,8888",300,163,77,38,0.8763333333333334,0.9296666666666666,0.5433333333333333,0.4166666666666667,,,,0.2331288343558282,False
Arxiv-Nomic-100K,b7,16,153,"46,3732,4177,8888",300,163,90,48,0.8763333333333334,0.9376666666666666,0.5433333333333333,0.3833333333333333,,,,0.294478527607362,False
Arxiv-Nomic-100K,b7,16,154,"991,3732,4177,8888",300,163,88,45,0.8763333333333334,0.9353333333333332,0.5433333333333333,0.3933333333333333,,,,0.2760736196319018,False
Arxiv-Nomic-100K,b7,16,155,"46,991,3732,4177,8888",300,163,97,54,0.8763333333333334,0.9423333333333334,0.5433333333333333,0.3633333333333333,,,,0.3312883435582822,False
Arxiv-Nomic-100K,b7,16,156,"2266,3732,4177,8888",300,163,87,46,0.8763333333333334,0.9366666666666668,0.5433333333333333,0.39,,,,0.2822085889570552,False
Arxiv-Nomic-100K,b7,16,157,"46,2266,3732,4177,8888",300,163,96,60,0.8763333333333334,0.9443333333333334,0.5433333333333333,0.3433333333333333,,,,0.3680981595092024,False
Arxiv-Nomic-100K,b7,16,158,"991,2266,3732,4177,8888",300,163,95,53,0.8763333333333334,0.9413333333333334,0.5433333333333333,0.3666666666666666,,,,0.3251533742331288,False
Arxiv-Nomic-100K,b7,16,159,"46,991,2266,3732,4177,8888",300,163,102,65,0.8763333333333334,0.9483333333333333,0.5433333333333333,0.3266666666666666,,,,0.3987730061349693,False
Arxiv-Nomic-100K,b7,16,160,"4815,8888",300,163,61,27,0.8763333333333334,0.921,0.5433333333333333,0.4533333333333333,,,,0.1656441717791411,False
Arxiv-Nomic-100K,b7,16,161,"46,4815,8888",300,163,80,40,0.8763333333333334,0.9346666666666664,0.5433333333333333,0.41,,,,0.2453987730061349,False
Arxiv-Nomic-100K,b7,16,162,"991,4815,8888",300,163,74,36,0.8763333333333334,0.93,0.5433333333333333,0.4233333333333333,,,,0.2208588957055214,False
Arxiv-Nomic-100K,b7,16,163,"46,991,4815,8888",300,163,89,47,0.8763333333333334,0.941,0.5433333333333333,0.3866666666666666,,,,0.2883435582822086,False
Arxiv-Nomic-100K,b7,16,164,"2266,4815,8888",300,163,76,40,0.8763333333333334,0.9326666666666666,0.5433333333333333,0.41,,,,0.2453987730061349,False
Arxiv-Nomic-100K,b7,16,165,"46,2266,4815,8888",300,163,90,56,0.8763333333333334,0.944,0.5433333333333333,0.3566666666666667,,,,0.3435582822085889,False
Arxiv-Nomic-100K,b7,16,166,"991,2266,4815,8888",300,163,85,46,0.8763333333333334,0.9373333333333334,0.5433333333333333,0.39,,,,0.2822085889570552,False
Arxiv-Nomic-100K,b7,16,167,"46,991,2266,4815,8888",300,163,98,60,0.8763333333333334,0.948,0.5433333333333333,0.3433333333333333,,,,0.3680981595092024,False
Arxiv-Nomic-100K,b7,16,168,"3732,4815,8888",300,163,73,34,0.8763333333333334,0.929,0.5433333333333333,0.43,,,,0.2085889570552147,False
Arxiv-Nomic-100K,b7,16,169,"46,3732,4815,8888",300,163,87,46,0.8763333333333334,0.9393333333333332,0.5433333333333333,0.39,,,,0.2822085889570552,False
Arxiv-Nomic-100K,b7,16,170,"991,3732,4815,8888",300,163,85,42,0.8763333333333334,0.9366666666666668,0.5433333333333333,0.4033333333333333,,,,0.2576687116564417,False
Arxiv-Nomic-100K,b7,16,171,"46,991,3732,4815,8888",300,163,95,52,0.8763333333333334,0.9443333333333334,0.5433333333333333,0.37,,,,0.3190184049079754,False
Arxiv-Nomic-100K,b7,16,172,"2266,3732,4815,8888",300,163,88,46,0.8763333333333334,0.94,0.5433333333333333,0.39,,,,0.2822085889570552,False
Arxiv-Nomic-100K,b7,16,173,"46,2266,3732,4815,8888",300,163,97,61,0.8763333333333334,0.948,0.5433333333333333,0.34,,,,0.3742331288343558,False
Arxiv-Nomic-100K,b7,16,174,"991,2266,3732,4815,8888",300,163,96,52,0.8763333333333334,0.944,0.5433333333333333,0.37,,,,0.3190184049079754,False
Arxiv-Nomic-100K,b7,16,175,"46,991,2266,3732,4815,8888",300,163,104,65,0.8763333333333334,0.9513333333333334,0.5433333333333333,0.3266666666666666,,,,0.3987730061349693,False
Arxiv-Nomic-100K,b7,16,176,"4177,4815,8888",300,163,77,38,0.8763333333333334,0.9316666666666666,0.5433333333333333,0.4166666666666667,,,,0.2331288343558282,False
Arxiv-Nomic-100K,b7,16,177,"46,4177,4815,8888",300,163,90,48,0.8763333333333334,0.9413333333333334,0.5433333333333333,0.3833333333333333,,,,0.294478527607362,False
Arxiv-Nomic-100K,b7,16,178,"991,4177,4815,8888",300,163,87,46,0.8763333333333334,0.9373333333333334,0.5433333333333333,0.39,,,,0.2822085889570552,False
Arxiv-Nomic-100K,b7,16,179,"46,991,4177,4815,8888",300,163,98,55,0.8763333333333334,0.9463333333333332,0.5433333333333333,0.36,,,,0.3374233128834356,False
Arxiv-Nomic-100K,b7,16,180,"2266,4177,4815,8888",300,163,86,47,0.8763333333333334,0.9386666666666666,0.5433333333333333,0.3866666666666666,,,,0.2883435582822086,False
Arxiv-Nomic-100K,b7,16,181,"46,2266,4177,4815,8888",300,163,96,61,0.8763333333333334,0.9483333333333333,0.5433333333333333,0.34,,,,0.3742331288343558,False
Arxiv-Nomic-100K,b7,16,182,"991,2266,4177,4815,8888",300,163,94,54,0.8763333333333334,0.943,0.5433333333333333,0.3633333333333333,,,,0.3312883435582822,False
Arxiv-Nomic-100K,b7,16,183,"46,991,2266,4177,4815,8888",300,163,103,66,0.8763333333333334,0.952,0.5433333333333333,0.3233333333333333,,,,0.4049079754601227,False
Arxiv-Nomic-100K,b7,16,184,"3732,4177,4815,8888",300,163,86,46,0.8763333333333334,0.9383333333333332,0.5433333333333333,0.39,,,,0.2822085889570552,False
Arxiv-Nomic-100K,b7,16,185,"46,3732,4177,4815,8888",300,163,96,55,0.8763333333333334,0.9453333333333334,0.5433333333333333,0.36,,,,0.3374233128834356,False
Arxiv-Nomic-100K,b7,16,186,"991,3732,4177,4815,8888",300,163,95,53,0.8763333333333334,0.943,0.5433333333333333,0.3666666666666666,,,,0.3251533742331288,False
Arxiv-Nomic-100K,b7,16,187,"46,991,3732,4177,4815,8888",300,163,103,61,0.8763333333333334,0.9493333333333334,0.5433333333333333,0.34,,,,0.3742331288343558,False
Arxiv-Nomic-100K,b7,16,188,"2266,3732,4177,4815,8888",300,163,95,54,0.8763333333333334,0.9446666666666668,0.5433333333333333,0.3633333333333333,,,,0.3312883435582822,False
Arxiv-Nomic-100K,b7,16,189,"46,2266,3732,4177,4815,8888",300,163,102,67,0.8763333333333334,0.9516666666666668,0.5433333333333333,0.32,,,,0.4110429447852761,False
Arxiv-Nomic-100K,b7,16,190,"991,2266,3732,4177,4815,8888",300,163,102,61,0.8763333333333334,0.9486666666666668,0.5433333333333333,0.34,,,,0.3742331288343558,False
Arxiv-Nomic-100K,b7,16,191,"46,991,2266,3732,4177,4815,8888",300,163,108,72,0.8763333333333334,0.955,0.5433333333333333,0.3033333333333333,,,,0.4417177914110429,False
Arxiv-Nomic-100K,b7,16,192,"7001,8888",300,163,52,24,0.8763333333333334,0.9153333333333334,0.5433333333333333,0.4633333333333333,,,,0.147239263803681,False
Arxiv-Nomic-100K,b7,16,193,"46,7001,8888",300,163,72,37,0.8763333333333334,0.9263333333333332,0.5433333333333333,0.42,,,,0.2269938650306748,False
Arxiv-Nomic-100K,b7,16,194,"991,7001,8888",300,163,69,33,0.8763333333333334,0.928,0.5433333333333333,0.4333333333333333,,,,0.2024539877300613,False
Arxiv-Nomic-100K,b7,16,195,"46,991,7001,8888",300,163,84,44,0.8763333333333334,0.9366666666666668,0.5433333333333333,0.3966666666666666,,,,0.2699386503067484,False
Arxiv-Nomic-100K,b7,16,196,"2266,7001,8888",300,163,68,34,0.8763333333333334,0.929,0.5433333333333333,0.43,,,,0.2085889570552147,False
Arxiv-Nomic-100K,b7,16,197,"46,2266,7001,8888",300,163,83,50,0.8763333333333334,0.9383333333333332,0.5433333333333333,0.3766666666666666,,,,0.3067484662576687,False
Arxiv-Nomic-100K,b7,16,198,"991,2266,7001,8888",300,163,78,41,0.8763333333333334,0.9343333333333332,0.5433333333333333,0.4066666666666667,,,,0.2515337423312883,False
Arxiv-Nomic-100K,b7,16,199,"46,991,2266,7001,8888",300,163,91,55,0.8763333333333334,0.943,0.5433333333333333,0.36,,,,0.3374233128834356,False
Arxiv-Nomic-100K,b7,16,200,"3732,7001,8888",300,163,65,33,0.8763333333333334,0.9253333333333332,0.5433333333333333,0.4333333333333333,,,,0.2024539877300613,False
Arxiv-Nomic-100K,b7,16,201,"46,3732,7001,8888",300,163,82,46,0.8763333333333334,0.935,0.5433333333333333,0.39,,,,0.2822085889570552,False
Arxiv-Nomic-100K,b7,16,202,"991,3732,7001,8888",300,163,79,39,0.8763333333333334,0.9326666666666666,0.5433333333333333,0.4133333333333333,,,,0.2392638036809816,False
Arxiv-Nomic-100K,b7,16,203,"46,991,3732,7001,8888",300,163,91,50,0.8763333333333334,0.9403333333333336,0.5433333333333333,0.3766666666666666,,,,0.3067484662576687,False
Arxiv-Nomic-100K,b7,16,204,"2266,3732,7001,8888",300,163,79,42,0.8763333333333334,0.9346666666666664,0.5433333333333333,0.4033333333333333,,,,0.2576687116564417,False
Arxiv-Nomic-100K,b7,16,205,"46,2266,3732,7001,8888",300,163,91,58,0.8763333333333334,0.943,0.5433333333333333,0.35,,,,0.3558282208588957,False
Arxiv-Nomic-100K,b7,16,206,"991,2266,3732,7001,8888",300,163,88,47,0.8763333333333334,0.939,0.5433333333333333,0.3866666666666666,,,,0.2883435582822086,False
Arxiv-Nomic-100K,b7,16,207,"46,991,2266,3732,7001,8888",300,163,98,61,0.8763333333333334,0.9466666666666668,0.5433333333333333,0.34,,,,0.3742331288343558,False
Arxiv-Nomic-100K,b7,16,208,"4177,7001,8888",300,163,74,37,0.8763333333333334,0.93,0.5433333333333333,0.42,,,,0.2269938650306748,False
Arxiv-Nomic-100K,b7,16,209,"46,4177,7001,8888",300,163,87,47,0.8763333333333334,0.938,0.5433333333333333,0.3866666666666666,,,,0.2883435582822086,False
Arxiv-Nomic-100K,b7,16,210,"991,4177,7001,8888",300,163,85,45,0.8763333333333334,0.9366666666666668,0.5433333333333333,0.3933333333333333,,,,0.2760736196319018,False
Arxiv-Nomic-100K,b7,16,211,"46,991,4177,7001,8888",300,163,95,54,0.8763333333333334,0.944,0.5433333333333333,0.3633333333333333,,,,0.3312883435582822,False
Arxiv-Nomic-100K,b7,16,212,"2266,4177,7001,8888",300,163,83,44,0.8763333333333334,0.9363333333333334,0.5433333333333333,0.3966666666666666,,,,0.2699386503067484,False
Arxiv-Nomic-100K,b7,16,213,"46,2266,4177,7001,8888",300,163,93,58,0.8763333333333334,0.9443333333333334,0.5433333333333333,0.35,,,,0.3558282208588957,False
Arxiv-Nomic-100K,b7,16,214,"991,2266,4177,7001,8888",300,163,91,52,0.8763333333333334,0.9416666666666668,0.5433333333333333,0.37,,,,0.3190184049079754,False
Arxiv-Nomic-100K,b7,16,215,"46,991,2266,4177,7001,8888",300,163,99,64,0.8763333333333334,0.949,0.5433333333333333,0.33,,,,0.3926380368098159,False
Arxiv-Nomic-100K,b7,16,216,"3732,4177,7001,8888",300,163,83,46,0.8763333333333334,0.9356666666666668,0.5433333333333333,0.39,,,,0.2822085889570552,False
Arxiv-Nomic-100K,b7,16,217,"46,3732,4177,7001,8888",300,163,94,56,0.8763333333333334,0.9426666666666664,0.5433333333333333,0.3566666666666667,,,,0.3435582822085889,False
Arxiv-Nomic-100K,b7,16,218,"991,3732,4177,7001,8888",300,163,92,52,0.8763333333333334,0.9406666666666668,0.5433333333333333,0.37,,,,0.3190184049079754,False
Arxiv-Nomic-100K,b7,16,219,"46,991,3732,4177,7001,8888",300,163,100,61,0.8763333333333334,0.947,0.5433333333333333,0.34,,,,0.3742331288343558,False
Arxiv-Nomic-100K,b7,16,220,"2266,3732,4177,7001,8888",300,163,91,53,0.8763333333333334,0.9413333333333334,0.5433333333333333,0.3666666666666666,,,,0.3251533742331288,False
Arxiv-Nomic-100K,b7,16,221,"46,2266,3732,4177,7001,8888",300,163,99,67,0.8763333333333334,0.9483333333333333,0.5433333333333333,0.32,,,,0.4110429447852761,False
Arxiv-Nomic-100K,b7,16,222,"991,2266,3732,4177,7001,8888",300,163,98,59,0.8763333333333334,0.9456666666666668,0.5433333333333333,0.3466666666666667,,,,0.3619631901840491,False
Arxiv-Nomic-100K,b7,16,223,"46,991,2266,3732,4177,7001,8888",300,163,104,71,0.8763333333333334,0.952,0.5433333333333333,0.3066666666666666,,,,0.4355828220858895,False
Arxiv-Nomic-100K,b7,16,224,"4815,7001,8888",300,163,70,33,0.8763333333333334,0.93,0.5433333333333333,0.4333333333333333,,,,0.2024539877300613,False
Arxiv-Nomic-100K,b7,16,225,"46,4815,7001,8888",300,163,87,46,0.8763333333333334,0.9403333333333336,0.5433333333333333,0.39,,,,0.2822085889570552,False
Arxiv-Nomic-100K,b7,16,226,"991,4815,7001,8888",300,163,82,42,0.8763333333333334,0.9376666666666666,0.5433333333333333,0.4033333333333333,,,,0.2576687116564417,False
Arxiv-Nomic-100K,b7,16,227,"46,991,4815,7001,8888",300,163,95,53,0.8763333333333334,0.946,0.5433333333333333,0.3666666666666666,,,,0.3251533742331288,False
Arxiv-Nomic-100K,b7,16,228,"2266,4815,7001,8888",300,163,83,44,0.8763333333333334,0.9393333333333332,0.5433333333333333,0.3966666666666666,,,,0.2699386503067484,False
Arxiv-Nomic-100K,b7,16,229,"46,2266,4815,7001,8888",300,163,95,60,0.8763333333333334,0.9483333333333333,0.5433333333333333,0.3433333333333333,,,,0.3680981595092024,False
Arxiv-Nomic-100K,b7,16,230,"991,2266,4815,7001,8888",300,163,91,50,0.8763333333333334,0.9433333333333334,0.5433333333333333,0.3766666666666666,,,,0.3067484662576687,False
Arxiv-Nomic-100K,b7,16,231,"46,991,2266,4815,7001,8888",300,163,102,64,0.8763333333333334,0.9516666666666668,0.5433333333333333,0.33,,,,0.3926380368098159,False
Arxiv-Nomic-100K,b7,16,232,"3732,4815,7001,8888",300,163,79,40,0.8763333333333334,0.935,0.5433333333333333,0.41,,,,0.2453987730061349,False
Arxiv-Nomic-100K,b7,16,233,"46,3732,4815,7001,8888",300,163,93,53,0.8763333333333334,0.9443333333333334,0.5433333333333333,0.3666666666666666,,,,0.3251533742331288,False
Arxiv-Nomic-100K,b7,16,234,"991,3732,4815,7001,8888",300,163,90,47,0.8763333333333334,0.9416666666666668,0.5433333333333333,0.3866666666666666,,,,0.2883435582822086,False
Arxiv-Nomic-100K,b7,16,235,"46,991,3732,4815,7001,8888",300,163,100,58,0.8763333333333334,0.949,0.5433333333333333,0.35,,,,0.3558282208588957,False
Arxiv-Nomic-100K,b7,16,236,"2266,3732,4815,7001,8888",300,163,92,50,0.8763333333333334,0.9436666666666668,0.5433333333333333,0.3766666666666666,,,,0.3067484662576687,False
Arxiv-Nomic-100K,b7,16,237,"46,2266,3732,4815,7001,8888",300,163,101,66,0.8763333333333334,0.9516666666666668,0.5433333333333333,0.3233333333333333,,,,0.4049079754601227,False
Arxiv-Nomic-100K,b7,16,238,"991,2266,3732,4815,7001,8888",300,163,99,55,0.8763333333333334,0.9473333333333332,0.5433333333333333,0.36,,,,0.3374233128834356,False
Arxiv-Nomic-100K,b7,16,239,"46,991,2266,3732,4815,7001,8888",300,163,107,69,0.8763333333333334,0.9546666666666668,0.5433333333333333,0.3133333333333333,,,,0.4233128834355828,False
Arxiv-Nomic-100K,b7,16,240,"4177,4815,7001,8888",300,163,83,44,0.8763333333333334,0.9383333333333332,0.5433333333333333,0.3966666666666666,,,,0.2699386503067484,False
Arxiv-Nomic-100K,b7,16,241,"46,4177,4815,7001,8888",300,163,95,54,0.8763333333333334,0.9463333333333332,0.5433333333333333,0.3633333333333333,,,,0.3312883435582822,False
Arxiv-Nomic-100K,b7,16,242,"991,4177,4815,7001,8888",300,163,92,52,0.8763333333333334,0.9436666666666668,0.5433333333333333,0.37,,,,0.3190184049079754,False
Arxiv-Nomic-100K,b7,16,243,"46,991,4177,4815,7001,8888",300,163,102,61,0.8763333333333334,0.951,0.5433333333333333,0.34,,,,0.3742331288343558,False
Arxiv-Nomic-100K,b7,16,244,"2266,4177,4815,7001,8888",300,163,91,52,0.8763333333333334,0.9443333333333334,0.5433333333333333,0.37,,,,0.3190184049079754,False
Arxiv-Nomic-100K,b7,16,245,"46,2266,4177,4815,7001,8888",300,163,100,66,0.8763333333333334,0.9523333333333334,0.5433333333333333,0.3233333333333333,,,,0.4049079754601227,False
Arxiv-Nomic-100K,b7,16,246,"991,2266,4177,4815,7001,8888",300,163,98,59,0.8763333333333334,0.9483333333333333,0.5433333333333333,0.3466666666666667,,,,0.3619631901840491,False
Arxiv-Nomic-100K,b7,16,247,"46,991,2266,4177,4815,7001,8888",300,163,106,71,0.8763333333333334,0.9556666666666668,0.5433333333333333,0.3066666666666666,,,,0.4355828220858895,False
Arxiv-Nomic-100K,b7,16,248,"3732,4177,4815,7001,8888",300,163,90,52,0.8763333333333334,0.943,0.5433333333333333,0.37,,,,0.3190184049079754,False
Arxiv-Nomic-100K,b7,16,249,"46,3732,4177,4815,7001,8888",300,163,100,62,0.8763333333333334,0.95,0.5433333333333333,0.3366666666666666,,,,0.3803680981595092,False
Arxiv-Nomic-100K,b7,16,250,"991,3732,4177,4815,7001,8888",300,163,98,58,0.8763333333333334,0.9473333333333332,0.5433333333333333,0.35,,,,0.3558282208588957,False
Arxiv-Nomic-100K,b7,16,251,"46,991,3732,4177,4815,7001,8888",300,163,106,67,0.8763333333333334,0.9536666666666668,0.5433333333333333,0.32,,,,0.4110429447852761,False
Arxiv-Nomic-100K,b7,16,252,"2266,3732,4177,4815,7001,8888",300,163,98,59,0.8763333333333334,0.9483333333333333,0.5433333333333333,0.3466666666666667,,,,0.3619631901840491,False
Arxiv-Nomic-100K,b7,16,253,"46,2266,3732,4177,4815,7001,8888",300,163,105,73,0.8763333333333334,0.9553333333333331,0.5433333333333333,0.3,,,,0.4478527607361963,False
Arxiv-Nomic-100K,b7,16,254,"991,2266,3732,4177,4815,7001,8888",300,163,104,65,0.8763333333333334,0.952,0.5433333333333333,0.3266666666666666,,,,0.3987730061349693,False
Arxiv-Nomic-100K,b7,16,255,"46,991,2266,3732,4177,4815,7001,8888",300,163,110,77,0.8763333333333334,0.9583333333333334,0.5433333333333333,0.2866666666666667,,,,0.4723926380368098,False
Arxiv-Nomic-100K,b7,32,0,EMPTY,300,85,0,0,0.953,0.953,0.2833333333333333,0.2833333333333333,64.5,64.5,64.08666666666667,0.0,True
Arxiv-Nomic-100K,b7,32,1,46,300,85,14,8,0.953,0.9613333333333334,0.2833333333333333,0.2566666666666666,,,,0.0941176470588235,False
Arxiv-Nomic-100K,b7,32,2,991,300,85,12,7,0.953,0.9613333333333334,0.2833333333333333,0.26,,,,0.0823529411764705,False
Arxiv-Nomic-100K,b7,32,3,"46,991",300,85,19,11,0.953,0.964,0.2833333333333333,0.2466666666666666,,,,0.1294117647058823,False
Arxiv-Nomic-100K,b7,32,4,2266,300,85,11,6,0.953,0.9613333333333334,0.2833333333333333,0.2633333333333333,,,,0.0705882352941176,False
Arxiv-Nomic-100K,b7,32,5,"46,2266",300,85,21,12,0.953,0.9653333333333334,0.2833333333333333,0.2433333333333333,,,,0.1411764705882353,False
Arxiv-Nomic-100K,b7,32,6,"991,2266",300,85,18,11,0.953,0.9643333333333332,0.2833333333333333,0.2466666666666666,,,,0.1294117647058823,False
Arxiv-Nomic-100K,b7,32,7,"46,991,2266",300,85,25,15,0.953,0.967,0.2833333333333333,0.2333333333333333,,,,0.1764705882352941,False
Arxiv-Nomic-100K,b7,32,8,3732,300,85,12,7,0.953,0.9613333333333334,0.2833333333333333,0.26,,,,0.0823529411764705,False
Arxiv-Nomic-100K,b7,32,9,"46,3732",300,85,21,12,0.953,0.9643333333333332,0.2833333333333333,0.2433333333333333,,,,0.1411764705882353,False
Arxiv-Nomic-100K,b7,32,10,"991,3732",300,85,18,11,0.953,0.9633333333333332,0.2833333333333333,0.2466666666666666,,,,0.1294117647058823,False
Arxiv-Nomic-100K,b7,32,11,"46,991,3732",300,85,25,15,0.953,0.966,0.2833333333333333,0.2333333333333333,,,,0.1764705882352941,False
Arxiv-Nomic-100K,b7,32,12,"2266,3732",300,85,18,11,0.953,0.9643333333333332,0.2833333333333333,0.2466666666666666,,,,0.1294117647058823,False
Arxiv-Nomic-100K,b7,32,13,"46,2266,3732",300,85,27,16,0.953,0.9673333333333334,0.2833333333333333,0.23,,,,0.188235294117647,False
Arxiv-Nomic-100K,b7,32,14,"991,2266,3732",300,85,24,15,0.953,0.9663333333333334,0.2833333333333333,0.2333333333333333,,,,0.1764705882352941,False
Arxiv-Nomic-100K,b7,32,15,"46,991,2266,3732",300,85,31,19,0.953,0.969,0.2833333333333333,0.22,,,,0.2235294117647059,False
Arxiv-Nomic-100K,b7,32,16,4177,300,85,16,8,0.953,0.9636666666666668,0.2833333333333333,0.2566666666666666,,,,0.0941176470588235,False
Arxiv-Nomic-100K,b7,32,17,"46,4177",300,85,23,13,0.953,0.9663333333333334,0.2833333333333333,0.24,,,,0.1529411764705882,False
Arxiv-Nomic-100K,b7,32,18,"991,4177",300,85,22,12,0.953,0.9656666666666668,0.2833333333333333,0.2433333333333333,,,,0.1411764705882353,False
Arxiv-Nomic-100K,b7,32,19,"46,991,4177",300,85,27,16,0.953,0.968,0.2833333333333333,0.23,,,,0.188235294117647,False
Arxiv-Nomic-100K,b7,32,20,"2266,4177",300,85,19,12,0.953,0.9656666666666668,0.2833333333333333,0.2433333333333333,,,,0.1411764705882353,False
Arxiv-Nomic-100K,b7,32,21,"46,2266,4177",300,85,26,17,0.953,0.9683333333333334,0.2833333333333333,0.2266666666666666,,,,0.2,False
Arxiv-Nomic-100K,b7,32,22,"991,2266,4177",300,85,25,16,0.953,0.9676666666666666,0.2833333333333333,0.23,,,,0.188235294117647,False
Arxiv-Nomic-100K,b7,32,23,"46,991,2266,4177",300,85,30,20,0.953,0.97,0.2833333333333333,0.2166666666666666,,,,0.2352941176470588,False
Arxiv-Nomic-100K,b7,32,24,"3732,4177",300,85,22,12,0.953,0.9656666666666668,0.2833333333333333,0.2433333333333333,,,,0.1411764705882353,False
Arxiv-Nomic-100K,b7,32,25,"46,3732,4177",300,85,29,17,0.953,0.9683333333333334,0.2833333333333333,0.2266666666666666,,,,0.2,False
Arxiv-Nomic-100K,b7,32,26,"991,3732,4177",300,85,28,16,0.953,0.9676666666666666,0.2833333333333333,0.23,,,,0.188235294117647,False
Arxiv-Nomic-100K,b7,32,27,"46,991,3732,4177",300,85,33,20,0.953,0.97,0.2833333333333333,0.2166666666666666,,,,0.2352941176470588,False
Arxiv-Nomic-100K,b7,32,28,"2266,3732,4177",300,85,25,16,0.953,0.9676666666666666,0.2833333333333333,0.23,,,,0.188235294117647,False
Arxiv-Nomic-100K,b7,32,29,"46,2266,3732,4177",300,85,32,21,0.953,0.9703333333333332,0.2833333333333333,0.2133333333333333,,,,0.2470588235294117,False
Arxiv-Nomic-100K,b7,32,30,"991,2266,3732,4177",300,85,31,20,0.953,0.9696666666666668,0.2833333333333333,0.2166666666666666,,,,0.2352941176470588,False
Arxiv-Nomic-100K,b7,32,31,"46,991,2266,3732,4177",300,85,36,24,0.953,0.972,0.2833333333333333,0.2033333333333333,,,,0.2823529411764706,False
Arxiv-Nomic-100K,b7,32,32,4815,300,85,10,6,0.953,0.9573333333333334,0.2833333333333333,0.2633333333333333,,,,0.0705882352941176,False
Arxiv-Nomic-100K,b7,32,33,"46,4815",300,85,19,11,0.953,0.9633333333333332,0.2833333333333333,0.2466666666666666,,,,0.1294117647058823,False
Arxiv-Nomic-100K,b7,32,34,"991,4815",300,85,18,11,0.953,0.9636666666666668,0.2833333333333333,0.2466666666666666,,,,0.1294117647058823,False
Arxiv-Nomic-100K,b7,32,35,"46,991,4815",300,85,24,14,0.953,0.966,0.2833333333333333,0.2366666666666666,,,,0.1647058823529411,False
Arxiv-Nomic-100K,b7,32,36,"2266,4815",300,85,17,12,0.953,0.9646666666666668,0.2833333333333333,0.2433333333333333,,,,0.1411764705882353,False
Arxiv-Nomic-100K,b7,32,37,"46,2266,4815",300,85,25,16,0.953,0.9673333333333334,0.2833333333333333,0.23,,,,0.188235294117647,False
Arxiv-Nomic-100K,b7,32,38,"991,2266,4815",300,85,23,16,0.953,0.9666666666666666,0.2833333333333333,0.23,,,,0.188235294117647,False
Arxiv-Nomic-100K,b7,32,39,"46,991,2266,4815",300,85,29,19,0.953,0.969,0.2833333333333333,0.22,,,,0.2235294117647059,False
Arxiv-Nomic-100K,b7,32,40,"3732,4815",300,85,17,10,0.953,0.9633333333333332,0.2833333333333333,0.25,,,,0.1176470588235294,False
Arxiv-Nomic-100K,b7,32,41,"46,3732,4815",300,85,25,14,0.953,0.966,0.2833333333333333,0.2366666666666666,,,,0.1647058823529411,False
Arxiv-Nomic-100K,b7,32,42,"991,3732,4815",300,85,23,14,0.953,0.9653333333333334,0.2833333333333333,0.2366666666666666,,,,0.1647058823529411,False
Arxiv-Nomic-100K,b7,32,43,"46,991,3732,4815",300,85,29,17,0.953,0.9676666666666666,0.2833333333333333,0.2266666666666666,,,,0.2,False
Arxiv-Nomic-100K,b7,32,44,"2266,3732,4815",300,85,22,15,0.953,0.9663333333333334,0.2833333333333333,0.2333333333333333,,,,0.1764705882352941,False
Arxiv-Nomic-100K,b7,32,45,"46,2266,3732,4815",300,85,30,19,0.953,0.969,0.2833333333333333,0.22,,,,0.2235294117647059,False
Arxiv-Nomic-100K,b7,32,46,"991,2266,3732,4815",300,85,28,19,0.953,0.9683333333333334,0.2833333333333333,0.22,,,,0.2235294117647059,False
Arxiv-Nomic-100K,b7,32,47,"46,991,2266,3732,4815",300,85,34,22,0.953,0.9706666666666668,0.2833333333333333,0.21,,,,0.2588235294117647,False
Arxiv-Nomic-100K,b7,32,48,"4177,4815",300,85,19,11,0.953,0.965,0.2833333333333333,0.2466666666666666,,,,0.1294117647058823,False
Arxiv-Nomic-100K,b7,32,49,"46,4177,4815",300,85,26,16,0.953,0.9676666666666666,0.2833333333333333,0.23,,,,0.188235294117647,False
Arxiv-Nomic-100K,b7,32,50,"991,4177,4815",300,85,25,15,0.953,0.967,0.2833333333333333,0.2333333333333333,,,,0.1764705882352941,False
Arxiv-Nomic-100K,b7,32,51,"46,991,4177,4815",300,85,30,19,0.953,0.9693333333333334,0.2833333333333333,0.22,,,,0.2235294117647059,False
Arxiv-Nomic-100K,b7,32,52,"2266,4177,4815",300,85,22,15,0.953,0.967,0.2833333333333333,0.2333333333333333,,,,0.1764705882352941,False
Arxiv-Nomic-100K,b7,32,53,"46,2266,4177,4815",300,85,29,20,0.953,0.9696666666666668,0.2833333333333333,0.2166666666666666,,,,0.2352941176470588,False
Arxiv-Nomic-100K,b7,32,54,"991,2266,4177,4815",300,85,28,19,0.953,0.969,0.2833333333333333,0.22,,,,0.2235294117647059,False
Arxiv-Nomic-100K,b7,32,55,"46,991,2266,4177,4815",300,85,33,23,0.953,0.9713333333333332,0.2833333333333333,0.2066666666666666,,,,0.2705882352941176,False
Arxiv-Nomic-100K,b7,32,56,"3732,4177,4815",300,85,24,14,0.953,0.9666666666666666,0.2833333333333333,0.2366666666666666,,,,0.1647058823529411,False
Arxiv-Nomic-100K,b7,32,57,"46,3732,4177,4815",300,85,31,19,0.953,0.9693333333333334,0.2833333333333333,0.22,,,,0.2235294117647059,False
Arxiv-Nomic-100K,b7,32,58,"991,3732,4177,4815",300,85,30,18,0.953,0.9686666666666668,0.2833333333333333,0.2233333333333333,,,,0.2117647058823529,False
Arxiv-Nomic-100K,b7,32,59,"46,991,3732,4177,4815",300,85,35,22,0.953,0.971,0.2833333333333333,0.21,,,,0.2588235294117647,False
Arxiv-Nomic-100K,b7,32,60,"2266,3732,4177,4815",300,85,27,18,0.953,0.9686666666666668,0.2833333333333333,0.2233333333333333,,,,0.2117647058823529,False
Arxiv-Nomic-100K,b7,32,61,"46,2266,3732,4177,4815",300,85,34,23,0.953,0.9713333333333332,0.2833333333333333,0.2066666666666666,,,,0.2705882352941176,False
Arxiv-Nomic-100K,b7,32,62,"991,2266,3732,4177,4815",300,85,33,22,0.953,0.9706666666666668,0.2833333333333333,0.21,,,,0.2588235294117647,False
Arxiv-Nomic-100K,b7,32,63,"46,991,2266,3732,4177,4815",300,85,38,26,0.953,0.973,0.2833333333333333,0.1966666666666666,,,,0.3058823529411765,False
Arxiv-Nomic-100K,b7,32,64,7001,300,85,10,4,0.953,0.9616666666666668,0.2833333333333333,0.27,,,,0.0470588235294117,False
Arxiv-Nomic-100K,b7,32,65,"46,7001",300,85,19,9,0.953,0.9646666666666668,0.2833333333333333,0.2533333333333333,,,,0.1058823529411764,False
Arxiv-Nomic-100K,b7,32,66,"991,7001",300,85,15,7,0.953,0.9633333333333332,0.2833333333333333,0.26,,,,0.0823529411764705,False
Arxiv-Nomic-100K,b7,32,67,"46,991,7001",300,85,22,11,0.953,0.966,0.2833333333333333,0.2466666666666666,,,,0.1294117647058823,False
Arxiv-Nomic-100K,b7,32,68,"2266,7001",300,85,15,8,0.953,0.964,0.2833333333333333,0.2566666666666666,,,,0.0941176470588235,False
Arxiv-Nomic-100K,b7,32,69,"46,2266,7001",300,85,24,13,0.953,0.967,0.2833333333333333,0.24,,,,0.1529411764705882,False
Arxiv-Nomic-100K,b7,32,70,"991,2266,7001",300,85,20,11,0.953,0.9656666666666668,0.2833333333333333,0.2466666666666666,,,,0.1294117647058823,False
Arxiv-Nomic-100K,b7,32,71,"46,991,2266,7001",300,85,27,15,0.953,0.9683333333333334,0.2833333333333333,0.2333333333333333,,,,0.1764705882352941,False
Arxiv-Nomic-100K,b7,32,72,"3732,7001",300,85,15,9,0.953,0.9636666666666668,0.2833333333333333,0.2533333333333333,,,,0.1058823529411764,False
Arxiv-Nomic-100K,b7,32,73,"46,3732,7001",300,85,24,14,0.953,0.9666666666666666,0.2833333333333333,0.2366666666666666,,,,0.1647058823529411,False
Arxiv-Nomic-100K,b7,32,74,"991,3732,7001",300,85,20,12,0.953,0.9653333333333334,0.2833333333333333,0.2433333333333333,,,,0.1411764705882353,False
Arxiv-Nomic-100K,b7,32,75,"46,991,3732,7001",300,85,27,16,0.953,0.968,0.2833333333333333,0.23,,,,0.188235294117647,False
Arxiv-Nomic-100K,b7,32,76,"2266,3732,7001",300,85,20,13,0.953,0.966,0.2833333333333333,0.24,,,,0.1529411764705882,False
Arxiv-Nomic-100K,b7,32,77,"46,2266,3732,7001",300,85,29,18,0.953,0.969,0.2833333333333333,0.2233333333333333,,,,0.2117647058823529,False
Arxiv-Nomic-100K,b7,32,78,"991,2266,3732,7001",300,85,25,16,0.953,0.9676666666666666,0.2833333333333333,0.23,,,,0.188235294117647,False
Arxiv-Nomic-100K,b7,32,79,"46,991,2266,3732,7001",300,85,32,20,0.953,0.9703333333333332,0.2833333333333333,0.2166666666666666,,,,0.2352941176470588,False
Arxiv-Nomic-100K,b7,32,80,"4177,7001",300,85,18,10,0.953,0.965,0.2833333333333333,0.25,,,,0.1176470588235294,False
Arxiv-Nomic-100K,b7,32,81,"46,4177,7001",300,85,25,15,0.953,0.9676666666666666,0.2833333333333333,0.2333333333333333,,,,0.1764705882352941,False
Arxiv-Nomic-100K,b7,32,82,"991,4177,7001",300,85,23,13,0.953,0.9666666666666666,0.2833333333333333,0.24,,,,0.1529411764705882,False
Arxiv-Nomic-100K,b7,32,83,"46,991,4177,7001",300,85,28,17,0.953,0.969,0.2833333333333333,0.2266666666666666,,,,0.2,False
Arxiv-Nomic-100K,b7,32,84,"2266,4177,7001",300,85,21,13,0.953,0.9663333333333334,0.2833333333333333,0.24,,,,0.1529411764705882,False
Arxiv-Nomic-100K,b7,32,85,"46,2266,4177,7001",300,85,28,18,0.953,0.969,0.2833333333333333,0.2233333333333333,,,,0.2117647058823529,False
Arxiv-Nomic-100K,b7,32,86,"991,2266,4177,7001",300,85,26,16,0.953,0.968,0.2833333333333333,0.23,,,,0.188235294117647,False
Arxiv-Nomic-100K,b7,32,87,"46,991,2266,4177,7001",300,85,31,20,0.953,0.9703333333333332,0.2833333333333333,0.2166666666666666,,,,0.2352941176470588,False
Arxiv-Nomic-100K,b7,32,88,"3732,4177,7001",300,85,23,15,0.953,0.967,0.2833333333333333,0.2333333333333333,,,,0.1764705882352941,False
Arxiv-Nomic-100K,b7,32,89,"46,3732,4177,7001",300,85,30,20,0.953,0.9696666666666668,0.2833333333333333,0.2166666666666666,,,,0.2352941176470588,False
Arxiv-Nomic-100K,b7,32,90,"991,3732,4177,7001",300,85,28,18,0.953,0.9686666666666668,0.2833333333333333,0.2233333333333333,,,,0.2117647058823529,False
Arxiv-Nomic-100K,b7,32,91,"46,991,3732,4177,7001",300,85,33,22,0.953,0.971,0.2833333333333333,0.21,,,,0.2588235294117647,False
Arxiv-Nomic-100K,b7,32,92,"2266,3732,4177,7001",300,85,26,18,0.953,0.9683333333333334,0.2833333333333333,0.2233333333333333,,,,0.2117647058823529,False
Arxiv-Nomic-100K,b7,32,93,"46,2266,3732,4177,7001",300,85,33,23,0.953,0.971,0.2833333333333333,0.2066666666666666,,,,0.2705882352941176,False
Arxiv-Nomic-100K,b7,32,94,"991,2266,3732,4177,7001",300,85,31,21,0.953,0.97,0.2833333333333333,0.2133333333333333,,,,0.2470588235294117,False
Arxiv-Nomic-100K,b7,32,95,"46,991,2266,3732,4177,7001",300,85,36,25,0.953,0.9723333333333332,0.2833333333333333,0.2,,,,0.2941176470588235,False
Arxiv-Nomic-100K,b7,32,96,"4815,7001",300,85,15,9,0.953,0.964,0.2833333333333333,0.2533333333333333,,,,0.1058823529411764,False
Arxiv-Nomic-100K,b7,32,97,"46,4815,7001",300,85,23,13,0.953,0.9666666666666666,0.2833333333333333,0.24,,,,0.1529411764705882,False
Arxiv-Nomic-100K,b7,32,98,"991,4815,7001",300,85,20,12,0.953,0.9656666666666668,0.2833333333333333,0.2433333333333333,,,,0.1411764705882353,False
Arxiv-Nomic-100K,b7,32,99,"46,991,4815,7001",300,85,26,15,0.953,0.968,0.2833333333333333,0.2333333333333333,,,,0.1764705882352941,False
Arxiv-Nomic-100K,b7,32,100,"2266,4815,7001",300,85,20,13,0.953,0.9663333333333334,0.2833333333333333,0.24,,,,0.1529411764705882,False
Arxiv-Nomic-100K,b7,32,101,"46,2266,4815,7001",300,85,28,17,0.953,0.969,0.2833333333333333,0.2266666666666666,,,,0.2,False
Arxiv-Nomic-100K,b7,32,102,"991,2266,4815,7001",300,85,25,16,0.953,0.968,0.2833333333333333,0.23,,,,0.188235294117647,False
Arxiv-Nomic-100K,b7,32,103,"46,991,2266,4815,7001",300,85,31,19,0.953,0.9703333333333332,0.2833333333333333,0.22,,,,0.2235294117647059,False
Arxiv-Nomic-100K,b7,32,104,"3732,4815,7001",300,85,19,13,0.953,0.9656666666666668,0.2833333333333333,0.24,,,,0.1529411764705882,False
Arxiv-Nomic-100K,b7,32,105,"46,3732,4815,7001",300,85,27,17,0.953,0.9683333333333334,0.2833333333333333,0.2266666666666666,,,,0.2,False
Arxiv-Nomic-100K,b7,32,106,"991,3732,4815,7001",300,85,24,16,0.953,0.9673333333333334,0.2833333333333333,0.23,,,,0.188235294117647,False
Arxiv-Nomic-100K,b7,32,107,"46,991,3732,4815,7001",300,85,30,19,0.953,0.9696666666666668,0.2833333333333333,0.22,,,,0.2235294117647059,False
Arxiv-Nomic-100K,b7,32,108,"2266,3732,4815,7001",300,85,24,17,0.953,0.968,0.2833333333333333,0.2266666666666666,,,,0.2,False
Arxiv-Nomic-100K,b7,32,109,"46,2266,3732,4815,7001",300,85,32,21,0.953,0.9706666666666668,0.2833333333333333,0.2133333333333333,,,,0.2470588235294117,False
Arxiv-Nomic-100K,b7,32,110,"991,2266,3732,4815,7001",300,85,29,20,0.953,0.9696666666666668,0.2833333333333333,0.2166666666666666,,,,0.2352941176470588,False
Arxiv-Nomic-100K,b7,32,111,"46,991,2266,3732,4815,7001",300,85,35,23,0.953,0.972,0.2833333333333333,0.2066666666666666,,,,0.2705882352941176,False
Arxiv-Nomic-100K,b7,32,112,"4177,4815,7001",300,85,21,13,0.953,0.9663333333333334,0.2833333333333333,0.24,,,,0.1529411764705882,False
Arxiv-Nomic-100K,b7,32,113,"46,4177,4815,7001",300,85,28,18,0.953,0.969,0.2833333333333333,0.2233333333333333,,,,0.2117647058823529,False
Arxiv-Nomic-100K,b7,32,114,"991,4177,4815,7001",300,85,26,16,0.953,0.968,0.2833333333333333,0.23,,,,0.188235294117647,False
Arxiv-Nomic-100K,b7,32,115,"46,991,4177,4815,7001",300,85,31,20,0.953,0.9703333333333332,0.2833333333333333,0.2166666666666666,,,,0.2352941176470588,False
Arxiv-Nomic-100K,b7,32,116,"2266,4177,4815,7001",300,85,24,16,0.953,0.9676666666666666,0.2833333333333333,0.23,,,,0.188235294117647,False
Arxiv-Nomic-100K,b7,32,117,"46,2266,4177,4815,7001",300,85,31,21,0.953,0.9703333333333332,0.2833333333333333,0.2133333333333333,,,,0.2470588235294117,False
Arxiv-Nomic-100K,b7,32,118,"991,2266,4177,4815,7001",300,85,29,19,0.953,0.9693333333333334,0.2833333333333333,0.22,,,,0.2235294117647059,False
Arxiv-Nomic-100K,b7,32,119,"46,991,2266,4177,4815,7001",300,85,34,23,0.953,0.9716666666666668,0.2833333333333333,0.2066666666666666,,,,0.2705882352941176,False
Arxiv-Nomic-100K,b7,32,120,"3732,4177,4815,7001",300,85,25,17,0.953,0.968,0.2833333333333333,0.2266666666666666,,,,0.2,False
Arxiv-Nomic-100K,b7,32,121,"46,3732,4177,4815,7001",300,85,32,22,0.953,0.9706666666666668,0.2833333333333333,0.21,,,,0.2588235294117647,False
Arxiv-Nomic-100K,b7,32,122,"991,3732,4177,4815,7001",300,85,30,20,0.953,0.9696666666666668,0.2833333333333333,0.2166666666666666,,,,0.2352941176470588,False
Arxiv-Nomic-100K,b7,32,123,"46,991,3732,4177,4815,7001",300,85,35,24,0.953,0.972,0.2833333333333333,0.2033333333333333,,,,0.2823529411764706,False
Arxiv-Nomic-100K,b7,32,124,"2266,3732,4177,4815,7001",300,85,28,20,0.953,0.9693333333333334,0.2833333333333333,0.2166666666666666,,,,0.2352941176470588,False
Arxiv-Nomic-100K,b7,32,125,"46,2266,3732,4177,4815,7001",300,85,35,25,0.953,0.972,0.2833333333333333,0.2,,,,0.2941176470588235,False
Arxiv-Nomic-100K,b7,32,126,"991,2266,3732,4177,4815,7001",300,85,33,23,0.953,0.971,0.2833333333333333,0.2066666666666666,,,,0.2705882352941176,False
Arxiv-Nomic-100K,b7,32,127,"46,991,2266,3732,4177,4815,7001",300,85,38,27,0.953,0.9733333333333332,0.2833333333333333,0.1933333333333333,,,,0.3176470588235294,False
Arxiv-Nomic-100K,b7,32,128,8888,300,85,7,3,0.953,0.96,0.2833333333333333,0.2733333333333333,,,,0.0352941176470588,False
Arxiv-Nomic-100K,b7,32,129,"46,8888",300,85,17,8,0.953,0.9633333333333332,0.2833333333333333,0.2566666666666666,,,,0.0941176470588235,False
Arxiv-Nomic-100K,b7,32,130,"991,8888",300,85,14,7,0.953,0.9623333333333332,0.2833333333333333,0.26,,,,0.0823529411764705,False
Arxiv-Nomic-100K,b7,32,131,"46,991,8888",300,85,21,11,0.953,0.965,0.2833333333333333,0.2466666666666666,,,,0.1294117647058823,False
Arxiv-Nomic-100K,b7,32,132,"2266,8888",300,85,14,7,0.953,0.9633333333333332,0.2833333333333333,0.26,,,,0.0823529411764705,False
Arxiv-Nomic-100K,b7,32,133,"46,2266,8888",300,85,23,12,0.953,0.9663333333333334,0.2833333333333333,0.2433333333333333,,,,0.1411764705882353,False
Arxiv-Nomic-100K,b7,32,134,"991,2266,8888",300,85,20,11,0.953,0.9653333333333334,0.2833333333333333,0.2466666666666666,,,,0.1294117647058823,False
Arxiv-Nomic-100K,b7,32,135,"46,991,2266,8888",300,85,27,15,0.953,0.968,0.2833333333333333,0.2333333333333333,,,,0.1764705882352941,False
Arxiv-Nomic-100K,b7,32,136,"3732,8888",300,85,14,7,0.953,0.9623333333333332,0.2833333333333333,0.26,,,,0.0823529411764705,False
Arxiv-Nomic-100K,b7,32,137,"46,3732,8888",300,85,23,12,0.953,0.9653333333333334,0.2833333333333333,0.2433333333333333,,,,0.1411764705882353,False
Arxiv-Nomic-100K,b7,32,138,"991,3732,8888",300,85,20,11,0.953,0.9643333333333332,0.2833333333333333,0.2466666666666666,,,,0.1294117647058823,False
Arxiv-Nomic-100K,b7,32,139,"46,991,3732,8888",300,85,27,15,0.953,0.967,0.2833333333333333,0.2333333333333333,,,,0.1764705882352941,False
Arxiv-Nomic-100K,b7,32,140,"2266,3732,8888",300,85,20,11,0.953,0.9653333333333334,0.2833333333333333,0.2466666666666666,,,,0.1294117647058823,False
Arxiv-Nomic-100K,b7,32,141,"46,2266,3732,8888",300,85,29,16,0.953,0.9683333333333334,0.2833333333333333,0.23,,,,0.188235294117647,False
Arxiv-Nomic-100K,b7,32,142,"991,2266,3732,8888",300,85,26,15,0.953,0.9673333333333334,0.2833333333333333,0.2333333333333333,,,,0.1764705882352941,False
Arxiv-Nomic-100K,b7,32,143,"46,991,2266,3732,8888",300,85,33,19,0.953,0.97,0.2833333333333333,0.22,,,,0.2235294117647059,False
Arxiv-Nomic-100K,b7,32,144,"4177,8888",300,85,17,8,0.953,0.9646666666666668,0.2833333333333333,0.2566666666666666,,,,0.0941176470588235,False
Arxiv-Nomic-100K,b7,32,145,"46,4177,8888",300,85,24,13,0.953,0.9673333333333334,0.2833333333333333,0.24,,,,0.1529411764705882,False
Arxiv-Nomic-100K,b7,32,146,"991,4177,8888",300,85,23,12,0.953,0.9666666666666666,0.2833333333333333,0.2433333333333333,,,,0.1411764705882353,False
Arxiv-Nomic-100K,b7,32,147,"46,991,4177,8888",300,85,28,16,0.953,0.969,0.2833333333333333,0.23,,,,0.188235294117647,False
Arxiv-Nomic-100K,b7,32,148,"2266,4177,8888",300,85,20,12,0.953,0.9666666666666666,0.2833333333333333,0.2433333333333333,,,,0.1411764705882353,False
Arxiv-Nomic-100K,b7,32,149,"46,2266,4177,8888",300,85,27,17,0.953,0.9693333333333334,0.2833333333333333,0.2266666666666666,,,,0.2,False
Arxiv-Nomic-100K,b7,32,150,"991,2266,4177,8888",300,85,26,16,0.953,0.9686666666666668,0.2833333333333333,0.23,,,,0.188235294117647,False
Arxiv-Nomic-100K,b7,32,151,"46,991,2266,4177,8888",300,85,31,20,0.953,0.971,0.2833333333333333,0.2166666666666666,,,,0.2352941176470588,False
Arxiv-Nomic-100K,b7,32,152,"3732,4177,8888",300,85,23,12,0.953,0.9666666666666666,0.2833333333333333,0.2433333333333333,,,,0.1411764705882353,False
Arxiv-Nomic-100K,b7,32,153,"46,3732,4177,8888",300,85,30,17,0.953,0.9693333333333334,0.2833333333333333,0.2266666666666666,,,,0.2,False
Arxiv-Nomic-100K,b7,32,154,"991,3732,4177,8888",300,85,29,16,0.953,0.9686666666666668,0.2833333333333333,0.23,,,,0.188235294117647,False
Arxiv-Nomic-100K,b7,32,155,"46,991,3732,4177,8888",300,85,34,20,0.953,0.971,0.2833333333333333,0.2166666666666666,,,,0.2352941176470588,False
Arxiv-Nomic-100K,b7,32,156,"2266,3732,4177,8888",300,85,26,16,0.953,0.9686666666666668,0.2833333333333333,0.23,,,,0.188235294117647,False
Arxiv-Nomic-100K,b7,32,157,"46,2266,3732,4177,8888",300,85,33,21,0.953,0.9713333333333332,0.2833333333333333,0.2133333333333333,,,,0.2470588235294117,False
Arxiv-Nomic-100K,b7,32,158,"991,2266,3732,4177,8888",300,85,32,20,0.953,0.9706666666666668,0.2833333333333333,0.2166666666666666,,,,0.2352941176470588,False
Arxiv-Nomic-100K,b7,32,159,"46,991,2266,3732,4177,8888",300,85,37,24,0.953,0.973,0.2833333333333333,0.2033333333333333,,,,0.2823529411764706,False
Arxiv-Nomic-100K,b7,32,160,"4815,8888",300,85,14,7,0.953,0.9626666666666668,0.2833333333333333,0.26,,,,0.0823529411764705,False
Arxiv-Nomic-100K,b7,32,161,"46,4815,8888",300,85,22,11,0.953,0.9653333333333334,0.2833333333333333,0.2466666666666666,,,,0.1294117647058823,False
Arxiv-Nomic-100K,b7,32,162,"991,4815,8888",300,85,20,11,0.953,0.9646666666666668,0.2833333333333333,0.2466666666666666,,,,0.1294117647058823,False
Arxiv-Nomic-100K,b7,32,163,"46,991,4815,8888",300,85,26,14,0.953,0.967,0.2833333333333333,0.2366666666666666,,,,0.1647058823529411,False
Arxiv-Nomic-100K,b7,32,164,"2266,4815,8888",300,85,19,12,0.953,0.9656666666666668,0.2833333333333333,0.2433333333333333,,,,0.1411764705882353,False
Arxiv-Nomic-100K,b7,32,165,"46,2266,4815,8888",300,85,27,16,0.953,0.9683333333333334,0.2833333333333333,0.23,,,,0.188235294117647,False
Arxiv-Nomic-100K,b7,32,166,"991,2266,4815,8888",300,85,25,16,0.953,0.9676666666666666,0.2833333333333333,0.23,,,,0.188235294117647,False
Arxiv-Nomic-100K,b7,32,167,"46,991,2266,4815,8888",300,85,31,19,0.953,0.97,0.2833333333333333,0.22,,,,0.2235294117647059,False
Arxiv-Nomic-100K,b7,32,168,"3732,4815,8888",300,85,19,10,0.953,0.9643333333333332,0.2833333333333333,0.25,,,,0.1176470588235294,False
Arxiv-Nomic-100K,b7,32,169,"46,3732,4815,8888",300,85,27,14,0.953,0.967,0.2833333333333333,0.2366666666666666,,,,0.1647058823529411,False
Arxiv-Nomic-100K,b7,32,170,"991,3732,4815,8888",300,85,25,14,0.953,0.9663333333333334,0.2833333333333333,0.2366666666666666,,,,0.1647058823529411,False
Arxiv-Nomic-100K,b7,32,171,"46,991,3732,4815,8888",300,85,31,17,0.953,0.9686666666666668,0.2833333333333333,0.2266666666666666,,,,0.2,False
Arxiv-Nomic-100K,b7,32,172,"2266,3732,4815,8888",300,85,24,15,0.953,0.9673333333333334,0.2833333333333333,0.2333333333333333,,,,0.1764705882352941,False
Arxiv-Nomic-100K,b7,32,173,"46,2266,3732,4815,8888",300,85,32,19,0.953,0.97,0.2833333333333333,0.22,,,,0.2235294117647059,False
Arxiv-Nomic-100K,b7,32,174,"991,2266,3732,4815,8888",300,85,30,19,0.953,0.9693333333333334,0.2833333333333333,0.22,,,,0.2235294117647059,False
Arxiv-Nomic-100K,b7,32,175,"46,991,2266,3732,4815,8888",300,85,36,22,0.953,0.9716666666666668,0.2833333333333333,0.21,,,,0.2588235294117647,False
Arxiv-Nomic-100K,b7,32,176,"4177,4815,8888",300,85,20,11,0.953,0.966,0.2833333333333333,0.2466666666666666,,,,0.1294117647058823,False
Arxiv-Nomic-100K,b7,32,177,"46,4177,4815,8888",300,85,27,16,0.953,0.9686666666666668,0.2833333333333333,0.23,,,,0.188235294117647,False
Arxiv-Nomic-100K,b7,32,178,"991,4177,4815,8888",300,85,26,15,0.953,0.968,0.2833333333333333,0.2333333333333333,,,,0.1764705882352941,False
Arxiv-Nomic-100K,b7,32,179,"46,991,4177,4815,8888",300,85,31,19,0.953,0.9703333333333332,0.2833333333333333,0.22,,,,0.2235294117647059,False
Arxiv-Nomic-100K,b7,32,180,"2266,4177,4815,8888",300,85,23,15,0.953,0.968,0.2833333333333333,0.2333333333333333,,,,0.1764705882352941,False
Arxiv-Nomic-100K,b7,32,181,"46,2266,4177,4815,8888",300,85,30,20,0.953,0.9706666666666668,0.2833333333333333,0.2166666666666666,,,,0.2352941176470588,False
Arxiv-Nomic-100K,b7,32,182,"991,2266,4177,4815,8888",300,85,29,19,0.953,0.97,0.2833333333333333,0.22,,,,0.2235294117647059,False
Arxiv-Nomic-100K,b7,32,183,"46,991,2266,4177,4815,8888",300,85,34,23,0.953,0.9723333333333332,0.2833333333333333,0.2066666666666666,,,,0.2705882352941176,False
Arxiv-Nomic-100K,b7,32,184,"3732,4177,4815,8888",300,85,25,14,0.953,0.9676666666666666,0.2833333333333333,0.2366666666666666,,,,0.1647058823529411,False
Arxiv-Nomic-100K,b7,32,185,"46,3732,4177,4815,8888",300,85,32,19,0.953,0.9703333333333332,0.2833333333333333,0.22,,,,0.2235294117647059,False
Arxiv-Nomic-100K,b7,32,186,"991,3732,4177,4815,8888",300,85,31,18,0.953,0.9696666666666668,0.2833333333333333,0.2233333333333333,,,,0.2117647058823529,False
Arxiv-Nomic-100K,b7,32,187,"46,991,3732,4177,4815,8888",300,85,36,22,0.953,0.972,0.2833333333333333,0.21,,,,0.2588235294117647,False
Arxiv-Nomic-100K,b7,32,188,"2266,3732,4177,4815,8888",300,85,28,18,0.953,0.9696666666666668,0.2833333333333333,0.2233333333333333,,,,0.2117647058823529,False
Arxiv-Nomic-100K,b7,32,189,"46,2266,3732,4177,4815,8888",300,85,35,23,0.953,0.9723333333333332,0.2833333333333333,0.2066666666666666,,,,0.2705882352941176,False
Arxiv-Nomic-100K,b7,32,190,"991,2266,3732,4177,4815,8888",300,85,34,22,0.953,0.9716666666666668,0.2833333333333333,0.21,,,,0.2588235294117647,False
Arxiv-Nomic-100K,b7,32,191,"46,991,2266,3732,4177,4815,8888",300,85,39,26,0.953,0.974,0.2833333333333333,0.1966666666666666,,,,0.3058823529411765,False
Arxiv-Nomic-100K,b7,32,192,"7001,8888",300,85,11,4,0.953,0.9626666666666668,0.2833333333333333,0.27,,,,0.0470588235294117,False
Arxiv-Nomic-100K,b7,32,193,"46,7001,8888",300,85,20,9,0.953,0.9656666666666668,0.2833333333333333,0.2533333333333333,,,,0.1058823529411764,False
Arxiv-Nomic-100K,b7,32,194,"991,7001,8888",300,85,16,7,0.953,0.9643333333333332,0.2833333333333333,0.26,,,,0.0823529411764705,False
Arxiv-Nomic-100K,b7,32,195,"46,991,7001,8888",300,85,23,11,0.953,0.967,0.2833333333333333,0.2466666666666666,,,,0.1294117647058823,False
Arxiv-Nomic-100K,b7,32,196,"2266,7001,8888",300,85,16,8,0.953,0.965,0.2833333333333333,0.2566666666666666,,,,0.0941176470588235,False
Arxiv-Nomic-100K,b7,32,197,"46,2266,7001,8888",300,85,25,13,0.953,0.968,0.2833333333333333,0.24,,,,0.1529411764705882,False
Arxiv-Nomic-100K,b7,32,198,"991,2266,7001,8888",300,85,21,11,0.953,0.9666666666666666,0.2833333333333333,0.2466666666666666,,,,0.1294117647058823,False
Arxiv-Nomic-100K,b7,32,199,"46,991,2266,7001,8888",300,85,28,15,0.953,0.9693333333333334,0.2833333333333333,0.2333333333333333,,,,0.1764705882352941,False
Arxiv-Nomic-100K,b7,32,200,"3732,7001,8888",300,85,16,9,0.953,0.9646666666666668,0.2833333333333333,0.2533333333333333,,,,0.1058823529411764,False
Arxiv-Nomic-100K,b7,32,201,"46,3732,7001,8888",300,85,25,14,0.953,0.9676666666666666,0.2833333333333333,0.2366666666666666,,,,0.1647058823529411,False
Arxiv-Nomic-100K,b7,32,202,"991,3732,7001,8888",300,85,21,12,0.953,0.9663333333333334,0.2833333333333333,0.2433333333333333,,,,0.1411764705882353,False
Arxiv-Nomic-100K,b7,32,203,"46,991,3732,7001,8888",300,85,28,16,0.953,0.969,0.2833333333333333,0.23,,,,0.188235294117647,False
Arxiv-Nomic-100K,b7,32,204,"2266,3732,7001,8888",300,85,21,13,0.953,0.967,0.2833333333333333,0.24,,,,0.1529411764705882,False
Arxiv-Nomic-100K,b7,32,205,"46,2266,3732,7001,8888",300,85,30,18,0.953,0.97,0.2833333333333333,0.2233333333333333,,,,0.2117647058823529,False
Arxiv-Nomic-100K,b7,32,206,"991,2266,3732,7001,8888",300,85,26,16,0.953,0.9686666666666668,0.2833333333333333,0.23,,,,0.188235294117647,False
Arxiv-Nomic-100K,b7,32,207,"46,991,2266,3732,7001,8888",300,85,33,20,0.953,0.9713333333333332,0.2833333333333333,0.2166666666666666,,,,0.2352941176470588,False
Arxiv-Nomic-100K,b7,32,208,"4177,7001,8888",300,85,19,10,0.953,0.966,0.2833333333333333,0.25,,,,0.1176470588235294,False
Arxiv-Nomic-100K,b7,32,209,"46,4177,7001,8888",300,85,26,15,0.953,0.9686666666666668,0.2833333333333333,0.2333333333333333,,,,0.1764705882352941,False
Arxiv-Nomic-100K,b7,32,210,"991,4177,7001,8888",300,85,24,13,0.953,0.9676666666666666,0.2833333333333333,0.24,,,,0.1529411764705882,False
Arxiv-Nomic-100K,b7,32,211,"46,991,4177,7001,8888",300,85,29,17,0.953,0.97,0.2833333333333333,0.2266666666666666,,,,0.2,False
Arxiv-Nomic-100K,b7,32,212,"2266,4177,7001,8888",300,85,22,13,0.953,0.9673333333333334,0.2833333333333333,0.24,,,,0.1529411764705882,False
Arxiv-Nomic-100K,b7,32,213,"46,2266,4177,7001,8888",300,85,29,18,0.953,0.97,0.2833333333333333,0.2233333333333333,,,,0.2117647058823529,False
Arxiv-Nomic-100K,b7,32,214,"991,2266,4177,7001,8888",300,85,27,16,0.953,0.969,0.2833333333333333,0.23,,,,0.188235294117647,False
Arxiv-Nomic-100K,b7,32,215,"46,991,2266,4177,7001,8888",300,85,32,20,0.953,0.9713333333333332,0.2833333333333333,0.2166666666666666,,,,0.2352941176470588,False
Arxiv-Nomic-100K,b7,32,216,"3732,4177,7001,8888",300,85,24,15,0.953,0.968,0.2833333333333333,0.2333333333333333,,,,0.1764705882352941,False
Arxiv-Nomic-100K,b7,32,217,"46,3732,4177,7001,8888",300,85,31,20,0.953,0.9706666666666668,0.2833333333333333,0.2166666666666666,,,,0.2352941176470588,False
Arxiv-Nomic-100K,b7,32,218,"991,3732,4177,7001,8888",300,85,29,18,0.953,0.9696666666666668,0.2833333333333333,0.2233333333333333,,,,0.2117647058823529,False
Arxiv-Nomic-100K,b7,32,219,"46,991,3732,4177,7001,8888",300,85,34,22,0.953,0.972,0.2833333333333333,0.21,,,,0.2588235294117647,False
Arxiv-Nomic-100K,b7,32,220,"2266,3732,4177,7001,8888",300,85,27,18,0.953,0.9693333333333334,0.2833333333333333,0.2233333333333333,,,,0.2117647058823529,False
Arxiv-Nomic-100K,b7,32,221,"46,2266,3732,4177,7001,8888",300,85,34,23,0.953,0.972,0.2833333333333333,0.2066666666666666,,,,0.2705882352941176,False
Arxiv-Nomic-100K,b7,32,222,"991,2266,3732,4177,7001,8888",300,85,32,21,0.953,0.971,0.2833333333333333,0.2133333333333333,,,,0.2470588235294117,False
Arxiv-Nomic-100K,b7,32,223,"46,991,2266,3732,4177,7001,8888",300,85,37,25,0.953,0.9733333333333332,0.2833333333333333,0.2,,,,0.2941176470588235,False
Arxiv-Nomic-100K,b7,32,224,"4815,7001,8888",300,85,16,9,0.953,0.965,0.2833333333333333,0.2533333333333333,,,,0.1058823529411764,False
Arxiv-Nomic-100K,b7,32,225,"46,4815,7001,8888",300,85,24,13,0.953,0.9676666666666666,0.2833333333333333,0.24,,,,0.1529411764705882,False
Arxiv-Nomic-100K,b7,32,226,"991,4815,7001,8888",300,85,21,12,0.953,0.9666666666666666,0.2833333333333333,0.2433333333333333,,,,0.1411764705882353,False
Arxiv-Nomic-100K,b7,32,227,"46,991,4815,7001,8888",300,85,27,15,0.953,0.969,0.2833333333333333,0.2333333333333333,,,,0.1764705882352941,False
Arxiv-Nomic-100K,b7,32,228,"2266,4815,7001,8888",300,85,21,13,0.953,0.9673333333333334,0.2833333333333333,0.24,,,,0.1529411764705882,False
Arxiv-Nomic-100K,b7,32,229,"46,2266,4815,7001,8888",300,85,29,17,0.953,0.97,0.2833333333333333,0.2266666666666666,,,,0.2,False
Arxiv-Nomic-100K,b7,32,230,"991,2266,4815,7001,8888",300,85,26,16,0.953,0.969,0.2833333333333333,0.23,,,,0.188235294117647,False
Arxiv-Nomic-100K,b7,32,231,"46,991,2266,4815,7001,8888",300,85,32,19,0.953,0.9713333333333332,0.2833333333333333,0.22,,,,0.2235294117647059,False
Arxiv-Nomic-100K,b7,32,232,"3732,4815,7001,8888",300,85,20,13,0.953,0.9666666666666666,0.2833333333333333,0.24,,,,0.1529411764705882,False
Arxiv-Nomic-100K,b7,32,233,"46,3732,4815,7001,8888",300,85,28,17,0.953,0.9693333333333334,0.2833333333333333,0.2266666666666666,,,,0.2,False
Arxiv-Nomic-100K,b7,32,234,"991,3732,4815,7001,8888",300,85,25,16,0.953,0.9683333333333334,0.2833333333333333,0.23,,,,0.188235294117647,False
Arxiv-Nomic-100K,b7,32,235,"46,991,3732,4815,7001,8888",300,85,31,19,0.953,0.9706666666666668,0.2833333333333333,0.22,,,,0.2235294117647059,False
Arxiv-Nomic-100K,b7,32,236,"2266,3732,4815,7001,8888",300,85,25,17,0.953,0.969,0.2833333333333333,0.2266666666666666,,,,0.2,False
Arxiv-Nomic-100K,b7,32,237,"46,2266,3732,4815,7001,8888",300,85,33,21,0.953,0.9716666666666668,0.2833333333333333,0.2133333333333333,,,,0.2470588235294117,False
Arxiv-Nomic-100K,b7,32,238,"991,2266,3732,4815,7001,8888",300,85,30,20,0.953,0.9706666666666668,0.2833333333333333,0.2166666666666666,,,,0.2352941176470588,False
Arxiv-Nomic-100K,b7,32,239,"46,991,2266,3732,4815,7001,8888",300,85,36,23,0.953,0.973,0.2833333333333333,0.2066666666666666,,,,0.2705882352941176,False
Arxiv-Nomic-100K,b7,32,240,"4177,4815,7001,8888",300,85,22,13,0.953,0.9673333333333334,0.2833333333333333,0.24,,,,0.1529411764705882,False
Arxiv-Nomic-100K,b7,32,241,"46,4177,4815,7001,8888",300,85,29,18,0.953,0.97,0.2833333333333333,0.2233333333333333,,,,0.2117647058823529,False
Arxiv-Nomic-100K,b7,32,242,"991,4177,4815,7001,8888",300,85,27,16,0.953,0.969,0.2833333333333333,0.23,,,,0.188235294117647,False
Arxiv-Nomic-100K,b7,32,243,"46,991,4177,4815,7001,8888",300,85,32,20,0.953,0.9713333333333332,0.2833333333333333,0.2166666666666666,,,,0.2352941176470588,False
Arxiv-Nomic-100K,b7,32,244,"2266,4177,4815,7001,8888",300,85,25,16,0.953,0.9686666666666668,0.2833333333333333,0.23,,,,0.188235294117647,False
Arxiv-Nomic-100K,b7,32,245,"46,2266,4177,4815,7001,8888",300,85,32,21,0.953,0.9713333333333332,0.2833333333333333,0.2133333333333333,,,,0.2470588235294117,False
Arxiv-Nomic-100K,b7,32,246,"991,2266,4177,4815,7001,8888",300,85,30,19,0.953,0.9703333333333332,0.2833333333333333,0.22,,,,0.2235294117647059,False
Arxiv-Nomic-100K,b7,32,247,"46,991,2266,4177,4815,7001,8888",300,85,35,23,0.953,0.9726666666666668,0.2833333333333333,0.2066666666666666,,,,0.2705882352941176,False
Arxiv-Nomic-100K,b7,32,248,"3732,4177,4815,7001,8888",300,85,26,17,0.953,0.969,0.2833333333333333,0.2266666666666666,,,,0.2,False
Arxiv-Nomic-100K,b7,32,249,"46,3732,4177,4815,7001,8888",300,85,33,22,0.953,0.9716666666666668,0.2833333333333333,0.21,,,,0.2588235294117647,False
Arxiv-Nomic-100K,b7,32,250,"991,3732,4177,4815,7001,8888",300,85,31,20,0.953,0.9706666666666668,0.2833333333333333,0.2166666666666666,,,,0.2352941176470588,False
Arxiv-Nomic-100K,b7,32,251,"46,991,3732,4177,4815,7001,8888",300,85,36,24,0.953,0.973,0.2833333333333333,0.2033333333333333,,,,0.2823529411764706,False
Arxiv-Nomic-100K,b7,32,252,"2266,3732,4177,4815,7001,8888",300,85,29,20,0.953,0.9703333333333332,0.2833333333333333,0.2166666666666666,,,,0.2352941176470588,False
Arxiv-Nomic-100K,b7,32,253,"46,2266,3732,4177,4815,7001,8888",300,85,36,25,0.953,0.973,0.2833333333333333,0.2,,,,0.2941176470588235,False
Arxiv-Nomic-100K,b7,32,254,"991,2266,3732,4177,4815,7001,8888",300,85,34,23,0.953,0.972,0.2833333333333333,0.2066666666666666,,,,0.2705882352941176,False
Arxiv-Nomic-100K,b7,32,255,"46,991,2266,3732,4177,4815,7001,8888",300,85,39,27,0.953,0.9743333333333334,0.2833333333333333,0.1933333333333333,,,,0.3176470588235294,False
Arxiv-Nomic-100K,b7,64,0,EMPTY,300,25,0,0,0.9896666666666668,0.9896666666666668,0.0833333333333333,0.0833333333333333,128.0,128.0,128.01291666666663,0.0,True
Arxiv-Nomic-100K,b7,64,1,46,300,25,3,1,0.9896666666666668,0.9906666666666666,0.0833333333333333,0.08,,,,0.04,False
Arxiv-Nomic-100K,b7,64,2,991,300,25,2,1,0.9896666666666668,0.9903333333333334,0.0833333333333333,0.08,,,,0.04,False
Arxiv-Nomic-100K,b7,64,3,"46,991",300,25,5,2,0.9896666666666668,0.9913333333333334,0.0833333333333333,0.0766666666666666,,,,0.08,False
Arxiv-Nomic-100K,b7,64,4,2266,300,25,1,0,0.9896666666666668,0.99,0.0833333333333333,0.0833333333333333,,,,0.0,False
Arxiv-Nomic-100K,b7,64,5,"46,2266",300,25,4,1,0.9896666666666668,0.991,0.0833333333333333,0.08,,,,0.04,False
Arxiv-Nomic-100K,b7,64,6,"991,2266",300,25,3,1,0.9896666666666668,0.9906666666666666,0.0833333333333333,0.08,,,,0.04,False
Arxiv-Nomic-100K,b7,64,7,"46,991,2266",300,25,6,2,0.9896666666666668,0.9916666666666666,0.0833333333333333,0.0766666666666666,,,,0.08,False
Arxiv-Nomic-100K,b7,64,8,3732,300,25,2,1,0.9896666666666668,0.9903333333333334,0.0833333333333333,0.08,,,,0.04,False
Arxiv-Nomic-100K,b7,64,9,"46,3732",300,25,5,2,0.9896666666666668,0.9913333333333334,0.0833333333333333,0.0766666666666666,,,,0.08,False
Arxiv-Nomic-100K,b7,64,10,"991,3732",300,25,3,2,0.9896666666666668,0.9906666666666666,0.0833333333333333,0.0766666666666666,,,,0.08,False
Arxiv-Nomic-100K,b7,64,11,"46,991,3732",300,25,6,3,0.9896666666666668,0.9916666666666666,0.0833333333333333,0.0733333333333333,,,,0.12,False
Arxiv-Nomic-100K,b7,64,12,"2266,3732",300,25,3,1,0.9896666666666668,0.9906666666666666,0.0833333333333333,0.08,,,,0.04,False
Arxiv-Nomic-100K,b7,64,13,"46,2266,3732",300,25,6,2,0.9896666666666668,0.9916666666666666,0.0833333333333333,0.0766666666666666,,,,0.08,False
Arxiv-Nomic-100K,b7,64,14,"991,2266,3732",300,25,4,2,0.9896666666666668,0.991,0.0833333333333333,0.0766666666666666,,,,0.08,False
Arxiv-Nomic-100K,b7,64,15,"46,991,2266,3732",300,25,7,3,0.9896666666666668,0.992,0.0833333333333333,0.0733333333333333,,,,0.12,False
Arxiv-Nomic-100K,b7,64,16,4177,300,25,4,2,0.9896666666666668,0.991,0.0833333333333333,0.0766666666666666,,,,0.08,False
Arxiv-Nomic-100K,b7,64,17,"46,4177",300,25,6,4,0.9896666666666668,0.992,0.0833333333333333,0.07,,,,0.16,False
Arxiv-Nomic-100K,b7,64,18,"991,4177",300,25,5,3,0.9896666666666668,0.9913333333333334,0.0833333333333333,0.0733333333333333,,,,0.12,False
Arxiv-Nomic-100K,b7,64,19,"46,991,4177",300,25,7,5,0.9896666666666668,0.9923333333333334,0.0833333333333333,0.0666666666666666,,,,0.2,False
Arxiv-Nomic-100K,b7,64,20,"2266,4177",300,25,5,2,0.9896666666666668,0.9913333333333334,0.0833333333333333,0.0766666666666666,,,,0.08,False
Arxiv-Nomic-100K,b7,64,21,"46,2266,4177",300,25,7,4,0.9896666666666668,0.9923333333333334,0.0833333333333333,0.07,,,,0.16,False
Arxiv-Nomic-100K,b7,64,22,"991,2266,4177",300,25,6,3,0.9896666666666668,0.9916666666666666,0.0833333333333333,0.0733333333333333,,,,0.12,False
Arxiv-Nomic-100K,b7,64,23,"46,991,2266,4177",300,25,8,5,0.9896666666666668,0.9926666666666666,0.0833333333333333,0.0666666666666666,,,,0.2,False
Arxiv-Nomic-100K,b7,64,24,"3732,4177",300,25,5,3,0.9896666666666668,0.9913333333333334,0.0833333333333333,0.0733333333333333,,,,0.12,False
Arxiv-Nomic-100K,b7,64,25,"46,3732,4177",300,25,7,5,0.9896666666666668,0.9923333333333334,0.0833333333333333,0.0666666666666666,,,,0.2,False
Arxiv-Nomic-100K,b7,64,26,"991,3732,4177",300,25,6,4,0.9896666666666668,0.9916666666666666,0.0833333333333333,0.07,,,,0.16,False
Arxiv-Nomic-100K,b7,64,27,"46,991,3732,4177",300,25,8,6,0.9896666666666668,0.9926666666666666,0.0833333333333333,0.0633333333333333,,,,0.24,False
Arxiv-Nomic-100K,b7,64,28,"2266,3732,4177",300,25,6,3,0.9896666666666668,0.9916666666666666,0.0833333333333333,0.0733333333333333,,,,0.12,False
Arxiv-Nomic-100K,b7,64,29,"46,2266,3732,4177",300,25,8,5,0.9896666666666668,0.9926666666666666,0.0833333333333333,0.0666666666666666,,,,0.2,False
Arxiv-Nomic-100K,b7,64,30,"991,2266,3732,4177",300,25,7,4,0.9896666666666668,0.992,0.0833333333333333,0.07,,,,0.16,False
Arxiv-Nomic-100K,b7,64,31,"46,991,2266,3732,4177",300,25,9,6,0.9896666666666668,0.993,0.0833333333333333,0.0633333333333333,,,,0.24,False
Arxiv-Nomic-100K,b7,64,32,4815,300,25,2,1,0.9896666666666668,0.9903333333333334,0.0833333333333333,0.08,,,,0.04,False
Arxiv-Nomic-100K,b7,64,33,"46,4815",300,25,5,2,0.9896666666666668,0.9913333333333334,0.0833333333333333,0.0766666666666666,,,,0.08,False
Arxiv-Nomic-100K,b7,64,34,"991,4815",300,25,3,2,0.9896666666666668,0.9906666666666666,0.0833333333333333,0.0766666666666666,,,,0.08,False
Arxiv-Nomic-100K,b7,64,35,"46,991,4815",300,25,6,3,0.9896666666666668,0.9916666666666666,0.0833333333333333,0.0733333333333333,,,,0.12,False
Arxiv-Nomic-100K,b7,64,36,"2266,4815",300,25,3,1,0.9896666666666668,0.9906666666666666,0.0833333333333333,0.08,,,,0.04,False
Arxiv-Nomic-100K,b7,64,37,"46,2266,4815",300,25,6,2,0.9896666666666668,0.9916666666666666,0.0833333333333333,0.0766666666666666,,,,0.08,False
Arxiv-Nomic-100K,b7,64,38,"991,2266,4815",300,25,4,2,0.9896666666666668,0.991,0.0833333333333333,0.0766666666666666,,,,0.08,False
Arxiv-Nomic-100K,b7,64,39,"46,991,2266,4815",300,25,7,3,0.9896666666666668,0.992,0.0833333333333333,0.0733333333333333,,,,0.12,False
Arxiv-Nomic-100K,b7,64,40,"3732,4815",300,25,3,2,0.9896666666666668,0.9906666666666666,0.0833333333333333,0.0766666666666666,,,,0.08,False
Arxiv-Nomic-100K,b7,64,41,"46,3732,4815",300,25,6,3,0.9896666666666668,0.9916666666666666,0.0833333333333333,0.0733333333333333,,,,0.12,False
Arxiv-Nomic-100K,b7,64,42,"991,3732,4815",300,25,4,3,0.9896666666666668,0.991,0.0833333333333333,0.0733333333333333,,,,0.12,False
Arxiv-Nomic-100K,b7,64,43,"46,991,3732,4815",300,25,7,4,0.9896666666666668,0.992,0.0833333333333333,0.07,,,,0.16,False
Arxiv-Nomic-100K,b7,64,44,"2266,3732,4815",300,25,4,2,0.9896666666666668,0.991,0.0833333333333333,0.0766666666666666,,,,0.08,False
Arxiv-Nomic-100K,b7,64,45,"46,2266,3732,4815",300,25,7,3,0.9896666666666668,0.992,0.0833333333333333,0.0733333333333333,,,,0.12,False
Arxiv-Nomic-100K,b7,64,46,"991,2266,3732,4815",300,25,5,3,0.9896666666666668,0.9913333333333334,0.0833333333333333,0.0733333333333333,,,,0.12,False
Arxiv-Nomic-100K,b7,64,47,"46,991,2266,3732,4815",300,25,8,4,0.9896666666666668,0.9923333333333334,0.0833333333333333,0.07,,,,0.16,False
Arxiv-Nomic-100K,b7,64,48,"4177,4815",300,25,4,2,0.9896666666666668,0.991,0.0833333333333333,0.0766666666666666,,,,0.08,False
Arxiv-Nomic-100K,b7,64,49,"46,4177,4815",300,25,6,4,0.9896666666666668,0.992,0.0833333333333333,0.07,,,,0.16,False
Arxiv-Nomic-100K,b7,64,50,"991,4177,4815",300,25,5,3,0.9896666666666668,0.9913333333333334,0.0833333333333333,0.0733333333333333,,,,0.12,False
Arxiv-Nomic-100K,b7,64,51,"46,991,4177,4815",300,25,7,5,0.9896666666666668,0.9923333333333334,0.0833333333333333,0.0666666666666666,,,,0.2,False
Arxiv-Nomic-100K,b7,64,52,"2266,4177,4815",300,25,5,2,0.9896666666666668,0.9913333333333334,0.0833333333333333,0.0766666666666666,,,,0.08,False
Arxiv-Nomic-100K,b7,64,53,"46,2266,4177,4815",300,25,7,4,0.9896666666666668,0.9923333333333334,0.0833333333333333,0.07,,,,0.16,False
Arxiv-Nomic-100K,b7,64,54,"991,2266,4177,4815",300,25,6,3,0.9896666666666668,0.9916666666666666,0.0833333333333333,0.0733333333333333,,,,0.12,False
Arxiv-Nomic-100K,b7,64,55,"46,991,2266,4177,4815",300,25,8,5,0.9896666666666668,0.9926666666666666,0.0833333333333333,0.0666666666666666,,,,0.2,False
Arxiv-Nomic-100K,b7,64,56,"3732,4177,4815",300,25,5,3,0.9896666666666668,0.9913333333333334,0.0833333333333333,0.0733333333333333,,,,0.12,False
Arxiv-Nomic-100K,b7,64,57,"46,3732,4177,4815",300,25,7,5,0.9896666666666668,0.9923333333333334,0.0833333333333333,0.0666666666666666,,,,0.2,False
Arxiv-Nomic-100K,b7,64,58,"991,3732,4177,4815",300,25,6,4,0.9896666666666668,0.9916666666666666,0.0833333333333333,0.07,,,,0.16,False
Arxiv-Nomic-100K,b7,64,59,"46,991,3732,4177,4815",300,25,8,6,0.9896666666666668,0.9926666666666666,0.0833333333333333,0.0633333333333333,,,,0.24,False
Arxiv-Nomic-100K,b7,64,60,"2266,3732,4177,4815",300,25,6,3,0.9896666666666668,0.9916666666666666,0.0833333333333333,0.0733333333333333,,,,0.12,False
Arxiv-Nomic-100K,b7,64,61,"46,2266,3732,4177,4815",300,25,8,5,0.9896666666666668,0.9926666666666666,0.0833333333333333,0.0666666666666666,,,,0.2,False
Arxiv-Nomic-100K,b7,64,62,"991,2266,3732,4177,4815",300,25,7,4,0.9896666666666668,0.992,0.0833333333333333,0.07,,,,0.16,False
Arxiv-Nomic-100K,b7,64,63,"46,991,2266,3732,4177,4815",300,25,9,6,0.9896666666666668,0.993,0.0833333333333333,0.0633333333333333,,,,0.24,False
Arxiv-Nomic-100K,b7,64,64,7001,300,25,1,0,0.9896666666666668,0.99,0.0833333333333333,0.0833333333333333,,,,0.0,False
Arxiv-Nomic-100K,b7,64,65,"46,7001",300,25,4,1,0.9896666666666668,0.991,0.0833333333333333,0.08,,,,0.04,False
Arxiv-Nomic-100K,b7,64,66,"991,7001",300,25,2,1,0.9896666666666668,0.9903333333333334,0.0833333333333333,0.08,,,,0.04,False
Arxiv-Nomic-100K,b7,64,67,"46,991,7001",300,25,5,2,0.9896666666666668,0.9913333333333334,0.0833333333333333,0.0766666666666666,,,,0.08,False
Arxiv-Nomic-100K,b7,64,68,"2266,7001",300,25,2,0,0.9896666666666668,0.9903333333333334,0.0833333333333333,0.0833333333333333,,,,0.0,False
Arxiv-Nomic-100K,b7,64,69,"46,2266,7001",300,25,5,1,0.9896666666666668,0.9913333333333334,0.0833333333333333,0.08,,,,0.04,False
Arxiv-Nomic-100K,b7,64,70,"991,2266,7001",300,25,3,1,0.9896666666666668,0.9906666666666666,0.0833333333333333,0.08,,,,0.04,False
Arxiv-Nomic-100K,b7,64,71,"46,991,2266,7001",300,25,6,2,0.9896666666666668,0.9916666666666666,0.0833333333333333,0.0766666666666666,,,,0.08,False
Arxiv-Nomic-100K,b7,64,72,"3732,7001",300,25,2,1,0.9896666666666668,0.9903333333333334,0.0833333333333333,0.08,,,,0.04,False
Arxiv-Nomic-100K,b7,64,73,"46,3732,7001",300,25,5,2,0.9896666666666668,0.9913333333333334,0.0833333333333333,0.0766666666666666,,,,0.08,False
Arxiv-Nomic-100K,b7,64,74,"991,3732,7001",300,25,3,2,0.9896666666666668,0.9906666666666666,0.0833333333333333,0.0766666666666666,,,,0.08,False
Arxiv-Nomic-100K,b7,64,75,"46,991,3732,7001",300,25,6,3,0.9896666666666668,0.9916666666666666,0.0833333333333333,0.0733333333333333,,,,0.12,False
Arxiv-Nomic-100K,b7,64,76,"2266,3732,7001",300,25,3,1,0.9896666666666668,0.9906666666666666,0.0833333333333333,0.08,,,,0.04,False
Arxiv-Nomic-100K,b7,64,77,"46,2266,3732,7001",300,25,6,2,0.9896666666666668,0.9916666666666666,0.0833333333333333,0.0766666666666666,,,,0.08,False
Arxiv-Nomic-100K,b7,64,78,"991,2266,3732,7001",300,25,4,2,0.9896666666666668,0.991,0.0833333333333333,0.0766666666666666,,,,0.08,False
Arxiv-Nomic-100K,b7,64,79,"46,991,2266,3732,7001",300,25,7,3,0.9896666666666668,0.992,0.0833333333333333,0.0733333333333333,,,,0.12,False
Arxiv-Nomic-100K,b7,64,80,"4177,7001",300,25,4,2,0.9896666666666668,0.991,0.0833333333333333,0.0766666666666666,,,,0.08,False
Arxiv-Nomic-100K,b7,64,81,"46,4177,7001",300,25,6,4,0.9896666666666668,0.992,0.0833333333333333,0.07,,,,0.16,False
Arxiv-Nomic-100K,b7,64,82,"991,4177,7001",300,25,5,3,0.9896666666666668,0.9913333333333334,0.0833333333333333,0.0733333333333333,,,,0.12,False
Arxiv-Nomic-100K,b7,64,83,"46,991,4177,7001",300,25,7,5,0.9896666666666668,0.9923333333333334,0.0833333333333333,0.0666666666666666,,,,0.2,False
Arxiv-Nomic-100K,b7,64,84,"2266,4177,7001",300,25,5,2,0.9896666666666668,0.9913333333333334,0.0833333333333333,0.0766666666666666,,,,0.08,False
Arxiv-Nomic-100K,b7,64,85,"46,2266,4177,7001",300,25,7,4,0.9896666666666668,0.9923333333333334,0.0833333333333333,0.07,,,,0.16,False
Arxiv-Nomic-100K,b7,64,86,"991,2266,4177,7001",300,25,6,3,0.9896666666666668,0.9916666666666666,0.0833333333333333,0.0733333333333333,,,,0.12,False
Arxiv-Nomic-100K,b7,64,87,"46,991,2266,4177,7001",300,25,8,5,0.9896666666666668,0.9926666666666666,0.0833333333333333,0.0666666666666666,,,,0.2,False
Arxiv-Nomic-100K,b7,64,88,"3732,4177,7001",300,25,5,3,0.9896666666666668,0.9913333333333334,0.0833333333333333,0.0733333333333333,,,,0.12,False
Arxiv-Nomic-100K,b7,64,89,"46,3732,4177,7001",300,25,7,5,0.9896666666666668,0.9923333333333334,0.0833333333333333,0.0666666666666666,,,,0.2,False
Arxiv-Nomic-100K,b7,64,90,"991,3732,4177,7001",300,25,6,4,0.9896666666666668,0.9916666666666666,0.0833333333333333,0.07,,,,0.16,False
Arxiv-Nomic-100K,b7,64,91,"46,991,3732,4177,7001",300,25,8,6,0.9896666666666668,0.9926666666666666,0.0833333333333333,0.0633333333333333,,,,0.24,False
Arxiv-Nomic-100K,b7,64,92,"2266,3732,4177,7001",300,25,6,3,0.9896666666666668,0.9916666666666666,0.0833333333333333,0.0733333333333333,,,,0.12,False
Arxiv-Nomic-100K,b7,64,93,"46,2266,3732,4177,7001",300,25,8,5,0.9896666666666668,0.9926666666666666,0.0833333333333333,0.0666666666666666,,,,0.2,False
Arxiv-Nomic-100K,b7,64,94,"991,2266,3732,4177,7001",300,25,7,4,0.9896666666666668,0.992,0.0833333333333333,0.07,,,,0.16,False
Arxiv-Nomic-100K,b7,64,95,"46,991,2266,3732,4177,7001",300,25,9,6,0.9896666666666668,0.993,0.0833333333333333,0.0633333333333333,,,,0.24,False
Arxiv-Nomic-100K,b7,64,96,"4815,7001",300,25,2,1,0.9896666666666668,0.9903333333333334,0.0833333333333333,0.08,,,,0.04,False
Arxiv-Nomic-100K,b7,64,97,"46,4815,7001",300,25,5,2,0.9896666666666668,0.9913333333333334,0.0833333333333333,0.0766666666666666,,,,0.08,False
Arxiv-Nomic-100K,b7,64,98,"991,4815,7001",300,25,3,2,0.9896666666666668,0.9906666666666666,0.0833333333333333,0.0766666666666666,,,,0.08,False
Arxiv-Nomic-100K,b7,64,99,"46,991,4815,7001",300,25,6,3,0.9896666666666668,0.9916666666666666,0.0833333333333333,0.0733333333333333,,,,0.12,False
Arxiv-Nomic-100K,b7,64,100,"2266,4815,7001",300,25,3,1,0.9896666666666668,0.9906666666666666,0.0833333333333333,0.08,,,,0.04,False
Arxiv-Nomic-100K,b7,64,101,"46,2266,4815,7001",300,25,6,2,0.9896666666666668,0.9916666666666666,0.0833333333333333,0.0766666666666666,,,,0.08,False
Arxiv-Nomic-100K,b7,64,102,"991,2266,4815,7001",300,25,4,2,0.9896666666666668,0.991,0.0833333333333333,0.0766666666666666,,,,0.08,False
Arxiv-Nomic-100K,b7,64,103,"46,991,2266,4815,7001",300,25,7,3,0.9896666666666668,0.992,0.0833333333333333,0.0733333333333333,,,,0.12,False
Arxiv-Nomic-100K,b7,64,104,"3732,4815,7001",300,25,3,2,0.9896666666666668,0.9906666666666666,0.0833333333333333,0.0766666666666666,,,,0.08,False
Arxiv-Nomic-100K,b7,64,105,"46,3732,4815,7001",300,25,6,3,0.9896666666666668,0.9916666666666666,0.0833333333333333,0.0733333333333333,,,,0.12,False
Arxiv-Nomic-100K,b7,64,106,"991,3732,4815,7001",300,25,4,3,0.9896666666666668,0.991,0.0833333333333333,0.0733333333333333,,,,0.12,False
Arxiv-Nomic-100K,b7,64,107,"46,991,3732,4815,7001",300,25,7,4,0.9896666666666668,0.992,0.0833333333333333,0.07,,,,0.16,False
Arxiv-Nomic-100K,b7,64,108,"2266,3732,4815,7001",300,25,4,2,0.9896666666666668,0.991,0.0833333333333333,0.0766666666666666,,,,0.08,False
Arxiv-Nomic-100K,b7,64,109,"46,2266,3732,4815,7001",300,25,7,3,0.9896666666666668,0.992,0.0833333333333333,0.0733333333333333,,,,0.12,False
Arxiv-Nomic-100K,b7,64,110,"991,2266,3732,4815,7001",300,25,5,3,0.9896666666666668,0.9913333333333334,0.0833333333333333,0.0733333333333333,,,,0.12,False
Arxiv-Nomic-100K,b7,64,111,"46,991,2266,3732,4815,7001",300,25,8,4,0.9896666666666668,0.9923333333333334,0.0833333333333333,0.07,,,,0.16,False
Arxiv-Nomic-100K,b7,64,112,"4177,4815,7001",300,25,4,2,0.9896666666666668,0.991,0.0833333333333333,0.0766666666666666,,,,0.08,False
Arxiv-Nomic-100K,b7,64,113,"46,4177,4815,7001",300,25,6,4,0.9896666666666668,0.992,0.0833333333333333,0.07,,,,0.16,False
Arxiv-Nomic-100K,b7,64,114,"991,4177,4815,7001",300,25,5,3,0.9896666666666668,0.9913333333333334,0.0833333333333333,0.0733333333333333,,,,0.12,False
Arxiv-Nomic-100K,b7,64,115,"46,991,4177,4815,7001",300,25,7,5,0.9896666666666668,0.9923333333333334,0.0833333333333333,0.0666666666666666,,,,0.2,False
Arxiv-Nomic-100K,b7,64,116,"2266,4177,4815,7001",300,25,5,2,0.9896666666666668,0.9913333333333334,0.0833333333333333,0.0766666666666666,,,,0.08,False
Arxiv-Nomic-100K,b7,64,117,"46,2266,4177,4815,7001",300,25,7,4,0.9896666666666668,0.9923333333333334,0.0833333333333333,0.07,,,,0.16,False
Arxiv-Nomic-100K,b7,64,118,"991,2266,4177,4815,7001",300,25,6,3,0.9896666666666668,0.9916666666666666,0.0833333333333333,0.0733333333333333,,,,0.12,False
Arxiv-Nomic-100K,b7,64,119,"46,991,2266,4177,4815,7001",300,25,8,5,0.9896666666666668,0.9926666666666666,0.0833333333333333,0.0666666666666666,,,,0.2,False
Arxiv-Nomic-100K,b7,64,120,"3732,4177,4815,7001",300,25,5,3,0.9896666666666668,0.9913333333333334,0.0833333333333333,0.0733333333333333,,,,0.12,False
Arxiv-Nomic-100K,b7,64,121,"46,3732,4177,4815,7001",300,25,7,5,0.9896666666666668,0.9923333333333334,0.0833333333333333,0.0666666666666666,,,,0.2,False
Arxiv-Nomic-100K,b7,64,122,"991,3732,4177,4815,7001",300,25,6,4,0.9896666666666668,0.9916666666666666,0.0833333333333333,0.07,,,,0.16,False
Arxiv-Nomic-100K,b7,64,123,"46,991,3732,4177,4815,7001",300,25,8,6,0.9896666666666668,0.9926666666666666,0.0833333333333333,0.0633333333333333,,,,0.24,False
Arxiv-Nomic-100K,b7,64,124,"2266,3732,4177,4815,7001",300,25,6,3,0.9896666666666668,0.9916666666666666,0.0833333333333333,0.0733333333333333,,,,0.12,False
Arxiv-Nomic-100K,b7,64,125,"46,2266,3732,4177,4815,7001",300,25,8,5,0.9896666666666668,0.9926666666666666,0.0833333333333333,0.0666666666666666,,,,0.2,False
Arxiv-Nomic-100K,b7,64,126,"991,2266,3732,4177,4815,7001",300,25,7,4,0.9896666666666668,0.992,0.0833333333333333,0.07,,,,0.16,False
Arxiv-Nomic-100K,b7,64,127,"46,991,2266,3732,4177,4815,7001",300,25,9,6,0.9896666666666668,0.993,0.0833333333333333,0.0633333333333333,,,,0.24,False
Arxiv-Nomic-100K,b7,64,128,8888,300,25,1,0,0.9896666666666668,0.99,0.0833333333333333,0.0833333333333333,,,,0.0,False
Arxiv-Nomic-100K,b7,64,129,"46,8888",300,25,4,1,0.9896666666666668,0.991,0.0833333333333333,0.08,,,,0.04,False
Arxiv-Nomic-100K,b7,64,130,"991,8888",300,25,2,1,0.9896666666666668,0.9903333333333334,0.0833333333333333,0.08,,,,0.04,False
Arxiv-Nomic-100K,b7,64,131,"46,991,8888",300,25,5,2,0.9896666666666668,0.9913333333333334,0.0833333333333333,0.0766666666666666,,,,0.08,False
Arxiv-Nomic-100K,b7,64,132,"2266,8888",300,25,2,0,0.9896666666666668,0.9903333333333334,0.0833333333333333,0.0833333333333333,,,,0.0,False
Arxiv-Nomic-100K,b7,64,133,"46,2266,8888",300,25,5,1,0.9896666666666668,0.9913333333333334,0.0833333333333333,0.08,,,,0.04,False
Arxiv-Nomic-100K,b7,64,134,"991,2266,8888",300,25,3,1,0.9896666666666668,0.9906666666666666,0.0833333333333333,0.08,,,,0.04,False
Arxiv-Nomic-100K,b7,64,135,"46,991,2266,8888",300,25,6,2,0.9896666666666668,0.9916666666666666,0.0833333333333333,0.0766666666666666,,,,0.08,False
Arxiv-Nomic-100K,b7,64,136,"3732,8888",300,25,2,1,0.9896666666666668,0.9903333333333334,0.0833333333333333,0.08,,,,0.04,False
Arxiv-Nomic-100K,b7,64,137,"46,3732,8888",300,25,5,2,0.9896666666666668,0.9913333333333334,0.0833333333333333,0.0766666666666666,,,,0.08,False
Arxiv-Nomic-100K,b7,64,138,"991,3732,8888",300,25,3,2,0.9896666666666668,0.9906666666666666,0.0833333333333333,0.0766666666666666,,,,0.08,False
Arxiv-Nomic-100K,b7,64,139,"46,991,3732,8888",300,25,6,3,0.9896666666666668,0.9916666666666666,0.0833333333333333,0.0733333333333333,,,,0.12,False
Arxiv-Nomic-100K,b7,64,140,"2266,3732,8888",300,25,3,1,0.9896666666666668,0.9906666666666666,0.0833333333333333,0.08,,,,0.04,False
Arxiv-Nomic-100K,b7,64,141,"46,2266,3732,8888",300,25,6,2,0.9896666666666668,0.9916666666666666,0.0833333333333333,0.0766666666666666,,,,0.08,False
Arxiv-Nomic-100K,b7,64,142,"991,2266,3732,8888",300,25,4,2,0.9896666666666668,0.991,0.0833333333333333,0.0766666666666666,,,,0.08,False
Arxiv-Nomic-100K,b7,64,143,"46,991,2266,3732,8888",300,25,7,3,0.9896666666666668,0.992,0.0833333333333333,0.0733333333333333,,,,0.12,False
Arxiv-Nomic-100K,b7,64,144,"4177,8888",300,25,4,2,0.9896666666666668,0.991,0.0833333333333333,0.0766666666666666,,,,0.08,False
Arxiv-Nomic-100K,b7,64,145,"46,4177,8888",300,25,6,4,0.9896666666666668,0.992,0.0833333333333333,0.07,,,,0.16,False
Arxiv-Nomic-100K,b7,64,146,"991,4177,8888",300,25,5,3,0.9896666666666668,0.9913333333333334,0.0833333333333333,0.0733333333333333,,,,0.12,False
Arxiv-Nomic-100K,b7,64,147,"46,991,4177,8888",300,25,7,5,0.9896666666666668,0.9923333333333334,0.0833333333333333,0.0666666666666666,,,,0.2,False
Arxiv-Nomic-100K,b7,64,148,"2266,4177,8888",300,25,5,2,0.9896666666666668,0.9913333333333334,0.0833333333333333,0.0766666666666666,,,,0.08,False
Arxiv-Nomic-100K,b7,64,149,"46,2266,4177,8888",300,25,7,4,0.9896666666666668,0.9923333333333334,0.0833333333333333,0.07,,,,0.16,False
Arxiv-Nomic-100K,b7,64,150,"991,2266,4177,8888",300,25,6,3,0.9896666666666668,0.9916666666666666,0.0833333333333333,0.0733333333333333,,,,0.12,False
Arxiv-Nomic-100K,b7,64,151,"46,991,2266,4177,8888",300,25,8,5,0.9896666666666668,0.9926666666666666,0.0833333333333333,0.0666666666666666,,,,0.2,False
Arxiv-Nomic-100K,b7,64,152,"3732,4177,8888",300,25,5,3,0.9896666666666668,0.9913333333333334,0.0833333333333333,0.0733333333333333,,,,0.12,False
Arxiv-Nomic-100K,b7,64,153,"46,3732,4177,8888",300,25,7,5,0.9896666666666668,0.9923333333333334,0.0833333333333333,0.0666666666666666,,,,0.2,False
Arxiv-Nomic-100K,b7,64,154,"991,3732,4177,8888",300,25,6,4,0.9896666666666668,0.9916666666666666,0.0833333333333333,0.07,,,,0.16,False
Arxiv-Nomic-100K,b7,64,155,"46,991,3732,4177,8888",300,25,8,6,0.9896666666666668,0.9926666666666666,0.0833333333333333,0.0633333333333333,,,,0.24,False
Arxiv-Nomic-100K,b7,64,156,"2266,3732,4177,8888",300,25,6,3,0.9896666666666668,0.9916666666666666,0.0833333333333333,0.0733333333333333,,,,0.12,False
Arxiv-Nomic-100K,b7,64,157,"46,2266,3732,4177,8888",300,25,8,5,0.9896666666666668,0.9926666666666666,0.0833333333333333,0.0666666666666666,,,,0.2,False
Arxiv-Nomic-100K,b7,64,158,"991,2266,3732,4177,8888",300,25,7,4,0.9896666666666668,0.992,0.0833333333333333,0.07,,,,0.16,False
Arxiv-Nomic-100K,b7,64,159,"46,991,2266,3732,4177,8888",300,25,9,6,0.9896666666666668,0.993,0.0833333333333333,0.0633333333333333,,,,0.24,False
Arxiv-Nomic-100K,b7,64,160,"4815,8888",300,25,2,1,0.9896666666666668,0.9903333333333334,0.0833333333333333,0.08,,,,0.04,False
Arxiv-Nomic-100K,b7,64,161,"46,4815,8888",300,25,5,2,0.9896666666666668,0.9913333333333334,0.0833333333333333,0.0766666666666666,,,,0.08,False
Arxiv-Nomic-100K,b7,64,162,"991,4815,8888",300,25,3,2,0.9896666666666668,0.9906666666666666,0.0833333333333333,0.0766666666666666,,,,0.08,False
Arxiv-Nomic-100K,b7,64,163,"46,991,4815,8888",300,25,6,3,0.9896666666666668,0.9916666666666666,0.0833333333333333,0.0733333333333333,,,,0.12,False
Arxiv-Nomic-100K,b7,64,164,"2266,4815,8888",300,25,3,1,0.9896666666666668,0.9906666666666666,0.0833333333333333,0.08,,,,0.04,False
Arxiv-Nomic-100K,b7,64,165,"46,2266,4815,8888",300,25,6,2,0.9896666666666668,0.9916666666666666,0.0833333333333333,0.0766666666666666,,,,0.08,False
Arxiv-Nomic-100K,b7,64,166,"991,2266,4815,8888",300,25,4,2,0.9896666666666668,0.991,0.0833333333333333,0.0766666666666666,,,,0.08,False
Arxiv-Nomic-100K,b7,64,167,"46,991,2266,4815,8888",300,25,7,3,0.9896666666666668,0.992,0.0833333333333333,0.0733333333333333,,,,0.12,False
Arxiv-Nomic-100K,b7,64,168,"3732,4815,8888",300,25,3,2,0.9896666666666668,0.9906666666666666,0.0833333333333333,0.0766666666666666,,,,0.08,False
Arxiv-Nomic-100K,b7,64,169,"46,3732,4815,8888",300,25,6,3,0.9896666666666668,0.9916666666666666,0.0833333333333333,0.0733333333333333,,,,0.12,False
Arxiv-Nomic-100K,b7,64,170,"991,3732,4815,8888",300,25,4,3,0.9896666666666668,0.991,0.0833333333333333,0.0733333333333333,,,,0.12,False
Arxiv-Nomic-100K,b7,64,171,"46,991,3732,4815,8888",300,25,7,4,0.9896666666666668,0.992,0.0833333333333333,0.07,,,,0.16,False
Arxiv-Nomic-100K,b7,64,172,"2266,3732,4815,8888",300,25,4,2,0.9896666666666668,0.991,0.0833333333333333,0.0766666666666666,,,,0.08,False
Arxiv-Nomic-100K,b7,64,173,"46,2266,3732,4815,8888",300,25,7,3,0.9896666666666668,0.992,0.0833333333333333,0.0733333333333333,,,,0.12,False
Arxiv-Nomic-100K,b7,64,174,"991,2266,3732,4815,8888",300,25,5,3,0.9896666666666668,0.9913333333333334,0.0833333333333333,0.0733333333333333,,,,0.12,False
Arxiv-Nomic-100K,b7,64,175,"46,991,2266,3732,4815,8888",300,25,8,4,0.9896666666666668,0.9923333333333334,0.0833333333333333,0.07,,,,0.16,False
Arxiv-Nomic-100K,b7,64,176,"4177,4815,8888",300,25,4,2,0.9896666666666668,0.991,0.0833333333333333,0.0766666666666666,,,,0.08,False
Arxiv-Nomic-100K,b7,64,177,"46,4177,4815,8888",300,25,6,4,0.9896666666666668,0.992,0.0833333333333333,0.07,,,,0.16,False
Arxiv-Nomic-100K,b7,64,178,"991,4177,4815,8888",300,25,5,3,0.9896666666666668,0.9913333333333334,0.0833333333333333,0.0733333333333333,,,,0.12,False
Arxiv-Nomic-100K,b7,64,179,"46,991,4177,4815,8888",300,25,7,5,0.9896666666666668,0.9923333333333334,0.0833333333333333,0.0666666666666666,,,,0.2,False
Arxiv-Nomic-100K,b7,64,180,"2266,4177,4815,8888",300,25,5,2,0.9896666666666668,0.9913333333333334,0.0833333333333333,0.0766666666666666,,,,0.08,False
Arxiv-Nomic-100K,b7,64,181,"46,2266,4177,4815,8888",300,25,7,4,0.9896666666666668,0.9923333333333334,0.0833333333333333,0.07,,,,0.16,False
Arxiv-Nomic-100K,b7,64,182,"991,2266,4177,4815,8888",300,25,6,3,0.9896666666666668,0.9916666666666666,0.0833333333333333,0.0733333333333333,,,,0.12,False
Arxiv-Nomic-100K,b7,64,183,"46,991,2266,4177,4815,8888",300,25,8,5,0.9896666666666668,0.9926666666666666,0.0833333333333333,0.0666666666666666,,,,0.2,False
Arxiv-Nomic-100K,b7,64,184,"3732,4177,4815,8888",300,25,5,3,0.9896666666666668,0.9913333333333334,0.0833333333333333,0.0733333333333333,,,,0.12,False
Arxiv-Nomic-100K,b7,64,185,"46,3732,4177,4815,8888",300,25,7,5,0.9896666666666668,0.9923333333333334,0.0833333333333333,0.0666666666666666,,,,0.2,False
Arxiv-Nomic-100K,b7,64,186,"991,3732,4177,4815,8888",300,25,6,4,0.9896666666666668,0.9916666666666666,0.0833333333333333,0.07,,,,0.16,False
Arxiv-Nomic-100K,b7,64,187,"46,991,3732,4177,4815,8888",300,25,8,6,0.9896666666666668,0.9926666666666666,0.0833333333333333,0.0633333333333333,,,,0.24,False
Arxiv-Nomic-100K,b7,64,188,"2266,3732,4177,4815,8888",300,25,6,3,0.9896666666666668,0.9916666666666666,0.0833333333333333,0.0733333333333333,,,,0.12,False
Arxiv-Nomic-100K,b7,64,189,"46,2266,3732,4177,4815,8888",300,25,8,5,0.9896666666666668,0.9926666666666666,0.0833333333333333,0.0666666666666666,,,,0.2,False
Arxiv-Nomic-100K,b7,64,190,"991,2266,3732,4177,4815,8888",300,25,7,4,0.9896666666666668,0.992,0.0833333333333333,0.07,,,,0.16,False
Arxiv-Nomic-100K,b7,64,191,"46,991,2266,3732,4177,4815,8888",300,25,9,6,0.9896666666666668,0.993,0.0833333333333333,0.0633333333333333,,,,0.24,False
Arxiv-Nomic-100K,b7,64,192,"7001,8888",300,25,1,0,0.9896666666666668,0.99,0.0833333333333333,0.0833333333333333,,,,0.0,False
Arxiv-Nomic-100K,b7,64,193,"46,7001,8888",300,25,4,1,0.9896666666666668,0.991,0.0833333333333333,0.08,,,,0.04,False
Arxiv-Nomic-100K,b7,64,194,"991,7001,8888",300,25,2,1,0.9896666666666668,0.9903333333333334,0.0833333333333333,0.08,,,,0.04,False
Arxiv-Nomic-100K,b7,64,195,"46,991,7001,8888",300,25,5,2,0.9896666666666668,0.9913333333333334,0.0833333333333333,0.0766666666666666,,,,0.08,False
Arxiv-Nomic-100K,b7,64,196,"2266,7001,8888",300,25,2,0,0.9896666666666668,0.9903333333333334,0.0833333333333333,0.0833333333333333,,,,0.0,False
Arxiv-Nomic-100K,b7,64,197,"46,2266,7001,8888",300,25,5,1,0.9896666666666668,0.9913333333333334,0.0833333333333333,0.08,,,,0.04,False
Arxiv-Nomic-100K,b7,64,198,"991,2266,7001,8888",300,25,3,1,0.9896666666666668,0.9906666666666666,0.0833333333333333,0.08,,,,0.04,False
Arxiv-Nomic-100K,b7,64,199,"46,991,2266,7001,8888",300,25,6,2,0.9896666666666668,0.9916666666666666,0.0833333333333333,0.0766666666666666,,,,0.08,False
Arxiv-Nomic-100K,b7,64,200,"3732,7001,8888",300,25,2,1,0.9896666666666668,0.9903333333333334,0.0833333333333333,0.08,,,,0.04,False
Arxiv-Nomic-100K,b7,64,201,"46,3732,7001,8888",300,25,5,2,0.9896666666666668,0.9913333333333334,0.0833333333333333,0.0766666666666666,,,,0.08,False
Arxiv-Nomic-100K,b7,64,202,"991,3732,7001,8888",300,25,3,2,0.9896666666666668,0.9906666666666666,0.0833333333333333,0.0766666666666666,,,,0.08,False
Arxiv-Nomic-100K,b7,64,203,"46,991,3732,7001,8888",300,25,6,3,0.9896666666666668,0.9916666666666666,0.0833333333333333,0.0733333333333333,,,,0.12,False
Arxiv-Nomic-100K,b7,64,204,"2266,3732,7001,8888",300,25,3,1,0.9896666666666668,0.9906666666666666,0.0833333333333333,0.08,,,,0.04,False
Arxiv-Nomic-100K,b7,64,205,"46,2266,3732,7001,8888",300,25,6,2,0.9896666666666668,0.9916666666666666,0.0833333333333333,0.0766666666666666,,,,0.08,False
Arxiv-Nomic-100K,b7,64,206,"991,2266,3732,7001,8888",300,25,4,2,0.9896666666666668,0.991,0.0833333333333333,0.0766666666666666,,,,0.08,False
Arxiv-Nomic-100K,b7,64,207,"46,991,2266,3732,7001,8888",300,25,7,3,0.9896666666666668,0.992,0.0833333333333333,0.0733333333333333,,,,0.12,False
Arxiv-Nomic-100K,b7,64,208,"4177,7001,8888",300,25,4,2,0.9896666666666668,0.991,0.0833333333333333,0.0766666666666666,,,,0.08,False
Arxiv-Nomic-100K,b7,64,209,"46,4177,7001,8888",300,25,6,4,0.9896666666666668,0.992,0.0833333333333333,0.07,,,,0.16,False
Arxiv-Nomic-100K,b7,64,210,"991,4177,7001,8888",300,25,5,3,0.9896666666666668,0.9913333333333334,0.0833333333333333,0.0733333333333333,,,,0.12,False
Arxiv-Nomic-100K,b7,64,211,"46,991,4177,7001,8888",300,25,7,5,0.9896666666666668,0.9923333333333334,0.0833333333333333,0.0666666666666666,,,,0.2,False
Arxiv-Nomic-100K,b7,64,212,"2266,4177,7001,8888",300,25,5,2,0.9896666666666668,0.9913333333333334,0.0833333333333333,0.0766666666666666,,,,0.08,False
Arxiv-Nomic-100K,b7,64,213,"46,2266,4177,7001,8888",300,25,7,4,0.9896666666666668,0.9923333333333334,0.0833333333333333,0.07,,,,0.16,False
Arxiv-Nomic-100K,b7,64,214,"991,2266,4177,7001,8888",300,25,6,3,0.9896666666666668,0.9916666666666666,0.0833333333333333,0.0733333333333333,,,,0.12,False
Arxiv-Nomic-100K,b7,64,215,"46,991,2266,4177,7001,8888",300,25,8,5,0.9896666666666668,0.9926666666666666,0.0833333333333333,0.0666666666666666,,,,0.2,False
Arxiv-Nomic-100K,b7,64,216,"3732,4177,7001,8888",300,25,5,3,0.9896666666666668,0.9913333333333334,0.0833333333333333,0.0733333333333333,,,,0.12,False
Arxiv-Nomic-100K,b7,64,217,"46,3732,4177,7001,8888",300,25,7,5,0.9896666666666668,0.9923333333333334,0.0833333333333333,0.0666666666666666,,,,0.2,False
Arxiv-Nomic-100K,b7,64,218,"991,3732,4177,7001,8888",300,25,6,4,0.9896666666666668,0.9916666666666666,0.0833333333333333,0.07,,,,0.16,False
Arxiv-Nomic-100K,b7,64,219,"46,991,3732,4177,7001,8888",300,25,8,6,0.9896666666666668,0.9926666666666666,0.0833333333333333,0.0633333333333333,,,,0.24,False
Arxiv-Nomic-100K,b7,64,220,"2266,3732,4177,7001,8888",300,25,6,3,0.9896666666666668,0.9916666666666666,0.0833333333333333,0.0733333333333333,,,,0.12,False
Arxiv-Nomic-100K,b7,64,221,"46,2266,3732,4177,7001,8888",300,25,8,5,0.9896666666666668,0.9926666666666666,0.0833333333333333,0.0666666666666666,,,,0.2,False
Arxiv-Nomic-100K,b7,64,222,"991,2266,3732,4177,7001,8888",300,25,7,4,0.9896666666666668,0.992,0.0833333333333333,0.07,,,,0.16,False
Arxiv-Nomic-100K,b7,64,223,"46,991,2266,3732,4177,7001,8888",300,25,9,6,0.9896666666666668,0.993,0.0833333333333333,0.0633333333333333,,,,0.24,False
Arxiv-Nomic-100K,b7,64,224,"4815,7001,8888",300,25,2,1,0.9896666666666668,0.9903333333333334,0.0833333333333333,0.08,,,,0.04,False
Arxiv-Nomic-100K,b7,64,225,"46,4815,7001,8888",300,25,5,2,0.9896666666666668,0.9913333333333334,0.0833333333333333,0.0766666666666666,,,,0.08,False
Arxiv-Nomic-100K,b7,64,226,"991,4815,7001,8888",300,25,3,2,0.9896666666666668,0.9906666666666666,0.0833333333333333,0.0766666666666666,,,,0.08,False
Arxiv-Nomic-100K,b7,64,227,"46,991,4815,7001,8888",300,25,6,3,0.9896666666666668,0.9916666666666666,0.0833333333333333,0.0733333333333333,,,,0.12,False
Arxiv-Nomic-100K,b7,64,228,"2266,4815,7001,8888",300,25,3,1,0.9896666666666668,0.9906666666666666,0.0833333333333333,0.08,,,,0.04,False
Arxiv-Nomic-100K,b7,64,229,"46,2266,4815,7001,8888",300,25,6,2,0.9896666666666668,0.9916666666666666,0.0833333333333333,0.0766666666666666,,,,0.08,False
Arxiv-Nomic-100K,b7,64,230,"991,2266,4815,7001,8888",300,25,4,2,0.9896666666666668,0.991,0.0833333333333333,0.0766666666666666,,,,0.08,False
Arxiv-Nomic-100K,b7,64,231,"46,991,2266,4815,7001,8888",300,25,7,3,0.9896666666666668,0.992,0.0833333333333333,0.0733333333333333,,,,0.12,False
Arxiv-Nomic-100K,b7,64,232,"3732,4815,7001,8888",300,25,3,2,0.9896666666666668,0.9906666666666666,0.0833333333333333,0.0766666666666666,,,,0.08,False
Arxiv-Nomic-100K,b7,64,233,"46,3732,4815,7001,8888",300,25,6,3,0.9896666666666668,0.9916666666666666,0.0833333333333333,0.0733333333333333,,,,0.12,False
Arxiv-Nomic-100K,b7,64,234,"991,3732,4815,7001,8888",300,25,4,3,0.9896666666666668,0.991,0.0833333333333333,0.0733333333333333,,,,0.12,False
Arxiv-Nomic-100K,b7,64,235,"46,991,3732,4815,7001,8888",300,25,7,4,0.9896666666666668,0.992,0.0833333333333333,0.07,,,,0.16,False
Arxiv-Nomic-100K,b7,64,236,"2266,3732,4815,7001,8888",300,25,4,2,0.9896666666666668,0.991,0.0833333333333333,0.0766666666666666,,,,0.08,False
Arxiv-Nomic-100K,b7,64,237,"46,2266,3732,4815,7001,8888",300,25,7,3,0.9896666666666668,0.992,0.0833333333333333,0.0733333333333333,,,,0.12,False
Arxiv-Nomic-100K,b7,64,238,"991,2266,3732,4815,7001,8888",300,25,5,3,0.9896666666666668,0.9913333333333334,0.0833333333333333,0.0733333333333333,,,,0.12,False
Arxiv-Nomic-100K,b7,64,239,"46,991,2266,3732,4815,7001,8888",300,25,8,4,0.9896666666666668,0.9923333333333334,0.0833333333333333,0.07,,,,0.16,False
Arxiv-Nomic-100K,b7,64,240,"4177,4815,7001,8888",300,25,4,2,0.9896666666666668,0.991,0.0833333333333333,0.0766666666666666,,,,0.08,False
Arxiv-Nomic-100K,b7,64,241,"46,4177,4815,7001,8888",300,25,6,4,0.9896666666666668,0.992,0.0833333333333333,0.07,,,,0.16,False
Arxiv-Nomic-100K,b7,64,242,"991,4177,4815,7001,8888",300,25,5,3,0.9896666666666668,0.9913333333333334,0.0833333333333333,0.0733333333333333,,,,0.12,False
Arxiv-Nomic-100K,b7,64,243,"46,991,4177,4815,7001,8888",300,25,7,5,0.9896666666666668,0.9923333333333334,0.0833333333333333,0.0666666666666666,,,,0.2,False
Arxiv-Nomic-100K,b7,64,244,"2266,4177,4815,7001,8888",300,25,5,2,0.9896666666666668,0.9913333333333334,0.0833333333333333,0.0766666666666666,,,,0.08,False
Arxiv-Nomic-100K,b7,64,245,"46,2266,4177,4815,7001,8888",300,25,7,4,0.9896666666666668,0.9923333333333334,0.0833333333333333,0.07,,,,0.16,False
Arxiv-Nomic-100K,b7,64,246,"991,2266,4177,4815,7001,8888",300,25,6,3,0.9896666666666668,0.9916666666666666,0.0833333333333333,0.0733333333333333,,,,0.12,False
Arxiv-Nomic-100K,b7,64,247,"46,991,2266,4177,4815,7001,8888",300,25,8,5,0.9896666666666668,0.9926666666666666,0.0833333333333333,0.0666666666666666,,,,0.2,False
Arxiv-Nomic-100K,b7,64,248,"3732,4177,4815,7001,8888",300,25,5,3,0.9896666666666668,0.9913333333333334,0.0833333333333333,0.0733333333333333,,,,0.12,False
Arxiv-Nomic-100K,b7,64,249,"46,3732,4177,4815,7001,8888",300,25,7,5,0.9896666666666668,0.9923333333333334,0.0833333333333333,0.0666666666666666,,,,0.2,False
Arxiv-Nomic-100K,b7,64,250,"991,3732,4177,4815,7001,8888",300,25,6,4,0.9896666666666668,0.9916666666666666,0.0833333333333333,0.07,,,,0.16,False
Arxiv-Nomic-100K,b7,64,251,"46,991,3732,4177,4815,7001,8888",300,25,8,6,0.9896666666666668,0.9926666666666666,0.0833333333333333,0.0633333333333333,,,,0.24,False
Arxiv-Nomic-100K,b7,64,252,"2266,3732,4177,4815,7001,8888",300,25,6,3,0.9896666666666668,0.9916666666666666,0.0833333333333333,0.0733333333333333,,,,0.12,False
Arxiv-Nomic-100K,b7,64,253,"46,2266,3732,4177,4815,7001,8888",300,25,8,5,0.9896666666666668,0.9926666666666666,0.0833333333333333,0.0666666666666666,,,,0.2,False
Arxiv-Nomic-100K,b7,64,254,"991,2266,3732,4177,4815,7001,8888",300,25,7,4,0.9896666666666668,0.992,0.0833333333333333,0.07,,,,0.16,False
Arxiv-Nomic-100K,b7,64,255,"46,991,2266,3732,4177,4815,7001,8888",300,25,9,6,0.9896666666666668,0.993,0.0833333333333333,0.0633333333333333,,,,0.24,False
SIFT-100K,b17,8,0,EMPTY,300,245,0,0,0.7476666666666667,0.7476666666666667,0.8166666666666667,0.8166666666666667,25.63125,25.63125,21.706666666666667,0.0,True
SIFT-100K,b17,8,1,46,300,245,96,19,0.7476666666666667,0.8130000000000001,0.8166666666666667,0.7533333333333333,,,,0.0775510204081632,False
SIFT-100K,b17,8,2,991,300,245,75,15,0.7476666666666667,0.8019999999999999,0.8166666666666667,0.7666666666666667,,,,0.0612244897959183,False
SIFT-100K,b17,8,3,"46,991",300,245,130,34,0.7476666666666667,0.8393333333333333,0.8166666666666667,0.7033333333333334,,,,0.1387755102040816,False
SIFT-100K,b17,8,4,2266,300,245,91,20,0.7476666666666667,0.8089999999999999,0.8166666666666667,0.75,,,,0.0816326530612244,False
SIFT-100K,b17,8,5,"46,2266",300,245,127,31,0.7476666666666667,0.837,0.8166666666666667,0.7133333333333334,,,,0.1265306122448979,False
SIFT-100K,b17,8,6,"991,2266",300,245,134,35,0.7476666666666667,0.8406666666666667,0.8166666666666667,0.7,,,,0.1428571428571428,False
SIFT-100K,b17,8,7,"46,991,2266",300,245,155,45,0.7476666666666667,0.8583333333333334,0.8166666666666667,0.6666666666666666,,,,0.1836734693877551,False
SIFT-100K,b17,8,8,3732,300,245,87,18,0.7476666666666667,0.8029999999999999,0.8166666666666667,0.7566666666666667,,,,0.073469387755102,False
SIFT-100K,b17,8,9,"46,3732",300,245,135,34,0.7476666666666667,0.8390000000000001,0.8166666666666667,0.7033333333333334,,,,0.1387755102040816,False
SIFT-100K,b17,8,10,"991,3732",300,245,128,39,0.7476666666666667,0.8406666666666667,0.8166666666666667,0.6866666666666666,,,,0.1591836734693877,False
SIFT-100K,b17,8,11,"46,991,3732",300,245,158,53,0.7476666666666667,0.8616666666666667,0.8166666666666667,0.64,,,,0.2163265306122449,False
SIFT-100K,b17,8,12,"2266,3732",300,245,129,35,0.7476666666666667,0.8376666666666667,0.8166666666666667,0.7,,,,0.1428571428571428,False
SIFT-100K,b17,8,13,"46,2266,3732",300,245,154,44,0.7476666666666667,0.8573333333333334,0.8166666666666667,0.67,,,,0.1795918367346938,False
SIFT-100K,b17,8,14,"991,2266,3732",300,245,158,54,0.7476666666666667,0.8623333333333333,0.8166666666666667,0.6366666666666667,,,,0.2204081632653061,False
SIFT-100K,b17,8,15,"46,991,2266,3732",300,245,174,62,0.7476666666666667,0.8753333333333334,0.8166666666666667,0.61,,,,0.2530612244897959,False
SIFT-100K,b17,8,16,4177,300,245,89,14,0.7476666666666667,0.8093333333333333,0.8166666666666667,0.77,,,,0.0571428571428571,False
SIFT-100K,b17,8,17,"46,4177",300,245,133,35,0.7476666666666667,0.843,0.8166666666666667,0.7,,,,0.1428571428571428,False
SIFT-100K,b17,8,18,"991,4177",300,245,125,29,0.7476666666666667,0.8403333333333334,0.8166666666666667,0.72,,,,0.1183673469387755,False
SIFT-100K,b17,8,19,"46,991,4177",300,245,157,47,0.7476666666666667,0.8646666666666667,0.8166666666666667,0.66,,,,0.1918367346938775,False
SIFT-100K,b17,8,20,"2266,4177",300,245,137,32,0.7476666666666667,0.8426666666666666,0.8166666666666667,0.71,,,,0.1306122448979592,False
SIFT-100K,b17,8,21,"46,2266,4177",300,245,157,45,0.7476666666666667,0.8613333333333333,0.8166666666666667,0.6666666666666666,,,,0.1836734693877551,False
SIFT-100K,b17,8,22,"991,2266,4177",300,245,162,46,0.7476666666666667,0.8653333333333334,0.8166666666666667,0.6633333333333333,,,,0.1877551020408163,False
SIFT-100K,b17,8,23,"46,991,2266,4177",300,245,176,58,0.7476666666666667,0.8793333333333333,0.8166666666666667,0.6233333333333333,,,,0.236734693877551,False
SIFT-100K,b17,8,24,"3732,4177",300,245,134,33,0.7476666666666667,0.8403333333333334,0.8166666666666667,0.7066666666666667,,,,0.1346938775510204,False
SIFT-100K,b17,8,25,"46,3732,4177",300,245,159,51,0.7476666666666667,0.8633333333333333,0.8166666666666667,0.6466666666666666,,,,0.2081632653061224,False
SIFT-100K,b17,8,26,"991,3732,4177",300,245,156,52,0.7476666666666667,0.8646666666666667,0.8166666666666667,0.6433333333333333,,,,0.2122448979591836,False
SIFT-100K,b17,8,27,"46,991,3732,4177",300,245,176,67,0.7476666666666667,0.8826666666666666,0.8166666666666667,0.5933333333333334,,,,0.273469387755102,False
SIFT-100K,b17,8,28,"2266,3732,4177",300,245,161,45,0.7476666666666667,0.8626666666666667,0.8166666666666667,0.6666666666666666,,,,0.1836734693877551,False
SIFT-100K,b17,8,29,"46,2266,3732,4177",300,245,175,57,0.7476666666666667,0.8773333333333333,0.8166666666666667,0.6266666666666667,,,,0.2326530612244897,False
SIFT-100K,b17,8,30,"991,2266,3732,4177",300,245,178,63,0.7476666666666667,0.881,0.8166666666666667,0.6066666666666667,,,,0.2571428571428571,False
SIFT-100K,b17,8,31,"46,991,2266,3732,4177",300,245,189,73,0.7476666666666667,0.893,0.8166666666666667,0.5733333333333334,,,,0.2979591836734694,False
SIFT-100K,b17,8,32,4815,300,245,86,19,0.7476666666666667,0.7996666666666667,0.8166666666666667,0.7533333333333333,,,,0.0775510204081632,False
SIFT-100K,b17,8,33,"46,4815",300,245,132,34,0.7476666666666667,0.8353333333333334,0.8166666666666667,0.7033333333333334,,,,0.1387755102040816,False
SIFT-100K,b17,8,34,"991,4815",300,245,122,28,0.7476666666666667,0.8276666666666668,0.8166666666666667,0.7233333333333334,,,,0.1142857142857142,False
SIFT-100K,b17,8,35,"46,991,4815",300,245,155,43,0.7476666666666667,0.8553333333333333,0.8166666666666667,0.6733333333333333,,,,0.1755102040816326,False
SIFT-100K,b17,8,36,"2266,4815",300,245,132,33,0.7476666666666667,0.8356666666666668,0.8166666666666667,0.7066666666666667,,,,0.1346938775510204,False
SIFT-100K,b17,8,37,"46,2266,4815",300,245,153,43,0.7476666666666667,0.8553333333333333,0.8166666666666667,0.6733333333333333,,,,0.1755102040816326,False
SIFT-100K,b17,8,38,"991,2266,4815",300,245,156,43,0.7476666666666667,0.8553333333333333,0.8166666666666667,0.6733333333333333,,,,0.1755102040816326,False
SIFT-100K,b17,8,39,"46,991,2266,4815",300,245,171,52,0.7476666666666667,0.8710000000000001,0.8166666666666667,0.6433333333333333,,,,0.2122448979591836,False
SIFT-100K,b17,8,40,"3732,4815",300,245,129,35,0.7476666666666667,0.8353333333333334,0.8166666666666667,0.7,,,,0.1428571428571428,False
SIFT-100K,b17,8,41,"46,3732,4815",300,245,157,48,0.7476666666666667,0.857,0.8166666666666667,0.6566666666666666,,,,0.1959183673469387,False
SIFT-100K,b17,8,42,"991,3732,4815",300,245,152,50,0.7476666666666667,0.859,0.8166666666666667,0.65,,,,0.2040816326530612,False
SIFT-100K,b17,8,43,"46,991,3732,4815",300,245,171,62,0.7476666666666667,0.875,0.8166666666666667,0.61,,,,0.2530612244897959,False
SIFT-100K,b17,8,44,"2266,3732,4815",300,245,156,49,0.7476666666666667,0.859,0.8166666666666667,0.6533333333333333,,,,0.2,False
SIFT-100K,b17,8,45,"46,2266,3732,4815",300,245,171,57,0.7476666666666667,0.8723333333333333,0.8166666666666667,0.6266666666666667,,,,0.2326530612244897,False
SIFT-100K,b17,8,46,"991,2266,3732,4815",300,245,171,63,0.7476666666666667,0.875,0.8166666666666667,0.6066666666666667,,,,0.2571428571428571,False
SIFT-100K,b17,8,47,"46,991,2266,3732,4815",300,245,182,70,0.7476666666666667,0.8859999999999999,0.8166666666666667,0.5833333333333334,,,,0.2857142857142857,False
SIFT-100K,b17,8,48,"4177,4815",300,245,134,33,0.7476666666666667,0.8353333333333334,0.8166666666666667,0.7066666666666667,,,,0.1346938775510204,False
SIFT-100K,b17,8,49,"46,4177,4815",300,245,159,51,0.7476666666666667,0.8593333333333334,0.8166666666666667,0.6466666666666666,,,,0.2081632653061224,False
SIFT-100K,b17,8,50,"991,4177,4815",300,245,155,41,0.7476666666666667,0.8566666666666667,0.8166666666666667,0.68,,,,0.1673469387755102,False
SIFT-100K,b17,8,51,"46,991,4177,4815",300,245,174,57,0.7476666666666667,0.8756666666666666,0.8166666666666667,0.6266666666666667,,,,0.2326530612244897,False
SIFT-100K,b17,8,52,"2266,4177,4815",300,245,163,47,0.7476666666666667,0.861,0.8166666666666667,0.66,,,,0.1918367346938775,False
SIFT-100K,b17,8,53,"46,2266,4177,4815",300,245,175,59,0.7476666666666667,0.8753333333333334,0.8166666666666667,0.62,,,,0.2408163265306122,False
SIFT-100K,b17,8,54,"991,2266,4177,4815",300,245,177,55,0.7476666666666667,0.8763333333333334,0.8166666666666667,0.6333333333333333,,,,0.2244897959183673,False
SIFT-100K,b17,8,55,"46,991,2266,4177,4815",300,245,186,66,0.7476666666666667,0.8883333333333333,0.8166666666666667,0.5966666666666667,,,,0.2693877551020408,False
SIFT-100K,b17,8,56,"3732,4177,4815",300,245,157,50,0.7476666666666667,0.8596666666666666,0.8166666666666667,0.65,,,,0.2040816326530612,False
SIFT-100K,b17,8,57,"46,3732,4177,4815",300,245,174,66,0.7476666666666667,0.8773333333333333,0.8166666666666667,0.5966666666666667,,,,0.2693877551020408,False
SIFT-100K,b17,8,58,"991,3732,4177,4815",300,245,171,63,0.7476666666666667,0.8779999999999999,0.8166666666666667,0.6066666666666667,,,,0.2571428571428571,False
SIFT-100K,b17,8,59,"46,991,3732,4177,4815",300,245,184,77,0.7476666666666667,0.8926666666666666,0.8166666666666667,0.56,,,,0.3142857142857143,False
SIFT-100K,b17,8,60,"2266,3732,4177,4815",300,245,178,61,0.7476666666666667,0.8786666666666667,0.8166666666666667,0.6133333333333333,,,,0.2489795918367346,False
SIFT-100K,b17,8,61,"46,2266,3732,4177,4815",300,245,187,71,0.7476666666666667,0.8893333333333333,0.8166666666666667,0.58,,,,0.2897959183673469,False
SIFT-100K,b17,8,62,"991,2266,3732,4177,4815",300,245,187,73,0.7476666666666667,0.8913333333333334,0.8166666666666667,0.5733333333333334,,,,0.2979591836734694,False
SIFT-100K,b17,8,63,"46,991,2266,3732,4177,4815",300,245,194,82,0.7476666666666667,0.9013333333333332,0.8166666666666667,0.5433333333333333,,,,0.3346938775510204,False
SIFT-100K,b17,8,64,7001,300,245,94,20,0.7476666666666667,0.8133333333333332,0.8166666666666667,0.75,,,,0.0816326530612244,False
SIFT-100K,b17,8,65,"46,7001",300,245,135,36,0.7476666666666667,0.8416666666666666,0.8166666666666667,0.6966666666666667,,,,0.1469387755102041,False
SIFT-100K,b17,8,66,"991,7001",300,245,136,32,0.7476666666666667,0.8456666666666667,0.8166666666666667,0.71,,,,0.1306122448979592,False
SIFT-100K,b17,8,67,"46,991,7001",300,245,158,46,0.7476666666666667,0.8640000000000001,0.8166666666666667,0.6633333333333333,,,,0.1877551020408163,False
SIFT-100K,b17,8,68,"2266,7001",300,245,131,34,0.7476666666666667,0.842,0.8166666666666667,0.7033333333333334,,,,0.1387755102040816,False
SIFT-100K,b17,8,69,"46,2266,7001",300,245,154,45,0.7476666666666667,0.8593333333333334,0.8166666666666667,0.6666666666666666,,,,0.1836734693877551,False
SIFT-100K,b17,8,70,"991,2266,7001",300,245,160,45,0.7476666666666667,0.865,0.8166666666666667,0.6666666666666666,,,,0.1836734693877551,False
SIFT-100K,b17,8,71,"46,991,2266,7001",300,245,174,55,0.7476666666666667,0.8776666666666667,0.8166666666666667,0.6333333333333333,,,,0.2244897959183673,False
SIFT-100K,b17,8,72,"3732,7001",300,245,139,35,0.7476666666666667,0.842,0.8166666666666667,0.7,,,,0.1428571428571428,False
SIFT-100K,b17,8,73,"46,3732,7001",300,245,164,48,0.7476666666666667,0.8626666666666667,0.8166666666666667,0.6566666666666666,,,,0.1959183673469387,False
SIFT-100K,b17,8,74,"991,3732,7001",300,245,165,52,0.7476666666666667,0.8683333333333334,0.8166666666666667,0.6433333333333333,,,,0.2122448979591836,False
SIFT-100K,b17,8,75,"46,991,3732,7001",300,245,180,64,0.7476666666666667,0.8823333333333334,0.8166666666666667,0.6033333333333334,,,,0.2612244897959184,False
SIFT-100K,b17,8,76,"2266,3732,7001",300,245,160,48,0.7476666666666667,0.8619999999999999,0.8166666666666667,0.6566666666666666,,,,0.1959183673469387,False
SIFT-100K,b17,8,77,"46,2266,3732,7001",300,245,176,57,0.7476666666666667,0.8763333333333334,0.8166666666666667,0.6266666666666667,,,,0.2326530612244897,False
SIFT-100K,b17,8,78,"991,2266,3732,7001",300,245,180,64,0.7476666666666667,0.881,0.8166666666666667,0.6033333333333334,,,,0.2612244897959184,False
SIFT-100K,b17,8,79,"46,991,2266,3732,7001",300,245,191,72,0.7476666666666667,0.892,0.8166666666666667,0.5766666666666667,,,,0.2938775510204082,False
SIFT-100K,b17,8,80,"4177,7001",300,245,128,33,0.7476666666666667,0.842,0.8166666666666667,0.7066666666666667,,,,0.1346938775510204,False
SIFT-100K,b17,8,81,"46,4177,7001",300,245,154,48,0.7476666666666667,0.8626666666666667,0.8166666666666667,0.6566666666666666,,,,0.1959183673469387,False
SIFT-100K,b17,8,82,"991,4177,7001",300,245,156,45,0.7476666666666667,0.8683333333333334,0.8166666666666667,0.6666666666666666,,,,0.1836734693877551,False
SIFT-100K,b17,8,83,"46,991,4177,7001",300,245,173,58,0.7476666666666667,0.8823333333333334,0.8166666666666667,0.6233333333333333,,,,0.236734693877551,False
SIFT-100K,b17,8,84,"2266,4177,7001",300,245,156,43,0.7476666666666667,0.8616666666666667,0.8166666666666667,0.6733333333333333,,,,0.1755102040816326,False
SIFT-100K,b17,8,85,"46,2266,4177,7001",300,245,171,55,0.7476666666666667,0.8756666666666666,0.8166666666666667,0.6333333333333333,,,,0.2244897959183673,False
SIFT-100K,b17,8,86,"991,2266,4177,7001",300,245,176,55,0.7476666666666667,0.8813333333333333,0.8166666666666667,0.6333333333333333,,,,0.2244897959183673,False
SIFT-100K,b17,8,87,"46,991,2266,4177,7001",300,245,187,66,0.7476666666666667,0.8923333333333334,0.8166666666666667,0.5966666666666667,,,,0.2693877551020408,False
SIFT-100K,b17,8,88,"3732,4177,7001",300,245,157,48,0.7476666666666667,0.8636666666666667,0.8166666666666667,0.6566666666666666,,,,0.1959183673469387,False
SIFT-100K,b17,8,89,"46,3732,4177,7001",300,245,175,62,0.7476666666666667,0.8800000000000001,0.8166666666666667,0.61,,,,0.2530612244897959,False
SIFT-100K,b17,8,90,"991,3732,4177,7001",300,245,175,65,0.7476666666666667,0.8846666666666666,0.8166666666666667,0.6,,,,0.2653061224489796,False
SIFT-100K,b17,8,91,"46,991,3732,4177,7001",300,245,188,76,0.7476666666666667,0.8973333333333333,0.8166666666666667,0.5633333333333334,,,,0.310204081632653,False
SIFT-100K,b17,8,92,"2266,3732,4177,7001",300,245,175,56,0.7476666666666667,0.8779999999999999,0.8166666666666667,0.63,,,,0.2285714285714285,False
SIFT-100K,b17,8,93,"46,2266,3732,4177,7001",300,245,187,67,0.7476666666666667,0.89,0.8166666666666667,0.5933333333333334,,,,0.273469387755102,False
SIFT-100K,b17,8,94,"991,2266,3732,4177,7001",300,245,190,72,0.7476666666666667,0.8939999999999999,0.8166666666666667,0.5766666666666667,,,,0.2938775510204082,False
SIFT-100K,b17,8,95,"46,991,2266,3732,4177,7001",300,245,199,81,0.7476666666666667,0.9043333333333332,0.8166666666666667,0.5466666666666666,,,,0.3306122448979592,False
SIFT-100K,b17,8,96,"4815,7001",300,245,136,34,0.7476666666666667,0.8413333333333334,0.8166666666666667,0.7033333333333334,,,,0.1387755102040816,False
SIFT-100K,b17,8,97,"46,4815,7001",300,245,159,47,0.7476666666666667,0.8616666666666667,0.8166666666666667,0.66,,,,0.1918367346938775,False
SIFT-100K,b17,8,98,"991,4815,7001",300,245,157,42,0.7476666666666667,0.8630000000000001,0.8166666666666667,0.6766666666666666,,,,0.1714285714285714,False
SIFT-100K,b17,8,99,"46,991,4815,7001",300,245,173,53,0.7476666666666667,0.8783333333333333,0.8166666666666667,0.64,,,,0.2163265306122449,False
SIFT-100K,b17,8,100,"2266,4815,7001",300,245,162,46,0.7476666666666667,0.8640000000000001,0.8166666666666667,0.6633333333333333,,,,0.1877551020408163,False
SIFT-100K,b17,8,101,"46,2266,4815,7001",300,245,174,56,0.7476666666666667,0.8763333333333334,0.8166666666666667,0.63,,,,0.2285714285714285,False
SIFT-100K,b17,8,102,"991,2266,4815,7001",300,245,177,53,0.7476666666666667,0.8786666666666667,0.8166666666666667,0.64,,,,0.2163265306122449,False
SIFT-100K,b17,8,103,"46,991,2266,4815,7001",300,245,186,62,0.7476666666666667,0.8893333333333333,0.8166666666666667,0.61,,,,0.2530612244897959,False
SIFT-100K,b17,8,104,"3732,4815,7001",300,245,163,50,0.7476666666666667,0.8643333333333333,0.8166666666666667,0.65,,,,0.2040816326530612,False
SIFT-100K,b17,8,105,"46,3732,4815,7001",300,245,179,61,0.7476666666666667,0.8793333333333333,0.8166666666666667,0.6133333333333333,,,,0.2489795918367346,False
SIFT-100K,b17,8,106,"991,3732,4815,7001",300,245,176,64,0.7476666666666667,0.8833333333333334,0.8166666666666667,0.6033333333333334,,,,0.2612244897959184,False
SIFT-100K,b17,8,107,"46,991,3732,4815,7001",300,245,187,73,0.7476666666666667,0.8946666666666667,0.8166666666666667,0.5733333333333334,,,,0.2979591836734694,False
SIFT-100K,b17,8,108,"2266,3732,4815,7001",300,245,180,61,0.7476666666666667,0.8806666666666667,0.8166666666666667,0.6133333333333333,,,,0.2489795918367346,False
SIFT-100K,b17,8,109,"46,2266,3732,4815,7001",300,245,189,69,0.7476666666666667,0.8903333333333334,0.8166666666666667,0.5866666666666667,,,,0.2816326530612245,False
SIFT-100K,b17,8,110,"991,2266,3732,4815,7001",300,245,189,73,0.7476666666666667,0.893,0.8166666666666667,0.5733333333333334,,,,0.2979591836734694,False
SIFT-100K,b17,8,111,"46,991,2266,3732,4815,7001",300,245,196,80,0.7476666666666667,0.902,0.8166666666666667,0.55,,,,0.3265306122448979,False
SIFT-100K,b17,8,112,"4177,4815,7001",300,245,154,47,0.7476666666666667,0.8616666666666667,0.8166666666666667,0.66,,,,0.1918367346938775,False
SIFT-100K,b17,8,113,"46,4177,4815,7001",300,245,172,61,0.7476666666666667,0.8776666666666667,0.8166666666666667,0.6133333333333333,,,,0.2489795918367346,False
SIFT-100K,b17,8,114,"991,4177,4815,7001",300,245,171,54,0.7476666666666667,0.8803333333333333,0.8166666666666667,0.6366666666666667,,,,0.2204081632653061,False
SIFT-100K,b17,8,115,"46,991,4177,4815,7001",300,245,184,66,0.7476666666666667,0.8923333333333334,0.8166666666666667,0.5966666666666667,,,,0.2693877551020408,False
SIFT-100K,b17,8,116,"2266,4177,4815,7001",300,245,176,57,0.7476666666666667,0.8783333333333333,0.8166666666666667,0.6266666666666667,,,,0.2326530612244897,False
SIFT-100K,b17,8,117,"46,2266,4177,4815,7001",300,245,185,68,0.7476666666666667,0.889,0.8166666666666667,0.59,,,,0.2775510204081632,False
SIFT-100K,b17,8,118,"991,2266,4177,4815,7001",300,245,188,64,0.7476666666666667,0.892,0.8166666666666667,0.6033333333333334,,,,0.2612244897959184,False
SIFT-100K,b17,8,119,"46,991,2266,4177,4815,7001",300,245,195,74,0.7476666666666667,0.901,0.8166666666666667,0.57,,,,0.3020408163265306,False
SIFT-100K,b17,8,120,"3732,4177,4815,7001",300,245,173,64,0.7476666666666667,0.8796666666666667,0.8166666666666667,0.6033333333333334,,,,0.2612244897959184,False
SIFT-100K,b17,8,121,"46,3732,4177,4815,7001",300,245,187,76,0.7476666666666667,0.893,0.8166666666666667,0.5633333333333334,,,,0.310204081632653,False
SIFT-100K,b17,8,122,"991,3732,4177,4815,7001",300,245,184,76,0.7476666666666667,0.8960000000000001,0.8166666666666667,0.5633333333333334,,,,0.310204081632653,False
SIFT-100K,b17,8,123,"46,991,3732,4177,4815,7001",300,245,194,86,0.7476666666666667,0.9066666666666666,0.8166666666666667,0.53,,,,0.3510204081632653,False
SIFT-100K,b17,8,124,"2266,3732,4177,4815,7001",300,245,189,71,0.7476666666666667,0.8923333333333334,0.8166666666666667,0.58,,,,0.2897959183673469,False
SIFT-100K,b17,8,125,"46,2266,3732,4177,4815,7001",300,245,197,80,0.7476666666666667,0.9013333333333332,0.8166666666666667,0.55,,,,0.3265306122448979,False
SIFT-100K,b17,8,126,"991,2266,3732,4177,4815,7001",300,245,197,82,0.7476666666666667,0.904,0.8166666666666667,0.5433333333333333,,,,0.3346938775510204,False
SIFT-100K,b17,8,127,"46,991,2266,3732,4177,4815,7001",300,245,203,90,0.7476666666666667,0.9123333333333332,0.8166666666666667,0.5166666666666667,,,,0.3673469387755102,False
SIFT-100K,b17,8,128,8888,300,245,78,20,0.7476666666666667,0.8043333333333333,0.8166666666666667,0.75,,,,0.0816326530612244,False
SIFT-100K,b17,8,129,"46,8888",300,245,133,38,0.7476666666666667,0.842,0.8166666666666667,0.69,,,,0.1551020408163265,False
SIFT-100K,b17,8,130,"991,8888",300,245,122,31,0.7476666666666667,0.8366666666666667,0.8166666666666667,0.7133333333333334,,,,0.1265306122448979,False
SIFT-100K,b17,8,131,"46,991,8888",300,245,156,48,0.7476666666666667,0.8616666666666667,0.8166666666666667,0.6566666666666666,,,,0.1959183673469387,False
SIFT-100K,b17,8,132,"2266,8888",300,245,130,39,0.7476666666666667,0.8416666666666666,0.8166666666666667,0.6866666666666666,,,,0.1591836734693877,False
SIFT-100K,b17,8,133,"46,2266,8888",300,245,151,48,0.7476666666666667,0.861,0.8166666666666667,0.6566666666666666,,,,0.1959183673469387,False
SIFT-100K,b17,8,134,"991,2266,8888",300,245,158,50,0.7476666666666667,0.8623333333333333,0.8166666666666667,0.65,,,,0.2040816326530612,False
SIFT-100K,b17,8,135,"46,991,2266,8888",300,245,171,58,0.7476666666666667,0.877,0.8166666666666667,0.6233333333333333,,,,0.236734693877551,False
SIFT-100K,b17,8,136,"3732,8888",300,245,126,35,0.7476666666666667,0.836,0.8166666666666667,0.7,,,,0.1428571428571428,False
SIFT-100K,b17,8,137,"46,3732,8888",300,245,158,51,0.7476666666666667,0.8606666666666667,0.8166666666666667,0.6466666666666666,,,,0.2081632653061224,False
SIFT-100K,b17,8,138,"991,3732,8888",300,245,155,53,0.7476666666666667,0.861,0.8166666666666667,0.64,,,,0.2163265306122449,False
SIFT-100K,b17,8,139,"46,991,3732,8888",300,245,176,67,0.7476666666666667,0.8786666666666667,0.8166666666666667,0.5933333333333334,,,,0.273469387755102,False
SIFT-100K,b17,8,140,"2266,3732,8888",300,245,153,51,0.7476666666666667,0.861,0.8166666666666667,0.6466666666666666,,,,0.2081632653061224,False
SIFT-100K,b17,8,141,"46,2266,3732,8888",300,245,170,59,0.7476666666666667,0.8756666666666666,0.8166666666666667,0.62,,,,0.2408163265306122,False
SIFT-100K,b17,8,142,"991,2266,3732,8888",300,245,175,67,0.7476666666666667,0.8786666666666667,0.8166666666666667,0.5933333333333334,,,,0.273469387755102,False
SIFT-100K,b17,8,143,"46,991,2266,3732,8888",300,245,186,74,0.7476666666666667,0.89,0.8166666666666667,0.57,,,,0.3020408163265306,False
SIFT-100K,b17,8,144,"4177,8888",300,245,126,31,0.7476666666666667,0.8383333333333333,0.8166666666666667,0.7133333333333334,,,,0.1265306122448979,False
SIFT-100K,b17,8,145,"46,4177,8888",300,245,157,50,0.7476666666666667,0.8636666666666667,0.8166666666666667,0.65,,,,0.2040816326530612,False
SIFT-100K,b17,8,146,"991,4177,8888",300,245,150,44,0.7476666666666667,0.8623333333333333,0.8166666666666667,0.67,,,,0.1795918367346938,False
SIFT-100K,b17,8,147,"46,991,4177,8888",300,245,173,60,0.7476666666666667,0.8813333333333333,0.8166666666666667,0.6166666666666667,,,,0.2448979591836734,False
SIFT-100K,b17,8,148,"2266,4177,8888",300,245,159,48,0.7476666666666667,0.8646666666666667,0.8166666666666667,0.6566666666666666,,,,0.1959183673469387,False
SIFT-100K,b17,8,149,"46,2266,4177,8888",300,245,173,60,0.7476666666666667,0.8793333333333333,0.8166666666666667,0.6166666666666667,,,,0.2448979591836734,False
SIFT-100K,b17,8,150,"991,2266,4177,8888",300,245,176,60,0.7476666666666667,0.8816666666666666,0.8166666666666667,0.6166666666666667,,,,0.2448979591836734,False
SIFT-100K,b17,8,151,"46,991,2266,4177,8888",300,245,186,70,0.7476666666666667,0.8933333333333333,0.8166666666666667,0.5833333333333334,,,,0.2857142857142857,False
SIFT-100K,b17,8,152,"3732,4177,8888",300,245,155,47,0.7476666666666667,0.86,0.8166666666666667,0.66,,,,0.1918367346938775,False
SIFT-100K,b17,8,153,"46,3732,4177,8888",300,245,175,63,0.7476666666666667,0.8789999999999999,0.8166666666666667,0.6066666666666667,,,,0.2571428571428571,False
SIFT-100K,b17,8,154,"991,3732,4177,8888",300,245,172,65,0.7476666666666667,0.8800000000000001,0.8166666666666667,0.6,,,,0.2653061224489796,False
SIFT-100K,b17,8,155,"46,991,3732,4177,8888",300,245,187,78,0.7476666666666667,0.8953333333333333,0.8166666666666667,0.5566666666666666,,,,0.3183673469387755,False
SIFT-100K,b17,8,156,"2266,3732,4177,8888",300,245,175,59,0.7476666666666667,0.8789999999999999,0.8166666666666667,0.62,,,,0.2408163265306122,False
SIFT-100K,b17,8,157,"46,2266,3732,4177,8888",300,245,186,69,0.7476666666666667,0.891,0.8166666666666667,0.5866666666666667,,,,0.2816326530612245,False
SIFT-100K,b17,8,158,"991,2266,3732,4177,8888",300,245,188,75,0.7476666666666667,0.8933333333333333,0.8166666666666667,0.5666666666666667,,,,0.3061224489795918,False
SIFT-100K,b17,8,159,"46,991,2266,3732,4177,8888",300,245,196,83,0.7476666666666667,0.9036666666666668,0.8166666666666667,0.54,,,,0.3387755102040816,False
SIFT-100K,b17,8,160,"4815,8888",300,245,120,36,0.7476666666666667,0.8300000000000001,0.8166666666666667,0.6966666666666667,,,,0.1469387755102041,False
SIFT-100K,b17,8,161,"46,4815,8888",300,245,154,49,0.7476666666666667,0.8566666666666667,0.8166666666666667,0.6533333333333333,,,,0.2,False
SIFT-100K,b17,8,162,"991,4815,8888",300,245,147,44,0.7476666666666667,0.8533333333333333,0.8166666666666667,0.67,,,,0.1795918367346938,False
SIFT-100K,b17,8,163,"46,991,4815,8888",300,245,170,56,0.7476666666666667,0.873,0.8166666666666667,0.63,,,,0.2285714285714285,False
SIFT-100K,b17,8,164,"2266,4815,8888",300,245,152,49,0.7476666666666667,0.8560000000000001,0.8166666666666667,0.6533333333333333,,,,0.2,False
SIFT-100K,b17,8,165,"46,2266,4815,8888",300,245,168,57,0.7476666666666667,0.873,0.8166666666666667,0.6266666666666667,,,,0.2326530612244897,False
SIFT-100K,b17,8,166,"991,2266,4815,8888",300,245,171,57,0.7476666666666667,0.8726666666666667,0.8166666666666667,0.6266666666666667,,,,0.2326530612244897,False
SIFT-100K,b17,8,167,"46,991,2266,4815,8888",300,245,181,64,0.7476666666666667,0.8859999999999999,0.8166666666666667,0.6033333333333334,,,,0.2612244897959184,False
SIFT-100K,b17,8,168,"3732,4815,8888",300,245,146,48,0.7476666666666667,0.8523333333333334,0.8166666666666667,0.6566666666666666,,,,0.1959183673469387,False
SIFT-100K,b17,8,169,"46,3732,4815,8888",300,245,171,61,0.7476666666666667,0.8726666666666667,0.8166666666666667,0.6133333333333333,,,,0.2489795918367346,False
SIFT-100K,b17,8,170,"991,3732,4815,8888",300,245,165,63,0.7476666666666667,0.8726666666666667,0.8166666666666667,0.6066666666666667,,,,0.2571428571428571,False
SIFT-100K,b17,8,171,"46,991,3732,4815,8888",300,245,182,74,0.7476666666666667,0.8876666666666667,0.8166666666666667,0.57,,,,0.3020408163265306,False
SIFT-100K,b17,8,172,"2266,3732,4815,8888",300,245,168,61,0.7476666666666667,0.8733333333333333,0.8166666666666667,0.6133333333333333,,,,0.2489795918367346,False
SIFT-100K,b17,8,173,"46,2266,3732,4815,8888",300,245,181,68,0.7476666666666667,0.8856666666666667,0.8166666666666667,0.59,,,,0.2775510204081632,False
SIFT-100K,b17,8,174,"991,2266,3732,4815,8888",300,245,181,74,0.7476666666666667,0.8873333333333333,0.8166666666666667,0.57,,,,0.3020408163265306,False
SIFT-100K,b17,8,175,"46,991,2266,3732,4815,8888",300,245,190,80,0.7476666666666667,0.8973333333333333,0.8166666666666667,0.55,,,,0.3265306122448979,False
SIFT-100K,b17,8,176,"4177,4815,8888",300,245,151,47,0.7476666666666667,0.8550000000000001,0.8166666666666667,0.66,,,,0.1918367346938775,False
SIFT-100K,b17,8,177,"46,4177,4815,8888",300,245,172,62,0.7476666666666667,0.8746666666666666,0.8166666666666667,0.61,,,,0.2530612244897959,False
SIFT-100K,b17,8,178,"991,4177,4815,8888",300,245,167,55,0.7476666666666667,0.8736666666666666,0.8166666666666667,0.6333333333333333,,,,0.2244897959183673,False
SIFT-100K,b17,8,179,"46,991,4177,4815,8888",300,245,183,68,0.7476666666666667,0.8893333333333333,0.8166666666666667,0.59,,,,0.2775510204081632,False
SIFT-100K,b17,8,180,"2266,4177,4815,8888",300,245,175,60,0.7476666666666667,0.8766666666666667,0.8166666666666667,0.6166666666666667,,,,0.2448979591836734,False
SIFT-100K,b17,8,181,"46,2266,4177,4815,8888",300,245,185,70,0.7476666666666667,0.889,0.8166666666666667,0.5833333333333334,,,,0.2857142857142857,False
SIFT-100K,b17,8,182,"991,2266,4177,4815,8888",300,245,186,67,0.7476666666666667,0.89,0.8166666666666667,0.5933333333333334,,,,0.273469387755102,False
SIFT-100K,b17,8,183,"46,991,2266,4177,4815,8888",300,245,193,76,0.7476666666666667,0.9003333333333334,0.8166666666666667,0.5633333333333334,,,,0.310204081632653,False
SIFT-100K,b17,8,184,"3732,4177,4815,8888",300,245,168,61,0.7476666666666667,0.8723333333333333,0.8166666666666667,0.6133333333333333,,,,0.2489795918367346,False
SIFT-100K,b17,8,185,"46,3732,4177,4815,8888",300,245,184,75,0.7476666666666667,0.8886666666666667,0.8166666666666667,0.5666666666666667,,,,0.3061224489795918,False
SIFT-100K,b17,8,186,"991,3732,4177,4815,8888",300,245,179,74,0.7476666666666667,0.8886666666666667,0.8166666666666667,0.57,,,,0.3020408163265306,False
SIFT-100K,b17,8,187,"46,991,3732,4177,4815,8888",300,245,191,86,0.7476666666666667,0.9023333333333332,0.8166666666666667,0.53,,,,0.3510204081632653,False
SIFT-100K,b17,8,188,"2266,3732,4177,4815,8888",300,245,186,72,0.7476666666666667,0.89,0.8166666666666667,0.5766666666666667,,,,0.2938775510204082,False
SIFT-100K,b17,8,189,"46,2266,3732,4177,4815,8888",300,245,194,80,0.7476666666666667,0.8996666666666666,0.8166666666666667,0.55,,,,0.3265306122448979,False
SIFT-100K,b17,8,190,"991,2266,3732,4177,4815,8888",300,245,193,83,0.7476666666666667,0.901,0.8166666666666667,0.54,,,,0.3387755102040816,False
SIFT-100K,b17,8,191,"46,991,2266,3732,4177,4815,8888",300,245,199,90,0.7476666666666667,0.91,0.8166666666666667,0.5166666666666667,,,,0.3673469387755102,False
SIFT-100K,b17,8,192,"7001,8888",300,245,132,35,0.7476666666666667,0.8416666666666666,0.8166666666666667,0.7,,,,0.1428571428571428,False
SIFT-100K,b17,8,193,"46,7001,8888",300,245,157,50,0.7476666666666667,0.8630000000000001,0.8166666666666667,0.65,,,,0.2040816326530612,False
SIFT-100K,b17,8,194,"991,7001,8888",300,245,160,46,0.7476666666666667,0.866,0.8166666666666667,0.6633333333333333,,,,0.1877551020408163,False
SIFT-100K,b17,8,195,"46,991,7001,8888",300,245,174,58,0.7476666666666667,0.8803333333333333,0.8166666666666667,0.6233333333333333,,,,0.236734693877551,False
SIFT-100K,b17,8,196,"2266,7001,8888",300,245,158,49,0.7476666666666667,0.8643333333333333,0.8166666666666667,0.6533333333333333,,,,0.2,False
SIFT-100K,b17,8,197,"46,2266,7001,8888",300,245,170,58,0.7476666666666667,0.877,0.8166666666666667,0.6233333333333333,,,,0.236734693877551,False
SIFT-100K,b17,8,198,"991,2266,7001,8888",300,245,179,58,0.7476666666666667,0.881,0.8166666666666667,0.6233333333333333,,,,0.236734693877551,False
SIFT-100K,b17,8,199,"46,991,2266,7001,8888",300,245,186,66,0.7476666666666667,0.8913333333333334,0.8166666666666667,0.5966666666666667,,,,0.2693877551020408,False
SIFT-100K,b17,8,200,"3732,7001,8888",300,245,162,49,0.7476666666666667,0.8619999999999999,0.8166666666666667,0.6533333333333333,,,,0.2,False
SIFT-100K,b17,8,201,"46,3732,7001,8888",300,245,179,62,0.7476666666666667,0.8793333333333333,0.8166666666666667,0.61,,,,0.2530612244897959,False
SIFT-100K,b17,8,202,"991,3732,7001,8888",300,245,181,65,0.7476666666666667,0.8826666666666666,0.8166666666666667,0.6,,,,0.2653061224489796,False
SIFT-100K,b17,8,203,"46,991,3732,7001,8888",300,245,191,76,0.7476666666666667,0.8949999999999999,0.8166666666666667,0.5633333333333334,,,,0.310204081632653,False
SIFT-100K,b17,8,204,"2266,3732,7001,8888",300,245,178,61,0.7476666666666667,0.8793333333333333,0.8166666666666667,0.6133333333333333,,,,0.2489795918367346,False
SIFT-100K,b17,8,205,"46,2266,3732,7001,8888",300,245,188,69,0.7476666666666667,0.8903333333333334,0.8166666666666667,0.5866666666666667,,,,0.2816326530612245,False
SIFT-100K,b17,8,206,"991,2266,3732,7001,8888",300,245,194,75,0.7476666666666667,0.8936666666666667,0.8166666666666667,0.5666666666666667,,,,0.3061224489795918,False
SIFT-100K,b17,8,207,"46,991,2266,3732,7001,8888",300,245,200,82,0.7476666666666667,0.903,0.8166666666666667,0.5433333333333333,,,,0.3346938775510204,False
SIFT-100K,b17,8,208,"4177,7001,8888",300,245,150,47,0.7476666666666667,0.8606666666666667,0.8166666666666667,0.66,,,,0.1918367346938775,False
SIFT-100K,b17,8,209,"46,4177,7001,8888",300,245,170,61,0.7476666666666667,0.8786666666666667,0.8166666666666667,0.6133333333333333,,,,0.2489795918367346,False
SIFT-100K,b17,8,210,"991,4177,7001,8888",300,245,170,59,0.7476666666666667,0.8823333333333334,0.8166666666666667,0.62,,,,0.2408163265306122,False
SIFT-100K,b17,8,211,"46,991,4177,7001,8888",300,245,183,70,0.7476666666666667,0.8946666666666667,0.8166666666666667,0.5833333333333334,,,,0.2857142857142857,False
SIFT-100K,b17,8,212,"2266,4177,7001,8888",300,245,173,57,0.7476666666666667,0.8783333333333333,0.8166666666666667,0.6266666666666667,,,,0.2326530612244897,False
SIFT-100K,b17,8,213,"46,2266,4177,7001,8888",300,245,183,68,0.7476666666666667,0.89,0.8166666666666667,0.59,,,,0.2775510204081632,False
SIFT-100K,b17,8,214,"991,2266,4177,7001,8888",300,245,188,68,0.7476666666666667,0.8936666666666667,0.8166666666666667,0.59,,,,0.2775510204081632,False
SIFT-100K,b17,8,215,"46,991,2266,4177,7001,8888",300,245,195,77,0.7476666666666667,0.903,0.8166666666666667,0.56,,,,0.3142857142857143,False
SIFT-100K,b17,8,216,"3732,4177,7001,8888",300,245,172,60,0.7476666666666667,0.8773333333333333,0.8166666666666667,0.6166666666666667,,,,0.2448979591836734,False
SIFT-100K,b17,8,217,"46,3732,4177,7001,8888",300,245,187,72,0.7476666666666667,0.892,0.8166666666666667,0.5766666666666667,,,,0.2938775510204082,False
SIFT-100K,b17,8,218,"991,3732,4177,7001,8888",300,245,186,77,0.7476666666666667,0.8956666666666667,0.8166666666666667,0.56,,,,0.3142857142857143,False
SIFT-100K,b17,8,219,"46,991,3732,4177,7001,8888",300,245,196,86,0.7476666666666667,0.9066666666666666,0.8166666666666667,0.53,,,,0.3510204081632653,False
SIFT-100K,b17,8,220,"2266,3732,4177,7001,8888",300,245,187,68,0.7476666666666667,0.8903333333333334,0.8166666666666667,0.59,,,,0.2775510204081632,False
SIFT-100K,b17,8,221,"46,2266,3732,4177,7001,8888",300,245,196,77,0.7476666666666667,0.9006666666666666,0.8166666666666667,0.56,,,,0.3142857142857143,False
SIFT-100K,b17,8,222,"991,2266,3732,4177,7001,8888",300,245,199,83,0.7476666666666667,0.9036666666666668,0.8166666666666667,0.54,,,,0.3387755102040816,False
SIFT-100K,b17,8,223,"46,991,2266,3732,4177,7001,8888",300,245,205,90,0.7476666666666667,0.9123333333333332,0.8166666666666667,0.5166666666666667,,,,0.3673469387755102,False
SIFT-100K,b17,8,224,"4815,7001,8888",300,245,158,48,0.7476666666666667,0.8606666666666667,0.8166666666666667,0.6566666666666666,,,,0.1959183673469387,False
SIFT-100K,b17,8,225,"46,4815,7001,8888",300,245,174,60,0.7476666666666667,0.877,0.8166666666666667,0.6166666666666667,,,,0.2448979591836734,False
SIFT-100K,b17,8,226,"991,4815,7001,8888",300,245,173,56,0.7476666666666667,0.8789999999999999,0.8166666666666667,0.63,,,,0.2285714285714285,False
SIFT-100K,b17,8,227,"46,991,4815,7001,8888",300,245,184,65,0.7476666666666667,0.891,0.8166666666666667,0.6,,,,0.2653061224489796,False
SIFT-100K,b17,8,228,"2266,4815,7001,8888",300,245,177,60,0.7476666666666667,0.8783333333333333,0.8166666666666667,0.6166666666666667,,,,0.2448979591836734,False
SIFT-100K,b17,8,229,"46,2266,4815,7001,8888",300,245,185,68,0.7476666666666667,0.8886666666666667,0.8166666666666667,0.59,,,,0.2775510204081632,False
SIFT-100K,b17,8,230,"991,2266,4815,7001,8888",300,245,189,66,0.7476666666666667,0.891,0.8166666666666667,0.5966666666666667,,,,0.2693877551020408,False
SIFT-100K,b17,8,231,"46,991,2266,4815,7001,8888",300,245,194,73,0.7476666666666667,0.9,0.8166666666666667,0.5733333333333334,,,,0.2979591836734694,False
SIFT-100K,b17,8,232,"3732,4815,7001,8888",300,245,176,62,0.7476666666666667,0.877,0.8166666666666667,0.61,,,,0.2530612244897959,False
SIFT-100K,b17,8,233,"46,3732,4815,7001,8888",300,245,189,73,0.7476666666666667,0.891,0.8166666666666667,0.5733333333333334,,,,0.2979591836734694,False
SIFT-100K,b17,8,234,"991,3732,4815,7001,8888",300,245,185,76,0.7476666666666667,0.8933333333333333,0.8166666666666667,0.5633333333333334,,,,0.310204081632653,False
SIFT-100K,b17,8,235,"46,991,3732,4815,7001,8888",300,245,194,84,0.7476666666666667,0.9036666666666668,0.8166666666666667,0.5366666666666666,,,,0.3428571428571428,False
SIFT-100K,b17,8,236,"2266,3732,4815,7001,8888",300,245,190,72,0.7476666666666667,0.8913333333333334,0.8166666666666667,0.5766666666666667,,,,0.2938775510204082,False
SIFT-100K,b17,8,237,"46,2266,3732,4815,7001,8888",300,245,197,79,0.7476666666666667,0.9,0.8166666666666667,0.5533333333333333,,,,0.3224489795918367,False
SIFT-100K,b17,8,238,"991,2266,3732,4815,7001,8888",300,245,197,83,0.7476666666666667,0.902,0.8166666666666667,0.54,,,,0.3387755102040816,False
SIFT-100K,b17,8,239,"46,991,2266,3732,4815,7001,8888",300,245,202,89,0.7476666666666667,0.91,0.8166666666666667,0.52,,,,0.363265306122449,False
SIFT-100K,b17,8,240,"4177,4815,7001,8888",300,245,168,59,0.7476666666666667,0.8746666666666666,0.8166666666666667,0.62,,,,0.2408163265306122,False
SIFT-100K,b17,8,241,"46,4177,4815,7001,8888",300,245,183,71,0.7476666666666667,0.889,0.8166666666666667,0.58,,,,0.2897959183673469,False
SIFT-100K,b17,8,242,"991,4177,4815,7001,8888",300,245,180,66,0.7476666666666667,0.891,0.8166666666666667,0.5966666666666667,,,,0.2693877551020408,False
SIFT-100K,b17,8,243,"46,991,4177,4815,7001,8888",300,245,191,76,0.7476666666666667,0.902,0.8166666666666667,0.5633333333333334,,,,0.310204081632653,False
SIFT-100K,b17,8,244,"2266,4177,4815,7001,8888",300,245,187,69,0.7476666666666667,0.89,0.8166666666666667,0.5866666666666667,,,,0.2816326530612245,False
SIFT-100K,b17,8,245,"46,2266,4177,4815,7001,8888",300,245,194,78,0.7476666666666667,0.8993333333333334,0.8166666666666667,0.5566666666666666,,,,0.3183673469387755,False
SIFT-100K,b17,8,246,"991,2266,4177,4815,7001,8888",300,245,196,75,0.7476666666666667,0.9016666666666668,0.8166666666666667,0.5666666666666667,,,,0.3061224489795918,False
SIFT-100K,b17,8,247,"46,991,2266,4177,4815,7001,8888",300,245,201,83,0.7476666666666667,0.9096666666666666,0.8166666666666667,0.54,,,,0.3387755102040816,False
SIFT-100K,b17,8,248,"3732,4177,4815,7001,8888",300,245,182,74,0.7476666666666667,0.889,0.8166666666666667,0.57,,,,0.3020408163265306,False
SIFT-100K,b17,8,249,"46,3732,4177,4815,7001,8888",300,245,195,84,0.7476666666666667,0.9013333333333332,0.8166666666666667,0.5366666666666666,,,,0.3428571428571428,False
SIFT-100K,b17,8,250,"991,3732,4177,4815,7001,8888",300,245,190,86,0.7476666666666667,0.9036666666666668,0.8166666666666667,0.53,,,,0.3510204081632653,False
SIFT-100K,b17,8,251,"46,991,3732,4177,4815,7001,8888",300,245,199,94,0.7476666666666667,0.9133333333333332,0.8166666666666667,0.5033333333333333,,,,0.3836734693877551,False
SIFT-100K,b17,8,252,"2266,3732,4177,4815,7001,8888",300,245,196,81,0.7476666666666667,0.901,0.8166666666666667,0.5466666666666666,,,,0.3306122448979592,False
SIFT-100K,b17,8,253,"46,2266,3732,4177,4815,7001,8888",300,245,203,88,0.7476666666666667,0.909,0.8166666666666667,0.5233333333333333,,,,0.3591836734693877,False
SIFT-100K,b17,8,254,"991,2266,3732,4177,4815,7001,8888",300,245,202,91,0.7476666666666667,0.911,0.8166666666666667,0.5133333333333333,,,,0.3714285714285714,False
SIFT-100K,b17,8,255,"46,991,2266,3732,4177,4815,7001,8888",300,245,207,97,0.7476666666666667,0.9183333333333332,0.8166666666666667,0.4933333333333333,,,,0.3959183673469387,False
SIFT-100K,b17,16,0,EMPTY,300,203,0,0,0.837,0.837,0.6766666666666666,0.6766666666666666,34.75,34.75,32.595,0.0,True
SIFT-100K,b17,16,1,46,300,203,65,22,0.837,0.8710000000000001,0.6766666666666666,0.6033333333333334,,,,0.1083743842364532,False
SIFT-100K,b17,16,2,991,300,203,53,15,0.837,0.865,0.6766666666666666,0.6266666666666667,,,,0.0738916256157635,False
SIFT-100K,b17,16,3,"46,991",300,203,97,34,0.837,0.8893333333333333,0.6766666666666666,0.5633333333333334,,,,0.167487684729064,False
SIFT-100K,b17,16,4,2266,300,203,64,17,0.837,0.8696666666666667,0.6766666666666666,0.62,,,,0.083743842364532,False
SIFT-100K,b17,16,5,"46,2266",300,203,88,30,0.837,0.8843333333333334,0.6766666666666666,0.5766666666666667,,,,0.1477832512315271,False
SIFT-100K,b17,16,6,"991,2266",300,203,97,33,0.837,0.8886666666666667,0.6766666666666666,0.5666666666666667,,,,0.1625615763546798,False
SIFT-100K,b17,16,7,"46,991,2266",300,203,114,43,0.837,0.8993333333333334,0.6766666666666666,0.5333333333333333,,,,0.2118226600985221,False
SIFT-100K,b17,16,8,3732,300,203,57,11,0.837,0.865,0.6766666666666666,0.64,,,,0.0541871921182266,False
SIFT-100K,b17,16,9,"46,3732",300,203,94,34,0.837,0.8883333333333333,0.6766666666666666,0.5633333333333334,,,,0.167487684729064,False
SIFT-100K,b17,16,10,"991,3732",300,203,90,27,0.837,0.8843333333333334,0.6766666666666666,0.5866666666666667,,,,0.1330049261083744,False
SIFT-100K,b17,16,11,"46,991,3732",300,203,121,48,0.837,0.9043333333333332,0.6766666666666666,0.5166666666666667,,,,0.2364532019704433,False
SIFT-100K,b17,16,12,"2266,3732",300,203,93,29,0.837,0.8866666666666667,0.6766666666666666,0.58,,,,0.1428571428571428,False
SIFT-100K,b17,16,13,"46,2266,3732",300,203,110,41,0.837,0.8976666666666666,0.6766666666666666,0.54,,,,0.2019704433497537,False
SIFT-100K,b17,16,14,"991,2266,3732",300,203,119,44,0.837,0.901,0.6766666666666666,0.53,,,,0.2167487684729064,False
SIFT-100K,b17,16,15,"46,991,2266,3732",300,203,133,55,0.837,0.9106666666666668,0.6766666666666666,0.4933333333333333,,,,0.270935960591133,False
SIFT-100K,b17,16,16,4177,300,203,55,13,0.837,0.865,0.6766666666666666,0.6333333333333333,,,,0.064039408866995,False
SIFT-100K,b17,16,17,"46,4177",300,203,93,31,0.837,0.8886666666666667,0.6766666666666666,0.5733333333333334,,,,0.1527093596059113,False
SIFT-100K,b17,16,18,"991,4177",300,203,85,27,0.837,0.885,0.6766666666666666,0.5866666666666667,,,,0.1330049261083744,False
SIFT-100K,b17,16,19,"46,991,4177",300,203,116,43,0.837,0.9046666666666668,0.6766666666666666,0.5333333333333333,,,,0.2118226600985221,False
SIFT-100K,b17,16,20,"2266,4177",300,203,89,25,0.837,0.8869999999999999,0.6766666666666666,0.5933333333333334,,,,0.1231527093596059,False
SIFT-100K,b17,16,21,"46,2266,4177",300,203,109,38,0.837,0.8996666666666666,0.6766666666666666,0.55,,,,0.1871921182266009,False
SIFT-100K,b17,16,22,"991,2266,4177",300,203,111,40,0.837,0.902,0.6766666666666666,0.5433333333333333,,,,0.1970443349753694,False
SIFT-100K,b17,16,23,"46,991,2266,4177",300,203,128,51,0.837,0.9123333333333332,0.6766666666666666,0.5066666666666667,,,,0.2512315270935961,False
SIFT-100K,b17,16,24,"3732,4177",300,203,87,23,0.837,0.8826666666666666,0.6766666666666666,0.6,,,,0.1133004926108374,False
SIFT-100K,b17,16,25,"46,3732,4177",300,203,115,43,0.837,0.9033333333333332,0.6766666666666666,0.5333333333333333,,,,0.2118226600985221,False
SIFT-100K,b17,16,26,"991,3732,4177",300,203,109,39,0.837,0.8993333333333334,0.6766666666666666,0.5466666666666666,,,,0.1921182266009852,False
SIFT-100K,b17,16,27,"46,991,3732,4177",300,203,134,56,0.837,0.9173333333333332,0.6766666666666666,0.49,,,,0.2758620689655172,False
SIFT-100K,b17,16,28,"2266,3732,4177",300,203,111,35,0.837,0.8996666666666666,0.6766666666666666,0.56,,,,0.1724137931034483,False
SIFT-100K,b17,16,29,"46,2266,3732,4177",300,203,127,48,0.837,0.9106666666666668,0.6766666666666666,0.5166666666666667,,,,0.2364532019704433,False
SIFT-100K,b17,16,30,"991,2266,3732,4177",300,203,129,50,0.837,0.912,0.6766666666666666,0.51,,,,0.2463054187192118,False
SIFT-100K,b17,16,31,"46,991,2266,3732,4177",300,203,143,61,0.837,0.9216666666666666,0.6766666666666666,0.4733333333333333,,,,0.3004926108374384,False
SIFT-100K,b17,16,32,4815,300,203,52,14,0.837,0.8623333333333333,0.6766666666666666,0.63,,,,0.0689655172413793,False
SIFT-100K,b17,16,33,"46,4815",300,203,92,34,0.837,0.8856666666666667,0.6766666666666666,0.5633333333333334,,,,0.167487684729064,False
SIFT-100K,b17,16,34,"991,4815",300,203,84,29,0.837,0.8800000000000001,0.6766666666666666,0.58,,,,0.1428571428571428,False
SIFT-100K,b17,16,35,"46,991,4815",300,203,115,45,0.837,0.8996666666666666,0.6766666666666666,0.5266666666666666,,,,0.2216748768472906,False
SIFT-100K,b17,16,36,"2266,4815",300,203,93,30,0.837,0.8869999999999999,0.6766666666666666,0.5766666666666667,,,,0.1477832512315271,False
SIFT-100K,b17,16,37,"46,2266,4815",300,203,111,41,0.837,0.8983333333333332,0.6766666666666666,0.54,,,,0.2019704433497537,False
SIFT-100K,b17,16,38,"991,2266,4815",300,203,116,44,0.837,0.8993333333333334,0.6766666666666666,0.53,,,,0.2167487684729064,False
SIFT-100K,b17,16,39,"46,991,2266,4815",300,203,129,53,0.837,0.909,0.6766666666666666,0.5,,,,0.2610837438423645,False
SIFT-100K,b17,16,40,"3732,4815",300,203,81,25,0.837,0.8800000000000001,0.6766666666666666,0.5933333333333334,,,,0.1231527093596059,False
SIFT-100K,b17,16,41,"46,3732,4815",300,203,109,46,0.837,0.8996666666666666,0.6766666666666666,0.5233333333333333,,,,0.2266009852216748,False
SIFT-100K,b17,16,42,"991,3732,4815",300,203,105,41,0.837,0.8956666666666667,0.6766666666666666,0.54,,,,0.2019704433497537,False
SIFT-100K,b17,16,43,"46,991,3732,4815",300,203,128,59,0.837,0.9126666666666668,0.6766666666666666,0.48,,,,0.2906403940886699,False
SIFT-100K,b17,16,44,"2266,3732,4815",300,203,110,41,0.837,0.899,0.6766666666666666,0.54,,,,0.2019704433497537,False
SIFT-100K,b17,16,45,"46,2266,3732,4815",300,203,124,52,0.837,0.9086666666666666,0.6766666666666666,0.5033333333333333,,,,0.2561576354679803,False
SIFT-100K,b17,16,46,"991,2266,3732,4815",300,203,129,55,0.837,0.9096666666666666,0.6766666666666666,0.4933333333333333,,,,0.270935960591133,False
SIFT-100K,b17,16,47,"46,991,2266,3732,4815",300,203,140,65,0.837,0.9186666666666669,0.6766666666666666,0.46,,,,0.3201970443349753,False
SIFT-100K,b17,16,48,"4177,4815",300,203,81,24,0.837,0.8786666666666667,0.6766666666666666,0.5966666666666667,,,,0.1182266009852216,False
SIFT-100K,b17,16,49,"46,4177,4815",300,203,111,42,0.837,0.899,0.6766666666666666,0.5366666666666666,,,,0.2068965517241379,False
SIFT-100K,b17,16,50,"991,4177,4815",300,203,104,36,0.837,0.8943333333333333,0.6766666666666666,0.5566666666666666,,,,0.1773399014778325,False
SIFT-100K,b17,16,51,"46,991,4177,4815",300,203,129,51,0.837,0.9116666666666668,0.6766666666666666,0.5066666666666667,,,,0.2512315270935961,False
SIFT-100K,b17,16,52,"2266,4177,4815",300,203,109,36,0.837,0.8986666666666666,0.6766666666666666,0.5566666666666666,,,,0.1773399014778325,False
SIFT-100K,b17,16,53,"46,2266,4177,4815",300,203,125,48,0.837,0.9096666666666666,0.6766666666666666,0.5166666666666667,,,,0.2364532019704433,False
SIFT-100K,b17,16,54,"991,2266,4177,4815",300,203,126,48,0.837,0.9096666666666666,0.6766666666666666,0.5166666666666667,,,,0.2364532019704433,False
SIFT-100K,b17,16,55,"46,991,2266,4177,4815",300,203,139,58,0.837,0.919,0.6766666666666666,0.4833333333333333,,,,0.2857142857142857,False
SIFT-100K,b17,16,56,"3732,4177,4815",300,203,102,36,0.837,0.8939999999999999,0.6766666666666666,0.5566666666666666,,,,0.1773399014778325,False
SIFT-100K,b17,16,57,"46,3732,4177,4815",300,203,125,54,0.837,0.912,0.6766666666666666,0.4966666666666666,,,,0.2660098522167488,False
SIFT-100K,b17,16,58,"991,3732,4177,4815",300,203,120,49,0.837,0.908,0.6766666666666666,0.5133333333333333,,,,0.2413793103448276,False
SIFT-100K,b17,16,59,"46,991,3732,4177,4815",300,203,140,65,0.837,0.924,0.6766666666666666,0.46,,,,0.3201970443349753,False
SIFT-100K,b17,16,60,"2266,3732,4177,4815",300,203,124,47,0.837,0.9093333333333332,0.6766666666666666,0.52,,,,0.2315270935960591,False
SIFT-100K,b17,16,61,"46,2266,3732,4177,4815",300,203,137,58,0.837,0.919,0.6766666666666666,0.4833333333333333,,,,0.2857142857142857,False
SIFT-100K,b17,16,62,"991,2266,3732,4177,4815",300,203,138,59,0.837,0.919,0.6766666666666666,0.48,,,,0.2906403940886699,False
SIFT-100K,b17,16,63,"46,991,2266,3732,4177,4815",300,203,149,69,0.837,0.928,0.6766666666666666,0.4466666666666666,,,,0.3399014778325123,False
SIFT-100K,b17,16,64,7001,300,203,54,17,0.837,0.8693333333333333,0.6766666666666666,0.62,,,,0.083743842364532,False
SIFT-100K,b17,16,65,"46,7001",300,203,89,33,0.837,0.8883333333333333,0.6766666666666666,0.5666666666666667,,,,0.1625615763546798,False
SIFT-100K,b17,16,66,"991,7001",300,203,91,28,0.837,0.8896666666666666,0.6766666666666666,0.5833333333333334,,,,0.1379310344827586,False
SIFT-100K,b17,16,67,"46,991,7001",300,203,115,42,0.837,0.904,0.6766666666666666,0.5366666666666666,,,,0.2068965517241379,False
SIFT-100K,b17,16,68,"2266,7001",300,203,87,28,0.837,0.8866666666666667,0.6766666666666666,0.5833333333333334,,,,0.1379310344827586,False
SIFT-100K,b17,16,69,"46,2266,7001",300,203,105,39,0.837,0.8973333333333333,0.6766666666666666,0.5466666666666666,,,,0.1921182266009852,False
SIFT-100K,b17,16,70,"991,2266,7001",300,203,114,40,0.837,0.9023333333333332,0.6766666666666666,0.5433333333333333,,,,0.1970443349753694,False
SIFT-100K,b17,16,71,"46,991,2266,7001",300,203,127,49,0.837,0.9106666666666668,0.6766666666666666,0.5133333333333333,,,,0.2413793103448276,False
SIFT-100K,b17,16,72,"3732,7001",300,203,90,29,0.837,0.8876666666666667,0.6766666666666666,0.58,,,,0.1428571428571428,False
SIFT-100K,b17,16,73,"46,3732,7001",300,203,114,45,0.837,0.9026666666666668,0.6766666666666666,0.5266666666666666,,,,0.2216748768472906,False
SIFT-100K,b17,16,74,"991,3732,7001",300,203,116,42,0.837,0.9046666666666668,0.6766666666666666,0.5366666666666666,,,,0.2068965517241379,False
SIFT-100K,b17,16,75,"46,991,3732,7001",300,203,135,56,0.837,0.9163333333333334,0.6766666666666666,0.49,,,,0.2758620689655172,False
SIFT-100K,b17,16,76,"2266,3732,7001",300,203,112,39,0.837,0.901,0.6766666666666666,0.5466666666666666,,,,0.1921182266009852,False
SIFT-100K,b17,16,77,"46,2266,3732,7001",300,203,125,50,0.837,0.9096666666666666,0.6766666666666666,0.51,,,,0.2463054187192118,False
SIFT-100K,b17,16,78,"991,2266,3732,7001",300,203,133,51,0.837,0.9136666666666666,0.6766666666666666,0.5066666666666667,,,,0.2512315270935961,False
SIFT-100K,b17,16,79,"46,991,2266,3732,7001",300,203,144,61,0.837,0.921,0.6766666666666666,0.4733333333333333,,,,0.3004926108374384,False
SIFT-100K,b17,16,80,"4177,7001",300,203,80,25,0.837,0.885,0.6766666666666666,0.5933333333333334,,,,0.1231527093596059,False
SIFT-100K,b17,16,81,"46,4177,7001",300,203,108,39,0.837,0.9016666666666668,0.6766666666666666,0.5466666666666666,,,,0.1921182266009852,False
SIFT-100K,b17,16,82,"991,4177,7001",300,203,107,38,0.837,0.903,0.6766666666666666,0.55,,,,0.1871921182266009,False
SIFT-100K,b17,16,83,"46,991,4177,7001",300,203,128,50,0.837,0.9156666666666666,0.6766666666666666,0.51,,,,0.2463054187192118,False
SIFT-100K,b17,16,84,"2266,4177,7001",300,203,104,32,0.837,0.8986666666666666,0.6766666666666666,0.57,,,,0.1576354679802955,False
SIFT-100K,b17,16,85,"46,2266,4177,7001",300,203,120,44,0.837,0.909,0.6766666666666666,0.53,,,,0.2167487684729064,False
SIFT-100K,b17,16,86,"991,2266,4177,7001",300,203,124,46,0.837,0.9126666666666668,0.6766666666666666,0.5233333333333333,,,,0.2266009852216748,False
SIFT-100K,b17,16,87,"46,991,2266,4177,7001",300,203,137,56,0.837,0.9206666666666669,0.6766666666666666,0.49,,,,0.2758620689655172,False
SIFT-100K,b17,16,88,"3732,4177,7001",300,203,106,36,0.837,0.8996666666666666,0.6766666666666666,0.5566666666666666,,,,0.1773399014778325,False
SIFT-100K,b17,16,89,"46,3732,4177,7001",300,203,126,51,0.837,0.9133333333333332,0.6766666666666666,0.5066666666666667,,,,0.2512315270935961,False
SIFT-100K,b17,16,90,"991,3732,4177,7001",300,203,125,51,0.837,0.9146666666666666,0.6766666666666666,0.5066666666666667,,,,0.2512315270935961,False
SIFT-100K,b17,16,91,"46,991,3732,4177,7001",300,203,142,63,0.837,0.9256666666666666,0.6766666666666666,0.4666666666666667,,,,0.3103448275862069,False
SIFT-100K,b17,16,92,"2266,3732,4177,7001",300,203,123,42,0.837,0.9103333333333332,0.6766666666666666,0.5366666666666666,,,,0.2068965517241379,False
SIFT-100K,b17,16,93,"46,2266,3732,4177,7001",300,203,136,54,0.837,0.919,0.6766666666666666,0.4966666666666666,,,,0.2660098522167488,False
SIFT-100K,b17,16,94,"991,2266,3732,4177,7001",300,203,139,56,0.837,0.9216666666666666,0.6766666666666666,0.49,,,,0.2758620689655172,False
SIFT-100K,b17,16,95,"46,991,2266,3732,4177,7001",300,203,150,66,0.837,0.929,0.6766666666666666,0.4566666666666666,,,,0.3251231527093596,False
SIFT-100K,b17,16,96,"4815,7001",300,203,85,28,0.837,0.8863333333333333,0.6766666666666666,0.5833333333333334,,,,0.1379310344827586,False
SIFT-100K,b17,16,97,"46,4815,7001",300,203,110,43,0.837,0.902,0.6766666666666666,0.5333333333333333,,,,0.2118226600985221,False
SIFT-100K,b17,16,98,"991,4815,7001",300,203,110,40,0.837,0.9013333333333332,0.6766666666666666,0.5433333333333333,,,,0.1970443349753694,False
SIFT-100K,b17,16,99,"46,991,4815,7001",300,203,128,51,0.837,0.9133333333333332,0.6766666666666666,0.5066666666666667,,,,0.2512315270935961,False
SIFT-100K,b17,16,100,"2266,4815,7001",300,203,110,39,0.837,0.9013333333333332,0.6766666666666666,0.5466666666666666,,,,0.1921182266009852,False
SIFT-100K,b17,16,101,"46,2266,4815,7001",300,203,124,49,0.837,0.9103333333333332,0.6766666666666666,0.5133333333333333,,,,0.2413793103448276,False
SIFT-100K,b17,16,102,"991,2266,4815,7001",300,203,128,50,0.837,0.912,0.6766666666666666,0.51,,,,0.2463054187192118,False
SIFT-100K,b17,16,103,"46,991,2266,4815,7001",300,203,138,58,0.837,0.9193333333333332,0.6766666666666666,0.4833333333333333,,,,0.2857142857142857,False
SIFT-100K,b17,16,104,"3732,4815,7001",300,203,107,41,0.837,0.9,0.6766666666666666,0.54,,,,0.2019704433497537,False
SIFT-100K,b17,16,105,"46,3732,4815,7001",300,203,125,56,0.837,0.913,0.6766666666666666,0.49,,,,0.2758620689655172,False
SIFT-100K,b17,16,106,"991,3732,4815,7001",300,203,125,54,0.837,0.9133333333333332,0.6766666666666666,0.4966666666666666,,,,0.2660098522167488,False
SIFT-100K,b17,16,107,"46,991,3732,4815,7001",300,203,139,66,0.837,0.9236666666666666,0.6766666666666666,0.4566666666666666,,,,0.3251231527093596,False
SIFT-100K,b17,16,108,"2266,3732,4815,7001",300,203,126,50,0.837,0.9123333333333332,0.6766666666666666,0.51,,,,0.2463054187192118,False
SIFT-100K,b17,16,109,"46,2266,3732,4815,7001",300,203,136,60,0.837,0.9196666666666669,0.6766666666666666,0.4766666666666667,,,,0.2955665024630542,False
SIFT-100K,b17,16,110,"991,2266,3732,4815,7001",300,203,140,61,0.837,0.9213333333333332,0.6766666666666666,0.4733333333333333,,,,0.3004926108374384,False
SIFT-100K,b17,16,111,"46,991,2266,3732,4815,7001",300,203,148,70,0.837,0.928,0.6766666666666666,0.4433333333333333,,,,0.3448275862068966,False
SIFT-100K,b17,16,112,"4177,4815,7001",300,203,100,35,0.837,0.897,0.6766666666666666,0.56,,,,0.1724137931034483,False
SIFT-100K,b17,16,113,"46,4177,4815,7001",300,203,122,49,0.837,0.9113333333333332,0.6766666666666666,0.5133333333333333,,,,0.2413793103448276,False
SIFT-100K,b17,16,114,"991,4177,4815,7001",300,203,120,46,0.837,0.9106666666666668,0.6766666666666666,0.5233333333333333,,,,0.2266009852216748,False
SIFT-100K,b17,16,115,"46,991,4177,4815,7001",300,203,137,57,0.837,0.922,0.6766666666666666,0.4866666666666667,,,,0.2807881773399014,False
SIFT-100K,b17,16,116,"2266,4177,4815,7001",300,203,120,43,0.837,0.9096666666666666,0.6766666666666666,0.5333333333333333,,,,0.2118226600985221,False
SIFT-100K,b17,16,117,"46,2266,4177,4815,7001",300,203,133,54,0.837,0.9183333333333332,0.6766666666666666,0.4966666666666666,,,,0.2660098522167488,False
SIFT-100K,b17,16,118,"991,2266,4177,4815,7001",300,203,135,54,0.837,0.9196666666666669,0.6766666666666666,0.4966666666666666,,,,0.2660098522167488,False
SIFT-100K,b17,16,119,"46,991,2266,4177,4815,7001",300,203,145,63,0.837,0.9266666666666667,0.6766666666666666,0.4666666666666667,,,,0.3103448275862069,False
SIFT-100K,b17,16,120,"3732,4177,4815,7001",300,203,118,49,0.837,0.9093333333333332,0.6766666666666666,0.5133333333333333,,,,0.2413793103448276,False
SIFT-100K,b17,16,121,"46,3732,4177,4815,7001",300,203,134,62,0.837,0.9213333333333332,0.6766666666666666,0.47,,,,0.3054187192118227,False
SIFT-100K,b17,16,122,"991,3732,4177,4815,7001",300,203,133,61,0.837,0.9216666666666666,0.6766666666666666,0.4733333333333333,,,,0.3004926108374384,False
SIFT-100K,b17,16,123,"46,991,3732,4177,4815,7001",300,203,146,72,0.837,0.9316666666666666,0.6766666666666666,0.4366666666666666,,,,0.354679802955665,False
SIFT-100K,b17,16,124,"2266,3732,4177,4815,7001",300,203,134,54,0.837,0.9193333333333332,0.6766666666666666,0.4966666666666666,,,,0.2660098522167488,False
SIFT-100K,b17,16,125,"46,2266,3732,4177,4815,7001",300,203,144,64,0.837,0.9266666666666667,0.6766666666666666,0.4633333333333333,,,,0.3152709359605911,False
SIFT-100K,b17,16,126,"991,2266,3732,4177,4815,7001",300,203,146,65,0.837,0.928,0.6766666666666666,0.46,,,,0.3201970443349753,False
SIFT-100K,b17,16,127,"46,991,2266,3732,4177,4815,7001",300,203,154,74,0.837,0.9346666666666664,0.6766666666666666,0.43,,,,0.3645320197044335,False
SIFT-100K,b17,16,128,8888,300,203,50,16,0.837,0.8633333333333333,0.6766666666666666,0.6233333333333333,,,,0.0788177339901477,False
SIFT-100K,b17,16,129,"46,8888",300,203,91,34,0.837,0.8880000000000001,0.6766666666666666,0.5633333333333334,,,,0.167487684729064,False
SIFT-100K,b17,16,130,"991,8888",300,203,87,27,0.837,0.8846666666666666,0.6766666666666666,0.5866666666666667,,,,0.1330049261083744,False
SIFT-100K,b17,16,131,"46,991,8888",300,203,118,44,0.837,0.9043333333333332,0.6766666666666666,0.53,,,,0.2167487684729064,False
SIFT-100K,b17,16,132,"2266,8888",300,203,90,31,0.837,0.8880000000000001,0.6766666666666666,0.5733333333333334,,,,0.1527093596059113,False
SIFT-100K,b17,16,133,"46,2266,8888",300,203,108,41,0.837,0.8996666666666666,0.6766666666666666,0.54,,,,0.2019704433497537,False
SIFT-100K,b17,16,134,"991,2266,8888",300,203,116,44,0.837,0.903,0.6766666666666666,0.53,,,,0.2167487684729064,False
SIFT-100K,b17,16,135,"46,991,2266,8888",300,203,130,52,0.837,0.9126666666666668,0.6766666666666666,0.5033333333333333,,,,0.2561576354679803,False
SIFT-100K,b17,16,136,"3732,8888",300,203,84,25,0.837,0.8806666666666667,0.6766666666666666,0.5933333333333334,,,,0.1231527093596059,False
SIFT-100K,b17,16,137,"46,3732,8888",300,203,111,46,0.837,0.9006666666666666,0.6766666666666666,0.5233333333333333,,,,0.2266009852216748,False
SIFT-100K,b17,16,138,"991,3732,8888",300,203,113,39,0.837,0.8983333333333332,0.6766666666666666,0.5466666666666666,,,,0.1921182266009852,False
SIFT-100K,b17,16,139,"46,991,3732,8888",300,203,135,58,0.837,0.9156666666666666,0.6766666666666666,0.4833333333333333,,,,0.2857142857142857,False
SIFT-100K,b17,16,140,"2266,3732,8888",300,203,109,41,0.837,0.8993333333333334,0.6766666666666666,0.54,,,,0.2019704433497537,False
SIFT-100K,b17,16,141,"46,2266,3732,8888",300,203,124,52,0.837,0.9093333333333332,0.6766666666666666,0.5033333333333333,,,,0.2561576354679803,False
SIFT-100K,b17,16,142,"991,2266,3732,8888",300,203,133,55,0.837,0.9126666666666668,0.6766666666666666,0.4933333333333333,,,,0.270935960591133,False
SIFT-100K,b17,16,143,"46,991,2266,3732,8888",300,203,145,64,0.837,0.9213333333333332,0.6766666666666666,0.4633333333333333,,,,0.3152709359605911,False
SIFT-100K,b17,16,144,"4177,8888",300,203,81,27,0.837,0.881,0.6766666666666666,0.5866666666666667,,,,0.1330049261083744,False
SIFT-100K,b17,16,145,"46,4177,8888",300,203,111,44,0.837,0.902,0.6766666666666666,0.53,,,,0.2167487684729064,False
SIFT-100K,b17,16,146,"991,4177,8888",300,203,106,39,0.837,0.8993333333333334,0.6766666666666666,0.5466666666666666,,,,0.1921182266009852,False
SIFT-100K,b17,16,147,"46,991,4177,8888",300,203,131,54,0.837,0.9166666666666666,0.6766666666666666,0.4966666666666666,,,,0.2660098522167488,False
SIFT-100K,b17,16,148,"2266,4177,8888",300,203,108,39,0.837,0.9003333333333334,0.6766666666666666,0.5466666666666666,,,,0.1921182266009852,False
SIFT-100K,b17,16,149,"46,2266,4177,8888",300,203,124,50,0.837,0.9116666666666668,0.6766666666666666,0.51,,,,0.2463054187192118,False
SIFT-100K,b17,16,150,"991,2266,4177,8888",300,203,126,52,0.837,0.9136666666666666,0.6766666666666666,0.5033333333333333,,,,0.2561576354679803,False
SIFT-100K,b17,16,151,"46,991,2266,4177,8888",300,203,140,61,0.837,0.923,0.6766666666666666,0.4733333333333333,,,,0.3004926108374384,False
SIFT-100K,b17,16,152,"3732,4177,8888",300,203,103,34,0.837,0.8933333333333333,0.6766666666666666,0.5633333333333334,,,,0.167487684729064,False
SIFT-100K,b17,16,153,"46,3732,4177,8888",300,203,126,53,0.837,0.912,0.6766666666666666,0.5,,,,0.2610837438423645,False
SIFT-100K,b17,16,154,"991,3732,4177,8888",300,203,124,49,0.837,0.9096666666666666,0.6766666666666666,0.5133333333333333,,,,0.2413793103448276,False
SIFT-100K,b17,16,155,"46,991,3732,4177,8888",300,203,144,65,0.837,0.9256666666666666,0.6766666666666666,0.46,,,,0.3201970443349753,False
SIFT-100K,b17,16,156,"2266,3732,4177,8888",300,203,123,47,0.837,0.909,0.6766666666666666,0.52,,,,0.2315270935960591,False
SIFT-100K,b17,16,157,"46,2266,3732,4177,8888",300,203,137,58,0.837,0.919,0.6766666666666666,0.4833333333333333,,,,0.2857142857142857,False
SIFT-100K,b17,16,158,"991,2266,3732,4177,8888",300,203,140,61,0.837,0.921,0.6766666666666666,0.4733333333333333,,,,0.3004926108374384,False
SIFT-100K,b17,16,159,"46,991,2266,3732,4177,8888",300,203,152,70,0.837,0.9296666666666666,0.6766666666666666,0.4433333333333333,,,,0.3448275862068966,False
SIFT-100K,b17,16,160,"4815,8888",300,203,78,27,0.837,0.8779999999999999,0.6766666666666666,0.5866666666666667,,,,0.1330049261083744,False
SIFT-100K,b17,16,161,"46,4815,8888",300,203,109,43,0.837,0.898,0.6766666666666666,0.5333333333333333,,,,0.2118226600985221,False
SIFT-100K,b17,16,162,"991,4815,8888",300,203,103,39,0.837,0.8943333333333333,0.6766666666666666,0.5466666666666666,,,,0.1921182266009852,False
SIFT-100K,b17,16,163,"46,991,4815,8888",300,203,129,53,0.837,0.9116666666666668,0.6766666666666666,0.5,,,,0.2610837438423645,False
SIFT-100K,b17,16,164,"2266,4815,8888",300,203,108,40,0.837,0.8983333333333332,0.6766666666666666,0.5433333333333333,,,,0.1970443349753694,False
SIFT-100K,b17,16,165,"46,2266,4815,8888",300,203,124,49,0.837,0.909,0.6766666666666666,0.5133333333333333,,,,0.2413793103448276,False
SIFT-100K,b17,16,166,"991,2266,4815,8888",300,203,127,52,0.837,0.91,0.6766666666666666,0.5033333333333333,,,,0.2561576354679803,False
SIFT-100K,b17,16,167,"46,991,2266,4815,8888",300,203,139,60,0.837,0.9193333333333332,0.6766666666666666,0.4766666666666667,,,,0.2955665024630542,False
SIFT-100K,b17,16,168,"3732,4815,8888",300,203,96,36,0.837,0.8903333333333334,0.6766666666666666,0.5566666666666666,,,,0.1773399014778325,False
SIFT-100K,b17,16,169,"46,3732,4815,8888",300,203,121,54,0.837,0.9083333333333334,0.6766666666666666,0.4966666666666666,,,,0.2660098522167488,False
SIFT-100K,b17,16,170,"991,3732,4815,8888",300,203,117,50,0.837,0.905,0.6766666666666666,0.51,,,,0.2463054187192118,False
SIFT-100K,b17,16,171,"46,991,3732,4815,8888",300,203,138,66,0.837,0.921,0.6766666666666666,0.4566666666666666,,,,0.3251231527093596,False
SIFT-100K,b17,16,172,"2266,3732,4815,8888",300,203,120,49,0.837,0.9073333333333334,0.6766666666666666,0.5133333333333333,,,,0.2413793103448276,False
SIFT-100K,b17,16,173,"46,2266,3732,4815,8888",300,203,134,59,0.837,0.9166666666666666,0.6766666666666666,0.48,,,,0.2906403940886699,False
SIFT-100K,b17,16,174,"991,2266,3732,4815,8888",300,203,137,62,0.837,0.9176666666666666,0.6766666666666666,0.47,,,,0.3054187192118227,False
SIFT-100K,b17,16,175,"46,991,2266,3732,4815,8888",300,203,148,71,0.837,0.9263333333333332,0.6766666666666666,0.44,,,,0.3497536945812808,False
SIFT-100K,b17,16,176,"4177,4815,8888",300,203,97,36,0.837,0.8906666666666666,0.6766666666666666,0.5566666666666666,,,,0.1773399014778325,False
SIFT-100K,b17,16,177,"46,4177,4815,8888",300,203,123,52,0.837,0.9096666666666666,0.6766666666666666,0.5033333333333333,,,,0.2561576354679803,False
SIFT-100K,b17,16,178,"991,4177,4815,8888",300,203,116,46,0.837,0.9056666666666666,0.6766666666666666,0.5233333333333333,,,,0.2266009852216748,False
SIFT-100K,b17,16,179,"46,991,4177,4815,8888",300,203,139,60,0.837,0.922,0.6766666666666666,0.4766666666666667,,,,0.2955665024630542,False
SIFT-100K,b17,16,180,"2266,4177,4815,8888",300,203,121,47,0.837,0.9086666666666666,0.6766666666666666,0.52,,,,0.2315270935960591,False
SIFT-100K,b17,16,181,"46,2266,4177,4815,8888",300,203,135,57,0.837,0.919,0.6766666666666666,0.4866666666666667,,,,0.2807881773399014,False
SIFT-100K,b17,16,182,"991,2266,4177,4815,8888",300,203,135,57,0.837,0.919,0.6766666666666666,0.4866666666666667,,,,0.2807881773399014,False
SIFT-100K,b17,16,183,"46,991,2266,4177,4815,8888",300,203,147,66,0.837,0.928,0.6766666666666666,0.4566666666666666,,,,0.3251231527093596,False
SIFT-100K,b17,16,184,"3732,4177,4815,8888",300,203,111,45,0.837,0.9016666666666668,0.6766666666666666,0.5266666666666666,,,,0.2216748768472906,False
SIFT-100K,b17,16,185,"46,3732,4177,4815,8888",300,203,133,62,0.837,0.919,0.6766666666666666,0.47,,,,0.3054187192118227,False
SIFT-100K,b17,16,186,"991,3732,4177,4815,8888",300,203,128,57,0.837,0.9153333333333334,0.6766666666666666,0.4866666666666667,,,,0.2807881773399014,False
SIFT-100K,b17,16,187,"46,991,3732,4177,4815,8888",300,203,147,72,0.837,0.9306666666666666,0.6766666666666666,0.4366666666666666,,,,0.354679802955665,False
SIFT-100K,b17,16,188,"2266,3732,4177,4815,8888",300,203,131,56,0.837,0.9163333333333334,0.6766666666666666,0.49,,,,0.2758620689655172,False
SIFT-100K,b17,16,189,"46,2266,3732,4177,4815,8888",300,203,144,66,0.837,0.9256666666666666,0.6766666666666666,0.4566666666666666,,,,0.3251231527093596,False
SIFT-100K,b17,16,190,"991,2266,3732,4177,4815,8888",300,203,144,67,0.837,0.9256666666666666,0.6766666666666666,0.4533333333333333,,,,0.3300492610837438,False
SIFT-100K,b17,16,191,"46,991,2266,3732,4177,4815,8888",300,203,155,76,0.837,0.9343333333333332,0.6766666666666666,0.4233333333333333,,,,0.3743842364532019,False
SIFT-100K,b17,16,192,"7001,8888",300,203,81,32,0.837,0.8846666666666666,0.6766666666666666,0.57,,,,0.1576354679802955,False
SIFT-100K,b17,16,193,"46,7001,8888",300,203,105,45,0.837,0.9006666666666666,0.6766666666666666,0.5266666666666666,,,,0.2216748768472906,False
SIFT-100K,b17,16,194,"991,7001,8888",300,203,110,40,0.837,0.902,0.6766666666666666,0.5433333333333333,,,,0.1970443349753694,False
SIFT-100K,b17,16,195,"46,991,7001,8888",300,203,127,52,0.837,0.9143333333333332,0.6766666666666666,0.5033333333333333,,,,0.2561576354679803,False
SIFT-100K,b17,16,196,"2266,7001,8888",300,203,106,41,0.837,0.8993333333333334,0.6766666666666666,0.54,,,,0.2019704433497537,False
SIFT-100K,b17,16,197,"46,2266,7001,8888",300,203,119,50,0.837,0.9086666666666666,0.6766666666666666,0.51,,,,0.2463054187192118,False
SIFT-100K,b17,16,198,"991,2266,7001,8888",300,203,127,51,0.837,0.9126666666666668,0.6766666666666666,0.5066666666666667,,,,0.2512315270935961,False
SIFT-100K,b17,16,199,"46,991,2266,7001,8888",300,203,137,58,0.837,0.92,0.6766666666666666,0.4833333333333333,,,,0.2857142857142857,False
SIFT-100K,b17,16,200,"3732,7001,8888",300,203,108,43,0.837,0.8993333333333334,0.6766666666666666,0.5333333333333333,,,,0.2118226600985221,False
SIFT-100K,b17,16,201,"46,3732,7001,8888",300,203,125,57,0.837,0.912,0.6766666666666666,0.4866666666666667,,,,0.2807881773399014,False
SIFT-100K,b17,16,202,"991,3732,7001,8888",300,203,131,54,0.837,0.9146666666666666,0.6766666666666666,0.4966666666666666,,,,0.2660098522167488,False
SIFT-100K,b17,16,203,"46,991,3732,7001,8888",300,203,144,66,0.837,0.9246666666666666,0.6766666666666666,0.4566666666666666,,,,0.3251231527093596,False
SIFT-100K,b17,16,204,"2266,3732,7001,8888",300,203,124,51,0.837,0.9106666666666668,0.6766666666666666,0.5066666666666667,,,,0.2512315270935961,False
SIFT-100K,b17,16,205,"46,2266,3732,7001,8888",300,203,135,61,0.837,0.9183333333333332,0.6766666666666666,0.4733333333333333,,,,0.3004926108374384,False
SIFT-100K,b17,16,206,"991,2266,3732,7001,8888",300,203,143,62,0.837,0.9223333333333332,0.6766666666666666,0.47,,,,0.3054187192118227,False
SIFT-100K,b17,16,207,"46,991,2266,3732,7001,8888",300,203,152,70,0.837,0.9286666666666668,0.6766666666666666,0.4433333333333333,,,,0.3448275862068966,False
SIFT-100K,b17,16,208,"4177,7001,8888",300,203,98,39,0.837,0.8960000000000001,0.6766666666666666,0.5466666666666666,,,,0.1921182266009852,False
SIFT-100K,b17,16,209,"46,4177,7001,8888",300,203,119,52,0.837,0.9106666666666668,0.6766666666666666,0.5033333333333333,,,,0.2561576354679803,False
SIFT-100K,b17,16,210,"991,4177,7001,8888",300,203,120,50,0.837,0.9123333333333332,0.6766666666666666,0.51,,,,0.2463054187192118,False
SIFT-100K,b17,16,211,"46,991,4177,7001,8888",300,203,136,61,0.837,0.9233333333333332,0.6766666666666666,0.4733333333333333,,,,0.3004926108374384,False
SIFT-100K,b17,16,212,"2266,4177,7001,8888",300,203,118,46,0.837,0.9083333333333334,0.6766666666666666,0.5233333333333333,,,,0.2266009852216748,False
SIFT-100K,b17,16,213,"46,2266,4177,7001,8888",300,203,130,56,0.837,0.9173333333333332,0.6766666666666666,0.49,,,,0.2758620689655172,False
SIFT-100K,b17,16,214,"991,2266,4177,7001,8888",300,203,134,58,0.837,0.9206666666666669,0.6766666666666666,0.4833333333333333,,,,0.2857142857142857,False
SIFT-100K,b17,16,215,"46,991,2266,4177,7001,8888",300,203,144,66,0.837,0.9276666666666668,0.6766666666666666,0.4566666666666666,,,,0.3251231527093596,False
SIFT-100K,b17,16,216,"3732,4177,7001,8888",300,203,118,47,0.837,0.907,0.6766666666666666,0.52,,,,0.2315270935960591,False
SIFT-100K,b17,16,217,"46,3732,4177,7001,8888",300,203,134,61,0.837,0.9193333333333332,0.6766666666666666,0.4733333333333333,,,,0.3004926108374384,False
SIFT-100K,b17,16,218,"991,3732,4177,7001,8888",300,203,136,61,0.837,0.9216666666666666,0.6766666666666666,0.4733333333333333,,,,0.3004926108374384,False
SIFT-100K,b17,16,219,"46,991,3732,4177,7001,8888",300,203,149,72,0.837,0.9313333333333332,0.6766666666666666,0.4366666666666666,,,,0.354679802955665,False
SIFT-100K,b17,16,220,"2266,3732,4177,7001,8888",300,203,132,54,0.837,0.917,0.6766666666666666,0.4966666666666666,,,,0.2660098522167488,False
SIFT-100K,b17,16,221,"46,2266,3732,4177,7001,8888",300,203,143,64,0.837,0.9246666666666666,0.6766666666666666,0.4633333333333333,,,,0.3152709359605911,False
SIFT-100K,b17,16,222,"991,2266,3732,4177,7001,8888",300,203,147,67,0.837,0.928,0.6766666666666666,0.4533333333333333,,,,0.3300492610837438,False
SIFT-100K,b17,16,223,"46,991,2266,3732,4177,7001,8888",300,203,156,75,0.837,0.9343333333333332,0.6766666666666666,0.4266666666666667,,,,0.3694581280788177,False
SIFT-100K,b17,16,224,"4815,7001,8888",300,203,103,41,0.837,0.8966666666666667,0.6766666666666666,0.54,,,,0.2019704433497537,False
SIFT-100K,b17,16,225,"46,4815,7001,8888",300,203,122,52,0.837,0.91,0.6766666666666666,0.5033333333333333,,,,0.2561576354679803,False
SIFT-100K,b17,16,226,"991,4815,7001,8888",300,203,122,50,0.837,0.9103333333333332,0.6766666666666666,0.51,,,,0.2463054187192118,False
SIFT-100K,b17,16,227,"46,991,4815,7001,8888",300,203,137,59,0.837,0.921,0.6766666666666666,0.48,,,,0.2906403940886699,False
SIFT-100K,b17,16,228,"2266,4815,7001,8888",300,203,122,49,0.837,0.909,0.6766666666666666,0.5133333333333333,,,,0.2413793103448276,False
SIFT-100K,b17,16,229,"46,2266,4815,7001,8888",300,203,134,57,0.837,0.9173333333333332,0.6766666666666666,0.4866666666666667,,,,0.2807881773399014,False
SIFT-100K,b17,16,230,"991,2266,4815,7001,8888",300,203,136,58,0.837,0.919,0.6766666666666666,0.4833333333333333,,,,0.2857142857142857,False
SIFT-100K,b17,16,231,"46,991,2266,4815,7001,8888",300,203,145,65,0.837,0.926,0.6766666666666666,0.46,,,,0.3201970443349753,False
SIFT-100K,b17,16,232,"3732,4815,7001,8888",300,203,119,52,0.837,0.9076666666666666,0.6766666666666666,0.5033333333333333,,,,0.2561576354679803,False
SIFT-100K,b17,16,233,"46,3732,4815,7001,8888",300,203,134,64,0.837,0.919,0.6766666666666666,0.4633333333333333,,,,0.3152709359605911,False
SIFT-100K,b17,16,234,"991,3732,4815,7001,8888",300,203,134,63,0.837,0.92,0.6766666666666666,0.4666666666666667,,,,0.3103448275862069,False
SIFT-100K,b17,16,235,"46,991,3732,4815,7001,8888",300,203,146,73,0.837,0.9293333333333332,0.6766666666666666,0.4333333333333333,,,,0.3596059113300492,False
SIFT-100K,b17,16,236,"2266,3732,4815,7001,8888",300,203,134,58,0.837,0.918,0.6766666666666666,0.4833333333333333,,,,0.2857142857142857,False
SIFT-100K,b17,16,237,"46,2266,3732,4815,7001,8888",300,203,144,67,0.837,0.925,0.6766666666666666,0.4533333333333333,,,,0.3300492610837438,False
SIFT-100K,b17,16,238,"991,2266,3732,4815,7001,8888",300,203,146,68,0.837,0.9266666666666667,0.6766666666666666,0.45,,,,0.334975369458128,False
SIFT-100K,b17,16,239,"46,991,2266,3732,4815,7001,8888",300,203,154,76,0.837,0.933,0.6766666666666666,0.4233333333333333,,,,0.3743842364532019,False
SIFT-100K,b17,16,240,"4177,4815,7001,8888",300,203,112,46,0.837,0.9046666666666668,0.6766666666666666,0.5233333333333333,,,,0.2266009852216748,False
SIFT-100K,b17,16,241,"46,4177,4815,7001,8888",300,203,130,58,0.837,0.9176666666666666,0.6766666666666666,0.4833333333333333,,,,0.2857142857142857,False
SIFT-100K,b17,16,242,"991,4177,4815,7001,8888",300,203,128,55,0.837,0.9176666666666666,0.6766666666666666,0.4933333333333333,,,,0.270935960591133,False
SIFT-100K,b17,16,243,"46,991,4177,4815,7001,8888",300,203,143,65,0.837,0.928,0.6766666666666666,0.46,,,,0.3201970443349753,False
SIFT-100K,b17,16,244,"2266,4177,4815,7001,8888",300,203,129,53,0.837,0.916,0.6766666666666666,0.5,,,,0.2610837438423645,False
SIFT-100K,b17,16,245,"46,2266,4177,4815,7001,8888",300,203,140,62,0.837,0.924,0.6766666666666666,0.47,,,,0.3054187192118227,False
SIFT-100K,b17,16,246,"991,2266,4177,4815,7001,8888",300,203,141,62,0.837,0.9253333333333332,0.6766666666666666,0.47,,,,0.3054187192118227,False
SIFT-100K,b17,16,247,"46,991,2266,4177,4815,7001,8888",300,203,150,70,0.837,0.932,0.6766666666666666,0.4433333333333333,,,,0.3448275862068966,False
SIFT-100K,b17,16,248,"3732,4177,4815,7001,8888",300,203,125,57,0.837,0.9143333333333332,0.6766666666666666,0.4866666666666667,,,,0.2807881773399014,False
SIFT-100K,b17,16,249,"46,3732,4177,4815,7001,8888",300,203,140,69,0.837,0.9256666666666666,0.6766666666666666,0.4466666666666666,,,,0.3399014778325123,False
SIFT-100K,b17,16,250,"991,3732,4177,4815,7001,8888",300,203,139,68,0.837,0.9263333333333332,0.6766666666666666,0.45,,,,0.334975369458128,False
SIFT-100K,b17,16,251,"46,991,3732,4177,4815,7001,8888",300,203,151,78,0.837,0.9356666666666668,0.6766666666666666,0.4166666666666667,,,,0.3842364532019704,False
SIFT-100K,b17,16,252,"2266,3732,4177,4815,7001,8888",300,203,139,62,0.837,0.9236666666666666,0.6766666666666666,0.47,,,,0.3054187192118227,False
SIFT-100K,b17,16,253,"46,2266,3732,4177,4815,7001,8888",300,203,149,71,0.837,0.9306666666666666,0.6766666666666666,0.44,,,,0.3497536945812808,False
SIFT-100K,b17,16,254,"991,2266,3732,4177,4815,7001,8888",300,203,150,72,0.837,0.932,0.6766666666666666,0.4366666666666666,,,,0.354679802955665,False
SIFT-100K,b17,16,255,"46,991,2266,3732,4177,4815,7001,8888",300,203,158,80,0.837,0.9383333333333332,0.6766666666666666,0.41,,,,0.3940886699507389,False
SIFT-100K,b17,32,0,EMPTY,300,123,0,0,0.9283333333333332,0.9283333333333332,0.41,0.41,64.875,64.875,64.0875,0.0,True
SIFT-100K,b17,32,1,46,300,123,22,13,0.9283333333333332,0.9386666666666666,0.41,0.3666666666666666,,,,0.1056910569105691,False
SIFT-100K,b17,32,2,991,300,123,18,11,0.9283333333333332,0.9356666666666668,0.41,0.3733333333333333,,,,0.089430894308943,False
SIFT-100K,b17,32,3,"46,991",300,123,34,19,0.9283333333333332,0.9433333333333334,0.41,0.3466666666666667,,,,0.1544715447154471,False
SIFT-100K,b17,32,4,2266,300,123,23,16,0.9283333333333332,0.9376666666666666,0.41,0.3566666666666667,,,,0.1300813008130081,False
SIFT-100K,b17,32,5,"46,2266",300,123,35,22,0.9283333333333332,0.9436666666666668,0.41,0.3366666666666666,,,,0.1788617886178861,False
SIFT-100K,b17,32,6,"991,2266",300,123,36,23,0.9283333333333332,0.943,0.41,0.3333333333333333,,,,0.1869918699186991,False
SIFT-100K,b17,32,7,"46,991,2266",300,123,45,27,0.9283333333333332,0.9476666666666668,0.41,0.32,,,,0.2195121951219512,False
SIFT-100K,b17,32,8,3732,300,123,25,12,0.9283333333333332,0.938,0.41,0.37,,,,0.0975609756097561,False
SIFT-100K,b17,32,9,"46,3732",300,123,37,21,0.9283333333333332,0.945,0.41,0.34,,,,0.1707317073170731,False
SIFT-100K,b17,32,10,"991,3732",300,123,38,21,0.9283333333333332,0.944,0.41,0.34,,,,0.1707317073170731,False
SIFT-100K,b17,32,11,"46,991,3732",300,123,48,28,0.9283333333333332,0.9496666666666668,0.41,0.3166666666666666,,,,0.2276422764227642,False
SIFT-100K,b17,32,12,"2266,3732",300,123,39,23,0.9283333333333332,0.9446666666666668,0.41,0.3333333333333333,,,,0.1869918699186991,False
SIFT-100K,b17,32,13,"46,2266,3732",300,123,46,28,0.9283333333333332,0.949,0.41,0.3166666666666666,,,,0.2276422764227642,False
SIFT-100K,b17,32,14,"991,2266,3732",300,123,49,30,0.9283333333333332,0.9493333333333334,0.41,0.31,,,,0.2439024390243902,False
SIFT-100K,b17,32,15,"46,991,2266,3732",300,123,55,34,0.9283333333333332,0.953,0.41,0.2966666666666667,,,,0.2764227642276423,False
SIFT-100K,b17,32,16,4177,300,123,24,11,0.9283333333333332,0.9393333333333332,0.41,0.3733333333333333,,,,0.089430894308943,False
SIFT-100K,b17,32,17,"46,4177",300,123,40,22,0.9283333333333332,0.9473333333333332,0.41,0.3366666666666666,,,,0.1788617886178861,False
SIFT-100K,b17,32,18,"991,4177",300,123,37,20,0.9283333333333332,0.9446666666666668,0.41,0.3433333333333333,,,,0.1626016260162601,False
SIFT-100K,b17,32,19,"46,991,4177",300,123,49,28,0.9283333333333332,0.951,0.41,0.3166666666666666,,,,0.2276422764227642,False
SIFT-100K,b17,32,20,"2266,4177",300,123,39,25,0.9283333333333332,0.9456666666666668,0.41,0.3266666666666666,,,,0.2032520325203252,False
SIFT-100K,b17,32,21,"46,2266,4177",300,123,50,31,0.9283333333333332,0.951,0.41,0.3066666666666666,,,,0.2520325203252032,False
SIFT-100K,b17,32,22,"991,2266,4177",300,123,49,32,0.9283333333333332,0.95,0.41,0.3033333333333333,,,,0.2601626016260163,False
SIFT-100K,b17,32,23,"46,991,2266,4177",300,123,57,36,0.9283333333333332,0.954,0.41,0.29,,,,0.2926829268292683,False
SIFT-100K,b17,32,24,"3732,4177",300,123,42,20,0.9283333333333332,0.9463333333333332,0.41,0.3433333333333333,,,,0.1626016260162601,False
SIFT-100K,b17,32,25,"46,3732,4177",300,123,52,28,0.9283333333333332,0.9526666666666668,0.41,0.3166666666666666,,,,0.2276422764227642,False
SIFT-100K,b17,32,26,"991,3732,4177",300,123,51,28,0.9283333333333332,0.9506666666666664,0.41,0.3166666666666666,,,,0.2276422764227642,False
SIFT-100K,b17,32,27,"46,991,3732,4177",300,123,60,35,0.9283333333333332,0.9563333333333331,0.41,0.2933333333333333,,,,0.2845528455284553,False
SIFT-100K,b17,32,28,"2266,3732,4177",300,123,52,29,0.9283333333333332,0.951,0.41,0.3133333333333333,,,,0.2357723577235772,False
SIFT-100K,b17,32,29,"46,2266,3732,4177",300,123,59,34,0.9283333333333332,0.9553333333333331,0.41,0.2966666666666667,,,,0.2764227642276423,False
SIFT-100K,b17,32,30,"991,2266,3732,4177",300,123,59,36,0.9283333333333332,0.9546666666666668,0.41,0.29,,,,0.2926829268292683,False
SIFT-100K,b17,32,31,"46,991,2266,3732,4177",300,123,65,40,0.9283333333333332,0.9583333333333334,0.41,0.2766666666666666,,,,0.3252032520325203,False
SIFT-100K,b17,32,32,4815,300,123,19,8,0.9283333333333332,0.9363333333333334,0.41,0.3833333333333333,,,,0.065040650406504,False
SIFT-100K,b17,32,33,"46,4815",300,123,33,17,0.9283333333333332,0.943,0.41,0.3533333333333333,,,,0.1382113821138211,False
SIFT-100K,b17,32,34,"991,4815",300,123,32,16,0.9283333333333332,0.9416666666666668,0.41,0.3566666666666667,,,,0.1300813008130081,False
SIFT-100K,b17,32,35,"46,991,4815",300,123,43,23,0.9283333333333332,0.947,0.41,0.3333333333333333,,,,0.1869918699186991,False
SIFT-100K,b17,32,36,"2266,4815",300,123,35,20,0.9283333333333332,0.9426666666666664,0.41,0.3433333333333333,,,,0.1626016260162601,False
SIFT-100K,b17,32,37,"46,2266,4815",300,123,44,25,0.9283333333333332,0.947,0.41,0.3266666666666666,,,,0.2032520325203252,False
SIFT-100K,b17,32,38,"991,2266,4815",300,123,45,26,0.9283333333333332,0.9466666666666668,0.41,0.3233333333333333,,,,0.2113821138211382,False
SIFT-100K,b17,32,39,"46,991,2266,4815",300,123,52,30,0.9283333333333332,0.9503333333333334,0.41,0.31,,,,0.2439024390243902,False
SIFT-100K,b17,32,40,"3732,4815",300,123,35,20,0.9283333333333332,0.944,0.41,0.3433333333333333,,,,0.1626016260162601,False
SIFT-100K,b17,32,41,"46,3732,4815",300,123,44,26,0.9283333333333332,0.949,0.41,0.3233333333333333,,,,0.2113821138211382,False
SIFT-100K,b17,32,42,"991,3732,4815",300,123,45,28,0.9283333333333332,0.9486666666666668,0.41,0.3166666666666666,,,,0.2276422764227642,False
SIFT-100K,b17,32,43,"46,991,3732,4815",300,123,53,33,0.9283333333333332,0.953,0.41,0.3,,,,0.2682926829268293,False
SIFT-100K,b17,32,44,"2266,3732,4815",300,123,46,27,0.9283333333333332,0.9483333333333333,0.41,0.32,,,,0.2195121951219512,False
SIFT-100K,b17,32,45,"46,2266,3732,4815",300,123,52,31,0.9283333333333332,0.952,0.41,0.3066666666666666,,,,0.2520325203252032,False
SIFT-100K,b17,32,46,"991,2266,3732,4815",300,123,53,33,0.9283333333333332,0.9516666666666668,0.41,0.3,,,,0.2682926829268293,False
SIFT-100K,b17,32,47,"46,991,2266,3732,4815",300,123,59,37,0.9283333333333332,0.9553333333333331,0.41,0.2866666666666667,,,,0.3008130081300813,False
SIFT-100K,b17,32,48,"4177,4815",300,123,36,20,0.9283333333333332,0.945,0.41,0.3433333333333333,,,,0.1626016260162601,False
SIFT-100K,b17,32,49,"46,4177,4815",300,123,47,27,0.9283333333333332,0.9503333333333334,0.41,0.32,,,,0.2195121951219512,False
SIFT-100K,b17,32,50,"991,4177,4815",300,123,47,26,0.9283333333333332,0.949,0.41,0.3233333333333333,,,,0.2113821138211382,False
SIFT-100K,b17,32,51,"46,991,4177,4815",300,123,56,32,0.9283333333333332,0.9536666666666668,0.41,0.3033333333333333,,,,0.2601626016260163,False
SIFT-100K,b17,32,52,"2266,4177,4815",300,123,47,30,0.9283333333333332,0.949,0.41,0.31,,,,0.2439024390243902,False
SIFT-100K,b17,32,53,"46,2266,4177,4815",300,123,56,35,0.9283333333333332,0.9533333333333334,0.41,0.2933333333333333,,,,0.2845528455284553,False
SIFT-100K,b17,32,54,"991,2266,4177,4815",300,123,56,35,0.9283333333333332,0.9523333333333334,0.41,0.2933333333333333,,,,0.2845528455284553,False
SIFT-100K,b17,32,55,"46,991,2266,4177,4815",300,123,63,39,0.9283333333333332,0.956,0.41,0.28,,,,0.3170731707317073,False
SIFT-100K,b17,32,56,"3732,4177,4815",300,123,49,28,0.9283333333333332,0.951,0.41,0.3166666666666666,,,,0.2276422764227642,False
SIFT-100K,b17,32,57,"46,3732,4177,4815",300,123,56,33,0.9283333333333332,0.9553333333333331,0.41,0.3,,,,0.2682926829268293,False
SIFT-100K,b17,32,58,"991,3732,4177,4815",300,123,57,34,0.9283333333333332,0.9543333333333331,0.41,0.2966666666666667,,,,0.2764227642276423,False
SIFT-100K,b17,32,59,"46,991,3732,4177,4815",300,123,64,39,0.9283333333333332,0.9586666666666666,0.41,0.28,,,,0.3170731707317073,False
SIFT-100K,b17,32,60,"2266,3732,4177,4815",300,123,56,34,0.9283333333333332,0.9536666666666668,0.41,0.2966666666666667,,,,0.2764227642276423,False
SIFT-100K,b17,32,61,"46,2266,3732,4177,4815",300,123,62,38,0.9283333333333332,0.9573333333333334,0.41,0.2833333333333333,,,,0.3089430894308943,False
SIFT-100K,b17,32,62,"991,2266,3732,4177,4815",300,123,62,39,0.9283333333333332,0.9563333333333331,0.41,0.28,,,,0.3170731707317073,False
SIFT-100K,b17,32,63,"46,991,2266,3732,4177,4815",300,123,68,43,0.9283333333333332,0.96,0.41,0.2666666666666666,,,,0.3495934959349593,False
SIFT-100K,b17,32,64,7001,300,123,22,9,0.9283333333333332,0.9413333333333334,0.41,0.38,,,,0.073170731707317,False
SIFT-100K,b17,32,65,"46,7001",300,123,35,18,0.9283333333333332,0.9466666666666668,0.41,0.35,,,,0.1463414634146341,False
SIFT-100K,b17,32,66,"991,7001",300,123,37,18,0.9283333333333332,0.9476666666666668,0.41,0.35,,,,0.1463414634146341,False
SIFT-100K,b17,32,67,"46,991,7001",300,123,47,24,0.9283333333333332,0.9513333333333334,0.41,0.33,,,,0.1951219512195122,False
SIFT-100K,b17,32,68,"2266,7001",300,123,33,19,0.9283333333333332,0.946,0.41,0.3466666666666667,,,,0.1544715447154471,False
SIFT-100K,b17,32,69,"46,2266,7001",300,123,43,25,0.9283333333333332,0.95,0.41,0.3266666666666666,,,,0.2032520325203252,False
SIFT-100K,b17,32,70,"991,2266,7001",300,123,45,26,0.9283333333333332,0.951,0.41,0.3233333333333333,,,,0.2113821138211382,False
SIFT-100K,b17,32,71,"46,991,2266,7001",300,123,53,30,0.9283333333333332,0.954,0.41,0.31,,,,0.2439024390243902,False
SIFT-100K,b17,32,72,"3732,7001",300,123,38,17,0.9283333333333332,0.947,0.41,0.3533333333333333,,,,0.1382113821138211,False
SIFT-100K,b17,32,73,"46,3732,7001",300,123,47,24,0.9283333333333332,0.9513333333333334,0.41,0.33,,,,0.1951219512195122,False
SIFT-100K,b17,32,74,"991,3732,7001",300,123,51,26,0.9283333333333332,0.953,0.41,0.3233333333333333,,,,0.2113821138211382,False
SIFT-100K,b17,32,75,"46,991,3732,7001",300,123,58,31,0.9283333333333332,0.956,0.41,0.3066666666666666,,,,0.2520325203252032,False
SIFT-100K,b17,32,76,"2266,3732,7001",300,123,44,24,0.9283333333333332,0.9503333333333334,0.41,0.33,,,,0.1951219512195122,False
SIFT-100K,b17,32,77,"46,2266,3732,7001",300,123,51,29,0.9283333333333332,0.9536666666666668,0.41,0.3133333333333333,,,,0.2357723577235772,False
SIFT-100K,b17,32,78,"991,2266,3732,7001",300,123,54,31,0.9283333333333332,0.955,0.41,0.3066666666666666,,,,0.2520325203252032,False
SIFT-100K,b17,32,79,"46,991,2266,3732,7001",300,123,60,35,0.9283333333333332,0.9576666666666668,0.41,0.2933333333333333,,,,0.2845528455284553,False
SIFT-100K,b17,32,80,"4177,7001",300,123,35,18,0.9283333333333332,0.9483333333333333,0.41,0.35,,,,0.1463414634146341,False
SIFT-100K,b17,32,81,"46,4177,7001",300,123,47,26,0.9283333333333332,0.953,0.41,0.3233333333333333,,,,0.2113821138211382,False
SIFT-100K,b17,32,82,"991,4177,7001",300,123,46,26,0.9283333333333332,0.953,0.41,0.3233333333333333,,,,0.2113821138211382,False
SIFT-100K,b17,32,83,"46,991,4177,7001",300,123,56,32,0.9283333333333332,0.9566666666666668,0.41,0.3033333333333333,,,,0.2601626016260163,False
SIFT-100K,b17,32,84,"2266,4177,7001",300,123,44,27,0.9283333333333332,0.9516666666666668,0.41,0.32,,,,0.2195121951219512,False
SIFT-100K,b17,32,85,"46,2266,4177,7001",300,123,54,33,0.9283333333333332,0.9556666666666668,0.41,0.3,,,,0.2682926829268293,False
SIFT-100K,b17,32,86,"991,2266,4177,7001",300,123,53,34,0.9283333333333332,0.9556666666666668,0.41,0.2966666666666667,,,,0.2764227642276423,False
SIFT-100K,b17,32,87,"46,991,2266,4177,7001",300,123,61,38,0.9283333333333332,0.9586666666666666,0.41,0.2833333333333333,,,,0.3089430894308943,False
SIFT-100K,b17,32,88,"3732,4177,7001",300,123,50,26,0.9283333333333332,0.9536666666666668,0.41,0.3233333333333333,,,,0.2113821138211382,False
SIFT-100K,b17,32,89,"46,3732,4177,7001",300,123,58,32,0.9283333333333332,0.9573333333333334,0.41,0.3033333333333333,,,,0.2601626016260163,False
SIFT-100K,b17,32,90,"991,3732,4177,7001",300,123,59,34,0.9283333333333332,0.958,0.41,0.2966666666666667,,,,0.2764227642276423,False
SIFT-100K,b17,32,91,"46,991,3732,4177,7001",300,123,66,39,0.9283333333333332,0.961,0.41,0.28,,,,0.3170731707317073,False
SIFT-100K,b17,32,92,"2266,3732,4177,7001",300,123,55,31,0.9283333333333332,0.9556666666666668,0.41,0.3066666666666666,,,,0.2520325203252032,False
SIFT-100K,b17,32,93,"46,2266,3732,4177,7001",300,123,62,36,0.9283333333333332,0.959,0.41,0.29,,,,0.2926829268292683,False
SIFT-100K,b17,32,94,"991,2266,3732,4177,7001",300,123,62,38,0.9283333333333332,0.9593333333333334,0.41,0.2833333333333333,,,,0.3089430894308943,False
SIFT-100K,b17,32,95,"46,991,2266,3732,4177,7001",300,123,68,42,0.9283333333333332,0.962,0.41,0.27,,,,0.3414634146341463,False
SIFT-100K,b17,32,96,"4815,7001",300,123,34,15,0.9283333333333332,0.9466666666666668,0.41,0.36,,,,0.1219512195121951,False
SIFT-100K,b17,32,97,"46,4815,7001",300,123,44,22,0.9283333333333332,0.9506666666666664,0.41,0.3366666666666666,,,,0.1788617886178861,False
SIFT-100K,b17,32,98,"991,4815,7001",300,123,46,23,0.9283333333333332,0.9516666666666668,0.41,0.3333333333333333,,,,0.1869918699186991,False
SIFT-100K,b17,32,99,"46,991,4815,7001",300,123,54,28,0.9283333333333332,0.9546666666666668,0.41,0.3166666666666666,,,,0.2276422764227642,False
SIFT-100K,b17,32,100,"2266,4815,7001",300,123,43,23,0.9283333333333332,0.9503333333333334,0.41,0.3333333333333333,,,,0.1869918699186991,False
SIFT-100K,b17,32,101,"46,2266,4815,7001",300,123,51,28,0.9283333333333332,0.9533333333333334,0.41,0.3166666666666666,,,,0.2276422764227642,False
SIFT-100K,b17,32,102,"991,2266,4815,7001",300,123,52,29,0.9283333333333332,0.954,0.41,0.3133333333333333,,,,0.2357723577235772,False
SIFT-100K,b17,32,103,"46,991,2266,4815,7001",300,123,59,33,0.9283333333333332,0.9566666666666668,0.41,0.3,,,,0.2682926829268293,False
SIFT-100K,b17,32,104,"3732,4815,7001",300,123,46,24,0.9283333333333332,0.9516666666666668,0.41,0.33,,,,0.1951219512195122,False
SIFT-100K,b17,32,105,"46,3732,4815,7001",300,123,53,29,0.9283333333333332,0.955,0.41,0.3133333333333333,,,,0.2357723577235772,False
SIFT-100K,b17,32,106,"991,3732,4815,7001",300,123,56,32,0.9283333333333332,0.9563333333333331,0.41,0.3033333333333333,,,,0.2601626016260163,False
SIFT-100K,b17,32,107,"46,991,3732,4815,7001",300,123,62,36,0.9283333333333332,0.959,0.41,0.29,,,,0.2926829268292683,False
SIFT-100K,b17,32,108,"2266,3732,4815,7001",300,123,51,28,0.9283333333333332,0.954,0.41,0.3166666666666666,,,,0.2276422764227642,False
SIFT-100K,b17,32,109,"46,2266,3732,4815,7001",300,123,57,32,0.9283333333333332,0.9566666666666668,0.41,0.3033333333333333,,,,0.2601626016260163,False
SIFT-100K,b17,32,110,"991,2266,3732,4815,7001",300,123,58,34,0.9283333333333332,0.9573333333333334,0.41,0.2966666666666667,,,,0.2764227642276423,False
SIFT-100K,b17,32,111,"46,991,2266,3732,4815,7001",300,123,64,38,0.9283333333333332,0.96,0.41,0.2833333333333333,,,,0.3089430894308943,False
SIFT-100K,b17,32,112,"4177,4815,7001",300,123,43,25,0.9283333333333332,0.9523333333333334,0.41,0.3266666666666666,,,,0.2032520325203252,False
SIFT-100K,b17,32,113,"46,4177,4815,7001",300,123,52,31,0.9283333333333332,0.9556666666666668,0.41,0.3066666666666666,,,,0.2520325203252032,False
SIFT-100K,b17,32,114,"991,4177,4815,7001",300,123,53,31,0.9283333333333332,0.956,0.41,0.3066666666666666,,,,0.2520325203252032,False
SIFT-100K,b17,32,115,"46,991,4177,4815,7001",300,123,61,36,0.9283333333333332,0.959,0.41,0.29,,,,0.2926829268292683,False
SIFT-100K,b17,32,116,"2266,4177,4815,7001",300,123,51,32,0.9283333333333332,0.955,0.41,0.3033333333333333,,,,0.2601626016260163,False
SIFT-100K,b17,32,117,"46,2266,4177,4815,7001",300,123,59,37,0.9283333333333332,0.958,0.41,0.2866666666666667,,,,0.3008130081300813,False
SIFT-100K,b17,32,118,"991,2266,4177,4815,7001",300,123,59,37,0.9283333333333332,0.958,0.41,0.2866666666666667,,,,0.3008130081300813,False
SIFT-100K,b17,32,119,"46,991,2266,4177,4815,7001",300,123,66,41,0.9283333333333332,0.9606666666666668,0.41,0.2733333333333333,,,,0.3333333333333333,False
SIFT-100K,b17,32,120,"3732,4177,4815,7001",300,123,55,33,0.9283333333333332,0.957,0.41,0.3,,,,0.2682926829268293,False
SIFT-100K,b17,32,121,"46,3732,4177,4815,7001",300,123,61,37,0.9283333333333332,0.9596666666666666,0.41,0.2866666666666667,,,,0.3008130081300813,False
SIFT-100K,b17,32,122,"991,3732,4177,4815,7001",300,123,63,39,0.9283333333333332,0.9603333333333334,0.41,0.28,,,,0.3170731707317073,False
SIFT-100K,b17,32,123,"46,991,3732,4177,4815,7001",300,123,69,43,0.9283333333333332,0.963,0.41,0.2666666666666666,,,,0.3495934959349593,False
SIFT-100K,b17,32,124,"2266,3732,4177,4815,7001",300,123,59,36,0.9283333333333332,0.9583333333333334,0.41,0.29,,,,0.2926829268292683,False
SIFT-100K,b17,32,125,"46,2266,3732,4177,4815,7001",300,123,65,40,0.9283333333333332,0.961,0.41,0.2766666666666666,,,,0.3252032520325203,False
SIFT-100K,b17,32,126,"991,2266,3732,4177,4815,7001",300,123,65,41,0.9283333333333332,0.961,0.41,0.2733333333333333,,,,0.3333333333333333,False
SIFT-100K,b17,32,127,"46,991,2266,3732,4177,4815,7001",300,123,71,45,0.9283333333333332,0.9636666666666668,0.41,0.26,,,,0.3658536585365853,False
SIFT-100K,b17,32,128,8888,300,123,24,13,0.9283333333333332,0.9403333333333336,0.41,0.3666666666666666,,,,0.1056910569105691,False
SIFT-100K,b17,32,129,"46,8888",300,123,36,20,0.9283333333333332,0.9463333333333332,0.41,0.3433333333333333,,,,0.1626016260162601,False
SIFT-100K,b17,32,130,"991,8888",300,123,37,20,0.9283333333333332,0.9456666666666668,0.41,0.3433333333333333,,,,0.1626016260162601,False
SIFT-100K,b17,32,131,"46,991,8888",300,123,48,26,0.9283333333333332,0.951,0.41,0.3233333333333333,,,,0.2113821138211382,False
SIFT-100K,b17,32,132,"2266,8888",300,123,38,23,0.9283333333333332,0.946,0.41,0.3333333333333333,,,,0.1869918699186991,False
SIFT-100K,b17,32,133,"46,2266,8888",300,123,45,27,0.9283333333333332,0.9503333333333334,0.41,0.32,,,,0.2195121951219512,False
SIFT-100K,b17,32,134,"991,2266,8888",300,123,49,29,0.9283333333333332,0.9506666666666664,0.41,0.3133333333333333,,,,0.2357723577235772,False
SIFT-100K,b17,32,135,"46,991,2266,8888",300,123,55,32,0.9283333333333332,0.9543333333333331,0.41,0.3033333333333333,,,,0.2601626016260163,False
SIFT-100K,b17,32,136,"3732,8888",300,123,39,21,0.9283333333333332,0.9456666666666668,0.41,0.34,,,,0.1707317073170731,False
SIFT-100K,b17,32,137,"46,3732,8888",300,123,48,28,0.9283333333333332,0.951,0.41,0.3166666666666666,,,,0.2276422764227642,False
SIFT-100K,b17,32,138,"991,3732,8888",300,123,51,29,0.9283333333333332,0.951,0.41,0.3133333333333333,,,,0.2357723577235772,False
SIFT-100K,b17,32,139,"46,991,3732,8888",300,123,59,35,0.9283333333333332,0.9556666666666668,0.41,0.2933333333333333,,,,0.2845528455284553,False
SIFT-100K,b17,32,140,"2266,3732,8888",300,123,49,29,0.9283333333333332,0.9503333333333334,0.41,0.3133333333333333,,,,0.2357723577235772,False
SIFT-100K,b17,32,141,"46,2266,3732,8888",300,123,55,33,0.9283333333333332,0.9543333333333331,0.41,0.3,,,,0.2682926829268293,False
SIFT-100K,b17,32,142,"991,2266,3732,8888",300,123,59,36,0.9283333333333332,0.955,0.41,0.29,,,,0.2926829268292683,False
SIFT-100K,b17,32,143,"46,991,2266,3732,8888",300,123,64,39,0.9283333333333332,0.9583333333333334,0.41,0.28,,,,0.3170731707317073,False
SIFT-100K,b17,32,144,"4177,8888",300,123,40,21,0.9283333333333332,0.9476666666666668,0.41,0.34,,,,0.1707317073170731,False
SIFT-100K,b17,32,145,"46,4177,8888",300,123,50,29,0.9283333333333332,0.9536666666666668,0.41,0.3133333333333333,,,,0.2357723577235772,False
SIFT-100K,b17,32,146,"991,4177,8888",300,123,50,28,0.9283333333333332,0.952,0.41,0.3166666666666666,,,,0.2276422764227642,False
SIFT-100K,b17,32,147,"46,991,4177,8888",300,123,59,35,0.9283333333333332,0.9573333333333334,0.41,0.2933333333333333,,,,0.2845528455284553,False
SIFT-100K,b17,32,148,"2266,4177,8888",300,123,51,32,0.9283333333333332,0.9523333333333334,0.41,0.3033333333333333,,,,0.2601626016260163,False
SIFT-100K,b17,32,149,"46,2266,4177,8888",300,123,58,36,0.9283333333333332,0.9566666666666668,0.41,0.29,,,,0.2926829268292683,False
SIFT-100K,b17,32,150,"991,2266,4177,8888",300,123,59,38,0.9283333333333332,0.956,0.41,0.2833333333333333,,,,0.3089430894308943,False
SIFT-100K,b17,32,151,"46,991,2266,4177,8888",300,123,65,41,0.9283333333333332,0.9596666666666666,0.41,0.2733333333333333,,,,0.3333333333333333,False
SIFT-100K,b17,32,152,"3732,4177,8888",300,123,52,27,0.9283333333333332,0.952,0.41,0.32,,,,0.2195121951219512,False
SIFT-100K,b17,32,153,"46,3732,4177,8888",300,123,60,34,0.9283333333333332,0.9573333333333334,0.41,0.2966666666666667,,,,0.2764227642276423,False
SIFT-100K,b17,32,154,"991,3732,4177,8888",300,123,61,35,0.9283333333333332,0.9563333333333331,0.41,0.2933333333333333,,,,0.2845528455284553,False
SIFT-100K,b17,32,155,"46,991,3732,4177,8888",300,123,68,41,0.9283333333333332,0.961,0.41,0.2733333333333333,,,,0.3333333333333333,False
SIFT-100K,b17,32,156,"2266,3732,4177,8888",300,123,60,35,0.9283333333333332,0.9556666666666668,0.41,0.2933333333333333,,,,0.2845528455284553,False
SIFT-100K,b17,32,157,"46,2266,3732,4177,8888",300,123,66,39,0.9283333333333332,0.9596666666666666,0.41,0.28,,,,0.3170731707317073,False
SIFT-100K,b17,32,158,"991,2266,3732,4177,8888",300,123,67,42,0.9283333333333332,0.9593333333333334,0.41,0.27,,,,0.3414634146341463,False
SIFT-100K,b17,32,159,"46,991,2266,3732,4177,8888",300,123,72,45,0.9283333333333332,0.9626666666666668,0.41,0.26,,,,0.3658536585365853,False
SIFT-100K,b17,32,160,"4815,8888",300,123,35,18,0.9283333333333332,0.945,0.41,0.35,,,,0.1463414634146341,False
SIFT-100K,b17,32,161,"46,4815,8888",300,123,43,23,0.9283333333333332,0.9493333333333334,0.41,0.3333333333333333,,,,0.1869918699186991,False
SIFT-100K,b17,32,162,"991,4815,8888",300,123,45,24,0.9283333333333332,0.949,0.41,0.33,,,,0.1951219512195122,False
SIFT-100K,b17,32,163,"46,991,4815,8888",300,123,53,29,0.9283333333333332,0.9533333333333334,0.41,0.3133333333333333,,,,0.2357723577235772,False
SIFT-100K,b17,32,164,"2266,4815,8888",300,123,46,26,0.9283333333333332,0.9493333333333334,0.41,0.3233333333333333,,,,0.2113821138211382,False
SIFT-100K,b17,32,165,"46,2266,4815,8888",300,123,51,29,0.9283333333333332,0.9526666666666668,0.41,0.3133333333333333,,,,0.2357723577235772,False
SIFT-100K,b17,32,166,"991,2266,4815,8888",300,123,54,31,0.9283333333333332,0.9526666666666668,0.41,0.3066666666666666,,,,0.2520325203252032,False
SIFT-100K,b17,32,167,"46,991,2266,4815,8888",300,123,59,34,0.9283333333333332,0.956,0.41,0.2966666666666667,,,,0.2764227642276423,False
SIFT-100K,b17,32,168,"3732,4815,8888",300,123,46,27,0.9283333333333332,0.9496666666666668,0.41,0.32,,,,0.2195121951219512,False
SIFT-100K,b17,32,169,"46,3732,4815,8888",300,123,53,31,0.9283333333333332,0.9536666666666668,0.41,0.3066666666666666,,,,0.2520325203252032,False
SIFT-100K,b17,32,170,"991,3732,4815,8888",300,123,55,34,0.9283333333333332,0.9536666666666668,0.41,0.2966666666666667,,,,0.2764227642276423,False
SIFT-100K,b17,32,171,"46,991,3732,4815,8888",300,123,62,38,0.9283333333333332,0.9576666666666668,0.41,0.2833333333333333,,,,0.3089430894308943,False
SIFT-100K,b17,32,172,"2266,3732,4815,8888",300,123,54,32,0.9283333333333332,0.953,0.41,0.3033333333333333,,,,0.2601626016260163,False
SIFT-100K,b17,32,173,"46,2266,3732,4815,8888",300,123,59,35,0.9283333333333332,0.9563333333333331,0.41,0.2933333333333333,,,,0.2845528455284553,False
SIFT-100K,b17,32,174,"991,2266,3732,4815,8888",300,123,61,38,0.9283333333333332,0.9563333333333331,0.41,0.2833333333333333,,,,0.3089430894308943,False
SIFT-100K,b17,32,175,"46,991,2266,3732,4815,8888",300,123,66,41,0.9283333333333332,0.9596666666666666,0.41,0.2733333333333333,,,,0.3333333333333333,False
SIFT-100K,b17,32,176,"4177,4815,8888",300,123,48,28,0.9283333333333332,0.952,0.41,0.3166666666666666,,,,0.2276422764227642,False
SIFT-100K,b17,32,177,"46,4177,4815,8888",300,123,55,33,0.9283333333333332,0.9563333333333331,0.41,0.3,,,,0.2682926829268293,False
SIFT-100K,b17,32,178,"991,4177,4815,8888",300,123,57,33,0.9283333333333332,0.9553333333333331,0.41,0.3,,,,0.2682926829268293,False
SIFT-100K,b17,32,179,"46,991,4177,4815,8888",300,123,64,38,0.9283333333333332,0.9596666666666666,0.41,0.2833333333333333,,,,0.3089430894308943,False
SIFT-100K,b17,32,180,"2266,4177,4815,8888",300,123,57,36,0.9283333333333332,0.9553333333333331,0.41,0.29,,,,0.2926829268292683,False
SIFT-100K,b17,32,181,"46,2266,4177,4815,8888",300,123,62,39,0.9283333333333332,0.9586666666666666,0.41,0.28,,,,0.3170731707317073,False
SIFT-100K,b17,32,182,"991,2266,4177,4815,8888",300,123,64,40,0.9283333333333332,0.958,0.41,0.2766666666666666,,,,0.3252032520325203,False
SIFT-100K,b17,32,183,"46,991,2266,4177,4815,8888",300,123,69,43,0.9283333333333332,0.9613333333333334,0.41,0.2666666666666666,,,,0.3495934959349593,False
SIFT-100K,b17,32,184,"3732,4177,4815,8888",300,123,57,34,0.9283333333333332,0.9556666666666668,0.41,0.2966666666666667,,,,0.2764227642276423,False
SIFT-100K,b17,32,185,"46,3732,4177,4815,8888",300,123,63,38,0.9283333333333332,0.9596666666666666,0.41,0.2833333333333333,,,,0.3089430894308943,False
SIFT-100K,b17,32,186,"991,3732,4177,4815,8888",300,123,65,40,0.9283333333333332,0.959,0.41,0.2766666666666666,,,,0.3252032520325203,False
SIFT-100K,b17,32,187,"46,991,3732,4177,4815,8888",300,123,71,44,0.9283333333333332,0.963,0.41,0.2633333333333333,,,,0.3577235772357723,False
SIFT-100K,b17,32,188,"2266,3732,4177,4815,8888",300,123,63,39,0.9283333333333332,0.958,0.41,0.28,,,,0.3170731707317073,False
SIFT-100K,b17,32,189,"46,2266,3732,4177,4815,8888",300,123,68,42,0.9283333333333332,0.9613333333333334,0.41,0.27,,,,0.3414634146341463,False
SIFT-100K,b17,32,190,"991,2266,3732,4177,4815,8888",300,123,69,44,0.9283333333333332,0.9606666666666668,0.41,0.2633333333333333,,,,0.3577235772357723,False
SIFT-100K,b17,32,191,"46,991,2266,3732,4177,4815,8888",300,123,74,47,0.9283333333333332,0.964,0.41,0.2533333333333333,,,,0.3821138211382114,False
SIFT-100K,b17,32,192,"7001,8888",300,123,36,20,0.9283333333333332,0.9473333333333332,0.41,0.3433333333333333,,,,0.1626016260162601,False
SIFT-100K,b17,32,193,"46,7001,8888",300,123,45,26,0.9283333333333332,0.9513333333333334,0.41,0.3233333333333333,,,,0.2113821138211382,False
SIFT-100K,b17,32,194,"991,7001,8888",300,123,49,27,0.9283333333333332,0.9526666666666668,0.41,0.32,,,,0.2195121951219512,False
SIFT-100K,b17,32,195,"46,991,7001,8888",300,123,57,32,0.9283333333333332,0.956,0.41,0.3033333333333333,,,,0.2601626016260163,False
SIFT-100K,b17,32,196,"2266,7001,8888",300,123,43,27,0.9283333333333332,0.9503333333333334,0.41,0.32,,,,0.2195121951219512,False
SIFT-100K,b17,32,197,"46,2266,7001,8888",300,123,50,31,0.9283333333333332,0.9536666666666668,0.41,0.3066666666666666,,,,0.2520325203252032,False
SIFT-100K,b17,32,198,"991,2266,7001,8888",300,123,54,33,0.9283333333333332,0.955,0.41,0.3,,,,0.2682926829268293,False
SIFT-100K,b17,32,199,"46,991,2266,7001,8888",300,123,60,36,0.9283333333333332,0.9576666666666668,0.41,0.29,,,,0.2926829268292683,False
SIFT-100K,b17,32,200,"3732,7001,8888",300,123,48,27,0.9283333333333332,0.952,0.41,0.32,,,,0.2195121951219512,False
SIFT-100K,b17,32,201,"46,3732,7001,8888",300,123,55,32,0.9283333333333332,0.9553333333333331,0.41,0.3033333333333333,,,,0.2601626016260163,False
SIFT-100K,b17,32,202,"991,3732,7001,8888",300,123,60,35,0.9283333333333332,0.9573333333333334,0.41,0.2933333333333333,,,,0.2845528455284553,False
SIFT-100K,b17,32,203,"46,991,3732,7001,8888",300,123,66,39,0.9283333333333332,0.96,0.41,0.28,,,,0.3170731707317073,False
SIFT-100K,b17,32,204,"2266,3732,7001,8888",300,123,52,31,0.9283333333333332,0.954,0.41,0.3066666666666666,,,,0.2520325203252032,False
SIFT-100K,b17,32,205,"46,2266,3732,7001,8888",300,123,58,35,0.9283333333333332,0.957,0.41,0.2933333333333333,,,,0.2845528455284553,False
SIFT-100K,b17,32,206,"991,2266,3732,7001,8888",300,123,62,38,0.9283333333333332,0.9586666666666666,0.41,0.2833333333333333,,,,0.3089430894308943,False
SIFT-100K,b17,32,207,"46,991,2266,3732,7001,8888",300,123,67,41,0.9283333333333332,0.961,0.41,0.2733333333333333,,,,0.3333333333333333,False
SIFT-100K,b17,32,208,"4177,7001,8888",300,123,45,27,0.9283333333333332,0.9523333333333334,0.41,0.32,,,,0.2195121951219512,False
SIFT-100K,b17,32,209,"46,4177,7001,8888",300,123,54,33,0.9283333333333332,0.9563333333333331,0.41,0.3,,,,0.2682926829268293,False
SIFT-100K,b17,32,210,"991,4177,7001,8888",300,123,55,34,0.9283333333333332,0.9566666666666668,0.41,0.2966666666666667,,,,0.2764227642276423,False
SIFT-100K,b17,32,211,"46,991,4177,7001,8888",300,123,63,39,0.9283333333333332,0.96,0.41,0.28,,,,0.3170731707317073,False
SIFT-100K,b17,32,212,"2266,4177,7001,8888",300,123,52,34,0.9283333333333332,0.955,0.41,0.2966666666666667,,,,0.2764227642276423,False
SIFT-100K,b17,32,213,"46,2266,4177,7001,8888",300,123,59,38,0.9283333333333332,0.9583333333333334,0.41,0.2833333333333333,,,,0.3089430894308943,False
SIFT-100K,b17,32,214,"991,2266,4177,7001,8888",300,123,60,40,0.9283333333333332,0.9586666666666666,0.41,0.2766666666666666,,,,0.3252032520325203,False
SIFT-100K,b17,32,215,"46,991,2266,4177,7001,8888",300,123,66,43,0.9283333333333332,0.9613333333333334,0.41,0.2666666666666666,,,,0.3495934959349593,False
SIFT-100K,b17,32,216,"3732,4177,7001,8888",300,123,57,33,0.9283333333333332,0.9566666666666668,0.41,0.3,,,,0.2682926829268293,False
SIFT-100K,b17,32,217,"46,3732,4177,7001,8888",300,123,64,38,0.9283333333333332,0.96,0.41,0.2833333333333333,,,,0.3089430894308943,False
SIFT-100K,b17,32,218,"991,3732,4177,7001,8888",300,123,66,41,0.9283333333333332,0.961,0.41,0.2733333333333333,,,,0.3333333333333333,False
SIFT-100K,b17,32,219,"46,991,3732,4177,7001,8888",300,123,72,45,0.9283333333333332,0.9636666666666668,0.41,0.26,,,,0.3658536585365853,False
SIFT-100K,b17,32,220,"2266,3732,4177,7001,8888",300,123,61,37,0.9283333333333332,0.9583333333333334,0.41,0.2866666666666667,,,,0.3008130081300813,False
SIFT-100K,b17,32,221,"46,2266,3732,4177,7001,8888",300,123,67,41,0.9283333333333332,0.9613333333333334,0.41,0.2733333333333333,,,,0.3333333333333333,False
SIFT-100K,b17,32,222,"991,2266,3732,4177,7001,8888",300,123,68,44,0.9283333333333332,0.962,0.41,0.2633333333333333,,,,0.3577235772357723,False
SIFT-100K,b17,32,223,"46,991,2266,3732,4177,7001,8888",300,123,73,47,0.9283333333333332,0.9643333333333332,0.41,0.2533333333333333,,,,0.3821138211382114,False
SIFT-100K,b17,32,224,"4815,7001,8888",300,123,45,25,0.9283333333333332,0.9513333333333334,0.41,0.3266666666666666,,,,0.2032520325203252,False
SIFT-100K,b17,32,225,"46,4815,7001,8888",300,123,51,29,0.9283333333333332,0.954,0.41,0.3133333333333333,,,,0.2357723577235772,False
SIFT-100K,b17,32,226,"991,4815,7001,8888",300,123,55,31,0.9283333333333332,0.9553333333333331,0.41,0.3066666666666666,,,,0.2520325203252032,False
SIFT-100K,b17,32,227,"46,991,4815,7001,8888",300,123,61,35,0.9283333333333332,0.958,0.41,0.2933333333333333,,,,0.2845528455284553,False
SIFT-100K,b17,32,228,"2266,4815,7001,8888",300,123,51,30,0.9283333333333332,0.9536666666666668,0.41,0.31,,,,0.2439024390243902,False
SIFT-100K,b17,32,229,"46,2266,4815,7001,8888",300,123,56,33,0.9283333333333332,0.956,0.41,0.3,,,,0.2682926829268293,False
SIFT-100K,b17,32,230,"991,2266,4815,7001,8888",300,123,59,35,0.9283333333333332,0.957,0.41,0.2933333333333333,,,,0.2845528455284553,False
SIFT-100K,b17,32,231,"46,991,2266,4815,7001,8888",300,123,64,38,0.9283333333333332,0.9593333333333334,0.41,0.2833333333333333,,,,0.3089430894308943,False
SIFT-100K,b17,32,232,"3732,4815,7001,8888",300,123,54,32,0.9283333333333332,0.9553333333333331,0.41,0.3033333333333333,,,,0.2601626016260163,False
SIFT-100K,b17,32,233,"46,3732,4815,7001,8888",300,123,59,35,0.9283333333333332,0.9576666666666668,0.41,0.2933333333333333,,,,0.2845528455284553,False
SIFT-100K,b17,32,234,"991,3732,4815,7001,8888",300,123,63,39,0.9283333333333332,0.9593333333333334,0.41,0.28,,,,0.3170731707317073,False
SIFT-100K,b17,32,235,"46,991,3732,4815,7001,8888",300,123,68,42,0.9283333333333332,0.9616666666666668,0.41,0.27,,,,0.3414634146341463,False
SIFT-100K,b17,32,236,"2266,3732,4815,7001,8888",300,123,57,34,0.9283333333333332,0.9566666666666668,0.41,0.2966666666666667,,,,0.2764227642276423,False
SIFT-100K,b17,32,237,"46,2266,3732,4815,7001,8888",300,123,62,37,0.9283333333333332,0.959,0.41,0.2866666666666667,,,,0.3008130081300813,False
SIFT-100K,b17,32,238,"991,2266,3732,4815,7001,8888",300,123,64,40,0.9283333333333332,0.96,0.41,0.2766666666666666,,,,0.3252032520325203,False
SIFT-100K,b17,32,239,"46,991,2266,3732,4815,7001,8888",300,123,69,43,0.9283333333333332,0.9623333333333332,0.41,0.2666666666666666,,,,0.3495934959349593,False
SIFT-100K,b17,32,240,"4177,4815,7001,8888",300,123,52,33,0.9283333333333332,0.956,0.41,0.3,,,,0.2682926829268293,False
SIFT-100K,b17,32,241,"46,4177,4815,7001,8888",300,123,58,37,0.9283333333333332,0.9586666666666666,0.41,0.2866666666666667,,,,0.3008130081300813,False
SIFT-100K,b17,32,242,"991,4177,4815,7001,8888",300,123,61,38,0.9283333333333332,0.9593333333333334,0.41,0.2833333333333333,,,,0.3089430894308943,False
SIFT-100K,b17,32,243,"46,991,4177,4815,7001,8888",300,123,67,42,0.9283333333333332,0.962,0.41,0.27,,,,0.3414634146341463,False
SIFT-100K,b17,32,244,"2266,4177,4815,7001,8888",300,123,58,38,0.9283333333333332,0.958,0.41,0.2833333333333333,,,,0.3089430894308943,False
SIFT-100K,b17,32,245,"46,2266,4177,4815,7001,8888",300,123,63,41,0.9283333333333332,0.9603333333333334,0.41,0.2733333333333333,,,,0.3333333333333333,False
SIFT-100K,b17,32,246,"991,2266,4177,4815,7001,8888",300,123,65,42,0.9283333333333332,0.9606666666666668,0.41,0.27,,,,0.3414634146341463,False
SIFT-100K,b17,32,247,"46,991,2266,4177,4815,7001,8888",300,123,70,45,0.9283333333333332,0.963,0.41,0.26,,,,0.3658536585365853,False
SIFT-100K,b17,32,248,"3732,4177,4815,7001,8888",300,123,61,39,0.9283333333333332,0.9596666666666666,0.41,0.28,,,,0.3170731707317073,False
SIFT-100K,b17,32,249,"46,3732,4177,4815,7001,8888",300,123,66,42,0.9283333333333332,0.962,0.41,0.27,,,,0.3414634146341463,False
SIFT-100K,b17,32,250,"991,3732,4177,4815,7001,8888",300,123,69,45,0.9283333333333332,0.963,0.41,0.26,,,,0.3658536585365853,False
SIFT-100K,b17,32,251,"46,991,3732,4177,4815,7001,8888",300,123,74,48,0.9283333333333332,0.9653333333333334,0.41,0.25,,,,0.3902439024390244,False
SIFT-100K,b17,32,252,"2266,3732,4177,4815,7001,8888",300,123,64,41,0.9283333333333332,0.9606666666666668,0.41,0.2733333333333333,,,,0.3333333333333333,False
SIFT-100K,b17,32,253,"46,2266,3732,4177,4815,7001,8888",300,123,69,44,0.9283333333333332,0.963,0.41,0.2633333333333333,,,,0.3577235772357723,False
SIFT-100K,b17,32,254,"991,2266,3732,4177,4815,7001,8888",300,123,70,46,0.9283333333333332,0.9633333333333332,0.41,0.2566666666666666,,,,0.3739837398373983,False
SIFT-100K,b17,32,255,"46,991,2266,3732,4177,4815,7001,8888",300,123,75,49,0.9283333333333332,0.9656666666666668,0.41,0.2466666666666666,,,,0.3983739837398374,False
SIFT-100K,b17,64,0,EMPTY,300,48,0,0,0.9763333333333334,0.9763333333333334,0.16,0.16,128.0,128.0,128.01291666666663,0.0,True
SIFT-100K,b17,64,1,46,300,48,3,1,0.9763333333333334,0.9773333333333334,0.16,0.1566666666666666,,,,0.0208333333333333,False
SIFT-100K,b17,64,2,991,300,48,2,2,0.9763333333333334,0.977,0.16,0.1533333333333333,,,,0.0416666666666666,False
SIFT-100K,b17,64,3,"46,991",300,48,5,3,0.9763333333333334,0.978,0.16,0.15,,,,0.0625,False
SIFT-100K,b17,64,4,2266,300,48,3,0,0.9763333333333334,0.9773333333333334,0.16,0.16,,,,0.0,False
SIFT-100K,b17,64,5,"46,2266",300,48,4,1,0.9763333333333334,0.9776666666666668,0.16,0.1566666666666666,,,,0.0208333333333333,False
SIFT-100K,b17,64,6,"991,2266",300,48,5,2,0.9763333333333334,0.978,0.16,0.1533333333333333,,,,0.0416666666666666,False
SIFT-100K,b17,64,7,"46,991,2266",300,48,6,3,0.9763333333333334,0.9783333333333332,0.16,0.15,,,,0.0625,False
SIFT-100K,b17,64,8,3732,300,48,7,3,0.9763333333333334,0.9786666666666668,0.16,0.15,,,,0.0625,False
SIFT-100K,b17,64,9,"46,3732",300,48,9,5,0.9763333333333334,0.9796666666666668,0.16,0.1433333333333333,,,,0.1041666666666666,False
SIFT-100K,b17,64,10,"991,3732",300,48,9,5,0.9763333333333334,0.9793333333333332,0.16,0.1433333333333333,,,,0.1041666666666666,False
SIFT-100K,b17,64,11,"46,991,3732",300,48,11,7,0.9763333333333334,0.9803333333333332,0.16,0.1366666666666666,,,,0.1458333333333333,False
SIFT-100K,b17,64,12,"2266,3732",300,48,9,4,0.9763333333333334,0.9796666666666668,0.16,0.1466666666666666,,,,0.0833333333333333,False
SIFT-100K,b17,64,13,"46,2266,3732",300,48,10,5,0.9763333333333334,0.98,0.16,0.1433333333333333,,,,0.1041666666666666,False
SIFT-100K,b17,64,14,"991,2266,3732",300,48,11,6,0.9763333333333334,0.9803333333333332,0.16,0.14,,,,0.125,False
SIFT-100K,b17,64,15,"46,991,2266,3732",300,48,12,7,0.9763333333333334,0.9806666666666668,0.16,0.1366666666666666,,,,0.1458333333333333,False
SIFT-100K,b17,64,16,4177,300,48,8,5,0.9763333333333334,0.9796666666666668,0.16,0.1433333333333333,,,,0.1041666666666666,False
SIFT-100K,b17,64,17,"46,4177",300,48,9,8,0.9763333333333334,0.9806666666666668,0.16,0.1333333333333333,,,,0.1666666666666666,False
SIFT-100K,b17,64,18,"991,4177",300,48,10,7,0.9763333333333334,0.9803333333333332,0.16,0.1366666666666666,,,,0.1458333333333333,False
SIFT-100K,b17,64,19,"46,991,4177",300,48,11,10,0.9763333333333334,0.9813333333333332,0.16,0.1266666666666666,,,,0.2083333333333333,False
SIFT-100K,b17,64,20,"2266,4177",300,48,8,7,0.9763333333333334,0.9803333333333332,0.16,0.1366666666666666,,,,0.1458333333333333,False
SIFT-100K,b17,64,21,"46,2266,4177",300,48,9,8,0.9763333333333334,0.9806666666666668,0.16,0.1333333333333333,,,,0.1666666666666666,False
SIFT-100K,b17,64,22,"991,2266,4177",300,48,10,9,0.9763333333333334,0.981,0.16,0.13,,,,0.1875,False
SIFT-100K,b17,64,23,"46,991,2266,4177",300,48,11,10,0.9763333333333334,0.9813333333333332,0.16,0.1266666666666666,,,,0.2083333333333333,False
SIFT-100K,b17,64,24,"3732,4177",300,48,14,8,0.9763333333333334,0.9816666666666668,0.16,0.1333333333333333,,,,0.1666666666666666,False
SIFT-100K,b17,64,25,"46,3732,4177",300,48,15,11,0.9763333333333334,0.9826666666666666,0.16,0.1233333333333333,,,,0.2291666666666666,False
SIFT-100K,b17,64,26,"991,3732,4177",300,48,16,10,0.9763333333333334,0.9823333333333334,0.16,0.1266666666666666,,,,0.2083333333333333,False
SIFT-100K,b17,64,27,"46,991,3732,4177",300,48,17,13,0.9763333333333334,0.9833333333333334,0.16,0.1166666666666666,,,,0.2708333333333333,False
SIFT-100K,b17,64,28,"2266,3732,4177",300,48,14,10,0.9763333333333334,0.9823333333333334,0.16,0.1266666666666666,,,,0.2083333333333333,False
SIFT-100K,b17,64,29,"46,2266,3732,4177",300,48,15,11,0.9763333333333334,0.9826666666666666,0.16,0.1233333333333333,,,,0.2291666666666666,False
SIFT-100K,b17,64,30,"991,2266,3732,4177",300,48,16,12,0.9763333333333334,0.983,0.16,0.12,,,,0.25,False
SIFT-100K,b17,64,31,"46,991,2266,3732,4177",300,48,17,13,0.9763333333333334,0.9833333333333334,0.16,0.1166666666666666,,,,0.2708333333333333,False
SIFT-100K,b17,64,32,4815,300,48,3,1,0.9763333333333334,0.9773333333333334,0.16,0.1566666666666666,,,,0.0208333333333333,False
SIFT-100K,b17,64,33,"46,4815",300,48,5,2,0.9763333333333334,0.978,0.16,0.1533333333333333,,,,0.0416666666666666,False
SIFT-100K,b17,64,34,"991,4815",300,48,5,3,0.9763333333333334,0.978,0.16,0.15,,,,0.0625,False
SIFT-100K,b17,64,35,"46,991,4815",300,48,7,4,0.9763333333333334,0.9786666666666668,0.16,0.1466666666666666,,,,0.0833333333333333,False
SIFT-100K,b17,64,36,"2266,4815",300,48,5,1,0.9763333333333334,0.978,0.16,0.1566666666666666,,,,0.0208333333333333,False
SIFT-100K,b17,64,37,"46,2266,4815",300,48,6,2,0.9763333333333334,0.9783333333333332,0.16,0.1533333333333333,,,,0.0416666666666666,False
SIFT-100K,b17,64,38,"991,2266,4815",300,48,7,3,0.9763333333333334,0.9786666666666668,0.16,0.15,,,,0.0625,False
SIFT-100K,b17,64,39,"46,991,2266,4815",300,48,8,4,0.9763333333333334,0.979,0.16,0.1466666666666666,,,,0.0833333333333333,False
SIFT-100K,b17,64,40,"3732,4815",300,48,8,4,0.9763333333333334,0.9793333333333332,0.16,0.1466666666666666,,,,0.0833333333333333,False
SIFT-100K,b17,64,41,"46,3732,4815",300,48,10,5,0.9763333333333334,0.98,0.16,0.1433333333333333,,,,0.1041666666666666,False
SIFT-100K,b17,64,42,"991,3732,4815",300,48,10,6,0.9763333333333334,0.98,0.16,0.14,,,,0.125,False
SIFT-100K,b17,64,43,"46,991,3732,4815",300,48,12,7,0.9763333333333334,0.9806666666666668,0.16,0.1366666666666666,,,,0.1458333333333333,False
SIFT-100K,b17,64,44,"2266,3732,4815",300,48,10,4,0.9763333333333334,0.98,0.16,0.1466666666666666,,,,0.0833333333333333,False
SIFT-100K,b17,64,45,"46,2266,3732,4815",300,48,11,5,0.9763333333333334,0.9803333333333332,0.16,0.1433333333333333,,,,0.1041666666666666,False
SIFT-100K,b17,64,46,"991,2266,3732,4815",300,48,12,6,0.9763333333333334,0.9806666666666668,0.16,0.14,,,,0.125,False
SIFT-100K,b17,64,47,"46,991,2266,3732,4815",300,48,13,7,0.9763333333333334,0.981,0.16,0.1366666666666666,,,,0.1458333333333333,False
SIFT-100K,b17,64,48,"4177,4815",300,48,10,7,0.9763333333333334,0.9806666666666668,0.16,0.1366666666666666,,,,0.1458333333333333,False
SIFT-100K,b17,64,49,"46,4177,4815",300,48,11,9,0.9763333333333334,0.9813333333333332,0.16,0.13,,,,0.1875,False
SIFT-100K,b17,64,50,"991,4177,4815",300,48,12,9,0.9763333333333334,0.9813333333333332,0.16,0.13,,,,0.1875,False
SIFT-100K,b17,64,51,"46,991,4177,4815",300,48,13,11,0.9763333333333334,0.982,0.16,0.1233333333333333,,,,0.2291666666666666,False
SIFT-100K,b17,64,52,"2266,4177,4815",300,48,10,8,0.9763333333333334,0.981,0.16,0.1333333333333333,,,,0.1666666666666666,False
SIFT-100K,b17,64,53,"46,2266,4177,4815",300,48,11,9,0.9763333333333334,0.9813333333333332,0.16,0.13,,,,0.1875,False
SIFT-100K,b17,64,54,"991,2266,4177,4815",300,48,12,10,0.9763333333333334,0.9816666666666668,0.16,0.1266666666666666,,,,0.2083333333333333,False
SIFT-100K,b17,64,55,"46,991,2266,4177,4815",300,48,13,11,0.9763333333333334,0.982,0.16,0.1233333333333333,,,,0.2291666666666666,False
SIFT-100K,b17,64,56,"3732,4177,4815",300,48,15,9,0.9763333333333334,0.9823333333333334,0.16,0.13,,,,0.1875,False
SIFT-100K,b17,64,57,"46,3732,4177,4815",300,48,16,11,0.9763333333333334,0.983,0.16,0.1233333333333333,,,,0.2291666666666666,False
SIFT-100K,b17,64,58,"991,3732,4177,4815",300,48,17,11,0.9763333333333334,0.983,0.16,0.1233333333333333,,,,0.2291666666666666,False
SIFT-100K,b17,64,59,"46,991,3732,4177,4815",300,48,18,13,0.9763333333333334,0.9836666666666666,0.16,0.1166666666666666,,,,0.2708333333333333,False
SIFT-100K,b17,64,60,"2266,3732,4177,4815",300,48,15,10,0.9763333333333334,0.9826666666666666,0.16,0.1266666666666666,,,,0.2083333333333333,False
SIFT-100K,b17,64,61,"46,2266,3732,4177,4815",300,48,16,11,0.9763333333333334,0.983,0.16,0.1233333333333333,,,,0.2291666666666666,False
SIFT-100K,b17,64,62,"991,2266,3732,4177,4815",300,48,17,12,0.9763333333333334,0.9833333333333334,0.16,0.12,,,,0.25,False
SIFT-100K,b17,64,63,"46,991,2266,3732,4177,4815",300,48,18,13,0.9763333333333334,0.9836666666666666,0.16,0.1166666666666666,,,,0.2708333333333333,False
SIFT-100K,b17,64,64,7001,300,48,5,1,0.9763333333333334,0.978,0.16,0.1566666666666666,,,,0.0208333333333333,False
SIFT-100K,b17,64,65,"46,7001",300,48,6,2,0.9763333333333334,0.9783333333333332,0.16,0.1533333333333333,,,,0.0416666666666666,False
SIFT-100K,b17,64,66,"991,7001",300,48,7,3,0.9763333333333334,0.9786666666666668,0.16,0.15,,,,0.0625,False
SIFT-100K,b17,64,67,"46,991,7001",300,48,8,4,0.9763333333333334,0.979,0.16,0.1466666666666666,,,,0.0833333333333333,False
SIFT-100K,b17,64,68,"2266,7001",300,48,6,1,0.9763333333333334,0.9783333333333332,0.16,0.1566666666666666,,,,0.0208333333333333,False
SIFT-100K,b17,64,69,"46,2266,7001",300,48,7,2,0.9763333333333334,0.9786666666666668,0.16,0.1533333333333333,,,,0.0416666666666666,False
SIFT-100K,b17,64,70,"991,2266,7001",300,48,8,3,0.9763333333333334,0.979,0.16,0.15,,,,0.0625,False
SIFT-100K,b17,64,71,"46,991,2266,7001",300,48,9,4,0.9763333333333334,0.9793333333333332,0.16,0.1466666666666666,,,,0.0833333333333333,False
SIFT-100K,b17,64,72,"3732,7001",300,48,11,5,0.9763333333333334,0.9803333333333332,0.16,0.1433333333333333,,,,0.1041666666666666,False
SIFT-100K,b17,64,73,"46,3732,7001",300,48,12,6,0.9763333333333334,0.9806666666666668,0.16,0.14,,,,0.125,False
SIFT-100K,b17,64,74,"991,3732,7001",300,48,13,7,0.9763333333333334,0.981,0.16,0.1366666666666666,,,,0.1458333333333333,False
SIFT-100K,b17,64,75,"46,991,3732,7001",300,48,14,8,0.9763333333333334,0.9813333333333332,0.16,0.1333333333333333,,,,0.1666666666666666,False
SIFT-100K,b17,64,76,"2266,3732,7001",300,48,12,5,0.9763333333333334,0.9806666666666668,0.16,0.1433333333333333,,,,0.1041666666666666,False
SIFT-100K,b17,64,77,"46,2266,3732,7001",300,48,13,6,0.9763333333333334,0.981,0.16,0.14,,,,0.125,False
SIFT-100K,b17,64,78,"991,2266,3732,7001",300,48,14,7,0.9763333333333334,0.9813333333333332,0.16,0.1366666666666666,,,,0.1458333333333333,False
SIFT-100K,b17,64,79,"46,991,2266,3732,7001",300,48,15,8,0.9763333333333334,0.9816666666666668,0.16,0.1333333333333333,,,,0.1666666666666666,False
SIFT-100K,b17,64,80,"4177,7001",300,48,10,8,0.9763333333333334,0.981,0.16,0.1333333333333333,,,,0.1666666666666666,False
SIFT-100K,b17,64,81,"46,4177,7001",300,48,11,9,0.9763333333333334,0.9813333333333332,0.16,0.13,,,,0.1875,False
SIFT-100K,b17,64,82,"991,4177,7001",300,48,12,10,0.9763333333333334,0.9816666666666668,0.16,0.1266666666666666,,,,0.2083333333333333,False
SIFT-100K,b17,64,83,"46,991,4177,7001",300,48,13,11,0.9763333333333334,0.982,0.16,0.1233333333333333,,,,0.2291666666666666,False
SIFT-100K,b17,64,84,"2266,4177,7001",300,48,10,8,0.9763333333333334,0.981,0.16,0.1333333333333333,,,,0.1666666666666666,False
SIFT-100K,b17,64,85,"46,2266,4177,7001",300,48,11,9,0.9763333333333334,0.9813333333333332,0.16,0.13,,,,0.1875,False
SIFT-100K,b17,64,86,"991,2266,4177,7001",300,48,12,10,0.9763333333333334,0.9816666666666668,0.16,0.1266666666666666,,,,0.2083333333333333,False
SIFT-100K,b17,64,87,"46,991,2266,4177,7001",300,48,13,11,0.9763333333333334,0.982,0.16,0.1233333333333333,,,,0.2291666666666666,False
SIFT-100K,b17,64,88,"3732,4177,7001",300,48,16,11,0.9763333333333334,0.983,0.16,0.1233333333333333,,,,0.2291666666666666,False
SIFT-100K,b17,64,89,"46,3732,4177,7001",300,48,17,12,0.9763333333333334,0.9833333333333334,0.16,0.12,,,,0.25,False
SIFT-100K,b17,64,90,"991,3732,4177,7001",300,48,18,13,0.9763333333333334,0.9836666666666666,0.16,0.1166666666666666,,,,0.2708333333333333,False
SIFT-100K,b17,64,91,"46,991,3732,4177,7001",300,48,19,14,0.9763333333333334,0.984,0.16,0.1133333333333333,,,,0.2916666666666667,False
SIFT-100K,b17,64,92,"2266,3732,4177,7001",300,48,16,11,0.9763333333333334,0.983,0.16,0.1233333333333333,,,,0.2291666666666666,False
SIFT-100K,b17,64,93,"46,2266,3732,4177,7001",300,48,17,12,0.9763333333333334,0.9833333333333334,0.16,0.12,,,,0.25,False
SIFT-100K,b17,64,94,"991,2266,3732,4177,7001",300,48,18,13,0.9763333333333334,0.9836666666666666,0.16,0.1166666666666666,,,,0.2708333333333333,False
SIFT-100K,b17,64,95,"46,991,2266,3732,4177,7001",300,48,19,14,0.9763333333333334,0.984,0.16,0.1133333333333333,,,,0.2916666666666667,False
SIFT-100K,b17,64,96,"4815,7001",300,48,7,2,0.9763333333333334,0.9786666666666668,0.16,0.1533333333333333,,,,0.0416666666666666,False
SIFT-100K,b17,64,97,"46,4815,7001",300,48,8,3,0.9763333333333334,0.979,0.16,0.15,,,,0.0625,False
SIFT-100K,b17,64,98,"991,4815,7001",300,48,9,4,0.9763333333333334,0.9793333333333332,0.16,0.1466666666666666,,,,0.0833333333333333,False
SIFT-100K,b17,64,99,"46,991,4815,7001",300,48,10,5,0.9763333333333334,0.9796666666666668,0.16,0.1433333333333333,,,,0.1041666666666666,False
SIFT-100K,b17,64,100,"2266,4815,7001",300,48,8,2,0.9763333333333334,0.979,0.16,0.1533333333333333,,,,0.0416666666666666,False
SIFT-100K,b17,64,101,"46,2266,4815,7001",300,48,9,3,0.9763333333333334,0.9793333333333332,0.16,0.15,,,,0.0625,False
SIFT-100K,b17,64,102,"991,2266,4815,7001",300,48,10,4,0.9763333333333334,0.9796666666666668,0.16,0.1466666666666666,,,,0.0833333333333333,False
SIFT-100K,b17,64,103,"46,991,2266,4815,7001",300,48,11,5,0.9763333333333334,0.98,0.16,0.1433333333333333,,,,0.1041666666666666,False
SIFT-100K,b17,64,104,"3732,4815,7001",300,48,12,5,0.9763333333333334,0.9806666666666668,0.16,0.1433333333333333,,,,0.1041666666666666,False
SIFT-100K,b17,64,105,"46,3732,4815,7001",300,48,13,6,0.9763333333333334,0.981,0.16,0.14,,,,0.125,False
SIFT-100K,b17,64,106,"991,3732,4815,7001",300,48,14,7,0.9763333333333334,0.9813333333333332,0.16,0.1366666666666666,,,,0.1458333333333333,False
SIFT-100K,b17,64,107,"46,991,3732,4815,7001",300,48,15,8,0.9763333333333334,0.9816666666666668,0.16,0.1333333333333333,,,,0.1666666666666666,False
SIFT-100K,b17,64,108,"2266,3732,4815,7001",300,48,13,5,0.9763333333333334,0.981,0.16,0.1433333333333333,,,,0.1041666666666666,False
SIFT-100K,b17,64,109,"46,2266,3732,4815,7001",300,48,14,6,0.9763333333333334,0.9813333333333332,0.16,0.14,,,,0.125,False
SIFT-100K,b17,64,110,"991,2266,3732,4815,7001",300,48,15,7,0.9763333333333334,0.9816666666666668,0.16,0.1366666666666666,,,,0.1458333333333333,False
SIFT-100K,b17,64,111,"46,991,2266,3732,4815,7001",300,48,16,8,0.9763333333333334,0.982,0.16,0.1333333333333333,,,,0.1666666666666666,False
SIFT-100K,b17,64,112,"4177,4815,7001",300,48,12,9,0.9763333333333334,0.9816666666666668,0.16,0.13,,,,0.1875,False
SIFT-100K,b17,64,113,"46,4177,4815,7001",300,48,13,10,0.9763333333333334,0.982,0.16,0.1266666666666666,,,,0.2083333333333333,False
SIFT-100K,b17,64,114,"991,4177,4815,7001",300,48,14,11,0.9763333333333334,0.9823333333333334,0.16,0.1233333333333333,,,,0.2291666666666666,False
SIFT-100K,b17,64,115,"46,991,4177,4815,7001",300,48,15,12,0.9763333333333334,0.9826666666666666,0.16,0.12,,,,0.25,False
SIFT-100K,b17,64,116,"2266,4177,4815,7001",300,48,12,9,0.9763333333333334,0.9816666666666668,0.16,0.13,,,,0.1875,False
SIFT-100K,b17,64,117,"46,2266,4177,4815,7001",300,48,13,10,0.9763333333333334,0.982,0.16,0.1266666666666666,,,,0.2083333333333333,False
SIFT-100K,b17,64,118,"991,2266,4177,4815,7001",300,48,14,11,0.9763333333333334,0.9823333333333334,0.16,0.1233333333333333,,,,0.2291666666666666,False
SIFT-100K,b17,64,119,"46,991,2266,4177,4815,7001",300,48,15,12,0.9763333333333334,0.9826666666666666,0.16,0.12,,,,0.25,False
SIFT-100K,b17,64,120,"3732,4177,4815,7001",300,48,17,11,0.9763333333333334,0.9833333333333334,0.16,0.1233333333333333,,,,0.2291666666666666,False
SIFT-100K,b17,64,121,"46,3732,4177,4815,7001",300,48,18,12,0.9763333333333334,0.9836666666666666,0.16,0.12,,,,0.25,False
SIFT-100K,b17,64,122,"991,3732,4177,4815,7001",300,48,19,13,0.9763333333333334,0.984,0.16,0.1166666666666666,,,,0.2708333333333333,False
SIFT-100K,b17,64,123,"46,991,3732,4177,4815,7001",300,48,20,14,0.9763333333333334,0.9843333333333334,0.16,0.1133333333333333,,,,0.2916666666666667,False
SIFT-100K,b17,64,124,"2266,3732,4177,4815,7001",300,48,17,11,0.9763333333333334,0.9833333333333334,0.16,0.1233333333333333,,,,0.2291666666666666,False
SIFT-100K,b17,64,125,"46,2266,3732,4177,4815,7001",300,48,18,12,0.9763333333333334,0.9836666666666666,0.16,0.12,,,,0.25,False
SIFT-100K,b17,64,126,"991,2266,3732,4177,4815,7001",300,48,19,13,0.9763333333333334,0.984,0.16,0.1166666666666666,,,,0.2708333333333333,False
SIFT-100K,b17,64,127,"46,991,2266,3732,4177,4815,7001",300,48,20,14,0.9763333333333334,0.9843333333333334,0.16,0.1133333333333333,,,,0.2916666666666667,False
SIFT-100K,b17,64,128,8888,300,48,1,0,0.9763333333333334,0.9766666666666668,0.16,0.16,,,,0.0,False
SIFT-100K,b17,64,129,"46,8888",300,48,4,1,0.9763333333333334,0.9776666666666668,0.16,0.1566666666666666,,,,0.0208333333333333,False
SIFT-100K,b17,64,130,"991,8888",300,48,3,2,0.9763333333333334,0.9773333333333334,0.16,0.1533333333333333,,,,0.0416666666666666,False
SIFT-100K,b17,64,131,"46,991,8888",300,48,6,3,0.9763333333333334,0.9783333333333332,0.16,0.15,,,,0.0625,False
SIFT-100K,b17,64,132,"2266,8888",300,48,4,0,0.9763333333333334,0.9776666666666668,0.16,0.16,,,,0.0,False
SIFT-100K,b17,64,133,"46,2266,8888",300,48,5,1,0.9763333333333334,0.978,0.16,0.1566666666666666,,,,0.0208333333333333,False
SIFT-100K,b17,64,134,"991,2266,8888",300,48,6,2,0.9763333333333334,0.9783333333333332,0.16,0.1533333333333333,,,,0.0416666666666666,False
SIFT-100K,b17,64,135,"46,991,2266,8888",300,48,7,3,0.9763333333333334,0.9786666666666668,0.16,0.15,,,,0.0625,False
SIFT-100K,b17,64,136,"3732,8888",300,48,8,3,0.9763333333333334,0.979,0.16,0.15,,,,0.0625,False
SIFT-100K,b17,64,137,"46,3732,8888",300,48,10,5,0.9763333333333334,0.98,0.16,0.1433333333333333,,,,0.1041666666666666,False
SIFT-100K,b17,64,138,"991,3732,8888",300,48,10,5,0.9763333333333334,0.9796666666666668,0.16,0.1433333333333333,,,,0.1041666666666666,False
SIFT-100K,b17,64,139,"46,991,3732,8888",300,48,12,7,0.9763333333333334,0.9806666666666668,0.16,0.1366666666666666,,,,0.1458333333333333,False
SIFT-100K,b17,64,140,"2266,3732,8888",300,48,10,4,0.9763333333333334,0.98,0.16,0.1466666666666666,,,,0.0833333333333333,False
SIFT-100K,b17,64,141,"46,2266,3732,8888",300,48,11,5,0.9763333333333334,0.9803333333333332,0.16,0.1433333333333333,,,,0.1041666666666666,False
SIFT-100K,b17,64,142,"991,2266,3732,8888",300,48,12,6,0.9763333333333334,0.9806666666666668,0.16,0.14,,,,0.125,False
SIFT-100K,b17,64,143,"46,991,2266,3732,8888",300,48,13,7,0.9763333333333334,0.981,0.16,0.1366666666666666,,,,0.1458333333333333,False
SIFT-100K,b17,64,144,"4177,8888",300,48,9,5,0.9763333333333334,0.98,0.16,0.1433333333333333,,,,0.1041666666666666,False
SIFT-100K,b17,64,145,"46,4177,8888",300,48,10,8,0.9763333333333334,0.981,0.16,0.1333333333333333,,,,0.1666666666666666,False
SIFT-100K,b17,64,146,"991,4177,8888",300,48,11,7,0.9763333333333334,0.9806666666666668,0.16,0.1366666666666666,,,,0.1458333333333333,False
SIFT-100K,b17,64,147,"46,991,4177,8888",300,48,12,10,0.9763333333333334,0.9816666666666668,0.16,0.1266666666666666,,,,0.2083333333333333,False
SIFT-100K,b17,64,148,"2266,4177,8888",300,48,9,7,0.9763333333333334,0.9806666666666668,0.16,0.1366666666666666,,,,0.1458333333333333,False
SIFT-100K,b17,64,149,"46,2266,4177,8888",300,48,10,8,0.9763333333333334,0.981,0.16,0.1333333333333333,,,,0.1666666666666666,False
SIFT-100K,b17,64,150,"991,2266,4177,8888",300,48,11,9,0.9763333333333334,0.9813333333333332,0.16,0.13,,,,0.1875,False
SIFT-100K,b17,64,151,"46,991,2266,4177,8888",300,48,12,10,0.9763333333333334,0.9816666666666668,0.16,0.1266666666666666,,,,0.2083333333333333,False
SIFT-100K,b17,64,152,"3732,4177,8888",300,48,15,8,0.9763333333333334,0.982,0.16,0.1333333333333333,,,,0.1666666666666666,False
SIFT-100K,b17,64,153,"46,3732,4177,8888",300,48,16,11,0.9763333333333334,0.983,0.16,0.1233333333333333,,,,0.2291666666666666,False
SIFT-100K,b17,64,154,"991,3732,4177,8888",300,48,17,10,0.9763333333333334,0.9826666666666666,0.16,0.1266666666666666,,,,0.2083333333333333,False
SIFT-100K,b17,64,155,"46,991,3732,4177,8888",300,48,18,13,0.9763333333333334,0.9836666666666666,0.16,0.1166666666666666,,,,0.2708333333333333,False
SIFT-100K,b17,64,156,"2266,3732,4177,8888",300,48,15,10,0.9763333333333334,0.9826666666666666,0.16,0.1266666666666666,,,,0.2083333333333333,False
SIFT-100K,b17,64,157,"46,2266,3732,4177,8888",300,48,16,11,0.9763333333333334,0.983,0.16,0.1233333333333333,,,,0.2291666666666666,False
SIFT-100K,b17,64,158,"991,2266,3732,4177,8888",300,48,17,12,0.9763333333333334,0.9833333333333334,0.16,0.12,,,,0.25,False
SIFT-100K,b17,64,159,"46,991,2266,3732,4177,8888",300,48,18,13,0.9763333333333334,0.9836666666666666,0.16,0.1166666666666666,,,,0.2708333333333333,False
SIFT-100K,b17,64,160,"4815,8888",300,48,4,1,0.9763333333333334,0.9776666666666668,0.16,0.1566666666666666,,,,0.0208333333333333,False
SIFT-100K,b17,64,161,"46,4815,8888",300,48,6,2,0.9763333333333334,0.9783333333333332,0.16,0.1533333333333333,,,,0.0416666666666666,False
SIFT-100K,b17,64,162,"991,4815,8888",300,48,6,3,0.9763333333333334,0.9783333333333332,0.16,0.15,,,,0.0625,False
SIFT-100K,b17,64,163,"46,991,4815,8888",300,48,8,4,0.9763333333333334,0.979,0.16,0.1466666666666666,,,,0.0833333333333333,False
SIFT-100K,b17,64,164,"2266,4815,8888",300,48,6,1,0.9763333333333334,0.9783333333333332,0.16,0.1566666666666666,,,,0.0208333333333333,False
SIFT-100K,b17,64,165,"46,2266,4815,8888",300,48,7,2,0.9763333333333334,0.9786666666666668,0.16,0.1533333333333333,,,,0.0416666666666666,False
SIFT-100K,b17,64,166,"991,2266,4815,8888",300,48,8,3,0.9763333333333334,0.979,0.16,0.15,,,,0.0625,False
SIFT-100K,b17,64,167,"46,991,2266,4815,8888",300,48,9,4,0.9763333333333334,0.9793333333333332,0.16,0.1466666666666666,,,,0.0833333333333333,False
SIFT-100K,b17,64,168,"3732,4815,8888",300,48,9,4,0.9763333333333334,0.9796666666666668,0.16,0.1466666666666666,,,,0.0833333333333333,False
SIFT-100K,b17,64,169,"46,3732,4815,8888",300,48,11,5,0.9763333333333334,0.9803333333333332,0.16,0.1433333333333333,,,,0.1041666666666666,False
SIFT-100K,b17,64,170,"991,3732,4815,8888",300,48,11,6,0.9763333333333334,0.9803333333333332,0.16,0.14,,,,0.125,False
SIFT-100K,b17,64,171,"46,991,3732,4815,8888",300,48,13,7,0.9763333333333334,0.981,0.16,0.1366666666666666,,,,0.1458333333333333,False
SIFT-100K,b17,64,172,"2266,3732,4815,8888",300,48,11,4,0.9763333333333334,0.9803333333333332,0.16,0.1466666666666666,,,,0.0833333333333333,False
SIFT-100K,b17,64,173,"46,2266,3732,4815,8888",300,48,12,5,0.9763333333333334,0.9806666666666668,0.16,0.1433333333333333,,,,0.1041666666666666,False
SIFT-100K,b17,64,174,"991,2266,3732,4815,8888",300,48,13,6,0.9763333333333334,0.981,0.16,0.14,,,,0.125,False
SIFT-100K,b17,64,175,"46,991,2266,3732,4815,8888",300,48,14,7,0.9763333333333334,0.9813333333333332,0.16,0.1366666666666666,,,,0.1458333333333333,False
SIFT-100K,b17,64,176,"4177,4815,8888",300,48,11,7,0.9763333333333334,0.981,0.16,0.1366666666666666,,,,0.1458333333333333,False
SIFT-100K,b17,64,177,"46,4177,4815,8888",300,48,12,9,0.9763333333333334,0.9816666666666668,0.16,0.13,,,,0.1875,False
SIFT-100K,b17,64,178,"991,4177,4815,8888",300,48,13,9,0.9763333333333334,0.9816666666666668,0.16,0.13,,,,0.1875,False
SIFT-100K,b17,64,179,"46,991,4177,4815,8888",300,48,14,11,0.9763333333333334,0.9823333333333334,0.16,0.1233333333333333,,,,0.2291666666666666,False
SIFT-100K,b17,64,180,"2266,4177,4815,8888",300,48,11,8,0.9763333333333334,0.9813333333333332,0.16,0.1333333333333333,,,,0.1666666666666666,False
SIFT-100K,b17,64,181,"46,2266,4177,4815,8888",300,48,12,9,0.9763333333333334,0.9816666666666668,0.16,0.13,,,,0.1875,False
SIFT-100K,b17,64,182,"991,2266,4177,4815,8888",300,48,13,10,0.9763333333333334,0.982,0.16,0.1266666666666666,,,,0.2083333333333333,False
SIFT-100K,b17,64,183,"46,991,2266,4177,4815,8888",300,48,14,11,0.9763333333333334,0.9823333333333334,0.16,0.1233333333333333,,,,0.2291666666666666,False
SIFT-100K,b17,64,184,"3732,4177,4815,8888",300,48,16,9,0.9763333333333334,0.9826666666666666,0.16,0.13,,,,0.1875,False
SIFT-100K,b17,64,185,"46,3732,4177,4815,8888",300,48,17,11,0.9763333333333334,0.9833333333333334,0.16,0.1233333333333333,,,,0.2291666666666666,False
SIFT-100K,b17,64,186,"991,3732,4177,4815,8888",300,48,18,11,0.9763333333333334,0.9833333333333334,0.16,0.1233333333333333,,,,0.2291666666666666,False
SIFT-100K,b17,64,187,"46,991,3732,4177,4815,8888",300,48,19,13,0.9763333333333334,0.984,0.16,0.1166666666666666,,,,0.2708333333333333,False
SIFT-100K,b17,64,188,"2266,3732,4177,4815,8888",300,48,16,10,0.9763333333333334,0.983,0.16,0.1266666666666666,,,,0.2083333333333333,False
SIFT-100K,b17,64,189,"46,2266,3732,4177,4815,8888",300,48,17,11,0.9763333333333334,0.9833333333333334,0.16,0.1233333333333333,,,,0.2291666666666666,False
SIFT-100K,b17,64,190,"991,2266,3732,4177,4815,8888",300,48,18,12,0.9763333333333334,0.9836666666666666,0.16,0.12,,,,0.25,False
SIFT-100K,b17,64,191,"46,991,2266,3732,4177,4815,8888",300,48,19,13,0.9763333333333334,0.984,0.16,0.1166666666666666,,,,0.2708333333333333,False
SIFT-100K,b17,64,192,"7001,8888",300,48,6,1,0.9763333333333334,0.9783333333333332,0.16,0.1566666666666666,,,,0.0208333333333333,False
SIFT-100K,b17,64,193,"46,7001,8888",300,48,7,2,0.9763333333333334,0.9786666666666668,0.16,0.1533333333333333,,,,0.0416666666666666,False
SIFT-100K,b17,64,194,"991,7001,8888",300,48,8,3,0.9763333333333334,0.979,0.16,0.15,,,,0.0625,False
SIFT-100K,b17,64,195,"46,991,7001,8888",300,48,9,4,0.9763333333333334,0.9793333333333332,0.16,0.1466666666666666,,,,0.0833333333333333,False
SIFT-100K,b17,64,196,"2266,7001,8888",300,48,7,1,0.9763333333333334,0.9786666666666668,0.16,0.1566666666666666,,,,0.0208333333333333,False
SIFT-100K,b17,64,197,"46,2266,7001,8888",300,48,8,2,0.9763333333333334,0.979,0.16,0.1533333333333333,,,,0.0416666666666666,False
SIFT-100K,b17,64,198,"991,2266,7001,8888",300,48,9,3,0.9763333333333334,0.9793333333333332,0.16,0.15,,,,0.0625,False
SIFT-100K,b17,64,199,"46,991,2266,7001,8888",300,48,10,4,0.9763333333333334,0.9796666666666668,0.16,0.1466666666666666,,,,0.0833333333333333,False
SIFT-100K,b17,64,200,"3732,7001,8888",300,48,12,5,0.9763333333333334,0.9806666666666668,0.16,0.1433333333333333,,,,0.1041666666666666,False
SIFT-100K,b17,64,201,"46,3732,7001,8888",300,48,13,6,0.9763333333333334,0.981,0.16,0.14,,,,0.125,False
SIFT-100K,b17,64,202,"991,3732,7001,8888",300,48,14,7,0.9763333333333334,0.9813333333333332,0.16,0.1366666666666666,,,,0.1458333333333333,False
SIFT-100K,b17,64,203,"46,991,3732,7001,8888",300,48,15,8,0.9763333333333334,0.9816666666666668,0.16,0.1333333333333333,,,,0.1666666666666666,False
SIFT-100K,b17,64,204,"2266,3732,7001,8888",300,48,13,5,0.9763333333333334,0.981,0.16,0.1433333333333333,,,,0.1041666666666666,False
SIFT-100K,b17,64,205,"46,2266,3732,7001,8888",300,48,14,6,0.9763333333333334,0.9813333333333332,0.16,0.14,,,,0.125,False
SIFT-100K,b17,64,206,"991,2266,3732,7001,8888",300,48,15,7,0.9763333333333334,0.9816666666666668,0.16,0.1366666666666666,,,,0.1458333333333333,False
SIFT-100K,b17,64,207,"46,991,2266,3732,7001,8888",300,48,16,8,0.9763333333333334,0.982,0.16,0.1333333333333333,,,,0.1666666666666666,False
SIFT-100K,b17,64,208,"4177,7001,8888",300,48,11,8,0.9763333333333334,0.9813333333333332,0.16,0.1333333333333333,,,,0.1666666666666666,False
SIFT-100K,b17,64,209,"46,4177,7001,8888",300,48,12,9,0.9763333333333334,0.9816666666666668,0.16,0.13,,,,0.1875,False
SIFT-100K,b17,64,210,"991,4177,7001,8888",300,48,13,10,0.9763333333333334,0.982,0.16,0.1266666666666666,,,,0.2083333333333333,False
SIFT-100K,b17,64,211,"46,991,4177,7001,8888",300,48,14,11,0.9763333333333334,0.9823333333333334,0.16,0.1233333333333333,,,,0.2291666666666666,False
SIFT-100K,b17,64,212,"2266,4177,7001,8888",300,48,11,8,0.9763333333333334,0.9813333333333332,0.16,0.1333333333333333,,,,0.1666666666666666,False
SIFT-100K,b17,64,213,"46,2266,4177,7001,8888",300,48,12,9,0.9763333333333334,0.9816666666666668,0.16,0.13,,,,0.1875,False
SIFT-100K,b17,64,214,"991,2266,4177,7001,8888",300,48,13,10,0.9763333333333334,0.982,0.16,0.1266666666666666,,,,0.2083333333333333,False
SIFT-100K,b17,64,215,"46,991,2266,4177,7001,8888",300,48,14,11,0.9763333333333334,0.9823333333333334,0.16,0.1233333333333333,,,,0.2291666666666666,False
SIFT-100K,b17,64,216,"3732,4177,7001,8888",300,48,17,11,0.9763333333333334,0.9833333333333334,0.16,0.1233333333333333,,,,0.2291666666666666,False
SIFT-100K,b17,64,217,"46,3732,4177,7001,8888",300,48,18,12,0.9763333333333334,0.9836666666666666,0.16,0.12,,,,0.25,False
SIFT-100K,b17,64,218,"991,3732,4177,7001,8888",300,48,19,13,0.9763333333333334,0.984,0.16,0.1166666666666666,,,,0.2708333333333333,False
SIFT-100K,b17,64,219,"46,991,3732,4177,7001,8888",300,48,20,14,0.9763333333333334,0.9843333333333334,0.16,0.1133333333333333,,,,0.2916666666666667,False
SIFT-100K,b17,64,220,"2266,3732,4177,7001,8888",300,48,17,11,0.9763333333333334,0.9833333333333334,0.16,0.1233333333333333,,,,0.2291666666666666,False
SIFT-100K,b17,64,221,"46,2266,3732,4177,7001,8888",300,48,18,12,0.9763333333333334,0.9836666666666666,0.16,0.12,,,,0.25,False
SIFT-100K,b17,64,222,"991,2266,3732,4177,7001,8888",300,48,19,13,0.9763333333333334,0.984,0.16,0.1166666666666666,,,,0.2708333333333333,False
SIFT-100K,b17,64,223,"46,991,2266,3732,4177,7001,8888",300,48,20,14,0.9763333333333334,0.9843333333333334,0.16,0.1133333333333333,,,,0.2916666666666667,False
SIFT-100K,b17,64,224,"4815,7001,8888",300,48,8,2,0.9763333333333334,0.979,0.16,0.1533333333333333,,,,0.0416666666666666,False
SIFT-100K,b17,64,225,"46,4815,7001,8888",300,48,9,3,0.9763333333333334,0.9793333333333332,0.16,0.15,,,,0.0625,False
SIFT-100K,b17,64,226,"991,4815,7001,8888",300,48,10,4,0.9763333333333334,0.9796666666666668,0.16,0.1466666666666666,,,,0.0833333333333333,False
SIFT-100K,b17,64,227,"46,991,4815,7001,8888",300,48,11,5,0.9763333333333334,0.98,0.16,0.1433333333333333,,,,0.1041666666666666,False
SIFT-100K,b17,64,228,"2266,4815,7001,8888",300,48,9,2,0.9763333333333334,0.9793333333333332,0.16,0.1533333333333333,,,,0.0416666666666666,False
SIFT-100K,b17,64,229,"46,2266,4815,7001,8888",300,48,10,3,0.9763333333333334,0.9796666666666668,0.16,0.15,,,,0.0625,False
SIFT-100K,b17,64,230,"991,2266,4815,7001,8888",300,48,11,4,0.9763333333333334,0.98,0.16,0.1466666666666666,,,,0.0833333333333333,False
SIFT-100K,b17,64,231,"46,991,2266,4815,7001,8888",300,48,12,5,0.9763333333333334,0.9803333333333332,0.16,0.1433333333333333,,,,0.1041666666666666,False
SIFT-100K,b17,64,232,"3732,4815,7001,8888",300,48,13,5,0.9763333333333334,0.981,0.16,0.1433333333333333,,,,0.1041666666666666,False
SIFT-100K,b17,64,233,"46,3732,4815,7001,8888",300,48,14,6,0.9763333333333334,0.9813333333333332,0.16,0.14,,,,0.125,False
SIFT-100K,b17,64,234,"991,3732,4815,7001,8888",300,48,15,7,0.9763333333333334,0.9816666666666668,0.16,0.1366666666666666,,,,0.1458333333333333,False
SIFT-100K,b17,64,235,"46,991,3732,4815,7001,8888",300,48,16,8,0.9763333333333334,0.982,0.16,0.1333333333333333,,,,0.1666666666666666,False
SIFT-100K,b17,64,236,"2266,3732,4815,7001,8888",300,48,14,5,0.9763333333333334,0.9813333333333332,0.16,0.1433333333333333,,,,0.1041666666666666,False
SIFT-100K,b17,64,237,"46,2266,3732,4815,7001,8888",300,48,15,6,0.9763333333333334,0.9816666666666668,0.16,0.14,,,,0.125,False
SIFT-100K,b17,64,238,"991,2266,3732,4815,7001,8888",300,48,16,7,0.9763333333333334,0.982,0.16,0.1366666666666666,,,,0.1458333333333333,False
SIFT-100K,b17,64,239,"46,991,2266,3732,4815,7001,8888",300,48,17,8,0.9763333333333334,0.9823333333333334,0.16,0.1333333333333333,,,,0.1666666666666666,False
SIFT-100K,b17,64,240,"4177,4815,7001,8888",300,48,13,9,0.9763333333333334,0.982,0.16,0.13,,,,0.1875,False
SIFT-100K,b17,64,241,"46,4177,4815,7001,8888",300,48,14,10,0.9763333333333334,0.9823333333333334,0.16,0.1266666666666666,,,,0.2083333333333333,False
SIFT-100K,b17,64,242,"991,4177,4815,7001,8888",300,48,15,11,0.9763333333333334,0.9826666666666666,0.16,0.1233333333333333,,,,0.2291666666666666,False
SIFT-100K,b17,64,243,"46,991,4177,4815,7001,8888",300,48,16,12,0.9763333333333334,0.983,0.16,0.12,,,,0.25,False
SIFT-100K,b17,64,244,"2266,4177,4815,7001,8888",300,48,13,9,0.9763333333333334,0.982,0.16,0.13,,,,0.1875,False
SIFT-100K,b17,64,245,"46,2266,4177,4815,7001,8888",300,48,14,10,0.9763333333333334,0.9823333333333334,0.16,0.1266666666666666,,,,0.2083333333333333,False
SIFT-100K,b17,64,246,"991,2266,4177,4815,7001,8888",300,48,15,11,0.9763333333333334,0.9826666666666666,0.16,0.1233333333333333,,,,0.2291666666666666,False
SIFT-100K,b17,64,247,"46,991,2266,4177,4815,7001,8888",300,48,16,12,0.9763333333333334,0.983,0.16,0.12,,,,0.25,False
SIFT-100K,b17,64,248,"3732,4177,4815,7001,8888",300,48,18,11,0.9763333333333334,0.9836666666666666,0.16,0.1233333333333333,,,,0.2291666666666666,False
SIFT-100K,b17,64,249,"46,3732,4177,4815,7001,8888",300,48,19,12,0.9763333333333334,0.984,0.16,0.12,,,,0.25,False
SIFT-100K,b17,64,250,"991,3732,4177,4815,7001,8888",300,48,20,13,0.9763333333333334,0.9843333333333334,0.16,0.1166666666666666,,,,0.2708333333333333,False
SIFT-100K,b17,64,251,"46,991,3732,4177,4815,7001,8888",300,48,21,14,0.9763333333333334,0.9846666666666666,0.16,0.1133333333333333,,,,0.2916666666666667,False
SIFT-100K,b17,64,252,"2266,3732,4177,4815,7001,8888",300,48,18,11,0.9763333333333334,0.9836666666666666,0.16,0.1233333333333333,,,,0.2291666666666666,False
SIFT-100K,b17,64,253,"46,2266,3732,4177,4815,7001,8888",300,48,19,12,0.9763333333333334,0.984,0.16,0.12,,,,0.25,False
SIFT-100K,b17,64,254,"991,2266,3732,4177,4815,7001,8888",300,48,20,13,0.9763333333333334,0.9843333333333334,0.16,0.1166666666666666,,,,0.2708333333333333,False
SIFT-100K,b17,64,255,"46,991,2266,3732,4177,4815,7001,8888",300,48,21,14,0.9763333333333334,0.9846666666666666,0.16,0.1133333333333333,,,,0.2916666666666667,False
SIFT-100K,b29,8,0,EMPTY,300,247,0,0,0.7436666666666667,0.7436666666666667,0.8233333333333334,0.8233333333333334,25.875,25.875,21.91625,0.0,True
SIFT-100K,b29,8,1,46,300,247,94,17,0.7436666666666667,0.8029999999999999,0.8233333333333334,0.7666666666666667,,,,0.068825910931174,False
SIFT-100K,b29,8,2,991,300,247,88,13,0.7436666666666667,0.8096666666666665,0.8233333333333334,0.78,,,,0.0526315789473684,False
SIFT-100K,b29,8,3,"46,991",300,247,139,34,0.7436666666666667,0.8456666666666667,0.8233333333333334,0.71,,,,0.1376518218623481,False
SIFT-100K,b29,8,4,2266,300,247,76,11,0.7436666666666667,0.796,0.8233333333333334,0.7866666666666666,,,,0.0445344129554655,False
SIFT-100K,b29,8,5,"46,2266",300,247,126,30,0.7436666666666667,0.8346666666666666,0.8233333333333334,0.7233333333333334,,,,0.1214574898785425,False
SIFT-100K,b29,8,6,"991,2266",300,247,118,25,0.7436666666666667,0.8366666666666667,0.8233333333333334,0.74,,,,0.1012145748987854,False
SIFT-100K,b29,8,7,"46,991,2266",300,247,153,44,0.7436666666666667,0.8619999999999999,0.8233333333333334,0.6766666666666666,,,,0.1781376518218623,False
SIFT-100K,b29,8,8,3732,300,247,84,20,0.7436666666666667,0.8016666666666667,0.8233333333333334,0.7566666666666667,,,,0.0809716599190283,False
SIFT-100K,b29,8,9,"46,3732",300,247,134,36,0.7436666666666667,0.8380000000000001,0.8233333333333334,0.7033333333333334,,,,0.145748987854251,False
SIFT-100K,b29,8,10,"991,3732",300,247,126,36,0.7436666666666667,0.842,0.8233333333333334,0.7033333333333334,,,,0.145748987854251,False
SIFT-100K,b29,8,11,"46,991,3732",300,247,160,50,0.7436666666666667,0.8676666666666666,0.8233333333333334,0.6566666666666666,,,,0.2024291497975708,False
SIFT-100K,b29,8,12,"2266,3732",300,247,116,28,0.7436666666666667,0.829,0.8233333333333334,0.73,,,,0.1133603238866396,False
SIFT-100K,b29,8,13,"46,2266,3732",300,247,149,44,0.7436666666666667,0.8550000000000001,0.8233333333333334,0.6766666666666666,,,,0.1781376518218623,False
SIFT-100K,b29,8,14,"991,2266,3732",300,247,146,44,0.7436666666666667,0.8603333333333334,0.8233333333333334,0.6766666666666666,,,,0.1781376518218623,False
SIFT-100K,b29,8,15,"46,991,2266,3732",300,247,170,58,0.7436666666666667,0.8793333333333333,0.8233333333333334,0.63,,,,0.2348178137651821,False
SIFT-100K,b29,8,16,4177,300,247,87,22,0.7436666666666667,0.8029999999999999,0.8233333333333334,0.75,,,,0.0890688259109311,False
SIFT-100K,b29,8,17,"46,4177",300,247,135,37,0.7436666666666667,0.8380000000000001,0.8233333333333334,0.7,,,,0.1497975708502024,False
SIFT-100K,b29,8,18,"991,4177",300,247,125,38,0.7436666666666667,0.8393333333333333,0.8233333333333334,0.6966666666666667,,,,0.1538461538461538,False
SIFT-100K,b29,8,19,"46,991,4177",300,247,161,52,0.7436666666666667,0.8646666666666667,0.8233333333333334,0.65,,,,0.2105263157894736,False
SIFT-100K,b29,8,20,"2266,4177",300,247,123,32,0.7436666666666667,0.8356666666666668,0.8233333333333334,0.7166666666666667,,,,0.1295546558704453,False
SIFT-100K,b29,8,21,"46,2266,4177",300,247,155,48,0.7436666666666667,0.8616666666666667,0.8233333333333334,0.6633333333333333,,,,0.194331983805668,False
SIFT-100K,b29,8,22,"991,2266,4177",300,247,144,47,0.7436666666666667,0.8586666666666666,0.8233333333333334,0.6666666666666666,,,,0.1902834008097166,False
SIFT-100K,b29,8,23,"46,991,2266,4177",300,247,171,61,0.7436666666666667,0.8789999999999999,0.8233333333333334,0.62,,,,0.2469635627530364,False
SIFT-100K,b29,8,24,"3732,4177",300,247,121,31,0.7436666666666667,0.8326666666666667,0.8233333333333334,0.72,,,,0.1255060728744939,False
SIFT-100K,b29,8,25,"46,3732,4177",300,247,157,46,0.7436666666666667,0.86,0.8233333333333334,0.67,,,,0.1862348178137652,False
SIFT-100K,b29,8,26,"991,3732,4177",300,247,143,44,0.7436666666666667,0.8560000000000001,0.8233333333333334,0.6766666666666666,,,,0.1781376518218623,False
SIFT-100K,b29,8,27,"46,991,3732,4177",300,247,172,57,0.7436666666666667,0.8779999999999999,0.8233333333333334,0.6333333333333333,,,,0.2307692307692307,False
SIFT-100K,b29,8,28,"2266,3732,4177",300,247,142,41,0.7436666666666667,0.8523333333333334,0.8233333333333334,0.6866666666666666,,,,0.1659919028340081,False
SIFT-100K,b29,8,29,"46,2266,3732,4177",300,247,167,56,0.7436666666666667,0.874,0.8233333333333334,0.6366666666666667,,,,0.2267206477732793,False
SIFT-100K,b29,8,30,"991,2266,3732,4177",300,247,159,54,0.7436666666666667,0.8713333333333333,0.8233333333333334,0.6433333333333333,,,,0.2186234817813765,False
SIFT-100K,b29,8,31,"46,991,2266,3732,4177",300,247,180,67,0.7436666666666667,0.889,0.8233333333333334,0.6,,,,0.2712550607287449,False
SIFT-100K,b29,8,32,4815,300,247,88,16,0.7436666666666667,0.8053333333333332,0.8233333333333334,0.77,,,,0.0647773279352226,False
SIFT-100K,b29,8,33,"46,4815",300,247,128,34,0.7436666666666667,0.8353333333333334,0.8233333333333334,0.71,,,,0.1376518218623481,False
SIFT-100K,b29,8,34,"991,4815",300,247,128,28,0.7436666666666667,0.837,0.8233333333333334,0.73,,,,0.1133603238866396,False
SIFT-100K,b29,8,35,"46,991,4815",300,247,154,46,0.7436666666666667,0.8583333333333334,0.8233333333333334,0.67,,,,0.1862348178137652,False
SIFT-100K,b29,8,36,"2266,4815",300,247,122,25,0.7436666666666667,0.8283333333333334,0.8233333333333334,0.74,,,,0.1012145748987854,False
SIFT-100K,b29,8,37,"46,2266,4815",300,247,151,44,0.7436666666666667,0.8539999999999999,0.8233333333333334,0.6766666666666666,,,,0.1781376518218623,False
SIFT-100K,b29,8,38,"991,2266,4815",300,247,146,36,0.7436666666666667,0.8539999999999999,0.8233333333333334,0.7033333333333334,,,,0.145748987854251,False
SIFT-100K,b29,8,39,"46,991,2266,4815",300,247,166,56,0.7436666666666667,0.873,0.8233333333333334,0.6366666666666667,,,,0.2267206477732793,False
SIFT-100K,b29,8,40,"3732,4815",300,247,133,33,0.7436666666666667,0.8393333333333333,0.8233333333333334,0.7133333333333334,,,,0.1336032388663967,False
SIFT-100K,b29,8,41,"46,3732,4815",300,247,157,49,0.7436666666666667,0.8596666666666666,0.8233333333333334,0.66,,,,0.1983805668016194,False
SIFT-100K,b29,8,42,"991,3732,4815",300,247,155,47,0.7436666666666667,0.8633333333333333,0.8233333333333334,0.6666666666666666,,,,0.1902834008097166,False
SIFT-100K,b29,8,43,"46,991,3732,4815",300,247,171,61,0.7436666666666667,0.8786666666666667,0.8233333333333334,0.62,,,,0.2469635627530364,False
SIFT-100K,b29,8,44,"2266,3732,4815",300,247,153,41,0.7436666666666667,0.8536666666666667,0.8233333333333334,0.6866666666666666,,,,0.1659919028340081,False
SIFT-100K,b29,8,45,"46,2266,3732,4815",300,247,171,57,0.7436666666666667,0.8726666666666667,0.8233333333333334,0.6333333333333333,,,,0.2307692307692307,False
SIFT-100K,b29,8,46,"991,2266,3732,4815",300,247,167,55,0.7436666666666667,0.8746666666666666,0.8233333333333334,0.64,,,,0.2226720647773279,False
SIFT-100K,b29,8,47,"46,991,2266,3732,4815",300,247,180,70,0.7436666666666667,0.8893333333333333,0.8233333333333334,0.59,,,,0.2834008097165992,False
SIFT-100K,b29,8,48,"4177,4815",300,247,127,35,0.7436666666666667,0.8363333333333334,0.8233333333333334,0.7066666666666667,,,,0.1417004048582996,False
SIFT-100K,b29,8,49,"46,4177,4815",300,247,154,53,0.7436666666666667,0.8586666666666666,0.8233333333333334,0.6466666666666666,,,,0.2145748987854251,False
SIFT-100K,b29,8,50,"991,4177,4815",300,247,151,48,0.7436666666666667,0.858,0.8233333333333334,0.6633333333333333,,,,0.194331983805668,False
SIFT-100K,b29,8,51,"46,991,4177,4815",300,247,171,64,0.7436666666666667,0.8753333333333334,0.8233333333333334,0.61,,,,0.2591093117408907,False
SIFT-100K,b29,8,52,"2266,4177,4815",300,247,149,45,0.7436666666666667,0.8553333333333333,0.8233333333333334,0.6733333333333333,,,,0.1821862348178137,False
SIFT-100K,b29,8,53,"46,2266,4177,4815",300,247,170,63,0.7436666666666667,0.875,0.8233333333333334,0.6133333333333333,,,,0.2550607287449393,False
SIFT-100K,b29,8,54,"991,2266,4177,4815",300,247,163,57,0.7436666666666667,0.8723333333333333,0.8233333333333334,0.6333333333333333,,,,0.2307692307692307,False
SIFT-100K,b29,8,55,"46,991,2266,4177,4815",300,247,180,74,0.7436666666666667,0.8886666666666667,0.8233333333333334,0.5766666666666667,,,,0.2995951417004048,False
SIFT-100K,b29,8,56,"3732,4177,4815",300,247,152,44,0.7436666666666667,0.857,0.8233333333333334,0.6766666666666666,,,,0.1781376518218623,False
SIFT-100K,b29,8,57,"46,3732,4177,4815",300,247,172,62,0.7436666666666667,0.8756666666666666,0.8233333333333334,0.6166666666666667,,,,0.2510121457489878,False
SIFT-100K,b29,8,58,"991,3732,4177,4815",300,247,166,55,0.7436666666666667,0.8736666666666666,0.8233333333333334,0.64,,,,0.2226720647773279,False
SIFT-100K,b29,8,59,"46,991,3732,4177,4815",300,247,181,70,0.7436666666666667,0.8886666666666667,0.8233333333333334,0.59,,,,0.2834008097165992,False
SIFT-100K,b29,8,60,"2266,3732,4177,4815",300,247,165,54,0.7436666666666667,0.8699999999999999,0.8233333333333334,0.6433333333333333,,,,0.2186234817813765,False
SIFT-100K,b29,8,61,"46,2266,3732,4177,4815",300,247,181,72,0.7436666666666667,0.8873333333333333,0.8233333333333334,0.5833333333333334,,,,0.291497975708502,False
SIFT-100K,b29,8,62,"991,2266,3732,4177,4815",300,247,175,65,0.7436666666666667,0.8843333333333334,0.8233333333333334,0.6066666666666667,,,,0.2631578947368421,False
SIFT-100K,b29,8,63,"46,991,2266,3732,4177,4815",300,247,188,81,0.7436666666666667,0.8986666666666666,0.8233333333333334,0.5533333333333333,,,,0.3279352226720647,False
SIFT-100K,b29,8,64,7001,300,247,88,18,0.7436666666666667,0.8,0.8233333333333334,0.7633333333333333,,,,0.0728744939271255,False
SIFT-100K,b29,8,65,"46,7001",300,247,138,37,0.7436666666666667,0.8403333333333334,0.8233333333333334,0.7,,,,0.1497975708502024,False
SIFT-100K,b29,8,66,"991,7001",300,247,126,32,0.7436666666666667,0.8366666666666667,0.8233333333333334,0.7166666666666667,,,,0.1295546558704453,False
SIFT-100K,b29,8,67,"46,991,7001",300,247,161,51,0.7436666666666667,0.8653333333333334,0.8233333333333334,0.6533333333333333,,,,0.2064777327935222,False
SIFT-100K,b29,8,68,"2266,7001",300,247,120,27,0.7436666666666667,0.8273333333333334,0.8233333333333334,0.7333333333333333,,,,0.1093117408906882,False
SIFT-100K,b29,8,69,"46,2266,7001",300,247,158,48,0.7436666666666667,0.8613333333333333,0.8233333333333334,0.6633333333333333,,,,0.194331983805668,False
SIFT-100K,b29,8,70,"991,2266,7001",300,247,145,40,0.7436666666666667,0.8543333333333333,0.8233333333333334,0.69,,,,0.1619433198380566,False
SIFT-100K,b29,8,71,"46,991,2266,7001",300,247,173,60,0.7436666666666667,0.8786666666666667,0.8233333333333334,0.6233333333333333,,,,0.242914979757085,False
SIFT-100K,b29,8,72,"3732,7001",300,247,124,36,0.7436666666666667,0.8336666666666666,0.8233333333333334,0.7033333333333334,,,,0.145748987854251,False
SIFT-100K,b29,8,73,"46,3732,7001",300,247,160,51,0.7436666666666667,0.8623333333333333,0.8233333333333334,0.6533333333333333,,,,0.2064777327935222,False
SIFT-100K,b29,8,74,"991,3732,7001",300,247,148,49,0.7436666666666667,0.858,0.8233333333333334,0.66,,,,0.1983805668016194,False
SIFT-100K,b29,8,75,"46,991,3732,7001",300,247,174,63,0.7436666666666667,0.8800000000000001,0.8233333333333334,0.6133333333333333,,,,0.2550607287449393,False
SIFT-100K,b29,8,76,"2266,3732,7001",300,247,143,43,0.7436666666666667,0.8513333333333334,0.8233333333333334,0.68,,,,0.1740890688259109,False
SIFT-100K,b29,8,77,"46,2266,3732,7001",300,247,171,60,0.7436666666666667,0.875,0.8233333333333334,0.6233333333333333,,,,0.242914979757085,False
SIFT-100K,b29,8,78,"991,2266,3732,7001",300,247,162,56,0.7436666666666667,0.8716666666666667,0.8233333333333334,0.6366666666666667,,,,0.2267206477732793,False
SIFT-100K,b29,8,79,"46,991,2266,3732,7001",300,247,182,71,0.7436666666666667,0.8896666666666666,0.8233333333333334,0.5866666666666667,,,,0.2874493927125506,False
SIFT-100K,b29,8,80,"4177,7001",300,247,119,35,0.7436666666666667,0.8300000000000001,0.8233333333333334,0.7066666666666667,,,,0.1417004048582996,False
SIFT-100K,b29,8,81,"46,4177,7001",300,247,156,52,0.7436666666666667,0.8586666666666666,0.8233333333333334,0.65,,,,0.2105263157894736,False
SIFT-100K,b29,8,82,"991,4177,7001",300,247,144,49,0.7436666666666667,0.8546666666666667,0.8233333333333334,0.66,,,,0.1983805668016194,False
SIFT-100K,b29,8,83,"46,991,4177,7001",300,247,172,64,0.7436666666666667,0.8766666666666667,0.8233333333333334,0.61,,,,0.2591093117408907,False
SIFT-100K,b29,8,84,"2266,4177,7001",300,247,142,43,0.7436666666666667,0.8516666666666668,0.8233333333333334,0.68,,,,0.1740890688259109,False
SIFT-100K,b29,8,85,"46,2266,4177,7001",300,247,169,61,0.7436666666666667,0.8763333333333334,0.8233333333333334,0.62,,,,0.2469635627530364,False
SIFT-100K,b29,8,86,"991,2266,4177,7001",300,247,159,57,0.7436666666666667,0.8696666666666667,0.8233333333333334,0.6333333333333333,,,,0.2307692307692307,False
SIFT-100K,b29,8,87,"46,991,2266,4177,7001",300,247,181,73,0.7436666666666667,0.889,0.8233333333333334,0.58,,,,0.2955465587044534,False
SIFT-100K,b29,8,88,"3732,4177,7001",300,247,141,45,0.7436666666666667,0.8513333333333334,0.8233333333333334,0.6733333333333333,,,,0.1821862348178137,False
SIFT-100K,b29,8,89,"46,3732,4177,7001",300,247,170,60,0.7436666666666667,0.875,0.8233333333333334,0.6233333333333333,,,,0.242914979757085,False
SIFT-100K,b29,8,90,"991,3732,4177,7001",300,247,158,57,0.7436666666666667,0.8686666666666667,0.8233333333333334,0.6333333333333333,,,,0.2307692307692307,False
SIFT-100K,b29,8,91,"46,991,3732,4177,7001",300,247,181,70,0.7436666666666667,0.8876666666666667,0.8233333333333334,0.59,,,,0.2834008097165992,False
SIFT-100K,b29,8,92,"2266,3732,4177,7001",300,247,157,53,0.7436666666666667,0.8666666666666666,0.8233333333333334,0.6466666666666666,,,,0.2145748987854251,False
SIFT-100K,b29,8,93,"46,2266,3732,4177,7001",300,247,179,69,0.7436666666666667,0.8869999999999999,0.8233333333333334,0.5933333333333334,,,,0.2793522267206478,False
SIFT-100K,b29,8,94,"991,2266,3732,4177,7001",300,247,170,65,0.7436666666666667,0.8806666666666667,0.8233333333333334,0.6066666666666667,,,,0.2631578947368421,False
SIFT-100K,b29,8,95,"46,991,2266,3732,4177,7001",300,247,188,79,0.7436666666666667,0.8973333333333333,0.8233333333333334,0.56,,,,0.3198380566801619,False
SIFT-100K,b29,8,96,"4815,7001",300,247,128,33,0.7436666666666667,0.8346666666666666,0.8233333333333334,0.7133333333333334,,,,0.1336032388663967,False
SIFT-100K,b29,8,97,"46,4815,7001",300,247,157,53,0.7436666666666667,0.8593333333333334,0.8233333333333334,0.6466666666666666,,,,0.2145748987854251,False
SIFT-100K,b29,8,98,"991,4815,7001",300,247,148,42,0.7436666666666667,0.8563333333333333,0.8233333333333334,0.6833333333333333,,,,0.1700404858299595,False
SIFT-100K,b29,8,99,"46,991,4815,7001",300,247,170,63,0.7436666666666667,0.876,0.8233333333333334,0.6133333333333333,,,,0.2550607287449393,False
SIFT-100K,b29,8,100,"2266,4815,7001",300,247,148,41,0.7436666666666667,0.8506666666666666,0.8233333333333334,0.6866666666666666,,,,0.1659919028340081,False
SIFT-100K,b29,8,101,"46,2266,4815,7001",300,247,172,62,0.7436666666666667,0.8736666666666666,0.8233333333333334,0.6166666666666667,,,,0.2510121457489878,False
SIFT-100K,b29,8,102,"991,2266,4815,7001",300,247,163,50,0.7436666666666667,0.8693333333333333,0.8233333333333334,0.6566666666666666,,,,0.2024291497975708,False
SIFT-100K,b29,8,103,"46,991,2266,4815,7001",300,247,181,72,0.7436666666666667,0.8880000000000001,0.8233333333333334,0.5833333333333334,,,,0.291497975708502,False
SIFT-100K,b29,8,104,"3732,4815,7001",300,247,151,50,0.7436666666666667,0.857,0.8233333333333334,0.6566666666666666,,,,0.2024291497975708,False
SIFT-100K,b29,8,105,"46,3732,4815,7001",300,247,173,67,0.7436666666666667,0.8766666666666667,0.8233333333333334,0.6,,,,0.2712550607287449,False
SIFT-100K,b29,8,106,"991,3732,4815,7001",300,247,165,60,0.7436666666666667,0.8753333333333334,0.8233333333333334,0.6233333333333333,,,,0.242914979757085,False
SIFT-100K,b29,8,107,"46,991,3732,4815,7001",300,247,181,76,0.7436666666666667,0.8903333333333334,0.8233333333333334,0.57,,,,0.3076923076923077,False
SIFT-100K,b29,8,108,"2266,3732,4815,7001",300,247,166,57,0.7436666666666667,0.8686666666666667,0.8233333333333334,0.6333333333333333,,,,0.2307692307692307,False
SIFT-100K,b29,8,109,"46,2266,3732,4815,7001",300,247,184,75,0.7436666666666667,0.8869999999999999,0.8233333333333334,0.5733333333333334,,,,0.3036437246963562,False
SIFT-100K,b29,8,110,"991,2266,3732,4815,7001",300,247,176,67,0.7436666666666667,0.8846666666666666,0.8233333333333334,0.6,,,,0.2712550607287449,False
SIFT-100K,b29,8,111,"46,991,2266,3732,4815,7001",300,247,189,84,0.7436666666666667,0.899,0.8233333333333334,0.5433333333333333,,,,0.340080971659919,False
SIFT-100K,b29,8,112,"4177,4815,7001",300,247,147,47,0.7436666666666667,0.8543333333333333,0.8233333333333334,0.6666666666666666,,,,0.1902834008097166,False
SIFT-100K,b29,8,113,"46,4177,4815,7001",300,247,170,67,0.7436666666666667,0.875,0.8233333333333334,0.6,,,,0.2712550607287449,False
SIFT-100K,b29,8,114,"991,4177,4815,7001",300,247,162,58,0.7436666666666667,0.8699999999999999,0.8233333333333334,0.63,,,,0.2348178137651821,False
SIFT-100K,b29,8,115,"46,991,4177,4815,7001",300,247,180,76,0.7436666666666667,0.8869999999999999,0.8233333333333334,0.57,,,,0.3076923076923077,False
SIFT-100K,b29,8,116,"2266,4177,4815,7001",300,247,163,55,0.7436666666666667,0.869,0.8233333333333334,0.64,,,,0.2226720647773279,False
SIFT-100K,b29,8,117,"46,2266,4177,4815,7001",300,247,182,75,0.7436666666666667,0.8880000000000001,0.8233333333333334,0.5733333333333334,,,,0.3036437246963562,False
SIFT-100K,b29,8,118,"991,2266,4177,4815,7001",300,247,174,66,0.7436666666666667,0.8823333333333334,0.8233333333333334,0.6033333333333334,,,,0.2672064777327935,False
SIFT-100K,b29,8,119,"46,991,2266,4177,4815,7001",300,247,189,85,0.7436666666666667,0.8983333333333332,0.8233333333333334,0.54,,,,0.3441295546558704,False
SIFT-100K,b29,8,120,"3732,4177,4815,7001",300,247,163,57,0.7436666666666667,0.8710000000000001,0.8233333333333334,0.6333333333333333,,,,0.2307692307692307,False
SIFT-100K,b29,8,121,"46,3732,4177,4815,7001",300,247,182,76,0.7436666666666667,0.889,0.8233333333333334,0.57,,,,0.3076923076923077,False
SIFT-100K,b29,8,122,"991,3732,4177,4815,7001",300,247,173,67,0.7436666666666667,0.8833333333333334,0.8233333333333334,0.6,,,,0.2712550607287449,False
SIFT-100K,b29,8,123,"46,991,3732,4177,4815,7001",300,247,188,83,0.7436666666666667,0.898,0.8233333333333334,0.5466666666666666,,,,0.3360323886639676,False
SIFT-100K,b29,8,124,"2266,3732,4177,4815,7001",300,247,175,65,0.7436666666666667,0.882,0.8233333333333334,0.6066666666666667,,,,0.2631578947368421,False
SIFT-100K,b29,8,125,"46,2266,3732,4177,4815,7001",300,247,191,84,0.7436666666666667,0.8986666666666666,0.8233333333333334,0.5433333333333333,,,,0.340080971659919,False
SIFT-100K,b29,8,126,"991,2266,3732,4177,4815,7001",300,247,182,75,0.7436666666666667,0.8926666666666666,0.8233333333333334,0.5733333333333334,,,,0.3036437246963562,False
SIFT-100K,b29,8,127,"46,991,2266,3732,4177,4815,7001",300,247,195,92,0.7436666666666667,0.9066666666666666,0.8233333333333334,0.5166666666666667,,,,0.3724696356275304,False
SIFT-100K,b29,8,128,8888,300,247,95,19,0.7436666666666667,0.8126666666666666,0.8233333333333334,0.76,,,,0.0769230769230769,False
SIFT-100K,b29,8,129,"46,8888",300,247,142,34,0.7436666666666667,0.8483333333333333,0.8233333333333334,0.71,,,,0.1376518218623481,False
SIFT-100K,b29,8,130,"991,8888",300,247,128,30,0.7436666666666667,0.843,0.8233333333333334,0.7233333333333334,,,,0.1214574898785425,False
SIFT-100K,b29,8,131,"46,991,8888",300,247,162,48,0.7436666666666667,0.8716666666666667,0.8233333333333334,0.6633333333333333,,,,0.194331983805668,False
SIFT-100K,b29,8,132,"2266,8888",300,247,130,29,0.7436666666666667,0.8396666666666667,0.8233333333333334,0.7266666666666667,,,,0.117408906882591,False
SIFT-100K,b29,8,133,"46,2266,8888",300,247,160,46,0.7436666666666667,0.8673333333333334,0.8233333333333334,0.67,,,,0.1862348178137652,False
SIFT-100K,b29,8,134,"991,2266,8888",300,247,147,39,0.7436666666666667,0.8619999999999999,0.8233333333333334,0.6933333333333334,,,,0.1578947368421052,False
SIFT-100K,b29,8,135,"46,991,2266,8888",300,247,170,56,0.7436666666666667,0.8836666666666666,0.8233333333333334,0.6366666666666667,,,,0.2267206477732793,False
SIFT-100K,b29,8,136,"3732,8888",300,247,132,38,0.7436666666666667,0.8406666666666667,0.8233333333333334,0.6966666666666667,,,,0.1538461538461538,False
SIFT-100K,b29,8,137,"46,3732,8888",300,247,162,48,0.7436666666666667,0.8656666666666666,0.8233333333333334,0.6633333333333333,,,,0.194331983805668,False
SIFT-100K,b29,8,138,"991,3732,8888",300,247,151,49,0.7436666666666667,0.8633333333333333,0.8233333333333334,0.66,,,,0.1983805668016194,False
SIFT-100K,b29,8,139,"46,991,3732,8888",300,247,174,61,0.7436666666666667,0.8853333333333333,0.8233333333333334,0.62,,,,0.2469635627530364,False
SIFT-100K,b29,8,140,"2266,3732,8888",300,247,151,44,0.7436666666666667,0.861,0.8233333333333334,0.6766666666666666,,,,0.1781376518218623,False
SIFT-100K,b29,8,141,"46,2266,3732,8888",300,247,172,56,0.7436666666666667,0.8796666666666667,0.8233333333333334,0.6366666666666667,,,,0.2267206477732793,False
SIFT-100K,b29,8,142,"991,2266,3732,8888",300,247,164,55,0.7436666666666667,0.8779999999999999,0.8233333333333334,0.64,,,,0.2226720647773279,False
SIFT-100K,b29,8,143,"46,991,2266,3732,8888",300,247,180,67,0.7436666666666667,0.8943333333333333,0.8233333333333334,0.6,,,,0.2712550607287449,False
SIFT-100K,b29,8,144,"4177,8888",300,247,139,38,0.7436666666666667,0.8446666666666667,0.8233333333333334,0.6966666666666667,,,,0.1538461538461538,False
SIFT-100K,b29,8,145,"46,4177,8888",300,247,166,50,0.7436666666666667,0.8699999999999999,0.8233333333333334,0.6566666666666666,,,,0.2024291497975708,False
SIFT-100K,b29,8,146,"991,4177,8888",300,247,153,49,0.7436666666666667,0.8640000000000001,0.8233333333333334,0.66,,,,0.1983805668016194,False
SIFT-100K,b29,8,147,"46,991,4177,8888",300,247,177,62,0.7436666666666667,0.8856666666666667,0.8233333333333334,0.6166666666666667,,,,0.2510121457489878,False
SIFT-100K,b29,8,148,"2266,4177,8888",300,247,158,47,0.7436666666666667,0.8640000000000001,0.8233333333333334,0.6666666666666666,,,,0.1902834008097166,False
SIFT-100K,b29,8,149,"46,2266,4177,8888",300,247,177,61,0.7436666666666667,0.885,0.8233333333333334,0.62,,,,0.2469635627530364,False
SIFT-100K,b29,8,150,"991,2266,4177,8888",300,247,166,58,0.7436666666666667,0.8789999999999999,0.8233333333333334,0.63,,,,0.2348178137651821,False
SIFT-100K,b29,8,151,"46,991,2266,4177,8888",300,247,183,71,0.7436666666666667,0.8966666666666667,0.8233333333333334,0.5866666666666667,,,,0.2874493927125506,False
SIFT-100K,b29,8,152,"3732,4177,8888",300,247,153,47,0.7436666666666667,0.8596666666666666,0.8233333333333334,0.6666666666666666,,,,0.1902834008097166,False
SIFT-100K,b29,8,153,"46,3732,4177,8888",300,247,176,57,0.7436666666666667,0.8806666666666667,0.8233333333333334,0.6333333333333333,,,,0.2307692307692307,False
SIFT-100K,b29,8,154,"991,3732,4177,8888",300,247,162,56,0.7436666666666667,0.8746666666666666,0.8233333333333334,0.6366666666666667,,,,0.2267206477732793,False
SIFT-100K,b29,8,155,"46,991,3732,4177,8888",300,247,182,67,0.7436666666666667,0.8936666666666667,0.8233333333333334,0.6,,,,0.2712550607287449,False
SIFT-100K,b29,8,156,"2266,3732,4177,8888",300,247,166,56,0.7436666666666667,0.875,0.8233333333333334,0.6366666666666667,,,,0.2267206477732793,False
SIFT-100K,b29,8,157,"46,2266,3732,4177,8888",300,247,182,67,0.7436666666666667,0.8916666666666666,0.8233333333333334,0.6,,,,0.2712550607287449,False
SIFT-100K,b29,8,158,"991,2266,3732,4177,8888",300,247,173,65,0.7436666666666667,0.8869999999999999,0.8233333333333334,0.6066666666666667,,,,0.2631578947368421,False
SIFT-100K,b29,8,159,"46,991,2266,3732,4177,8888",300,247,187,76,0.7436666666666667,0.902,0.8233333333333334,0.57,,,,0.3076923076923077,False
SIFT-100K,b29,8,160,"4815,8888",300,247,137,33,0.7436666666666667,0.8443333333333334,0.8233333333333334,0.7133333333333334,,,,0.1336032388663967,False
SIFT-100K,b29,8,161,"46,4815,8888",300,247,160,48,0.7436666666666667,0.865,0.8233333333333334,0.6633333333333333,,,,0.194331983805668,False
SIFT-100K,b29,8,162,"991,4815,8888",300,247,155,43,0.7436666666666667,0.8646666666666667,0.8233333333333334,0.68,,,,0.1740890688259109,False
SIFT-100K,b29,8,163,"46,991,4815,8888",300,247,173,60,0.7436666666666667,0.882,0.8233333333333334,0.6233333333333333,,,,0.242914979757085,False
SIFT-100K,b29,8,164,"2266,4815,8888",300,247,159,41,0.7436666666666667,0.8603333333333334,0.8233333333333334,0.6866666666666666,,,,0.1659919028340081,False
SIFT-100K,b29,8,165,"46,2266,4815,8888",300,247,176,59,0.7436666666666667,0.8793333333333333,0.8233333333333334,0.6266666666666667,,,,0.2388663967611336,False
SIFT-100K,b29,8,166,"991,2266,4815,8888",300,247,168,50,0.7436666666666667,0.8773333333333333,0.8233333333333334,0.6566666666666666,,,,0.2024291497975708,False
SIFT-100K,b29,8,167,"46,991,2266,4815,8888",300,247,181,69,0.7436666666666667,0.8933333333333333,0.8233333333333334,0.5933333333333334,,,,0.2793522267206478,False
SIFT-100K,b29,8,168,"3732,4815,8888",300,247,162,49,0.7436666666666667,0.866,0.8233333333333334,0.66,,,,0.1983805668016194,False
SIFT-100K,b29,8,169,"46,3732,4815,8888",300,247,176,60,0.7436666666666667,0.8800000000000001,0.8233333333333334,0.6233333333333333,,,,0.242914979757085,False
SIFT-100K,b29,8,170,"991,3732,4815,8888",300,247,171,59,0.7436666666666667,0.8813333333333333,0.8233333333333334,0.6266666666666667,,,,0.2388663967611336,False
SIFT-100K,b29,8,171,"46,991,3732,4815,8888",300,247,183,72,0.7436666666666667,0.8946666666666667,0.8233333333333334,0.5833333333333334,,,,0.291497975708502,False
SIFT-100K,b29,8,172,"2266,3732,4815,8888",300,247,175,55,0.7436666666666667,0.877,0.8233333333333334,0.64,,,,0.2226720647773279,False
SIFT-100K,b29,8,173,"46,2266,3732,4815,8888",300,247,186,68,0.7436666666666667,0.8903333333333334,0.8233333333333334,0.5966666666666667,,,,0.2753036437246963,False
SIFT-100K,b29,8,174,"991,2266,3732,4815,8888",300,247,180,65,0.7436666666666667,0.8903333333333334,0.8233333333333334,0.6066666666666667,,,,0.2631578947368421,False
SIFT-100K,b29,8,175,"46,991,2266,3732,4815,8888",300,247,189,79,0.7436666666666667,0.903,0.8233333333333334,0.56,,,,0.3198380566801619,False
SIFT-100K,b29,8,176,"4177,4815,8888",300,247,161,49,0.7436666666666667,0.8666666666666666,0.8233333333333334,0.66,,,,0.1983805668016194,False
SIFT-100K,b29,8,177,"46,4177,4815,8888",300,247,176,64,0.7436666666666667,0.8826666666666666,0.8233333333333334,0.61,,,,0.2591093117408907,False
SIFT-100K,b29,8,178,"991,4177,4815,8888",300,247,170,59,0.7436666666666667,0.8796666666666667,0.8233333333333334,0.6266666666666667,,,,0.2388663967611336,False
SIFT-100K,b29,8,179,"46,991,4177,4815,8888",300,247,184,74,0.7436666666666667,0.8946666666666667,0.8233333333333334,0.5766666666666667,,,,0.2995951417004048,False
SIFT-100K,b29,8,180,"2266,4177,4815,8888",300,247,174,59,0.7436666666666667,0.8796666666666667,0.8233333333333334,0.6266666666666667,,,,0.2388663967611336,False
SIFT-100K,b29,8,181,"46,2266,4177,4815,8888",300,247,186,75,0.7436666666666667,0.8949999999999999,0.8233333333333334,0.5733333333333334,,,,0.3036437246963562,False
SIFT-100K,b29,8,182,"991,2266,4177,4815,8888",300,247,179,68,0.7436666666666667,0.8906666666666666,0.8233333333333334,0.5966666666666667,,,,0.2753036437246963,False
SIFT-100K,b29,8,183,"46,991,2266,4177,4815,8888",300,247,190,84,0.7436666666666667,0.905,0.8233333333333334,0.5433333333333333,,,,0.340080971659919,False
SIFT-100K,b29,8,184,"3732,4177,4815,8888",300,247,173,58,0.7436666666666667,0.8789999999999999,0.8233333333333334,0.63,,,,0.2348178137651821,False
SIFT-100K,b29,8,185,"46,3732,4177,4815,8888",300,247,185,71,0.7436666666666667,0.8926666666666666,0.8233333333333334,0.5866666666666667,,,,0.2874493927125506,False
SIFT-100K,b29,8,186,"991,3732,4177,4815,8888",300,247,178,66,0.7436666666666667,0.8896666666666666,0.8233333333333334,0.6033333333333334,,,,0.2672064777327935,False
SIFT-100K,b29,8,187,"46,991,3732,4177,4815,8888",300,247,189,79,0.7436666666666667,0.9026666666666668,0.8233333333333334,0.56,,,,0.3198380566801619,False
SIFT-100K,b29,8,188,"2266,3732,4177,4815,8888",300,247,181,67,0.7436666666666667,0.8886666666666667,0.8233333333333334,0.6,,,,0.2712550607287449,False
SIFT-100K,b29,8,189,"46,2266,3732,4177,4815,8888",300,247,191,81,0.7436666666666667,0.9016666666666668,0.8233333333333334,0.5533333333333333,,,,0.3279352226720647,False
SIFT-100K,b29,8,190,"991,2266,3732,4177,4815,8888",300,247,185,75,0.7436666666666667,0.898,0.8233333333333334,0.5733333333333334,,,,0.3036437246963562,False
SIFT-100K,b29,8,191,"46,991,2266,3732,4177,4815,8888",300,247,194,89,0.7436666666666667,0.9103333333333332,0.8233333333333334,0.5266666666666666,,,,0.3603238866396761,False
SIFT-100K,b29,8,192,"7001,8888",300,247,133,33,0.7436666666666667,0.8380000000000001,0.8233333333333334,0.7133333333333334,,,,0.1336032388663967,False
SIFT-100K,b29,8,193,"46,7001,8888",300,247,165,47,0.7436666666666667,0.8666666666666666,0.8233333333333334,0.6666666666666666,,,,0.1902834008097166,False
SIFT-100K,b29,8,194,"991,7001,8888",300,247,150,42,0.7436666666666667,0.859,0.8233333333333334,0.6833333333333333,,,,0.1700404858299595,False
SIFT-100K,b29,8,195,"46,991,7001,8888",300,247,176,58,0.7436666666666667,0.8836666666666666,0.8233333333333334,0.63,,,,0.2348178137651821,False
SIFT-100K,b29,8,196,"2266,7001,8888",300,247,152,42,0.7436666666666667,0.8560000000000001,0.8233333333333334,0.6833333333333333,,,,0.1700404858299595,False
SIFT-100K,b29,8,197,"46,2266,7001,8888",300,247,177,59,0.7436666666666667,0.881,0.8233333333333334,0.6266666666666667,,,,0.2388663967611336,False
SIFT-100K,b29,8,198,"991,2266,7001,8888",300,247,163,50,0.7436666666666667,0.8726666666666667,0.8233333333333334,0.6566666666666666,,,,0.2024291497975708,False
SIFT-100K,b29,8,199,"46,991,2266,7001,8888",300,247,183,67,0.7436666666666667,0.8936666666666667,0.8233333333333334,0.6,,,,0.2712550607287449,False
SIFT-100K,b29,8,200,"3732,7001,8888",300,247,152,49,0.7436666666666667,0.8583333333333334,0.8233333333333334,0.66,,,,0.1983805668016194,False
SIFT-100K,b29,8,201,"46,3732,7001,8888",300,247,177,59,0.7436666666666667,0.8800000000000001,0.8233333333333334,0.6266666666666667,,,,0.2388663967611336,False
SIFT-100K,b29,8,202,"991,3732,7001,8888",300,247,165,57,0.7436666666666667,0.8746666666666666,0.8233333333333334,0.6333333333333333,,,,0.2307692307692307,False
SIFT-100K,b29,8,203,"46,991,3732,7001,8888",300,247,184,69,0.7436666666666667,0.8939999999999999,0.8233333333333334,0.5933333333333334,,,,0.2793522267206478,False
SIFT-100K,b29,8,204,"2266,3732,7001,8888",300,247,165,55,0.7436666666666667,0.8720000000000001,0.8233333333333334,0.64,,,,0.2226720647773279,False
SIFT-100K,b29,8,205,"46,2266,3732,7001,8888",300,247,184,68,0.7436666666666667,0.89,0.8233333333333334,0.5966666666666667,,,,0.2753036437246963,False
SIFT-100K,b29,8,206,"991,2266,3732,7001,8888",300,247,175,63,0.7436666666666667,0.8853333333333333,0.8233333333333334,0.6133333333333333,,,,0.2550607287449393,False
SIFT-100K,b29,8,207,"46,991,2266,3732,7001,8888",300,247,189,76,0.7436666666666667,0.901,0.8233333333333334,0.57,,,,0.3076923076923077,False
SIFT-100K,b29,8,208,"4177,7001,8888",300,247,153,49,0.7436666666666667,0.8586666666666666,0.8233333333333334,0.66,,,,0.1983805668016194,False
SIFT-100K,b29,8,209,"46,4177,7001,8888",300,247,176,62,0.7436666666666667,0.881,0.8233333333333334,0.6166666666666667,,,,0.2510121457489878,False
SIFT-100K,b29,8,210,"991,4177,7001,8888",300,247,164,58,0.7436666666666667,0.8743333333333334,0.8233333333333334,0.63,,,,0.2348178137651821,False
SIFT-100K,b29,8,211,"46,991,4177,7001,8888",300,247,184,71,0.7436666666666667,0.8933333333333333,0.8233333333333334,0.5866666666666667,,,,0.2874493927125506,False
SIFT-100K,b29,8,212,"2266,4177,7001,8888",300,247,168,58,0.7436666666666667,0.8736666666666666,0.8233333333333334,0.63,,,,0.2348178137651821,False
SIFT-100K,b29,8,213,"46,2266,4177,7001,8888",300,247,185,73,0.7436666666666667,0.8939999999999999,0.8233333333333334,0.58,,,,0.2955465587044534,False
SIFT-100K,b29,8,214,"991,2266,4177,7001,8888",300,247,175,67,0.7436666666666667,0.8859999999999999,0.8233333333333334,0.6,,,,0.2712550607287449,False
SIFT-100K,b29,8,215,"46,991,2266,4177,7001,8888",300,247,190,81,0.7436666666666667,0.903,0.8233333333333334,0.5533333333333333,,,,0.3279352226720647,False
SIFT-100K,b29,8,216,"3732,4177,7001,8888",300,247,165,58,0.7436666666666667,0.8726666666666667,0.8233333333333334,0.63,,,,0.2348178137651821,False
SIFT-100K,b29,8,217,"46,3732,4177,7001,8888",300,247,184,68,0.7436666666666667,0.8906666666666666,0.8233333333333334,0.5966666666666667,,,,0.2753036437246963,False
SIFT-100K,b29,8,218,"991,3732,4177,7001,8888",300,247,173,65,0.7436666666666667,0.8843333333333334,0.8233333333333334,0.6066666666666667,,,,0.2631578947368421,False
SIFT-100K,b29,8,219,"46,991,3732,4177,7001,8888",300,247,189,76,0.7436666666666667,0.9006666666666666,0.8233333333333334,0.57,,,,0.3076923076923077,False
SIFT-100K,b29,8,220,"2266,3732,4177,7001,8888",300,247,176,66,0.7436666666666667,0.884,0.8233333333333334,0.6033333333333334,,,,0.2672064777327935,False
SIFT-100K,b29,8,221,"46,2266,3732,4177,7001,8888",300,247,190,78,0.7436666666666667,0.9,0.8233333333333334,0.5633333333333334,,,,0.3157894736842105,False
SIFT-100K,b29,8,222,"991,2266,3732,4177,7001,8888",300,247,182,73,0.7436666666666667,0.8933333333333333,0.8233333333333334,0.58,,,,0.2955465587044534,False
SIFT-100K,b29,8,223,"46,991,2266,3732,4177,7001,8888",300,247,194,85,0.7436666666666667,0.9076666666666666,0.8233333333333334,0.54,,,,0.3441295546558704,False
SIFT-100K,b29,8,224,"4815,7001,8888",300,247,157,47,0.7436666666666667,0.8623333333333333,0.8233333333333334,0.6666666666666666,,,,0.1902834008097166,False
SIFT-100K,b29,8,225,"46,4815,7001,8888",300,247,176,63,0.7436666666666667,0.8800000000000001,0.8233333333333334,0.6133333333333333,,,,0.2550607287449393,False
SIFT-100K,b29,8,226,"991,4815,7001,8888",300,247,165,53,0.7436666666666667,0.8756666666666666,0.8233333333333334,0.6466666666666666,,,,0.2145748987854251,False
SIFT-100K,b29,8,227,"46,991,4815,7001,8888",300,247,182,71,0.7436666666666667,0.8923333333333334,0.8233333333333334,0.5866666666666667,,,,0.2874493927125506,False
SIFT-100K,b29,8,228,"2266,4815,7001,8888",300,247,171,54,0.7436666666666667,0.8743333333333334,0.8233333333333334,0.6433333333333333,,,,0.2186234817813765,False
SIFT-100K,b29,8,229,"46,2266,4815,7001,8888",300,247,186,72,0.7436666666666667,0.8913333333333334,0.8233333333333334,0.5833333333333334,,,,0.291497975708502,False
SIFT-100K,b29,8,230,"991,2266,4815,7001,8888",300,247,176,60,0.7436666666666667,0.8856666666666667,0.8233333333333334,0.6233333333333333,,,,0.242914979757085,False
SIFT-100K,b29,8,231,"46,991,2266,4815,7001,8888",300,247,189,79,0.7436666666666667,0.9016666666666668,0.8233333333333334,0.56,,,,0.3198380566801619,False
SIFT-100K,b29,8,232,"3732,4815,7001,8888",300,247,172,62,0.7436666666666667,0.8779999999999999,0.8233333333333334,0.6166666666666667,,,,0.2510121457489878,False
SIFT-100K,b29,8,233,"46,3732,4815,7001,8888",300,247,186,74,0.7436666666666667,0.892,0.8233333333333334,0.5766666666666667,,,,0.2995951417004048,False
SIFT-100K,b29,8,234,"991,3732,4815,7001,8888",300,247,178,68,0.7436666666666667,0.8893333333333333,0.8233333333333334,0.5966666666666667,,,,0.2753036437246963,False
SIFT-100K,b29,8,235,"46,991,3732,4815,7001,8888",300,247,190,82,0.7436666666666667,0.9026666666666668,0.8233333333333334,0.55,,,,0.3319838056680162,False
SIFT-100K,b29,8,236,"2266,3732,4815,7001,8888",300,247,182,67,0.7436666666666667,0.8866666666666667,0.8233333333333334,0.6,,,,0.2712550607287449,False
SIFT-100K,b29,8,237,"46,2266,3732,4815,7001,8888",300,247,193,81,0.7436666666666667,0.9,0.8233333333333334,0.5533333333333333,,,,0.3279352226720647,False
SIFT-100K,b29,8,238,"991,2266,3732,4815,7001,8888",300,247,186,73,0.7436666666666667,0.8963333333333333,0.8233333333333334,0.58,,,,0.2955465587044534,False
SIFT-100K,b29,8,239,"46,991,2266,3732,4815,7001,8888",300,247,195,88,0.7436666666666667,0.909,0.8233333333333334,0.53,,,,0.3562753036437247,False
SIFT-100K,b29,8,240,"4177,4815,7001,8888",300,247,170,61,0.7436666666666667,0.8773333333333333,0.8233333333333334,0.62,,,,0.2469635627530364,False
SIFT-100K,b29,8,241,"46,4177,4815,7001,8888",300,247,185,77,0.7436666666666667,0.8933333333333333,0.8233333333333334,0.5666666666666667,,,,0.3117408906882591,False
SIFT-100K,b29,8,242,"991,4177,4815,7001,8888",300,247,176,68,0.7436666666666667,0.8869999999999999,0.8233333333333334,0.5966666666666667,,,,0.2753036437246963,False
SIFT-100K,b29,8,243,"46,991,4177,4815,7001,8888",300,247,190,84,0.7436666666666667,0.902,0.8233333333333334,0.5433333333333333,,,,0.340080971659919,False
SIFT-100K,b29,8,244,"2266,4177,4815,7001,8888",300,247,181,69,0.7436666666666667,0.8883333333333333,0.8233333333333334,0.5933333333333334,,,,0.2793522267206478,False
SIFT-100K,b29,8,245,"46,2266,4177,4815,7001,8888",300,247,193,86,0.7436666666666667,0.9036666666666668,0.8233333333333334,0.5366666666666666,,,,0.3481781376518219,False
SIFT-100K,b29,8,246,"991,2266,4177,4815,7001,8888",300,247,185,76,0.7436666666666667,0.8966666666666667,0.8233333333333334,0.57,,,,0.3076923076923077,False
SIFT-100K,b29,8,247,"46,991,2266,4177,4815,7001,8888",300,247,196,93,0.7436666666666667,0.911,0.8233333333333334,0.5133333333333333,,,,0.3765182186234818,False
SIFT-100K,b29,8,248,"3732,4177,4815,7001,8888",300,247,180,69,0.7436666666666667,0.8886666666666667,0.8233333333333334,0.5933333333333334,,,,0.2793522267206478,False
SIFT-100K,b29,8,249,"46,3732,4177,4815,7001,8888",300,247,192,83,0.7436666666666667,0.9023333333333332,0.8233333333333334,0.5466666666666666,,,,0.3360323886639676,False
SIFT-100K,b29,8,250,"991,3732,4177,4815,7001,8888",300,247,184,75,0.7436666666666667,0.8963333333333333,0.8233333333333334,0.5733333333333334,,,,0.3036437246963562,False
SIFT-100K,b29,8,251,"46,991,3732,4177,4815,7001,8888",300,247,195,89,0.7436666666666667,0.9093333333333332,0.8233333333333334,0.5266666666666666,,,,0.3603238866396761,False
SIFT-100K,b29,8,252,"2266,3732,4177,4815,7001,8888",300,247,188,76,0.7436666666666667,0.8966666666666667,0.8233333333333334,0.57,,,,0.3076923076923077,False
SIFT-100K,b29,8,253,"46,2266,3732,4177,4815,7001,8888",300,247,198,91,0.7436666666666667,0.9096666666666666,0.8233333333333334,0.52,,,,0.3684210526315789,False
SIFT-100K,b29,8,254,"991,2266,3732,4177,4815,7001,8888",300,247,191,82,0.7436666666666667,0.9033333333333332,0.8233333333333334,0.55,,,,0.3319838056680162,False
SIFT-100K,b29,8,255,"46,991,2266,3732,4177,4815,7001,8888",300,247,200,97,0.7436666666666667,0.9156666666666666,0.8233333333333334,0.5,,,,0.3927125506072874,False
SIFT-100K,b29,16,0,EMPTY,300,204,0,0,0.836,0.836,0.68,0.68,35.0,35.0,32.641666666666666,0.0,True
SIFT-100K,b29,16,1,46,300,204,64,17,0.836,0.8696666666666667,0.68,0.6233333333333333,,,,0.0833333333333333,False
SIFT-100K,b29,16,2,991,300,204,62,15,0.836,0.8699999999999999,0.68,0.63,,,,0.0735294117647058,False
SIFT-100K,b29,16,3,"46,991",300,204,101,29,0.836,0.8933333333333333,0.68,0.5833333333333334,,,,0.142156862745098,False
SIFT-100K,b29,16,4,2266,300,204,54,12,0.836,0.8616666666666667,0.68,0.64,,,,0.0588235294117647,False
SIFT-100K,b29,16,5,"46,2266",300,204,92,27,0.836,0.8863333333333333,0.68,0.59,,,,0.1323529411764706,False
SIFT-100K,b29,16,6,"991,2266",300,204,92,26,0.836,0.8863333333333333,0.68,0.5933333333333334,,,,0.1274509803921568,False
SIFT-100K,b29,16,7,"46,991,2266",300,204,118,39,0.836,0.9036666666666668,0.68,0.55,,,,0.1911764705882352,False
SIFT-100K,b29,16,8,3732,300,204,50,14,0.836,0.8619999999999999,0.68,0.6333333333333333,,,,0.0686274509803921,False
SIFT-100K,b29,16,9,"46,3732",300,204,86,27,0.836,0.8853333333333333,0.68,0.59,,,,0.1323529411764706,False
SIFT-100K,b29,16,10,"991,3732",300,204,90,29,0.836,0.8880000000000001,0.68,0.5833333333333334,,,,0.142156862745098,False
SIFT-100K,b29,16,11,"46,991,3732",300,204,115,38,0.836,0.905,0.68,0.5533333333333333,,,,0.1862745098039215,False
SIFT-100K,b29,16,12,"2266,3732",300,204,79,26,0.836,0.8793333333333333,0.68,0.5933333333333334,,,,0.1274509803921568,False
SIFT-100K,b29,16,13,"46,2266,3732",300,204,104,37,0.836,0.897,0.68,0.5566666666666666,,,,0.1813725490196078,False
SIFT-100K,b29,16,14,"991,2266,3732",300,204,111,39,0.836,0.9003333333333334,0.68,0.55,,,,0.1911764705882352,False
SIFT-100K,b29,16,15,"46,991,2266,3732",300,204,128,48,0.836,0.9133333333333332,0.68,0.52,,,,0.2352941176470588,False
SIFT-100K,b29,16,16,4177,300,204,50,16,0.836,0.8630000000000001,0.68,0.6266666666666667,,,,0.0784313725490196,False
SIFT-100K,b29,16,17,"46,4177",300,204,90,29,0.836,0.8873333333333333,0.68,0.5833333333333334,,,,0.142156862745098,False
SIFT-100K,b29,16,18,"991,4177",300,204,83,28,0.836,0.883,0.68,0.5866666666666667,,,,0.1372549019607843,False
SIFT-100K,b29,16,19,"46,991,4177",300,204,112,39,0.836,0.901,0.68,0.55,,,,0.1911764705882352,False
SIFT-100K,b29,16,20,"2266,4177",300,204,82,25,0.836,0.8800000000000001,0.68,0.5966666666666667,,,,0.1225490196078431,False
SIFT-100K,b29,16,21,"46,2266,4177",300,204,108,38,0.836,0.8983333333333332,0.68,0.5533333333333333,,,,0.1862745098039215,False
SIFT-100K,b29,16,22,"991,2266,4177",300,204,106,38,0.836,0.8966666666666667,0.68,0.5533333333333333,,,,0.1862745098039215,False
SIFT-100K,b29,16,23,"46,991,2266,4177",300,204,126,49,0.836,0.9106666666666668,0.68,0.5166666666666667,,,,0.2401960784313725,False
SIFT-100K,b29,16,24,"3732,4177",300,204,76,24,0.836,0.8776666666666667,0.68,0.6,,,,0.1176470588235294,False
SIFT-100K,b29,16,25,"46,3732,4177",300,204,105,36,0.836,0.898,0.68,0.56,,,,0.1764705882352941,False
SIFT-100K,b29,16,26,"991,3732,4177",300,204,100,36,0.836,0.8946666666666667,0.68,0.56,,,,0.1764705882352941,False
SIFT-100K,b29,16,27,"46,991,3732,4177",300,204,123,45,0.836,0.9103333333333332,0.68,0.53,,,,0.2205882352941176,False
SIFT-100K,b29,16,28,"2266,3732,4177",300,204,98,35,0.836,0.892,0.68,0.5633333333333334,,,,0.1715686274509804,False
SIFT-100K,b29,16,29,"46,2266,3732,4177",300,204,118,45,0.836,0.9066666666666666,0.68,0.53,,,,0.2205882352941176,False
SIFT-100K,b29,16,30,"991,2266,3732,4177",300,204,119,46,0.836,0.9066666666666666,0.68,0.5266666666666666,,,,0.2254901960784313,False
SIFT-100K,b29,16,31,"46,991,2266,3732,4177",300,204,134,55,0.836,0.9183333333333332,0.68,0.4966666666666666,,,,0.2696078431372549,False
SIFT-100K,b29,16,32,4815,300,204,64,20,0.836,0.8703333333333333,0.68,0.6133333333333333,,,,0.0980392156862745,False
SIFT-100K,b29,16,33,"46,4815",300,204,89,32,0.836,0.8866666666666667,0.68,0.5733333333333334,,,,0.1568627450980392,False
SIFT-100K,b29,16,34,"991,4815",300,204,99,31,0.836,0.8893333333333333,0.68,0.5766666666666667,,,,0.1519607843137254,False
SIFT-100K,b29,16,35,"46,991,4815",300,204,118,42,0.836,0.9033333333333332,0.68,0.54,,,,0.2058823529411764,False
SIFT-100K,b29,16,36,"2266,4815",300,204,94,28,0.836,0.8843333333333334,0.68,0.5866666666666667,,,,0.1372549019607843,False
SIFT-100K,b29,16,37,"46,2266,4815",300,204,112,41,0.836,0.8986666666666666,0.68,0.5433333333333333,,,,0.2009803921568627,False
SIFT-100K,b29,16,38,"991,2266,4815",300,204,119,40,0.836,0.9006666666666666,0.68,0.5466666666666666,,,,0.196078431372549,False
SIFT-100K,b29,16,39,"46,991,2266,4815",300,204,132,52,0.836,0.9126666666666668,0.68,0.5066666666666667,,,,0.2549019607843137,False
SIFT-100K,b29,16,40,"3732,4815",300,204,93,32,0.836,0.8893333333333333,0.68,0.5733333333333334,,,,0.1568627450980392,False
SIFT-100K,b29,16,41,"46,3732,4815",300,204,108,40,0.836,0.8996666666666666,0.68,0.5466666666666666,,,,0.196078431372549,False
SIFT-100K,b29,16,42,"991,3732,4815",300,204,121,44,0.836,0.9056666666666666,0.68,0.5333333333333333,,,,0.2156862745098039,False
SIFT-100K,b29,16,43,"46,991,3732,4815",300,204,131,51,0.836,0.9146666666666666,0.68,0.51,,,,0.25,False
SIFT-100K,b29,16,44,"2266,3732,4815",300,204,112,41,0.836,0.899,0.68,0.5433333333333333,,,,0.2009803921568627,False
SIFT-100K,b29,16,45,"46,2266,3732,4815",300,204,123,50,0.836,0.9086666666666666,0.68,0.5133333333333333,,,,0.2450980392156862,False
SIFT-100K,b29,16,46,"991,2266,3732,4815",300,204,134,53,0.836,0.9136666666666666,0.68,0.5033333333333333,,,,0.2598039215686274,False
SIFT-100K,b29,16,47,"46,991,2266,3732,4815",300,204,141,61,0.836,0.922,0.68,0.4766666666666667,,,,0.2990196078431372,False
SIFT-100K,b29,16,48,"4177,4815",300,204,91,30,0.836,0.8866666666666667,0.68,0.58,,,,0.1470588235294117,False
SIFT-100K,b29,16,49,"46,4177,4815",300,204,109,41,0.836,0.899,0.68,0.5433333333333333,,,,0.2009803921568627,False
SIFT-100K,b29,16,50,"991,4177,4815",300,204,112,42,0.836,0.8996666666666666,0.68,0.54,,,,0.2058823529411764,False
SIFT-100K,b29,16,51,"46,991,4177,4815",300,204,127,51,0.836,0.9103333333333332,0.68,0.51,,,,0.25,False
SIFT-100K,b29,16,52,"2266,4177,4815",300,204,111,39,0.836,0.8976666666666666,0.68,0.55,,,,0.1911764705882352,False
SIFT-100K,b29,16,53,"46,2266,4177,4815",300,204,125,51,0.836,0.9093333333333332,0.68,0.51,,,,0.25,False
SIFT-100K,b29,16,54,"991,2266,4177,4815",300,204,128,52,0.836,0.9093333333333332,0.68,0.5066666666666667,,,,0.2549019607843137,False
SIFT-100K,b29,16,55,"46,991,2266,4177,4815",300,204,139,62,0.836,0.9193333333333332,0.68,0.4733333333333333,,,,0.3039215686274509,False
SIFT-100K,b29,16,56,"3732,4177,4815",300,204,110,40,0.836,0.8993333333333334,0.68,0.5466666666666666,,,,0.196078431372549,False
SIFT-100K,b29,16,57,"46,3732,4177,4815",300,204,123,48,0.836,0.9093333333333332,0.68,0.52,,,,0.2352941176470588,False
SIFT-100K,b29,16,58,"991,3732,4177,4815",300,204,127,50,0.836,0.9106666666666668,0.68,0.5133333333333333,,,,0.2450980392156862,False
SIFT-100K,b29,16,59,"46,991,3732,4177,4815",300,204,137,57,0.836,0.9193333333333332,0.68,0.49,,,,0.2794117647058823,False
SIFT-100K,b29,16,60,"2266,3732,4177,4815",300,204,124,49,0.836,0.908,0.68,0.5166666666666667,,,,0.2401960784313725,False
SIFT-100K,b29,16,61,"46,2266,3732,4177,4815",300,204,134,58,0.836,0.9173333333333332,0.68,0.4866666666666667,,,,0.284313725490196,False
SIFT-100K,b29,16,62,"991,2266,3732,4177,4815",300,204,139,60,0.836,0.9186666666666669,0.68,0.48,,,,0.2941176470588235,False
SIFT-100K,b29,16,63,"46,991,2266,3732,4177,4815",300,204,146,68,0.836,0.9266666666666667,0.68,0.4533333333333333,,,,0.3333333333333333,False
SIFT-100K,b29,16,64,7001,300,204,58,17,0.836,0.869,0.68,0.6233333333333333,,,,0.0833333333333333,False
SIFT-100K,b29,16,65,"46,7001",300,204,94,33,0.836,0.8923333333333334,0.68,0.57,,,,0.1617647058823529,False
SIFT-100K,b29,16,66,"991,7001",300,204,92,30,0.836,0.889,0.68,0.58,,,,0.1470588235294117,False
SIFT-100K,b29,16,67,"46,991,7001",300,204,119,45,0.836,0.9066666666666666,0.68,0.53,,,,0.2205882352941176,False
SIFT-100K,b29,16,68,"2266,7001",300,204,86,26,0.836,0.8833333333333334,0.68,0.5933333333333334,,,,0.1274509803921568,False
SIFT-100K,b29,16,69,"46,2266,7001",300,204,114,43,0.836,0.9036666666666668,0.68,0.5366666666666666,,,,0.2107843137254902,False
SIFT-100K,b29,16,70,"991,2266,7001",300,204,110,39,0.836,0.8993333333333334,0.68,0.55,,,,0.1911764705882352,False
SIFT-100K,b29,16,71,"46,991,2266,7001",300,204,131,54,0.836,0.9153333333333334,0.68,0.5,,,,0.2647058823529412,False
SIFT-100K,b29,16,72,"3732,7001",300,204,79,29,0.836,0.883,0.68,0.5833333333333334,,,,0.142156862745098,False
SIFT-100K,b29,16,73,"46,3732,7001",300,204,105,41,0.836,0.9006666666666666,0.68,0.5433333333333333,,,,0.2009803921568627,False
SIFT-100K,b29,16,74,"991,3732,7001",300,204,105,42,0.836,0.8993333333333334,0.68,0.54,,,,0.2058823529411764,False
SIFT-100K,b29,16,75,"46,991,3732,7001",300,204,125,52,0.836,0.913,0.68,0.5066666666666667,,,,0.2549019607843137,False
SIFT-100K,b29,16,76,"2266,3732,7001",300,204,98,37,0.836,0.8939999999999999,0.68,0.5566666666666666,,,,0.1813725490196078,False
SIFT-100K,b29,16,77,"46,2266,3732,7001",300,204,120,50,0.836,0.9093333333333332,0.68,0.5133333333333333,,,,0.2450980392156862,False
SIFT-100K,b29,16,78,"991,2266,3732,7001",300,204,119,49,0.836,0.908,0.68,0.5166666666666667,,,,0.2401960784313725,False
SIFT-100K,b29,16,79,"46,991,2266,3732,7001",300,204,135,60,0.836,0.9203333333333332,0.68,0.48,,,,0.2941176470588235,False
SIFT-100K,b29,16,80,"4177,7001",300,204,81,29,0.836,0.8836666666666666,0.68,0.5833333333333334,,,,0.142156862745098,False
SIFT-100K,b29,16,81,"46,4177,7001",300,204,110,43,0.836,0.903,0.68,0.5366666666666666,,,,0.2107843137254902,False
SIFT-100K,b29,16,82,"991,4177,7001",300,204,103,41,0.836,0.8976666666666666,0.68,0.5433333333333333,,,,0.2009803921568627,False
SIFT-100K,b29,16,83,"46,991,4177,7001",300,204,125,53,0.836,0.912,0.68,0.5033333333333333,,,,0.2598039215686274,False
SIFT-100K,b29,16,84,"2266,4177,7001",300,204,101,37,0.836,0.8956666666666667,0.68,0.5566666666666666,,,,0.1813725490196078,False
SIFT-100K,b29,16,85,"46,2266,4177,7001",300,204,123,52,0.836,0.9123333333333332,0.68,0.5066666666666667,,,,0.2549019607843137,False
SIFT-100K,b29,16,86,"991,2266,4177,7001",300,204,118,50,0.836,0.9073333333333334,0.68,0.5133333333333333,,,,0.2450980392156862,False
SIFT-100K,b29,16,87,"46,991,2266,4177,7001",300,204,135,63,0.836,0.9203333333333332,0.68,0.47,,,,0.3088235294117647,False
SIFT-100K,b29,16,88,"3732,4177,7001",300,204,96,37,0.836,0.8936666666666667,0.68,0.5566666666666666,,,,0.1813725490196078,False
SIFT-100K,b29,16,89,"46,3732,4177,7001",300,204,118,49,0.836,0.9093333333333332,0.68,0.5166666666666667,,,,0.2401960784313725,False
SIFT-100K,b29,16,90,"991,3732,4177,7001",300,204,112,48,0.836,0.9046666666666668,0.68,0.52,,,,0.2352941176470588,False
SIFT-100K,b29,16,91,"46,991,3732,4177,7001",300,204,130,58,0.836,0.917,0.68,0.4866666666666667,,,,0.284313725490196,False
SIFT-100K,b29,16,92,"2266,3732,4177,7001",300,204,111,45,0.836,0.9036666666666668,0.68,0.53,,,,0.2205882352941176,False
SIFT-100K,b29,16,93,"46,2266,3732,4177,7001",300,204,129,57,0.836,0.917,0.68,0.49,,,,0.2794117647058823,False
SIFT-100K,b29,16,94,"991,2266,3732,4177,7001",300,204,125,56,0.836,0.9133333333333332,0.68,0.4933333333333333,,,,0.2745098039215686,False
SIFT-100K,b29,16,95,"46,991,2266,3732,4177,7001",300,204,139,67,0.836,0.9243333333333336,0.68,0.4566666666666666,,,,0.3284313725490196,False
SIFT-100K,b29,16,96,"4815,7001",300,204,92,35,0.836,0.8893333333333333,0.68,0.5633333333333334,,,,0.1715686274509804,False
SIFT-100K,b29,16,97,"46,4815,7001",300,204,110,47,0.836,0.903,0.68,0.5233333333333333,,,,0.230392156862745,False
SIFT-100K,b29,16,98,"991,4815,7001",300,204,116,45,0.836,0.903,0.68,0.53,,,,0.2205882352941176,False
SIFT-100K,b29,16,99,"46,991,4815,7001",300,204,131,57,0.836,0.9153333333333334,0.68,0.49,,,,0.2794117647058823,False
SIFT-100K,b29,16,100,"2266,4815,7001",300,204,114,42,0.836,0.9,0.68,0.54,,,,0.2058823529411764,False
SIFT-100K,b29,16,101,"46,2266,4815,7001",300,204,128,56,0.836,0.913,0.68,0.4933333333333333,,,,0.2745098039215686,False
SIFT-100K,b29,16,102,"991,2266,4815,7001",300,204,131,53,0.836,0.9116666666666668,0.68,0.5033333333333333,,,,0.2598039215686274,False
SIFT-100K,b29,16,103,"46,991,2266,4815,7001",300,204,142,66,0.836,0.9233333333333332,0.68,0.46,,,,0.3235294117647059,False
SIFT-100K,b29,16,104,"3732,4815,7001",300,204,107,46,0.836,0.9006666666666666,0.68,0.5266666666666666,,,,0.2254901960784313,False
SIFT-100K,b29,16,105,"46,3732,4815,7001",300,204,120,54,0.836,0.9106666666666668,0.68,0.5,,,,0.2647058823529412,False
SIFT-100K,b29,16,106,"991,3732,4815,7001",300,204,127,56,0.836,0.9126666666666668,0.68,0.4933333333333333,,,,0.2745098039215686,False
SIFT-100K,b29,16,107,"46,991,3732,4815,7001",300,204,137,64,0.836,0.9216666666666666,0.68,0.4666666666666667,,,,0.3137254901960784,False
SIFT-100K,b29,16,108,"2266,3732,4815,7001",300,204,124,53,0.836,0.9093333333333332,0.68,0.5033333333333333,,,,0.2598039215686274,False
SIFT-100K,b29,16,109,"46,2266,3732,4815,7001",300,204,134,63,0.836,0.9186666666666669,0.68,0.47,,,,0.3088235294117647,False
SIFT-100K,b29,16,110,"991,2266,3732,4815,7001",300,204,139,63,0.836,0.92,0.68,0.47,,,,0.3088235294117647,False
SIFT-100K,b29,16,111,"46,991,2266,3732,4815,7001",300,204,146,72,0.836,0.9283333333333332,0.68,0.44,,,,0.3529411764705882,False
SIFT-100K,b29,16,112,"4177,4815,7001",300,204,109,44,0.836,0.901,0.68,0.5333333333333333,,,,0.2156862745098039,False
SIFT-100K,b29,16,113,"46,4177,4815,7001",300,204,124,56,0.836,0.9126666666666668,0.68,0.4933333333333333,,,,0.2745098039215686,False
SIFT-100K,b29,16,114,"991,4177,4815,7001",300,204,124,55,0.836,0.9103333333333332,0.68,0.4966666666666666,,,,0.2696078431372549,False
SIFT-100K,b29,16,115,"46,991,4177,4815,7001",300,204,137,65,0.836,0.9206666666666669,0.68,0.4633333333333333,,,,0.3186274509803921,False
SIFT-100K,b29,16,116,"2266,4177,4815,7001",300,204,125,52,0.836,0.9103333333333332,0.68,0.5066666666666667,,,,0.2549019607843137,False
SIFT-100K,b29,16,117,"46,2266,4177,4815,7001",300,204,136,65,0.836,0.9213333333333332,0.68,0.4633333333333333,,,,0.3186274509803921,False
SIFT-100K,b29,16,118,"991,2266,4177,4815,7001",300,204,137,64,0.836,0.9186666666666669,0.68,0.4666666666666667,,,,0.3137254901960784,False
SIFT-100K,b29,16,119,"46,991,2266,4177,4815,7001",300,204,146,75,0.836,0.9283333333333332,0.68,0.43,,,,0.3676470588235294,False
SIFT-100K,b29,16,120,"3732,4177,4815,7001",300,204,120,53,0.836,0.9093333333333332,0.68,0.5033333333333333,,,,0.2598039215686274,False
SIFT-100K,b29,16,121,"46,3732,4177,4815,7001",300,204,132,62,0.836,0.919,0.68,0.4733333333333333,,,,0.3039215686274509,False
SIFT-100K,b29,16,122,"991,3732,4177,4815,7001",300,204,132,62,0.836,0.917,0.68,0.4733333333333333,,,,0.3039215686274509,False
SIFT-100K,b29,16,123,"46,991,3732,4177,4815,7001",300,204,142,70,0.836,0.9256666666666666,0.68,0.4466666666666666,,,,0.3431372549019608,False
SIFT-100K,b29,16,124,"2266,3732,4177,4815,7001",300,204,133,60,0.836,0.917,0.68,0.48,,,,0.2941176470588235,False
SIFT-100K,b29,16,125,"46,2266,3732,4177,4815,7001",300,204,142,70,0.836,0.926,0.68,0.4466666666666666,,,,0.3431372549019608,False
SIFT-100K,b29,16,126,"991,2266,3732,4177,4815,7001",300,204,143,70,0.836,0.9243333333333336,0.68,0.4466666666666666,,,,0.3431372549019608,False
SIFT-100K,b29,16,127,"46,991,2266,3732,4177,4815,7001",300,204,150,79,0.836,0.9323333333333336,0.68,0.4166666666666667,,,,0.3872549019607843,False
SIFT-100K,b29,16,128,8888,300,204,63,17,0.836,0.8696666666666667,0.68,0.6233333333333333,,,,0.0833333333333333,False
SIFT-100K,b29,16,129,"46,8888",300,204,99,31,0.836,0.8949999999999999,0.68,0.5766666666666667,,,,0.1519607843137254,False
SIFT-100K,b29,16,130,"991,8888",300,204,91,28,0.836,0.8886666666666667,0.68,0.5866666666666667,,,,0.1372549019607843,False
SIFT-100K,b29,16,131,"46,991,8888",300,204,118,41,0.836,0.909,0.68,0.5433333333333333,,,,0.2009803921568627,False
SIFT-100K,b29,16,132,"2266,8888",300,204,91,26,0.836,0.8859999999999999,0.68,0.5933333333333334,,,,0.1274509803921568,False
SIFT-100K,b29,16,133,"46,2266,8888",300,204,114,40,0.836,0.9056666666666666,0.68,0.5466666666666666,,,,0.196078431372549,False
SIFT-100K,b29,16,134,"991,2266,8888",300,204,111,37,0.836,0.901,0.68,0.5566666666666666,,,,0.1813725490196078,False
SIFT-100K,b29,16,135,"46,991,2266,8888",300,204,128,49,0.836,0.9163333333333334,0.68,0.5166666666666667,,,,0.2401960784313725,False
SIFT-100K,b29,16,136,"3732,8888",300,204,85,29,0.836,0.8846666666666666,0.68,0.5833333333333334,,,,0.142156862745098,False
SIFT-100K,b29,16,137,"46,3732,8888",300,204,109,38,0.836,0.903,0.68,0.5533333333333333,,,,0.1862745098039215,False
SIFT-100K,b29,16,138,"991,3732,8888",300,204,106,40,0.836,0.9,0.68,0.5466666666666666,,,,0.196078431372549,False
SIFT-100K,b29,16,139,"46,991,3732,8888",300,204,125,48,0.836,0.916,0.68,0.52,,,,0.2352941176470588,False
SIFT-100K,b29,16,140,"2266,3732,8888",300,204,104,38,0.836,0.8973333333333333,0.68,0.5533333333333333,,,,0.1862745098039215,False
SIFT-100K,b29,16,141,"46,2266,3732,8888",300,204,120,47,0.836,0.9113333333333332,0.68,0.5233333333333333,,,,0.230392156862745,False
SIFT-100K,b29,16,142,"991,2266,3732,8888",300,204,121,48,0.836,0.9096666666666666,0.68,0.52,,,,0.2352941176470588,False
SIFT-100K,b29,16,143,"46,991,2266,3732,8888",300,204,133,56,0.836,0.9216666666666666,0.68,0.4933333333333333,,,,0.2745098039215686,False
SIFT-100K,b29,16,144,"4177,8888",300,204,90,29,0.836,0.8880000000000001,0.68,0.5833333333333334,,,,0.142156862745098,False
SIFT-100K,b29,16,145,"46,4177,8888",300,204,115,41,0.836,0.908,0.68,0.5433333333333333,,,,0.2009803921568627,False
SIFT-100K,b29,16,146,"991,4177,8888",300,204,106,40,0.836,0.899,0.68,0.5466666666666666,,,,0.196078431372549,False
SIFT-100K,b29,16,147,"46,991,4177,8888",300,204,127,51,0.836,0.916,0.68,0.51,,,,0.25,False
SIFT-100K,b29,16,148,"2266,4177,8888",300,204,109,37,0.836,0.9,0.68,0.5566666666666666,,,,0.1813725490196078,False
SIFT-100K,b29,16,149,"46,2266,4177,8888",300,204,125,49,0.836,0.9156666666666666,0.68,0.5166666666666667,,,,0.2401960784313725,False
SIFT-100K,b29,16,150,"991,2266,4177,8888",300,204,122,48,0.836,0.91,0.68,0.52,,,,0.2352941176470588,False
SIFT-100K,b29,16,151,"46,991,2266,4177,8888",300,204,135,59,0.836,0.923,0.68,0.4833333333333333,,,,0.2892156862745098,False
SIFT-100K,b29,16,152,"3732,4177,8888",300,204,103,37,0.836,0.8973333333333333,0.68,0.5566666666666666,,,,0.1813725490196078,False
SIFT-100K,b29,16,153,"46,3732,4177,8888",300,204,122,46,0.836,0.9136666666666666,0.68,0.5266666666666666,,,,0.2254901960784313,False
SIFT-100K,b29,16,154,"991,3732,4177,8888",300,204,115,47,0.836,0.9063333333333332,0.68,0.5233333333333333,,,,0.230392156862745,False
SIFT-100K,b29,16,155,"46,991,3732,4177,8888",300,204,132,55,0.836,0.921,0.68,0.4966666666666666,,,,0.2696078431372549,False
SIFT-100K,b29,16,156,"2266,3732,4177,8888",300,204,117,46,0.836,0.9073333333333334,0.68,0.5266666666666666,,,,0.2254901960784313,False
SIFT-100K,b29,16,157,"46,2266,3732,4177,8888",300,204,129,54,0.836,0.9193333333333332,0.68,0.5,,,,0.2647058823529412,False
SIFT-100K,b29,16,158,"991,2266,3732,4177,8888",300,204,128,55,0.836,0.9156666666666666,0.68,0.4966666666666666,,,,0.2696078431372549,False
SIFT-100K,b29,16,159,"46,991,2266,3732,4177,8888",300,204,138,63,0.836,0.9263333333333332,0.68,0.47,,,,0.3088235294117647,False
SIFT-100K,b29,16,160,"4815,8888",300,204,98,33,0.836,0.8926666666666666,0.68,0.57,,,,0.1617647058823529,False
SIFT-100K,b29,16,161,"46,4815,8888",300,204,114,44,0.836,0.9056666666666666,0.68,0.5333333333333333,,,,0.2156862745098039,False
SIFT-100K,b29,16,162,"991,4815,8888",300,204,117,42,0.836,0.905,0.68,0.54,,,,0.2058823529411764,False
SIFT-100K,b29,16,163,"46,991,4815,8888",300,204,131,53,0.836,0.917,0.68,0.5033333333333333,,,,0.2598039215686274,False
SIFT-100K,b29,16,164,"2266,4815,8888",300,204,117,40,0.836,0.9023333333333332,0.68,0.5466666666666666,,,,0.196078431372549,False
SIFT-100K,b29,16,165,"46,2266,4815,8888",300,204,128,53,0.836,0.914,0.68,0.5033333333333333,,,,0.2598039215686274,False
SIFT-100K,b29,16,166,"991,2266,4815,8888",300,204,131,49,0.836,0.913,0.68,0.5166666666666667,,,,0.2401960784313725,False
SIFT-100K,b29,16,167,"46,991,2266,4815,8888",300,204,140,61,0.836,0.9236666666666666,0.68,0.4766666666666667,,,,0.2990196078431372,False
SIFT-100K,b29,16,168,"3732,4815,8888",300,204,115,45,0.836,0.905,0.68,0.53,,,,0.2205882352941176,False
SIFT-100K,b29,16,169,"46,3732,4815,8888",300,204,124,51,0.836,0.9136666666666666,0.68,0.51,,,,0.25,False
SIFT-100K,b29,16,170,"991,3732,4815,8888",300,204,130,53,0.836,0.9153333333333334,0.68,0.5033333333333333,,,,0.2598039215686274,False
SIFT-100K,b29,16,171,"46,991,3732,4815,8888",300,204,138,60,0.836,0.924,0.68,0.48,,,,0.2941176470588235,False
SIFT-100K,b29,16,172,"2266,3732,4815,8888",300,204,128,52,0.836,0.9116666666666668,0.68,0.5066666666666667,,,,0.2549019607843137,False
SIFT-100K,b29,16,173,"46,2266,3732,4815,8888",300,204,134,60,0.836,0.9196666666666669,0.68,0.48,,,,0.2941176470588235,False
SIFT-100K,b29,16,174,"991,2266,3732,4815,8888",300,204,140,60,0.836,0.921,0.68,0.48,,,,0.2941176470588235,False
SIFT-100K,b29,16,175,"46,991,2266,3732,4815,8888",300,204,145,68,0.836,0.929,0.68,0.4533333333333333,,,,0.3333333333333333,False
SIFT-100K,b29,16,176,"4177,4815,8888",300,204,115,42,0.836,0.9053333333333332,0.68,0.54,,,,0.2058823529411764,False
SIFT-100K,b29,16,177,"46,4177,4815,8888",300,204,127,53,0.836,0.916,0.68,0.5033333333333333,,,,0.2598039215686274,False
SIFT-100K,b29,16,178,"991,4177,4815,8888",300,204,126,52,0.836,0.913,0.68,0.5066666666666667,,,,0.2549019607843137,False
SIFT-100K,b29,16,179,"46,991,4177,4815,8888",300,204,138,62,0.836,0.9233333333333332,0.68,0.4733333333333333,,,,0.3039215686274509,False
SIFT-100K,b29,16,180,"2266,4177,4815,8888",300,204,129,50,0.836,0.9133333333333332,0.68,0.5133333333333333,,,,0.2450980392156862,False
SIFT-100K,b29,16,181,"46,2266,4177,4815,8888",300,204,137,62,0.836,0.9233333333333332,0.68,0.4733333333333333,,,,0.3039215686274509,False
SIFT-100K,b29,16,182,"991,2266,4177,4815,8888",300,204,138,60,0.836,0.9203333333333332,0.68,0.48,,,,0.2941176470588235,False
SIFT-100K,b29,16,183,"46,991,2266,4177,4815,8888",300,204,146,71,0.836,0.93,0.68,0.4433333333333333,,,,0.3480392156862745,False
SIFT-100K,b29,16,184,"3732,4177,4815,8888",300,204,126,51,0.836,0.9133333333333332,0.68,0.51,,,,0.25,False
SIFT-100K,b29,16,185,"46,3732,4177,4815,8888",300,204,134,58,0.836,0.9216666666666666,0.68,0.4866666666666667,,,,0.284313725490196,False
SIFT-100K,b29,16,186,"991,3732,4177,4815,8888",300,204,135,59,0.836,0.92,0.68,0.4833333333333333,,,,0.2892156862745098,False
SIFT-100K,b29,16,187,"46,991,3732,4177,4815,8888",300,204,143,66,0.836,0.9283333333333332,0.68,0.46,,,,0.3235294117647059,False
SIFT-100K,b29,16,188,"2266,3732,4177,4815,8888",300,204,136,59,0.836,0.9193333333333332,0.68,0.4833333333333333,,,,0.2892156862745098,False
SIFT-100K,b29,16,189,"46,2266,3732,4177,4815,8888",300,204,141,67,0.836,0.927,0.68,0.4566666666666666,,,,0.3284313725490196,False
SIFT-100K,b29,16,190,"991,2266,3732,4177,4815,8888",300,204,144,67,0.836,0.9256666666666666,0.68,0.4566666666666666,,,,0.3284313725490196,False
SIFT-100K,b29,16,191,"46,991,2266,3732,4177,4815,8888",300,204,149,75,0.836,0.9333333333333332,0.68,0.43,,,,0.3676470588235294,False
SIFT-100K,b29,16,192,"7001,8888",300,204,90,31,0.836,0.8880000000000001,0.68,0.5766666666666667,,,,0.1519607843137254,False
SIFT-100K,b29,16,193,"46,7001,8888",300,204,116,44,0.836,0.907,0.68,0.5333333333333333,,,,0.2156862745098039,False
SIFT-100K,b29,16,194,"991,7001,8888",300,204,109,40,0.836,0.901,0.68,0.5466666666666666,,,,0.196078431372549,False
SIFT-100K,b29,16,195,"46,991,7001,8888",300,204,130,52,0.836,0.9166666666666666,0.68,0.5066666666666667,,,,0.2549019607843137,False
SIFT-100K,b29,16,196,"2266,7001,8888",300,204,106,39,0.836,0.8966666666666667,0.68,0.55,,,,0.1911764705882352,False
SIFT-100K,b29,16,197,"46,2266,7001,8888",300,204,126,53,0.836,0.914,0.68,0.5033333333333333,,,,0.2598039215686274,False
SIFT-100K,b29,16,198,"991,2266,7001,8888",300,204,121,48,0.836,0.9083333333333334,0.68,0.52,,,,0.2352941176470588,False
SIFT-100K,b29,16,199,"46,991,2266,7001,8888",300,204,136,60,0.836,0.9223333333333332,0.68,0.48,,,,0.2941176470588235,False
SIFT-100K,b29,16,200,"3732,7001,8888",300,204,101,43,0.836,0.898,0.68,0.5366666666666666,,,,0.2107843137254902,False
SIFT-100K,b29,16,201,"46,3732,7001,8888",300,204,121,51,0.836,0.9126666666666668,0.68,0.51,,,,0.25,False
SIFT-100K,b29,16,202,"991,3732,7001,8888",300,204,117,50,0.836,0.909,0.68,0.5133333333333333,,,,0.2450980392156862,False
SIFT-100K,b29,16,203,"46,991,3732,7001,8888",300,204,133,58,0.836,0.9216666666666666,0.68,0.4866666666666667,,,,0.284313725490196,False
SIFT-100K,b29,16,204,"2266,3732,7001,8888",300,204,114,49,0.836,0.905,0.68,0.5166666666666667,,,,0.2401960784313725,False
SIFT-100K,b29,16,205,"46,2266,3732,7001,8888",300,204,130,59,0.836,0.9183333333333332,0.68,0.4833333333333333,,,,0.2892156862745098,False
SIFT-100K,b29,16,206,"991,2266,3732,7001,8888",300,204,127,56,0.836,0.915,0.68,0.4933333333333333,,,,0.2745098039215686,False
SIFT-100K,b29,16,207,"46,991,2266,3732,7001,8888",300,204,139,65,0.836,0.9263333333333332,0.68,0.4633333333333333,,,,0.3186274509803921,False
SIFT-100K,b29,16,208,"4177,7001,8888",300,204,105,41,0.836,0.8993333333333334,0.68,0.5433333333333333,,,,0.2009803921568627,False
SIFT-100K,b29,16,209,"46,4177,7001,8888",300,204,125,52,0.836,0.9153333333333334,0.68,0.5066666666666667,,,,0.2549019607843137,False
SIFT-100K,b29,16,210,"991,4177,7001,8888",300,204,118,50,0.836,0.9083333333333334,0.68,0.5133333333333333,,,,0.2450980392156862,False
SIFT-100K,b29,16,211,"46,991,4177,7001,8888",300,204,135,60,0.836,0.9216666666666666,0.68,0.48,,,,0.2941176470588235,False
SIFT-100K,b29,16,212,"2266,4177,7001,8888",300,204,117,49,0.836,0.907,0.68,0.5166666666666667,,,,0.2401960784313725,False
SIFT-100K,b29,16,213,"46,2266,4177,7001,8888",300,204,132,61,0.836,0.9216666666666666,0.68,0.4766666666666667,,,,0.2990196078431372,False
SIFT-100K,b29,16,214,"991,2266,4177,7001,8888",300,204,128,58,0.836,0.9153333333333334,0.68,0.4866666666666667,,,,0.284313725490196,False
SIFT-100K,b29,16,215,"46,991,2266,4177,7001,8888",300,204,140,69,0.836,0.9273333333333332,0.68,0.45,,,,0.3382352941176471,False
SIFT-100K,b29,16,216,"3732,4177,7001,8888",300,204,114,49,0.836,0.9073333333333334,0.68,0.5166666666666667,,,,0.2401960784313725,False
SIFT-100K,b29,16,217,"46,3732,4177,7001,8888",300,204,130,57,0.836,0.92,0.68,0.49,,,,0.2794117647058823,False
SIFT-100K,b29,16,218,"991,3732,4177,7001,8888",300,204,124,56,0.836,0.9143333333333332,0.68,0.4933333333333333,,,,0.2745098039215686,False
SIFT-100K,b29,16,219,"46,991,3732,4177,7001,8888",300,204,138,64,0.836,0.9256666666666666,0.68,0.4666666666666667,,,,0.3137254901960784,False
SIFT-100K,b29,16,220,"2266,3732,4177,7001,8888",300,204,124,56,0.836,0.9136666666666666,0.68,0.4933333333333333,,,,0.2745098039215686,False
SIFT-100K,b29,16,221,"46,2266,3732,4177,7001,8888",300,204,136,65,0.836,0.925,0.68,0.4633333333333333,,,,0.3186274509803921,False
SIFT-100K,b29,16,222,"991,2266,3732,4177,7001,8888",300,204,133,63,0.836,0.9203333333333332,0.68,0.47,,,,0.3088235294117647,False
SIFT-100K,b29,16,223,"46,991,2266,3732,4177,7001,8888",300,204,143,72,0.836,0.9303333333333332,0.68,0.44,,,,0.3529411764705882,False
SIFT-100K,b29,16,224,"4815,7001,8888",300,204,115,47,0.836,0.9036666666666668,0.68,0.5233333333333333,,,,0.230392156862745,False
SIFT-100K,b29,16,225,"46,4815,7001,8888",300,204,128,57,0.836,0.915,0.68,0.49,,,,0.2794117647058823,False
SIFT-100K,b29,16,226,"991,4815,7001,8888",300,204,128,54,0.836,0.9126666666666668,0.68,0.5,,,,0.2647058823529412,False
SIFT-100K,b29,16,227,"46,991,4815,7001,8888",300,204,140,64,0.836,0.9236666666666666,0.68,0.4666666666666667,,,,0.3137254901960784,False
SIFT-100K,b29,16,228,"2266,4815,7001,8888",300,204,129,53,0.836,0.911,0.68,0.5033333333333333,,,,0.2598039215686274,False
SIFT-100K,b29,16,229,"46,2266,4815,7001,8888",300,204,138,65,0.836,0.9216666666666666,0.68,0.4633333333333333,,,,0.3186274509803921,False
SIFT-100K,b29,16,230,"991,2266,4815,7001,8888",300,204,138,60,0.836,0.9186666666666669,0.68,0.48,,,,0.2941176470588235,False
SIFT-100K,b29,16,231,"46,991,2266,4815,7001,8888",300,204,146,71,0.836,0.929,0.68,0.4433333333333333,,,,0.3480392156862745,False
SIFT-100K,b29,16,232,"3732,4815,7001,8888",300,204,124,58,0.836,0.912,0.68,0.4866666666666667,,,,0.284313725490196,False
SIFT-100K,b29,16,233,"46,3732,4815,7001,8888",300,204,133,64,0.836,0.9206666666666669,0.68,0.4666666666666667,,,,0.3137254901960784,False
SIFT-100K,b29,16,234,"991,3732,4815,7001,8888",300,204,135,63,0.836,0.92,0.68,0.47,,,,0.3088235294117647,False
SIFT-100K,b29,16,235,"46,991,3732,4815,7001,8888",300,204,143,70,0.836,0.9286666666666668,0.68,0.4466666666666666,,,,0.3431372549019608,False
SIFT-100K,b29,16,236,"2266,3732,4815,7001,8888",300,204,136,63,0.836,0.918,0.68,0.47,,,,0.3088235294117647,False
SIFT-100K,b29,16,237,"46,2266,3732,4815,7001,8888",300,204,142,71,0.836,0.926,0.68,0.4433333333333333,,,,0.3480392156862745,False
SIFT-100K,b29,16,238,"991,2266,3732,4815,7001,8888",300,204,144,68,0.836,0.925,0.68,0.4533333333333333,,,,0.3333333333333333,False
SIFT-100K,b29,16,239,"46,991,2266,3732,4815,7001,8888",300,204,149,76,0.836,0.933,0.68,0.4266666666666667,,,,0.3725490196078431,False
SIFT-100K,b29,16,240,"4177,4815,7001,8888",300,204,125,55,0.836,0.9126666666666668,0.68,0.4966666666666666,,,,0.2696078431372549,False
SIFT-100K,b29,16,241,"46,4177,4815,7001,8888",300,204,136,65,0.836,0.923,0.68,0.4633333333333333,,,,0.3186274509803921,False
SIFT-100K,b29,16,242,"991,4177,4815,7001,8888",300,204,134,63,0.836,0.9186666666666669,0.68,0.47,,,,0.3088235294117647,False
SIFT-100K,b29,16,243,"46,991,4177,4815,7001,8888",300,204,145,72,0.836,0.9286666666666668,0.68,0.44,,,,0.3529411764705882,False
SIFT-100K,b29,16,244,"2266,4177,4815,7001,8888",300,204,136,62,0.836,0.9193333333333332,0.68,0.4733333333333333,,,,0.3039215686274509,False
SIFT-100K,b29,16,245,"46,2266,4177,4815,7001,8888",300,204,143,73,0.836,0.929,0.68,0.4366666666666666,,,,0.3578431372549019,False
SIFT-100K,b29,16,246,"991,2266,4177,4815,7001,8888",300,204,143,70,0.836,0.9246666666666666,0.68,0.4466666666666666,,,,0.3431372549019608,False
SIFT-100K,b29,16,247,"46,991,2266,4177,4815,7001,8888",300,204,150,80,0.836,0.934,0.68,0.4133333333333333,,,,0.392156862745098,False
SIFT-100K,b29,16,248,"3732,4177,4815,7001,8888",300,204,133,63,0.836,0.9193333333333332,0.68,0.47,,,,0.3088235294117647,False
SIFT-100K,b29,16,249,"46,3732,4177,4815,7001,8888",300,204,141,70,0.836,0.9276666666666668,0.68,0.4466666666666666,,,,0.3431372549019608,False
SIFT-100K,b29,16,250,"991,3732,4177,4815,7001,8888",300,204,140,69,0.836,0.9243333333333336,0.68,0.45,,,,0.3382352941176471,False
SIFT-100K,b29,16,251,"46,991,3732,4177,4815,7001,8888",300,204,148,76,0.836,0.9326666666666666,0.68,0.4266666666666667,,,,0.3725490196078431,False
SIFT-100K,b29,16,252,"2266,3732,4177,4815,7001,8888",300,204,142,69,0.836,0.9246666666666666,0.68,0.45,,,,0.3382352941176471,False
SIFT-100K,b29,16,253,"46,2266,3732,4177,4815,7001,8888",300,204,147,77,0.836,0.9323333333333336,0.68,0.4233333333333333,,,,0.3774509803921568,False
SIFT-100K,b29,16,254,"991,2266,3732,4177,4815,7001,8888",300,204,148,75,0.836,0.9293333333333332,0.68,0.43,,,,0.3676470588235294,False
SIFT-100K,b29,16,255,"46,991,2266,3732,4177,4815,7001,8888",300,204,153,83,0.836,0.937,0.68,0.4033333333333333,,,,0.4068627450980392,False
SIFT-100K,b29,32,0,EMPTY,300,119,0,0,0.927,0.927,0.3966666666666666,0.3966666666666666,65.0,65.0,64.14166666666667,0.0,True
SIFT-100K,b29,32,1,46,300,119,25,8,0.927,0.938,0.3966666666666666,0.37,,,,0.0672268907563025,False
SIFT-100K,b29,32,2,991,300,119,20,7,0.927,0.936,0.3966666666666666,0.3733333333333333,,,,0.0588235294117647,False
SIFT-100K,b29,32,3,"46,991",300,119,39,15,0.927,0.945,0.3966666666666666,0.3466666666666667,,,,0.1260504201680672,False
SIFT-100K,b29,32,4,2266,300,119,21,6,0.927,0.9356666666666668,0.3966666666666666,0.3766666666666666,,,,0.0504201680672268,False
SIFT-100K,b29,32,5,"46,2266",300,119,39,13,0.927,0.944,0.3966666666666666,0.3533333333333333,,,,0.1092436974789916,False
SIFT-100K,b29,32,6,"991,2266",300,119,34,12,0.927,0.9416666666666668,0.3966666666666666,0.3566666666666667,,,,0.1008403361344537,False
SIFT-100K,b29,32,7,"46,991,2266",300,119,50,19,0.927,0.9493333333333334,0.3966666666666666,0.3333333333333333,,,,0.1596638655462184,False
SIFT-100K,b29,32,8,3732,300,119,16,5,0.927,0.9336666666666666,0.3966666666666666,0.38,,,,0.042016806722689,False
SIFT-100K,b29,32,9,"46,3732",300,119,34,13,0.927,0.9423333333333334,0.3966666666666666,0.3533333333333333,,,,0.1092436974789916,False
SIFT-100K,b29,32,10,"991,3732",300,119,30,12,0.927,0.9403333333333336,0.3966666666666666,0.3566666666666667,,,,0.1008403361344537,False
SIFT-100K,b29,32,11,"46,991,3732",300,119,46,19,0.927,0.948,0.3966666666666666,0.3333333333333333,,,,0.1596638655462184,False
SIFT-100K,b29,32,12,"2266,3732",300,119,29,12,0.927,0.9393333333333332,0.3966666666666666,0.3566666666666667,,,,0.1008403361344537,False
SIFT-100K,b29,32,13,"46,2266,3732",300,119,44,19,0.927,0.947,0.3966666666666666,0.3333333333333333,,,,0.1596638655462184,False
SIFT-100K,b29,32,14,"991,2266,3732",300,119,41,19,0.927,0.9453333333333334,0.3966666666666666,0.3333333333333333,,,,0.1596638655462184,False
SIFT-100K,b29,32,15,"46,991,2266,3732",300,119,55,25,0.927,0.9523333333333334,0.3966666666666666,0.3133333333333333,,,,0.2100840336134453,False
SIFT-100K,b29,32,16,4177,300,119,18,4,0.927,0.935,0.3966666666666666,0.3833333333333333,,,,0.0336134453781512,False
SIFT-100K,b29,32,17,"46,4177",300,119,38,13,0.927,0.944,0.3966666666666666,0.3533333333333333,,,,0.1092436974789916,False
SIFT-100K,b29,32,18,"991,4177",300,119,29,10,0.927,0.9403333333333336,0.3966666666666666,0.3633333333333333,,,,0.0840336134453781,False
SIFT-100K,b29,32,19,"46,991,4177",300,119,46,18,0.927,0.948,0.3966666666666666,0.3366666666666666,,,,0.1512605042016806,False
SIFT-100K,b29,32,20,"2266,4177",300,119,34,9,0.927,0.9413333333333334,0.3966666666666666,0.3666666666666666,,,,0.0756302521008403,False
SIFT-100K,b29,32,21,"46,2266,4177",300,119,50,17,0.927,0.949,0.3966666666666666,0.34,,,,0.1428571428571428,False
SIFT-100K,b29,32,22,"991,2266,4177",300,119,42,15,0.927,0.9453333333333334,0.3966666666666666,0.3466666666666667,,,,0.1260504201680672,False
SIFT-100K,b29,32,23,"46,991,2266,4177",300,119,57,22,0.927,0.9523333333333334,0.3966666666666666,0.3233333333333333,,,,0.1848739495798319,False
SIFT-100K,b29,32,24,"3732,4177",300,119,27,8,0.927,0.9386666666666666,0.3966666666666666,0.37,,,,0.0672268907563025,False
SIFT-100K,b29,32,25,"46,3732,4177",300,119,44,16,0.927,0.9466666666666668,0.3966666666666666,0.3433333333333333,,,,0.134453781512605,False
SIFT-100K,b29,32,26,"991,3732,4177",300,119,37,14,0.927,0.9433333333333334,0.3966666666666666,0.35,,,,0.1176470588235294,False
SIFT-100K,b29,32,27,"46,991,3732,4177",300,119,52,21,0.927,0.9503333333333334,0.3966666666666666,0.3266666666666666,,,,0.1764705882352941,False
SIFT-100K,b29,32,28,"2266,3732,4177",300,119,40,15,0.927,0.9443333333333334,0.3966666666666666,0.3466666666666667,,,,0.1260504201680672,False
SIFT-100K,b29,32,29,"46,2266,3732,4177",300,119,54,22,0.927,0.9513333333333334,0.3966666666666666,0.3233333333333333,,,,0.1848739495798319,False
SIFT-100K,b29,32,30,"991,2266,3732,4177",300,119,48,21,0.927,0.9483333333333333,0.3966666666666666,0.3266666666666666,,,,0.1764705882352941,False
SIFT-100K,b29,32,31,"46,991,2266,3732,4177",300,119,61,27,0.927,0.9546666666666668,0.3966666666666666,0.3066666666666666,,,,0.226890756302521,False
SIFT-100K,b29,32,32,4815,300,119,17,7,0.927,0.9336666666666666,0.3966666666666666,0.3733333333333333,,,,0.0588235294117647,False
SIFT-100K,b29,32,33,"46,4815",300,119,34,13,0.927,0.9416666666666668,0.3966666666666666,0.3533333333333333,,,,0.1092436974789916,False
SIFT-100K,b29,32,34,"991,4815",300,119,30,13,0.927,0.94,0.3966666666666666,0.3533333333333333,,,,0.1092436974789916,False
SIFT-100K,b29,32,35,"46,991,4815",300,119,46,19,0.927,0.9476666666666668,0.3966666666666666,0.3333333333333333,,,,0.1596638655462184,False
SIFT-100K,b29,32,36,"2266,4815",300,119,30,11,0.927,0.9396666666666668,0.3966666666666666,0.36,,,,0.0924369747899159,False
SIFT-100K,b29,32,37,"46,2266,4815",300,119,44,17,0.927,0.9463333333333332,0.3966666666666666,0.34,,,,0.1428571428571428,False
SIFT-100K,b29,32,38,"991,2266,4815",300,119,41,17,0.927,0.945,0.3966666666666666,0.34,,,,0.1428571428571428,False
SIFT-100K,b29,32,39,"46,991,2266,4815",300,119,55,23,0.927,0.9516666666666668,0.3966666666666666,0.32,,,,0.1932773109243697,False
SIFT-100K,b29,32,40,"3732,4815",300,119,28,12,0.927,0.9386666666666666,0.3966666666666666,0.3566666666666667,,,,0.1008403361344537,False
SIFT-100K,b29,32,41,"46,3732,4815",300,119,41,17,0.927,0.945,0.3966666666666666,0.34,,,,0.1428571428571428,False
SIFT-100K,b29,32,42,"991,3732,4815",300,119,40,18,0.927,0.9443333333333334,0.3966666666666666,0.3366666666666666,,,,0.1512605042016806,False
SIFT-100K,b29,32,43,"46,991,3732,4815",300,119,53,23,0.927,0.9506666666666664,0.3966666666666666,0.32,,,,0.1932773109243697,False
SIFT-100K,b29,32,44,"2266,3732,4815",300,119,37,18,0.927,0.9433333333333334,0.3966666666666666,0.3366666666666666,,,,0.1512605042016806,False
SIFT-100K,b29,32,45,"46,2266,3732,4815",300,119,49,23,0.927,0.9493333333333334,0.3966666666666666,0.32,,,,0.1932773109243697,False
SIFT-100K,b29,32,46,"991,2266,3732,4815",300,119,48,24,0.927,0.9486666666666668,0.3966666666666666,0.3166666666666666,,,,0.2016806722689075,False
SIFT-100K,b29,32,47,"46,991,2266,3732,4815",300,119,60,29,0.927,0.9546666666666668,0.3966666666666666,0.3,,,,0.2436974789915966,False
SIFT-100K,b29,32,48,"4177,4815",300,119,31,11,0.927,0.9403333333333336,0.3966666666666666,0.36,,,,0.0924369747899159,False
SIFT-100K,b29,32,49,"46,4177,4815",300,119,45,17,0.927,0.9466666666666668,0.3966666666666666,0.34,,,,0.1428571428571428,False
SIFT-100K,b29,32,50,"991,4177,4815",300,119,39,16,0.927,0.9443333333333334,0.3966666666666666,0.3433333333333333,,,,0.134453781512605,False
SIFT-100K,b29,32,51,"46,991,4177,4815",300,119,53,22,0.927,0.9506666666666664,0.3966666666666666,0.3233333333333333,,,,0.1848739495798319,False
SIFT-100K,b29,32,52,"2266,4177,4815",300,119,42,15,0.927,0.9453333333333334,0.3966666666666666,0.3466666666666667,,,,0.1260504201680672,False
SIFT-100K,b29,32,53,"46,2266,4177,4815",300,119,55,21,0.927,0.9513333333333334,0.3966666666666666,0.3266666666666666,,,,0.1764705882352941,False
SIFT-100K,b29,32,54,"991,2266,4177,4815",300,119,49,20,0.927,0.9486666666666668,0.3966666666666666,0.33,,,,0.1680672268907563,False
SIFT-100K,b29,32,55,"46,991,2266,4177,4815",300,119,62,26,0.927,0.9546666666666668,0.3966666666666666,0.31,,,,0.2184873949579832,False
SIFT-100K,b29,32,56,"3732,4177,4815",300,119,39,15,0.927,0.9436666666666668,0.3966666666666666,0.3466666666666667,,,,0.1260504201680672,False
SIFT-100K,b29,32,57,"46,3732,4177,4815",300,119,51,20,0.927,0.9493333333333334,0.3966666666666666,0.33,,,,0.1680672268907563,False
SIFT-100K,b29,32,58,"991,3732,4177,4815",300,119,47,20,0.927,0.9473333333333332,0.3966666666666666,0.33,,,,0.1680672268907563,False
SIFT-100K,b29,32,59,"46,991,3732,4177,4815",300,119,59,25,0.927,0.953,0.3966666666666666,0.3133333333333333,,,,0.2100840336134453,False
SIFT-100K,b29,32,60,"2266,3732,4177,4815",300,119,48,21,0.927,0.9483333333333333,0.3966666666666666,0.3266666666666666,,,,0.1764705882352941,False
SIFT-100K,b29,32,61,"46,2266,3732,4177,4815",300,119,59,26,0.927,0.9536666666666668,0.3966666666666666,0.31,,,,0.2184873949579832,False
SIFT-100K,b29,32,62,"991,2266,3732,4177,4815",300,119,55,26,0.927,0.9516666666666668,0.3966666666666666,0.31,,,,0.2184873949579832,False
SIFT-100K,b29,32,63,"46,991,2266,3732,4177,4815",300,119,66,31,0.927,0.957,0.3966666666666666,0.2933333333333333,,,,0.2605042016806723,False
SIFT-100K,b29,32,64,7001,300,119,20,9,0.927,0.9356666666666668,0.3966666666666666,0.3666666666666666,,,,0.0756302521008403,False
SIFT-100K,b29,32,65,"46,7001",300,119,40,18,0.927,0.945,0.3966666666666666,0.3366666666666666,,,,0.1512605042016806,False
SIFT-100K,b29,32,66,"991,7001",300,119,34,16,0.927,0.942,0.3966666666666666,0.3433333333333333,,,,0.134453781512605,False
SIFT-100K,b29,32,67,"46,991,7001",300,119,51,25,0.927,0.9503333333333334,0.3966666666666666,0.3133333333333333,,,,0.2100840336134453,False
SIFT-100K,b29,32,68,"2266,7001",300,119,33,16,0.927,0.942,0.3966666666666666,0.3433333333333333,,,,0.134453781512605,False
SIFT-100K,b29,32,69,"46,2266,7001",300,119,49,24,0.927,0.95,0.3966666666666666,0.3166666666666666,,,,0.2016806722689075,False
SIFT-100K,b29,32,70,"991,2266,7001",300,119,44,21,0.927,0.9463333333333332,0.3966666666666666,0.3266666666666666,,,,0.1764705882352941,False
SIFT-100K,b29,32,71,"46,991,2266,7001",300,119,59,29,0.927,0.954,0.3966666666666666,0.3,,,,0.2436974789915966,False
SIFT-100K,b29,32,72,"3732,7001",300,119,30,16,0.927,0.9406666666666668,0.3966666666666666,0.3433333333333333,,,,0.134453781512605,False
SIFT-100K,b29,32,73,"46,3732,7001",300,119,47,24,0.927,0.949,0.3966666666666666,0.3166666666666666,,,,0.2016806722689075,False
SIFT-100K,b29,32,74,"991,3732,7001",300,119,42,21,0.927,0.9453333333333334,0.3966666666666666,0.3266666666666666,,,,0.1764705882352941,False
SIFT-100K,b29,32,75,"46,991,3732,7001",300,119,57,29,0.927,0.953,0.3966666666666666,0.3,,,,0.2436974789915966,False
SIFT-100K,b29,32,76,"2266,3732,7001",300,119,40,22,0.927,0.9453333333333334,0.3966666666666666,0.3233333333333333,,,,0.1848739495798319,False
SIFT-100K,b29,32,77,"46,2266,3732,7001",300,119,54,29,0.927,0.9526666666666668,0.3966666666666666,0.3,,,,0.2436974789915966,False
SIFT-100K,b29,32,78,"991,2266,3732,7001",300,119,51,27,0.927,0.9496666666666668,0.3966666666666666,0.3066666666666666,,,,0.226890756302521,False
SIFT-100K,b29,32,79,"46,991,2266,3732,7001",300,119,64,34,0.927,0.9566666666666668,0.3966666666666666,0.2833333333333333,,,,0.2857142857142857,False
SIFT-100K,b29,32,80,"4177,7001",300,119,30,14,0.927,0.9403333333333336,0.3966666666666666,0.35,,,,0.1176470588235294,False
SIFT-100K,b29,32,81,"46,4177,7001",300,119,49,23,0.927,0.949,0.3966666666666666,0.32,,,,0.1932773109243697,False
SIFT-100K,b29,32,82,"991,4177,7001",300,119,40,19,0.927,0.945,0.3966666666666666,0.3333333333333333,,,,0.1596638655462184,False
SIFT-100K,b29,32,83,"46,991,4177,7001",300,119,56,28,0.927,0.9526666666666668,0.3966666666666666,0.3033333333333333,,,,0.2352941176470588,False
SIFT-100K,b29,32,84,"2266,4177,7001",300,119,42,19,0.927,0.9456666666666668,0.3966666666666666,0.3333333333333333,,,,0.1596638655462184,False
SIFT-100K,b29,32,85,"46,2266,4177,7001",300,119,57,27,0.927,0.953,0.3966666666666666,0.3066666666666666,,,,0.226890756302521,False
SIFT-100K,b29,32,86,"991,2266,4177,7001",300,119,50,24,0.927,0.9493333333333334,0.3966666666666666,0.3166666666666666,,,,0.2016806722689075,False
SIFT-100K,b29,32,87,"46,991,2266,4177,7001",300,119,64,32,0.927,0.9563333333333331,0.3966666666666666,0.29,,,,0.2689075630252101,False
SIFT-100K,b29,32,88,"3732,4177,7001",300,119,38,18,0.927,0.9436666666666668,0.3966666666666666,0.3366666666666666,,,,0.1512605042016806,False
SIFT-100K,b29,32,89,"46,3732,4177,7001",300,119,54,26,0.927,0.9513333333333334,0.3966666666666666,0.31,,,,0.2184873949579832,False
SIFT-100K,b29,32,90,"991,3732,4177,7001",300,119,47,23,0.927,0.9476666666666668,0.3966666666666666,0.32,,,,0.1932773109243697,False
SIFT-100K,b29,32,91,"46,991,3732,4177,7001",300,119,61,31,0.927,0.9546666666666668,0.3966666666666666,0.2933333333333333,,,,0.2605042016806723,False
SIFT-100K,b29,32,92,"2266,3732,4177,7001",300,119,48,24,0.927,0.9483333333333333,0.3966666666666666,0.3166666666666666,,,,0.2016806722689075,False
SIFT-100K,b29,32,93,"46,2266,3732,4177,7001",300,119,61,31,0.927,0.955,0.3966666666666666,0.2933333333333333,,,,0.2605042016806723,False
SIFT-100K,b29,32,94,"991,2266,3732,4177,7001",300,119,56,29,0.927,0.952,0.3966666666666666,0.3,,,,0.2436974789915966,False
SIFT-100K,b29,32,95,"46,991,2266,3732,4177,7001",300,119,68,36,0.927,0.9583333333333334,0.3966666666666666,0.2766666666666666,,,,0.3025210084033613,False
SIFT-100K,b29,32,96,"4815,7001",300,119,31,18,0.927,0.9413333333333334,0.3966666666666666,0.3366666666666666,,,,0.1512605042016806,False
SIFT-100K,b29,32,97,"46,4815,7001",300,119,46,24,0.927,0.9483333333333333,0.3966666666666666,0.3166666666666666,,,,0.2016806722689075,False
SIFT-100K,b29,32,98,"991,4815,7001",300,119,41,23,0.927,0.9456666666666668,0.3966666666666666,0.32,,,,0.1932773109243697,False
SIFT-100K,b29,32,99,"46,991,4815,7001",300,119,56,29,0.927,0.9526666666666668,0.3966666666666666,0.3,,,,0.2436974789915966,False
SIFT-100K,b29,32,100,"2266,4815,7001",300,119,39,21,0.927,0.9453333333333334,0.3966666666666666,0.3266666666666666,,,,0.1764705882352941,False
SIFT-100K,b29,32,101,"46,2266,4815,7001",300,119,53,27,0.927,0.952,0.3966666666666666,0.3066666666666666,,,,0.226890756302521,False
SIFT-100K,b29,32,102,"991,2266,4815,7001",300,119,49,26,0.927,0.9493333333333334,0.3966666666666666,0.31,,,,0.2184873949579832,False
SIFT-100K,b29,32,103,"46,991,2266,4815,7001",300,119,63,32,0.927,0.956,0.3966666666666666,0.29,,,,0.2689075630252101,False
SIFT-100K,b29,32,104,"3732,4815,7001",300,119,39,23,0.927,0.945,0.3966666666666666,0.32,,,,0.1932773109243697,False
SIFT-100K,b29,32,105,"46,3732,4815,7001",300,119,52,28,0.927,0.9513333333333334,0.3966666666666666,0.3033333333333333,,,,0.2352941176470588,False
SIFT-100K,b29,32,106,"991,3732,4815,7001",300,119,49,28,0.927,0.949,0.3966666666666666,0.3033333333333333,,,,0.2352941176470588,False
SIFT-100K,b29,32,107,"46,991,3732,4815,7001",300,119,62,33,0.927,0.9553333333333331,0.3966666666666666,0.2866666666666667,,,,0.2773109243697479,False
SIFT-100K,b29,32,108,"2266,3732,4815,7001",300,119,46,27,0.927,0.9486666666666668,0.3966666666666666,0.3066666666666666,,,,0.226890756302521,False
SIFT-100K,b29,32,109,"46,2266,3732,4815,7001",300,119,58,32,0.927,0.9546666666666668,0.3966666666666666,0.29,,,,0.2689075630252101,False
SIFT-100K,b29,32,110,"991,2266,3732,4815,7001",300,119,56,32,0.927,0.9526666666666668,0.3966666666666666,0.29,,,,0.2689075630252101,False
SIFT-100K,b29,32,111,"46,991,2266,3732,4815,7001",300,119,68,37,0.927,0.9586666666666666,0.3966666666666666,0.2733333333333333,,,,0.3109243697478991,False
SIFT-100K,b29,32,112,"4177,4815,7001",300,119,40,21,0.927,0.945,0.3966666666666666,0.3266666666666666,,,,0.1764705882352941,False
SIFT-100K,b29,32,113,"46,4177,4815,7001",300,119,54,27,0.927,0.9513333333333334,0.3966666666666666,0.3066666666666666,,,,0.226890756302521,False
SIFT-100K,b29,32,114,"991,4177,4815,7001",300,119,47,26,0.927,0.9486666666666668,0.3966666666666666,0.31,,,,0.2184873949579832,False
SIFT-100K,b29,32,115,"46,991,4177,4815,7001",300,119,61,32,0.927,0.955,0.3966666666666666,0.29,,,,0.2689075630252101,False
SIFT-100K,b29,32,116,"2266,4177,4815,7001",300,119,48,24,0.927,0.949,0.3966666666666666,0.3166666666666666,,,,0.2016806722689075,False
SIFT-100K,b29,32,117,"46,2266,4177,4815,7001",300,119,61,30,0.927,0.955,0.3966666666666666,0.2966666666666667,,,,0.2521008403361344,False
SIFT-100K,b29,32,118,"991,2266,4177,4815,7001",300,119,55,29,0.927,0.9523333333333334,0.3966666666666666,0.3,,,,0.2436974789915966,False
SIFT-100K,b29,32,119,"46,991,2266,4177,4815,7001",300,119,68,35,0.927,0.9583333333333334,0.3966666666666666,0.28,,,,0.2941176470588235,False
SIFT-100K,b29,32,120,"3732,4177,4815,7001",300,119,47,25,0.927,0.948,0.3966666666666666,0.3133333333333333,,,,0.2100840336134453,False
SIFT-100K,b29,32,121,"46,3732,4177,4815,7001",300,119,59,30,0.927,0.9536666666666668,0.3966666666666666,0.2966666666666667,,,,0.2521008403361344,False
SIFT-100K,b29,32,122,"991,3732,4177,4815,7001",300,119,54,30,0.927,0.9513333333333334,0.3966666666666666,0.2966666666666667,,,,0.2521008403361344,False
SIFT-100K,b29,32,123,"46,991,3732,4177,4815,7001",300,119,66,35,0.927,0.957,0.3966666666666666,0.28,,,,0.2941176470588235,False
SIFT-100K,b29,32,124,"2266,3732,4177,4815,7001",300,119,54,29,0.927,0.9516666666666668,0.3966666666666666,0.3,,,,0.2436974789915966,False
SIFT-100K,b29,32,125,"46,2266,3732,4177,4815,7001",300,119,65,34,0.927,0.957,0.3966666666666666,0.2833333333333333,,,,0.2857142857142857,False
SIFT-100K,b29,32,126,"991,2266,3732,4177,4815,7001",300,119,61,34,0.927,0.955,0.3966666666666666,0.2833333333333333,,,,0.2857142857142857,False
SIFT-100K,b29,32,127,"46,991,2266,3732,4177,4815,7001",300,119,72,39,0.927,0.9603333333333334,0.3966666666666666,0.2666666666666666,,,,0.3277310924369748,False
SIFT-100K,b29,32,128,8888,300,119,26,10,0.927,0.9393333333333332,0.3966666666666666,0.3633333333333333,,,,0.0840336134453781,False
SIFT-100K,b29,32,129,"46,8888",300,119,44,18,0.927,0.948,0.3966666666666666,0.3366666666666666,,,,0.1512605042016806,False
SIFT-100K,b29,32,130,"991,8888",300,119,36,15,0.927,0.9443333333333334,0.3966666666666666,0.3466666666666667,,,,0.1260504201680672,False
SIFT-100K,b29,32,131,"46,991,8888",300,119,52,23,0.927,0.9523333333333334,0.3966666666666666,0.32,,,,0.1932773109243697,False
SIFT-100K,b29,32,132,"2266,8888",300,119,37,16,0.927,0.9436666666666668,0.3966666666666666,0.3433333333333333,,,,0.134453781512605,False
SIFT-100K,b29,32,133,"46,2266,8888",300,119,52,23,0.927,0.9513333333333334,0.3966666666666666,0.32,,,,0.1932773109243697,False
SIFT-100K,b29,32,134,"991,2266,8888",300,119,46,20,0.927,0.948,0.3966666666666666,0.33,,,,0.1680672268907563,False
SIFT-100K,b29,32,135,"46,991,2266,8888",300,119,60,27,0.927,0.9553333333333331,0.3966666666666666,0.3066666666666666,,,,0.226890756302521,False
SIFT-100K,b29,32,136,"3732,8888",300,119,33,16,0.927,0.9426666666666664,0.3966666666666666,0.3433333333333333,,,,0.134453781512605,False
SIFT-100K,b29,32,137,"46,3732,8888",300,119,48,23,0.927,0.9503333333333334,0.3966666666666666,0.32,,,,0.1932773109243697,False
SIFT-100K,b29,32,138,"991,3732,8888",300,119,42,20,0.927,0.947,0.3966666666666666,0.33,,,,0.1680672268907563,False
SIFT-100K,b29,32,139,"46,991,3732,8888",300,119,56,27,0.927,0.9543333333333331,0.3966666666666666,0.3066666666666666,,,,0.226890756302521,False
SIFT-100K,b29,32,140,"2266,3732,8888",300,119,42,22,0.927,0.9463333333333332,0.3966666666666666,0.3233333333333333,,,,0.1848739495798319,False
SIFT-100K,b29,32,141,"46,2266,3732,8888",300,119,55,28,0.927,0.9533333333333334,0.3966666666666666,0.3033333333333333,,,,0.2352941176470588,False
SIFT-100K,b29,32,142,"991,2266,3732,8888",300,119,51,26,0.927,0.9506666666666664,0.3966666666666666,0.31,,,,0.2184873949579832,False
SIFT-100K,b29,32,143,"46,991,2266,3732,8888",300,119,63,32,0.927,0.9573333333333334,0.3966666666666666,0.29,,,,0.2689075630252101,False
SIFT-100K,b29,32,144,"4177,8888",300,119,36,15,0.927,0.945,0.3966666666666666,0.3466666666666667,,,,0.1260504201680672,False
SIFT-100K,b29,32,145,"46,4177,8888",300,119,52,23,0.927,0.9526666666666668,0.3966666666666666,0.32,,,,0.1932773109243697,False
SIFT-100K,b29,32,146,"991,4177,8888",300,119,42,18,0.927,0.9473333333333332,0.3966666666666666,0.3366666666666666,,,,0.1512605042016806,False
SIFT-100K,b29,32,147,"46,991,4177,8888",300,119,57,26,0.927,0.9546666666666668,0.3966666666666666,0.31,,,,0.2184873949579832,False
SIFT-100K,b29,32,148,"2266,4177,8888",300,119,46,20,0.927,0.9486666666666668,0.3966666666666666,0.33,,,,0.1680672268907563,False
SIFT-100K,b29,32,149,"46,2266,4177,8888",300,119,60,27,0.927,0.9556666666666668,0.3966666666666666,0.3066666666666666,,,,0.226890756302521,False
SIFT-100K,b29,32,150,"991,2266,4177,8888",300,119,52,23,0.927,0.951,0.3966666666666666,0.32,,,,0.1932773109243697,False
SIFT-100K,b29,32,151,"46,991,2266,4177,8888",300,119,65,30,0.927,0.9576666666666668,0.3966666666666666,0.2966666666666667,,,,0.2521008403361344,False
SIFT-100K,b29,32,152,"3732,4177,8888",300,119,42,19,0.927,0.9473333333333332,0.3966666666666666,0.3333333333333333,,,,0.1596638655462184,False
SIFT-100K,b29,32,153,"46,3732,4177,8888",300,119,56,26,0.927,0.9543333333333331,0.3966666666666666,0.31,,,,0.2184873949579832,False
SIFT-100K,b29,32,154,"991,3732,4177,8888",300,119,48,22,0.927,0.9496666666666668,0.3966666666666666,0.3233333333333333,,,,0.1848739495798319,False
SIFT-100K,b29,32,155,"46,991,3732,4177,8888",300,119,61,29,0.927,0.9563333333333331,0.3966666666666666,0.3,,,,0.2436974789915966,False
SIFT-100K,b29,32,156,"2266,3732,4177,8888",300,119,51,25,0.927,0.951,0.3966666666666666,0.3133333333333333,,,,0.2100840336134453,False
SIFT-100K,b29,32,157,"46,2266,3732,4177,8888",300,119,63,31,0.927,0.9573333333333334,0.3966666666666666,0.2933333333333333,,,,0.2605042016806723,False
SIFT-100K,b29,32,158,"991,2266,3732,4177,8888",300,119,57,28,0.927,0.9533333333333334,0.3966666666666666,0.3033333333333333,,,,0.2352941176470588,False
SIFT-100K,b29,32,159,"46,991,2266,3732,4177,8888",300,119,68,34,0.927,0.9593333333333334,0.3966666666666666,0.2833333333333333,,,,0.2857142857142857,False
SIFT-100K,b29,32,160,"4815,8888",300,119,37,17,0.927,0.944,0.3966666666666666,0.34,,,,0.1428571428571428,False
SIFT-100K,b29,32,161,"46,4815,8888",300,119,51,23,0.927,0.951,0.3966666666666666,0.32,,,,0.1932773109243697,False
SIFT-100K,b29,32,162,"991,4815,8888",300,119,46,21,0.927,0.9483333333333333,0.3966666666666666,0.3266666666666666,,,,0.1764705882352941,False
SIFT-100K,b29,32,163,"46,991,4815,8888",300,119,59,27,0.927,0.955,0.3966666666666666,0.3066666666666666,,,,0.226890756302521,False
SIFT-100K,b29,32,164,"2266,4815,8888",300,119,45,21,0.927,0.9473333333333332,0.3966666666666666,0.3266666666666666,,,,0.1764705882352941,False
SIFT-100K,b29,32,165,"46,2266,4815,8888",300,119,57,27,0.927,0.9536666666666668,0.3966666666666666,0.3066666666666666,,,,0.226890756302521,False
SIFT-100K,b29,32,166,"991,2266,4815,8888",300,119,53,25,0.927,0.9513333333333334,0.3966666666666666,0.3133333333333333,,,,0.2100840336134453,False
SIFT-100K,b29,32,167,"46,991,2266,4815,8888",300,119,65,31,0.927,0.9576666666666668,0.3966666666666666,0.2933333333333333,,,,0.2605042016806723,False
SIFT-100K,b29,32,168,"3732,4815,8888",300,119,44,22,0.927,0.947,0.3966666666666666,0.3233333333333333,,,,0.1848739495798319,False
SIFT-100K,b29,32,169,"46,3732,4815,8888",300,119,55,27,0.927,0.953,0.3966666666666666,0.3066666666666666,,,,0.226890756302521,False
SIFT-100K,b29,32,170,"991,3732,4815,8888",300,119,52,26,0.927,0.951,0.3966666666666666,0.31,,,,0.2184873949579832,False
SIFT-100K,b29,32,171,"46,991,3732,4815,8888",300,119,63,31,0.927,0.957,0.3966666666666666,0.2933333333333333,,,,0.2605042016806723,False
SIFT-100K,b29,32,172,"2266,3732,4815,8888",300,119,50,27,0.927,0.95,0.3966666666666666,0.3066666666666666,,,,0.226890756302521,False
SIFT-100K,b29,32,173,"46,2266,3732,4815,8888",300,119,60,32,0.927,0.9556666666666668,0.3966666666666666,0.29,,,,0.2689075630252101,False
SIFT-100K,b29,32,174,"991,2266,3732,4815,8888",300,119,58,31,0.927,0.954,0.3966666666666666,0.2933333333333333,,,,0.2605042016806723,False
SIFT-100K,b29,32,175,"46,991,2266,3732,4815,8888",300,119,68,36,0.927,0.9596666666666666,0.3966666666666666,0.2766666666666666,,,,0.3025210084033613,False
SIFT-100K,b29,32,176,"4177,4815,8888",300,119,47,21,0.927,0.9493333333333334,0.3966666666666666,0.3266666666666666,,,,0.1764705882352941,False
SIFT-100K,b29,32,177,"46,4177,4815,8888",300,119,59,27,0.927,0.9553333333333331,0.3966666666666666,0.3066666666666666,,,,0.226890756302521,False
SIFT-100K,b29,32,178,"991,4177,4815,8888",300,119,52,24,0.927,0.9513333333333334,0.3966666666666666,0.3166666666666666,,,,0.2016806722689075,False
SIFT-100K,b29,32,179,"46,991,4177,4815,8888",300,119,64,30,0.927,0.9573333333333334,0.3966666666666666,0.2966666666666667,,,,0.2521008403361344,False
SIFT-100K,b29,32,180,"2266,4177,4815,8888",300,119,54,25,0.927,0.9523333333333334,0.3966666666666666,0.3133333333333333,,,,0.2100840336134453,False
SIFT-100K,b29,32,181,"46,2266,4177,4815,8888",300,119,65,31,0.927,0.958,0.3966666666666666,0.2933333333333333,,,,0.2605042016806723,False
SIFT-100K,b29,32,182,"991,2266,4177,4815,8888",300,119,59,28,0.927,0.9543333333333331,0.3966666666666666,0.3033333333333333,,,,0.2352941176470588,False
SIFT-100K,b29,32,183,"46,991,2266,4177,4815,8888",300,119,70,34,0.927,0.96,0.3966666666666666,0.2833333333333333,,,,0.2857142857142857,False
SIFT-100K,b29,32,184,"3732,4177,4815,8888",300,119,53,25,0.927,0.9516666666666668,0.3966666666666666,0.3133333333333333,,,,0.2100840336134453,False
SIFT-100K,b29,32,185,"46,3732,4177,4815,8888",300,119,63,30,0.927,0.957,0.3966666666666666,0.2966666666666667,,,,0.2521008403361344,False
SIFT-100K,b29,32,186,"991,3732,4177,4815,8888",300,119,58,28,0.927,0.9536666666666668,0.3966666666666666,0.3033333333333333,,,,0.2352941176470588,False
SIFT-100K,b29,32,187,"46,991,3732,4177,4815,8888",300,119,68,33,0.927,0.959,0.3966666666666666,0.2866666666666667,,,,0.2773109243697479,False
SIFT-100K,b29,32,188,"2266,3732,4177,4815,8888",300,119,59,30,0.927,0.9546666666666668,0.3966666666666666,0.2966666666666667,,,,0.2521008403361344,False
SIFT-100K,b29,32,189,"46,2266,3732,4177,4815,8888",300,119,68,35,0.927,0.9596666666666666,0.3966666666666666,0.28,,,,0.2941176470588235,False
SIFT-100K,b29,32,190,"991,2266,3732,4177,4815,8888",300,119,64,33,0.927,0.9566666666666668,0.3966666666666666,0.2866666666666667,,,,0.2773109243697479,False
SIFT-100K,b29,32,191,"46,991,2266,3732,4177,4815,8888",300,119,73,38,0.927,0.9616666666666668,0.3966666666666666,0.27,,,,0.3193277310924369,False
SIFT-100K,b29,32,192,"7001,8888",300,119,37,16,0.927,0.9443333333333334,0.3966666666666666,0.3433333333333333,,,,0.134453781512605,False
SIFT-100K,b29,32,193,"46,7001,8888",300,119,53,25,0.927,0.9526666666666668,0.3966666666666666,0.3133333333333333,,,,0.2100840336134453,False
SIFT-100K,b29,32,194,"991,7001,8888",300,119,45,20,0.927,0.9476666666666668,0.3966666666666666,0.33,,,,0.1680672268907563,False
SIFT-100K,b29,32,195,"46,991,7001,8888",300,119,60,29,0.927,0.9556666666666668,0.3966666666666666,0.3,,,,0.2436974789915966,False
SIFT-100K,b29,32,196,"2266,7001,8888",300,119,44,22,0.927,0.9476666666666668,0.3966666666666666,0.3233333333333333,,,,0.1848739495798319,False
SIFT-100K,b29,32,197,"46,2266,7001,8888",300,119,58,30,0.927,0.9553333333333331,0.3966666666666666,0.2966666666666667,,,,0.2521008403361344,False
SIFT-100K,b29,32,198,"991,2266,7001,8888",300,119,52,25,0.927,0.9506666666666664,0.3966666666666666,0.3133333333333333,,,,0.2100840336134453,False
SIFT-100K,b29,32,199,"46,991,2266,7001,8888",300,119,65,33,0.927,0.958,0.3966666666666666,0.2866666666666667,,,,0.2773109243697479,False
SIFT-100K,b29,32,200,"3732,7001,8888",300,119,42,22,0.927,0.947,0.3966666666666666,0.3233333333333333,,,,0.1848739495798319,False
SIFT-100K,b29,32,201,"46,3732,7001,8888",300,119,56,30,0.927,0.9546666666666668,0.3966666666666666,0.2966666666666667,,,,0.2521008403361344,False
SIFT-100K,b29,32,202,"991,3732,7001,8888",300,119,50,25,0.927,0.95,0.3966666666666666,0.3133333333333333,,,,0.2100840336134453,False
SIFT-100K,b29,32,203,"46,991,3732,7001,8888",300,119,63,33,0.927,0.9573333333333334,0.3966666666666666,0.2866666666666667,,,,0.2773109243697479,False
SIFT-100K,b29,32,204,"2266,3732,7001,8888",300,119,49,27,0.927,0.95,0.3966666666666666,0.3066666666666666,,,,0.226890756302521,False
SIFT-100K,b29,32,205,"46,2266,3732,7001,8888",300,119,61,34,0.927,0.957,0.3966666666666666,0.2833333333333333,,,,0.2857142857142857,False
SIFT-100K,b29,32,206,"991,2266,3732,7001,8888",300,119,57,30,0.927,0.953,0.3966666666666666,0.2966666666666667,,,,0.2521008403361344,False
SIFT-100K,b29,32,207,"46,991,2266,3732,7001,8888",300,119,68,37,0.927,0.9596666666666666,0.3966666666666666,0.2733333333333333,,,,0.3109243697478991,False
SIFT-100K,b29,32,208,"4177,7001,8888",300,119,44,20,0.927,0.948,0.3966666666666666,0.33,,,,0.1680672268907563,False
SIFT-100K,b29,32,209,"46,4177,7001,8888",300,119,59,29,0.927,0.9556666666666668,0.3966666666666666,0.3,,,,0.2436974789915966,False
SIFT-100K,b29,32,210,"991,4177,7001,8888",300,119,50,23,0.927,0.9503333333333334,0.3966666666666666,0.32,,,,0.1932773109243697,False
SIFT-100K,b29,32,211,"46,991,4177,7001,8888",300,119,64,32,0.927,0.9576666666666668,0.3966666666666666,0.29,,,,0.2689075630252101,False
SIFT-100K,b29,32,212,"2266,4177,7001,8888",300,119,51,25,0.927,0.951,0.3966666666666666,0.3133333333333333,,,,0.2100840336134453,False
SIFT-100K,b29,32,213,"46,2266,4177,7001,8888",300,119,64,33,0.927,0.958,0.3966666666666666,0.2866666666666667,,,,0.2773109243697479,False
SIFT-100K,b29,32,214,"991,2266,4177,7001,8888",300,119,57,28,0.927,0.9533333333333334,0.3966666666666666,0.3033333333333333,,,,0.2352941176470588,False
SIFT-100K,b29,32,215,"46,991,2266,4177,7001,8888",300,119,69,36,0.927,0.96,0.3966666666666666,0.2766666666666666,,,,0.3025210084033613,False
SIFT-100K,b29,32,216,"3732,4177,7001,8888",300,119,49,24,0.927,0.95,0.3966666666666666,0.3166666666666666,,,,0.2016806722689075,False
SIFT-100K,b29,32,217,"46,3732,4177,7001,8888",300,119,62,32,0.927,0.957,0.3966666666666666,0.29,,,,0.2689075630252101,False
SIFT-100K,b29,32,218,"991,3732,4177,7001,8888",300,119,55,27,0.927,0.9523333333333334,0.3966666666666666,0.3066666666666666,,,,0.226890756302521,False
SIFT-100K,b29,32,219,"46,991,3732,4177,7001,8888",300,119,67,35,0.927,0.959,0.3966666666666666,0.28,,,,0.2941176470588235,False
SIFT-100K,b29,32,220,"2266,3732,4177,7001,8888",300,119,56,29,0.927,0.953,0.3966666666666666,0.3,,,,0.2436974789915966,False
SIFT-100K,b29,32,221,"46,2266,3732,4177,7001,8888",300,119,67,36,0.927,0.9593333333333334,0.3966666666666666,0.2766666666666666,,,,0.3025210084033613,False
SIFT-100K,b29,32,222,"991,2266,3732,4177,7001,8888",300,119,62,32,0.927,0.9553333333333331,0.3966666666666666,0.29,,,,0.2689075630252101,False
SIFT-100K,b29,32,223,"46,991,2266,3732,4177,7001,8888",300,119,72,39,0.927,0.9613333333333334,0.3966666666666666,0.2666666666666666,,,,0.3277310924369748,False
SIFT-100K,b29,32,224,"4815,7001,8888",300,119,45,24,0.927,0.9486666666666668,0.3966666666666666,0.3166666666666666,,,,0.2016806722689075,False
SIFT-100K,b29,32,225,"46,4815,7001,8888",300,119,58,30,0.927,0.9553333333333331,0.3966666666666666,0.2966666666666667,,,,0.2521008403361344,False
SIFT-100K,b29,32,226,"991,4815,7001,8888",300,119,52,27,0.927,0.9513333333333334,0.3966666666666666,0.3066666666666666,,,,0.226890756302521,False
SIFT-100K,b29,32,227,"46,991,4815,7001,8888",300,119,65,33,0.927,0.958,0.3966666666666666,0.2866666666666667,,,,0.2773109243697479,False
SIFT-100K,b29,32,228,"2266,4815,7001,8888",300,119,50,27,0.927,0.951,0.3966666666666666,0.3066666666666666,,,,0.226890756302521,False
SIFT-100K,b29,32,229,"46,2266,4815,7001,8888",300,119,62,33,0.927,0.9573333333333334,0.3966666666666666,0.2866666666666667,,,,0.2773109243697479,False
SIFT-100K,b29,32,230,"991,2266,4815,7001,8888",300,119,57,30,0.927,0.9536666666666668,0.3966666666666666,0.2966666666666667,,,,0.2521008403361344,False
SIFT-100K,b29,32,231,"46,991,2266,4815,7001,8888",300,119,69,36,0.927,0.96,0.3966666666666666,0.2766666666666666,,,,0.3025210084033613,False
SIFT-100K,b29,32,232,"3732,4815,7001,8888",300,119,50,29,0.927,0.951,0.3966666666666666,0.3,,,,0.2436974789915966,False
SIFT-100K,b29,32,233,"46,3732,4815,7001,8888",300,119,61,34,0.927,0.957,0.3966666666666666,0.2833333333333333,,,,0.2857142857142857,False
SIFT-100K,b29,32,234,"991,3732,4815,7001,8888",300,119,57,32,0.927,0.9536666666666668,0.3966666666666666,0.29,,,,0.2689075630252101,False
SIFT-100K,b29,32,235,"46,991,3732,4815,7001,8888",300,119,68,37,0.927,0.9596666666666666,0.3966666666666666,0.2733333333333333,,,,0.3109243697478991,False
SIFT-100K,b29,32,236,"2266,3732,4815,7001,8888",300,119,55,32,0.927,0.9533333333333334,0.3966666666666666,0.29,,,,0.2689075630252101,False
SIFT-100K,b29,32,237,"46,2266,3732,4815,7001,8888",300,119,65,37,0.927,0.959,0.3966666666666666,0.2733333333333333,,,,0.3109243697478991,False
SIFT-100K,b29,32,238,"991,2266,3732,4815,7001,8888",300,119,62,35,0.927,0.956,0.3966666666666666,0.28,,,,0.2941176470588235,False
SIFT-100K,b29,32,239,"46,991,2266,3732,4815,7001,8888",300,119,72,40,0.927,0.9616666666666668,0.3966666666666666,0.2633333333333333,,,,0.3361344537815126,False
SIFT-100K,b29,32,240,"4177,4815,7001,8888",300,119,52,27,0.927,0.952,0.3966666666666666,0.3066666666666666,,,,0.226890756302521,False
SIFT-100K,b29,32,241,"46,4177,4815,7001,8888",300,119,64,33,0.927,0.958,0.3966666666666666,0.2866666666666667,,,,0.2773109243697479,False
SIFT-100K,b29,32,242,"991,4177,4815,7001,8888",300,119,57,30,0.927,0.954,0.3966666666666666,0.2966666666666667,,,,0.2521008403361344,False
SIFT-100K,b29,32,243,"46,991,4177,4815,7001,8888",300,119,69,36,0.927,0.96,0.3966666666666666,0.2766666666666666,,,,0.3025210084033613,False
SIFT-100K,b29,32,244,"2266,4177,4815,7001,8888",300,119,57,30,0.927,0.9543333333333331,0.3966666666666666,0.2966666666666667,,,,0.2521008403361344,False
SIFT-100K,b29,32,245,"46,2266,4177,4815,7001,8888",300,119,68,36,0.927,0.96,0.3966666666666666,0.2766666666666666,,,,0.3025210084033613,False
SIFT-100K,b29,32,246,"991,2266,4177,4815,7001,8888",300,119,62,33,0.927,0.9563333333333331,0.3966666666666666,0.2866666666666667,,,,0.2773109243697479,False
SIFT-100K,b29,32,247,"46,991,2266,4177,4815,7001,8888",300,119,73,39,0.927,0.962,0.3966666666666666,0.2666666666666666,,,,0.3277310924369748,False
SIFT-100K,b29,32,248,"3732,4177,4815,7001,8888",300,119,57,31,0.927,0.954,0.3966666666666666,0.2933333333333333,,,,0.2605042016806723,False
SIFT-100K,b29,32,249,"46,3732,4177,4815,7001,8888",300,119,67,36,0.927,0.9593333333333334,0.3966666666666666,0.2766666666666666,,,,0.3025210084033613,False
SIFT-100K,b29,32,250,"991,3732,4177,4815,7001,8888",300,119,62,34,0.927,0.956,0.3966666666666666,0.2833333333333333,,,,0.2857142857142857,False
SIFT-100K,b29,32,251,"46,991,3732,4177,4815,7001,8888",300,119,72,39,0.927,0.9613333333333334,0.3966666666666666,0.2666666666666666,,,,0.3277310924369748,False
SIFT-100K,b29,32,252,"2266,3732,4177,4815,7001,8888",300,119,62,34,0.927,0.9563333333333331,0.3966666666666666,0.2833333333333333,,,,0.2857142857142857,False
SIFT-100K,b29,32,253,"46,2266,3732,4177,4815,7001,8888",300,119,71,39,0.927,0.9613333333333334,0.3966666666666666,0.2666666666666666,,,,0.3277310924369748,False
SIFT-100K,b29,32,254,"991,2266,3732,4177,4815,7001,8888",300,119,67,37,0.927,0.9583333333333334,0.3966666666666666,0.2733333333333333,,,,0.3109243697478991,False
SIFT-100K,b29,32,255,"46,991,2266,3732,4177,4815,7001,8888",300,119,76,42,0.927,0.9633333333333332,0.3966666666666666,0.2566666666666666,,,,0.3529411764705882,False
SIFT-100K,b29,64,0,EMPTY,300,45,0,0,0.9803333333333332,0.9803333333333332,0.15,0.15,128.0,128.0,128.01833333333337,0.0,True
SIFT-100K,b29,64,1,46,300,45,4,3,0.9803333333333332,0.982,0.15,0.14,,,,0.0666666666666666,False
SIFT-100K,b29,64,2,991,300,45,1,1,0.9803333333333332,0.9806666666666668,0.15,0.1466666666666666,,,,0.0222222222222222,False
SIFT-100K,b29,64,3,"46,991",300,45,5,4,0.9803333333333332,0.9823333333333334,0.15,0.1366666666666666,,,,0.0888888888888888,False
SIFT-100K,b29,64,4,2266,300,45,3,2,0.9803333333333332,0.982,0.15,0.1433333333333333,,,,0.0444444444444444,False
SIFT-100K,b29,64,5,"46,2266",300,45,6,4,0.9803333333333332,0.983,0.15,0.1366666666666666,,,,0.0888888888888888,False
SIFT-100K,b29,64,6,"991,2266",300,45,4,3,0.9803333333333332,0.9823333333333334,0.15,0.14,,,,0.0666666666666666,False
SIFT-100K,b29,64,7,"46,991,2266",300,45,7,5,0.9803333333333332,0.9833333333333334,0.15,0.1333333333333333,,,,0.1111111111111111,False
SIFT-100K,b29,64,8,3732,300,45,5,4,0.9803333333333332,0.9826666666666666,0.15,0.1366666666666666,,,,0.0888888888888888,False
SIFT-100K,b29,64,9,"46,3732",300,45,8,6,0.9803333333333332,0.9836666666666666,0.15,0.13,,,,0.1333333333333333,False
SIFT-100K,b29,64,10,"991,3732",300,45,6,5,0.9803333333333332,0.983,0.15,0.1333333333333333,,,,0.1111111111111111,False
SIFT-100K,b29,64,11,"46,991,3732",300,45,9,7,0.9803333333333332,0.984,0.15,0.1266666666666666,,,,0.1555555555555555,False
SIFT-100K,b29,64,12,"2266,3732",300,45,6,6,0.9803333333333332,0.9836666666666666,0.15,0.13,,,,0.1333333333333333,False
SIFT-100K,b29,64,13,"46,2266,3732",300,45,9,8,0.9803333333333332,0.9846666666666666,0.15,0.1233333333333333,,,,0.1777777777777777,False
SIFT-100K,b29,64,14,"991,2266,3732",300,45,7,7,0.9803333333333332,0.984,0.15,0.1266666666666666,,,,0.1555555555555555,False
SIFT-100K,b29,64,15,"46,991,2266,3732",300,45,10,9,0.9803333333333332,0.985,0.15,0.12,,,,0.2,False
SIFT-100K,b29,64,16,4177,300,45,4,3,0.9803333333333332,0.982,0.15,0.14,,,,0.0666666666666666,False
SIFT-100K,b29,64,17,"46,4177",300,45,7,5,0.9803333333333332,0.983,0.15,0.1333333333333333,,,,0.1111111111111111,False
SIFT-100K,b29,64,18,"991,4177",300,45,5,4,0.9803333333333332,0.9823333333333334,0.15,0.1366666666666666,,,,0.0888888888888888,False
SIFT-100K,b29,64,19,"46,991,4177",300,45,8,6,0.9803333333333332,0.9833333333333334,0.15,0.13,,,,0.1333333333333333,False
SIFT-100K,b29,64,20,"2266,4177",300,45,6,4,0.9803333333333332,0.983,0.15,0.1366666666666666,,,,0.0888888888888888,False
SIFT-100K,b29,64,21,"46,2266,4177",300,45,9,6,0.9803333333333332,0.984,0.15,0.13,,,,0.1333333333333333,False
SIFT-100K,b29,64,22,"991,2266,4177",300,45,7,5,0.9803333333333332,0.9833333333333334,0.15,0.1333333333333333,,,,0.1111111111111111,False
SIFT-100K,b29,64,23,"46,991,2266,4177",300,45,10,7,0.9803333333333332,0.9843333333333334,0.15,0.1266666666666666,,,,0.1555555555555555,False
SIFT-100K,b29,64,24,"3732,4177",300,45,7,5,0.9803333333333332,0.9833333333333334,0.15,0.1333333333333333,,,,0.1111111111111111,False
SIFT-100K,b29,64,25,"46,3732,4177",300,45,10,7,0.9803333333333332,0.9843333333333334,0.15,0.1266666666666666,,,,0.1555555555555555,False
SIFT-100K,b29,64,26,"991,3732,4177",300,45,8,6,0.9803333333333332,0.9836666666666666,0.15,0.13,,,,0.1333333333333333,False
SIFT-100K,b29,64,27,"46,991,3732,4177",300,45,11,8,0.9803333333333332,0.9846666666666666,0.15,0.1233333333333333,,,,0.1777777777777777,False
SIFT-100K,b29,64,28,"2266,3732,4177",300,45,8,7,0.9803333333333332,0.9843333333333334,0.15,0.1266666666666666,,,,0.1555555555555555,False
SIFT-100K,b29,64,29,"46,2266,3732,4177",300,45,11,9,0.9803333333333332,0.9853333333333334,0.15,0.12,,,,0.2,False
SIFT-100K,b29,64,30,"991,2266,3732,4177",300,45,9,8,0.9803333333333332,0.9846666666666666,0.15,0.1233333333333333,,,,0.1777777777777777,False
SIFT-100K,b29,64,31,"46,991,2266,3732,4177",300,45,12,10,0.9803333333333332,0.9856666666666668,0.15,0.1166666666666666,,,,0.2222222222222222,False
SIFT-100K,b29,64,32,4815,300,45,0,0,0.9803333333333332,0.9803333333333332,0.15,0.15,,,,0.0,True
SIFT-100K,b29,64,33,"46,4815",300,45,4,3,0.9803333333333332,0.982,0.15,0.14,,,,0.0666666666666666,False
SIFT-100K,b29,64,34,"991,4815",300,45,1,1,0.9803333333333332,0.9806666666666668,0.15,0.1466666666666666,,,,0.0222222222222222,False
SIFT-100K,b29,64,35,"46,991,4815",300,45,5,4,0.9803333333333332,0.9823333333333334,0.15,0.1366666666666666,,,,0.0888888888888888,False
SIFT-100K,b29,64,36,"2266,4815",300,45,3,2,0.9803333333333332,0.982,0.15,0.1433333333333333,,,,0.0444444444444444,False
SIFT-100K,b29,64,37,"46,2266,4815",300,45,6,4,0.9803333333333332,0.983,0.15,0.1366666666666666,,,,0.0888888888888888,False
SIFT-100K,b29,64,38,"991,2266,4815",300,45,4,3,0.9803333333333332,0.9823333333333334,0.15,0.14,,,,0.0666666666666666,False
SIFT-100K,b29,64,39,"46,991,2266,4815",300,45,7,5,0.9803333333333332,0.9833333333333334,0.15,0.1333333333333333,,,,0.1111111111111111,False
SIFT-100K,b29,64,40,"3732,4815",300,45,5,4,0.9803333333333332,0.9826666666666666,0.15,0.1366666666666666,,,,0.0888888888888888,False
SIFT-100K,b29,64,41,"46,3732,4815",300,45,8,6,0.9803333333333332,0.9836666666666666,0.15,0.13,,,,0.1333333333333333,False
SIFT-100K,b29,64,42,"991,3732,4815",300,45,6,5,0.9803333333333332,0.983,0.15,0.1333333333333333,,,,0.1111111111111111,False
SIFT-100K,b29,64,43,"46,991,3732,4815",300,45,9,7,0.9803333333333332,0.984,0.15,0.1266666666666666,,,,0.1555555555555555,False
SIFT-100K,b29,64,44,"2266,3732,4815",300,45,6,6,0.9803333333333332,0.9836666666666666,0.15,0.13,,,,0.1333333333333333,False
SIFT-100K,b29,64,45,"46,2266,3732,4815",300,45,9,8,0.9803333333333332,0.9846666666666666,0.15,0.1233333333333333,,,,0.1777777777777777,False
SIFT-100K,b29,64,46,"991,2266,3732,4815",300,45,7,7,0.9803333333333332,0.984,0.15,0.1266666666666666,,,,0.1555555555555555,False
SIFT-100K,b29,64,47,"46,991,2266,3732,4815",300,45,10,9,0.9803333333333332,0.985,0.15,0.12,,,,0.2,False
SIFT-100K,b29,64,48,"4177,4815",300,45,4,3,0.9803333333333332,0.982,0.15,0.14,,,,0.0666666666666666,False
SIFT-100K,b29,64,49,"46,4177,4815",300,45,7,5,0.9803333333333332,0.983,0.15,0.1333333333333333,,,,0.1111111111111111,False
SIFT-100K,b29,64,50,"991,4177,4815",300,45,5,4,0.9803333333333332,0.9823333333333334,0.15,0.1366666666666666,,,,0.0888888888888888,False
SIFT-100K,b29,64,51,"46,991,4177,4815",300,45,8,6,0.9803333333333332,0.9833333333333334,0.15,0.13,,,,0.1333333333333333,False
SIFT-100K,b29,64,52,"2266,4177,4815",300,45,6,4,0.9803333333333332,0.983,0.15,0.1366666666666666,,,,0.0888888888888888,False
SIFT-100K,b29,64,53,"46,2266,4177,4815",300,45,9,6,0.9803333333333332,0.984,0.15,0.13,,,,0.1333333333333333,False
SIFT-100K,b29,64,54,"991,2266,4177,4815",300,45,7,5,0.9803333333333332,0.9833333333333334,0.15,0.1333333333333333,,,,0.1111111111111111,False
SIFT-100K,b29,64,55,"46,991,2266,4177,4815",300,45,10,7,0.9803333333333332,0.9843333333333334,0.15,0.1266666666666666,,,,0.1555555555555555,False
SIFT-100K,b29,64,56,"3732,4177,4815",300,45,7,5,0.9803333333333332,0.9833333333333334,0.15,0.1333333333333333,,,,0.1111111111111111,False
SIFT-100K,b29,64,57,"46,3732,4177,4815",300,45,10,7,0.9803333333333332,0.9843333333333334,0.15,0.1266666666666666,,,,0.1555555555555555,False
SIFT-100K,b29,64,58,"991,3732,4177,4815",300,45,8,6,0.9803333333333332,0.9836666666666666,0.15,0.13,,,,0.1333333333333333,False
SIFT-100K,b29,64,59,"46,991,3732,4177,4815",300,45,11,8,0.9803333333333332,0.9846666666666666,0.15,0.1233333333333333,,,,0.1777777777777777,False
SIFT-100K,b29,64,60,"2266,3732,4177,4815",300,45,8,7,0.9803333333333332,0.9843333333333334,0.15,0.1266666666666666,,,,0.1555555555555555,False
SIFT-100K,b29,64,61,"46,2266,3732,4177,4815",300,45,11,9,0.9803333333333332,0.9853333333333334,0.15,0.12,,,,0.2,False
SIFT-100K,b29,64,62,"991,2266,3732,4177,4815",300,45,9,8,0.9803333333333332,0.9846666666666666,0.15,0.1233333333333333,,,,0.1777777777777777,False
SIFT-100K,b29,64,63,"46,991,2266,3732,4177,4815",300,45,12,10,0.9803333333333332,0.9856666666666668,0.15,0.1166666666666666,,,,0.2222222222222222,False
SIFT-100K,b29,64,64,7001,300,45,4,4,0.9803333333333332,0.9823333333333334,0.15,0.1366666666666666,,,,0.0888888888888888,False
SIFT-100K,b29,64,65,"46,7001",300,45,7,6,0.9803333333333332,0.9833333333333334,0.15,0.13,,,,0.1333333333333333,False
SIFT-100K,b29,64,66,"991,7001",300,45,5,5,0.9803333333333332,0.9826666666666666,0.15,0.1333333333333333,,,,0.1111111111111111,False
SIFT-100K,b29,64,67,"46,991,7001",300,45,8,7,0.9803333333333332,0.9836666666666666,0.15,0.1266666666666666,,,,0.1555555555555555,False
SIFT-100K,b29,64,68,"2266,7001",300,45,5,4,0.9803333333333332,0.983,0.15,0.1366666666666666,,,,0.0888888888888888,False
SIFT-100K,b29,64,69,"46,2266,7001",300,45,8,6,0.9803333333333332,0.984,0.15,0.13,,,,0.1333333333333333,False
SIFT-100K,b29,64,70,"991,2266,7001",300,45,6,5,0.9803333333333332,0.9833333333333334,0.15,0.1333333333333333,,,,0.1111111111111111,False
SIFT-100K,b29,64,71,"46,991,2266,7001",300,45,9,7,0.9803333333333332,0.9843333333333334,0.15,0.1266666666666666,,,,0.1555555555555555,False
SIFT-100K,b29,64,72,"3732,7001",300,45,8,7,0.9803333333333332,0.984,0.15,0.1266666666666666,,,,0.1555555555555555,False
SIFT-100K,b29,64,73,"46,3732,7001",300,45,11,9,0.9803333333333332,0.985,0.15,0.12,,,,0.2,False
SIFT-100K,b29,64,74,"991,3732,7001",300,45,9,8,0.9803333333333332,0.9843333333333334,0.15,0.1233333333333333,,,,0.1777777777777777,False
SIFT-100K,b29,64,75,"46,991,3732,7001",300,45,12,10,0.9803333333333332,0.9853333333333334,0.15,0.1166666666666666,,,,0.2222222222222222,False
SIFT-100K,b29,64,76,"2266,3732,7001",300,45,8,8,0.9803333333333332,0.9846666666666666,0.15,0.1233333333333333,,,,0.1777777777777777,False
SIFT-100K,b29,64,77,"46,2266,3732,7001",300,45,11,10,0.9803333333333332,0.9856666666666668,0.15,0.1166666666666666,,,,0.2222222222222222,False
SIFT-100K,b29,64,78,"991,2266,3732,7001",300,45,9,9,0.9803333333333332,0.985,0.15,0.12,,,,0.2,False
SIFT-100K,b29,64,79,"46,991,2266,3732,7001",300,45,12,11,0.9803333333333332,0.986,0.15,0.1133333333333333,,,,0.2444444444444444,False
SIFT-100K,b29,64,80,"4177,7001",300,45,7,6,0.9803333333333332,0.9833333333333334,0.15,0.13,,,,0.1333333333333333,False
SIFT-100K,b29,64,81,"46,4177,7001",300,45,10,8,0.9803333333333332,0.9843333333333334,0.15,0.1233333333333333,,,,0.1777777777777777,False
SIFT-100K,b29,64,82,"991,4177,7001",300,45,8,7,0.9803333333333332,0.9836666666666666,0.15,0.1266666666666666,,,,0.1555555555555555,False
SIFT-100K,b29,64,83,"46,991,4177,7001",300,45,11,9,0.9803333333333332,0.9846666666666666,0.15,0.12,,,,0.2,False
SIFT-100K,b29,64,84,"2266,4177,7001",300,45,8,6,0.9803333333333332,0.984,0.15,0.13,,,,0.1333333333333333,False
SIFT-100K,b29,64,85,"46,2266,4177,7001",300,45,11,8,0.9803333333333332,0.985,0.15,0.1233333333333333,,,,0.1777777777777777,False
SIFT-100K,b29,64,86,"991,2266,4177,7001",300,45,9,7,0.9803333333333332,0.9843333333333334,0.15,0.1266666666666666,,,,0.1555555555555555,False
SIFT-100K,b29,64,87,"46,991,2266,4177,7001",300,45,12,9,0.9803333333333332,0.9853333333333334,0.15,0.12,,,,0.2,False
SIFT-100K,b29,64,88,"3732,4177,7001",300,45,10,8,0.9803333333333332,0.9846666666666666,0.15,0.1233333333333333,,,,0.1777777777777777,False
SIFT-100K,b29,64,89,"46,3732,4177,7001",300,45,13,10,0.9803333333333332,0.9856666666666668,0.15,0.1166666666666666,,,,0.2222222222222222,False
SIFT-100K,b29,64,90,"991,3732,4177,7001",300,45,11,9,0.9803333333333332,0.985,0.15,0.12,,,,0.2,False
SIFT-100K,b29,64,91,"46,991,3732,4177,7001",300,45,14,11,0.9803333333333332,0.986,0.15,0.1133333333333333,,,,0.2444444444444444,False
SIFT-100K,b29,64,92,"2266,3732,4177,7001",300,45,10,9,0.9803333333333332,0.9853333333333334,0.15,0.12,,,,0.2,False
SIFT-100K,b29,64,93,"46,2266,3732,4177,7001",300,45,13,11,0.9803333333333332,0.9863333333333332,0.15,0.1133333333333333,,,,0.2444444444444444,False
SIFT-100K,b29,64,94,"991,2266,3732,4177,7001",300,45,11,10,0.9803333333333332,0.9856666666666668,0.15,0.1166666666666666,,,,0.2222222222222222,False
SIFT-100K,b29,64,95,"46,991,2266,3732,4177,7001",300,45,14,12,0.9803333333333332,0.9866666666666668,0.15,0.11,,,,0.2666666666666666,False
SIFT-100K,b29,64,96,"4815,7001",300,45,4,4,0.9803333333333332,0.9823333333333334,0.15,0.1366666666666666,,,,0.0888888888888888,False
SIFT-100K,b29,64,97,"46,4815,7001",300,45,7,6,0.9803333333333332,0.9833333333333334,0.15,0.13,,,,0.1333333333333333,False
SIFT-100K,b29,64,98,"991,4815,7001",300,45,5,5,0.9803333333333332,0.9826666666666666,0.15,0.1333333333333333,,,,0.1111111111111111,False
SIFT-100K,b29,64,99,"46,991,4815,7001",300,45,8,7,0.9803333333333332,0.9836666666666666,0.15,0.1266666666666666,,,,0.1555555555555555,False
SIFT-100K,b29,64,100,"2266,4815,7001",300,45,5,4,0.9803333333333332,0.983,0.15,0.1366666666666666,,,,0.0888888888888888,False
SIFT-100K,b29,64,101,"46,2266,4815,7001",300,45,8,6,0.9803333333333332,0.984,0.15,0.13,,,,0.1333333333333333,False
SIFT-100K,b29,64,102,"991,2266,4815,7001",300,45,6,5,0.9803333333333332,0.9833333333333334,0.15,0.1333333333333333,,,,0.1111111111111111,False
SIFT-100K,b29,64,103,"46,991,2266,4815,7001",300,45,9,7,0.9803333333333332,0.9843333333333334,0.15,0.1266666666666666,,,,0.1555555555555555,False
SIFT-100K,b29,64,104,"3732,4815,7001",300,45,8,7,0.9803333333333332,0.984,0.15,0.1266666666666666,,,,0.1555555555555555,False
SIFT-100K,b29,64,105,"46,3732,4815,7001",300,45,11,9,0.9803333333333332,0.985,0.15,0.12,,,,0.2,False
SIFT-100K,b29,64,106,"991,3732,4815,7001",300,45,9,8,0.9803333333333332,0.9843333333333334,0.15,0.1233333333333333,,,,0.1777777777777777,False
SIFT-100K,b29,64,107,"46,991,3732,4815,7001",300,45,12,10,0.9803333333333332,0.9853333333333334,0.15,0.1166666666666666,,,,0.2222222222222222,False
SIFT-100K,b29,64,108,"2266,3732,4815,7001",300,45,8,8,0.9803333333333332,0.9846666666666666,0.15,0.1233333333333333,,,,0.1777777777777777,False
SIFT-100K,b29,64,109,"46,2266,3732,4815,7001",300,45,11,10,0.9803333333333332,0.9856666666666668,0.15,0.1166666666666666,,,,0.2222222222222222,False
SIFT-100K,b29,64,110,"991,2266,3732,4815,7001",300,45,9,9,0.9803333333333332,0.985,0.15,0.12,,,,0.2,False
SIFT-100K,b29,64,111,"46,991,2266,3732,4815,7001",300,45,12,11,0.9803333333333332,0.986,0.15,0.1133333333333333,,,,0.2444444444444444,False
SIFT-100K,b29,64,112,"4177,4815,7001",300,45,7,6,0.9803333333333332,0.9833333333333334,0.15,0.13,,,,0.1333333333333333,False
SIFT-100K,b29,64,113,"46,4177,4815,7001",300,45,10,8,0.9803333333333332,0.9843333333333334,0.15,0.1233333333333333,,,,0.1777777777777777,False
SIFT-100K,b29,64,114,"991,4177,4815,7001",300,45,8,7,0.9803333333333332,0.9836666666666666,0.15,0.1266666666666666,,,,0.1555555555555555,False
SIFT-100K,b29,64,115,"46,991,4177,4815,7001",300,45,11,9,0.9803333333333332,0.9846666666666666,0.15,0.12,,,,0.2,False
SIFT-100K,b29,64,116,"2266,4177,4815,7001",300,45,8,6,0.9803333333333332,0.984,0.15,0.13,,,,0.1333333333333333,False
SIFT-100K,b29,64,117,"46,2266,4177,4815,7001",300,45,11,8,0.9803333333333332,0.985,0.15,0.1233333333333333,,,,0.1777777777777777,False
SIFT-100K,b29,64,118,"991,2266,4177,4815,7001",300,45,9,7,0.9803333333333332,0.9843333333333334,0.15,0.1266666666666666,,,,0.1555555555555555,False
SIFT-100K,b29,64,119,"46,991,2266,4177,4815,7001",300,45,12,9,0.9803333333333332,0.9853333333333334,0.15,0.12,,,,0.2,False
SIFT-100K,b29,64,120,"3732,4177,4815,7001",300,45,10,8,0.9803333333333332,0.9846666666666666,0.15,0.1233333333333333,,,,0.1777777777777777,False
SIFT-100K,b29,64,121,"46,3732,4177,4815,7001",300,45,13,10,0.9803333333333332,0.9856666666666668,0.15,0.1166666666666666,,,,0.2222222222222222,False
SIFT-100K,b29,64,122,"991,3732,4177,4815,7001",300,45,11,9,0.9803333333333332,0.985,0.15,0.12,,,,0.2,False
SIFT-100K,b29,64,123,"46,991,3732,4177,4815,7001",300,45,14,11,0.9803333333333332,0.986,0.15,0.1133333333333333,,,,0.2444444444444444,False
SIFT-100K,b29,64,124,"2266,3732,4177,4815,7001",300,45,10,9,0.9803333333333332,0.9853333333333334,0.15,0.12,,,,0.2,False
SIFT-100K,b29,64,125,"46,2266,3732,4177,4815,7001",300,45,13,11,0.9803333333333332,0.9863333333333332,0.15,0.1133333333333333,,,,0.2444444444444444,False
SIFT-100K,b29,64,126,"991,2266,3732,4177,4815,7001",300,45,11,10,0.9803333333333332,0.9856666666666668,0.15,0.1166666666666666,,,,0.2222222222222222,False
SIFT-100K,b29,64,127,"46,991,2266,3732,4177,4815,7001",300,45,14,12,0.9803333333333332,0.9866666666666668,0.15,0.11,,,,0.2666666666666666,False
SIFT-100K,b29,64,128,8888,300,45,3,2,0.9803333333333332,0.982,0.15,0.1433333333333333,,,,0.0444444444444444,False
SIFT-100K,b29,64,129,"46,8888",300,45,6,4,0.9803333333333332,0.983,0.15,0.1366666666666666,,,,0.0888888888888888,False
SIFT-100K,b29,64,130,"991,8888",300,45,4,3,0.9803333333333332,0.9823333333333334,0.15,0.14,,,,0.0666666666666666,False
SIFT-100K,b29,64,131,"46,991,8888",300,45,7,5,0.9803333333333332,0.9833333333333334,0.15,0.1333333333333333,,,,0.1111111111111111,False
SIFT-100K,b29,64,132,"2266,8888",300,45,4,3,0.9803333333333332,0.9823333333333334,0.15,0.14,,,,0.0666666666666666,False
SIFT-100K,b29,64,133,"46,2266,8888",300,45,7,5,0.9803333333333332,0.9833333333333334,0.15,0.1333333333333333,,,,0.1111111111111111,False
SIFT-100K,b29,64,134,"991,2266,8888",300,45,5,4,0.9803333333333332,0.9826666666666666,0.15,0.1366666666666666,,,,0.0888888888888888,False
SIFT-100K,b29,64,135,"46,991,2266,8888",300,45,8,6,0.9803333333333332,0.9836666666666666,0.15,0.13,,,,0.1333333333333333,False
SIFT-100K,b29,64,136,"3732,8888",300,45,6,6,0.9803333333333332,0.9836666666666666,0.15,0.13,,,,0.1333333333333333,False
SIFT-100K,b29,64,137,"46,3732,8888",300,45,9,8,0.9803333333333332,0.9846666666666666,0.15,0.1233333333333333,,,,0.1777777777777777,False
SIFT-100K,b29,64,138,"991,3732,8888",300,45,7,7,0.9803333333333332,0.984,0.15,0.1266666666666666,,,,0.1555555555555555,False
SIFT-100K,b29,64,139,"46,991,3732,8888",300,45,10,9,0.9803333333333332,0.985,0.15,0.12,,,,0.2,False
SIFT-100K,b29,64,140,"2266,3732,8888",300,45,7,7,0.9803333333333332,0.984,0.15,0.1266666666666666,,,,0.1555555555555555,False
SIFT-100K,b29,64,141,"46,2266,3732,8888",300,45,10,9,0.9803333333333332,0.985,0.15,0.12,,,,0.2,False
SIFT-100K,b29,64,142,"991,2266,3732,8888",300,45,8,8,0.9803333333333332,0.9843333333333334,0.15,0.1233333333333333,,,,0.1777777777777777,False
SIFT-100K,b29,64,143,"46,991,2266,3732,8888",300,45,11,10,0.9803333333333332,0.9853333333333334,0.15,0.1166666666666666,,,,0.2222222222222222,False
SIFT-100K,b29,64,144,"4177,8888",300,45,6,4,0.9803333333333332,0.983,0.15,0.1366666666666666,,,,0.0888888888888888,False
SIFT-100K,b29,64,145,"46,4177,8888",300,45,9,6,0.9803333333333332,0.984,0.15,0.13,,,,0.1333333333333333,False
SIFT-100K,b29,64,146,"991,4177,8888",300,45,7,5,0.9803333333333332,0.9833333333333334,0.15,0.1333333333333333,,,,0.1111111111111111,False
SIFT-100K,b29,64,147,"46,991,4177,8888",300,45,10,7,0.9803333333333332,0.9843333333333334,0.15,0.1266666666666666,,,,0.1555555555555555,False
SIFT-100K,b29,64,148,"2266,4177,8888",300,45,7,5,0.9803333333333332,0.9833333333333334,0.15,0.1333333333333333,,,,0.1111111111111111,False
SIFT-100K,b29,64,149,"46,2266,4177,8888",300,45,10,7,0.9803333333333332,0.9843333333333334,0.15,0.1266666666666666,,,,0.1555555555555555,False
SIFT-100K,b29,64,150,"991,2266,4177,8888",300,45,8,6,0.9803333333333332,0.9836666666666666,0.15,0.13,,,,0.1333333333333333,False
SIFT-100K,b29,64,151,"46,991,2266,4177,8888",300,45,11,8,0.9803333333333332,0.9846666666666666,0.15,0.1233333333333333,,,,0.1777777777777777,False
SIFT-100K,b29,64,152,"3732,4177,8888",300,45,8,7,0.9803333333333332,0.9843333333333334,0.15,0.1266666666666666,,,,0.1555555555555555,False
SIFT-100K,b29,64,153,"46,3732,4177,8888",300,45,11,9,0.9803333333333332,0.9853333333333334,0.15,0.12,,,,0.2,False
SIFT-100K,b29,64,154,"991,3732,4177,8888",300,45,9,8,0.9803333333333332,0.9846666666666666,0.15,0.1233333333333333,,,,0.1777777777777777,False
SIFT-100K,b29,64,155,"46,991,3732,4177,8888",300,45,12,10,0.9803333333333332,0.9856666666666668,0.15,0.1166666666666666,,,,0.2222222222222222,False
SIFT-100K,b29,64,156,"2266,3732,4177,8888",300,45,9,8,0.9803333333333332,0.9846666666666666,0.15,0.1233333333333333,,,,0.1777777777777777,False
SIFT-100K,b29,64,157,"46,2266,3732,4177,8888",300,45,12,10,0.9803333333333332,0.9856666666666668,0.15,0.1166666666666666,,,,0.2222222222222222,False
SIFT-100K,b29,64,158,"991,2266,3732,4177,8888",300,45,10,9,0.9803333333333332,0.985,0.15,0.12,,,,0.2,False
SIFT-100K,b29,64,159,"46,991,2266,3732,4177,8888",300,45,13,11,0.9803333333333332,0.986,0.15,0.1133333333333333,,,,0.2444444444444444,False
SIFT-100K,b29,64,160,"4815,8888",300,45,3,2,0.9803333333333332,0.982,0.15,0.1433333333333333,,,,0.0444444444444444,False
SIFT-100K,b29,64,161,"46,4815,8888",300,45,6,4,0.9803333333333332,0.983,0.15,0.1366666666666666,,,,0.0888888888888888,False
SIFT-100K,b29,64,162,"991,4815,8888",300,45,4,3,0.9803333333333332,0.9823333333333334,0.15,0.14,,,,0.0666666666666666,False
SIFT-100K,b29,64,163,"46,991,4815,8888",300,45,7,5,0.9803333333333332,0.9833333333333334,0.15,0.1333333333333333,,,,0.1111111111111111,False
SIFT-100K,b29,64,164,"2266,4815,8888",300,45,4,3,0.9803333333333332,0.9823333333333334,0.15,0.14,,,,0.0666666666666666,False
SIFT-100K,b29,64,165,"46,2266,4815,8888",300,45,7,5,0.9803333333333332,0.9833333333333334,0.15,0.1333333333333333,,,,0.1111111111111111,False
SIFT-100K,b29,64,166,"991,2266,4815,8888",300,45,5,4,0.9803333333333332,0.9826666666666666,0.15,0.1366666666666666,,,,0.0888888888888888,False
SIFT-100K,b29,64,167,"46,991,2266,4815,8888",300,45,8,6,0.9803333333333332,0.9836666666666666,0.15,0.13,,,,0.1333333333333333,False
SIFT-100K,b29,64,168,"3732,4815,8888",300,45,6,6,0.9803333333333332,0.9836666666666666,0.15,0.13,,,,0.1333333333333333,False
SIFT-100K,b29,64,169,"46,3732,4815,8888",300,45,9,8,0.9803333333333332,0.9846666666666666,0.15,0.1233333333333333,,,,0.1777777777777777,False
SIFT-100K,b29,64,170,"991,3732,4815,8888",300,45,7,7,0.9803333333333332,0.984,0.15,0.1266666666666666,,,,0.1555555555555555,False
SIFT-100K,b29,64,171,"46,991,3732,4815,8888",300,45,10,9,0.9803333333333332,0.985,0.15,0.12,,,,0.2,False
SIFT-100K,b29,64,172,"2266,3732,4815,8888",300,45,7,7,0.9803333333333332,0.984,0.15,0.1266666666666666,,,,0.1555555555555555,False
SIFT-100K,b29,64,173,"46,2266,3732,4815,8888",300,45,10,9,0.9803333333333332,0.985,0.15,0.12,,,,0.2,False
SIFT-100K,b29,64,174,"991,2266,3732,4815,8888",300,45,8,8,0.9803333333333332,0.9843333333333334,0.15,0.1233333333333333,,,,0.1777777777777777,False
SIFT-100K,b29,64,175,"46,991,2266,3732,4815,8888",300,45,11,10,0.9803333333333332,0.9853333333333334,0.15,0.1166666666666666,,,,0.2222222222222222,False
SIFT-100K,b29,64,176,"4177,4815,8888",300,45,6,4,0.9803333333333332,0.983,0.15,0.1366666666666666,,,,0.0888888888888888,False
SIFT-100K,b29,64,177,"46,4177,4815,8888",300,45,9,6,0.9803333333333332,0.984,0.15,0.13,,,,0.1333333333333333,False
SIFT-100K,b29,64,178,"991,4177,4815,8888",300,45,7,5,0.9803333333333332,0.9833333333333334,0.15,0.1333333333333333,,,,0.1111111111111111,False
SIFT-100K,b29,64,179,"46,991,4177,4815,8888",300,45,10,7,0.9803333333333332,0.9843333333333334,0.15,0.1266666666666666,,,,0.1555555555555555,False
SIFT-100K,b29,64,180,"2266,4177,4815,8888",300,45,7,5,0.9803333333333332,0.9833333333333334,0.15,0.1333333333333333,,,,0.1111111111111111,False
SIFT-100K,b29,64,181,"46,2266,4177,4815,8888",300,45,10,7,0.9803333333333332,0.9843333333333334,0.15,0.1266666666666666,,,,0.1555555555555555,False
SIFT-100K,b29,64,182,"991,2266,4177,4815,8888",300,45,8,6,0.9803333333333332,0.9836666666666666,0.15,0.13,,,,0.1333333333333333,False
SIFT-100K,b29,64,183,"46,991,2266,4177,4815,8888",300,45,11,8,0.9803333333333332,0.9846666666666666,0.15,0.1233333333333333,,,,0.1777777777777777,False
SIFT-100K,b29,64,184,"3732,4177,4815,8888",300,45,8,7,0.9803333333333332,0.9843333333333334,0.15,0.1266666666666666,,,,0.1555555555555555,False
SIFT-100K,b29,64,185,"46,3732,4177,4815,8888",300,45,11,9,0.9803333333333332,0.9853333333333334,0.15,0.12,,,,0.2,False
SIFT-100K,b29,64,186,"991,3732,4177,4815,8888",300,45,9,8,0.9803333333333332,0.9846666666666666,0.15,0.1233333333333333,,,,0.1777777777777777,False
SIFT-100K,b29,64,187,"46,991,3732,4177,4815,8888",300,45,12,10,0.9803333333333332,0.9856666666666668,0.15,0.1166666666666666,,,,0.2222222222222222,False
SIFT-100K,b29,64,188,"2266,3732,4177,4815,8888",300,45,9,8,0.9803333333333332,0.9846666666666666,0.15,0.1233333333333333,,,,0.1777777777777777,False
SIFT-100K,b29,64,189,"46,2266,3732,4177,4815,8888",300,45,12,10,0.9803333333333332,0.9856666666666668,0.15,0.1166666666666666,,,,0.2222222222222222,False
SIFT-100K,b29,64,190,"991,2266,3732,4177,4815,8888",300,45,10,9,0.9803333333333332,0.985,0.15,0.12,,,,0.2,False
SIFT-100K,b29,64,191,"46,991,2266,3732,4177,4815,8888",300,45,13,11,0.9803333333333332,0.986,0.15,0.1133333333333333,,,,0.2444444444444444,False
SIFT-100K,b29,64,192,"7001,8888",300,45,5,4,0.9803333333333332,0.983,0.15,0.1366666666666666,,,,0.0888888888888888,False
SIFT-100K,b29,64,193,"46,7001,8888",300,45,8,6,0.9803333333333332,0.984,0.15,0.13,,,,0.1333333333333333,False
SIFT-100K,b29,64,194,"991,7001,8888",300,45,6,5,0.9803333333333332,0.9833333333333334,0.15,0.1333333333333333,,,,0.1111111111111111,False
SIFT-100K,b29,64,195,"46,991,7001,8888",300,45,9,7,0.9803333333333332,0.9843333333333334,0.15,0.1266666666666666,,,,0.1555555555555555,False
SIFT-100K,b29,64,196,"2266,7001,8888",300,45,5,4,0.9803333333333332,0.983,0.15,0.1366666666666666,,,,0.0888888888888888,False
SIFT-100K,b29,64,197,"46,2266,7001,8888",300,45,8,6,0.9803333333333332,0.984,0.15,0.13,,,,0.1333333333333333,False
SIFT-100K,b29,64,198,"991,2266,7001,8888",300,45,6,5,0.9803333333333332,0.9833333333333334,0.15,0.1333333333333333,,,,0.1111111111111111,False
SIFT-100K,b29,64,199,"46,991,2266,7001,8888",300,45,9,7,0.9803333333333332,0.9843333333333334,0.15,0.1266666666666666,,,,0.1555555555555555,False
SIFT-100K,b29,64,200,"3732,7001,8888",300,45,8,8,0.9803333333333332,0.9846666666666666,0.15,0.1233333333333333,,,,0.1777777777777777,False
SIFT-100K,b29,64,201,"46,3732,7001,8888",300,45,11,10,0.9803333333333332,0.9856666666666668,0.15,0.1166666666666666,,,,0.2222222222222222,False
SIFT-100K,b29,64,202,"991,3732,7001,8888",300,45,9,9,0.9803333333333332,0.985,0.15,0.12,,,,0.2,False
SIFT-100K,b29,64,203,"46,991,3732,7001,8888",300,45,12,11,0.9803333333333332,0.986,0.15,0.1133333333333333,,,,0.2444444444444444,False
SIFT-100K,b29,64,204,"2266,3732,7001,8888",300,45,8,8,0.9803333333333332,0.9846666666666666,0.15,0.1233333333333333,,,,0.1777777777777777,False
SIFT-100K,b29,64,205,"46,2266,3732,7001,8888",300,45,11,10,0.9803333333333332,0.9856666666666668,0.15,0.1166666666666666,,,,0.2222222222222222,False
SIFT-100K,b29,64,206,"991,2266,3732,7001,8888",300,45,9,9,0.9803333333333332,0.985,0.15,0.12,,,,0.2,False
SIFT-100K,b29,64,207,"46,991,2266,3732,7001,8888",300,45,12,11,0.9803333333333332,0.986,0.15,0.1133333333333333,,,,0.2444444444444444,False
SIFT-100K,b29,64,208,"4177,7001,8888",300,45,8,6,0.9803333333333332,0.984,0.15,0.13,,,,0.1333333333333333,False
SIFT-100K,b29,64,209,"46,4177,7001,8888",300,45,11,8,0.9803333333333332,0.985,0.15,0.1233333333333333,,,,0.1777777777777777,False
SIFT-100K,b29,64,210,"991,4177,7001,8888",300,45,9,7,0.9803333333333332,0.9843333333333334,0.15,0.1266666666666666,,,,0.1555555555555555,False
SIFT-100K,b29,64,211,"46,991,4177,7001,8888",300,45,12,9,0.9803333333333332,0.9853333333333334,0.15,0.12,,,,0.2,False
SIFT-100K,b29,64,212,"2266,4177,7001,8888",300,45,8,6,0.9803333333333332,0.984,0.15,0.13,,,,0.1333333333333333,False
SIFT-100K,b29,64,213,"46,2266,4177,7001,8888",300,45,11,8,0.9803333333333332,0.985,0.15,0.1233333333333333,,,,0.1777777777777777,False
SIFT-100K,b29,64,214,"991,2266,4177,7001,8888",300,45,9,7,0.9803333333333332,0.9843333333333334,0.15,0.1266666666666666,,,,0.1555555555555555,False
SIFT-100K,b29,64,215,"46,991,2266,4177,7001,8888",300,45,12,9,0.9803333333333332,0.9853333333333334,0.15,0.12,,,,0.2,False
SIFT-100K,b29,64,216,"3732,4177,7001,8888",300,45,10,9,0.9803333333333332,0.9853333333333334,0.15,0.12,,,,0.2,False
SIFT-100K,b29,64,217,"46,3732,4177,7001,8888",300,45,13,11,0.9803333333333332,0.9863333333333332,0.15,0.1133333333333333,,,,0.2444444444444444,False
SIFT-100K,b29,64,218,"991,3732,4177,7001,8888",300,45,11,10,0.9803333333333332,0.9856666666666668,0.15,0.1166666666666666,,,,0.2222222222222222,False
SIFT-100K,b29,64,219,"46,991,3732,4177,7001,8888",300,45,14,12,0.9803333333333332,0.9866666666666668,0.15,0.11,,,,0.2666666666666666,False
SIFT-100K,b29,64,220,"2266,3732,4177,7001,8888",300,45,10,9,0.9803333333333332,0.9853333333333334,0.15,0.12,,,,0.2,False
SIFT-100K,b29,64,221,"46,2266,3732,4177,7001,8888",300,45,13,11,0.9803333333333332,0.9863333333333332,0.15,0.1133333333333333,,,,0.2444444444444444,False
SIFT-100K,b29,64,222,"991,2266,3732,4177,7001,8888",300,45,11,10,0.9803333333333332,0.9856666666666668,0.15,0.1166666666666666,,,,0.2222222222222222,False
SIFT-100K,b29,64,223,"46,991,2266,3732,4177,7001,8888",300,45,14,12,0.9803333333333332,0.9866666666666668,0.15,0.11,,,,0.2666666666666666,False
SIFT-100K,b29,64,224,"4815,7001,8888",300,45,5,4,0.9803333333333332,0.983,0.15,0.1366666666666666,,,,0.0888888888888888,False
SIFT-100K,b29,64,225,"46,4815,7001,8888",300,45,8,6,0.9803333333333332,0.984,0.15,0.13,,,,0.1333333333333333,False
SIFT-100K,b29,64,226,"991,4815,7001,8888",300,45,6,5,0.9803333333333332,0.9833333333333334,0.15,0.1333333333333333,,,,0.1111111111111111,False
SIFT-100K,b29,64,227,"46,991,4815,7001,8888",300,45,9,7,0.9803333333333332,0.9843333333333334,0.15,0.1266666666666666,,,,0.1555555555555555,False
SIFT-100K,b29,64,228,"2266,4815,7001,8888",300,45,5,4,0.9803333333333332,0.983,0.15,0.1366666666666666,,,,0.0888888888888888,False
SIFT-100K,b29,64,229,"46,2266,4815,7001,8888",300,45,8,6,0.9803333333333332,0.984,0.15,0.13,,,,0.1333333333333333,False
SIFT-100K,b29,64,230,"991,2266,4815,7001,8888",300,45,6,5,0.9803333333333332,0.9833333333333334,0.15,0.1333333333333333,,,,0.1111111111111111,False
SIFT-100K,b29,64,231,"46,991,2266,4815,7001,8888",300,45,9,7,0.9803333333333332,0.9843333333333334,0.15,0.1266666666666666,,,,0.1555555555555555,False
SIFT-100K,b29,64,232,"3732,4815,7001,8888",300,45,8,8,0.9803333333333332,0.9846666666666666,0.15,0.1233333333333333,,,,0.1777777777777777,False
SIFT-100K,b29,64,233,"46,3732,4815,7001,8888",300,45,11,10,0.9803333333333332,0.9856666666666668,0.15,0.1166666666666666,,,,0.2222222222222222,False
SIFT-100K,b29,64,234,"991,3732,4815,7001,8888",300,45,9,9,0.9803333333333332,0.985,0.15,0.12,,,,0.2,False
SIFT-100K,b29,64,235,"46,991,3732,4815,7001,8888",300,45,12,11,0.9803333333333332,0.986,0.15,0.1133333333333333,,,,0.2444444444444444,False
SIFT-100K,b29,64,236,"2266,3732,4815,7001,8888",300,45,8,8,0.9803333333333332,0.9846666666666666,0.15,0.1233333333333333,,,,0.1777777777777777,False
SIFT-100K,b29,64,237,"46,2266,3732,4815,7001,8888",300,45,11,10,0.9803333333333332,0.9856666666666668,0.15,0.1166666666666666,,,,0.2222222222222222,False
SIFT-100K,b29,64,238,"991,2266,3732,4815,7001,8888",300,45,9,9,0.9803333333333332,0.985,0.15,0.12,,,,0.2,False
SIFT-100K,b29,64,239,"46,991,2266,3732,4815,7001,8888",300,45,12,11,0.9803333333333332,0.986,0.15,0.1133333333333333,,,,0.2444444444444444,False
SIFT-100K,b29,64,240,"4177,4815,7001,8888",300,45,8,6,0.9803333333333332,0.984,0.15,0.13,,,,0.1333333333333333,False
SIFT-100K,b29,64,241,"46,4177,4815,7001,8888",300,45,11,8,0.9803333333333332,0.985,0.15,0.1233333333333333,,,,0.1777777777777777,False
SIFT-100K,b29,64,242,"991,4177,4815,7001,8888",300,45,9,7,0.9803333333333332,0.9843333333333334,0.15,0.1266666666666666,,,,0.1555555555555555,False
SIFT-100K,b29,64,243,"46,991,4177,4815,7001,8888",300,45,12,9,0.9803333333333332,0.9853333333333334,0.15,0.12,,,,0.2,False
SIFT-100K,b29,64,244,"2266,4177,4815,7001,8888",300,45,8,6,0.9803333333333332,0.984,0.15,0.13,,,,0.1333333333333333,False
SIFT-100K,b29,64,245,"46,2266,4177,4815,7001,8888",300,45,11,8,0.9803333333333332,0.985,0.15,0.1233333333333333,,,,0.1777777777777777,False
SIFT-100K,b29,64,246,"991,2266,4177,4815,7001,8888",300,45,9,7,0.9803333333333332,0.9843333333333334,0.15,0.1266666666666666,,,,0.1555555555555555,False
SIFT-100K,b29,64,247,"46,991,2266,4177,4815,7001,8888",300,45,12,9,0.9803333333333332,0.9853333333333334,0.15,0.12,,,,0.2,False
SIFT-100K,b29,64,248,"3732,4177,4815,7001,8888",300,45,10,9,0.9803333333333332,0.9853333333333334,0.15,0.12,,,,0.2,False
SIFT-100K,b29,64,249,"46,3732,4177,4815,7001,8888",300,45,13,11,0.9803333333333332,0.9863333333333332,0.15,0.1133333333333333,,,,0.2444444444444444,False
SIFT-100K,b29,64,250,"991,3732,4177,4815,7001,8888",300,45,11,10,0.9803333333333332,0.9856666666666668,0.15,0.1166666666666666,,,,0.2222222222222222,False
SIFT-100K,b29,64,251,"46,991,3732,4177,4815,7001,8888",300,45,14,12,0.9803333333333332,0.9866666666666668,0.15,0.11,,,,0.2666666666666666,False
SIFT-100K,b29,64,252,"2266,3732,4177,4815,7001,8888",300,45,10,9,0.9803333333333332,0.9853333333333334,0.15,0.12,,,,0.2,False
SIFT-100K,b29,64,253,"46,2266,3732,4177,4815,7001,8888",300,45,13,11,0.9803333333333332,0.9863333333333332,0.15,0.1133333333333333,,,,0.2444444444444444,False
SIFT-100K,b29,64,254,"991,2266,3732,4177,4815,7001,8888",300,45,11,10,0.9803333333333332,0.9856666666666668,0.15,0.1166666666666666,,,,0.2222222222222222,False
SIFT-100K,b29,64,255,"46,991,2266,3732,4177,4815,7001,8888",300,45,14,12,0.9803333333333332,0.9866666666666668,0.15,0.11,,,,0.2666666666666666,False
SIFT-100K,b7,8,0,EMPTY,300,242,0,0,0.7426666666666667,0.7426666666666667,0.8066666666666666,0.8066666666666666,25.5,25.5,21.91,0.0,True
SIFT-100K,b7,8,1,46,300,242,78,15,0.7426666666666667,0.7903333333333333,0.8066666666666666,0.7566666666666667,,,,0.0619834710743801,False
SIFT-100K,b7,8,2,991,300,242,90,22,0.7426666666666667,0.8053333333333332,0.8066666666666666,0.7333333333333333,,,,0.0909090909090909,False
SIFT-100K,b7,8,3,"46,991",300,242,132,32,0.7426666666666667,0.836,0.8066666666666666,0.7,,,,0.1322314049586777,False
SIFT-100K,b7,8,4,2266,300,242,86,13,0.7426666666666667,0.8036666666666668,0.8066666666666666,0.7633333333333333,,,,0.0537190082644628,False
SIFT-100K,b7,8,5,"46,2266",300,242,127,28,0.7426666666666667,0.8320000000000001,0.8066666666666666,0.7133333333333334,,,,0.1157024793388429,False
SIFT-100K,b7,8,6,"991,2266",300,242,127,32,0.7426666666666667,0.8386666666666667,0.8066666666666666,0.7,,,,0.1322314049586777,False
SIFT-100K,b7,8,7,"46,991,2266",300,242,155,43,0.7426666666666667,0.8606666666666667,0.8066666666666666,0.6633333333333333,,,,0.1776859504132231,False
SIFT-100K,b7,8,8,3732,300,242,86,22,0.7426666666666667,0.8019999999999999,0.8066666666666666,0.7333333333333333,,,,0.0909090909090909,False
SIFT-100K,b7,8,9,"46,3732",300,242,128,33,0.7426666666666667,0.8336666666666666,0.8066666666666666,0.6966666666666667,,,,0.1363636363636363,False
SIFT-100K,b7,8,10,"991,3732",300,242,122,35,0.7426666666666667,0.8363333333333334,0.8066666666666666,0.69,,,,0.1446280991735537,False
SIFT-100K,b7,8,11,"46,991,3732",300,242,150,44,0.7426666666666667,0.8593333333333334,0.8066666666666666,0.66,,,,0.1818181818181818,False
SIFT-100K,b7,8,12,"2266,3732",300,242,124,32,0.7426666666666667,0.836,0.8066666666666666,0.7,,,,0.1322314049586777,False
SIFT-100K,b7,8,13,"46,2266,3732",300,242,151,44,0.7426666666666667,0.857,0.8066666666666666,0.66,,,,0.1818181818181818,False
SIFT-100K,b7,8,14,"991,2266,3732",300,242,144,44,0.7426666666666667,0.858,0.8066666666666666,0.66,,,,0.1818181818181818,False
SIFT-100K,b7,8,15,"46,991,2266,3732",300,242,165,54,0.7426666666666667,0.875,0.8066666666666666,0.6266666666666667,,,,0.2231404958677686,False
SIFT-100K,b7,8,16,4177,300,242,72,16,0.7426666666666667,0.7916666666666667,0.8066666666666666,0.7533333333333333,,,,0.0661157024793388,False
SIFT-100K,b7,8,17,"46,4177",300,242,109,26,0.7426666666666667,0.8156666666666667,0.8066666666666666,0.72,,,,0.1074380165289256,False
SIFT-100K,b7,8,18,"991,4177",300,242,124,32,0.7426666666666667,0.8320000000000001,0.8066666666666666,0.7,,,,0.1322314049586777,False
SIFT-100K,b7,8,19,"46,991,4177",300,242,148,40,0.7426666666666667,0.85,0.8066666666666666,0.6733333333333333,,,,0.1652892561983471,False
SIFT-100K,b7,8,20,"2266,4177",300,242,116,28,0.7426666666666667,0.8286666666666667,0.8066666666666666,0.7133333333333334,,,,0.1157024793388429,False
SIFT-100K,b7,8,21,"46,2266,4177",300,242,144,40,0.7426666666666667,0.8486666666666667,0.8066666666666666,0.6733333333333333,,,,0.1652892561983471,False
SIFT-100K,b7,8,22,"991,2266,4177",300,242,146,43,0.7426666666666667,0.8553333333333333,0.8066666666666666,0.6633333333333333,,,,0.1776859504132231,False
SIFT-100K,b7,8,23,"46,991,2266,4177",300,242,166,53,0.7426666666666667,0.8716666666666667,0.8066666666666666,0.63,,,,0.2190082644628099,False
SIFT-100K,b7,8,24,"3732,4177",300,242,119,34,0.7426666666666667,0.8323333333333334,0.8066666666666666,0.6933333333333334,,,,0.140495867768595,False
SIFT-100K,b7,8,25,"46,3732,4177",300,242,144,44,0.7426666666666667,0.8503333333333334,0.8066666666666666,0.66,,,,0.1818181818181818,False
SIFT-100K,b7,8,26,"991,3732,4177",300,242,142,45,0.7426666666666667,0.8563333333333333,0.8066666666666666,0.6566666666666666,,,,0.1859504132231405,False
SIFT-100K,b7,8,27,"46,991,3732,4177",300,242,161,54,0.7426666666666667,0.8710000000000001,0.8066666666666666,0.6266666666666667,,,,0.2231404958677686,False
SIFT-100K,b7,8,28,"2266,3732,4177",300,242,144,44,0.7426666666666667,0.8553333333333333,0.8066666666666666,0.66,,,,0.1818181818181818,False
SIFT-100K,b7,8,29,"46,2266,3732,4177",300,242,163,57,0.7426666666666667,0.8713333333333333,0.8066666666666666,0.6166666666666667,,,,0.2355371900826446,False
SIFT-100K,b7,8,30,"991,2266,3732,4177",300,242,157,55,0.7426666666666667,0.8720000000000001,0.8066666666666666,0.6233333333333333,,,,0.2272727272727272,False
SIFT-100K,b7,8,31,"46,991,2266,3732,4177",300,242,173,66,0.7426666666666667,0.885,0.8066666666666666,0.5866666666666667,,,,0.2727272727272727,False
SIFT-100K,b7,8,32,4815,300,242,79,17,0.7426666666666667,0.7953333333333333,0.8066666666666666,0.75,,,,0.0702479338842975,False
SIFT-100K,b7,8,33,"46,4815",300,242,119,31,0.7426666666666667,0.8266666666666668,0.8066666666666666,0.7033333333333334,,,,0.128099173553719,False
SIFT-100K,b7,8,34,"991,4815",300,242,135,38,0.7426666666666667,0.8406666666666667,0.8066666666666666,0.68,,,,0.1570247933884297,False
SIFT-100K,b7,8,35,"46,991,4815",300,242,161,48,0.7426666666666667,0.8633333333333333,0.8066666666666666,0.6466666666666666,,,,0.1983471074380165,False
SIFT-100K,b7,8,36,"2266,4815",300,242,130,30,0.7426666666666667,0.8353333333333334,0.8066666666666666,0.7066666666666667,,,,0.1239669421487603,False
SIFT-100K,b7,8,37,"46,2266,4815",300,242,153,43,0.7426666666666667,0.8560000000000001,0.8066666666666666,0.6633333333333333,,,,0.1776859504132231,False
SIFT-100K,b7,8,38,"991,2266,4815",300,242,158,46,0.7426666666666667,0.8646666666666667,0.8066666666666666,0.6533333333333333,,,,0.1900826446280991,False
SIFT-100K,b7,8,39,"46,991,2266,4815",300,242,175,57,0.7426666666666667,0.881,0.8066666666666666,0.6166666666666667,,,,0.2355371900826446,False
SIFT-100K,b7,8,40,"3732,4815",300,242,128,38,0.7426666666666667,0.8353333333333334,0.8066666666666666,0.68,,,,0.1570247933884297,False
SIFT-100K,b7,8,41,"46,3732,4815",300,242,152,48,0.7426666666666667,0.8576666666666666,0.8066666666666666,0.6466666666666666,,,,0.1983471074380165,False
SIFT-100K,b7,8,42,"991,3732,4815",300,242,151,49,0.7426666666666667,0.8619999999999999,0.8066666666666666,0.6433333333333333,,,,0.2024793388429752,False
SIFT-100K,b7,8,43,"46,991,3732,4815",300,242,169,58,0.7426666666666667,0.8796666666666667,0.8066666666666666,0.6133333333333333,,,,0.2396694214876033,False
SIFT-100K,b7,8,44,"2266,3732,4815",300,242,153,46,0.7426666666666667,0.86,0.8066666666666666,0.6533333333333333,,,,0.1900826446280991,False
SIFT-100K,b7,8,45,"46,2266,3732,4815",300,242,170,58,0.7426666666666667,0.8756666666666666,0.8066666666666666,0.6133333333333333,,,,0.2396694214876033,False
SIFT-100K,b7,8,46,"991,2266,3732,4815",300,242,166,57,0.7426666666666667,0.8783333333333333,0.8066666666666666,0.6166666666666667,,,,0.2355371900826446,False
SIFT-100K,b7,8,47,"46,991,2266,3732,4815",300,242,180,67,0.7426666666666667,0.891,0.8066666666666666,0.5833333333333334,,,,0.2768595041322314,False
SIFT-100K,b7,8,48,"4177,4815",300,242,111,27,0.7426666666666667,0.8220000000000001,0.8066666666666666,0.7166666666666667,,,,0.1115702479338843,False
SIFT-100K,b7,8,49,"46,4177,4815",300,242,137,38,0.7426666666666667,0.8413333333333334,0.8066666666666666,0.68,,,,0.1570247933884297,False
SIFT-100K,b7,8,50,"991,4177,4815",300,242,151,43,0.7426666666666667,0.8556666666666667,0.8066666666666666,0.6633333333333333,,,,0.1776859504132231,False
SIFT-100K,b7,8,51,"46,991,4177,4815",300,242,168,52,0.7426666666666667,0.8710000000000001,0.8066666666666666,0.6333333333333333,,,,0.2148760330578512,False
SIFT-100K,b7,8,52,"2266,4177,4815",300,242,141,38,0.7426666666666667,0.849,0.8066666666666666,0.68,,,,0.1570247933884297,False
SIFT-100K,b7,8,53,"46,2266,4177,4815",300,242,161,50,0.7426666666666667,0.8666666666666666,0.8066666666666666,0.64,,,,0.2066115702479339,False
SIFT-100K,b7,8,54,"991,2266,4177,4815",300,242,165,52,0.7426666666666667,0.8726666666666667,0.8066666666666666,0.6333333333333333,,,,0.2148760330578512,False
SIFT-100K,b7,8,55,"46,991,2266,4177,4815",300,242,179,62,0.7426666666666667,0.8869999999999999,0.8066666666666666,0.6,,,,0.256198347107438,False
SIFT-100K,b7,8,56,"3732,4177,4815",300,242,141,44,0.7426666666666667,0.8526666666666667,0.8066666666666666,0.66,,,,0.1818181818181818,False
SIFT-100K,b7,8,57,"46,3732,4177,4815",300,242,161,54,0.7426666666666667,0.868,0.8066666666666666,0.6266666666666667,,,,0.2231404958677686,False
SIFT-100K,b7,8,58,"991,3732,4177,4815",300,242,160,54,0.7426666666666667,0.8733333333333333,0.8066666666666666,0.6266666666666667,,,,0.2231404958677686,False
SIFT-100K,b7,8,59,"46,991,3732,4177,4815",300,242,174,63,0.7426666666666667,0.8853333333333333,0.8066666666666666,0.5966666666666667,,,,0.2603305785123967,False
SIFT-100K,b7,8,60,"2266,3732,4177,4815",300,242,161,53,0.7426666666666667,0.8710000000000001,0.8066666666666666,0.63,,,,0.2190082644628099,False
SIFT-100K,b7,8,61,"46,2266,3732,4177,4815",300,242,176,65,0.7426666666666667,0.885,0.8066666666666666,0.59,,,,0.268595041322314,False
SIFT-100K,b7,8,62,"991,2266,3732,4177,4815",300,242,171,63,0.7426666666666667,0.8853333333333333,0.8066666666666666,0.5966666666666667,,,,0.2603305785123967,False
SIFT-100K,b7,8,63,"46,991,2266,3732,4177,4815",300,242,183,73,0.7426666666666667,0.8963333333333333,0.8066666666666666,0.5633333333333334,,,,0.3016528925619834,False
SIFT-100K,b7,8,64,7001,300,242,79,14,0.7426666666666667,0.7966666666666666,0.8066666666666666,0.76,,,,0.0578512396694214,False
SIFT-100K,b7,8,65,"46,7001",300,242,119,24,0.7426666666666667,0.8263333333333334,0.8066666666666666,0.7266666666666667,,,,0.0991735537190082,False
SIFT-100K,b7,8,66,"991,7001",300,242,123,31,0.7426666666666667,0.8333333333333334,0.8066666666666666,0.7033333333333334,,,,0.128099173553719,False
SIFT-100K,b7,8,67,"46,991,7001",300,242,151,38,0.7426666666666667,0.8550000000000001,0.8066666666666666,0.68,,,,0.1570247933884297,False
SIFT-100K,b7,8,68,"2266,7001",300,242,119,25,0.7426666666666667,0.833,0.8066666666666666,0.7233333333333334,,,,0.1033057851239669,False
SIFT-100K,b7,8,69,"46,2266,7001",300,242,149,35,0.7426666666666667,0.8533333333333333,0.8066666666666666,0.69,,,,0.1446280991735537,False
SIFT-100K,b7,8,70,"991,2266,7001",300,242,144,40,0.7426666666666667,0.8553333333333333,0.8066666666666666,0.6733333333333333,,,,0.1652892561983471,False
SIFT-100K,b7,8,71,"46,991,2266,7001",300,242,166,48,0.7426666666666667,0.8720000000000001,0.8066666666666666,0.6466666666666666,,,,0.1983471074380165,False
SIFT-100K,b7,8,72,"3732,7001",300,242,119,30,0.7426666666666667,0.833,0.8066666666666666,0.7066666666666667,,,,0.1239669421487603,False
SIFT-100K,b7,8,73,"46,3732,7001",300,242,147,39,0.7426666666666667,0.8553333333333333,0.8066666666666666,0.6766666666666666,,,,0.1611570247933884,False
SIFT-100K,b7,8,74,"991,3732,7001",300,242,142,43,0.7426666666666667,0.8546666666666667,0.8066666666666666,0.6633333333333333,,,,0.1776859504132231,False
SIFT-100K,b7,8,75,"46,991,3732,7001",300,242,163,49,0.7426666666666667,0.8720000000000001,0.8066666666666666,0.6433333333333333,,,,0.2024793388429752,False
SIFT-100K,b7,8,76,"2266,3732,7001",300,242,142,41,0.7426666666666667,0.8553333333333333,0.8066666666666666,0.67,,,,0.1694214876033057,False
SIFT-100K,b7,8,77,"46,2266,3732,7001",300,242,164,50,0.7426666666666667,0.8716666666666667,0.8066666666666666,0.64,,,,0.2066115702479339,False
SIFT-100K,b7,8,78,"991,2266,3732,7001",300,242,156,52,0.7426666666666667,0.8710000000000001,0.8066666666666666,0.6333333333333333,,,,0.2148760330578512,False
SIFT-100K,b7,8,79,"46,991,2266,3732,7001",300,242,174,59,0.7426666666666667,0.8843333333333334,0.8066666666666666,0.61,,,,0.2438016528925619,False
SIFT-100K,b7,8,80,"4177,7001",300,242,108,23,0.7426666666666667,0.8233333333333333,0.8066666666666666,0.73,,,,0.0950413223140495,False
SIFT-100K,b7,8,81,"46,4177,7001",300,242,134,33,0.7426666666666667,0.8423333333333334,0.8066666666666666,0.6966666666666667,,,,0.1363636363636363,False
SIFT-100K,b7,8,82,"991,4177,7001",300,242,139,37,0.7426666666666667,0.8496666666666666,0.8066666666666666,0.6833333333333333,,,,0.152892561983471,False
SIFT-100K,b7,8,83,"46,991,4177,7001",300,242,159,44,0.7426666666666667,0.8640000000000001,0.8066666666666666,0.66,,,,0.1818181818181818,False
SIFT-100K,b7,8,84,"2266,4177,7001",300,242,136,34,0.7426666666666667,0.8480000000000001,0.8066666666666666,0.6933333333333334,,,,0.140495867768595,False
SIFT-100K,b7,8,85,"46,2266,4177,7001",300,242,158,44,0.7426666666666667,0.8636666666666667,0.8066666666666666,0.66,,,,0.1818181818181818,False
SIFT-100K,b7,8,86,"991,2266,4177,7001",300,242,155,47,0.7426666666666667,0.867,0.8066666666666666,0.65,,,,0.1942148760330578,False
SIFT-100K,b7,8,87,"46,991,2266,4177,7001",300,242,172,55,0.7426666666666667,0.8796666666666667,0.8066666666666666,0.6233333333333333,,,,0.2272727272727272,False
SIFT-100K,b7,8,88,"3732,4177,7001",300,242,136,39,0.7426666666666667,0.8503333333333334,0.8066666666666666,0.6766666666666666,,,,0.1611570247933884,False
SIFT-100K,b7,8,89,"46,3732,4177,7001",300,242,155,48,0.7426666666666667,0.8656666666666666,0.8066666666666666,0.6466666666666666,,,,0.1983471074380165,False
SIFT-100K,b7,8,90,"991,3732,4177,7001",300,242,152,50,0.7426666666666667,0.8673333333333334,0.8066666666666666,0.64,,,,0.2066115702479339,False
SIFT-100K,b7,8,91,"46,991,3732,4177,7001",300,242,169,57,0.7426666666666667,0.8800000000000001,0.8066666666666666,0.6166666666666667,,,,0.2355371900826446,False
SIFT-100K,b7,8,92,"2266,3732,4177,7001",300,242,154,50,0.7426666666666667,0.8673333333333334,0.8066666666666666,0.64,,,,0.2066115702479339,False
SIFT-100K,b7,8,93,"46,2266,3732,4177,7001",300,242,170,60,0.7426666666666667,0.8806666666666667,0.8066666666666666,0.6066666666666667,,,,0.2479338842975206,False
SIFT-100K,b7,8,94,"991,2266,3732,4177,7001",300,242,163,60,0.7426666666666667,0.8800000000000001,0.8066666666666666,0.6066666666666667,,,,0.2479338842975206,False
SIFT-100K,b7,8,95,"46,991,2266,3732,4177,7001",300,242,178,68,0.7426666666666667,0.891,0.8066666666666666,0.58,,,,0.2809917355371901,False
SIFT-100K,b7,8,96,"4815,7001",300,242,125,30,0.7426666666666667,0.8373333333333333,0.8066666666666666,0.7066666666666667,,,,0.1239669421487603,False
SIFT-100K,b7,8,97,"46,4815,7001",300,242,146,40,0.7426666666666667,0.857,0.8066666666666666,0.6733333333333333,,,,0.1652892561983471,False
SIFT-100K,b7,8,98,"991,4815,7001",300,242,153,47,0.7426666666666667,0.8623333333333333,0.8066666666666666,0.65,,,,0.1942148760330578,False
SIFT-100K,b7,8,99,"46,991,4815,7001",300,242,170,54,0.7426666666666667,0.8786666666666667,0.8066666666666666,0.6266666666666667,,,,0.2231404958677686,False
SIFT-100K,b7,8,100,"2266,4815,7001",300,242,151,42,0.7426666666666667,0.8596666666666666,0.8066666666666666,0.6666666666666666,,,,0.1735537190082644,False
SIFT-100K,b7,8,101,"46,2266,4815,7001",300,242,167,51,0.7426666666666667,0.8746666666666666,0.8066666666666666,0.6366666666666667,,,,0.2107438016528925,False
SIFT-100K,b7,8,102,"991,2266,4815,7001",300,242,167,56,0.7426666666666667,0.8783333333333333,0.8066666666666666,0.62,,,,0.2314049586776859,False
SIFT-100K,b7,8,103,"46,991,2266,4815,7001",300,242,180,63,0.7426666666666667,0.8906666666666666,0.8066666666666666,0.5966666666666667,,,,0.2603305785123967,False
SIFT-100K,b7,8,104,"3732,4815,7001",300,242,148,45,0.7426666666666667,0.8593333333333334,0.8066666666666666,0.6566666666666666,,,,0.1859504132231405,False
SIFT-100K,b7,8,105,"46,3732,4815,7001",300,242,163,54,0.7426666666666667,0.8753333333333334,0.8066666666666666,0.6266666666666667,,,,0.2231404958677686,False
SIFT-100K,b7,8,106,"991,3732,4815,7001",300,242,163,56,0.7426666666666667,0.8763333333333334,0.8066666666666666,0.62,,,,0.2314049586776859,False
SIFT-100K,b7,8,107,"46,991,3732,4815,7001",300,242,176,63,0.7426666666666667,0.8896666666666666,0.8066666666666666,0.5966666666666667,,,,0.2603305785123967,False
SIFT-100K,b7,8,108,"2266,3732,4815,7001",300,242,165,56,0.7426666666666667,0.876,0.8066666666666666,0.62,,,,0.2314049586776859,False
SIFT-100K,b7,8,109,"46,2266,3732,4815,7001",300,242,178,65,0.7426666666666667,0.8886666666666667,0.8066666666666666,0.59,,,,0.268595041322314,False
SIFT-100K,b7,8,110,"991,2266,3732,4815,7001",300,242,173,66,0.7426666666666667,0.8886666666666667,0.8066666666666666,0.5866666666666667,,,,0.2727272727272727,False
SIFT-100K,b7,8,111,"46,991,2266,3732,4815,7001",300,242,185,73,0.7426666666666667,0.899,0.8066666666666666,0.5633333333333334,,,,0.3016528925619834,False
SIFT-100K,b7,8,112,"4177,4815,7001",300,242,135,34,0.7426666666666667,0.8493333333333334,0.8066666666666666,0.6933333333333334,,,,0.140495867768595,False
SIFT-100K,b7,8,113,"46,4177,4815,7001",300,242,153,44,0.7426666666666667,0.8643333333333333,0.8066666666666666,0.66,,,,0.1818181818181818,False
SIFT-100K,b7,8,114,"991,4177,4815,7001",300,242,159,48,0.7426666666666667,0.8710000000000001,0.8066666666666666,0.6466666666666666,,,,0.1983471074380165,False
SIFT-100K,b7,8,115,"46,991,4177,4815,7001",300,242,173,55,0.7426666666666667,0.8826666666666666,0.8066666666666666,0.6233333333333333,,,,0.2272727272727272,False
SIFT-100K,b7,8,116,"2266,4177,4815,7001",300,242,156,45,0.7426666666666667,0.8676666666666666,0.8066666666666666,0.6566666666666666,,,,0.1859504132231405,False
SIFT-100K,b7,8,117,"46,2266,4177,4815,7001",300,242,171,54,0.7426666666666667,0.881,0.8066666666666666,0.6266666666666667,,,,0.2231404958677686,False
SIFT-100K,b7,8,118,"991,2266,4177,4815,7001",300,242,170,57,0.7426666666666667,0.884,0.8066666666666666,0.6166666666666667,,,,0.2355371900826446,False
SIFT-100K,b7,8,119,"46,991,2266,4177,4815,7001",300,242,182,64,0.7426666666666667,0.8946666666666667,0.8066666666666666,0.5933333333333334,,,,0.2644628099173554,False
SIFT-100K,b7,8,120,"3732,4177,4815,7001",300,242,152,48,0.7426666666666667,0.868,0.8066666666666666,0.6466666666666666,,,,0.1983471074380165,False
SIFT-100K,b7,8,121,"46,3732,4177,4815,7001",300,242,166,57,0.7426666666666667,0.8806666666666667,0.8066666666666666,0.6166666666666667,,,,0.2355371900826446,False
SIFT-100K,b7,8,122,"991,3732,4177,4815,7001",300,242,166,58,0.7426666666666667,0.883,0.8066666666666666,0.6133333333333333,,,,0.2396694214876033,False
SIFT-100K,b7,8,123,"46,991,3732,4177,4815,7001",300,242,178,65,0.7426666666666667,0.893,0.8066666666666666,0.59,,,,0.268595041322314,False
SIFT-100K,b7,8,124,"2266,3732,4177,4815,7001",300,242,168,59,0.7426666666666667,0.8826666666666666,0.8066666666666666,0.61,,,,0.2438016528925619,False
SIFT-100K,b7,8,125,"46,2266,3732,4177,4815,7001",300,242,180,68,0.7426666666666667,0.8939999999999999,0.8066666666666666,0.58,,,,0.2809917355371901,False
SIFT-100K,b7,8,126,"991,2266,3732,4177,4815,7001",300,242,175,68,0.7426666666666667,0.8933333333333333,0.8066666666666666,0.58,,,,0.2809917355371901,False
SIFT-100K,b7,8,127,"46,991,2266,3732,4177,4815,7001",300,242,186,75,0.7426666666666667,0.9023333333333332,0.8066666666666666,0.5566666666666666,,,,0.3099173553719008,False
SIFT-100K,b7,8,128,8888,300,242,71,18,0.7426666666666667,0.7889999999999999,0.8066666666666666,0.7466666666666667,,,,0.0743801652892562,False
SIFT-100K,b7,8,129,"46,8888",300,242,113,28,0.7426666666666667,0.8206666666666667,0.8066666666666666,0.7133333333333334,,,,0.1157024793388429,False
SIFT-100K,b7,8,130,"991,8888",300,242,127,35,0.7426666666666667,0.835,0.8066666666666666,0.69,,,,0.1446280991735537,False
SIFT-100K,b7,8,131,"46,991,8888",300,242,154,44,0.7426666666666667,0.8573333333333334,0.8066666666666666,0.66,,,,0.1818181818181818,False
SIFT-100K,b7,8,132,"2266,8888",300,242,118,30,0.7426666666666667,0.8323333333333334,0.8066666666666666,0.7066666666666667,,,,0.1239669421487603,False
SIFT-100K,b7,8,133,"46,2266,8888",300,242,144,41,0.7426666666666667,0.8526666666666667,0.8066666666666666,0.67,,,,0.1694214876033057,False
SIFT-100K,b7,8,134,"991,2266,8888",300,242,147,47,0.7426666666666667,0.8603333333333334,0.8066666666666666,0.65,,,,0.1942148760330578,False
SIFT-100K,b7,8,135,"46,991,2266,8888",300,242,168,57,0.7426666666666667,0.8776666666666667,0.8066666666666666,0.6166666666666667,,,,0.2355371900826446,False
SIFT-100K,b7,8,136,"3732,8888",300,242,120,38,0.7426666666666667,0.8313333333333333,0.8066666666666666,0.68,,,,0.1570247933884297,False
SIFT-100K,b7,8,137,"46,3732,8888",300,242,146,45,0.7426666666666667,0.8526666666666667,0.8066666666666666,0.6566666666666666,,,,0.1859504132231405,False
SIFT-100K,b7,8,138,"991,3732,8888",300,242,147,50,0.7426666666666667,0.8613333333333333,0.8066666666666666,0.64,,,,0.2066115702479339,False
SIFT-100K,b7,8,139,"46,991,3732,8888",300,242,166,57,0.7426666666666667,0.8779999999999999,0.8066666666666666,0.6166666666666667,,,,0.2355371900826446,False
SIFT-100K,b7,8,140,"2266,3732,8888",300,242,145,49,0.7426666666666667,0.859,0.8066666666666666,0.6433333333333333,,,,0.2024793388429752,False
SIFT-100K,b7,8,141,"46,2266,3732,8888",300,242,163,57,0.7426666666666667,0.873,0.8066666666666666,0.6166666666666667,,,,0.2355371900826446,False
SIFT-100K,b7,8,142,"991,2266,3732,8888",300,242,160,60,0.7426666666666667,0.8779999999999999,0.8066666666666666,0.6066666666666667,,,,0.2479338842975206,False
SIFT-100K,b7,8,143,"46,991,2266,3732,8888",300,242,176,68,0.7426666666666667,0.8906666666666666,0.8066666666666666,0.58,,,,0.2809917355371901,False
SIFT-100K,b7,8,144,"4177,8888",300,242,102,28,0.7426666666666667,0.818,0.8066666666666666,0.7133333333333334,,,,0.1157024793388429,False
SIFT-100K,b7,8,145,"46,4177,8888",300,242,130,38,0.7426666666666667,0.8376666666666667,0.8066666666666666,0.68,,,,0.1570247933884297,False
SIFT-100K,b7,8,146,"991,4177,8888",300,242,144,44,0.7426666666666667,0.852,0.8066666666666666,0.66,,,,0.1818181818181818,False
SIFT-100K,b7,8,147,"46,991,4177,8888",300,242,163,53,0.7426666666666667,0.8676666666666666,0.8066666666666666,0.63,,,,0.2190082644628099,False
SIFT-100K,b7,8,148,"2266,4177,8888",300,242,136,39,0.7426666666666667,0.85,0.8066666666666666,0.6766666666666666,,,,0.1611570247933884,False
SIFT-100K,b7,8,149,"46,2266,4177,8888",300,242,156,50,0.7426666666666667,0.8656666666666666,0.8066666666666666,0.64,,,,0.2066115702479339,False
SIFT-100K,b7,8,150,"991,2266,4177,8888",300,242,160,54,0.7426666666666667,0.8713333333333333,0.8066666666666666,0.6266666666666667,,,,0.2231404958677686,False
SIFT-100K,b7,8,151,"46,991,2266,4177,8888",300,242,175,64,0.7426666666666667,0.8853333333333333,0.8066666666666666,0.5933333333333334,,,,0.2644628099173554,False
SIFT-100K,b7,8,152,"3732,4177,8888",300,242,135,48,0.7426666666666667,0.8516666666666668,0.8066666666666666,0.6466666666666666,,,,0.1983471074380165,False
SIFT-100K,b7,8,153,"46,3732,4177,8888",300,242,156,56,0.7426666666666667,0.8653333333333334,0.8066666666666666,0.62,,,,0.2314049586776859,False
SIFT-100K,b7,8,154,"991,3732,4177,8888",300,242,156,58,0.7426666666666667,0.8736666666666666,0.8066666666666666,0.6133333333333333,,,,0.2396694214876033,False
SIFT-100K,b7,8,155,"46,991,3732,4177,8888",300,242,172,67,0.7426666666666667,0.8859999999999999,0.8066666666666666,0.5833333333333334,,,,0.2768595041322314,False
SIFT-100K,b7,8,156,"2266,3732,4177,8888",300,242,156,57,0.7426666666666667,0.8720000000000001,0.8066666666666666,0.6166666666666667,,,,0.2355371900826446,False
SIFT-100K,b7,8,157,"46,2266,3732,4177,8888",300,242,171,67,0.7426666666666667,0.8836666666666666,0.8066666666666666,0.5833333333333334,,,,0.2768595041322314,False
SIFT-100K,b7,8,158,"991,2266,3732,4177,8888",300,242,168,67,0.7426666666666667,0.8866666666666667,0.8066666666666666,0.5833333333333334,,,,0.2768595041322314,False
SIFT-100K,b7,8,159,"46,991,2266,3732,4177,8888",300,242,181,77,0.7426666666666667,0.8973333333333333,0.8066666666666666,0.55,,,,0.3181818181818182,False
SIFT-100K,b7,8,160,"4815,8888",300,242,107,32,0.7426666666666667,0.8206666666666667,0.8066666666666666,0.7,,,,0.1322314049586777,False
SIFT-100K,b7,8,161,"46,4815,8888",300,242,137,41,0.7426666666666667,0.8436666666666668,0.8066666666666666,0.67,,,,0.1694214876033057,False
SIFT-100K,b7,8,162,"991,4815,8888",300,242,152,48,0.7426666666666667,0.8583333333333334,0.8066666666666666,0.6466666666666666,,,,0.1983471074380165,False
SIFT-100K,b7,8,163,"46,991,4815,8888",300,242,171,57,0.7426666666666667,0.876,0.8066666666666666,0.6166666666666667,,,,0.2355371900826446,False
SIFT-100K,b7,8,164,"2266,4815,8888",300,242,144,43,0.7426666666666667,0.8546666666666667,0.8066666666666666,0.6633333333333333,,,,0.1776859504132231,False
SIFT-100K,b7,8,165,"46,2266,4815,8888",300,242,163,53,0.7426666666666667,0.8706666666666667,0.8066666666666666,0.63,,,,0.2190082644628099,False
SIFT-100K,b7,8,166,"991,2266,4815,8888",300,242,168,58,0.7426666666666667,0.8786666666666667,0.8066666666666666,0.6133333333333333,,,,0.2396694214876033,False
SIFT-100K,b7,8,167,"46,991,2266,4815,8888",300,242,182,68,0.7426666666666667,0.8923333333333334,0.8066666666666666,0.58,,,,0.2809917355371901,False
SIFT-100K,b7,8,168,"3732,4815,8888",300,242,143,50,0.7426666666666667,0.8526666666666667,0.8066666666666666,0.64,,,,0.2066115702479339,False
SIFT-100K,b7,8,169,"46,3732,4815,8888",300,242,161,57,0.7426666666666667,0.8686666666666667,0.8066666666666666,0.6166666666666667,,,,0.2355371900826446,False
SIFT-100K,b7,8,170,"991,3732,4815,8888",300,242,164,60,0.7426666666666667,0.8773333333333333,0.8066666666666666,0.6066666666666667,,,,0.2479338842975206,False
SIFT-100K,b7,8,171,"46,991,3732,4815,8888",300,242,177,68,0.7426666666666667,0.8906666666666666,0.8066666666666666,0.58,,,,0.2809917355371901,False
SIFT-100K,b7,8,172,"2266,3732,4815,8888",300,242,163,59,0.7426666666666667,0.8746666666666666,0.8066666666666666,0.61,,,,0.2438016528925619,False
SIFT-100K,b7,8,173,"46,2266,3732,4815,8888",300,242,176,68,0.7426666666666667,0.8859999999999999,0.8066666666666666,0.58,,,,0.2809917355371901,False
SIFT-100K,b7,8,174,"991,2266,3732,4815,8888",300,242,175,69,0.7426666666666667,0.891,0.8066666666666666,0.5766666666666667,,,,0.2851239669421487,False
SIFT-100K,b7,8,175,"46,991,2266,3732,4815,8888",300,242,186,78,0.7426666666666667,0.9013333333333332,0.8066666666666666,0.5466666666666666,,,,0.3223140495867768,False
SIFT-100K,b7,8,176,"4177,4815,8888",300,242,127,39,0.7426666666666667,0.841,0.8066666666666666,0.6766666666666666,,,,0.1611570247933884,False
SIFT-100K,b7,8,177,"46,4177,4815,8888",300,242,150,48,0.7426666666666667,0.8563333333333333,0.8066666666666666,0.6466666666666666,,,,0.1983471074380165,False
SIFT-100K,b7,8,178,"991,4177,4815,8888",300,242,162,54,0.7426666666666667,0.8693333333333333,0.8066666666666666,0.6266666666666667,,,,0.2231404958677686,False
SIFT-100K,b7,8,179,"46,991,4177,4815,8888",300,242,177,63,0.7426666666666667,0.8826666666666666,0.8066666666666666,0.5966666666666667,,,,0.2603305785123967,False
SIFT-100K,b7,8,180,"2266,4177,4815,8888",300,242,154,49,0.7426666666666667,0.8666666666666666,0.8066666666666666,0.6433333333333333,,,,0.2024793388429752,False
SIFT-100K,b7,8,181,"46,2266,4177,4815,8888",300,242,171,59,0.7426666666666667,0.8803333333333333,0.8066666666666666,0.61,,,,0.2438016528925619,False
SIFT-100K,b7,8,182,"991,2266,4177,4815,8888",300,242,174,62,0.7426666666666667,0.885,0.8066666666666666,0.6,,,,0.256198347107438,False
SIFT-100K,b7,8,183,"46,991,2266,4177,4815,8888",300,242,186,72,0.7426666666666667,0.8973333333333333,0.8066666666666666,0.5666666666666667,,,,0.2975206611570248,False
SIFT-100K,b7,8,184,"3732,4177,4815,8888",300,242,152,56,0.7426666666666667,0.8666666666666666,0.8066666666666666,0.62,,,,0.2314049586776859,False
SIFT-100K,b7,8,185,"46,3732,4177,4815,8888",300,242,169,64,0.7426666666666667,0.8779999999999999,0.8066666666666666,0.5933333333333334,,,,0.2644628099173554,False
SIFT-100K,b7,8,186,"991,3732,4177,4815,8888",300,242,169,65,0.7426666666666667,0.8853333333333333,0.8066666666666666,0.59,,,,0.268595041322314,False
SIFT-100K,b7,8,187,"46,991,3732,4177,4815,8888",300,242,181,74,0.7426666666666667,0.8953333333333333,0.8066666666666666,0.56,,,,0.3057851239669421,False
SIFT-100K,b7,8,188,"2266,3732,4177,4815,8888",300,242,170,64,0.7426666666666667,0.8843333333333334,0.8066666666666666,0.5933333333333334,,,,0.2644628099173554,False
SIFT-100K,b7,8,189,"46,2266,3732,4177,4815,8888",300,242,182,74,0.7426666666666667,0.8943333333333333,0.8066666666666666,0.56,,,,0.3057851239669421,False
SIFT-100K,b7,8,190,"991,2266,3732,4177,4815,8888",300,242,179,73,0.7426666666666667,0.8966666666666667,0.8066666666666666,0.5633333333333334,,,,0.3016528925619834,False
SIFT-100K,b7,8,191,"46,991,2266,3732,4177,4815,8888",300,242,189,83,0.7426666666666667,0.9056666666666666,0.8066666666666666,0.53,,,,0.3429752066115702,False
SIFT-100K,b7,8,192,"7001,8888",300,242,109,28,0.7426666666666667,0.826,0.8066666666666666,0.7133333333333334,,,,0.1157024793388429,False
SIFT-100K,b7,8,193,"46,7001,8888",300,242,138,36,0.7426666666666667,0.849,0.8066666666666666,0.6866666666666666,,,,0.1487603305785124,False
SIFT-100K,b7,8,194,"991,7001,8888",300,242,140,44,0.7426666666666667,0.853,0.8066666666666666,0.66,,,,0.1818181818181818,False
SIFT-100K,b7,8,195,"46,991,7001,8888",300,242,163,50,0.7426666666666667,0.8716666666666667,0.8066666666666666,0.64,,,,0.2066115702479339,False
SIFT-100K,b7,8,196,"2266,7001,8888",300,242,138,39,0.7426666666666667,0.8543333333333333,0.8066666666666666,0.6766666666666666,,,,0.1611570247933884,False
SIFT-100K,b7,8,197,"46,2266,7001,8888",300,242,159,46,0.7426666666666667,0.869,0.8066666666666666,0.6533333333333333,,,,0.1900826446280991,False
SIFT-100K,b7,8,198,"991,2266,7001,8888",300,242,155,54,0.7426666666666667,0.8726666666666667,0.8066666666666666,0.6266666666666667,,,,0.2231404958677686,False
SIFT-100K,b7,8,199,"46,991,2266,7001,8888",300,242,174,60,0.7426666666666667,0.8863333333333333,0.8066666666666666,0.6066666666666667,,,,0.2479338842975206,False
SIFT-100K,b7,8,200,"3732,7001,8888",300,242,137,44,0.7426666666666667,0.8533333333333333,0.8066666666666666,0.66,,,,0.1818181818181818,False
SIFT-100K,b7,8,201,"46,3732,7001,8888",300,242,158,50,0.7426666666666667,0.8703333333333333,0.8066666666666666,0.64,,,,0.2066115702479339,False
SIFT-100K,b7,8,202,"991,3732,7001,8888",300,242,154,56,0.7426666666666667,0.8720000000000001,0.8066666666666666,0.62,,,,0.2314049586776859,False
SIFT-100K,b7,8,203,"46,991,3732,7001,8888",300,242,172,61,0.7426666666666667,0.8866666666666667,0.8066666666666666,0.6033333333333334,,,,0.2520661157024793,False
SIFT-100K,b7,8,204,"2266,3732,7001,8888",300,242,156,56,0.7426666666666667,0.874,0.8066666666666666,0.62,,,,0.2314049586776859,False
SIFT-100K,b7,8,205,"46,2266,3732,7001,8888",300,242,172,61,0.7426666666666667,0.885,0.8066666666666666,0.6033333333333334,,,,0.2520661157024793,False
SIFT-100K,b7,8,206,"991,2266,3732,7001,8888",300,242,165,66,0.7426666666666667,0.8866666666666667,0.8066666666666666,0.5866666666666667,,,,0.2727272727272727,False
SIFT-100K,b7,8,207,"46,991,2266,3732,7001,8888",300,242,181,71,0.7426666666666667,0.8973333333333333,0.8066666666666666,0.57,,,,0.2933884297520661,False
SIFT-100K,b7,8,208,"4177,7001,8888",300,242,127,35,0.7426666666666667,0.8446666666666667,0.8066666666666666,0.69,,,,0.1446280991735537,False
SIFT-100K,b7,8,209,"46,4177,7001,8888",300,242,147,43,0.7426666666666667,0.8593333333333334,0.8066666666666666,0.6633333333333333,,,,0.1776859504132231,False
SIFT-100K,b7,8,210,"991,4177,7001,8888",300,242,152,49,0.7426666666666667,0.867,0.8066666666666666,0.6433333333333333,,,,0.2024793388429752,False
SIFT-100K,b7,8,211,"46,991,4177,7001,8888",300,242,169,55,0.7426666666666667,0.8789999999999999,0.8066666666666666,0.6233333333333333,,,,0.2272727272727272,False
SIFT-100K,b7,8,212,"2266,4177,7001,8888",300,242,150,46,0.7426666666666667,0.8663333333333334,0.8066666666666666,0.6533333333333333,,,,0.1900826446280991,False
SIFT-100K,b7,8,213,"46,2266,4177,7001,8888",300,242,166,53,0.7426666666666667,0.8776666666666667,0.8066666666666666,0.63,,,,0.2190082644628099,False
SIFT-100K,b7,8,214,"991,2266,4177,7001,8888",300,242,165,59,0.7426666666666667,0.8823333333333334,0.8066666666666666,0.61,,,,0.2438016528925619,False
SIFT-100K,b7,8,215,"46,991,2266,4177,7001,8888",300,242,179,65,0.7426666666666667,0.8926666666666666,0.8066666666666666,0.59,,,,0.268595041322314,False
SIFT-100K,b7,8,216,"3732,4177,7001,8888",300,242,147,52,0.7426666666666667,0.8676666666666666,0.8066666666666666,0.6333333333333333,,,,0.2148760330578512,False
SIFT-100K,b7,8,217,"46,3732,4177,7001,8888",300,242,163,58,0.7426666666666667,0.8786666666666667,0.8066666666666666,0.6133333333333333,,,,0.2396694214876033,False
SIFT-100K,b7,8,218,"991,3732,4177,7001,8888",300,242,161,62,0.7426666666666667,0.8826666666666666,0.8066666666666666,0.6,,,,0.256198347107438,False
SIFT-100K,b7,8,219,"46,991,3732,4177,7001,8888",300,242,176,68,0.7426666666666667,0.893,0.8066666666666666,0.58,,,,0.2809917355371901,False
SIFT-100K,b7,8,220,"2266,3732,4177,7001,8888",300,242,163,63,0.7426666666666667,0.8833333333333334,0.8066666666666666,0.5966666666666667,,,,0.2603305785123967,False
SIFT-100K,b7,8,221,"46,2266,3732,4177,7001,8888",300,242,176,69,0.7426666666666667,0.8923333333333334,0.8066666666666666,0.5766666666666667,,,,0.2851239669421487,False
SIFT-100K,b7,8,222,"991,2266,3732,4177,7001,8888",300,242,171,72,0.7426666666666667,0.8939999999999999,0.8066666666666666,0.5666666666666667,,,,0.2975206611570248,False
SIFT-100K,b7,8,223,"46,991,2266,3732,4177,7001,8888",300,242,184,78,0.7426666666666667,0.9026666666666668,0.8066666666666666,0.5466666666666666,,,,0.3223140495867768,False
SIFT-100K,b7,8,224,"4815,7001,8888",300,242,138,43,0.7426666666666667,0.8536666666666667,0.8066666666666666,0.6633333333333333,,,,0.1776859504132231,False
SIFT-100K,b7,8,225,"46,4815,7001,8888",300,242,156,50,0.7426666666666667,0.869,0.8066666666666666,0.64,,,,0.2066115702479339,False
SIFT-100K,b7,8,226,"991,4815,7001,8888",300,242,162,58,0.7426666666666667,0.8753333333333334,0.8066666666666666,0.6133333333333333,,,,0.2396694214876033,False
SIFT-100K,b7,8,227,"46,991,4815,7001,8888",300,242,177,64,0.7426666666666667,0.8893333333333333,0.8066666666666666,0.5933333333333334,,,,0.2644628099173554,False
SIFT-100K,b7,8,228,"2266,4815,7001,8888",300,242,160,53,0.7426666666666667,0.875,0.8066666666666666,0.63,,,,0.2190082644628099,False
SIFT-100K,b7,8,229,"46,2266,4815,7001,8888",300,242,174,59,0.7426666666666667,0.8856666666666667,0.8066666666666666,0.61,,,,0.2438016528925619,False
SIFT-100K,b7,8,230,"991,2266,4815,7001,8888",300,242,174,66,0.7426666666666667,0.8906666666666666,0.8066666666666666,0.5866666666666667,,,,0.2727272727272727,False
SIFT-100K,b7,8,231,"46,991,2266,4815,7001,8888",300,242,186,72,0.7426666666666667,0.9006666666666666,0.8066666666666666,0.5666666666666667,,,,0.2975206611570248,False
SIFT-100K,b7,8,232,"3732,4815,7001,8888",300,242,157,57,0.7426666666666667,0.873,0.8066666666666666,0.6166666666666667,,,,0.2355371900826446,False
SIFT-100K,b7,8,233,"46,3732,4815,7001,8888",300,242,170,63,0.7426666666666667,0.885,0.8066666666666666,0.5966666666666667,,,,0.2603305785123967,False
SIFT-100K,b7,8,234,"991,3732,4815,7001,8888",300,242,170,67,0.7426666666666667,0.8880000000000001,0.8066666666666666,0.5833333333333334,,,,0.2768595041322314,False
SIFT-100K,b7,8,235,"46,991,3732,4815,7001,8888",300,242,182,73,0.7426666666666667,0.8993333333333334,0.8066666666666666,0.5633333333333334,,,,0.3016528925619834,False
SIFT-100K,b7,8,236,"2266,3732,4815,7001,8888",300,242,172,67,0.7426666666666667,0.889,0.8066666666666666,0.5833333333333334,,,,0.2768595041322314,False
SIFT-100K,b7,8,237,"46,2266,3732,4815,7001,8888",300,242,183,73,0.7426666666666667,0.8976666666666666,0.8066666666666666,0.5633333333333334,,,,0.3016528925619834,False
SIFT-100K,b7,8,238,"991,2266,3732,4815,7001,8888",300,242,179,76,0.7426666666666667,0.8996666666666666,0.8066666666666666,0.5533333333333333,,,,0.3140495867768595,False
SIFT-100K,b7,8,239,"46,991,2266,3732,4815,7001,8888",300,242,190,82,0.7426666666666667,0.908,0.8066666666666666,0.5333333333333333,,,,0.3388429752066115,False
SIFT-100K,b7,8,240,"4177,4815,7001,8888",300,242,146,46,0.7426666666666667,0.8646666666666667,0.8066666666666666,0.6533333333333333,,,,0.1900826446280991,False
SIFT-100K,b7,8,241,"46,4177,4815,7001,8888",300,242,162,53,0.7426666666666667,0.8756666666666666,0.8066666666666666,0.63,,,,0.2190082644628099,False
SIFT-100K,b7,8,242,"991,4177,4815,7001,8888",300,242,167,59,0.7426666666666667,0.8833333333333334,0.8066666666666666,0.61,,,,0.2438016528925619,False
SIFT-100K,b7,8,243,"46,991,4177,4815,7001,8888",300,242,180,65,0.7426666666666667,0.893,0.8066666666666666,0.59,,,,0.268595041322314,False
SIFT-100K,b7,8,244,"2266,4177,4815,7001,8888",300,242,165,56,0.7426666666666667,0.8823333333333334,0.8066666666666666,0.62,,,,0.2314049586776859,False
SIFT-100K,b7,8,245,"46,2266,4177,4815,7001,8888",300,242,178,62,0.7426666666666667,0.8916666666666666,0.8066666666666666,0.6,,,,0.256198347107438,False
SIFT-100K,b7,8,246,"991,2266,4177,4815,7001,8888",300,242,177,67,0.7426666666666667,0.8956666666666667,0.8066666666666666,0.5833333333333334,,,,0.2768595041322314,False
SIFT-100K,b7,8,247,"46,991,2266,4177,4815,7001,8888",300,242,188,73,0.7426666666666667,0.9043333333333332,0.8066666666666666,0.5633333333333334,,,,0.3016528925619834,False
SIFT-100K,b7,8,248,"3732,4177,4815,7001,8888",300,242,161,60,0.7426666666666667,0.8813333333333333,0.8066666666666666,0.6066666666666667,,,,0.2479338842975206,False
SIFT-100K,b7,8,249,"46,3732,4177,4815,7001,8888",300,242,173,66,0.7426666666666667,0.89,0.8066666666666666,0.5866666666666667,,,,0.2727272727272727,False
SIFT-100K,b7,8,250,"991,3732,4177,4815,7001,8888",300,242,173,69,0.7426666666666667,0.8943333333333333,0.8066666666666666,0.5766666666666667,,,,0.2851239669421487,False
SIFT-100K,b7,8,251,"46,991,3732,4177,4815,7001,8888",300,242,184,75,0.7426666666666667,0.9023333333333332,0.8066666666666666,0.5566666666666666,,,,0.3099173553719008,False
SIFT-100K,b7,8,252,"2266,3732,4177,4815,7001,8888",300,242,175,70,0.7426666666666667,0.8953333333333333,0.8066666666666666,0.5733333333333334,,,,0.2892561983471074,False
SIFT-100K,b7,8,253,"46,2266,3732,4177,4815,7001,8888",300,242,185,76,0.7426666666666667,0.9026666666666668,0.8066666666666666,0.5533333333333333,,,,0.3140495867768595,False
SIFT-100K,b7,8,254,"991,2266,3732,4177,4815,7001,8888",300,242,181,78,0.7426666666666667,0.904,0.8066666666666666,0.5466666666666666,,,,0.3223140495867768,False
SIFT-100K,b7,8,255,"46,991,2266,3732,4177,4815,7001,8888",300,242,191,84,0.7426666666666667,0.911,0.8066666666666666,0.5266666666666666,,,,0.3471074380165289,False
SIFT-100K,b7,16,0,EMPTY,300,212,0,0,0.8160000000000001,0.8160000000000001,0.7066666666666667,0.7066666666666667,35.75,35.75,32.75333333333333,0.0,True
SIFT-100K,b7,16,1,46,300,212,54,15,0.8160000000000001,0.8473333333333333,0.7066666666666667,0.6566666666666666,,,,0.070754716981132,False
SIFT-100K,b7,16,2,991,300,212,66,21,0.8160000000000001,0.859,0.7066666666666667,0.6366666666666667,,,,0.0990566037735849,False
SIFT-100K,b7,16,3,"46,991",300,212,87,28,0.8160000000000001,0.8736666666666666,0.7066666666666667,0.6133333333333333,,,,0.1320754716981132,False
SIFT-100K,b7,16,4,2266,300,212,63,15,0.8160000000000001,0.8550000000000001,0.7066666666666667,0.6566666666666666,,,,0.070754716981132,False
SIFT-100K,b7,16,5,"46,2266",300,212,88,25,0.8160000000000001,0.8720000000000001,0.7066666666666667,0.6233333333333333,,,,0.1179245283018868,False
SIFT-100K,b7,16,6,"991,2266",300,212,90,32,0.8160000000000001,0.8789999999999999,0.7066666666666667,0.6,,,,0.1509433962264151,False
SIFT-100K,b7,16,7,"46,991,2266",300,212,105,38,0.8160000000000001,0.889,0.7066666666666667,0.58,,,,0.1792452830188679,False
SIFT-100K,b7,16,8,3732,300,212,69,18,0.8160000000000001,0.858,0.7066666666666667,0.6466666666666666,,,,0.0849056603773584,False
SIFT-100K,b7,16,9,"46,3732",300,212,94,30,0.8160000000000001,0.875,0.7066666666666667,0.6066666666666667,,,,0.1415094339622641,False
SIFT-100K,b7,16,10,"991,3732",300,212,94,33,0.8160000000000001,0.8806666666666667,0.7066666666666667,0.5966666666666667,,,,0.1556603773584905,False
SIFT-100K,b7,16,11,"46,991,3732",300,212,110,40,0.8160000000000001,0.8916666666666666,0.7066666666666667,0.5733333333333334,,,,0.1886792452830188,False
SIFT-100K,b7,16,12,"2266,3732",300,212,95,31,0.8160000000000001,0.8773333333333333,0.7066666666666667,0.6033333333333334,,,,0.1462264150943396,False
SIFT-100K,b7,16,13,"46,2266,3732",300,212,109,40,0.8160000000000001,0.889,0.7066666666666667,0.5733333333333334,,,,0.1886792452830188,False
SIFT-100K,b7,16,14,"991,2266,3732",300,212,108,43,0.8160000000000001,0.8926666666666666,0.7066666666666667,0.5633333333333334,,,,0.2028301886792453,False
SIFT-100K,b7,16,15,"46,991,2266,3732",300,212,119,49,0.8160000000000001,0.9003333333333334,0.7066666666666667,0.5433333333333333,,,,0.2311320754716981,False
SIFT-100K,b7,16,16,4177,300,212,56,17,0.8160000000000001,0.8466666666666667,0.7066666666666667,0.65,,,,0.080188679245283,False
SIFT-100K,b7,16,17,"46,4177",300,212,79,29,0.8160000000000001,0.8623333333333333,0.7066666666666667,0.61,,,,0.1367924528301886,False
SIFT-100K,b7,16,18,"991,4177",300,212,93,33,0.8160000000000001,0.8736666666666666,0.7066666666666667,0.5966666666666667,,,,0.1556603773584905,False
SIFT-100K,b7,16,19,"46,991,4177",300,212,104,42,0.8160000000000001,0.8843333333333334,0.7066666666666667,0.5666666666666667,,,,0.1981132075471698,False
SIFT-100K,b7,16,20,"2266,4177",300,212,91,28,0.8160000000000001,0.8716666666666667,0.7066666666666667,0.6133333333333333,,,,0.1320754716981132,False
SIFT-100K,b7,16,21,"46,2266,4177",300,212,104,37,0.8160000000000001,0.8823333333333334,0.7066666666666667,0.5833333333333334,,,,0.1745283018867924,False
SIFT-100K,b7,16,22,"991,2266,4177",300,212,109,43,0.8160000000000001,0.8893333333333333,0.7066666666666667,0.5633333333333334,,,,0.2028301886792453,False
SIFT-100K,b7,16,23,"46,991,2266,4177",300,212,118,50,0.8160000000000001,0.8973333333333333,0.7066666666666667,0.54,,,,0.2358490566037736,False
SIFT-100K,b7,16,24,"3732,4177",300,212,97,32,0.8160000000000001,0.875,0.7066666666666667,0.6,,,,0.1509433962264151,False
SIFT-100K,b7,16,25,"46,3732,4177",300,212,112,44,0.8160000000000001,0.8866666666666667,0.7066666666666667,0.56,,,,0.2075471698113207,False
SIFT-100K,b7,16,26,"991,3732,4177",300,212,113,45,0.8160000000000001,0.8923333333333334,0.7066666666666667,0.5566666666666666,,,,0.2122641509433962,False
SIFT-100K,b7,16,27,"46,991,3732,4177",300,212,123,54,0.8160000000000001,0.9006666666666666,0.7066666666666667,0.5266666666666666,,,,0.2547169811320754,False
SIFT-100K,b7,16,28,"2266,3732,4177",300,212,114,42,0.8160000000000001,0.8896666666666666,0.7066666666666667,0.5666666666666667,,,,0.1981132075471698,False
SIFT-100K,b7,16,29,"46,2266,3732,4177",300,212,123,51,0.8160000000000001,0.898,0.7066666666666667,0.5366666666666666,,,,0.240566037735849,False
SIFT-100K,b7,16,30,"991,2266,3732,4177",300,212,122,53,0.8160000000000001,0.901,0.7066666666666667,0.53,,,,0.25,False
SIFT-100K,b7,16,31,"46,991,2266,3732,4177",300,212,130,60,0.8160000000000001,0.9073333333333334,0.7066666666666667,0.5066666666666667,,,,0.2830188679245283,False
SIFT-100K,b7,16,32,4815,300,212,60,18,0.8160000000000001,0.8513333333333334,0.7066666666666667,0.6466666666666666,,,,0.0849056603773584,False
SIFT-100K,b7,16,33,"46,4815",300,212,86,31,0.8160000000000001,0.8699999999999999,0.7066666666666667,0.6033333333333334,,,,0.1462264150943396,False
SIFT-100K,b7,16,34,"991,4815",300,212,100,34,0.8160000000000001,0.881,0.7066666666666667,0.5933333333333334,,,,0.160377358490566,False
SIFT-100K,b7,16,35,"46,991,4815",300,212,113,44,0.8160000000000001,0.8936666666666667,0.7066666666666667,0.56,,,,0.2075471698113207,False
SIFT-100K,b7,16,36,"2266,4815",300,212,93,31,0.8160000000000001,0.876,0.7066666666666667,0.6033333333333334,,,,0.1462264150943396,False
SIFT-100K,b7,16,37,"46,2266,4815",300,212,108,41,0.8160000000000001,0.8880000000000001,0.7066666666666667,0.57,,,,0.1933962264150943,False
SIFT-100K,b7,16,38,"991,2266,4815",300,212,114,45,0.8160000000000001,0.8956666666666667,0.7066666666666667,0.5566666666666666,,,,0.2122641509433962,False
SIFT-100K,b7,16,39,"46,991,2266,4815",300,212,124,53,0.8160000000000001,0.904,0.7066666666666667,0.53,,,,0.25,False
SIFT-100K,b7,16,40,"3732,4815",300,212,97,35,0.8160000000000001,0.8766666666666667,0.7066666666666667,0.59,,,,0.1650943396226415,False
SIFT-100K,b7,16,41,"46,3732,4815",300,212,112,46,0.8160000000000001,0.8896666666666666,0.7066666666666667,0.5533333333333333,,,,0.2169811320754717,False
SIFT-100K,b7,16,42,"991,3732,4815",300,212,117,46,0.8160000000000001,0.8953333333333333,0.7066666666666667,0.5533333333333333,,,,0.2169811320754717,False
SIFT-100K,b7,16,43,"46,991,3732,4815",300,212,127,55,0.8160000000000001,0.9053333333333332,0.7066666666666667,0.5233333333333333,,,,0.2594339622641509,False
SIFT-100K,b7,16,44,"2266,3732,4815",300,212,115,45,0.8160000000000001,0.8923333333333334,0.7066666666666667,0.5566666666666666,,,,0.2122641509433962,False
SIFT-100K,b7,16,45,"46,2266,3732,4815",300,212,124,54,0.8160000000000001,0.901,0.7066666666666667,0.5266666666666666,,,,0.2547169811320754,False
SIFT-100K,b7,16,46,"991,2266,3732,4815",300,212,125,55,0.8160000000000001,0.9046666666666668,0.7066666666666667,0.5233333333333333,,,,0.2594339622641509,False
SIFT-100K,b7,16,47,"46,991,2266,3732,4815",300,212,133,62,0.8160000000000001,0.9113333333333332,0.7066666666666667,0.5,,,,0.2924528301886792,False
SIFT-100K,b7,16,48,"4177,4815",300,212,83,27,0.8160000000000001,0.8653333333333334,0.7066666666666667,0.6166666666666667,,,,0.1273584905660377,False
SIFT-100K,b7,16,49,"46,4177,4815",300,212,100,38,0.8160000000000001,0.8783333333333333,0.7066666666666667,0.58,,,,0.1792452830188679,False
SIFT-100K,b7,16,50,"991,4177,4815",300,212,112,42,0.8160000000000001,0.8886666666666667,0.7066666666666667,0.5666666666666667,,,,0.1981132075471698,False
SIFT-100K,b7,16,51,"46,991,4177,4815",300,212,121,51,0.8160000000000001,0.8983333333333332,0.7066666666666667,0.5366666666666666,,,,0.240566037735849,False
SIFT-100K,b7,16,52,"2266,4177,4815",300,212,108,37,0.8160000000000001,0.8843333333333334,0.7066666666666667,0.5833333333333334,,,,0.1745283018867924,False
SIFT-100K,b7,16,53,"46,2266,4177,4815",300,212,118,46,0.8160000000000001,0.8939999999999999,0.7066666666666667,0.5533333333333333,,,,0.2169811320754717,False
SIFT-100K,b7,16,54,"991,2266,4177,4815",300,212,124,51,0.8160000000000001,0.9006666666666666,0.7066666666666667,0.5366666666666666,,,,0.240566037735849,False
SIFT-100K,b7,16,55,"46,991,2266,4177,4815",300,212,131,58,0.8160000000000001,0.908,0.7066666666666667,0.5133333333333333,,,,0.2735849056603773,False
SIFT-100K,b7,16,56,"3732,4177,4815",300,212,113,41,0.8160000000000001,0.8859999999999999,0.7066666666666667,0.57,,,,0.1933962264150943,False
SIFT-100K,b7,16,57,"46,3732,4177,4815",300,212,125,52,0.8160000000000001,0.8963333333333333,0.7066666666666667,0.5333333333333333,,,,0.2452830188679245,False
SIFT-100K,b7,16,58,"991,3732,4177,4815",300,212,127,52,0.8160000000000001,0.9016666666666668,0.7066666666666667,0.5333333333333333,,,,0.2452830188679245,False
SIFT-100K,b7,16,59,"46,991,3732,4177,4815",300,212,135,61,0.8160000000000001,0.9093333333333332,0.7066666666666667,0.5033333333333333,,,,0.2877358490566037,False
SIFT-100K,b7,16,60,"2266,3732,4177,4815",300,212,127,50,0.8160000000000001,0.899,0.7066666666666667,0.54,,,,0.2358490566037736,False
SIFT-100K,b7,16,61,"46,2266,3732,4177,4815",300,212,134,59,0.8160000000000001,0.9066666666666666,0.7066666666666667,0.51,,,,0.2783018867924528,False
SIFT-100K,b7,16,62,"991,2266,3732,4177,4815",300,212,134,60,0.8160000000000001,0.9093333333333332,0.7066666666666667,0.5066666666666667,,,,0.2830188679245283,False
SIFT-100K,b7,16,63,"46,991,2266,3732,4177,4815",300,212,140,67,0.8160000000000001,0.915,0.7066666666666667,0.4833333333333333,,,,0.3160377358490566,False
SIFT-100K,b7,16,64,7001,300,212,57,13,0.8160000000000001,0.8503333333333334,0.7066666666666667,0.6633333333333333,,,,0.0613207547169811,False
SIFT-100K,b7,16,65,"46,7001",300,212,83,22,0.8160000000000001,0.8656666666666666,0.7066666666666667,0.6333333333333333,,,,0.1037735849056603,False
SIFT-100K,b7,16,66,"991,7001",300,212,89,29,0.8160000000000001,0.874,0.7066666666666667,0.61,,,,0.1367924528301886,False
SIFT-100K,b7,16,67,"46,991,7001",300,212,104,34,0.8160000000000001,0.8843333333333334,0.7066666666666667,0.5933333333333334,,,,0.160377358490566,False
SIFT-100K,b7,16,68,"2266,7001",300,212,87,24,0.8160000000000001,0.873,0.7066666666666667,0.6266666666666667,,,,0.1132075471698113,False
SIFT-100K,b7,16,69,"46,2266,7001",300,212,104,30,0.8160000000000001,0.8833333333333334,0.7066666666666667,0.6066666666666667,,,,0.1415094339622641,False
SIFT-100K,b7,16,70,"991,2266,7001",300,212,105,37,0.8160000000000001,0.8893333333333333,0.7066666666666667,0.5833333333333334,,,,0.1745283018867924,False
SIFT-100K,b7,16,71,"46,991,2266,7001",300,212,116,41,0.8160000000000001,0.8963333333333333,0.7066666666666667,0.57,,,,0.1933962264150943,False
SIFT-100K,b7,16,72,"3732,7001",300,212,92,29,0.8160000000000001,0.8756666666666666,0.7066666666666667,0.61,,,,0.1367924528301886,False
SIFT-100K,b7,16,73,"46,3732,7001",300,212,110,37,0.8160000000000001,0.8880000000000001,0.7066666666666667,0.5833333333333334,,,,0.1745283018867924,False
SIFT-100K,b7,16,74,"991,3732,7001",300,212,108,40,0.8160000000000001,0.8903333333333334,0.7066666666666667,0.5733333333333334,,,,0.1886792452830188,False
SIFT-100K,b7,16,75,"46,991,3732,7001",300,212,122,45,0.8160000000000001,0.8996666666666666,0.7066666666666667,0.5566666666666666,,,,0.2122641509433962,False
SIFT-100K,b7,16,76,"2266,3732,7001",300,212,108,39,0.8160000000000001,0.8893333333333333,0.7066666666666667,0.5766666666666667,,,,0.1839622641509433,False
SIFT-100K,b7,16,77,"46,2266,3732,7001",300,212,121,45,0.8160000000000001,0.8983333333333332,0.7066666666666667,0.5566666666666666,,,,0.2122641509433962,False
SIFT-100K,b7,16,78,"991,2266,3732,7001",300,212,119,48,0.8160000000000001,0.9003333333333334,0.7066666666666667,0.5466666666666666,,,,0.2264150943396226,False
SIFT-100K,b7,16,79,"46,991,2266,3732,7001",300,212,129,52,0.8160000000000001,0.9066666666666666,0.7066666666666667,0.5333333333333333,,,,0.2452830188679245,False
SIFT-100K,b7,16,80,"4177,7001",300,212,81,26,0.8160000000000001,0.865,0.7066666666666667,0.62,,,,0.1226415094339622,False
SIFT-100K,b7,16,81,"46,4177,7001",300,212,97,34,0.8160000000000001,0.875,0.7066666666666667,0.5933333333333334,,,,0.160377358490566,False
SIFT-100K,b7,16,82,"991,4177,7001",300,212,104,39,0.8160000000000001,0.885,0.7066666666666667,0.5766666666666667,,,,0.1839622641509433,False
SIFT-100K,b7,16,83,"46,991,4177,7001",300,212,114,45,0.8160000000000001,0.892,0.7066666666666667,0.5566666666666666,,,,0.2122641509433962,False
SIFT-100K,b7,16,84,"2266,4177,7001",300,212,103,34,0.8160000000000001,0.8826666666666666,0.7066666666666667,0.5933333333333334,,,,0.160377358490566,False
SIFT-100K,b7,16,85,"46,2266,4177,7001",300,212,115,41,0.8160000000000001,0.8906666666666666,0.7066666666666667,0.57,,,,0.1933962264150943,False
SIFT-100K,b7,16,86,"991,2266,4177,7001",300,212,117,47,0.8160000000000001,0.8973333333333333,0.7066666666666667,0.55,,,,0.2216981132075471,False
SIFT-100K,b7,16,87,"46,991,2266,4177,7001",300,212,125,52,0.8160000000000001,0.9026666666666668,0.7066666666666667,0.5333333333333333,,,,0.2452830188679245,False
SIFT-100K,b7,16,88,"3732,4177,7001",300,212,110,40,0.8160000000000001,0.8863333333333333,0.7066666666666667,0.5733333333333334,,,,0.1886792452830188,False
SIFT-100K,b7,16,89,"46,3732,4177,7001",300,212,121,48,0.8160000000000001,0.8953333333333333,0.7066666666666667,0.5466666666666666,,,,0.2264150943396226,False
SIFT-100K,b7,16,90,"991,3732,4177,7001",300,212,120,50,0.8160000000000001,0.899,0.7066666666666667,0.54,,,,0.2358490566037736,False
SIFT-100K,b7,16,91,"46,991,3732,4177,7001",300,212,130,56,0.8160000000000001,0.906,0.7066666666666667,0.52,,,,0.2641509433962264,False
SIFT-100K,b7,16,92,"2266,3732,4177,7001",300,212,121,48,0.8160000000000001,0.897,0.7066666666666667,0.5466666666666666,,,,0.2264150943396226,False
SIFT-100K,b7,16,93,"46,2266,3732,4177,7001",300,212,130,55,0.8160000000000001,0.9043333333333332,0.7066666666666667,0.5233333333333333,,,,0.2594339622641509,False
SIFT-100K,b7,16,94,"991,2266,3732,4177,7001",300,212,128,57,0.8160000000000001,0.9063333333333332,0.7066666666666667,0.5166666666666667,,,,0.2688679245283019,False
SIFT-100K,b7,16,95,"46,991,2266,3732,4177,7001",300,212,136,62,0.8160000000000001,0.9116666666666668,0.7066666666666667,0.5,,,,0.2924528301886792,False
SIFT-100K,b7,16,96,"4815,7001",300,212,92,31,0.8160000000000001,0.8743333333333334,0.7066666666666667,0.6033333333333334,,,,0.1462264150943396,False
SIFT-100K,b7,16,97,"46,4815,7001",300,212,106,39,0.8160000000000001,0.8856666666666667,0.7066666666666667,0.5766666666666667,,,,0.1839622641509433,False
SIFT-100K,b7,16,98,"991,4815,7001",300,212,114,45,0.8160000000000001,0.8936666666666667,0.7066666666666667,0.5566666666666666,,,,0.2122641509433962,False
SIFT-100K,b7,16,99,"46,991,4815,7001",300,212,123,51,0.8160000000000001,0.9023333333333332,0.7066666666666667,0.5366666666666666,,,,0.240566037735849,False
SIFT-100K,b7,16,100,"2266,4815,7001",300,212,110,40,0.8160000000000001,0.8906666666666666,0.7066666666666667,0.5733333333333334,,,,0.1886792452830188,False
SIFT-100K,b7,16,101,"46,2266,4815,7001",300,212,120,47,0.8160000000000001,0.8983333333333332,0.7066666666666667,0.55,,,,0.2216981132075471,False
SIFT-100K,b7,16,102,"991,2266,4815,7001",300,212,124,52,0.8160000000000001,0.905,0.7066666666666667,0.5333333333333333,,,,0.2452830188679245,False
SIFT-100K,b7,16,103,"46,991,2266,4815,7001",300,212,131,57,0.8160000000000001,0.9103333333333332,0.7066666666666667,0.5166666666666667,,,,0.2688679245283019,False
SIFT-100K,b7,16,104,"3732,4815,7001",300,212,113,45,0.8160000000000001,0.8903333333333334,0.7066666666666667,0.5566666666666666,,,,0.2122641509433962,False
SIFT-100K,b7,16,105,"46,3732,4815,7001",300,212,123,53,0.8160000000000001,0.9006666666666666,0.7066666666666667,0.53,,,,0.25,False
SIFT-100K,b7,16,106,"991,3732,4815,7001",300,212,125,54,0.8160000000000001,0.903,0.7066666666666667,0.5266666666666666,,,,0.2547169811320754,False
SIFT-100K,b7,16,107,"46,991,3732,4815,7001",300,212,134,60,0.8160000000000001,0.9113333333333332,0.7066666666666667,0.5066666666666667,,,,0.2830188679245283,False
SIFT-100K,b7,16,108,"2266,3732,4815,7001",300,212,124,53,0.8160000000000001,0.902,0.7066666666666667,0.53,,,,0.25,False
SIFT-100K,b7,16,109,"46,2266,3732,4815,7001",300,212,132,60,0.8160000000000001,0.9093333333333332,0.7066666666666667,0.5066666666666667,,,,0.2830188679245283,False
SIFT-100K,b7,16,110,"991,2266,3732,4815,7001",300,212,132,61,0.8160000000000001,0.9113333333333332,0.7066666666666667,0.5033333333333333,,,,0.2877358490566037,False
SIFT-100K,b7,16,111,"46,991,2266,3732,4815,7001",300,212,139,66,0.8160000000000001,0.9166666666666666,0.7066666666666667,0.4866666666666667,,,,0.3113207547169811,False
SIFT-100K,b7,16,112,"4177,4815,7001",300,212,101,35,0.8160000000000001,0.8813333333333333,0.7066666666666667,0.59,,,,0.1650943396226415,False
SIFT-100K,b7,16,113,"46,4177,4815,7001",300,212,114,43,0.8160000000000001,0.8903333333333334,0.7066666666666667,0.5633333333333334,,,,0.2028301886792453,False
SIFT-100K,b7,16,114,"991,4177,4815,7001",300,212,120,48,0.8160000000000001,0.899,0.7066666666666667,0.5466666666666666,,,,0.2264150943396226,False
SIFT-100K,b7,16,115,"46,991,4177,4815,7001",300,212,128,54,0.8160000000000001,0.9053333333333332,0.7066666666666667,0.5266666666666666,,,,0.2547169811320754,False
SIFT-100K,b7,16,116,"2266,4177,4815,7001",300,212,118,43,0.8160000000000001,0.8953333333333333,0.7066666666666667,0.5633333333333334,,,,0.2028301886792453,False
SIFT-100K,b7,16,117,"46,2266,4177,4815,7001",300,212,127,50,0.8160000000000001,0.9023333333333332,0.7066666666666667,0.54,,,,0.2358490566037736,False
SIFT-100K,b7,16,118,"991,2266,4177,4815,7001",300,212,130,55,0.8160000000000001,0.9086666666666666,0.7066666666666667,0.5233333333333333,,,,0.2594339622641509,False
SIFT-100K,b7,16,119,"46,991,2266,4177,4815,7001",300,212,136,60,0.8160000000000001,0.9133333333333332,0.7066666666666667,0.5066666666666667,,,,0.2830188679245283,False
SIFT-100K,b7,16,120,"3732,4177,4815,7001",300,212,122,48,0.8160000000000001,0.8960000000000001,0.7066666666666667,0.5466666666666666,,,,0.2264150943396226,False
SIFT-100K,b7,16,121,"46,3732,4177,4815,7001",300,212,131,56,0.8160000000000001,0.9043333333333332,0.7066666666666667,0.52,,,,0.2641509433962264,False
SIFT-100K,b7,16,122,"991,3732,4177,4815,7001",300,212,131,57,0.8160000000000001,0.9076666666666666,0.7066666666666667,0.5166666666666667,,,,0.2688679245283019,False
SIFT-100K,b7,16,123,"46,991,3732,4177,4815,7001",300,212,139,63,0.8160000000000001,0.914,0.7066666666666667,0.4966666666666666,,,,0.2971698113207547,False
SIFT-100K,b7,16,124,"2266,3732,4177,4815,7001",300,212,132,56,0.8160000000000001,0.9063333333333332,0.7066666666666667,0.52,,,,0.2641509433962264,False
SIFT-100K,b7,16,125,"46,2266,3732,4177,4815,7001",300,212,139,63,0.8160000000000001,0.913,0.7066666666666667,0.4966666666666666,,,,0.2971698113207547,False
SIFT-100K,b7,16,126,"991,2266,3732,4177,4815,7001",300,212,138,64,0.8160000000000001,0.9146666666666666,0.7066666666666667,0.4933333333333333,,,,0.3018867924528302,False
SIFT-100K,b7,16,127,"46,991,2266,3732,4177,4815,7001",300,212,144,69,0.8160000000000001,0.9193333333333332,0.7066666666666667,0.4766666666666667,,,,0.3254716981132075,False
SIFT-100K,b7,16,128,8888,300,212,48,14,0.8160000000000001,0.845,0.7066666666666667,0.66,,,,0.0660377358490566,False
SIFT-100K,b7,16,129,"46,8888",300,212,76,25,0.8160000000000001,0.8630000000000001,0.7066666666666667,0.6233333333333333,,,,0.1179245283018868,False
SIFT-100K,b7,16,130,"991,8888",300,212,91,31,0.8160000000000001,0.8743333333333334,0.7066666666666667,0.6033333333333334,,,,0.1462264150943396,False
SIFT-100K,b7,16,131,"46,991,8888",300,212,106,38,0.8160000000000001,0.8866666666666667,0.7066666666666667,0.58,,,,0.1792452830188679,False
SIFT-100K,b7,16,132,"2266,8888",300,212,90,29,0.8160000000000001,0.8736666666666666,0.7066666666666667,0.61,,,,0.1367924528301886,False
SIFT-100K,b7,16,133,"46,2266,8888",300,212,106,35,0.8160000000000001,0.8846666666666666,0.7066666666666667,0.59,,,,0.1650943396226415,False
SIFT-100K,b7,16,134,"991,2266,8888",300,212,108,43,0.8160000000000001,0.8913333333333334,0.7066666666666667,0.5633333333333334,,,,0.2028301886792453,False
SIFT-100K,b7,16,135,"46,991,2266,8888",300,212,121,48,0.8160000000000001,0.9003333333333334,0.7066666666666667,0.5466666666666666,,,,0.2264150943396226,False
SIFT-100K,b7,16,136,"3732,8888",300,212,94,34,0.8160000000000001,0.8756666666666666,0.7066666666666667,0.5933333333333334,,,,0.160377358490566,False
SIFT-100K,b7,16,137,"46,3732,8888",300,212,110,41,0.8160000000000001,0.8866666666666667,0.7066666666666667,0.57,,,,0.1933962264150943,False
SIFT-100K,b7,16,138,"991,3732,8888",300,212,113,45,0.8160000000000001,0.8933333333333333,0.7066666666666667,0.5566666666666666,,,,0.2122641509433962,False
SIFT-100K,b7,16,139,"46,991,3732,8888",300,212,125,51,0.8160000000000001,0.903,0.7066666666666667,0.5366666666666666,,,,0.240566037735849,False
SIFT-100K,b7,16,140,"2266,3732,8888",300,212,114,47,0.8160000000000001,0.893,0.7066666666666667,0.55,,,,0.2216981132075471,False
SIFT-100K,b7,16,141,"46,2266,3732,8888",300,212,124,51,0.8160000000000001,0.9,0.7066666666666667,0.5366666666666666,,,,0.240566037735849,False
SIFT-100K,b7,16,142,"991,2266,3732,8888",300,212,123,56,0.8160000000000001,0.9043333333333332,0.7066666666666667,0.52,,,,0.2641509433962264,False
SIFT-100K,b7,16,143,"46,991,2266,3732,8888",300,212,133,60,0.8160000000000001,0.911,0.7066666666666667,0.5066666666666667,,,,0.2830188679245283,False
SIFT-100K,b7,16,144,"4177,8888",300,212,76,27,0.8160000000000001,0.8626666666666667,0.7066666666666667,0.6166666666666667,,,,0.1273584905660377,False
SIFT-100K,b7,16,145,"46,4177,8888",300,212,95,36,0.8160000000000001,0.8746666666666666,0.7066666666666667,0.5866666666666667,,,,0.1698113207547169,False
SIFT-100K,b7,16,146,"991,4177,8888",300,212,107,41,0.8160000000000001,0.885,0.7066666666666667,0.57,,,,0.1933962264150943,False
SIFT-100K,b7,16,147,"46,991,4177,8888",300,212,118,49,0.8160000000000001,0.8946666666666667,0.7066666666666667,0.5433333333333333,,,,0.2311320754716981,False
SIFT-100K,b7,16,148,"2266,4177,8888",300,212,106,37,0.8160000000000001,0.8836666666666666,0.7066666666666667,0.5833333333333334,,,,0.1745283018867924,False
SIFT-100K,b7,16,149,"46,2266,4177,8888",300,212,117,44,0.8160000000000001,0.892,0.7066666666666667,0.56,,,,0.2075471698113207,False
SIFT-100K,b7,16,150,"991,2266,4177,8888",300,212,121,51,0.8160000000000001,0.8983333333333332,0.7066666666666667,0.5366666666666666,,,,0.240566037735849,False
SIFT-100K,b7,16,151,"46,991,2266,4177,8888",300,212,130,57,0.8160000000000001,0.906,0.7066666666666667,0.5166666666666667,,,,0.2688679245283019,False
SIFT-100K,b7,16,152,"3732,4177,8888",300,212,110,44,0.8160000000000001,0.8866666666666667,0.7066666666666667,0.56,,,,0.2075471698113207,False
SIFT-100K,b7,16,153,"46,3732,4177,8888",300,212,123,52,0.8160000000000001,0.8953333333333333,0.7066666666666667,0.5333333333333333,,,,0.2452830188679245,False
SIFT-100K,b7,16,154,"991,3732,4177,8888",300,212,124,54,0.8160000000000001,0.9013333333333332,0.7066666666666667,0.5266666666666666,,,,0.2547169811320754,False
SIFT-100K,b7,16,155,"46,991,3732,4177,8888",300,212,134,62,0.8160000000000001,0.9093333333333332,0.7066666666666667,0.5,,,,0.2924528301886792,False
SIFT-100K,b7,16,156,"2266,3732,4177,8888",300,212,125,53,0.8160000000000001,0.9,0.7066666666666667,0.53,,,,0.25,False
SIFT-100K,b7,16,157,"46,2266,3732,4177,8888",300,212,133,59,0.8160000000000001,0.906,0.7066666666666667,0.51,,,,0.2783018867924528,False
SIFT-100K,b7,16,158,"991,2266,3732,4177,8888",300,212,132,62,0.8160000000000001,0.9093333333333332,0.7066666666666667,0.5,,,,0.2924528301886792,False
SIFT-100K,b7,16,159,"46,991,2266,3732,4177,8888",300,212,140,68,0.8160000000000001,0.9153333333333334,0.7066666666666667,0.48,,,,0.320754716981132,False
SIFT-100K,b7,16,160,"4815,8888",300,212,76,29,0.8160000000000001,0.8640000000000001,0.7066666666666667,0.61,,,,0.1367924528301886,False
SIFT-100K,b7,16,161,"46,4815,8888",300,212,97,38,0.8160000000000001,0.8783333333333333,0.7066666666666667,0.58,,,,0.1792452830188679,False
SIFT-100K,b7,16,162,"991,4815,8888",300,212,111,43,0.8160000000000001,0.8893333333333333,0.7066666666666667,0.5633333333333334,,,,0.2028301886792453,False
SIFT-100K,b7,16,163,"46,991,4815,8888",300,212,122,51,0.8160000000000001,0.9003333333333334,0.7066666666666667,0.5366666666666666,,,,0.240566037735849,False
SIFT-100K,b7,16,164,"2266,4815,8888",300,212,107,42,0.8160000000000001,0.8869999999999999,0.7066666666666667,0.5666666666666667,,,,0.1981132075471698,False
SIFT-100K,b7,16,165,"46,2266,4815,8888",300,212,119,48,0.8160000000000001,0.8960000000000001,0.7066666666666667,0.5466666666666666,,,,0.2264150943396226,False
SIFT-100K,b7,16,166,"991,2266,4815,8888",300,212,124,54,0.8160000000000001,0.903,0.7066666666666667,0.5266666666666666,,,,0.2547169811320754,False
SIFT-100K,b7,16,167,"46,991,2266,4815,8888",300,212,133,60,0.8160000000000001,0.9106666666666668,0.7066666666666667,0.5066666666666667,,,,0.2830188679245283,False
SIFT-100K,b7,16,168,"3732,4815,8888",300,212,109,46,0.8160000000000001,0.8863333333333333,0.7066666666666667,0.5533333333333333,,,,0.2169811320754717,False
SIFT-100K,b7,16,169,"46,3732,4815,8888",300,212,121,53,0.8160000000000001,0.8960000000000001,0.7066666666666667,0.53,,,,0.25,False
SIFT-100K,b7,16,170,"991,3732,4815,8888",300,212,126,55,0.8160000000000001,0.9023333333333332,0.7066666666666667,0.5233333333333333,,,,0.2594339622641509,False
SIFT-100K,b7,16,171,"46,991,3732,4815,8888",300,212,135,62,0.8160000000000001,0.9113333333333332,0.7066666666666667,0.5,,,,0.2924528301886792,False
SIFT-100K,b7,16,172,"2266,3732,4815,8888",300,212,126,56,0.8160000000000001,0.9013333333333332,0.7066666666666667,0.52,,,,0.2641509433962264,False
SIFT-100K,b7,16,173,"46,2266,3732,4815,8888",300,212,133,61,0.8160000000000001,0.9073333333333334,0.7066666666666667,0.5033333333333333,,,,0.2877358490566037,False
SIFT-100K,b7,16,174,"991,2266,3732,4815,8888",300,212,134,64,0.8160000000000001,0.9113333333333332,0.7066666666666667,0.4933333333333333,,,,0.3018867924528302,False
SIFT-100K,b7,16,175,"46,991,2266,3732,4815,8888",300,212,141,69,0.8160000000000001,0.9173333333333332,0.7066666666666667,0.4766666666666667,,,,0.3254716981132075,False
SIFT-100K,b7,16,176,"4177,4815,8888",300,212,93,37,0.8160000000000001,0.8753333333333334,0.7066666666666667,0.5833333333333334,,,,0.1745283018867924,False
SIFT-100K,b7,16,177,"46,4177,4815,8888",300,212,109,45,0.8160000000000001,0.8856666666666667,0.7066666666666667,0.5566666666666666,,,,0.2122641509433962,False
SIFT-100K,b7,16,178,"991,4177,4815,8888",300,212,120,50,0.8160000000000001,0.8956666666666667,0.7066666666666667,0.54,,,,0.2358490566037736,False
SIFT-100K,b7,16,179,"46,991,4177,4815,8888",300,212,129,58,0.8160000000000001,0.9046666666666668,0.7066666666666667,0.5133333333333333,,,,0.2735849056603773,False
SIFT-100K,b7,16,180,"2266,4177,4815,8888",300,212,118,47,0.8160000000000001,0.8939999999999999,0.7066666666666667,0.55,,,,0.2216981132075471,False
SIFT-100K,b7,16,181,"46,2266,4177,4815,8888",300,212,127,53,0.8160000000000001,0.9013333333333332,0.7066666666666667,0.53,,,,0.25,False
SIFT-100K,b7,16,182,"991,2266,4177,4815,8888",300,212,132,59,0.8160000000000001,0.9073333333333334,0.7066666666666667,0.51,,,,0.2783018867924528,False
SIFT-100K,b7,16,183,"46,991,2266,4177,4815,8888",300,212,139,65,0.8160000000000001,0.9143333333333332,0.7066666666666667,0.49,,,,0.3066037735849056,False
SIFT-100K,b7,16,184,"3732,4177,4815,8888",300,212,121,51,0.8160000000000001,0.8939999999999999,0.7066666666666667,0.5366666666666666,,,,0.240566037735849,False
SIFT-100K,b7,16,185,"46,3732,4177,4815,8888",300,212,132,59,0.8160000000000001,0.902,0.7066666666666667,0.51,,,,0.2783018867924528,False
SIFT-100K,b7,16,186,"991,3732,4177,4815,8888",300,212,134,60,0.8160000000000001,0.9076666666666666,0.7066666666666667,0.5066666666666667,,,,0.2830188679245283,False
SIFT-100K,b7,16,187,"46,991,3732,4177,4815,8888",300,212,142,68,0.8160000000000001,0.915,0.7066666666666667,0.48,,,,0.320754716981132,False
SIFT-100K,b7,16,188,"2266,3732,4177,4815,8888",300,212,135,60,0.8160000000000001,0.907,0.7066666666666667,0.5066666666666667,,,,0.2830188679245283,False
SIFT-100K,b7,16,189,"46,2266,3732,4177,4815,8888",300,212,141,66,0.8160000000000001,0.9123333333333332,0.7066666666666667,0.4866666666666667,,,,0.3113207547169811,False
SIFT-100K,b7,16,190,"991,2266,3732,4177,4815,8888",300,212,141,68,0.8160000000000001,0.9153333333333334,0.7066666666666667,0.48,,,,0.320754716981132,False
SIFT-100K,b7,16,191,"46,991,2266,3732,4177,4815,8888",300,212,147,74,0.8160000000000001,0.9206666666666669,0.7066666666666667,0.46,,,,0.3490566037735849,False
SIFT-100K,b7,16,192,"7001,8888",300,212,80,26,0.8160000000000001,0.8676666666666666,0.7066666666666667,0.62,,,,0.1226415094339622,False
SIFT-100K,b7,16,193,"46,7001,8888",300,212,99,33,0.8160000000000001,0.8789999999999999,0.7066666666666667,0.5966666666666667,,,,0.1556603773584905,False
SIFT-100K,b7,16,194,"991,7001,8888",300,212,104,41,0.8160000000000001,0.8859999999999999,0.7066666666666667,0.57,,,,0.1933962264150943,False
SIFT-100K,b7,16,195,"46,991,7001,8888",300,212,117,45,0.8160000000000001,0.8953333333333333,0.7066666666666667,0.5566666666666666,,,,0.2122641509433962,False
SIFT-100K,b7,16,196,"2266,7001,8888",300,212,105,37,0.8160000000000001,0.8876666666666667,0.7066666666666667,0.5833333333333334,,,,0.1745283018867924,False
SIFT-100K,b7,16,197,"46,2266,7001,8888",300,212,118,41,0.8160000000000001,0.8946666666666667,0.7066666666666667,0.57,,,,0.1933962264150943,False
SIFT-100K,b7,16,198,"991,2266,7001,8888",300,212,117,49,0.8160000000000001,0.9,0.7066666666666667,0.5433333333333333,,,,0.2311320754716981,False
SIFT-100K,b7,16,199,"46,991,2266,7001,8888",300,212,128,52,0.8160000000000001,0.9063333333333332,0.7066666666666667,0.5333333333333333,,,,0.2452830188679245,False
SIFT-100K,b7,16,200,"3732,7001,8888",300,212,108,44,0.8160000000000001,0.889,0.7066666666666667,0.56,,,,0.2075471698113207,False
SIFT-100K,b7,16,201,"46,3732,7001,8888",300,212,121,49,0.8160000000000001,0.8976666666666666,0.7066666666666667,0.5433333333333333,,,,0.2311320754716981,False
SIFT-100K,b7,16,202,"991,3732,7001,8888",300,212,120,53,0.8160000000000001,0.9006666666666666,0.7066666666666667,0.53,,,,0.25,False
SIFT-100K,b7,16,203,"46,991,3732,7001,8888",300,212,132,57,0.8160000000000001,0.909,0.7066666666666667,0.5166666666666667,,,,0.2688679245283019,False
SIFT-100K,b7,16,204,"2266,3732,7001,8888",300,212,122,54,0.8160000000000001,0.9023333333333332,0.7066666666666667,0.5266666666666666,,,,0.2547169811320754,False
SIFT-100K,b7,16,205,"46,2266,3732,7001,8888",300,212,132,57,0.8160000000000001,0.908,0.7066666666666667,0.5166666666666667,,,,0.2688679245283019,False
SIFT-100K,b7,16,206,"991,2266,3732,7001,8888",300,212,129,61,0.8160000000000001,0.9103333333333332,0.7066666666666667,0.5033333333333333,,,,0.2877358490566037,False
SIFT-100K,b7,16,207,"46,991,2266,3732,7001,8888",300,212,139,64,0.8160000000000001,0.916,0.7066666666666667,0.4933333333333333,,,,0.3018867924528302,False
SIFT-100K,b7,16,208,"4177,7001,8888",300,212,96,35,0.8160000000000001,0.8786666666666667,0.7066666666666667,0.59,,,,0.1650943396226415,False
SIFT-100K,b7,16,209,"46,4177,7001,8888",300,212,110,41,0.8160000000000001,0.8863333333333333,0.7066666666666667,0.57,,,,0.1933962264150943,False
SIFT-100K,b7,16,210,"991,4177,7001,8888",300,212,115,47,0.8160000000000001,0.8946666666666667,0.7066666666666667,0.55,,,,0.2216981132075471,False
SIFT-100K,b7,16,211,"46,991,4177,7001,8888",300,212,125,52,0.8160000000000001,0.9013333333333332,0.7066666666666667,0.5333333333333333,,,,0.2452830188679245,False
SIFT-100K,b7,16,212,"2266,4177,7001,8888",300,212,116,43,0.8160000000000001,0.8943333333333333,0.7066666666666667,0.5633333333333334,,,,0.2028301886792453,False
SIFT-100K,b7,16,213,"46,2266,4177,7001,8888",300,212,126,48,0.8160000000000001,0.9,0.7066666666666667,0.5466666666666666,,,,0.2264150943396226,False
SIFT-100K,b7,16,214,"991,2266,4177,7001,8888",300,212,127,55,0.8160000000000001,0.906,0.7066666666666667,0.5233333333333333,,,,0.2594339622641509,False
SIFT-100K,b7,16,215,"46,991,2266,4177,7001,8888",300,212,135,59,0.8160000000000001,0.911,0.7066666666666667,0.51,,,,0.2783018867924528,False
SIFT-100K,b7,16,216,"3732,4177,7001,8888",300,212,119,51,0.8160000000000001,0.8963333333333333,0.7066666666666667,0.5366666666666666,,,,0.240566037735849,False
SIFT-100K,b7,16,217,"46,3732,4177,7001,8888",300,212,129,56,0.8160000000000001,0.903,0.7066666666666667,0.52,,,,0.2641509433962264,False
SIFT-100K,b7,16,218,"991,3732,4177,7001,8888",300,212,128,59,0.8160000000000001,0.907,0.7066666666666667,0.51,,,,0.2783018867924528,False
SIFT-100K,b7,16,219,"46,991,3732,4177,7001,8888",300,212,138,64,0.8160000000000001,0.9136666666666666,0.7066666666666667,0.4933333333333333,,,,0.3018867924528302,False
SIFT-100K,b7,16,220,"2266,3732,4177,7001,8888",300,212,130,59,0.8160000000000001,0.907,0.7066666666666667,0.51,,,,0.2783018867924528,False
SIFT-100K,b7,16,221,"46,2266,3732,4177,7001,8888",300,212,138,63,0.8160000000000001,0.912,0.7066666666666667,0.4966666666666666,,,,0.2971698113207547,False
SIFT-100K,b7,16,222,"991,2266,3732,4177,7001,8888",300,212,136,66,0.8160000000000001,0.9143333333333332,0.7066666666666667,0.4866666666666667,,,,0.3113207547169811,False
SIFT-100K,b7,16,223,"46,991,2266,3732,4177,7001,8888",300,212,144,70,0.8160000000000001,0.9193333333333332,0.7066666666666667,0.4733333333333333,,,,0.330188679245283,False
SIFT-100K,b7,16,224,"4815,7001,8888",300,212,103,41,0.8160000000000001,0.8846666666666666,0.7066666666666667,0.57,,,,0.1933962264150943,False
SIFT-100K,b7,16,225,"46,4815,7001,8888",300,212,116,46,0.8160000000000001,0.8933333333333333,0.7066666666666667,0.5533333333333333,,,,0.2169811320754717,False
SIFT-100K,b7,16,226,"991,4815,7001,8888",300,212,122,53,0.8160000000000001,0.9006666666666666,0.7066666666666667,0.53,,,,0.25,False
SIFT-100K,b7,16,227,"46,991,4815,7001,8888",300,212,131,58,0.8160000000000001,0.9086666666666666,0.7066666666666667,0.5133333333333333,,,,0.2735849056603773,False
SIFT-100K,b7,16,228,"2266,4815,7001,8888",300,212,121,50,0.8160000000000001,0.9006666666666666,0.7066666666666667,0.54,,,,0.2358490566037736,False
SIFT-100K,b7,16,229,"46,2266,4815,7001,8888",300,212,130,54,0.8160000000000001,0.906,0.7066666666666667,0.5266666666666666,,,,0.2547169811320754,False
SIFT-100K,b7,16,230,"991,2266,4815,7001,8888",300,212,132,60,0.8160000000000001,0.9116666666666668,0.7066666666666667,0.5066666666666667,,,,0.2830188679245283,False
SIFT-100K,b7,16,231,"46,991,2266,4815,7001,8888",300,212,139,64,0.8160000000000001,0.9166666666666666,0.7066666666666667,0.4933333333333333,,,,0.3018867924528302,False
SIFT-100K,b7,16,232,"3732,4815,7001,8888",300,212,122,55,0.8160000000000001,0.899,0.7066666666666667,0.5233333333333333,,,,0.2594339622641509,False
SIFT-100K,b7,16,233,"46,3732,4815,7001,8888",300,212,131,60,0.8160000000000001,0.9066666666666666,0.7066666666666667,0.5066666666666667,,,,0.2830188679245283,False
SIFT-100K,b7,16,234,"991,3732,4815,7001,8888",300,212,132,62,0.8160000000000001,0.9093333333333332,0.7066666666666667,0.5,,,,0.2924528301886792,False
SIFT-100K,b7,16,235,"46,991,3732,4815,7001,8888",300,212,141,67,0.8160000000000001,0.917,0.7066666666666667,0.4833333333333333,,,,0.3160377358490566,False
SIFT-100K,b7,16,236,"2266,3732,4815,7001,8888",300,212,133,63,0.8160000000000001,0.9103333333333332,0.7066666666666667,0.4966666666666666,,,,0.2971698113207547,False
SIFT-100K,b7,16,237,"46,2266,3732,4815,7001,8888",300,212,140,67,0.8160000000000001,0.9153333333333334,0.7066666666666667,0.4833333333333333,,,,0.3160377358490566,False
SIFT-100K,b7,16,238,"991,2266,3732,4815,7001,8888",300,212,139,69,0.8160000000000001,0.9173333333333332,0.7066666666666667,0.4766666666666667,,,,0.3254716981132075,False
SIFT-100K,b7,16,239,"46,991,2266,3732,4815,7001,8888",300,212,146,73,0.8160000000000001,0.9223333333333332,0.7066666666666667,0.4633333333333333,,,,0.3443396226415094,False
SIFT-100K,b7,16,240,"4177,4815,7001,8888",300,212,110,45,0.8160000000000001,0.8906666666666666,0.7066666666666667,0.5566666666666666,,,,0.2122641509433962,False
SIFT-100K,b7,16,241,"46,4177,4815,7001,8888",300,212,122,50,0.8160000000000001,0.8973333333333333,0.7066666666666667,0.54,,,,0.2358490566037736,False
SIFT-100K,b7,16,242,"991,4177,4815,7001,8888",300,212,127,56,0.8160000000000001,0.9053333333333332,0.7066666666666667,0.52,,,,0.2641509433962264,False
SIFT-100K,b7,16,243,"46,991,4177,4815,7001,8888",300,212,135,61,0.8160000000000001,0.9113333333333332,0.7066666666666667,0.5033333333333333,,,,0.2877358490566037,False
SIFT-100K,b7,16,244,"2266,4177,4815,7001,8888",300,212,127,53,0.8160000000000001,0.9046666666666668,0.7066666666666667,0.53,,,,0.25,False
SIFT-100K,b7,16,245,"46,2266,4177,4815,7001,8888",300,212,135,57,0.8160000000000001,0.9093333333333332,0.7066666666666667,0.5166666666666667,,,,0.2688679245283019,False
SIFT-100K,b7,16,246,"991,2266,4177,4815,7001,8888",300,212,137,63,0.8160000000000001,0.915,0.7066666666666667,0.4966666666666666,,,,0.2971698113207547,False
SIFT-100K,b7,16,247,"46,991,2266,4177,4815,7001,8888",300,212,143,67,0.8160000000000001,0.9193333333333332,0.7066666666666667,0.4833333333333333,,,,0.3160377358490566,False
SIFT-100K,b7,16,248,"3732,4177,4815,7001,8888",300,212,129,58,0.8160000000000001,0.9036666666666668,0.7066666666666667,0.5133333333333333,,,,0.2735849056603773,False
SIFT-100K,b7,16,249,"46,3732,4177,4815,7001,8888",300,212,137,63,0.8160000000000001,0.9096666666666666,0.7066666666666667,0.4966666666666666,,,,0.2971698113207547,False
SIFT-100K,b7,16,250,"991,3732,4177,4815,7001,8888",300,212,137,65,0.8160000000000001,0.9133333333333332,0.7066666666666667,0.49,,,,0.3066037735849056,False
SIFT-100K,b7,16,251,"46,991,3732,4177,4815,7001,8888",300,212,145,70,0.8160000000000001,0.9193333333333332,0.7066666666666667,0.4733333333333333,,,,0.330188679245283,False
SIFT-100K,b7,16,252,"2266,3732,4177,4815,7001,8888",300,212,139,66,0.8160000000000001,0.914,0.7066666666666667,0.4866666666666667,,,,0.3113207547169811,False
SIFT-100K,b7,16,253,"46,2266,3732,4177,4815,7001,8888",300,212,145,70,0.8160000000000001,0.9183333333333332,0.7066666666666667,0.4733333333333333,,,,0.330188679245283,False
SIFT-100K,b7,16,254,"991,2266,3732,4177,4815,7001,8888",300,212,144,72,0.8160000000000001,0.9203333333333332,0.7066666666666667,0.4666666666666667,,,,0.3396226415094339,False
SIFT-100K,b7,16,255,"46,991,2266,3732,4177,4815,7001,8888",300,212,150,76,0.8160000000000001,0.9246666666666666,0.7066666666666667,0.4533333333333333,,,,0.3584905660377358,False
SIFT-100K,b7,32,0,EMPTY,300,128,0,0,0.926,0.926,0.4266666666666667,0.4266666666666667,65.0,65.0,64.14833333333333,0.0,True
SIFT-100K,b7,32,1,46,300,128,18,8,0.926,0.9336666666666666,0.4266666666666667,0.4,,,,0.0625,False
SIFT-100K,b7,32,2,991,300,128,15,5,0.926,0.935,0.4266666666666667,0.41,,,,0.0390625,False
SIFT-100K,b7,32,3,"46,991",300,128,28,11,0.926,0.9396666666666668,0.4266666666666667,0.39,,,,0.0859375,False
SIFT-100K,b7,32,4,2266,300,128,16,8,0.926,0.9343333333333332,0.4266666666666667,0.4,,,,0.0625,False
SIFT-100K,b7,32,5,"46,2266",300,128,28,13,0.926,0.939,0.4266666666666667,0.3833333333333333,,,,0.1015625,False
SIFT-100K,b7,32,6,"991,2266",300,128,23,13,0.926,0.9393333333333332,0.4266666666666667,0.3833333333333333,,,,0.1015625,False
SIFT-100K,b7,32,7,"46,991,2266",300,128,35,18,0.926,0.9436666666666668,0.4266666666666667,0.3666666666666666,,,,0.140625,False
SIFT-100K,b7,32,8,3732,300,128,22,15,0.926,0.9383333333333332,0.4266666666666667,0.3766666666666666,,,,0.1171875,False
SIFT-100K,b7,32,9,"46,3732",300,128,34,20,0.926,0.9423333333333334,0.4266666666666667,0.36,,,,0.15625,False
SIFT-100K,b7,32,10,"991,3732",300,128,29,19,0.926,0.9433333333333334,0.4266666666666667,0.3633333333333333,,,,0.1484375,False
SIFT-100K,b7,32,11,"46,991,3732",300,128,40,24,0.926,0.947,0.4266666666666667,0.3466666666666667,,,,0.1875,False
SIFT-100K,b7,32,12,"2266,3732",300,128,30,20,0.926,0.9423333333333334,0.4266666666666667,0.36,,,,0.15625,False
SIFT-100K,b7,32,13,"46,2266,3732",300,128,40,24,0.926,0.946,0.4266666666666667,0.3466666666666667,,,,0.1875,False
SIFT-100K,b7,32,14,"991,2266,3732",300,128,36,24,0.926,0.9466666666666668,0.4266666666666667,0.3466666666666667,,,,0.1875,False
SIFT-100K,b7,32,15,"46,991,2266,3732",300,128,46,28,0.926,0.95,0.4266666666666667,0.3333333333333333,,,,0.21875,False
SIFT-100K,b7,32,16,4177,300,128,19,8,0.926,0.9353333333333332,0.4266666666666667,0.4,,,,0.0625,False
SIFT-100K,b7,32,17,"46,4177",300,128,32,16,0.926,0.9396666666666668,0.4266666666666667,0.3733333333333333,,,,0.125,False
SIFT-100K,b7,32,18,"991,4177",300,128,27,15,0.926,0.941,0.4266666666666667,0.3766666666666666,,,,0.1171875,False
SIFT-100K,b7,32,19,"46,991,4177",300,128,38,21,0.926,0.9446666666666668,0.4266666666666667,0.3566666666666667,,,,0.1640625,False
SIFT-100K,b7,32,20,"2266,4177",300,128,29,15,0.926,0.94,0.4266666666666667,0.3766666666666666,,,,0.1171875,False
SIFT-100K,b7,32,21,"46,2266,4177",300,128,39,20,0.926,0.9433333333333334,0.4266666666666667,0.36,,,,0.15625,False
SIFT-100K,b7,32,22,"991,2266,4177",300,128,34,20,0.926,0.9443333333333334,0.4266666666666667,0.36,,,,0.15625,False
SIFT-100K,b7,32,23,"46,991,2266,4177",300,128,44,25,0.926,0.9476666666666668,0.4266666666666667,0.3433333333333333,,,,0.1953125,False
SIFT-100K,b7,32,24,"3732,4177",300,128,34,20,0.926,0.943,0.4266666666666667,0.36,,,,0.15625,False
SIFT-100K,b7,32,25,"46,3732,4177",300,128,44,25,0.926,0.9463333333333332,0.4266666666666667,0.3433333333333333,,,,0.1953125,False
SIFT-100K,b7,32,26,"991,3732,4177",300,128,38,24,0.926,0.9466666666666668,0.4266666666666667,0.3466666666666667,,,,0.1875,False
SIFT-100K,b7,32,27,"46,991,3732,4177",300,128,48,29,0.926,0.95,0.4266666666666667,0.33,,,,0.2265625,False
SIFT-100K,b7,32,28,"2266,3732,4177",300,128,40,24,0.926,0.946,0.4266666666666667,0.3466666666666667,,,,0.1875,False
SIFT-100K,b7,32,29,"46,2266,3732,4177",300,128,49,28,0.926,0.949,0.4266666666666667,0.3333333333333333,,,,0.21875,False
SIFT-100K,b7,32,30,"991,2266,3732,4177",300,128,44,28,0.926,0.9496666666666668,0.4266666666666667,0.3333333333333333,,,,0.21875,False
SIFT-100K,b7,32,31,"46,991,2266,3732,4177",300,128,53,32,0.926,0.9526666666666668,0.4266666666666667,0.32,,,,0.25,False
SIFT-100K,b7,32,32,4815,300,128,20,8,0.926,0.935,0.4266666666666667,0.4,,,,0.0625,False
SIFT-100K,b7,32,33,"46,4815",300,128,33,15,0.926,0.9406666666666668,0.4266666666666667,0.3766666666666666,,,,0.1171875,False
SIFT-100K,b7,32,34,"991,4815",300,128,28,13,0.926,0.942,0.4266666666666667,0.3833333333333333,,,,0.1015625,False
SIFT-100K,b7,32,35,"46,991,4815",300,128,39,19,0.926,0.9456666666666668,0.4266666666666667,0.3633333333333333,,,,0.1484375,False
SIFT-100K,b7,32,36,"2266,4815",300,128,31,14,0.926,0.942,0.4266666666666667,0.38,,,,0.109375,False
SIFT-100K,b7,32,37,"46,2266,4815",300,128,41,19,0.926,0.9453333333333334,0.4266666666666667,0.3633333333333333,,,,0.1484375,False
SIFT-100K,b7,32,38,"991,2266,4815",300,128,35,19,0.926,0.9456666666666668,0.4266666666666667,0.3633333333333333,,,,0.1484375,False
SIFT-100K,b7,32,39,"46,991,2266,4815",300,128,45,24,0.926,0.949,0.4266666666666667,0.3466666666666667,,,,0.1875,False
SIFT-100K,b7,32,40,"3732,4815",300,128,35,19,0.926,0.943,0.4266666666666667,0.3633333333333333,,,,0.1484375,False
SIFT-100K,b7,32,41,"46,3732,4815",300,128,45,24,0.926,0.9463333333333332,0.4266666666666667,0.3466666666666667,,,,0.1875,False
SIFT-100K,b7,32,42,"991,3732,4815",300,128,38,23,0.926,0.9466666666666668,0.4266666666666667,0.35,,,,0.1796875,False
SIFT-100K,b7,32,43,"46,991,3732,4815",300,128,48,28,0.926,0.95,0.4266666666666667,0.3333333333333333,,,,0.21875,False
SIFT-100K,b7,32,44,"2266,3732,4815",300,128,41,23,0.926,0.9466666666666668,0.4266666666666667,0.35,,,,0.1796875,False
SIFT-100K,b7,32,45,"46,2266,3732,4815",300,128,50,27,0.926,0.9496666666666668,0.4266666666666667,0.3366666666666666,,,,0.2109375,False
SIFT-100K,b7,32,46,"991,2266,3732,4815",300,128,44,27,0.926,0.9496666666666668,0.4266666666666667,0.3366666666666666,,,,0.2109375,False
SIFT-100K,b7,32,47,"46,991,2266,3732,4815",300,128,53,31,0.926,0.9526666666666668,0.4266666666666667,0.3233333333333333,,,,0.2421875,False
SIFT-100K,b7,32,48,"4177,4815",300,128,30,12,0.926,0.9403333333333336,0.4266666666666667,0.3866666666666666,,,,0.09375,False
SIFT-100K,b7,32,49,"46,4177,4815",300,128,41,19,0.926,0.944,0.4266666666666667,0.3633333333333333,,,,0.1484375,False
SIFT-100K,b7,32,50,"991,4177,4815",300,128,35,17,0.926,0.9446666666666668,0.4266666666666667,0.37,,,,0.1328125,False
SIFT-100K,b7,32,51,"46,991,4177,4815",300,128,45,23,0.926,0.948,0.4266666666666667,0.35,,,,0.1796875,False
SIFT-100K,b7,32,52,"2266,4177,4815",300,128,39,18,0.926,0.9446666666666668,0.4266666666666667,0.3666666666666666,,,,0.140625,False
SIFT-100K,b7,32,53,"46,2266,4177,4815",300,128,48,23,0.926,0.9476666666666668,0.4266666666666667,0.35,,,,0.1796875,False
SIFT-100K,b7,32,54,"991,2266,4177,4815",300,128,42,22,0.926,0.948,0.4266666666666667,0.3533333333333333,,,,0.171875,False
SIFT-100K,b7,32,55,"46,991,2266,4177,4815",300,128,51,27,0.926,0.951,0.4266666666666667,0.3366666666666666,,,,0.2109375,False
SIFT-100K,b7,32,56,"3732,4177,4815",300,128,42,22,0.926,0.946,0.4266666666666667,0.3533333333333333,,,,0.171875,False
SIFT-100K,b7,32,57,"46,3732,4177,4815",300,128,51,27,0.926,0.949,0.4266666666666667,0.3366666666666666,,,,0.2109375,False
SIFT-100K,b7,32,58,"991,3732,4177,4815",300,128,44,25,0.926,0.9486666666666668,0.4266666666666667,0.3433333333333333,,,,0.1953125,False
SIFT-100K,b7,32,59,"46,991,3732,4177,4815",300,128,53,30,0.926,0.9516666666666668,0.4266666666666667,0.3266666666666666,,,,0.234375,False
SIFT-100K,b7,32,60,"2266,3732,4177,4815",300,128,48,26,0.926,0.949,0.4266666666666667,0.34,,,,0.203125,False
SIFT-100K,b7,32,61,"46,2266,3732,4177,4815",300,128,56,30,0.926,0.9516666666666668,0.4266666666666667,0.3266666666666666,,,,0.234375,False
SIFT-100K,b7,32,62,"991,2266,3732,4177,4815",300,128,50,29,0.926,0.9516666666666668,0.4266666666666667,0.33,,,,0.2265625,False
SIFT-100K,b7,32,63,"46,991,2266,3732,4177,4815",300,128,58,33,0.926,0.9543333333333331,0.4266666666666667,0.3166666666666666,,,,0.2578125,False
SIFT-100K,b7,32,64,7001,300,128,11,4,0.926,0.9316666666666666,0.4266666666666667,0.4133333333333333,,,,0.03125,False
SIFT-100K,b7,32,65,"46,7001",300,128,25,10,0.926,0.9366666666666668,0.4266666666666667,0.3933333333333333,,,,0.078125,False
SIFT-100K,b7,32,66,"991,7001",300,128,20,11,0.926,0.9373333333333334,0.4266666666666667,0.39,,,,0.0859375,False
SIFT-100K,b7,32,67,"46,991,7001",300,128,31,15,0.926,0.9413333333333334,0.4266666666666667,0.3766666666666666,,,,0.1171875,False
SIFT-100K,b7,32,68,"2266,7001",300,128,23,12,0.926,0.9373333333333334,0.4266666666666667,0.3866666666666666,,,,0.09375,False
SIFT-100K,b7,32,69,"46,2266,7001",300,128,33,15,0.926,0.9413333333333334,0.4266666666666667,0.3766666666666666,,,,0.1171875,False
SIFT-100K,b7,32,70,"991,2266,7001",300,128,28,17,0.926,0.941,0.4266666666666667,0.37,,,,0.1328125,False
SIFT-100K,b7,32,71,"46,991,2266,7001",300,128,38,20,0.926,0.9446666666666668,0.4266666666666667,0.36,,,,0.15625,False
SIFT-100K,b7,32,72,"3732,7001",300,128,28,18,0.926,0.941,0.4266666666666667,0.3666666666666666,,,,0.140625,False
SIFT-100K,b7,32,73,"46,3732,7001",300,128,39,22,0.926,0.9446666666666668,0.4266666666666667,0.3533333333333333,,,,0.171875,False
SIFT-100K,b7,32,74,"991,3732,7001",300,128,33,22,0.926,0.9446666666666668,0.4266666666666667,0.3533333333333333,,,,0.171875,False
SIFT-100K,b7,32,75,"46,991,3732,7001",300,128,43,26,0.926,0.948,0.4266666666666667,0.34,,,,0.203125,False
SIFT-100K,b7,32,76,"2266,3732,7001",300,128,36,23,0.926,0.945,0.4266666666666667,0.35,,,,0.1796875,False
SIFT-100K,b7,32,77,"46,2266,3732,7001",300,128,45,26,0.926,0.9483333333333333,0.4266666666666667,0.34,,,,0.203125,False
SIFT-100K,b7,32,78,"991,2266,3732,7001",300,128,40,27,0.926,0.948,0.4266666666666667,0.3366666666666666,,,,0.2109375,False
SIFT-100K,b7,32,79,"46,991,2266,3732,7001",300,128,49,30,0.926,0.951,0.4266666666666667,0.3266666666666666,,,,0.234375,False
SIFT-100K,b7,32,80,"4177,7001",300,128,25,12,0.926,0.938,0.4266666666666667,0.3866666666666666,,,,0.09375,False
SIFT-100K,b7,32,81,"46,4177,7001",300,128,36,18,0.926,0.9416666666666668,0.4266666666666667,0.3666666666666666,,,,0.140625,False
SIFT-100K,b7,32,82,"991,4177,7001",300,128,31,19,0.926,0.9423333333333334,0.4266666666666667,0.3633333333333333,,,,0.1484375,False
SIFT-100K,b7,32,83,"46,991,4177,7001",300,128,40,23,0.926,0.9453333333333334,0.4266666666666667,0.35,,,,0.1796875,False
SIFT-100K,b7,32,84,"2266,4177,7001",300,128,35,19,0.926,0.9426666666666664,0.4266666666666667,0.3633333333333333,,,,0.1484375,False
SIFT-100K,b7,32,85,"46,2266,4177,7001",300,128,43,22,0.926,0.9453333333333334,0.4266666666666667,0.3533333333333333,,,,0.171875,False
SIFT-100K,b7,32,86,"991,2266,4177,7001",300,128,38,24,0.926,0.9456666666666668,0.4266666666666667,0.3466666666666667,,,,0.1875,False
SIFT-100K,b7,32,87,"46,991,2266,4177,7001",300,128,46,27,0.926,0.9483333333333333,0.4266666666666667,0.3366666666666666,,,,0.2109375,False
SIFT-100K,b7,32,88,"3732,4177,7001",300,128,39,23,0.926,0.9453333333333334,0.4266666666666667,0.35,,,,0.1796875,False
SIFT-100K,b7,32,89,"46,3732,4177,7001",300,128,48,27,0.926,0.9483333333333333,0.4266666666666667,0.3366666666666666,,,,0.2109375,False
SIFT-100K,b7,32,90,"991,3732,4177,7001",300,128,41,27,0.926,0.9476666666666668,0.4266666666666667,0.3366666666666666,,,,0.2109375,False
SIFT-100K,b7,32,91,"46,991,3732,4177,7001",300,128,50,31,0.926,0.9506666666666664,0.4266666666666667,0.3233333333333333,,,,0.2421875,False
SIFT-100K,b7,32,92,"2266,3732,4177,7001",300,128,45,27,0.926,0.9483333333333333,0.4266666666666667,0.3366666666666666,,,,0.2109375,False
SIFT-100K,b7,32,93,"46,2266,3732,4177,7001",300,128,53,30,0.926,0.951,0.4266666666666667,0.3266666666666666,,,,0.234375,False
SIFT-100K,b7,32,94,"991,2266,3732,4177,7001",300,128,47,31,0.926,0.9506666666666664,0.4266666666666667,0.3233333333333333,,,,0.2421875,False
SIFT-100K,b7,32,95,"46,991,2266,3732,4177,7001",300,128,55,34,0.926,0.9533333333333334,0.4266666666666667,0.3133333333333333,,,,0.265625,False
SIFT-100K,b7,32,96,"4815,7001",300,128,27,12,0.926,0.939,0.4266666666666667,0.3866666666666666,,,,0.09375,False
SIFT-100K,b7,32,97,"46,4815,7001",300,128,37,17,0.926,0.9423333333333334,0.4266666666666667,0.37,,,,0.1328125,False
SIFT-100K,b7,32,98,"991,4815,7001",300,128,32,18,0.926,0.9436666666666668,0.4266666666666667,0.3666666666666666,,,,0.140625,False
SIFT-100K,b7,32,99,"46,991,4815,7001",300,128,41,22,0.926,0.9466666666666668,0.4266666666666667,0.3533333333333333,,,,0.171875,False
SIFT-100K,b7,32,100,"2266,4815,7001",300,128,36,18,0.926,0.944,0.4266666666666667,0.3666666666666666,,,,0.140625,False
SIFT-100K,b7,32,101,"46,2266,4815,7001",300,128,44,21,0.926,0.9466666666666668,0.4266666666666667,0.3566666666666667,,,,0.1640625,False
SIFT-100K,b7,32,102,"991,2266,4815,7001",300,128,39,23,0.926,0.947,0.4266666666666667,0.35,,,,0.1796875,False
SIFT-100K,b7,32,103,"46,991,2266,4815,7001",300,128,47,26,0.926,0.9496666666666668,0.4266666666666667,0.34,,,,0.203125,False
SIFT-100K,b7,32,104,"3732,4815,7001",300,128,39,22,0.926,0.9446666666666668,0.4266666666666667,0.3533333333333333,,,,0.171875,False
SIFT-100K,b7,32,105,"46,3732,4815,7001",300,128,48,26,0.926,0.9476666666666668,0.4266666666666667,0.34,,,,0.203125,False
SIFT-100K,b7,32,106,"991,3732,4815,7001",300,128,41,26,0.926,0.9476666666666668,0.4266666666666667,0.34,,,,0.203125,False
SIFT-100K,b7,32,107,"46,991,3732,4815,7001",300,128,50,30,0.926,0.9506666666666664,0.4266666666666667,0.3266666666666666,,,,0.234375,False
SIFT-100K,b7,32,108,"2266,3732,4815,7001",300,128,45,26,0.926,0.9483333333333333,0.4266666666666667,0.34,,,,0.203125,False
SIFT-100K,b7,32,109,"46,2266,3732,4815,7001",300,128,53,29,0.926,0.951,0.4266666666666667,0.33,,,,0.2265625,False
SIFT-100K,b7,32,110,"991,2266,3732,4815,7001",300,128,47,30,0.926,0.9506666666666664,0.4266666666666667,0.3266666666666666,,,,0.234375,False
SIFT-100K,b7,32,111,"46,991,2266,3732,4815,7001",300,128,55,33,0.926,0.9533333333333334,0.4266666666666667,0.3166666666666666,,,,0.2578125,False
SIFT-100K,b7,32,112,"4177,4815,7001",300,128,35,16,0.926,0.9423333333333334,0.4266666666666667,0.3733333333333333,,,,0.125,False
SIFT-100K,b7,32,113,"46,4177,4815,7001",300,128,44,21,0.926,0.9453333333333334,0.4266666666666667,0.3566666666666667,,,,0.1640625,False
SIFT-100K,b7,32,114,"991,4177,4815,7001",300,128,39,21,0.926,0.946,0.4266666666666667,0.3566666666666667,,,,0.1640625,False
SIFT-100K,b7,32,115,"46,991,4177,4815,7001",300,128,47,25,0.926,0.9486666666666668,0.4266666666666667,0.3433333333333333,,,,0.1953125,False
SIFT-100K,b7,32,116,"2266,4177,4815,7001",300,128,44,22,0.926,0.9466666666666668,0.4266666666666667,0.3533333333333333,,,,0.171875,False
SIFT-100K,b7,32,117,"46,2266,4177,4815,7001",300,128,51,25,0.926,0.949,0.4266666666666667,0.3433333333333333,,,,0.1953125,False
SIFT-100K,b7,32,118,"991,2266,4177,4815,7001",300,128,46,26,0.926,0.9493333333333334,0.4266666666666667,0.34,,,,0.203125,False
SIFT-100K,b7,32,119,"46,991,2266,4177,4815,7001",300,128,53,29,0.926,0.9516666666666668,0.4266666666666667,0.33,,,,0.2265625,False
SIFT-100K,b7,32,120,"3732,4177,4815,7001",300,128,46,25,0.926,0.9476666666666668,0.4266666666666667,0.3433333333333333,,,,0.1953125,False
SIFT-100K,b7,32,121,"46,3732,4177,4815,7001",300,128,54,29,0.926,0.9503333333333334,0.4266666666666667,0.33,,,,0.2265625,False
SIFT-100K,b7,32,122,"991,3732,4177,4815,7001",300,128,47,28,0.926,0.9496666666666668,0.4266666666666667,0.3333333333333333,,,,0.21875,False
SIFT-100K,b7,32,123,"46,991,3732,4177,4815,7001",300,128,55,32,0.926,0.9523333333333334,0.4266666666666667,0.32,,,,0.25,False
SIFT-100K,b7,32,124,"2266,3732,4177,4815,7001",300,128,52,29,0.926,0.9506666666666664,0.4266666666666667,0.33,,,,0.2265625,False
SIFT-100K,b7,32,125,"46,2266,3732,4177,4815,7001",300,128,59,32,0.926,0.953,0.4266666666666667,0.32,,,,0.25,False
SIFT-100K,b7,32,126,"991,2266,3732,4177,4815,7001",300,128,53,32,0.926,0.9526666666666668,0.4266666666666667,0.32,,,,0.25,False
SIFT-100K,b7,32,127,"46,991,2266,3732,4177,4815,7001",300,128,60,35,0.926,0.955,0.4266666666666667,0.31,,,,0.2734375,False
SIFT-100K,b7,32,128,8888,300,128,17,8,0.926,0.9336666666666666,0.4266666666666667,0.4,,,,0.0625,False
SIFT-100K,b7,32,129,"46,8888",300,128,31,14,0.926,0.9386666666666666,0.4266666666666667,0.38,,,,0.109375,False
SIFT-100K,b7,32,130,"991,8888",300,128,28,13,0.926,0.9403333333333336,0.4266666666666667,0.3833333333333333,,,,0.1015625,False
SIFT-100K,b7,32,131,"46,991,8888",300,128,40,18,0.926,0.9446666666666668,0.4266666666666667,0.3666666666666666,,,,0.140625,False
SIFT-100K,b7,32,132,"2266,8888",300,128,29,15,0.926,0.9393333333333332,0.4266666666666667,0.3766666666666666,,,,0.1171875,False
SIFT-100K,b7,32,133,"46,2266,8888",300,128,40,19,0.926,0.9436666666666668,0.4266666666666667,0.3633333333333333,,,,0.1484375,False
SIFT-100K,b7,32,134,"991,2266,8888",300,128,36,20,0.926,0.9443333333333334,0.4266666666666667,0.36,,,,0.15625,False
SIFT-100K,b7,32,135,"46,991,2266,8888",300,128,47,24,0.926,0.9483333333333333,0.4266666666666667,0.3466666666666667,,,,0.1875,False
SIFT-100K,b7,32,136,"3732,8888",300,128,34,22,0.926,0.943,0.4266666666666667,0.3533333333333333,,,,0.171875,False
SIFT-100K,b7,32,137,"46,3732,8888",300,128,45,26,0.926,0.9466666666666668,0.4266666666666667,0.34,,,,0.203125,False
SIFT-100K,b7,32,138,"991,3732,8888",300,128,41,26,0.926,0.948,0.4266666666666667,0.34,,,,0.203125,False
SIFT-100K,b7,32,139,"46,991,3732,8888",300,128,51,30,0.926,0.9513333333333334,0.4266666666666667,0.3266666666666666,,,,0.234375,False
SIFT-100K,b7,32,140,"2266,3732,8888",300,128,42,27,0.926,0.947,0.4266666666666667,0.3366666666666666,,,,0.2109375,False
SIFT-100K,b7,32,141,"46,2266,3732,8888",300,128,51,30,0.926,0.9503333333333334,0.4266666666666667,0.3266666666666666,,,,0.234375,False
SIFT-100K,b7,32,142,"991,2266,3732,8888",300,128,48,31,0.926,0.9513333333333334,0.4266666666666667,0.3233333333333333,,,,0.2421875,False
SIFT-100K,b7,32,143,"46,991,2266,3732,8888",300,128,57,34,0.926,0.9543333333333331,0.4266666666666667,0.3133333333333333,,,,0.265625,False
SIFT-100K,b7,32,144,"4177,8888",300,128,30,15,0.926,0.9396666666666668,0.4266666666666667,0.3766666666666666,,,,0.1171875,False
SIFT-100K,b7,32,145,"46,4177,8888",300,128,41,21,0.926,0.9433333333333334,0.4266666666666667,0.3566666666666667,,,,0.1640625,False
SIFT-100K,b7,32,146,"991,4177,8888",300,128,37,21,0.926,0.945,0.4266666666666667,0.3566666666666667,,,,0.1640625,False
SIFT-100K,b7,32,147,"46,991,4177,8888",300,128,47,26,0.926,0.9483333333333333,0.4266666666666667,0.34,,,,0.203125,False
SIFT-100K,b7,32,148,"2266,4177,8888",300,128,39,21,0.926,0.944,0.4266666666666667,0.3566666666666667,,,,0.1640625,False
SIFT-100K,b7,32,149,"46,2266,4177,8888",300,128,48,25,0.926,0.947,0.4266666666666667,0.3433333333333333,,,,0.1953125,False
SIFT-100K,b7,32,150,"991,2266,4177,8888",300,128,44,26,0.926,0.9483333333333333,0.4266666666666667,0.34,,,,0.203125,False
SIFT-100K,b7,32,151,"46,991,2266,4177,8888",300,128,53,30,0.926,0.9513333333333334,0.4266666666666667,0.3266666666666666,,,,0.234375,False
SIFT-100K,b7,32,152,"3732,4177,8888",300,128,43,26,0.926,0.9466666666666668,0.4266666666666667,0.34,,,,0.203125,False
SIFT-100K,b7,32,153,"46,3732,4177,8888",300,128,52,30,0.926,0.9496666666666668,0.4266666666666667,0.3266666666666666,,,,0.234375,False
SIFT-100K,b7,32,154,"991,3732,4177,8888",300,128,47,30,0.926,0.9503333333333334,0.4266666666666667,0.3266666666666666,,,,0.234375,False
SIFT-100K,b7,32,155,"46,991,3732,4177,8888",300,128,56,34,0.926,0.9533333333333334,0.4266666666666667,0.3133333333333333,,,,0.265625,False
SIFT-100K,b7,32,156,"2266,3732,4177,8888",300,128,49,30,0.926,0.9496666666666668,0.4266666666666667,0.3266666666666666,,,,0.234375,False
SIFT-100K,b7,32,157,"46,2266,3732,4177,8888",300,128,57,33,0.926,0.9523333333333334,0.4266666666666667,0.3166666666666666,,,,0.2578125,False
SIFT-100K,b7,32,158,"991,2266,3732,4177,8888",300,128,53,34,0.926,0.9533333333333334,0.4266666666666667,0.3133333333333333,,,,0.265625,False
SIFT-100K,b7,32,159,"46,991,2266,3732,4177,8888",300,128,61,37,0.926,0.956,0.4266666666666667,0.3033333333333333,,,,0.2890625,False
SIFT-100K,b7,32,160,"4815,8888",300,128,29,13,0.926,0.9403333333333336,0.4266666666666667,0.3833333333333333,,,,0.1015625,False
SIFT-100K,b7,32,161,"46,4815,8888",300,128,40,19,0.926,0.944,0.4266666666666667,0.3633333333333333,,,,0.1484375,False
SIFT-100K,b7,32,162,"991,4815,8888",300,128,36,18,0.926,0.9456666666666668,0.4266666666666667,0.3666666666666666,,,,0.140625,False
SIFT-100K,b7,32,163,"46,991,4815,8888",300,128,46,23,0.926,0.949,0.4266666666666667,0.35,,,,0.1796875,False
SIFT-100K,b7,32,164,"2266,4815,8888",300,128,39,19,0.926,0.9456666666666668,0.4266666666666667,0.3633333333333333,,,,0.1484375,False
SIFT-100K,b7,32,165,"46,2266,4815,8888",300,128,48,23,0.926,0.9486666666666668,0.4266666666666667,0.35,,,,0.1796875,False
SIFT-100K,b7,32,166,"991,2266,4815,8888",300,128,43,24,0.926,0.9493333333333334,0.4266666666666667,0.3466666666666667,,,,0.1875,False
SIFT-100K,b7,32,167,"46,991,2266,4815,8888",300,128,52,28,0.926,0.9523333333333334,0.4266666666666667,0.3333333333333333,,,,0.21875,False
SIFT-100K,b7,32,168,"3732,4815,8888",300,128,42,24,0.926,0.9463333333333332,0.4266666666666667,0.3466666666666667,,,,0.1875,False
SIFT-100K,b7,32,169,"46,3732,4815,8888",300,128,51,28,0.926,0.9493333333333334,0.4266666666666667,0.3333333333333333,,,,0.21875,False
SIFT-100K,b7,32,170,"991,3732,4815,8888",300,128,45,28,0.926,0.95,0.4266666666666667,0.3333333333333333,,,,0.21875,False
SIFT-100K,b7,32,171,"46,991,3732,4815,8888",300,128,54,32,0.926,0.953,0.4266666666666667,0.32,,,,0.25,False
SIFT-100K,b7,32,172,"2266,3732,4815,8888",300,128,48,28,0.926,0.95,0.4266666666666667,0.3333333333333333,,,,0.21875,False
SIFT-100K,b7,32,173,"46,2266,3732,4815,8888",300,128,56,31,0.926,0.9526666666666668,0.4266666666666667,0.3233333333333333,,,,0.2421875,False
SIFT-100K,b7,32,174,"991,2266,3732,4815,8888",300,128,51,32,0.926,0.953,0.4266666666666667,0.32,,,,0.25,False
SIFT-100K,b7,32,175,"46,991,2266,3732,4815,8888",300,128,59,35,0.926,0.9556666666666668,0.4266666666666667,0.31,,,,0.2734375,False
SIFT-100K,b7,32,176,"4177,4815,8888",300,128,37,17,0.926,0.9436666666666668,0.4266666666666667,0.37,,,,0.1328125,False
SIFT-100K,b7,32,177,"46,4177,4815,8888",300,128,47,23,0.926,0.947,0.4266666666666667,0.35,,,,0.1796875,False
SIFT-100K,b7,32,178,"991,4177,4815,8888",300,128,42,22,0.926,0.948,0.4266666666666667,0.3533333333333333,,,,0.171875,False
SIFT-100K,b7,32,179,"46,991,4177,4815,8888",300,128,51,27,0.926,0.951,0.4266666666666667,0.3366666666666666,,,,0.2109375,False
SIFT-100K,b7,32,180,"2266,4177,4815,8888",300,128,46,23,0.926,0.948,0.4266666666666667,0.35,,,,0.1796875,False
SIFT-100K,b7,32,181,"46,2266,4177,4815,8888",300,128,54,27,0.926,0.9506666666666664,0.4266666666666667,0.3366666666666666,,,,0.2109375,False
SIFT-100K,b7,32,182,"991,2266,4177,4815,8888",300,128,49,27,0.926,0.9513333333333334,0.4266666666666667,0.3366666666666666,,,,0.2109375,False
SIFT-100K,b7,32,183,"46,991,2266,4177,4815,8888",300,128,57,31,0.926,0.954,0.4266666666666667,0.3233333333333333,,,,0.2421875,False
SIFT-100K,b7,32,184,"3732,4177,4815,8888",300,128,48,27,0.926,0.949,0.4266666666666667,0.3366666666666666,,,,0.2109375,False
SIFT-100K,b7,32,185,"46,3732,4177,4815,8888",300,128,56,31,0.926,0.9516666666666668,0.4266666666666667,0.3233333333333333,,,,0.2421875,False
SIFT-100K,b7,32,186,"991,3732,4177,4815,8888",300,128,50,30,0.926,0.9516666666666668,0.4266666666666667,0.3266666666666666,,,,0.234375,False
SIFT-100K,b7,32,187,"46,991,3732,4177,4815,8888",300,128,58,34,0.926,0.9543333333333331,0.4266666666666667,0.3133333333333333,,,,0.265625,False
SIFT-100K,b7,32,188,"2266,3732,4177,4815,8888",300,128,54,31,0.926,0.952,0.4266666666666667,0.3233333333333333,,,,0.2421875,False
SIFT-100K,b7,32,189,"46,2266,3732,4177,4815,8888",300,128,61,34,0.926,0.9543333333333331,0.4266666666666667,0.3133333333333333,,,,0.265625,False
SIFT-100K,b7,32,190,"991,2266,3732,4177,4815,8888",300,128,56,34,0.926,0.9546666666666668,0.4266666666666667,0.3133333333333333,,,,0.265625,False
SIFT-100K,b7,32,191,"46,991,2266,3732,4177,4815,8888",300,128,63,37,0.926,0.957,0.4266666666666667,0.3033333333333333,,,,0.2890625,False
SIFT-100K,b7,32,192,"7001,8888",300,128,24,12,0.926,0.9366666666666668,0.4266666666666667,0.3866666666666666,,,,0.09375,False
SIFT-100K,b7,32,193,"46,7001,8888",300,128,36,16,0.926,0.941,0.4266666666666667,0.3733333333333333,,,,0.125,False
SIFT-100K,b7,32,194,"991,7001,8888",300,128,32,18,0.926,0.942,0.4266666666666667,0.3666666666666666,,,,0.140625,False
SIFT-100K,b7,32,195,"46,991,7001,8888",300,128,42,21,0.926,0.9456666666666668,0.4266666666666667,0.3566666666666667,,,,0.1640625,False
SIFT-100K,b7,32,196,"2266,7001,8888",300,128,35,19,0.926,0.942,0.4266666666666667,0.3633333333333333,,,,0.1484375,False
SIFT-100K,b7,32,197,"46,2266,7001,8888",300,128,44,21,0.926,0.9456666666666668,0.4266666666666667,0.3566666666666667,,,,0.1640625,False
SIFT-100K,b7,32,198,"991,2266,7001,8888",300,128,40,24,0.926,0.9456666666666668,0.4266666666666667,0.3466666666666667,,,,0.1875,False
SIFT-100K,b7,32,199,"46,991,2266,7001,8888",300,128,49,26,0.926,0.949,0.4266666666666667,0.34,,,,0.203125,False
SIFT-100K,b7,32,200,"3732,7001,8888",300,128,39,25,0.926,0.9453333333333334,0.4266666666666667,0.3433333333333333,,,,0.1953125,False
SIFT-100K,b7,32,201,"46,3732,7001,8888",300,128,49,28,0.926,0.9486666666666668,0.4266666666666667,0.3333333333333333,,,,0.21875,False
SIFT-100K,b7,32,202,"991,3732,7001,8888",300,128,44,29,0.926,0.949,0.4266666666666667,0.33,,,,0.2265625,False
SIFT-100K,b7,32,203,"46,991,3732,7001,8888",300,128,53,32,0.926,0.952,0.4266666666666667,0.32,,,,0.25,False
SIFT-100K,b7,32,204,"2266,3732,7001,8888",300,128,47,30,0.926,0.9493333333333334,0.4266666666666667,0.3266666666666666,,,,0.234375,False
SIFT-100K,b7,32,205,"46,2266,3732,7001,8888",300,128,55,32,0.926,0.9523333333333334,0.4266666666666667,0.32,,,,0.25,False
SIFT-100K,b7,32,206,"991,2266,3732,7001,8888",300,128,51,34,0.926,0.9523333333333334,0.4266666666666667,0.3133333333333333,,,,0.265625,False
SIFT-100K,b7,32,207,"46,991,2266,3732,7001,8888",300,128,59,36,0.926,0.955,0.4266666666666667,0.3066666666666666,,,,0.28125,False
SIFT-100K,b7,32,208,"4177,7001,8888",300,128,36,19,0.926,0.9423333333333334,0.4266666666666667,0.3633333333333333,,,,0.1484375,False
SIFT-100K,b7,32,209,"46,4177,7001,8888",300,128,45,23,0.926,0.9453333333333334,0.4266666666666667,0.35,,,,0.1796875,False
SIFT-100K,b7,32,210,"991,4177,7001,8888",300,128,41,25,0.926,0.9463333333333332,0.4266666666666667,0.3433333333333333,,,,0.1953125,False
SIFT-100K,b7,32,211,"46,991,4177,7001,8888",300,128,49,28,0.926,0.949,0.4266666666666667,0.3333333333333333,,,,0.21875,False
SIFT-100K,b7,32,212,"2266,4177,7001,8888",300,128,45,25,0.926,0.9466666666666668,0.4266666666666667,0.3433333333333333,,,,0.1953125,False
SIFT-100K,b7,32,213,"46,2266,4177,7001,8888",300,128,52,27,0.926,0.949,0.4266666666666667,0.3366666666666666,,,,0.2109375,False
SIFT-100K,b7,32,214,"991,2266,4177,7001,8888",300,128,48,30,0.926,0.9496666666666668,0.4266666666666667,0.3266666666666666,,,,0.234375,False
SIFT-100K,b7,32,215,"46,991,2266,4177,7001,8888",300,128,55,32,0.926,0.952,0.4266666666666667,0.32,,,,0.25,False
SIFT-100K,b7,32,216,"3732,4177,7001,8888",300,128,48,29,0.926,0.949,0.4266666666666667,0.33,,,,0.2265625,False
SIFT-100K,b7,32,217,"46,3732,4177,7001,8888",300,128,56,32,0.926,0.9516666666666668,0.4266666666666667,0.32,,,,0.25,False
SIFT-100K,b7,32,218,"991,3732,4177,7001,8888",300,128,50,33,0.926,0.9513333333333334,0.4266666666666667,0.3166666666666666,,,,0.2578125,False
SIFT-100K,b7,32,219,"46,991,3732,4177,7001,8888",300,128,58,36,0.926,0.954,0.4266666666666667,0.3066666666666666,,,,0.28125,False
SIFT-100K,b7,32,220,"2266,3732,4177,7001,8888",300,128,54,33,0.926,0.952,0.4266666666666667,0.3166666666666666,,,,0.2578125,False
SIFT-100K,b7,32,221,"46,2266,3732,4177,7001,8888",300,128,61,35,0.926,0.9543333333333331,0.4266666666666667,0.31,,,,0.2734375,False
SIFT-100K,b7,32,222,"991,2266,3732,4177,7001,8888",300,128,56,37,0.926,0.9543333333333331,0.4266666666666667,0.3033333333333333,,,,0.2890625,False
SIFT-100K,b7,32,223,"46,991,2266,3732,4177,7001,8888",300,128,63,39,0.926,0.9566666666666668,0.4266666666666667,0.2966666666666667,,,,0.3046875,False
SIFT-100K,b7,32,224,"4815,7001,8888",300,128,35,17,0.926,0.9426666666666664,0.4266666666666667,0.37,,,,0.1328125,False
SIFT-100K,b7,32,225,"46,4815,7001,8888",300,128,44,21,0.926,0.9456666666666668,0.4266666666666667,0.3566666666666667,,,,0.1640625,False
SIFT-100K,b7,32,226,"991,4815,7001,8888",300,128,40,23,0.926,0.9473333333333332,0.4266666666666667,0.35,,,,0.1796875,False
SIFT-100K,b7,32,227,"46,991,4815,7001,8888",300,128,48,26,0.926,0.95,0.4266666666666667,0.34,,,,0.203125,False
SIFT-100K,b7,32,228,"2266,4815,7001,8888",300,128,44,23,0.926,0.9476666666666668,0.4266666666666667,0.35,,,,0.1796875,False
SIFT-100K,b7,32,229,"46,2266,4815,7001,8888",300,128,51,25,0.926,0.95,0.4266666666666667,0.3433333333333333,,,,0.1953125,False
SIFT-100K,b7,32,230,"991,2266,4815,7001,8888",300,128,47,28,0.926,0.9506666666666664,0.4266666666666667,0.3333333333333333,,,,0.21875,False
SIFT-100K,b7,32,231,"46,991,2266,4815,7001,8888",300,128,54,30,0.926,0.953,0.4266666666666667,0.3266666666666666,,,,0.234375,False
SIFT-100K,b7,32,232,"3732,4815,7001,8888",300,128,46,27,0.926,0.948,0.4266666666666667,0.3366666666666666,,,,0.2109375,False
SIFT-100K,b7,32,233,"46,3732,4815,7001,8888",300,128,54,30,0.926,0.9506666666666664,0.4266666666666667,0.3266666666666666,,,,0.234375,False
SIFT-100K,b7,32,234,"991,3732,4815,7001,8888",300,128,48,31,0.926,0.951,0.4266666666666667,0.3233333333333333,,,,0.2421875,False
SIFT-100K,b7,32,235,"46,991,3732,4815,7001,8888",300,128,56,34,0.926,0.9536666666666668,0.4266666666666667,0.3133333333333333,,,,0.265625,False
SIFT-100K,b7,32,236,"2266,3732,4815,7001,8888",300,128,52,31,0.926,0.9516666666666668,0.4266666666666667,0.3233333333333333,,,,0.2421875,False
SIFT-100K,b7,32,237,"46,2266,3732,4815,7001,8888",300,128,59,33,0.926,0.954,0.4266666666666667,0.3166666666666666,,,,0.2578125,False
SIFT-100K,b7,32,238,"991,2266,3732,4815,7001,8888",300,128,54,35,0.926,0.954,0.4266666666666667,0.31,,,,0.2734375,False
SIFT-100K,b7,32,239,"46,991,2266,3732,4815,7001,8888",300,128,61,37,0.926,0.9563333333333331,0.4266666666666667,0.3033333333333333,,,,0.2890625,False
SIFT-100K,b7,32,240,"4177,4815,7001,8888",300,128,42,21,0.926,0.9456666666666668,0.4266666666666667,0.3566666666666667,,,,0.1640625,False
SIFT-100K,b7,32,241,"46,4177,4815,7001,8888",300,128,50,25,0.926,0.9483333333333333,0.4266666666666667,0.3433333333333333,,,,0.1953125,False
SIFT-100K,b7,32,242,"991,4177,4815,7001,8888",300,128,46,26,0.926,0.9493333333333334,0.4266666666666667,0.34,,,,0.203125,False
SIFT-100K,b7,32,243,"46,991,4177,4815,7001,8888",300,128,53,29,0.926,0.9516666666666668,0.4266666666666667,0.33,,,,0.2265625,False
SIFT-100K,b7,32,244,"2266,4177,4815,7001,8888",300,128,51,27,0.926,0.95,0.4266666666666667,0.3366666666666666,,,,0.2109375,False
SIFT-100K,b7,32,245,"46,2266,4177,4815,7001,8888",300,128,57,29,0.926,0.952,0.4266666666666667,0.33,,,,0.2265625,False
SIFT-100K,b7,32,246,"991,2266,4177,4815,7001,8888",300,128,53,31,0.926,0.9526666666666668,0.4266666666666667,0.3233333333333333,,,,0.2421875,False
SIFT-100K,b7,32,247,"46,991,2266,4177,4815,7001,8888",300,128,59,33,0.926,0.9546666666666668,0.4266666666666667,0.3166666666666666,,,,0.2578125,False
SIFT-100K,b7,32,248,"3732,4177,4815,7001,8888",300,128,52,30,0.926,0.9506666666666664,0.4266666666666667,0.3266666666666666,,,,0.234375,False
SIFT-100K,b7,32,249,"46,3732,4177,4815,7001,8888",300,128,59,33,0.926,0.953,0.4266666666666667,0.3166666666666666,,,,0.2578125,False
SIFT-100K,b7,32,250,"991,3732,4177,4815,7001,8888",300,128,53,33,0.926,0.9526666666666668,0.4266666666666667,0.3166666666666666,,,,0.2578125,False
SIFT-100K,b7,32,251,"46,991,3732,4177,4815,7001,8888",300,128,60,36,0.926,0.955,0.4266666666666667,0.3066666666666666,,,,0.28125,False
SIFT-100K,b7,32,252,"2266,3732,4177,4815,7001,8888",300,128,58,34,0.926,0.9536666666666668,0.4266666666666667,0.3133333333333333,,,,0.265625,False
SIFT-100K,b7,32,253,"46,2266,3732,4177,4815,7001,8888",300,128,64,36,0.926,0.9556666666666668,0.4266666666666667,0.3066666666666666,,,,0.28125,False
SIFT-100K,b7,32,254,"991,2266,3732,4177,4815,7001,8888",300,128,59,37,0.926,0.9556666666666668,0.4266666666666667,0.3033333333333333,,,,0.2890625,False
SIFT-100K,b7,32,255,"46,991,2266,3732,4177,4815,7001,8888",300,128,65,39,0.926,0.9576666666666668,0.4266666666666667,0.2966666666666667,,,,0.3046875,False
SIFT-100K,b7,64,0,EMPTY,300,52,0,0,0.9753333333333334,0.9753333333333334,0.1733333333333333,0.1733333333333333,128.0,128.0,128.01958333333334,0.0,True
SIFT-100K,b7,64,1,46,300,52,2,2,0.9753333333333334,0.976,0.1733333333333333,0.1666666666666666,,,,0.0384615384615384,False
SIFT-100K,b7,64,2,991,300,52,6,4,0.9753333333333334,0.9783333333333332,0.1733333333333333,0.16,,,,0.0769230769230769,False
SIFT-100K,b7,64,3,"46,991",300,52,6,4,0.9753333333333334,0.9783333333333332,0.1733333333333333,0.16,,,,0.0769230769230769,False
SIFT-100K,b7,64,4,2266,300,52,4,2,0.9753333333333334,0.9766666666666668,0.1733333333333333,0.1666666666666666,,,,0.0384615384615384,False
SIFT-100K,b7,64,5,"46,2266",300,52,4,2,0.9753333333333334,0.9766666666666668,0.1733333333333333,0.1666666666666666,,,,0.0384615384615384,False
SIFT-100K,b7,64,6,"991,2266",300,52,7,4,0.9753333333333334,0.9786666666666668,0.1733333333333333,0.16,,,,0.0769230769230769,False
SIFT-100K,b7,64,7,"46,991,2266",300,52,7,4,0.9753333333333334,0.9786666666666668,0.1733333333333333,0.16,,,,0.0769230769230769,False
SIFT-100K,b7,64,8,3732,300,52,6,5,0.9753333333333334,0.9783333333333332,0.1733333333333333,0.1566666666666666,,,,0.0961538461538461,False
SIFT-100K,b7,64,9,"46,3732",300,52,6,5,0.9753333333333334,0.9783333333333332,0.1733333333333333,0.1566666666666666,,,,0.0961538461538461,False
SIFT-100K,b7,64,10,"991,3732",300,52,8,6,0.9753333333333334,0.9796666666666668,0.1733333333333333,0.1533333333333333,,,,0.1153846153846153,False
SIFT-100K,b7,64,11,"46,991,3732",300,52,8,6,0.9753333333333334,0.9796666666666668,0.1733333333333333,0.1533333333333333,,,,0.1153846153846153,False
SIFT-100K,b7,64,12,"2266,3732",300,52,7,5,0.9753333333333334,0.9786666666666668,0.1733333333333333,0.1566666666666666,,,,0.0961538461538461,False
SIFT-100K,b7,64,13,"46,2266,3732",300,52,7,5,0.9753333333333334,0.9786666666666668,0.1733333333333333,0.1566666666666666,,,,0.0961538461538461,False
SIFT-100K,b7,64,14,"991,2266,3732",300,52,9,6,0.9753333333333334,0.98,0.1733333333333333,0.1533333333333333,,,,0.1153846153846153,False
SIFT-100K,b7,64,15,"46,991,2266,3732",300,52,9,6,0.9753333333333334,0.98,0.1733333333333333,0.1533333333333333,,,,0.1153846153846153,False
SIFT-100K,b7,64,16,4177,300,52,2,1,0.9753333333333334,0.976,0.1733333333333333,0.17,,,,0.0192307692307692,False
SIFT-100K,b7,64,17,"46,4177",300,52,3,2,0.9753333333333334,0.9763333333333334,0.1733333333333333,0.1666666666666666,,,,0.0384615384615384,False
SIFT-100K,b7,64,18,"991,4177",300,52,7,4,0.9753333333333334,0.9786666666666668,0.1733333333333333,0.16,,,,0.0769230769230769,False
SIFT-100K,b7,64,19,"46,991,4177",300,52,7,4,0.9753333333333334,0.9786666666666668,0.1733333333333333,0.16,,,,0.0769230769230769,False
SIFT-100K,b7,64,20,"2266,4177",300,52,5,2,0.9753333333333334,0.977,0.1733333333333333,0.1666666666666666,,,,0.0384615384615384,False
SIFT-100K,b7,64,21,"46,2266,4177",300,52,5,2,0.9753333333333334,0.977,0.1733333333333333,0.1666666666666666,,,,0.0384615384615384,False
SIFT-100K,b7,64,22,"991,2266,4177",300,52,8,4,0.9753333333333334,0.979,0.1733333333333333,0.16,,,,0.0769230769230769,False
SIFT-100K,b7,64,23,"46,991,2266,4177",300,52,8,4,0.9753333333333334,0.979,0.1733333333333333,0.16,,,,0.0769230769230769,False
SIFT-100K,b7,64,24,"3732,4177",300,52,7,5,0.9753333333333334,0.9786666666666668,0.1733333333333333,0.1566666666666666,,,,0.0961538461538461,False
SIFT-100K,b7,64,25,"46,3732,4177",300,52,7,5,0.9753333333333334,0.9786666666666668,0.1733333333333333,0.1566666666666666,,,,0.0961538461538461,False
SIFT-100K,b7,64,26,"991,3732,4177",300,52,9,6,0.9753333333333334,0.98,0.1733333333333333,0.1533333333333333,,,,0.1153846153846153,False
SIFT-100K,b7,64,27,"46,991,3732,4177",300,52,9,6,0.9753333333333334,0.98,0.1733333333333333,0.1533333333333333,,,,0.1153846153846153,False
SIFT-100K,b7,64,28,"2266,3732,4177",300,52,8,5,0.9753333333333334,0.979,0.1733333333333333,0.1566666666666666,,,,0.0961538461538461,False
SIFT-100K,b7,64,29,"46,2266,3732,4177",300,52,8,5,0.9753333333333334,0.979,0.1733333333333333,0.1566666666666666,,,,0.0961538461538461,False
SIFT-100K,b7,64,30,"991,2266,3732,4177",300,52,10,6,0.9753333333333334,0.9803333333333332,0.1733333333333333,0.1533333333333333,,,,0.1153846153846153,False
SIFT-100K,b7,64,31,"46,991,2266,3732,4177",300,52,10,6,0.9753333333333334,0.9803333333333332,0.1733333333333333,0.1533333333333333,,,,0.1153846153846153,False
SIFT-100K,b7,64,32,4815,300,52,2,0,0.9753333333333334,0.9763333333333334,0.1733333333333333,0.1733333333333333,,,,0.0,False
SIFT-100K,b7,64,33,"46,4815",300,52,4,2,0.9753333333333334,0.977,0.1733333333333333,0.1666666666666666,,,,0.0384615384615384,False
SIFT-100K,b7,64,34,"991,4815",300,52,7,4,0.9753333333333334,0.9786666666666668,0.1733333333333333,0.16,,,,0.0769230769230769,False
SIFT-100K,b7,64,35,"46,991,4815",300,52,7,4,0.9753333333333334,0.9786666666666668,0.1733333333333333,0.16,,,,0.0769230769230769,False
SIFT-100K,b7,64,36,"2266,4815",300,52,6,2,0.9753333333333334,0.9776666666666668,0.1733333333333333,0.1666666666666666,,,,0.0384615384615384,False
SIFT-100K,b7,64,37,"46,2266,4815",300,52,6,2,0.9753333333333334,0.9776666666666668,0.1733333333333333,0.1666666666666666,,,,0.0384615384615384,False
SIFT-100K,b7,64,38,"991,2266,4815",300,52,8,4,0.9753333333333334,0.979,0.1733333333333333,0.16,,,,0.0769230769230769,False
SIFT-100K,b7,64,39,"46,991,2266,4815",300,52,8,4,0.9753333333333334,0.979,0.1733333333333333,0.16,,,,0.0769230769230769,False
SIFT-100K,b7,64,40,"3732,4815",300,52,8,5,0.9753333333333334,0.9793333333333332,0.1733333333333333,0.1566666666666666,,,,0.0961538461538461,False
SIFT-100K,b7,64,41,"46,3732,4815",300,52,8,5,0.9753333333333334,0.9793333333333332,0.1733333333333333,0.1566666666666666,,,,0.0961538461538461,False
SIFT-100K,b7,64,42,"991,3732,4815",300,52,9,6,0.9753333333333334,0.98,0.1733333333333333,0.1533333333333333,,,,0.1153846153846153,False
SIFT-100K,b7,64,43,"46,991,3732,4815",300,52,9,6,0.9753333333333334,0.98,0.1733333333333333,0.1533333333333333,,,,0.1153846153846153,False
SIFT-100K,b7,64,44,"2266,3732,4815",300,52,9,5,0.9753333333333334,0.9796666666666668,0.1733333333333333,0.1566666666666666,,,,0.0961538461538461,False
SIFT-100K,b7,64,45,"46,2266,3732,4815",300,52,9,5,0.9753333333333334,0.9796666666666668,0.1733333333333333,0.1566666666666666,,,,0.0961538461538461,False
SIFT-100K,b7,64,46,"991,2266,3732,4815",300,52,10,6,0.9753333333333334,0.9803333333333332,0.1733333333333333,0.1533333333333333,,,,0.1153846153846153,False
SIFT-100K,b7,64,47,"46,991,2266,3732,4815",300,52,10,6,0.9753333333333334,0.9803333333333332,0.1733333333333333,0.1533333333333333,,,,0.1153846153846153,False
SIFT-100K,b7,64,48,"4177,4815",300,52,4,1,0.9753333333333334,0.977,0.1733333333333333,0.17,,,,0.0192307692307692,False
SIFT-100K,b7,64,49,"46,4177,4815",300,52,5,2,0.9753333333333334,0.9773333333333334,0.1733333333333333,0.1666666666666666,,,,0.0384615384615384,False
SIFT-100K,b7,64,50,"991,4177,4815",300,52,8,4,0.9753333333333334,0.979,0.1733333333333333,0.16,,,,0.0769230769230769,False
SIFT-100K,b7,64,51,"46,991,4177,4815",300,52,8,4,0.9753333333333334,0.979,0.1733333333333333,0.16,,,,0.0769230769230769,False
SIFT-100K,b7,64,52,"2266,4177,4815",300,52,7,2,0.9753333333333334,0.978,0.1733333333333333,0.1666666666666666,,,,0.0384615384615384,False
SIFT-100K,b7,64,53,"46,2266,4177,4815",300,52,7,2,0.9753333333333334,0.978,0.1733333333333333,0.1666666666666666,,,,0.0384615384615384,False
SIFT-100K,b7,64,54,"991,2266,4177,4815",300,52,9,4,0.9753333333333334,0.9793333333333332,0.1733333333333333,0.16,,,,0.0769230769230769,False
SIFT-100K,b7,64,55,"46,991,2266,4177,4815",300,52,9,4,0.9753333333333334,0.9793333333333332,0.1733333333333333,0.16,,,,0.0769230769230769,False
SIFT-100K,b7,64,56,"3732,4177,4815",300,52,9,5,0.9753333333333334,0.9796666666666668,0.1733333333333333,0.1566666666666666,,,,0.0961538461538461,False
SIFT-100K,b7,64,57,"46,3732,4177,4815",300,52,9,5,0.9753333333333334,0.9796666666666668,0.1733333333333333,0.1566666666666666,,,,0.0961538461538461,False
SIFT-100K,b7,64,58,"991,3732,4177,4815",300,52,10,6,0.9753333333333334,0.9803333333333332,0.1733333333333333,0.1533333333333333,,,,0.1153846153846153,False
SIFT-100K,b7,64,59,"46,991,3732,4177,4815",300,52,10,6,0.9753333333333334,0.9803333333333332,0.1733333333333333,0.1533333333333333,,,,0.1153846153846153,False
SIFT-100K,b7,64,60,"2266,3732,4177,4815",300,52,10,5,0.9753333333333334,0.98,0.1733333333333333,0.1566666666666666,,,,0.0961538461538461,False
SIFT-100K,b7,64,61,"46,2266,3732,4177,4815",300,52,10,5,0.9753333333333334,0.98,0.1733333333333333,0.1566666666666666,,,,0.0961538461538461,False
SIFT-100K,b7,64,62,"991,2266,3732,4177,4815",300,52,11,6,0.9753333333333334,0.9806666666666668,0.1733333333333333,0.1533333333333333,,,,0.1153846153846153,False
SIFT-100K,b7,64,63,"46,991,2266,3732,4177,4815",300,52,11,6,0.9753333333333334,0.9806666666666668,0.1733333333333333,0.1533333333333333,,,,0.1153846153846153,False
SIFT-100K,b7,64,64,7001,300,52,3,2,0.9753333333333334,0.977,0.1733333333333333,0.1666666666666666,,,,0.0384615384615384,False
SIFT-100K,b7,64,65,"46,7001",300,52,4,3,0.9753333333333334,0.9773333333333334,0.1733333333333333,0.1633333333333333,,,,0.0576923076923076,False
SIFT-100K,b7,64,66,"991,7001",300,52,6,4,0.9753333333333334,0.9783333333333332,0.1733333333333333,0.16,,,,0.0769230769230769,False
SIFT-100K,b7,64,67,"46,991,7001",300,52,6,4,0.9753333333333334,0.9783333333333332,0.1733333333333333,0.16,,,,0.0769230769230769,False
SIFT-100K,b7,64,68,"2266,7001",300,52,6,3,0.9753333333333334,0.978,0.1733333333333333,0.1633333333333333,,,,0.0576923076923076,False
SIFT-100K,b7,64,69,"46,2266,7001",300,52,6,3,0.9753333333333334,0.978,0.1733333333333333,0.1633333333333333,,,,0.0576923076923076,False
SIFT-100K,b7,64,70,"991,2266,7001",300,52,7,4,0.9753333333333334,0.9786666666666668,0.1733333333333333,0.16,,,,0.0769230769230769,False
SIFT-100K,b7,64,71,"46,991,2266,7001",300,52,7,4,0.9753333333333334,0.9786666666666668,0.1733333333333333,0.16,,,,0.0769230769230769,False
SIFT-100K,b7,64,72,"3732,7001",300,52,8,6,0.9753333333333334,0.9796666666666668,0.1733333333333333,0.1533333333333333,,,,0.1153846153846153,False
SIFT-100K,b7,64,73,"46,3732,7001",300,52,8,6,0.9753333333333334,0.9796666666666668,0.1733333333333333,0.1533333333333333,,,,0.1153846153846153,False
SIFT-100K,b7,64,74,"991,3732,7001",300,52,8,6,0.9753333333333334,0.9796666666666668,0.1733333333333333,0.1533333333333333,,,,0.1153846153846153,False
SIFT-100K,b7,64,75,"46,991,3732,7001",300,52,8,6,0.9753333333333334,0.9796666666666668,0.1733333333333333,0.1533333333333333,,,,0.1153846153846153,False
SIFT-100K,b7,64,76,"2266,3732,7001",300,52,9,6,0.9753333333333334,0.98,0.1733333333333333,0.1533333333333333,,,,0.1153846153846153,False
SIFT-100K,b7,64,77,"46,2266,3732,7001",300,52,9,6,0.9753333333333334,0.98,0.1733333333333333,0.1533333333333333,,,,0.1153846153846153,False
SIFT-100K,b7,64,78,"991,2266,3732,7001",300,52,9,6,0.9753333333333334,0.98,0.1733333333333333,0.1533333333333333,,,,0.1153846153846153,False
SIFT-100K,b7,64,79,"46,991,2266,3732,7001",300,52,9,6,0.9753333333333334,0.98,0.1733333333333333,0.1533333333333333,,,,0.1153846153846153,False
SIFT-100K,b7,64,80,"4177,7001",300,52,4,2,0.9753333333333334,0.9773333333333334,0.1733333333333333,0.1666666666666666,,,,0.0384615384615384,False
SIFT-100K,b7,64,81,"46,4177,7001",300,52,5,3,0.9753333333333334,0.9776666666666668,0.1733333333333333,0.1633333333333333,,,,0.0576923076923076,False
SIFT-100K,b7,64,82,"991,4177,7001",300,52,7,4,0.9753333333333334,0.9786666666666668,0.1733333333333333,0.16,,,,0.0769230769230769,False
SIFT-100K,b7,64,83,"46,991,4177,7001",300,52,7,4,0.9753333333333334,0.9786666666666668,0.1733333333333333,0.16,,,,0.0769230769230769,False
SIFT-100K,b7,64,84,"2266,4177,7001",300,52,7,3,0.9753333333333334,0.9783333333333332,0.1733333333333333,0.1633333333333333,,,,0.0576923076923076,False
SIFT-100K,b7,64,85,"46,2266,4177,7001",300,52,7,3,0.9753333333333334,0.9783333333333332,0.1733333333333333,0.1633333333333333,,,,0.0576923076923076,False
SIFT-100K,b7,64,86,"991,2266,4177,7001",300,52,8,4,0.9753333333333334,0.979,0.1733333333333333,0.16,,,,0.0769230769230769,False
SIFT-100K,b7,64,87,"46,991,2266,4177,7001",300,52,8,4,0.9753333333333334,0.979,0.1733333333333333,0.16,,,,0.0769230769230769,False
SIFT-100K,b7,64,88,"3732,4177,7001",300,52,9,6,0.9753333333333334,0.98,0.1733333333333333,0.1533333333333333,,,,0.1153846153846153,False
SIFT-100K,b7,64,89,"46,3732,4177,7001",300,52,9,6,0.9753333333333334,0.98,0.1733333333333333,0.1533333333333333,,,,0.1153846153846153,False
SIFT-100K,b7,64,90,"991,3732,4177,7001",300,52,9,6,0.9753333333333334,0.98,0.1733333333333333,0.1533333333333333,,,,0.1153846153846153,False
SIFT-100K,b7,64,91,"46,991,3732,4177,7001",300,52,9,6,0.9753333333333334,0.98,0.1733333333333333,0.1533333333333333,,,,0.1153846153846153,False
SIFT-100K,b7,64,92,"2266,3732,4177,7001",300,52,10,6,0.9753333333333334,0.9803333333333332,0.1733333333333333,0.1533333333333333,,,,0.1153846153846153,False
SIFT-100K,b7,64,93,"46,2266,3732,4177,7001",300,52,10,6,0.9753333333333334,0.9803333333333332,0.1733333333333333,0.1533333333333333,,,,0.1153846153846153,False
SIFT-100K,b7,64,94,"991,2266,3732,4177,7001",300,52,10,6,0.9753333333333334,0.9803333333333332,0.1733333333333333,0.1533333333333333,,,,0.1153846153846153,False
SIFT-100K,b7,64,95,"46,991,2266,3732,4177,7001",300,52,10,6,0.9753333333333334,0.9803333333333332,0.1733333333333333,0.1533333333333333,,,,0.1153846153846153,False
SIFT-100K,b7,64,96,"4815,7001",300,52,4,2,0.9753333333333334,0.9773333333333334,0.1733333333333333,0.1666666666666666,,,,0.0384615384615384,False
SIFT-100K,b7,64,97,"46,4815,7001",300,52,5,3,0.9753333333333334,0.9776666666666668,0.1733333333333333,0.1633333333333333,,,,0.0576923076923076,False
SIFT-100K,b7,64,98,"991,4815,7001",300,52,7,4,0.9753333333333334,0.9786666666666668,0.1733333333333333,0.16,,,,0.0769230769230769,False
SIFT-100K,b7,64,99,"46,991,4815,7001",300,52,7,4,0.9753333333333334,0.9786666666666668,0.1733333333333333,0.16,,,,0.0769230769230769,False
SIFT-100K,b7,64,100,"2266,4815,7001",300,52,7,3,0.9753333333333334,0.9783333333333332,0.1733333333333333,0.1633333333333333,,,,0.0576923076923076,False
SIFT-100K,b7,64,101,"46,2266,4815,7001",300,52,7,3,0.9753333333333334,0.9783333333333332,0.1733333333333333,0.1633333333333333,,,,0.0576923076923076,False
SIFT-100K,b7,64,102,"991,2266,4815,7001",300,52,8,4,0.9753333333333334,0.979,0.1733333333333333,0.16,,,,0.0769230769230769,False
SIFT-100K,b7,64,103,"46,991,2266,4815,7001",300,52,8,4,0.9753333333333334,0.979,0.1733333333333333,0.16,,,,0.0769230769230769,False
SIFT-100K,b7,64,104,"3732,4815,7001",300,52,9,6,0.9753333333333334,0.98,0.1733333333333333,0.1533333333333333,,,,0.1153846153846153,False
SIFT-100K,b7,64,105,"46,3732,4815,7001",300,52,9,6,0.9753333333333334,0.98,0.1733333333333333,0.1533333333333333,,,,0.1153846153846153,False
SIFT-100K,b7,64,106,"991,3732,4815,7001",300,52,9,6,0.9753333333333334,0.98,0.1733333333333333,0.1533333333333333,,,,0.1153846153846153,False
SIFT-100K,b7,64,107,"46,991,3732,4815,7001",300,52,9,6,0.9753333333333334,0.98,0.1733333333333333,0.1533333333333333,,,,0.1153846153846153,False
SIFT-100K,b7,64,108,"2266,3732,4815,7001",300,52,10,6,0.9753333333333334,0.9803333333333332,0.1733333333333333,0.1533333333333333,,,,0.1153846153846153,False
SIFT-100K,b7,64,109,"46,2266,3732,4815,7001",300,52,10,6,0.9753333333333334,0.9803333333333332,0.1733333333333333,0.1533333333333333,,,,0.1153846153846153,False
SIFT-100K,b7,64,110,"991,2266,3732,4815,7001",300,52,10,6,0.9753333333333334,0.9803333333333332,0.1733333333333333,0.1533333333333333,,,,0.1153846153846153,False
SIFT-100K,b7,64,111,"46,991,2266,3732,4815,7001",300,52,10,6,0.9753333333333334,0.9803333333333332,0.1733333333333333,0.1533333333333333,,,,0.1153846153846153,False
SIFT-100K,b7,64,112,"4177,4815,7001",300,52,5,2,0.9753333333333334,0.9776666666666668,0.1733333333333333,0.1666666666666666,,,,0.0384615384615384,False
SIFT-100K,b7,64,113,"46,4177,4815,7001",300,52,6,3,0.9753333333333334,0.978,0.1733333333333333,0.1633333333333333,,,,0.0576923076923076,False
SIFT-100K,b7,64,114,"991,4177,4815,7001",300,52,8,4,0.9753333333333334,0.979,0.1733333333333333,0.16,,,,0.0769230769230769,False
SIFT-100K,b7,64,115,"46,991,4177,4815,7001",300,52,8,4,0.9753333333333334,0.979,0.1733333333333333,0.16,,,,0.0769230769230769,False
SIFT-100K,b7,64,116,"2266,4177,4815,7001",300,52,8,3,0.9753333333333334,0.9786666666666668,0.1733333333333333,0.1633333333333333,,,,0.0576923076923076,False
SIFT-100K,b7,64,117,"46,2266,4177,4815,7001",300,52,8,3,0.9753333333333334,0.9786666666666668,0.1733333333333333,0.1633333333333333,,,,0.0576923076923076,False
SIFT-100K,b7,64,118,"991,2266,4177,4815,7001",300,52,9,4,0.9753333333333334,0.9793333333333332,0.1733333333333333,0.16,,,,0.0769230769230769,False
SIFT-100K,b7,64,119,"46,991,2266,4177,4815,7001",300,52,9,4,0.9753333333333334,0.9793333333333332,0.1733333333333333,0.16,,,,0.0769230769230769,False
SIFT-100K,b7,64,120,"3732,4177,4815,7001",300,52,10,6,0.9753333333333334,0.9803333333333332,0.1733333333333333,0.1533333333333333,,,,0.1153846153846153,False
SIFT-100K,b7,64,121,"46,3732,4177,4815,7001",300,52,10,6,0.9753333333333334,0.9803333333333332,0.1733333333333333,0.1533333333333333,,,,0.1153846153846153,False
SIFT-100K,b7,64,122,"991,3732,4177,4815,7001",300,52,10,6,0.9753333333333334,0.9803333333333332,0.1733333333333333,0.1533333333333333,,,,0.1153846153846153,False
SIFT-100K,b7,64,123,"46,991,3732,4177,4815,7001",300,52,10,6,0.9753333333333334,0.9803333333333332,0.1733333333333333,0.1533333333333333,,,,0.1153846153846153,False
SIFT-100K,b7,64,124,"2266,3732,4177,4815,7001",300,52,11,6,0.9753333333333334,0.9806666666666668,0.1733333333333333,0.1533333333333333,,,,0.1153846153846153,False
SIFT-100K,b7,64,125,"46,2266,3732,4177,4815,7001",300,52,11,6,0.9753333333333334,0.9806666666666668,0.1733333333333333,0.1533333333333333,,,,0.1153846153846153,False
SIFT-100K,b7,64,126,"991,2266,3732,4177,4815,7001",300,52,11,6,0.9753333333333334,0.9806666666666668,0.1733333333333333,0.1533333333333333,,,,0.1153846153846153,False
SIFT-100K,b7,64,127,"46,991,2266,3732,4177,4815,7001",300,52,11,6,0.9753333333333334,0.9806666666666668,0.1733333333333333,0.1533333333333333,,,,0.1153846153846153,False
SIFT-100K,b7,64,128,8888,300,52,3,2,0.9753333333333334,0.9766666666666668,0.1733333333333333,0.1666666666666666,,,,0.0384615384615384,False
SIFT-100K,b7,64,129,"46,8888",300,52,4,3,0.9753333333333334,0.977,0.1733333333333333,0.1633333333333333,,,,0.0576923076923076,False
SIFT-100K,b7,64,130,"991,8888",300,52,8,5,0.9753333333333334,0.9793333333333332,0.1733333333333333,0.1566666666666666,,,,0.0961538461538461,False
SIFT-100K,b7,64,131,"46,991,8888",300,52,8,5,0.9753333333333334,0.9793333333333332,0.1733333333333333,0.1566666666666666,,,,0.0961538461538461,False
SIFT-100K,b7,64,132,"2266,8888",300,52,6,3,0.9753333333333334,0.9776666666666668,0.1733333333333333,0.1633333333333333,,,,0.0576923076923076,False
SIFT-100K,b7,64,133,"46,2266,8888",300,52,6,3,0.9753333333333334,0.9776666666666668,0.1733333333333333,0.1633333333333333,,,,0.0576923076923076,False
SIFT-100K,b7,64,134,"991,2266,8888",300,52,9,5,0.9753333333333334,0.9796666666666668,0.1733333333333333,0.1566666666666666,,,,0.0961538461538461,False
SIFT-100K,b7,64,135,"46,991,2266,8888",300,52,9,5,0.9753333333333334,0.9796666666666668,0.1733333333333333,0.1566666666666666,,,,0.0961538461538461,False
SIFT-100K,b7,64,136,"3732,8888",300,52,8,6,0.9753333333333334,0.9793333333333332,0.1733333333333333,0.1533333333333333,,,,0.1153846153846153,False
SIFT-100K,b7,64,137,"46,3732,8888",300,52,8,6,0.9753333333333334,0.9793333333333332,0.1733333333333333,0.1533333333333333,,,,0.1153846153846153,False
SIFT-100K,b7,64,138,"991,3732,8888",300,52,10,7,0.9753333333333334,0.9806666666666668,0.1733333333333333,0.15,,,,0.1346153846153846,False
SIFT-100K,b7,64,139,"46,991,3732,8888",300,52,10,7,0.9753333333333334,0.9806666666666668,0.1733333333333333,0.15,,,,0.1346153846153846,False
SIFT-100K,b7,64,140,"2266,3732,8888",300,52,9,6,0.9753333333333334,0.9796666666666668,0.1733333333333333,0.1533333333333333,,,,0.1153846153846153,False
SIFT-100K,b7,64,141,"46,2266,3732,8888",300,52,9,6,0.9753333333333334,0.9796666666666668,0.1733333333333333,0.1533333333333333,,,,0.1153846153846153,False
SIFT-100K,b7,64,142,"991,2266,3732,8888",300,52,11,7,0.9753333333333334,0.981,0.1733333333333333,0.15,,,,0.1346153846153846,False
SIFT-100K,b7,64,143,"46,991,2266,3732,8888",300,52,11,7,0.9753333333333334,0.981,0.1733333333333333,0.15,,,,0.1346153846153846,False
SIFT-100K,b7,64,144,"4177,8888",300,52,4,2,0.9753333333333334,0.977,0.1733333333333333,0.1666666666666666,,,,0.0384615384615384,False
SIFT-100K,b7,64,145,"46,4177,8888",300,52,5,3,0.9753333333333334,0.9773333333333334,0.1733333333333333,0.1633333333333333,,,,0.0576923076923076,False
SIFT-100K,b7,64,146,"991,4177,8888",300,52,9,5,0.9753333333333334,0.9796666666666668,0.1733333333333333,0.1566666666666666,,,,0.0961538461538461,False
SIFT-100K,b7,64,147,"46,991,4177,8888",300,52,9,5,0.9753333333333334,0.9796666666666668,0.1733333333333333,0.1566666666666666,,,,0.0961538461538461,False
SIFT-100K,b7,64,148,"2266,4177,8888",300,52,7,3,0.9753333333333334,0.978,0.1733333333333333,0.1633333333333333,,,,0.0576923076923076,False
SIFT-100K,b7,64,149,"46,2266,4177,8888",300,52,7,3,0.9753333333333334,0.978,0.1733333333333333,0.1633333333333333,,,,0.0576923076923076,False
SIFT-100K,b7,64,150,"991,2266,4177,8888",300,52,10,5,0.9753333333333334,0.98,0.1733333333333333,0.1566666666666666,,,,0.0961538461538461,False
SIFT-100K,b7,64,151,"46,991,2266,4177,8888",300,52,10,5,0.9753333333333334,0.98,0.1733333333333333,0.1566666666666666,,,,0.0961538461538461,False
SIFT-100K,b7,64,152,"3732,4177,8888",300,52,9,6,0.9753333333333334,0.9796666666666668,0.1733333333333333,0.1533333333333333,,,,0.1153846153846153,False
SIFT-100K,b7,64,153,"46,3732,4177,8888",300,52,9,6,0.9753333333333334,0.9796666666666668,0.1733333333333333,0.1533333333333333,,,,0.1153846153846153,False
SIFT-100K,b7,64,154,"991,3732,4177,8888",300,52,11,7,0.9753333333333334,0.981,0.1733333333333333,0.15,,,,0.1346153846153846,False
SIFT-100K,b7,64,155,"46,991,3732,4177,8888",300,52,11,7,0.9753333333333334,0.981,0.1733333333333333,0.15,,,,0.1346153846153846,False
SIFT-100K,b7,64,156,"2266,3732,4177,8888",300,52,10,6,0.9753333333333334,0.98,0.1733333333333333,0.1533333333333333,,,,0.1153846153846153,False
SIFT-100K,b7,64,157,"46,2266,3732,4177,8888",300,52,10,6,0.9753333333333334,0.98,0.1733333333333333,0.1533333333333333,,,,0.1153846153846153,False
SIFT-100K,b7,64,158,"991,2266,3732,4177,8888",300,52,12,7,0.9753333333333334,0.9813333333333332,0.1733333333333333,0.15,,,,0.1346153846153846,False
SIFT-100K,b7,64,159,"46,991,2266,3732,4177,8888",300,52,12,7,0.9753333333333334,0.9813333333333332,0.1733333333333333,0.15,,,,0.1346153846153846,False
SIFT-100K,b7,64,160,"4815,8888",300,52,5,2,0.9753333333333334,0.9776666666666668,0.1733333333333333,0.1666666666666666,,,,0.0384615384615384,False
SIFT-100K,b7,64,161,"46,4815,8888",300,52,6,3,0.9753333333333334,0.978,0.1733333333333333,0.1633333333333333,,,,0.0576923076923076,False
SIFT-100K,b7,64,162,"991,4815,8888",300,52,9,5,0.9753333333333334,0.9796666666666668,0.1733333333333333,0.1566666666666666,,,,0.0961538461538461,False
SIFT-100K,b7,64,163,"46,991,4815,8888",300,52,9,5,0.9753333333333334,0.9796666666666668,0.1733333333333333,0.1566666666666666,,,,0.0961538461538461,False
SIFT-100K,b7,64,164,"2266,4815,8888",300,52,8,3,0.9753333333333334,0.9786666666666668,0.1733333333333333,0.1633333333333333,,,,0.0576923076923076,False
SIFT-100K,b7,64,165,"46,2266,4815,8888",300,52,8,3,0.9753333333333334,0.9786666666666668,0.1733333333333333,0.1633333333333333,,,,0.0576923076923076,False
SIFT-100K,b7,64,166,"991,2266,4815,8888",300,52,10,5,0.9753333333333334,0.98,0.1733333333333333,0.1566666666666666,,,,0.0961538461538461,False
SIFT-100K,b7,64,167,"46,991,2266,4815,8888",300,52,10,5,0.9753333333333334,0.98,0.1733333333333333,0.1566666666666666,,,,0.0961538461538461,False
SIFT-100K,b7,64,168,"3732,4815,8888",300,52,10,6,0.9753333333333334,0.9803333333333332,0.1733333333333333,0.1533333333333333,,,,0.1153846153846153,False
SIFT-100K,b7,64,169,"46,3732,4815,8888",300,52,10,6,0.9753333333333334,0.9803333333333332,0.1733333333333333,0.1533333333333333,,,,0.1153846153846153,False
SIFT-100K,b7,64,170,"991,3732,4815,8888",300,52,11,7,0.9753333333333334,0.981,0.1733333333333333,0.15,,,,0.1346153846153846,False
SIFT-100K,b7,64,171,"46,991,3732,4815,8888",300,52,11,7,0.9753333333333334,0.981,0.1733333333333333,0.15,,,,0.1346153846153846,False
SIFT-100K,b7,64,172,"2266,3732,4815,8888",300,52,11,6,0.9753333333333334,0.9806666666666668,0.1733333333333333,0.1533333333333333,,,,0.1153846153846153,False
SIFT-100K,b7,64,173,"46,2266,3732,4815,8888",300,52,11,6,0.9753333333333334,0.9806666666666668,0.1733333333333333,0.1533333333333333,,,,0.1153846153846153,False
SIFT-100K,b7,64,174,"991,2266,3732,4815,8888",300,52,12,7,0.9753333333333334,0.9813333333333332,0.1733333333333333,0.15,,,,0.1346153846153846,False
SIFT-100K,b7,64,175,"46,991,2266,3732,4815,8888",300,52,12,7,0.9753333333333334,0.9813333333333332,0.1733333333333333,0.15,,,,0.1346153846153846,False
SIFT-100K,b7,64,176,"4177,4815,8888",300,52,6,2,0.9753333333333334,0.978,0.1733333333333333,0.1666666666666666,,,,0.0384615384615384,False
SIFT-100K,b7,64,177,"46,4177,4815,8888",300,52,7,3,0.9753333333333334,0.9783333333333332,0.1733333333333333,0.1633333333333333,,,,0.0576923076923076,False
SIFT-100K,b7,64,178,"991,4177,4815,8888",300,52,10,5,0.9753333333333334,0.98,0.1733333333333333,0.1566666666666666,,,,0.0961538461538461,False
SIFT-100K,b7,64,179,"46,991,4177,4815,8888",300,52,10,5,0.9753333333333334,0.98,0.1733333333333333,0.1566666666666666,,,,0.0961538461538461,False
SIFT-100K,b7,64,180,"2266,4177,4815,8888",300,52,9,3,0.9753333333333334,0.979,0.1733333333333333,0.1633333333333333,,,,0.0576923076923076,False
SIFT-100K,b7,64,181,"46,2266,4177,4815,8888",300,52,9,3,0.9753333333333334,0.979,0.1733333333333333,0.1633333333333333,,,,0.0576923076923076,False
SIFT-100K,b7,64,182,"991,2266,4177,4815,8888",300,52,11,5,0.9753333333333334,0.9803333333333332,0.1733333333333333,0.1566666666666666,,,,0.0961538461538461,False
SIFT-100K,b7,64,183,"46,991,2266,4177,4815,8888",300,52,11,5,0.9753333333333334,0.9803333333333332,0.1733333333333333,0.1566666666666666,,,,0.0961538461538461,False
SIFT-100K,b7,64,184,"3732,4177,4815,8888",300,52,11,6,0.9753333333333334,0.9806666666666668,0.1733333333333333,0.1533333333333333,,,,0.1153846153846153,False
SIFT-100K,b7,64,185,"46,3732,4177,4815,8888",300,52,11,6,0.9753333333333334,0.9806666666666668,0.1733333333333333,0.1533333333333333,,,,0.1153846153846153,False
SIFT-100K,b7,64,186,"991,3732,4177,4815,8888",300,52,12,7,0.9753333333333334,0.9813333333333332,0.1733333333333333,0.15,,,,0.1346153846153846,False
SIFT-100K,b7,64,187,"46,991,3732,4177,4815,8888",300,52,12,7,0.9753333333333334,0.9813333333333332,0.1733333333333333,0.15,,,,0.1346153846153846,False
SIFT-100K,b7,64,188,"2266,3732,4177,4815,8888",300,52,12,6,0.9753333333333334,0.981,0.1733333333333333,0.1533333333333333,,,,0.1153846153846153,False
SIFT-100K,b7,64,189,"46,2266,3732,4177,4815,8888",300,52,12,6,0.9753333333333334,0.981,0.1733333333333333,0.1533333333333333,,,,0.1153846153846153,False
SIFT-100K,b7,64,190,"991,2266,3732,4177,4815,8888",300,52,13,7,0.9753333333333334,0.9816666666666668,0.1733333333333333,0.15,,,,0.1346153846153846,False
SIFT-100K,b7,64,191,"46,991,2266,3732,4177,4815,8888",300,52,13,7,0.9753333333333334,0.9816666666666668,0.1733333333333333,0.15,,,,0.1346153846153846,False
SIFT-100K,b7,64,192,"7001,8888",300,52,5,3,0.9753333333333334,0.978,0.1733333333333333,0.1633333333333333,,,,0.0576923076923076,False
SIFT-100K,b7,64,193,"46,7001,8888",300,52,6,4,0.9753333333333334,0.9783333333333332,0.1733333333333333,0.16,,,,0.0769230769230769,False
SIFT-100K,b7,64,194,"991,7001,8888",300,52,8,5,0.9753333333333334,0.9793333333333332,0.1733333333333333,0.1566666666666666,,,,0.0961538461538461,False
SIFT-100K,b7,64,195,"46,991,7001,8888",300,52,8,5,0.9753333333333334,0.9793333333333332,0.1733333333333333,0.1566666666666666,,,,0.0961538461538461,False
SIFT-100K,b7,64,196,"2266,7001,8888",300,52,8,4,0.9753333333333334,0.979,0.1733333333333333,0.16,,,,0.0769230769230769,False
SIFT-100K,b7,64,197,"46,2266,7001,8888",300,52,8,4,0.9753333333333334,0.979,0.1733333333333333,0.16,,,,0.0769230769230769,False
SIFT-100K,b7,64,198,"991,2266,7001,8888",300,52,9,5,0.9753333333333334,0.9796666666666668,0.1733333333333333,0.1566666666666666,,,,0.0961538461538461,False
SIFT-100K,b7,64,199,"46,991,2266,7001,8888",300,52,9,5,0.9753333333333334,0.9796666666666668,0.1733333333333333,0.1566666666666666,,,,0.0961538461538461,False
SIFT-100K,b7,64,200,"3732,7001,8888",300,52,10,7,0.9753333333333334,0.9806666666666668,0.1733333333333333,0.15,,,,0.1346153846153846,False
SIFT-100K,b7,64,201,"46,3732,7001,8888",300,52,10,7,0.9753333333333334,0.9806666666666668,0.1733333333333333,0.15,,,,0.1346153846153846,False
SIFT-100K,b7,64,202,"991,3732,7001,8888",300,52,10,7,0.9753333333333334,0.9806666666666668,0.1733333333333333,0.15,,,,0.1346153846153846,False
SIFT-100K,b7,64,203,"46,991,3732,7001,8888",300,52,10,7,0.9753333333333334,0.9806666666666668,0.1733333333333333,0.15,,,,0.1346153846153846,False
SIFT-100K,b7,64,204,"2266,3732,7001,8888",300,52,11,7,0.9753333333333334,0.981,0.1733333333333333,0.15,,,,0.1346153846153846,False
SIFT-100K,b7,64,205,"46,2266,3732,7001,8888",300,52,11,7,0.9753333333333334,0.981,0.1733333333333333,0.15,,,,0.1346153846153846,False
SIFT-100K,b7,64,206,"991,2266,3732,7001,8888",300,52,11,7,0.9753333333333334,0.981,0.1733333333333333,0.15,,,,0.1346153846153846,False
SIFT-100K,b7,64,207,"46,991,2266,3732,7001,8888",300,52,11,7,0.9753333333333334,0.981,0.1733333333333333,0.15,,,,0.1346153846153846,False
SIFT-100K,b7,64,208,"4177,7001,8888",300,52,6,3,0.9753333333333334,0.9783333333333332,0.1733333333333333,0.1633333333333333,,,,0.0576923076923076,False
SIFT-100K,b7,64,209,"46,4177,7001,8888",300,52,7,4,0.9753333333333334,0.9786666666666668,0.1733333333333333,0.16,,,,0.0769230769230769,False
SIFT-100K,b7,64,210,"991,4177,7001,8888",300,52,9,5,0.9753333333333334,0.9796666666666668,0.1733333333333333,0.1566666666666666,,,,0.0961538461538461,False
SIFT-100K,b7,64,211,"46,991,4177,7001,8888",300,52,9,5,0.9753333333333334,0.9796666666666668,0.1733333333333333,0.1566666666666666,,,,0.0961538461538461,False
SIFT-100K,b7,64,212,"2266,4177,7001,8888",300,52,9,4,0.9753333333333334,0.9793333333333332,0.1733333333333333,0.16,,,,0.0769230769230769,False
SIFT-100K,b7,64,213,"46,2266,4177,7001,8888",300,52,9,4,0.9753333333333334,0.9793333333333332,0.1733333333333333,0.16,,,,0.0769230769230769,False
SIFT-100K,b7,64,214,"991,2266,4177,7001,8888",300,52,10,5,0.9753333333333334,0.98,0.1733333333333333,0.1566666666666666,,,,0.0961538461538461,False
SIFT-100K,b7,64,215,"46,991,2266,4177,7001,8888",300,52,10,5,0.9753333333333334,0.98,0.1733333333333333,0.1566666666666666,,,,0.0961538461538461,False
SIFT-100K,b7,64,216,"3732,4177,7001,8888",300,52,11,7,0.9753333333333334,0.981,0.1733333333333333,0.15,,,,0.1346153846153846,False
SIFT-100K,b7,64,217,"46,3732,4177,7001,8888",300,52,11,7,0.9753333333333334,0.981,0.1733333333333333,0.15,,,,0.1346153846153846,False
SIFT-100K,b7,64,218,"991,3732,4177,7001,8888",300,52,11,7,0.9753333333333334,0.981,0.1733333333333333,0.15,,,,0.1346153846153846,False
SIFT-100K,b7,64,219,"46,991,3732,4177,7001,8888",300,52,11,7,0.9753333333333334,0.981,0.1733333333333333,0.15,,,,0.1346153846153846,False
SIFT-100K,b7,64,220,"2266,3732,4177,7001,8888",300,52,12,7,0.9753333333333334,0.9813333333333332,0.1733333333333333,0.15,,,,0.1346153846153846,False
SIFT-100K,b7,64,221,"46,2266,3732,4177,7001,8888",300,52,12,7,0.9753333333333334,0.9813333333333332,0.1733333333333333,0.15,,,,0.1346153846153846,False
SIFT-100K,b7,64,222,"991,2266,3732,4177,7001,8888",300,52,12,7,0.9753333333333334,0.9813333333333332,0.1733333333333333,0.15,,,,0.1346153846153846,False
SIFT-100K,b7,64,223,"46,991,2266,3732,4177,7001,8888",300,52,12,7,0.9753333333333334,0.9813333333333332,0.1733333333333333,0.15,,,,0.1346153846153846,False
SIFT-100K,b7,64,224,"4815,7001,8888",300,52,6,3,0.9753333333333334,0.9783333333333332,0.1733333333333333,0.1633333333333333,,,,0.0576923076923076,False
SIFT-100K,b7,64,225,"46,4815,7001,8888",300,52,7,4,0.9753333333333334,0.9786666666666668,0.1733333333333333,0.16,,,,0.0769230769230769,False
SIFT-100K,b7,64,226,"991,4815,7001,8888",300,52,9,5,0.9753333333333334,0.9796666666666668,0.1733333333333333,0.1566666666666666,,,,0.0961538461538461,False
SIFT-100K,b7,64,227,"46,991,4815,7001,8888",300,52,9,5,0.9753333333333334,0.9796666666666668,0.1733333333333333,0.1566666666666666,,,,0.0961538461538461,False
SIFT-100K,b7,64,228,"2266,4815,7001,8888",300,52,9,4,0.9753333333333334,0.9793333333333332,0.1733333333333333,0.16,,,,0.0769230769230769,False
SIFT-100K,b7,64,229,"46,2266,4815,7001,8888",300,52,9,4,0.9753333333333334,0.9793333333333332,0.1733333333333333,0.16,,,,0.0769230769230769,False
SIFT-100K,b7,64,230,"991,2266,4815,7001,8888",300,52,10,5,0.9753333333333334,0.98,0.1733333333333333,0.1566666666666666,,,,0.0961538461538461,False
SIFT-100K,b7,64,231,"46,991,2266,4815,7001,8888",300,52,10,5,0.9753333333333334,0.98,0.1733333333333333,0.1566666666666666,,,,0.0961538461538461,False
SIFT-100K,b7,64,232,"3732,4815,7001,8888",300,52,11,7,0.9753333333333334,0.981,0.1733333333333333,0.15,,,,0.1346153846153846,False
SIFT-100K,b7,64,233,"46,3732,4815,7001,8888",300,52,11,7,0.9753333333333334,0.981,0.1733333333333333,0.15,,,,0.1346153846153846,False
SIFT-100K,b7,64,234,"991,3732,4815,7001,8888",300,52,11,7,0.9753333333333334,0.981,0.1733333333333333,0.15,,,,0.1346153846153846,False
SIFT-100K,b7,64,235,"46,991,3732,4815,7001,8888",300,52,11,7,0.9753333333333334,0.981,0.1733333333333333,0.15,,,,0.1346153846153846,False
SIFT-100K,b7,64,236,"2266,3732,4815,7001,8888",300,52,12,7,0.9753333333333334,0.9813333333333332,0.1733333333333333,0.15,,,,0.1346153846153846,False
SIFT-100K,b7,64,237,"46,2266,3732,4815,7001,8888",300,52,12,7,0.9753333333333334,0.9813333333333332,0.1733333333333333,0.15,,,,0.1346153846153846,False
SIFT-100K,b7,64,238,"991,2266,3732,4815,7001,8888",300,52,12,7,0.9753333333333334,0.9813333333333332,0.1733333333333333,0.15,,,,0.1346153846153846,False
SIFT-100K,b7,64,239,"46,991,2266,3732,4815,7001,8888",300,52,12,7,0.9753333333333334,0.9813333333333332,0.1733333333333333,0.15,,,,0.1346153846153846,False
SIFT-100K,b7,64,240,"4177,4815,7001,8888",300,52,7,3,0.9753333333333334,0.9786666666666668,0.1733333333333333,0.1633333333333333,,,,0.0576923076923076,False
SIFT-100K,b7,64,241,"46,4177,4815,7001,8888",300,52,8,4,0.9753333333333334,0.979,0.1733333333333333,0.16,,,,0.0769230769230769,False
SIFT-100K,b7,64,242,"991,4177,4815,7001,8888",300,52,10,5,0.9753333333333334,0.98,0.1733333333333333,0.1566666666666666,,,,0.0961538461538461,False
SIFT-100K,b7,64,243,"46,991,4177,4815,7001,8888",300,52,10,5,0.9753333333333334,0.98,0.1733333333333333,0.1566666666666666,,,,0.0961538461538461,False
SIFT-100K,b7,64,244,"2266,4177,4815,7001,8888",300,52,10,4,0.9753333333333334,0.9796666666666668,0.1733333333333333,0.16,,,,0.0769230769230769,False
SIFT-100K,b7,64,245,"46,2266,4177,4815,7001,8888",300,52,10,4,0.9753333333333334,0.9796666666666668,0.1733333333333333,0.16,,,,0.0769230769230769,False
SIFT-100K,b7,64,246,"991,2266,4177,4815,7001,8888",300,52,11,5,0.9753333333333334,0.9803333333333332,0.1733333333333333,0.1566666666666666,,,,0.0961538461538461,False
SIFT-100K,b7,64,247,"46,991,2266,4177,4815,7001,8888",300,52,11,5,0.9753333333333334,0.9803333333333332,0.1733333333333333,0.1566666666666666,,,,0.0961538461538461,False
SIFT-100K,b7,64,248,"3732,4177,4815,7001,8888",300,52,12,7,0.9753333333333334,0.9813333333333332,0.1733333333333333,0.15,,,,0.1346153846153846,False
SIFT-100K,b7,64,249,"46,3732,4177,4815,7001,8888",300,52,12,7,0.9753333333333334,0.9813333333333332,0.1733333333333333,0.15,,,,0.1346153846153846,False
SIFT-100K,b7,64,250,"991,3732,4177,4815,7001,8888",300,52,12,7,0.9753333333333334,0.9813333333333332,0.1733333333333333,0.15,,,,0.1346153846153846,False
SIFT-100K,b7,64,251,"46,991,3732,4177,4815,7001,8888",300,52,12,7,0.9753333333333334,0.9813333333333332,0.1733333333333333,0.15,,,,0.1346153846153846,False
SIFT-100K,b7,64,252,"2266,3732,4177,4815,7001,8888",300,52,13,7,0.9753333333333334,0.9816666666666668,0.1733333333333333,0.15,,,,0.1346153846153846,False
SIFT-100K,b7,64,253,"46,2266,3732,4177,4815,7001,8888",300,52,13,7,0.9753333333333334,0.9816666666666668,0.1733333333333333,0.15,,,,0.1346153846153846,False
SIFT-100K,b7,64,254,"991,2266,3732,4177,4815,7001,8888",300,52,13,7,0.9753333333333334,0.9816666666666668,0.1733333333333333,0.15,,,,0.1346153846153846,False
SIFT-100K,b7,64,255,"46,991,2266,3732,4177,4815,7001,8888",300,52,13,7,0.9753333333333334,0.9816666666666668,0.1733333333333333,0.15,,,,0.1346153846153846,False
