implementation,dataset,source_seed,source_history,target_seed,target_history,z0_metadata_distance,z1_distance,z2_labeled_sentinel_distance,budget_distance_complete_case,rank_inversion,complete_case_queries
faiss,arxiv_nomic_100k,43,cluster_block_order,43,natural_source_order,0.5,NOT_ESTIMABLE_UNLABELED_FINGERPRINT_NOT_AVAILABLE,0.33203125,0.05327468230694037,0.23156832789307785,744
faiss,arxiv_nomic_100k,43,cluster_block_order,43,random,0.5,NOT_ESTIMABLE_UNLABELED_FINGERPRINT_NOT_AVAILABLE,0.41015625,0.0489980449657869,0.22975629524751334,744
faiss,arxiv_nomic_100k,43,cluster_block_order,59,cluster_block_order,0.5,NOT_ESTIMABLE_UNLABELED_FINGERPRINT_NOT_AVAILABLE,0.375,0.047898338220918865,0.21121387431103927,744
faiss,arxiv_nomic_100k,43,cluster_block_order,59,natural_source_order,1.0,NOT_ESTIMABLE_UNLABELED_FINGERPRINT_NOT_AVAILABLE,0.3515625,0.05205278592375367,0.22623884167965286,744
faiss,arxiv_nomic_100k,43,cluster_block_order,59,random,1.0,NOT_ESTIMABLE_UNLABELED_FINGERPRINT_NOT_AVAILABLE,0.34375,0.05266373411534702,0.22773011870829651,744
faiss,arxiv_nomic_100k,43,cluster_block_order,71,cluster_block_order,0.5,NOT_ESTIMABLE_UNLABELED_FINGERPRINT_NOT_AVAILABLE,0.375,0.05547409579667644,0.2253490177513474,744
faiss,arxiv_nomic_100k,43,cluster_block_order,71,natural_source_order,1.0,NOT_ESTIMABLE_UNLABELED_FINGERPRINT_NOT_AVAILABLE,0.33203125,0.04936461388074291,0.21440583958903764,744
faiss,arxiv_nomic_100k,43,cluster_block_order,71,random,1.0,NOT_ESTIMABLE_UNLABELED_FINGERPRINT_NOT_AVAILABLE,0.34375,0.05217497556207234,0.2212313502901378,744
faiss,arxiv_nomic_100k,43,natural_source_order,43,cluster_block_order,0.5,NOT_ESTIMABLE_UNLABELED_FINGERPRINT_NOT_AVAILABLE,0.33203125,0.05327468230694037,0.23156832789307785,744
faiss,arxiv_nomic_100k,43,natural_source_order,43,random,0.5,NOT_ESTIMABLE_UNLABELED_FINGERPRINT_NOT_AVAILABLE,0.375,0.05461876832844575,0.2344829843288062,744
faiss,arxiv_nomic_100k,43,natural_source_order,59,cluster_block_order,1.0,NOT_ESTIMABLE_UNLABELED_FINGERPRINT_NOT_AVAILABLE,0.37890625,0.050586510263929615,0.2239111942282978,744
faiss,arxiv_nomic_100k,43,natural_source_order,59,natural_source_order,0.5,NOT_ESTIMABLE_UNLABELED_FINGERPRINT_NOT_AVAILABLE,0.41015625,0.053519061583577714,0.2410516905681983,744
faiss,arxiv_nomic_100k,43,natural_source_order,59,random,1.0,NOT_ESTIMABLE_UNLABELED_FINGERPRINT_NOT_AVAILABLE,0.37890625,0.05755131964809384,0.24341749781064737,744
faiss,arxiv_nomic_100k,43,natural_source_order,71,cluster_block_order,1.0,NOT_ESTIMABLE_UNLABELED_FINGERPRINT_NOT_AVAILABLE,0.38671875,0.05474095796676442,0.2282837720638678,744
faiss,arxiv_nomic_100k,43,natural_source_order,71,natural_source_order,0.5,NOT_ESTIMABLE_UNLABELED_FINGERPRINT_NOT_AVAILABLE,0.40234375,0.053763440860215055,0.25394577259533163,744
faiss,arxiv_nomic_100k,43,natural_source_order,71,random,1.0,NOT_ESTIMABLE_UNLABELED_FINGERPRINT_NOT_AVAILABLE,0.3828125,0.053885630498533725,0.23847266221588775,744
faiss,arxiv_nomic_100k,43,random,43,cluster_block_order,0.5,NOT_ESTIMABLE_UNLABELED_FINGERPRINT_NOT_AVAILABLE,0.41015625,0.0489980449657869,0.22975629524751334,744
faiss,arxiv_nomic_100k,43,random,43,natural_source_order,0.5,NOT_ESTIMABLE_UNLABELED_FINGERPRINT_NOT_AVAILABLE,0.375,0.05461876832844575,0.2344829843288062,744
faiss,arxiv_nomic_100k,43,random,59,cluster_block_order,1.0,NOT_ESTIMABLE_UNLABELED_FINGERPRINT_NOT_AVAILABLE,0.37109375,0.050708699902248286,0.22123561769267058,744
faiss,arxiv_nomic_100k,43,random,59,natural_source_order,1.0,NOT_ESTIMABLE_UNLABELED_FINGERPRINT_NOT_AVAILABLE,0.37890625,0.0531524926686217,0.22802443045155446,744
faiss,arxiv_nomic_100k,43,random,59,random,0.5,NOT_ESTIMABLE_UNLABELED_FINGERPRINT_NOT_AVAILABLE,0.36328125,0.04887585532746823,0.21333845661040407,744
faiss,arxiv_nomic_100k,43,random,71,cluster_block_order,1.0,NOT_ESTIMABLE_UNLABELED_FINGERPRINT_NOT_AVAILABLE,0.390625,0.050219941348973604,0.23004770832824445,744
faiss,arxiv_nomic_100k,43,random,71,natural_source_order,1.0,NOT_ESTIMABLE_UNLABELED_FINGERPRINT_NOT_AVAILABLE,0.375,0.04728739002932551,0.22422363529333394,744
faiss,arxiv_nomic_100k,43,random,71,random,0.5,NOT_ESTIMABLE_UNLABELED_FINGERPRINT_NOT_AVAILABLE,0.34375,0.054252199413489736,0.2479123866035708,744
faiss,arxiv_nomic_100k,59,cluster_block_order,43,cluster_block_order,0.5,NOT_ESTIMABLE_UNLABELED_FINGERPRINT_NOT_AVAILABLE,0.375,0.047898338220918865,0.21121387431103927,744
faiss,arxiv_nomic_100k,59,cluster_block_order,43,natural_source_order,1.0,NOT_ESTIMABLE_UNLABELED_FINGERPRINT_NOT_AVAILABLE,0.37890625,0.050586510263929615,0.2239111942282978,744
faiss,arxiv_nomic_100k,59,cluster_block_order,43,random,1.0,NOT_ESTIMABLE_UNLABELED_FINGERPRINT_NOT_AVAILABLE,0.37109375,0.050708699902248286,0.22123561769267058,744
faiss,arxiv_nomic_100k,59,cluster_block_order,59,natural_source_order,0.5,NOT_ESTIMABLE_UNLABELED_FINGERPRINT_NOT_AVAILABLE,0.41015625,0.04887585532746823,0.22072266136404545,744
faiss,arxiv_nomic_100k,59,cluster_block_order,59,random,0.5,NOT_ESTIMABLE_UNLABELED_FINGERPRINT_NOT_AVAILABLE,0.421875,0.04973118279569892,0.2351495767771002,744
faiss,arxiv_nomic_100k,59,cluster_block_order,71,cluster_block_order,0.5,NOT_ESTIMABLE_UNLABELED_FINGERPRINT_NOT_AVAILABLE,0.3984375,0.053519061583577714,0.23665411921380503,744
faiss,arxiv_nomic_100k,59,cluster_block_order,71,natural_source_order,1.0,NOT_ESTIMABLE_UNLABELED_FINGERPRINT_NOT_AVAILABLE,0.39453125,0.050342130987292275,0.21513179149114026,744
faiss,arxiv_nomic_100k,59,cluster_block_order,71,random,1.0,NOT_ESTIMABLE_UNLABELED_FINGERPRINT_NOT_AVAILABLE,0.4140625,0.050464320625610945,0.23168616782705032,744
faiss,arxiv_nomic_100k,59,natural_source_order,43,cluster_block_order,1.0,NOT_ESTIMABLE_UNLABELED_FINGERPRINT_NOT_AVAILABLE,0.3515625,0.05205278592375367,0.22623884167965286,744
faiss,arxiv_nomic_100k,59,natural_source_order,43,natural_source_order,0.5,NOT_ESTIMABLE_UNLABELED_FINGERPRINT_NOT_AVAILABLE,0.41015625,0.053519061583577714,0.2410516905681983,744
faiss,arxiv_nomic_100k,59,natural_source_order,43,random,1.0,NOT_ESTIMABLE_UNLABELED_FINGERPRINT_NOT_AVAILABLE,0.37890625,0.0531524926686217,0.22802443045155446,744
faiss,arxiv_nomic_100k,59,natural_source_order,59,cluster_block_order,0.5,NOT_ESTIMABLE_UNLABELED_FINGERPRINT_NOT_AVAILABLE,0.41015625,0.04887585532746823,0.22072266136404545,744
faiss,arxiv_nomic_100k,59,natural_source_order,59,random,0.5,NOT_ESTIMABLE_UNLABELED_FINGERPRINT_NOT_AVAILABLE,0.42578125,0.05217497556207234,0.22918970962803908,744
faiss,arxiv_nomic_100k,59,natural_source_order,71,cluster_block_order,1.0,NOT_ESTIMABLE_UNLABELED_FINGERPRINT_NOT_AVAILABLE,0.37890625,0.051564027370478986,0.2130542929351007,744
faiss,arxiv_nomic_100k,59,natural_source_order,71,natural_source_order,0.5,NOT_ESTIMABLE_UNLABELED_FINGERPRINT_NOT_AVAILABLE,0.3671875,0.04985337243401759,0.2185812469111525,744
faiss,arxiv_nomic_100k,59,natural_source_order,71,random,1.0,NOT_ESTIMABLE_UNLABELED_FINGERPRINT_NOT_AVAILABLE,0.359375,0.05168621700879766,0.2139552545005287,744
faiss,arxiv_nomic_100k,59,random,43,cluster_block_order,1.0,NOT_ESTIMABLE_UNLABELED_FINGERPRINT_NOT_AVAILABLE,0.34375,0.05266373411534702,0.22773011870829651,744
faiss,arxiv_nomic_100k,59,random,43,natural_source_order,1.0,NOT_ESTIMABLE_UNLABELED_FINGERPRINT_NOT_AVAILABLE,0.37890625,0.05755131964809384,0.24341749781064737,744
faiss,arxiv_nomic_100k,59,random,43,random,0.5,NOT_ESTIMABLE_UNLABELED_FINGERPRINT_NOT_AVAILABLE,0.36328125,0.04887585532746823,0.21333845661040407,744
faiss,arxiv_nomic_100k,59,random,59,cluster_block_order,0.5,NOT_ESTIMABLE_UNLABELED_FINGERPRINT_NOT_AVAILABLE,0.421875,0.04973118279569892,0.2351495767771002,744
faiss,arxiv_nomic_100k,59,random,59,natural_source_order,0.5,NOT_ESTIMABLE_UNLABELED_FINGERPRINT_NOT_AVAILABLE,0.42578125,0.05217497556207234,0.22918970962803908,744
faiss,arxiv_nomic_100k,59,random,71,cluster_block_order,1.0,NOT_ESTIMABLE_UNLABELED_FINGERPRINT_NOT_AVAILABLE,0.375,0.0489980449657869,0.21600521660302152,744
faiss,arxiv_nomic_100k,59,random,71,natural_source_order,1.0,NOT_ESTIMABLE_UNLABELED_FINGERPRINT_NOT_AVAILABLE,0.42578125,0.04948680351906158,0.21593517558808817,744
faiss,arxiv_nomic_100k,59,random,71,random,0.5,NOT_ESTIMABLE_UNLABELED_FINGERPRINT_NOT_AVAILABLE,0.35546875,0.053519061583577714,0.22850268182380995,744
faiss,arxiv_nomic_100k,71,cluster_block_order,43,cluster_block_order,0.5,NOT_ESTIMABLE_UNLABELED_FINGERPRINT_NOT_AVAILABLE,0.375,0.05547409579667644,0.2253490177513474,744
faiss,arxiv_nomic_100k,71,cluster_block_order,43,natural_source_order,1.0,NOT_ESTIMABLE_UNLABELED_FINGERPRINT_NOT_AVAILABLE,0.38671875,0.05474095796676442,0.2282837720638678,744
faiss,arxiv_nomic_100k,71,cluster_block_order,43,random,1.0,NOT_ESTIMABLE_UNLABELED_FINGERPRINT_NOT_AVAILABLE,0.390625,0.050219941348973604,0.23004770832824445,744
faiss,arxiv_nomic_100k,71,cluster_block_order,59,cluster_block_order,0.5,NOT_ESTIMABLE_UNLABELED_FINGERPRINT_NOT_AVAILABLE,0.3984375,0.053519061583577714,0.23665411921380503,744
faiss,arxiv_nomic_100k,71,cluster_block_order,59,natural_source_order,1.0,NOT_ESTIMABLE_UNLABELED_FINGERPRINT_NOT_AVAILABLE,0.37890625,0.051564027370478986,0.2130542929351007,744
faiss,arxiv_nomic_100k,71,cluster_block_order,59,random,1.0,NOT_ESTIMABLE_UNLABELED_FINGERPRINT_NOT_AVAILABLE,0.375,0.0489980449657869,0.21600521660302152,744
faiss,arxiv_nomic_100k,71,cluster_block_order,71,natural_source_order,0.5,NOT_ESTIMABLE_UNLABELED_FINGERPRINT_NOT_AVAILABLE,0.43359375,0.05180840664711633,0.23237612622725917,744
faiss,arxiv_nomic_100k,71,cluster_block_order,71,random,0.5,NOT_ESTIMABLE_UNLABELED_FINGERPRINT_NOT_AVAILABLE,0.40234375,0.051197458455522975,0.2262528105727552,744
faiss,arxiv_nomic_100k,71,natural_source_order,43,cluster_block_order,1.0,NOT_ESTIMABLE_UNLABELED_FINGERPRINT_NOT_AVAILABLE,0.33203125,0.04936461388074291,0.21440583958903764,744
faiss,arxiv_nomic_100k,71,natural_source_order,43,natural_source_order,0.5,NOT_ESTIMABLE_UNLABELED_FINGERPRINT_NOT_AVAILABLE,0.40234375,0.053763440860215055,0.25394577259533163,744
faiss,arxiv_nomic_100k,71,natural_source_order,43,random,1.0,NOT_ESTIMABLE_UNLABELED_FINGERPRINT_NOT_AVAILABLE,0.375,0.04728739002932551,0.22422363529333394,744
faiss,arxiv_nomic_100k,71,natural_source_order,59,cluster_block_order,1.0,NOT_ESTIMABLE_UNLABELED_FINGERPRINT_NOT_AVAILABLE,0.39453125,0.050342130987292275,0.21513179149114026,744
faiss,arxiv_nomic_100k,71,natural_source_order,59,natural_source_order,0.5,NOT_ESTIMABLE_UNLABELED_FINGERPRINT_NOT_AVAILABLE,0.3671875,0.04985337243401759,0.2185812469111525,744
faiss,arxiv_nomic_100k,71,natural_source_order,59,random,1.0,NOT_ESTIMABLE_UNLABELED_FINGERPRINT_NOT_AVAILABLE,0.42578125,0.04948680351906158,0.21593517558808817,744
faiss,arxiv_nomic_100k,71,natural_source_order,71,cluster_block_order,0.5,NOT_ESTIMABLE_UNLABELED_FINGERPRINT_NOT_AVAILABLE,0.43359375,0.05180840664711633,0.23237612622725917,744
faiss,arxiv_nomic_100k,71,natural_source_order,71,random,0.5,NOT_ESTIMABLE_UNLABELED_FINGERPRINT_NOT_AVAILABLE,0.390625,0.04997556207233626,0.222531360572165,744
faiss,arxiv_nomic_100k,71,random,43,cluster_block_order,1.0,NOT_ESTIMABLE_UNLABELED_FINGERPRINT_NOT_AVAILABLE,0.34375,0.05217497556207234,0.2212313502901378,744
faiss,arxiv_nomic_100k,71,random,43,natural_source_order,1.0,NOT_ESTIMABLE_UNLABELED_FINGERPRINT_NOT_AVAILABLE,0.3828125,0.053885630498533725,0.23847266221588775,744
faiss,arxiv_nomic_100k,71,random,43,random,0.5,NOT_ESTIMABLE_UNLABELED_FINGERPRINT_NOT_AVAILABLE,0.34375,0.054252199413489736,0.2479123866035708,744
faiss,arxiv_nomic_100k,71,random,59,cluster_block_order,1.0,NOT_ESTIMABLE_UNLABELED_FINGERPRINT_NOT_AVAILABLE,0.4140625,0.050464320625610945,0.23168616782705032,744
faiss,arxiv_nomic_100k,71,random,59,natural_source_order,1.0,NOT_ESTIMABLE_UNLABELED_FINGERPRINT_NOT_AVAILABLE,0.359375,0.05168621700879766,0.2139552545005287,744
faiss,arxiv_nomic_100k,71,random,59,random,0.5,NOT_ESTIMABLE_UNLABELED_FINGERPRINT_NOT_AVAILABLE,0.35546875,0.053519061583577714,0.22850268182380995,744
faiss,arxiv_nomic_100k,71,random,71,cluster_block_order,0.5,NOT_ESTIMABLE_UNLABELED_FINGERPRINT_NOT_AVAILABLE,0.40234375,0.051197458455522975,0.2262528105727552,744
faiss,arxiv_nomic_100k,71,random,71,natural_source_order,0.5,NOT_ESTIMABLE_UNLABELED_FINGERPRINT_NOT_AVAILABLE,0.390625,0.04997556207233626,0.222531360572165,744
faiss,glove100_100k,43,cluster_block_order,43,natural_source_order,0.5,NOT_ESTIMABLE_UNLABELED_FINGERPRINT_NOT_AVAILABLE,0.6875,0.11904761904761904,0.13547787228859065,672
faiss,glove100_100k,43,cluster_block_order,43,random,0.5,NOT_ESTIMABLE_UNLABELED_FINGERPRINT_NOT_AVAILABLE,0.63671875,0.10540577157566726,0.12255817724440948,671
faiss,glove100_100k,43,cluster_block_order,59,cluster_block_order,0.5,NOT_ESTIMABLE_UNLABELED_FINGERPRINT_NOT_AVAILABLE,0.6796875,0.11383868357162126,0.13009519002002962,674
faiss,glove100_100k,43,cluster_block_order,59,natural_source_order,1.0,NOT_ESTIMABLE_UNLABELED_FINGERPRINT_NOT_AVAILABLE,0.59765625,0.1062186695569706,0.12166998226366221,671
faiss,glove100_100k,43,cluster_block_order,59,random,1.0,NOT_ESTIMABLE_UNLABELED_FINGERPRINT_NOT_AVAILABLE,0.63671875,0.10577051814165216,0.12345233776456149,679
faiss,glove100_100k,43,cluster_block_order,71,cluster_block_order,0.5,NOT_ESTIMABLE_UNLABELED_FINGERPRINT_NOT_AVAILABLE,0.6171875,0.11366983531931986,0.12942250292184326,679
faiss,glove100_100k,43,cluster_block_order,71,natural_source_order,1.0,NOT_ESTIMABLE_UNLABELED_FINGERPRINT_NOT_AVAILABLE,0.65234375,0.11093073593073594,0.13402020931621,672
faiss,glove100_100k,43,cluster_block_order,71,random,1.0,NOT_ESTIMABLE_UNLABELED_FINGERPRINT_NOT_AVAILABLE,0.61328125,0.11461279461279461,0.1323196733791378,675
faiss,glove100_100k,43,natural_source_order,43,cluster_block_order,0.5,NOT_ESTIMABLE_UNLABELED_FINGERPRINT_NOT_AVAILABLE,0.6875,0.11904761904761904,0.13547787228859065,672
faiss,glove100_100k,43,natural_source_order,43,random,0.5,NOT_ESTIMABLE_UNLABELED_FINGERPRINT_NOT_AVAILABLE,0.65234375,0.11121711871337059,0.12738799324380257,667
faiss,glove100_100k,43,natural_source_order,59,cluster_block_order,1.0,NOT_ESTIMABLE_UNLABELED_FINGERPRINT_NOT_AVAILABLE,0.6953125,0.10960960960960961,0.1288753491799871,666
faiss,glove100_100k,43,natural_source_order,59,natural_source_order,0.5,NOT_ESTIMABLE_UNLABELED_FINGERPRINT_NOT_AVAILABLE,0.6640625,0.1062415196743555,0.11630513009887866,670
faiss,glove100_100k,43,natural_source_order,59,random,1.0,NOT_ESTIMABLE_UNLABELED_FINGERPRINT_NOT_AVAILABLE,0.7109375,0.11397356352845966,0.13027922483572507,674
faiss,glove100_100k,43,natural_source_order,71,cluster_block_order,1.0,NOT_ESTIMABLE_UNLABELED_FINGERPRINT_NOT_AVAILABLE,0.6015625,0.10776908551389264,0.12627878692378425,674
faiss,glove100_100k,43,natural_source_order,71,natural_source_order,0.5,NOT_ESTIMABLE_UNLABELED_FINGERPRINT_NOT_AVAILABLE,0.6796875,0.1044978937355619,0.12858227311891002,669
faiss,glove100_100k,43,natural_source_order,71,random,1.0,NOT_ESTIMABLE_UNLABELED_FINGERPRINT_NOT_AVAILABLE,0.62109375,0.11601085481682497,0.1287511653254167,670
faiss,glove100_100k,43,random,43,cluster_block_order,0.5,NOT_ESTIMABLE_UNLABELED_FINGERPRINT_NOT_AVAILABLE,0.63671875,0.10540577157566726,0.12255817724440948,671
faiss,glove100_100k,43,random,43,natural_source_order,0.5,NOT_ESTIMABLE_UNLABELED_FINGERPRINT_NOT_AVAILABLE,0.65234375,0.11121711871337059,0.12738799324380257,667
faiss,glove100_100k,43,random,59,cluster_block_order,1.0,NOT_ESTIMABLE_UNLABELED_FINGERPRINT_NOT_AVAILABLE,0.640625,0.10648963555073838,0.11936095096435645,671
faiss,glove100_100k,43,random,59,natural_source_order,1.0,NOT_ESTIMABLE_UNLABELED_FINGERPRINT_NOT_AVAILABLE,0.625,0.09738332883733478,0.1114384843835905,674
faiss,glove100_100k,43,random,59,random,0.5,NOT_ESTIMABLE_UNLABELED_FINGERPRINT_NOT_AVAILABLE,0.64453125,0.103397341211226,0.11644169694769246,677
faiss,glove100_100k,43,random,71,cluster_block_order,1.0,NOT_ESTIMABLE_UNLABELED_FINGERPRINT_NOT_AVAILABLE,0.640625,0.11139755766621438,0.13157113487831884,670
faiss,glove100_100k,43,random,71,natural_source_order,1.0,NOT_ESTIMABLE_UNLABELED_FINGERPRINT_NOT_AVAILABLE,0.69921875,0.10387680669998649,0.12327404348430021,673
faiss,glove100_100k,43,random,71,random,0.5,NOT_ESTIMABLE_UNLABELED_FINGERPRINT_NOT_AVAILABLE,0.6484375,0.1086046197487505,0.12284069351994209,673
faiss,glove100_100k,59,cluster_block_order,43,cluster_block_order,0.5,NOT_ESTIMABLE_UNLABELED_FINGERPRINT_NOT_AVAILABLE,0.6796875,0.11383868357162126,0.13009519002002962,674
faiss,glove100_100k,59,cluster_block_order,43,natural_source_order,1.0,NOT_ESTIMABLE_UNLABELED_FINGERPRINT_NOT_AVAILABLE,0.6953125,0.10960960960960961,0.1288753491799871,666
faiss,glove100_100k,59,cluster_block_order,43,random,1.0,NOT_ESTIMABLE_UNLABELED_FINGERPRINT_NOT_AVAILABLE,0.640625,0.10648963555073838,0.11936095096435645,671
faiss,glove100_100k,59,cluster_block_order,59,natural_source_order,0.5,NOT_ESTIMABLE_UNLABELED_FINGERPRINT_NOT_AVAILABLE,0.6796875,0.10892832949464842,0.12655374248753687,671
faiss,glove100_100k,59,cluster_block_order,59,random,0.5,NOT_ESTIMABLE_UNLABELED_FINGERPRINT_NOT_AVAILABLE,0.640625,0.11343523732904263,0.12782991704816804,678
faiss,glove100_100k,59,cluster_block_order,71,cluster_block_order,0.5,NOT_ESTIMABLE_UNLABELED_FINGERPRINT_NOT_AVAILABLE,0.69921875,0.10855218855218855,0.1312876671608752,675
faiss,glove100_100k,59,cluster_block_order,71,natural_source_order,1.0,NOT_ESTIMABLE_UNLABELED_FINGERPRINT_NOT_AVAILABLE,0.69921875,0.10293124409023369,0.11980309779891968,673
faiss,glove100_100k,59,cluster_block_order,71,random,1.0,NOT_ESTIMABLE_UNLABELED_FINGERPRINT_NOT_AVAILABLE,0.6484375,0.10917207792207792,0.1258731535861795,672
faiss,glove100_100k,59,natural_source_order,43,cluster_block_order,1.0,NOT_ESTIMABLE_UNLABELED_FINGERPRINT_NOT_AVAILABLE,0.59765625,0.1062186695569706,0.12166998226366221,671
faiss,glove100_100k,59,natural_source_order,43,natural_source_order,0.5,NOT_ESTIMABLE_UNLABELED_FINGERPRINT_NOT_AVAILABLE,0.6640625,0.1062415196743555,0.11630513009887866,670
faiss,glove100_100k,59,natural_source_order,43,random,1.0,NOT_ESTIMABLE_UNLABELED_FINGERPRINT_NOT_AVAILABLE,0.625,0.09738332883733478,0.1114384843835905,674
faiss,glove100_100k,59,natural_source_order,59,cluster_block_order,0.5,NOT_ESTIMABLE_UNLABELED_FINGERPRINT_NOT_AVAILABLE,0.6796875,0.10892832949464842,0.12655374248753687,671
faiss,glove100_100k,59,natural_source_order,59,random,0.5,NOT_ESTIMABLE_UNLABELED_FINGERPRINT_NOT_AVAILABLE,0.64453125,0.10801346801346802,0.12325370470626262,675
faiss,glove100_100k,59,natural_source_order,71,cluster_block_order,1.0,NOT_ESTIMABLE_UNLABELED_FINGERPRINT_NOT_AVAILABLE,0.64453125,0.10994904800214535,0.12189433799354799,678
faiss,glove100_100k,59,natural_source_order,71,natural_source_order,0.5,NOT_ESTIMABLE_UNLABELED_FINGERPRINT_NOT_AVAILABLE,0.65625,0.10898300512543836,0.12161203279970506,674
faiss,glove100_100k,59,natural_source_order,71,random,1.0,NOT_ESTIMABLE_UNLABELED_FINGERPRINT_NOT_AVAILABLE,0.6484375,0.10987671047283566,0.12272821141714446,671
faiss,glove100_100k,59,random,43,cluster_block_order,1.0,NOT_ESTIMABLE_UNLABELED_FINGERPRINT_NOT_AVAILABLE,0.63671875,0.10577051814165216,0.12345233776456149,679
faiss,glove100_100k,59,random,43,natural_source_order,1.0,NOT_ESTIMABLE_UNLABELED_FINGERPRINT_NOT_AVAILABLE,0.7109375,0.11397356352845966,0.13027922483572507,674
faiss,glove100_100k,59,random,43,random,0.5,NOT_ESTIMABLE_UNLABELED_FINGERPRINT_NOT_AVAILABLE,0.64453125,0.103397341211226,0.11644169694769246,677
faiss,glove100_100k,59,random,59,cluster_block_order,0.5,NOT_ESTIMABLE_UNLABELED_FINGERPRINT_NOT_AVAILABLE,0.640625,0.11343523732904263,0.12782991704816804,678
faiss,glove100_100k,59,random,59,natural_source_order,0.5,NOT_ESTIMABLE_UNLABELED_FINGERPRINT_NOT_AVAILABLE,0.64453125,0.10801346801346802,0.12325370470626262,675
faiss,glove100_100k,59,random,71,cluster_block_order,1.0,NOT_ESTIMABLE_UNLABELED_FINGERPRINT_NOT_AVAILABLE,0.6328125,0.10847412174845804,0.12754062389721937,678
faiss,glove100_100k,59,random,71,natural_source_order,1.0,NOT_ESTIMABLE_UNLABELED_FINGERPRINT_NOT_AVAILABLE,0.6953125,0.10447159930173223,0.12333179533744132,677
faiss,glove100_100k,59,random,71,random,0.5,NOT_ESTIMABLE_UNLABELED_FINGERPRINT_NOT_AVAILABLE,0.65625,0.10343434343434343,0.12283233394570336,675
faiss,glove100_100k,71,cluster_block_order,43,cluster_block_order,0.5,NOT_ESTIMABLE_UNLABELED_FINGERPRINT_NOT_AVAILABLE,0.6171875,0.11366983531931986,0.12942250292184326,679
faiss,glove100_100k,71,cluster_block_order,43,natural_source_order,1.0,NOT_ESTIMABLE_UNLABELED_FINGERPRINT_NOT_AVAILABLE,0.6015625,0.10776908551389264,0.12627878692378425,674
faiss,glove100_100k,71,cluster_block_order,43,random,1.0,NOT_ESTIMABLE_UNLABELED_FINGERPRINT_NOT_AVAILABLE,0.640625,0.11139755766621438,0.13157113487831884,670
faiss,glove100_100k,71,cluster_block_order,59,cluster_block_order,0.5,NOT_ESTIMABLE_UNLABELED_FINGERPRINT_NOT_AVAILABLE,0.69921875,0.10855218855218855,0.1312876671608752,675
faiss,glove100_100k,71,cluster_block_order,59,natural_source_order,1.0,NOT_ESTIMABLE_UNLABELED_FINGERPRINT_NOT_AVAILABLE,0.64453125,0.10994904800214535,0.12189433799354799,678
faiss,glove100_100k,71,cluster_block_order,59,random,1.0,NOT_ESTIMABLE_UNLABELED_FINGERPRINT_NOT_AVAILABLE,0.6328125,0.10847412174845804,0.12754062389721937,678
faiss,glove100_100k,71,cluster_block_order,71,natural_source_order,0.5,NOT_ESTIMABLE_UNLABELED_FINGERPRINT_NOT_AVAILABLE,0.6328125,0.10863434940244393,0.12529775921680508,677
faiss,glove100_100k,71,cluster_block_order,71,random,0.5,NOT_ESTIMABLE_UNLABELED_FINGERPRINT_NOT_AVAILABLE,0.55859375,0.1148466917697687,0.13125970758651534,676
faiss,glove100_100k,71,natural_source_order,43,cluster_block_order,1.0,NOT_ESTIMABLE_UNLABELED_FINGERPRINT_NOT_AVAILABLE,0.65234375,0.11093073593073594,0.13402020931621,672
faiss,glove100_100k,71,natural_source_order,43,natural_source_order,0.5,NOT_ESTIMABLE_UNLABELED_FINGERPRINT_NOT_AVAILABLE,0.6796875,0.1044978937355619,0.12858227311891002,669
faiss,glove100_100k,71,natural_source_order,43,random,1.0,NOT_ESTIMABLE_UNLABELED_FINGERPRINT_NOT_AVAILABLE,0.69921875,0.10387680669998649,0.12327404348430021,673
faiss,glove100_100k,71,natural_source_order,59,cluster_block_order,1.0,NOT_ESTIMABLE_UNLABELED_FINGERPRINT_NOT_AVAILABLE,0.69921875,0.10293124409023369,0.11980309779891968,673
faiss,glove100_100k,71,natural_source_order,59,natural_source_order,0.5,NOT_ESTIMABLE_UNLABELED_FINGERPRINT_NOT_AVAILABLE,0.65625,0.10898300512543836,0.12161203279970506,674
faiss,glove100_100k,71,natural_source_order,59,random,1.0,NOT_ESTIMABLE_UNLABELED_FINGERPRINT_NOT_AVAILABLE,0.6953125,0.10447159930173223,0.12333179533744132,677
faiss,glove100_100k,71,natural_source_order,71,cluster_block_order,0.5,NOT_ESTIMABLE_UNLABELED_FINGERPRINT_NOT_AVAILABLE,0.6328125,0.10863434940244393,0.12529775921680508,677
faiss,glove100_100k,71,natural_source_order,71,random,0.5,NOT_ESTIMABLE_UNLABELED_FINGERPRINT_NOT_AVAILABLE,0.67578125,0.1095743252316369,0.12552645537772,677
faiss,glove100_100k,71,random,43,cluster_block_order,1.0,NOT_ESTIMABLE_UNLABELED_FINGERPRINT_NOT_AVAILABLE,0.61328125,0.11461279461279461,0.1323196733791378,675
faiss,glove100_100k,71,random,43,natural_source_order,1.0,NOT_ESTIMABLE_UNLABELED_FINGERPRINT_NOT_AVAILABLE,0.62109375,0.11601085481682497,0.1287511653254167,670
faiss,glove100_100k,71,random,43,random,0.5,NOT_ESTIMABLE_UNLABELED_FINGERPRINT_NOT_AVAILABLE,0.6484375,0.1086046197487505,0.12284069351994209,673
faiss,glove100_100k,71,random,59,cluster_block_order,1.0,NOT_ESTIMABLE_UNLABELED_FINGERPRINT_NOT_AVAILABLE,0.6484375,0.10917207792207792,0.1258731535861795,672
faiss,glove100_100k,71,random,59,natural_source_order,1.0,NOT_ESTIMABLE_UNLABELED_FINGERPRINT_NOT_AVAILABLE,0.6484375,0.10987671047283566,0.12272821141714446,671
faiss,glove100_100k,71,random,59,random,0.5,NOT_ESTIMABLE_UNLABELED_FINGERPRINT_NOT_AVAILABLE,0.65625,0.10343434343434343,0.12283233394570336,675
faiss,glove100_100k,71,random,71,cluster_block_order,0.5,NOT_ESTIMABLE_UNLABELED_FINGERPRINT_NOT_AVAILABLE,0.55859375,0.1148466917697687,0.13125970758651534,676
faiss,glove100_100k,71,random,71,natural_source_order,0.5,NOT_ESTIMABLE_UNLABELED_FINGERPRINT_NOT_AVAILABLE,0.67578125,0.1095743252316369,0.12552645537772,677
faiss,sift_100k,43,cluster_block_order,43,natural_source_order,0.5,NOT_ESTIMABLE_UNLABELED_FINGERPRINT_NOT_AVAILABLE,0.49609375,0.08321114369501466,0.24006129444891883,744
faiss,sift_100k,43,cluster_block_order,43,random,0.5,NOT_ESTIMABLE_UNLABELED_FINGERPRINT_NOT_AVAILABLE,0.484375,0.08284457478005865,0.23263222789461319,744
faiss,sift_100k,43,cluster_block_order,59,cluster_block_order,0.5,NOT_ESTIMABLE_UNLABELED_FINGERPRINT_NOT_AVAILABLE,0.53125,0.08321114369501466,0.24488625669646719,744
faiss,sift_100k,43,cluster_block_order,59,natural_source_order,1.0,NOT_ESTIMABLE_UNLABELED_FINGERPRINT_NOT_AVAILABLE,0.50390625,0.07820136852394917,0.2370518811432512,744
faiss,sift_100k,43,cluster_block_order,59,random,1.0,NOT_ESTIMABLE_UNLABELED_FINGERPRINT_NOT_AVAILABLE,0.51953125,0.08321114369501466,0.23951050758181358,744
faiss,sift_100k,43,cluster_block_order,71,cluster_block_order,0.5,NOT_ESTIMABLE_UNLABELED_FINGERPRINT_NOT_AVAILABLE,0.46484375,0.07917888563049853,0.23531778167868478,744
faiss,sift_100k,43,cluster_block_order,71,natural_source_order,1.0,NOT_ESTIMABLE_UNLABELED_FINGERPRINT_NOT_AVAILABLE,0.51953125,0.0863880742913001,0.2499464413518152,744
faiss,sift_100k,43,cluster_block_order,71,random,1.0,NOT_ESTIMABLE_UNLABELED_FINGERPRINT_NOT_AVAILABLE,0.53515625,0.07991202346041056,0.24035493922153434,744
faiss,sift_100k,43,natural_source_order,43,cluster_block_order,0.5,NOT_ESTIMABLE_UNLABELED_FINGERPRINT_NOT_AVAILABLE,0.49609375,0.08321114369501466,0.24006129444891883,744
faiss,sift_100k,43,natural_source_order,43,random,0.5,NOT_ESTIMABLE_UNLABELED_FINGERPRINT_NOT_AVAILABLE,0.484375,0.08101173020527859,0.2246215536011591,744
faiss,sift_100k,43,natural_source_order,59,cluster_block_order,1.0,NOT_ESTIMABLE_UNLABELED_FINGERPRINT_NOT_AVAILABLE,0.5234375,0.07771260997067449,0.23268398974413862,744
faiss,sift_100k,43,natural_source_order,59,natural_source_order,0.5,NOT_ESTIMABLE_UNLABELED_FINGERPRINT_NOT_AVAILABLE,0.51171875,0.07539100684261975,0.2254522287002637,744
faiss,sift_100k,43,natural_source_order,59,random,1.0,NOT_ESTIMABLE_UNLABELED_FINGERPRINT_NOT_AVAILABLE,0.515625,0.0760019550342131,0.22949558973397555,744
faiss,sift_100k,43,natural_source_order,71,cluster_block_order,1.0,NOT_ESTIMABLE_UNLABELED_FINGERPRINT_NOT_AVAILABLE,0.5,0.07612414467253177,0.23397644581746596,744
faiss,sift_100k,43,natural_source_order,71,natural_source_order,0.5,NOT_ESTIMABLE_UNLABELED_FINGERPRINT_NOT_AVAILABLE,0.5625,0.07697947214076246,0.22302358473260214,744
faiss,sift_100k,43,natural_source_order,71,random,1.0,NOT_ESTIMABLE_UNLABELED_FINGERPRINT_NOT_AVAILABLE,0.50390625,0.07832355816226784,0.22866199934640452,744
faiss,sift_100k,43,random,43,cluster_block_order,0.5,NOT_ESTIMABLE_UNLABELED_FINGERPRINT_NOT_AVAILABLE,0.484375,0.08284457478005865,0.23263222789461319,744
faiss,sift_100k,43,random,43,natural_source_order,0.5,NOT_ESTIMABLE_UNLABELED_FINGERPRINT_NOT_AVAILABLE,0.484375,0.08101173020527859,0.2246215536011591,744
faiss,sift_100k,43,random,59,cluster_block_order,1.0,NOT_ESTIMABLE_UNLABELED_FINGERPRINT_NOT_AVAILABLE,0.5078125,0.08369990224828934,0.23739057287522586,744
faiss,sift_100k,43,random,59,natural_source_order,1.0,NOT_ESTIMABLE_UNLABELED_FINGERPRINT_NOT_AVAILABLE,0.46875,0.07991202346041056,0.22886121498418904,744
faiss,sift_100k,43,random,59,random,0.5,NOT_ESTIMABLE_UNLABELED_FINGERPRINT_NOT_AVAILABLE,0.46875,0.08052297165200391,0.23538604451771628,744
faiss,sift_100k,43,random,71,cluster_block_order,1.0,NOT_ESTIMABLE_UNLABELED_FINGERPRINT_NOT_AVAILABLE,0.484375,0.0772238514173998,0.22774808446020428,744
faiss,sift_100k,43,random,71,natural_source_order,1.0,NOT_ESTIMABLE_UNLABELED_FINGERPRINT_NOT_AVAILABLE,0.484375,0.08101173020527859,0.23219837978248975,744
faiss,sift_100k,43,random,71,random,0.5,NOT_ESTIMABLE_UNLABELED_FINGERPRINT_NOT_AVAILABLE,0.49609375,0.08382209188660801,0.23388272937992005,744
faiss,sift_100k,59,cluster_block_order,43,cluster_block_order,0.5,NOT_ESTIMABLE_UNLABELED_FINGERPRINT_NOT_AVAILABLE,0.53125,0.08321114369501466,0.24488625669646719,744
faiss,sift_100k,59,cluster_block_order,43,natural_source_order,1.0,NOT_ESTIMABLE_UNLABELED_FINGERPRINT_NOT_AVAILABLE,0.5234375,0.07771260997067449,0.23268398974413862,744
faiss,sift_100k,59,cluster_block_order,43,random,1.0,NOT_ESTIMABLE_UNLABELED_FINGERPRINT_NOT_AVAILABLE,0.5078125,0.08369990224828934,0.23739057287522586,744
faiss,sift_100k,59,cluster_block_order,59,natural_source_order,0.5,NOT_ESTIMABLE_UNLABELED_FINGERPRINT_NOT_AVAILABLE,0.52734375,0.08052297165200391,0.23692124184493657,744
faiss,sift_100k,59,cluster_block_order,59,random,0.5,NOT_ESTIMABLE_UNLABELED_FINGERPRINT_NOT_AVAILABLE,0.51171875,0.07942326490713587,0.247502179163899,744
faiss,sift_100k,59,cluster_block_order,71,cluster_block_order,0.5,NOT_ESTIMABLE_UNLABELED_FINGERPRINT_NOT_AVAILABLE,0.51171875,0.07856793743890518,0.23488234700899857,744
faiss,sift_100k,59,cluster_block_order,71,natural_source_order,1.0,NOT_ESTIMABLE_UNLABELED_FINGERPRINT_NOT_AVAILABLE,0.48828125,0.08528836754643206,0.24371065409642878,744
faiss,sift_100k,59,cluster_block_order,71,random,1.0,NOT_ESTIMABLE_UNLABELED_FINGERPRINT_NOT_AVAILABLE,0.5078125,0.0793010752688172,0.23408199889722098,744
faiss,sift_100k,59,natural_source_order,43,cluster_block_order,1.0,NOT_ESTIMABLE_UNLABELED_FINGERPRINT_NOT_AVAILABLE,0.50390625,0.07820136852394917,0.2370518811432512,744
faiss,sift_100k,59,natural_source_order,43,natural_source_order,0.5,NOT_ESTIMABLE_UNLABELED_FINGERPRINT_NOT_AVAILABLE,0.51171875,0.07539100684261975,0.2254522287002637,744
faiss,sift_100k,59,natural_source_order,43,random,1.0,NOT_ESTIMABLE_UNLABELED_FINGERPRINT_NOT_AVAILABLE,0.46875,0.07991202346041056,0.22886121498418904,744
faiss,sift_100k,59,natural_source_order,59,cluster_block_order,0.5,NOT_ESTIMABLE_UNLABELED_FINGERPRINT_NOT_AVAILABLE,0.52734375,0.08052297165200391,0.23692124184493657,744
faiss,sift_100k,59,natural_source_order,59,random,0.5,NOT_ESTIMABLE_UNLABELED_FINGERPRINT_NOT_AVAILABLE,0.51171875,0.07905669599217986,0.23698256887174418,744
faiss,sift_100k,59,natural_source_order,71,cluster_block_order,1.0,NOT_ESTIMABLE_UNLABELED_FINGERPRINT_NOT_AVAILABLE,0.47265625,0.07795698924731183,0.23493093169012869,744
faiss,sift_100k,59,natural_source_order,71,natural_source_order,0.5,NOT_ESTIMABLE_UNLABELED_FINGERPRINT_NOT_AVAILABLE,0.5234375,0.07710166177908113,0.22356412946229104,744
faiss,sift_100k,59,natural_source_order,71,random,1.0,NOT_ESTIMABLE_UNLABELED_FINGERPRINT_NOT_AVAILABLE,0.52734375,0.07844574780058651,0.23013413513568737,744
faiss,sift_100k,59,random,43,cluster_block_order,1.0,NOT_ESTIMABLE_UNLABELED_FINGERPRINT_NOT_AVAILABLE,0.51953125,0.08321114369501466,0.23951050758181358,744
faiss,sift_100k,59,random,43,natural_source_order,1.0,NOT_ESTIMABLE_UNLABELED_FINGERPRINT_NOT_AVAILABLE,0.515625,0.0760019550342131,0.22949558973397555,744
faiss,sift_100k,59,random,43,random,0.5,NOT_ESTIMABLE_UNLABELED_FINGERPRINT_NOT_AVAILABLE,0.46875,0.08052297165200391,0.23538604451771628,744
faiss,sift_100k,59,random,59,cluster_block_order,0.5,NOT_ESTIMABLE_UNLABELED_FINGERPRINT_NOT_AVAILABLE,0.51171875,0.07942326490713587,0.247502179163899,744
faiss,sift_100k,59,random,59,natural_source_order,0.5,NOT_ESTIMABLE_UNLABELED_FINGERPRINT_NOT_AVAILABLE,0.51171875,0.07905669599217986,0.23698256887174418,744
faiss,sift_100k,59,random,71,cluster_block_order,1.0,NOT_ESTIMABLE_UNLABELED_FINGERPRINT_NOT_AVAILABLE,0.48046875,0.07514662756598241,0.2286991360632149,744
faiss,sift_100k,59,random,71,natural_source_order,1.0,NOT_ESTIMABLE_UNLABELED_FINGERPRINT_NOT_AVAILABLE,0.48046875,0.08064516129032258,0.23121455684981396,744
faiss,sift_100k,59,random,71,random,0.5,NOT_ESTIMABLE_UNLABELED_FINGERPRINT_NOT_AVAILABLE,0.54296875,0.0846774193548387,0.2580310703147713,744
faiss,sift_100k,71,cluster_block_order,43,cluster_block_order,0.5,NOT_ESTIMABLE_UNLABELED_FINGERPRINT_NOT_AVAILABLE,0.46484375,0.07917888563049853,0.23531778167868478,744
faiss,sift_100k,71,cluster_block_order,43,natural_source_order,1.0,NOT_ESTIMABLE_UNLABELED_FINGERPRINT_NOT_AVAILABLE,0.5,0.07612414467253177,0.23397644581746596,744
faiss,sift_100k,71,cluster_block_order,43,random,1.0,NOT_ESTIMABLE_UNLABELED_FINGERPRINT_NOT_AVAILABLE,0.484375,0.0772238514173998,0.22774808446020428,744
faiss,sift_100k,71,cluster_block_order,59,cluster_block_order,0.5,NOT_ESTIMABLE_UNLABELED_FINGERPRINT_NOT_AVAILABLE,0.51171875,0.07856793743890518,0.23488234700899857,744
faiss,sift_100k,71,cluster_block_order,59,natural_source_order,1.0,NOT_ESTIMABLE_UNLABELED_FINGERPRINT_NOT_AVAILABLE,0.47265625,0.07795698924731183,0.23493093169012869,744
faiss,sift_100k,71,cluster_block_order,59,random,1.0,NOT_ESTIMABLE_UNLABELED_FINGERPRINT_NOT_AVAILABLE,0.48046875,0.07514662756598241,0.2286991360632149,744
faiss,sift_100k,71,cluster_block_order,71,natural_source_order,0.5,NOT_ESTIMABLE_UNLABELED_FINGERPRINT_NOT_AVAILABLE,0.49609375,0.08296676441837732,0.242535001368262,744
faiss,sift_100k,71,cluster_block_order,71,random,0.5,NOT_ESTIMABLE_UNLABELED_FINGERPRINT_NOT_AVAILABLE,0.5078125,0.07771260997067449,0.24293236189348327,744
faiss,sift_100k,71,natural_source_order,43,cluster_block_order,1.0,NOT_ESTIMABLE_UNLABELED_FINGERPRINT_NOT_AVAILABLE,0.51953125,0.0863880742913001,0.2499464413518152,744
faiss,sift_100k,71,natural_source_order,43,natural_source_order,0.5,NOT_ESTIMABLE_UNLABELED_FINGERPRINT_NOT_AVAILABLE,0.5625,0.07697947214076246,0.22302358473260214,744
faiss,sift_100k,71,natural_source_order,43,random,1.0,NOT_ESTIMABLE_UNLABELED_FINGERPRINT_NOT_AVAILABLE,0.484375,0.08101173020527859,0.23219837978248975,744
faiss,sift_100k,71,natural_source_order,59,cluster_block_order,1.0,NOT_ESTIMABLE_UNLABELED_FINGERPRINT_NOT_AVAILABLE,0.48828125,0.08528836754643206,0.24371065409642878,744
faiss,sift_100k,71,natural_source_order,59,natural_source_order,0.5,NOT_ESTIMABLE_UNLABELED_FINGERPRINT_NOT_AVAILABLE,0.5234375,0.07710166177908113,0.22356412946229104,744
faiss,sift_100k,71,natural_source_order,59,random,1.0,NOT_ESTIMABLE_UNLABELED_FINGERPRINT_NOT_AVAILABLE,0.48046875,0.08064516129032258,0.23121455684981396,744
faiss,sift_100k,71,natural_source_order,71,cluster_block_order,0.5,NOT_ESTIMABLE_UNLABELED_FINGERPRINT_NOT_AVAILABLE,0.49609375,0.08296676441837732,0.242535001368262,744
faiss,sift_100k,71,natural_source_order,71,random,0.5,NOT_ESTIMABLE_UNLABELED_FINGERPRINT_NOT_AVAILABLE,0.49609375,0.08027859237536657,0.22514888265584937,744
faiss,sift_100k,71,random,43,cluster_block_order,1.0,NOT_ESTIMABLE_UNLABELED_FINGERPRINT_NOT_AVAILABLE,0.53515625,0.07991202346041056,0.24035493922153434,744
faiss,sift_100k,71,random,43,natural_source_order,1.0,NOT_ESTIMABLE_UNLABELED_FINGERPRINT_NOT_AVAILABLE,0.50390625,0.07832355816226784,0.22866199934640452,744
faiss,sift_100k,71,random,43,random,0.5,NOT_ESTIMABLE_UNLABELED_FINGERPRINT_NOT_AVAILABLE,0.49609375,0.08382209188660801,0.23388272937992005,744
faiss,sift_100k,71,random,59,cluster_block_order,1.0,NOT_ESTIMABLE_UNLABELED_FINGERPRINT_NOT_AVAILABLE,0.5078125,0.0793010752688172,0.23408199889722098,744
faiss,sift_100k,71,random,59,natural_source_order,1.0,NOT_ESTIMABLE_UNLABELED_FINGERPRINT_NOT_AVAILABLE,0.52734375,0.07844574780058651,0.23013413513568737,744
faiss,sift_100k,71,random,59,random,0.5,NOT_ESTIMABLE_UNLABELED_FINGERPRINT_NOT_AVAILABLE,0.54296875,0.0846774193548387,0.2580310703147713,744
faiss,sift_100k,71,random,71,cluster_block_order,0.5,NOT_ESTIMABLE_UNLABELED_FINGERPRINT_NOT_AVAILABLE,0.5078125,0.07771260997067449,0.24293236189348327,744
faiss,sift_100k,71,random,71,natural_source_order,0.5,NOT_ESTIMABLE_UNLABELED_FINGERPRINT_NOT_AVAILABLE,0.49609375,0.08027859237536657,0.22514888265584937,744
hnswlib,arxiv_nomic_100k,43,cluster_block_order,43,natural_source_order,0.5,NOT_ESTIMABLE_UNLABELED_FINGERPRINT_NOT_AVAILABLE,0.421875,0.054007820136852396,0.23056342289690135,744
hnswlib,arxiv_nomic_100k,43,cluster_block_order,43,random,0.5,NOT_ESTIMABLE_UNLABELED_FINGERPRINT_NOT_AVAILABLE,0.453125,0.05535190615835777,0.2405501294617991,744
hnswlib,arxiv_nomic_100k,43,cluster_block_order,59,cluster_block_order,0.5,NOT_ESTIMABLE_UNLABELED_FINGERPRINT_NOT_AVAILABLE,0.16015625,0.01747311827956989,0.09811505248908675,744
hnswlib,arxiv_nomic_100k,43,cluster_block_order,59,natural_source_order,1.0,NOT_ESTIMABLE_UNLABELED_FINGERPRINT_NOT_AVAILABLE,0.38671875,0.05217497556207234,0.21916104878729448,744
hnswlib,arxiv_nomic_100k,43,cluster_block_order,59,random,1.0,NOT_ESTIMABLE_UNLABELED_FINGERPRINT_NOT_AVAILABLE,0.44921875,0.05559628543499511,0.23991939315150906,744
hnswlib,arxiv_nomic_100k,43,cluster_block_order,71,cluster_block_order,0.5,NOT_ESTIMABLE_UNLABELED_FINGERPRINT_NOT_AVAILABLE,0.14453125,0.016251221896383186,0.08670078865778957,744
hnswlib,arxiv_nomic_100k,43,cluster_block_order,71,natural_source_order,1.0,NOT_ESTIMABLE_UNLABELED_FINGERPRINT_NOT_AVAILABLE,0.40234375,0.05339687194525904,0.22344546399347237,744
hnswlib,arxiv_nomic_100k,43,cluster_block_order,71,random,1.0,NOT_ESTIMABLE_UNLABELED_FINGERPRINT_NOT_AVAILABLE,0.45703125,0.05510752688172043,0.2489028571570694,744
hnswlib,arxiv_nomic_100k,43,natural_source_order,43,cluster_block_order,0.5,NOT_ESTIMABLE_UNLABELED_FINGERPRINT_NOT_AVAILABLE,0.421875,0.054007820136852396,0.23056342289690135,744
hnswlib,arxiv_nomic_100k,43,natural_source_order,43,random,0.5,NOT_ESTIMABLE_UNLABELED_FINGERPRINT_NOT_AVAILABLE,0.41015625,0.05877321603128055,0.2240152228743253,744
hnswlib,arxiv_nomic_100k,43,natural_source_order,59,cluster_block_order,1.0,NOT_ESTIMABLE_UNLABELED_FINGERPRINT_NOT_AVAILABLE,0.40625,0.05290811339198436,0.21248660859026375,744
hnswlib,arxiv_nomic_100k,43,natural_source_order,59,natural_source_order,0.5,NOT_ESTIMABLE_UNLABELED_FINGERPRINT_NOT_AVAILABLE,0.16796875,0.020161290322580645,0.09979298179996665,744
hnswlib,arxiv_nomic_100k,43,natural_source_order,59,random,1.0,NOT_ESTIMABLE_UNLABELED_FINGERPRINT_NOT_AVAILABLE,0.42578125,0.056085043988269793,0.2168950776242174,744
hnswlib,arxiv_nomic_100k,43,natural_source_order,71,cluster_block_order,1.0,NOT_ESTIMABLE_UNLABELED_FINGERPRINT_NOT_AVAILABLE,0.41796875,0.05535190615835777,0.2343903092465574,744
hnswlib,arxiv_nomic_100k,43,natural_source_order,71,natural_source_order,0.5,NOT_ESTIMABLE_UNLABELED_FINGERPRINT_NOT_AVAILABLE,0.1484375,0.02138318670576735,0.09293149828952463,744
hnswlib,arxiv_nomic_100k,43,natural_source_order,71,random,1.0,NOT_ESTIMABLE_UNLABELED_FINGERPRINT_NOT_AVAILABLE,0.4140625,0.05828445747800586,0.23578417104028054,744
hnswlib,arxiv_nomic_100k,43,random,43,cluster_block_order,0.5,NOT_ESTIMABLE_UNLABELED_FINGERPRINT_NOT_AVAILABLE,0.453125,0.05535190615835777,0.2405501294617991,744
hnswlib,arxiv_nomic_100k,43,random,43,natural_source_order,0.5,NOT_ESTIMABLE_UNLABELED_FINGERPRINT_NOT_AVAILABLE,0.41015625,0.05877321603128055,0.2240152228743253,744
hnswlib,arxiv_nomic_100k,43,random,59,cluster_block_order,1.0,NOT_ESTIMABLE_UNLABELED_FINGERPRINT_NOT_AVAILABLE,0.4765625,0.0552297165200391,0.2299689868662072,744
hnswlib,arxiv_nomic_100k,43,random,59,natural_source_order,1.0,NOT_ESTIMABLE_UNLABELED_FINGERPRINT_NOT_AVAILABLE,0.41015625,0.06085043988269795,0.23497813864329264,744
hnswlib,arxiv_nomic_100k,43,random,59,random,0.5,NOT_ESTIMABLE_UNLABELED_FINGERPRINT_NOT_AVAILABLE,0.1328125,0.017595307917888565,0.07867605728708227,744
hnswlib,arxiv_nomic_100k,43,random,71,cluster_block_order,1.0,NOT_ESTIMABLE_UNLABELED_FINGERPRINT_NOT_AVAILABLE,0.47265625,0.05474095796676442,0.2366650741145298,744
hnswlib,arxiv_nomic_100k,43,random,71,natural_source_order,1.0,NOT_ESTIMABLE_UNLABELED_FINGERPRINT_NOT_AVAILABLE,0.41015625,0.06060606060606061,0.2419591653586738,744
hnswlib,arxiv_nomic_100k,43,random,71,random,0.5,NOT_ESTIMABLE_UNLABELED_FINGERPRINT_NOT_AVAILABLE,0.125,0.020283479960899315,0.10676879868891842,744
hnswlib,arxiv_nomic_100k,59,cluster_block_order,43,cluster_block_order,0.5,NOT_ESTIMABLE_UNLABELED_FINGERPRINT_NOT_AVAILABLE,0.16015625,0.01747311827956989,0.09811505248908675,744
hnswlib,arxiv_nomic_100k,59,cluster_block_order,43,natural_source_order,1.0,NOT_ESTIMABLE_UNLABELED_FINGERPRINT_NOT_AVAILABLE,0.40625,0.05290811339198436,0.21248660859026375,744
hnswlib,arxiv_nomic_100k,59,cluster_block_order,43,random,1.0,NOT_ESTIMABLE_UNLABELED_FINGERPRINT_NOT_AVAILABLE,0.4765625,0.0552297165200391,0.2299689868662072,744
hnswlib,arxiv_nomic_100k,59,cluster_block_order,59,natural_source_order,0.5,NOT_ESTIMABLE_UNLABELED_FINGERPRINT_NOT_AVAILABLE,0.37109375,0.05083088954056696,0.20655703090502892,744
hnswlib,arxiv_nomic_100k,59,cluster_block_order,59,random,0.5,NOT_ESTIMABLE_UNLABELED_FINGERPRINT_NOT_AVAILABLE,0.44140625,0.05449657869012708,0.21984724398536037,744
hnswlib,arxiv_nomic_100k,59,cluster_block_order,71,cluster_block_order,0.5,NOT_ESTIMABLE_UNLABELED_FINGERPRINT_NOT_AVAILABLE,0.16015625,0.015884652981427175,0.08311896527788665,744
hnswlib,arxiv_nomic_100k,59,cluster_block_order,71,natural_source_order,1.0,NOT_ESTIMABLE_UNLABELED_FINGERPRINT_NOT_AVAILABLE,0.3828125,0.054007820136852396,0.21583470923705833,744
hnswlib,arxiv_nomic_100k,59,cluster_block_order,71,random,1.0,NOT_ESTIMABLE_UNLABELED_FINGERPRINT_NOT_AVAILABLE,0.46484375,0.05547409579667644,0.2325769112302768,744
hnswlib,arxiv_nomic_100k,59,natural_source_order,43,cluster_block_order,1.0,NOT_ESTIMABLE_UNLABELED_FINGERPRINT_NOT_AVAILABLE,0.38671875,0.05217497556207234,0.21916104878729448,744
hnswlib,arxiv_nomic_100k,59,natural_source_order,43,natural_source_order,0.5,NOT_ESTIMABLE_UNLABELED_FINGERPRINT_NOT_AVAILABLE,0.16796875,0.020161290322580645,0.09979298179996665,744
hnswlib,arxiv_nomic_100k,59,natural_source_order,43,random,1.0,NOT_ESTIMABLE_UNLABELED_FINGERPRINT_NOT_AVAILABLE,0.41015625,0.06085043988269795,0.23497813864329264,744
hnswlib,arxiv_nomic_100k,59,natural_source_order,59,cluster_block_order,0.5,NOT_ESTIMABLE_UNLABELED_FINGERPRINT_NOT_AVAILABLE,0.37109375,0.05083088954056696,0.20655703090502892,744
hnswlib,arxiv_nomic_100k,59,natural_source_order,59,random,0.5,NOT_ESTIMABLE_UNLABELED_FINGERPRINT_NOT_AVAILABLE,0.3984375,0.05816226783968719,0.22856580296825596,744
hnswlib,arxiv_nomic_100k,59,natural_source_order,71,cluster_block_order,1.0,NOT_ESTIMABLE_UNLABELED_FINGERPRINT_NOT_AVAILABLE,0.3984375,0.051564027370478986,0.21127320882412703,744
hnswlib,arxiv_nomic_100k,59,natural_source_order,71,natural_source_order,0.5,NOT_ESTIMABLE_UNLABELED_FINGERPRINT_NOT_AVAILABLE,0.14453125,0.020772238514173997,0.08632102262386654,744
hnswlib,arxiv_nomic_100k,59,natural_source_order,71,random,1.0,NOT_ESTIMABLE_UNLABELED_FINGERPRINT_NOT_AVAILABLE,0.42578125,0.05816226783968719,0.24572950712056052,744
hnswlib,arxiv_nomic_100k,59,random,43,cluster_block_order,1.0,NOT_ESTIMABLE_UNLABELED_FINGERPRINT_NOT_AVAILABLE,0.44921875,0.05559628543499511,0.23991939315150906,744
hnswlib,arxiv_nomic_100k,59,random,43,natural_source_order,1.0,NOT_ESTIMABLE_UNLABELED_FINGERPRINT_NOT_AVAILABLE,0.42578125,0.056085043988269793,0.2168950776242174,744
hnswlib,arxiv_nomic_100k,59,random,43,random,0.5,NOT_ESTIMABLE_UNLABELED_FINGERPRINT_NOT_AVAILABLE,0.1328125,0.017595307917888565,0.07867605728708227,744
hnswlib,arxiv_nomic_100k,59,random,59,cluster_block_order,0.5,NOT_ESTIMABLE_UNLABELED_FINGERPRINT_NOT_AVAILABLE,0.44140625,0.05449657869012708,0.21984724398536037,744
hnswlib,arxiv_nomic_100k,59,random,59,natural_source_order,0.5,NOT_ESTIMABLE_UNLABELED_FINGERPRINT_NOT_AVAILABLE,0.3984375,0.05816226783968719,0.22856580296825596,744
hnswlib,arxiv_nomic_100k,59,random,71,cluster_block_order,1.0,NOT_ESTIMABLE_UNLABELED_FINGERPRINT_NOT_AVAILABLE,0.46484375,0.054007820136852396,0.237953980020913,744
hnswlib,arxiv_nomic_100k,59,random,71,natural_source_order,1.0,NOT_ESTIMABLE_UNLABELED_FINGERPRINT_NOT_AVAILABLE,0.4140625,0.056695992179863146,0.23246378095420306,744
hnswlib,arxiv_nomic_100k,59,random,71,random,0.5,NOT_ESTIMABLE_UNLABELED_FINGERPRINT_NOT_AVAILABLE,0.12890625,0.019794721407624633,0.10075504902320165,744
hnswlib,arxiv_nomic_100k,71,cluster_block_order,43,cluster_block_order,0.5,NOT_ESTIMABLE_UNLABELED_FINGERPRINT_NOT_AVAILABLE,0.14453125,0.016251221896383186,0.08670078865778957,744
hnswlib,arxiv_nomic_100k,71,cluster_block_order,43,natural_source_order,1.0,NOT_ESTIMABLE_UNLABELED_FINGERPRINT_NOT_AVAILABLE,0.41796875,0.05535190615835777,0.2343903092465574,744
hnswlib,arxiv_nomic_100k,71,cluster_block_order,43,random,1.0,NOT_ESTIMABLE_UNLABELED_FINGERPRINT_NOT_AVAILABLE,0.47265625,0.05474095796676442,0.2366650741145298,744
hnswlib,arxiv_nomic_100k,71,cluster_block_order,59,cluster_block_order,0.5,NOT_ESTIMABLE_UNLABELED_FINGERPRINT_NOT_AVAILABLE,0.16015625,0.015884652981427175,0.08311896527788665,744
hnswlib,arxiv_nomic_100k,71,cluster_block_order,59,natural_source_order,1.0,NOT_ESTIMABLE_UNLABELED_FINGERPRINT_NOT_AVAILABLE,0.3984375,0.051564027370478986,0.21127320882412703,744
hnswlib,arxiv_nomic_100k,71,cluster_block_order,59,random,1.0,NOT_ESTIMABLE_UNLABELED_FINGERPRINT_NOT_AVAILABLE,0.46484375,0.054007820136852396,0.237953980020913,744
hnswlib,arxiv_nomic_100k,71,cluster_block_order,71,natural_source_order,0.5,NOT_ESTIMABLE_UNLABELED_FINGERPRINT_NOT_AVAILABLE,0.41796875,0.053763440860215055,0.2298612637431437,744
hnswlib,arxiv_nomic_100k,71,cluster_block_order,71,random,0.5,NOT_ESTIMABLE_UNLABELED_FINGERPRINT_NOT_AVAILABLE,0.4765625,0.05449657869012708,0.23988187804254651,744
hnswlib,arxiv_nomic_100k,71,natural_source_order,43,cluster_block_order,1.0,NOT_ESTIMABLE_UNLABELED_FINGERPRINT_NOT_AVAILABLE,0.40234375,0.05339687194525904,0.22344546399347237,744
hnswlib,arxiv_nomic_100k,71,natural_source_order,43,natural_source_order,0.5,NOT_ESTIMABLE_UNLABELED_FINGERPRINT_NOT_AVAILABLE,0.1484375,0.02138318670576735,0.09293149828952463,744
hnswlib,arxiv_nomic_100k,71,natural_source_order,43,random,1.0,NOT_ESTIMABLE_UNLABELED_FINGERPRINT_NOT_AVAILABLE,0.41015625,0.06060606060606061,0.2419591653586738,744
hnswlib,arxiv_nomic_100k,71,natural_source_order,59,cluster_block_order,1.0,NOT_ESTIMABLE_UNLABELED_FINGERPRINT_NOT_AVAILABLE,0.3828125,0.054007820136852396,0.21583470923705833,744
hnswlib,arxiv_nomic_100k,71,natural_source_order,59,natural_source_order,0.5,NOT_ESTIMABLE_UNLABELED_FINGERPRINT_NOT_AVAILABLE,0.14453125,0.020772238514173997,0.08632102262386654,744
hnswlib,arxiv_nomic_100k,71,natural_source_order,59,random,1.0,NOT_ESTIMABLE_UNLABELED_FINGERPRINT_NOT_AVAILABLE,0.4140625,0.056695992179863146,0.23246378095420306,744
hnswlib,arxiv_nomic_100k,71,natural_source_order,71,cluster_block_order,0.5,NOT_ESTIMABLE_UNLABELED_FINGERPRINT_NOT_AVAILABLE,0.41796875,0.053763440860215055,0.2298612637431437,744
hnswlib,arxiv_nomic_100k,71,natural_source_order,71,random,0.5,NOT_ESTIMABLE_UNLABELED_FINGERPRINT_NOT_AVAILABLE,0.4296875,0.05840664711632453,0.2508100905874767,744
hnswlib,arxiv_nomic_100k,71,random,43,cluster_block_order,1.0,NOT_ESTIMABLE_UNLABELED_FINGERPRINT_NOT_AVAILABLE,0.45703125,0.05510752688172043,0.2489028571570694,744
hnswlib,arxiv_nomic_100k,71,random,43,natural_source_order,1.0,NOT_ESTIMABLE_UNLABELED_FINGERPRINT_NOT_AVAILABLE,0.4140625,0.05828445747800586,0.23578417104028054,744
hnswlib,arxiv_nomic_100k,71,random,43,random,0.5,NOT_ESTIMABLE_UNLABELED_FINGERPRINT_NOT_AVAILABLE,0.125,0.020283479960899315,0.10676879868891842,744
hnswlib,arxiv_nomic_100k,71,random,59,cluster_block_order,1.0,NOT_ESTIMABLE_UNLABELED_FINGERPRINT_NOT_AVAILABLE,0.46484375,0.05547409579667644,0.2325769112302768,744
hnswlib,arxiv_nomic_100k,71,random,59,natural_source_order,1.0,NOT_ESTIMABLE_UNLABELED_FINGERPRINT_NOT_AVAILABLE,0.42578125,0.05816226783968719,0.24572950712056052,744
hnswlib,arxiv_nomic_100k,71,random,59,random,0.5,NOT_ESTIMABLE_UNLABELED_FINGERPRINT_NOT_AVAILABLE,0.12890625,0.019794721407624633,0.10075504902320165,744
hnswlib,arxiv_nomic_100k,71,random,71,cluster_block_order,0.5,NOT_ESTIMABLE_UNLABELED_FINGERPRINT_NOT_AVAILABLE,0.4765625,0.05449657869012708,0.23988187804254651,744
hnswlib,arxiv_nomic_100k,71,random,71,natural_source_order,0.5,NOT_ESTIMABLE_UNLABELED_FINGERPRINT_NOT_AVAILABLE,0.4296875,0.05840664711632453,0.2508100905874767,744
hnswlib,glove100_100k,43,cluster_block_order,43,natural_source_order,0.5,NOT_ESTIMABLE_UNLABELED_FINGERPRINT_NOT_AVAILABLE,0.6796875,0.11523125996810207,0.1346041351455584,684
hnswlib,glove100_100k,43,cluster_block_order,43,random,0.5,NOT_ESTIMABLE_UNLABELED_FINGERPRINT_NOT_AVAILABLE,0.66796875,0.11783524393495068,0.13510325595197498,682
hnswlib,glove100_100k,43,cluster_block_order,59,cluster_block_order,0.5,NOT_ESTIMABLE_UNLABELED_FINGERPRINT_NOT_AVAILABLE,0.296875,0.04938433324600472,0.059922548099285655,694
hnswlib,glove100_100k,43,cluster_block_order,59,natural_source_order,1.0,NOT_ESTIMABLE_UNLABELED_FINGERPRINT_NOT_AVAILABLE,0.671875,0.11671122994652407,0.13157923575723285,680
hnswlib,glove100_100k,43,cluster_block_order,59,random,1.0,NOT_ESTIMABLE_UNLABELED_FINGERPRINT_NOT_AVAILABLE,0.671875,0.12068281063914252,0.13895643532800078,687
hnswlib,glove100_100k,43,cluster_block_order,71,cluster_block_order,0.5,NOT_ESTIMABLE_UNLABELED_FINGERPRINT_NOT_AVAILABLE,0.3828125,0.04552013642922734,0.05564419386455338,693
hnswlib,glove100_100k,43,cluster_block_order,71,natural_source_order,1.0,NOT_ESTIMABLE_UNLABELED_FINGERPRINT_NOT_AVAILABLE,0.671875,0.10991493886230728,0.12662381839902126,684
hnswlib,glove100_100k,43,cluster_block_order,71,random,1.0,NOT_ESTIMABLE_UNLABELED_FINGERPRINT_NOT_AVAILABLE,0.67578125,0.1190444591904446,0.13420214657473833,685
hnswlib,glove100_100k,43,natural_source_order,43,cluster_block_order,0.5,NOT_ESTIMABLE_UNLABELED_FINGERPRINT_NOT_AVAILABLE,0.6796875,0.11523125996810207,0.1346041351455584,684
hnswlib,glove100_100k,43,natural_source_order,43,random,0.5,NOT_ESTIMABLE_UNLABELED_FINGERPRINT_NOT_AVAILABLE,0.640625,0.11167309996006922,0.1254481851419874,683
hnswlib,glove100_100k,43,natural_source_order,59,cluster_block_order,1.0,NOT_ESTIMABLE_UNLABELED_FINGERPRINT_NOT_AVAILABLE,0.6875,0.11449774715080838,0.12890060099434036,686
hnswlib,glove100_100k,43,natural_source_order,59,natural_source_order,0.5,NOT_ESTIMABLE_UNLABELED_FINGERPRINT_NOT_AVAILABLE,0.36328125,0.04440660204348965,0.05523761080127698,694
hnswlib,glove100_100k,43,natural_source_order,59,random,1.0,NOT_ESTIMABLE_UNLABELED_FINGERPRINT_NOT_AVAILABLE,0.64453125,0.10845295055821372,0.12436789752953892,684
hnswlib,glove100_100k,43,natural_source_order,71,cluster_block_order,1.0,NOT_ESTIMABLE_UNLABELED_FINGERPRINT_NOT_AVAILABLE,0.67578125,0.11635303472038167,0.12973417205400228,686
hnswlib,glove100_100k,43,natural_source_order,71,natural_source_order,0.5,NOT_ESTIMABLE_UNLABELED_FINGERPRINT_NOT_AVAILABLE,0.30859375,0.04266632084035793,0.04895478745213511,701
hnswlib,glove100_100k,43,natural_source_order,71,random,1.0,NOT_ESTIMABLE_UNLABELED_FINGERPRINT_NOT_AVAILABLE,0.64453125,0.11060827898309597,0.12795408584053508,683
hnswlib,glove100_100k,43,random,43,cluster_block_order,0.5,NOT_ESTIMABLE_UNLABELED_FINGERPRINT_NOT_AVAILABLE,0.66796875,0.11783524393495068,0.13510325595197498,682
hnswlib,glove100_100k,43,random,43,natural_source_order,0.5,NOT_ESTIMABLE_UNLABELED_FINGERPRINT_NOT_AVAILABLE,0.640625,0.11167309996006922,0.1254481851419874,683
hnswlib,glove100_100k,43,random,59,cluster_block_order,1.0,NOT_ESTIMABLE_UNLABELED_FINGERPRINT_NOT_AVAILABLE,0.65234375,0.12258751497404499,0.1395761095701325,683
hnswlib,glove100_100k,43,random,59,natural_source_order,1.0,NOT_ESTIMABLE_UNLABELED_FINGERPRINT_NOT_AVAILABLE,0.64453125,0.1089029139250705,0.1227834240134279,677
hnswlib,glove100_100k,43,random,59,random,0.5,NOT_ESTIMABLE_UNLABELED_FINGERPRINT_NOT_AVAILABLE,0.3203125,0.048059390466267254,0.0548230626479535,698
hnswlib,glove100_100k,43,random,71,cluster_block_order,1.0,NOT_ESTIMABLE_UNLABELED_FINGERPRINT_NOT_AVAILABLE,0.6328125,0.11867574422640502,0.13558111179177457,681
hnswlib,glove100_100k,43,random,71,natural_source_order,1.0,NOT_ESTIMABLE_UNLABELED_FINGERPRINT_NOT_AVAILABLE,0.60546875,0.10863769661423621,0.1208735778585911,682
hnswlib,glove100_100k,43,random,71,random,0.5,NOT_ESTIMABLE_UNLABELED_FINGERPRINT_NOT_AVAILABLE,0.328125,0.045061566675399525,0.05490965568540129,694
hnswlib,glove100_100k,59,cluster_block_order,43,cluster_block_order,0.5,NOT_ESTIMABLE_UNLABELED_FINGERPRINT_NOT_AVAILABLE,0.296875,0.04938433324600472,0.059922548099285655,694
hnswlib,glove100_100k,59,cluster_block_order,43,natural_source_order,1.0,NOT_ESTIMABLE_UNLABELED_FINGERPRINT_NOT_AVAILABLE,0.6875,0.11449774715080838,0.12890060099434036,686
hnswlib,glove100_100k,59,cluster_block_order,43,random,1.0,NOT_ESTIMABLE_UNLABELED_FINGERPRINT_NOT_AVAILABLE,0.65234375,0.12258751497404499,0.1395761095701325,683
hnswlib,glove100_100k,59,cluster_block_order,59,natural_source_order,0.5,NOT_ESTIMABLE_UNLABELED_FINGERPRINT_NOT_AVAILABLE,0.63671875,0.11671122994652407,0.1304613934717414,680
hnswlib,glove100_100k,59,cluster_block_order,59,random,0.5,NOT_ESTIMABLE_UNLABELED_FINGERPRINT_NOT_AVAILABLE,0.6640625,0.1239067055393586,0.14164691949102415,686
hnswlib,glove100_100k,59,cluster_block_order,71,cluster_block_order,0.5,NOT_ESTIMABLE_UNLABELED_FINGERPRINT_NOT_AVAILABLE,0.3671875,0.051742205920880274,0.06617584281252209,694
hnswlib,glove100_100k,59,cluster_block_order,71,natural_source_order,1.0,NOT_ESTIMABLE_UNLABELED_FINGERPRINT_NOT_AVAILABLE,0.62109375,0.11025708984892658,0.1256083043909152,686
hnswlib,glove100_100k,59,cluster_block_order,71,random,1.0,NOT_ESTIMABLE_UNLABELED_FINGERPRINT_NOT_AVAILABLE,0.68359375,0.12324410283593958,0.1394774826156781,686
hnswlib,glove100_100k,59,natural_source_order,43,cluster_block_order,1.0,NOT_ESTIMABLE_UNLABELED_FINGERPRINT_NOT_AVAILABLE,0.671875,0.11671122994652407,0.13157923575723285,680
hnswlib,glove100_100k,59,natural_source_order,43,natural_source_order,0.5,NOT_ESTIMABLE_UNLABELED_FINGERPRINT_NOT_AVAILABLE,0.36328125,0.04440660204348965,0.05523761080127698,694
hnswlib,glove100_100k,59,natural_source_order,43,random,1.0,NOT_ESTIMABLE_UNLABELED_FINGERPRINT_NOT_AVAILABLE,0.64453125,0.1089029139250705,0.1227834240134279,677
hnswlib,glove100_100k,59,natural_source_order,59,cluster_block_order,0.5,NOT_ESTIMABLE_UNLABELED_FINGERPRINT_NOT_AVAILABLE,0.63671875,0.11671122994652407,0.1304613934717414,680
hnswlib,glove100_100k,59,natural_source_order,59,random,0.5,NOT_ESTIMABLE_UNLABELED_FINGERPRINT_NOT_AVAILABLE,0.65234375,0.10359097583767188,0.12067755846564482,681
hnswlib,glove100_100k,59,natural_source_order,71,cluster_block_order,1.0,NOT_ESTIMABLE_UNLABELED_FINGERPRINT_NOT_AVAILABLE,0.65234375,0.11915919132413978,0.1309045742487039,679
hnswlib,glove100_100k,59,natural_source_order,71,natural_source_order,0.5,NOT_ESTIMABLE_UNLABELED_FINGERPRINT_NOT_AVAILABLE,0.328125,0.0368868541530412,0.04669786948963528,695
hnswlib,glove100_100k,59,natural_source_order,71,random,1.0,NOT_ESTIMABLE_UNLABELED_FINGERPRINT_NOT_AVAILABLE,0.625,0.10751104565537556,0.12353039291960266,679
hnswlib,glove100_100k,59,random,43,cluster_block_order,1.0,NOT_ESTIMABLE_UNLABELED_FINGERPRINT_NOT_AVAILABLE,0.671875,0.12068281063914252,0.13895643532800078,687
hnswlib,glove100_100k,59,random,43,natural_source_order,1.0,NOT_ESTIMABLE_UNLABELED_FINGERPRINT_NOT_AVAILABLE,0.64453125,0.10845295055821372,0.12436789752953892,684
hnswlib,glove100_100k,59,random,43,random,0.5,NOT_ESTIMABLE_UNLABELED_FINGERPRINT_NOT_AVAILABLE,0.3203125,0.048059390466267254,0.0548230626479535,698
hnswlib,glove100_100k,59,random,59,cluster_block_order,0.5,NOT_ESTIMABLE_UNLABELED_FINGERPRINT_NOT_AVAILABLE,0.6640625,0.1239067055393586,0.14164691949102415,686
hnswlib,glove100_100k,59,random,59,natural_source_order,0.5,NOT_ESTIMABLE_UNLABELED_FINGERPRINT_NOT_AVAILABLE,0.65234375,0.10359097583767188,0.12067755846564482,681
hnswlib,glove100_100k,59,random,71,cluster_block_order,1.0,NOT_ESTIMABLE_UNLABELED_FINGERPRINT_NOT_AVAILABLE,0.65625,0.11855396065922381,0.1364798445708198,684
hnswlib,glove100_100k,59,random,71,natural_source_order,1.0,NOT_ESTIMABLE_UNLABELED_FINGERPRINT_NOT_AVAILABLE,0.65234375,0.10834553440702782,0.12235951032245335,683
hnswlib,glove100_100k,59,random,71,random,0.5,NOT_ESTIMABLE_UNLABELED_FINGERPRINT_NOT_AVAILABLE,0.33984375,0.043833484632343406,0.05134677600139781,701
hnswlib,glove100_100k,71,cluster_block_order,43,cluster_block_order,0.5,NOT_ESTIMABLE_UNLABELED_FINGERPRINT_NOT_AVAILABLE,0.3828125,0.04552013642922734,0.05564419386455338,693
hnswlib,glove100_100k,71,cluster_block_order,43,natural_source_order,1.0,NOT_ESTIMABLE_UNLABELED_FINGERPRINT_NOT_AVAILABLE,0.67578125,0.11635303472038167,0.12973417205400228,686
hnswlib,glove100_100k,71,cluster_block_order,43,random,1.0,NOT_ESTIMABLE_UNLABELED_FINGERPRINT_NOT_AVAILABLE,0.6328125,0.11867574422640502,0.13558111179177457,681
hnswlib,glove100_100k,71,cluster_block_order,59,cluster_block_order,0.5,NOT_ESTIMABLE_UNLABELED_FINGERPRINT_NOT_AVAILABLE,0.3671875,0.051742205920880274,0.06617584281252209,694
hnswlib,glove100_100k,71,cluster_block_order,59,natural_source_order,1.0,NOT_ESTIMABLE_UNLABELED_FINGERPRINT_NOT_AVAILABLE,0.65234375,0.11915919132413978,0.1309045742487039,679
hnswlib,glove100_100k,71,cluster_block_order,59,random,1.0,NOT_ESTIMABLE_UNLABELED_FINGERPRINT_NOT_AVAILABLE,0.65625,0.11855396065922381,0.1364798445708198,684
hnswlib,glove100_100k,71,cluster_block_order,71,natural_source_order,0.5,NOT_ESTIMABLE_UNLABELED_FINGERPRINT_NOT_AVAILABLE,0.66015625,0.11426675514266756,0.12959525161573587,685
hnswlib,glove100_100k,71,cluster_block_order,71,random,0.5,NOT_ESTIMABLE_UNLABELED_FINGERPRINT_NOT_AVAILABLE,0.69140625,0.11766271795554373,0.13588235506853363,683
hnswlib,glove100_100k,71,natural_source_order,43,cluster_block_order,1.0,NOT_ESTIMABLE_UNLABELED_FINGERPRINT_NOT_AVAILABLE,0.671875,0.10991493886230728,0.12662381839902126,684
hnswlib,glove100_100k,71,natural_source_order,43,natural_source_order,0.5,NOT_ESTIMABLE_UNLABELED_FINGERPRINT_NOT_AVAILABLE,0.30859375,0.04266632084035793,0.04895478745213511,701
hnswlib,glove100_100k,71,natural_source_order,43,random,1.0,NOT_ESTIMABLE_UNLABELED_FINGERPRINT_NOT_AVAILABLE,0.60546875,0.10863769661423621,0.1208735778585911,682
hnswlib,glove100_100k,71,natural_source_order,59,cluster_block_order,1.0,NOT_ESTIMABLE_UNLABELED_FINGERPRINT_NOT_AVAILABLE,0.62109375,0.11025708984892658,0.1256083043909152,686
hnswlib,glove100_100k,71,natural_source_order,59,natural_source_order,0.5,NOT_ESTIMABLE_UNLABELED_FINGERPRINT_NOT_AVAILABLE,0.328125,0.0368868541530412,0.04669786948963528,695
hnswlib,glove100_100k,71,natural_source_order,59,random,1.0,NOT_ESTIMABLE_UNLABELED_FINGERPRINT_NOT_AVAILABLE,0.65234375,0.10834553440702782,0.12235951032245335,683
hnswlib,glove100_100k,71,natural_source_order,71,cluster_block_order,0.5,NOT_ESTIMABLE_UNLABELED_FINGERPRINT_NOT_AVAILABLE,0.66015625,0.11426675514266756,0.12959525161573587,685
hnswlib,glove100_100k,71,natural_source_order,71,random,0.5,NOT_ESTIMABLE_UNLABELED_FINGERPRINT_NOT_AVAILABLE,0.63671875,0.10999866506474436,0.12492458696391329,681
hnswlib,glove100_100k,71,random,43,cluster_block_order,1.0,NOT_ESTIMABLE_UNLABELED_FINGERPRINT_NOT_AVAILABLE,0.67578125,0.1190444591904446,0.13420214657473833,685
hnswlib,glove100_100k,71,random,43,natural_source_order,1.0,NOT_ESTIMABLE_UNLABELED_FINGERPRINT_NOT_AVAILABLE,0.64453125,0.11060827898309597,0.12795408584053508,683
hnswlib,glove100_100k,71,random,43,random,0.5,NOT_ESTIMABLE_UNLABELED_FINGERPRINT_NOT_AVAILABLE,0.328125,0.045061566675399525,0.05490965568540129,694
hnswlib,glove100_100k,71,random,59,cluster_block_order,1.0,NOT_ESTIMABLE_UNLABELED_FINGERPRINT_NOT_AVAILABLE,0.68359375,0.12324410283593958,0.1394774826156781,686
hnswlib,glove100_100k,71,random,59,natural_source_order,1.0,NOT_ESTIMABLE_UNLABELED_FINGERPRINT_NOT_AVAILABLE,0.625,0.10751104565537556,0.12353039291960266,679
hnswlib,glove100_100k,71,random,59,random,0.5,NOT_ESTIMABLE_UNLABELED_FINGERPRINT_NOT_AVAILABLE,0.33984375,0.043833484632343406,0.05134677600139781,701
hnswlib,glove100_100k,71,random,71,cluster_block_order,0.5,NOT_ESTIMABLE_UNLABELED_FINGERPRINT_NOT_AVAILABLE,0.69140625,0.11766271795554373,0.13588235506853363,683
hnswlib,glove100_100k,71,random,71,natural_source_order,0.5,NOT_ESTIMABLE_UNLABELED_FINGERPRINT_NOT_AVAILABLE,0.63671875,0.10999866506474436,0.12492458696391329,681
hnswlib,sift_100k,43,cluster_block_order,43,natural_source_order,0.5,NOT_ESTIMABLE_UNLABELED_FINGERPRINT_NOT_AVAILABLE,0.5078125,0.08258901260247155,0.2433262582348817,743
hnswlib,sift_100k,43,cluster_block_order,43,random,0.5,NOT_ESTIMABLE_UNLABELED_FINGERPRINT_NOT_AVAILABLE,0.50390625,0.08431085043988269,0.2271448907722758,744
hnswlib,sift_100k,43,cluster_block_order,59,cluster_block_order,0.5,NOT_ESTIMABLE_UNLABELED_FINGERPRINT_NOT_AVAILABLE,0.18359375,0.02875321179493454,0.10654009038205298,743
hnswlib,sift_100k,43,cluster_block_order,59,natural_source_order,1.0,NOT_ESTIMABLE_UNLABELED_FINGERPRINT_NOT_AVAILABLE,0.4765625,0.08247800586510264,0.23737510510623988,744
hnswlib,sift_100k,43,cluster_block_order,59,random,1.0,NOT_ESTIMABLE_UNLABELED_FINGERPRINT_NOT_AVAILABLE,0.51171875,0.08492179863147604,0.23666423050366964,744
hnswlib,sift_100k,43,cluster_block_order,71,cluster_block_order,0.5,NOT_ESTIMABLE_UNLABELED_FINGERPRINT_NOT_AVAILABLE,0.1640625,0.02798142717497556,0.09443814540255624,744
hnswlib,sift_100k,43,cluster_block_order,71,natural_source_order,1.0,NOT_ESTIMABLE_UNLABELED_FINGERPRINT_NOT_AVAILABLE,0.51171875,0.0790247488360696,0.2329905692920124,742
hnswlib,sift_100k,43,cluster_block_order,71,random,1.0,NOT_ESTIMABLE_UNLABELED_FINGERPRINT_NOT_AVAILABLE,0.51953125,0.0863880742913001,0.24344661711184912,744
hnswlib,sift_100k,43,natural_source_order,43,cluster_block_order,0.5,NOT_ESTIMABLE_UNLABELED_FINGERPRINT_NOT_AVAILABLE,0.5078125,0.08258901260247155,0.2433262582348817,743
hnswlib,sift_100k,43,natural_source_order,43,random,0.5,NOT_ESTIMABLE_UNLABELED_FINGERPRINT_NOT_AVAILABLE,0.52734375,0.08087605530404993,0.23635529807935934,743
hnswlib,sift_100k,43,natural_source_order,59,cluster_block_order,1.0,NOT_ESTIMABLE_UNLABELED_FINGERPRINT_NOT_AVAILABLE,0.47265625,0.0803724577309483,0.23287668400089873,742
hnswlib,sift_100k,43,natural_source_order,59,natural_source_order,0.5,NOT_ESTIMABLE_UNLABELED_FINGERPRINT_NOT_AVAILABLE,0.1875,0.022146090786736815,0.09110666705346049,743
hnswlib,sift_100k,43,natural_source_order,59,random,1.0,NOT_ESTIMABLE_UNLABELED_FINGERPRINT_NOT_AVAILABLE,0.51171875,0.07732778661446225,0.22441602763620977,743
hnswlib,sift_100k,43,natural_source_order,71,cluster_block_order,1.0,NOT_ESTIMABLE_UNLABELED_FINGERPRINT_NOT_AVAILABLE,0.5,0.08246665850972715,0.2409223526749371,743
hnswlib,sift_100k,43,natural_source_order,71,natural_source_order,0.5,NOT_ESTIMABLE_UNLABELED_FINGERPRINT_NOT_AVAILABLE,0.16796875,0.026831658907130605,0.09673140264708291,742
hnswlib,sift_100k,43,natural_source_order,71,random,1.0,NOT_ESTIMABLE_UNLABELED_FINGERPRINT_NOT_AVAILABLE,0.5,0.08050899302581671,0.23671140132788332,743
hnswlib,sift_100k,43,random,43,cluster_block_order,0.5,NOT_ESTIMABLE_UNLABELED_FINGERPRINT_NOT_AVAILABLE,0.50390625,0.08431085043988269,0.2271448907722758,744
hnswlib,sift_100k,43,random,43,natural_source_order,0.5,NOT_ESTIMABLE_UNLABELED_FINGERPRINT_NOT_AVAILABLE,0.52734375,0.08087605530404993,0.23635529807935934,743
hnswlib,sift_100k,43,random,59,cluster_block_order,1.0,NOT_ESTIMABLE_UNLABELED_FINGERPRINT_NOT_AVAILABLE,0.484375,0.08307842897344916,0.21977521055025767,743
hnswlib,sift_100k,43,random,59,natural_source_order,1.0,NOT_ESTIMABLE_UNLABELED_FINGERPRINT_NOT_AVAILABLE,0.5078125,0.08052297165200391,0.230826026101698,744
hnswlib,sift_100k,43,random,59,random,0.5,NOT_ESTIMABLE_UNLABELED_FINGERPRINT_NOT_AVAILABLE,0.2109375,0.025782013685239493,0.09203584621251387,744
hnswlib,sift_100k,43,random,71,cluster_block_order,1.0,NOT_ESTIMABLE_UNLABELED_FINGERPRINT_NOT_AVAILABLE,0.5,0.08443304007820136,0.2313380715167726,744
hnswlib,sift_100k,43,random,71,natural_source_order,1.0,NOT_ESTIMABLE_UNLABELED_FINGERPRINT_NOT_AVAILABLE,0.53125,0.07926978681695662,0.22707527520514065,742
hnswlib,sift_100k,43,random,71,random,0.5,NOT_ESTIMABLE_UNLABELED_FINGERPRINT_NOT_AVAILABLE,0.1796875,0.025293255131964808,0.0868469326101412,744
hnswlib,sift_100k,59,cluster_block_order,43,cluster_block_order,0.5,NOT_ESTIMABLE_UNLABELED_FINGERPRINT_NOT_AVAILABLE,0.18359375,0.02875321179493454,0.10654009038205298,743
hnswlib,sift_100k,59,cluster_block_order,43,natural_source_order,1.0,NOT_ESTIMABLE_UNLABELED_FINGERPRINT_NOT_AVAILABLE,0.47265625,0.0803724577309483,0.23287668400089873,742
hnswlib,sift_100k,59,cluster_block_order,43,random,1.0,NOT_ESTIMABLE_UNLABELED_FINGERPRINT_NOT_AVAILABLE,0.484375,0.08307842897344916,0.21977521055025767,743
hnswlib,sift_100k,59,cluster_block_order,59,natural_source_order,0.5,NOT_ESTIMABLE_UNLABELED_FINGERPRINT_NOT_AVAILABLE,0.46484375,0.08050899302581671,0.2372929619701829,743
hnswlib,sift_100k,59,cluster_block_order,59,random,0.5,NOT_ESTIMABLE_UNLABELED_FINGERPRINT_NOT_AVAILABLE,0.515625,0.08369019943717117,0.22806778488864177,743
hnswlib,sift_100k,59,cluster_block_order,71,cluster_block_order,0.5,NOT_ESTIMABLE_UNLABELED_FINGERPRINT_NOT_AVAILABLE,0.18359375,0.024837880827113665,0.09011621751809701,743
hnswlib,sift_100k,59,cluster_block_order,71,natural_source_order,1.0,NOT_ESTIMABLE_UNLABELED_FINGERPRINT_NOT_AVAILABLE,0.4921875,0.07632933104631218,0.22670720847503578,742
hnswlib,sift_100k,59,cluster_block_order,71,random,1.0,NOT_ESTIMABLE_UNLABELED_FINGERPRINT_NOT_AVAILABLE,0.5078125,0.08393490762265998,0.2331059886537799,743
hnswlib,sift_100k,59,natural_source_order,43,cluster_block_order,1.0,NOT_ESTIMABLE_UNLABELED_FINGERPRINT_NOT_AVAILABLE,0.4765625,0.08247800586510264,0.23737510510623988,744
hnswlib,sift_100k,59,natural_source_order,43,natural_source_order,0.5,NOT_ESTIMABLE_UNLABELED_FINGERPRINT_NOT_AVAILABLE,0.1875,0.022146090786736815,0.09110666705346049,743
hnswlib,sift_100k,59,natural_source_order,43,random,1.0,NOT_ESTIMABLE_UNLABELED_FINGERPRINT_NOT_AVAILABLE,0.5078125,0.08052297165200391,0.230826026101698,744
hnswlib,sift_100k,59,natural_source_order,59,cluster_block_order,0.5,NOT_ESTIMABLE_UNLABELED_FINGERPRINT_NOT_AVAILABLE,0.46484375,0.08050899302581671,0.2372929619701829,743
hnswlib,sift_100k,59,natural_source_order,59,random,0.5,NOT_ESTIMABLE_UNLABELED_FINGERPRINT_NOT_AVAILABLE,0.49609375,0.07795698924731183,0.219343236656052,744
hnswlib,sift_100k,59,natural_source_order,71,cluster_block_order,1.0,NOT_ESTIMABLE_UNLABELED_FINGERPRINT_NOT_AVAILABLE,0.48046875,0.08162267839687194,0.23608696246493216,744
hnswlib,sift_100k,59,natural_source_order,71,natural_source_order,0.5,NOT_ESTIMABLE_UNLABELED_FINGERPRINT_NOT_AVAILABLE,0.1796875,0.02732173486890468,0.10409486675281726,742
hnswlib,sift_100k,59,natural_source_order,71,random,1.0,NOT_ESTIMABLE_UNLABELED_FINGERPRINT_NOT_AVAILABLE,0.47265625,0.07966764418377321,0.22647584872890902,744
hnswlib,sift_100k,59,random,43,cluster_block_order,1.0,NOT_ESTIMABLE_UNLABELED_FINGERPRINT_NOT_AVAILABLE,0.51171875,0.08492179863147604,0.23666423050366964,744
hnswlib,sift_100k,59,random,43,natural_source_order,1.0,NOT_ESTIMABLE_UNLABELED_FINGERPRINT_NOT_AVAILABLE,0.51171875,0.07732778661446225,0.22441602763620977,743
hnswlib,sift_100k,59,random,43,random,0.5,NOT_ESTIMABLE_UNLABELED_FINGERPRINT_NOT_AVAILABLE,0.2109375,0.025782013685239493,0.09203584621251387,744
hnswlib,sift_100k,59,random,59,cluster_block_order,0.5,NOT_ESTIMABLE_UNLABELED_FINGERPRINT_NOT_AVAILABLE,0.515625,0.08369019943717117,0.22806778488864177,743
hnswlib,sift_100k,59,random,59,natural_source_order,0.5,NOT_ESTIMABLE_UNLABELED_FINGERPRINT_NOT_AVAILABLE,0.49609375,0.07795698924731183,0.219343236656052,744
hnswlib,sift_100k,59,random,71,cluster_block_order,1.0,NOT_ESTIMABLE_UNLABELED_FINGERPRINT_NOT_AVAILABLE,0.54296875,0.08235581622678396,0.23434205714855716,744
hnswlib,sift_100k,59,random,71,natural_source_order,1.0,NOT_ESTIMABLE_UNLABELED_FINGERPRINT_NOT_AVAILABLE,0.515625,0.07694192599852977,0.21936391060182042,742
hnswlib,sift_100k,59,random,71,random,0.5,NOT_ESTIMABLE_UNLABELED_FINGERPRINT_NOT_AVAILABLE,0.203125,0.027126099706744868,0.09640581942903487,744
hnswlib,sift_100k,71,cluster_block_order,43,cluster_block_order,0.5,NOT_ESTIMABLE_UNLABELED_FINGERPRINT_NOT_AVAILABLE,0.1640625,0.02798142717497556,0.09443814540255624,744
hnswlib,sift_100k,71,cluster_block_order,43,natural_source_order,1.0,NOT_ESTIMABLE_UNLABELED_FINGERPRINT_NOT_AVAILABLE,0.5,0.08246665850972715,0.2409223526749371,743
hnswlib,sift_100k,71,cluster_block_order,43,random,1.0,NOT_ESTIMABLE_UNLABELED_FINGERPRINT_NOT_AVAILABLE,0.5,0.08443304007820136,0.2313380715167726,744
hnswlib,sift_100k,71,cluster_block_order,59,cluster_block_order,0.5,NOT_ESTIMABLE_UNLABELED_FINGERPRINT_NOT_AVAILABLE,0.18359375,0.024837880827113665,0.09011621751809701,743
hnswlib,sift_100k,71,cluster_block_order,59,natural_source_order,1.0,NOT_ESTIMABLE_UNLABELED_FINGERPRINT_NOT_AVAILABLE,0.48046875,0.08162267839687194,0.23608696246493216,744
hnswlib,sift_100k,71,cluster_block_order,59,random,1.0,NOT_ESTIMABLE_UNLABELED_FINGERPRINT_NOT_AVAILABLE,0.54296875,0.08235581622678396,0.23434205714855716,744
hnswlib,sift_100k,71,cluster_block_order,71,natural_source_order,0.5,NOT_ESTIMABLE_UNLABELED_FINGERPRINT_NOT_AVAILABLE,0.51171875,0.07804459691252144,0.23411455489263305,742
hnswlib,sift_100k,71,cluster_block_order,71,random,0.5,NOT_ESTIMABLE_UNLABELED_FINGERPRINT_NOT_AVAILABLE,0.5234375,0.08455522971652003,0.24360451179697434,744
hnswlib,sift_100k,71,natural_source_order,43,cluster_block_order,1.0,NOT_ESTIMABLE_UNLABELED_FINGERPRINT_NOT_AVAILABLE,0.51171875,0.0790247488360696,0.2329905692920124,742
hnswlib,sift_100k,71,natural_source_order,43,natural_source_order,0.5,NOT_ESTIMABLE_UNLABELED_FINGERPRINT_NOT_AVAILABLE,0.16796875,0.026831658907130605,0.09673140264708291,742
hnswlib,sift_100k,71,natural_source_order,43,random,1.0,NOT_ESTIMABLE_UNLABELED_FINGERPRINT_NOT_AVAILABLE,0.53125,0.07926978681695662,0.22707527520514065,742
hnswlib,sift_100k,71,natural_source_order,59,cluster_block_order,1.0,NOT_ESTIMABLE_UNLABELED_FINGERPRINT_NOT_AVAILABLE,0.4921875,0.07632933104631218,0.22670720847503578,742
hnswlib,sift_100k,71,natural_source_order,59,natural_source_order,0.5,NOT_ESTIMABLE_UNLABELED_FINGERPRINT_NOT_AVAILABLE,0.1796875,0.02732173486890468,0.10409486675281726,742
hnswlib,sift_100k,71,natural_source_order,59,random,1.0,NOT_ESTIMABLE_UNLABELED_FINGERPRINT_NOT_AVAILABLE,0.515625,0.07694192599852977,0.21936391060182042,742
hnswlib,sift_100k,71,natural_source_order,71,cluster_block_order,0.5,NOT_ESTIMABLE_UNLABELED_FINGERPRINT_NOT_AVAILABLE,0.51171875,0.07804459691252144,0.23411455489263305,742
hnswlib,sift_100k,71,natural_source_order,71,random,0.5,NOT_ESTIMABLE_UNLABELED_FINGERPRINT_NOT_AVAILABLE,0.51171875,0.07865719186473903,0.22888828034358272,742
hnswlib,sift_100k,71,random,43,cluster_block_order,1.0,NOT_ESTIMABLE_UNLABELED_FINGERPRINT_NOT_AVAILABLE,0.51953125,0.0863880742913001,0.24344661711184912,744
hnswlib,sift_100k,71,random,43,natural_source_order,1.0,NOT_ESTIMABLE_UNLABELED_FINGERPRINT_NOT_AVAILABLE,0.5,0.08050899302581671,0.23671140132788332,743
hnswlib,sift_100k,71,random,43,random,0.5,NOT_ESTIMABLE_UNLABELED_FINGERPRINT_NOT_AVAILABLE,0.1796875,0.025293255131964808,0.0868469326101412,744
hnswlib,sift_100k,71,random,59,cluster_block_order,1.0,NOT_ESTIMABLE_UNLABELED_FINGERPRINT_NOT_AVAILABLE,0.5078125,0.08393490762265998,0.2331059886537799,743
hnswlib,sift_100k,71,random,59,natural_source_order,1.0,NOT_ESTIMABLE_UNLABELED_FINGERPRINT_NOT_AVAILABLE,0.47265625,0.07966764418377321,0.22647584872890902,744
hnswlib,sift_100k,71,random,59,random,0.5,NOT_ESTIMABLE_UNLABELED_FINGERPRINT_NOT_AVAILABLE,0.203125,0.027126099706744868,0.09640581942903487,744
hnswlib,sift_100k,71,random,71,cluster_block_order,0.5,NOT_ESTIMABLE_UNLABELED_FINGERPRINT_NOT_AVAILABLE,0.5234375,0.08455522971652003,0.24360451179697434,744
hnswlib,sift_100k,71,random,71,natural_source_order,0.5,NOT_ESTIMABLE_UNLABELED_FINGERPRINT_NOT_AVAILABLE,0.51171875,0.07865719186473903,0.22888828034358272,742
vamana,arxiv_nomic_100k,43,cluster_block_order,43,natural_source_order,0.5,NOT_ESTIMABLE_UNLABELED_FINGERPRINT_NOT_AVAILABLE,0.1640625,0.028836754643206255,0.19530048380092507,744
vamana,arxiv_nomic_100k,43,cluster_block_order,43,random,0.5,NOT_ESTIMABLE_UNLABELED_FINGERPRINT_NOT_AVAILABLE,0.2265625,0.02724828934506354,0.19877268424397676,744
vamana,arxiv_nomic_100k,43,cluster_block_order,59,cluster_block_order,0.5,NOT_ESTIMABLE_UNLABELED_FINGERPRINT_NOT_AVAILABLE,0.0,0.0,0.0,744
vamana,arxiv_nomic_100k,43,cluster_block_order,59,natural_source_order,1.0,NOT_ESTIMABLE_UNLABELED_FINGERPRINT_NOT_AVAILABLE,0.1640625,0.028836754643206255,0.19530048380092507,744
vamana,arxiv_nomic_100k,43,cluster_block_order,59,random,1.0,NOT_ESTIMABLE_UNLABELED_FINGERPRINT_NOT_AVAILABLE,0.2265625,0.02724828934506354,0.19877268424397676,744
vamana,arxiv_nomic_100k,43,cluster_block_order,71,cluster_block_order,0.5,NOT_ESTIMABLE_UNLABELED_FINGERPRINT_NOT_AVAILABLE,0.0,0.0,0.0,744
vamana,arxiv_nomic_100k,43,cluster_block_order,71,natural_source_order,1.0,NOT_ESTIMABLE_UNLABELED_FINGERPRINT_NOT_AVAILABLE,0.1640625,0.028836754643206255,0.19530048380092507,744
vamana,arxiv_nomic_100k,43,cluster_block_order,71,random,1.0,NOT_ESTIMABLE_UNLABELED_FINGERPRINT_NOT_AVAILABLE,0.2265625,0.02724828934506354,0.19877268424397676,744
vamana,arxiv_nomic_100k,43,natural_source_order,43,cluster_block_order,0.5,NOT_ESTIMABLE_UNLABELED_FINGERPRINT_NOT_AVAILABLE,0.1640625,0.028836754643206255,0.19530048380092507,744
vamana,arxiv_nomic_100k,43,natural_source_order,43,random,0.5,NOT_ESTIMABLE_UNLABELED_FINGERPRINT_NOT_AVAILABLE,0.2265625,0.024071358748778103,0.17282198238860041,744
vamana,arxiv_nomic_100k,43,natural_source_order,59,cluster_block_order,1.0,NOT_ESTIMABLE_UNLABELED_FINGERPRINT_NOT_AVAILABLE,0.1640625,0.028836754643206255,0.19530048380092507,744
vamana,arxiv_nomic_100k,43,natural_source_order,59,natural_source_order,0.5,NOT_ESTIMABLE_UNLABELED_FINGERPRINT_NOT_AVAILABLE,0.0,0.0,0.0,744
vamana,arxiv_nomic_100k,43,natural_source_order,59,random,1.0,NOT_ESTIMABLE_UNLABELED_FINGERPRINT_NOT_AVAILABLE,0.2265625,0.024071358748778103,0.17282198238860041,744
vamana,arxiv_nomic_100k,43,natural_source_order,71,cluster_block_order,1.0,NOT_ESTIMABLE_UNLABELED_FINGERPRINT_NOT_AVAILABLE,0.1640625,0.028836754643206255,0.19530048380092507,744
vamana,arxiv_nomic_100k,43,natural_source_order,71,natural_source_order,0.5,NOT_ESTIMABLE_UNLABELED_FINGERPRINT_NOT_AVAILABLE,0.0,0.0,0.0,744
vamana,arxiv_nomic_100k,43,natural_source_order,71,random,1.0,NOT_ESTIMABLE_UNLABELED_FINGERPRINT_NOT_AVAILABLE,0.2265625,0.024071358748778103,0.17282198238860041,744
vamana,arxiv_nomic_100k,43,random,43,cluster_block_order,0.5,NOT_ESTIMABLE_UNLABELED_FINGERPRINT_NOT_AVAILABLE,0.2265625,0.02724828934506354,0.19877268424397676,744
vamana,arxiv_nomic_100k,43,random,43,natural_source_order,0.5,NOT_ESTIMABLE_UNLABELED_FINGERPRINT_NOT_AVAILABLE,0.2265625,0.024071358748778103,0.17282198238860041,744
vamana,arxiv_nomic_100k,43,random,59,cluster_block_order,1.0,NOT_ESTIMABLE_UNLABELED_FINGERPRINT_NOT_AVAILABLE,0.2265625,0.02724828934506354,0.19877268424397676,744
vamana,arxiv_nomic_100k,43,random,59,natural_source_order,1.0,NOT_ESTIMABLE_UNLABELED_FINGERPRINT_NOT_AVAILABLE,0.2265625,0.024071358748778103,0.17282198238860041,744
vamana,arxiv_nomic_100k,43,random,59,random,0.5,NOT_ESTIMABLE_UNLABELED_FINGERPRINT_NOT_AVAILABLE,0.0,0.0,0.0,744
vamana,arxiv_nomic_100k,43,random,71,cluster_block_order,1.0,NOT_ESTIMABLE_UNLABELED_FINGERPRINT_NOT_AVAILABLE,0.2265625,0.02724828934506354,0.19877268424397676,744
vamana,arxiv_nomic_100k,43,random,71,natural_source_order,1.0,NOT_ESTIMABLE_UNLABELED_FINGERPRINT_NOT_AVAILABLE,0.2265625,0.024071358748778103,0.17282198238860041,744
vamana,arxiv_nomic_100k,43,random,71,random,0.5,NOT_ESTIMABLE_UNLABELED_FINGERPRINT_NOT_AVAILABLE,0.0,0.0,0.0,744
vamana,arxiv_nomic_100k,59,cluster_block_order,43,cluster_block_order,0.5,NOT_ESTIMABLE_UNLABELED_FINGERPRINT_NOT_AVAILABLE,0.0,0.0,0.0,744
vamana,arxiv_nomic_100k,59,cluster_block_order,43,natural_source_order,1.0,NOT_ESTIMABLE_UNLABELED_FINGERPRINT_NOT_AVAILABLE,0.1640625,0.028836754643206255,0.19530048380092507,744
vamana,arxiv_nomic_100k,59,cluster_block_order,43,random,1.0,NOT_ESTIMABLE_UNLABELED_FINGERPRINT_NOT_AVAILABLE,0.2265625,0.02724828934506354,0.19877268424397676,744
vamana,arxiv_nomic_100k,59,cluster_block_order,59,natural_source_order,0.5,NOT_ESTIMABLE_UNLABELED_FINGERPRINT_NOT_AVAILABLE,0.1640625,0.028836754643206255,0.19530048380092507,744
vamana,arxiv_nomic_100k,59,cluster_block_order,59,random,0.5,NOT_ESTIMABLE_UNLABELED_FINGERPRINT_NOT_AVAILABLE,0.2265625,0.02724828934506354,0.19877268424397676,744
vamana,arxiv_nomic_100k,59,cluster_block_order,71,cluster_block_order,0.5,NOT_ESTIMABLE_UNLABELED_FINGERPRINT_NOT_AVAILABLE,0.0,0.0,0.0,744
vamana,arxiv_nomic_100k,59,cluster_block_order,71,natural_source_order,1.0,NOT_ESTIMABLE_UNLABELED_FINGERPRINT_NOT_AVAILABLE,0.1640625,0.028836754643206255,0.19530048380092507,744
vamana,arxiv_nomic_100k,59,cluster_block_order,71,random,1.0,NOT_ESTIMABLE_UNLABELED_FINGERPRINT_NOT_AVAILABLE,0.2265625,0.02724828934506354,0.19877268424397676,744
vamana,arxiv_nomic_100k,59,natural_source_order,43,cluster_block_order,1.0,NOT_ESTIMABLE_UNLABELED_FINGERPRINT_NOT_AVAILABLE,0.1640625,0.028836754643206255,0.19530048380092507,744
vamana,arxiv_nomic_100k,59,natural_source_order,43,natural_source_order,0.5,NOT_ESTIMABLE_UNLABELED_FINGERPRINT_NOT_AVAILABLE,0.0,0.0,0.0,744
vamana,arxiv_nomic_100k,59,natural_source_order,43,random,1.0,NOT_ESTIMABLE_UNLABELED_FINGERPRINT_NOT_AVAILABLE,0.2265625,0.024071358748778103,0.17282198238860041,744
vamana,arxiv_nomic_100k,59,natural_source_order,59,cluster_block_order,0.5,NOT_ESTIMABLE_UNLABELED_FINGERPRINT_NOT_AVAILABLE,0.1640625,0.028836754643206255,0.19530048380092507,744
vamana,arxiv_nomic_100k,59,natural_source_order,59,random,0.5,NOT_ESTIMABLE_UNLABELED_FINGERPRINT_NOT_AVAILABLE,0.2265625,0.024071358748778103,0.17282198238860041,744
vamana,arxiv_nomic_100k,59,natural_source_order,71,cluster_block_order,1.0,NOT_ESTIMABLE_UNLABELED_FINGERPRINT_NOT_AVAILABLE,0.1640625,0.028836754643206255,0.19530048380092507,744
vamana,arxiv_nomic_100k,59,natural_source_order,71,natural_source_order,0.5,NOT_ESTIMABLE_UNLABELED_FINGERPRINT_NOT_AVAILABLE,0.0,0.0,0.0,744
vamana,arxiv_nomic_100k,59,natural_source_order,71,random,1.0,NOT_ESTIMABLE_UNLABELED_FINGERPRINT_NOT_AVAILABLE,0.2265625,0.024071358748778103,0.17282198238860041,744
vamana,arxiv_nomic_100k,59,random,43,cluster_block_order,1.0,NOT_ESTIMABLE_UNLABELED_FINGERPRINT_NOT_AVAILABLE,0.2265625,0.02724828934506354,0.19877268424397676,744
vamana,arxiv_nomic_100k,59,random,43,natural_source_order,1.0,NOT_ESTIMABLE_UNLABELED_FINGERPRINT_NOT_AVAILABLE,0.2265625,0.024071358748778103,0.17282198238860041,744
vamana,arxiv_nomic_100k,59,random,43,random,0.5,NOT_ESTIMABLE_UNLABELED_FINGERPRINT_NOT_AVAILABLE,0.0,0.0,0.0,744
vamana,arxiv_nomic_100k,59,random,59,cluster_block_order,0.5,NOT_ESTIMABLE_UNLABELED_FINGERPRINT_NOT_AVAILABLE,0.2265625,0.02724828934506354,0.19877268424397676,744
vamana,arxiv_nomic_100k,59,random,59,natural_source_order,0.5,NOT_ESTIMABLE_UNLABELED_FINGERPRINT_NOT_AVAILABLE,0.2265625,0.024071358748778103,0.17282198238860041,744
vamana,arxiv_nomic_100k,59,random,71,cluster_block_order,1.0,NOT_ESTIMABLE_UNLABELED_FINGERPRINT_NOT_AVAILABLE,0.2265625,0.02724828934506354,0.19877268424397676,744
vamana,arxiv_nomic_100k,59,random,71,natural_source_order,1.0,NOT_ESTIMABLE_UNLABELED_FINGERPRINT_NOT_AVAILABLE,0.2265625,0.024071358748778103,0.17282198238860041,744
vamana,arxiv_nomic_100k,59,random,71,random,0.5,NOT_ESTIMABLE_UNLABELED_FINGERPRINT_NOT_AVAILABLE,0.0,0.0,0.0,744
vamana,arxiv_nomic_100k,71,cluster_block_order,43,cluster_block_order,0.5,NOT_ESTIMABLE_UNLABELED_FINGERPRINT_NOT_AVAILABLE,0.0,0.0,0.0,744
vamana,arxiv_nomic_100k,71,cluster_block_order,43,natural_source_order,1.0,NOT_ESTIMABLE_UNLABELED_FINGERPRINT_NOT_AVAILABLE,0.1640625,0.028836754643206255,0.19530048380092507,744
vamana,arxiv_nomic_100k,71,cluster_block_order,43,random,1.0,NOT_ESTIMABLE_UNLABELED_FINGERPRINT_NOT_AVAILABLE,0.2265625,0.02724828934506354,0.19877268424397676,744
vamana,arxiv_nomic_100k,71,cluster_block_order,59,cluster_block_order,0.5,NOT_ESTIMABLE_UNLABELED_FINGERPRINT_NOT_AVAILABLE,0.0,0.0,0.0,744
vamana,arxiv_nomic_100k,71,cluster_block_order,59,natural_source_order,1.0,NOT_ESTIMABLE_UNLABELED_FINGERPRINT_NOT_AVAILABLE,0.1640625,0.028836754643206255,0.19530048380092507,744
vamana,arxiv_nomic_100k,71,cluster_block_order,59,random,1.0,NOT_ESTIMABLE_UNLABELED_FINGERPRINT_NOT_AVAILABLE,0.2265625,0.02724828934506354,0.19877268424397676,744
vamana,arxiv_nomic_100k,71,cluster_block_order,71,natural_source_order,0.5,NOT_ESTIMABLE_UNLABELED_FINGERPRINT_NOT_AVAILABLE,0.1640625,0.028836754643206255,0.19530048380092507,744
vamana,arxiv_nomic_100k,71,cluster_block_order,71,random,0.5,NOT_ESTIMABLE_UNLABELED_FINGERPRINT_NOT_AVAILABLE,0.2265625,0.02724828934506354,0.19877268424397676,744
vamana,arxiv_nomic_100k,71,natural_source_order,43,cluster_block_order,1.0,NOT_ESTIMABLE_UNLABELED_FINGERPRINT_NOT_AVAILABLE,0.1640625,0.028836754643206255,0.19530048380092507,744
vamana,arxiv_nomic_100k,71,natural_source_order,43,natural_source_order,0.5,NOT_ESTIMABLE_UNLABELED_FINGERPRINT_NOT_AVAILABLE,0.0,0.0,0.0,744
vamana,arxiv_nomic_100k,71,natural_source_order,43,random,1.0,NOT_ESTIMABLE_UNLABELED_FINGERPRINT_NOT_AVAILABLE,0.2265625,0.024071358748778103,0.17282198238860041,744
vamana,arxiv_nomic_100k,71,natural_source_order,59,cluster_block_order,1.0,NOT_ESTIMABLE_UNLABELED_FINGERPRINT_NOT_AVAILABLE,0.1640625,0.028836754643206255,0.19530048380092507,744
vamana,arxiv_nomic_100k,71,natural_source_order,59,natural_source_order,0.5,NOT_ESTIMABLE_UNLABELED_FINGERPRINT_NOT_AVAILABLE,0.0,0.0,0.0,744
vamana,arxiv_nomic_100k,71,natural_source_order,59,random,1.0,NOT_ESTIMABLE_UNLABELED_FINGERPRINT_NOT_AVAILABLE,0.2265625,0.024071358748778103,0.17282198238860041,744
vamana,arxiv_nomic_100k,71,natural_source_order,71,cluster_block_order,0.5,NOT_ESTIMABLE_UNLABELED_FINGERPRINT_NOT_AVAILABLE,0.1640625,0.028836754643206255,0.19530048380092507,744
vamana,arxiv_nomic_100k,71,natural_source_order,71,random,0.5,NOT_ESTIMABLE_UNLABELED_FINGERPRINT_NOT_AVAILABLE,0.2265625,0.024071358748778103,0.17282198238860041,744
vamana,arxiv_nomic_100k,71,random,43,cluster_block_order,1.0,NOT_ESTIMABLE_UNLABELED_FINGERPRINT_NOT_AVAILABLE,0.2265625,0.02724828934506354,0.19877268424397676,744
vamana,arxiv_nomic_100k,71,random,43,natural_source_order,1.0,NOT_ESTIMABLE_UNLABELED_FINGERPRINT_NOT_AVAILABLE,0.2265625,0.024071358748778103,0.17282198238860041,744
vamana,arxiv_nomic_100k,71,random,43,random,0.5,NOT_ESTIMABLE_UNLABELED_FINGERPRINT_NOT_AVAILABLE,0.0,0.0,0.0,744
vamana,arxiv_nomic_100k,71,random,59,cluster_block_order,1.0,NOT_ESTIMABLE_UNLABELED_FINGERPRINT_NOT_AVAILABLE,0.2265625,0.02724828934506354,0.19877268424397676,744
vamana,arxiv_nomic_100k,71,random,59,natural_source_order,1.0,NOT_ESTIMABLE_UNLABELED_FINGERPRINT_NOT_AVAILABLE,0.2265625,0.024071358748778103,0.17282198238860041,744
vamana,arxiv_nomic_100k,71,random,59,random,0.5,NOT_ESTIMABLE_UNLABELED_FINGERPRINT_NOT_AVAILABLE,0.0,0.0,0.0,744
vamana,arxiv_nomic_100k,71,random,71,cluster_block_order,0.5,NOT_ESTIMABLE_UNLABELED_FINGERPRINT_NOT_AVAILABLE,0.2265625,0.02724828934506354,0.19877268424397676,744
vamana,arxiv_nomic_100k,71,random,71,natural_source_order,0.5,NOT_ESTIMABLE_UNLABELED_FINGERPRINT_NOT_AVAILABLE,0.2265625,0.024071358748778103,0.17282198238860041,744
vamana,glove100_100k,43,cluster_block_order,43,natural_source_order,0.5,NOT_ESTIMABLE_UNLABELED_FINGERPRINT_NOT_AVAILABLE,0.58203125,0.1043571812802582,0.11856292458136242,676
vamana,glove100_100k,43,cluster_block_order,43,random,0.5,NOT_ESTIMABLE_UNLABELED_FINGERPRINT_NOT_AVAILABLE,0.578125,0.10362833043245415,0.12410530145730025,679
vamana,glove100_100k,43,cluster_block_order,59,cluster_block_order,0.5,NOT_ESTIMABLE_UNLABELED_FINGERPRINT_NOT_AVAILABLE,0.0,0.0,0.0,701
vamana,glove100_100k,43,cluster_block_order,59,natural_source_order,1.0,NOT_ESTIMABLE_UNLABELED_FINGERPRINT_NOT_AVAILABLE,0.58203125,0.1043571812802582,0.11856292458136242,676
vamana,glove100_100k,43,cluster_block_order,59,random,1.0,NOT_ESTIMABLE_UNLABELED_FINGERPRINT_NOT_AVAILABLE,0.578125,0.10362833043245415,0.12410530145730025,679
vamana,glove100_100k,43,cluster_block_order,71,cluster_block_order,0.5,NOT_ESTIMABLE_UNLABELED_FINGERPRINT_NOT_AVAILABLE,0.0,0.0,0.0,701
vamana,glove100_100k,43,cluster_block_order,71,natural_source_order,1.0,NOT_ESTIMABLE_UNLABELED_FINGERPRINT_NOT_AVAILABLE,0.58203125,0.1043571812802582,0.11856292458136242,676
vamana,glove100_100k,43,cluster_block_order,71,random,1.0,NOT_ESTIMABLE_UNLABELED_FINGERPRINT_NOT_AVAILABLE,0.578125,0.10362833043245415,0.12410530145730025,679
vamana,glove100_100k,43,natural_source_order,43,cluster_block_order,0.5,NOT_ESTIMABLE_UNLABELED_FINGERPRINT_NOT_AVAILABLE,0.58203125,0.1043571812802582,0.11856292458136242,676
vamana,glove100_100k,43,natural_source_order,43,random,0.5,NOT_ESTIMABLE_UNLABELED_FINGERPRINT_NOT_AVAILABLE,0.625,0.10679482045120811,0.13406533718632974,681
vamana,glove100_100k,43,natural_source_order,59,cluster_block_order,1.0,NOT_ESTIMABLE_UNLABELED_FINGERPRINT_NOT_AVAILABLE,0.58203125,0.1043571812802582,0.11856292458136242,676
vamana,glove100_100k,43,natural_source_order,59,natural_source_order,0.5,NOT_ESTIMABLE_UNLABELED_FINGERPRINT_NOT_AVAILABLE,0.0,0.0,0.0,699
vamana,glove100_100k,43,natural_source_order,59,random,1.0,NOT_ESTIMABLE_UNLABELED_FINGERPRINT_NOT_AVAILABLE,0.625,0.10679482045120811,0.13406533718632974,681
vamana,glove100_100k,43,natural_source_order,71,cluster_block_order,1.0,NOT_ESTIMABLE_UNLABELED_FINGERPRINT_NOT_AVAILABLE,0.58203125,0.1043571812802582,0.11856292458136242,676
vamana,glove100_100k,43,natural_source_order,71,natural_source_order,0.5,NOT_ESTIMABLE_UNLABELED_FINGERPRINT_NOT_AVAILABLE,0.0,0.0,0.0,699
vamana,glove100_100k,43,natural_source_order,71,random,1.0,NOT_ESTIMABLE_UNLABELED_FINGERPRINT_NOT_AVAILABLE,0.625,0.10679482045120811,0.13406533718632974,681
vamana,glove100_100k,43,random,43,cluster_block_order,0.5,NOT_ESTIMABLE_UNLABELED_FINGERPRINT_NOT_AVAILABLE,0.578125,0.10362833043245415,0.12410530145730025,679
vamana,glove100_100k,43,random,43,natural_source_order,0.5,NOT_ESTIMABLE_UNLABELED_FINGERPRINT_NOT_AVAILABLE,0.625,0.10679482045120811,0.13406533718632974,681
vamana,glove100_100k,43,random,59,cluster_block_order,1.0,NOT_ESTIMABLE_UNLABELED_FINGERPRINT_NOT_AVAILABLE,0.578125,0.10362833043245415,0.12410530145730025,679
vamana,glove100_100k,43,random,59,natural_source_order,1.0,NOT_ESTIMABLE_UNLABELED_FINGERPRINT_NOT_AVAILABLE,0.625,0.10679482045120811,0.13406533718632974,681
vamana,glove100_100k,43,random,59,random,0.5,NOT_ESTIMABLE_UNLABELED_FINGERPRINT_NOT_AVAILABLE,0.0,0.0,5.551115123125783e-17,709
vamana,glove100_100k,43,random,71,cluster_block_order,1.0,NOT_ESTIMABLE_UNLABELED_FINGERPRINT_NOT_AVAILABLE,0.578125,0.10362833043245415,0.12410530145730025,679
vamana,glove100_100k,43,random,71,natural_source_order,1.0,NOT_ESTIMABLE_UNLABELED_FINGERPRINT_NOT_AVAILABLE,0.625,0.10679482045120811,0.13406533718632974,681
vamana,glove100_100k,43,random,71,random,0.5,NOT_ESTIMABLE_UNLABELED_FINGERPRINT_NOT_AVAILABLE,0.0,0.0,5.551115123125783e-17,709
vamana,glove100_100k,59,cluster_block_order,43,cluster_block_order,0.5,NOT_ESTIMABLE_UNLABELED_FINGERPRINT_NOT_AVAILABLE,0.0,0.0,0.0,701
vamana,glove100_100k,59,cluster_block_order,43,natural_source_order,1.0,NOT_ESTIMABLE_UNLABELED_FINGERPRINT_NOT_AVAILABLE,0.58203125,0.1043571812802582,0.11856292458136242,676
vamana,glove100_100k,59,cluster_block_order,43,random,1.0,NOT_ESTIMABLE_UNLABELED_FINGERPRINT_NOT_AVAILABLE,0.578125,0.10362833043245415,0.12410530145730025,679
vamana,glove100_100k,59,cluster_block_order,59,natural_source_order,0.5,NOT_ESTIMABLE_UNLABELED_FINGERPRINT_NOT_AVAILABLE,0.58203125,0.1043571812802582,0.11856292458136242,676
vamana,glove100_100k,59,cluster_block_order,59,random,0.5,NOT_ESTIMABLE_UNLABELED_FINGERPRINT_NOT_AVAILABLE,0.578125,0.10362833043245415,0.12410530145730025,679
vamana,glove100_100k,59,cluster_block_order,71,cluster_block_order,0.5,NOT_ESTIMABLE_UNLABELED_FINGERPRINT_NOT_AVAILABLE,0.0,0.0,0.0,701
vamana,glove100_100k,59,cluster_block_order,71,natural_source_order,1.0,NOT_ESTIMABLE_UNLABELED_FINGERPRINT_NOT_AVAILABLE,0.58203125,0.1043571812802582,0.11856292458136242,676
vamana,glove100_100k,59,cluster_block_order,71,random,1.0,NOT_ESTIMABLE_UNLABELED_FINGERPRINT_NOT_AVAILABLE,0.578125,0.10362833043245415,0.12410530145730025,679
vamana,glove100_100k,59,natural_source_order,43,cluster_block_order,1.0,NOT_ESTIMABLE_UNLABELED_FINGERPRINT_NOT_AVAILABLE,0.58203125,0.1043571812802582,0.11856292458136242,676
vamana,glove100_100k,59,natural_source_order,43,natural_source_order,0.5,NOT_ESTIMABLE_UNLABELED_FINGERPRINT_NOT_AVAILABLE,0.0,0.0,0.0,699
vamana,glove100_100k,59,natural_source_order,43,random,1.0,NOT_ESTIMABLE_UNLABELED_FINGERPRINT_NOT_AVAILABLE,0.625,0.10679482045120811,0.13406533718632974,681
vamana,glove100_100k,59,natural_source_order,59,cluster_block_order,0.5,NOT_ESTIMABLE_UNLABELED_FINGERPRINT_NOT_AVAILABLE,0.58203125,0.1043571812802582,0.11856292458136242,676
vamana,glove100_100k,59,natural_source_order,59,random,0.5,NOT_ESTIMABLE_UNLABELED_FINGERPRINT_NOT_AVAILABLE,0.625,0.10679482045120811,0.13406533718632974,681
vamana,glove100_100k,59,natural_source_order,71,cluster_block_order,1.0,NOT_ESTIMABLE_UNLABELED_FINGERPRINT_NOT_AVAILABLE,0.58203125,0.1043571812802582,0.11856292458136242,676
vamana,glove100_100k,59,natural_source_order,71,natural_source_order,0.5,NOT_ESTIMABLE_UNLABELED_FINGERPRINT_NOT_AVAILABLE,0.0,0.0,0.0,699
vamana,glove100_100k,59,natural_source_order,71,random,1.0,NOT_ESTIMABLE_UNLABELED_FINGERPRINT_NOT_AVAILABLE,0.625,0.10679482045120811,0.13406533718632974,681
vamana,glove100_100k,59,random,43,cluster_block_order,1.0,NOT_ESTIMABLE_UNLABELED_FINGERPRINT_NOT_AVAILABLE,0.578125,0.10362833043245415,0.12410530145730025,679
vamana,glove100_100k,59,random,43,natural_source_order,1.0,NOT_ESTIMABLE_UNLABELED_FINGERPRINT_NOT_AVAILABLE,0.625,0.10679482045120811,0.13406533718632974,681
vamana,glove100_100k,59,random,43,random,0.5,NOT_ESTIMABLE_UNLABELED_FINGERPRINT_NOT_AVAILABLE,0.0,0.0,5.551115123125783e-17,709
vamana,glove100_100k,59,random,59,cluster_block_order,0.5,NOT_ESTIMABLE_UNLABELED_FINGERPRINT_NOT_AVAILABLE,0.578125,0.10362833043245415,0.12410530145730025,679
vamana,glove100_100k,59,random,59,natural_source_order,0.5,NOT_ESTIMABLE_UNLABELED_FINGERPRINT_NOT_AVAILABLE,0.625,0.10679482045120811,0.13406533718632974,681
vamana,glove100_100k,59,random,71,cluster_block_order,1.0,NOT_ESTIMABLE_UNLABELED_FINGERPRINT_NOT_AVAILABLE,0.578125,0.10362833043245415,0.12410530145730025,679
vamana,glove100_100k,59,random,71,natural_source_order,1.0,NOT_ESTIMABLE_UNLABELED_FINGERPRINT_NOT_AVAILABLE,0.625,0.10679482045120811,0.13406533718632974,681
vamana,glove100_100k,59,random,71,random,0.5,NOT_ESTIMABLE_UNLABELED_FINGERPRINT_NOT_AVAILABLE,0.0,0.0,5.551115123125783e-17,709
vamana,glove100_100k,71,cluster_block_order,43,cluster_block_order,0.5,NOT_ESTIMABLE_UNLABELED_FINGERPRINT_NOT_AVAILABLE,0.0,0.0,0.0,701
vamana,glove100_100k,71,cluster_block_order,43,natural_source_order,1.0,NOT_ESTIMABLE_UNLABELED_FINGERPRINT_NOT_AVAILABLE,0.58203125,0.1043571812802582,0.11856292458136242,676
vamana,glove100_100k,71,cluster_block_order,43,random,1.0,NOT_ESTIMABLE_UNLABELED_FINGERPRINT_NOT_AVAILABLE,0.578125,0.10362833043245415,0.12410530145730025,679
vamana,glove100_100k,71,cluster_block_order,59,cluster_block_order,0.5,NOT_ESTIMABLE_UNLABELED_FINGERPRINT_NOT_AVAILABLE,0.0,0.0,0.0,701
vamana,glove100_100k,71,cluster_block_order,59,natural_source_order,1.0,NOT_ESTIMABLE_UNLABELED_FINGERPRINT_NOT_AVAILABLE,0.58203125,0.1043571812802582,0.11856292458136242,676
vamana,glove100_100k,71,cluster_block_order,59,random,1.0,NOT_ESTIMABLE_UNLABELED_FINGERPRINT_NOT_AVAILABLE,0.578125,0.10362833043245415,0.12410530145730025,679
vamana,glove100_100k,71,cluster_block_order,71,natural_source_order,0.5,NOT_ESTIMABLE_UNLABELED_FINGERPRINT_NOT_AVAILABLE,0.58203125,0.1043571812802582,0.11856292458136242,676
vamana,glove100_100k,71,cluster_block_order,71,random,0.5,NOT_ESTIMABLE_UNLABELED_FINGERPRINT_NOT_AVAILABLE,0.578125,0.10362833043245415,0.12410530145730025,679
vamana,glove100_100k,71,natural_source_order,43,cluster_block_order,1.0,NOT_ESTIMABLE_UNLABELED_FINGERPRINT_NOT_AVAILABLE,0.58203125,0.1043571812802582,0.11856292458136242,676
vamana,glove100_100k,71,natural_source_order,43,natural_source_order,0.5,NOT_ESTIMABLE_UNLABELED_FINGERPRINT_NOT_AVAILABLE,0.0,0.0,0.0,699
vamana,glove100_100k,71,natural_source_order,43,random,1.0,NOT_ESTIMABLE_UNLABELED_FINGERPRINT_NOT_AVAILABLE,0.625,0.10679482045120811,0.13406533718632974,681
vamana,glove100_100k,71,natural_source_order,59,cluster_block_order,1.0,NOT_ESTIMABLE_UNLABELED_FINGERPRINT_NOT_AVAILABLE,0.58203125,0.1043571812802582,0.11856292458136242,676
vamana,glove100_100k,71,natural_source_order,59,natural_source_order,0.5,NOT_ESTIMABLE_UNLABELED_FINGERPRINT_NOT_AVAILABLE,0.0,0.0,0.0,699
vamana,glove100_100k,71,natural_source_order,59,random,1.0,NOT_ESTIMABLE_UNLABELED_FINGERPRINT_NOT_AVAILABLE,0.625,0.10679482045120811,0.13406533718632974,681
vamana,glove100_100k,71,natural_source_order,71,cluster_block_order,0.5,NOT_ESTIMABLE_UNLABELED_FINGERPRINT_NOT_AVAILABLE,0.58203125,0.1043571812802582,0.11856292458136242,676
vamana,glove100_100k,71,natural_source_order,71,random,0.5,NOT_ESTIMABLE_UNLABELED_FINGERPRINT_NOT_AVAILABLE,0.625,0.10679482045120811,0.13406533718632974,681
vamana,glove100_100k,71,random,43,cluster_block_order,1.0,NOT_ESTIMABLE_UNLABELED_FINGERPRINT_NOT_AVAILABLE,0.578125,0.10362833043245415,0.12410530145730025,679
vamana,glove100_100k,71,random,43,natural_source_order,1.0,NOT_ESTIMABLE_UNLABELED_FINGERPRINT_NOT_AVAILABLE,0.625,0.10679482045120811,0.13406533718632974,681
vamana,glove100_100k,71,random,43,random,0.5,NOT_ESTIMABLE_UNLABELED_FINGERPRINT_NOT_AVAILABLE,0.0,0.0,5.551115123125783e-17,709
vamana,glove100_100k,71,random,59,cluster_block_order,1.0,NOT_ESTIMABLE_UNLABELED_FINGERPRINT_NOT_AVAILABLE,0.578125,0.10362833043245415,0.12410530145730025,679
vamana,glove100_100k,71,random,59,natural_source_order,1.0,NOT_ESTIMABLE_UNLABELED_FINGERPRINT_NOT_AVAILABLE,0.625,0.10679482045120811,0.13406533718632974,681
vamana,glove100_100k,71,random,59,random,0.5,NOT_ESTIMABLE_UNLABELED_FINGERPRINT_NOT_AVAILABLE,0.0,0.0,5.551115123125783e-17,709
vamana,glove100_100k,71,random,71,cluster_block_order,0.5,NOT_ESTIMABLE_UNLABELED_FINGERPRINT_NOT_AVAILABLE,0.578125,0.10362833043245415,0.12410530145730025,679
vamana,glove100_100k,71,random,71,natural_source_order,0.5,NOT_ESTIMABLE_UNLABELED_FINGERPRINT_NOT_AVAILABLE,0.625,0.10679482045120811,0.13406533718632974,681
vamana,sift_100k,43,cluster_block_order,43,natural_source_order,0.5,NOT_ESTIMABLE_UNLABELED_FINGERPRINT_NOT_AVAILABLE,0.40625,0.05865102639296188,0.22847665785255078,744
vamana,sift_100k,43,cluster_block_order,43,random,0.5,NOT_ESTIMABLE_UNLABELED_FINGERPRINT_NOT_AVAILABLE,0.359375,0.05584066471163245,0.21818499531494706,744
vamana,sift_100k,43,cluster_block_order,59,cluster_block_order,0.5,NOT_ESTIMABLE_UNLABELED_FINGERPRINT_NOT_AVAILABLE,0.0,0.0,0.0,744
vamana,sift_100k,43,cluster_block_order,59,natural_source_order,1.0,NOT_ESTIMABLE_UNLABELED_FINGERPRINT_NOT_AVAILABLE,0.40625,0.05865102639296188,0.22847665785255078,744
vamana,sift_100k,43,cluster_block_order,59,random,1.0,NOT_ESTIMABLE_UNLABELED_FINGERPRINT_NOT_AVAILABLE,0.359375,0.05584066471163245,0.21818499531494706,744
vamana,sift_100k,43,cluster_block_order,71,cluster_block_order,0.5,NOT_ESTIMABLE_UNLABELED_FINGERPRINT_NOT_AVAILABLE,0.0,0.0,0.0,744
vamana,sift_100k,43,cluster_block_order,71,natural_source_order,1.0,NOT_ESTIMABLE_UNLABELED_FINGERPRINT_NOT_AVAILABLE,0.40625,0.05865102639296188,0.22847665785255078,744
vamana,sift_100k,43,cluster_block_order,71,random,1.0,NOT_ESTIMABLE_UNLABELED_FINGERPRINT_NOT_AVAILABLE,0.359375,0.05584066471163245,0.21818499531494706,744
vamana,sift_100k,43,natural_source_order,43,cluster_block_order,0.5,NOT_ESTIMABLE_UNLABELED_FINGERPRINT_NOT_AVAILABLE,0.40625,0.05865102639296188,0.22847665785255078,744
vamana,sift_100k,43,natural_source_order,43,random,0.5,NOT_ESTIMABLE_UNLABELED_FINGERPRINT_NOT_AVAILABLE,0.359375,0.06292766373411535,0.23362662642512544,744
vamana,sift_100k,43,natural_source_order,59,cluster_block_order,1.0,NOT_ESTIMABLE_UNLABELED_FINGERPRINT_NOT_AVAILABLE,0.40625,0.05865102639296188,0.22847665785255078,744
vamana,sift_100k,43,natural_source_order,59,natural_source_order,0.5,NOT_ESTIMABLE_UNLABELED_FINGERPRINT_NOT_AVAILABLE,0.0,0.0,5.551115123125783e-17,744
vamana,sift_100k,43,natural_source_order,59,random,1.0,NOT_ESTIMABLE_UNLABELED_FINGERPRINT_NOT_AVAILABLE,0.359375,0.06292766373411535,0.23362662642512544,744
vamana,sift_100k,43,natural_source_order,71,cluster_block_order,1.0,NOT_ESTIMABLE_UNLABELED_FINGERPRINT_NOT_AVAILABLE,0.40625,0.05865102639296188,0.22847665785255078,744
vamana,sift_100k,43,natural_source_order,71,natural_source_order,0.5,NOT_ESTIMABLE_UNLABELED_FINGERPRINT_NOT_AVAILABLE,0.0,0.0,5.551115123125783e-17,744
vamana,sift_100k,43,natural_source_order,71,random,1.0,NOT_ESTIMABLE_UNLABELED_FINGERPRINT_NOT_AVAILABLE,0.359375,0.06292766373411535,0.23362662642512544,744
vamana,sift_100k,43,random,43,cluster_block_order,0.5,NOT_ESTIMABLE_UNLABELED_FINGERPRINT_NOT_AVAILABLE,0.359375,0.05584066471163245,0.21818499531494706,744
vamana,sift_100k,43,random,43,natural_source_order,0.5,NOT_ESTIMABLE_UNLABELED_FINGERPRINT_NOT_AVAILABLE,0.359375,0.06292766373411535,0.23362662642512544,744
vamana,sift_100k,43,random,59,cluster_block_order,1.0,NOT_ESTIMABLE_UNLABELED_FINGERPRINT_NOT_AVAILABLE,0.359375,0.05584066471163245,0.21818499531494706,744
vamana,sift_100k,43,random,59,natural_source_order,1.0,NOT_ESTIMABLE_UNLABELED_FINGERPRINT_NOT_AVAILABLE,0.359375,0.06292766373411535,0.23362662642512544,744
vamana,sift_100k,43,random,59,random,0.5,NOT_ESTIMABLE_UNLABELED_FINGERPRINT_NOT_AVAILABLE,0.0,0.0,5.551115123125783e-17,744
vamana,sift_100k,43,random,71,cluster_block_order,1.0,NOT_ESTIMABLE_UNLABELED_FINGERPRINT_NOT_AVAILABLE,0.359375,0.05584066471163245,0.21818499531494706,744
vamana,sift_100k,43,random,71,natural_source_order,1.0,NOT_ESTIMABLE_UNLABELED_FINGERPRINT_NOT_AVAILABLE,0.359375,0.06292766373411535,0.23362662642512544,744
vamana,sift_100k,43,random,71,random,0.5,NOT_ESTIMABLE_UNLABELED_FINGERPRINT_NOT_AVAILABLE,0.0,0.0,5.551115123125783e-17,744
vamana,sift_100k,59,cluster_block_order,43,cluster_block_order,0.5,NOT_ESTIMABLE_UNLABELED_FINGERPRINT_NOT_AVAILABLE,0.0,0.0,0.0,744
vamana,sift_100k,59,cluster_block_order,43,natural_source_order,1.0,NOT_ESTIMABLE_UNLABELED_FINGERPRINT_NOT_AVAILABLE,0.40625,0.05865102639296188,0.22847665785255078,744
vamana,sift_100k,59,cluster_block_order,43,random,1.0,NOT_ESTIMABLE_UNLABELED_FINGERPRINT_NOT_AVAILABLE,0.359375,0.05584066471163245,0.21818499531494706,744
vamana,sift_100k,59,cluster_block_order,59,natural_source_order,0.5,NOT_ESTIMABLE_UNLABELED_FINGERPRINT_NOT_AVAILABLE,0.40625,0.05865102639296188,0.22847665785255078,744
vamana,sift_100k,59,cluster_block_order,59,random,0.5,NOT_ESTIMABLE_UNLABELED_FINGERPRINT_NOT_AVAILABLE,0.359375,0.05584066471163245,0.21818499531494706,744
vamana,sift_100k,59,cluster_block_order,71,cluster_block_order,0.5,NOT_ESTIMABLE_UNLABELED_FINGERPRINT_NOT_AVAILABLE,0.0,0.0,0.0,744
vamana,sift_100k,59,cluster_block_order,71,natural_source_order,1.0,NOT_ESTIMABLE_UNLABELED_FINGERPRINT_NOT_AVAILABLE,0.40625,0.05865102639296188,0.22847665785255078,744
vamana,sift_100k,59,cluster_block_order,71,random,1.0,NOT_ESTIMABLE_UNLABELED_FINGERPRINT_NOT_AVAILABLE,0.359375,0.05584066471163245,0.21818499531494706,744
vamana,sift_100k,59,natural_source_order,43,cluster_block_order,1.0,NOT_ESTIMABLE_UNLABELED_FINGERPRINT_NOT_AVAILABLE,0.40625,0.05865102639296188,0.22847665785255078,744
vamana,sift_100k,59,natural_source_order,43,natural_source_order,0.5,NOT_ESTIMABLE_UNLABELED_FINGERPRINT_NOT_AVAILABLE,0.0,0.0,5.551115123125783e-17,744
vamana,sift_100k,59,natural_source_order,43,random,1.0,NOT_ESTIMABLE_UNLABELED_FINGERPRINT_NOT_AVAILABLE,0.359375,0.06292766373411535,0.23362662642512544,744
vamana,sift_100k,59,natural_source_order,59,cluster_block_order,0.5,NOT_ESTIMABLE_UNLABELED_FINGERPRINT_NOT_AVAILABLE,0.40625,0.05865102639296188,0.22847665785255078,744
vamana,sift_100k,59,natural_source_order,59,random,0.5,NOT_ESTIMABLE_UNLABELED_FINGERPRINT_NOT_AVAILABLE,0.359375,0.06292766373411535,0.23362662642512544,744
vamana,sift_100k,59,natural_source_order,71,cluster_block_order,1.0,NOT_ESTIMABLE_UNLABELED_FINGERPRINT_NOT_AVAILABLE,0.40625,0.05865102639296188,0.22847665785255078,744
vamana,sift_100k,59,natural_source_order,71,natural_source_order,0.5,NOT_ESTIMABLE_UNLABELED_FINGERPRINT_NOT_AVAILABLE,0.0,0.0,5.551115123125783e-17,744
vamana,sift_100k,59,natural_source_order,71,random,1.0,NOT_ESTIMABLE_UNLABELED_FINGERPRINT_NOT_AVAILABLE,0.359375,0.06292766373411535,0.23362662642512544,744
vamana,sift_100k,59,random,43,cluster_block_order,1.0,NOT_ESTIMABLE_UNLABELED_FINGERPRINT_NOT_AVAILABLE,0.359375,0.05584066471163245,0.21818499531494706,744
vamana,sift_100k,59,random,43,natural_source_order,1.0,NOT_ESTIMABLE_UNLABELED_FINGERPRINT_NOT_AVAILABLE,0.359375,0.06292766373411535,0.23362662642512544,744
vamana,sift_100k,59,random,43,random,0.5,NOT_ESTIMABLE_UNLABELED_FINGERPRINT_NOT_AVAILABLE,0.0,0.0,5.551115123125783e-17,744
vamana,sift_100k,59,random,59,cluster_block_order,0.5,NOT_ESTIMABLE_UNLABELED_FINGERPRINT_NOT_AVAILABLE,0.359375,0.05584066471163245,0.21818499531494706,744
vamana,sift_100k,59,random,59,natural_source_order,0.5,NOT_ESTIMABLE_UNLABELED_FINGERPRINT_NOT_AVAILABLE,0.359375,0.06292766373411535,0.23362662642512544,744
vamana,sift_100k,59,random,71,cluster_block_order,1.0,NOT_ESTIMABLE_UNLABELED_FINGERPRINT_NOT_AVAILABLE,0.359375,0.05584066471163245,0.21818499531494706,744
vamana,sift_100k,59,random,71,natural_source_order,1.0,NOT_ESTIMABLE_UNLABELED_FINGERPRINT_NOT_AVAILABLE,0.359375,0.06292766373411535,0.23362662642512544,744
vamana,sift_100k,59,random,71,random,0.5,NOT_ESTIMABLE_UNLABELED_FINGERPRINT_NOT_AVAILABLE,0.0,0.0,5.551115123125783e-17,744
vamana,sift_100k,71,cluster_block_order,43,cluster_block_order,0.5,NOT_ESTIMABLE_UNLABELED_FINGERPRINT_NOT_AVAILABLE,0.0,0.0,0.0,744
vamana,sift_100k,71,cluster_block_order,43,natural_source_order,1.0,NOT_ESTIMABLE_UNLABELED_FINGERPRINT_NOT_AVAILABLE,0.40625,0.05865102639296188,0.22847665785255078,744
vamana,sift_100k,71,cluster_block_order,43,random,1.0,NOT_ESTIMABLE_UNLABELED_FINGERPRINT_NOT_AVAILABLE,0.359375,0.05584066471163245,0.21818499531494706,744
vamana,sift_100k,71,cluster_block_order,59,cluster_block_order,0.5,NOT_ESTIMABLE_UNLABELED_FINGERPRINT_NOT_AVAILABLE,0.0,0.0,0.0,744
vamana,sift_100k,71,cluster_block_order,59,natural_source_order,1.0,NOT_ESTIMABLE_UNLABELED_FINGERPRINT_NOT_AVAILABLE,0.40625,0.05865102639296188,0.22847665785255078,744
vamana,sift_100k,71,cluster_block_order,59,random,1.0,NOT_ESTIMABLE_UNLABELED_FINGERPRINT_NOT_AVAILABLE,0.359375,0.05584066471163245,0.21818499531494706,744
vamana,sift_100k,71,cluster_block_order,71,natural_source_order,0.5,NOT_ESTIMABLE_UNLABELED_FINGERPRINT_NOT_AVAILABLE,0.40625,0.05865102639296188,0.22847665785255078,744
vamana,sift_100k,71,cluster_block_order,71,random,0.5,NOT_ESTIMABLE_UNLABELED_FINGERPRINT_NOT_AVAILABLE,0.359375,0.05584066471163245,0.21818499531494706,744
vamana,sift_100k,71,natural_source_order,43,cluster_block_order,1.0,NOT_ESTIMABLE_UNLABELED_FINGERPRINT_NOT_AVAILABLE,0.40625,0.05865102639296188,0.22847665785255078,744
vamana,sift_100k,71,natural_source_order,43,natural_source_order,0.5,NOT_ESTIMABLE_UNLABELED_FINGERPRINT_NOT_AVAILABLE,0.0,0.0,5.551115123125783e-17,744
vamana,sift_100k,71,natural_source_order,43,random,1.0,NOT_ESTIMABLE_UNLABELED_FINGERPRINT_NOT_AVAILABLE,0.359375,0.06292766373411535,0.23362662642512544,744
vamana,sift_100k,71,natural_source_order,59,cluster_block_order,1.0,NOT_ESTIMABLE_UNLABELED_FINGERPRINT_NOT_AVAILABLE,0.40625,0.05865102639296188,0.22847665785255078,744
vamana,sift_100k,71,natural_source_order,59,natural_source_order,0.5,NOT_ESTIMABLE_UNLABELED_FINGERPRINT_NOT_AVAILABLE,0.0,0.0,5.551115123125783e-17,744
vamana,sift_100k,71,natural_source_order,59,random,1.0,NOT_ESTIMABLE_UNLABELED_FINGERPRINT_NOT_AVAILABLE,0.359375,0.06292766373411535,0.23362662642512544,744
vamana,sift_100k,71,natural_source_order,71,cluster_block_order,0.5,NOT_ESTIMABLE_UNLABELED_FINGERPRINT_NOT_AVAILABLE,0.40625,0.05865102639296188,0.22847665785255078,744
vamana,sift_100k,71,natural_source_order,71,random,0.5,NOT_ESTIMABLE_UNLABELED_FINGERPRINT_NOT_AVAILABLE,0.359375,0.06292766373411535,0.23362662642512544,744
vamana,sift_100k,71,random,43,cluster_block_order,1.0,NOT_ESTIMABLE_UNLABELED_FINGERPRINT_NOT_AVAILABLE,0.359375,0.05584066471163245,0.21818499531494706,744
vamana,sift_100k,71,random,43,natural_source_order,1.0,NOT_ESTIMABLE_UNLABELED_FINGERPRINT_NOT_AVAILABLE,0.359375,0.06292766373411535,0.23362662642512544,744
vamana,sift_100k,71,random,43,random,0.5,NOT_ESTIMABLE_UNLABELED_FINGERPRINT_NOT_AVAILABLE,0.0,0.0,5.551115123125783e-17,744
vamana,sift_100k,71,random,59,cluster_block_order,1.0,NOT_ESTIMABLE_UNLABELED_FINGERPRINT_NOT_AVAILABLE,0.359375,0.05584066471163245,0.21818499531494706,744
vamana,sift_100k,71,random,59,natural_source_order,1.0,NOT_ESTIMABLE_UNLABELED_FINGERPRINT_NOT_AVAILABLE,0.359375,0.06292766373411535,0.23362662642512544,744
vamana,sift_100k,71,random,59,random,0.5,NOT_ESTIMABLE_UNLABELED_FINGERPRINT_NOT_AVAILABLE,0.0,0.0,5.551115123125783e-17,744
vamana,sift_100k,71,random,71,cluster_block_order,0.5,NOT_ESTIMABLE_UNLABELED_FINGERPRINT_NOT_AVAILABLE,0.359375,0.05584066471163245,0.21818499531494706,744
vamana,sift_100k,71,random,71,natural_source_order,0.5,NOT_ESTIMABLE_UNLABELED_FINGERPRINT_NOT_AVAILABLE,0.359375,0.06292766373411535,0.23362662642512544,744
