index,dataset,source_seed,source_history,target_seed,target_history,category,n,observed_n,right_censoring_rate,exact_barrier_tax_total_ndc_observed,exact_barrier_tax_mean_ndc_observed,trim_top1pct_mean_ndc,positive_tax_query_rate,matching_budget_gap_bound,matching_tightness_budget_gap,identity_check
hnswlib,arxiv_nomic_100k,43,cluster_block_order,43,natural_source_order,cross_order,750,750,0.0,1134400.0,1512.5333333333333,1490.3274932614556,0.9973333333333333,4452.0,0.0439391247705335,True
hnswlib,arxiv_nomic_100k,43,cluster_block_order,43,random,cross_order,750,750,0.0,1854356.0,2472.4746666666665,2458.632075471698,0.9986666666666667,4644.0,0.0259827453086709,True
hnswlib,arxiv_nomic_100k,43,cluster_block_order,59,cluster_block_order,same_order_cross_seed,750,750,0.0,1449439.0,1932.5853333333334,1921.3544474393532,0.996,1430.0,0.0109057075745096,True
hnswlib,arxiv_nomic_100k,43,cluster_block_order,59,natural_source_order,cross_order,750,750,0.0,1135124.0,1513.4986666666666,1491.5309973045821,0.9973333333333333,4370.0,0.043105148944565,True
hnswlib,arxiv_nomic_100k,43,cluster_block_order,59,random,cross_order,750,750,0.0,1852647.0,2470.196,2456.4609164420485,0.9986666666666667,4662.0,0.0260872484723683,True
hnswlib,arxiv_nomic_100k,43,cluster_block_order,71,cluster_block_order,same_order_cross_seed,750,750,0.0,1447854.0,1930.472,1919.446091644205,0.996,1264.0,0.0096466458063039,True
hnswlib,arxiv_nomic_100k,43,cluster_block_order,71,natural_source_order,cross_order,750,750,0.0,1136739.0,1515.652,1494.77897574124,0.9973333333333333,4078.0,0.0400983284169124,True
hnswlib,arxiv_nomic_100k,43,cluster_block_order,71,random,cross_order,750,750,0.0,1855383.0,2473.844,2460.1482479784368,0.9986666666666667,4676.0,0.0261494927803688,True
hnswlib,arxiv_nomic_100k,43,natural_source_order,43,cluster_block_order,cross_order,750,750,0.0,566367.0,755.156,744.5080862533692,0.9866666666666667,4072.0,0.0904205711240396,True
hnswlib,arxiv_nomic_100k,43,natural_source_order,43,random,cross_order,750,750,0.0,1854356.0,2472.4746666666665,2458.632075471698,0.9986666666666667,4416.0,0.0247071066501057,True
hnswlib,arxiv_nomic_100k,43,natural_source_order,59,cluster_block_order,cross_order,750,750,0.0,567137.0,756.1826666666667,743.877358490566,0.9866666666666667,4050.0,0.089720868409393,True
hnswlib,arxiv_nomic_100k,43,natural_source_order,59,natural_source_order,same_order_cross_seed,750,750,0.0,271990.0,362.6533333333333,356.49730458221023,0.9826666666666667,1306.0,0.0617318963887313,True
hnswlib,arxiv_nomic_100k,43,natural_source_order,59,random,cross_order,750,750,0.0,1852647.0,2470.196,2456.4609164420485,0.9986666666666667,4334.0,0.02425185218345,True
hnswlib,arxiv_nomic_100k,43,natural_source_order,71,cluster_block_order,cross_order,750,750,0.0,565204.0,753.6053333333333,742.0161725067386,0.9866666666666667,4308.0,0.0956355725258624,True
hnswlib,arxiv_nomic_100k,43,natural_source_order,71,natural_source_order,same_order_cross_seed,750,750,0.0,265510.0,354.0133333333333,347.33153638814014,0.9613333333333334,1326.0,0.0637377427417804,True
hnswlib,arxiv_nomic_100k,43,natural_source_order,71,random,cross_order,750,750,0.0,1855383.0,2473.844,2460.1482479784368,0.9986666666666667,4392.0,0.0245612857765996,True
hnswlib,arxiv_nomic_100k,43,random,43,cluster_block_order,cross_order,750,750,0.0,490417.0,653.8893333333333,636.0269541778976,0.9853333333333333,4212.0,0.10961328267319,True
hnswlib,arxiv_nomic_100k,43,random,43,natural_source_order,cross_order,750,750,0.0,829360.0,1105.8133333333333,1087.3382749326145,0.9933333333333333,4712.0,0.0665894123964839,True
hnswlib,arxiv_nomic_100k,43,random,59,cluster_block_order,cross_order,750,750,0.0,487062.0,649.416,631.4353099730458,0.9866666666666667,4170.0,0.1093111041207927,True
hnswlib,arxiv_nomic_100k,43,random,59,natural_source_order,cross_order,750,750,0.0,830770.0,1107.6933333333334,1089.2358490566037,0.9946666666666667,4686.0,0.0661677492233832,True
hnswlib,arxiv_nomic_100k,43,random,59,random,same_order_cross_seed,750,750,0.0,294541.0,392.72133333333335,383.26280323450135,0.9866666666666667,1130.0,0.0491731940818102,True
hnswlib,arxiv_nomic_100k,43,random,71,cluster_block_order,cross_order,750,750,0.0,572246.0,762.9946666666667,746.3463611859838,0.988,4276.0,0.0938583783309188,True
hnswlib,arxiv_nomic_100k,43,random,71,natural_source_order,cross_order,750,750,0.0,560323.0,747.0973333333334,729.9663072776281,0.988,4426.0,0.0971892841458058,True
hnswlib,arxiv_nomic_100k,43,random,71,random,same_order_cross_seed,750,750,0.0,500331.0,667.108,660.6576819407009,0.9893333333333333,1320.0,0.0327885140841571,True
hnswlib,arxiv_nomic_100k,59,cluster_block_order,43,cluster_block_order,same_order_cross_seed,750,750,0.0,316915.0,422.55333333333334,417.11051212938,0.9386666666666666,1430.0,0.0582389834650158,True
hnswlib,arxiv_nomic_100k,59,cluster_block_order,43,natural_source_order,cross_order,750,750,0.0,907266.0,1209.688,1184.6576819407007,0.9933333333333333,4258.0,0.0526706414982311,True
hnswlib,arxiv_nomic_100k,59,cluster_block_order,43,random,cross_order,750,750,0.0,1854356.0,2472.4746666666665,2458.632075471698,0.9986666666666667,4458.0,0.0249420927187888,True
hnswlib,arxiv_nomic_100k,59,cluster_block_order,59,natural_source_order,cross_order,750,750,0.0,908962.0,1211.9493333333332,1187.111859838275,0.992,4240.0,0.0524103831891223,True
hnswlib,arxiv_nomic_100k,59,cluster_block_order,59,random,cross_order,750,750,0.0,1852647.0,2470.196,2456.4609164420485,0.9986666666666667,4468.0,0.0250016787161179,True
hnswlib,arxiv_nomic_100k,59,cluster_block_order,71,cluster_block_order,same_order_cross_seed,750,750,0.0,320623.0,427.49733333333336,423.7897574123989,0.972,1146.0,0.0463479737927687,True
hnswlib,arxiv_nomic_100k,59,cluster_block_order,71,natural_source_order,cross_order,750,750,0.0,910342.0,1213.7893333333334,1189.3504043126684,0.9933333333333333,4020.0,0.0494951982270376,True
hnswlib,arxiv_nomic_100k,59,cluster_block_order,71,random,cross_order,750,750,0.0,1855383.0,2473.844,2460.1482479784368,0.9986666666666667,4462.0,0.0249527452493596,True
hnswlib,arxiv_nomic_100k,59,natural_source_order,43,cluster_block_order,cross_order,750,750,0.0,567144.0,756.192,745.722371967655,0.9866666666666667,3994.0,0.088625571384192,True
hnswlib,arxiv_nomic_100k,59,natural_source_order,43,natural_source_order,same_order_cross_seed,750,750,0.0,438602.0,584.8026666666667,580.6832884097036,0.96,1306.0,0.036890571154172,True
hnswlib,arxiv_nomic_100k,59,natural_source_order,43,random,cross_order,750,750,0.0,1854356.0,2472.4746666666665,2458.632075471698,0.9986666666666667,4454.0,0.0249197130931999,True
hnswlib,arxiv_nomic_100k,59,natural_source_order,59,cluster_block_order,cross_order,750,750,0.0,569441.0,759.2546666666667,746.1752021563342,0.988,4016.0,0.0887160908367942,True
hnswlib,arxiv_nomic_100k,59,natural_source_order,59,random,cross_order,750,750,0.0,1852647.0,2470.196,2456.4609164420485,0.9986666666666667,4376.0,0.0244868724399579,True
hnswlib,arxiv_nomic_100k,59,natural_source_order,71,cluster_block_order,cross_order,750,750,0.0,567629.0,756.8386666666667,744.4959568733153,0.988,4142.0,0.0916899101252933,True
hnswlib,arxiv_nomic_100k,59,natural_source_order,71,natural_source_order,same_order_cross_seed,750,750,0.0,443084.0,590.7786666666667,585.6536388140162,0.9653333333333334,1384.0,0.0386808272778088,True
hnswlib,arxiv_nomic_100k,59,natural_source_order,71,random,cross_order,750,750,0.0,1855383.0,2473.844,2460.1482479784368,0.9986666666666667,4418.0,0.0247066850093391,True
hnswlib,arxiv_nomic_100k,59,random,43,cluster_block_order,cross_order,750,750,0.0,494115.0,658.82,641.4946091644205,0.9826666666666667,4198.0,0.1083019452040658,True
hnswlib,arxiv_nomic_100k,59,random,43,natural_source_order,cross_order,750,750,0.0,641764.0,855.6853333333333,835.266846361186,0.9853333333333333,4654.0,0.0872286988791843,True
hnswlib,arxiv_nomic_100k,59,random,43,random,same_order_cross_seed,750,750,0.0,374579.0,499.4386666666667,490.47978436657684,0.9786666666666667,1130.0,0.0381576281488485,True
hnswlib,arxiv_nomic_100k,59,random,59,cluster_block_order,cross_order,750,750,0.0,490497.0,653.996,636.4919137466308,0.9853333333333333,4140.0,0.1075771749298409,True
hnswlib,arxiv_nomic_100k,59,random,59,natural_source_order,cross_order,750,750,0.0,558330.0,744.44,722.7385444743935,0.984,4664.0,0.1013472403302911,True
hnswlib,arxiv_nomic_100k,59,random,71,cluster_block_order,cross_order,750,750,0.0,574297.0,765.7293333333333,749.5175202156335,0.988,4298.0,0.0938796907081385,True
hnswlib,arxiv_nomic_100k,59,random,71,natural_source_order,cross_order,750,750,0.0,514565.0,686.0866666666667,668.8463611859838,0.9826666666666667,4416.0,0.1060620616773945,True
hnswlib,arxiv_nomic_100k,59,random,71,random,same_order_cross_seed,750,750,0.0,549829.0,733.1053333333333,727.2193808882907,0.976,1298.0,0.0291803426104941,True
hnswlib,arxiv_nomic_100k,71,cluster_block_order,43,cluster_block_order,same_order_cross_seed,750,750,0.0,459145.0,612.1933333333334,606.8707940780619,0.984,1264.0,0.0348535818673137,True
hnswlib,arxiv_nomic_100k,71,cluster_block_order,43,natural_source_order,cross_order,750,750,0.0,989794.0,1319.7253333333333,1295.0566037735848,0.9973333333333333,4396.0,0.0500763219647779,True
hnswlib,arxiv_nomic_100k,71,cluster_block_order,43,random,cross_order,750,750,0.0,1854356.0,2472.4746666666665,2458.632075471698,0.9986666666666667,4444.0,0.0248637640292277,True
hnswlib,arxiv_nomic_100k,71,cluster_block_order,59,cluster_block_order,same_order_cross_seed,750,750,0.0,451836.0,602.448,598.9421265141319,0.9773333333333334,1146.0,0.0320720922422478,True
hnswlib,arxiv_nomic_100k,71,cluster_block_order,59,natural_source_order,cross_order,750,750,0.0,991138.0,1321.5173333333332,1297.1846361185983,0.9973333333333333,4238.0,0.0482446154546696,True
hnswlib,arxiv_nomic_100k,71,cluster_block_order,59,random,cross_order,750,750,0.0,1852647.0,2470.196,2456.4609164420485,0.9986666666666667,4514.0,0.0252590818541979,True
hnswlib,arxiv_nomic_100k,71,cluster_block_order,71,natural_source_order,cross_order,750,750,0.0,905273.0,1207.0306666666668,1182.4150943396226,0.992,4046.0,0.0502010025311429,True
hnswlib,arxiv_nomic_100k,71,cluster_block_order,71,random,cross_order,750,750,0.0,1855383.0,2473.844,2460.1482479784368,0.9986666666666667,4500.0,0.0251652518202865,True
hnswlib,arxiv_nomic_100k,71,natural_source_order,43,cluster_block_order,cross_order,750,750,0.0,477709.0,636.9453333333333,625.5350404312668,0.9853333333333333,3998.0,0.1071218048336102,True
hnswlib,arxiv_nomic_100k,71,natural_source_order,43,natural_source_order,same_order_cross_seed,750,750,0.0,824808.0,1099.744,1081.6415094339623,0.9933333333333333,1326.0,0.0188069100502084,True
hnswlib,arxiv_nomic_100k,71,natural_source_order,43,random,cross_order,750,750,0.0,1854356.0,2472.4746666666665,2458.632075471698,0.9986666666666667,4418.0,0.0247182964629001,True
hnswlib,arxiv_nomic_100k,71,natural_source_order,59,cluster_block_order,cross_order,750,750,0.0,565479.0,753.972,741.9002695417789,0.988,4020.0,0.0894366823885378,True
hnswlib,arxiv_nomic_100k,71,natural_source_order,59,natural_source_order,same_order_cross_seed,750,750,0.0,825448.0,1100.5973333333334,1082.5471698113208,0.9933333333333333,1384.0,0.0196134006008729,True
hnswlib,arxiv_nomic_100k,71,natural_source_order,59,random,cross_order,750,750,0.0,1852647.0,2470.196,2456.4609164420485,0.9986666666666667,4344.0,0.0243078093873805,True
hnswlib,arxiv_nomic_100k,71,natural_source_order,71,cluster_block_order,cross_order,750,750,0.0,563864.0,751.8186666666667,740.9272237196766,0.988,4190.0,0.093414188255228,True
hnswlib,arxiv_nomic_100k,71,natural_source_order,71,random,cross_order,750,750,0.0,1855383.0,2473.844,2460.1482479784368,0.9986666666666667,4414.0,0.0246843158966099,True
hnswlib,arxiv_nomic_100k,71,random,43,cluster_block_order,cross_order,750,750,0.0,741158.0,988.2106666666666,973.9528301886793,0.9893333333333333,4204.0,0.0688796408559163,True
hnswlib,arxiv_nomic_100k,71,random,43,natural_source_order,cross_order,750,750,0.0,576822.0,769.096,749.154986522911,0.9826666666666667,4784.0,0.1017482666212939,True
hnswlib,arxiv_nomic_100k,71,random,43,random,same_order_cross_seed,750,750,0.0,236353.0,315.13733333333334,309.7533692722372,0.9546666666666667,1320.0,0.0719973819133849,True
hnswlib,arxiv_nomic_100k,71,random,59,cluster_block_order,cross_order,750,750,0.0,737448.0,983.264,968.8827493261456,0.9906666666666667,4206.0,0.0692277305945091,True
hnswlib,arxiv_nomic_100k,71,random,59,natural_source_order,cross_order,750,750,0.0,578248.0,770.9973333333334,750.5296495956874,0.984,4762.0,0.1011555782139519,True
hnswlib,arxiv_nomic_100k,71,random,59,random,same_order_cross_seed,750,750,0.0,216474.0,288.632,283.8733153638814,0.9506666666666667,1298.0,0.0771700356718192,True
hnswlib,arxiv_nomic_100k,71,random,71,cluster_block_order,cross_order,750,750,0.0,735706.0,980.9413333333333,966.6428571428571,0.9893333333333333,4324.0,0.0712802083676766,True
hnswlib,arxiv_nomic_100k,71,random,71,natural_source_order,cross_order,750,750,0.0,557797.0,743.7293333333333,726.4083557951483,0.988,4502.0,0.099276704595572,True
hnswlib,glove100_100k,43,cluster_block_order,43,natural_source_order,cross_order,750,715,0.046666666666666634,3461077.0,4840.667132867133,4800.0933521923625,0.9566433566433566,59194.0,0.155948510698836,True
hnswlib,glove100_100k,43,cluster_block_order,43,random,cross_order,750,710,0.053333333333333344,3426018.0,4825.377464788732,4781.525641025641,0.9704225352112676,60714.0,0.1623655511400407,True
hnswlib,glove100_100k,43,cluster_block_order,59,cluster_block_order,same_order_cross_seed,750,720,0.040000000000000036,1592625.0,2211.9791666666665,2151.75702247191,0.9472222222222222,26958.0,0.1460647370531312,True
hnswlib,glove100_100k,43,cluster_block_order,59,natural_source_order,cross_order,750,710,0.053333333333333344,2521561.0,3551.494366197183,3496.897435897436,0.9422535211267605,61078.0,0.2008233104709046,True
hnswlib,glove100_100k,43,cluster_block_order,59,random,cross_order,750,712,0.05066666666666664,3015587.0,4235.375,4186.424715909091,0.9606741573033708,61794.0,0.180387783817236,True
hnswlib,glove100_100k,43,cluster_block_order,71,cluster_block_order,same_order_cross_seed,750,716,0.04533333333333334,1698645.0,2372.4092178770948,2315.169491525424,0.9539106145251397,28620.0,0.1509780338038868,True
hnswlib,glove100_100k,43,cluster_block_order,71,natural_source_order,cross_order,750,715,0.046666666666666634,2491799.0,3485.0335664335666,3431.117397454031,0.9566433566433566,56414.0,0.1856590907594995,True
hnswlib,glove100_100k,43,cluster_block_order,71,random,cross_order,750,716,0.04533333333333334,3031627.0,4234.115921787709,4185.610169491525,0.9608938547486033,57906.0,0.1673728936034916,True
hnswlib,glove100_100k,43,natural_source_order,43,cluster_block_order,cross_order,750,715,0.046666666666666634,2792615.0,3905.755244755245,3849.1272984441302,0.9608391608391609,57450.0,0.1477988392195603,True
hnswlib,glove100_100k,43,natural_source_order,43,random,cross_order,750,710,0.053333333333333344,2535544.0,3571.188732394366,3515.078347578348,0.9647887323943662,58792.0,0.2200447634945468,True
hnswlib,glove100_100k,43,natural_source_order,59,cluster_block_order,cross_order,750,720,0.040000000000000036,2558806.0,3553.8972222222224,3494.2865168539324,0.9569444444444445,53916.0,0.1439933339386914,True
hnswlib,glove100_100k,43,natural_source_order,59,natural_source_order,same_order_cross_seed,750,710,0.053333333333333344,1884534.0,2654.27323943662,2596.777777777778,0.9408450704225352,26404.0,0.0982021318535819,True
hnswlib,glove100_100k,43,natural_source_order,59,random,cross_order,750,712,0.05066666666666664,2712161.0,3809.2148876404494,3755.0227272727275,0.9578651685393258,58872.0,0.1886330575652519,True
hnswlib,glove100_100k,43,natural_source_order,71,cluster_block_order,cross_order,750,716,0.04533333333333334,2767692.0,3865.4916201117317,3808.312146892655,0.9594972067039106,57418.0,0.148028792113106,True
hnswlib,glove100_100k,43,natural_source_order,71,natural_source_order,same_order_cross_seed,750,715,0.046666666666666634,1806290.0,2526.27972027972,2464.2842998585575,0.9552447552447553,16812.0,0.0632557999533445,True
hnswlib,glove100_100k,43,natural_source_order,71,random,cross_order,750,716,0.04533333333333334,2538137.0,3544.8840782122907,3489.1214689265535,0.9539106145251397,56320.0,0.1871830152684441,True
hnswlib,glove100_100k,43,random,43,cluster_block_order,cross_order,750,715,0.046666666666666634,4172319.0,5835.411188811188,5795.196605374823,0.9692307692307692,57482.0,0.0869169448879856,True
hnswlib,glove100_100k,43,random,43,natural_source_order,cross_order,750,715,0.046666666666666634,2643850.0,3697.6923076923076,3648.3437057991514,0.9482517482517483,57016.0,0.2006319893589319,True
hnswlib,glove100_100k,43,random,59,cluster_block_order,cross_order,750,720,0.040000000000000036,4139472.0,5749.266666666666,5708.884831460674,0.9638888888888889,57260.0,0.0864889358809757,True
hnswlib,glove100_100k,43,random,59,natural_source_order,cross_order,750,710,0.053333333333333344,2931339.0,4128.646478873239,4077.4515669515667,0.9436619718309859,61032.0,0.1392731471550689,True
hnswlib,glove100_100k,43,random,59,random,same_order_cross_seed,750,712,0.05066666666666664,1431769.0,2010.9115168539327,1955.7088068181818,0.949438202247191,25520.0,0.1457802556866867,True
hnswlib,glove100_100k,43,random,71,cluster_block_order,cross_order,750,716,0.04533333333333334,4145364.0,5789.614525139665,5748.498587570622,0.9650837988826816,57010.0,0.0863102627610806,True
hnswlib,glove100_100k,43,random,71,natural_source_order,cross_order,750,715,0.046666666666666634,2921891.0,4086.5608391608394,4034.3493635077793,0.958041958041958,56560.0,0.1287461815466841,True
hnswlib,glove100_100k,43,random,71,random,same_order_cross_seed,750,716,0.04533333333333334,1300296.0,1816.0558659217877,1756.3672316384182,0.9483240223463687,24892.0,0.1476866849406096,True
hnswlib,glove100_100k,59,cluster_block_order,43,cluster_block_order,same_order_cross_seed,750,715,0.046666666666666634,2647872.0,3703.3174825174824,3653.7821782178216,0.9664335664335665,26958.0,0.1044689360119047,True
hnswlib,glove100_100k,59,cluster_block_order,43,natural_source_order,cross_order,750,715,0.046666666666666634,2769963.0,3874.074125874126,3826.8585572843,0.9524475524475524,57548.0,0.1782212559847879,True
hnswlib,glove100_100k,59,cluster_block_order,43,random,cross_order,750,710,0.053333333333333344,3220862.0,4536.425352112676,4486.227920227921,0.971830985915493,59052.0,0.1817308935133039,True
hnswlib,glove100_100k,59,cluster_block_order,59,natural_source_order,cross_order,750,710,0.053333333333333344,2221897.0,3129.432394366197,3074.980056980057,0.9380281690140845,60264.0,0.2156398273850844,True
hnswlib,glove100_100k,59,cluster_block_order,59,random,cross_order,750,712,0.05066666666666664,2791423.0,3920.5379213483147,3870.03125,0.9578651685393258,61700.0,0.1907323255742063,True
hnswlib,glove100_100k,59,cluster_block_order,71,cluster_block_order,same_order_cross_seed,750,716,0.04533333333333334,2588848.0,3615.709497206704,3571.1709039548023,0.9594972067039106,31074.0,0.1221174251355812,True
hnswlib,glove100_100k,59,cluster_block_order,71,natural_source_order,cross_order,750,715,0.046666666666666634,2198842.0,3075.3034965034967,3017.828854314003,0.9538461538461539,54596.0,0.1951962473811039,True
hnswlib,glove100_100k,59,cluster_block_order,71,random,cross_order,750,716,0.04533333333333334,2806547.0,3919.7583798882683,3875.1198871650213,0.9594972067039106,56124.0,0.1898222994865828,True
hnswlib,glove100_100k,59,natural_source_order,43,cluster_block_order,cross_order,750,715,0.046666666666666634,2692647.0,3765.9398601398602,3707.6124469589818,0.9636363636363636,56934.0,0.1488112663098026,True
hnswlib,glove100_100k,59,natural_source_order,43,natural_source_order,same_order_cross_seed,750,715,0.046666666666666634,1686589.0,2358.8657342657343,2298.09900990099,0.9482517482517483,26404.0,0.1214725394035865,True
hnswlib,glove100_100k,59,natural_source_order,43,random,cross_order,750,710,0.053333333333333344,2817887.0,3968.8549295774646,3917.3817663817663,0.9704225352112676,58552.0,0.1962948311352192,True
hnswlib,glove100_100k,59,natural_source_order,59,cluster_block_order,cross_order,750,720,0.040000000000000036,2658890.0,3692.902777777778,3634.7612359550562,0.9597222222222223,54008.0,0.1409034224024127,True
hnswlib,glove100_100k,59,natural_source_order,59,random,cross_order,750,712,0.05066666666666664,3195646.0,4488.266853932584,4439.269886363636,0.9620786516853933,57928.0,0.1601840534905456,True
hnswlib,glove100_100k,59,natural_source_order,71,cluster_block_order,cross_order,750,716,0.04533333333333334,3011879.0,4206.534916201117,4153.029661016949,0.9622905027932961,58162.0,0.1425497289295413,True
hnswlib,glove100_100k,59,natural_source_order,71,natural_source_order,same_order_cross_seed,750,715,0.046666666666666634,1358335.0,1899.7692307692307,1837.120226308345,0.9538461538461539,22268.0,0.1137689674551678,True
hnswlib,glove100_100k,59,natural_source_order,71,random,cross_order,750,716,0.04533333333333334,2792423.0,3900.032122905028,3848.2824858757062,0.9608938547486033,56048.0,0.186656187348888,True
hnswlib,glove100_100k,59,random,43,cluster_block_order,cross_order,750,715,0.046666666666666634,3306629.0,4624.655944055944,4572.16973125884,0.9664335664335665,59554.0,0.1176101175429727,True
hnswlib,glove100_100k,59,random,43,natural_source_order,cross_order,750,715,0.046666666666666634,2433283.0,3403.193006993007,3347.134370579915,0.9454545454545454,59256.0,0.2213241500892677,True
hnswlib,glove100_100k,59,random,43,random,same_order_cross_seed,750,710,0.053333333333333344,1421016.0,2001.430985915493,1945.6339031339032,0.956338028169014,25520.0,0.1685534258880097,True
hnswlib,glove100_100k,59,random,59,cluster_block_order,cross_order,750,720,0.040000000000000036,3275386.0,4549.147222222222,4495.752808988764,0.9611111111111111,57548.0,0.1134903386882388,True
hnswlib,glove100_100k,59,random,59,natural_source_order,cross_order,750,710,0.053333333333333344,2368636.0,3336.1070422535213,3277.1638176638176,0.9436619718309859,61242.0,0.1775284807374554,True
hnswlib,glove100_100k,59,random,71,cluster_block_order,cross_order,750,716,0.04533333333333334,3281127.0,4582.579608938548,4528.4350282485875,0.9622905027932961,58494.0,0.1157041467872486,True
hnswlib,glove100_100k,59,random,71,natural_source_order,cross_order,750,715,0.046666666666666634,2571496.0,3596.497902097902,3539.4101838755305,0.958041958041958,57764.0,0.1596811022098378,True
hnswlib,glove100_100k,59,random,71,random,same_order_cross_seed,750,716,0.04533333333333334,1221330.0,1705.768156424581,1648.885593220339,0.9413407821229051,21272.0,0.2297341080415577,True
hnswlib,glove100_100k,71,cluster_block_order,43,cluster_block_order,same_order_cross_seed,750,715,0.046666666666666634,1624068.0,2271.4237762237763,2206.0254596888262,0.9608391608391609,28620.0,0.1404042386185243,True
hnswlib,glove100_100k,71,cluster_block_order,43,natural_source_order,cross_order,750,715,0.046666666666666634,3374688.0,4719.843356643357,4681.493635077793,0.9552447552447553,58986.0,0.1584461074788196,True
hnswlib,glove100_100k,71,cluster_block_order,43,random,cross_order,750,710,0.053333333333333344,3216766.0,4530.656338028169,4481.413105413106,0.9704225352112676,60146.0,0.1858112909105513,True
hnswlib,glove100_100k,71,cluster_block_order,59,cluster_block_order,same_order_cross_seed,750,720,0.040000000000000036,1694215.0,2353.0763888888887,2291.002808988764,0.9555555555555556,31074.0,0.1470401741352387,True
hnswlib,glove100_100k,71,cluster_block_order,59,natural_source_order,cross_order,750,710,0.053333333333333344,2205198.0,3105.912676056338,3049.9159544159543,0.9394366197183098,62434.0,0.2237890073337013,True
hnswlib,glove100_100k,71,cluster_block_order,59,random,cross_order,750,712,0.05066666666666664,2860041.0,4016.9115168539324,3965.53125,0.9592696629213483,60926.0,0.1852608661278454,True
hnswlib,glove100_100k,71,cluster_block_order,71,natural_source_order,cross_order,750,715,0.046666666666666634,2212275.0,3094.090909090909,3036.6647807637905,0.9524475524475524,57482.0,0.2044153313276576,True
hnswlib,glove100_100k,71,cluster_block_order,71,random,cross_order,750,716,0.04533333333333334,2876046.0,4016.8240223463686,3966.4053672316386,0.9594972067039106,58054.0,0.2072986966613104,True
hnswlib,glove100_100k,71,natural_source_order,43,cluster_block_order,cross_order,750,715,0.046666666666666634,2882045.0,4030.8321678321677,3973.3338048090523,0.9636363636363636,55518.0,0.1691137050394775,True
hnswlib,glove100_100k,71,natural_source_order,43,natural_source_order,same_order_cross_seed,750,715,0.046666666666666634,2295814.0,3210.9286713286715,3162.6237623762377,0.9496503496503497,16812.0,0.0991893518354632,True
hnswlib,glove100_100k,71,natural_source_order,43,random,cross_order,750,710,0.053333333333333344,2470986.0,3480.261971830986,3423.423076923077,0.9647887323943662,57664.0,0.2146915372873152,True
hnswlib,glove100_100k,71,natural_source_order,59,cluster_block_order,cross_order,750,720,0.040000000000000036,2945344.0,4090.7555555555555,4034.0393258426966,0.9597222222222223,52468.0,0.1561538324176641,True
hnswlib,glove100_100k,71,natural_source_order,59,natural_source_order,same_order_cross_seed,750,710,0.053333333333333344,1701022.0,2395.805633802817,2330.390313390313,0.9380281690140845,22268.0,0.0849839328921557,True
hnswlib,glove100_100k,71,natural_source_order,59,random,cross_order,750,712,0.05066666666666664,2504057.0,3516.933988764045,3459.4204545454545,0.952247191011236,58116.0,0.1914216638889072,True
hnswlib,glove100_100k,71,natural_source_order,71,cluster_block_order,cross_order,750,716,0.04533333333333334,2953653.0,4125.213687150838,4067.7076271186443,0.9622905027932961,56474.0,0.1688432054915749,True
hnswlib,glove100_100k,71,natural_source_order,71,random,cross_order,750,716,0.04533333333333334,2361188.0,3297.7486033519554,3239.4774011299437,0.952513966480447,55896.0,0.2113158471763309,True
hnswlib,glove100_100k,71,random,43,cluster_block_order,cross_order,750,715,0.046666666666666634,4172319.0,5835.411188811188,5795.196605374823,0.9692307692307692,56722.0,0.0857677698746794,True
hnswlib,glove100_100k,71,random,43,natural_source_order,cross_order,750,715,0.046666666666666634,2653083.0,3710.6055944055943,3656.97171145686,0.951048951048951,58728.0,0.207544369288183,True
hnswlib,glove100_100k,71,random,43,random,same_order_cross_seed,750,710,0.053333333333333344,1823889.0,2568.857746478873,2510.311965811966,0.9661971830985916,24892.0,0.1134021557890133,True
hnswlib,glove100_100k,71,random,59,cluster_block_order,cross_order,750,720,0.040000000000000036,4139472.0,5749.266666666666,5708.884831460674,0.9638888888888889,56268.0,0.0849905596254059,True
hnswlib,glove100_100k,71,random,59,natural_source_order,cross_order,750,710,0.053333333333333344,2971438.0,4185.123943661972,4134.643874643874,0.9436619718309859,61216.0,0.1376030066940302,True
hnswlib,glove100_100k,71,random,59,random,same_order_cross_seed,750,712,0.05066666666666664,1668839.0,2343.875,2280.2897727272725,0.9508426966292135,21272.0,0.1494722936604972,True
hnswlib,glove100_100k,71,random,71,cluster_block_order,cross_order,750,716,0.04533333333333334,4145364.0,5789.614525139665,5748.498587570622,0.9650837988826816,56630.0,0.0857349619393088,True
hnswlib,glove100_100k,71,random,71,natural_source_order,cross_order,750,715,0.046666666666666634,2965320.0,4147.300699300699,4095.97171145686,0.958041958041958,58280.0,0.1305877344327679,True
hnswlib,sift_100k,43,cluster_block_order,43,natural_source_order,cross_order,750,749,0.0013333333333332975,982742.0,1312.0720961281709,1268.8785425101214,0.9973297730307076,7262.0,0.059678188123531,True
hnswlib,sift_100k,43,cluster_block_order,43,random,cross_order,750,750,0.0,674028.0,898.704,885.4528301886793,0.9933333333333333,6486.0,0.1015245906771436,True
hnswlib,sift_100k,43,cluster_block_order,59,cluster_block_order,same_order_cross_seed,750,749,0.0013333333333332975,286434.0,382.4218958611482,341.7638326585695,0.9853137516688919,2844.0,0.0769813772195755,True
hnswlib,sift_100k,43,cluster_block_order,59,natural_source_order,cross_order,750,750,0.0,857745.0,1143.66,1131.9150943396226,0.9906666666666667,6284.0,0.0760590656015492,True
hnswlib,sift_100k,43,cluster_block_order,59,random,cross_order,750,750,0.0,702145.0,936.1933333333334,922.8167115902964,0.992,6568.0,0.0983351299556833,True
hnswlib,sift_100k,43,cluster_block_order,71,cluster_block_order,same_order_cross_seed,750,750,0.0,391114.0,521.4853333333333,516.0377358490566,0.9706666666666667,1926.0,0.055233725265271,True
hnswlib,sift_100k,43,cluster_block_order,71,natural_source_order,cross_order,750,748,0.002666666666666706,983557.0,1314.9157754010696,1270.627027027027,0.9959893048128342,8110.0,0.0671368731270385,True
hnswlib,sift_100k,43,cluster_block_order,71,random,cross_order,750,750,0.0,703734.0,938.312,925.6805929919137,0.992,6762.0,0.1011881602968904,True
hnswlib,sift_100k,43,natural_source_order,43,cluster_block_order,cross_order,750,750,0.0,690571.0,920.7613333333334,906.8463611859838,0.9866666666666667,6614.0,0.102219337289812,True
hnswlib,sift_100k,43,natural_source_order,43,random,cross_order,750,750,0.0,542796.0,723.728,708.6657681940701,0.984,6500.0,0.1302553003887619,True
hnswlib,sift_100k,43,natural_source_order,59,cluster_block_order,cross_order,750,749,0.0013333333333332975,1869777.0,2496.3644859813085,2464.3522267206476,0.9973297730307076,7358.0,0.0175538209023589,True
hnswlib,sift_100k,43,natural_source_order,59,natural_source_order,same_order_cross_seed,750,750,0.0,429701.0,572.9346666666667,562.633423180593,0.9853333333333333,2046.0,0.0540983606557377,True
hnswlib,sift_100k,43,natural_source_order,59,random,cross_order,750,750,0.0,560627.0,747.5026666666666,732.5902964959569,0.9853333333333333,6350.0,0.123004803967147,True
hnswlib,sift_100k,43,natural_source_order,71,cluster_block_order,cross_order,750,750,0.0,692152.0,922.8693333333333,908.9501347708895,0.9866666666666667,6476.0,0.1000030884215077,True
hnswlib,sift_100k,43,natural_source_order,71,natural_source_order,same_order_cross_seed,750,748,0.002666666666666706,1657088.0,2215.3582887700536,2179.5554054054055,0.9946524064171123,2992.0,0.0075623158075653,True
hnswlib,sift_100k,43,natural_source_order,71,random,cross_order,750,750,0.0,562261.0,749.6813333333333,735.3072776280324,0.9853333333333333,6464.0,0.1251306670796391,True
hnswlib,sift_100k,43,random,43,cluster_block_order,cross_order,750,750,0.0,895317.0,1193.756,1174.623989218329,0.9933333333333333,6350.0,0.0739334947839046,True
hnswlib,sift_100k,43,random,43,natural_source_order,cross_order,750,749,0.0013333333333332975,771709.0,1030.3190921228304,1000.5560053981106,0.9906542056074766,7396.0,0.0961943656842598,True
hnswlib,sift_100k,43,random,59,cluster_block_order,cross_order,750,749,0.0013333333333332975,2871418.0,3833.668891855808,3815.2523616734143,1.0,7262.0,0.0096766800272897,True
hnswlib,sift_100k,43,random,59,natural_source_order,cross_order,750,750,0.0,893676.0,1191.568,1180.4393530997304,0.992,6470.0,0.0751102855816113,True
hnswlib,sift_100k,43,random,59,random,same_order_cross_seed,750,750,0.0,310897.0,414.52933333333334,404.42857142857144,0.9813333333333333,1982.0,0.0725900966891298,True
hnswlib,sift_100k,43,random,71,cluster_block_order,cross_order,750,750,0.0,896622.0,1195.496,1175.9595687331537,0.9946666666666667,6392.0,0.0743757417793395,True
hnswlib,sift_100k,43,random,71,natural_source_order,cross_order,750,748,0.002666666666666706,2889353.0,3862.7713903743315,3844.2121621621623,1.0,8228.0,0.0109737393136744,True
hnswlib,sift_100k,43,random,71,random,same_order_cross_seed,750,750,0.0,312286.0,416.3813333333333,406.8854447439353,0.984,1876.0,0.0686224303167751,True
hnswlib,sift_100k,59,cluster_block_order,43,cluster_block_order,same_order_cross_seed,750,750,0.0,259292.0,345.72266666666667,342.400269541779,0.9626666666666667,2076.0,0.0905443126308443,True
hnswlib,sift_100k,59,cluster_block_order,43,natural_source_order,cross_order,750,749,0.0013333333333332975,939588.0,1254.456608811749,1214.6585695006747,0.9973297730307076,7294.0,0.071259696359835,True
hnswlib,sift_100k,59,cluster_block_order,43,random,cross_order,750,750,0.0,486873.0,649.164,632.9730458221024,0.9813333333333333,6446.0,0.1461346633416458,True
hnswlib,sift_100k,59,cluster_block_order,59,natural_source_order,cross_order,750,750,0.0,888953.0,1185.2706666666666,1173.743935309973,0.9933333333333333,6480.0,0.0755632258967302,True
hnswlib,sift_100k,59,cluster_block_order,59,random,cross_order,750,750,0.0,508376.0,677.8346666666666,661.522911051213,0.9813333333333333,6556.0,0.141953923436688,True
hnswlib,sift_100k,59,cluster_block_order,71,cluster_block_order,same_order_cross_seed,750,750,0.0,373371.0,497.828,492.61185983827494,0.968,2078.0,0.0621597367633861,True
hnswlib,sift_100k,59,cluster_block_order,71,natural_source_order,cross_order,750,748,0.002666666666666706,940563.0,1257.4371657754011,1217.1932432432432,0.9973262032085561,7062.0,0.0695969251995663,True
hnswlib,sift_100k,59,cluster_block_order,71,random,cross_order,750,750,0.0,509908.0,679.8773333333334,663.6752021563342,0.984,6714.0,0.1452680773724523,True
hnswlib,sift_100k,59,natural_source_order,43,cluster_block_order,cross_order,750,750,0.0,689163.0,918.884,904.1765498652292,0.988,6612.0,0.102137913989125,True
hnswlib,sift_100k,59,natural_source_order,43,natural_source_order,same_order_cross_seed,750,749,0.0013333333333332975,668370.0,892.3497997329773,856.0013495276653,0.9973297730307076,2878.0,0.0392965400475163,True
hnswlib,sift_100k,59,natural_source_order,43,random,cross_order,750,750,0.0,539573.0,719.4306666666666,704.7142857142857,0.9853333333333333,6494.0,0.1308061072392539,True
hnswlib,sift_100k,59,natural_source_order,59,cluster_block_order,cross_order,750,749,0.0013333333333332975,2871418.0,3833.668891855808,3815.2523616734143,1.0,7568.0,0.0100844277673545,True
hnswlib,sift_100k,59,natural_source_order,59,random,cross_order,750,750,0.0,557487.0,743.316,728.7574123989218,0.9853333333333333,6380.0,0.1242018377199813,True
hnswlib,sift_100k,59,natural_source_order,71,cluster_block_order,cross_order,750,750,0.0,690807.0,921.076,906.38948787062,0.988,6462.0,0.0997376138292946,True
hnswlib,sift_100k,59,natural_source_order,71,natural_source_order,same_order_cross_seed,750,748,0.002666666666666706,2889353.0,3862.7713903743315,3844.2121621621623,1.0,4130.0,0.0055082089651769,True
hnswlib,sift_100k,59,natural_source_order,71,random,cross_order,750,750,0.0,559020.0,745.36,731.4743935309973,0.984,6422.0,0.1249367728882144,True
hnswlib,sift_100k,59,random,43,cluster_block_order,cross_order,750,750,0.0,893097.0,1190.796,1171.8840970350404,0.9933333333333333,6528.0,0.0760910108168593,True
hnswlib,sift_100k,59,random,43,natural_source_order,cross_order,750,749,0.0013333333333332975,724712.0,967.5727636849132,935.1268556005398,0.9893190921228304,7246.0,0.0994155256153445,True
hnswlib,sift_100k,59,random,43,random,same_order_cross_seed,750,750,0.0,269683.0,359.57733333333334,355.14285714285717,0.972,1982.0,0.0824253514097978,True
hnswlib,sift_100k,59,random,59,cluster_block_order,cross_order,750,749,0.0013333333333332975,2871418.0,3833.668891855808,3815.2523616734143,1.0,7428.0,0.0098978765137301,True
hnswlib,sift_100k,59,random,59,natural_source_order,cross_order,750,750,0.0,893358.0,1191.144,1180.2048517520216,0.9933333333333333,6332.0,0.0735082423960993,True
hnswlib,sift_100k,59,random,71,cluster_block_order,cross_order,750,750,0.0,894450.0,1192.6,1173.4730458221024,0.9946666666666667,6434.0,0.0749481629895394,True
hnswlib,sift_100k,59,random,71,natural_source_order,cross_order,750,748,0.002666666666666706,2889353.0,3862.7713903743315,3844.2121621621623,1.0,8090.0,0.0107896877792448,True
hnswlib,sift_100k,59,random,71,random,same_order_cross_seed,750,750,0.0,265955.0,354.6066666666667,350.311320754717,0.9586666666666667,1934.0,0.0816378218657661,True
hnswlib,sift_100k,71,cluster_block_order,43,cluster_block_order,same_order_cross_seed,750,750,0.0,491832.0,655.776,649.3342318059299,0.9706666666666667,1926.0,0.0434253246753246,True
hnswlib,sift_100k,71,cluster_block_order,43,natural_source_order,cross_order,750,749,0.0013333333333332975,978059.0,1305.8197596795728,1262.5587044534414,0.9973297730307076,7244.0,0.0604200376999683,True
hnswlib,sift_100k,71,cluster_block_order,43,random,cross_order,750,750,0.0,670749.0,894.332,881.0525606469002,0.9933333333333333,6440.0,0.101312022150206,True
hnswlib,sift_100k,71,cluster_block_order,59,cluster_block_order,same_order_cross_seed,750,749,0.0013333333333332975,1793145.0,2394.052069425901,2360.093117408907,0.9986648865153538,2846.0,0.0069147488726481,True
hnswlib,sift_100k,71,cluster_block_order,59,natural_source_order,cross_order,750,750,0.0,856796.0,1142.3946666666666,1130.876010781671,0.9906666666666667,6318.0,0.0765892450176986,True
hnswlib,sift_100k,71,cluster_block_order,59,random,cross_order,750,750,0.0,669167.0,892.2226666666667,878.6132075471698,0.992,6594.0,0.1039014244295978,True
hnswlib,sift_100k,71,cluster_block_order,71,natural_source_order,cross_order,750,748,0.002666666666666706,2003798.0,2678.8743315508023,2647.5162162162164,0.9986631016042781,8180.0,0.0188695784563854,True
hnswlib,sift_100k,71,cluster_block_order,71,random,cross_order,750,750,0.0,670577.0,894.1026666666667,881.0849056603773,0.992,6800.0,0.1070899870862074,True
hnswlib,sift_100k,71,natural_source_order,43,cluster_block_order,cross_order,750,750,0.0,880987.0,1174.6493333333333,1162.7304582210243,0.996,6494.0,0.0759212495323606,True
hnswlib,sift_100k,71,natural_source_order,43,natural_source_order,same_order_cross_seed,750,749,0.0013333333333332975,456608.0,609.6234979973298,598.5802968960863,0.9839786381842457,2992.0,0.0723019670388091,True
hnswlib,sift_100k,71,natural_source_order,43,random,cross_order,750,750,0.0,594601.0,792.8013333333333,778.4838274932614,0.9906666666666667,6452.0,0.1171259485168645,True
hnswlib,sift_100k,71,natural_source_order,59,cluster_block_order,cross_order,750,749,0.0013333333333332975,881079.0,1176.3404539385847,1161.3751686909582,0.9959946595460614,7246.0,0.0840525241276911,True
hnswlib,sift_100k,71,natural_source_order,59,natural_source_order,same_order_cross_seed,750,750,0.0,456343.0,608.4573333333333,598.4204851752022,0.98,2466.0,0.0607568739528924,True
hnswlib,sift_100k,71,natural_source_order,59,random,cross_order,750,750,0.0,592883.0,790.5106666666667,776.0619946091645,0.9906666666666667,6314.0,0.1148334060817692,True
hnswlib,sift_100k,71,natural_source_order,71,cluster_block_order,cross_order,750,750,0.0,882366.0,1176.488,1164.5471698113208,0.996,6476.0,0.0756630447482182,True
hnswlib,sift_100k,71,natural_source_order,71,random,cross_order,750,750,0.0,594830.0,793.1066666666667,779.2035040431267,0.9906666666666667,6488.0,0.1179250427132938,True
hnswlib,sift_100k,71,random,43,cluster_block_order,cross_order,750,750,0.0,891174.0,1188.232,1168.5242587601078,0.9933333333333333,6546.0,0.0765005609573672,True
hnswlib,sift_100k,71,random,43,natural_source_order,cross_order,750,749,0.0013333333333332975,727993.0,971.9532710280374,939.5546558704453,0.9893190921228304,7344.0,0.1003635170962363,True
hnswlib,sift_100k,71,random,43,random,same_order_cross_seed,750,750,0.0,337935.0,450.58,445.5148247978437,0.98,1876.0,0.0624375956866138,True
hnswlib,sift_100k,71,random,59,cluster_block_order,cross_order,750,749,0.0013333333333332975,2871418.0,3833.668891855808,3815.2523616734143,1.0,7378.0,0.0098312510660071,True
hnswlib,sift_100k,71,random,59,natural_source_order,cross_order,750,750,0.0,895222.0,1193.6293333333333,1182.7466307277627,0.9933333333333333,6406.0,0.0742019181763424,True
hnswlib,sift_100k,71,random,59,random,same_order_cross_seed,750,750,0.0,306286.0,408.3813333333333,402.044474393531,0.968,1934.0,0.0710820346956777,True
hnswlib,sift_100k,71,random,71,cluster_block_order,cross_order,750,750,0.0,892527.0,1190.036,1169.7075471698113,0.9946666666666667,6512.0,0.0760552194529443,True
hnswlib,sift_100k,71,random,71,natural_source_order,cross_order,750,748,0.002666666666666706,2889353.0,3862.7713903743315,3844.2121621621623,1.0,8224.0,0.0109684044865895,True
faiss,arxiv_nomic_100k,43,cluster_block_order,43,natural_source_order,cross_order,750,750,0.0,693843.0,925.124,908.7614555256065,0.992,4040.0,0.0731592481257469,True
faiss,arxiv_nomic_100k,43,cluster_block_order,43,random,cross_order,750,750,0.0,577915.0,770.5533333333333,758.6185983827494,0.9973333333333333,3764.0,0.0832927638858154,True
faiss,arxiv_nomic_100k,43,cluster_block_order,59,cluster_block_order,same_order_cross_seed,750,750,0.0,407204.0,542.9386666666667,533.8921832884097,0.9786666666666667,3438.0,0.1107317701623293,True
faiss,arxiv_nomic_100k,43,cluster_block_order,59,natural_source_order,cross_order,750,750,0.0,1162875.0,1550.5,1512.3301886792453,0.9973333333333333,3836.0,0.0376381012186267,True
faiss,arxiv_nomic_100k,43,cluster_block_order,59,random,cross_order,750,750,0.0,926923.0,1235.8973333333333,1210.3867924528302,0.992,3878.0,0.0490910932199098,True
faiss,arxiv_nomic_100k,43,cluster_block_order,71,cluster_block_order,same_order_cross_seed,750,750,0.0,1023807.0,1365.076,1342.3355795148248,0.996,4376.0,0.0507974833422329,True
faiss,arxiv_nomic_100k,43,cluster_block_order,71,natural_source_order,cross_order,750,750,0.0,700268.0,933.6906666666666,917.0256064690027,0.996,3504.0,0.0629830679081137,True
faiss,arxiv_nomic_100k,43,cluster_block_order,71,random,cross_order,750,750,0.0,1014159.0,1352.212,1326.7735849056603,0.9946666666666667,4032.0,0.0465363218762263,True
faiss,arxiv_nomic_100k,43,natural_source_order,43,cluster_block_order,cross_order,750,750,0.0,492430.0,656.5733333333334,642.7762803234501,0.988,3552.0,0.0940130220740035,True
faiss,arxiv_nomic_100k,43,natural_source_order,43,random,cross_order,750,750,0.0,756395.0,1008.5266666666666,1000.8018867924528,0.9906666666666667,3800.0,0.0621504039776258,True
faiss,arxiv_nomic_100k,43,natural_source_order,59,cluster_block_order,cross_order,750,750,0.0,760407.0,1013.876,1000.1725067385445,0.9946666666666667,3566.0,0.0578670647799558,True
faiss,arxiv_nomic_100k,43,natural_source_order,59,natural_source_order,same_order_cross_seed,750,750,0.0,623241.0,830.988,786.211590296496,0.9786666666666667,3988.0,0.0759937497618049,True
faiss,arxiv_nomic_100k,43,natural_source_order,59,random,cross_order,750,750,0.0,597734.0,796.9786666666666,771.5309973045822,0.9946666666666667,4202.0,0.0891992867453511,True
faiss,arxiv_nomic_100k,43,natural_source_order,71,cluster_block_order,cross_order,750,750,0.0,877882.0,1170.5093333333334,1146.7412398921833,0.9946666666666667,4500.0,0.0620843795701001,True
faiss,arxiv_nomic_100k,43,natural_source_order,71,natural_source_order,same_order_cross_seed,750,750,0.0,757785.0,1010.38,1001.4905660377359,0.9946666666666667,3868.0,0.0630028993061211,True
faiss,arxiv_nomic_100k,43,natural_source_order,71,random,cross_order,750,750,0.0,880791.0,1174.388,1149.601078167116,0.9946666666666667,4372.0,0.0600929158534238,True
faiss,arxiv_nomic_100k,43,random,43,cluster_block_order,cross_order,750,750,0.0,604963.0,806.6173333333334,788.7654986522911,0.9933333333333333,3596.0,0.0762801747910568,True
faiss,arxiv_nomic_100k,43,random,43,natural_source_order,cross_order,750,750,0.0,665755.0,887.6733333333333,867.88948787062,0.9933333333333333,4120.0,0.0772027133380804,True
faiss,arxiv_nomic_100k,43,random,59,cluster_block_order,cross_order,750,750,0.0,617557.0,823.4093333333333,805.6482479784366,0.992,3670.0,0.075415091237876,True
faiss,arxiv_nomic_100k,43,random,59,natural_source_order,cross_order,750,750,0.0,878080.0,1170.7733333333333,1129.446091644205,0.9906666666666667,3796.0,0.0494799134492557,True
faiss,arxiv_nomic_100k,43,random,59,random,same_order_cross_seed,750,750,0.0,571260.0,761.68,741.2304582210243,0.9853333333333333,3766.0,0.08307597282273,True
faiss,arxiv_nomic_100k,43,random,71,cluster_block_order,cross_order,750,750,0.0,702138.0,936.184,909.6051212938005,0.9893333333333333,4452.0,0.0770108977685521,True
faiss,arxiv_nomic_100k,43,random,71,natural_source_order,cross_order,750,750,0.0,891238.0,1188.3173333333334,1171.4029649595686,0.996,3516.0,0.0479895176480222,True
faiss,arxiv_nomic_100k,43,random,71,random,same_order_cross_seed,750,750,0.0,970954.0,1294.6053333333334,1269.9851752021564,0.9946666666666667,4260.0,0.0522353287392402,True
faiss,arxiv_nomic_100k,59,cluster_block_order,43,cluster_block_order,same_order_cross_seed,750,750,0.0,576381.0,768.508,761.433962264151,0.992,3166.0,0.0706601794402535,True
faiss,arxiv_nomic_100k,59,cluster_block_order,43,natural_source_order,cross_order,750,750,0.0,883930.0,1178.5733333333333,1161.423180592992,0.9946666666666667,3862.0,0.0531502023065701,True
faiss,arxiv_nomic_100k,59,cluster_block_order,43,random,cross_order,750,750,0.0,790361.0,1053.8146666666667,1045.311320754717,0.996,3742.0,0.05836114663589,True
faiss,arxiv_nomic_100k,59,cluster_block_order,59,natural_source_order,cross_order,750,750,0.0,1141043.0,1521.3906666666667,1482.5916442048517,0.9973333333333333,3734.0,0.0374846909069006,True
faiss,arxiv_nomic_100k,59,cluster_block_order,59,random,cross_order,750,750,0.0,971318.0,1295.0906666666667,1271.5970350404314,0.9973333333333333,4000.0,0.0492101766645342,True
faiss,arxiv_nomic_100k,59,cluster_block_order,71,cluster_block_order,same_order_cross_seed,750,750,0.0,965903.0,1287.8706666666667,1264.4474393530998,0.996,4414.0,0.0545194041649168,True
faiss,arxiv_nomic_100k,59,cluster_block_order,71,natural_source_order,cross_order,750,750,0.0,669008.0,892.0106666666667,871.1388140161725,0.9933333333333333,3598.0,0.0672246926497515,True
faiss,arxiv_nomic_100k,59,cluster_block_order,71,random,cross_order,750,750,0.0,797914.0,1063.8853333333334,1036.822102425876,0.9933333333333333,3906.0,0.0594104584309311,True
faiss,arxiv_nomic_100k,59,natural_source_order,43,cluster_block_order,cross_order,750,750,0.0,572453.0,763.2706666666667,743.3274932614555,0.9933333333333333,3476.0,0.0780246913580246,True
faiss,arxiv_nomic_100k,59,natural_source_order,43,natural_source_order,same_order_cross_seed,750,750,0.0,722060.0,962.7466666666667,942.5714285714286,0.9933333333333333,4180.0,0.0719424460431654,True
faiss,arxiv_nomic_100k,59,natural_source_order,43,random,cross_order,750,750,0.0,507266.0,676.3546666666666,665.0309973045822,0.992,3740.0,0.0955495375811149,True
faiss,arxiv_nomic_100k,59,natural_source_order,59,cluster_block_order,cross_order,750,750,0.0,578382.0,771.176,752.2412398921833,0.9933333333333333,3726.0,0.0821863419798835,True
faiss,arxiv_nomic_100k,59,natural_source_order,59,random,cross_order,750,750,0.0,624959.0,833.2786666666667,805.7237196765499,0.9933333333333333,4290.0,0.0851393188854489,True
faiss,arxiv_nomic_100k,59,natural_source_order,71,cluster_block_order,cross_order,750,750,0.0,624819.0,833.092,812.3288409703504,0.9906666666666667,4060.0,0.0811967521299148,True
faiss,arxiv_nomic_100k,59,natural_source_order,71,natural_source_order,same_order_cross_seed,750,750,0.0,585416.0,780.5546666666667,758.5552560646901,0.9933333333333333,3744.0,0.0801335559265442,True
faiss,arxiv_nomic_100k,59,natural_source_order,71,random,cross_order,750,750,0.0,593794.0,791.7253333333333,763.978436657682,0.992,3944.0,0.0836124655501378,True
faiss,arxiv_nomic_100k,59,random,43,cluster_block_order,cross_order,750,750,0.0,750349.0,1000.4653333333333,992.0390835579515,0.9946666666666667,3558.0,0.0588858362847969,True
faiss,arxiv_nomic_100k,59,random,43,natural_source_order,cross_order,750,750,0.0,705023.0,940.0306666666667,923.5067385444744,0.992,4042.0,0.071699719728953,True
faiss,arxiv_nomic_100k,59,random,43,random,same_order_cross_seed,750,750,0.0,387001.0,516.0013333333334,506.43935309973045,0.98,3606.0,0.1217338464654648,True
faiss,arxiv_nomic_100k,59,random,59,cluster_block_order,cross_order,750,750,0.0,741557.0,988.7426666666667,980.5539083557951,0.988,3784.0,0.0629743043536147,True
faiss,arxiv_nomic_100k,59,random,59,natural_source_order,cross_order,750,750,0.0,1517183.0,2022.9106666666667,1988.5619946091645,0.9973333333333333,3818.0,0.0272282523427136,True
faiss,arxiv_nomic_100k,59,random,71,cluster_block_order,cross_order,750,750,0.0,935708.0,1247.6106666666667,1221.5377358490566,0.9933333333333333,4110.0,0.050764556211556,True
faiss,arxiv_nomic_100k,59,random,71,natural_source_order,cross_order,750,750,0.0,406843.0,542.4573333333333,533.6873315363881,0.98,3442.0,0.1110537523391624,True
faiss,arxiv_nomic_100k,59,random,71,random,same_order_cross_seed,750,750,0.0,938274.0,1251.032,1224.1051212938005,0.992,3958.0,0.0487234409237511,True
faiss,arxiv_nomic_100k,71,cluster_block_order,43,cluster_block_order,same_order_cross_seed,750,750,0.0,581439.0,775.252,764.788409703504,0.992,3520.0,0.0777831793874574,True
faiss,arxiv_nomic_100k,71,cluster_block_order,43,natural_source_order,cross_order,750,750,0.0,679887.0,906.516,886.5970350404313,0.992,4052.0,0.074324076451814,True
faiss,arxiv_nomic_100k,71,cluster_block_order,43,random,cross_order,750,750,0.0,740586.0,987.448,982.1520861372813,0.9866666666666667,3674.0,0.0613417036764951,True
faiss,arxiv_nomic_100k,71,cluster_block_order,59,cluster_block_order,same_order_cross_seed,750,750,0.0,573168.0,764.224,753.5013477088949,0.984,3990.0,0.0889513108614232,True
faiss,arxiv_nomic_100k,71,cluster_block_order,59,natural_source_order,cross_order,750,750,0.0,483516.0,644.688,633.2614555256065,0.984,3412.0,0.0915678170790617,True
faiss,arxiv_nomic_100k,71,cluster_block_order,59,random,cross_order,750,750,0.0,453636.0,604.848,587.3099730458221,0.9853333333333333,3982.0,0.1145174278154837,True
faiss,arxiv_nomic_100k,71,cluster_block_order,71,natural_source_order,cross_order,750,750,0.0,743833.0,991.7773333333333,983.2708894878706,0.9893333333333333,3742.0,0.0620831535985665,True
faiss,arxiv_nomic_100k,71,cluster_block_order,71,random,cross_order,750,750,0.0,739860.0,986.48,975.7614555256065,0.988,4080.0,0.0678710450144725,True
faiss,arxiv_nomic_100k,71,natural_source_order,43,cluster_block_order,cross_order,750,750,0.0,588002.0,784.0026666666666,768.7129380053908,0.992,3528.0,0.0771417326278042,True
faiss,arxiv_nomic_100k,71,natural_source_order,43,natural_source_order,same_order_cross_seed,750,750,0.0,593974.0,791.9653333333333,773.6199460916442,0.9906666666666667,4012.0,0.0854234978495081,True
faiss,arxiv_nomic_100k,71,natural_source_order,43,random,cross_order,750,750,0.0,517480.0,689.9733333333334,682.5754716981132,0.9826666666666667,3668.0,0.0911394921234408,True
faiss,arxiv_nomic_100k,71,natural_source_order,59,cluster_block_order,cross_order,750,750,0.0,543792.0,725.056,707.6536388140162,0.9906666666666667,3710.0,0.0872530573847601,True
faiss,arxiv_nomic_100k,71,natural_source_order,59,natural_source_order,same_order_cross_seed,750,750,0.0,1479600.0,1972.8,1938.2425876010782,0.996,3728.0,0.0273157578510822,True
faiss,arxiv_nomic_100k,71,natural_source_order,59,random,cross_order,750,750,0.0,538248.0,717.664,702.0283018867924,0.9946666666666667,3778.0,0.0899780889778031,True
faiss,arxiv_nomic_100k,71,natural_source_order,71,cluster_block_order,cross_order,750,750,0.0,998577.0,1331.436,1307.5175202156333,0.9973333333333333,4388.0,0.0510315632777428,True
faiss,arxiv_nomic_100k,71,natural_source_order,71,random,cross_order,750,750,0.0,1000911.0,1334.548,1309.8962264150944,0.9946666666666667,4132.0,0.0479028032182522,True
faiss,arxiv_nomic_100k,71,random,43,cluster_block_order,cross_order,750,750,0.0,581606.0,775.4746666666666,765.2574123989218,0.9906666666666667,3600.0,0.0794947665945325,True
faiss,arxiv_nomic_100k,71,random,43,natural_source_order,cross_order,750,750,0.0,674837.0,899.7826666666666,880.5,0.992,4116.0,0.0756756756756756,True
faiss,arxiv_nomic_100k,71,random,43,random,same_order_cross_seed,750,750,0.0,739011.0,985.348,979.4204851752022,0.9853333333333333,3892.0,0.0651206371515577,True
faiss,arxiv_nomic_100k,71,random,59,cluster_block_order,cross_order,750,750,0.0,573672.0,764.896,754.822102425876,0.9866666666666667,3690.0,0.0819708548071796,True
faiss,arxiv_nomic_100k,71,random,59,natural_source_order,cross_order,750,750,0.0,767459.0,1023.2786666666667,1004.1428571428571,0.9933333333333333,3712.0,0.0597957408421663,True
faiss,arxiv_nomic_100k,71,random,59,random,same_order_cross_seed,750,750,0.0,585677.0,780.9026666666666,760.3787061994609,0.9826666666666667,4174.0,0.0892414264944838,True
faiss,arxiv_nomic_100k,71,random,71,cluster_block_order,cross_order,750,750,0.0,886955.0,1182.6066666666666,1167.0606469002696,0.9933333333333333,4216.0,0.0575814690376683,True
faiss,arxiv_nomic_100k,71,random,71,natural_source_order,cross_order,750,750,0.0,591755.0,789.0066666666667,768.322102425876,0.992,3508.0,0.0742182541361655,True
faiss,glove100_100k,43,cluster_block_order,43,natural_source_order,cross_order,750,704,0.06133333333333335,2421485.0,3439.609375,3380.2528735632186,0.96875,63766.0,0.2224602288584984,True
faiss,glove100_100k,43,cluster_block_order,43,random,cross_order,750,705,0.06000000000000005,2514342.0,3566.4425531914894,3514.2639885222384,0.9602836879432625,59524.0,0.188051685464253,True
faiss,glove100_100k,43,cluster_block_order,59,cluster_block_order,same_order_cross_seed,750,704,0.06133333333333335,2997890.0,4258.366477272727,4206.616379310345,0.9602272727272727,62854.0,0.18831417854104,True
faiss,glove100_100k,43,cluster_block_order,59,natural_source_order,cross_order,750,699,0.06799999999999995,2352306.0,3365.244635193133,3312.351156069364,0.9742489270386266,64034.0,0.1907295104428532,True
faiss,glove100_100k,43,cluster_block_order,59,random,cross_order,750,714,0.04800000000000004,2274846.0,3186.0588235294117,3124.92776203966,0.9649859943977591,54654.0,0.1804620017434028,True
faiss,glove100_100k,43,cluster_block_order,71,cluster_block_order,same_order_cross_seed,750,714,0.04800000000000004,2823273.0,3954.1638655462184,3900.5084985835692,0.9537815126050421,56700.0,0.1643621184450822,True
faiss,glove100_100k,43,cluster_block_order,71,natural_source_order,cross_order,750,706,0.058666666666666645,2057016.0,2913.6203966005664,2854.772206303725,0.9447592067988668,62572.0,0.2390123532242908,True
faiss,glove100_100k,43,cluster_block_order,71,random,cross_order,750,709,0.05466666666666664,2728709.0,3848.672778561354,3795.6333808844506,0.9605077574047954,62736.0,0.2005331696745363,True
faiss,glove100_100k,43,natural_source_order,43,cluster_block_order,cross_order,750,712,0.05066666666666664,2903184.0,4077.505617977528,4025.931818181818,0.9578651685393258,60086.0,0.1578875452620072,True
faiss,glove100_100k,43,natural_source_order,43,random,cross_order,750,705,0.06000000000000005,2280929.0,3235.360283687943,3179.7489239598276,0.9531914893617022,63286.0,0.2318083586681806,True
faiss,glove100_100k,43,natural_source_order,59,cluster_block_order,cross_order,750,704,0.06133333333333335,2898333.0,4116.950284090909,4065.948275862069,0.9573863636363636,62820.0,0.194940605488872,True
faiss,glove100_100k,43,natural_source_order,59,natural_source_order,same_order_cross_seed,750,699,0.06799999999999995,2347316.0,3358.1058655221746,3307.0549132947976,0.9713876967095851,61608.0,0.208911495422177,True
faiss,glove100_100k,43,natural_source_order,59,random,cross_order,750,714,0.04800000000000004,2803165.0,3926.0014005602243,3872.2237960339944,0.9719887955182073,56660.0,0.1681465302343249,True
faiss,glove100_100k,43,natural_source_order,71,cluster_block_order,cross_order,750,714,0.04800000000000004,2925306.0,4097.0672268907565,4048.025495750708,0.9551820728291317,59354.0,0.1813764736800288,True
faiss,glove100_100k,43,natural_source_order,71,natural_source_order,same_order_cross_seed,750,706,0.058666666666666645,1945255.0,2755.3186968838527,2693.945558739255,0.9504249291784702,60534.0,0.2423667331299397,True
faiss,glove100_100k,43,natural_source_order,71,random,cross_order,750,709,0.05466666666666664,3486000.0,4916.784203102962,4876.509272467903,0.9619181946403385,61818.0,0.1450697680967601,True
faiss,glove100_100k,43,random,43,cluster_block_order,cross_order,750,712,0.05066666666666664,1809006.0,2540.7387640449438,2475.5866477272725,0.9480337078651685,55940.0,0.2241024285107644,True
faiss,glove100_100k,43,random,43,natural_source_order,cross_order,750,704,0.06133333333333335,3098228.0,4400.892045454545,4351.948275862069,0.9730113636363636,63254.0,0.1592754119495588,True
faiss,glove100_100k,43,random,59,cluster_block_order,cross_order,750,704,0.06133333333333335,2057650.0,2922.7982954545455,2857.9008620689656,0.9517045454545454,58858.0,0.2223977147348216,True
faiss,glove100_100k,43,random,59,natural_source_order,cross_order,750,699,0.06799999999999995,2620782.0,3749.3304721030045,3701.313583815029,0.9756795422031473,56794.0,0.157934839434489,True
faiss,glove100_100k,43,random,59,random,same_order_cross_seed,750,714,0.04800000000000004,2433602.0,3408.406162464986,3346.3895184135977,0.9705882352941176,52358.0,0.1487544605313998,True
faiss,glove100_100k,43,random,71,cluster_block_order,cross_order,750,714,0.04800000000000004,3299656.0,4621.366946778711,4579.443342776204,0.9537815126050421,58220.0,0.1589485696812838,True
faiss,glove100_100k,43,random,71,natural_source_order,cross_order,750,706,0.058666666666666645,2473752.0,3503.8980169971674,3446.610315186246,0.9560906515580736,59996.0,0.1708615985737801,True
faiss,glove100_100k,43,random,71,random,same_order_cross_seed,750,709,0.05466666666666664,2609213.0,3680.1311706629053,3624.3195435092725,0.9576868829337094,57512.0,0.1867964116588607,True
faiss,glove100_100k,59,cluster_block_order,43,cluster_block_order,same_order_cross_seed,750,712,0.05066666666666664,2376420.0,3337.6685393258426,3281.078125,0.9536516853932584,58662.0,0.2028633675692499,True
faiss,glove100_100k,59,cluster_block_order,43,natural_source_order,cross_order,750,704,0.06133333333333335,2069970.0,2940.2982954545455,2874.479885057471,0.9644886363636364,62180.0,0.2373862317512675,True
faiss,glove100_100k,59,cluster_block_order,43,random,cross_order,750,705,0.06000000000000005,2414582.0,3424.9390070921986,3369.3931133428982,0.9617021276595744,57522.0,0.1990532151236426,True
faiss,glove100_100k,59,cluster_block_order,59,natural_source_order,cross_order,750,699,0.06799999999999995,2509737.0,3590.467811158798,3539.323699421965,0.9728183118741058,61232.0,0.1793913257473662,True
faiss,glove100_100k,59,cluster_block_order,59,random,cross_order,750,714,0.04800000000000004,2198579.0,3079.2422969187674,3020.7960339943343,0.9565826330532213,56396.0,0.2213969410508464,True
faiss,glove100_100k,59,cluster_block_order,71,cluster_block_order,same_order_cross_seed,750,714,0.04800000000000004,3640081.0,5098.152661064426,5054.415014164306,0.957983193277311,57130.0,0.1303689031486611,True
faiss,glove100_100k,59,cluster_block_order,71,natural_source_order,cross_order,750,706,0.058666666666666645,1870335.0,2649.199716713881,2585.2550143266476,0.9546742209631728,60378.0,0.242332051662827,True
faiss,glove100_100k,59,cluster_block_order,71,random,cross_order,750,709,0.05466666666666664,2816709.0,3972.79125528914,3920.780313837375,0.9576868829337094,58634.0,0.1358230598525807,True
faiss,glove100_100k,59,natural_source_order,43,cluster_block_order,cross_order,750,712,0.05066666666666664,2192432.0,3079.258426966292,3017.5,0.9550561797752809,57410.0,0.1903602952391689,True
faiss,glove100_100k,59,natural_source_order,43,natural_source_order,same_order_cross_seed,750,704,0.06133333333333335,3062407.0,4350.009943181818,4299.732758620689,0.9730113636363636,59888.0,0.1874029940419566,True
faiss,glove100_100k,59,natural_source_order,43,random,cross_order,750,705,0.06000000000000005,1975900.0,2802.695035460993,2742.5265423242467,0.9546099290780142,56618.0,0.239401601704877,True
faiss,glove100_100k,59,natural_source_order,59,cluster_block_order,cross_order,750,704,0.06133333333333335,2348303.0,3335.6576704545455,3275.3735632183907,0.9573863636363636,61968.0,0.2343189896392649,True
faiss,glove100_100k,59,natural_source_order,59,random,cross_order,750,714,0.04800000000000004,2118155.0,2966.6036414565824,2903.770538243626,0.9663865546218487,54424.0,0.216456139234465,True
faiss,glove100_100k,59,natural_source_order,71,cluster_block_order,cross_order,750,714,0.04800000000000004,3758900.0,5264.565826330532,5224.565155807365,0.957983193277311,56814.0,0.1577001437826495,True
faiss,glove100_100k,59,natural_source_order,71,natural_source_order,same_order_cross_seed,750,706,0.058666666666666645,2289183.0,3242.4688385269124,3185.4111747851002,0.9575070821529745,59342.0,0.2482824986402242,True
faiss,glove100_100k,59,natural_source_order,71,random,cross_order,750,709,0.05466666666666664,2687809.0,3790.9858956276444,3736.0998573466477,0.9590973201692524,56998.0,0.1765573211907195,True
faiss,glove100_100k,59,random,43,cluster_block_order,cross_order,750,712,0.05066666666666664,2545076.0,3574.544943820225,3519.2102272727275,0.9564606741573034,57086.0,0.1512251980184905,True
faiss,glove100_100k,59,random,43,natural_source_order,cross_order,750,704,0.06133333333333335,2526298.0,3588.4914772727275,3531.544540229885,0.9701704545454546,62484.0,0.2066597872678202,True
faiss,glove100_100k,59,random,43,random,same_order_cross_seed,750,705,0.06000000000000005,2430291.0,3447.2212765957447,3394.1262553802007,0.9588652482269504,55366.0,0.2094261830010969,True
faiss,glove100_100k,59,random,59,cluster_block_order,cross_order,750,704,0.06133333333333335,3006644.0,4270.801136363636,4217.936781609195,0.9616477272727273,60572.0,0.1770634799995322,True
faiss,glove100_100k,59,random,59,natural_source_order,cross_order,750,699,0.06799999999999995,2518043.0,3602.3505007153076,3553.6401734104047,0.9742489270386266,61720.0,0.2053691453821889,True
faiss,glove100_100k,59,random,71,cluster_block_order,cross_order,750,714,0.04800000000000004,2994180.0,4193.529411764706,4141.634560906516,0.9565826330532213,57766.0,0.1485223866014634,True
faiss,glove100_100k,59,random,71,natural_source_order,cross_order,750,706,0.058666666666666645,2070024.0,2932.045325779037,2871.535816618911,0.9560906515580736,57902.0,0.2144629721541117,True
faiss,glove100_100k,59,random,71,random,same_order_cross_seed,750,709,0.05466666666666664,2564178.0,3616.612129760226,3563.111269614836,0.9619181946403385,60310.0,0.2184274383397921,True
faiss,glove100_100k,71,cluster_block_order,43,cluster_block_order,same_order_cross_seed,750,712,0.05066666666666664,3027433.0,4252.012640449439,4200.242897727273,0.9578651685393258,56524.0,0.1277707703227498,True
faiss,glove100_100k,71,cluster_block_order,43,natural_source_order,cross_order,750,704,0.06133333333333335,2449246.0,3479.0426136363635,3421.169540229885,0.9701704545454546,62170.0,0.215425237012807,True
faiss,glove100_100k,71,cluster_block_order,43,random,cross_order,750,705,0.06000000000000005,3295166.0,4673.994326241134,4634.750358680058,0.9617021276595744,61852.0,0.1726465284794756,True
faiss,glove100_100k,71,cluster_block_order,59,cluster_block_order,same_order_cross_seed,750,704,0.06133333333333335,3931920.0,5585.113636363636,5546.010057471264,0.9630681818181818,59210.0,0.1434976491687266,True
faiss,glove100_100k,71,cluster_block_order,59,natural_source_order,cross_order,750,699,0.06799999999999995,2705126.0,3869.994277539342,3824.5520231213873,0.9728183118741058,56910.0,0.1851068812531713,True
faiss,glove100_100k,71,cluster_block_order,59,random,cross_order,750,714,0.04800000000000004,2778543.0,3891.516806722689,3839.6203966005664,0.969187675070028,56870.0,0.1777143071423214,True
faiss,glove100_100k,71,cluster_block_order,71,natural_source_order,cross_order,750,706,0.058666666666666645,2213858.0,3135.7762039660056,3076.679083094556,0.9560906515580736,59676.0,0.2648194332271263,True
faiss,glove100_100k,71,cluster_block_order,71,random,cross_order,750,709,0.05466666666666664,2995848.0,4225.45557122708,4175.917261055635,0.9605077574047954,56328.0,0.1966224282492896,True
faiss,glove100_100k,71,natural_source_order,43,cluster_block_order,cross_order,750,712,0.05066666666666664,3060643.0,4298.6558988764045,4246.146306818182,0.9564606741573034,59660.0,0.1219936120006052,True
faiss,glove100_100k,71,natural_source_order,43,natural_source_order,same_order_cross_seed,750,704,0.06133333333333335,2825010.0,4012.7982954545455,3959.152298850575,0.9744318181818182,61054.0,0.1922452012695853,True
faiss,glove100_100k,71,natural_source_order,43,random,cross_order,750,705,0.06000000000000005,2668981.0,3785.7886524822693,3733.077474892396,0.9631205673758865,60540.0,0.1973671341666177,True
faiss,glove100_100k,71,natural_source_order,59,cluster_block_order,cross_order,750,704,0.06133333333333335,2984527.0,4239.384943181818,4185.568965517241,0.9602272727272727,61146.0,0.1726371305634295,True
faiss,glove100_100k,71,natural_source_order,59,natural_source_order,same_order_cross_seed,750,699,0.06799999999999995,2784239.0,3983.1745350500714,3935.1690751445085,0.9742489270386266,59102.0,0.1620600397047371,True
faiss,glove100_100k,71,natural_source_order,59,random,cross_order,750,714,0.04800000000000004,2242639.0,3140.950980392157,3076.3385269121814,0.9621848739495799,54814.0,0.1836093469464319,True
faiss,glove100_100k,71,natural_source_order,71,cluster_block_order,cross_order,750,714,0.04800000000000004,2518624.0,3527.484593837535,3468.587818696884,0.9509803921568627,56732.0,0.1888385159739836,True
faiss,glove100_100k,71,natural_source_order,71,random,cross_order,750,709,0.05466666666666664,2534185.0,3574.308885754584,3517.2667617689017,0.9548660084626234,57932.0,0.2136781770299279,True
faiss,glove100_100k,71,random,43,cluster_block_order,cross_order,750,712,0.05066666666666664,2729960.0,3834.2134831460676,3776.9289772727275,0.9536516853932584,61200.0,0.142071174872902,True
faiss,glove100_100k,71,random,43,natural_source_order,cross_order,750,704,0.06133333333333335,2279779.0,3238.322443181818,3184.7259684361547,0.9673295454545454,63802.0,0.213458861945292,True
faiss,glove100_100k,71,random,43,random,same_order_cross_seed,750,705,0.06000000000000005,1937206.0,2747.809929078014,2684.4088952654233,0.9574468085106383,59432.0,0.2648083623693379,True
faiss,glove100_100k,71,random,59,cluster_block_order,cross_order,750,704,0.06133333333333335,2935334.0,4169.508522727273,4117.5531609195405,0.9559659090909091,63850.0,0.181089543603299,True
faiss,glove100_100k,71,random,59,natural_source_order,cross_order,750,699,0.06799999999999995,2292821.0,3280.1444921316165,3229.7702312138726,0.9728183118741058,59182.0,0.1981478257375885,True
faiss,glove100_100k,71,random,59,random,same_order_cross_seed,750,714,0.04800000000000004,2392512.0,3350.8571428571427,3290.084985835694,0.9705882352941176,56790.0,0.1815676394608281,True
faiss,glove100_100k,71,random,71,cluster_block_order,cross_order,750,714,0.04800000000000004,2780054.0,3893.6330532212887,3841.3810198300284,0.9537815126050421,55944.0,0.1518064050450176,True
faiss,glove100_100k,71,random,71,natural_source_order,cross_order,750,706,0.058666666666666645,2181366.0,3089.753541076487,3029.683381088825,0.9546742209631728,57388.0,0.2116810398884569,True
faiss,sift_100k,43,cluster_block_order,43,natural_source_order,cross_order,750,750,0.0,699323.0,932.4306666666666,914.0943396226415,0.9933333333333333,6344.0,0.0974381028445045,True
faiss,sift_100k,43,cluster_block_order,43,random,cross_order,750,750,0.0,720105.0,960.14,945.4595687331537,0.9933333333333333,6750.0,0.0993552945332509,True
faiss,sift_100k,43,cluster_block_order,59,cluster_block_order,same_order_cross_seed,750,750,0.0,875041.0,1166.7213333333334,1155.388140161725,0.996,6822.0,0.0799334473789046,True
faiss,sift_100k,43,cluster_block_order,59,natural_source_order,cross_order,750,750,0.0,856692.0,1142.256,1126.9366576819407,0.9946666666666667,6440.0,0.0775380466191485,True
faiss,sift_100k,43,cluster_block_order,59,random,cross_order,750,750,0.0,1608500.0,2144.6666666666665,2126.5498652291103,0.9973333333333333,7112.0,0.0403907314856883,True
faiss,sift_100k,43,cluster_block_order,71,cluster_block_order,same_order_cross_seed,750,750,0.0,579246.0,772.328,763.4474393530998,0.988,5900.0,0.11188652051885,True
faiss,sift_100k,43,cluster_block_order,71,natural_source_order,cross_order,750,750,0.0,684386.0,912.5146666666667,898.9474393530998,0.9906666666666667,6340.0,0.0982153922419135,True
faiss,sift_100k,43,cluster_block_order,71,random,cross_order,750,750,0.0,1259057.0,1678.7426666666668,1666.9946091644206,0.9973333333333333,6330.0,0.048598848368522,True
faiss,sift_100k,43,natural_source_order,43,cluster_block_order,cross_order,750,750,0.0,963382.0,1284.5093333333334,1272.4514824797843,0.996,6312.0,0.0671861029505684,True
faiss,sift_100k,43,natural_source_order,43,random,cross_order,750,750,0.0,665021.0,886.6946666666666,874.5943396226415,0.9933333333333333,6606.0,0.1058077329660121,True
faiss,sift_100k,43,natural_source_order,59,cluster_block_order,cross_order,750,750,0.0,465503.0,620.6706666666666,605.7142857142857,0.9786666666666667,6554.0,0.157419416822789,True
faiss,sift_100k,43,natural_source_order,59,natural_source_order,same_order_cross_seed,750,750,0.0,883736.0,1178.3146666666667,1158.601078167116,0.9933333333333333,6060.0,0.0709934395501405,True
faiss,sift_100k,43,natural_source_order,59,random,cross_order,750,750,0.0,1251090.0,1668.12,1630.1374663072777,0.9946666666666667,6960.0,0.0527592480291085,True
faiss,sift_100k,43,natural_source_order,71,cluster_block_order,cross_order,750,750,0.0,484074.0,645.432,635.4919137466308,0.9826666666666667,5808.0,0.1344568941568663,True
faiss,sift_100k,43,natural_source_order,71,natural_source_order,same_order_cross_seed,750,750,0.0,787099.0,1049.4653333333333,1036.9380888290714,0.9933333333333333,6160.0,0.0823617499197775,True
faiss,sift_100k,43,natural_source_order,71,random,cross_order,750,750,0.0,859825.0,1146.4333333333334,1133.398921832884,0.992,6126.0,0.0741341336495873,True
faiss,sift_100k,43,random,43,cluster_block_order,cross_order,750,750,0.0,629652.0,839.536,823.4663072776281,0.992,6062.0,0.1056612981942411,True
faiss,sift_100k,43,random,43,natural_source_order,cross_order,750,750,0.0,709552.0,946.0693333333334,930.3045822102426,0.9906666666666667,5806.0,0.0869943062631105,True
faiss,sift_100k,43,random,59,cluster_block_order,cross_order,750,750,0.0,664047.0,885.396,871.8234501347708,0.9906666666666667,6544.0,0.1053004215878737,True
faiss,sift_100k,43,random,59,natural_source_order,cross_order,750,750,0.0,717566.0,956.7546666666667,936.022911051213,0.9933333333333333,6226.0,0.0924946517708581,True
faiss,sift_100k,43,random,59,random,same_order_cross_seed,750,750,0.0,1408882.0,1878.5093333333334,1842.6105121293801,0.9946666666666667,6858.0,0.0450567644276253,True
faiss,sift_100k,43,random,71,cluster_block_order,cross_order,750,750,0.0,488752.0,651.6693333333334,642.6428571428571,0.984,5638.0,0.1301837997598596,True
faiss,sift_100k,43,random,71,natural_source_order,cross_order,750,750,0.0,718997.0,958.6626666666667,946.0552560646901,0.9933333333333333,6078.0,0.0899644760213143,True
faiss,sift_100k,43,random,71,random,same_order_cross_seed,750,750,0.0,883190.0,1177.5866666666666,1163.9353099730458,0.992,6280.0,0.0740478717132413,True
faiss,sift_100k,59,cluster_block_order,43,cluster_block_order,same_order_cross_seed,750,750,0.0,785595.0,1047.46,1033.2264150943397,0.9946666666666667,6358.0,0.0854248401139356,True
faiss,sift_100k,59,cluster_block_order,43,natural_source_order,cross_order,750,750,0.0,564272.0,752.3626666666667,731.8099730458221,0.9826666666666667,6090.0,0.1182707993474714,True
faiss,sift_100k,59,cluster_block_order,43,random,cross_order,750,750,0.0,628463.0,837.9506666666666,822.699460916442,0.9906666666666667,6728.0,0.1155815152035732,True
faiss,sift_100k,59,cluster_block_order,59,natural_source_order,cross_order,750,750,0.0,865183.0,1153.5773333333334,1137.7196765498652,0.996,6382.0,0.0761357129223134,True
faiss,sift_100k,59,cluster_block_order,59,random,cross_order,750,750,0.0,1805491.0,2407.3213333333333,2375.766846361186,0.9946666666666667,6978.0,0.0327396591847458,True
faiss,sift_100k,59,cluster_block_order,71,cluster_block_order,same_order_cross_seed,750,750,0.0,453171.0,604.228,597.6954177897574,0.9773333333333334,5770.0,0.1428359243489454,True
faiss,sift_100k,59,cluster_block_order,71,natural_source_order,cross_order,750,750,0.0,755867.0,1007.8226666666667,996.366576819407,0.9933333333333333,6222.0,0.0871038190166871,True
faiss,sift_100k,59,cluster_block_order,71,random,cross_order,750,750,0.0,893561.0,1191.4146666666666,1174.7587601078167,0.9946666666666667,6192.0,0.0714467034361802,True
faiss,sift_100k,59,natural_source_order,43,cluster_block_order,cross_order,750,750,0.0,617463.0,823.284,806.3396226415094,0.9773333333333334,6000.0,0.1043187982474442,True
faiss,sift_100k,59,natural_source_order,43,natural_source_order,same_order_cross_seed,750,750,0.0,654898.0,873.1973333333333,858.2102425876011,0.992,6060.0,0.0997957973783018,True
faiss,sift_100k,59,natural_source_order,43,random,cross_order,750,750,0.0,577165.0,769.5533333333333,753.7425876010782,0.9906666666666667,6666.0,0.1253337344413943,True
faiss,sift_100k,59,natural_source_order,59,cluster_block_order,cross_order,750,750,0.0,842211.0,1122.948,1112.1617250673855,0.9933333333333333,6558.0,0.0800830382220051,True
faiss,sift_100k,59,natural_source_order,59,random,cross_order,750,750,0.0,1316147.0,1754.8626666666667,1716.0134770889488,0.996,7056.0,0.0477634571645185,True
faiss,sift_100k,59,natural_source_order,71,cluster_block_order,cross_order,750,750,0.0,635228.0,846.9706666666667,840.1657681940701,0.992,5868.0,0.0989678202792957,True
faiss,sift_100k,59,natural_source_order,71,natural_source_order,same_order_cross_seed,750,750,0.0,708236.0,944.3146666666667,931.7237196765499,0.9906666666666667,5788.0,0.0870323589558522,True
faiss,sift_100k,59,natural_source_order,71,random,cross_order,750,750,0.0,614713.0,819.6173333333334,804.0094339622641,0.992,5970.0,0.1058623257793382,True
faiss,sift_100k,59,random,43,cluster_block_order,cross_order,750,750,0.0,886703.0,1182.2706666666666,1169.0417789757412,0.996,6088.0,0.0712580176974577,True
faiss,sift_100k,59,random,43,natural_source_order,cross_order,750,750,0.0,727187.0,969.5826666666667,950.11051212938,0.992,6088.0,0.0889174504878191,True
faiss,sift_100k,59,random,43,random,same_order_cross_seed,750,750,0.0,476837.0,635.7826666666666,624.7816711590297,0.98,6786.0,0.1587219909248257,True
faiss,sift_100k,59,random,59,cluster_block_order,cross_order,750,750,0.0,508308.0,677.744,662.6185983827494,0.9813333333333333,6458.0,0.1412202055543407,True
faiss,sift_100k,59,random,59,natural_source_order,cross_order,750,750,0.0,758272.0,1011.0293333333333,990.1307277628032,0.996,6344.0,0.0891612322914324,True
faiss,sift_100k,59,random,71,cluster_block_order,cross_order,750,750,0.0,404269.0,539.0253333333334,531.2897574123989,0.976,5712.0,0.1586842982553617,True
faiss,sift_100k,59,random,71,natural_source_order,cross_order,750,750,0.0,746645.0,995.5266666666666,981.7816711590297,0.9933333333333333,6148.0,0.0871216415372406,True
faiss,sift_100k,59,random,71,random,same_order_cross_seed,750,750,0.0,727899.0,970.532,951.1307277628032,0.9933333333333333,6542.0,0.0955175938093152,True
faiss,sift_100k,71,cluster_block_order,43,cluster_block_order,same_order_cross_seed,750,750,0.0,750360.0,1000.48,987.2088948787062,0.9933333333333333,6244.0,0.0882170104549307,True
faiss,sift_100k,71,cluster_block_order,43,natural_source_order,cross_order,750,750,0.0,712548.0,950.064,932.3854447439353,0.992,6216.0,0.0923845193508114,True
faiss,sift_100k,71,cluster_block_order,43,random,cross_order,750,750,0.0,679165.0,905.5533333333333,891.722371967655,0.988,6654.0,0.1034997666822211,True
faiss,sift_100k,71,cluster_block_order,59,cluster_block_order,same_order_cross_seed,750,750,0.0,499191.0,665.588,652.477088948787,0.9853333333333333,6466.0,0.1426932073972723,True
faiss,sift_100k,71,cluster_block_order,59,natural_source_order,cross_order,750,750,0.0,843594.0,1124.792,1105.9380053908355,0.996,6404.0,0.07911642617118,True
faiss,sift_100k,71,cluster_block_order,59,random,cross_order,750,750,0.0,2100154.0,2800.2053333333333,2772.570080862534,0.9973333333333333,6816.0,0.0279435880616595,True
faiss,sift_100k,71,cluster_block_order,71,natural_source_order,cross_order,750,750,0.0,686771.0,915.6946666666666,900.9609164420485,0.988,6296.0,0.0987081399724068,True
faiss,sift_100k,71,cluster_block_order,71,random,cross_order,750,750,0.0,1256494.0,1675.3253333333334,1664.710242587601,0.996,6370.0,0.049002261642845,True
faiss,sift_100k,71,natural_source_order,43,cluster_block_order,cross_order,750,750,0.0,711319.0,948.4253333333334,934.1954177897574,0.9946666666666667,6308.0,0.0946408209806157,True
faiss,sift_100k,71,natural_source_order,43,natural_source_order,same_order_cross_seed,750,750,0.0,689754.0,919.672,904.021563342318,0.988,6072.0,0.0942798583938885,True
faiss,sift_100k,71,natural_source_order,43,random,cross_order,750,750,0.0,678144.0,904.192,890.4204851752022,0.9853333333333333,6470.0,0.1012424498482145,True
faiss,sift_100k,71,natural_source_order,59,cluster_block_order,cross_order,750,750,0.0,589197.0,785.596,774.5283018867924,0.9906666666666667,6518.0,0.1209500835034329,True
faiss,sift_100k,71,natural_source_order,59,natural_source_order,same_order_cross_seed,750,750,0.0,532529.0,710.0386666666667,699.311320754717,0.988,6148.0,0.1283828934179752,True
faiss,sift_100k,71,natural_source_order,59,random,cross_order,750,750,0.0,1064075.0,1418.7666666666667,1385.866576819407,0.9893333333333333,6956.0,0.0641508041906448,True
faiss,sift_100k,71,natural_source_order,71,cluster_block_order,cross_order,750,750,0.0,633392.0,844.5226666666666,837.6078167115903,0.9933333333333333,5936.0,0.1004943455001015,True
faiss,sift_100k,71,natural_source_order,71,random,cross_order,750,750,0.0,823735.0,1098.3133333333333,1084.5592991913747,0.992,5954.0,0.0752584877518517,True
faiss,sift_100k,71,random,43,cluster_block_order,cross_order,750,750,0.0,635058.0,846.744,830.7196765498652,0.992,6266.0,0.1074785591766723,True
faiss,sift_100k,71,random,43,natural_source_order,cross_order,750,750,0.0,737947.0,983.9293333333334,968.9986522911051,0.9946666666666667,6054.0,0.087602014238583,True
faiss,sift_100k,71,random,43,random,same_order_cross_seed,750,750,0.0,737582.0,983.4426666666667,969.8814016172506,0.9906666666666667,6880.0,0.0984854991554295,True
faiss,sift_100k,71,random,59,cluster_block_order,cross_order,750,750,0.0,657139.0,876.1853333333333,866.9582210242587,0.9866666666666667,6480.0,0.1052460613935358,True
faiss,sift_100k,71,random,59,natural_source_order,cross_order,750,750,0.0,825125.0,1100.1666666666667,1093.287061994609,0.9946666666666667,6210.0,0.0776405281056211,True
faiss,sift_100k,71,random,59,random,same_order_cross_seed,750,750,0.0,775046.0,1033.3946666666666,988.911051212938,0.984,7350.0,0.0949710564399421,True
faiss,sift_100k,71,random,71,cluster_block_order,cross_order,750,750,0.0,632257.0,843.0093333333333,835.7830188679245,0.9933333333333333,5930.0,0.1007201576194034,True
faiss,sift_100k,71,random,71,natural_source_order,cross_order,750,750,0.0,653218.0,870.9573333333333,862.0040431266847,0.988,6050.0,0.0990763788811738,True
vamana,arxiv_nomic_100k,43,cluster_block_order,43,natural_source_order,cross_order,750,750,0.0,1099897.0,1466.5293333333334,1457.5592991913747,0.996,1970.0,0.0229785844258853,True
vamana,arxiv_nomic_100k,43,cluster_block_order,43,random,cross_order,750,750,0.0,828340.0,1104.4533333333334,1098.7913862718708,0.9946666666666667,1886.0,0.0303821122495006,True
vamana,arxiv_nomic_100k,43,cluster_block_order,59,cluster_block_order,same_order_cross_seed,750,750,0.0,0.0,0.0,0.0,0.0,0.0,,True
vamana,arxiv_nomic_100k,43,cluster_block_order,59,natural_source_order,cross_order,750,750,0.0,1099897.0,1466.5293333333334,1457.5592991913747,0.996,1970.0,0.0229785844258853,True
vamana,arxiv_nomic_100k,43,cluster_block_order,59,random,cross_order,750,750,0.0,828340.0,1104.4533333333334,1098.7913862718708,0.9946666666666667,1886.0,0.0303821122495006,True
vamana,arxiv_nomic_100k,43,cluster_block_order,71,cluster_block_order,same_order_cross_seed,750,750,0.0,0.0,0.0,0.0,0.0,0.0,,True
vamana,arxiv_nomic_100k,43,cluster_block_order,71,natural_source_order,cross_order,750,750,0.0,1099897.0,1466.5293333333334,1457.5592991913747,0.996,1970.0,0.0229785844258853,True
vamana,arxiv_nomic_100k,43,cluster_block_order,71,random,cross_order,750,750,0.0,828340.0,1104.4533333333334,1098.7913862718708,0.9946666666666667,1886.0,0.0303821122495006,True
vamana,arxiv_nomic_100k,43,natural_source_order,43,cluster_block_order,cross_order,750,750,0.0,837614.0,1116.8186666666666,1104.946091644205,0.9946666666666667,2074.0,0.0331638363874764,True
vamana,arxiv_nomic_100k,43,natural_source_order,43,random,cross_order,750,750,0.0,383377.0,511.1693333333333,505.42183288409706,0.9813333333333333,1696.0,0.0634445608259763,True
vamana,arxiv_nomic_100k,43,natural_source_order,59,cluster_block_order,cross_order,750,750,0.0,837614.0,1116.8186666666666,1104.946091644205,0.9946666666666667,2074.0,0.0331638363874764,True
vamana,arxiv_nomic_100k,43,natural_source_order,59,natural_source_order,same_order_cross_seed,750,750,0.0,0.0,0.0,0.0,0.0,0.0,,True
vamana,arxiv_nomic_100k,43,natural_source_order,59,random,cross_order,750,750,0.0,383377.0,511.1693333333333,505.42183288409706,0.9813333333333333,1696.0,0.0634445608259763,True
vamana,arxiv_nomic_100k,43,natural_source_order,71,cluster_block_order,cross_order,750,750,0.0,837614.0,1116.8186666666666,1104.946091644205,0.9946666666666667,2074.0,0.0331638363874764,True
vamana,arxiv_nomic_100k,43,natural_source_order,71,natural_source_order,same_order_cross_seed,750,750,0.0,0.0,0.0,0.0,0.0,0.0,,True
vamana,arxiv_nomic_100k,43,natural_source_order,71,random,cross_order,750,750,0.0,383377.0,511.1693333333333,505.42183288409706,0.9813333333333333,1696.0,0.0634445608259763,True
vamana,arxiv_nomic_100k,43,random,43,cluster_block_order,cross_order,750,750,0.0,502635.0,670.18,619.5741239892184,0.9893333333333333,2390.0,0.06373673262574,True
vamana,arxiv_nomic_100k,43,random,43,natural_source_order,cross_order,750,750,0.0,599424.0,799.232,786.3530997304582,0.9946666666666667,1800.0,0.0419423991052288,True
vamana,arxiv_nomic_100k,43,random,59,cluster_block_order,cross_order,750,750,0.0,502635.0,670.18,619.5741239892184,0.9893333333333333,2390.0,0.06373673262574,True
vamana,arxiv_nomic_100k,43,random,59,natural_source_order,cross_order,750,750,0.0,599424.0,799.232,786.3530997304582,0.9946666666666667,1800.0,0.0419423991052288,True
vamana,arxiv_nomic_100k,43,random,59,random,same_order_cross_seed,750,750,0.0,0.0,0.0,0.0,0.0,0.0,,True
vamana,arxiv_nomic_100k,43,random,71,cluster_block_order,cross_order,750,750,0.0,502635.0,670.18,619.5741239892184,0.9893333333333333,2390.0,0.06373673262574,True
vamana,arxiv_nomic_100k,43,random,71,natural_source_order,cross_order,750,750,0.0,599424.0,799.232,786.3530997304582,0.9946666666666667,1800.0,0.0419423991052288,True
vamana,arxiv_nomic_100k,43,random,71,random,same_order_cross_seed,750,750,0.0,0.0,0.0,0.0,0.0,0.0,,True
vamana,arxiv_nomic_100k,59,cluster_block_order,43,cluster_block_order,same_order_cross_seed,750,750,0.0,0.0,0.0,0.0,0.0,0.0,,True
vamana,arxiv_nomic_100k,59,cluster_block_order,43,natural_source_order,cross_order,750,750,0.0,1099897.0,1466.5293333333334,1457.5592991913747,0.996,1970.0,0.0229785844258853,True
vamana,arxiv_nomic_100k,59,cluster_block_order,43,random,cross_order,750,750,0.0,828340.0,1104.4533333333334,1098.7913862718708,0.9946666666666667,1886.0,0.0303821122495006,True
vamana,arxiv_nomic_100k,59,cluster_block_order,59,natural_source_order,cross_order,750,750,0.0,1099897.0,1466.5293333333334,1457.5592991913747,0.996,1970.0,0.0229785844258853,True
vamana,arxiv_nomic_100k,59,cluster_block_order,59,random,cross_order,750,750,0.0,828340.0,1104.4533333333334,1098.7913862718708,0.9946666666666667,1886.0,0.0303821122495006,True
vamana,arxiv_nomic_100k,59,cluster_block_order,71,cluster_block_order,same_order_cross_seed,750,750,0.0,0.0,0.0,0.0,0.0,0.0,,True
vamana,arxiv_nomic_100k,59,cluster_block_order,71,natural_source_order,cross_order,750,750,0.0,1099897.0,1466.5293333333334,1457.5592991913747,0.996,1970.0,0.0229785844258853,True
vamana,arxiv_nomic_100k,59,cluster_block_order,71,random,cross_order,750,750,0.0,828340.0,1104.4533333333334,1098.7913862718708,0.9946666666666667,1886.0,0.0303821122495006,True
vamana,arxiv_nomic_100k,59,natural_source_order,43,cluster_block_order,cross_order,750,750,0.0,837614.0,1116.8186666666666,1104.946091644205,0.9946666666666667,2074.0,0.0331638363874764,True
vamana,arxiv_nomic_100k,59,natural_source_order,43,natural_source_order,same_order_cross_seed,750,750,0.0,0.0,0.0,0.0,0.0,0.0,,True
vamana,arxiv_nomic_100k,59,natural_source_order,43,random,cross_order,750,750,0.0,383377.0,511.1693333333333,505.42183288409706,0.9813333333333333,1696.0,0.0634445608259763,True
vamana,arxiv_nomic_100k,59,natural_source_order,59,cluster_block_order,cross_order,750,750,0.0,837614.0,1116.8186666666666,1104.946091644205,0.9946666666666667,2074.0,0.0331638363874764,True
vamana,arxiv_nomic_100k,59,natural_source_order,59,random,cross_order,750,750,0.0,383377.0,511.1693333333333,505.42183288409706,0.9813333333333333,1696.0,0.0634445608259763,True
vamana,arxiv_nomic_100k,59,natural_source_order,71,cluster_block_order,cross_order,750,750,0.0,837614.0,1116.8186666666666,1104.946091644205,0.9946666666666667,2074.0,0.0331638363874764,True
vamana,arxiv_nomic_100k,59,natural_source_order,71,natural_source_order,same_order_cross_seed,750,750,0.0,0.0,0.0,0.0,0.0,0.0,,True
vamana,arxiv_nomic_100k,59,natural_source_order,71,random,cross_order,750,750,0.0,383377.0,511.1693333333333,505.42183288409706,0.9813333333333333,1696.0,0.0634445608259763,True
vamana,arxiv_nomic_100k,59,random,43,cluster_block_order,cross_order,750,750,0.0,502635.0,670.18,619.5741239892184,0.9893333333333333,2390.0,0.06373673262574,True
vamana,arxiv_nomic_100k,59,random,43,natural_source_order,cross_order,750,750,0.0,599424.0,799.232,786.3530997304582,0.9946666666666667,1800.0,0.0419423991052288,True
vamana,arxiv_nomic_100k,59,random,43,random,same_order_cross_seed,750,750,0.0,0.0,0.0,0.0,0.0,0.0,,True
vamana,arxiv_nomic_100k,59,random,59,cluster_block_order,cross_order,750,750,0.0,502635.0,670.18,619.5741239892184,0.9893333333333333,2390.0,0.06373673262574,True
vamana,arxiv_nomic_100k,59,random,59,natural_source_order,cross_order,750,750,0.0,599424.0,799.232,786.3530997304582,0.9946666666666667,1800.0,0.0419423991052288,True
vamana,arxiv_nomic_100k,59,random,71,cluster_block_order,cross_order,750,750,0.0,502635.0,670.18,619.5741239892184,0.9893333333333333,2390.0,0.06373673262574,True
vamana,arxiv_nomic_100k,59,random,71,natural_source_order,cross_order,750,750,0.0,599424.0,799.232,786.3530997304582,0.9946666666666667,1800.0,0.0419423991052288,True
vamana,arxiv_nomic_100k,59,random,71,random,same_order_cross_seed,750,750,0.0,0.0,0.0,0.0,0.0,0.0,,True
vamana,arxiv_nomic_100k,71,cluster_block_order,43,cluster_block_order,same_order_cross_seed,750,750,0.0,0.0,0.0,0.0,0.0,0.0,,True
vamana,arxiv_nomic_100k,71,cluster_block_order,43,natural_source_order,cross_order,750,750,0.0,1099897.0,1466.5293333333334,1457.5592991913747,0.996,1970.0,0.0229785844258853,True
vamana,arxiv_nomic_100k,71,cluster_block_order,43,random,cross_order,750,750,0.0,828340.0,1104.4533333333334,1098.7913862718708,0.9946666666666667,1886.0,0.0303821122495006,True
vamana,arxiv_nomic_100k,71,cluster_block_order,59,cluster_block_order,same_order_cross_seed,750,750,0.0,0.0,0.0,0.0,0.0,0.0,,True
vamana,arxiv_nomic_100k,71,cluster_block_order,59,natural_source_order,cross_order,750,750,0.0,1099897.0,1466.5293333333334,1457.5592991913747,0.996,1970.0,0.0229785844258853,True
vamana,arxiv_nomic_100k,71,cluster_block_order,59,random,cross_order,750,750,0.0,828340.0,1104.4533333333334,1098.7913862718708,0.9946666666666667,1886.0,0.0303821122495006,True
vamana,arxiv_nomic_100k,71,cluster_block_order,71,natural_source_order,cross_order,750,750,0.0,1099897.0,1466.5293333333334,1457.5592991913747,0.996,1970.0,0.0229785844258853,True
vamana,arxiv_nomic_100k,71,cluster_block_order,71,random,cross_order,750,750,0.0,828340.0,1104.4533333333334,1098.7913862718708,0.9946666666666667,1886.0,0.0303821122495006,True
vamana,arxiv_nomic_100k,71,natural_source_order,43,cluster_block_order,cross_order,750,750,0.0,837614.0,1116.8186666666666,1104.946091644205,0.9946666666666667,2074.0,0.0331638363874764,True
vamana,arxiv_nomic_100k,71,natural_source_order,43,natural_source_order,same_order_cross_seed,750,750,0.0,0.0,0.0,0.0,0.0,0.0,,True
vamana,arxiv_nomic_100k,71,natural_source_order,43,random,cross_order,750,750,0.0,383377.0,511.1693333333333,505.42183288409706,0.9813333333333333,1696.0,0.0634445608259763,True
vamana,arxiv_nomic_100k,71,natural_source_order,59,cluster_block_order,cross_order,750,750,0.0,837614.0,1116.8186666666666,1104.946091644205,0.9946666666666667,2074.0,0.0331638363874764,True
vamana,arxiv_nomic_100k,71,natural_source_order,59,natural_source_order,same_order_cross_seed,750,750,0.0,0.0,0.0,0.0,0.0,0.0,,True
vamana,arxiv_nomic_100k,71,natural_source_order,59,random,cross_order,750,750,0.0,383377.0,511.1693333333333,505.42183288409706,0.9813333333333333,1696.0,0.0634445608259763,True
vamana,arxiv_nomic_100k,71,natural_source_order,71,cluster_block_order,cross_order,750,750,0.0,837614.0,1116.8186666666666,1104.946091644205,0.9946666666666667,2074.0,0.0331638363874764,True
vamana,arxiv_nomic_100k,71,natural_source_order,71,random,cross_order,750,750,0.0,383377.0,511.1693333333333,505.42183288409706,0.9813333333333333,1696.0,0.0634445608259763,True
vamana,arxiv_nomic_100k,71,random,43,cluster_block_order,cross_order,750,750,0.0,502635.0,670.18,619.5741239892184,0.9893333333333333,2390.0,0.06373673262574,True
vamana,arxiv_nomic_100k,71,random,43,natural_source_order,cross_order,750,750,0.0,599424.0,799.232,786.3530997304582,0.9946666666666667,1800.0,0.0419423991052288,True
vamana,arxiv_nomic_100k,71,random,43,random,same_order_cross_seed,750,750,0.0,0.0,0.0,0.0,0.0,0.0,,True
vamana,arxiv_nomic_100k,71,random,59,cluster_block_order,cross_order,750,750,0.0,502635.0,670.18,619.5741239892184,0.9893333333333333,2390.0,0.06373673262574,True
vamana,arxiv_nomic_100k,71,random,59,natural_source_order,cross_order,750,750,0.0,599424.0,799.232,786.3530997304582,0.9946666666666667,1800.0,0.0419423991052288,True
vamana,arxiv_nomic_100k,71,random,59,random,same_order_cross_seed,750,750,0.0,0.0,0.0,0.0,0.0,0.0,,True
vamana,arxiv_nomic_100k,71,random,71,cluster_block_order,cross_order,750,750,0.0,502635.0,670.18,619.5741239892184,0.9893333333333333,2390.0,0.06373673262574,True
vamana,arxiv_nomic_100k,71,random,71,natural_source_order,cross_order,750,750,0.0,599424.0,799.232,786.3530997304582,0.9946666666666667,1800.0,0.0419423991052288,True
vamana,glove100_100k,43,cluster_block_order,43,natural_source_order,cross_order,750,713,0.04933333333333334,3176150.0,4454.628330995793,4394.998581560284,0.9691444600280504,56638.0,0.1380337297718853,True
vamana,glove100_100k,43,cluster_block_order,43,random,cross_order,750,715,0.046666666666666634,3145330.0,4399.062937062937,4343.739745403112,0.9748251748251748,55010.0,0.1508842955258596,True
vamana,glove100_100k,43,cluster_block_order,59,cluster_block_order,same_order_cross_seed,750,713,0.04933333333333334,0.0,0.0,0.0,0.0,0.0,,True
vamana,glove100_100k,43,cluster_block_order,59,natural_source_order,cross_order,750,713,0.04933333333333334,3176150.0,4454.628330995793,4394.998581560284,0.9691444600280504,56638.0,0.1380337297718853,True
vamana,glove100_100k,43,cluster_block_order,59,random,cross_order,750,715,0.046666666666666634,3145330.0,4399.062937062937,4343.739745403112,0.9748251748251748,55010.0,0.1508842955258596,True
vamana,glove100_100k,43,cluster_block_order,71,cluster_block_order,same_order_cross_seed,750,713,0.04933333333333334,0.0,0.0,0.0,0.0,0.0,,True
vamana,glove100_100k,43,cluster_block_order,71,natural_source_order,cross_order,750,713,0.04933333333333334,3176150.0,4454.628330995793,4394.998581560284,0.9691444600280504,56638.0,0.1380337297718853,True
vamana,glove100_100k,43,cluster_block_order,71,random,cross_order,750,715,0.046666666666666634,3145330.0,4399.062937062937,4343.739745403112,0.9748251748251748,55010.0,0.1508842955258596,True
vamana,glove100_100k,43,natural_source_order,43,cluster_block_order,cross_order,750,713,0.04933333333333334,3065245.0,4299.0813464235625,4232.03829787234,0.9621318373071529,56926.0,0.133396759634627,True
vamana,glove100_100k,43,natural_source_order,43,random,cross_order,750,715,0.046666666666666634,3050099.0,4265.872727272727,4208.4639321074965,0.972027972027972,56256.0,0.1778407222882577,True
vamana,glove100_100k,43,natural_source_order,59,cluster_block_order,cross_order,750,713,0.04933333333333334,3065245.0,4299.0813464235625,4232.03829787234,0.9621318373071529,56926.0,0.133396759634627,True
vamana,glove100_100k,43,natural_source_order,59,natural_source_order,same_order_cross_seed,750,713,0.04933333333333334,0.0,0.0,0.0,0.0,0.0,,True
vamana,glove100_100k,43,natural_source_order,59,random,cross_order,750,715,0.046666666666666634,3050099.0,4265.872727272727,4208.4639321074965,0.972027972027972,56256.0,0.1778407222882577,True
vamana,glove100_100k,43,natural_source_order,71,cluster_block_order,cross_order,750,713,0.04933333333333334,3065245.0,4299.0813464235625,4232.03829787234,0.9621318373071529,56926.0,0.133396759634627,True
vamana,glove100_100k,43,natural_source_order,71,natural_source_order,same_order_cross_seed,750,713,0.04933333333333334,0.0,0.0,0.0,0.0,0.0,,True
vamana,glove100_100k,43,natural_source_order,71,random,cross_order,750,715,0.046666666666666634,3050099.0,4265.872727272727,4208.4639321074965,0.972027972027972,56256.0,0.1778407222882577,True
vamana,glove100_100k,43,random,43,cluster_block_order,cross_order,750,713,0.04933333333333334,3822140.0,5360.645161290323,5310.024113475178,0.9621318373071529,58130.0,0.1488535739709821,True
vamana,glove100_100k,43,random,43,natural_source_order,cross_order,750,713,0.04933333333333334,4433368.0,6217.9074333800845,6173.33475177305,0.97054698457223,59872.0,0.124447104991852,True
vamana,glove100_100k,43,random,59,cluster_block_order,cross_order,750,713,0.04933333333333334,3822140.0,5360.645161290323,5310.024113475178,0.9621318373071529,58130.0,0.1488535739709821,True
vamana,glove100_100k,43,random,59,natural_source_order,cross_order,750,713,0.04933333333333334,4433368.0,6217.9074333800845,6173.33475177305,0.97054698457223,59872.0,0.124447104991852,True
vamana,glove100_100k,43,random,59,random,same_order_cross_seed,750,715,0.046666666666666634,0.0,0.0,0.0,0.0,0.0,,True
vamana,glove100_100k,43,random,71,cluster_block_order,cross_order,750,713,0.04933333333333334,3822140.0,5360.645161290323,5310.024113475178,0.9621318373071529,58130.0,0.1488535739709821,True
vamana,glove100_100k,43,random,71,natural_source_order,cross_order,750,713,0.04933333333333334,4433368.0,6217.9074333800845,6173.33475177305,0.97054698457223,59872.0,0.124447104991852,True
vamana,glove100_100k,43,random,71,random,same_order_cross_seed,750,715,0.046666666666666634,0.0,0.0,0.0,0.0,0.0,,True
vamana,glove100_100k,59,cluster_block_order,43,cluster_block_order,same_order_cross_seed,750,713,0.04933333333333334,0.0,0.0,0.0,0.0,0.0,,True
vamana,glove100_100k,59,cluster_block_order,43,natural_source_order,cross_order,750,713,0.04933333333333334,3176150.0,4454.628330995793,4394.998581560284,0.9691444600280504,56638.0,0.1380337297718853,True
vamana,glove100_100k,59,cluster_block_order,43,random,cross_order,750,715,0.046666666666666634,3145330.0,4399.062937062937,4343.739745403112,0.9748251748251748,55010.0,0.1508842955258596,True
vamana,glove100_100k,59,cluster_block_order,59,natural_source_order,cross_order,750,713,0.04933333333333334,3176150.0,4454.628330995793,4394.998581560284,0.9691444600280504,56638.0,0.1380337297718853,True
vamana,glove100_100k,59,cluster_block_order,59,random,cross_order,750,715,0.046666666666666634,3145330.0,4399.062937062937,4343.739745403112,0.9748251748251748,55010.0,0.1508842955258596,True
vamana,glove100_100k,59,cluster_block_order,71,cluster_block_order,same_order_cross_seed,750,713,0.04933333333333334,0.0,0.0,0.0,0.0,0.0,,True
vamana,glove100_100k,59,cluster_block_order,71,natural_source_order,cross_order,750,713,0.04933333333333334,3176150.0,4454.628330995793,4394.998581560284,0.9691444600280504,56638.0,0.1380337297718853,True
vamana,glove100_100k,59,cluster_block_order,71,random,cross_order,750,715,0.046666666666666634,3145330.0,4399.062937062937,4343.739745403112,0.9748251748251748,55010.0,0.1508842955258596,True
vamana,glove100_100k,59,natural_source_order,43,cluster_block_order,cross_order,750,713,0.04933333333333334,3065245.0,4299.0813464235625,4232.03829787234,0.9621318373071529,56926.0,0.133396759634627,True
vamana,glove100_100k,59,natural_source_order,43,natural_source_order,same_order_cross_seed,750,713,0.04933333333333334,0.0,0.0,0.0,0.0,0.0,,True
vamana,glove100_100k,59,natural_source_order,43,random,cross_order,750,715,0.046666666666666634,3050099.0,4265.872727272727,4208.4639321074965,0.972027972027972,56256.0,0.1778407222882577,True
vamana,glove100_100k,59,natural_source_order,59,cluster_block_order,cross_order,750,713,0.04933333333333334,3065245.0,4299.0813464235625,4232.03829787234,0.9621318373071529,56926.0,0.133396759634627,True
vamana,glove100_100k,59,natural_source_order,59,random,cross_order,750,715,0.046666666666666634,3050099.0,4265.872727272727,4208.4639321074965,0.972027972027972,56256.0,0.1778407222882577,True
vamana,glove100_100k,59,natural_source_order,71,cluster_block_order,cross_order,750,713,0.04933333333333334,3065245.0,4299.0813464235625,4232.03829787234,0.9621318373071529,56926.0,0.133396759634627,True
vamana,glove100_100k,59,natural_source_order,71,natural_source_order,same_order_cross_seed,750,713,0.04933333333333334,0.0,0.0,0.0,0.0,0.0,,True
vamana,glove100_100k,59,natural_source_order,71,random,cross_order,750,715,0.046666666666666634,3050099.0,4265.872727272727,4208.4639321074965,0.972027972027972,56256.0,0.1778407222882577,True
vamana,glove100_100k,59,random,43,cluster_block_order,cross_order,750,713,0.04933333333333334,3822140.0,5360.645161290323,5310.024113475178,0.9621318373071529,58130.0,0.1488535739709821,True
vamana,glove100_100k,59,random,43,natural_source_order,cross_order,750,713,0.04933333333333334,4433368.0,6217.9074333800845,6173.33475177305,0.97054698457223,59872.0,0.124447104991852,True
vamana,glove100_100k,59,random,43,random,same_order_cross_seed,750,715,0.046666666666666634,0.0,0.0,0.0,0.0,0.0,,True
vamana,glove100_100k,59,random,59,cluster_block_order,cross_order,750,713,0.04933333333333334,3822140.0,5360.645161290323,5310.024113475178,0.9621318373071529,58130.0,0.1488535739709821,True
vamana,glove100_100k,59,random,59,natural_source_order,cross_order,750,713,0.04933333333333334,4433368.0,6217.9074333800845,6173.33475177305,0.97054698457223,59872.0,0.124447104991852,True
vamana,glove100_100k,59,random,71,cluster_block_order,cross_order,750,713,0.04933333333333334,3822140.0,5360.645161290323,5310.024113475178,0.9621318373071529,58130.0,0.1488535739709821,True
vamana,glove100_100k,59,random,71,natural_source_order,cross_order,750,713,0.04933333333333334,4433368.0,6217.9074333800845,6173.33475177305,0.97054698457223,59872.0,0.124447104991852,True
vamana,glove100_100k,59,random,71,random,same_order_cross_seed,750,715,0.046666666666666634,0.0,0.0,0.0,0.0,0.0,,True
vamana,glove100_100k,71,cluster_block_order,43,cluster_block_order,same_order_cross_seed,750,713,0.04933333333333334,0.0,0.0,0.0,0.0,0.0,,True
vamana,glove100_100k,71,cluster_block_order,43,natural_source_order,cross_order,750,713,0.04933333333333334,3176150.0,4454.628330995793,4394.998581560284,0.9691444600280504,56638.0,0.1380337297718853,True
vamana,glove100_100k,71,cluster_block_order,43,random,cross_order,750,715,0.046666666666666634,3145330.0,4399.062937062937,4343.739745403112,0.9748251748251748,55010.0,0.1508842955258596,True
vamana,glove100_100k,71,cluster_block_order,59,cluster_block_order,same_order_cross_seed,750,713,0.04933333333333334,0.0,0.0,0.0,0.0,0.0,,True
vamana,glove100_100k,71,cluster_block_order,59,natural_source_order,cross_order,750,713,0.04933333333333334,3176150.0,4454.628330995793,4394.998581560284,0.9691444600280504,56638.0,0.1380337297718853,True
vamana,glove100_100k,71,cluster_block_order,59,random,cross_order,750,715,0.046666666666666634,3145330.0,4399.062937062937,4343.739745403112,0.9748251748251748,55010.0,0.1508842955258596,True
vamana,glove100_100k,71,cluster_block_order,71,natural_source_order,cross_order,750,713,0.04933333333333334,3176150.0,4454.628330995793,4394.998581560284,0.9691444600280504,56638.0,0.1380337297718853,True
vamana,glove100_100k,71,cluster_block_order,71,random,cross_order,750,715,0.046666666666666634,3145330.0,4399.062937062937,4343.739745403112,0.9748251748251748,55010.0,0.1508842955258596,True
vamana,glove100_100k,71,natural_source_order,43,cluster_block_order,cross_order,750,713,0.04933333333333334,3065245.0,4299.0813464235625,4232.03829787234,0.9621318373071529,56926.0,0.133396759634627,True
vamana,glove100_100k,71,natural_source_order,43,natural_source_order,same_order_cross_seed,750,713,0.04933333333333334,0.0,0.0,0.0,0.0,0.0,,True
vamana,glove100_100k,71,natural_source_order,43,random,cross_order,750,715,0.046666666666666634,3050099.0,4265.872727272727,4208.4639321074965,0.972027972027972,56256.0,0.1778407222882577,True
vamana,glove100_100k,71,natural_source_order,59,cluster_block_order,cross_order,750,713,0.04933333333333334,3065245.0,4299.0813464235625,4232.03829787234,0.9621318373071529,56926.0,0.133396759634627,True
vamana,glove100_100k,71,natural_source_order,59,natural_source_order,same_order_cross_seed,750,713,0.04933333333333334,0.0,0.0,0.0,0.0,0.0,,True
vamana,glove100_100k,71,natural_source_order,59,random,cross_order,750,715,0.046666666666666634,3050099.0,4265.872727272727,4208.4639321074965,0.972027972027972,56256.0,0.1778407222882577,True
vamana,glove100_100k,71,natural_source_order,71,cluster_block_order,cross_order,750,713,0.04933333333333334,3065245.0,4299.0813464235625,4232.03829787234,0.9621318373071529,56926.0,0.133396759634627,True
vamana,glove100_100k,71,natural_source_order,71,random,cross_order,750,715,0.046666666666666634,3050099.0,4265.872727272727,4208.4639321074965,0.972027972027972,56256.0,0.1778407222882577,True
vamana,glove100_100k,71,random,43,cluster_block_order,cross_order,750,713,0.04933333333333334,3822140.0,5360.645161290323,5310.024113475178,0.9621318373071529,58130.0,0.1488535739709821,True
vamana,glove100_100k,71,random,43,natural_source_order,cross_order,750,713,0.04933333333333334,4433368.0,6217.9074333800845,6173.33475177305,0.97054698457223,59872.0,0.124447104991852,True
vamana,glove100_100k,71,random,43,random,same_order_cross_seed,750,715,0.046666666666666634,0.0,0.0,0.0,0.0,0.0,,True
vamana,glove100_100k,71,random,59,cluster_block_order,cross_order,750,713,0.04933333333333334,3822140.0,5360.645161290323,5310.024113475178,0.9621318373071529,58130.0,0.1488535739709821,True
vamana,glove100_100k,71,random,59,natural_source_order,cross_order,750,713,0.04933333333333334,4433368.0,6217.9074333800845,6173.33475177305,0.97054698457223,59872.0,0.124447104991852,True
vamana,glove100_100k,71,random,59,random,same_order_cross_seed,750,715,0.046666666666666634,0.0,0.0,0.0,0.0,0.0,,True
vamana,glove100_100k,71,random,71,cluster_block_order,cross_order,750,713,0.04933333333333334,3822140.0,5360.645161290323,5310.024113475178,0.9621318373071529,58130.0,0.1488535739709821,True
vamana,glove100_100k,71,random,71,natural_source_order,cross_order,750,713,0.04933333333333334,4433368.0,6217.9074333800845,6173.33475177305,0.97054698457223,59872.0,0.124447104991852,True
vamana,sift_100k,43,cluster_block_order,43,natural_source_order,cross_order,750,750,0.0,924697.0,1232.9293333333333,1208.0094339622642,0.9973333333333333,4016.0,0.053741569425115,True
vamana,sift_100k,43,cluster_block_order,43,random,cross_order,750,750,0.0,788009.0,1050.6786666666667,1042.2830188679245,0.992,4076.0,0.0652912154802332,True
vamana,sift_100k,43,cluster_block_order,59,cluster_block_order,same_order_cross_seed,750,750,0.0,0.0,0.0,0.0,0.0,0.0,,True
vamana,sift_100k,43,cluster_block_order,59,natural_source_order,cross_order,750,750,0.0,924697.0,1232.9293333333333,1208.0094339622642,0.9973333333333333,4016.0,0.053741569425115,True
vamana,sift_100k,43,cluster_block_order,59,random,cross_order,750,750,0.0,788009.0,1050.6786666666667,1042.2830188679245,0.992,4076.0,0.0652912154802332,True
vamana,sift_100k,43,cluster_block_order,71,cluster_block_order,same_order_cross_seed,750,750,0.0,0.0,0.0,0.0,0.0,0.0,,True
vamana,sift_100k,43,cluster_block_order,71,natural_source_order,cross_order,750,750,0.0,924697.0,1232.9293333333333,1208.0094339622642,0.9973333333333333,4016.0,0.053741569425115,True
vamana,sift_100k,43,cluster_block_order,71,random,cross_order,750,750,0.0,788009.0,1050.6786666666667,1042.2830188679245,0.992,4076.0,0.0652912154802332,True
vamana,sift_100k,43,natural_source_order,43,cluster_block_order,cross_order,750,750,0.0,749176.0,998.9013333333334,989.3854447439353,0.988,4288.0,0.0719077005634558,True
vamana,sift_100k,43,natural_source_order,43,random,cross_order,750,750,0.0,565658.0,754.2106666666666,741.5107816711591,0.9906666666666667,4200.0,0.0994412349654323,True
vamana,sift_100k,43,natural_source_order,59,cluster_block_order,cross_order,750,750,0.0,749176.0,998.9013333333334,989.3854447439353,0.988,4288.0,0.0719077005634558,True
vamana,sift_100k,43,natural_source_order,59,natural_source_order,same_order_cross_seed,750,750,0.0,0.0,0.0,0.0,0.0,0.0,,True
vamana,sift_100k,43,natural_source_order,59,random,cross_order,750,750,0.0,565658.0,754.2106666666666,741.5107816711591,0.9906666666666667,4200.0,0.0994412349654323,True
vamana,sift_100k,43,natural_source_order,71,cluster_block_order,cross_order,750,750,0.0,749176.0,998.9013333333334,989.3854447439353,0.988,4288.0,0.0719077005634558,True
vamana,sift_100k,43,natural_source_order,71,natural_source_order,same_order_cross_seed,750,750,0.0,0.0,0.0,0.0,0.0,0.0,,True
vamana,sift_100k,43,natural_source_order,71,random,cross_order,750,750,0.0,565658.0,754.2106666666666,741.5107816711591,0.9906666666666667,4200.0,0.0994412349654323,True
vamana,sift_100k,43,random,43,cluster_block_order,cross_order,750,750,0.0,895710.0,1194.28,1170.0808625336927,0.9933333333333333,4156.0,0.0573779544952507,True
vamana,sift_100k,43,random,43,natural_source_order,cross_order,750,750,0.0,852124.0,1136.1653333333334,1117.9137466307277,0.9933333333333333,4296.0,0.0632285411515365,True
vamana,sift_100k,43,random,59,cluster_block_order,cross_order,750,750,0.0,895710.0,1194.28,1170.0808625336927,0.9933333333333333,4156.0,0.0573779544952507,True
vamana,sift_100k,43,random,59,natural_source_order,cross_order,750,750,0.0,852124.0,1136.1653333333334,1117.9137466307277,0.9933333333333333,4296.0,0.0632285411515365,True
vamana,sift_100k,43,random,59,random,same_order_cross_seed,750,750,0.0,0.0,0.0,0.0,0.0,0.0,,True
vamana,sift_100k,43,random,71,cluster_block_order,cross_order,750,750,0.0,895710.0,1194.28,1170.0808625336927,0.9933333333333333,4156.0,0.0573779544952507,True
vamana,sift_100k,43,random,71,natural_source_order,cross_order,750,750,0.0,852124.0,1136.1653333333334,1117.9137466307277,0.9933333333333333,4296.0,0.0632285411515365,True
vamana,sift_100k,43,random,71,random,same_order_cross_seed,750,750,0.0,0.0,0.0,0.0,0.0,0.0,,True
vamana,sift_100k,59,cluster_block_order,43,cluster_block_order,same_order_cross_seed,750,750,0.0,0.0,0.0,0.0,0.0,0.0,,True
vamana,sift_100k,59,cluster_block_order,43,natural_source_order,cross_order,750,750,0.0,924697.0,1232.9293333333333,1208.0094339622642,0.9973333333333333,4016.0,0.053741569425115,True
vamana,sift_100k,59,cluster_block_order,43,random,cross_order,750,750,0.0,788009.0,1050.6786666666667,1042.2830188679245,0.992,4076.0,0.0652912154802332,True
vamana,sift_100k,59,cluster_block_order,59,natural_source_order,cross_order,750,750,0.0,924697.0,1232.9293333333333,1208.0094339622642,0.9973333333333333,4016.0,0.053741569425115,True
vamana,sift_100k,59,cluster_block_order,59,random,cross_order,750,750,0.0,788009.0,1050.6786666666667,1042.2830188679245,0.992,4076.0,0.0652912154802332,True
vamana,sift_100k,59,cluster_block_order,71,cluster_block_order,same_order_cross_seed,750,750,0.0,0.0,0.0,0.0,0.0,0.0,,True
vamana,sift_100k,59,cluster_block_order,71,natural_source_order,cross_order,750,750,0.0,924697.0,1232.9293333333333,1208.0094339622642,0.9973333333333333,4016.0,0.053741569425115,True
vamana,sift_100k,59,cluster_block_order,71,random,cross_order,750,750,0.0,788009.0,1050.6786666666667,1042.2830188679245,0.992,4076.0,0.0652912154802332,True
vamana,sift_100k,59,natural_source_order,43,cluster_block_order,cross_order,750,750,0.0,749176.0,998.9013333333334,989.3854447439353,0.988,4288.0,0.0719077005634558,True
vamana,sift_100k,59,natural_source_order,43,natural_source_order,same_order_cross_seed,750,750,0.0,0.0,0.0,0.0,0.0,0.0,,True
vamana,sift_100k,59,natural_source_order,43,random,cross_order,750,750,0.0,565658.0,754.2106666666666,741.5107816711591,0.9906666666666667,4200.0,0.0994412349654323,True
vamana,sift_100k,59,natural_source_order,59,cluster_block_order,cross_order,750,750,0.0,749176.0,998.9013333333334,989.3854447439353,0.988,4288.0,0.0719077005634558,True
vamana,sift_100k,59,natural_source_order,59,random,cross_order,750,750,0.0,565658.0,754.2106666666666,741.5107816711591,0.9906666666666667,4200.0,0.0994412349654323,True
vamana,sift_100k,59,natural_source_order,71,cluster_block_order,cross_order,750,750,0.0,749176.0,998.9013333333334,989.3854447439353,0.988,4288.0,0.0719077005634558,True
vamana,sift_100k,59,natural_source_order,71,natural_source_order,same_order_cross_seed,750,750,0.0,0.0,0.0,0.0,0.0,0.0,,True
vamana,sift_100k,59,natural_source_order,71,random,cross_order,750,750,0.0,565658.0,754.2106666666666,741.5107816711591,0.9906666666666667,4200.0,0.0994412349654323,True
vamana,sift_100k,59,random,43,cluster_block_order,cross_order,750,750,0.0,895710.0,1194.28,1170.0808625336927,0.9933333333333333,4156.0,0.0573779544952507,True
vamana,sift_100k,59,random,43,natural_source_order,cross_order,750,750,0.0,852124.0,1136.1653333333334,1117.9137466307277,0.9933333333333333,4296.0,0.0632285411515365,True
vamana,sift_100k,59,random,43,random,same_order_cross_seed,750,750,0.0,0.0,0.0,0.0,0.0,0.0,,True
vamana,sift_100k,59,random,59,cluster_block_order,cross_order,750,750,0.0,895710.0,1194.28,1170.0808625336927,0.9933333333333333,4156.0,0.0573779544952507,True
vamana,sift_100k,59,random,59,natural_source_order,cross_order,750,750,0.0,852124.0,1136.1653333333334,1117.9137466307277,0.9933333333333333,4296.0,0.0632285411515365,True
vamana,sift_100k,59,random,71,cluster_block_order,cross_order,750,750,0.0,895710.0,1194.28,1170.0808625336927,0.9933333333333333,4156.0,0.0573779544952507,True
vamana,sift_100k,59,random,71,natural_source_order,cross_order,750,750,0.0,852124.0,1136.1653333333334,1117.9137466307277,0.9933333333333333,4296.0,0.0632285411515365,True
vamana,sift_100k,59,random,71,random,same_order_cross_seed,750,750,0.0,0.0,0.0,0.0,0.0,0.0,,True
vamana,sift_100k,71,cluster_block_order,43,cluster_block_order,same_order_cross_seed,750,750,0.0,0.0,0.0,0.0,0.0,0.0,,True
vamana,sift_100k,71,cluster_block_order,43,natural_source_order,cross_order,750,750,0.0,924697.0,1232.9293333333333,1208.0094339622642,0.9973333333333333,4016.0,0.053741569425115,True
vamana,sift_100k,71,cluster_block_order,43,random,cross_order,750,750,0.0,788009.0,1050.6786666666667,1042.2830188679245,0.992,4076.0,0.0652912154802332,True
vamana,sift_100k,71,cluster_block_order,59,cluster_block_order,same_order_cross_seed,750,750,0.0,0.0,0.0,0.0,0.0,0.0,,True
vamana,sift_100k,71,cluster_block_order,59,natural_source_order,cross_order,750,750,0.0,924697.0,1232.9293333333333,1208.0094339622642,0.9973333333333333,4016.0,0.053741569425115,True
vamana,sift_100k,71,cluster_block_order,59,random,cross_order,750,750,0.0,788009.0,1050.6786666666667,1042.2830188679245,0.992,4076.0,0.0652912154802332,True
vamana,sift_100k,71,cluster_block_order,71,natural_source_order,cross_order,750,750,0.0,924697.0,1232.9293333333333,1208.0094339622642,0.9973333333333333,4016.0,0.053741569425115,True
vamana,sift_100k,71,cluster_block_order,71,random,cross_order,750,750,0.0,788009.0,1050.6786666666667,1042.2830188679245,0.992,4076.0,0.0652912154802332,True
vamana,sift_100k,71,natural_source_order,43,cluster_block_order,cross_order,750,750,0.0,749176.0,998.9013333333334,989.3854447439353,0.988,4288.0,0.0719077005634558,True
vamana,sift_100k,71,natural_source_order,43,natural_source_order,same_order_cross_seed,750,750,0.0,0.0,0.0,0.0,0.0,0.0,,True
vamana,sift_100k,71,natural_source_order,43,random,cross_order,750,750,0.0,565658.0,754.2106666666666,741.5107816711591,0.9906666666666667,4200.0,0.0994412349654323,True
vamana,sift_100k,71,natural_source_order,59,cluster_block_order,cross_order,750,750,0.0,749176.0,998.9013333333334,989.3854447439353,0.988,4288.0,0.0719077005634558,True
vamana,sift_100k,71,natural_source_order,59,natural_source_order,same_order_cross_seed,750,750,0.0,0.0,0.0,0.0,0.0,0.0,,True
vamana,sift_100k,71,natural_source_order,59,random,cross_order,750,750,0.0,565658.0,754.2106666666666,741.5107816711591,0.9906666666666667,4200.0,0.0994412349654323,True
vamana,sift_100k,71,natural_source_order,71,cluster_block_order,cross_order,750,750,0.0,749176.0,998.9013333333334,989.3854447439353,0.988,4288.0,0.0719077005634558,True
vamana,sift_100k,71,natural_source_order,71,random,cross_order,750,750,0.0,565658.0,754.2106666666666,741.5107816711591,0.9906666666666667,4200.0,0.0994412349654323,True
vamana,sift_100k,71,random,43,cluster_block_order,cross_order,750,750,0.0,895710.0,1194.28,1170.0808625336927,0.9933333333333333,4156.0,0.0573779544952507,True
vamana,sift_100k,71,random,43,natural_source_order,cross_order,750,750,0.0,852124.0,1136.1653333333334,1117.9137466307277,0.9933333333333333,4296.0,0.0632285411515365,True
vamana,sift_100k,71,random,43,random,same_order_cross_seed,750,750,0.0,0.0,0.0,0.0,0.0,0.0,,True
vamana,sift_100k,71,random,59,cluster_block_order,cross_order,750,750,0.0,895710.0,1194.28,1170.0808625336927,0.9933333333333333,4156.0,0.0573779544952507,True
vamana,sift_100k,71,random,59,natural_source_order,cross_order,750,750,0.0,852124.0,1136.1653333333334,1117.9137466307277,0.9933333333333333,4296.0,0.0632285411515365,True
vamana,sift_100k,71,random,59,random,same_order_cross_seed,750,750,0.0,0.0,0.0,0.0,0.0,0.0,,True
vamana,sift_100k,71,random,71,cluster_block_order,cross_order,750,750,0.0,895710.0,1194.28,1170.0808625336927,0.9933333333333333,4156.0,0.0573779544952507,True
vamana,sift_100k,71,random,71,natural_source_order,cross_order,750,750,0.0,852124.0,1136.1653333333334,1117.9137466307277,0.9933333333333333,4296.0,0.0632285411515365,True
