dataset,cycle,source_build,target_build,method,stage,selected_shift,action,abs_risk,rec_risk,endpoint_infeasible_rate,cp95_abs_upper,mean_ndc,p50_ndc,p95_ndc,saving_vs_fixed,evidence_label
sift_100k,0,sift_100k__seed43__cluster_block_order,sift_100k__seed43__natural_source_order,RM-B1,80,6,CERTIFIED,0.008,0.008,0.0,0.02496768176927198,1297.196,1304.5,1645.85,0.6977490013476912,SEMANTIC_REPAIR
sift_100k,0,sift_100k__seed43__cluster_block_order,sift_100k__seed43__natural_source_order,RM-B2,80,6,CERTIFIED,0.008,0.008,0.0,0.02496768176927198,1297.196,1304.5,1645.85,0.6977490013476912,SEMANTIC_REPAIR
sift_100k,0,sift_100k__seed43__cluster_block_order,sift_100k__seed43__natural_source_order,RM-B1,128,6,CERTIFIED,0.008,0.008,0.0,0.02496768176927198,1297.196,1304.5,1645.85,0.6977490013476912,SEMANTIC_REPAIR
sift_100k,0,sift_100k__seed43__cluster_block_order,sift_100k__seed43__natural_source_order,RM-B2,128,5,CERTIFIED,0.016,0.016,0.0,0.03623796513686767,963.232,965.5,1233.3999999999999,0.7755637282770987,SEMANTIC_REPAIR
sift_100k,0,sift_100k__seed43__cluster_block_order,sift_100k__seed43__natural_source_order,RM-B1,250,6,CERTIFIED,0.008,0.008,0.0,0.02496768176927198,1297.196,1304.5,1645.85,0.6977490013476912,SEMANTIC_REPAIR
sift_100k,0,sift_100k__seed43__cluster_block_order,sift_100k__seed43__natural_source_order,RM-B2,250,5,CERTIFIED,0.016,0.016,0.0,0.03623796513686767,963.232,965.5,1233.3999999999999,0.7755637282770987,SEMANTIC_REPAIR
sift_100k,0,sift_100k__seed43__cluster_block_order,sift_100k__seed43__random,RM-B1,80,6,CERTIFIED,0.008,0.008,0.0,0.02496768176927198,1264.52,1267.0,1597.55,0.7013220512248791,SEMANTIC_REPAIR
sift_100k,0,sift_100k__seed43__cluster_block_order,sift_100k__seed43__random,RM-B2,80,5,CERTIFIED,0.016,0.016,0.0,0.03623796513686767,939.976,936.5,1196.1999999999998,0.7779789140718667,SEMANTIC_REPAIR
sift_100k,0,sift_100k__seed43__cluster_block_order,sift_100k__seed43__random,RM-B1,128,6,CERTIFIED,0.008,0.008,0.0,0.02496768176927198,1264.52,1267.0,1597.55,0.7013220512248791,SEMANTIC_REPAIR
sift_100k,0,sift_100k__seed43__cluster_block_order,sift_100k__seed43__random,RM-B2,128,5,CERTIFIED,0.016,0.016,0.0,0.03623796513686767,939.976,936.5,1196.1999999999998,0.7779789140718667,SEMANTIC_REPAIR
sift_100k,0,sift_100k__seed43__cluster_block_order,sift_100k__seed43__random,RM-B1,250,6,CERTIFIED,0.008,0.008,0.0,0.02496768176927198,1264.52,1267.0,1597.55,0.7013220512248791,SEMANTIC_REPAIR
sift_100k,0,sift_100k__seed43__cluster_block_order,sift_100k__seed43__random,RM-B2,250,5,CERTIFIED,0.016,0.016,0.0,0.03623796513686767,939.976,936.5,1196.1999999999998,0.7779789140718667,SEMANTIC_REPAIR
sift_100k,0,sift_100k__seed43__cluster_block_order,sift_100k__seed59__cluster_block_order,RM-B1,80,6,CERTIFIED,0.004,0.0,0.004,0.018833965611186224,1301.708,1293.5,1710.2499999999998,0.6952322888366312,SEMANTIC_REPAIR
sift_100k,0,sift_100k__seed43__cluster_block_order,sift_100k__seed59__cluster_block_order,RM-B2,80,5,CERTIFIED,0.016,0.012,0.004,0.03623796513686767,969.472,956.5,1286.6,0.773018401610059,SEMANTIC_REPAIR
sift_100k,0,sift_100k__seed43__cluster_block_order,sift_100k__seed59__cluster_block_order,RM-B1,128,6,CERTIFIED,0.004,0.0,0.004,0.018833965611186224,1301.708,1293.5,1710.2499999999998,0.6952322888366312,SEMANTIC_REPAIR
sift_100k,0,sift_100k__seed43__cluster_block_order,sift_100k__seed59__cluster_block_order,RM-B2,128,6,CERTIFIED,0.004,0.0,0.004,0.018833965611186224,1301.708,1293.5,1710.2499999999998,0.6952322888366312,SEMANTIC_REPAIR
sift_100k,0,sift_100k__seed43__cluster_block_order,sift_100k__seed59__cluster_block_order,RM-B1,250,6,CERTIFIED,0.004,0.0,0.004,0.018833965611186224,1301.708,1293.5,1710.2499999999998,0.6952322888366312,SEMANTIC_REPAIR
sift_100k,0,sift_100k__seed43__cluster_block_order,sift_100k__seed59__cluster_block_order,RM-B2,250,6,CERTIFIED,0.004,0.0,0.004,0.018833965611186224,1301.708,1293.5,1710.2499999999998,0.6952322888366312,SEMANTIC_REPAIR
sift_100k,0,sift_100k__seed43__cluster_block_order,sift_100k__seed59__natural_source_order,RM-B1,80,6,CERTIFIED,0.008,0.008,0.0,0.02496768176927198,1302.696,1307.5,1645.1,0.6965772070949025,SEMANTIC_REPAIR
sift_100k,0,sift_100k__seed43__cluster_block_order,sift_100k__seed59__natural_source_order,RM-B2,80,4,CERTIFIED,0.032,0.032,0.0,0.05699654926405676,785.052,784.0,970.55,0.8171463868655983,SEMANTIC_REPAIR
sift_100k,0,sift_100k__seed43__cluster_block_order,sift_100k__seed59__natural_source_order,RM-B1,128,6,CERTIFIED,0.008,0.008,0.0,0.02496768176927198,1302.696,1307.5,1645.1,0.6965772070949025,SEMANTIC_REPAIR
sift_100k,0,sift_100k__seed43__cluster_block_order,sift_100k__seed59__natural_source_order,RM-B2,128,5,CERTIFIED,0.016,0.016,0.0,0.03623796513686767,969.224,974.0,1213.85,0.7742492085408643,SEMANTIC_REPAIR
sift_100k,0,sift_100k__seed43__cluster_block_order,sift_100k__seed59__natural_source_order,RM-B1,250,6,CERTIFIED,0.008,0.008,0.0,0.02496768176927198,1302.696,1307.5,1645.1,0.6965772070949025,SEMANTIC_REPAIR
sift_100k,0,sift_100k__seed43__cluster_block_order,sift_100k__seed59__natural_source_order,RM-B2,250,5,CERTIFIED,0.016,0.016,0.0,0.03623796513686767,969.224,974.0,1213.85,0.7742492085408643,SEMANTIC_REPAIR
sift_100k,0,sift_100k__seed43__cluster_block_order,sift_100k__seed59__random,RM-B1,80,6,CERTIFIED,0.008,0.008,0.0,0.02496768176927198,1288.372,1271.0,1594.6499999999999,0.6959642889506434,SEMANTIC_REPAIR
sift_100k,0,sift_100k__seed43__cluster_block_order,sift_100k__seed59__random,RM-B2,80,5,CERTIFIED,0.016,0.016,0.0,0.03623796513686767,958.192,939.0,1164.6499999999999,0.7738816226665861,SEMANTIC_REPAIR
sift_100k,0,sift_100k__seed43__cluster_block_order,sift_100k__seed59__random,RM-B1,128,6,CERTIFIED,0.008,0.008,0.0,0.02496768176927198,1288.372,1271.0,1594.6499999999999,0.6959642889506434,SEMANTIC_REPAIR
sift_100k,0,sift_100k__seed43__cluster_block_order,sift_100k__seed59__random,RM-B2,128,5,CERTIFIED,0.016,0.016,0.0,0.03623796513686767,958.192,939.0,1164.6499999999999,0.7738816226665861,SEMANTIC_REPAIR
sift_100k,0,sift_100k__seed43__cluster_block_order,sift_100k__seed59__random,RM-B1,250,6,CERTIFIED,0.008,0.008,0.0,0.02496768176927198,1288.372,1271.0,1594.6499999999999,0.6959642889506434,SEMANTIC_REPAIR
sift_100k,0,sift_100k__seed43__cluster_block_order,sift_100k__seed59__random,RM-B2,250,5,CERTIFIED,0.016,0.016,0.0,0.03623796513686767,958.192,939.0,1164.6499999999999,0.7738816226665861,SEMANTIC_REPAIR
sift_100k,0,sift_100k__seed43__cluster_block_order,sift_100k__seed71__cluster_block_order,RM-B1,80,6,CERTIFIED,0.0,0.0,0.0,0.011911419714980633,1378.016,1313.0,2598.9999999999977,0.6782612674957997,SEMANTIC_REPAIR
sift_100k,0,sift_100k__seed43__cluster_block_order,sift_100k__seed71__cluster_block_order,RM-B2,80,5,CERTIFIED,0.012,0.012,0.0,0.030720864145366192,1028.172,977.5,1883.599999999998,0.7599427321044832,SEMANTIC_REPAIR
sift_100k,0,sift_100k__seed43__cluster_block_order,sift_100k__seed71__cluster_block_order,RM-B1,128,6,CERTIFIED,0.0,0.0,0.0,0.011911419714980633,1378.016,1313.0,2598.9999999999977,0.6782612674957997,SEMANTIC_REPAIR
sift_100k,0,sift_100k__seed43__cluster_block_order,sift_100k__seed71__cluster_block_order,RM-B2,128,6,CERTIFIED,0.0,0.0,0.0,0.011911419714980633,1378.016,1313.0,2598.9999999999977,0.6782612674957997,SEMANTIC_REPAIR
sift_100k,0,sift_100k__seed43__cluster_block_order,sift_100k__seed71__cluster_block_order,RM-B1,250,6,CERTIFIED,0.0,0.0,0.0,0.011911419714980633,1378.016,1313.0,2598.9999999999977,0.6782612674957997,SEMANTIC_REPAIR
sift_100k,0,sift_100k__seed43__cluster_block_order,sift_100k__seed71__cluster_block_order,RM-B2,250,5,CERTIFIED,0.012,0.012,0.0,0.030720864145366192,1028.172,977.5,1883.599999999998,0.7599427321044832,SEMANTIC_REPAIR
sift_100k,0,sift_100k__seed43__cluster_block_order,sift_100k__seed71__natural_source_order,RM-B1,80,6,CERTIFIED,0.012,0.008,0.004,0.030720864145366192,1351.468,1294.0,2335.149999999999,0.6854610926057983,SEMANTIC_REPAIR
sift_100k,0,sift_100k__seed43__cluster_block_order,sift_100k__seed71__natural_source_order,RM-B2,80,6,CERTIFIED,0.012,0.008,0.004,0.030720864145366192,1351.468,1294.0,2335.149999999999,0.6854610926057983,SEMANTIC_REPAIR
sift_100k,0,sift_100k__seed43__cluster_block_order,sift_100k__seed71__natural_source_order,RM-B1,128,6,CERTIFIED,0.012,0.008,0.004,0.030720864145366192,1351.468,1294.0,2335.149999999999,0.6854610926057983,SEMANTIC_REPAIR
sift_100k,0,sift_100k__seed43__cluster_block_order,sift_100k__seed71__natural_source_order,RM-B2,128,5,CERTIFIED,0.024,0.02,0.004,0.04681743080651248,1008.212,966.0,1728.5999999999988,0.7653500483165544,SEMANTIC_REPAIR
sift_100k,0,sift_100k__seed43__cluster_block_order,sift_100k__seed71__natural_source_order,RM-B1,250,6,CERTIFIED,0.012,0.008,0.004,0.030720864145366192,1351.468,1294.0,2335.149999999999,0.6854610926057983,SEMANTIC_REPAIR
sift_100k,0,sift_100k__seed43__cluster_block_order,sift_100k__seed71__natural_source_order,RM-B2,250,5,CERTIFIED,0.024,0.02,0.004,0.04681743080651248,1008.212,966.0,1728.5999999999988,0.7653500483165544,SEMANTIC_REPAIR
sift_100k,0,sift_100k__seed43__cluster_block_order,sift_100k__seed71__random,RM-B1,80,6,CERTIFIED,0.008,0.008,0.0,0.02496768176927198,1273.312,1280.0,1631.999999999999,0.6999914236949174,SEMANTIC_REPAIR
sift_100k,0,sift_100k__seed43__cluster_block_order,sift_100k__seed71__random,RM-B2,80,4,CERTIFIED,0.048,0.048,0.0,0.07661134159084108,766.652,769.0,978.0,0.8193669932888057,SEMANTIC_REPAIR
sift_100k,0,sift_100k__seed43__cluster_block_order,sift_100k__seed71__random,RM-B1,128,6,CERTIFIED,0.008,0.008,0.0,0.02496768176927198,1273.312,1280.0,1631.999999999999,0.6999914236949174,SEMANTIC_REPAIR
sift_100k,0,sift_100k__seed43__cluster_block_order,sift_100k__seed71__random,RM-B2,128,4,CERTIFIED,0.048,0.048,0.0,0.07661134159084108,766.652,769.0,978.0,0.8193669932888057,SEMANTIC_REPAIR
sift_100k,0,sift_100k__seed43__cluster_block_order,sift_100k__seed71__random,RM-B1,250,6,CERTIFIED,0.008,0.008,0.0,0.02496768176927198,1273.312,1280.0,1631.999999999999,0.6999914236949174,SEMANTIC_REPAIR
sift_100k,0,sift_100k__seed43__cluster_block_order,sift_100k__seed71__random,RM-B2,250,5,CERTIFIED,0.016,0.016,0.0,0.03623796513686767,946.212,952.0,1206.6499999999996,0.7770603630510158,SEMANTIC_REPAIR
sift_100k,0,sift_100k__seed43__natural_source_order,sift_100k__seed43__cluster_block_order,RM-B1,80,6,CERTIFIED,0.0,0.0,0.0,0.011911419714980633,1354.116,1315.5,1803.0499999999977,0.6835485517393524,SEMANTIC_REPAIR
sift_100k,0,sift_100k__seed43__natural_source_order,sift_100k__seed43__cluster_block_order,RM-B2,80,5,CERTIFIED,0.008,0.008,0.0,0.02496768176927198,1019.084,976.0,1576.3999999999942,0.7618441790073718,SEMANTIC_REPAIR
sift_100k,0,sift_100k__seed43__natural_source_order,sift_100k__seed43__cluster_block_order,RM-B1,128,6,CERTIFIED,0.0,0.0,0.0,0.011911419714980633,1354.116,1315.5,1803.0499999999977,0.6835485517393524,SEMANTIC_REPAIR
sift_100k,0,sift_100k__seed43__natural_source_order,sift_100k__seed43__cluster_block_order,RM-B2,128,5,CERTIFIED,0.008,0.008,0.0,0.02496768176927198,1019.084,976.0,1576.3999999999942,0.7618441790073718,SEMANTIC_REPAIR
sift_100k,0,sift_100k__seed43__natural_source_order,sift_100k__seed43__cluster_block_order,RM-B1,250,6,CERTIFIED,0.0,0.0,0.0,0.011911419714980633,1354.116,1315.5,1803.0499999999977,0.6835485517393524,SEMANTIC_REPAIR
sift_100k,0,sift_100k__seed43__natural_source_order,sift_100k__seed43__cluster_block_order,RM-B2,250,5,CERTIFIED,0.008,0.008,0.0,0.02496768176927198,1019.084,976.0,1576.3999999999942,0.7618441790073718,SEMANTIC_REPAIR
sift_100k,0,sift_100k__seed43__natural_source_order,sift_100k__seed43__random,RM-B1,80,6,CERTIFIED,0.008,0.008,0.0,0.02496768176927198,1292.068,1274.5,1721.5499999999986,0.6948152501202252,SEMANTIC_REPAIR
sift_100k,0,sift_100k__seed43__natural_source_order,sift_100k__seed43__random,RM-B2,80,5,CERTIFIED,0.016,0.016,0.0,0.03623796513686767,969.896,940.5,1393.2499999999993,0.7709118497096173,SEMANTIC_REPAIR
sift_100k,0,sift_100k__seed43__natural_source_order,sift_100k__seed43__random,RM-B1,128,6,CERTIFIED,0.008,0.008,0.0,0.02496768176927198,1292.068,1274.5,1721.5499999999986,0.6948152501202252,SEMANTIC_REPAIR
sift_100k,0,sift_100k__seed43__natural_source_order,sift_100k__seed43__random,RM-B2,128,5,CERTIFIED,0.016,0.016,0.0,0.03623796513686767,969.896,940.5,1393.2499999999993,0.7709118497096173,SEMANTIC_REPAIR
sift_100k,0,sift_100k__seed43__natural_source_order,sift_100k__seed43__random,RM-B1,250,6,CERTIFIED,0.008,0.008,0.0,0.02496768176927198,1292.068,1274.5,1721.5499999999986,0.6948152501202252,SEMANTIC_REPAIR
sift_100k,0,sift_100k__seed43__natural_source_order,sift_100k__seed43__random,RM-B2,250,5,CERTIFIED,0.016,0.016,0.0,0.03623796513686767,969.896,940.5,1393.2499999999993,0.7709118497096173,SEMANTIC_REPAIR
sift_100k,0,sift_100k__seed43__natural_source_order,sift_100k__seed59__cluster_block_order,RM-B1,80,6,CERTIFIED,0.004,0.0,0.004,0.018833965611186224,1344.656,1309.0,1745.3999999999992,0.6851769126239597,SEMANTIC_REPAIR
sift_100k,0,sift_100k__seed43__natural_source_order,sift_100k__seed59__cluster_block_order,RM-B2,80,5,CERTIFIED,0.012,0.008,0.004,0.030720864145366192,1013.604,967.0,1362.249999999999,0.7626858165533014,SEMANTIC_REPAIR
sift_100k,0,sift_100k__seed43__natural_source_order,sift_100k__seed59__cluster_block_order,RM-B1,128,6,CERTIFIED,0.004,0.0,0.004,0.018833965611186224,1344.656,1309.0,1745.3999999999992,0.6851769126239597,SEMANTIC_REPAIR
sift_100k,0,sift_100k__seed43__natural_source_order,sift_100k__seed59__cluster_block_order,RM-B2,128,6,CERTIFIED,0.004,0.0,0.004,0.018833965611186224,1344.656,1309.0,1745.3999999999992,0.6851769126239597,SEMANTIC_REPAIR
sift_100k,0,sift_100k__seed43__natural_source_order,sift_100k__seed59__cluster_block_order,RM-B1,250,6,CERTIFIED,0.004,0.0,0.004,0.018833965611186224,1344.656,1309.0,1745.3999999999992,0.6851769126239597,SEMANTIC_REPAIR
sift_100k,0,sift_100k__seed43__natural_source_order,sift_100k__seed59__cluster_block_order,RM-B2,250,5,CERTIFIED,0.012,0.008,0.004,0.030720864145366192,1013.604,967.0,1362.249999999999,0.7626858165533014,SEMANTIC_REPAIR
sift_100k,0,sift_100k__seed43__natural_source_order,sift_100k__seed59__natural_source_order,RM-B1,80,6,CERTIFIED,0.008,0.008,0.0,0.02496768176927198,1333.452,1322.5,1806.6,0.6894135469481075,SEMANTIC_REPAIR
sift_100k,0,sift_100k__seed43__natural_source_order,sift_100k__seed59__natural_source_order,RM-B2,80,5,CERTIFIED,0.016,0.016,0.0,0.03623796513686767,1005.36,992.0,1426.85,0.7658324435823332,SEMANTIC_REPAIR
sift_100k,0,sift_100k__seed43__natural_source_order,sift_100k__seed59__natural_source_order,RM-B1,128,6,CERTIFIED,0.008,0.008,0.0,0.02496768176927198,1333.452,1322.5,1806.6,0.6894135469481075,SEMANTIC_REPAIR
sift_100k,0,sift_100k__seed43__natural_source_order,sift_100k__seed59__natural_source_order,RM-B2,128,5,CERTIFIED,0.016,0.016,0.0,0.03623796513686767,1005.36,992.0,1426.85,0.7658324435823332,SEMANTIC_REPAIR
sift_100k,0,sift_100k__seed43__natural_source_order,sift_100k__seed59__natural_source_order,RM-B1,250,6,CERTIFIED,0.008,0.008,0.0,0.02496768176927198,1333.452,1322.5,1806.6,0.6894135469481075,SEMANTIC_REPAIR
sift_100k,0,sift_100k__seed43__natural_source_order,sift_100k__seed59__natural_source_order,RM-B2,250,5,CERTIFIED,0.016,0.016,0.0,0.03623796513686767,1005.36,992.0,1426.85,0.7658324435823332,SEMANTIC_REPAIR
sift_100k,0,sift_100k__seed43__natural_source_order,sift_100k__seed59__random,RM-B1,80,6,CERTIFIED,0.008,0.008,0.0,0.02496768176927198,1346.416,1279.0,2726.2499999999995,0.6822668096417568,SEMANTIC_REPAIR
sift_100k,0,sift_100k__seed43__natural_source_order,sift_100k__seed59__random,RM-B2,80,5,CERTIFIED,0.016,0.016,0.0,0.03623796513686767,1014.072,952.5,2162.999999999999,0.7606948136289494,SEMANTIC_REPAIR
sift_100k,0,sift_100k__seed43__natural_source_order,sift_100k__seed59__random,RM-B1,128,6,CERTIFIED,0.008,0.008,0.0,0.02496768176927198,1346.416,1279.0,2726.2499999999995,0.6822668096417568,SEMANTIC_REPAIR
sift_100k,0,sift_100k__seed43__natural_source_order,sift_100k__seed59__random,RM-B2,128,5,CERTIFIED,0.016,0.016,0.0,0.03623796513686767,1014.072,952.5,2162.999999999999,0.7606948136289494,SEMANTIC_REPAIR
sift_100k,0,sift_100k__seed43__natural_source_order,sift_100k__seed59__random,RM-B1,250,6,CERTIFIED,0.008,0.008,0.0,0.02496768176927198,1346.416,1279.0,2726.2499999999995,0.6822668096417568,SEMANTIC_REPAIR
sift_100k,0,sift_100k__seed43__natural_source_order,sift_100k__seed59__random,RM-B2,250,5,CERTIFIED,0.016,0.016,0.0,0.03623796513686767,1014.072,952.5,2162.999999999999,0.7606948136289494,SEMANTIC_REPAIR
sift_100k,0,sift_100k__seed43__natural_source_order,sift_100k__seed71__cluster_block_order,RM-B1,80,6,CERTIFIED,0.0,0.0,0.0,0.011911419714980633,1421.28,1323.0,3001.0499999999997,0.6681600026896859,SEMANTIC_REPAIR
sift_100k,0,sift_100k__seed43__natural_source_order,sift_100k__seed71__cluster_block_order,RM-B2,80,5,CERTIFIED,0.008,0.008,0.0,0.02496768176927198,1078.628,980.5,2429.1499999999996,0.7481622814513471,SEMANTIC_REPAIR
sift_100k,0,sift_100k__seed43__natural_source_order,sift_100k__seed71__cluster_block_order,RM-B1,128,6,CERTIFIED,0.0,0.0,0.0,0.011911419714980633,1421.28,1323.0,3001.0499999999997,0.6681600026896859,SEMANTIC_REPAIR
sift_100k,0,sift_100k__seed43__natural_source_order,sift_100k__seed71__cluster_block_order,RM-B2,128,6,CERTIFIED,0.0,0.0,0.0,0.011911419714980633,1421.28,1323.0,3001.0499999999997,0.6681600026896859,SEMANTIC_REPAIR
sift_100k,0,sift_100k__seed43__natural_source_order,sift_100k__seed71__cluster_block_order,RM-B1,250,6,CERTIFIED,0.0,0.0,0.0,0.011911419714980633,1421.28,1323.0,3001.0499999999997,0.6681600026896859,SEMANTIC_REPAIR
sift_100k,0,sift_100k__seed43__natural_source_order,sift_100k__seed71__cluster_block_order,RM-B2,250,5,CERTIFIED,0.008,0.008,0.0,0.02496768176927198,1078.628,980.5,2429.1499999999996,0.7481622814513471,SEMANTIC_REPAIR
sift_100k,0,sift_100k__seed43__natural_source_order,sift_100k__seed71__natural_source_order,RM-B1,80,6,CERTIFIED,0.012,0.008,0.004,0.030720864145366192,1373.572,1310.0,2768.4999999999986,0.6803166363485718,SEMANTIC_REPAIR
sift_100k,0,sift_100k__seed43__natural_source_order,sift_100k__seed71__natural_source_order,RM-B2,80,4,CERTIFIED,0.032,0.028,0.004,0.05699654926405676,828.712,784.0,1620.3499999999995,0.8071266452298806,SEMANTIC_REPAIR
sift_100k,0,sift_100k__seed43__natural_source_order,sift_100k__seed71__natural_source_order,RM-B1,128,6,CERTIFIED,0.012,0.008,0.004,0.030720864145366192,1373.572,1310.0,2768.4999999999986,0.6803166363485718,SEMANTIC_REPAIR
sift_100k,0,sift_100k__seed43__natural_source_order,sift_100k__seed71__natural_source_order,RM-B2,128,5,CERTIFIED,0.02,0.016,0.004,0.04158982878282098,1035.796,974.0,2232.2999999999997,0.7589301839752887,SEMANTIC_REPAIR
sift_100k,0,sift_100k__seed43__natural_source_order,sift_100k__seed71__natural_source_order,RM-B1,250,6,CERTIFIED,0.012,0.008,0.004,0.030720864145366192,1373.572,1310.0,2768.4999999999986,0.6803166363485718,SEMANTIC_REPAIR
sift_100k,0,sift_100k__seed43__natural_source_order,sift_100k__seed71__natural_source_order,RM-B2,250,5,CERTIFIED,0.02,0.016,0.004,0.04158982878282098,1035.796,974.0,2232.2999999999997,0.7589301839752887,SEMANTIC_REPAIR
sift_100k,0,sift_100k__seed43__natural_source_order,sift_100k__seed71__random,RM-B1,80,6,CERTIFIED,0.008,0.008,0.0,0.02496768176927198,1303.9,1296.0,1639.6499999999992,0.6927845000720976,SEMANTIC_REPAIR
sift_100k,0,sift_100k__seed43__natural_source_order,sift_100k__seed71__random,RM-B2,80,4,CERTIFIED,0.044,0.044,0.0,0.07177970349205483,785.508,772.5,984.5999999999998,0.8149242787657284,SEMANTIC_REPAIR
sift_100k,0,sift_100k__seed43__natural_source_order,sift_100k__seed71__random,RM-B1,128,6,CERTIFIED,0.008,0.008,0.0,0.02496768176927198,1303.9,1296.0,1639.6499999999992,0.6927845000720976,SEMANTIC_REPAIR
sift_100k,0,sift_100k__seed43__natural_source_order,sift_100k__seed71__random,RM-B2,128,4,CERTIFIED,0.044,0.044,0.0,0.07177970349205483,785.508,772.5,984.5999999999998,0.8149242787657284,SEMANTIC_REPAIR
sift_100k,0,sift_100k__seed43__natural_source_order,sift_100k__seed71__random,RM-B1,250,6,CERTIFIED,0.008,0.008,0.0,0.02496768176927198,1303.9,1296.0,1639.6499999999992,0.6927845000720976,SEMANTIC_REPAIR
sift_100k,0,sift_100k__seed43__natural_source_order,sift_100k__seed71__random,RM-B2,250,5,CERTIFIED,0.016,0.016,0.0,0.03623796513686767,979.056,958.5,1284.9499999999998,0.7693218970032882,SEMANTIC_REPAIR
sift_100k,0,sift_100k__seed43__random,sift_100k__seed43__cluster_block_order,RM-B1,80,6,CERTIFIED,0.0,0.0,0.0,0.011911419714980633,1371.632,1335.0,1965.6499999999999,0.6794551331786578,SEMANTIC_REPAIR
sift_100k,0,sift_100k__seed43__random,sift_100k__seed43__cluster_block_order,RM-B2,80,5,CERTIFIED,0.008,0.008,0.0,0.02496768176927198,1034.448,990.5,1539.85,0.7582536741679956,SEMANTIC_REPAIR
sift_100k,0,sift_100k__seed43__random,sift_100k__seed43__cluster_block_order,RM-B1,128,6,CERTIFIED,0.0,0.0,0.0,0.011911419714980633,1371.632,1335.0,1965.6499999999999,0.6794551331786578,SEMANTIC_REPAIR
sift_100k,0,sift_100k__seed43__random,sift_100k__seed43__cluster_block_order,RM-B2,128,5,CERTIFIED,0.008,0.008,0.0,0.02496768176927198,1034.448,990.5,1539.85,0.7582536741679956,SEMANTIC_REPAIR
sift_100k,0,sift_100k__seed43__random,sift_100k__seed43__cluster_block_order,RM-B1,250,5,CERTIFIED,0.008,0.008,0.0,0.02496768176927198,1034.448,990.5,1539.85,0.7582536741679956,SEMANTIC_REPAIR
sift_100k,0,sift_100k__seed43__random,sift_100k__seed43__cluster_block_order,RM-B2,250,5,CERTIFIED,0.008,0.008,0.0,0.02496768176927198,1034.448,990.5,1539.85,0.7582536741679956,SEMANTIC_REPAIR
sift_100k,0,sift_100k__seed43__random,sift_100k__seed43__natural_source_order,RM-B1,80,6,CERTIFIED,0.004,0.004,0.0,0.018833965611186224,1372.48,1336.0,1982.8999999999996,0.6802075780141777,SEMANTIC_REPAIR
sift_100k,0,sift_100k__seed43__random,sift_100k__seed43__natural_source_order,RM-B2,80,6,CERTIFIED,0.004,0.004,0.0,0.018833965611186224,1372.48,1336.0,1982.8999999999996,0.6802075780141777,SEMANTIC_REPAIR
sift_100k,0,sift_100k__seed43__random,sift_100k__seed43__natural_source_order,RM-B1,128,6,CERTIFIED,0.004,0.004,0.0,0.018833965611186224,1372.48,1336.0,1982.8999999999996,0.6802075780141777,SEMANTIC_REPAIR
sift_100k,0,sift_100k__seed43__random,sift_100k__seed43__natural_source_order,RM-B2,128,5,CERTIFIED,0.016,0.016,0.0,0.03623796513686767,1034.532,991.5,1558.9999999999993,0.758950590244057,SEMANTIC_REPAIR
sift_100k,0,sift_100k__seed43__random,sift_100k__seed43__natural_source_order,RM-B1,250,5,CERTIFIED,0.016,0.016,0.0,0.03623796513686767,1034.532,991.5,1558.9999999999993,0.758950590244057,SEMANTIC_REPAIR
sift_100k,0,sift_100k__seed43__random,sift_100k__seed43__natural_source_order,RM-B2,250,5,CERTIFIED,0.016,0.016,0.0,0.03623796513686767,1034.532,991.5,1558.9999999999993,0.758950590244057,SEMANTIC_REPAIR
sift_100k,0,sift_100k__seed43__random,sift_100k__seed59__cluster_block_order,RM-B1,80,6,CERTIFIED,0.004,0.0,0.004,0.018833965611186224,1345.8,1320.0,1960.4999999999989,0.6849090689435253,SEMANTIC_REPAIR
sift_100k,0,sift_100k__seed43__random,sift_100k__seed59__cluster_block_order,RM-B2,80,5,CERTIFIED,0.008,0.004,0.004,0.02496768176927198,1013.9,975.5,1551.5999999999995,0.7626165143422798,SEMANTIC_REPAIR
sift_100k,0,sift_100k__seed43__random,sift_100k__seed59__cluster_block_order,RM-B1,128,6,CERTIFIED,0.004,0.0,0.004,0.018833965611186224,1345.8,1320.0,1960.4999999999989,0.6849090689435253,SEMANTIC_REPAIR
sift_100k,0,sift_100k__seed43__random,sift_100k__seed59__cluster_block_order,RM-B2,128,5,CERTIFIED,0.008,0.004,0.004,0.02496768176927198,1013.9,975.5,1551.5999999999995,0.7626165143422798,SEMANTIC_REPAIR
sift_100k,0,sift_100k__seed43__random,sift_100k__seed59__cluster_block_order,RM-B1,250,5,CERTIFIED,0.008,0.004,0.004,0.02496768176927198,1013.9,975.5,1551.5999999999995,0.7626165143422798,SEMANTIC_REPAIR
sift_100k,0,sift_100k__seed43__random,sift_100k__seed59__cluster_block_order,RM-B2,250,5,CERTIFIED,0.008,0.004,0.004,0.02496768176927198,1013.9,975.5,1551.5999999999995,0.7626165143422798,SEMANTIC_REPAIR
sift_100k,0,sift_100k__seed43__random,sift_100k__seed59__natural_source_order,RM-B1,80,6,CERTIFIED,0.004,0.004,0.0,0.018833965611186224,1378.156,1336.5,1992.9499999999996,0.6790011310551982,SEMANTIC_REPAIR
sift_100k,0,sift_100k__seed43__random,sift_100k__seed59__natural_source_order,RM-B2,80,4,CERTIFIED,0.028,0.028,0.0,0.05194700438197347,828.156,800.5,1153.8499999999995,0.8071066415486698,SEMANTIC_REPAIR
sift_100k,0,sift_100k__seed43__random,sift_100k__seed59__natural_source_order,RM-B1,128,6,CERTIFIED,0.004,0.004,0.0,0.018833965611186224,1378.156,1336.5,1992.9499999999996,0.6790011310551982,SEMANTIC_REPAIR
sift_100k,0,sift_100k__seed43__random,sift_100k__seed59__natural_source_order,RM-B2,128,5,CERTIFIED,0.016,0.016,0.0,0.03623796513686767,1039.896,999.0,1589.9499999999998,0.7577883491997831,SEMANTIC_REPAIR
sift_100k,0,sift_100k__seed43__random,sift_100k__seed59__natural_source_order,RM-B1,250,5,CERTIFIED,0.016,0.016,0.0,0.03623796513686767,1039.896,999.0,1589.9499999999998,0.7577883491997831,SEMANTIC_REPAIR
sift_100k,0,sift_100k__seed43__random,sift_100k__seed59__natural_source_order,RM-B2,250,5,CERTIFIED,0.016,0.016,0.0,0.03623796513686767,1039.896,999.0,1589.9499999999998,0.7577883491997831,SEMANTIC_REPAIR
sift_100k,0,sift_100k__seed43__random,sift_100k__seed59__random,RM-B1,80,6,CERTIFIED,0.008,0.008,0.0,0.02496768176927198,1331.916,1293.0,1897.1999999999998,0.6856885836404277,SEMANTIC_REPAIR
sift_100k,0,sift_100k__seed43__random,sift_100k__seed59__random,RM-B2,80,5,CERTIFIED,0.016,0.016,0.0,0.03623796513686767,1001.184,963.0,1509.1499999999994,0.7637361807527336,SEMANTIC_REPAIR
sift_100k,0,sift_100k__seed43__random,sift_100k__seed59__random,RM-B1,128,6,CERTIFIED,0.008,0.008,0.0,0.02496768176927198,1331.916,1293.0,1897.1999999999998,0.6856885836404277,SEMANTIC_REPAIR
sift_100k,0,sift_100k__seed43__random,sift_100k__seed59__random,RM-B2,128,5,CERTIFIED,0.016,0.016,0.0,0.03623796513686767,1001.184,963.0,1509.1499999999994,0.7637361807527336,SEMANTIC_REPAIR
sift_100k,0,sift_100k__seed43__random,sift_100k__seed59__random,RM-B1,250,5,CERTIFIED,0.016,0.016,0.0,0.03623796513686767,1001.184,963.0,1509.1499999999994,0.7637361807527336,SEMANTIC_REPAIR
sift_100k,0,sift_100k__seed43__random,sift_100k__seed59__random,RM-B2,250,5,CERTIFIED,0.016,0.016,0.0,0.03623796513686767,1001.184,963.0,1509.1499999999994,0.7637361807527336,SEMANTIC_REPAIR
sift_100k,0,sift_100k__seed43__random,sift_100k__seed71__cluster_block_order,RM-B1,80,6,CERTIFIED,0.0,0.0,0.0,0.011911419714980633,1375.756,1334.5,1996.799999999999,0.6787889315689741,SEMANTIC_REPAIR
sift_100k,0,sift_100k__seed43__random,sift_100k__seed71__cluster_block_order,RM-B2,80,5,CERTIFIED,0.012,0.012,0.0,0.030720864145366192,1036.724,986.0,1577.0999999999997,0.7579460138948426,SEMANTIC_REPAIR
sift_100k,0,sift_100k__seed43__random,sift_100k__seed71__cluster_block_order,RM-B1,128,6,CERTIFIED,0.0,0.0,0.0,0.011911419714980633,1375.756,1334.5,1996.799999999999,0.6787889315689741,SEMANTIC_REPAIR
sift_100k,0,sift_100k__seed43__random,sift_100k__seed71__cluster_block_order,RM-B2,128,5,CERTIFIED,0.012,0.012,0.0,0.030720864145366192,1036.724,986.0,1577.0999999999997,0.7579460138948426,SEMANTIC_REPAIR
sift_100k,0,sift_100k__seed43__random,sift_100k__seed71__cluster_block_order,RM-B1,250,5,CERTIFIED,0.012,0.012,0.0,0.030720864145366192,1036.724,986.0,1577.0999999999997,0.7579460138948426,SEMANTIC_REPAIR
sift_100k,0,sift_100k__seed43__random,sift_100k__seed71__cluster_block_order,RM-B2,250,5,CERTIFIED,0.012,0.012,0.0,0.030720864145366192,1036.724,986.0,1577.0999999999997,0.7579460138948426,SEMANTIC_REPAIR
sift_100k,0,sift_100k__seed43__random,sift_100k__seed71__natural_source_order,RM-B1,80,6,CERTIFIED,0.008,0.004,0.004,0.02496768176927198,1373.984,1341.5,1989.85,0.6802207480035674,SEMANTIC_REPAIR
sift_100k,0,sift_100k__seed43__random,sift_100k__seed71__natural_source_order,RM-B2,80,4,CERTIFIED,0.032,0.028,0.004,0.05699654926405676,829.932,801.5,1172.1999999999998,0.8068427040140909,SEMANTIC_REPAIR
sift_100k,0,sift_100k__seed43__random,sift_100k__seed71__natural_source_order,RM-B1,128,6,CERTIFIED,0.008,0.004,0.004,0.02496768176927198,1373.984,1341.5,1989.85,0.6802207480035674,SEMANTIC_REPAIR
sift_100k,0,sift_100k__seed43__random,sift_100k__seed71__natural_source_order,RM-B2,128,5,CERTIFIED,0.02,0.016,0.004,0.04158982878282098,1038.92,983.0,1595.55,0.7582031082719058,SEMANTIC_REPAIR
sift_100k,0,sift_100k__seed43__random,sift_100k__seed71__natural_source_order,RM-B1,250,5,CERTIFIED,0.02,0.016,0.004,0.04158982878282098,1038.92,983.0,1595.55,0.7582031082719058,SEMANTIC_REPAIR
sift_100k,0,sift_100k__seed43__random,sift_100k__seed71__natural_source_order,RM-B2,250,5,CERTIFIED,0.02,0.016,0.004,0.04158982878282098,1038.92,983.0,1595.55,0.7582031082719058,SEMANTIC_REPAIR
sift_100k,0,sift_100k__seed43__random,sift_100k__seed71__random,RM-B1,80,6,CERTIFIED,0.008,0.008,0.0,0.02496768176927198,1328.188,1298.5,1860.0499999999997,0.6870619369443662,SEMANTIC_REPAIR
sift_100k,0,sift_100k__seed43__random,sift_100k__seed71__random,RM-B2,80,4,CERTIFIED,0.036,0.036,0.0,0.06197905502895629,799.108,784.0,1081.1,0.8117199449985534,SEMANTIC_REPAIR
sift_100k,0,sift_100k__seed43__random,sift_100k__seed71__random,RM-B1,128,6,CERTIFIED,0.008,0.008,0.0,0.02496768176927198,1328.188,1298.5,1860.0499999999997,0.6870619369443662,SEMANTIC_REPAIR
sift_100k,0,sift_100k__seed43__random,sift_100k__seed71__random,RM-B2,128,4,CERTIFIED,0.036,0.036,0.0,0.06197905502895629,799.108,784.0,1081.1,0.8117199449985534,SEMANTIC_REPAIR
sift_100k,0,sift_100k__seed43__random,sift_100k__seed71__random,RM-B1,250,5,CERTIFIED,0.016,0.016,0.0,0.03623796513686767,1000.948,971.5,1458.3999999999999,0.7641638620892445,SEMANTIC_REPAIR
sift_100k,0,sift_100k__seed43__random,sift_100k__seed71__random,RM-B2,250,5,CERTIFIED,0.016,0.016,0.0,0.03623796513686767,1000.948,971.5,1458.3999999999999,0.7641638620892445,SEMANTIC_REPAIR
sift_100k,0,sift_100k__seed59__cluster_block_order,sift_100k__seed43__cluster_block_order,RM-B1,80,6,CERTIFIED,0.0,0.0,0.0,0.011911419714980633,1345.304,1301.0,2247.3499999999995,0.685607880601926,SEMANTIC_REPAIR
sift_100k,0,sift_100k__seed59__cluster_block_order,sift_100k__seed43__cluster_block_order,RM-B2,80,5,CERTIFIED,0.008,0.008,0.0,0.02496768176927198,1006.236,967.0,1685.3999999999999,0.7648467047933847,SEMANTIC_REPAIR
sift_100k,0,sift_100k__seed59__cluster_block_order,sift_100k__seed43__cluster_block_order,RM-B1,128,6,CERTIFIED,0.0,0.0,0.0,0.011911419714980633,1345.304,1301.0,2247.3499999999995,0.685607880601926,SEMANTIC_REPAIR
sift_100k,0,sift_100k__seed59__cluster_block_order,sift_100k__seed43__cluster_block_order,RM-B2,128,6,CERTIFIED,0.0,0.0,0.0,0.011911419714980633,1345.304,1301.0,2247.3499999999995,0.685607880601926,SEMANTIC_REPAIR
sift_100k,0,sift_100k__seed59__cluster_block_order,sift_100k__seed43__cluster_block_order,RM-B1,250,5,CERTIFIED,0.008,0.008,0.0,0.02496768176927198,1006.236,967.0,1685.3999999999999,0.7648467047933847,SEMANTIC_REPAIR
sift_100k,0,sift_100k__seed59__cluster_block_order,sift_100k__seed43__cluster_block_order,RM-B2,250,5,CERTIFIED,0.008,0.008,0.0,0.02496768176927198,1006.236,967.0,1685.3999999999999,0.7648467047933847,SEMANTIC_REPAIR
sift_100k,0,sift_100k__seed59__cluster_block_order,sift_100k__seed43__natural_source_order,RM-B1,80,6,CERTIFIED,0.008,0.008,0.0,0.02496768176927198,1348.46,1304.5,2496.1,0.6858043182042712,SEMANTIC_REPAIR
sift_100k,0,sift_100k__seed59__cluster_block_order,sift_100k__seed43__natural_source_order,RM-B2,80,6,CERTIFIED,0.008,0.008,0.0,0.02496768176927198,1348.46,1304.5,2496.1,0.6858043182042712,SEMANTIC_REPAIR
sift_100k,0,sift_100k__seed59__cluster_block_order,sift_100k__seed43__natural_source_order,RM-B1,128,6,CERTIFIED,0.008,0.008,0.0,0.02496768176927198,1348.46,1304.5,2496.1,0.6858043182042712,SEMANTIC_REPAIR
sift_100k,0,sift_100k__seed59__cluster_block_order,sift_100k__seed43__natural_source_order,RM-B2,128,5,CERTIFIED,0.016,0.016,0.0,0.03623796513686767,1005.86,964.5,1827.4499999999994,0.7656312619647214,SEMANTIC_REPAIR
sift_100k,0,sift_100k__seed59__cluster_block_order,sift_100k__seed43__natural_source_order,RM-B1,250,5,CERTIFIED,0.016,0.016,0.0,0.03623796513686767,1005.86,964.5,1827.4499999999994,0.7656312619647214,SEMANTIC_REPAIR
sift_100k,0,sift_100k__seed59__cluster_block_order,sift_100k__seed43__natural_source_order,RM-B2,250,5,CERTIFIED,0.016,0.016,0.0,0.03623796513686767,1005.86,964.5,1827.4499999999994,0.7656312619647214,SEMANTIC_REPAIR
sift_100k,0,sift_100k__seed59__cluster_block_order,sift_100k__seed43__random,RM-B1,80,6,CERTIFIED,0.008,0.008,0.0,0.02496768176927198,1291.744,1269.0,1621.4499999999996,0.6948917784909928,SEMANTIC_REPAIR
sift_100k,0,sift_100k__seed59__cluster_block_order,sift_100k__seed43__random,RM-B2,80,5,CERTIFIED,0.016,0.016,0.0,0.03623796513686767,969.08,936.0,1207.3,0.7711045878285878,SEMANTIC_REPAIR
sift_100k,0,sift_100k__seed59__cluster_block_order,sift_100k__seed43__random,RM-B1,128,6,CERTIFIED,0.008,0.008,0.0,0.02496768176927198,1291.744,1269.0,1621.4499999999996,0.6948917784909928,SEMANTIC_REPAIR
sift_100k,0,sift_100k__seed59__cluster_block_order,sift_100k__seed43__random,RM-B2,128,5,CERTIFIED,0.016,0.016,0.0,0.03623796513686767,969.08,936.0,1207.3,0.7711045878285878,SEMANTIC_REPAIR
sift_100k,0,sift_100k__seed59__cluster_block_order,sift_100k__seed43__random,RM-B1,250,5,CERTIFIED,0.016,0.016,0.0,0.03623796513686767,969.08,936.0,1207.3,0.7711045878285878,SEMANTIC_REPAIR
sift_100k,0,sift_100k__seed59__cluster_block_order,sift_100k__seed43__random,RM-B2,250,5,CERTIFIED,0.016,0.016,0.0,0.03623796513686767,969.08,936.0,1207.3,0.7711045878285878,SEMANTIC_REPAIR
sift_100k,0,sift_100k__seed59__cluster_block_order,sift_100k__seed59__natural_source_order,RM-B1,80,6,CERTIFIED,0.008,0.008,0.0,0.02496768176927198,1326.016,1302.0,1992.299999999991,0.6911455334499792,SEMANTIC_REPAIR
sift_100k,0,sift_100k__seed59__cluster_block_order,sift_100k__seed59__natural_source_order,RM-B2,80,4,CERTIFIED,0.036,0.036,0.0,0.06197905502895629,799.032,782.0,1170.1999999999948,0.8138901777079641,SEMANTIC_REPAIR
sift_100k,0,sift_100k__seed59__cluster_block_order,sift_100k__seed59__natural_source_order,RM-B1,128,6,CERTIFIED,0.008,0.008,0.0,0.02496768176927198,1326.016,1302.0,1992.299999999991,0.6911455334499792,SEMANTIC_REPAIR
sift_100k,0,sift_100k__seed59__cluster_block_order,sift_100k__seed59__natural_source_order,RM-B2,128,5,CERTIFIED,0.02,0.02,0.0,0.04158982878282098,985.648,968.0,1444.0999999999938,0.7704237450784193,SEMANTIC_REPAIR
sift_100k,0,sift_100k__seed59__cluster_block_order,sift_100k__seed59__natural_source_order,RM-B1,250,5,CERTIFIED,0.02,0.02,0.0,0.04158982878282098,985.648,968.0,1444.0999999999938,0.7704237450784193,SEMANTIC_REPAIR
sift_100k,0,sift_100k__seed59__cluster_block_order,sift_100k__seed59__natural_source_order,RM-B2,250,5,CERTIFIED,0.02,0.02,0.0,0.04158982878282098,985.648,968.0,1444.0999999999938,0.7704237450784193,SEMANTIC_REPAIR
sift_100k,0,sift_100k__seed59__cluster_block_order,sift_100k__seed59__random,RM-B1,80,6,CERTIFIED,0.008,0.008,0.0,0.02496768176927198,1318.068,1272.0,2195.8499999999995,0.6889564958013653,SEMANTIC_REPAIR
sift_100k,0,sift_100k__seed59__cluster_block_order,sift_100k__seed59__random,RM-B2,80,5,CERTIFIED,0.016,0.016,0.0,0.03623796513686767,990.056,944.0,1611.7499999999993,0.7663622153084033,SEMANTIC_REPAIR
sift_100k,0,sift_100k__seed59__cluster_block_order,sift_100k__seed59__random,RM-B1,128,6,CERTIFIED,0.008,0.008,0.0,0.02496768176927198,1318.068,1272.0,2195.8499999999995,0.6889564958013653,SEMANTIC_REPAIR
sift_100k,0,sift_100k__seed59__cluster_block_order,sift_100k__seed59__random,RM-B2,128,5,CERTIFIED,0.016,0.016,0.0,0.03623796513686767,990.056,944.0,1611.7499999999993,0.7663622153084033,SEMANTIC_REPAIR
sift_100k,0,sift_100k__seed59__cluster_block_order,sift_100k__seed59__random,RM-B1,250,5,CERTIFIED,0.016,0.016,0.0,0.03623796513686767,990.056,944.0,1611.7499999999993,0.7663622153084033,SEMANTIC_REPAIR
sift_100k,0,sift_100k__seed59__cluster_block_order,sift_100k__seed59__random,RM-B2,250,5,CERTIFIED,0.016,0.016,0.0,0.03623796513686767,990.056,944.0,1611.7499999999993,0.7663622153084033,SEMANTIC_REPAIR
sift_100k,0,sift_100k__seed59__cluster_block_order,sift_100k__seed71__cluster_block_order,RM-B1,80,6,CERTIFIED,0.0,0.0,0.0,0.011911419714980633,1361.884,1310.5,2442.65,0.68202776166768,SEMANTIC_REPAIR
sift_100k,0,sift_100k__seed59__cluster_block_order,sift_100k__seed71__cluster_block_order,RM-B2,80,5,CERTIFIED,0.008,0.008,0.0,0.02496768176927198,1012.484,971.5,1812.55,0.7636055612991557,SEMANTIC_REPAIR
sift_100k,0,sift_100k__seed59__cluster_block_order,sift_100k__seed71__cluster_block_order,RM-B1,128,6,CERTIFIED,0.0,0.0,0.0,0.011911419714980633,1361.884,1310.5,2442.65,0.68202776166768,SEMANTIC_REPAIR
sift_100k,0,sift_100k__seed59__cluster_block_order,sift_100k__seed71__cluster_block_order,RM-B2,128,6,CERTIFIED,0.0,0.0,0.0,0.011911419714980633,1361.884,1310.5,2442.65,0.68202776166768,SEMANTIC_REPAIR
sift_100k,0,sift_100k__seed59__cluster_block_order,sift_100k__seed71__cluster_block_order,RM-B1,250,5,CERTIFIED,0.008,0.008,0.0,0.02496768176927198,1012.484,971.5,1812.55,0.7636055612991557,SEMANTIC_REPAIR
sift_100k,0,sift_100k__seed59__cluster_block_order,sift_100k__seed71__cluster_block_order,RM-B2,250,5,CERTIFIED,0.008,0.008,0.0,0.02496768176927198,1012.484,971.5,1812.55,0.7636055612991557,SEMANTIC_REPAIR
sift_100k,0,sift_100k__seed59__cluster_block_order,sift_100k__seed71__natural_source_order,RM-B1,80,6,CERTIFIED,0.008,0.004,0.004,0.02496768176927198,1383.292,1299.0,2473.9499999999994,0.6780544161703126,SEMANTIC_REPAIR
sift_100k,0,sift_100k__seed59__cluster_block_order,sift_100k__seed71__natural_source_order,RM-B2,80,4,CERTIFIED,0.028,0.024,0.004,0.05194700438197347,838.364,780.0,1470.3499999999995,0.8048802512833212,SEMANTIC_REPAIR
sift_100k,0,sift_100k__seed59__cluster_block_order,sift_100k__seed71__natural_source_order,RM-B1,128,6,CERTIFIED,0.008,0.004,0.004,0.02496768176927198,1383.292,1299.0,2473.9499999999994,0.6780544161703126,SEMANTIC_REPAIR
sift_100k,0,sift_100k__seed59__cluster_block_order,sift_100k__seed71__natural_source_order,RM-B2,128,5,CERTIFIED,0.016,0.012,0.004,0.03623796513686767,1035.764,967.0,1839.1,0.7589376316137357,SEMANTIC_REPAIR
sift_100k,0,sift_100k__seed59__cluster_block_order,sift_100k__seed71__natural_source_order,RM-B1,250,5,CERTIFIED,0.016,0.012,0.004,0.03623796513686767,1035.764,967.0,1839.1,0.7589376316137357,SEMANTIC_REPAIR
sift_100k,0,sift_100k__seed59__cluster_block_order,sift_100k__seed71__natural_source_order,RM-B2,250,5,CERTIFIED,0.016,0.012,0.004,0.03623796513686767,1035.764,967.0,1839.1,0.7589376316137357,SEMANTIC_REPAIR
sift_100k,0,sift_100k__seed59__cluster_block_order,sift_100k__seed71__random,RM-B1,80,6,CERTIFIED,0.008,0.008,0.0,0.02496768176927198,1312.816,1281.5,2144.549999999999,0.6906837765523819,SEMANTIC_REPAIR
sift_100k,0,sift_100k__seed59__cluster_block_order,sift_100k__seed71__random,RM-B2,80,4,CERTIFIED,0.048,0.048,0.0,0.07661134159084108,794.804,770.5,1258.55,0.8127340223907534,SEMANTIC_REPAIR
sift_100k,0,sift_100k__seed59__cluster_block_order,sift_100k__seed71__random,RM-B1,128,6,CERTIFIED,0.008,0.008,0.0,0.02496768176927198,1312.816,1281.5,2144.549999999999,0.6906837765523819,SEMANTIC_REPAIR
sift_100k,0,sift_100k__seed59__cluster_block_order,sift_100k__seed71__random,RM-B2,128,5,CERTIFIED,0.016,0.016,0.0,0.03623796513686767,980.704,953.0,1561.999999999999,0.7689336071467953,SEMANTIC_REPAIR
sift_100k,0,sift_100k__seed59__cluster_block_order,sift_100k__seed71__random,RM-B1,250,5,CERTIFIED,0.016,0.016,0.0,0.03623796513686767,980.704,953.0,1561.999999999999,0.7689336071467953,SEMANTIC_REPAIR
sift_100k,0,sift_100k__seed59__cluster_block_order,sift_100k__seed71__random,RM-B2,250,5,CERTIFIED,0.016,0.016,0.0,0.03623796513686767,980.704,953.0,1561.999999999999,0.7689336071467953,SEMANTIC_REPAIR
sift_100k,0,sift_100k__seed59__natural_source_order,sift_100k__seed43__cluster_block_order,RM-B1,80,6,CERTIFIED,0.0,0.0,0.0,0.011911419714980633,1313.372,1289.0,1678.55,0.6930702602251333,SEMANTIC_REPAIR
sift_100k,0,sift_100k__seed59__natural_source_order,sift_100k__seed43__cluster_block_order,RM-B2,80,5,CERTIFIED,0.008,0.008,0.0,0.02496768176927198,982.76,967.0,1247.7999999999997,0.7703329513183257,SEMANTIC_REPAIR
sift_100k,0,sift_100k__seed59__natural_source_order,sift_100k__seed43__cluster_block_order,RM-B1,128,6,CERTIFIED,0.0,0.0,0.0,0.011911419714980633,1313.372,1289.0,1678.55,0.6930702602251333,SEMANTIC_REPAIR
sift_100k,0,sift_100k__seed59__natural_source_order,sift_100k__seed43__cluster_block_order,RM-B2,128,6,CERTIFIED,0.0,0.0,0.0,0.011911419714980633,1313.372,1289.0,1678.55,0.6930702602251333,SEMANTIC_REPAIR
sift_100k,0,sift_100k__seed59__natural_source_order,sift_100k__seed43__cluster_block_order,RM-B1,250,6,CERTIFIED,0.0,0.0,0.0,0.011911419714980633,1313.372,1289.0,1678.55,0.6930702602251333,SEMANTIC_REPAIR
sift_100k,0,sift_100k__seed59__natural_source_order,sift_100k__seed43__cluster_block_order,RM-B2,250,5,CERTIFIED,0.008,0.008,0.0,0.02496768176927198,982.76,967.0,1247.7999999999997,0.7703329513183257,SEMANTIC_REPAIR
sift_100k,0,sift_100k__seed59__natural_source_order,sift_100k__seed43__natural_source_order,RM-B1,80,6,CERTIFIED,0.008,0.008,0.0,0.02496768176927198,1317.908,1300.5,1640.6499999999999,0.6929230362012626,SEMANTIC_REPAIR
sift_100k,0,sift_100k__seed59__natural_source_order,sift_100k__seed43__natural_source_order,RM-B2,80,6,CERTIFIED,0.008,0.008,0.0,0.02496768176927198,1317.908,1300.5,1640.6499999999999,0.6929230362012626,SEMANTIC_REPAIR
sift_100k,0,sift_100k__seed59__natural_source_order,sift_100k__seed43__natural_source_order,RM-B1,128,6,CERTIFIED,0.008,0.008,0.0,0.02496768176927198,1317.908,1300.5,1640.6499999999999,0.6929230362012626,SEMANTIC_REPAIR
sift_100k,0,sift_100k__seed59__natural_source_order,sift_100k__seed43__natural_source_order,RM-B2,128,5,CERTIFIED,0.024,0.024,0.0,0.04681743080651248,982.456,961.0,1201.85,0.7710844720983162,SEMANTIC_REPAIR
sift_100k,0,sift_100k__seed59__natural_source_order,sift_100k__seed43__natural_source_order,RM-B1,250,6,CERTIFIED,0.008,0.008,0.0,0.02496768176927198,1317.908,1300.5,1640.6499999999999,0.6929230362012626,SEMANTIC_REPAIR
sift_100k,0,sift_100k__seed59__natural_source_order,sift_100k__seed43__natural_source_order,RM-B2,250,5,CERTIFIED,0.024,0.024,0.0,0.04681743080651248,982.456,961.0,1201.85,0.7710844720983162,SEMANTIC_REPAIR
sift_100k,0,sift_100k__seed59__natural_source_order,sift_100k__seed43__random,RM-B1,80,6,CERTIFIED,0.008,0.008,0.0,0.02496768176927198,1277.64,1270.5,1600.75,0.6982231246061388,SEMANTIC_REPAIR
sift_100k,0,sift_100k__seed59__natural_source_order,sift_100k__seed43__random,RM-B2,80,5,CERTIFIED,0.016,0.016,0.0,0.03623796513686767,952.696,936.5,1196.1999999999998,0.7749744669232099,SEMANTIC_REPAIR
sift_100k,0,sift_100k__seed59__natural_source_order,sift_100k__seed43__random,RM-B1,128,6,CERTIFIED,0.008,0.008,0.0,0.02496768176927198,1277.64,1270.5,1600.75,0.6982231246061388,SEMANTIC_REPAIR
sift_100k,0,sift_100k__seed59__natural_source_order,sift_100k__seed43__random,RM-B2,128,5,CERTIFIED,0.016,0.016,0.0,0.03623796513686767,952.696,936.5,1196.1999999999998,0.7749744669232099,SEMANTIC_REPAIR
sift_100k,0,sift_100k__seed59__natural_source_order,sift_100k__seed43__random,RM-B1,250,6,CERTIFIED,0.008,0.008,0.0,0.02496768176927198,1277.64,1270.5,1600.75,0.6982231246061388,SEMANTIC_REPAIR
sift_100k,0,sift_100k__seed59__natural_source_order,sift_100k__seed43__random,RM-B2,250,5,CERTIFIED,0.016,0.016,0.0,0.03623796513686767,952.696,936.5,1196.1999999999998,0.7749744669232099,SEMANTIC_REPAIR
sift_100k,0,sift_100k__seed59__natural_source_order,sift_100k__seed59__cluster_block_order,RM-B1,80,6,CERTIFIED,0.004,0.0,0.004,0.018833965611186224,1302.628,1284.0,1682.6499999999999,0.6950168900726457,SEMANTIC_REPAIR
sift_100k,0,sift_100k__seed59__natural_source_order,sift_100k__seed59__cluster_block_order,RM-B2,80,5,CERTIFIED,0.012,0.008,0.004,0.030720864145366192,973.06,947.0,1249.2499999999998,0.7721783464305148,SEMANTIC_REPAIR
sift_100k,0,sift_100k__seed59__natural_source_order,sift_100k__seed59__cluster_block_order,RM-B1,128,6,CERTIFIED,0.004,0.0,0.004,0.018833965611186224,1302.628,1284.0,1682.6499999999999,0.6950168900726457,SEMANTIC_REPAIR
sift_100k,0,sift_100k__seed59__natural_source_order,sift_100k__seed59__cluster_block_order,RM-B2,128,6,CERTIFIED,0.004,0.0,0.004,0.018833965611186224,1302.628,1284.0,1682.6499999999999,0.6950168900726457,SEMANTIC_REPAIR
sift_100k,0,sift_100k__seed59__natural_source_order,sift_100k__seed59__cluster_block_order,RM-B1,250,6,CERTIFIED,0.004,0.0,0.004,0.018833965611186224,1302.628,1284.0,1682.6499999999999,0.6950168900726457,SEMANTIC_REPAIR
sift_100k,0,sift_100k__seed59__natural_source_order,sift_100k__seed59__cluster_block_order,RM-B2,250,6,CERTIFIED,0.004,0.0,0.004,0.018833965611186224,1302.628,1284.0,1682.6499999999999,0.6950168900726457,SEMANTIC_REPAIR
sift_100k,0,sift_100k__seed59__natural_source_order,sift_100k__seed59__random,RM-B1,80,6,CERTIFIED,0.008,0.008,0.0,0.02496768176927198,1299.228,1270.0,1622.3499999999997,0.6934024421555005,SEMANTIC_REPAIR
sift_100k,0,sift_100k__seed59__natural_source_order,sift_100k__seed59__random,RM-B2,80,5,CERTIFIED,0.016,0.016,0.0,0.03623796513686767,971.488,934.0,1210.55,0.7707439739020117,SEMANTIC_REPAIR
sift_100k,0,sift_100k__seed59__natural_source_order,sift_100k__seed59__random,RM-B1,128,6,CERTIFIED,0.008,0.008,0.0,0.02496768176927198,1299.228,1270.0,1622.3499999999997,0.6934024421555005,SEMANTIC_REPAIR
sift_100k,0,sift_100k__seed59__natural_source_order,sift_100k__seed59__random,RM-B2,128,5,CERTIFIED,0.016,0.016,0.0,0.03623796513686767,971.488,934.0,1210.55,0.7707439739020117,SEMANTIC_REPAIR
sift_100k,0,sift_100k__seed59__natural_source_order,sift_100k__seed59__random,RM-B1,250,6,CERTIFIED,0.008,0.008,0.0,0.02496768176927198,1299.228,1270.0,1622.3499999999997,0.6934024421555005,SEMANTIC_REPAIR
sift_100k,0,sift_100k__seed59__natural_source_order,sift_100k__seed59__random,RM-B2,250,5,CERTIFIED,0.016,0.016,0.0,0.03623796513686767,971.488,934.0,1210.55,0.7707439739020117,SEMANTIC_REPAIR
sift_100k,0,sift_100k__seed59__natural_source_order,sift_100k__seed71__cluster_block_order,RM-B1,80,6,CERTIFIED,0.0,0.0,0.0,0.011911419714980633,1391.636,1307.0,3159.9999999999955,0.6750812742760496,SEMANTIC_REPAIR
sift_100k,0,sift_100k__seed59__natural_source_order,sift_100k__seed71__cluster_block_order,RM-B2,80,5,CERTIFIED,0.008,0.008,0.0,0.02496768176927198,1046.82,969.5,2476.449999999998,0.7555888030617591,SEMANTIC_REPAIR
sift_100k,0,sift_100k__seed59__natural_source_order,sift_100k__seed71__cluster_block_order,RM-B1,128,6,CERTIFIED,0.0,0.0,0.0,0.011911419714980633,1391.636,1307.0,3159.9999999999955,0.6750812742760496,SEMANTIC_REPAIR
sift_100k,0,sift_100k__seed59__natural_source_order,sift_100k__seed71__cluster_block_order,RM-B2,128,6,CERTIFIED,0.0,0.0,0.0,0.011911419714980633,1391.636,1307.0,3159.9999999999955,0.6750812742760496,SEMANTIC_REPAIR
sift_100k,0,sift_100k__seed59__natural_source_order,sift_100k__seed71__cluster_block_order,RM-B1,250,6,CERTIFIED,0.0,0.0,0.0,0.011911419714980633,1391.636,1307.0,3159.9999999999955,0.6750812742760496,SEMANTIC_REPAIR
sift_100k,0,sift_100k__seed59__natural_source_order,sift_100k__seed71__cluster_block_order,RM-B2,250,6,CERTIFIED,0.0,0.0,0.0,0.011911419714980633,1391.636,1307.0,3159.9999999999955,0.6750812742760496,SEMANTIC_REPAIR
sift_100k,0,sift_100k__seed59__natural_source_order,sift_100k__seed71__natural_source_order,RM-B1,80,6,CERTIFIED,0.012,0.008,0.004,0.030720864145366192,1327.552,1294.0,1651.75,0.6910272713900831,SEMANTIC_REPAIR
sift_100k,0,sift_100k__seed59__natural_source_order,sift_100k__seed71__natural_source_order,RM-B2,80,4,CERTIFIED,0.036,0.032,0.004,0.06197905502895629,802.552,780.0,981.7999999999997,0.8132150896602574,SEMANTIC_REPAIR
sift_100k,0,sift_100k__seed59__natural_source_order,sift_100k__seed71__natural_source_order,RM-B1,128,6,CERTIFIED,0.012,0.008,0.004,0.030720864145366192,1327.552,1294.0,1651.75,0.6910272713900831,SEMANTIC_REPAIR
sift_100k,0,sift_100k__seed59__natural_source_order,sift_100k__seed71__natural_source_order,RM-B2,128,5,CERTIFIED,0.024,0.02,0.004,0.04681743080651248,994.16,966.0,1216.0,0.7686204925495687,SEMANTIC_REPAIR
sift_100k,0,sift_100k__seed59__natural_source_order,sift_100k__seed71__natural_source_order,RM-B1,250,6,CERTIFIED,0.012,0.008,0.004,0.030720864145366192,1327.552,1294.0,1651.75,0.6910272713900831,SEMANTIC_REPAIR
sift_100k,0,sift_100k__seed59__natural_source_order,sift_100k__seed71__natural_source_order,RM-B2,250,5,CERTIFIED,0.024,0.02,0.004,0.04681743080651248,994.16,966.0,1216.0,0.7686204925495687,SEMANTIC_REPAIR
sift_100k,0,sift_100k__seed59__natural_source_order,sift_100k__seed71__random,RM-B1,80,6,CERTIFIED,0.008,0.008,0.0,0.02496768176927198,1292.848,1279.5,1588.55,0.6953884924834812,SEMANTIC_REPAIR
sift_100k,0,sift_100k__seed59__natural_source_order,sift_100k__seed71__random,RM-B2,80,4,CERTIFIED,0.048,0.048,0.0,0.07661134159084108,779.2,766.5,970.1499999999997,0.8164105241630327,SEMANTIC_REPAIR
sift_100k,0,sift_100k__seed59__natural_source_order,sift_100k__seed71__random,RM-B1,128,6,CERTIFIED,0.008,0.008,0.0,0.02496768176927198,1292.848,1279.5,1588.55,0.6953884924834812,SEMANTIC_REPAIR
sift_100k,0,sift_100k__seed59__natural_source_order,sift_100k__seed71__random,RM-B2,128,5,CERTIFIED,0.016,0.016,0.0,0.03623796513686767,966.704,950.5,1179.7999999999997,0.7722321860247695,SEMANTIC_REPAIR
sift_100k,0,sift_100k__seed59__natural_source_order,sift_100k__seed71__random,RM-B1,250,6,CERTIFIED,0.008,0.008,0.0,0.02496768176927198,1292.848,1279.5,1588.55,0.6953884924834812,SEMANTIC_REPAIR
sift_100k,0,sift_100k__seed59__natural_source_order,sift_100k__seed71__random,RM-B2,250,5,CERTIFIED,0.016,0.016,0.0,0.03623796513686767,966.704,950.5,1179.7999999999997,0.7722321860247695,SEMANTIC_REPAIR
sift_100k,0,sift_100k__seed59__random,sift_100k__seed43__cluster_block_order,RM-B1,80,7,CERTIFIED,0.0,0.0,0.0,0.011911419714980633,1746.648,1626.0,3803.699999999998,0.5918154063598956,SEMANTIC_REPAIR
sift_100k,0,sift_100k__seed59__random,sift_100k__seed43__cluster_block_order,RM-B2,80,5,CERTIFIED,0.008,0.008,0.0,0.02496768176927198,1046.964,976.0,2250.9499999999994,0.7553287354430782,SEMANTIC_REPAIR
sift_100k,0,sift_100k__seed59__random,sift_100k__seed43__cluster_block_order,RM-B1,128,7,CERTIFIED,0.0,0.0,0.0,0.011911419714980633,1746.648,1626.0,3803.699999999998,0.5918154063598956,SEMANTIC_REPAIR
sift_100k,0,sift_100k__seed59__random,sift_100k__seed43__cluster_block_order,RM-B2,128,6,CERTIFIED,0.0,0.0,0.0,0.011911419714980633,1385.488,1315.5,2832.2499999999995,0.676217041857752,SEMANTIC_REPAIR
sift_100k,0,sift_100k__seed59__random,sift_100k__seed43__cluster_block_order,RM-B1,250,6,CERTIFIED,0.0,0.0,0.0,0.011911419714980633,1385.488,1315.5,2832.2499999999995,0.676217041857752,SEMANTIC_REPAIR
sift_100k,0,sift_100k__seed59__random,sift_100k__seed43__cluster_block_order,RM-B2,250,5,CERTIFIED,0.008,0.008,0.0,0.02496768176927198,1046.964,976.0,2250.9499999999994,0.7553287354430782,SEMANTIC_REPAIR
sift_100k,0,sift_100k__seed59__random,sift_100k__seed43__natural_source_order,RM-B1,80,7,CERTIFIED,0.004,0.004,0.0,0.018833965611186224,1771.736,1628.5,4208.649999999998,0.5871795971092673,SEMANTIC_REPAIR
sift_100k,0,sift_100k__seed59__random,sift_100k__seed43__natural_source_order,RM-B2,80,5,CERTIFIED,0.016,0.016,0.0,0.03623796513686767,1057.54,965.5,2502.1,0.7535896494324971,SEMANTIC_REPAIR
sift_100k,0,sift_100k__seed59__random,sift_100k__seed43__natural_source_order,RM-B1,128,7,CERTIFIED,0.004,0.004,0.0,0.018833965611186224,1771.736,1628.5,4208.649999999998,0.5871795971092673,SEMANTIC_REPAIR
sift_100k,0,sift_100k__seed59__random,sift_100k__seed43__natural_source_order,RM-B2,128,5,CERTIFIED,0.016,0.016,0.0,0.03623796513686767,1057.54,965.5,2502.1,0.7535896494324971,SEMANTIC_REPAIR
sift_100k,0,sift_100k__seed59__random,sift_100k__seed43__natural_source_order,RM-B1,250,6,CERTIFIED,0.008,0.008,0.0,0.02496768176927198,1401.92,1305.5,3074.3999999999987,0.673347959729567,SEMANTIC_REPAIR
sift_100k,0,sift_100k__seed59__random,sift_100k__seed43__natural_source_order,RM-B2,250,5,CERTIFIED,0.016,0.016,0.0,0.03623796513686767,1057.54,965.5,2502.1,0.7535896494324971,SEMANTIC_REPAIR
sift_100k,0,sift_100k__seed59__random,sift_100k__seed43__random,RM-B1,80,7,CERTIFIED,0.004,0.004,0.0,0.018833965611186224,1710.308,1604.0,3762.9499999999985,0.5960275162008671,SEMANTIC_REPAIR
sift_100k,0,sift_100k__seed59__random,sift_100k__seed43__random,RM-B2,80,5,CERTIFIED,0.016,0.016,0.0,0.03623796513686767,1018.932,949.5,2152.349999999999,0.7593296114720751,SEMANTIC_REPAIR
sift_100k,0,sift_100k__seed59__random,sift_100k__seed43__random,RM-B1,128,7,CERTIFIED,0.004,0.004,0.0,0.018833965611186224,1710.308,1604.0,3762.9499999999985,0.5960275162008671,SEMANTIC_REPAIR
sift_100k,0,sift_100k__seed59__random,sift_100k__seed43__random,RM-B2,128,5,CERTIFIED,0.016,0.016,0.0,0.03623796513686767,1018.932,949.5,2152.349999999999,0.7593296114720751,SEMANTIC_REPAIR
sift_100k,0,sift_100k__seed59__random,sift_100k__seed43__random,RM-B1,250,6,CERTIFIED,0.008,0.008,0.0,0.02496768176927198,1353.748,1280.0,2742.2999999999984,0.680246515833342,SEMANTIC_REPAIR
sift_100k,0,sift_100k__seed59__random,sift_100k__seed43__random,RM-B2,250,5,CERTIFIED,0.016,0.016,0.0,0.03623796513686767,1018.932,949.5,2152.349999999999,0.7593296114720751,SEMANTIC_REPAIR
sift_100k,0,sift_100k__seed59__random,sift_100k__seed59__cluster_block_order,RM-B1,80,7,CERTIFIED,0.004,0.0,0.004,0.018833965611186224,1760.316,1612.5,3986.499999999999,0.5878588145388547,SEMANTIC_REPAIR
sift_100k,0,sift_100k__seed59__random,sift_100k__seed59__cluster_block_order,RM-B2,80,5,CERTIFIED,0.008,0.004,0.004,0.02496768176927198,1052.812,960.0,2414.4999999999995,0.7535060831420499,SEMANTIC_REPAIR
sift_100k,0,sift_100k__seed59__random,sift_100k__seed59__cluster_block_order,RM-B1,128,7,CERTIFIED,0.004,0.0,0.004,0.018833965611186224,1760.316,1612.5,3986.499999999999,0.5878588145388547,SEMANTIC_REPAIR
sift_100k,0,sift_100k__seed59__random,sift_100k__seed59__cluster_block_order,RM-B2,128,5,CERTIFIED,0.008,0.004,0.004,0.02496768176927198,1052.812,960.0,2414.4999999999995,0.7535060831420499,SEMANTIC_REPAIR
sift_100k,0,sift_100k__seed59__random,sift_100k__seed59__cluster_block_order,RM-B1,250,6,CERTIFIED,0.004,0.0,0.004,0.018833965611186224,1395.82,1297.5,2983.5499999999993,0.6731979317972592,SEMANTIC_REPAIR
sift_100k,0,sift_100k__seed59__random,sift_100k__seed59__cluster_block_order,RM-B2,250,5,CERTIFIED,0.008,0.004,0.004,0.02496768176927198,1052.812,960.0,2414.4999999999995,0.7535060831420499,SEMANTIC_REPAIR
sift_100k,0,sift_100k__seed59__random,sift_100k__seed59__natural_source_order,RM-B1,80,7,CERTIFIED,0.004,0.004,0.0,0.018833965611186224,1692.108,1640.0,2434.399999999997,0.6058757106362046,SEMANTIC_REPAIR
sift_100k,0,sift_100k__seed59__random,sift_100k__seed59__natural_source_order,RM-B2,80,5,CERTIFIED,0.016,0.016,0.0,0.03623796513686767,1011.452,975.0,1446.3999999999992,0.7644135003642856,SEMANTIC_REPAIR
sift_100k,0,sift_100k__seed59__random,sift_100k__seed59__natural_source_order,RM-B1,128,7,CERTIFIED,0.004,0.004,0.0,0.018833965611186224,1692.108,1640.0,2434.399999999997,0.6058757106362046,SEMANTIC_REPAIR
sift_100k,0,sift_100k__seed59__random,sift_100k__seed59__natural_source_order,RM-B2,128,5,CERTIFIED,0.016,0.016,0.0,0.03623796513686767,1011.452,975.0,1446.3999999999992,0.7644135003642856,SEMANTIC_REPAIR
sift_100k,0,sift_100k__seed59__random,sift_100k__seed59__natural_source_order,RM-B1,250,6,CERTIFIED,0.008,0.008,0.0,0.02496768176927198,1348.152,1313.0,1793.999999999999,0.685989636031282,SEMANTIC_REPAIR
sift_100k,0,sift_100k__seed59__random,sift_100k__seed59__natural_source_order,RM-B2,250,5,CERTIFIED,0.016,0.016,0.0,0.03623796513686767,1011.452,975.0,1446.3999999999992,0.7644135003642856,SEMANTIC_REPAIR
sift_100k,0,sift_100k__seed59__random,sift_100k__seed71__cluster_block_order,RM-B1,80,7,CERTIFIED,0.0,0.0,0.0,0.011911419714980633,1826.464,1634.5,4057.0499999999993,0.5735577726785817,SEMANTIC_REPAIR
sift_100k,0,sift_100k__seed59__random,sift_100k__seed71__cluster_block_order,RM-B2,80,5,CERTIFIED,0.008,0.008,0.0,0.02496768176927198,1097.156,977.5,2536.399999999997,0.7438363699700306,SEMANTIC_REPAIR
sift_100k,0,sift_100k__seed59__random,sift_100k__seed71__cluster_block_order,RM-B1,128,7,CERTIFIED,0.0,0.0,0.0,0.011911419714980633,1826.464,1634.5,4057.0499999999993,0.5735577726785817,SEMANTIC_REPAIR
sift_100k,0,sift_100k__seed59__random,sift_100k__seed71__cluster_block_order,RM-B2,128,6,CERTIFIED,0.0,0.0,0.0,0.011911419714980633,1446.052,1318.0,3090.6999999999975,0.6623762440964664,SEMANTIC_REPAIR
sift_100k,0,sift_100k__seed59__random,sift_100k__seed71__cluster_block_order,RM-B1,250,6,CERTIFIED,0.0,0.0,0.0,0.011911419714980633,1446.052,1318.0,3090.6999999999975,0.6623762440964664,SEMANTIC_REPAIR
sift_100k,0,sift_100k__seed59__random,sift_100k__seed71__cluster_block_order,RM-B2,250,5,CERTIFIED,0.008,0.008,0.0,0.02496768176927198,1097.156,977.5,2536.399999999997,0.7438363699700306,SEMANTIC_REPAIR
sift_100k,0,sift_100k__seed59__random,sift_100k__seed71__natural_source_order,RM-B1,80,7,CERTIFIED,0.008,0.004,0.004,0.02496768176927198,1811.144,1648.0,4067.549999999999,0.5784766972702543,SEMANTIC_REPAIR
sift_100k,0,sift_100k__seed59__random,sift_100k__seed71__natural_source_order,RM-B2,80,4,CERTIFIED,0.024,0.02,0.004,0.04681743080651248,862.548,784.0,1839.1,0.7992516985270433,SEMANTIC_REPAIR
sift_100k,0,sift_100k__seed59__random,sift_100k__seed71__natural_source_order,RM-B1,128,7,CERTIFIED,0.008,0.004,0.004,0.02496768176927198,1811.144,1648.0,4067.549999999999,0.5784766972702543,SEMANTIC_REPAIR
sift_100k,0,sift_100k__seed59__random,sift_100k__seed71__natural_source_order,RM-B2,128,5,CERTIFIED,0.016,0.012,0.004,0.03623796513686767,1085.648,974.0,2473.9499999999994,0.747327694229756,SEMANTIC_REPAIR
sift_100k,0,sift_100k__seed59__random,sift_100k__seed71__natural_source_order,RM-B1,250,6,CERTIFIED,0.008,0.004,0.004,0.02496768176927198,1433.776,1323.5,3041.049999999999,0.6663048355654526,SEMANTIC_REPAIR
sift_100k,0,sift_100k__seed59__random,sift_100k__seed71__natural_source_order,RM-B2,250,5,CERTIFIED,0.016,0.012,0.004,0.03623796513686767,1085.648,974.0,2473.9499999999994,0.747327694229756,SEMANTIC_REPAIR
sift_100k,0,sift_100k__seed59__random,sift_100k__seed71__random,RM-B1,80,7,CERTIFIED,0.004,0.004,0.0,0.018833965611186224,1739.456,1608.5,3689.849999999995,0.5901619413738864,SEMANTIC_REPAIR
sift_100k,0,sift_100k__seed59__random,sift_100k__seed71__random,RM-B2,80,4,CERTIFIED,0.04,0.04,0.0,0.06690426305497835,831.156,771.5,1655.549999999998,0.8041690267213163,SEMANTIC_REPAIR
sift_100k,0,sift_100k__seed59__random,sift_100k__seed71__random,RM-B1,128,7,CERTIFIED,0.004,0.004,0.0,0.018833965611186224,1739.456,1608.5,3689.849999999995,0.5901619413738864,SEMANTIC_REPAIR
sift_100k,0,sift_100k__seed59__random,sift_100k__seed71__random,RM-B2,128,5,CERTIFIED,0.016,0.016,0.0,0.03623796513686767,1040.728,953.5,2156.6499999999983,0.7547911858202576,SEMANTIC_REPAIR
sift_100k,0,sift_100k__seed59__random,sift_100k__seed71__random,RM-B1,250,6,CERTIFIED,0.008,0.008,0.0,0.02496768176927198,1381.996,1284.5,2767.849999999998,0.6743840846396492,SEMANTIC_REPAIR
sift_100k,0,sift_100k__seed59__random,sift_100k__seed71__random,RM-B2,250,5,CERTIFIED,0.016,0.016,0.0,0.03623796513686767,1040.728,953.5,2156.6499999999983,0.7547911858202576,SEMANTIC_REPAIR
sift_100k,0,sift_100k__seed71__cluster_block_order,sift_100k__seed43__cluster_block_order,RM-B1,80,6,CERTIFIED,0.0,0.0,0.0,0.011911419714980633,1355.824,1310.0,2430.2999999999993,0.6831493990274509,SEMANTIC_REPAIR
sift_100k,0,sift_100k__seed71__cluster_block_order,sift_100k__seed43__cluster_block_order,RM-B2,80,5,CERTIFIED,0.008,0.008,0.0,0.02496768176927198,1019.732,973.5,1773.0499999999988,0.761692744020655,SEMANTIC_REPAIR
sift_100k,0,sift_100k__seed71__cluster_block_order,sift_100k__seed43__cluster_block_order,RM-B1,128,6,CERTIFIED,0.0,0.0,0.0,0.011911419714980633,1355.824,1310.0,2430.2999999999993,0.6831493990274509,SEMANTIC_REPAIR
sift_100k,0,sift_100k__seed71__cluster_block_order,sift_100k__seed43__cluster_block_order,RM-B2,128,5,CERTIFIED,0.008,0.008,0.0,0.02496768176927198,1019.732,973.5,1773.0499999999988,0.761692744020655,SEMANTIC_REPAIR
sift_100k,0,sift_100k__seed71__cluster_block_order,sift_100k__seed43__cluster_block_order,RM-B1,250,5,CERTIFIED,0.008,0.008,0.0,0.02496768176927198,1019.732,973.5,1773.0499999999988,0.761692744020655,SEMANTIC_REPAIR
sift_100k,0,sift_100k__seed71__cluster_block_order,sift_100k__seed43__cluster_block_order,RM-B2,250,5,CERTIFIED,0.008,0.008,0.0,0.02496768176927198,1019.732,973.5,1773.0499999999988,0.761692744020655,SEMANTIC_REPAIR
sift_100k,0,sift_100k__seed71__cluster_block_order,sift_100k__seed43__natural_source_order,RM-B1,80,6,CERTIFIED,0.008,0.008,0.0,0.02496768176927198,1375.144,1307.5,2795.4499999999985,0.6795868571204888,SEMANTIC_REPAIR
sift_100k,0,sift_100k__seed71__cluster_block_order,sift_100k__seed43__natural_source_order,RM-B2,80,4,CERTIFIED,0.028,0.028,0.0,0.05194700438197347,825.924,786.5,1642.3,0.8075569506759893,SEMANTIC_REPAIR
sift_100k,0,sift_100k__seed71__cluster_block_order,sift_100k__seed43__natural_source_order,RM-B1,128,6,CERTIFIED,0.008,0.008,0.0,0.02496768176927198,1375.144,1307.5,2795.4499999999985,0.6795868571204888,SEMANTIC_REPAIR
sift_100k,0,sift_100k__seed71__cluster_block_order,sift_100k__seed43__natural_source_order,RM-B2,128,5,CERTIFIED,0.016,0.016,0.0,0.03623796513686767,1035.6,976.0,2229.4499999999985,0.7587017426785692,SEMANTIC_REPAIR
sift_100k,0,sift_100k__seed71__cluster_block_order,sift_100k__seed43__natural_source_order,RM-B1,250,5,CERTIFIED,0.016,0.016,0.0,0.03623796513686767,1035.6,976.0,2229.4499999999985,0.7587017426785692,SEMANTIC_REPAIR
sift_100k,0,sift_100k__seed71__cluster_block_order,sift_100k__seed43__natural_source_order,RM-B2,250,5,CERTIFIED,0.016,0.016,0.0,0.03623796513686767,1035.6,976.0,2229.4499999999985,0.7587017426785692,SEMANTIC_REPAIR
sift_100k,0,sift_100k__seed71__cluster_block_order,sift_100k__seed43__random,RM-B1,80,6,CERTIFIED,0.008,0.008,0.0,0.02496768176927198,1327.388,1273.5,2267.449999999999,0.6864727129118479,SEMANTIC_REPAIR
sift_100k,0,sift_100k__seed71__cluster_block_order,sift_100k__seed43__random,RM-B2,80,5,CERTIFIED,0.016,0.016,0.0,0.03623796513686767,994.96,941.5,1656.1,0.7649917661141822,SEMANTIC_REPAIR
sift_100k,0,sift_100k__seed71__cluster_block_order,sift_100k__seed43__random,RM-B1,128,6,CERTIFIED,0.008,0.008,0.0,0.02496768176927198,1327.388,1273.5,2267.449999999999,0.6864727129118479,SEMANTIC_REPAIR
sift_100k,0,sift_100k__seed71__cluster_block_order,sift_100k__seed43__random,RM-B2,128,5,CERTIFIED,0.016,0.016,0.0,0.03623796513686767,994.96,941.5,1656.1,0.7649917661141822,SEMANTIC_REPAIR
sift_100k,0,sift_100k__seed71__cluster_block_order,sift_100k__seed43__random,RM-B1,250,5,CERTIFIED,0.016,0.016,0.0,0.03623796513686767,994.96,941.5,1656.1,0.7649917661141822,SEMANTIC_REPAIR
sift_100k,0,sift_100k__seed71__cluster_block_order,sift_100k__seed43__random,RM-B2,250,5,CERTIFIED,0.016,0.016,0.0,0.03623796513686767,994.96,941.5,1656.1,0.7649917661141822,SEMANTIC_REPAIR
sift_100k,0,sift_100k__seed71__cluster_block_order,sift_100k__seed59__cluster_block_order,RM-B1,80,6,CERTIFIED,0.004,0.0,0.004,0.018833965611186224,1370.52,1297.0,2888.4999999999986,0.679121397806866,SEMANTIC_REPAIR
sift_100k,0,sift_100k__seed71__cluster_block_order,sift_100k__seed59__cluster_block_order,RM-B2,80,5,CERTIFIED,0.008,0.004,0.004,0.02496768176927198,1031.62,959.5,2346.3999999999987,0.7584677468446422,SEMANTIC_REPAIR
sift_100k,0,sift_100k__seed71__cluster_block_order,sift_100k__seed59__cluster_block_order,RM-B1,128,6,CERTIFIED,0.004,0.0,0.004,0.018833965611186224,1370.52,1297.0,2888.4999999999986,0.679121397806866,SEMANTIC_REPAIR
sift_100k,0,sift_100k__seed71__cluster_block_order,sift_100k__seed59__cluster_block_order,RM-B2,128,6,CERTIFIED,0.004,0.0,0.004,0.018833965611186224,1370.52,1297.0,2888.4999999999986,0.679121397806866,SEMANTIC_REPAIR
sift_100k,0,sift_100k__seed71__cluster_block_order,sift_100k__seed59__cluster_block_order,RM-B1,250,5,CERTIFIED,0.008,0.004,0.004,0.02496768176927198,1031.62,959.5,2346.3999999999987,0.7584677468446422,SEMANTIC_REPAIR
sift_100k,0,sift_100k__seed71__cluster_block_order,sift_100k__seed59__cluster_block_order,RM-B2,250,5,CERTIFIED,0.008,0.004,0.004,0.02496768176927198,1031.62,959.5,2346.3999999999987,0.7584677468446422,SEMANTIC_REPAIR
sift_100k,0,sift_100k__seed71__cluster_block_order,sift_100k__seed59__natural_source_order,RM-B1,80,6,CERTIFIED,0.008,0.008,0.0,0.02496768176927198,1333.384,1313.0,1830.6999999999994,0.6894293854475867,SEMANTIC_REPAIR
sift_100k,0,sift_100k__seed71__cluster_block_order,sift_100k__seed59__natural_source_order,RM-B2,80,5,CERTIFIED,0.016,0.016,0.0,0.03623796513686767,1001.572,975.0,1471.5999999999988,0.7667147411709683,SEMANTIC_REPAIR
sift_100k,0,sift_100k__seed71__cluster_block_order,sift_100k__seed59__natural_source_order,RM-B1,128,6,CERTIFIED,0.008,0.008,0.0,0.02496768176927198,1333.384,1313.0,1830.6999999999994,0.6894293854475867,SEMANTIC_REPAIR
sift_100k,0,sift_100k__seed71__cluster_block_order,sift_100k__seed59__natural_source_order,RM-B2,128,5,CERTIFIED,0.016,0.016,0.0,0.03623796513686767,1001.572,975.0,1471.5999999999988,0.7667147411709683,SEMANTIC_REPAIR
sift_100k,0,sift_100k__seed71__cluster_block_order,sift_100k__seed59__natural_source_order,RM-B1,250,5,CERTIFIED,0.016,0.016,0.0,0.03623796513686767,1001.572,975.0,1471.5999999999988,0.7667147411709683,SEMANTIC_REPAIR
sift_100k,0,sift_100k__seed71__cluster_block_order,sift_100k__seed59__natural_source_order,RM-B2,250,5,CERTIFIED,0.016,0.016,0.0,0.03623796513686767,1001.572,975.0,1471.5999999999988,0.7667147411709683,SEMANTIC_REPAIR
sift_100k,0,sift_100k__seed71__cluster_block_order,sift_100k__seed59__random,RM-B1,80,6,CERTIFIED,0.008,0.008,0.0,0.02496768176927198,1346.592,1278.0,2564.649999999996,0.6822252763849453,SEMANTIC_REPAIR
sift_100k,0,sift_100k__seed71__cluster_block_order,sift_100k__seed59__random,RM-B2,80,5,CERTIFIED,0.016,0.016,0.0,0.03623796513686767,1013.284,951.0,1849.4999999999982,0.7608807693469462,SEMANTIC_REPAIR
sift_100k,0,sift_100k__seed71__cluster_block_order,sift_100k__seed59__random,RM-B1,128,6,CERTIFIED,0.008,0.008,0.0,0.02496768176927198,1346.592,1278.0,2564.649999999996,0.6822252763849453,SEMANTIC_REPAIR
sift_100k,0,sift_100k__seed71__cluster_block_order,sift_100k__seed59__random,RM-B2,128,5,CERTIFIED,0.016,0.016,0.0,0.03623796513686767,1013.284,951.0,1849.4999999999982,0.7608807693469462,SEMANTIC_REPAIR
sift_100k,0,sift_100k__seed71__cluster_block_order,sift_100k__seed59__random,RM-B1,250,5,CERTIFIED,0.016,0.016,0.0,0.03623796513686767,1013.284,951.0,1849.4999999999982,0.7608807693469462,SEMANTIC_REPAIR
sift_100k,0,sift_100k__seed71__cluster_block_order,sift_100k__seed59__random,RM-B2,250,5,CERTIFIED,0.016,0.016,0.0,0.03623796513686767,1013.284,951.0,1849.4999999999982,0.7608807693469462,SEMANTIC_REPAIR
sift_100k,0,sift_100k__seed71__cluster_block_order,sift_100k__seed71__natural_source_order,RM-B1,80,6,CERTIFIED,0.008,0.004,0.004,0.02496768176927198,1375.032,1310.0,2717.65,0.67997683784443,SEMANTIC_REPAIR
sift_100k,0,sift_100k__seed71__cluster_block_order,sift_100k__seed71__natural_source_order,RM-B2,80,4,CERTIFIED,0.032,0.028,0.004,0.05699654926405676,828.484,781.0,1583.3499999999995,0.8071797096538151,SEMANTIC_REPAIR
sift_100k,0,sift_100k__seed71__cluster_block_order,sift_100k__seed71__natural_source_order,RM-B1,128,6,CERTIFIED,0.008,0.004,0.004,0.02496768176927198,1375.032,1310.0,2717.65,0.67997683784443,SEMANTIC_REPAIR
sift_100k,0,sift_100k__seed71__cluster_block_order,sift_100k__seed71__natural_source_order,RM-B2,128,5,CERTIFIED,0.016,0.012,0.004,0.03623796513686767,1035.22,971.0,2122.799999999996,0.7590642414673336,SEMANTIC_REPAIR
sift_100k,0,sift_100k__seed71__cluster_block_order,sift_100k__seed71__natural_source_order,RM-B1,250,5,CERTIFIED,0.016,0.012,0.004,0.03623796513686767,1035.22,971.0,2122.799999999996,0.7590642414673336,SEMANTIC_REPAIR
sift_100k,0,sift_100k__seed71__cluster_block_order,sift_100k__seed71__natural_source_order,RM-B2,250,5,CERTIFIED,0.016,0.012,0.004,0.03623796513686767,1035.22,971.0,2122.799999999996,0.7590642414673336,SEMANTIC_REPAIR
sift_100k,0,sift_100k__seed71__cluster_block_order,sift_100k__seed71__random,RM-B1,80,6,CERTIFIED,0.008,0.008,0.0,0.02496768176927198,1312.892,1281.5,1842.0,0.6906658699813301,SEMANTIC_REPAIR
sift_100k,0,sift_100k__seed71__cluster_block_order,sift_100k__seed71__random,RM-B2,80,4,CERTIFIED,0.048,0.048,0.0,0.07661134159084108,791.348,770.5,1057.1499999999994,0.8135483001480591,SEMANTIC_REPAIR
sift_100k,0,sift_100k__seed71__cluster_block_order,sift_100k__seed71__random,RM-B1,128,6,CERTIFIED,0.008,0.008,0.0,0.02496768176927198,1312.892,1281.5,1842.0,0.6906658699813301,SEMANTIC_REPAIR
sift_100k,0,sift_100k__seed71__cluster_block_order,sift_100k__seed71__random,RM-B2,128,5,CERTIFIED,0.016,0.016,0.0,0.03623796513686767,984.376,953.5,1428.3499999999997,0.768068437029658,SEMANTIC_REPAIR
sift_100k,0,sift_100k__seed71__cluster_block_order,sift_100k__seed71__random,RM-B1,250,5,CERTIFIED,0.016,0.016,0.0,0.03623796513686767,984.376,953.5,1428.3499999999997,0.768068437029658,SEMANTIC_REPAIR
sift_100k,0,sift_100k__seed71__cluster_block_order,sift_100k__seed71__random,RM-B2,250,5,CERTIFIED,0.016,0.016,0.0,0.03623796513686767,984.376,953.5,1428.3499999999997,0.768068437029658,SEMANTIC_REPAIR
sift_100k,0,sift_100k__seed71__natural_source_order,sift_100k__seed43__cluster_block_order,RM-B1,80,6,CERTIFIED,0.0,0.0,0.0,0.011911419714980633,1358.764,1301.0,2665.949999999999,0.6824623328840139,SEMANTIC_REPAIR
sift_100k,0,sift_100k__seed71__natural_source_order,sift_100k__seed43__cluster_block_order,RM-B2,80,5,CERTIFIED,0.008,0.008,0.0,0.02496768176927198,1019.248,967.0,2000.75,0.7618058528687582,SEMANTIC_REPAIR
sift_100k,0,sift_100k__seed71__natural_source_order,sift_100k__seed43__cluster_block_order,RM-B1,128,6,CERTIFIED,0.0,0.0,0.0,0.011911419714980633,1358.764,1301.0,2665.949999999999,0.6824623328840139,SEMANTIC_REPAIR
sift_100k,0,sift_100k__seed71__natural_source_order,sift_100k__seed43__cluster_block_order,RM-B2,128,6,CERTIFIED,0.0,0.0,0.0,0.011911419714980633,1358.764,1301.0,2665.949999999999,0.6824623328840139,SEMANTIC_REPAIR
sift_100k,0,sift_100k__seed71__natural_source_order,sift_100k__seed43__cluster_block_order,RM-B1,250,6,CERTIFIED,0.0,0.0,0.0,0.011911419714980633,1358.764,1301.0,2665.949999999999,0.6824623328840139,SEMANTIC_REPAIR
sift_100k,0,sift_100k__seed71__natural_source_order,sift_100k__seed43__cluster_block_order,RM-B2,250,5,CERTIFIED,0.008,0.008,0.0,0.02496768176927198,1019.248,967.0,2000.75,0.7618058528687582,SEMANTIC_REPAIR
sift_100k,0,sift_100k__seed71__natural_source_order,sift_100k__seed43__natural_source_order,RM-B1,80,6,CERTIFIED,0.008,0.008,0.0,0.02496768176927198,1358.456,1304.5,2697.0999999999995,0.6834752168329068,SEMANTIC_REPAIR
sift_100k,0,sift_100k__seed71__natural_source_order,sift_100k__seed43__natural_source_order,RM-B2,80,6,CERTIFIED,0.008,0.008,0.0,0.02496768176927198,1358.456,1304.5,2697.0999999999995,0.6834752168329068,SEMANTIC_REPAIR
sift_100k,0,sift_100k__seed71__natural_source_order,sift_100k__seed43__natural_source_order,RM-B1,128,6,CERTIFIED,0.008,0.008,0.0,0.02496768176927198,1358.456,1304.5,2697.0999999999995,0.6834752168329068,SEMANTIC_REPAIR
sift_100k,0,sift_100k__seed71__natural_source_order,sift_100k__seed43__natural_source_order,RM-B2,128,5,CERTIFIED,0.016,0.016,0.0,0.03623796513686767,1020.932,964.5,2001.2999999999986,0.7621194356472739,SEMANTIC_REPAIR
sift_100k,0,sift_100k__seed71__natural_source_order,sift_100k__seed43__natural_source_order,RM-B1,250,6,CERTIFIED,0.008,0.008,0.0,0.02496768176927198,1358.456,1304.5,2697.0999999999995,0.6834752168329068,SEMANTIC_REPAIR
sift_100k,0,sift_100k__seed71__natural_source_order,sift_100k__seed43__natural_source_order,RM-B2,250,5,CERTIFIED,0.016,0.016,0.0,0.03623796513686767,1020.932,964.5,2001.2999999999986,0.7621194356472739,SEMANTIC_REPAIR
sift_100k,0,sift_100k__seed71__natural_source_order,sift_100k__seed43__random,RM-B1,80,6,CERTIFIED,0.008,0.008,0.0,0.02496768176927198,1293.82,1270.5,1635.4999999999998,0.6944014300412592,SEMANTIC_REPAIR
sift_100k,0,sift_100k__seed71__natural_source_order,sift_100k__seed43__random,RM-B2,80,5,CERTIFIED,0.016,0.016,0.0,0.03623796513686767,967.528,938.5,1207.3,0.7714711681725119,SEMANTIC_REPAIR
sift_100k,0,sift_100k__seed71__natural_source_order,sift_100k__seed43__random,RM-B1,128,6,CERTIFIED,0.008,0.008,0.0,0.02496768176927198,1293.82,1270.5,1635.4999999999998,0.6944014300412592,SEMANTIC_REPAIR
sift_100k,0,sift_100k__seed71__natural_source_order,sift_100k__seed43__random,RM-B2,128,5,CERTIFIED,0.016,0.016,0.0,0.03623796513686767,967.528,938.5,1207.3,0.7714711681725119,SEMANTIC_REPAIR
sift_100k,0,sift_100k__seed71__natural_source_order,sift_100k__seed43__random,RM-B1,250,6,CERTIFIED,0.008,0.008,0.0,0.02496768176927198,1293.82,1270.5,1635.4999999999998,0.6944014300412592,SEMANTIC_REPAIR
sift_100k,0,sift_100k__seed71__natural_source_order,sift_100k__seed43__random,RM-B2,250,5,CERTIFIED,0.016,0.016,0.0,0.03623796513686767,967.528,938.5,1207.3,0.7714711681725119,SEMANTIC_REPAIR
sift_100k,0,sift_100k__seed71__natural_source_order,sift_100k__seed59__cluster_block_order,RM-B1,80,6,CERTIFIED,0.004,0.0,0.004,0.018833965611186224,1350.824,1290.0,2421.6999999999894,0.6837328043888903,SEMANTIC_REPAIR
sift_100k,0,sift_100k__seed71__natural_source_order,sift_100k__seed59__cluster_block_order,RM-B2,80,5,CERTIFIED,0.008,0.004,0.004,0.02496768176927198,1015.644,956.5,1913.6999999999925,0.7622081932070722,SEMANTIC_REPAIR
sift_100k,0,sift_100k__seed71__natural_source_order,sift_100k__seed59__cluster_block_order,RM-B1,128,6,CERTIFIED,0.004,0.0,0.004,0.018833965611186224,1350.824,1290.0,2421.6999999999894,0.6837328043888903,SEMANTIC_REPAIR
sift_100k,0,sift_100k__seed71__natural_source_order,sift_100k__seed59__cluster_block_order,RM-B2,128,6,CERTIFIED,0.004,0.0,0.004,0.018833965611186224,1350.824,1290.0,2421.6999999999894,0.6837328043888903,SEMANTIC_REPAIR
sift_100k,0,sift_100k__seed71__natural_source_order,sift_100k__seed59__cluster_block_order,RM-B1,250,6,CERTIFIED,0.004,0.0,0.004,0.018833965611186224,1350.824,1290.0,2421.6999999999894,0.6837328043888903,SEMANTIC_REPAIR
sift_100k,0,sift_100k__seed71__natural_source_order,sift_100k__seed59__cluster_block_order,RM-B2,250,5,CERTIFIED,0.008,0.004,0.004,0.02496768176927198,1015.644,956.5,1913.6999999999925,0.7622081932070722,SEMANTIC_REPAIR
sift_100k,0,sift_100k__seed71__natural_source_order,sift_100k__seed59__natural_source_order,RM-B1,80,6,CERTIFIED,0.008,0.008,0.0,0.02496768176927198,1322.824,1302.0,1643.55,0.6918890112490613,SEMANTIC_REPAIR
sift_100k,0,sift_100k__seed71__natural_source_order,sift_100k__seed59__natural_source_order,RM-B2,80,6,CERTIFIED,0.008,0.008,0.0,0.02496768176927198,1322.824,1302.0,1643.55,0.6918890112490613,SEMANTIC_REPAIR
sift_100k,0,sift_100k__seed71__natural_source_order,sift_100k__seed59__natural_source_order,RM-B1,128,6,CERTIFIED,0.008,0.008,0.0,0.02496768176927198,1322.824,1302.0,1643.55,0.6918890112490613,SEMANTIC_REPAIR
sift_100k,0,sift_100k__seed71__natural_source_order,sift_100k__seed59__natural_source_order,RM-B2,128,5,CERTIFIED,0.02,0.02,0.0,0.04158982878282098,990.216,968.0,1212.4999999999998,0.7693597705839934,SEMANTIC_REPAIR
sift_100k,0,sift_100k__seed71__natural_source_order,sift_100k__seed59__natural_source_order,RM-B1,250,6,CERTIFIED,0.008,0.008,0.0,0.02496768176927198,1322.824,1302.0,1643.55,0.6918890112490613,SEMANTIC_REPAIR
sift_100k,0,sift_100k__seed71__natural_source_order,sift_100k__seed59__natural_source_order,RM-B2,250,5,CERTIFIED,0.02,0.02,0.0,0.04158982878282098,990.216,968.0,1212.4999999999998,0.7693597705839934,SEMANTIC_REPAIR
sift_100k,0,sift_100k__seed71__natural_source_order,sift_100k__seed59__random,RM-B1,80,6,CERTIFIED,0.008,0.008,0.0,0.02496768176927198,1341.984,1272.0,2572.799999999994,0.6833126925632815,SEMANTIC_REPAIR
sift_100k,0,sift_100k__seed71__natural_source_order,sift_100k__seed59__random,RM-B2,80,5,CERTIFIED,0.012,0.012,0.0,0.030720864145366192,1009.592,944.0,2007.2999999999934,0.7617520238023319,SEMANTIC_REPAIR
sift_100k,0,sift_100k__seed71__natural_source_order,sift_100k__seed59__random,RM-B1,128,6,CERTIFIED,0.008,0.008,0.0,0.02496768176927198,1341.984,1272.0,2572.799999999994,0.6833126925632815,SEMANTIC_REPAIR
sift_100k,0,sift_100k__seed71__natural_source_order,sift_100k__seed59__random,RM-B2,128,5,CERTIFIED,0.012,0.012,0.0,0.030720864145366192,1009.592,944.0,2007.2999999999934,0.7617520238023319,SEMANTIC_REPAIR
sift_100k,0,sift_100k__seed71__natural_source_order,sift_100k__seed59__random,RM-B1,250,6,CERTIFIED,0.008,0.008,0.0,0.02496768176927198,1341.984,1272.0,2572.799999999994,0.6833126925632815,SEMANTIC_REPAIR
sift_100k,0,sift_100k__seed71__natural_source_order,sift_100k__seed59__random,RM-B2,250,5,CERTIFIED,0.012,0.012,0.0,0.030720864145366192,1009.592,944.0,2007.2999999999934,0.7617520238023319,SEMANTIC_REPAIR
sift_100k,0,sift_100k__seed71__natural_source_order,sift_100k__seed71__cluster_block_order,RM-B1,80,6,CERTIFIED,0.0,0.0,0.0,0.011911419714980633,1414.624,1311.5,2947.9499999999994,0.669714043429088,SEMANTIC_REPAIR
sift_100k,0,sift_100k__seed71__natural_source_order,sift_100k__seed71__cluster_block_order,RM-B2,80,5,CERTIFIED,0.008,0.008,0.0,0.02496768176927198,1068.548,974.5,2404.2999999999997,0.7505157566095763,SEMANTIC_REPAIR
sift_100k,0,sift_100k__seed71__natural_source_order,sift_100k__seed71__cluster_block_order,RM-B1,128,6,CERTIFIED,0.0,0.0,0.0,0.011911419714980633,1414.624,1311.5,2947.9499999999994,0.669714043429088,SEMANTIC_REPAIR
sift_100k,0,sift_100k__seed71__natural_source_order,sift_100k__seed71__cluster_block_order,RM-B2,128,6,CERTIFIED,0.0,0.0,0.0,0.011911419714980633,1414.624,1311.5,2947.9499999999994,0.669714043429088,SEMANTIC_REPAIR
sift_100k,0,sift_100k__seed71__natural_source_order,sift_100k__seed71__cluster_block_order,RM-B1,250,6,CERTIFIED,0.0,0.0,0.0,0.011911419714980633,1414.624,1311.5,2947.9499999999994,0.669714043429088,SEMANTIC_REPAIR
sift_100k,0,sift_100k__seed71__natural_source_order,sift_100k__seed71__cluster_block_order,RM-B2,250,5,CERTIFIED,0.008,0.008,0.0,0.02496768176927198,1068.548,974.5,2404.2999999999997,0.7505157566095763,SEMANTIC_REPAIR
sift_100k,0,sift_100k__seed71__natural_source_order,sift_100k__seed71__random,RM-B1,80,6,CERTIFIED,0.008,0.008,0.0,0.02496768176927198,1302.924,1280.0,1631.999999999999,0.6930144581424478,SEMANTIC_REPAIR
sift_100k,0,sift_100k__seed71__natural_source_order,sift_100k__seed71__random,RM-B2,80,4,CERTIFIED,0.048,0.048,0.0,0.07661134159084108,785.336,768.0,1023.0499999999998,0.814964804163372,SEMANTIC_REPAIR
sift_100k,0,sift_100k__seed71__natural_source_order,sift_100k__seed71__random,RM-B1,128,6,CERTIFIED,0.008,0.008,0.0,0.02496768176927198,1302.924,1280.0,1631.999999999999,0.6930144581424478,SEMANTIC_REPAIR
sift_100k,0,sift_100k__seed71__natural_source_order,sift_100k__seed71__random,RM-B2,128,5,CERTIFIED,0.016,0.016,0.0,0.03623796513686767,975.276,952.0,1276.85,0.7702125133003412,SEMANTIC_REPAIR
sift_100k,0,sift_100k__seed71__natural_source_order,sift_100k__seed71__random,RM-B1,250,6,CERTIFIED,0.008,0.008,0.0,0.02496768176927198,1302.924,1280.0,1631.999999999999,0.6930144581424478,SEMANTIC_REPAIR
sift_100k,0,sift_100k__seed71__natural_source_order,sift_100k__seed71__random,RM-B2,250,5,CERTIFIED,0.016,0.016,0.0,0.03623796513686767,975.276,952.0,1276.85,0.7702125133003412,SEMANTIC_REPAIR
sift_100k,0,sift_100k__seed71__random,sift_100k__seed43__cluster_block_order,RM-B1,80,6,CERTIFIED,0.0,0.0,0.0,0.011911419714980633,1403.272,1315.5,2379.5499999999897,0.6720609927778598,SEMANTIC_REPAIR
sift_100k,0,sift_100k__seed71__random,sift_100k__seed43__cluster_block_order,RM-B2,80,5,CERTIFIED,0.008,0.008,0.0,0.02496768176927198,1055.108,977.5,1833.649999999997,0.7534255154865643,SEMANTIC_REPAIR
sift_100k,0,sift_100k__seed71__random,sift_100k__seed43__cluster_block_order,RM-B1,128,5,CERTIFIED,0.008,0.008,0.0,0.02496768176927198,1055.108,977.5,1833.649999999997,0.7534255154865643,SEMANTIC_REPAIR
sift_100k,0,sift_100k__seed71__random,sift_100k__seed43__cluster_block_order,RM-B2,128,5,CERTIFIED,0.008,0.008,0.0,0.02496768176927198,1055.108,977.5,1833.649999999997,0.7534255154865643,SEMANTIC_REPAIR
sift_100k,0,sift_100k__seed71__random,sift_100k__seed43__cluster_block_order,RM-B1,250,5,CERTIFIED,0.008,0.008,0.0,0.02496768176927198,1055.108,977.5,1833.649999999997,0.7534255154865643,SEMANTIC_REPAIR
sift_100k,0,sift_100k__seed71__random,sift_100k__seed43__cluster_block_order,RM-B2,250,5,CERTIFIED,0.008,0.008,0.0,0.02496768176927198,1055.108,977.5,1833.649999999997,0.7534255154865643,SEMANTIC_REPAIR
sift_100k,0,sift_100k__seed71__random,sift_100k__seed43__natural_source_order,RM-B1,80,6,CERTIFIED,0.008,0.008,0.0,0.02496768176927198,1375.736,1312.5,2007.0499999999988,0.6794489191441134,SEMANTIC_REPAIR
sift_100k,0,sift_100k__seed71__random,sift_100k__seed43__natural_source_order,RM-B2,80,5,CERTIFIED,0.016,0.016,0.0,0.03623796513686767,1028.088,983.0,1616.7499999999995,0.7604520637571694,SEMANTIC_REPAIR
sift_100k,0,sift_100k__seed71__random,sift_100k__seed43__natural_source_order,RM-B1,128,5,CERTIFIED,0.016,0.016,0.0,0.03623796513686767,1028.088,983.0,1616.7499999999995,0.7604520637571694,SEMANTIC_REPAIR
sift_100k,0,sift_100k__seed71__random,sift_100k__seed43__natural_source_order,RM-B2,128,5,CERTIFIED,0.016,0.016,0.0,0.03623796513686767,1028.088,983.0,1616.7499999999995,0.7604520637571694,SEMANTIC_REPAIR
sift_100k,0,sift_100k__seed71__random,sift_100k__seed43__natural_source_order,RM-B1,250,5,CERTIFIED,0.016,0.016,0.0,0.03623796513686767,1028.088,983.0,1616.7499999999995,0.7604520637571694,SEMANTIC_REPAIR
sift_100k,0,sift_100k__seed71__random,sift_100k__seed43__natural_source_order,RM-B2,250,5,CERTIFIED,0.016,0.016,0.0,0.03623796513686767,1028.088,983.0,1616.7499999999995,0.7604520637571694,SEMANTIC_REPAIR
sift_100k,0,sift_100k__seed71__random,sift_100k__seed43__random,RM-B1,80,6,CERTIFIED,0.008,0.008,0.0,0.02496768176927198,1326.792,1273.5,1844.1999999999998,0.6866134873222723,SEMANTIC_REPAIR
sift_100k,0,sift_100k__seed71__random,sift_100k__seed43__random,RM-B2,80,5,CERTIFIED,0.016,0.016,0.0,0.03623796513686767,996.724,941.0,1445.6499999999996,0.7645751116511138,SEMANTIC_REPAIR
sift_100k,0,sift_100k__seed71__random,sift_100k__seed43__random,RM-B1,128,5,CERTIFIED,0.016,0.016,0.0,0.03623796513686767,996.724,941.0,1445.6499999999996,0.7645751116511138,SEMANTIC_REPAIR
sift_100k,0,sift_100k__seed71__random,sift_100k__seed43__random,RM-B2,128,5,CERTIFIED,0.016,0.016,0.0,0.03623796513686767,996.724,941.0,1445.6499999999996,0.7645751116511138,SEMANTIC_REPAIR
sift_100k,0,sift_100k__seed71__random,sift_100k__seed43__random,RM-B1,250,5,CERTIFIED,0.016,0.016,0.0,0.03623796513686767,996.724,941.0,1445.6499999999996,0.7645751116511138,SEMANTIC_REPAIR
sift_100k,0,sift_100k__seed71__random,sift_100k__seed43__random,RM-B2,250,5,CERTIFIED,0.016,0.016,0.0,0.03623796513686767,996.724,941.0,1445.6499999999996,0.7645751116511138,SEMANTIC_REPAIR
sift_100k,0,sift_100k__seed71__random,sift_100k__seed59__cluster_block_order,RM-B1,80,6,CERTIFIED,0.004,0.0,0.004,0.018833965611186224,1380.536,1301.0,2052.749999999999,0.6767763608285173,SEMANTIC_REPAIR
sift_100k,0,sift_100k__seed71__random,sift_100k__seed59__cluster_block_order,RM-B2,80,5,CERTIFIED,0.008,0.004,0.004,0.02496768176927198,1036.084,961.0,1614.6,0.757422594581129,SEMANTIC_REPAIR
sift_100k,0,sift_100k__seed71__random,sift_100k__seed59__cluster_block_order,RM-B1,128,5,CERTIFIED,0.008,0.004,0.004,0.02496768176927198,1036.084,961.0,1614.6,0.757422594581129,SEMANTIC_REPAIR
sift_100k,0,sift_100k__seed71__random,sift_100k__seed59__cluster_block_order,RM-B2,128,6,CERTIFIED,0.004,0.0,0.004,0.018833965611186224,1380.536,1301.0,2052.749999999999,0.6767763608285173,SEMANTIC_REPAIR
sift_100k,0,sift_100k__seed71__random,sift_100k__seed59__cluster_block_order,RM-B1,250,5,CERTIFIED,0.008,0.004,0.004,0.02496768176927198,1036.084,961.0,1614.6,0.757422594581129,SEMANTIC_REPAIR
sift_100k,0,sift_100k__seed71__random,sift_100k__seed59__cluster_block_order,RM-B2,250,5,CERTIFIED,0.008,0.004,0.004,0.02496768176927198,1036.084,961.0,1614.6,0.757422594581129,SEMANTIC_REPAIR
sift_100k,0,sift_100k__seed71__random,sift_100k__seed59__natural_source_order,RM-B1,80,6,CERTIFIED,0.008,0.008,0.0,0.02496768176927198,1359.708,1320.5,1834.7499999999995,0.6832980227962591,SEMANTIC_REPAIR
sift_100k,0,sift_100k__seed71__random,sift_100k__seed59__natural_source_order,RM-B2,80,5,CERTIFIED,0.016,0.016,0.0,0.03623796513686767,1017.888,987.0,1454.4999999999995,0.7629144329724019,SEMANTIC_REPAIR
sift_100k,0,sift_100k__seed71__random,sift_100k__seed59__natural_source_order,RM-B1,128,5,CERTIFIED,0.016,0.016,0.0,0.03623796513686767,1017.888,987.0,1454.4999999999995,0.7629144329724019,SEMANTIC_REPAIR
sift_100k,0,sift_100k__seed71__random,sift_100k__seed59__natural_source_order,RM-B2,128,5,CERTIFIED,0.016,0.016,0.0,0.03623796513686767,1017.888,987.0,1454.4999999999995,0.7629144329724019,SEMANTIC_REPAIR
sift_100k,0,sift_100k__seed71__random,sift_100k__seed59__natural_source_order,RM-B1,250,5,CERTIFIED,0.016,0.016,0.0,0.03623796513686767,1017.888,987.0,1454.4999999999995,0.7629144329724019,SEMANTIC_REPAIR
sift_100k,0,sift_100k__seed71__random,sift_100k__seed59__natural_source_order,RM-B2,250,5,CERTIFIED,0.016,0.016,0.0,0.03623796513686767,1017.888,987.0,1454.4999999999995,0.7629144329724019,SEMANTIC_REPAIR
sift_100k,0,sift_100k__seed71__random,sift_100k__seed59__random,RM-B1,80,6,CERTIFIED,0.008,0.008,0.0,0.02496768176927198,1390.66,1279.0,2162.999999999999,0.6718259152419501,SEMANTIC_REPAIR
sift_100k,0,sift_100k__seed71__random,sift_100k__seed59__random,RM-B2,80,5,CERTIFIED,0.016,0.016,0.0,0.03623796513686767,1049.576,952.5,1568.9999999999993,0.7523164230048933,SEMANTIC_REPAIR
sift_100k,0,sift_100k__seed71__random,sift_100k__seed59__random,RM-B1,128,5,CERTIFIED,0.016,0.016,0.0,0.03623796513686767,1049.576,952.5,1568.9999999999993,0.7523164230048933,SEMANTIC_REPAIR
sift_100k,0,sift_100k__seed71__random,sift_100k__seed59__random,RM-B2,128,5,CERTIFIED,0.016,0.016,0.0,0.03623796513686767,1049.576,952.5,1568.9999999999993,0.7523164230048933,SEMANTIC_REPAIR
sift_100k,0,sift_100k__seed71__random,sift_100k__seed59__random,RM-B1,250,5,CERTIFIED,0.016,0.016,0.0,0.03623796513686767,1049.576,952.5,1568.9999999999993,0.7523164230048933,SEMANTIC_REPAIR
sift_100k,0,sift_100k__seed71__random,sift_100k__seed59__random,RM-B2,250,5,CERTIFIED,0.016,0.016,0.0,0.03623796513686767,1049.576,952.5,1568.9999999999993,0.7523164230048933,SEMANTIC_REPAIR
sift_100k,0,sift_100k__seed71__random,sift_100k__seed71__cluster_block_order,RM-B1,80,6,CERTIFIED,0.0,0.0,0.0,0.011911419714980633,1431.72,1323.0,2521.5499999999965,0.6657224748472342,SEMANTIC_REPAIR
sift_100k,0,sift_100k__seed71__random,sift_100k__seed71__cluster_block_order,RM-B2,80,5,CERTIFIED,0.008,0.008,0.0,0.02496768176927198,1070.568,983.0,1893.749999999998,0.7500441276592168,SEMANTIC_REPAIR
sift_100k,0,sift_100k__seed71__random,sift_100k__seed71__cluster_block_order,RM-B1,128,5,CERTIFIED,0.008,0.008,0.0,0.02496768176927198,1070.568,983.0,1893.749999999998,0.7500441276592168,SEMANTIC_REPAIR
sift_100k,0,sift_100k__seed71__random,sift_100k__seed71__cluster_block_order,RM-B2,128,6,CERTIFIED,0.0,0.0,0.0,0.011911419714980633,1431.72,1323.0,2521.5499999999965,0.6657224748472342,SEMANTIC_REPAIR
sift_100k,0,sift_100k__seed71__random,sift_100k__seed71__cluster_block_order,RM-B1,250,5,CERTIFIED,0.008,0.008,0.0,0.02496768176927198,1070.568,983.0,1893.749999999998,0.7500441276592168,SEMANTIC_REPAIR
sift_100k,0,sift_100k__seed71__random,sift_100k__seed71__cluster_block_order,RM-B2,250,5,CERTIFIED,0.008,0.008,0.0,0.02496768176927198,1070.568,983.0,1893.749999999998,0.7500441276592168,SEMANTIC_REPAIR
sift_100k,0,sift_100k__seed71__random,sift_100k__seed71__natural_source_order,RM-B1,80,6,CERTIFIED,0.012,0.008,0.004,0.030720864145366192,1392.876,1323.5,2099.049999999997,0.6758238484554528,SEMANTIC_REPAIR
sift_100k,0,sift_100k__seed71__random,sift_100k__seed71__natural_source_order,RM-B2,80,4,CERTIFIED,0.032,0.028,0.004,0.05699654926405676,840.084,787.5,1224.3999999999999,0.804479940716798,SEMANTIC_REPAIR
sift_100k,0,sift_100k__seed71__random,sift_100k__seed71__natural_source_order,RM-B1,128,5,CERTIFIED,0.02,0.016,0.004,0.04158982878282098,1040.624,974.0,1597.5499999999997,0.757806521524606,SEMANTIC_REPAIR
sift_100k,0,sift_100k__seed71__random,sift_100k__seed71__natural_source_order,RM-B2,128,5,CERTIFIED,0.02,0.016,0.004,0.04158982878282098,1040.624,974.0,1597.5499999999997,0.757806521524606,SEMANTIC_REPAIR
sift_100k,0,sift_100k__seed71__random,sift_100k__seed71__natural_source_order,RM-B1,250,5,CERTIFIED,0.02,0.016,0.004,0.04158982878282098,1040.624,974.0,1597.5499999999997,0.757806521524606,SEMANTIC_REPAIR
sift_100k,0,sift_100k__seed71__random,sift_100k__seed71__natural_source_order,RM-B2,250,5,CERTIFIED,0.02,0.016,0.004,0.04158982878282098,1040.624,974.0,1597.5499999999997,0.757806521524606,SEMANTIC_REPAIR
sift_100k,1,sift_100k__seed43__cluster_block_order,sift_100k__seed43__natural_source_order,RM-B1,80,5,CERTIFIED,0.012,0.008,0.004,0.030720864145366192,1008.92,988.0,1533.3999999999996,0.7644013779292205,SEMANTIC_REPAIR
sift_100k,1,sift_100k__seed43__cluster_block_order,sift_100k__seed43__natural_source_order,RM-B2,80,6,CERTIFIED,0.004,0.0,0.004,0.018833965611186224,1336.416,1327.0,1947.0,0.6879259325681493,SEMANTIC_REPAIR
sift_100k,1,sift_100k__seed43__cluster_block_order,sift_100k__seed43__natural_source_order,RM-B1,128,5,CERTIFIED,0.012,0.008,0.004,0.030720864145366192,1008.92,988.0,1533.3999999999996,0.7644013779292205,SEMANTIC_REPAIR
sift_100k,1,sift_100k__seed43__cluster_block_order,sift_100k__seed43__natural_source_order,RM-B2,128,6,CERTIFIED,0.004,0.0,0.004,0.018833965611186224,1336.416,1327.0,1947.0,0.6879259325681493,SEMANTIC_REPAIR
sift_100k,1,sift_100k__seed43__cluster_block_order,sift_100k__seed43__natural_source_order,RM-B1,250,5,CERTIFIED,0.012,0.008,0.004,0.030720864145366192,1008.92,988.0,1533.3999999999996,0.7644013779292205,SEMANTIC_REPAIR
sift_100k,1,sift_100k__seed43__cluster_block_order,sift_100k__seed43__natural_source_order,RM-B2,250,5,CERTIFIED,0.012,0.008,0.004,0.030720864145366192,1008.92,988.0,1533.3999999999996,0.7644013779292205,SEMANTIC_REPAIR
sift_100k,1,sift_100k__seed43__cluster_block_order,sift_100k__seed43__random,RM-B1,80,5,CERTIFIED,0.024,0.024,0.0,0.04681743080651248,993.324,976.0,1506.6499999999999,0.7646903311454066,SEMANTIC_REPAIR
sift_100k,1,sift_100k__seed43__cluster_block_order,sift_100k__seed43__random,RM-B2,80,8,CERTIFIED,0.0,0.0,0.0,0.011911419714980633,2190.136,2163.0,3257.5499999999993,0.48117615510495704,SEMANTIC_REPAIR
sift_100k,1,sift_100k__seed43__cluster_block_order,sift_100k__seed43__random,RM-B1,128,5,CERTIFIED,0.024,0.024,0.0,0.04681743080651248,993.324,976.0,1506.6499999999999,0.7646903311454066,SEMANTIC_REPAIR
sift_100k,1,sift_100k__seed43__cluster_block_order,sift_100k__seed43__random,RM-B2,128,6,CERTIFIED,0.0,0.0,0.0,0.011911419714980633,1306.804,1313.0,1902.6499999999999,0.6904296921267803,SEMANTIC_REPAIR
sift_100k,1,sift_100k__seed43__cluster_block_order,sift_100k__seed43__random,RM-B1,250,5,CERTIFIED,0.024,0.024,0.0,0.04681743080651248,993.324,976.0,1506.6499999999999,0.7646903311454066,SEMANTIC_REPAIR
sift_100k,1,sift_100k__seed43__cluster_block_order,sift_100k__seed43__random,RM-B2,250,5,CERTIFIED,0.024,0.024,0.0,0.04681743080651248,993.324,976.0,1506.6499999999999,0.7646903311454066,SEMANTIC_REPAIR
sift_100k,1,sift_100k__seed43__cluster_block_order,sift_100k__seed59__cluster_block_order,RM-B1,80,5,CERTIFIED,0.012,0.012,0.0,0.030720864145366192,1014.62,996.5,1548.55,0.7626806407730293,SEMANTIC_REPAIR
sift_100k,1,sift_100k__seed43__cluster_block_order,sift_100k__seed59__cluster_block_order,RM-B2,80,5,CERTIFIED,0.012,0.012,0.0,0.030720864145366192,1014.62,996.5,1548.55,0.7626806407730293,SEMANTIC_REPAIR
sift_100k,1,sift_100k__seed43__cluster_block_order,sift_100k__seed59__cluster_block_order,RM-B1,128,5,CERTIFIED,0.012,0.012,0.0,0.030720864145366192,1014.62,996.5,1548.55,0.7626806407730293,SEMANTIC_REPAIR
sift_100k,1,sift_100k__seed43__cluster_block_order,sift_100k__seed59__cluster_block_order,RM-B2,128,6,CERTIFIED,0.0,0.0,0.0,0.011911419714980633,1338.268,1340.5,1931.0499999999997,0.686979456117601,SEMANTIC_REPAIR
sift_100k,1,sift_100k__seed43__cluster_block_order,sift_100k__seed59__cluster_block_order,RM-B1,250,5,CERTIFIED,0.012,0.012,0.0,0.030720864145366192,1014.62,996.5,1548.55,0.7626806407730293,SEMANTIC_REPAIR
sift_100k,1,sift_100k__seed43__cluster_block_order,sift_100k__seed59__cluster_block_order,RM-B2,250,5,CERTIFIED,0.012,0.012,0.0,0.030720864145366192,1014.62,996.5,1548.55,0.7626806407730293,SEMANTIC_REPAIR
sift_100k,1,sift_100k__seed43__cluster_block_order,sift_100k__seed59__natural_source_order,RM-B1,80,5,CERTIFIED,0.008,0.008,0.0,0.02496768176927198,1040.632,998.5,1581.3999999999999,0.7571109272914336,SEMANTIC_REPAIR
sift_100k,1,sift_100k__seed43__cluster_block_order,sift_100k__seed59__natural_source_order,RM-B2,80,6,CERTIFIED,0.0,0.0,0.0,0.011911419714980633,1365.296,1348.5,1970.6,0.6813326138224514,SEMANTIC_REPAIR
sift_100k,1,sift_100k__seed43__cluster_block_order,sift_100k__seed59__natural_source_order,RM-B1,128,5,CERTIFIED,0.008,0.008,0.0,0.02496768176927198,1040.632,998.5,1581.3999999999999,0.7571109272914336,SEMANTIC_REPAIR
sift_100k,1,sift_100k__seed43__cluster_block_order,sift_100k__seed59__natural_source_order,RM-B2,128,6,CERTIFIED,0.0,0.0,0.0,0.011911419714980633,1365.296,1348.5,1970.6,0.6813326138224514,SEMANTIC_REPAIR
sift_100k,1,sift_100k__seed43__cluster_block_order,sift_100k__seed59__natural_source_order,RM-B1,250,5,CERTIFIED,0.008,0.008,0.0,0.02496768176927198,1040.632,998.5,1581.3999999999999,0.7571109272914336,SEMANTIC_REPAIR
sift_100k,1,sift_100k__seed43__cluster_block_order,sift_100k__seed59__natural_source_order,RM-B2,250,5,CERTIFIED,0.008,0.008,0.0,0.02496768176927198,1040.632,998.5,1581.3999999999999,0.7571109272914336,SEMANTIC_REPAIR
sift_100k,1,sift_100k__seed43__cluster_block_order,sift_100k__seed59__random,RM-B1,80,5,CERTIFIED,0.028,0.028,0.0,0.05194700438197347,993.04,982.0,1513.6499999999999,0.7649166564872341,SEMANTIC_REPAIR
sift_100k,1,sift_100k__seed43__cluster_block_order,sift_100k__seed59__random,RM-B2,80,8,CERTIFIED,0.0,0.0,0.0,0.011911419714980633,2189.708,2178.0,3294.1,0.48162825469603265,SEMANTIC_REPAIR
sift_100k,1,sift_100k__seed43__cluster_block_order,sift_100k__seed59__random,RM-B1,128,5,CERTIFIED,0.028,0.028,0.0,0.05194700438197347,993.04,982.0,1513.6499999999999,0.7649166564872341,SEMANTIC_REPAIR
sift_100k,1,sift_100k__seed43__cluster_block_order,sift_100k__seed59__random,RM-B2,128,7,CERTIFIED,0.0,0.0,0.0,0.011911419714980633,1663.624,1619.5,2639.55,0.6061686414765953,SEMANTIC_REPAIR
sift_100k,1,sift_100k__seed43__cluster_block_order,sift_100k__seed59__random,RM-B1,250,5,CERTIFIED,0.028,0.028,0.0,0.05194700438197347,993.04,982.0,1513.6499999999999,0.7649166564872341,SEMANTIC_REPAIR
sift_100k,1,sift_100k__seed43__cluster_block_order,sift_100k__seed59__random,RM-B2,250,5,CERTIFIED,0.028,0.028,0.0,0.05194700438197347,993.04,982.0,1513.6499999999999,0.7649166564872341,SEMANTIC_REPAIR
sift_100k,1,sift_100k__seed43__cluster_block_order,sift_100k__seed71__cluster_block_order,RM-B1,80,5,CERTIFIED,0.012,0.012,0.0,0.030720864145366192,1008.972,1003.5,1588.55,0.7644556790868191,SEMANTIC_REPAIR
sift_100k,1,sift_100k__seed43__cluster_block_order,sift_100k__seed71__cluster_block_order,RM-B2,80,5,CERTIFIED,0.012,0.012,0.0,0.030720864145366192,1008.972,1003.5,1588.55,0.7644556790868191,SEMANTIC_REPAIR
sift_100k,1,sift_100k__seed43__cluster_block_order,sift_100k__seed71__cluster_block_order,RM-B1,128,5,CERTIFIED,0.012,0.012,0.0,0.030720864145366192,1008.972,1003.5,1588.55,0.7644556790868191,SEMANTIC_REPAIR
sift_100k,1,sift_100k__seed43__cluster_block_order,sift_100k__seed71__cluster_block_order,RM-B2,128,5,CERTIFIED,0.012,0.012,0.0,0.030720864145366192,1008.972,1003.5,1588.55,0.7644556790868191,SEMANTIC_REPAIR
sift_100k,1,sift_100k__seed43__cluster_block_order,sift_100k__seed71__cluster_block_order,RM-B1,250,5,CERTIFIED,0.012,0.012,0.0,0.030720864145366192,1008.972,1003.5,1588.55,0.7644556790868191,SEMANTIC_REPAIR
sift_100k,1,sift_100k__seed43__cluster_block_order,sift_100k__seed71__cluster_block_order,RM-B2,250,5,CERTIFIED,0.012,0.012,0.0,0.030720864145366192,1008.972,1003.5,1588.55,0.7644556790868191,SEMANTIC_REPAIR
sift_100k,1,sift_100k__seed43__cluster_block_order,sift_100k__seed71__natural_source_order,RM-B1,80,5,CERTIFIED,0.012,0.008,0.004,0.030720864145366192,1035.864,994.0,1577.0999999999997,0.7586060324722175,SEMANTIC_REPAIR
sift_100k,1,sift_100k__seed43__cluster_block_order,sift_100k__seed71__natural_source_order,RM-B2,80,6,CERTIFIED,0.004,0.0,0.004,0.018833965611186224,1365.94,1337.5,2000.3999999999999,0.6816863256133051,SEMANTIC_REPAIR
sift_100k,1,sift_100k__seed43__cluster_block_order,sift_100k__seed71__natural_source_order,RM-B1,128,5,CERTIFIED,0.012,0.008,0.004,0.030720864145366192,1035.864,994.0,1577.0999999999997,0.7586060324722175,SEMANTIC_REPAIR
sift_100k,1,sift_100k__seed43__cluster_block_order,sift_100k__seed71__natural_source_order,RM-B2,128,8,CERTIFIED,0.004,0.0,0.004,0.018833965611186224,2258.792,2242.0,3410.3999999999996,0.4736193528300867,SEMANTIC_REPAIR
sift_100k,1,sift_100k__seed43__cluster_block_order,sift_100k__seed71__natural_source_order,RM-B1,250,5,CERTIFIED,0.012,0.008,0.004,0.030720864145366192,1035.864,994.0,1577.0999999999997,0.7586060324722175,SEMANTIC_REPAIR
sift_100k,1,sift_100k__seed43__cluster_block_order,sift_100k__seed71__natural_source_order,RM-B2,250,5,CERTIFIED,0.012,0.008,0.004,0.030720864145366192,1035.864,994.0,1577.0999999999997,0.7586060324722175,SEMANTIC_REPAIR
sift_100k,1,sift_100k__seed43__cluster_block_order,sift_100k__seed71__random,RM-B1,80,5,CERTIFIED,0.02,0.02,0.0,0.04158982878282098,1020.468,980.5,1561.75,0.7587386399099705,SEMANTIC_REPAIR
sift_100k,1,sift_100k__seed43__cluster_block_order,sift_100k__seed71__random,RM-B2,80,8,CERTIFIED,0.0,0.0,0.0,0.011911419714980633,2221.644,2177.5,3333.85,0.47475388441788113,SEMANTIC_REPAIR
sift_100k,1,sift_100k__seed43__cluster_block_order,sift_100k__seed71__random,RM-B1,128,5,CERTIFIED,0.02,0.02,0.0,0.04158982878282098,1020.468,980.5,1561.75,0.7587386399099705,SEMANTIC_REPAIR
sift_100k,1,sift_100k__seed43__cluster_block_order,sift_100k__seed71__random,RM-B2,128,7,CERTIFIED,0.0,0.0,0.0,0.011911419714980633,1700.54,1620.5,2664.1,0.5979544745278648,SEMANTIC_REPAIR
sift_100k,1,sift_100k__seed43__cluster_block_order,sift_100k__seed71__random,RM-B1,250,5,CERTIFIED,0.02,0.02,0.0,0.04158982878282098,1020.468,980.5,1561.75,0.7587386399099705,SEMANTIC_REPAIR
sift_100k,1,sift_100k__seed43__cluster_block_order,sift_100k__seed71__random,RM-B2,250,5,CERTIFIED,0.02,0.02,0.0,0.04158982878282098,1020.468,980.5,1561.75,0.7587386399099705,SEMANTIC_REPAIR
sift_100k,1,sift_100k__seed43__natural_source_order,sift_100k__seed43__cluster_block_order,RM-B1,80,6,CERTIFIED,0.0,0.0,0.0,0.011911419714980633,1296.48,1314.0,1649.6999999999998,0.6969104730093034,SEMANTIC_REPAIR
sift_100k,1,sift_100k__seed43__natural_source_order,sift_100k__seed43__cluster_block_order,RM-B2,80,5,CERTIFIED,0.012,0.012,0.0,0.030720864145366192,960.912,971.5,1210.9499999999998,0.7753591543566548,SEMANTIC_REPAIR
sift_100k,1,sift_100k__seed43__natural_source_order,sift_100k__seed43__cluster_block_order,RM-B1,128,6,CERTIFIED,0.0,0.0,0.0,0.011911419714980633,1296.48,1314.0,1649.6999999999998,0.6969104730093034,SEMANTIC_REPAIR
sift_100k,1,sift_100k__seed43__natural_source_order,sift_100k__seed43__cluster_block_order,RM-B2,128,6,CERTIFIED,0.0,0.0,0.0,0.011911419714980633,1296.48,1314.0,1649.6999999999998,0.6969104730093034,SEMANTIC_REPAIR
sift_100k,1,sift_100k__seed43__natural_source_order,sift_100k__seed43__cluster_block_order,RM-B1,250,5,CERTIFIED,0.012,0.012,0.0,0.030720864145366192,960.912,971.5,1210.9499999999998,0.7753591543566548,SEMANTIC_REPAIR
sift_100k,1,sift_100k__seed43__natural_source_order,sift_100k__seed43__cluster_block_order,RM-B2,250,5,CERTIFIED,0.012,0.012,0.0,0.030720864145366192,960.912,971.5,1210.9499999999998,0.7753591543566548,SEMANTIC_REPAIR
sift_100k,1,sift_100k__seed43__natural_source_order,sift_100k__seed43__random,RM-B1,80,6,CERTIFIED,0.004,0.004,0.0,0.018833965611186224,1286.396,1276.5,1616.55,0.6952641668016946,SEMANTIC_REPAIR
sift_100k,1,sift_100k__seed43__natural_source_order,sift_100k__seed43__random,RM-B2,80,8,CERTIFIED,0.0,0.0,0.0,0.011911419714980633,2140.432,2142.0,2742.9499999999994,0.49295059303331545,SEMANTIC_REPAIR
sift_100k,1,sift_100k__seed43__natural_source_order,sift_100k__seed43__random,RM-B1,128,6,CERTIFIED,0.004,0.004,0.0,0.018833965611186224,1286.396,1276.5,1616.55,0.6952641668016946,SEMANTIC_REPAIR
sift_100k,1,sift_100k__seed43__natural_source_order,sift_100k__seed43__random,RM-B2,128,7,CERTIFIED,0.0,0.0,0.0,0.011911419714980633,1598.26,1583.0,2009.1999999999998,0.6213863438882556,SEMANTIC_REPAIR
sift_100k,1,sift_100k__seed43__natural_source_order,sift_100k__seed43__random,RM-B1,250,5,CERTIFIED,0.02,0.02,0.0,0.04158982878282098,957.192,952.5,1218.9499999999998,0.7732496823289622,SEMANTIC_REPAIR
sift_100k,1,sift_100k__seed43__natural_source_order,sift_100k__seed43__random,RM-B2,250,5,CERTIFIED,0.02,0.02,0.0,0.04158982878282098,957.192,952.5,1218.9499999999998,0.7732496823289622,SEMANTIC_REPAIR
sift_100k,1,sift_100k__seed43__natural_source_order,sift_100k__seed59__cluster_block_order,RM-B1,80,6,CERTIFIED,0.0,0.0,0.0,0.011911419714980633,1370.216,1315.5,2113.4999999999895,0.6795068270657558,SEMANTIC_REPAIR
sift_100k,1,sift_100k__seed43__natural_source_order,sift_100k__seed59__cluster_block_order,RM-B2,80,6,CERTIFIED,0.0,0.0,0.0,0.011911419714980633,1370.216,1315.5,2113.4999999999895,0.6795068270657558,SEMANTIC_REPAIR
sift_100k,1,sift_100k__seed43__natural_source_order,sift_100k__seed59__cluster_block_order,RM-B1,128,6,CERTIFIED,0.0,0.0,0.0,0.011911419714980633,1370.216,1315.5,2113.4999999999895,0.6795068270657558,SEMANTIC_REPAIR
sift_100k,1,sift_100k__seed43__natural_source_order,sift_100k__seed59__cluster_block_order,RM-B2,128,6,CERTIFIED,0.0,0.0,0.0,0.011911419714980633,1370.216,1315.5,2113.4999999999895,0.6795068270657558,SEMANTIC_REPAIR
sift_100k,1,sift_100k__seed43__natural_source_order,sift_100k__seed59__cluster_block_order,RM-B1,250,5,CERTIFIED,0.012,0.012,0.0,0.030720864145366192,1016.256,975.0,1546.4999999999916,0.7622979807902818,SEMANTIC_REPAIR
sift_100k,1,sift_100k__seed43__natural_source_order,sift_100k__seed59__cluster_block_order,RM-B2,250,5,CERTIFIED,0.012,0.012,0.0,0.030720864145366192,1016.256,975.0,1546.4999999999916,0.7622979807902818,SEMANTIC_REPAIR
sift_100k,1,sift_100k__seed43__natural_source_order,sift_100k__seed59__natural_source_order,RM-B1,80,6,CERTIFIED,0.0,0.0,0.0,0.011911419714980633,1323.576,1326.5,1693.7999999999977,0.6910702848852299,SEMANTIC_REPAIR
sift_100k,1,sift_100k__seed43__natural_source_order,sift_100k__seed59__natural_source_order,RM-B2,80,6,CERTIFIED,0.0,0.0,0.0,0.011911419714980633,1323.576,1326.5,1693.7999999999977,0.6910702848852299,SEMANTIC_REPAIR
sift_100k,1,sift_100k__seed43__natural_source_order,sift_100k__seed59__natural_source_order,RM-B1,128,6,CERTIFIED,0.0,0.0,0.0,0.011911419714980633,1323.576,1326.5,1693.7999999999977,0.6910702848852299,SEMANTIC_REPAIR
sift_100k,1,sift_100k__seed43__natural_source_order,sift_100k__seed59__natural_source_order,RM-B2,128,7,CERTIFIED,0.0,0.0,0.0,0.011911419714980633,1644.016,1626.5,2114.7499999999977,0.6162778756005519,SEMANTIC_REPAIR
sift_100k,1,sift_100k__seed43__natural_source_order,sift_100k__seed59__natural_source_order,RM-B1,250,5,CERTIFIED,0.008,0.008,0.0,0.02496768176927198,982.768,976.5,1251.5499999999986,0.770616694270739,SEMANTIC_REPAIR
sift_100k,1,sift_100k__seed43__natural_source_order,sift_100k__seed59__natural_source_order,RM-B2,250,6,CERTIFIED,0.0,0.0,0.0,0.011911419714980633,1323.576,1326.5,1693.7999999999977,0.6910702848852299,SEMANTIC_REPAIR
sift_100k,1,sift_100k__seed43__natural_source_order,sift_100k__seed59__random,RM-B1,80,6,CERTIFIED,0.004,0.004,0.0,0.018833965611186224,1300.468,1284.0,1635.85,0.6921389213210347,SEMANTIC_REPAIR
sift_100k,1,sift_100k__seed43__natural_source_order,sift_100k__seed59__random,RM-B2,80,8,CERTIFIED,0.0,0.0,0.0,0.011911419714980633,2153.248,2151.0,2760.4499999999994,0.4902594666356075,SEMANTIC_REPAIR
sift_100k,1,sift_100k__seed43__natural_source_order,sift_100k__seed59__random,RM-B1,128,6,CERTIFIED,0.004,0.004,0.0,0.018833965611186224,1300.468,1284.0,1635.85,0.6921389213210347,SEMANTIC_REPAIR
sift_100k,1,sift_100k__seed43__natural_source_order,sift_100k__seed59__random,RM-B2,128,7,CERTIFIED,0.0,0.0,0.0,0.011911419714980633,1611.908,1600.5,2037.449999999999,0.6184114214180945,SEMANTIC_REPAIR
sift_100k,1,sift_100k__seed43__natural_source_order,sift_100k__seed59__random,RM-B1,250,5,CERTIFIED,0.02,0.02,0.0,0.04158982878282098,965.52,955.0,1196.6499999999999,0.7714314933653772,SEMANTIC_REPAIR
sift_100k,1,sift_100k__seed43__natural_source_order,sift_100k__seed59__random,RM-B2,250,5,CERTIFIED,0.02,0.02,0.0,0.04158982878282098,965.52,955.0,1196.6499999999999,0.7714314933653772,SEMANTIC_REPAIR
sift_100k,1,sift_100k__seed43__natural_source_order,sift_100k__seed71__cluster_block_order,RM-B1,80,6,CERTIFIED,0.0,0.0,0.0,0.011911419714980633,1358.928,1332.0,2362.0999999999995,0.6827585176497393,SEMANTIC_REPAIR
sift_100k,1,sift_100k__seed43__natural_source_order,sift_100k__seed71__cluster_block_order,RM-B2,80,6,CERTIFIED,0.0,0.0,0.0,0.011911419714980633,1358.928,1332.0,2362.0999999999995,0.6827585176497393,SEMANTIC_REPAIR
sift_100k,1,sift_100k__seed43__natural_source_order,sift_100k__seed71__cluster_block_order,RM-B1,128,6,CERTIFIED,0.0,0.0,0.0,0.011911419714980633,1358.928,1332.0,2362.0999999999995,0.6827585176497393,SEMANTIC_REPAIR
sift_100k,1,sift_100k__seed43__natural_source_order,sift_100k__seed71__cluster_block_order,RM-B2,128,6,CERTIFIED,0.0,0.0,0.0,0.011911419714980633,1358.928,1332.0,2362.0999999999995,0.6827585176497393,SEMANTIC_REPAIR
sift_100k,1,sift_100k__seed43__natural_source_order,sift_100k__seed71__cluster_block_order,RM-B1,250,5,CERTIFIED,0.016,0.016,0.0,0.03623796513686767,1006.316,982.5,1705.0999999999997,0.7650757217801202,SEMANTIC_REPAIR
sift_100k,1,sift_100k__seed43__natural_source_order,sift_100k__seed71__cluster_block_order,RM-B2,250,5,CERTIFIED,0.016,0.016,0.0,0.03623796513686767,1006.316,982.5,1705.0999999999997,0.7650757217801202,SEMANTIC_REPAIR
sift_100k,1,sift_100k__seed43__natural_source_order,sift_100k__seed71__natural_source_order,RM-B1,80,6,CERTIFIED,0.004,0.0,0.004,0.018833965611186224,1383.46,1326.0,2417.099999999994,0.6776035287296536,SEMANTIC_REPAIR
sift_100k,1,sift_100k__seed43__natural_source_order,sift_100k__seed71__natural_source_order,RM-B2,80,6,CERTIFIED,0.004,0.0,0.004,0.018833965611186224,1383.46,1326.0,2417.099999999994,0.6776035287296536,SEMANTIC_REPAIR
sift_100k,1,sift_100k__seed43__natural_source_order,sift_100k__seed71__natural_source_order,RM-B1,128,6,CERTIFIED,0.004,0.0,0.004,0.018833965611186224,1383.46,1326.0,2417.099999999994,0.6776035287296536,SEMANTIC_REPAIR
sift_100k,1,sift_100k__seed43__natural_source_order,sift_100k__seed71__natural_source_order,RM-B2,128,8,CERTIFIED,0.004,0.0,0.004,0.018833965611186224,2253.868,2196.0,4052.9499999999894,0.47476682382638236,SEMANTIC_REPAIR
sift_100k,1,sift_100k__seed43__natural_source_order,sift_100k__seed71__natural_source_order,RM-B1,250,5,CERTIFIED,0.012,0.008,0.004,0.030720864145366192,1029.792,978.0,1744.6499999999971,0.760021029200387,SEMANTIC_REPAIR
sift_100k,1,sift_100k__seed43__natural_source_order,sift_100k__seed71__natural_source_order,RM-B2,250,6,CERTIFIED,0.004,0.0,0.004,0.018833965611186224,1383.46,1326.0,2417.099999999994,0.6776035287296536,SEMANTIC_REPAIR
sift_100k,1,sift_100k__seed43__natural_source_order,sift_100k__seed71__random,RM-B1,80,6,CERTIFIED,0.004,0.004,0.0,0.018833965611186224,1350.392,1297.5,2105.9999999999986,0.6807372592039189,SEMANTIC_REPAIR
sift_100k,1,sift_100k__seed43__natural_source_order,sift_100k__seed71__random,RM-B2,80,8,CERTIFIED,0.0,0.0,0.0,0.011911419714980633,2198.924,2170.0,3599.2499999999945,0.48012539837152346,SEMANTIC_REPAIR
sift_100k,1,sift_100k__seed43__natural_source_order,sift_100k__seed71__random,RM-B1,128,6,CERTIFIED,0.004,0.004,0.0,0.018833965611186224,1350.392,1297.5,2105.9999999999986,0.6807372592039189,SEMANTIC_REPAIR
sift_100k,1,sift_100k__seed43__natural_source_order,sift_100k__seed71__random,RM-B2,128,7,CERTIFIED,0.0,0.0,0.0,0.011911419714980633,1667.656,1606.0,2614.249999999997,0.605728984424501,SEMANTIC_REPAIR
sift_100k,1,sift_100k__seed43__natural_source_order,sift_100k__seed71__random,RM-B1,250,5,CERTIFIED,0.02,0.02,0.0,0.04158982878282098,1003.756,964.0,1521.1999999999994,0.7626897288709418,SEMANTIC_REPAIR
sift_100k,1,sift_100k__seed43__natural_source_order,sift_100k__seed71__random,RM-B2,250,5,CERTIFIED,0.02,0.02,0.0,0.04158982878282098,1003.756,964.0,1521.1999999999994,0.7626897288709418,SEMANTIC_REPAIR
sift_100k,1,sift_100k__seed43__random,sift_100k__seed43__cluster_block_order,RM-B1,80,5,CERTIFIED,0.008,0.008,0.0,0.02496768176927198,992.264,973.0,1591.75,0.768029721700376,SEMANTIC_REPAIR
sift_100k,1,sift_100k__seed43__random,sift_100k__seed43__cluster_block_order,RM-B2,80,5,CERTIFIED,0.008,0.008,0.0,0.02496768176927198,992.264,973.0,1591.75,0.768029721700376,SEMANTIC_REPAIR
sift_100k,1,sift_100k__seed43__random,sift_100k__seed43__cluster_block_order,RM-B1,128,5,CERTIFIED,0.008,0.008,0.0,0.02496768176927198,992.264,973.0,1591.75,0.768029721700376,SEMANTIC_REPAIR
sift_100k,1,sift_100k__seed43__random,sift_100k__seed43__cluster_block_order,RM-B2,128,6,CERTIFIED,0.0,0.0,0.0,0.011911419714980633,1329.924,1315.5,2015.6999999999998,0.6890919751221962,SEMANTIC_REPAIR
sift_100k,1,sift_100k__seed43__random,sift_100k__seed43__cluster_block_order,RM-B1,250,5,CERTIFIED,0.008,0.008,0.0,0.02496768176927198,992.264,973.0,1591.75,0.768029721700376,SEMANTIC_REPAIR
sift_100k,1,sift_100k__seed43__random,sift_100k__seed43__cluster_block_order,RM-B2,250,5,CERTIFIED,0.008,0.008,0.0,0.02496768176927198,992.264,973.0,1591.75,0.768029721700376,SEMANTIC_REPAIR
sift_100k,1,sift_100k__seed43__random,sift_100k__seed43__natural_source_order,RM-B1,80,5,CERTIFIED,0.012,0.008,0.004,0.030720864145366192,986.08,968.5,1485.3999999999992,0.7697348756575801,SEMANTIC_REPAIR
sift_100k,1,sift_100k__seed43__random,sift_100k__seed43__natural_source_order,RM-B2,80,6,CERTIFIED,0.004,0.0,0.004,0.018833965611186224,1316.372,1317.0,1831.7499999999993,0.6926065205045433,SEMANTIC_REPAIR
sift_100k,1,sift_100k__seed43__random,sift_100k__seed43__natural_source_order,RM-B1,128,5,CERTIFIED,0.012,0.008,0.004,0.030720864145366192,986.08,968.5,1485.3999999999992,0.7697348756575801,SEMANTIC_REPAIR
sift_100k,1,sift_100k__seed43__random,sift_100k__seed43__natural_source_order,RM-B2,128,7,CERTIFIED,0.004,0.0,0.004,0.018833965611186224,1644.78,1621.5,2543.149999999999,0.6159181088593975,SEMANTIC_REPAIR
sift_100k,1,sift_100k__seed43__random,sift_100k__seed43__natural_source_order,RM-B1,250,5,CERTIFIED,0.012,0.008,0.004,0.030720864145366192,986.08,968.5,1485.3999999999992,0.7697348756575801,SEMANTIC_REPAIR
sift_100k,1,sift_100k__seed43__random,sift_100k__seed43__natural_source_order,RM-B2,250,5,CERTIFIED,0.012,0.008,0.004,0.030720864145366192,986.08,968.5,1485.3999999999992,0.7697348756575801,SEMANTIC_REPAIR
sift_100k,1,sift_100k__seed43__random,sift_100k__seed59__cluster_block_order,RM-B1,80,5,CERTIFIED,0.012,0.012,0.0,0.030720864145366192,1043.26,976.0,1790.4999999999995,0.7559817520774975,SEMANTIC_REPAIR
sift_100k,1,sift_100k__seed43__random,sift_100k__seed59__cluster_block_order,RM-B2,80,5,CERTIFIED,0.012,0.012,0.0,0.030720864145366192,1043.26,976.0,1790.4999999999995,0.7559817520774975,SEMANTIC_REPAIR
sift_100k,1,sift_100k__seed43__random,sift_100k__seed59__cluster_block_order,RM-B1,128,5,CERTIFIED,0.012,0.012,0.0,0.030720864145366192,1043.26,976.0,1790.4999999999995,0.7559817520774975,SEMANTIC_REPAIR
sift_100k,1,sift_100k__seed43__random,sift_100k__seed59__cluster_block_order,RM-B2,128,6,CERTIFIED,0.0,0.0,0.0,0.011911419714980633,1390.808,1319.5,2410.649999999998,0.6746903635176276,SEMANTIC_REPAIR
sift_100k,1,sift_100k__seed43__random,sift_100k__seed59__cluster_block_order,RM-B1,250,5,CERTIFIED,0.012,0.012,0.0,0.030720864145366192,1043.26,976.0,1790.4999999999995,0.7559817520774975,SEMANTIC_REPAIR
sift_100k,1,sift_100k__seed43__random,sift_100k__seed59__cluster_block_order,RM-B2,250,5,CERTIFIED,0.012,0.012,0.0,0.030720864145366192,1043.26,976.0,1790.4999999999995,0.7559817520774975,SEMANTIC_REPAIR
sift_100k,1,sift_100k__seed43__random,sift_100k__seed59__natural_source_order,RM-B1,80,5,CERTIFIED,0.012,0.012,0.0,0.030720864145366192,1049.492,979.5,1885.0999999999983,0.7550429559199998,SEMANTIC_REPAIR
sift_100k,1,sift_100k__seed43__random,sift_100k__seed59__natural_source_order,RM-B2,80,6,CERTIFIED,0.0,0.0,0.0,0.011911419714980633,1399.148,1331.5,2556.6,0.6734313760272169,SEMANTIC_REPAIR
sift_100k,1,sift_100k__seed43__random,sift_100k__seed59__natural_source_order,RM-B1,128,5,CERTIFIED,0.012,0.012,0.0,0.030720864145366192,1049.492,979.5,1885.0999999999983,0.7550429559199998,SEMANTIC_REPAIR
sift_100k,1,sift_100k__seed43__random,sift_100k__seed59__natural_source_order,RM-B2,128,7,CERTIFIED,0.0,0.0,0.0,0.011911419714980633,1726.672,1634.0,3182.6499999999996,0.5969855232667786,SEMANTIC_REPAIR
sift_100k,1,sift_100k__seed43__random,sift_100k__seed59__natural_source_order,RM-B1,250,5,CERTIFIED,0.012,0.012,0.0,0.030720864145366192,1049.492,979.5,1885.0999999999983,0.7550429559199998,SEMANTIC_REPAIR
sift_100k,1,sift_100k__seed43__random,sift_100k__seed59__natural_source_order,RM-B2,250,5,CERTIFIED,0.012,0.012,0.0,0.030720864145366192,1049.492,979.5,1885.0999999999983,0.7550429559199998,SEMANTIC_REPAIR
sift_100k,1,sift_100k__seed43__random,sift_100k__seed59__random,RM-B1,80,5,CERTIFIED,0.028,0.028,0.0,0.05194700438197347,985.988,961.0,1540.599999999999,0.7665860834372582,SEMANTIC_REPAIR
sift_100k,1,sift_100k__seed43__random,sift_100k__seed59__random,RM-B2,80,8,CERTIFIED,0.0,0.0,0.0,0.011911419714980633,2179.38,2159.5,3460.699999999999,0.48407321237326606,SEMANTIC_REPAIR
sift_100k,1,sift_100k__seed43__random,sift_100k__seed59__random,RM-B1,128,5,CERTIFIED,0.028,0.028,0.0,0.05194700438197347,985.988,961.0,1540.599999999999,0.7665860834372582,SEMANTIC_REPAIR
sift_100k,1,sift_100k__seed43__random,sift_100k__seed59__random,RM-B2,128,7,CERTIFIED,0.0,0.0,0.0,0.011911419714980633,1631.44,1607.0,2659.2499999999995,0.6137875916977494,SEMANTIC_REPAIR
sift_100k,1,sift_100k__seed43__random,sift_100k__seed59__random,RM-B1,250,5,CERTIFIED,0.028,0.028,0.0,0.05194700438197347,985.988,961.0,1540.599999999999,0.7665860834372582,SEMANTIC_REPAIR
sift_100k,1,sift_100k__seed43__random,sift_100k__seed59__random,RM-B2,250,5,CERTIFIED,0.028,0.028,0.0,0.05194700438197347,985.988,961.0,1540.599999999999,0.7665860834372582,SEMANTIC_REPAIR
sift_100k,1,sift_100k__seed43__random,sift_100k__seed71__cluster_block_order,RM-B1,80,5,CERTIFIED,0.016,0.016,0.0,0.03623796513686767,1006.24,982.5,1727.2499999999973,0.7650934639656213,SEMANTIC_REPAIR
sift_100k,1,sift_100k__seed43__random,sift_100k__seed71__cluster_block_order,RM-B2,80,5,CERTIFIED,0.016,0.016,0.0,0.03623796513686767,1006.24,982.5,1727.2499999999973,0.7650934639656213,SEMANTIC_REPAIR
sift_100k,1,sift_100k__seed43__random,sift_100k__seed71__cluster_block_order,RM-B1,128,5,CERTIFIED,0.016,0.016,0.0,0.03623796513686767,1006.24,982.5,1727.2499999999973,0.7650934639656213,SEMANTIC_REPAIR
sift_100k,1,sift_100k__seed43__random,sift_100k__seed71__cluster_block_order,RM-B2,128,6,CERTIFIED,0.0,0.0,0.0,0.011911419714980633,1345.32,1332.0,2338.999999999998,0.6859353026536708,SEMANTIC_REPAIR
sift_100k,1,sift_100k__seed43__random,sift_100k__seed71__cluster_block_order,RM-B1,250,5,CERTIFIED,0.016,0.016,0.0,0.03623796513686767,1006.24,982.5,1727.2499999999973,0.7650934639656213,SEMANTIC_REPAIR
sift_100k,1,sift_100k__seed43__random,sift_100k__seed71__cluster_block_order,RM-B2,250,5,CERTIFIED,0.016,0.016,0.0,0.03623796513686767,1006.24,982.5,1727.2499999999973,0.7650934639656213,SEMANTIC_REPAIR
sift_100k,1,sift_100k__seed43__random,sift_100k__seed71__natural_source_order,RM-B1,80,5,CERTIFIED,0.012,0.008,0.004,0.030720864145366192,1081.312,978.0,2037.799999999999,0.7480149963553115,SEMANTIC_REPAIR
sift_100k,1,sift_100k__seed43__random,sift_100k__seed71__natural_source_order,RM-B2,80,6,CERTIFIED,0.004,0.0,0.004,0.018833965611186224,1435.392,1326.0,2767.0499999999993,0.6655014849076337,SEMANTIC_REPAIR
sift_100k,1,sift_100k__seed43__random,sift_100k__seed71__natural_source_order,RM-B1,128,5,CERTIFIED,0.012,0.008,0.004,0.030720864145366192,1081.312,978.0,2037.799999999999,0.7480149963553115,SEMANTIC_REPAIR
sift_100k,1,sift_100k__seed43__random,sift_100k__seed71__natural_source_order,RM-B2,128,8,CERTIFIED,0.004,0.0,0.004,0.018833965611186224,2307.672,2196.0,4552.65,0.46222853595378055,SEMANTIC_REPAIR
sift_100k,1,sift_100k__seed43__random,sift_100k__seed71__natural_source_order,RM-B1,250,5,CERTIFIED,0.012,0.008,0.004,0.030720864145366192,1081.312,978.0,2037.799999999999,0.7480149963553115,SEMANTIC_REPAIR
sift_100k,1,sift_100k__seed43__random,sift_100k__seed71__natural_source_order,RM-B2,250,5,CERTIFIED,0.012,0.008,0.004,0.030720864145366192,1081.312,978.0,2037.799999999999,0.7480149963553115,SEMANTIC_REPAIR
sift_100k,1,sift_100k__seed43__random,sift_100k__seed71__random,RM-B1,80,5,CERTIFIED,0.02,0.02,0.0,0.04158982878282098,1018.892,964.0,1873.3999999999992,0.7591112414060506,SEMANTIC_REPAIR
sift_100k,1,sift_100k__seed43__random,sift_100k__seed71__random,RM-B2,80,8,CERTIFIED,0.0,0.0,0.0,0.011911419714980633,2246.88,2170.0,4157.749999999997,0.4687875320352175,SEMANTIC_REPAIR
sift_100k,1,sift_100k__seed43__random,sift_100k__seed71__random,RM-B1,128,5,CERTIFIED,0.02,0.02,0.0,0.04158982878282098,1018.892,964.0,1873.3999999999992,0.7591112414060506,SEMANTIC_REPAIR
sift_100k,1,sift_100k__seed43__random,sift_100k__seed71__random,RM-B2,128,7,CERTIFIED,0.0,0.0,0.0,0.011911419714980633,1684.116,1601.5,3112.399999999999,0.6018374738753394,SEMANTIC_REPAIR
sift_100k,1,sift_100k__seed43__random,sift_100k__seed71__random,RM-B1,250,5,CERTIFIED,0.02,0.02,0.0,0.04158982878282098,1018.892,964.0,1873.3999999999992,0.7591112414060506,SEMANTIC_REPAIR
sift_100k,1,sift_100k__seed43__random,sift_100k__seed71__random,RM-B2,250,5,CERTIFIED,0.02,0.02,0.0,0.04158982878282098,1018.892,964.0,1873.3999999999992,0.7591112414060506,SEMANTIC_REPAIR
sift_100k,1,sift_100k__seed59__cluster_block_order,sift_100k__seed43__cluster_block_order,RM-B1,80,5,CERTIFIED,0.012,0.012,0.0,0.030720864145366192,974.756,973.0,1523.2499999999998,0.7721227207736769,SEMANTIC_REPAIR
sift_100k,1,sift_100k__seed59__cluster_block_order,sift_100k__seed43__cluster_block_order,RM-B2,80,5,CERTIFIED,0.012,0.012,0.0,0.030720864145366192,974.756,973.0,1523.2499999999998,0.7721227207736769,SEMANTIC_REPAIR
sift_100k,1,sift_100k__seed59__cluster_block_order,sift_100k__seed43__cluster_block_order,RM-B1,128,6,CERTIFIED,0.0,0.0,0.0,0.011911419714980633,1300.868,1315.5,1928.1999999999998,0.6958846516742769,SEMANTIC_REPAIR
sift_100k,1,sift_100k__seed59__cluster_block_order,sift_100k__seed43__cluster_block_order,RM-B2,128,6,CERTIFIED,0.0,0.0,0.0,0.011911419714980633,1300.868,1315.5,1928.1999999999998,0.6958846516742769,SEMANTIC_REPAIR
sift_100k,1,sift_100k__seed59__cluster_block_order,sift_100k__seed43__cluster_block_order,RM-B1,250,5,CERTIFIED,0.012,0.012,0.0,0.030720864145366192,974.756,973.0,1523.2499999999998,0.7721227207736769,SEMANTIC_REPAIR
sift_100k,1,sift_100k__seed59__cluster_block_order,sift_100k__seed43__cluster_block_order,RM-B2,250,5,CERTIFIED,0.012,0.012,0.0,0.030720864145366192,974.756,973.0,1523.2499999999998,0.7721227207736769,SEMANTIC_REPAIR
sift_100k,1,sift_100k__seed59__cluster_block_order,sift_100k__seed43__natural_source_order,RM-B1,80,5,CERTIFIED,0.012,0.008,0.004,0.030720864145366192,982.916,967.5,1584.4999999999998,0.7704737192132951,SEMANTIC_REPAIR
sift_100k,1,sift_100k__seed59__cluster_block_order,sift_100k__seed43__natural_source_order,RM-B2,80,6,CERTIFIED,0.004,0.0,0.004,0.018833965611186224,1315.008,1315.5,1986.4499999999996,0.6929250358680057,SEMANTIC_REPAIR
sift_100k,1,sift_100k__seed59__cluster_block_order,sift_100k__seed43__natural_source_order,RM-B1,128,6,CERTIFIED,0.004,0.0,0.004,0.018833965611186224,1315.008,1315.5,1986.4499999999996,0.6929250358680057,SEMANTIC_REPAIR
sift_100k,1,sift_100k__seed59__cluster_block_order,sift_100k__seed43__natural_source_order,RM-B2,128,7,CERTIFIED,0.004,0.0,0.004,0.018833965611186224,1647.2,1617.0,2739.9999999999986,0.6153530009564802,SEMANTIC_REPAIR
sift_100k,1,sift_100k__seed59__cluster_block_order,sift_100k__seed43__natural_source_order,RM-B1,250,5,CERTIFIED,0.012,0.008,0.004,0.030720864145366192,982.916,967.5,1584.4999999999998,0.7704737192132951,SEMANTIC_REPAIR
sift_100k,1,sift_100k__seed59__cluster_block_order,sift_100k__seed43__natural_source_order,RM-B2,250,5,CERTIFIED,0.012,0.008,0.004,0.030720864145366192,982.916,967.5,1584.4999999999998,0.7704737192132951,SEMANTIC_REPAIR
sift_100k,1,sift_100k__seed59__cluster_block_order,sift_100k__seed43__random,RM-B1,80,5,CERTIFIED,0.02,0.02,0.0,0.04158982878282098,960.6,956.0,1512.6999999999998,0.7724423572754485,SEMANTIC_REPAIR
sift_100k,1,sift_100k__seed59__cluster_block_order,sift_100k__seed43__random,RM-B2,80,8,CERTIFIED,0.0,0.0,0.0,0.011911419714980633,2147.2,2148.5,3265.2,0.4913473137016896,SEMANTIC_REPAIR
sift_100k,1,sift_100k__seed59__cluster_block_order,sift_100k__seed43__random,RM-B1,128,6,CERTIFIED,0.0,0.0,0.0,0.011911419714980633,1278.172,1290.5,1902.6499999999999,0.6972123596538358,SEMANTIC_REPAIR
sift_100k,1,sift_100k__seed59__cluster_block_order,sift_100k__seed43__random,RM-B2,128,6,CERTIFIED,0.0,0.0,0.0,0.011911419714980633,1278.172,1290.5,1902.6499999999999,0.6972123596538358,SEMANTIC_REPAIR
sift_100k,1,sift_100k__seed59__cluster_block_order,sift_100k__seed43__random,RM-B1,250,5,CERTIFIED,0.02,0.02,0.0,0.04158982878282098,960.6,956.0,1512.6999999999998,0.7724423572754485,SEMANTIC_REPAIR
sift_100k,1,sift_100k__seed59__cluster_block_order,sift_100k__seed43__random,RM-B2,250,5,CERTIFIED,0.02,0.02,0.0,0.04158982878282098,960.6,956.0,1512.6999999999998,0.7724423572754485,SEMANTIC_REPAIR
sift_100k,1,sift_100k__seed59__cluster_block_order,sift_100k__seed59__natural_source_order,RM-B1,80,5,CERTIFIED,0.008,0.008,0.0,0.02496768176927198,989.432,978.0,1555.6999999999998,0.769061281040577,SEMANTIC_REPAIR
sift_100k,1,sift_100k__seed59__cluster_block_order,sift_100k__seed59__natural_source_order,RM-B2,80,6,CERTIFIED,0.0,0.0,0.0,0.011911419714980633,1316.428,1329.5,1956.1999999999998,0.6927386663031767,SEMANTIC_REPAIR
sift_100k,1,sift_100k__seed59__cluster_block_order,sift_100k__seed59__natural_source_order,RM-B1,128,6,CERTIFIED,0.0,0.0,0.0,0.011911419714980633,1316.428,1329.5,1956.1999999999998,0.6927386663031767,SEMANTIC_REPAIR
sift_100k,1,sift_100k__seed59__cluster_block_order,sift_100k__seed59__natural_source_order,RM-B2,128,7,CERTIFIED,0.0,0.0,0.0,0.011911419714980633,1657.968,1626.5,2701.5,0.6130214042039104,SEMANTIC_REPAIR
sift_100k,1,sift_100k__seed59__cluster_block_order,sift_100k__seed59__natural_source_order,RM-B1,250,5,CERTIFIED,0.008,0.008,0.0,0.02496768176927198,989.432,978.0,1555.6999999999998,0.769061281040577,SEMANTIC_REPAIR
sift_100k,1,sift_100k__seed59__cluster_block_order,sift_100k__seed59__natural_source_order,RM-B2,250,5,CERTIFIED,0.008,0.008,0.0,0.02496768176927198,989.432,978.0,1555.6999999999998,0.769061281040577,SEMANTIC_REPAIR
sift_100k,1,sift_100k__seed59__cluster_block_order,sift_100k__seed59__random,RM-B1,80,5,CERTIFIED,0.028,0.028,0.0,0.05194700438197347,959.896,968.0,1478.3,0.7727628684599512,SEMANTIC_REPAIR
sift_100k,1,sift_100k__seed59__cluster_block_order,sift_100k__seed59__random,RM-B2,80,8,CERTIFIED,0.0,0.0,0.0,0.011911419714980633,2140.012,2159.5,3148.95,0.4933928380352842,SEMANTIC_REPAIR
sift_100k,1,sift_100k__seed59__cluster_block_order,sift_100k__seed59__random,RM-B1,128,6,CERTIFIED,0.004,0.004,0.0,0.018833965611186224,1277.416,1293.0,1861.1499999999992,0.6975960441304445,SEMANTIC_REPAIR
sift_100k,1,sift_100k__seed59__cluster_block_order,sift_100k__seed59__random,RM-B2,128,7,CERTIFIED,0.0,0.0,0.0,0.011911419714980633,1604.648,1609.0,2536.4999999999995,0.6201300884142906,SEMANTIC_REPAIR
sift_100k,1,sift_100k__seed59__cluster_block_order,sift_100k__seed59__random,RM-B1,250,5,CERTIFIED,0.028,0.028,0.0,0.05194700438197347,959.896,968.0,1478.3,0.7727628684599512,SEMANTIC_REPAIR
sift_100k,1,sift_100k__seed59__cluster_block_order,sift_100k__seed59__random,RM-B2,250,5,CERTIFIED,0.028,0.028,0.0,0.05194700438197347,959.896,968.0,1478.3,0.7727628684599512,SEMANTIC_REPAIR
sift_100k,1,sift_100k__seed59__cluster_block_order,sift_100k__seed71__cluster_block_order,RM-B1,80,5,CERTIFIED,0.012,0.012,0.0,0.030720864145366192,988.536,982.5,1591.75,0.7692264593881374,SEMANTIC_REPAIR
sift_100k,1,sift_100k__seed59__cluster_block_order,sift_100k__seed71__cluster_block_order,RM-B2,80,5,CERTIFIED,0.012,0.012,0.0,0.030720864145366192,988.536,982.5,1591.75,0.7692264593881374,SEMANTIC_REPAIR
sift_100k,1,sift_100k__seed59__cluster_block_order,sift_100k__seed71__cluster_block_order,RM-B1,128,6,CERTIFIED,0.0,0.0,0.0,0.011911419714980633,1313.404,1332.0,2009.55,0.6933860867648899,SEMANTIC_REPAIR
sift_100k,1,sift_100k__seed59__cluster_block_order,sift_100k__seed71__cluster_block_order,RM-B2,128,6,CERTIFIED,0.0,0.0,0.0,0.011911419714980633,1313.404,1332.0,2009.55,0.6933860867648899,SEMANTIC_REPAIR
sift_100k,1,sift_100k__seed59__cluster_block_order,sift_100k__seed71__cluster_block_order,RM-B1,250,5,CERTIFIED,0.012,0.012,0.0,0.030720864145366192,988.536,982.5,1591.75,0.7692264593881374,SEMANTIC_REPAIR
sift_100k,1,sift_100k__seed59__cluster_block_order,sift_100k__seed71__cluster_block_order,RM-B2,250,5,CERTIFIED,0.012,0.012,0.0,0.030720864145366192,988.536,982.5,1591.75,0.7692264593881374,SEMANTIC_REPAIR
sift_100k,1,sift_100k__seed59__cluster_block_order,sift_100k__seed71__natural_source_order,RM-B1,80,5,CERTIFIED,0.012,0.008,0.004,0.030720864145366192,1015.916,978.5,1631.3999999999999,0.7632546416180552,SEMANTIC_REPAIR
sift_100k,1,sift_100k__seed59__cluster_block_order,sift_100k__seed71__natural_source_order,RM-B2,80,6,CERTIFIED,0.004,0.0,0.004,0.018833965611186224,1354.4,1326.0,2056.7,0.6843755651131531,SEMANTIC_REPAIR
sift_100k,1,sift_100k__seed59__cluster_block_order,sift_100k__seed71__natural_source_order,RM-B1,128,6,CERTIFIED,0.004,0.0,0.004,0.018833965611186224,1354.4,1326.0,2056.7,0.6843755651131531,SEMANTIC_REPAIR
sift_100k,1,sift_100k__seed59__cluster_block_order,sift_100k__seed71__natural_source_order,RM-B2,128,8,CERTIFIED,0.004,0.0,0.004,0.018833965611186224,2237.616,2196.0,3540.2,0.4785541306159431,SEMANTIC_REPAIR
sift_100k,1,sift_100k__seed59__cluster_block_order,sift_100k__seed71__natural_source_order,RM-B1,250,5,CERTIFIED,0.012,0.008,0.004,0.030720864145366192,1015.916,978.5,1631.3999999999999,0.7632546416180552,SEMANTIC_REPAIR
sift_100k,1,sift_100k__seed59__cluster_block_order,sift_100k__seed71__natural_source_order,RM-B2,250,5,CERTIFIED,0.012,0.008,0.004,0.030720864145366192,1015.916,978.5,1631.3999999999999,0.7632546416180552,SEMANTIC_REPAIR
sift_100k,1,sift_100k__seed59__cluster_block_order,sift_100k__seed71__random,RM-B1,80,5,CERTIFIED,0.02,0.02,0.0,0.04158982878282098,981.86,966.5,1561.75,0.767866430874857,SEMANTIC_REPAIR
sift_100k,1,sift_100k__seed59__cluster_block_order,sift_100k__seed71__random,RM-B2,80,8,CERTIFIED,0.0,0.0,0.0,0.011911419714980633,2173.064,2173.5,3333.85,0.48623927825009705,SEMANTIC_REPAIR
sift_100k,1,sift_100k__seed59__cluster_block_order,sift_100k__seed71__random,RM-B1,128,6,CERTIFIED,0.004,0.004,0.0,0.018833965611186224,1299.62,1301.0,1958.9499999999998,0.6927408906499721,SEMANTIC_REPAIR
sift_100k,1,sift_100k__seed59__cluster_block_order,sift_100k__seed71__random,RM-B2,128,7,CERTIFIED,0.0,0.0,0.0,0.011911419714980633,1636.416,1606.0,2676.5499999999997,0.6131148161107591,SEMANTIC_REPAIR
sift_100k,1,sift_100k__seed59__cluster_block_order,sift_100k__seed71__random,RM-B1,250,5,CERTIFIED,0.02,0.02,0.0,0.04158982878282098,981.86,966.5,1561.75,0.767866430874857,SEMANTIC_REPAIR
sift_100k,1,sift_100k__seed59__cluster_block_order,sift_100k__seed71__random,RM-B2,250,5,CERTIFIED,0.02,0.02,0.0,0.04158982878282098,981.86,966.5,1561.75,0.767866430874857,SEMANTIC_REPAIR
sift_100k,1,sift_100k__seed59__natural_source_order,sift_100k__seed43__cluster_block_order,RM-B1,80,6,CERTIFIED,0.0,0.0,0.0,0.011911419714980633,1247.02,1312.5,1604.0,0.7084731720134994,SEMANTIC_REPAIR
sift_100k,1,sift_100k__seed59__natural_source_order,sift_100k__seed43__cluster_block_order,RM-B2,80,6,CERTIFIED,0.0,0.0,0.0,0.011911419714980633,1247.02,1312.5,1604.0,0.7084731720134994,SEMANTIC_REPAIR
sift_100k,1,sift_100k__seed59__natural_source_order,sift_100k__seed43__cluster_block_order,RM-B1,128,6,CERTIFIED,0.0,0.0,0.0,0.011911419714980633,1247.02,1312.5,1604.0,0.7084731720134994,SEMANTIC_REPAIR
sift_100k,1,sift_100k__seed59__natural_source_order,sift_100k__seed43__cluster_block_order,RM-B2,128,6,CERTIFIED,0.0,0.0,0.0,0.011911419714980633,1247.02,1312.5,1604.0,0.7084731720134994,SEMANTIC_REPAIR
sift_100k,1,sift_100k__seed59__natural_source_order,sift_100k__seed43__cluster_block_order,RM-B1,250,5,CERTIFIED,0.012,0.012,0.0,0.030720864145366192,924.756,969.0,1185.85,0.7838116603250274,SEMANTIC_REPAIR
sift_100k,1,sift_100k__seed59__natural_source_order,sift_100k__seed43__cluster_block_order,RM-B2,250,6,CERTIFIED,0.0,0.0,0.0,0.011911419714980633,1247.02,1312.5,1604.0,0.7084731720134994,SEMANTIC_REPAIR
sift_100k,1,sift_100k__seed59__natural_source_order,sift_100k__seed43__natural_source_order,RM-B1,80,6,CERTIFIED,0.004,0.0,0.004,0.018833965611186224,1260.032,1315.5,1590.6499999999999,0.7057627929220469,SEMANTIC_REPAIR
sift_100k,1,sift_100k__seed59__natural_source_order,sift_100k__seed43__natural_source_order,RM-B2,80,6,CERTIFIED,0.004,0.0,0.004,0.018833965611186224,1260.032,1315.5,1590.6499999999999,0.7057627929220469,SEMANTIC_REPAIR
sift_100k,1,sift_100k__seed59__natural_source_order,sift_100k__seed43__natural_source_order,RM-B1,128,6,CERTIFIED,0.004,0.0,0.004,0.018833965611186224,1260.032,1315.5,1590.6499999999999,0.7057627929220469,SEMANTIC_REPAIR
sift_100k,1,sift_100k__seed59__natural_source_order,sift_100k__seed43__natural_source_order,RM-B2,128,7,CERTIFIED,0.004,0.0,0.004,0.018833965611186224,1558.52,1617.0,2002.6999999999998,0.6360611698947872,SEMANTIC_REPAIR
sift_100k,1,sift_100k__seed59__natural_source_order,sift_100k__seed43__natural_source_order,RM-B1,250,5,CERTIFIED,0.012,0.008,0.004,0.030720864145366192,935.768,967.0,1165.55,0.7814835156623625,SEMANTIC_REPAIR
sift_100k,1,sift_100k__seed59__natural_source_order,sift_100k__seed43__natural_source_order,RM-B2,250,6,CERTIFIED,0.004,0.0,0.004,0.018833965611186224,1260.032,1315.5,1590.6499999999999,0.7057627929220469,SEMANTIC_REPAIR
sift_100k,1,sift_100k__seed59__natural_source_order,sift_100k__seed43__random,RM-B1,80,6,CERTIFIED,0.004,0.004,0.0,0.018833965611186224,1269.956,1276.5,1587.1999999999998,0.6991586573767432,SEMANTIC_REPAIR
sift_100k,1,sift_100k__seed59__natural_source_order,sift_100k__seed43__random,RM-B2,80,8,CERTIFIED,0.0,0.0,0.0,0.011911419714980633,2091.536,2142.0,2687.85,0.5045336229090802,SEMANTIC_REPAIR
sift_100k,1,sift_100k__seed59__natural_source_order,sift_100k__seed43__random,RM-B1,128,6,CERTIFIED,0.004,0.004,0.0,0.018833965611186224,1269.956,1276.5,1587.1999999999998,0.6991586573767432,SEMANTIC_REPAIR
sift_100k,1,sift_100k__seed59__natural_source_order,sift_100k__seed43__random,RM-B2,128,7,CERTIFIED,0.0,0.0,0.0,0.011911419714980633,1557.316,1583.0,1974.6999999999998,0.6310856153058217,SEMANTIC_REPAIR
sift_100k,1,sift_100k__seed59__natural_source_order,sift_100k__seed43__random,RM-B1,250,5,CERTIFIED,0.02,0.02,0.0,0.04158982878282098,947.092,952.5,1177.1,0.7756422829863825,SEMANTIC_REPAIR
sift_100k,1,sift_100k__seed59__natural_source_order,sift_100k__seed43__random,RM-B2,250,5,CERTIFIED,0.02,0.02,0.0,0.04158982878282098,947.092,952.5,1177.1,0.7756422829863825,SEMANTIC_REPAIR
sift_100k,1,sift_100k__seed59__natural_source_order,sift_100k__seed59__cluster_block_order,RM-B1,80,6,CERTIFIED,0.0,0.0,0.0,0.011911419714980633,1278.952,1314.0,1599.6999999999998,0.7008534533893944,SEMANTIC_REPAIR
sift_100k,1,sift_100k__seed59__natural_source_order,sift_100k__seed59__cluster_block_order,RM-B2,80,6,CERTIFIED,0.0,0.0,0.0,0.011911419714980633,1278.952,1314.0,1599.6999999999998,0.7008534533893944,SEMANTIC_REPAIR
sift_100k,1,sift_100k__seed59__natural_source_order,sift_100k__seed59__cluster_block_order,RM-B1,128,6,CERTIFIED,0.0,0.0,0.0,0.011911419714980633,1278.952,1314.0,1599.6999999999998,0.7008534533893944,SEMANTIC_REPAIR
sift_100k,1,sift_100k__seed59__natural_source_order,sift_100k__seed59__cluster_block_order,RM-B2,128,6,CERTIFIED,0.0,0.0,0.0,0.011911419714980633,1278.952,1314.0,1599.6999999999998,0.7008534533893944,SEMANTIC_REPAIR
sift_100k,1,sift_100k__seed59__natural_source_order,sift_100k__seed59__cluster_block_order,RM-B1,250,5,CERTIFIED,0.012,0.012,0.0,0.030720864145366192,951.408,972.5,1180.1499999999999,0.7774659114511702,SEMANTIC_REPAIR
sift_100k,1,sift_100k__seed59__natural_source_order,sift_100k__seed59__cluster_block_order,RM-B2,250,5,CERTIFIED,0.012,0.012,0.0,0.030720864145366192,951.408,972.5,1180.1499999999999,0.7774659114511702,SEMANTIC_REPAIR
sift_100k,1,sift_100k__seed59__natural_source_order,sift_100k__seed59__random,RM-B1,80,6,CERTIFIED,0.008,0.008,0.0,0.02496768176927198,1271.904,1284.0,1572.1999999999998,0.6989009053540027,SEMANTIC_REPAIR
sift_100k,1,sift_100k__seed59__natural_source_order,sift_100k__seed59__random,RM-B2,80,8,CERTIFIED,0.0,0.0,0.0,0.011911419714980633,2093.872,2151.0,2685.3999999999996,0.5043156059697875,SEMANTIC_REPAIR
sift_100k,1,sift_100k__seed59__natural_source_order,sift_100k__seed59__random,RM-B1,128,6,CERTIFIED,0.008,0.008,0.0,0.02496768176927198,1271.904,1284.0,1572.1999999999998,0.6989009053540027,SEMANTIC_REPAIR
sift_100k,1,sift_100k__seed59__natural_source_order,sift_100k__seed59__random,RM-B2,128,7,CERTIFIED,0.0,0.0,0.0,0.011911419714980633,1559.404,1600.5,1966.3,0.6308407453806681,SEMANTIC_REPAIR
sift_100k,1,sift_100k__seed59__natural_source_order,sift_100k__seed59__random,RM-B1,250,5,CERTIFIED,0.024,0.024,0.0,0.04681743080651248,949.44,955.0,1165.1,0.7752381277040598,SEMANTIC_REPAIR
sift_100k,1,sift_100k__seed59__natural_source_order,sift_100k__seed59__random,RM-B2,250,5,CERTIFIED,0.024,0.024,0.0,0.04681743080651248,949.44,955.0,1165.1,0.7752381277040598,SEMANTIC_REPAIR
sift_100k,1,sift_100k__seed59__natural_source_order,sift_100k__seed71__cluster_block_order,RM-B1,80,6,CERTIFIED,0.0,0.0,0.0,0.011911419714980633,1257.86,1326.5,1621.7999999999997,0.706352822968473,SEMANTIC_REPAIR
sift_100k,1,sift_100k__seed59__natural_source_order,sift_100k__seed71__cluster_block_order,RM-B2,80,6,CERTIFIED,0.0,0.0,0.0,0.011911419714980633,1257.86,1326.5,1621.7999999999997,0.706352822968473,SEMANTIC_REPAIR
sift_100k,1,sift_100k__seed59__natural_source_order,sift_100k__seed71__cluster_block_order,RM-B1,128,6,CERTIFIED,0.0,0.0,0.0,0.011911419714980633,1257.86,1326.5,1621.7999999999997,0.706352822968473,SEMANTIC_REPAIR
sift_100k,1,sift_100k__seed59__natural_source_order,sift_100k__seed71__cluster_block_order,RM-B2,128,6,CERTIFIED,0.0,0.0,0.0,0.011911419714980633,1257.86,1326.5,1621.7999999999997,0.706352822968473,SEMANTIC_REPAIR
sift_100k,1,sift_100k__seed59__natural_source_order,sift_100k__seed71__cluster_block_order,RM-B1,250,5,CERTIFIED,0.016,0.016,0.0,0.03623796513686767,933.848,980.0,1206.0,0.7819933625550242,SEMANTIC_REPAIR
sift_100k,1,sift_100k__seed59__natural_source_order,sift_100k__seed71__cluster_block_order,RM-B2,250,5,CERTIFIED,0.016,0.016,0.0,0.03623796513686767,933.848,980.0,1206.0,0.7819933625550242,SEMANTIC_REPAIR
sift_100k,1,sift_100k__seed59__natural_source_order,sift_100k__seed71__natural_source_order,RM-B1,80,6,CERTIFIED,0.004,0.0,0.004,0.018833965611186224,1299.612,1324.0,1620.3,0.6971431607559326,SEMANTIC_REPAIR
sift_100k,1,sift_100k__seed59__natural_source_order,sift_100k__seed71__natural_source_order,RM-B2,80,6,CERTIFIED,0.004,0.0,0.004,0.018833965611186224,1299.612,1324.0,1620.3,0.6971431607559326,SEMANTIC_REPAIR
sift_100k,1,sift_100k__seed59__natural_source_order,sift_100k__seed71__natural_source_order,RM-B1,128,6,CERTIFIED,0.004,0.0,0.004,0.018833965611186224,1299.612,1324.0,1620.3,0.6971431607559326,SEMANTIC_REPAIR
sift_100k,1,sift_100k__seed59__natural_source_order,sift_100k__seed71__natural_source_order,RM-B2,128,8,CERTIFIED,0.004,0.0,0.004,0.018833965611186224,2134.18,2192.0,2767.0499999999993,0.5026584787014097,SEMANTIC_REPAIR
sift_100k,1,sift_100k__seed59__natural_source_order,sift_100k__seed71__natural_source_order,RM-B1,250,5,CERTIFIED,0.012,0.008,0.004,0.030720864145366192,970.172,975.5,1188.1,0.773914656495096,SEMANTIC_REPAIR
sift_100k,1,sift_100k__seed59__natural_source_order,sift_100k__seed71__natural_source_order,RM-B2,250,6,CERTIFIED,0.004,0.0,0.004,0.018833965611186224,1299.612,1324.0,1620.3,0.6971431607559326,SEMANTIC_REPAIR
sift_100k,1,sift_100k__seed59__natural_source_order,sift_100k__seed71__random,RM-B1,80,6,CERTIFIED,0.012,0.012,0.0,0.030720864145366192,1247.164,1286.0,1581.55,0.7051426571971667,SEMANTIC_REPAIR
sift_100k,1,sift_100k__seed59__natural_source_order,sift_100k__seed71__random,RM-B2,80,8,CERTIFIED,0.0,0.0,0.0,0.011911419714980633,2076.436,2161.0,2692.6,0.5090842892673746,SEMANTIC_REPAIR
sift_100k,1,sift_100k__seed59__natural_source_order,sift_100k__seed71__random,RM-B1,128,6,CERTIFIED,0.012,0.012,0.0,0.030720864145366192,1247.164,1286.0,1581.55,0.7051426571971667,SEMANTIC_REPAIR
sift_100k,1,sift_100k__seed59__natural_source_order,sift_100k__seed71__random,RM-B2,128,7,CERTIFIED,0.0,0.0,0.0,0.011911419714980633,1537.0,1595.5,1968.1999999999998,0.6366189724142497,SEMANTIC_REPAIR
sift_100k,1,sift_100k__seed59__natural_source_order,sift_100k__seed71__random,RM-B1,250,5,CERTIFIED,0.028,0.028,0.0,0.05194700438197347,929.732,957.0,1187.1,0.7801906509177913,SEMANTIC_REPAIR
sift_100k,1,sift_100k__seed59__natural_source_order,sift_100k__seed71__random,RM-B2,250,5,CERTIFIED,0.028,0.028,0.0,0.05194700438197347,929.732,957.0,1187.1,0.7801906509177913,SEMANTIC_REPAIR
sift_100k,1,sift_100k__seed59__random,sift_100k__seed43__cluster_block_order,RM-B1,80,5,CERTIFIED,0.008,0.008,0.0,0.02496768176927198,970.304,969.0,1545.3999999999983,0.7731635039513292,SEMANTIC_REPAIR
sift_100k,1,sift_100k__seed59__random,sift_100k__seed43__cluster_block_order,RM-B2,80,5,CERTIFIED,0.008,0.008,0.0,0.02496768176927198,970.304,969.0,1545.3999999999983,0.7731635039513292,SEMANTIC_REPAIR
sift_100k,1,sift_100k__seed59__random,sift_100k__seed43__cluster_block_order,RM-B1,128,5,CERTIFIED,0.008,0.008,0.0,0.02496768176927198,970.304,969.0,1545.3999999999983,0.7731635039513292,SEMANTIC_REPAIR
sift_100k,1,sift_100k__seed59__random,sift_100k__seed43__cluster_block_order,RM-B2,128,6,CERTIFIED,0.0,0.0,0.0,0.011911419714980633,1307.288,1312.5,1929.249999999997,0.6943837918358835,SEMANTIC_REPAIR
sift_100k,1,sift_100k__seed59__random,sift_100k__seed43__cluster_block_order,RM-B1,250,5,CERTIFIED,0.008,0.008,0.0,0.02496768176927198,970.304,969.0,1545.3999999999983,0.7731635039513292,SEMANTIC_REPAIR
sift_100k,1,sift_100k__seed59__random,sift_100k__seed43__cluster_block_order,RM-B2,250,5,CERTIFIED,0.008,0.008,0.0,0.02496768176927198,970.304,969.0,1545.3999999999983,0.7731635039513292,SEMANTIC_REPAIR
sift_100k,1,sift_100k__seed59__random,sift_100k__seed43__natural_source_order,RM-B1,80,5,CERTIFIED,0.012,0.008,0.004,0.030720864145366192,982.44,967.5,1607.1999999999925,0.7705848726685797,SEMANTIC_REPAIR
sift_100k,1,sift_100k__seed59__random,sift_100k__seed43__natural_source_order,RM-B2,80,6,CERTIFIED,0.004,0.0,0.004,0.018833965611186224,1317.548,1315.5,2110.449999999988,0.692331906085605,SEMANTIC_REPAIR
sift_100k,1,sift_100k__seed59__random,sift_100k__seed43__natural_source_order,RM-B1,128,5,CERTIFIED,0.012,0.008,0.004,0.030720864145366192,982.44,967.5,1607.1999999999925,0.7705848726685797,SEMANTIC_REPAIR
sift_100k,1,sift_100k__seed59__random,sift_100k__seed43__natural_source_order,RM-B2,128,7,CERTIFIED,0.004,0.0,0.004,0.018833965611186224,1643.9,1617.0,2697.8999999999883,0.6161236026422765,SEMANTIC_REPAIR
sift_100k,1,sift_100k__seed59__random,sift_100k__seed43__natural_source_order,RM-B1,250,5,CERTIFIED,0.012,0.008,0.004,0.030720864145366192,982.44,967.5,1607.1999999999925,0.7705848726685797,SEMANTIC_REPAIR
sift_100k,1,sift_100k__seed59__random,sift_100k__seed43__natural_source_order,RM-B2,250,6,CERTIFIED,0.004,0.0,0.004,0.018833965611186224,1317.548,1315.5,2110.449999999988,0.692331906085605,SEMANTIC_REPAIR
sift_100k,1,sift_100k__seed59__random,sift_100k__seed43__random,RM-B1,80,5,CERTIFIED,0.02,0.02,0.0,0.04158982878282098,976.436,952.5,1700.899999999999,0.7686909489575368,SEMANTIC_REPAIR
sift_100k,1,sift_100k__seed59__random,sift_100k__seed43__random,RM-B2,80,8,CERTIFIED,0.0,0.0,0.0,0.011911419714980633,2175.016,2142.0,3795.6499999999946,0.48475794935646144,SEMANTIC_REPAIR
sift_100k,1,sift_100k__seed59__random,sift_100k__seed43__random,RM-B1,128,5,CERTIFIED,0.02,0.02,0.0,0.04158982878282098,976.436,952.5,1700.899999999999,0.7686909489575368,SEMANTIC_REPAIR
sift_100k,1,sift_100k__seed59__random,sift_100k__seed43__random,RM-B2,128,6,CERTIFIED,0.004,0.004,0.0,0.018833965611186224,1303.588,1276.5,2289.5999999999963,0.6911915340786876,SEMANTIC_REPAIR
sift_100k,1,sift_100k__seed59__random,sift_100k__seed43__random,RM-B1,250,5,CERTIFIED,0.02,0.02,0.0,0.04158982878282098,976.436,952.5,1700.899999999999,0.7686909489575368,SEMANTIC_REPAIR
sift_100k,1,sift_100k__seed59__random,sift_100k__seed43__random,RM-B2,250,5,CERTIFIED,0.02,0.02,0.0,0.04158982878282098,976.436,952.5,1700.899999999999,0.7686909489575368,SEMANTIC_REPAIR
sift_100k,1,sift_100k__seed59__random,sift_100k__seed59__cluster_block_order,RM-B1,80,5,CERTIFIED,0.012,0.012,0.0,0.030720864145366192,999.556,972.5,1895.8499999999995,0.7662041065310422,SEMANTIC_REPAIR
sift_100k,1,sift_100k__seed59__random,sift_100k__seed59__cluster_block_order,RM-B2,80,6,CERTIFIED,0.0,0.0,0.0,0.011911419714980633,1340.708,1314.0,2585.1499999999996,0.6864087407399091,SEMANTIC_REPAIR
sift_100k,1,sift_100k__seed59__random,sift_100k__seed59__cluster_block_order,RM-B1,128,5,CERTIFIED,0.012,0.012,0.0,0.030720864145366192,999.556,972.5,1895.8499999999995,0.7662041065310422,SEMANTIC_REPAIR
sift_100k,1,sift_100k__seed59__random,sift_100k__seed59__cluster_block_order,RM-B2,128,6,CERTIFIED,0.0,0.0,0.0,0.011911419714980633,1340.708,1314.0,2585.1499999999996,0.6864087407399091,SEMANTIC_REPAIR
sift_100k,1,sift_100k__seed59__random,sift_100k__seed59__cluster_block_order,RM-B1,250,5,CERTIFIED,0.012,0.012,0.0,0.030720864145366192,999.556,972.5,1895.8499999999995,0.7662041065310422,SEMANTIC_REPAIR
sift_100k,1,sift_100k__seed59__random,sift_100k__seed59__cluster_block_order,RM-B2,250,5,CERTIFIED,0.012,0.012,0.0,0.030720864145366192,999.556,972.5,1895.8499999999995,0.7662041065310422,SEMANTIC_REPAIR
sift_100k,1,sift_100k__seed59__random,sift_100k__seed59__natural_source_order,RM-B1,80,5,CERTIFIED,0.008,0.008,0.0,0.02496768176927198,997.32,973.5,1786.0499999999995,0.7672201796660996,SEMANTIC_REPAIR
sift_100k,1,sift_100k__seed59__random,sift_100k__seed59__natural_source_order,RM-B2,80,6,CERTIFIED,0.0,0.0,0.0,0.011911419714980633,1336.26,1323.0,2524.7999999999993,0.688109771468157,SEMANTIC_REPAIR
sift_100k,1,sift_100k__seed59__random,sift_100k__seed59__natural_source_order,RM-B1,128,5,CERTIFIED,0.008,0.008,0.0,0.02496768176927198,997.32,973.5,1786.0499999999995,0.7672201796660996,SEMANTIC_REPAIR
sift_100k,1,sift_100k__seed59__random,sift_100k__seed59__natural_source_order,RM-B2,128,7,CERTIFIED,0.0,0.0,0.0,0.011911419714980633,1654.452,1624.5,3146.1,0.6138420574027773,SEMANTIC_REPAIR
sift_100k,1,sift_100k__seed59__random,sift_100k__seed59__natural_source_order,RM-B1,250,5,CERTIFIED,0.008,0.008,0.0,0.02496768176927198,997.32,973.5,1786.0499999999995,0.7672201796660996,SEMANTIC_REPAIR
sift_100k,1,sift_100k__seed59__random,sift_100k__seed59__natural_source_order,RM-B2,250,6,CERTIFIED,0.0,0.0,0.0,0.011911419714980633,1336.26,1323.0,2524.7999999999993,0.688109771468157,SEMANTIC_REPAIR
sift_100k,1,sift_100k__seed59__random,sift_100k__seed71__cluster_block_order,RM-B1,80,5,CERTIFIED,0.016,0.016,0.0,0.03623796513686767,985.696,981.0,1604.4499999999996,0.7698894568463359,SEMANTIC_REPAIR
sift_100k,1,sift_100k__seed59__random,sift_100k__seed71__cluster_block_order,RM-B2,80,5,CERTIFIED,0.016,0.016,0.0,0.03623796513686767,985.696,981.0,1604.4499999999996,0.7698894568463359,SEMANTIC_REPAIR
sift_100k,1,sift_100k__seed59__random,sift_100k__seed71__cluster_block_order,RM-B1,128,5,CERTIFIED,0.016,0.016,0.0,0.03623796513686767,985.696,981.0,1604.4499999999996,0.7698894568463359,SEMANTIC_REPAIR
sift_100k,1,sift_100k__seed59__random,sift_100k__seed71__cluster_block_order,RM-B2,128,6,CERTIFIED,0.0,0.0,0.0,0.011911419714980633,1321.528,1331.0,2050.699999999999,0.6914895405147474,SEMANTIC_REPAIR
sift_100k,1,sift_100k__seed59__random,sift_100k__seed71__cluster_block_order,RM-B1,250,5,CERTIFIED,0.016,0.016,0.0,0.03623796513686767,985.696,981.0,1604.4499999999996,0.7698894568463359,SEMANTIC_REPAIR
sift_100k,1,sift_100k__seed59__random,sift_100k__seed71__cluster_block_order,RM-B2,250,4,CERTIFIED,0.028,0.028,0.0,0.05194700438197347,796.332,792.0,1210.75,0.8140964465203839,SEMANTIC_REPAIR
sift_100k,1,sift_100k__seed59__random,sift_100k__seed71__natural_source_order,RM-B1,80,5,CERTIFIED,0.008,0.004,0.004,0.02496768176927198,1051.388,975.5,2013.0499999999997,0.754988376146772,SEMANTIC_REPAIR
sift_100k,1,sift_100k__seed59__random,sift_100k__seed71__natural_source_order,RM-B2,80,6,CERTIFIED,0.004,0.0,0.004,0.018833965611186224,1397.656,1324.0,2767.0499999999993,0.6742953446794073,SEMANTIC_REPAIR
sift_100k,1,sift_100k__seed59__random,sift_100k__seed71__natural_source_order,RM-B1,128,5,CERTIFIED,0.008,0.004,0.004,0.02496768176927198,1051.388,975.5,2013.0499999999997,0.754988376146772,SEMANTIC_REPAIR
sift_100k,1,sift_100k__seed59__random,sift_100k__seed71__natural_source_order,RM-B2,128,8,CERTIFIED,0.004,0.0,0.004,0.018833965611186224,2304.852,2192.0,4555.1,0.46288569846587513,SEMANTIC_REPAIR
sift_100k,1,sift_100k__seed59__random,sift_100k__seed71__natural_source_order,RM-B1,250,5,CERTIFIED,0.008,0.004,0.004,0.02496768176927198,1051.388,975.5,2013.0499999999997,0.754988376146772,SEMANTIC_REPAIR
sift_100k,1,sift_100k__seed59__random,sift_100k__seed71__natural_source_order,RM-B2,250,6,CERTIFIED,0.004,0.0,0.004,0.018833965611186224,1397.656,1324.0,2767.0499999999993,0.6742953446794073,SEMANTIC_REPAIR
sift_100k,1,sift_100k__seed59__random,sift_100k__seed71__random,RM-B1,80,5,CERTIFIED,0.02,0.02,0.0,0.04158982878282098,989.904,957.0,1845.649999999999,0.7659646501423263,SEMANTIC_REPAIR
sift_100k,1,sift_100k__seed59__random,sift_100k__seed71__random,RM-B2,80,8,CERTIFIED,0.0,0.0,0.0,0.011911419714980633,2216.292,2165.0,4157.749999999997,0.4760192164020314,SEMANTIC_REPAIR
sift_100k,1,sift_100k__seed59__random,sift_100k__seed71__random,RM-B1,128,5,CERTIFIED,0.02,0.02,0.0,0.04158982878282098,989.904,957.0,1845.649999999999,0.7659646501423263,SEMANTIC_REPAIR
sift_100k,1,sift_100k__seed59__random,sift_100k__seed71__random,RM-B2,128,7,CERTIFIED,0.0,0.0,0.0,0.011911419714980633,1648.32,1595.5,3107.449999999999,0.610300445419555,SEMANTIC_REPAIR
sift_100k,1,sift_100k__seed59__random,sift_100k__seed71__random,RM-B1,250,5,CERTIFIED,0.02,0.02,0.0,0.04158982878282098,989.904,957.0,1845.649999999999,0.7659646501423263,SEMANTIC_REPAIR
sift_100k,1,sift_100k__seed59__random,sift_100k__seed71__random,RM-B2,250,5,CERTIFIED,0.02,0.02,0.0,0.04158982878282098,989.904,957.0,1845.649999999999,0.7659646501423263,SEMANTIC_REPAIR
sift_100k,1,sift_100k__seed71__cluster_block_order,sift_100k__seed43__cluster_block_order,RM-B1,80,5,CERTIFIED,0.012,0.012,0.0,0.030720864145366192,991.204,976.0,1523.2499999999998,0.7682775272188647,SEMANTIC_REPAIR
sift_100k,1,sift_100k__seed71__cluster_block_order,sift_100k__seed43__cluster_block_order,RM-B2,80,5,CERTIFIED,0.012,0.012,0.0,0.030720864145366192,991.204,976.0,1523.2499999999998,0.7682775272188647,SEMANTIC_REPAIR
sift_100k,1,sift_100k__seed71__cluster_block_order,sift_100k__seed43__cluster_block_order,RM-B1,128,6,CERTIFIED,0.0,0.0,0.0,0.011911419714980633,1313.504,1320.0,1913.3999999999996,0.6929306228708596,SEMANTIC_REPAIR
sift_100k,1,sift_100k__seed71__cluster_block_order,sift_100k__seed43__cluster_block_order,RM-B2,128,6,CERTIFIED,0.0,0.0,0.0,0.011911419714980633,1313.504,1320.0,1913.3999999999996,0.6929306228708596,SEMANTIC_REPAIR
sift_100k,1,sift_100k__seed71__cluster_block_order,sift_100k__seed43__cluster_block_order,RM-B1,250,5,CERTIFIED,0.012,0.012,0.0,0.030720864145366192,991.204,976.0,1523.2499999999998,0.7682775272188647,SEMANTIC_REPAIR
sift_100k,1,sift_100k__seed71__cluster_block_order,sift_100k__seed43__cluster_block_order,RM-B2,250,5,CERTIFIED,0.012,0.012,0.0,0.030720864145366192,991.204,976.0,1523.2499999999998,0.7682775272188647,SEMANTIC_REPAIR
sift_100k,1,sift_100k__seed71__cluster_block_order,sift_100k__seed43__natural_source_order,RM-B1,80,5,CERTIFIED,0.012,0.008,0.004,0.030720864145366192,978.988,976.0,1508.1,0.771390968735055,SEMANTIC_REPAIR
sift_100k,1,sift_100k__seed71__cluster_block_order,sift_100k__seed43__natural_source_order,RM-B2,80,6,CERTIFIED,0.004,0.0,0.004,0.018833965611186224,1304.624,1322.0,1892.1499999999987,0.695349862505978,SEMANTIC_REPAIR
sift_100k,1,sift_100k__seed71__cluster_block_order,sift_100k__seed43__natural_source_order,RM-B1,128,6,CERTIFIED,0.004,0.0,0.004,0.018833965611186224,1304.624,1322.0,1892.1499999999987,0.695349862505978,SEMANTIC_REPAIR
sift_100k,1,sift_100k__seed71__cluster_block_order,sift_100k__seed43__natural_source_order,RM-B2,128,7,CERTIFIED,0.004,0.0,0.004,0.018833965611186224,1641.916,1640.5,2586.2499999999995,0.6165868977164037,SEMANTIC_REPAIR
sift_100k,1,sift_100k__seed71__cluster_block_order,sift_100k__seed43__natural_source_order,RM-B1,250,5,CERTIFIED,0.012,0.008,0.004,0.030720864145366192,978.988,976.0,1508.1,0.771390968735055,SEMANTIC_REPAIR
sift_100k,1,sift_100k__seed71__cluster_block_order,sift_100k__seed43__natural_source_order,RM-B2,250,5,CERTIFIED,0.012,0.008,0.004,0.030720864145366192,978.988,976.0,1508.1,0.771390968735055,SEMANTIC_REPAIR
sift_100k,1,sift_100k__seed71__cluster_block_order,sift_100k__seed43__random,RM-B1,80,5,CERTIFIED,0.024,0.024,0.0,0.04681743080651248,973.284,965.5,1476.6499999999996,0.7694376298755753,SEMANTIC_REPAIR
sift_100k,1,sift_100k__seed71__cluster_block_order,sift_100k__seed43__random,RM-B2,80,8,CERTIFIED,0.0,0.0,0.0,0.011911419714980633,2148.436,2157.0,3124.35,0.4910545162350983,SEMANTIC_REPAIR
sift_100k,1,sift_100k__seed71__cluster_block_order,sift_100k__seed43__random,RM-B1,128,6,CERTIFIED,0.0,0.0,0.0,0.011911419714980633,1292.276,1302.5,1839.1499999999999,0.6938712468149983,SEMANTIC_REPAIR
sift_100k,1,sift_100k__seed71__cluster_block_order,sift_100k__seed43__random,RM-B2,128,7,CERTIFIED,0.0,0.0,0.0,0.011911419714980633,1619.932,1592.5,2503.95,0.6162524387944325,SEMANTIC_REPAIR
sift_100k,1,sift_100k__seed71__cluster_block_order,sift_100k__seed43__random,RM-B1,250,5,CERTIFIED,0.024,0.024,0.0,0.04681743080651248,973.284,965.5,1476.6499999999996,0.7694376298755753,SEMANTIC_REPAIR
sift_100k,1,sift_100k__seed71__cluster_block_order,sift_100k__seed43__random,RM-B2,250,5,CERTIFIED,0.024,0.024,0.0,0.04681743080651248,973.284,965.5,1476.6499999999996,0.7694376298755753,SEMANTIC_REPAIR
sift_100k,1,sift_100k__seed71__cluster_block_order,sift_100k__seed59__cluster_block_order,RM-B1,80,5,CERTIFIED,0.012,0.012,0.0,0.030720864145366192,999.516,978.0,1541.6999999999998,0.7662134625208405,SEMANTIC_REPAIR
sift_100k,1,sift_100k__seed71__cluster_block_order,sift_100k__seed59__cluster_block_order,RM-B2,80,5,CERTIFIED,0.012,0.012,0.0,0.030720864145366192,999.516,978.0,1541.6999999999998,0.7662134625208405,SEMANTIC_REPAIR
sift_100k,1,sift_100k__seed71__cluster_block_order,sift_100k__seed59__cluster_block_order,RM-B1,128,6,CERTIFIED,0.0,0.0,0.0,0.011911419714980633,1328.716,1319.5,1915.85,0.6892136664814181,SEMANTIC_REPAIR
sift_100k,1,sift_100k__seed71__cluster_block_order,sift_100k__seed59__cluster_block_order,RM-B2,128,6,CERTIFIED,0.0,0.0,0.0,0.011911419714980633,1328.716,1319.5,1915.85,0.6892136664814181,SEMANTIC_REPAIR
sift_100k,1,sift_100k__seed71__cluster_block_order,sift_100k__seed59__cluster_block_order,RM-B1,250,5,CERTIFIED,0.012,0.012,0.0,0.030720864145366192,999.516,978.0,1541.6999999999998,0.7662134625208405,SEMANTIC_REPAIR
sift_100k,1,sift_100k__seed71__cluster_block_order,sift_100k__seed59__cluster_block_order,RM-B2,250,5,CERTIFIED,0.012,0.012,0.0,0.030720864145366192,999.516,978.0,1541.6999999999998,0.7662134625208405,SEMANTIC_REPAIR
sift_100k,1,sift_100k__seed71__cluster_block_order,sift_100k__seed59__natural_source_order,RM-B1,80,5,CERTIFIED,0.012,0.012,0.0,0.030720864145366192,1006.688,986.5,1525.3,0.7650336383785611,SEMANTIC_REPAIR
sift_100k,1,sift_100k__seed71__cluster_block_order,sift_100k__seed59__natural_source_order,RM-B2,80,6,CERTIFIED,0.0,0.0,0.0,0.011911419714980633,1333.12,1338.0,1940.55,0.6888426642566787,SEMANTIC_REPAIR
sift_100k,1,sift_100k__seed71__cluster_block_order,sift_100k__seed59__natural_source_order,RM-B1,128,6,CERTIFIED,0.0,0.0,0.0,0.011911419714980633,1333.12,1338.0,1940.55,0.6888426642566787,SEMANTIC_REPAIR
sift_100k,1,sift_100k__seed71__cluster_block_order,sift_100k__seed59__natural_source_order,RM-B2,128,7,CERTIFIED,0.0,0.0,0.0,0.011911419714980633,1679.084,1645.5,2655.1,0.6080928169037754,SEMANTIC_REPAIR
sift_100k,1,sift_100k__seed71__cluster_block_order,sift_100k__seed59__natural_source_order,RM-B1,250,5,CERTIFIED,0.012,0.012,0.0,0.030720864145366192,1006.688,986.5,1525.3,0.7650336383785611,SEMANTIC_REPAIR
sift_100k,1,sift_100k__seed71__cluster_block_order,sift_100k__seed59__natural_source_order,RM-B2,250,5,CERTIFIED,0.012,0.012,0.0,0.030720864145366192,1006.688,986.5,1525.3,0.7650336383785611,SEMANTIC_REPAIR
sift_100k,1,sift_100k__seed71__cluster_block_order,sift_100k__seed59__random,RM-B1,80,5,CERTIFIED,0.028,0.028,0.0,0.05194700438197347,960.472,974.0,1474.1,0.7726265114090134,SEMANTIC_REPAIR
sift_100k,1,sift_100k__seed71__cluster_block_order,sift_100k__seed59__random,RM-B2,80,8,CERTIFIED,0.0,0.0,0.0,0.011911419714980633,2139.204,2154.5,3117.7499999999995,0.4935841166761832,SEMANTIC_REPAIR
sift_100k,1,sift_100k__seed71__cluster_block_order,sift_100k__seed59__random,RM-B1,128,6,CERTIFIED,0.004,0.004,0.0,0.018833965611186224,1275.8,1296.0,1827.0499999999997,0.6979786014122424,SEMANTIC_REPAIR
sift_100k,1,sift_100k__seed71__cluster_block_order,sift_100k__seed59__random,RM-B2,128,7,CERTIFIED,0.0,0.0,0.0,0.011911419714980633,1605.644,1609.0,2486.35,0.6198943043470438,SEMANTIC_REPAIR
sift_100k,1,sift_100k__seed71__cluster_block_order,sift_100k__seed59__random,RM-B1,250,5,CERTIFIED,0.028,0.028,0.0,0.05194700438197347,960.472,974.0,1474.1,0.7726265114090134,SEMANTIC_REPAIR
sift_100k,1,sift_100k__seed71__cluster_block_order,sift_100k__seed59__random,RM-B2,250,5,CERTIFIED,0.028,0.028,0.0,0.05194700438197347,960.472,974.0,1474.1,0.7726265114090134,SEMANTIC_REPAIR
sift_100k,1,sift_100k__seed71__cluster_block_order,sift_100k__seed71__natural_source_order,RM-B1,80,5,CERTIFIED,0.012,0.008,0.004,0.030720864145366192,1028.744,982.0,1549.6499999999999,0.7602652512970803,SEMANTIC_REPAIR
sift_100k,1,sift_100k__seed71__cluster_block_order,sift_100k__seed71__natural_source_order,RM-B2,80,6,CERTIFIED,0.004,0.0,0.004,0.018833965611186224,1362.448,1330.0,1969.6499999999999,0.6825000885538137,SEMANTIC_REPAIR
sift_100k,1,sift_100k__seed71__cluster_block_order,sift_100k__seed71__natural_source_order,RM-B1,128,6,CERTIFIED,0.004,0.0,0.004,0.018833965611186224,1362.448,1330.0,1969.6499999999999,0.6825000885538137,SEMANTIC_REPAIR
sift_100k,1,sift_100k__seed71__cluster_block_order,sift_100k__seed71__natural_source_order,RM-B2,128,8,CERTIFIED,0.004,0.0,0.004,0.018833965611186224,2230.304,2205.0,3398.0499999999997,0.4802580924203529,SEMANTIC_REPAIR
sift_100k,1,sift_100k__seed71__cluster_block_order,sift_100k__seed71__natural_source_order,RM-B1,250,5,CERTIFIED,0.012,0.008,0.004,0.030720864145366192,1028.744,982.0,1549.6499999999999,0.7602652512970803,SEMANTIC_REPAIR
sift_100k,1,sift_100k__seed71__cluster_block_order,sift_100k__seed71__natural_source_order,RM-B2,250,5,CERTIFIED,0.012,0.008,0.004,0.030720864145366192,1028.744,982.0,1549.6499999999999,0.7602652512970803,SEMANTIC_REPAIR
sift_100k,1,sift_100k__seed71__cluster_block_order,sift_100k__seed71__random,RM-B1,80,5,CERTIFIED,0.024,0.024,0.0,0.04681743080651248,975.144,970.0,1516.6,0.7694542428340411,SEMANTIC_REPAIR
sift_100k,1,sift_100k__seed71__cluster_block_order,sift_100k__seed71__random,RM-B2,80,8,CERTIFIED,0.0,0.0,0.0,0.011911419714980633,2155.1,2168.5,3187.0499999999997,0.49048636789196454,SEMANTIC_REPAIR
sift_100k,1,sift_100k__seed71__cluster_block_order,sift_100k__seed71__random,RM-B1,128,6,CERTIFIED,0.004,0.004,0.0,0.018833965611186224,1289.884,1307.5,1897.1999999999998,0.695042697861797,SEMANTIC_REPAIR
sift_100k,1,sift_100k__seed71__cluster_block_order,sift_100k__seed71__random,RM-B2,128,7,CERTIFIED,0.0,0.0,0.0,0.011911419714980633,1623.244,1608.0,2571.0499999999993,0.6162289702391648,SEMANTIC_REPAIR
sift_100k,1,sift_100k__seed71__cluster_block_order,sift_100k__seed71__random,RM-B1,250,5,CERTIFIED,0.024,0.024,0.0,0.04681743080651248,975.144,970.0,1516.6,0.7694542428340411,SEMANTIC_REPAIR
sift_100k,1,sift_100k__seed71__cluster_block_order,sift_100k__seed71__random,RM-B2,250,5,CERTIFIED,0.024,0.024,0.0,0.04681743080651248,975.144,970.0,1516.6,0.7694542428340411,SEMANTIC_REPAIR
sift_100k,1,sift_100k__seed71__natural_source_order,sift_100k__seed43__cluster_block_order,RM-B1,80,6,CERTIFIED,0.0,0.0,0.0,0.011911419714980633,1288.824,1312.5,1623.0499999999997,0.6987002834334062,SEMANTIC_REPAIR
sift_100k,1,sift_100k__seed71__natural_source_order,sift_100k__seed43__cluster_block_order,RM-B2,80,5,CERTIFIED,0.012,0.012,0.0,0.030720864145366192,955.664,969.0,1191.55,0.7765860254519645,SEMANTIC_REPAIR
sift_100k,1,sift_100k__seed71__natural_source_order,sift_100k__seed43__cluster_block_order,RM-B1,128,5,CERTIFIED,0.012,0.012,0.0,0.030720864145366192,955.664,969.0,1191.55,0.7765860254519645,SEMANTIC_REPAIR
sift_100k,1,sift_100k__seed71__natural_source_order,sift_100k__seed43__cluster_block_order,RM-B2,128,6,CERTIFIED,0.0,0.0,0.0,0.011911419714980633,1288.824,1312.5,1623.0499999999997,0.6987002834334062,SEMANTIC_REPAIR
sift_100k,1,sift_100k__seed71__natural_source_order,sift_100k__seed43__cluster_block_order,RM-B1,250,5,CERTIFIED,0.012,0.012,0.0,0.030720864145366192,955.664,969.0,1191.55,0.7765860254519645,SEMANTIC_REPAIR
sift_100k,1,sift_100k__seed71__natural_source_order,sift_100k__seed43__cluster_block_order,RM-B2,250,5,CERTIFIED,0.012,0.012,0.0,0.030720864145366192,955.664,969.0,1191.55,0.7765860254519645,SEMANTIC_REPAIR
sift_100k,1,sift_100k__seed71__natural_source_order,sift_100k__seed43__natural_source_order,RM-B1,80,6,CERTIFIED,0.004,0.0,0.004,0.018833965611186224,1288.66,1315.5,1595.85,0.6990777065399331,SEMANTIC_REPAIR
sift_100k,1,sift_100k__seed71__natural_source_order,sift_100k__seed43__natural_source_order,RM-B2,80,6,CERTIFIED,0.004,0.0,0.004,0.018833965611186224,1288.66,1315.5,1595.85,0.6990777065399331,SEMANTIC_REPAIR
sift_100k,1,sift_100k__seed71__natural_source_order,sift_100k__seed43__natural_source_order,RM-B1,128,5,CERTIFIED,0.012,0.008,0.004,0.030720864145366192,958.972,967.0,1172.6999999999998,0.776065018232903,SEMANTIC_REPAIR
sift_100k,1,sift_100k__seed71__natural_source_order,sift_100k__seed43__natural_source_order,RM-B2,128,7,CERTIFIED,0.004,0.0,0.004,0.018833965611186224,1587.728,1617.0,2011.1999999999998,0.6292406444285031,SEMANTIC_REPAIR
sift_100k,1,sift_100k__seed71__natural_source_order,sift_100k__seed43__natural_source_order,RM-B1,250,5,CERTIFIED,0.012,0.008,0.004,0.030720864145366192,958.972,967.0,1172.6999999999998,0.776065018232903,SEMANTIC_REPAIR
sift_100k,1,sift_100k__seed71__natural_source_order,sift_100k__seed43__natural_source_order,RM-B2,250,6,CERTIFIED,0.004,0.0,0.004,0.018833965611186224,1288.66,1315.5,1595.85,0.6990777065399331,SEMANTIC_REPAIR
sift_100k,1,sift_100k__seed71__natural_source_order,sift_100k__seed43__random,RM-B1,80,6,CERTIFIED,0.004,0.004,0.0,0.018833965611186224,1273.68,1276.5,1589.55,0.6982764747185022,SEMANTIC_REPAIR
sift_100k,1,sift_100k__seed71__natural_source_order,sift_100k__seed43__random,RM-B2,80,8,CERTIFIED,0.0,0.0,0.0,0.011911419714980633,2103.232,2142.0,2693.2,0.5017629439695566,SEMANTIC_REPAIR
sift_100k,1,sift_100k__seed71__natural_source_order,sift_100k__seed43__random,RM-B1,128,5,CERTIFIED,0.02,0.02,0.0,0.04158982878282098,947.416,952.5,1179.1,0.7755655302524217,SEMANTIC_REPAIR
sift_100k,1,sift_100k__seed71__natural_source_order,sift_100k__seed43__random,RM-B2,128,7,CERTIFIED,0.0,0.0,0.0,0.011911419714980633,1571.828,1583.0,1982.6499999999999,0.6276478508760709,SEMANTIC_REPAIR
sift_100k,1,sift_100k__seed71__natural_source_order,sift_100k__seed43__random,RM-B1,250,5,CERTIFIED,0.02,0.02,0.0,0.04158982878282098,947.416,952.5,1179.1,0.7755655302524217,SEMANTIC_REPAIR
sift_100k,1,sift_100k__seed71__natural_source_order,sift_100k__seed43__random,RM-B2,250,5,CERTIFIED,0.02,0.02,0.0,0.04158982878282098,947.416,952.5,1179.1,0.7755655302524217,SEMANTIC_REPAIR
sift_100k,1,sift_100k__seed71__natural_source_order,sift_100k__seed59__cluster_block_order,RM-B1,80,6,CERTIFIED,0.0,0.0,0.0,0.011911419714980633,1369.66,1314.0,1633.0,0.6796368753239512,SEMANTIC_REPAIR
sift_100k,1,sift_100k__seed71__natural_source_order,sift_100k__seed59__cluster_block_order,RM-B2,80,6,CERTIFIED,0.0,0.0,0.0,0.011911419714980633,1369.66,1314.0,1633.0,0.6796368753239512,SEMANTIC_REPAIR
sift_100k,1,sift_100k__seed71__natural_source_order,sift_100k__seed59__cluster_block_order,RM-B1,128,5,CERTIFIED,0.012,0.012,0.0,0.030720864145366192,1016.648,972.5,1216.3999999999999,0.7622062920902591,SEMANTIC_REPAIR
sift_100k,1,sift_100k__seed71__natural_source_order,sift_100k__seed59__cluster_block_order,RM-B2,128,6,CERTIFIED,0.0,0.0,0.0,0.011911419714980633,1369.66,1314.0,1633.0,0.6796368753239512,SEMANTIC_REPAIR
sift_100k,1,sift_100k__seed71__natural_source_order,sift_100k__seed59__cluster_block_order,RM-B1,250,5,CERTIFIED,0.012,0.012,0.0,0.030720864145366192,1016.648,972.5,1216.3999999999999,0.7622062920902591,SEMANTIC_REPAIR
sift_100k,1,sift_100k__seed71__natural_source_order,sift_100k__seed59__cluster_block_order,RM-B2,250,5,CERTIFIED,0.012,0.012,0.0,0.030720864145366192,1016.648,972.5,1216.3999999999999,0.7622062920902591,SEMANTIC_REPAIR
sift_100k,1,sift_100k__seed71__natural_source_order,sift_100k__seed59__natural_source_order,RM-B1,80,6,CERTIFIED,0.004,0.004,0.0,0.018833965611186224,1323.624,1323.0,1595.1999999999998,0.6910590814285901,SEMANTIC_REPAIR
sift_100k,1,sift_100k__seed71__natural_source_order,sift_100k__seed59__natural_source_order,RM-B2,80,6,CERTIFIED,0.004,0.004,0.0,0.018833965611186224,1323.624,1323.0,1595.1999999999998,0.6910590814285901,SEMANTIC_REPAIR
sift_100k,1,sift_100k__seed71__natural_source_order,sift_100k__seed59__natural_source_order,RM-B1,128,5,CERTIFIED,0.012,0.012,0.0,0.030720864145366192,986.16,973.5,1180.0999999999997,0.7698249833348583,SEMANTIC_REPAIR
sift_100k,1,sift_100k__seed71__natural_source_order,sift_100k__seed59__natural_source_order,RM-B2,128,7,CERTIFIED,0.0,0.0,0.0,0.011911419714980633,1628.732,1624.5,2013.6499999999999,0.6198452429189486,SEMANTIC_REPAIR
sift_100k,1,sift_100k__seed71__natural_source_order,sift_100k__seed59__natural_source_order,RM-B1,250,5,CERTIFIED,0.012,0.012,0.0,0.030720864145366192,986.16,973.5,1180.0999999999997,0.7698249833348583,SEMANTIC_REPAIR
sift_100k,1,sift_100k__seed71__natural_source_order,sift_100k__seed59__natural_source_order,RM-B2,250,6,CERTIFIED,0.004,0.004,0.0,0.018833965611186224,1323.624,1323.0,1595.1999999999998,0.6910590814285901,SEMANTIC_REPAIR
sift_100k,1,sift_100k__seed71__natural_source_order,sift_100k__seed59__random,RM-B1,80,6,CERTIFIED,0.008,0.008,0.0,0.02496768176927198,1278.688,1284.0,1575.1,0.6972949223096232,SEMANTIC_REPAIR
sift_100k,1,sift_100k__seed71__natural_source_order,sift_100k__seed59__random,RM-B2,80,8,CERTIFIED,0.0,0.0,0.0,0.011911419714980633,2105.076,2151.0,2704.9499999999994,0.5016632719442526,SEMANTIC_REPAIR
sift_100k,1,sift_100k__seed71__natural_source_order,sift_100k__seed59__random,RM-B1,128,5,CERTIFIED,0.024,0.024,0.0,0.04681743080651248,953.116,955.0,1167.6499999999999,0.7743679045803659,SEMANTIC_REPAIR
sift_100k,1,sift_100k__seed71__natural_source_order,sift_100k__seed59__random,RM-B2,128,7,CERTIFIED,0.0,0.0,0.0,0.011911419714980633,1573.272,1600.5,1973.9499999999998,0.6275577599945457,SEMANTIC_REPAIR
sift_100k,1,sift_100k__seed71__natural_source_order,sift_100k__seed59__random,RM-B1,250,5,CERTIFIED,0.024,0.024,0.0,0.04681743080651248,953.116,955.0,1167.6499999999999,0.7743679045803659,SEMANTIC_REPAIR
sift_100k,1,sift_100k__seed71__natural_source_order,sift_100k__seed59__random,RM-B2,250,5,CERTIFIED,0.024,0.024,0.0,0.04681743080651248,953.116,955.0,1167.6499999999999,0.7743679045803659,SEMANTIC_REPAIR
sift_100k,1,sift_100k__seed71__natural_source_order,sift_100k__seed71__cluster_block_order,RM-B1,80,6,CERTIFIED,0.0,0.0,0.0,0.011911419714980633,1283.12,1326.5,1632.3,0.7004558807874542,SEMANTIC_REPAIR
sift_100k,1,sift_100k__seed71__natural_source_order,sift_100k__seed71__cluster_block_order,RM-B2,80,6,CERTIFIED,0.0,0.0,0.0,0.011911419714980633,1283.12,1326.5,1632.3,0.7004558807874542,SEMANTIC_REPAIR
sift_100k,1,sift_100k__seed71__natural_source_order,sift_100k__seed71__cluster_block_order,RM-B1,128,5,CERTIFIED,0.016,0.016,0.0,0.03623796513686767,952.724,980.0,1209.6499999999999,0.7775867639560965,SEMANTIC_REPAIR
sift_100k,1,sift_100k__seed71__natural_source_order,sift_100k__seed71__cluster_block_order,RM-B2,128,6,CERTIFIED,0.0,0.0,0.0,0.011911419714980633,1283.12,1326.5,1632.3,0.7004558807874542,SEMANTIC_REPAIR
sift_100k,1,sift_100k__seed71__natural_source_order,sift_100k__seed71__cluster_block_order,RM-B1,250,5,CERTIFIED,0.016,0.016,0.0,0.03623796513686767,952.724,980.0,1209.6499999999999,0.7775867639560965,SEMANTIC_REPAIR
sift_100k,1,sift_100k__seed71__natural_source_order,sift_100k__seed71__cluster_block_order,RM-B2,250,5,CERTIFIED,0.016,0.016,0.0,0.03623796513686767,952.724,980.0,1209.6499999999999,0.7775867639560965,SEMANTIC_REPAIR
sift_100k,1,sift_100k__seed71__natural_source_order,sift_100k__seed71__random,RM-B1,80,6,CERTIFIED,0.008,0.008,0.0,0.02496768176927198,1311.828,1286.0,1621.55,0.6898546475889658,SEMANTIC_REPAIR
sift_100k,1,sift_100k__seed71__natural_source_order,sift_100k__seed71__random,RM-B2,80,8,CERTIFIED,0.0,0.0,0.0,0.011911419714980633,2139.008,2165.0,2729.1,0.49429087504610236,SEMANTIC_REPAIR
sift_100k,1,sift_100k__seed71__natural_source_order,sift_100k__seed71__random,RM-B1,128,5,CERTIFIED,0.02,0.02,0.0,0.04158982878282098,978.324,957.0,1201.1,0.7687024200183464,SEMANTIC_REPAIR
sift_100k,1,sift_100k__seed71__natural_source_order,sift_100k__seed71__random,RM-B2,128,7,CERTIFIED,0.0,0.0,0.0,0.011911419714980633,1615.492,1595.5,2005.1999999999998,0.6180617156691224,SEMANTIC_REPAIR
sift_100k,1,sift_100k__seed71__natural_source_order,sift_100k__seed71__random,RM-B1,250,5,CERTIFIED,0.02,0.02,0.0,0.04158982878282098,978.324,957.0,1201.1,0.7687024200183464,SEMANTIC_REPAIR
sift_100k,1,sift_100k__seed71__natural_source_order,sift_100k__seed71__random,RM-B2,250,5,CERTIFIED,0.02,0.02,0.0,0.04158982878282098,978.324,957.0,1201.1,0.7687024200183464,SEMANTIC_REPAIR
sift_100k,1,sift_100k__seed71__random,sift_100k__seed43__cluster_block_order,RM-B1,80,5,CERTIFIED,0.012,0.012,0.0,0.030720864145366192,1013.064,969.0,1263.3999999999996,0.7631671228470143,SEMANTIC_REPAIR
sift_100k,1,sift_100k__seed71__random,sift_100k__seed43__cluster_block_order,RM-B2,80,5,CERTIFIED,0.012,0.012,0.0,0.030720864145366192,1013.064,969.0,1263.3999999999996,0.7631671228470143,SEMANTIC_REPAIR
sift_100k,1,sift_100k__seed71__random,sift_100k__seed43__cluster_block_order,RM-B1,128,5,CERTIFIED,0.012,0.012,0.0,0.030720864145366192,1013.064,969.0,1263.3999999999996,0.7631671228470143,SEMANTIC_REPAIR
sift_100k,1,sift_100k__seed71__random,sift_100k__seed43__cluster_block_order,RM-B2,128,6,CERTIFIED,0.0,0.0,0.0,0.011911419714980633,1367.336,1312.5,1700.6499999999999,0.6803458429922937,SEMANTIC_REPAIR
sift_100k,1,sift_100k__seed71__random,sift_100k__seed43__cluster_block_order,RM-B1,250,5,CERTIFIED,0.012,0.012,0.0,0.030720864145366192,1013.064,969.0,1263.3999999999996,0.7631671228470143,SEMANTIC_REPAIR
sift_100k,1,sift_100k__seed71__random,sift_100k__seed43__cluster_block_order,RM-B2,250,5,CERTIFIED,0.012,0.012,0.0,0.030720864145366192,1013.064,969.0,1263.3999999999996,0.7631671228470143,SEMANTIC_REPAIR
sift_100k,1,sift_100k__seed71__random,sift_100k__seed43__natural_source_order,RM-B1,80,5,CERTIFIED,0.012,0.008,0.004,0.030720864145366192,1042.16,967.5,2364.4499999999994,0.7566393173122907,SEMANTIC_REPAIR
sift_100k,1,sift_100k__seed71__random,sift_100k__seed43__natural_source_order,RM-B2,80,6,CERTIFIED,0.004,0.0,0.004,0.018833965611186224,1389.892,1315.5,2961.1999999999985,0.6754384490076519,SEMANTIC_REPAIR
sift_100k,1,sift_100k__seed71__random,sift_100k__seed43__natural_source_order,RM-B1,128,5,CERTIFIED,0.012,0.008,0.004,0.030720864145366192,1042.16,967.5,2364.4499999999994,0.7566393173122907,SEMANTIC_REPAIR
sift_100k,1,sift_100k__seed71__random,sift_100k__seed43__natural_source_order,RM-B2,128,7,CERTIFIED,0.004,0.0,0.004,0.018833965611186224,1726.692,1617.0,4045.099999999999,0.5967903739239598,SEMANTIC_REPAIR
sift_100k,1,sift_100k__seed71__random,sift_100k__seed43__natural_source_order,RM-B1,250,5,CERTIFIED,0.012,0.008,0.004,0.030720864145366192,1042.16,967.5,2364.4499999999994,0.7566393173122907,SEMANTIC_REPAIR
sift_100k,1,sift_100k__seed71__random,sift_100k__seed43__natural_source_order,RM-B2,250,6,CERTIFIED,0.004,0.0,0.004,0.018833965611186224,1389.892,1315.5,2961.1999999999985,0.6754384490076519,SEMANTIC_REPAIR
sift_100k,1,sift_100k__seed71__random,sift_100k__seed43__random,RM-B1,80,5,CERTIFIED,0.02,0.02,0.0,0.04158982878282098,1041.056,952.5,2688.35,0.7533830425731307,SEMANTIC_REPAIR
sift_100k,1,sift_100k__seed71__random,sift_100k__seed43__random,RM-B2,80,8,CERTIFIED,0.0,0.0,0.0,0.011911419714980633,2232.424,2142.0,4625.249999999994,0.47115850197614606,SEMANTIC_REPAIR
sift_100k,1,sift_100k__seed71__random,sift_100k__seed43__random,RM-B1,128,5,CERTIFIED,0.02,0.02,0.0,0.04158982878282098,1041.056,952.5,2688.35,0.7533830425731307,SEMANTIC_REPAIR
sift_100k,1,sift_100k__seed71__random,sift_100k__seed43__random,RM-B2,128,7,CERTIFIED,0.0,0.0,0.0,0.011911419714980633,1717.928,1583.0,4490.499999999998,0.5930380532474461,SEMANTIC_REPAIR
sift_100k,1,sift_100k__seed71__random,sift_100k__seed43__random,RM-B1,250,5,CERTIFIED,0.02,0.02,0.0,0.04158982878282098,1041.056,952.5,2688.35,0.7533830425731307,SEMANTIC_REPAIR
sift_100k,1,sift_100k__seed71__random,sift_100k__seed43__random,RM-B2,250,5,CERTIFIED,0.02,0.02,0.0,0.04158982878282098,1041.056,952.5,2688.35,0.7533830425731307,SEMANTIC_REPAIR
sift_100k,1,sift_100k__seed71__random,sift_100k__seed59__cluster_block_order,RM-B1,80,5,CERTIFIED,0.012,0.012,0.0,0.030720864145366192,1075.212,972.5,2319.499999999998,0.7485081874266725,SEMANTIC_REPAIR
sift_100k,1,sift_100k__seed71__random,sift_100k__seed59__cluster_block_order,RM-B2,80,6,CERTIFIED,0.0,0.0,0.0,0.011911419714980633,1416.556,1314.0,2936.9499999999966,0.6686679128845078,SEMANTIC_REPAIR
sift_100k,1,sift_100k__seed71__random,sift_100k__seed59__cluster_block_order,RM-B1,128,5,CERTIFIED,0.012,0.012,0.0,0.030720864145366192,1075.212,972.5,2319.499999999998,0.7485081874266725,SEMANTIC_REPAIR
sift_100k,1,sift_100k__seed71__random,sift_100k__seed59__cluster_block_order,RM-B2,128,6,CERTIFIED,0.0,0.0,0.0,0.011911419714980633,1416.556,1314.0,2936.9499999999966,0.6686679128845078,SEMANTIC_REPAIR
sift_100k,1,sift_100k__seed71__random,sift_100k__seed59__cluster_block_order,RM-B1,250,5,CERTIFIED,0.012,0.012,0.0,0.030720864145366192,1075.212,972.5,2319.499999999998,0.7485081874266725,SEMANTIC_REPAIR
sift_100k,1,sift_100k__seed71__random,sift_100k__seed59__cluster_block_order,RM-B2,250,5,CERTIFIED,0.012,0.012,0.0,0.030720864145366192,1075.212,972.5,2319.499999999998,0.7485081874266725,SEMANTIC_REPAIR
sift_100k,1,sift_100k__seed71__random,sift_100k__seed59__natural_source_order,RM-B1,80,5,CERTIFIED,0.008,0.008,0.0,0.02496768176927198,1068.768,976.5,2624.8999999999965,0.7505438344577247,SEMANTIC_REPAIR
sift_100k,1,sift_100k__seed71__random,sift_100k__seed59__natural_source_order,RM-B2,80,6,CERTIFIED,0.0,0.0,0.0,0.011911419714980633,1419.64,1326.5,3304.4499999999953,0.6686484336633995,SEMANTIC_REPAIR
sift_100k,1,sift_100k__seed71__random,sift_100k__seed59__natural_source_order,RM-B1,128,5,CERTIFIED,0.008,0.008,0.0,0.02496768176927198,1068.768,976.5,2624.8999999999965,0.7505438344577247,SEMANTIC_REPAIR
sift_100k,1,sift_100k__seed71__random,sift_100k__seed59__natural_source_order,RM-B2,128,7,CERTIFIED,0.0,0.0,0.0,0.011911419714980633,1752.396,1626.5,4422.199999999996,0.5909814041292207,SEMANTIC_REPAIR
sift_100k,1,sift_100k__seed71__random,sift_100k__seed59__natural_source_order,RM-B1,250,5,CERTIFIED,0.008,0.008,0.0,0.02496768176927198,1068.768,976.5,2624.8999999999965,0.7505438344577247,SEMANTIC_REPAIR
sift_100k,1,sift_100k__seed71__random,sift_100k__seed59__natural_source_order,RM-B2,250,6,CERTIFIED,0.0,0.0,0.0,0.011911419714980633,1419.64,1326.5,3304.4499999999953,0.6686484336633995,SEMANTIC_REPAIR
sift_100k,1,sift_100k__seed71__random,sift_100k__seed59__random,RM-B1,80,5,CERTIFIED,0.02,0.02,0.0,0.04158982878282098,1027.332,961.0,1965.249999999999,0.7567986773366059,SEMANTIC_REPAIR
sift_100k,1,sift_100k__seed71__random,sift_100k__seed59__random,RM-B2,80,8,CERTIFIED,0.0,0.0,0.0,0.011911419714980633,2198.896,2159.5,3769.9999999999845,0.47945317034878043,SEMANTIC_REPAIR
sift_100k,1,sift_100k__seed71__random,sift_100k__seed59__random,RM-B1,128,5,CERTIFIED,0.02,0.02,0.0,0.04158982878282098,1027.332,961.0,1965.249999999999,0.7567986773366059,SEMANTIC_REPAIR
sift_100k,1,sift_100k__seed71__random,sift_100k__seed59__random,RM-B2,128,7,CERTIFIED,0.0,0.0,0.0,0.011911419714980633,1680.916,1605.5,3309.6499999999987,0.6020750891765644,SEMANTIC_REPAIR
sift_100k,1,sift_100k__seed71__random,sift_100k__seed59__random,RM-B1,250,5,CERTIFIED,0.02,0.02,0.0,0.04158982878282098,1027.332,961.0,1965.249999999999,0.7567986773366059,SEMANTIC_REPAIR
sift_100k,1,sift_100k__seed71__random,sift_100k__seed59__random,RM-B2,250,5,CERTIFIED,0.02,0.02,0.0,0.04158982878282098,1027.332,961.0,1965.249999999999,0.7567986773366059,SEMANTIC_REPAIR
sift_100k,1,sift_100k__seed71__random,sift_100k__seed71__cluster_block_order,RM-B1,80,5,CERTIFIED,0.016,0.016,0.0,0.03623796513686767,1026.808,980.0,2101.399999999996,0.7602918682894853,SEMANTIC_REPAIR
sift_100k,1,sift_100k__seed71__random,sift_100k__seed71__cluster_block_order,RM-B2,80,5,CERTIFIED,0.016,0.016,0.0,0.03623796513686767,1026.808,980.0,2101.399999999996,0.7602918682894853,SEMANTIC_REPAIR
sift_100k,1,sift_100k__seed71__random,sift_100k__seed71__cluster_block_order,RM-B1,128,5,CERTIFIED,0.016,0.016,0.0,0.03623796513686767,1026.808,980.0,2101.399999999996,0.7602918682894853,SEMANTIC_REPAIR
sift_100k,1,sift_100k__seed71__random,sift_100k__seed71__cluster_block_order,RM-B2,128,6,CERTIFIED,0.0,0.0,0.0,0.011911419714980633,1381.328,1326.5,2790.9499999999985,0.6775292419231035,SEMANTIC_REPAIR
sift_100k,1,sift_100k__seed71__random,sift_100k__seed71__cluster_block_order,RM-B1,250,5,CERTIFIED,0.016,0.016,0.0,0.03623796513686767,1026.808,980.0,2101.399999999996,0.7602918682894853,SEMANTIC_REPAIR
sift_100k,1,sift_100k__seed71__random,sift_100k__seed71__cluster_block_order,RM-B2,250,5,CERTIFIED,0.016,0.016,0.0,0.03623796513686767,1026.808,980.0,2101.399999999996,0.7602918682894853,SEMANTIC_REPAIR
sift_100k,1,sift_100k__seed71__random,sift_100k__seed71__natural_source_order,RM-B1,80,5,CERTIFIED,0.008,0.004,0.004,0.02496768176927198,1118.416,975.5,3161.2999999999997,0.7393684155578797,SEMANTIC_REPAIR
sift_100k,1,sift_100k__seed71__random,sift_100k__seed71__natural_source_order,RM-B2,80,6,CERTIFIED,0.004,0.0,0.004,0.018833965611186224,1477.584,1324.0,4230.949999999997,0.6556692151522101,SEMANTIC_REPAIR
sift_100k,1,sift_100k__seed71__random,sift_100k__seed71__natural_source_order,RM-B1,128,5,CERTIFIED,0.008,0.004,0.004,0.02496768176927198,1118.416,975.5,3161.2999999999997,0.7393684155578797,SEMANTIC_REPAIR
sift_100k,1,sift_100k__seed71__random,sift_100k__seed71__natural_source_order,RM-B2,128,8,CERTIFIED,0.004,0.0,0.004,0.018833965611186224,2330.896,2192.0,5218.899999999996,0.4568164997194243,SEMANTIC_REPAIR
sift_100k,1,sift_100k__seed71__random,sift_100k__seed71__natural_source_order,RM-B1,250,5,CERTIFIED,0.008,0.004,0.004,0.02496768176927198,1118.416,975.5,3161.2999999999997,0.7393684155578797,SEMANTIC_REPAIR
sift_100k,1,sift_100k__seed71__random,sift_100k__seed71__natural_source_order,RM-B2,250,6,CERTIFIED,0.004,0.0,0.004,0.018833965611186224,1477.584,1324.0,4230.949999999997,0.6556692151522101,SEMANTIC_REPAIR
sift_100k,2,sift_100k__seed43__cluster_block_order,sift_100k__seed43__natural_source_order,RM-B1,80,5,CERTIFIED,0.036,0.036,0.0,0.06197905502895629,967.888,970.5,1306.55,0.7748988788294876,SEMANTIC_REPAIR
sift_100k,2,sift_100k__seed43__cluster_block_order,sift_100k__seed43__natural_source_order,RM-B2,80,11,B6_FALLBACK,0.0,0.0,0.0,0.011911419714980633,4299.792,4473.5,5751.25,0.0,SEMANTIC_REPAIR
sift_100k,2,sift_100k__seed43__cluster_block_order,sift_100k__seed43__natural_source_order,RM-B1,128,6,CERTIFIED,0.012,0.012,0.0,0.030720864145366192,1303.584,1305.5,1736.0999999999997,0.6968262650844506,SEMANTIC_REPAIR
sift_100k,2,sift_100k__seed43__cluster_block_order,sift_100k__seed43__natural_source_order,RM-B2,128,6,CERTIFIED,0.012,0.012,0.0,0.030720864145366192,1303.584,1305.5,1736.0999999999997,0.6968262650844506,SEMANTIC_REPAIR
sift_100k,2,sift_100k__seed43__cluster_block_order,sift_100k__seed43__natural_source_order,RM-B1,250,5,CERTIFIED,0.036,0.036,0.0,0.06197905502895629,967.888,970.5,1306.55,0.7748988788294876,SEMANTIC_REPAIR
sift_100k,2,sift_100k__seed43__cluster_block_order,sift_100k__seed43__natural_source_order,RM-B2,250,5,CERTIFIED,0.036,0.036,0.0,0.06197905502895629,967.888,970.5,1306.55,0.7748988788294876,SEMANTIC_REPAIR
sift_100k,2,sift_100k__seed43__cluster_block_order,sift_100k__seed43__random,RM-B1,80,5,CERTIFIED,0.028,0.028,0.0,0.05194700438197347,933.032,935.5,1184.0,0.7794016954987195,SEMANTIC_REPAIR
sift_100k,2,sift_100k__seed43__cluster_block_order,sift_100k__seed43__random,RM-B2,80,7,CERTIFIED,0.0,0.0,0.0,0.011911419714980633,1564.952,1584.0,2035.0499999999997,0.6299958009737201,SEMANTIC_REPAIR
sift_100k,2,sift_100k__seed43__cluster_block_order,sift_100k__seed43__random,RM-B1,128,6,CERTIFIED,0.008,0.008,0.0,0.02496768176927198,1259.368,1265.0,1608.1499999999999,0.7022455333330812,SEMANTIC_REPAIR
sift_100k,2,sift_100k__seed43__cluster_block_order,sift_100k__seed43__random,RM-B2,128,6,CERTIFIED,0.008,0.008,0.0,0.02496768176927198,1259.368,1265.0,1608.1499999999999,0.7022455333330812,SEMANTIC_REPAIR
sift_100k,2,sift_100k__seed43__cluster_block_order,sift_100k__seed43__random,RM-B1,250,5,CERTIFIED,0.028,0.028,0.0,0.05194700438197347,933.032,935.5,1184.0,0.7794016954987195,SEMANTIC_REPAIR
sift_100k,2,sift_100k__seed43__cluster_block_order,sift_100k__seed43__random,RM-B2,250,5,CERTIFIED,0.028,0.028,0.0,0.05194700438197347,933.032,935.5,1184.0,0.7794016954987195,SEMANTIC_REPAIR
sift_100k,2,sift_100k__seed43__cluster_block_order,sift_100k__seed59__cluster_block_order,RM-B1,80,5,CERTIFIED,0.024,0.024,0.0,0.04681743080651248,975.612,960.5,1638.949999999999,0.7719172740381648,SEMANTIC_REPAIR
sift_100k,2,sift_100k__seed43__cluster_block_order,sift_100k__seed59__cluster_block_order,RM-B2,80,5,CERTIFIED,0.024,0.024,0.0,0.04681743080651248,975.612,960.5,1638.949999999999,0.7719172740381648,SEMANTIC_REPAIR
sift_100k,2,sift_100k__seed43__cluster_block_order,sift_100k__seed59__cluster_block_order,RM-B1,128,6,CERTIFIED,0.012,0.012,0.0,0.030720864145366192,1312.268,1306.5,2183.449999999998,0.6932124014131791,SEMANTIC_REPAIR
sift_100k,2,sift_100k__seed43__cluster_block_order,sift_100k__seed59__cluster_block_order,RM-B2,128,5,CERTIFIED,0.024,0.024,0.0,0.04681743080651248,975.612,960.5,1638.949999999999,0.7719172740381648,SEMANTIC_REPAIR
sift_100k,2,sift_100k__seed43__cluster_block_order,sift_100k__seed59__cluster_block_order,RM-B1,250,5,CERTIFIED,0.024,0.024,0.0,0.04681743080651248,975.612,960.5,1638.949999999999,0.7719172740381648,SEMANTIC_REPAIR
sift_100k,2,sift_100k__seed43__cluster_block_order,sift_100k__seed59__cluster_block_order,RM-B2,250,5,CERTIFIED,0.024,0.024,0.0,0.04681743080651248,975.612,960.5,1638.949999999999,0.7719172740381648,SEMANTIC_REPAIR
sift_100k,2,sift_100k__seed43__cluster_block_order,sift_100k__seed59__natural_source_order,RM-B1,80,5,CERTIFIED,0.024,0.024,0.0,0.04681743080651248,1009.232,973.0,1902.0499999999997,0.7654050887722512,SEMANTIC_REPAIR
sift_100k,2,sift_100k__seed43__cluster_block_order,sift_100k__seed59__natural_source_order,RM-B2,80,6,CERTIFIED,0.012,0.012,0.0,0.030720864145366192,1359.592,1311.0,2599.9499999999994,0.6839642772465029,SEMANTIC_REPAIR
sift_100k,2,sift_100k__seed43__cluster_block_order,sift_100k__seed59__natural_source_order,RM-B1,128,6,CERTIFIED,0.012,0.012,0.0,0.030720864145366192,1359.592,1311.0,2599.9499999999994,0.6839642772465029,SEMANTIC_REPAIR
sift_100k,2,sift_100k__seed43__cluster_block_order,sift_100k__seed59__natural_source_order,RM-B2,128,5,CERTIFIED,0.024,0.024,0.0,0.04681743080651248,1009.232,973.0,1902.0499999999997,0.7654050887722512,SEMANTIC_REPAIR
sift_100k,2,sift_100k__seed43__cluster_block_order,sift_100k__seed59__natural_source_order,RM-B1,250,5,CERTIFIED,0.024,0.024,0.0,0.04681743080651248,1009.232,973.0,1902.0499999999997,0.7654050887722512,SEMANTIC_REPAIR
sift_100k,2,sift_100k__seed43__cluster_block_order,sift_100k__seed59__natural_source_order,RM-B2,250,5,CERTIFIED,0.024,0.024,0.0,0.04681743080651248,1009.232,973.0,1902.0499999999997,0.7654050887722512,SEMANTIC_REPAIR
sift_100k,2,sift_100k__seed43__cluster_block_order,sift_100k__seed59__random,RM-B1,80,5,CERTIFIED,0.028,0.028,0.0,0.05194700438197347,935.34,937.0,1171.85,0.7790676690592696,SEMANTIC_REPAIR
sift_100k,2,sift_100k__seed43__cluster_block_order,sift_100k__seed59__random,RM-B2,80,6,CERTIFIED,0.012,0.012,0.0,0.030720864145366192,1263.152,1271.0,1611.55,0.7016367142510258,SEMANTIC_REPAIR
sift_100k,2,sift_100k__seed43__cluster_block_order,sift_100k__seed59__random,RM-B1,128,6,CERTIFIED,0.012,0.012,0.0,0.030720864145366192,1263.152,1271.0,1611.55,0.7016367142510258,SEMANTIC_REPAIR
sift_100k,2,sift_100k__seed43__cluster_block_order,sift_100k__seed59__random,RM-B2,128,6,CERTIFIED,0.012,0.012,0.0,0.030720864145366192,1263.152,1271.0,1611.55,0.7016367142510258,SEMANTIC_REPAIR
sift_100k,2,sift_100k__seed43__cluster_block_order,sift_100k__seed59__random,RM-B1,250,5,CERTIFIED,0.028,0.028,0.0,0.05194700438197347,935.34,937.0,1171.85,0.7790676690592696,SEMANTIC_REPAIR
sift_100k,2,sift_100k__seed43__cluster_block_order,sift_100k__seed59__random,RM-B2,250,5,CERTIFIED,0.028,0.028,0.0,0.05194700438197347,935.34,937.0,1171.85,0.7790676690592696,SEMANTIC_REPAIR
sift_100k,2,sift_100k__seed43__cluster_block_order,sift_100k__seed71__cluster_block_order,RM-B1,80,5,CERTIFIED,0.028,0.028,0.0,0.05194700438197347,966.724,957.0,1275.9499999999998,0.7742130467846419,SEMANTIC_REPAIR
sift_100k,2,sift_100k__seed43__cluster_block_order,sift_100k__seed71__cluster_block_order,RM-B2,80,6,CERTIFIED,0.008,0.008,0.0,0.02496768176927198,1302.32,1304.5,1723.3999999999996,0.6958316283536716,SEMANTIC_REPAIR
sift_100k,2,sift_100k__seed43__cluster_block_order,sift_100k__seed71__cluster_block_order,RM-B1,128,6,CERTIFIED,0.008,0.008,0.0,0.02496768176927198,1302.32,1304.5,1723.3999999999996,0.6958316283536716,SEMANTIC_REPAIR
sift_100k,2,sift_100k__seed43__cluster_block_order,sift_100k__seed71__cluster_block_order,RM-B2,128,5,CERTIFIED,0.028,0.028,0.0,0.05194700438197347,966.724,957.0,1275.9499999999998,0.7742130467846419,SEMANTIC_REPAIR
sift_100k,2,sift_100k__seed43__cluster_block_order,sift_100k__seed71__cluster_block_order,RM-B1,250,5,CERTIFIED,0.028,0.028,0.0,0.05194700438197347,966.724,957.0,1275.9499999999998,0.7742130467846419,SEMANTIC_REPAIR
sift_100k,2,sift_100k__seed43__cluster_block_order,sift_100k__seed71__cluster_block_order,RM-B2,250,5,CERTIFIED,0.028,0.028,0.0,0.05194700438197347,966.724,957.0,1275.9499999999998,0.7742130467846419,SEMANTIC_REPAIR
sift_100k,2,sift_100k__seed43__cluster_block_order,sift_100k__seed71__natural_source_order,RM-B1,80,5,CERTIFIED,0.032,0.032,0.0,0.05699654926405676,1008.012,974.5,1808.7499999999989,0.7660339135375622,SEMANTIC_REPAIR
sift_100k,2,sift_100k__seed43__cluster_block_order,sift_100k__seed71__natural_source_order,RM-B2,80,11,B6_FALLBACK,0.0,0.0,0.0,0.011911419714980633,4308.368,4472.5,5759.45,0.0,SEMANTIC_REPAIR
sift_100k,2,sift_100k__seed43__cluster_block_order,sift_100k__seed71__natural_source_order,RM-B1,128,6,CERTIFIED,0.012,0.012,0.0,0.030720864145366192,1354.184,1321.0,2512.699999999999,0.6856851596706688,SEMANTIC_REPAIR
sift_100k,2,sift_100k__seed43__cluster_block_order,sift_100k__seed71__natural_source_order,RM-B2,128,6,CERTIFIED,0.012,0.012,0.0,0.030720864145366192,1354.184,1321.0,2512.699999999999,0.6856851596706688,SEMANTIC_REPAIR
sift_100k,2,sift_100k__seed43__cluster_block_order,sift_100k__seed71__natural_source_order,RM-B1,250,5,CERTIFIED,0.032,0.032,0.0,0.05699654926405676,1008.012,974.5,1808.7499999999989,0.7660339135375622,SEMANTIC_REPAIR
sift_100k,2,sift_100k__seed43__cluster_block_order,sift_100k__seed71__natural_source_order,RM-B2,250,5,CERTIFIED,0.032,0.032,0.0,0.05699654926405676,1008.012,974.5,1808.7499999999989,0.7660339135375622,SEMANTIC_REPAIR
sift_100k,2,sift_100k__seed43__cluster_block_order,sift_100k__seed71__random,RM-B1,80,5,CERTIFIED,0.012,0.012,0.0,0.030720864145366192,967.056,937.0,1459.1499999999958,0.772020334514264,SEMANTIC_REPAIR
sift_100k,2,sift_100k__seed43__cluster_block_order,sift_100k__seed71__random,RM-B2,80,6,CERTIFIED,0.004,0.004,0.0,0.018833965611186224,1302.904,1268.5,1911.9499999999955,0.692845483529364,SEMANTIC_REPAIR
sift_100k,2,sift_100k__seed43__cluster_block_order,sift_100k__seed71__random,RM-B1,128,6,CERTIFIED,0.004,0.004,0.0,0.018833965611186224,1302.904,1268.5,1911.9499999999955,0.692845483529364,SEMANTIC_REPAIR
sift_100k,2,sift_100k__seed43__cluster_block_order,sift_100k__seed71__random,RM-B2,128,6,CERTIFIED,0.004,0.004,0.0,0.018833965611186224,1302.904,1268.5,1911.9499999999955,0.692845483529364,SEMANTIC_REPAIR
sift_100k,2,sift_100k__seed43__cluster_block_order,sift_100k__seed71__random,RM-B1,250,5,CERTIFIED,0.012,0.012,0.0,0.030720864145366192,967.056,937.0,1459.1499999999958,0.772020334514264,SEMANTIC_REPAIR
sift_100k,2,sift_100k__seed43__cluster_block_order,sift_100k__seed71__random,RM-B2,250,6,CERTIFIED,0.004,0.004,0.0,0.018833965611186224,1302.904,1268.5,1911.9499999999955,0.692845483529364,SEMANTIC_REPAIR
sift_100k,2,sift_100k__seed43__natural_source_order,sift_100k__seed43__cluster_block_order,RM-B1,80,6,CERTIFIED,0.008,0.008,0.0,0.02496768176927198,1445.552,1330.0,3818.899999999999,0.6619657707932096,SEMANTIC_REPAIR
sift_100k,2,sift_100k__seed43__natural_source_order,sift_100k__seed43__cluster_block_order,RM-B2,80,5,CERTIFIED,0.024,0.024,0.0,0.04681743080651248,1076.148,981.5,2837.45,0.7483488247448524,SEMANTIC_REPAIR
sift_100k,2,sift_100k__seed43__natural_source_order,sift_100k__seed43__cluster_block_order,RM-B1,128,7,CERTIFIED,0.008,0.008,0.0,0.02496768176927198,1789.66,1643.5,4629.999999999999,0.5814980445931903,SEMANTIC_REPAIR
sift_100k,2,sift_100k__seed43__natural_source_order,sift_100k__seed43__cluster_block_order,RM-B2,128,5,CERTIFIED,0.024,0.024,0.0,0.04681743080651248,1076.148,981.5,2837.45,0.7483488247448524,SEMANTIC_REPAIR
sift_100k,2,sift_100k__seed43__natural_source_order,sift_100k__seed43__cluster_block_order,RM-B1,250,5,CERTIFIED,0.024,0.024,0.0,0.04681743080651248,1076.148,981.5,2837.45,0.7483488247448524,SEMANTIC_REPAIR
sift_100k,2,sift_100k__seed43__natural_source_order,sift_100k__seed43__cluster_block_order,RM-B2,250,5,CERTIFIED,0.024,0.024,0.0,0.04681743080651248,1076.148,981.5,2837.45,0.7483488247448524,SEMANTIC_REPAIR
sift_100k,2,sift_100k__seed43__natural_source_order,sift_100k__seed43__random,RM-B1,80,6,CERTIFIED,0.004,0.004,0.0,0.018833965611186224,1412.58,1272.5,3641.899999999999,0.6660213658562419,SEMANTIC_REPAIR
sift_100k,2,sift_100k__seed43__natural_source_order,sift_100k__seed43__random,RM-B2,80,7,CERTIFIED,0.0,0.0,0.0,0.011911419714980633,1750.96,1593.0,4540.2,0.5860176207787491,SEMANTIC_REPAIR
sift_100k,2,sift_100k__seed43__natural_source_order,sift_100k__seed43__random,RM-B1,128,7,CERTIFIED,0.0,0.0,0.0,0.011911419714980633,1750.96,1593.0,4540.2,0.5860176207787491,SEMANTIC_REPAIR
sift_100k,2,sift_100k__seed43__natural_source_order,sift_100k__seed43__random,RM-B2,128,6,CERTIFIED,0.004,0.004,0.0,0.018833965611186224,1412.58,1272.5,3641.899999999999,0.6660213658562419,SEMANTIC_REPAIR
sift_100k,2,sift_100k__seed43__natural_source_order,sift_100k__seed43__random,RM-B1,250,5,CERTIFIED,0.024,0.024,0.0,0.04681743080651248,1047.456,947.0,2712.099999999998,0.7523482392461424,SEMANTIC_REPAIR
sift_100k,2,sift_100k__seed43__natural_source_order,sift_100k__seed43__random,RM-B2,250,5,CERTIFIED,0.024,0.024,0.0,0.04681743080651248,1047.456,947.0,2712.099999999998,0.7523482392461424,SEMANTIC_REPAIR
sift_100k,2,sift_100k__seed43__natural_source_order,sift_100k__seed59__cluster_block_order,RM-B1,80,6,CERTIFIED,0.012,0.012,0.0,0.030720864145366192,1480.796,1313.5,3849.799999999999,0.6538132082494048,SEMANTIC_REPAIR
sift_100k,2,sift_100k__seed43__natural_source_order,sift_100k__seed59__cluster_block_order,RM-B2,80,5,CERTIFIED,0.024,0.024,0.0,0.04681743080651248,1101.868,967.0,2918.3499999999995,0.7424006089612312,SEMANTIC_REPAIR
sift_100k,2,sift_100k__seed43__natural_source_order,sift_100k__seed59__cluster_block_order,RM-B1,128,7,CERTIFIED,0.008,0.008,0.0,0.02496768176927198,1834.22,1631.0,4761.799999999998,0.571188241212985,SEMANTIC_REPAIR
sift_100k,2,sift_100k__seed43__natural_source_order,sift_100k__seed59__cluster_block_order,RM-B2,128,4,CERTIFIED,0.052,0.052,0.0,0.08140399950699219,895.924,778.0,2410.549999999999,0.7905470738627332,SEMANTIC_REPAIR
sift_100k,2,sift_100k__seed43__natural_source_order,sift_100k__seed59__cluster_block_order,RM-B1,250,5,CERTIFIED,0.024,0.024,0.0,0.04681743080651248,1101.868,967.0,2918.3499999999995,0.7424006089612312,SEMANTIC_REPAIR
sift_100k,2,sift_100k__seed43__natural_source_order,sift_100k__seed59__cluster_block_order,RM-B2,250,5,CERTIFIED,0.024,0.024,0.0,0.04681743080651248,1101.868,967.0,2918.3499999999995,0.7424006089612312,SEMANTIC_REPAIR
sift_100k,2,sift_100k__seed43__natural_source_order,sift_100k__seed59__natural_source_order,RM-B1,80,6,CERTIFIED,0.012,0.012,0.0,0.030720864145366192,1664.196,1312.0,4533.449999999999,0.6131593995378916,SEMANTIC_REPAIR
sift_100k,2,sift_100k__seed43__natural_source_order,sift_100k__seed59__natural_source_order,RM-B2,80,6,CERTIFIED,0.012,0.012,0.0,0.030720864145366192,1664.196,1312.0,4533.449999999999,0.6131593995378916,SEMANTIC_REPAIR
sift_100k,2,sift_100k__seed43__natural_source_order,sift_100k__seed59__natural_source_order,RM-B1,128,7,CERTIFIED,0.004,0.004,0.0,0.018833965611186224,2054.736,1624.5,5589.249999999998,0.5223787894988867,SEMANTIC_REPAIR
sift_100k,2,sift_100k__seed43__natural_source_order,sift_100k__seed59__natural_source_order,RM-B2,128,5,CERTIFIED,0.024,0.024,0.0,0.04681743080651248,1236.184,975.5,3380.999999999998,0.71265033635362,SEMANTIC_REPAIR
sift_100k,2,sift_100k__seed43__natural_source_order,sift_100k__seed59__natural_source_order,RM-B1,250,5,CERTIFIED,0.024,0.024,0.0,0.04681743080651248,1236.184,975.5,3380.999999999998,0.71265033635362,SEMANTIC_REPAIR
sift_100k,2,sift_100k__seed43__natural_source_order,sift_100k__seed59__natural_source_order,RM-B2,250,5,CERTIFIED,0.024,0.024,0.0,0.04681743080651248,1236.184,975.5,3380.999999999998,0.71265033635362,SEMANTIC_REPAIR
sift_100k,2,sift_100k__seed43__natural_source_order,sift_100k__seed59__random,RM-B1,80,6,CERTIFIED,0.012,0.012,0.0,0.030720864145366192,1441.984,1276.0,3890.2999999999993,0.6593956354916521,SEMANTIC_REPAIR
sift_100k,2,sift_100k__seed43__natural_source_order,sift_100k__seed59__random,RM-B2,80,6,CERTIFIED,0.012,0.012,0.0,0.030720864145366192,1441.984,1276.0,3890.2999999999993,0.6593956354916521,SEMANTIC_REPAIR
sift_100k,2,sift_100k__seed43__natural_source_order,sift_100k__seed59__random,RM-B1,128,7,CERTIFIED,0.0,0.0,0.0,0.011911419714980633,1785.904,1589.5,4753.999999999999,0.578159884580608,SEMANTIC_REPAIR
sift_100k,2,sift_100k__seed43__natural_source_order,sift_100k__seed59__random,RM-B2,128,6,CERTIFIED,0.012,0.012,0.0,0.030720864145366192,1441.984,1276.0,3890.2999999999993,0.6593956354916521,SEMANTIC_REPAIR
sift_100k,2,sift_100k__seed43__natural_source_order,sift_100k__seed59__random,RM-B1,250,5,CERTIFIED,0.024,0.024,0.0,0.04681743080651248,1068.36,939.5,2919.499999999999,0.7476476307184139,SEMANTIC_REPAIR
sift_100k,2,sift_100k__seed43__natural_source_order,sift_100k__seed59__random,RM-B2,250,5,CERTIFIED,0.024,0.024,0.0,0.04681743080651248,1068.36,939.5,2919.499999999999,0.7476476307184139,SEMANTIC_REPAIR
sift_100k,2,sift_100k__seed43__natural_source_order,sift_100k__seed71__cluster_block_order,RM-B1,80,6,CERTIFIED,0.008,0.008,0.0,0.02496768176927198,1465.992,1306.0,4104.599999999999,0.6576045829853306,SEMANTIC_REPAIR
sift_100k,2,sift_100k__seed43__natural_source_order,sift_100k__seed71__cluster_block_order,RM-B2,80,6,CERTIFIED,0.008,0.008,0.0,0.02496768176927198,1465.992,1306.0,4104.599999999999,0.6576045829853306,SEMANTIC_REPAIR
sift_100k,2,sift_100k__seed43__natural_source_order,sift_100k__seed71__cluster_block_order,RM-B1,128,7,CERTIFIED,0.004,0.004,0.0,0.018833965611186224,1813.756,1624.0,4953.949999999999,0.576381220373059,SEMANTIC_REPAIR
sift_100k,2,sift_100k__seed43__natural_source_order,sift_100k__seed71__cluster_block_order,RM-B2,128,5,CERTIFIED,0.024,0.024,0.0,0.04681743080651248,1089.108,957.5,3060.7,0.7456291795357597,SEMANTIC_REPAIR
sift_100k,2,sift_100k__seed43__natural_source_order,sift_100k__seed71__cluster_block_order,RM-B1,250,5,CERTIFIED,0.024,0.024,0.0,0.04681743080651248,1089.108,957.5,3060.7,0.7456291795357597,SEMANTIC_REPAIR
sift_100k,2,sift_100k__seed43__natural_source_order,sift_100k__seed71__cluster_block_order,RM-B2,250,5,CERTIFIED,0.024,0.024,0.0,0.04681743080651248,1089.108,957.5,3060.7,0.7456291795357597,SEMANTIC_REPAIR
sift_100k,2,sift_100k__seed43__natural_source_order,sift_100k__seed71__natural_source_order,RM-B1,80,6,CERTIFIED,0.012,0.012,0.0,0.030720864145366192,1558.3,1324.5,4319.55,0.638308519606496,SEMANTIC_REPAIR
sift_100k,2,sift_100k__seed43__natural_source_order,sift_100k__seed71__natural_source_order,RM-B2,80,11,B6_FALLBACK,0.0,0.0,0.0,0.011911419714980633,4308.368,4472.5,5759.45,0.0,SEMANTIC_REPAIR
sift_100k,2,sift_100k__seed43__natural_source_order,sift_100k__seed71__natural_source_order,RM-B1,128,7,CERTIFIED,0.004,0.004,0.0,0.018833965611186224,1931.516,1640.5,5308.049999999999,0.5516826789169356,SEMANTIC_REPAIR
sift_100k,2,sift_100k__seed43__natural_source_order,sift_100k__seed71__natural_source_order,RM-B2,128,6,CERTIFIED,0.012,0.012,0.0,0.030720864145366192,1558.3,1324.5,4319.55,0.638308519606496,SEMANTIC_REPAIR
sift_100k,2,sift_100k__seed43__natural_source_order,sift_100k__seed71__natural_source_order,RM-B1,250,5,CERTIFIED,0.024,0.024,0.0,0.04681743080651248,1159.032,975.5,3187.2499999999995,0.7309811975207318,SEMANTIC_REPAIR
sift_100k,2,sift_100k__seed43__natural_source_order,sift_100k__seed71__natural_source_order,RM-B2,250,5,CERTIFIED,0.024,0.024,0.0,0.04681743080651248,1159.032,975.5,3187.2499999999995,0.7309811975207318,SEMANTIC_REPAIR
sift_100k,2,sift_100k__seed43__natural_source_order,sift_100k__seed71__random,RM-B1,80,6,CERTIFIED,0.0,0.0,0.0,0.011911419714980633,1491.804,1275.5,4240.45,0.6483130481685829,SEMANTIC_REPAIR
sift_100k,2,sift_100k__seed43__natural_source_order,sift_100k__seed71__random,RM-B2,80,6,CERTIFIED,0.0,0.0,0.0,0.011911419714980633,1491.804,1275.5,4240.45,0.6483130481685829,SEMANTIC_REPAIR
sift_100k,2,sift_100k__seed43__natural_source_order,sift_100k__seed71__random,RM-B1,128,7,CERTIFIED,0.0,0.0,0.0,0.011911419714980633,1846.044,1593.0,5180.349999999999,0.5648023551976824,SEMANTIC_REPAIR
sift_100k,2,sift_100k__seed43__natural_source_order,sift_100k__seed71__random,RM-B2,128,6,CERTIFIED,0.0,0.0,0.0,0.011911419714980633,1491.804,1275.5,4240.45,0.6483130481685829,SEMANTIC_REPAIR
sift_100k,2,sift_100k__seed43__natural_source_order,sift_100k__seed71__random,RM-B1,250,5,CERTIFIED,0.008,0.008,0.0,0.02496768176927198,1107.304,939.0,3162.55,0.7389574176562501,SEMANTIC_REPAIR
sift_100k,2,sift_100k__seed43__natural_source_order,sift_100k__seed71__random,RM-B2,250,6,CERTIFIED,0.0,0.0,0.0,0.011911419714980633,1491.804,1275.5,4240.45,0.6483130481685829,SEMANTIC_REPAIR
sift_100k,2,sift_100k__seed43__random,sift_100k__seed43__cluster_block_order,RM-B1,80,8,CERTIFIED,0.004,0.004,0.0,0.018833965611186224,2416.744,2247.5,4808.95,0.4348579675929086,SEMANTIC_REPAIR
sift_100k,2,sift_100k__seed43__random,sift_100k__seed43__cluster_block_order,RM-B2,80,4,CERTIFIED,0.04,0.04,0.0,0.06690426305497835,926.132,798.0,2304.6,0.7834292251238674,SEMANTIC_REPAIR
sift_100k,2,sift_100k__seed43__random,sift_100k__seed43__cluster_block_order,RM-B1,128,6,CERTIFIED,0.008,0.008,0.0,0.02496768176927198,1532.676,1350.0,3957.6999999999975,0.641592311944678,SEMANTIC_REPAIR
sift_100k,2,sift_100k__seed43__random,sift_100k__seed43__cluster_block_order,RM-B2,128,4,CERTIFIED,0.04,0.04,0.0,0.06690426305497835,926.132,798.0,2304.6,0.7834292251238674,SEMANTIC_REPAIR
sift_100k,2,sift_100k__seed43__random,sift_100k__seed43__cluster_block_order,RM-B1,250,5,CERTIFIED,0.02,0.02,0.0,0.04158982878282098,1160.888,986.0,2897.6999999999985,0.7285328509279414,SEMANTIC_REPAIR
sift_100k,2,sift_100k__seed43__random,sift_100k__seed43__cluster_block_order,RM-B2,250,4,CERTIFIED,0.04,0.04,0.0,0.06690426305497835,926.132,798.0,2304.6,0.7834292251238674,SEMANTIC_REPAIR
sift_100k,2,sift_100k__seed43__random,sift_100k__seed43__natural_source_order,RM-B1,80,8,CERTIFIED,0.0,0.0,0.0,0.011911419714980633,2338.52,2229.0,3763.199999999997,0.4561318314932443,SEMANTIC_REPAIR
sift_100k,2,sift_100k__seed43__random,sift_100k__seed43__natural_source_order,RM-B2,80,11,B6_FALLBACK,0.0,0.0,0.0,0.011911419714980633,4299.792,4473.5,5751.25,0.0,SEMANTIC_REPAIR
sift_100k,2,sift_100k__seed43__random,sift_100k__seed43__natural_source_order,RM-B1,128,6,CERTIFIED,0.004,0.004,0.0,0.018833965611186224,1446.46,1313.5,2178.85,0.6635976810041044,SEMANTIC_REPAIR
sift_100k,2,sift_100k__seed43__random,sift_100k__seed43__natural_source_order,RM-B2,128,5,CERTIFIED,0.028,0.028,0.0,0.05194700438197347,1093.548,979.0,1731.5999999999995,0.7456742093571038,SEMANTIC_REPAIR
sift_100k,2,sift_100k__seed43__random,sift_100k__seed43__natural_source_order,RM-B1,250,5,CERTIFIED,0.028,0.028,0.0,0.05194700438197347,1093.548,979.0,1731.5999999999995,0.7456742093571038,SEMANTIC_REPAIR
sift_100k,2,sift_100k__seed43__random,sift_100k__seed43__natural_source_order,RM-B2,250,4,CERTIFIED,0.056,0.056,0.0,0.08616164215725003,869.172,800.0,1311.9499999999998,0.7978571986737963,SEMANTIC_REPAIR
sift_100k,2,sift_100k__seed43__random,sift_100k__seed59__cluster_block_order,RM-B1,80,8,CERTIFIED,0.004,0.004,0.0,0.018833965611186224,2415.932,2228.5,4608.499999999999,0.4351931338499031,SEMANTIC_REPAIR
sift_100k,2,sift_100k__seed43__random,sift_100k__seed59__cluster_block_order,RM-B2,80,4,CERTIFIED,0.032,0.032,0.0,0.05699654926405676,921.796,796.5,2327.099999999998,0.7844986075809688,SEMANTIC_REPAIR
sift_100k,2,sift_100k__seed43__random,sift_100k__seed59__cluster_block_order,RM-B1,128,6,CERTIFIED,0.008,0.008,0.0,0.02496768176927198,1533.3,1330.5,3790.8499999999995,0.6415385996510069,SEMANTIC_REPAIR
sift_100k,2,sift_100k__seed43__random,sift_100k__seed59__cluster_block_order,RM-B2,128,4,CERTIFIED,0.032,0.032,0.0,0.05699654926405676,921.796,796.5,2327.099999999998,0.7844986075809688,SEMANTIC_REPAIR
sift_100k,2,sift_100k__seed43__random,sift_100k__seed59__cluster_block_order,RM-B1,250,5,CERTIFIED,0.02,0.02,0.0,0.04158982878282098,1160.86,983.0,2849.1999999999994,0.7286092081072639,SEMANTIC_REPAIR
sift_100k,2,sift_100k__seed43__random,sift_100k__seed59__cluster_block_order,RM-B2,250,4,CERTIFIED,0.032,0.032,0.0,0.05699654926405676,921.796,796.5,2327.099999999998,0.7844986075809688,SEMANTIC_REPAIR
sift_100k,2,sift_100k__seed43__random,sift_100k__seed59__natural_source_order,RM-B1,80,8,CERTIFIED,0.0,0.0,0.0,0.011911419714980633,2467.012,2260.0,5180.0999999999985,0.4265456692437506,SEMANTIC_REPAIR
sift_100k,2,sift_100k__seed43__random,sift_100k__seed59__natural_source_order,RM-B2,80,6,CERTIFIED,0.008,0.008,0.0,0.02496768176927198,1581.388,1328.0,4273.3,0.6324080315758644,SEMANTIC_REPAIR
sift_100k,2,sift_100k__seed43__random,sift_100k__seed59__natural_source_order,RM-B1,128,6,CERTIFIED,0.008,0.008,0.0,0.02496768176927198,1581.388,1328.0,4273.3,0.6324080315758644,SEMANTIC_REPAIR
sift_100k,2,sift_100k__seed43__random,sift_100k__seed59__natural_source_order,RM-B2,128,5,CERTIFIED,0.024,0.024,0.0,0.04681743080651248,1195.844,987.5,3190.1499999999996,0.7220273266976909,SEMANTIC_REPAIR
sift_100k,2,sift_100k__seed43__random,sift_100k__seed59__natural_source_order,RM-B1,250,5,CERTIFIED,0.024,0.024,0.0,0.04681743080651248,1195.844,987.5,3190.1499999999996,0.7220273266976909,SEMANTIC_REPAIR
sift_100k,2,sift_100k__seed43__random,sift_100k__seed59__natural_source_order,RM-B2,250,4,CERTIFIED,0.032,0.032,0.0,0.05699654926405676,951.396,810.5,2586.2,0.7788490058158726,SEMANTIC_REPAIR
sift_100k,2,sift_100k__seed43__random,sift_100k__seed59__random,RM-B1,80,8,CERTIFIED,0.0,0.0,0.0,0.011911419714980633,2348.28,2187.5,4657.849999999996,0.44532365332232304,SEMANTIC_REPAIR
sift_100k,2,sift_100k__seed43__random,sift_100k__seed59__random,RM-B2,80,6,CERTIFIED,0.008,0.008,0.0,0.02496768176927198,1470.476,1294.0,3605.499999999996,0.652665672084588,SEMANTIC_REPAIR
sift_100k,2,sift_100k__seed43__random,sift_100k__seed59__random,RM-B1,128,6,CERTIFIED,0.008,0.008,0.0,0.02496768176927198,1470.476,1294.0,3605.499999999996,0.652665672084588,SEMANTIC_REPAIR
sift_100k,2,sift_100k__seed43__random,sift_100k__seed59__random,RM-B2,128,6,CERTIFIED,0.008,0.008,0.0,0.02496768176927198,1470.476,1294.0,3605.499999999996,0.652665672084588,SEMANTIC_REPAIR
sift_100k,2,sift_100k__seed43__random,sift_100k__seed59__random,RM-B1,250,5,CERTIFIED,0.016,0.016,0.0,0.03623796513686767,1106.196,957.5,2675.5499999999993,0.7387105643324223,SEMANTIC_REPAIR
sift_100k,2,sift_100k__seed43__random,sift_100k__seed59__random,RM-B2,250,5,CERTIFIED,0.016,0.016,0.0,0.03623796513686767,1106.196,957.5,2675.5499999999993,0.7387105643324223,SEMANTIC_REPAIR
sift_100k,2,sift_100k__seed43__random,sift_100k__seed71__cluster_block_order,RM-B1,80,8,CERTIFIED,0.004,0.004,0.0,0.018833965611186224,2400.024,2234.0,4729.349999999997,0.43945313594807145,SEMANTIC_REPAIR
sift_100k,2,sift_100k__seed43__random,sift_100k__seed71__cluster_block_order,RM-B2,80,5,CERTIFIED,0.02,0.02,0.0,0.04158982878282098,1141.62,972.5,2840.999999999998,0.733364536796731,SEMANTIC_REPAIR
sift_100k,2,sift_100k__seed43__random,sift_100k__seed71__cluster_block_order,RM-B1,128,6,CERTIFIED,0.004,0.004,0.0,0.018833965611186224,1509.34,1341.0,3745.049999999999,0.6474802736188731,SEMANTIC_REPAIR
sift_100k,2,sift_100k__seed43__random,sift_100k__seed71__cluster_block_order,RM-B2,128,4,CERTIFIED,0.028,0.028,0.0,0.05194700438197347,908.984,793.0,2250.6,0.7876987352320735,SEMANTIC_REPAIR
sift_100k,2,sift_100k__seed43__random,sift_100k__seed71__cluster_block_order,RM-B1,250,5,CERTIFIED,0.02,0.02,0.0,0.04158982878282098,1141.62,972.5,2840.999999999998,0.733364536796731,SEMANTIC_REPAIR
sift_100k,2,sift_100k__seed43__random,sift_100k__seed71__cluster_block_order,RM-B2,250,4,CERTIFIED,0.028,0.028,0.0,0.05194700438197347,908.984,793.0,2250.6,0.7876987352320735,SEMANTIC_REPAIR
sift_100k,2,sift_100k__seed43__random,sift_100k__seed71__natural_source_order,RM-B1,80,8,CERTIFIED,0.0,0.0,0.0,0.011911419714980633,2483.248,2281.5,5282.0,0.4236221232726638,SEMANTIC_REPAIR
sift_100k,2,sift_100k__seed43__random,sift_100k__seed71__natural_source_order,RM-B2,80,11,B6_FALLBACK,0.0,0.0,0.0,0.011911419714980633,4308.368,4472.5,5759.45,0.0,SEMANTIC_REPAIR
sift_100k,2,sift_100k__seed43__random,sift_100k__seed71__natural_source_order,RM-B1,128,6,CERTIFIED,0.004,0.004,0.0,0.018833965611186224,1588.176,1337.5,4312.7,0.631374107318595,SEMANTIC_REPAIR
sift_100k,2,sift_100k__seed43__random,sift_100k__seed71__natural_source_order,RM-B2,128,5,CERTIFIED,0.02,0.02,0.0,0.04158982878282098,1205.828,1011.5,3246.599999999999,0.7201195441057959,SEMANTIC_REPAIR
sift_100k,2,sift_100k__seed43__random,sift_100k__seed71__natural_source_order,RM-B1,250,5,CERTIFIED,0.02,0.02,0.0,0.04158982878282098,1205.828,1011.5,3246.599999999999,0.7201195441057959,SEMANTIC_REPAIR
sift_100k,2,sift_100k__seed43__random,sift_100k__seed71__natural_source_order,RM-B2,250,4,CERTIFIED,0.036,0.036,0.0,0.06197905502895629,960.312,814.0,2622.1,0.7771053911829259,SEMANTIC_REPAIR
sift_100k,2,sift_100k__seed43__random,sift_100k__seed71__random,RM-B1,80,8,CERTIFIED,0.0,0.0,0.0,0.011911419714980633,2378.772,2191.0,4996.599999999999,0.43921381509774504,SEMANTIC_REPAIR
sift_100k,2,sift_100k__seed43__random,sift_100k__seed71__random,RM-B2,80,5,CERTIFIED,0.008,0.008,0.0,0.02496768176927198,1133.864,961.5,3022.9999999999986,0.7326960016521085,SEMANTIC_REPAIR
sift_100k,2,sift_100k__seed43__random,sift_100k__seed71__random,RM-B1,128,6,CERTIFIED,0.0,0.0,0.0,0.011911419714980633,1501.552,1302.0,4042.1499999999996,0.6460149953369425,SEMANTIC_REPAIR
sift_100k,2,sift_100k__seed43__random,sift_100k__seed71__random,RM-B2,128,5,CERTIFIED,0.008,0.008,0.0,0.02496768176927198,1133.864,961.5,3022.9999999999986,0.7326960016521085,SEMANTIC_REPAIR
sift_100k,2,sift_100k__seed43__random,sift_100k__seed71__random,RM-B1,250,5,CERTIFIED,0.008,0.008,0.0,0.02496768176927198,1133.864,961.5,3022.9999999999986,0.7326960016521085,SEMANTIC_REPAIR
sift_100k,2,sift_100k__seed43__random,sift_100k__seed71__random,RM-B2,250,5,CERTIFIED,0.008,0.008,0.0,0.02496768176927198,1133.864,961.5,3022.9999999999986,0.7326960016521085,SEMANTIC_REPAIR
sift_100k,2,sift_100k__seed59__cluster_block_order,sift_100k__seed43__cluster_block_order,RM-B1,80,6,CERTIFIED,0.008,0.008,0.0,0.02496768176927198,1321.712,1328.5,1691.6999999999998,0.6909250603552377,SEMANTIC_REPAIR
sift_100k,2,sift_100k__seed59__cluster_block_order,sift_100k__seed43__cluster_block_order,RM-B2,80,4,CERTIFIED,0.056,0.056,0.0,0.08616164215725003,794.848,779.5,995.0,0.8141292523433546,SEMANTIC_REPAIR
sift_100k,2,sift_100k__seed59__cluster_block_order,sift_100k__seed43__cluster_block_order,RM-B1,128,6,CERTIFIED,0.008,0.008,0.0,0.02496768176927198,1321.712,1328.5,1691.6999999999998,0.6909250603552377,SEMANTIC_REPAIR
sift_100k,2,sift_100k__seed59__cluster_block_order,sift_100k__seed43__cluster_block_order,RM-B2,128,5,CERTIFIED,0.024,0.024,0.0,0.04681743080651248,990.08,981.0,1250.6499999999999,0.768475343914948,SEMANTIC_REPAIR
sift_100k,2,sift_100k__seed59__cluster_block_order,sift_100k__seed43__cluster_block_order,RM-B1,250,5,CERTIFIED,0.024,0.024,0.0,0.04681743080651248,990.08,981.0,1250.6499999999999,0.768475343914948,SEMANTIC_REPAIR
sift_100k,2,sift_100k__seed59__cluster_block_order,sift_100k__seed43__cluster_block_order,RM-B2,250,5,CERTIFIED,0.024,0.024,0.0,0.04681743080651248,990.08,981.0,1250.6499999999999,0.768475343914948,SEMANTIC_REPAIR
sift_100k,2,sift_100k__seed59__cluster_block_order,sift_100k__seed43__natural_source_order,RM-B1,80,6,CERTIFIED,0.012,0.012,0.0,0.030720864145366192,1280.564,1306.0,1660.3,0.7021800124285082,SEMANTIC_REPAIR
sift_100k,2,sift_100k__seed59__cluster_block_order,sift_100k__seed43__natural_source_order,RM-B2,80,11,B6_FALLBACK,0.0,0.0,0.0,0.011911419714980633,4299.792,4473.5,5751.25,0.0,SEMANTIC_REPAIR
sift_100k,2,sift_100k__seed59__cluster_block_order,sift_100k__seed43__natural_source_order,RM-B1,128,6,CERTIFIED,0.012,0.012,0.0,0.030720864145366192,1280.564,1306.0,1660.3,0.7021800124285082,SEMANTIC_REPAIR
sift_100k,2,sift_100k__seed59__cluster_block_order,sift_100k__seed43__natural_source_order,RM-B2,128,6,CERTIFIED,0.012,0.012,0.0,0.030720864145366192,1280.564,1306.0,1660.3,0.7021800124285082,SEMANTIC_REPAIR
sift_100k,2,sift_100k__seed59__cluster_block_order,sift_100k__seed43__natural_source_order,RM-B1,250,5,CERTIFIED,0.036,0.036,0.0,0.06197905502895629,954.92,975.0,1230.1499999999999,0.777914838671266,SEMANTIC_REPAIR
sift_100k,2,sift_100k__seed59__cluster_block_order,sift_100k__seed43__natural_source_order,RM-B2,250,5,CERTIFIED,0.036,0.036,0.0,0.06197905502895629,954.92,975.0,1230.1499999999999,0.777914838671266,SEMANTIC_REPAIR
sift_100k,2,sift_100k__seed59__cluster_block_order,sift_100k__seed43__random,RM-B1,80,6,CERTIFIED,0.008,0.008,0.0,0.02496768176927198,1290.276,1266.0,1617.85,0.6949379035888434,SEMANTIC_REPAIR
sift_100k,2,sift_100k__seed59__cluster_block_order,sift_100k__seed43__random,RM-B2,80,6,CERTIFIED,0.008,0.008,0.0,0.02496768176927198,1290.276,1266.0,1617.85,0.6949379035888434,SEMANTIC_REPAIR
sift_100k,2,sift_100k__seed59__cluster_block_order,sift_100k__seed43__random,RM-B1,128,6,CERTIFIED,0.008,0.008,0.0,0.02496768176927198,1290.276,1266.0,1617.85,0.6949379035888434,SEMANTIC_REPAIR
sift_100k,2,sift_100k__seed59__cluster_block_order,sift_100k__seed43__random,RM-B2,128,6,CERTIFIED,0.008,0.008,0.0,0.02496768176927198,1290.276,1266.0,1617.85,0.6949379035888434,SEMANTIC_REPAIR
sift_100k,2,sift_100k__seed59__cluster_block_order,sift_100k__seed43__random,RM-B1,250,5,CERTIFIED,0.028,0.028,0.0,0.05194700438197347,963.5,940.0,1186.75,0.7721980956848384,SEMANTIC_REPAIR
sift_100k,2,sift_100k__seed59__cluster_block_order,sift_100k__seed43__random,RM-B2,250,5,CERTIFIED,0.028,0.028,0.0,0.05194700438197347,963.5,940.0,1186.75,0.7721980956848384,SEMANTIC_REPAIR
sift_100k,2,sift_100k__seed59__cluster_block_order,sift_100k__seed59__natural_source_order,RM-B1,80,6,CERTIFIED,0.016,0.016,0.0,0.03623796513686767,1351.576,1310.0,2151.5499999999884,0.6858275879703024,SEMANTIC_REPAIR
sift_100k,2,sift_100k__seed59__cluster_block_order,sift_100k__seed59__natural_source_order,RM-B2,80,6,CERTIFIED,0.016,0.016,0.0,0.03623796513686767,1351.576,1310.0,2151.5499999999884,0.6858275879703024,SEMANTIC_REPAIR
sift_100k,2,sift_100k__seed59__cluster_block_order,sift_100k__seed59__natural_source_order,RM-B1,128,6,CERTIFIED,0.016,0.016,0.0,0.03623796513686767,1351.576,1310.0,2151.5499999999884,0.6858275879703024,SEMANTIC_REPAIR
sift_100k,2,sift_100k__seed59__cluster_block_order,sift_100k__seed59__natural_source_order,RM-B2,128,5,CERTIFIED,0.032,0.032,0.0,0.05699654926405676,1015.084,972.0,1685.0499999999893,0.7640447975602159,SEMANTIC_REPAIR
sift_100k,2,sift_100k__seed59__cluster_block_order,sift_100k__seed59__natural_source_order,RM-B1,250,5,CERTIFIED,0.032,0.032,0.0,0.05699654926405676,1015.084,972.0,1685.0499999999893,0.7640447975602159,SEMANTIC_REPAIR
sift_100k,2,sift_100k__seed59__cluster_block_order,sift_100k__seed59__natural_source_order,RM-B2,250,5,CERTIFIED,0.032,0.032,0.0,0.05699654926405676,1015.084,972.0,1685.0499999999893,0.7640447975602159,SEMANTIC_REPAIR
sift_100k,2,sift_100k__seed59__cluster_block_order,sift_100k__seed59__random,RM-B1,80,6,CERTIFIED,0.012,0.012,0.0,0.030720864145366192,1289.532,1276.0,1623.9499999999998,0.6954056165857743,SEMANTIC_REPAIR
sift_100k,2,sift_100k__seed59__cluster_block_order,sift_100k__seed59__random,RM-B2,80,6,CERTIFIED,0.012,0.012,0.0,0.030720864145366192,1289.532,1276.0,1623.9499999999998,0.6954056165857743,SEMANTIC_REPAIR
sift_100k,2,sift_100k__seed59__cluster_block_order,sift_100k__seed59__random,RM-B1,128,6,CERTIFIED,0.012,0.012,0.0,0.030720864145366192,1289.532,1276.0,1623.9499999999998,0.6954056165857743,SEMANTIC_REPAIR
sift_100k,2,sift_100k__seed59__cluster_block_order,sift_100k__seed59__random,RM-B2,128,6,CERTIFIED,0.012,0.012,0.0,0.030720864145366192,1289.532,1276.0,1623.9499999999998,0.6954056165857743,SEMANTIC_REPAIR
sift_100k,2,sift_100k__seed59__cluster_block_order,sift_100k__seed59__random,RM-B1,250,5,CERTIFIED,0.028,0.028,0.0,0.05194700438197347,964.14,939.5,1186.2499999999998,0.7722649543981912,SEMANTIC_REPAIR
sift_100k,2,sift_100k__seed59__cluster_block_order,sift_100k__seed59__random,RM-B2,250,5,CERTIFIED,0.028,0.028,0.0,0.05194700438197347,964.14,939.5,1186.2499999999998,0.7722649543981912,SEMANTIC_REPAIR
sift_100k,2,sift_100k__seed59__cluster_block_order,sift_100k__seed71__cluster_block_order,RM-B1,80,6,CERTIFIED,0.008,0.008,0.0,0.02496768176927198,1313.696,1313.0,1697.85,0.6931746627877211,SEMANTIC_REPAIR
sift_100k,2,sift_100k__seed59__cluster_block_order,sift_100k__seed71__cluster_block_order,RM-B2,80,6,CERTIFIED,0.008,0.008,0.0,0.02496768176927198,1313.696,1313.0,1697.85,0.6931746627877211,SEMANTIC_REPAIR
sift_100k,2,sift_100k__seed59__cluster_block_order,sift_100k__seed71__cluster_block_order,RM-B1,128,6,CERTIFIED,0.008,0.008,0.0,0.02496768176927198,1313.696,1313.0,1697.85,0.6931746627877211,SEMANTIC_REPAIR
sift_100k,2,sift_100k__seed59__cluster_block_order,sift_100k__seed71__cluster_block_order,RM-B2,128,5,CERTIFIED,0.024,0.024,0.0,0.04681743080651248,985.436,963.0,1269.1999999999998,0.7698426934381172,SEMANTIC_REPAIR
sift_100k,2,sift_100k__seed59__cluster_block_order,sift_100k__seed71__cluster_block_order,RM-B1,250,5,CERTIFIED,0.024,0.024,0.0,0.04681743080651248,985.436,963.0,1269.1999999999998,0.7698426934381172,SEMANTIC_REPAIR
sift_100k,2,sift_100k__seed59__cluster_block_order,sift_100k__seed71__cluster_block_order,RM-B2,250,5,CERTIFIED,0.024,0.024,0.0,0.04681743080651248,985.436,963.0,1269.1999999999998,0.7698426934381172,SEMANTIC_REPAIR
sift_100k,2,sift_100k__seed59__cluster_block_order,sift_100k__seed71__natural_source_order,RM-B1,80,6,CERTIFIED,0.012,0.012,0.0,0.030720864145366192,1344.108,1320.0,1742.85,0.6880238642567209,SEMANTIC_REPAIR
sift_100k,2,sift_100k__seed59__cluster_block_order,sift_100k__seed71__natural_source_order,RM-B2,80,11,B6_FALLBACK,0.0,0.0,0.0,0.011911419714980633,4308.368,4472.5,5759.45,0.0,SEMANTIC_REPAIR
sift_100k,2,sift_100k__seed59__cluster_block_order,sift_100k__seed71__natural_source_order,RM-B1,128,6,CERTIFIED,0.012,0.012,0.0,0.030720864145366192,1344.108,1320.0,1742.85,0.6880238642567209,SEMANTIC_REPAIR
sift_100k,2,sift_100k__seed59__cluster_block_order,sift_100k__seed71__natural_source_order,RM-B2,128,6,CERTIFIED,0.012,0.012,0.0,0.030720864145366192,1344.108,1320.0,1742.85,0.6880238642567209,SEMANTIC_REPAIR
sift_100k,2,sift_100k__seed59__cluster_block_order,sift_100k__seed71__natural_source_order,RM-B1,250,5,CERTIFIED,0.032,0.032,0.0,0.05699654926405676,1011.596,974.5,1290.1,0.7652020440222377,SEMANTIC_REPAIR
sift_100k,2,sift_100k__seed59__cluster_block_order,sift_100k__seed71__natural_source_order,RM-B2,250,5,CERTIFIED,0.032,0.032,0.0,0.05699654926405676,1011.596,974.5,1290.1,0.7652020440222377,SEMANTIC_REPAIR
sift_100k,2,sift_100k__seed59__cluster_block_order,sift_100k__seed71__random,RM-B1,80,6,CERTIFIED,0.012,0.012,0.0,0.030720864145366192,1304.876,1279.5,1661.1499999999999,0.6923805922507433,SEMANTIC_REPAIR
sift_100k,2,sift_100k__seed59__cluster_block_order,sift_100k__seed71__random,RM-B2,80,6,CERTIFIED,0.012,0.012,0.0,0.030720864145366192,1304.876,1279.5,1661.1499999999999,0.6923805922507433,SEMANTIC_REPAIR
sift_100k,2,sift_100k__seed59__cluster_block_order,sift_100k__seed71__random,RM-B1,128,6,CERTIFIED,0.012,0.012,0.0,0.030720864145366192,1304.876,1279.5,1661.1499999999999,0.6923805922507433,SEMANTIC_REPAIR
sift_100k,2,sift_100k__seed59__cluster_block_order,sift_100k__seed71__random,RM-B2,128,6,CERTIFIED,0.012,0.012,0.0,0.030720864145366192,1304.876,1279.5,1661.1499999999999,0.6923805922507433,SEMANTIC_REPAIR
sift_100k,2,sift_100k__seed59__cluster_block_order,sift_100k__seed71__random,RM-B1,250,5,CERTIFIED,0.02,0.02,0.0,0.04158982878282098,976.932,943.0,1223.2499999999998,0.7696921061838083,SEMANTIC_REPAIR
sift_100k,2,sift_100k__seed59__cluster_block_order,sift_100k__seed71__random,RM-B2,250,5,CERTIFIED,0.02,0.02,0.0,0.04158982878282098,976.932,943.0,1223.2499999999998,0.7696921061838083,SEMANTIC_REPAIR
sift_100k,2,sift_100k__seed59__natural_source_order,sift_100k__seed43__cluster_block_order,RM-B1,80,6,CERTIFIED,0.008,0.008,0.0,0.02496768176927198,1414.908,1332.5,3446.899999999988,0.6691316983556999,SEMANTIC_REPAIR
sift_100k,2,sift_100k__seed59__natural_source_order,sift_100k__seed43__cluster_block_order,RM-B2,80,4,CERTIFIED,0.052,0.052,0.0,0.08140399950699219,850.424,792.5,1965.2999999999918,0.8011331163880957,SEMANTIC_REPAIR
sift_100k,2,sift_100k__seed59__natural_source_order,sift_100k__seed43__cluster_block_order,RM-B1,128,7,CERTIFIED,0.008,0.008,0.0,0.02496768176927198,1758.304,1644.0,4286.049999999988,0.5888304693631108,SEMANTIC_REPAIR
sift_100k,2,sift_100k__seed59__natural_source_order,sift_100k__seed43__cluster_block_order,RM-B2,128,5,CERTIFIED,0.024,0.024,0.0,0.04681743080651248,1051.412,982.0,2479.8499999999885,0.7541331996366993,SEMANTIC_REPAIR
sift_100k,2,sift_100k__seed59__natural_source_order,sift_100k__seed43__cluster_block_order,RM-B1,250,5,CERTIFIED,0.024,0.024,0.0,0.04681743080651248,1051.412,982.0,2479.8499999999885,0.7541331996366993,SEMANTIC_REPAIR
sift_100k,2,sift_100k__seed59__natural_source_order,sift_100k__seed43__cluster_block_order,RM-B2,250,5,CERTIFIED,0.024,0.024,0.0,0.04681743080651248,1051.412,982.0,2479.8499999999885,0.7541331996366993,SEMANTIC_REPAIR
sift_100k,2,sift_100k__seed59__natural_source_order,sift_100k__seed43__natural_source_order,RM-B1,80,6,CERTIFIED,0.012,0.012,0.0,0.030720864145366192,1423.496,1306.0,3693.1499999999987,0.6689384044623554,SEMANTIC_REPAIR
sift_100k,2,sift_100k__seed59__natural_source_order,sift_100k__seed43__natural_source_order,RM-B2,80,11,B6_FALLBACK,0.0,0.0,0.0,0.011911419714980633,4299.792,4473.5,5751.25,0.0,SEMANTIC_REPAIR
sift_100k,2,sift_100k__seed59__natural_source_order,sift_100k__seed43__natural_source_order,RM-B1,128,7,CERTIFIED,0.004,0.004,0.0,0.018833965611186224,1769.16,1619.5,4573.5,0.5885475390437491,SEMANTIC_REPAIR
sift_100k,2,sift_100k__seed59__natural_source_order,sift_100k__seed43__natural_source_order,RM-B2,128,6,CERTIFIED,0.012,0.012,0.0,0.030720864145366192,1423.496,1306.0,3693.1499999999987,0.6689384044623554,SEMANTIC_REPAIR
sift_100k,2,sift_100k__seed59__natural_source_order,sift_100k__seed43__natural_source_order,RM-B1,250,5,CERTIFIED,0.036,0.036,0.0,0.06197905502895629,1058.56,973.0,2750.5,0.7538113471535368,SEMANTIC_REPAIR
sift_100k,2,sift_100k__seed59__natural_source_order,sift_100k__seed43__natural_source_order,RM-B2,250,5,CERTIFIED,0.036,0.036,0.0,0.06197905502895629,1058.56,973.0,2750.5,0.7538113471535368,SEMANTIC_REPAIR
sift_100k,2,sift_100k__seed59__natural_source_order,sift_100k__seed43__random,RM-B1,80,6,CERTIFIED,0.008,0.008,0.0,0.02496768176927198,1326.496,1275.0,1633.0999999999997,0.6863743488672086,SEMANTIC_REPAIR
sift_100k,2,sift_100k__seed59__natural_source_order,sift_100k__seed43__random,RM-B2,80,6,CERTIFIED,0.008,0.008,0.0,0.02496768176927198,1326.496,1275.0,1633.0999999999997,0.6863743488672086,SEMANTIC_REPAIR
sift_100k,2,sift_100k__seed59__natural_source_order,sift_100k__seed43__random,RM-B1,128,7,CERTIFIED,0.0,0.0,0.0,0.011911419714980633,1649.244,1593.0,2070.7499999999995,0.6100665034972972,SEMANTIC_REPAIR
sift_100k,2,sift_100k__seed59__natural_source_order,sift_100k__seed43__random,RM-B2,128,6,CERTIFIED,0.008,0.008,0.0,0.02496768176927198,1326.496,1275.0,1633.0999999999997,0.6863743488672086,SEMANTIC_REPAIR
sift_100k,2,sift_100k__seed59__natural_source_order,sift_100k__seed43__random,RM-B1,250,5,CERTIFIED,0.028,0.028,0.0,0.05194700438197347,984.024,949.5,1252.1,0.7673455722970186,SEMANTIC_REPAIR
sift_100k,2,sift_100k__seed59__natural_source_order,sift_100k__seed43__random,RM-B2,250,5,CERTIFIED,0.028,0.028,0.0,0.05194700438197347,984.024,949.5,1252.1,0.7673455722970186,SEMANTIC_REPAIR
sift_100k,2,sift_100k__seed59__natural_source_order,sift_100k__seed59__cluster_block_order,RM-B1,80,6,CERTIFIED,0.012,0.012,0.0,0.030720864145366192,1432.48,1314.5,3766.0999999999985,0.6651087283819699,SEMANTIC_REPAIR
sift_100k,2,sift_100k__seed59__natural_source_order,sift_100k__seed59__cluster_block_order,RM-B2,80,5,CERTIFIED,0.024,0.024,0.0,0.04681743080651248,1068.032,968.0,2849.1999999999994,0.7503109330610215,SEMANTIC_REPAIR
sift_100k,2,sift_100k__seed59__natural_source_order,sift_100k__seed59__cluster_block_order,RM-B1,128,7,CERTIFIED,0.008,0.008,0.0,0.02496768176927198,1778.828,1632.5,4550.8499999999985,0.5841380187438866,SEMANTIC_REPAIR
sift_100k,2,sift_100k__seed59__natural_source_order,sift_100k__seed59__cluster_block_order,RM-B2,128,5,CERTIFIED,0.024,0.024,0.0,0.04681743080651248,1068.032,968.0,2849.1999999999994,0.7503109330610215,SEMANTIC_REPAIR
sift_100k,2,sift_100k__seed59__natural_source_order,sift_100k__seed59__cluster_block_order,RM-B1,250,5,CERTIFIED,0.024,0.024,0.0,0.04681743080651248,1068.032,968.0,2849.1999999999994,0.7503109330610215,SEMANTIC_REPAIR
sift_100k,2,sift_100k__seed59__natural_source_order,sift_100k__seed59__cluster_block_order,RM-B2,250,5,CERTIFIED,0.024,0.024,0.0,0.04681743080651248,1068.032,968.0,2849.1999999999994,0.7503109330610215,SEMANTIC_REPAIR
sift_100k,2,sift_100k__seed59__natural_source_order,sift_100k__seed59__random,RM-B1,80,6,CERTIFIED,0.012,0.012,0.0,0.030720864145366192,1356.74,1276.0,1714.0499999999995,0.6795307260669633,SEMANTIC_REPAIR
sift_100k,2,sift_100k__seed59__natural_source_order,sift_100k__seed59__random,RM-B2,80,6,CERTIFIED,0.012,0.012,0.0,0.030720864145366192,1356.74,1276.0,1714.0499999999995,0.6795307260669633,SEMANTIC_REPAIR
sift_100k,2,sift_100k__seed59__natural_source_order,sift_100k__seed59__random,RM-B1,128,7,CERTIFIED,0.0,0.0,0.0,0.011911419714980633,1686.304,1589.5,2143.6499999999987,0.6016859394501706,SEMANTIC_REPAIR
sift_100k,2,sift_100k__seed59__natural_source_order,sift_100k__seed59__random,RM-B2,128,6,CERTIFIED,0.012,0.012,0.0,0.030720864145366192,1356.74,1276.0,1714.0499999999995,0.6795307260669633,SEMANTIC_REPAIR
sift_100k,2,sift_100k__seed59__natural_source_order,sift_100k__seed59__random,RM-B1,250,5,CERTIFIED,0.028,0.028,0.0,0.05194700438197347,1007.376,939.5,1261.499999999999,0.7620523790132474,SEMANTIC_REPAIR
sift_100k,2,sift_100k__seed59__natural_source_order,sift_100k__seed59__random,RM-B2,250,5,CERTIFIED,0.028,0.028,0.0,0.05194700438197347,1007.376,939.5,1261.499999999999,0.7620523790132474,SEMANTIC_REPAIR
sift_100k,2,sift_100k__seed59__natural_source_order,sift_100k__seed71__cluster_block_order,RM-B1,80,6,CERTIFIED,0.008,0.008,0.0,0.02496768176927198,1408.468,1310.0,2837.049999999967,0.6710398227194846,SEMANTIC_REPAIR
sift_100k,2,sift_100k__seed59__natural_source_order,sift_100k__seed71__cluster_block_order,RM-B2,80,6,CERTIFIED,0.008,0.008,0.0,0.02496768176927198,1408.468,1310.0,2837.049999999967,0.6710398227194846,SEMANTIC_REPAIR
sift_100k,2,sift_100k__seed59__natural_source_order,sift_100k__seed71__cluster_block_order,RM-B1,128,7,CERTIFIED,0.004,0.004,0.0,0.018833965611186224,1747.652,1636.0,3535.4499999999616,0.5918203951068485,SEMANTIC_REPAIR
sift_100k,2,sift_100k__seed59__natural_source_order,sift_100k__seed71__cluster_block_order,RM-B2,128,4,CERTIFIED,0.04,0.04,0.0,0.06690426305497835,851.468,787.5,1695.499999999982,0.8011321064953653,SEMANTIC_REPAIR
sift_100k,2,sift_100k__seed59__natural_source_order,sift_100k__seed71__cluster_block_order,RM-B1,250,5,CERTIFIED,0.024,0.024,0.0,0.04681743080651248,1048.736,962.5,2135.049999999976,0.7550584177415045,SEMANTIC_REPAIR
sift_100k,2,sift_100k__seed59__natural_source_order,sift_100k__seed71__cluster_block_order,RM-B2,250,5,CERTIFIED,0.024,0.024,0.0,0.04681743080651248,1048.736,962.5,2135.049999999976,0.7550584177415045,SEMANTIC_REPAIR
sift_100k,2,sift_100k__seed59__natural_source_order,sift_100k__seed71__natural_source_order,RM-B1,80,6,CERTIFIED,0.012,0.012,0.0,0.030720864145366192,1511.2,1326.0,4301.9,0.6492407333821066,SEMANTIC_REPAIR
sift_100k,2,sift_100k__seed59__natural_source_order,sift_100k__seed71__natural_source_order,RM-B2,80,11,B6_FALLBACK,0.0,0.0,0.0,0.011911419714980633,4308.368,4472.5,5759.45,0.0,SEMANTIC_REPAIR
sift_100k,2,sift_100k__seed59__natural_source_order,sift_100k__seed71__natural_source_order,RM-B1,128,7,CERTIFIED,0.004,0.004,0.0,0.018833965611186224,1875.208,1649.0,5278.849999999999,0.5647521288803556,SEMANTIC_REPAIR
sift_100k,2,sift_100k__seed59__natural_source_order,sift_100k__seed71__natural_source_order,RM-B2,128,6,CERTIFIED,0.012,0.012,0.0,0.030720864145366192,1511.2,1326.0,4301.9,0.6492407333821066,SEMANTIC_REPAIR
sift_100k,2,sift_100k__seed59__natural_source_order,sift_100k__seed71__natural_source_order,RM-B1,250,5,CERTIFIED,0.032,0.032,0.0,0.05699654926405676,1126.036,977.0,3176.2999999999997,0.7386397819313485,SEMANTIC_REPAIR
sift_100k,2,sift_100k__seed59__natural_source_order,sift_100k__seed71__natural_source_order,RM-B2,250,5,CERTIFIED,0.032,0.032,0.0,0.05699654926405676,1126.036,977.0,3176.2999999999997,0.7386397819313485,SEMANTIC_REPAIR
sift_100k,2,sift_100k__seed59__natural_source_order,sift_100k__seed71__random,RM-B1,80,6,CERTIFIED,0.004,0.004,0.0,0.018833965611186224,1435.524,1279.5,4042.1499999999996,0.661580837803865,SEMANTIC_REPAIR
sift_100k,2,sift_100k__seed59__natural_source_order,sift_100k__seed71__random,RM-B2,80,6,CERTIFIED,0.004,0.004,0.0,0.018833965611186224,1435.524,1279.5,4042.1499999999996,0.661580837803865,SEMANTIC_REPAIR
sift_100k,2,sift_100k__seed59__natural_source_order,sift_100k__seed71__random,RM-B1,128,7,CERTIFIED,0.0,0.0,0.0,0.011911419714980633,1779.94,1593.0,4949.499999999998,0.5803861143670265,SEMANTIC_REPAIR
sift_100k,2,sift_100k__seed59__natural_source_order,sift_100k__seed71__random,RM-B2,128,6,CERTIFIED,0.004,0.004,0.0,0.018833965611186224,1435.524,1279.5,4042.1499999999996,0.661580837803865,SEMANTIC_REPAIR
sift_100k,2,sift_100k__seed59__natural_source_order,sift_100k__seed71__random,RM-B1,250,5,CERTIFIED,0.012,0.012,0.0,0.030720864145366192,1067.736,940.5,3061.75,0.7482854187274803,SEMANTIC_REPAIR
sift_100k,2,sift_100k__seed59__natural_source_order,sift_100k__seed71__random,RM-B2,250,6,CERTIFIED,0.004,0.004,0.0,0.018833965611186224,1435.524,1279.5,4042.1499999999996,0.661580837803865,SEMANTIC_REPAIR
sift_100k,2,sift_100k__seed59__random,sift_100k__seed43__cluster_block_order,RM-B1,80,8,CERTIFIED,0.004,0.004,0.0,0.018833965611186224,2443.348,2253.0,5273.549999999999,0.4286367713759498,SEMANTIC_REPAIR
sift_100k,2,sift_100k__seed59__random,sift_100k__seed43__cluster_block_order,RM-B2,80,4,CERTIFIED,0.044,0.044,0.0,0.07177970349205483,947.916,806.5,2595.999999999999,0.7783351588785571,SEMANTIC_REPAIR
sift_100k,2,sift_100k__seed59__random,sift_100k__seed43__cluster_block_order,RM-B1,128,7,CERTIFIED,0.008,0.008,0.0,0.02496768176927198,1972.684,1671.0,5273.549999999999,0.5386989085079137,SEMANTIC_REPAIR
sift_100k,2,sift_100k__seed59__random,sift_100k__seed43__cluster_block_order,RM-B2,128,4,CERTIFIED,0.044,0.044,0.0,0.07177970349205483,947.916,806.5,2595.999999999999,0.7783351588785571,SEMANTIC_REPAIR
sift_100k,2,sift_100k__seed59__random,sift_100k__seed43__cluster_block_order,RM-B1,250,5,CERTIFIED,0.02,0.02,0.0,0.04158982878282098,1180.864,996.5,3219.3499999999995,0.7238615753441955,SEMANTIC_REPAIR
sift_100k,2,sift_100k__seed59__random,sift_100k__seed43__cluster_block_order,RM-B2,250,5,CERTIFIED,0.02,0.02,0.0,0.04158982878282098,1180.864,996.5,3219.3499999999995,0.7238615753441955,SEMANTIC_REPAIR
sift_100k,2,sift_100k__seed59__random,sift_100k__seed43__natural_source_order,RM-B1,80,8,CERTIFIED,0.0,0.0,0.0,0.011911419714980633,2445.6,2264.5,5293.749999999999,0.4312283012759688,SEMANTIC_REPAIR
sift_100k,2,sift_100k__seed59__random,sift_100k__seed43__natural_source_order,RM-B2,80,11,B6_FALLBACK,0.0,0.0,0.0,0.011911419714980633,4299.792,4473.5,5751.25,0.0,SEMANTIC_REPAIR
sift_100k,2,sift_100k__seed59__random,sift_100k__seed43__natural_source_order,RM-B1,128,7,CERTIFIED,0.004,0.004,0.0,0.018833965611186224,1970.644,1668.0,5260.9,0.5416885281892706,SEMANTIC_REPAIR
sift_100k,2,sift_100k__seed59__random,sift_100k__seed43__natural_source_order,RM-B2,128,6,CERTIFIED,0.012,0.012,0.0,0.030720864145366192,1576.792,1331.0,4226.299999999999,0.6332864473444297,SEMANTIC_REPAIR
sift_100k,2,sift_100k__seed59__random,sift_100k__seed43__natural_source_order,RM-B1,250,5,CERTIFIED,0.036,0.036,0.0,0.06197905502895629,1181.004,996.5,3135.1,0.7253346208374731,SEMANTIC_REPAIR
sift_100k,2,sift_100k__seed59__random,sift_100k__seed43__natural_source_order,RM-B2,250,5,CERTIFIED,0.036,0.036,0.0,0.06197905502895629,1181.004,996.5,3135.1,0.7253346208374731,SEMANTIC_REPAIR
sift_100k,2,sift_100k__seed59__random,sift_100k__seed43__random,RM-B1,80,8,CERTIFIED,0.0,0.0,0.0,0.011911419714980633,2389.544,2202.5,5145.799999999997,0.43503614567216575,SEMANTIC_REPAIR
sift_100k,2,sift_100k__seed59__random,sift_100k__seed43__random,RM-B2,80,6,CERTIFIED,0.0,0.0,0.0,0.011911419714980633,1541.528,1310.0,4174.799999999998,0.6355339761752545,SEMANTIC_REPAIR
sift_100k,2,sift_100k__seed59__random,sift_100k__seed43__random,RM-B1,128,7,CERTIFIED,0.0,0.0,0.0,0.011911419714980633,1919.208,1636.0,5145.799999999997,0.54623846686363,SEMANTIC_REPAIR
sift_100k,2,sift_100k__seed59__random,sift_100k__seed43__random,RM-B2,128,6,CERTIFIED,0.0,0.0,0.0,0.011911419714980633,1541.528,1310.0,4174.799999999998,0.6355339761752545,SEMANTIC_REPAIR
sift_100k,2,sift_100k__seed59__random,sift_100k__seed43__random,RM-B1,250,5,CERTIFIED,0.008,0.008,0.0,0.02496768176927198,1148.296,970.0,3089.2499999999995,0.7285064706616682,SEMANTIC_REPAIR
sift_100k,2,sift_100k__seed59__random,sift_100k__seed43__random,RM-B2,250,5,CERTIFIED,0.008,0.008,0.0,0.02496768176927198,1148.296,970.0,3089.2499999999995,0.7285064706616682,SEMANTIC_REPAIR
sift_100k,2,sift_100k__seed59__random,sift_100k__seed59__cluster_block_order,RM-B1,80,8,CERTIFIED,0.004,0.004,0.0,0.018833965611186224,2465.66,2238.5,5371.949999999997,0.42356751034729123,SEMANTIC_REPAIR
sift_100k,2,sift_100k__seed59__random,sift_100k__seed59__cluster_block_order,RM-B2,80,5,CERTIFIED,0.02,0.02,0.0,0.04158982878282098,1204.848,981.5,3278.2,0.7183255062364289,SEMANTIC_REPAIR
sift_100k,2,sift_100k__seed59__random,sift_100k__seed59__cluster_block_order,RM-B1,128,7,CERTIFIED,0.008,0.008,0.0,0.02496768176927198,2006.372,1657.0,5371.949999999997,0.5309418139039914,SEMANTIC_REPAIR
sift_100k,2,sift_100k__seed59__random,sift_100k__seed59__cluster_block_order,RM-B2,128,4,CERTIFIED,0.044,0.044,0.0,0.07177970349205483,972.468,796.5,2626.35,0.7726522917403087,SEMANTIC_REPAIR
sift_100k,2,sift_100k__seed59__random,sift_100k__seed59__cluster_block_order,RM-B1,250,5,CERTIFIED,0.02,0.02,0.0,0.04158982878282098,1204.848,981.5,3278.2,0.7183255062364289,SEMANTIC_REPAIR
sift_100k,2,sift_100k__seed59__random,sift_100k__seed59__cluster_block_order,RM-B2,250,5,CERTIFIED,0.02,0.02,0.0,0.04158982878282098,1204.848,981.5,3278.2,0.7183255062364289,SEMANTIC_REPAIR
sift_100k,2,sift_100k__seed59__random,sift_100k__seed59__natural_source_order,RM-B1,80,8,CERTIFIED,0.0,0.0,0.0,0.011911419714980633,2558.044,2286.0,5632.55,0.4053853771019197,SEMANTIC_REPAIR
sift_100k,2,sift_100k__seed59__random,sift_100k__seed59__natural_source_order,RM-B2,80,6,CERTIFIED,0.008,0.008,0.0,0.02496768176927198,1700.656,1339.5,4591.549999999999,0.6046843110910689,SEMANTIC_REPAIR
sift_100k,2,sift_100k__seed59__random,sift_100k__seed59__natural_source_order,RM-B1,128,7,CERTIFIED,0.0,0.0,0.0,0.011911419714980633,2113.692,1684.0,5632.55,0.5086745296395647,SEMANTIC_REPAIR
sift_100k,2,sift_100k__seed59__random,sift_100k__seed59__natural_source_order,RM-B2,128,5,CERTIFIED,0.016,0.016,0.0,0.03623796513686767,1270.652,1003.5,3420.5,0.7046382862004361,SEMANTIC_REPAIR
sift_100k,2,sift_100k__seed59__random,sift_100k__seed59__natural_source_order,RM-B1,250,5,CERTIFIED,0.016,0.016,0.0,0.03623796513686767,1270.652,1003.5,3420.5,0.7046382862004361,SEMANTIC_REPAIR
sift_100k,2,sift_100k__seed59__random,sift_100k__seed59__natural_source_order,RM-B2,250,4,CERTIFIED,0.024,0.024,0.0,0.04681743080651248,1022.78,810.5,2746.3999999999996,0.7622558704980451,SEMANTIC_REPAIR
sift_100k,2,sift_100k__seed59__random,sift_100k__seed71__cluster_block_order,RM-B1,80,8,CERTIFIED,0.0,0.0,0.0,0.011911419714980633,2454.528,2241.5,5284.4,0.426723243964372,SEMANTIC_REPAIR
sift_100k,2,sift_100k__seed59__random,sift_100k__seed71__cluster_block_order,RM-B2,80,4,CERTIFIED,0.032,0.032,0.0,0.05699654926405676,960.924,802.0,2586.7999999999993,0.775567688159687,SEMANTIC_REPAIR
sift_100k,2,sift_100k__seed59__random,sift_100k__seed71__cluster_block_order,RM-B1,128,7,CERTIFIED,0.004,0.004,0.0,0.018833965611186224,1985.192,1664.5,5235.249999999999,0.5363408240330196,SEMANTIC_REPAIR
sift_100k,2,sift_100k__seed59__random,sift_100k__seed71__cluster_block_order,RM-B2,128,4,CERTIFIED,0.032,0.032,0.0,0.05699654926405676,960.924,802.0,2586.7999999999993,0.775567688159687,SEMANTIC_REPAIR
sift_100k,2,sift_100k__seed59__random,sift_100k__seed71__cluster_block_order,RM-B1,250,5,CERTIFIED,0.016,0.016,0.0,0.03623796513686767,1192.084,997.0,3203.5499999999993,0.7215782225984078,SEMANTIC_REPAIR
sift_100k,2,sift_100k__seed59__random,sift_100k__seed71__cluster_block_order,RM-B2,250,4,CERTIFIED,0.032,0.032,0.0,0.05699654926405676,960.924,802.0,2586.7999999999993,0.775567688159687,SEMANTIC_REPAIR
sift_100k,2,sift_100k__seed59__random,sift_100k__seed71__natural_source_order,RM-B1,80,8,CERTIFIED,0.0,0.0,0.0,0.011911419714980633,2526.732,2293.0,5345.099999999999,0.41352920641876467,SEMANTIC_REPAIR
sift_100k,2,sift_100k__seed59__random,sift_100k__seed71__natural_source_order,RM-B2,80,11,B6_FALLBACK,0.0,0.0,0.0,0.011911419714980633,4308.368,4472.5,5759.45,0.0,SEMANTIC_REPAIR
sift_100k,2,sift_100k__seed59__random,sift_100k__seed71__natural_source_order,RM-B1,128,7,CERTIFIED,0.004,0.004,0.0,0.018833965611186224,2072.328,1698.0,5345.099999999999,0.5189993055375028,SEMANTIC_REPAIR
sift_100k,2,sift_100k__seed59__random,sift_100k__seed71__natural_source_order,RM-B2,128,6,CERTIFIED,0.012,0.012,0.0,0.030720864145366192,1664.032,1353.5,4336.849999999999,0.6137674404786222,SEMANTIC_REPAIR
sift_100k,2,sift_100k__seed59__random,sift_100k__seed71__natural_source_order,RM-B1,250,5,CERTIFIED,0.028,0.028,0.0,0.05194700438197347,1245.212,1014.5,3246.599999999999,0.710978263695209,SEMANTIC_REPAIR
sift_100k,2,sift_100k__seed59__random,sift_100k__seed71__natural_source_order,RM-B2,250,5,CERTIFIED,0.028,0.028,0.0,0.05194700438197347,1245.212,1014.5,3246.599999999999,0.710978263695209,SEMANTIC_REPAIR
sift_100k,2,sift_100k__seed59__random,sift_100k__seed71__random,RM-B1,80,8,CERTIFIED,0.0,0.0,0.0,0.011911419714980633,2437.78,2201.0,5348.75,0.4253029101439654,SEMANTIC_REPAIR
sift_100k,2,sift_100k__seed59__random,sift_100k__seed71__random,RM-B2,80,6,CERTIFIED,0.0,0.0,0.0,0.011911419714980633,1581.412,1310.5,4324.499999999999,0.6271883130293089,SEMANTIC_REPAIR
sift_100k,2,sift_100k__seed59__random,sift_100k__seed71__random,RM-B1,128,7,CERTIFIED,0.0,0.0,0.0,0.011911419714980633,1969.8,1647.0,5298.999999999998,0.5356273627651318,SEMANTIC_REPAIR
sift_100k,2,sift_100k__seed59__random,sift_100k__seed71__random,RM-B2,128,6,CERTIFIED,0.0,0.0,0.0,0.011911419714980633,1581.412,1310.5,4324.499999999999,0.6271883130293089,SEMANTIC_REPAIR
sift_100k,2,sift_100k__seed59__random,sift_100k__seed71__random,RM-B1,250,5,CERTIFIED,0.0,0.0,0.0,0.011911419714980633,1182.664,986.5,3205.7999999999993,0.7211915927288364,SEMANTIC_REPAIR
sift_100k,2,sift_100k__seed59__random,sift_100k__seed71__random,RM-B2,250,6,CERTIFIED,0.0,0.0,0.0,0.011911419714980633,1581.412,1310.5,4324.499999999999,0.6271883130293089,SEMANTIC_REPAIR
sift_100k,2,sift_100k__seed71__cluster_block_order,sift_100k__seed43__cluster_block_order,RM-B1,80,6,CERTIFIED,0.012,0.012,0.0,0.030720864145366192,1355.268,1328.5,1691.6999999999998,0.6830781779219091,SEMANTIC_REPAIR
sift_100k,2,sift_100k__seed71__cluster_block_order,sift_100k__seed43__cluster_block_order,RM-B2,80,5,CERTIFIED,0.028,0.028,0.0,0.05194700438197347,1016.176,981.5,1246.3,0.7623729406493578,SEMANTIC_REPAIR
sift_100k,2,sift_100k__seed71__cluster_block_order,sift_100k__seed43__cluster_block_order,RM-B1,128,6,CERTIFIED,0.012,0.012,0.0,0.030720864145366192,1355.268,1328.5,1691.6999999999998,0.6830781779219091,SEMANTIC_REPAIR
sift_100k,2,sift_100k__seed71__cluster_block_order,sift_100k__seed43__cluster_block_order,RM-B2,128,5,CERTIFIED,0.028,0.028,0.0,0.05194700438197347,1016.176,981.5,1246.3,0.7623729406493578,SEMANTIC_REPAIR
sift_100k,2,sift_100k__seed71__cluster_block_order,sift_100k__seed43__cluster_block_order,RM-B1,250,5,CERTIFIED,0.028,0.028,0.0,0.05194700438197347,1016.176,981.5,1246.3,0.7623729406493578,SEMANTIC_REPAIR
sift_100k,2,sift_100k__seed71__cluster_block_order,sift_100k__seed43__cluster_block_order,RM-B2,250,5,CERTIFIED,0.028,0.028,0.0,0.05194700438197347,1016.176,981.5,1246.3,0.7623729406493578,SEMANTIC_REPAIR
sift_100k,2,sift_100k__seed71__cluster_block_order,sift_100k__seed43__natural_source_order,RM-B1,80,6,CERTIFIED,0.012,0.012,0.0,0.030720864145366192,1320.568,1304.5,1671.7999999999997,0.6928763065748297,SEMANTIC_REPAIR
sift_100k,2,sift_100k__seed71__cluster_block_order,sift_100k__seed43__natural_source_order,RM-B2,80,11,B6_FALLBACK,0.0,0.0,0.0,0.011911419714980633,4299.792,4473.5,5751.25,0.0,SEMANTIC_REPAIR
sift_100k,2,sift_100k__seed71__cluster_block_order,sift_100k__seed43__natural_source_order,RM-B1,128,6,CERTIFIED,0.012,0.012,0.0,0.030720864145366192,1320.568,1304.5,1671.7999999999997,0.6928763065748297,SEMANTIC_REPAIR
sift_100k,2,sift_100k__seed71__cluster_block_order,sift_100k__seed43__natural_source_order,RM-B2,128,6,CERTIFIED,0.012,0.012,0.0,0.030720864145366192,1320.568,1304.5,1671.7999999999997,0.6928763065748297,SEMANTIC_REPAIR
sift_100k,2,sift_100k__seed71__cluster_block_order,sift_100k__seed43__natural_source_order,RM-B1,250,5,CERTIFIED,0.036,0.036,0.0,0.06197905502895629,987.356,968.5,1256.8999999999996,0.7703712179565896,SEMANTIC_REPAIR
sift_100k,2,sift_100k__seed71__cluster_block_order,sift_100k__seed43__natural_source_order,RM-B2,250,5,CERTIFIED,0.036,0.036,0.0,0.06197905502895629,987.356,968.5,1256.8999999999996,0.7703712179565896,SEMANTIC_REPAIR
sift_100k,2,sift_100k__seed71__cluster_block_order,sift_100k__seed43__random,RM-B1,80,6,CERTIFIED,0.008,0.008,0.0,0.02496768176927198,1305.488,1267.5,1599.6499999999999,0.6913413051784207,SEMANTIC_REPAIR
sift_100k,2,sift_100k__seed71__cluster_block_order,sift_100k__seed43__random,RM-B2,80,7,CERTIFIED,0.0,0.0,0.0,0.011911419714980633,1600.48,1587.0,2044.9499999999998,0.6215958569607372,SEMANTIC_REPAIR
sift_100k,2,sift_100k__seed71__cluster_block_order,sift_100k__seed43__random,RM-B1,128,6,CERTIFIED,0.008,0.008,0.0,0.02496768176927198,1305.488,1267.5,1599.6499999999999,0.6913413051784207,SEMANTIC_REPAIR
sift_100k,2,sift_100k__seed71__cluster_block_order,sift_100k__seed43__random,RM-B2,128,6,CERTIFIED,0.008,0.008,0.0,0.02496768176927198,1305.488,1267.5,1599.6499999999999,0.6913413051784207,SEMANTIC_REPAIR
sift_100k,2,sift_100k__seed71__cluster_block_order,sift_100k__seed43__random,RM-B1,250,5,CERTIFIED,0.028,0.028,0.0,0.05194700438197347,975.064,942.0,1186.75,0.7694639999697368,SEMANTIC_REPAIR
sift_100k,2,sift_100k__seed71__cluster_block_order,sift_100k__seed43__random,RM-B2,250,5,CERTIFIED,0.028,0.028,0.0,0.05194700438197347,975.064,942.0,1186.75,0.7694639999697368,SEMANTIC_REPAIR
sift_100k,2,sift_100k__seed71__cluster_block_order,sift_100k__seed59__cluster_block_order,RM-B1,80,6,CERTIFIED,0.012,0.012,0.0,0.030720864145366192,1406.876,1312.0,1719.1499999999992,0.6710945404830171,SEMANTIC_REPAIR
sift_100k,2,sift_100k__seed71__cluster_block_order,sift_100k__seed59__cluster_block_order,RM-B2,80,5,CERTIFIED,0.024,0.024,0.0,0.04681743080651248,1061.856,963.5,1278.85,0.7517547846285917,SEMANTIC_REPAIR
sift_100k,2,sift_100k__seed71__cluster_block_order,sift_100k__seed59__cluster_block_order,RM-B1,128,6,CERTIFIED,0.012,0.012,0.0,0.030720864145366192,1406.876,1312.0,1719.1499999999992,0.6710945404830171,SEMANTIC_REPAIR
sift_100k,2,sift_100k__seed71__cluster_block_order,sift_100k__seed59__cluster_block_order,RM-B2,128,5,CERTIFIED,0.024,0.024,0.0,0.04681743080651248,1061.856,963.5,1278.85,0.7517547846285917,SEMANTIC_REPAIR
sift_100k,2,sift_100k__seed71__cluster_block_order,sift_100k__seed59__cluster_block_order,RM-B1,250,5,CERTIFIED,0.024,0.024,0.0,0.04681743080651248,1061.856,963.5,1278.85,0.7517547846285917,SEMANTIC_REPAIR
sift_100k,2,sift_100k__seed71__cluster_block_order,sift_100k__seed59__cluster_block_order,RM-B2,250,5,CERTIFIED,0.024,0.024,0.0,0.04681743080651248,1061.856,963.5,1278.85,0.7517547846285917,SEMANTIC_REPAIR
sift_100k,2,sift_100k__seed71__cluster_block_order,sift_100k__seed59__natural_source_order,RM-B1,80,6,CERTIFIED,0.012,0.012,0.0,0.030720864145366192,1447.708,1310.0,1841.349999999998,0.6634818062212635,SEMANTIC_REPAIR
sift_100k,2,sift_100k__seed71__cluster_block_order,sift_100k__seed59__natural_source_order,RM-B2,80,6,CERTIFIED,0.012,0.012,0.0,0.030720864145366192,1447.708,1310.0,1841.349999999998,0.6634818062212635,SEMANTIC_REPAIR
sift_100k,2,sift_100k__seed71__cluster_block_order,sift_100k__seed59__natural_source_order,RM-B1,128,6,CERTIFIED,0.012,0.012,0.0,0.030720864145366192,1447.708,1310.0,1841.349999999998,0.6634818062212635,SEMANTIC_REPAIR
sift_100k,2,sift_100k__seed71__cluster_block_order,sift_100k__seed59__natural_source_order,RM-B2,128,5,CERTIFIED,0.024,0.024,0.0,0.04681743080651248,1095.64,972.0,1432.049999999997,0.7453196405409552,SEMANTIC_REPAIR
sift_100k,2,sift_100k__seed71__cluster_block_order,sift_100k__seed59__natural_source_order,RM-B1,250,5,CERTIFIED,0.024,0.024,0.0,0.04681743080651248,1095.64,972.0,1432.049999999997,0.7453196405409552,SEMANTIC_REPAIR
sift_100k,2,sift_100k__seed71__cluster_block_order,sift_100k__seed59__natural_source_order,RM-B2,250,5,CERTIFIED,0.024,0.024,0.0,0.04681743080651248,1095.64,972.0,1432.049999999997,0.7453196405409552,SEMANTIC_REPAIR
sift_100k,2,sift_100k__seed71__cluster_block_order,sift_100k__seed59__random,RM-B1,80,6,CERTIFIED,0.012,0.012,0.0,0.030720864145366192,1302.588,1272.5,1615.85,0.692321719272752,SEMANTIC_REPAIR
sift_100k,2,sift_100k__seed71__cluster_block_order,sift_100k__seed59__random,RM-B2,80,6,CERTIFIED,0.012,0.012,0.0,0.030720864145366192,1302.588,1272.5,1615.85,0.692321719272752,SEMANTIC_REPAIR
sift_100k,2,sift_100k__seed71__cluster_block_order,sift_100k__seed59__random,RM-B1,128,6,CERTIFIED,0.012,0.012,0.0,0.030720864145366192,1302.588,1272.5,1615.85,0.692321719272752,SEMANTIC_REPAIR
sift_100k,2,sift_100k__seed71__cluster_block_order,sift_100k__seed59__random,RM-B2,128,6,CERTIFIED,0.012,0.012,0.0,0.030720864145366192,1302.588,1272.5,1615.85,0.692321719272752,SEMANTIC_REPAIR
sift_100k,2,sift_100k__seed71__cluster_block_order,sift_100k__seed59__random,RM-B1,250,5,CERTIFIED,0.024,0.024,0.0,0.04681743080651248,973.208,938.0,1186.2499999999998,0.7701230441014323,SEMANTIC_REPAIR
sift_100k,2,sift_100k__seed71__cluster_block_order,sift_100k__seed59__random,RM-B2,250,6,CERTIFIED,0.012,0.012,0.0,0.030720864145366192,1302.588,1272.5,1615.85,0.692321719272752,SEMANTIC_REPAIR
sift_100k,2,sift_100k__seed71__cluster_block_order,sift_100k__seed71__natural_source_order,RM-B1,80,6,CERTIFIED,0.012,0.012,0.0,0.030720864145366192,1431.136,1320.0,1742.85,0.6678241041619473,SEMANTIC_REPAIR
sift_100k,2,sift_100k__seed71__cluster_block_order,sift_100k__seed71__natural_source_order,RM-B2,80,11,B6_FALLBACK,0.0,0.0,0.0,0.011911419714980633,4308.368,4472.5,5759.45,0.0,SEMANTIC_REPAIR
sift_100k,2,sift_100k__seed71__cluster_block_order,sift_100k__seed71__natural_source_order,RM-B1,128,6,CERTIFIED,0.012,0.012,0.0,0.030720864145366192,1431.136,1320.0,1742.85,0.6678241041619473,SEMANTIC_REPAIR
sift_100k,2,sift_100k__seed71__cluster_block_order,sift_100k__seed71__natural_source_order,RM-B2,128,6,CERTIFIED,0.012,0.012,0.0,0.030720864145366192,1431.136,1320.0,1742.85,0.6678241041619473,SEMANTIC_REPAIR
sift_100k,2,sift_100k__seed71__cluster_block_order,sift_100k__seed71__natural_source_order,RM-B1,250,5,CERTIFIED,0.036,0.036,0.0,0.06197905502895629,1080.44,974.5,1297.6,0.7492229076067782,SEMANTIC_REPAIR
sift_100k,2,sift_100k__seed71__cluster_block_order,sift_100k__seed71__natural_source_order,RM-B2,250,5,CERTIFIED,0.036,0.036,0.0,0.06197905502895629,1080.44,974.5,1297.6,0.7492229076067782,SEMANTIC_REPAIR
sift_100k,2,sift_100k__seed71__cluster_block_order,sift_100k__seed71__random,RM-B1,80,6,CERTIFIED,0.008,0.008,0.0,0.02496768176927198,1349.84,1272.0,1669.75,0.6817805053075874,SEMANTIC_REPAIR
sift_100k,2,sift_100k__seed71__cluster_block_order,sift_100k__seed71__random,RM-B2,80,6,CERTIFIED,0.008,0.008,0.0,0.02496768176927198,1349.84,1272.0,1669.75,0.6817805053075874,SEMANTIC_REPAIR
sift_100k,2,sift_100k__seed71__cluster_block_order,sift_100k__seed71__random,RM-B1,128,6,CERTIFIED,0.008,0.008,0.0,0.02496768176927198,1349.84,1272.0,1669.75,0.6817805053075874,SEMANTIC_REPAIR
sift_100k,2,sift_100k__seed71__cluster_block_order,sift_100k__seed71__random,RM-B2,128,6,CERTIFIED,0.008,0.008,0.0,0.02496768176927198,1349.84,1272.0,1669.75,0.6817805053075874,SEMANTIC_REPAIR
sift_100k,2,sift_100k__seed71__cluster_block_order,sift_100k__seed71__random,RM-B1,250,5,CERTIFIED,0.02,0.02,0.0,0.04158982878282098,1014.372,937.5,1247.7999999999997,0.7608657727803799,SEMANTIC_REPAIR
sift_100k,2,sift_100k__seed71__cluster_block_order,sift_100k__seed71__random,RM-B2,250,6,CERTIFIED,0.008,0.008,0.0,0.02496768176927198,1349.84,1272.0,1669.75,0.6817805053075874,SEMANTIC_REPAIR
sift_100k,2,sift_100k__seed71__natural_source_order,sift_100k__seed43__cluster_block_order,RM-B1,80,6,CERTIFIED,0.008,0.008,0.0,0.02496768176927198,1491.372,1332.5,4000.599999999996,0.6512510207307731,SEMANTIC_REPAIR
sift_100k,2,sift_100k__seed71__natural_source_order,sift_100k__seed43__cluster_block_order,RM-B2,80,5,CERTIFIED,0.024,0.024,0.0,0.04681743080651248,1107.48,982.0,3007.0499999999965,0.7410220122403508,SEMANTIC_REPAIR
sift_100k,2,sift_100k__seed71__natural_source_order,sift_100k__seed43__cluster_block_order,RM-B1,128,8,CERTIFIED,0.004,0.004,0.0,0.018833965611186224,2340.716,2208.5,4941.149999999996,0.4526366890627236,SEMANTIC_REPAIR
sift_100k,2,sift_100k__seed71__natural_source_order,sift_100k__seed43__cluster_block_order,RM-B2,128,5,CERTIFIED,0.024,0.024,0.0,0.04681743080651248,1107.48,982.0,3007.0499999999965,0.7410220122403508,SEMANTIC_REPAIR
sift_100k,2,sift_100k__seed71__natural_source_order,sift_100k__seed43__cluster_block_order,RM-B1,250,5,CERTIFIED,0.024,0.024,0.0,0.04681743080651248,1107.48,982.0,3007.0499999999965,0.7410220122403508,SEMANTIC_REPAIR
sift_100k,2,sift_100k__seed71__natural_source_order,sift_100k__seed43__cluster_block_order,RM-B2,250,5,CERTIFIED,0.024,0.024,0.0,0.04681743080651248,1107.48,982.0,3007.0499999999965,0.7410220122403508,SEMANTIC_REPAIR
sift_100k,2,sift_100k__seed71__natural_source_order,sift_100k__seed43__natural_source_order,RM-B1,80,6,CERTIFIED,0.012,0.012,0.0,0.030720864145366192,1484.624,1305.5,4185.95,0.6547219028269275,SEMANTIC_REPAIR
sift_100k,2,sift_100k__seed71__natural_source_order,sift_100k__seed43__natural_source_order,RM-B2,80,11,B6_FALLBACK,0.0,0.0,0.0,0.011911419714980633,4299.792,4473.5,5751.25,0.0,SEMANTIC_REPAIR
sift_100k,2,sift_100k__seed71__natural_source_order,sift_100k__seed43__natural_source_order,RM-B1,128,8,CERTIFIED,0.0,0.0,0.0,0.011911419714980633,2329.212,2179.0,5187.999999999997,0.4582965873698077,SEMANTIC_REPAIR
sift_100k,2,sift_100k__seed71__natural_source_order,sift_100k__seed43__natural_source_order,RM-B2,128,6,CERTIFIED,0.012,0.012,0.0,0.030720864145366192,1484.624,1305.5,4185.95,0.6547219028269275,SEMANTIC_REPAIR
sift_100k,2,sift_100k__seed71__natural_source_order,sift_100k__seed43__natural_source_order,RM-B1,250,5,CERTIFIED,0.036,0.036,0.0,0.06197905502895629,1103.64,970.5,3125.4999999999995,0.7433271190792485,SEMANTIC_REPAIR
sift_100k,2,sift_100k__seed71__natural_source_order,sift_100k__seed43__natural_source_order,RM-B2,250,5,CERTIFIED,0.036,0.036,0.0,0.06197905502895629,1103.64,970.5,3125.4999999999995,0.7433271190792485,SEMANTIC_REPAIR
sift_100k,2,sift_100k__seed71__natural_source_order,sift_100k__seed43__random,RM-B1,80,6,CERTIFIED,0.008,0.008,0.0,0.02496768176927198,1364.788,1267.5,1716.2999999999995,0.6773209077462577,SEMANTIC_REPAIR
sift_100k,2,sift_100k__seed71__natural_source_order,sift_100k__seed43__random,RM-B2,80,7,CERTIFIED,0.0,0.0,0.0,0.011911419714980633,1695.344,1587.0,2138.8499999999995,0.5991670039758348,SEMANTIC_REPAIR
sift_100k,2,sift_100k__seed71__natural_source_order,sift_100k__seed43__random,RM-B1,128,8,CERTIFIED,0.0,0.0,0.0,0.011911419714980633,2209.756,2151.5,2838.55,0.47754372094254904,SEMANTIC_REPAIR
sift_100k,2,sift_100k__seed71__natural_source_order,sift_100k__seed43__random,RM-B2,128,6,CERTIFIED,0.008,0.008,0.0,0.02496768176927198,1364.788,1267.5,1716.2999999999995,0.6773209077462577,SEMANTIC_REPAIR
sift_100k,2,sift_100k__seed71__natural_source_order,sift_100k__seed43__random,RM-B1,250,5,CERTIFIED,0.028,0.028,0.0,0.05194700438197347,1010.868,942.0,1265.1999999999998,0.7609988008186209,SEMANTIC_REPAIR
sift_100k,2,sift_100k__seed71__natural_source_order,sift_100k__seed43__random,RM-B2,250,5,CERTIFIED,0.028,0.028,0.0,0.05194700438197347,1010.868,942.0,1265.1999999999998,0.7609988008186209,SEMANTIC_REPAIR
sift_100k,2,sift_100k__seed71__natural_source_order,sift_100k__seed59__cluster_block_order,RM-B1,80,6,CERTIFIED,0.012,0.012,0.0,0.030720864145366192,1488.356,1314.5,3849.799999999999,0.6520457992709672,SEMANTIC_REPAIR
sift_100k,2,sift_100k__seed71__natural_source_order,sift_100k__seed59__cluster_block_order,RM-B2,80,5,CERTIFIED,0.024,0.024,0.0,0.04681743080651248,1108.176,968.0,2918.3499999999995,0.7409258978718152,SEMANTIC_REPAIR
sift_100k,2,sift_100k__seed71__natural_source_order,sift_100k__seed59__cluster_block_order,RM-B1,128,8,CERTIFIED,0.004,0.004,0.0,0.018833965611186224,2336.188,2206.5,4761.799999999998,0.4538360255928301,SEMANTIC_REPAIR
sift_100k,2,sift_100k__seed71__natural_source_order,sift_100k__seed59__cluster_block_order,RM-B2,128,4,CERTIFIED,0.052,0.052,0.0,0.08140399950699219,899.88,778.5,2410.549999999999,0.7896222233443867,SEMANTIC_REPAIR
sift_100k,2,sift_100k__seed71__natural_source_order,sift_100k__seed59__cluster_block_order,RM-B1,250,5,CERTIFIED,0.024,0.024,0.0,0.04681743080651248,1108.176,968.0,2918.3499999999995,0.7409258978718152,SEMANTIC_REPAIR
sift_100k,2,sift_100k__seed71__natural_source_order,sift_100k__seed59__cluster_block_order,RM-B2,250,5,CERTIFIED,0.024,0.024,0.0,0.04681743080651248,1108.176,968.0,2918.3499999999995,0.7409258978718152,SEMANTIC_REPAIR
sift_100k,2,sift_100k__seed71__natural_source_order,sift_100k__seed59__natural_source_order,RM-B1,80,6,CERTIFIED,0.012,0.012,0.0,0.030720864145366192,1641.936,1311.0,4556.449999999998,0.6183337129999396,SEMANTIC_REPAIR
sift_100k,2,sift_100k__seed71__natural_source_order,sift_100k__seed59__natural_source_order,RM-B2,80,6,CERTIFIED,0.012,0.012,0.0,0.030720864145366192,1641.936,1311.0,4556.449999999998,0.6183337129999396,SEMANTIC_REPAIR
sift_100k,2,sift_100k__seed71__natural_source_order,sift_100k__seed59__natural_source_order,RM-B1,128,8,CERTIFIED,0.0,0.0,0.0,0.011911419714980633,2485.792,2202.0,5554.599999999997,0.42218027810191494,SEMANTIC_REPAIR
sift_100k,2,sift_100k__seed71__natural_source_order,sift_100k__seed59__natural_source_order,RM-B2,128,5,CERTIFIED,0.024,0.024,0.0,0.04681743080651248,1221.932,973.0,3413.3999999999996,0.7159631986834092,SEMANTIC_REPAIR
sift_100k,2,sift_100k__seed71__natural_source_order,sift_100k__seed59__natural_source_order,RM-B1,250,5,CERTIFIED,0.024,0.024,0.0,0.04681743080651248,1221.932,973.0,3413.3999999999996,0.7159631986834092,SEMANTIC_REPAIR
sift_100k,2,sift_100k__seed71__natural_source_order,sift_100k__seed59__natural_source_order,RM-B2,250,5,CERTIFIED,0.024,0.024,0.0,0.04681743080651248,1221.932,973.0,3413.3999999999996,0.7159631986834092,SEMANTIC_REPAIR
sift_100k,2,sift_100k__seed71__natural_source_order,sift_100k__seed59__random,RM-B1,80,6,CERTIFIED,0.012,0.012,0.0,0.030720864145366192,1399.296,1272.5,3676.5499999999934,0.6694787703337393,SEMANTIC_REPAIR
sift_100k,2,sift_100k__seed71__natural_source_order,sift_100k__seed59__random,RM-B2,80,6,CERTIFIED,0.012,0.012,0.0,0.030720864145366192,1399.296,1272.5,3676.5499999999934,0.6694787703337393,SEMANTIC_REPAIR
sift_100k,2,sift_100k__seed71__natural_source_order,sift_100k__seed59__random,RM-B1,128,8,CERTIFIED,0.0,0.0,0.0,0.011911419714980633,2240.24,2154.0,4493.499999999991,0.47084328151617405,SEMANTIC_REPAIR
sift_100k,2,sift_100k__seed71__natural_source_order,sift_100k__seed59__random,RM-B2,128,6,CERTIFIED,0.012,0.012,0.0,0.030720864145366192,1399.296,1272.5,3676.5499999999934,0.6694787703337393,SEMANTIC_REPAIR
sift_100k,2,sift_100k__seed71__natural_source_order,sift_100k__seed59__random,RM-B1,250,5,CERTIFIED,0.024,0.024,0.0,0.04681743080651248,1038.136,938.0,2732.849999999998,0.7547867018266234,SEMANTIC_REPAIR
sift_100k,2,sift_100k__seed71__natural_source_order,sift_100k__seed59__random,RM-B2,250,5,CERTIFIED,0.024,0.024,0.0,0.04681743080651248,1038.136,938.0,2732.849999999998,0.7547867018266234,SEMANTIC_REPAIR
sift_100k,2,sift_100k__seed71__natural_source_order,sift_100k__seed71__cluster_block_order,RM-B1,80,6,CERTIFIED,0.008,0.008,0.0,0.02496768176927198,1513.552,1306.0,4227.349999999999,0.646496523709961,SEMANTIC_REPAIR
sift_100k,2,sift_100k__seed71__natural_source_order,sift_100k__seed71__cluster_block_order,RM-B2,80,5,CERTIFIED,0.024,0.024,0.0,0.04681743080651248,1128.38,957.5,3124.7999999999997,0.7364568560735579,SEMANTIC_REPAIR
sift_100k,2,sift_100k__seed71__natural_source_order,sift_100k__seed71__cluster_block_order,RM-B1,128,8,CERTIFIED,0.004,0.004,0.0,0.018833965611186224,2351.324,2196.5,5162.55,0.45082745232129473,SEMANTIC_REPAIR
sift_100k,2,sift_100k__seed71__natural_source_order,sift_100k__seed71__cluster_block_order,RM-B2,128,4,CERTIFIED,0.04,0.04,0.0,0.06690426305497835,914.424,784.0,2540.7499999999995,0.7864281750458242,SEMANTIC_REPAIR
sift_100k,2,sift_100k__seed71__natural_source_order,sift_100k__seed71__cluster_block_order,RM-B1,250,5,CERTIFIED,0.024,0.024,0.0,0.04681743080651248,1128.38,957.5,3124.7999999999997,0.7364568560735579,SEMANTIC_REPAIR
sift_100k,2,sift_100k__seed71__natural_source_order,sift_100k__seed71__cluster_block_order,RM-B2,250,5,CERTIFIED,0.024,0.024,0.0,0.04681743080651248,1128.38,957.5,3124.7999999999997,0.7364568560735579,SEMANTIC_REPAIR
sift_100k,2,sift_100k__seed71__natural_source_order,sift_100k__seed71__random,RM-B1,80,6,CERTIFIED,0.0,0.0,0.0,0.011911419714980633,1490.684,1275.5,4186.449999999998,0.6485770837832154,SEMANTIC_REPAIR
sift_100k,2,sift_100k__seed71__natural_source_order,sift_100k__seed71__random,RM-B2,80,6,CERTIFIED,0.0,0.0,0.0,0.011911419714980633,1490.684,1275.5,4186.449999999998,0.6485770837832154,SEMANTIC_REPAIR
sift_100k,2,sift_100k__seed71__natural_source_order,sift_100k__seed71__random,RM-B1,128,8,CERTIFIED,0.0,0.0,0.0,0.011911419714980633,2328.208,2161.5,5114.199999999996,0.4511340801140633,SEMANTIC_REPAIR
sift_100k,2,sift_100k__seed71__natural_source_order,sift_100k__seed71__random,RM-B2,128,6,CERTIFIED,0.0,0.0,0.0,0.011911419714980633,1490.684,1275.5,4186.449999999998,0.6485770837832154,SEMANTIC_REPAIR
sift_100k,2,sift_100k__seed71__natural_source_order,sift_100k__seed71__random,RM-B1,250,5,CERTIFIED,0.008,0.008,0.0,0.02496768176927198,1106.148,939.0,3120.5999999999985,0.7392299401299244,SEMANTIC_REPAIR
sift_100k,2,sift_100k__seed71__natural_source_order,sift_100k__seed71__random,RM-B2,250,5,CERTIFIED,0.008,0.008,0.0,0.02496768176927198,1106.148,939.0,3120.5999999999985,0.7392299401299244,SEMANTIC_REPAIR
sift_100k,2,sift_100k__seed71__random,sift_100k__seed43__cluster_block_order,RM-B1,80,7,CERTIFIED,0.008,0.008,0.0,0.02496768176927198,1868.384,1650.5,4769.3499999999985,0.563088878641308,SEMANTIC_REPAIR
sift_100k,2,sift_100k__seed71__random,sift_100k__seed43__cluster_block_order,RM-B2,80,4,CERTIFIED,0.052,0.052,0.0,0.08140399950699219,899.268,804.0,2304.6,0.7897112208828655,SEMANTIC_REPAIR
sift_100k,2,sift_100k__seed71__random,sift_100k__seed43__cluster_block_order,RM-B1,128,7,CERTIFIED,0.008,0.008,0.0,0.02496768176927198,1868.384,1650.5,4769.3499999999985,0.563088878641308,SEMANTIC_REPAIR
sift_100k,2,sift_100k__seed71__random,sift_100k__seed43__cluster_block_order,RM-B2,128,4,CERTIFIED,0.052,0.052,0.0,0.08140399950699219,899.268,804.0,2304.6,0.7897112208828655,SEMANTIC_REPAIR
sift_100k,2,sift_100k__seed71__random,sift_100k__seed43__cluster_block_order,RM-B1,250,5,CERTIFIED,0.02,0.02,0.0,0.04158982878282098,1116.916,987.5,2876.7999999999993,0.738815456553115,SEMANTIC_REPAIR
sift_100k,2,sift_100k__seed71__random,sift_100k__seed43__cluster_block_order,RM-B2,250,5,CERTIFIED,0.02,0.02,0.0,0.04158982878282098,1116.916,987.5,2876.7999999999993,0.738815456553115,SEMANTIC_REPAIR
sift_100k,2,sift_100k__seed71__random,sift_100k__seed43__natural_source_order,RM-B1,80,7,CERTIFIED,0.004,0.004,0.0,0.018833965611186224,1729.776,1651.0,2669.9999999999986,0.5977070518759977,SEMANTIC_REPAIR
sift_100k,2,sift_100k__seed71__random,sift_100k__seed43__natural_source_order,RM-B2,80,11,B6_FALLBACK,0.0,0.0,0.0,0.011911419714980633,4299.792,4473.5,5751.25,0.0,SEMANTIC_REPAIR
sift_100k,2,sift_100k__seed71__random,sift_100k__seed43__natural_source_order,RM-B1,128,7,CERTIFIED,0.004,0.004,0.0,0.018833965611186224,1729.776,1651.0,2669.9999999999986,0.5977070518759977,SEMANTIC_REPAIR
sift_100k,2,sift_100k__seed71__random,sift_100k__seed43__natural_source_order,RM-B2,128,6,CERTIFIED,0.012,0.012,0.0,0.030720864145366192,1384.768,1319.0,1923.3999999999985,0.6779453517751557,SEMANTIC_REPAIR
sift_100k,2,sift_100k__seed71__random,sift_100k__seed43__natural_source_order,RM-B1,250,5,CERTIFIED,0.036,0.036,0.0,0.06197905502895629,1034.512,982.5,1551.0499999999981,0.7594041758299006,SEMANTIC_REPAIR
sift_100k,2,sift_100k__seed71__random,sift_100k__seed43__natural_source_order,RM-B2,250,5,CERTIFIED,0.036,0.036,0.0,0.06197905502895629,1034.512,982.5,1551.0499999999981,0.7594041758299006,SEMANTIC_REPAIR
sift_100k,2,sift_100k__seed71__random,sift_100k__seed43__random,RM-B1,80,7,CERTIFIED,0.0,0.0,0.0,0.011911419714980633,1799.608,1614.0,4677.549999999998,0.5745156933878577,SEMANTIC_REPAIR
sift_100k,2,sift_100k__seed71__random,sift_100k__seed43__random,RM-B2,80,6,CERTIFIED,0.004,0.004,0.0,0.018833965611186224,1446.064,1278.0,3808.7499999999986,0.6581046881560978,SEMANTIC_REPAIR
sift_100k,2,sift_100k__seed71__random,sift_100k__seed43__random,RM-B1,128,7,CERTIFIED,0.0,0.0,0.0,0.011911419714980633,1799.608,1614.0,4677.549999999998,0.5745156933878577,SEMANTIC_REPAIR
sift_100k,2,sift_100k__seed71__random,sift_100k__seed43__random,RM-B2,128,6,CERTIFIED,0.004,0.004,0.0,0.018833965611186224,1446.064,1278.0,3808.7499999999986,0.6581046881560978,SEMANTIC_REPAIR
sift_100k,2,sift_100k__seed71__random,sift_100k__seed43__random,RM-B1,250,5,CERTIFIED,0.016,0.016,0.0,0.03623796513686767,1074.408,953.0,2805.2499999999995,0.7459759331484753,SEMANTIC_REPAIR
sift_100k,2,sift_100k__seed71__random,sift_100k__seed43__random,RM-B2,250,5,CERTIFIED,0.016,0.016,0.0,0.03623796513686767,1074.408,953.0,2805.2499999999995,0.7459759331484753,SEMANTIC_REPAIR
sift_100k,2,sift_100k__seed71__random,sift_100k__seed59__cluster_block_order,RM-B1,80,7,CERTIFIED,0.008,0.008,0.0,0.02496768176927198,1827.728,1632.5,4671.149999999999,0.5727059686055798,SEMANTIC_REPAIR
sift_100k,2,sift_100k__seed71__random,sift_100k__seed59__cluster_block_order,RM-B2,80,5,CERTIFIED,0.02,0.02,0.0,0.04158982878282098,1095.188,968.5,2798.899999999999,0.7439622877940304,SEMANTIC_REPAIR
sift_100k,2,sift_100k__seed71__random,sift_100k__seed59__cluster_block_order,RM-B1,128,7,CERTIFIED,0.008,0.008,0.0,0.02496768176927198,1827.728,1632.5,4671.149999999999,0.5727059686055798,SEMANTIC_REPAIR
sift_100k,2,sift_100k__seed71__random,sift_100k__seed59__cluster_block_order,RM-B2,128,4,CERTIFIED,0.048,0.048,0.0,0.07661134159084108,885.444,782.0,2255.6999999999994,0.7929971328698795,SEMANTIC_REPAIR
sift_100k,2,sift_100k__seed71__random,sift_100k__seed59__cluster_block_order,RM-B1,250,5,CERTIFIED,0.02,0.02,0.0,0.04158982878282098,1095.188,968.5,2798.899999999999,0.7439622877940304,SEMANTIC_REPAIR
sift_100k,2,sift_100k__seed71__random,sift_100k__seed59__cluster_block_order,RM-B2,250,5,CERTIFIED,0.02,0.02,0.0,0.04158982878282098,1095.188,968.5,2798.899999999999,0.7439622877940304,SEMANTIC_REPAIR
sift_100k,2,sift_100k__seed71__random,sift_100k__seed59__natural_source_order,RM-B1,80,7,CERTIFIED,0.004,0.004,0.0,0.018833965611186224,1895.972,1657.0,5180.0999999999985,0.5592833134202073,SEMANTIC_REPAIR
sift_100k,2,sift_100k__seed71__random,sift_100k__seed59__natural_source_order,RM-B2,80,6,CERTIFIED,0.016,0.016,0.0,0.03623796513686767,1526.228,1319.0,4261.45,0.6452299152491155,SEMANTIC_REPAIR
sift_100k,2,sift_100k__seed71__random,sift_100k__seed59__natural_source_order,RM-B1,128,7,CERTIFIED,0.004,0.004,0.0,0.018833965611186224,1895.972,1657.0,5180.0999999999985,0.5592833134202073,SEMANTIC_REPAIR
sift_100k,2,sift_100k__seed71__random,sift_100k__seed59__natural_source_order,RM-B2,128,5,CERTIFIED,0.024,0.024,0.0,0.04681743080651248,1137.016,985.0,3153.999999999999,0.7357018330923613,SEMANTIC_REPAIR
sift_100k,2,sift_100k__seed71__random,sift_100k__seed59__natural_source_order,RM-B1,250,5,CERTIFIED,0.024,0.024,0.0,0.04681743080651248,1137.016,985.0,3153.999999999999,0.7357018330923613,SEMANTIC_REPAIR
sift_100k,2,sift_100k__seed71__random,sift_100k__seed59__natural_source_order,RM-B2,250,4,CERTIFIED,0.048,0.048,0.0,0.07661134159084108,918.596,798.0,2556.0499999999993,0.7864733311328167,SEMANTIC_REPAIR
sift_100k,2,sift_100k__seed71__random,sift_100k__seed59__random,RM-B1,80,7,CERTIFIED,0.0,0.0,0.0,0.011911419714980633,1788.456,1613.5,4567.649999999999,0.577557088475918,SEMANTIC_REPAIR
sift_100k,2,sift_100k__seed71__random,sift_100k__seed59__random,RM-B2,80,6,CERTIFIED,0.012,0.012,0.0,0.030720864145366192,1437.548,1292.0,3675.5999999999985,0.6604434425137542,SEMANTIC_REPAIR
sift_100k,2,sift_100k__seed71__random,sift_100k__seed59__random,RM-B1,128,7,CERTIFIED,0.0,0.0,0.0,0.011911419714980633,1788.456,1613.5,4567.649999999999,0.577557088475918,SEMANTIC_REPAIR
sift_100k,2,sift_100k__seed71__random,sift_100k__seed59__random,RM-B2,128,6,CERTIFIED,0.012,0.012,0.0,0.030720864145366192,1437.548,1292.0,3675.5999999999985,0.6604434425137542,SEMANTIC_REPAIR
sift_100k,2,sift_100k__seed71__random,sift_100k__seed59__random,RM-B1,250,5,CERTIFIED,0.024,0.024,0.0,0.04681743080651248,1067.976,949.5,2645.35,0.7477383335805616,SEMANTIC_REPAIR
sift_100k,2,sift_100k__seed71__random,sift_100k__seed59__random,RM-B2,250,5,CERTIFIED,0.024,0.024,0.0,0.04681743080651248,1067.976,949.5,2645.35,0.7477383335805616,SEMANTIC_REPAIR
sift_100k,2,sift_100k__seed71__random,sift_100k__seed71__cluster_block_order,RM-B1,80,7,CERTIFIED,0.004,0.004,0.0,0.018833965611186224,1853.832,1646.5,4729.349999999997,0.5670211155892129,SEMANTIC_REPAIR
sift_100k,2,sift_100k__seed71__random,sift_100k__seed71__cluster_block_order,RM-B2,80,6,CERTIFIED,0.004,0.004,0.0,0.018833965611186224,1485.24,1330.5,3836.3999999999983,0.653109042091043,SEMANTIC_REPAIR
sift_100k,2,sift_100k__seed71__random,sift_100k__seed71__cluster_block_order,RM-B1,128,7,CERTIFIED,0.004,0.004,0.0,0.018833965611186224,1853.832,1646.5,4729.349999999997,0.5670211155892129,SEMANTIC_REPAIR
sift_100k,2,sift_100k__seed71__random,sift_100k__seed71__cluster_block_order,RM-B2,128,4,CERTIFIED,0.036,0.036,0.0,0.06197905502895629,897.556,794.0,2360.499999999997,0.7903678458586277,SEMANTIC_REPAIR
sift_100k,2,sift_100k__seed71__random,sift_100k__seed71__cluster_block_order,RM-B1,250,5,CERTIFIED,0.016,0.016,0.0,0.03623796513686767,1111.052,981.0,2858.0499999999975,0.7405039639609341,SEMANTIC_REPAIR
sift_100k,2,sift_100k__seed71__random,sift_100k__seed71__cluster_block_order,RM-B2,250,4,CERTIFIED,0.036,0.036,0.0,0.06197905502895629,897.556,794.0,2360.499999999997,0.7903678458586277,SEMANTIC_REPAIR
sift_100k,2,sift_100k__seed71__random,sift_100k__seed71__natural_source_order,RM-B1,80,7,CERTIFIED,0.004,0.004,0.0,0.018833965611186224,1873.092,1670.5,4773.8499999999985,0.5652432661276845,SEMANTIC_REPAIR
sift_100k,2,sift_100k__seed71__random,sift_100k__seed71__natural_source_order,RM-B2,80,11,B6_FALLBACK,0.0,0.0,0.0,0.011911419714980633,4308.368,4472.5,5759.45,0.0,SEMANTIC_REPAIR
sift_100k,2,sift_100k__seed71__random,sift_100k__seed71__natural_source_order,RM-B1,128,7,CERTIFIED,0.004,0.004,0.0,0.018833965611186224,1873.092,1670.5,4773.8499999999985,0.5652432661276845,SEMANTIC_REPAIR
sift_100k,2,sift_100k__seed71__random,sift_100k__seed71__natural_source_order,RM-B2,128,6,CERTIFIED,0.012,0.012,0.0,0.030720864145366192,1503.388,1334.0,3904.949999999998,0.6510539489662908,SEMANTIC_REPAIR
sift_100k,2,sift_100k__seed71__random,sift_100k__seed71__natural_source_order,RM-B1,250,5,CERTIFIED,0.032,0.032,0.0,0.05699654926405676,1124.204,994.0,2875.199999999998,0.7390650009469943,SEMANTIC_REPAIR
sift_100k,2,sift_100k__seed71__random,sift_100k__seed71__natural_source_order,RM-B2,250,5,CERTIFIED,0.032,0.032,0.0,0.05699654926405676,1124.204,994.0,2875.199999999998,0.7390650009469943,SEMANTIC_REPAIR
sift_100k,3,sift_100k__seed43__cluster_block_order,sift_100k__seed43__natural_source_order,RM-B1,80,4,CERTIFIED,0.032,0.032,0.0,0.05699654926405676,832.84,791.5,1457.049999999999,0.8112617479839879,SEMANTIC_REPAIR
sift_100k,3,sift_100k__seed43__cluster_block_order,sift_100k__seed43__natural_source_order,RM-B2,80,6,CERTIFIED,0.0,0.0,0.0,0.011911419714980633,1395.832,1319.0,2548.8499999999995,0.6836764663224458,SEMANTIC_REPAIR
sift_100k,3,sift_100k__seed43__cluster_block_order,sift_100k__seed43__natural_source_order,RM-B1,128,5,CERTIFIED,0.008,0.008,0.0,0.02496768176927198,1031.288,977.5,1843.8999999999996,0.7662894500203051,SEMANTIC_REPAIR
sift_100k,3,sift_100k__seed43__cluster_block_order,sift_100k__seed43__natural_source_order,RM-B2,128,6,CERTIFIED,0.0,0.0,0.0,0.011911419714980633,1395.832,1319.0,2548.8499999999995,0.6836764663224458,SEMANTIC_REPAIR
sift_100k,3,sift_100k__seed43__cluster_block_order,sift_100k__seed43__natural_source_order,RM-B1,250,5,CERTIFIED,0.008,0.008,0.0,0.02496768176927198,1031.288,977.5,1843.8999999999996,0.7662894500203051,SEMANTIC_REPAIR
sift_100k,3,sift_100k__seed43__cluster_block_order,sift_100k__seed43__natural_source_order,RM-B2,250,6,CERTIFIED,0.0,0.0,0.0,0.011911419714980633,1395.832,1319.0,2548.8499999999995,0.6836764663224458,SEMANTIC_REPAIR
sift_100k,3,sift_100k__seed43__cluster_block_order,sift_100k__seed43__random,RM-B1,80,4,CERTIFIED,0.044,0.044,0.0,0.07177970349205483,798.432,782.5,1221.1499999999999,0.8163585244502016,SEMANTIC_REPAIR
sift_100k,3,sift_100k__seed43__cluster_block_order,sift_100k__seed43__random,RM-B2,80,6,CERTIFIED,0.016,0.016,0.0,0.03623796513686767,1339.252,1304.5,2092.2999999999997,0.6919684914770219,SEMANTIC_REPAIR
sift_100k,3,sift_100k__seed43__cluster_block_order,sift_100k__seed43__random,RM-B1,128,5,CERTIFIED,0.02,0.02,0.0,0.04158982878282098,990.088,957.0,1543.3999999999992,0.772277136632614,SEMANTIC_REPAIR
sift_100k,3,sift_100k__seed43__cluster_block_order,sift_100k__seed43__random,RM-B2,128,6,CERTIFIED,0.016,0.016,0.0,0.03623796513686767,1339.252,1304.5,2092.2999999999997,0.6919684914770219,SEMANTIC_REPAIR
sift_100k,3,sift_100k__seed43__cluster_block_order,sift_100k__seed43__random,RM-B1,250,5,CERTIFIED,0.02,0.02,0.0,0.04158982878282098,990.088,957.0,1543.3999999999992,0.772277136632614,SEMANTIC_REPAIR
sift_100k,3,sift_100k__seed43__cluster_block_order,sift_100k__seed43__random,RM-B2,250,6,CERTIFIED,0.016,0.016,0.0,0.03623796513686767,1339.252,1304.5,2092.2999999999997,0.6919684914770219,SEMANTIC_REPAIR
sift_100k,3,sift_100k__seed43__cluster_block_order,sift_100k__seed59__cluster_block_order,RM-B1,80,4,CERTIFIED,0.044,0.044,0.0,0.07177970349205483,829.728,795.0,1477.8499999999992,0.8107506947498262,SEMANTIC_REPAIR
sift_100k,3,sift_100k__seed43__cluster_block_order,sift_100k__seed59__cluster_block_order,RM-B2,80,6,CERTIFIED,0.004,0.004,0.0,0.018833965611186224,1390.392,1318.5,2557.699999999999,0.6828711095378248,SEMANTIC_REPAIR
sift_100k,3,sift_100k__seed43__cluster_block_order,sift_100k__seed59__cluster_block_order,RM-B1,128,5,CERTIFIED,0.012,0.012,0.0,0.030720864145366192,1027.976,986.5,1849.6499999999999,0.765533109869918,SEMANTIC_REPAIR
sift_100k,3,sift_100k__seed43__cluster_block_order,sift_100k__seed59__cluster_block_order,RM-B2,128,6,CERTIFIED,0.004,0.004,0.0,0.018833965611186224,1390.392,1318.5,2557.699999999999,0.6828711095378248,SEMANTIC_REPAIR
sift_100k,3,sift_100k__seed43__cluster_block_order,sift_100k__seed59__cluster_block_order,RM-B1,250,5,CERTIFIED,0.012,0.012,0.0,0.030720864145366192,1027.976,986.5,1849.6499999999999,0.765533109869918,SEMANTIC_REPAIR
sift_100k,3,sift_100k__seed43__cluster_block_order,sift_100k__seed59__cluster_block_order,RM-B2,250,5,CERTIFIED,0.012,0.012,0.0,0.030720864145366192,1027.976,986.5,1849.6499999999999,0.765533109869918,SEMANTIC_REPAIR
sift_100k,3,sift_100k__seed43__cluster_block_order,sift_100k__seed59__natural_source_order,RM-B1,80,4,CERTIFIED,0.032,0.032,0.0,0.05699654926405676,837.156,800.5,1431.9999999999995,0.810356372967884,SEMANTIC_REPAIR
sift_100k,3,sift_100k__seed43__cluster_block_order,sift_100k__seed59__natural_source_order,RM-B2,80,6,CERTIFIED,0.004,0.004,0.0,0.018833965611186224,1405.344,1330.5,2511.35,0.6816429274975964,SEMANTIC_REPAIR
sift_100k,3,sift_100k__seed43__cluster_block_order,sift_100k__seed59__natural_source_order,RM-B1,128,5,CERTIFIED,0.012,0.012,0.0,0.030720864145366192,1037.084,979.5,1824.1499999999999,0.7650660434889375,SEMANTIC_REPAIR
sift_100k,3,sift_100k__seed43__cluster_block_order,sift_100k__seed59__natural_source_order,RM-B2,128,6,CERTIFIED,0.004,0.004,0.0,0.018833965611186224,1405.344,1330.5,2511.35,0.6816429274975964,SEMANTIC_REPAIR
sift_100k,3,sift_100k__seed43__cluster_block_order,sift_100k__seed59__natural_source_order,RM-B1,250,5,CERTIFIED,0.012,0.012,0.0,0.030720864145366192,1037.084,979.5,1824.1499999999999,0.7650660434889375,SEMANTIC_REPAIR
sift_100k,3,sift_100k__seed43__cluster_block_order,sift_100k__seed59__natural_source_order,RM-B2,250,6,CERTIFIED,0.004,0.004,0.0,0.018833965611186224,1405.344,1330.5,2511.35,0.6816429274975964,SEMANTIC_REPAIR
sift_100k,3,sift_100k__seed43__cluster_block_order,sift_100k__seed59__random,RM-B1,80,4,CERTIFIED,0.036,0.036,0.0,0.06197905502895629,818.184,779.0,1402.55,0.8118920052308931,SEMANTIC_REPAIR
sift_100k,3,sift_100k__seed43__cluster_block_order,sift_100k__seed59__random,RM-B2,80,7,CERTIFIED,0.008,0.008,0.0,0.02496768176927198,1699.464,1623.0,3071.649999999998,0.6092776622101075,SEMANTIC_REPAIR
sift_100k,3,sift_100k__seed43__cluster_block_order,sift_100k__seed59__random,RM-B1,128,5,CERTIFIED,0.016,0.016,0.0,0.03623796513686767,1015.284,963.0,1756.0499999999997,0.7665769101312689,SEMANTIC_REPAIR
sift_100k,3,sift_100k__seed43__cluster_block_order,sift_100k__seed59__random,RM-B2,128,7,CERTIFIED,0.008,0.008,0.0,0.02496768176927198,1699.464,1623.0,3071.649999999998,0.6092776622101075,SEMANTIC_REPAIR
sift_100k,3,sift_100k__seed43__cluster_block_order,sift_100k__seed59__random,RM-B1,250,5,CERTIFIED,0.016,0.016,0.0,0.03623796513686767,1015.284,963.0,1756.0499999999997,0.7665769101312689,SEMANTIC_REPAIR
sift_100k,3,sift_100k__seed43__cluster_block_order,sift_100k__seed59__random,RM-B2,250,6,CERTIFIED,0.012,0.012,0.0,0.030720864145366192,1371.784,1302.0,2424.5999999999995,0.6846142951996806,SEMANTIC_REPAIR
sift_100k,3,sift_100k__seed43__cluster_block_order,sift_100k__seed71__cluster_block_order,RM-B1,80,4,CERTIFIED,0.052,0.052,0.0,0.08140399950699219,837.568,802.0,1411.5499999999993,0.8093347586726861,SEMANTIC_REPAIR
sift_100k,3,sift_100k__seed43__cluster_block_order,sift_100k__seed71__cluster_block_order,RM-B2,80,6,CERTIFIED,0.004,0.004,0.0,0.018833965611186224,1394.004,1327.5,2444.449999999999,0.6826668293544633,SEMANTIC_REPAIR
sift_100k,3,sift_100k__seed43__cluster_block_order,sift_100k__seed71__cluster_block_order,RM-B1,128,5,CERTIFIED,0.02,0.02,0.0,0.04158982878282098,1035.892,992.0,1779.9999999999995,0.7641879845349466,SEMANTIC_REPAIR
sift_100k,3,sift_100k__seed43__cluster_block_order,sift_100k__seed71__cluster_block_order,RM-B2,128,6,CERTIFIED,0.004,0.004,0.0,0.018833965611186224,1394.004,1327.5,2444.449999999999,0.6826668293544633,SEMANTIC_REPAIR
sift_100k,3,sift_100k__seed43__cluster_block_order,sift_100k__seed71__cluster_block_order,RM-B1,250,5,CERTIFIED,0.02,0.02,0.0,0.04158982878282098,1035.892,992.0,1779.9999999999995,0.7641879845349466,SEMANTIC_REPAIR
sift_100k,3,sift_100k__seed43__cluster_block_order,sift_100k__seed71__cluster_block_order,RM-B2,250,6,CERTIFIED,0.004,0.004,0.0,0.018833965611186224,1394.004,1327.5,2444.449999999999,0.6826668293544633,SEMANTIC_REPAIR
sift_100k,3,sift_100k__seed43__cluster_block_order,sift_100k__seed71__natural_source_order,RM-B1,80,4,CERTIFIED,0.024,0.024,0.0,0.04681743080651248,860.444,797.0,1479.7999999999993,0.8052458701741743,SEMANTIC_REPAIR
sift_100k,3,sift_100k__seed43__cluster_block_order,sift_100k__seed71__natural_source_order,RM-B2,80,6,CERTIFIED,0.004,0.004,0.0,0.018833965611186224,1439.648,1338.0,2541.2,0.6741480055698101,SEMANTIC_REPAIR
sift_100k,3,sift_100k__seed43__cluster_block_order,sift_100k__seed71__natural_source_order,RM-B1,128,5,CERTIFIED,0.008,0.008,0.0,0.02496768176927198,1069.484,987.5,1842.8999999999996,0.7579314565705109,SEMANTIC_REPAIR
sift_100k,3,sift_100k__seed43__cluster_block_order,sift_100k__seed71__natural_source_order,RM-B2,128,6,CERTIFIED,0.004,0.004,0.0,0.018833965611186224,1439.648,1338.0,2541.2,0.6741480055698101,SEMANTIC_REPAIR
sift_100k,3,sift_100k__seed43__cluster_block_order,sift_100k__seed71__natural_source_order,RM-B1,250,5,CERTIFIED,0.008,0.008,0.0,0.02496768176927198,1069.484,987.5,1842.8999999999996,0.7579314565705109,SEMANTIC_REPAIR
sift_100k,3,sift_100k__seed43__cluster_block_order,sift_100k__seed71__natural_source_order,RM-B2,250,6,CERTIFIED,0.004,0.004,0.0,0.018833965611186224,1439.648,1338.0,2541.2,0.6741480055698101,SEMANTIC_REPAIR
sift_100k,3,sift_100k__seed43__cluster_block_order,sift_100k__seed71__random,RM-B1,80,4,CERTIFIED,0.036,0.036,0.0,0.06197905502895629,837.3,787.5,1434.2499999999998,0.8078592960027023,SEMANTIC_REPAIR
sift_100k,3,sift_100k__seed43__cluster_block_order,sift_100k__seed71__random,RM-B2,80,6,CERTIFIED,0.008,0.008,0.0,0.02496768176927198,1398.776,1303.0,2550.9499999999994,0.6790137282043185,SEMANTIC_REPAIR
sift_100k,3,sift_100k__seed43__cluster_block_order,sift_100k__seed71__random,RM-B1,128,5,CERTIFIED,0.02,0.02,0.0,0.04158982878282098,1040.148,966.0,1804.75,0.761310439530179,SEMANTIC_REPAIR
sift_100k,3,sift_100k__seed43__cluster_block_order,sift_100k__seed71__random,RM-B2,128,5,CERTIFIED,0.02,0.02,0.0,0.04158982878282098,1040.148,966.0,1804.75,0.761310439530179,SEMANTIC_REPAIR
sift_100k,3,sift_100k__seed43__cluster_block_order,sift_100k__seed71__random,RM-B1,250,5,CERTIFIED,0.02,0.02,0.0,0.04158982878282098,1040.148,966.0,1804.75,0.761310439530179,SEMANTIC_REPAIR
sift_100k,3,sift_100k__seed43__cluster_block_order,sift_100k__seed71__random,RM-B2,250,5,CERTIFIED,0.02,0.02,0.0,0.04158982878282098,1040.148,966.0,1804.75,0.761310439530179,SEMANTIC_REPAIR
sift_100k,3,sift_100k__seed43__natural_source_order,sift_100k__seed43__cluster_block_order,RM-B1,80,11,B6_FALLBACK,0.0,0.0,0.0,0.011911419714980633,4389.488,4500.5,5634.0999999999985,0.0,SEMANTIC_REPAIR
sift_100k,3,sift_100k__seed43__natural_source_order,sift_100k__seed43__cluster_block_order,RM-B2,80,6,CERTIFIED,0.004,0.004,0.0,0.018833965611186224,1343.1,1324.5,1798.6499999999996,0.6940189835352096,SEMANTIC_REPAIR
sift_100k,3,sift_100k__seed43__natural_source_order,sift_100k__seed43__cluster_block_order,RM-B1,128,6,CERTIFIED,0.004,0.004,0.0,0.018833965611186224,1343.1,1324.5,1798.6499999999996,0.6940189835352096,SEMANTIC_REPAIR
sift_100k,3,sift_100k__seed43__natural_source_order,sift_100k__seed43__cluster_block_order,RM-B2,128,6,CERTIFIED,0.004,0.004,0.0,0.018833965611186224,1343.1,1324.5,1798.6499999999996,0.6940189835352096,SEMANTIC_REPAIR
sift_100k,3,sift_100k__seed43__natural_source_order,sift_100k__seed43__cluster_block_order,RM-B1,250,5,CERTIFIED,0.016,0.016,0.0,0.03623796513686767,1003.064,988.0,1408.499999999999,0.7714849659003511,SEMANTIC_REPAIR
sift_100k,3,sift_100k__seed43__natural_source_order,sift_100k__seed43__cluster_block_order,RM-B2,250,5,CERTIFIED,0.016,0.016,0.0,0.03623796513686767,1003.064,988.0,1408.499999999999,0.7714849659003511,SEMANTIC_REPAIR
sift_100k,3,sift_100k__seed43__natural_source_order,sift_100k__seed43__random,RM-B1,80,11,B6_FALLBACK,0.0,0.0,0.0,0.011911419714980633,4347.776,4502.5,5525.849999999999,0.0,SEMANTIC_REPAIR
sift_100k,3,sift_100k__seed43__natural_source_order,sift_100k__seed43__random,RM-B2,80,6,CERTIFIED,0.016,0.016,0.0,0.03623796513686767,1327.22,1298.5,1772.3999999999996,0.6947358833573762,SEMANTIC_REPAIR
sift_100k,3,sift_100k__seed43__natural_source_order,sift_100k__seed43__random,RM-B1,128,6,CERTIFIED,0.016,0.016,0.0,0.03623796513686767,1327.22,1298.5,1772.3999999999996,0.6947358833573762,SEMANTIC_REPAIR
sift_100k,3,sift_100k__seed43__natural_source_order,sift_100k__seed43__random,RM-B2,128,6,CERTIFIED,0.016,0.016,0.0,0.03623796513686767,1327.22,1298.5,1772.3999999999996,0.6947358833573762,SEMANTIC_REPAIR
sift_100k,3,sift_100k__seed43__natural_source_order,sift_100k__seed43__random,RM-B1,250,5,CERTIFIED,0.02,0.02,0.0,0.04158982878282098,990.96,954.5,1383.9999999999995,0.7720765743221362,SEMANTIC_REPAIR
sift_100k,3,sift_100k__seed43__natural_source_order,sift_100k__seed43__random,RM-B2,250,5,CERTIFIED,0.02,0.02,0.0,0.04158982878282098,990.96,954.5,1383.9999999999995,0.7720765743221362,SEMANTIC_REPAIR
sift_100k,3,sift_100k__seed43__natural_source_order,sift_100k__seed59__cluster_block_order,RM-B1,80,11,B6_FALLBACK,0.0,0.0,0.0,0.011911419714980633,4384.312,4500.5,5626.1,0.0,SEMANTIC_REPAIR
sift_100k,3,sift_100k__seed43__natural_source_order,sift_100k__seed59__cluster_block_order,RM-B2,80,6,CERTIFIED,0.004,0.004,0.0,0.018833965611186224,1346.468,1323.5,1912.0499999999997,0.6928895571300582,SEMANTIC_REPAIR
sift_100k,3,sift_100k__seed43__natural_source_order,sift_100k__seed59__cluster_block_order,RM-B1,128,6,CERTIFIED,0.004,0.004,0.0,0.018833965611186224,1346.468,1323.5,1912.0499999999997,0.6928895571300582,SEMANTIC_REPAIR
sift_100k,3,sift_100k__seed43__natural_source_order,sift_100k__seed59__cluster_block_order,RM-B2,128,6,CERTIFIED,0.004,0.004,0.0,0.018833965611186224,1346.468,1323.5,1912.0499999999997,0.6928895571300582,SEMANTIC_REPAIR
sift_100k,3,sift_100k__seed43__natural_source_order,sift_100k__seed59__cluster_block_order,RM-B1,250,5,CERTIFIED,0.02,0.02,0.0,0.04158982878282098,1004.352,986.5,1531.6499999999996,0.7709214125272107,SEMANTIC_REPAIR
sift_100k,3,sift_100k__seed43__natural_source_order,sift_100k__seed59__cluster_block_order,RM-B2,250,6,CERTIFIED,0.004,0.004,0.0,0.018833965611186224,1346.468,1323.5,1912.0499999999997,0.6928895571300582,SEMANTIC_REPAIR
sift_100k,3,sift_100k__seed43__natural_source_order,sift_100k__seed59__natural_source_order,RM-B1,80,11,B6_FALLBACK,0.0,0.0,0.0,0.011911419714980633,4414.364,4535.0,5721.95,0.0,SEMANTIC_REPAIR
sift_100k,3,sift_100k__seed43__natural_source_order,sift_100k__seed59__natural_source_order,RM-B2,80,6,CERTIFIED,0.004,0.004,0.0,0.018833965611186224,1358.932,1329.0,2055.949999999995,0.6921567863456661,SEMANTIC_REPAIR
sift_100k,3,sift_100k__seed43__natural_source_order,sift_100k__seed59__natural_source_order,RM-B1,128,6,CERTIFIED,0.004,0.004,0.0,0.018833965611186224,1358.932,1329.0,2055.949999999995,0.6921567863456661,SEMANTIC_REPAIR
sift_100k,3,sift_100k__seed43__natural_source_order,sift_100k__seed59__natural_source_order,RM-B2,128,6,CERTIFIED,0.004,0.004,0.0,0.018833965611186224,1358.932,1329.0,2055.949999999995,0.6921567863456661,SEMANTIC_REPAIR
sift_100k,3,sift_100k__seed43__natural_source_order,sift_100k__seed59__natural_source_order,RM-B1,250,5,CERTIFIED,0.012,0.012,0.0,0.030720864145366192,1010.94,976.5,1563.6999999999985,0.7709885274526522,SEMANTIC_REPAIR
sift_100k,3,sift_100k__seed43__natural_source_order,sift_100k__seed59__natural_source_order,RM-B2,250,6,CERTIFIED,0.004,0.004,0.0,0.018833965611186224,1358.932,1329.0,2055.949999999995,0.6921567863456661,SEMANTIC_REPAIR
sift_100k,3,sift_100k__seed43__natural_source_order,sift_100k__seed59__random,RM-B1,80,11,B6_FALLBACK,0.0,0.0,0.0,0.011911419714980633,4349.544,4487.5,5486.5,0.0,SEMANTIC_REPAIR
sift_100k,3,sift_100k__seed43__natural_source_order,sift_100k__seed59__random,RM-B2,80,7,CERTIFIED,0.008,0.008,0.0,0.02496768176927198,1672.02,1609.0,2746.049999999999,0.6155872891503109,SEMANTIC_REPAIR
sift_100k,3,sift_100k__seed43__natural_source_order,sift_100k__seed59__random,RM-B1,128,6,CERTIFIED,0.012,0.012,0.0,0.030720864145366192,1335.904,1295.0,2028.749999999998,0.6928634357992469,SEMANTIC_REPAIR
sift_100k,3,sift_100k__seed43__natural_source_order,sift_100k__seed59__random,RM-B2,128,7,CERTIFIED,0.008,0.008,0.0,0.02496768176927198,1672.02,1609.0,2746.049999999999,0.6155872891503109,SEMANTIC_REPAIR
sift_100k,3,sift_100k__seed43__natural_source_order,sift_100k__seed59__random,RM-B1,250,5,CERTIFIED,0.016,0.016,0.0,0.03623796513686767,995.876,960.5,1621.799999999998,0.7710389870754267,SEMANTIC_REPAIR
sift_100k,3,sift_100k__seed43__natural_source_order,sift_100k__seed59__random,RM-B2,250,6,CERTIFIED,0.012,0.012,0.0,0.030720864145366192,1335.904,1295.0,2028.749999999998,0.6928634357992469,SEMANTIC_REPAIR
sift_100k,3,sift_100k__seed43__natural_source_order,sift_100k__seed71__cluster_block_order,RM-B1,80,11,B6_FALLBACK,0.0,0.0,0.0,0.011911419714980633,4392.872,4487.0,5639.9,0.0,SEMANTIC_REPAIR
sift_100k,3,sift_100k__seed43__natural_source_order,sift_100k__seed71__cluster_block_order,RM-B2,80,6,CERTIFIED,0.004,0.004,0.0,0.018833965611186224,1350.692,1333.5,1886.9499999999998,0.6925264382845664,SEMANTIC_REPAIR
sift_100k,3,sift_100k__seed43__natural_source_order,sift_100k__seed71__cluster_block_order,RM-B1,128,6,CERTIFIED,0.004,0.004,0.0,0.018833965611186224,1350.692,1333.5,1886.9499999999998,0.6925264382845664,SEMANTIC_REPAIR
sift_100k,3,sift_100k__seed43__natural_source_order,sift_100k__seed71__cluster_block_order,RM-B2,128,6,CERTIFIED,0.004,0.004,0.0,0.018833965611186224,1350.692,1333.5,1886.9499999999998,0.6925264382845664,SEMANTIC_REPAIR
sift_100k,3,sift_100k__seed43__natural_source_order,sift_100k__seed71__cluster_block_order,RM-B1,250,5,CERTIFIED,0.016,0.016,0.0,0.03623796513686767,1013.328,998.0,1506.6499999999996,0.7693244874879123,SEMANTIC_REPAIR
sift_100k,3,sift_100k__seed43__natural_source_order,sift_100k__seed71__cluster_block_order,RM-B2,250,6,CERTIFIED,0.004,0.004,0.0,0.018833965611186224,1350.692,1333.5,1886.9499999999998,0.6925264382845664,SEMANTIC_REPAIR
sift_100k,3,sift_100k__seed43__natural_source_order,sift_100k__seed71__natural_source_order,RM-B1,80,11,B6_FALLBACK,0.0,0.0,0.0,0.011911419714980633,4418.104,4551.5,5719.65,0.0,SEMANTIC_REPAIR
sift_100k,3,sift_100k__seed43__natural_source_order,sift_100k__seed71__natural_source_order,RM-B2,80,6,CERTIFIED,0.004,0.004,0.0,0.018833965611186224,1417.356,1346.5,2667.0999999999985,0.679193608842164,SEMANTIC_REPAIR
sift_100k,3,sift_100k__seed43__natural_source_order,sift_100k__seed71__natural_source_order,RM-B1,128,6,CERTIFIED,0.004,0.004,0.0,0.018833965611186224,1417.356,1346.5,2667.0999999999985,0.679193608842164,SEMANTIC_REPAIR
sift_100k,3,sift_100k__seed43__natural_source_order,sift_100k__seed71__natural_source_order,RM-B2,128,6,CERTIFIED,0.004,0.004,0.0,0.018833965611186224,1417.356,1346.5,2667.0999999999985,0.679193608842164,SEMANTIC_REPAIR
sift_100k,3,sift_100k__seed43__natural_source_order,sift_100k__seed71__natural_source_order,RM-B1,250,5,CERTIFIED,0.008,0.008,0.0,0.02496768176927198,1060.388,989.5,2014.5499999999984,0.7599902582646312,SEMANTIC_REPAIR
sift_100k,3,sift_100k__seed43__natural_source_order,sift_100k__seed71__natural_source_order,RM-B2,250,6,CERTIFIED,0.004,0.004,0.0,0.018833965611186224,1417.356,1346.5,2667.0999999999985,0.679193608842164,SEMANTIC_REPAIR
sift_100k,3,sift_100k__seed43__natural_source_order,sift_100k__seed71__random,RM-B1,80,11,B6_FALLBACK,0.0,0.0,0.0,0.011911419714980633,4357.744,4505.0,5510.75,0.0,SEMANTIC_REPAIR
sift_100k,3,sift_100k__seed43__natural_source_order,sift_100k__seed71__random,RM-B2,80,6,CERTIFIED,0.012,0.012,0.0,0.030720864145366192,1350.128,1311.0,1936.9999999999995,0.6901773027511483,SEMANTIC_REPAIR
sift_100k,3,sift_100k__seed43__natural_source_order,sift_100k__seed71__random,RM-B1,128,6,CERTIFIED,0.012,0.012,0.0,0.030720864145366192,1350.128,1311.0,1936.9999999999995,0.6901773027511483,SEMANTIC_REPAIR
sift_100k,3,sift_100k__seed43__natural_source_order,sift_100k__seed71__random,RM-B2,128,5,CERTIFIED,0.02,0.02,0.0,0.04158982878282098,1011.892,979.0,1541.6999999999998,0.7677945285450453,SEMANTIC_REPAIR
sift_100k,3,sift_100k__seed43__natural_source_order,sift_100k__seed71__random,RM-B1,250,5,CERTIFIED,0.02,0.02,0.0,0.04158982878282098,1011.892,979.0,1541.6999999999998,0.7677945285450453,SEMANTIC_REPAIR
sift_100k,3,sift_100k__seed43__natural_source_order,sift_100k__seed71__random,RM-B2,250,5,CERTIFIED,0.02,0.02,0.0,0.04158982878282098,1011.892,979.0,1541.6999999999998,0.7677945285450453,SEMANTIC_REPAIR
sift_100k,3,sift_100k__seed43__random,sift_100k__seed43__cluster_block_order,RM-B1,80,6,CERTIFIED,0.004,0.004,0.0,0.018833965611186224,1507.368,1339.5,3415.6999999999975,0.6565959401187564,SEMANTIC_REPAIR
sift_100k,3,sift_100k__seed43__random,sift_100k__seed43__cluster_block_order,RM-B2,80,6,CERTIFIED,0.004,0.004,0.0,0.018833965611186224,1507.368,1339.5,3415.6999999999975,0.6565959401187564,SEMANTIC_REPAIR
sift_100k,3,sift_100k__seed43__random,sift_100k__seed43__cluster_block_order,RM-B1,128,6,CERTIFIED,0.004,0.004,0.0,0.018833965611186224,1507.368,1339.5,3415.6999999999975,0.6565959401187564,SEMANTIC_REPAIR
sift_100k,3,sift_100k__seed43__random,sift_100k__seed43__cluster_block_order,RM-B2,128,6,CERTIFIED,0.004,0.004,0.0,0.018833965611186224,1507.368,1339.5,3415.6999999999975,0.6565959401187564,SEMANTIC_REPAIR
sift_100k,3,sift_100k__seed43__random,sift_100k__seed43__cluster_block_order,RM-B1,250,5,CERTIFIED,0.016,0.016,0.0,0.03623796513686767,1136.608,992.0,2706.6499999999996,0.7410613720780191,SEMANTIC_REPAIR
sift_100k,3,sift_100k__seed43__random,sift_100k__seed43__cluster_block_order,RM-B2,250,6,CERTIFIED,0.004,0.004,0.0,0.018833965611186224,1507.368,1339.5,3415.6999999999975,0.6565959401187564,SEMANTIC_REPAIR
sift_100k,3,sift_100k__seed43__random,sift_100k__seed43__natural_source_order,RM-B1,80,6,CERTIFIED,0.0,0.0,0.0,0.011911419714980633,1494.84,1343.5,3241.899999999999,0.6612392672738876,SEMANTIC_REPAIR
sift_100k,3,sift_100k__seed43__random,sift_100k__seed43__natural_source_order,RM-B2,80,6,CERTIFIED,0.0,0.0,0.0,0.011911419714980633,1494.84,1343.5,3241.899999999999,0.6612392672738876,SEMANTIC_REPAIR
sift_100k,3,sift_100k__seed43__random,sift_100k__seed43__natural_source_order,RM-B1,128,6,CERTIFIED,0.0,0.0,0.0,0.011911419714980633,1494.84,1343.5,3241.899999999999,0.6612392672738876,SEMANTIC_REPAIR
sift_100k,3,sift_100k__seed43__random,sift_100k__seed43__natural_source_order,RM-B2,128,6,CERTIFIED,0.0,0.0,0.0,0.011911419714980633,1494.84,1343.5,3241.899999999999,0.6612392672738876,SEMANTIC_REPAIR
sift_100k,3,sift_100k__seed43__random,sift_100k__seed43__natural_source_order,RM-B1,250,5,CERTIFIED,0.0,0.0,0.0,0.011911419714980633,1124.56,983.5,2573.5999999999985,0.7451521436444857,SEMANTIC_REPAIR
sift_100k,3,sift_100k__seed43__random,sift_100k__seed43__natural_source_order,RM-B2,250,6,CERTIFIED,0.0,0.0,0.0,0.011911419714980633,1494.84,1343.5,3241.899999999999,0.6612392672738876,SEMANTIC_REPAIR
sift_100k,3,sift_100k__seed43__random,sift_100k__seed59__cluster_block_order,RM-B1,80,6,CERTIFIED,0.004,0.004,0.0,0.018833965611186224,1466.056,1329.5,3154.1999999999985,0.6656132136581521,SEMANTIC_REPAIR
sift_100k,3,sift_100k__seed43__random,sift_100k__seed59__cluster_block_order,RM-B2,80,6,CERTIFIED,0.004,0.004,0.0,0.018833965611186224,1466.056,1329.5,3154.1999999999985,0.6656132136581521,SEMANTIC_REPAIR
sift_100k,3,sift_100k__seed43__random,sift_100k__seed59__cluster_block_order,RM-B1,128,6,CERTIFIED,0.004,0.004,0.0,0.018833965611186224,1466.056,1329.5,3154.1999999999985,0.6656132136581521,SEMANTIC_REPAIR
sift_100k,3,sift_100k__seed43__random,sift_100k__seed59__cluster_block_order,RM-B2,128,6,CERTIFIED,0.004,0.004,0.0,0.018833965611186224,1466.056,1329.5,3154.1999999999985,0.6656132136581521,SEMANTIC_REPAIR
sift_100k,3,sift_100k__seed43__random,sift_100k__seed59__cluster_block_order,RM-B1,250,5,CERTIFIED,0.016,0.016,0.0,0.03623796513686767,1098.344,997.5,2482.8999999999996,0.7494831572205627,SEMANTIC_REPAIR
sift_100k,3,sift_100k__seed43__random,sift_100k__seed59__cluster_block_order,RM-B2,250,5,CERTIFIED,0.016,0.016,0.0,0.03623796513686767,1098.344,997.5,2482.8999999999996,0.7494831572205627,SEMANTIC_REPAIR
sift_100k,3,sift_100k__seed43__random,sift_100k__seed59__natural_source_order,RM-B1,80,6,CERTIFIED,0.0,0.0,0.0,0.011911419714980633,1509.072,1348.0,3195.1,0.658145091795783,SEMANTIC_REPAIR
sift_100k,3,sift_100k__seed43__random,sift_100k__seed59__natural_source_order,RM-B2,80,6,CERTIFIED,0.0,0.0,0.0,0.011911419714980633,1509.072,1348.0,3195.1,0.658145091795783,SEMANTIC_REPAIR
sift_100k,3,sift_100k__seed43__random,sift_100k__seed59__natural_source_order,RM-B1,128,6,CERTIFIED,0.0,0.0,0.0,0.011911419714980633,1509.072,1348.0,3195.1,0.658145091795783,SEMANTIC_REPAIR
sift_100k,3,sift_100k__seed43__random,sift_100k__seed59__natural_source_order,RM-B2,128,6,CERTIFIED,0.0,0.0,0.0,0.011911419714980633,1509.072,1348.0,3195.1,0.658145091795783,SEMANTIC_REPAIR
sift_100k,3,sift_100k__seed43__random,sift_100k__seed59__natural_source_order,RM-B1,250,5,CERTIFIED,0.004,0.004,0.0,0.018833965611186224,1136.024,995.5,2511.35,0.742652848745595,SEMANTIC_REPAIR
sift_100k,3,sift_100k__seed43__random,sift_100k__seed59__natural_source_order,RM-B2,250,6,CERTIFIED,0.0,0.0,0.0,0.011911419714980633,1509.072,1348.0,3195.1,0.658145091795783,SEMANTIC_REPAIR
sift_100k,3,sift_100k__seed43__random,sift_100k__seed59__random,RM-B1,80,6,CERTIFIED,0.008,0.008,0.0,0.02496768176927198,1498.2,1314.5,3241.049999999999,0.6555500990448654,SEMANTIC_REPAIR
sift_100k,3,sift_100k__seed43__random,sift_100k__seed59__random,RM-B2,80,7,CERTIFIED,0.004,0.004,0.0,0.018833965611186224,1895.06,1630.5,4373.2,0.5643083504845565,SEMANTIC_REPAIR
sift_100k,3,sift_100k__seed43__random,sift_100k__seed59__random,RM-B1,128,6,CERTIFIED,0.008,0.008,0.0,0.02496768176927198,1498.2,1314.5,3241.049999999999,0.6555500990448654,SEMANTIC_REPAIR
sift_100k,3,sift_100k__seed43__random,sift_100k__seed59__random,RM-B2,128,7,CERTIFIED,0.004,0.004,0.0,0.018833965611186224,1895.06,1630.5,4373.2,0.5643083504845565,SEMANTIC_REPAIR
sift_100k,3,sift_100k__seed43__random,sift_100k__seed59__random,RM-B1,250,5,CERTIFIED,0.012,0.012,0.0,0.030720864145366192,1128.544,971.0,2585.699999999999,0.7405373988629612,SEMANTIC_REPAIR
sift_100k,3,sift_100k__seed43__random,sift_100k__seed59__random,RM-B2,250,5,CERTIFIED,0.012,0.012,0.0,0.030720864145366192,1128.544,971.0,2585.699999999999,0.7405373988629612,SEMANTIC_REPAIR
sift_100k,3,sift_100k__seed43__random,sift_100k__seed71__cluster_block_order,RM-B1,80,6,CERTIFIED,0.004,0.004,0.0,0.018833965611186224,1464.156,1335.0,3164.149999999999,0.6666973223895438,SEMANTIC_REPAIR
sift_100k,3,sift_100k__seed43__random,sift_100k__seed71__cluster_block_order,RM-B2,80,6,CERTIFIED,0.004,0.004,0.0,0.018833965611186224,1464.156,1335.0,3164.149999999999,0.6666973223895438,SEMANTIC_REPAIR
sift_100k,3,sift_100k__seed43__random,sift_100k__seed71__cluster_block_order,RM-B1,128,6,CERTIFIED,0.004,0.004,0.0,0.018833965611186224,1464.156,1335.0,3164.149999999999,0.6666973223895438,SEMANTIC_REPAIR
sift_100k,3,sift_100k__seed43__random,sift_100k__seed71__cluster_block_order,RM-B2,128,6,CERTIFIED,0.004,0.004,0.0,0.018833965611186224,1464.156,1335.0,3164.149999999999,0.6666973223895438,SEMANTIC_REPAIR
sift_100k,3,sift_100k__seed43__random,sift_100k__seed71__cluster_block_order,RM-B1,250,5,CERTIFIED,0.02,0.02,0.0,0.04158982878282098,1097.892,1000.0,2457.0499999999993,0.7500742111311234,SEMANTIC_REPAIR
sift_100k,3,sift_100k__seed43__random,sift_100k__seed71__cluster_block_order,RM-B2,250,5,CERTIFIED,0.02,0.02,0.0,0.04158982878282098,1097.892,1000.0,2457.0499999999993,0.7500742111311234,SEMANTIC_REPAIR
sift_100k,3,sift_100k__seed43__random,sift_100k__seed71__natural_source_order,RM-B1,80,6,CERTIFIED,0.0,0.0,0.0,0.011911419714980633,1492.552,1348.0,3185.75,0.6621736382846579,SEMANTIC_REPAIR
sift_100k,3,sift_100k__seed43__random,sift_100k__seed71__natural_source_order,RM-B2,80,6,CERTIFIED,0.0,0.0,0.0,0.011911419714980633,1492.552,1348.0,3185.75,0.6621736382846579,SEMANTIC_REPAIR
sift_100k,3,sift_100k__seed43__random,sift_100k__seed71__natural_source_order,RM-B1,128,6,CERTIFIED,0.0,0.0,0.0,0.011911419714980633,1492.552,1348.0,3185.75,0.6621736382846579,SEMANTIC_REPAIR
sift_100k,3,sift_100k__seed43__random,sift_100k__seed71__natural_source_order,RM-B2,128,6,CERTIFIED,0.0,0.0,0.0,0.011911419714980633,1492.552,1348.0,3185.75,0.6621736382846579,SEMANTIC_REPAIR
sift_100k,3,sift_100k__seed43__random,sift_100k__seed71__natural_source_order,RM-B1,250,5,CERTIFIED,0.004,0.004,0.0,0.018833965611186224,1121.288,991.0,2541.2,0.7462060648640232,SEMANTIC_REPAIR
sift_100k,3,sift_100k__seed43__random,sift_100k__seed71__natural_source_order,RM-B2,250,6,CERTIFIED,0.0,0.0,0.0,0.011911419714980633,1492.552,1348.0,3185.75,0.6621736382846579,SEMANTIC_REPAIR
sift_100k,3,sift_100k__seed43__random,sift_100k__seed71__random,RM-B1,80,6,CERTIFIED,0.012,0.012,0.0,0.030720864145366192,1482.184,1313.5,3196.55,0.6598735492493364,SEMANTIC_REPAIR
sift_100k,3,sift_100k__seed43__random,sift_100k__seed71__random,RM-B2,80,7,CERTIFIED,0.004,0.004,0.0,0.018833965611186224,1870.66,1634.5,4336.5999999999985,0.5707274222625285,SEMANTIC_REPAIR
sift_100k,3,sift_100k__seed43__random,sift_100k__seed71__random,RM-B1,128,6,CERTIFIED,0.012,0.012,0.0,0.030720864145366192,1482.184,1313.5,3196.55,0.6598735492493364,SEMANTIC_REPAIR
sift_100k,3,sift_100k__seed43__random,sift_100k__seed71__random,RM-B2,128,6,CERTIFIED,0.012,0.012,0.0,0.030720864145366192,1482.184,1313.5,3196.55,0.6598735492493364,SEMANTIC_REPAIR
sift_100k,3,sift_100k__seed43__random,sift_100k__seed71__random,RM-B1,250,5,CERTIFIED,0.02,0.02,0.0,0.04158982878282098,1115.6,981.5,2536.549999999999,0.7439959758994562,SEMANTIC_REPAIR
sift_100k,3,sift_100k__seed43__random,sift_100k__seed71__random,RM-B2,250,5,CERTIFIED,0.02,0.02,0.0,0.04158982878282098,1115.6,981.5,2536.549999999999,0.7439959758994562,SEMANTIC_REPAIR
sift_100k,3,sift_100k__seed59__cluster_block_order,sift_100k__seed43__cluster_block_order,RM-B1,80,5,CERTIFIED,0.024,0.024,0.0,0.04681743080651248,1005.6,986.5,1360.3999999999978,0.7709072219812425,SEMANTIC_REPAIR
sift_100k,3,sift_100k__seed59__cluster_block_order,sift_100k__seed43__cluster_block_order,RM-B2,80,6,CERTIFIED,0.004,0.004,0.0,0.018833965611186224,1351.912,1318.5,1876.4999999999957,0.692011460106509,SEMANTIC_REPAIR
sift_100k,3,sift_100k__seed59__cluster_block_order,sift_100k__seed43__cluster_block_order,RM-B1,128,5,CERTIFIED,0.024,0.024,0.0,0.04681743080651248,1005.6,986.5,1360.3999999999978,0.7709072219812425,SEMANTIC_REPAIR
sift_100k,3,sift_100k__seed59__cluster_block_order,sift_100k__seed43__cluster_block_order,RM-B2,128,6,CERTIFIED,0.004,0.004,0.0,0.018833965611186224,1351.912,1318.5,1876.4999999999957,0.692011460106509,SEMANTIC_REPAIR
sift_100k,3,sift_100k__seed59__cluster_block_order,sift_100k__seed43__cluster_block_order,RM-B1,250,5,CERTIFIED,0.024,0.024,0.0,0.04681743080651248,1005.6,986.5,1360.3999999999978,0.7709072219812425,SEMANTIC_REPAIR
sift_100k,3,sift_100k__seed59__cluster_block_order,sift_100k__seed43__cluster_block_order,RM-B2,250,6,CERTIFIED,0.004,0.004,0.0,0.018833965611186224,1351.912,1318.5,1876.4999999999957,0.692011460106509,SEMANTIC_REPAIR
sift_100k,3,sift_100k__seed59__cluster_block_order,sift_100k__seed43__natural_source_order,RM-B1,80,5,CERTIFIED,0.012,0.012,0.0,0.030720864145366192,1018.38,974.5,1463.0999999999985,0.7692146617740906,SEMANTIC_REPAIR
sift_100k,3,sift_100k__seed59__cluster_block_order,sift_100k__seed43__natural_source_order,RM-B2,80,6,CERTIFIED,0.0,0.0,0.0,0.011911419714980633,1370.56,1317.0,2016.5999999999995,0.6894036085165631,SEMANTIC_REPAIR
sift_100k,3,sift_100k__seed59__cluster_block_order,sift_100k__seed43__natural_source_order,RM-B1,128,5,CERTIFIED,0.012,0.012,0.0,0.030720864145366192,1018.38,974.5,1463.0999999999985,0.7692146617740906,SEMANTIC_REPAIR
sift_100k,3,sift_100k__seed59__cluster_block_order,sift_100k__seed43__natural_source_order,RM-B2,128,6,CERTIFIED,0.0,0.0,0.0,0.011911419714980633,1370.56,1317.0,2016.5999999999995,0.6894036085165631,SEMANTIC_REPAIR
sift_100k,3,sift_100k__seed59__cluster_block_order,sift_100k__seed43__natural_source_order,RM-B1,250,5,CERTIFIED,0.012,0.012,0.0,0.030720864145366192,1018.38,974.5,1463.0999999999985,0.7692146617740906,SEMANTIC_REPAIR
sift_100k,3,sift_100k__seed59__cluster_block_order,sift_100k__seed43__natural_source_order,RM-B2,250,6,CERTIFIED,0.0,0.0,0.0,0.011911419714980633,1370.56,1317.0,2016.5999999999995,0.6894036085165631,SEMANTIC_REPAIR
sift_100k,3,sift_100k__seed59__cluster_block_order,sift_100k__seed43__random,RM-B1,80,5,CERTIFIED,0.02,0.02,0.0,0.04158982878282098,969.892,951.0,1219.4499999999996,0.7769222701445521,SEMANTIC_REPAIR
sift_100k,3,sift_100k__seed59__cluster_block_order,sift_100k__seed43__random,RM-B2,80,6,CERTIFIED,0.016,0.016,0.0,0.03623796513686767,1307.42,1296.0,1653.7499999999995,0.6992899358200606,SEMANTIC_REPAIR
sift_100k,3,sift_100k__seed59__cluster_block_order,sift_100k__seed43__random,RM-B1,128,5,CERTIFIED,0.02,0.02,0.0,0.04158982878282098,969.892,951.0,1219.4499999999996,0.7769222701445521,SEMANTIC_REPAIR
sift_100k,3,sift_100k__seed59__cluster_block_order,sift_100k__seed43__random,RM-B2,128,6,CERTIFIED,0.016,0.016,0.0,0.03623796513686767,1307.42,1296.0,1653.7499999999995,0.6992899358200606,SEMANTIC_REPAIR
sift_100k,3,sift_100k__seed59__cluster_block_order,sift_100k__seed43__random,RM-B1,250,5,CERTIFIED,0.02,0.02,0.0,0.04158982878282098,969.892,951.0,1219.4499999999996,0.7769222701445521,SEMANTIC_REPAIR
sift_100k,3,sift_100k__seed59__cluster_block_order,sift_100k__seed43__random,RM-B2,250,6,CERTIFIED,0.016,0.016,0.0,0.03623796513686767,1307.42,1296.0,1653.7499999999995,0.6992899358200606,SEMANTIC_REPAIR
sift_100k,3,sift_100k__seed59__cluster_block_order,sift_100k__seed59__natural_source_order,RM-B1,80,5,CERTIFIED,0.012,0.012,0.0,0.030720864145366192,1029.348,974.0,1546.5499999999972,0.7668185043190819,SEMANTIC_REPAIR
sift_100k,3,sift_100k__seed59__cluster_block_order,sift_100k__seed59__natural_source_order,RM-B2,80,6,CERTIFIED,0.004,0.004,0.0,0.018833965611186224,1385.692,1327.5,2153.3999999999965,0.6860947579311538,SEMANTIC_REPAIR
sift_100k,3,sift_100k__seed59__cluster_block_order,sift_100k__seed59__natural_source_order,RM-B1,128,5,CERTIFIED,0.012,0.012,0.0,0.030720864145366192,1029.348,974.0,1546.5499999999972,0.7668185043190819,SEMANTIC_REPAIR
sift_100k,3,sift_100k__seed59__cluster_block_order,sift_100k__seed59__natural_source_order,RM-B2,128,6,CERTIFIED,0.004,0.004,0.0,0.018833965611186224,1385.692,1327.5,2153.3999999999965,0.6860947579311538,SEMANTIC_REPAIR
sift_100k,3,sift_100k__seed59__cluster_block_order,sift_100k__seed59__natural_source_order,RM-B1,250,5,CERTIFIED,0.012,0.012,0.0,0.030720864145366192,1029.348,974.0,1546.5499999999972,0.7668185043190819,SEMANTIC_REPAIR
sift_100k,3,sift_100k__seed59__cluster_block_order,sift_100k__seed59__natural_source_order,RM-B2,250,6,CERTIFIED,0.004,0.004,0.0,0.018833965611186224,1385.692,1327.5,2153.3999999999965,0.6860947579311538,SEMANTIC_REPAIR
sift_100k,3,sift_100k__seed59__cluster_block_order,sift_100k__seed59__random,RM-B1,80,5,CERTIFIED,0.016,0.016,0.0,0.03623796513686767,994.544,956.5,1264.1,0.7713452260742735,SEMANTIC_REPAIR
sift_100k,3,sift_100k__seed59__cluster_block_order,sift_100k__seed59__random,RM-B2,80,7,CERTIFIED,0.008,0.008,0.0,0.02496768176927198,1669.956,1609.0,2130.0999999999985,0.6160618216530285,SEMANTIC_REPAIR
sift_100k,3,sift_100k__seed59__cluster_block_order,sift_100k__seed59__random,RM-B1,128,5,CERTIFIED,0.016,0.016,0.0,0.03623796513686767,994.544,956.5,1264.1,0.7713452260742735,SEMANTIC_REPAIR
sift_100k,3,sift_100k__seed59__cluster_block_order,sift_100k__seed59__random,RM-B2,128,7,CERTIFIED,0.008,0.008,0.0,0.02496768176927198,1669.956,1609.0,2130.0999999999985,0.6160618216530285,SEMANTIC_REPAIR
sift_100k,3,sift_100k__seed59__cluster_block_order,sift_100k__seed59__random,RM-B1,250,5,CERTIFIED,0.016,0.016,0.0,0.03623796513686767,994.544,956.5,1264.1,0.7713452260742735,SEMANTIC_REPAIR
sift_100k,3,sift_100k__seed59__cluster_block_order,sift_100k__seed59__random,RM-B2,250,6,CERTIFIED,0.012,0.012,0.0,0.030720864145366192,1337.684,1292.0,1680.85,0.6924541974974847,SEMANTIC_REPAIR
sift_100k,3,sift_100k__seed59__cluster_block_order,sift_100k__seed71__cluster_block_order,RM-B1,80,5,CERTIFIED,0.024,0.024,0.0,0.04681743080651248,1015.328,986.5,1356.7499999999982,0.7688692044748857,SEMANTIC_REPAIR
sift_100k,3,sift_100k__seed59__cluster_block_order,sift_100k__seed71__cluster_block_order,RM-B2,80,6,CERTIFIED,0.004,0.004,0.0,0.018833965611186224,1363.476,1326.5,1848.6499999999971,0.6896162692653007,SEMANTIC_REPAIR
sift_100k,3,sift_100k__seed59__cluster_block_order,sift_100k__seed71__cluster_block_order,RM-B1,128,5,CERTIFIED,0.024,0.024,0.0,0.04681743080651248,1015.328,986.5,1356.7499999999982,0.7688692044748857,SEMANTIC_REPAIR
sift_100k,3,sift_100k__seed59__cluster_block_order,sift_100k__seed71__cluster_block_order,RM-B2,128,6,CERTIFIED,0.004,0.004,0.0,0.018833965611186224,1363.476,1326.5,1848.6499999999971,0.6896162692653007,SEMANTIC_REPAIR
sift_100k,3,sift_100k__seed59__cluster_block_order,sift_100k__seed71__cluster_block_order,RM-B1,250,5,CERTIFIED,0.024,0.024,0.0,0.04681743080651248,1015.328,986.5,1356.7499999999982,0.7688692044748857,SEMANTIC_REPAIR
sift_100k,3,sift_100k__seed59__cluster_block_order,sift_100k__seed71__cluster_block_order,RM-B2,250,6,CERTIFIED,0.004,0.004,0.0,0.018833965611186224,1363.476,1326.5,1848.6499999999971,0.6896162692653007,SEMANTIC_REPAIR
sift_100k,3,sift_100k__seed59__cluster_block_order,sift_100k__seed71__natural_source_order,RM-B1,80,5,CERTIFIED,0.012,0.012,0.0,0.030720864145366192,1059.416,981.0,2026.6999999999987,0.7602102621395965,SEMANTIC_REPAIR
sift_100k,3,sift_100k__seed59__cluster_block_order,sift_100k__seed71__natural_source_order,RM-B2,80,6,CERTIFIED,0.004,0.004,0.0,0.018833965611186224,1419.484,1327.0,2716.6499999999996,0.6787119542681658,SEMANTIC_REPAIR
sift_100k,3,sift_100k__seed59__cluster_block_order,sift_100k__seed71__natural_source_order,RM-B1,128,5,CERTIFIED,0.012,0.012,0.0,0.030720864145366192,1059.416,981.0,2026.6999999999987,0.7602102621395965,SEMANTIC_REPAIR
sift_100k,3,sift_100k__seed59__cluster_block_order,sift_100k__seed71__natural_source_order,RM-B2,128,6,CERTIFIED,0.004,0.004,0.0,0.018833965611186224,1419.484,1327.0,2716.6499999999996,0.6787119542681658,SEMANTIC_REPAIR
sift_100k,3,sift_100k__seed59__cluster_block_order,sift_100k__seed71__natural_source_order,RM-B1,250,5,CERTIFIED,0.012,0.012,0.0,0.030720864145366192,1059.416,981.0,2026.6999999999987,0.7602102621395965,SEMANTIC_REPAIR
sift_100k,3,sift_100k__seed59__cluster_block_order,sift_100k__seed71__natural_source_order,RM-B2,250,6,CERTIFIED,0.004,0.004,0.0,0.018833965611186224,1419.484,1327.0,2716.6499999999996,0.6787119542681658,SEMANTIC_REPAIR
sift_100k,3,sift_100k__seed59__cluster_block_order,sift_100k__seed71__random,RM-B1,80,5,CERTIFIED,0.02,0.02,0.0,0.04158982878282098,1013.44,966.0,1487.2999999999986,0.7674392988665695,SEMANTIC_REPAIR
sift_100k,3,sift_100k__seed59__cluster_block_order,sift_100k__seed71__random,RM-B2,80,6,CERTIFIED,0.008,0.008,0.0,0.02496768176927198,1361.708,1303.0,2081.4999999999995,0.687519964458674,SEMANTIC_REPAIR
sift_100k,3,sift_100k__seed59__cluster_block_order,sift_100k__seed71__random,RM-B1,128,5,CERTIFIED,0.02,0.02,0.0,0.04158982878282098,1013.44,966.0,1487.2999999999986,0.7674392988665695,SEMANTIC_REPAIR
sift_100k,3,sift_100k__seed59__cluster_block_order,sift_100k__seed71__random,RM-B2,128,5,CERTIFIED,0.02,0.02,0.0,0.04158982878282098,1013.44,966.0,1487.2999999999986,0.7674392988665695,SEMANTIC_REPAIR
sift_100k,3,sift_100k__seed59__cluster_block_order,sift_100k__seed71__random,RM-B1,250,5,CERTIFIED,0.02,0.02,0.0,0.04158982878282098,1013.44,966.0,1487.2999999999986,0.7674392988665695,SEMANTIC_REPAIR
sift_100k,3,sift_100k__seed59__cluster_block_order,sift_100k__seed71__random,RM-B2,250,5,CERTIFIED,0.02,0.02,0.0,0.04158982878282098,1013.44,966.0,1487.2999999999986,0.7674392988665695,SEMANTIC_REPAIR
sift_100k,3,sift_100k__seed59__natural_source_order,sift_100k__seed43__cluster_block_order,RM-B1,80,6,CERTIFIED,0.004,0.004,0.0,0.018833965611186224,1382.924,1325.5,2261.1999999999953,0.6849463992155805,SEMANTIC_REPAIR
sift_100k,3,sift_100k__seed59__natural_source_order,sift_100k__seed43__cluster_block_order,RM-B2,80,6,CERTIFIED,0.004,0.004,0.0,0.018833965611186224,1382.924,1325.5,2261.1999999999953,0.6849463992155805,SEMANTIC_REPAIR
sift_100k,3,sift_100k__seed59__natural_source_order,sift_100k__seed43__cluster_block_order,RM-B1,128,5,CERTIFIED,0.016,0.016,0.0,0.03623796513686767,1032.744,988.5,1729.3499999999997,0.7647233572571562,SEMANTIC_REPAIR
sift_100k,3,sift_100k__seed59__natural_source_order,sift_100k__seed43__cluster_block_order,RM-B2,128,6,CERTIFIED,0.004,0.004,0.0,0.018833965611186224,1382.924,1325.5,2261.1999999999953,0.6849463992155805,SEMANTIC_REPAIR
sift_100k,3,sift_100k__seed59__natural_source_order,sift_100k__seed43__cluster_block_order,RM-B1,250,5,CERTIFIED,0.016,0.016,0.0,0.03623796513686767,1032.744,988.5,1729.3499999999997,0.7647233572571562,SEMANTIC_REPAIR
sift_100k,3,sift_100k__seed59__natural_source_order,sift_100k__seed43__cluster_block_order,RM-B2,250,5,CERTIFIED,0.016,0.016,0.0,0.03623796513686767,1032.744,988.5,1729.3499999999997,0.7647233572571562,SEMANTIC_REPAIR
sift_100k,3,sift_100k__seed59__natural_source_order,sift_100k__seed43__natural_source_order,RM-B1,80,6,CERTIFIED,0.0,0.0,0.0,0.011911419714980633,1406.712,1327.5,2526.799999999999,0.6812108400533735,SEMANTIC_REPAIR
sift_100k,3,sift_100k__seed59__natural_source_order,sift_100k__seed43__natural_source_order,RM-B2,80,6,CERTIFIED,0.0,0.0,0.0,0.011911419714980633,1406.712,1327.5,2526.799999999999,0.6812108400533735,SEMANTIC_REPAIR
sift_100k,3,sift_100k__seed59__natural_source_order,sift_100k__seed43__natural_source_order,RM-B1,128,5,CERTIFIED,0.004,0.004,0.0,0.018833965611186224,1047.42,978.0,1819.1499999999994,0.7626336151882578,SEMANTIC_REPAIR
sift_100k,3,sift_100k__seed59__natural_source_order,sift_100k__seed43__natural_source_order,RM-B2,128,6,CERTIFIED,0.0,0.0,0.0,0.011911419714980633,1406.712,1327.5,2526.799999999999,0.6812108400533735,SEMANTIC_REPAIR
sift_100k,3,sift_100k__seed59__natural_source_order,sift_100k__seed43__natural_source_order,RM-B1,250,5,CERTIFIED,0.004,0.004,0.0,0.018833965611186224,1047.42,978.0,1819.1499999999994,0.7626336151882578,SEMANTIC_REPAIR
sift_100k,3,sift_100k__seed59__natural_source_order,sift_100k__seed43__natural_source_order,RM-B2,250,6,CERTIFIED,0.0,0.0,0.0,0.011911419714980633,1406.712,1327.5,2526.799999999999,0.6812108400533735,SEMANTIC_REPAIR
sift_100k,3,sift_100k__seed59__natural_source_order,sift_100k__seed43__random,RM-B1,80,6,CERTIFIED,0.012,0.012,0.0,0.030720864145366192,1381.684,1298.5,2235.2499999999955,0.6822090190478994,SEMANTIC_REPAIR
sift_100k,3,sift_100k__seed59__natural_source_order,sift_100k__seed43__random,RM-B2,80,6,CERTIFIED,0.012,0.012,0.0,0.030720864145366192,1381.684,1298.5,2235.2499999999955,0.6822090190478994,SEMANTIC_REPAIR
sift_100k,3,sift_100k__seed59__natural_source_order,sift_100k__seed43__random,RM-B1,128,5,CERTIFIED,0.016,0.016,0.0,0.03623796513686767,1033.32,954.5,1697.1999999999982,0.7623336620837873,SEMANTIC_REPAIR
sift_100k,3,sift_100k__seed59__natural_source_order,sift_100k__seed43__random,RM-B2,128,6,CERTIFIED,0.012,0.012,0.0,0.030720864145366192,1381.684,1298.5,2235.2499999999955,0.6822090190478994,SEMANTIC_REPAIR
sift_100k,3,sift_100k__seed59__natural_source_order,sift_100k__seed43__random,RM-B1,250,5,CERTIFIED,0.016,0.016,0.0,0.03623796513686767,1033.32,954.5,1697.1999999999982,0.7623336620837873,SEMANTIC_REPAIR
sift_100k,3,sift_100k__seed59__natural_source_order,sift_100k__seed43__random,RM-B2,250,5,CERTIFIED,0.016,0.016,0.0,0.03623796513686767,1033.32,954.5,1697.1999999999982,0.7623336620837873,SEMANTIC_REPAIR
sift_100k,3,sift_100k__seed59__natural_source_order,sift_100k__seed59__cluster_block_order,RM-B1,80,6,CERTIFIED,0.004,0.004,0.0,0.018833965611186224,1392.824,1321.0,2507.5499999999997,0.6823164044894615,SEMANTIC_REPAIR
sift_100k,3,sift_100k__seed59__natural_source_order,sift_100k__seed59__cluster_block_order,RM-B2,80,6,CERTIFIED,0.004,0.004,0.0,0.018833965611186224,1392.824,1321.0,2507.5499999999997,0.6823164044894615,SEMANTIC_REPAIR
sift_100k,3,sift_100k__seed59__natural_source_order,sift_100k__seed59__cluster_block_order,RM-B1,128,5,CERTIFIED,0.012,0.012,0.0,0.030720864145366192,1035.972,987.5,1826.249999999999,0.7637093345546576,SEMANTIC_REPAIR
sift_100k,3,sift_100k__seed59__natural_source_order,sift_100k__seed59__cluster_block_order,RM-B2,128,6,CERTIFIED,0.004,0.004,0.0,0.018833965611186224,1392.824,1321.0,2507.5499999999997,0.6823164044894615,SEMANTIC_REPAIR
sift_100k,3,sift_100k__seed59__natural_source_order,sift_100k__seed59__cluster_block_order,RM-B1,250,5,CERTIFIED,0.012,0.012,0.0,0.030720864145366192,1035.972,987.5,1826.249999999999,0.7637093345546576,SEMANTIC_REPAIR
sift_100k,3,sift_100k__seed59__natural_source_order,sift_100k__seed59__cluster_block_order,RM-B2,250,5,CERTIFIED,0.012,0.012,0.0,0.030720864145366192,1035.972,987.5,1826.249999999999,0.7637093345546576,SEMANTIC_REPAIR
sift_100k,3,sift_100k__seed59__natural_source_order,sift_100k__seed59__random,RM-B1,80,6,CERTIFIED,0.012,0.012,0.0,0.030720864145366192,1395.856,1302.0,2537.0499999999993,0.6790799219412426,SEMANTIC_REPAIR
sift_100k,3,sift_100k__seed59__natural_source_order,sift_100k__seed59__random,RM-B2,80,7,CERTIFIED,0.008,0.008,0.0,0.02496768176927198,1748.096,1622.0,3207.5999999999995,0.5980967200239842,SEMANTIC_REPAIR
sift_100k,3,sift_100k__seed59__natural_source_order,sift_100k__seed59__random,RM-B1,128,5,CERTIFIED,0.016,0.016,0.0,0.03623796513686767,1045.22,965.0,1909.3999999999978,0.7596943495685984,SEMANTIC_REPAIR
sift_100k,3,sift_100k__seed59__natural_source_order,sift_100k__seed59__random,RM-B2,128,7,CERTIFIED,0.008,0.008,0.0,0.02496768176927198,1748.096,1622.0,3207.5999999999995,0.5980967200239842,SEMANTIC_REPAIR
sift_100k,3,sift_100k__seed59__natural_source_order,sift_100k__seed59__random,RM-B1,250,5,CERTIFIED,0.016,0.016,0.0,0.03623796513686767,1045.22,965.0,1909.3999999999978,0.7596943495685984,SEMANTIC_REPAIR
sift_100k,3,sift_100k__seed59__natural_source_order,sift_100k__seed59__random,RM-B2,250,6,CERTIFIED,0.012,0.012,0.0,0.030720864145366192,1395.856,1302.0,2537.0499999999993,0.6790799219412426,SEMANTIC_REPAIR
sift_100k,3,sift_100k__seed59__natural_source_order,sift_100k__seed71__cluster_block_order,RM-B1,80,6,CERTIFIED,0.004,0.004,0.0,0.018833965611186224,1404.584,1338.0,2480.8999999999996,0.6802583822155528,SEMANTIC_REPAIR
sift_100k,3,sift_100k__seed59__natural_source_order,sift_100k__seed71__cluster_block_order,RM-B2,80,6,CERTIFIED,0.004,0.004,0.0,0.018833965611186224,1404.584,1338.0,2480.8999999999996,0.6802583822155528,SEMANTIC_REPAIR
sift_100k,3,sift_100k__seed59__natural_source_order,sift_100k__seed71__cluster_block_order,RM-B1,128,5,CERTIFIED,0.016,0.016,0.0,0.03623796513686767,1051.652,999.0,1758.1999999999996,0.7606003543922973,SEMANTIC_REPAIR
sift_100k,3,sift_100k__seed59__natural_source_order,sift_100k__seed71__cluster_block_order,RM-B2,128,6,CERTIFIED,0.004,0.004,0.0,0.018833965611186224,1404.584,1338.0,2480.8999999999996,0.6802583822155528,SEMANTIC_REPAIR
sift_100k,3,sift_100k__seed59__natural_source_order,sift_100k__seed71__cluster_block_order,RM-B1,250,5,CERTIFIED,0.016,0.016,0.0,0.03623796513686767,1051.652,999.0,1758.1999999999996,0.7606003543922973,SEMANTIC_REPAIR
sift_100k,3,sift_100k__seed59__natural_source_order,sift_100k__seed71__cluster_block_order,RM-B2,250,5,CERTIFIED,0.016,0.016,0.0,0.03623796513686767,1051.652,999.0,1758.1999999999996,0.7606003543922973,SEMANTIC_REPAIR
sift_100k,3,sift_100k__seed59__natural_source_order,sift_100k__seed71__natural_source_order,RM-B1,80,6,CERTIFIED,0.004,0.004,0.0,0.018833965611186224,1436.208,1346.5,2716.6499999999996,0.6749266201067246,SEMANTIC_REPAIR
sift_100k,3,sift_100k__seed59__natural_source_order,sift_100k__seed71__natural_source_order,RM-B2,80,6,CERTIFIED,0.004,0.004,0.0,0.018833965611186224,1436.208,1346.5,2716.6499999999996,0.6749266201067246,SEMANTIC_REPAIR
sift_100k,3,sift_100k__seed59__natural_source_order,sift_100k__seed71__natural_source_order,RM-B1,128,5,CERTIFIED,0.008,0.008,0.0,0.02496768176927198,1075.336,989.5,1940.9999999999993,0.7566069064920156,SEMANTIC_REPAIR
sift_100k,3,sift_100k__seed59__natural_source_order,sift_100k__seed71__natural_source_order,RM-B2,128,6,CERTIFIED,0.004,0.004,0.0,0.018833965611186224,1436.208,1346.5,2716.6499999999996,0.6749266201067246,SEMANTIC_REPAIR
sift_100k,3,sift_100k__seed59__natural_source_order,sift_100k__seed71__natural_source_order,RM-B1,250,5,CERTIFIED,0.008,0.008,0.0,0.02496768176927198,1075.336,989.5,1940.9999999999993,0.7566069064920156,SEMANTIC_REPAIR
sift_100k,3,sift_100k__seed59__natural_source_order,sift_100k__seed71__natural_source_order,RM-B2,250,6,CERTIFIED,0.004,0.004,0.0,0.018833965611186224,1436.208,1346.5,2716.6499999999996,0.6749266201067246,SEMANTIC_REPAIR
sift_100k,3,sift_100k__seed59__natural_source_order,sift_100k__seed71__random,RM-B1,80,6,CERTIFIED,0.008,0.008,0.0,0.02496768176927198,1404.428,1311.0,2550.9499999999994,0.6777167268201161,SEMANTIC_REPAIR
sift_100k,3,sift_100k__seed59__natural_source_order,sift_100k__seed71__random,RM-B2,80,6,CERTIFIED,0.008,0.008,0.0,0.02496768176927198,1404.428,1311.0,2550.9499999999994,0.6777167268201161,SEMANTIC_REPAIR
sift_100k,3,sift_100k__seed59__natural_source_order,sift_100k__seed71__random,RM-B1,128,5,CERTIFIED,0.02,0.02,0.0,0.04158982878282098,1052.012,979.0,1835.599999999999,0.7585879299013434,SEMANTIC_REPAIR
sift_100k,3,sift_100k__seed59__natural_source_order,sift_100k__seed71__random,RM-B2,128,5,CERTIFIED,0.02,0.02,0.0,0.04158982878282098,1052.012,979.0,1835.599999999999,0.7585879299013434,SEMANTIC_REPAIR
sift_100k,3,sift_100k__seed59__natural_source_order,sift_100k__seed71__random,RM-B1,250,5,CERTIFIED,0.02,0.02,0.0,0.04158982878282098,1052.012,979.0,1835.599999999999,0.7585879299013434,SEMANTIC_REPAIR
sift_100k,3,sift_100k__seed59__natural_source_order,sift_100k__seed71__random,RM-B2,250,5,CERTIFIED,0.02,0.02,0.0,0.04158982878282098,1052.012,979.0,1835.599999999999,0.7585879299013434,SEMANTIC_REPAIR
sift_100k,3,sift_100k__seed59__random,sift_100k__seed43__cluster_block_order,RM-B1,80,6,CERTIFIED,0.004,0.004,0.0,0.018833965611186224,1514.16,1339.5,3848.9999999999927,0.655048607035718,SEMANTIC_REPAIR
sift_100k,3,sift_100k__seed59__random,sift_100k__seed43__cluster_block_order,RM-B2,80,6,CERTIFIED,0.004,0.004,0.0,0.018833965611186224,1514.16,1339.5,3848.9999999999927,0.655048607035718,SEMANTIC_REPAIR
sift_100k,3,sift_100k__seed59__random,sift_100k__seed43__cluster_block_order,RM-B1,128,6,CERTIFIED,0.004,0.004,0.0,0.018833965611186224,1514.16,1339.5,3848.9999999999927,0.655048607035718,SEMANTIC_REPAIR
sift_100k,3,sift_100k__seed59__random,sift_100k__seed43__cluster_block_order,RM-B2,128,6,CERTIFIED,0.004,0.004,0.0,0.018833965611186224,1514.16,1339.5,3848.9999999999927,0.655048607035718,SEMANTIC_REPAIR
sift_100k,3,sift_100k__seed59__random,sift_100k__seed43__cluster_block_order,RM-B1,250,5,CERTIFIED,0.02,0.02,0.0,0.04158982878282098,1135.472,992.0,2815.6499999999937,0.7413201721932035,SEMANTIC_REPAIR
sift_100k,3,sift_100k__seed59__random,sift_100k__seed43__cluster_block_order,RM-B2,250,6,CERTIFIED,0.004,0.004,0.0,0.018833965611186224,1514.16,1339.5,3848.9999999999927,0.655048607035718,SEMANTIC_REPAIR
sift_100k,3,sift_100k__seed59__random,sift_100k__seed43__natural_source_order,RM-B1,80,6,CERTIFIED,0.0,0.0,0.0,0.011911419714980633,1596.572,1348.5,4234.199999999999,0.6381847551778151,SEMANTIC_REPAIR
sift_100k,3,sift_100k__seed59__random,sift_100k__seed43__natural_source_order,RM-B2,80,6,CERTIFIED,0.0,0.0,0.0,0.011911419714980633,1596.572,1348.5,4234.199999999999,0.6381847551778151,SEMANTIC_REPAIR
sift_100k,3,sift_100k__seed59__random,sift_100k__seed43__natural_source_order,RM-B1,128,6,CERTIFIED,0.0,0.0,0.0,0.011911419714980633,1596.572,1348.5,4234.199999999999,0.6381847551778151,SEMANTIC_REPAIR
sift_100k,3,sift_100k__seed59__random,sift_100k__seed43__natural_source_order,RM-B2,128,6,CERTIFIED,0.0,0.0,0.0,0.011911419714980633,1596.572,1348.5,4234.199999999999,0.6381847551778151,SEMANTIC_REPAIR
sift_100k,3,sift_100k__seed59__random,sift_100k__seed43__natural_source_order,RM-B1,250,5,CERTIFIED,0.0,0.0,0.0,0.011911419714980633,1191.256,984.0,3139.249999999999,0.7300374920229737,SEMANTIC_REPAIR
sift_100k,3,sift_100k__seed59__random,sift_100k__seed43__natural_source_order,RM-B2,250,6,CERTIFIED,0.0,0.0,0.0,0.011911419714980633,1596.572,1348.5,4234.199999999999,0.6381847551778151,SEMANTIC_REPAIR
sift_100k,3,sift_100k__seed59__random,sift_100k__seed43__random,RM-B1,80,6,CERTIFIED,0.012,0.012,0.0,0.030720864145366192,1490.944,1307.0,3581.7499999999964,0.6570789295492684,SEMANTIC_REPAIR
sift_100k,3,sift_100k__seed59__random,sift_100k__seed43__random,RM-B2,80,6,CERTIFIED,0.012,0.012,0.0,0.030720864145366192,1490.944,1307.0,3581.7499999999964,0.6570789295492684,SEMANTIC_REPAIR
sift_100k,3,sift_100k__seed59__random,sift_100k__seed43__random,RM-B1,128,6,CERTIFIED,0.012,0.012,0.0,0.030720864145366192,1490.944,1307.0,3581.7499999999964,0.6570789295492684,SEMANTIC_REPAIR
sift_100k,3,sift_100k__seed59__random,sift_100k__seed43__random,RM-B2,128,6,CERTIFIED,0.012,0.012,0.0,0.030720864145366192,1490.944,1307.0,3581.7499999999964,0.6570789295492684,SEMANTIC_REPAIR
sift_100k,3,sift_100k__seed59__random,sift_100k__seed43__random,RM-B1,250,5,CERTIFIED,0.016,0.016,0.0,0.03623796513686767,1113.604,967.0,2723.5999999999976,0.7438681293608502,SEMANTIC_REPAIR
sift_100k,3,sift_100k__seed59__random,sift_100k__seed43__random,RM-B2,250,5,CERTIFIED,0.016,0.016,0.0,0.03623796513686767,1113.604,967.0,2723.5999999999976,0.7438681293608502,SEMANTIC_REPAIR
sift_100k,3,sift_100k__seed59__random,sift_100k__seed59__cluster_block_order,RM-B1,80,6,CERTIFIED,0.004,0.004,0.0,0.018833965611186224,1578.008,1331.5,4220.0,0.6400785345568472,SEMANTIC_REPAIR
sift_100k,3,sift_100k__seed59__random,sift_100k__seed59__cluster_block_order,RM-B2,80,6,CERTIFIED,0.004,0.004,0.0,0.018833965611186224,1578.008,1331.5,4220.0,0.6400785345568472,SEMANTIC_REPAIR
sift_100k,3,sift_100k__seed59__random,sift_100k__seed59__cluster_block_order,RM-B1,128,6,CERTIFIED,0.004,0.004,0.0,0.018833965611186224,1578.008,1331.5,4220.0,0.6400785345568472,SEMANTIC_REPAIR
sift_100k,3,sift_100k__seed59__random,sift_100k__seed59__cluster_block_order,RM-B2,128,6,CERTIFIED,0.004,0.004,0.0,0.018833965611186224,1578.008,1331.5,4220.0,0.6400785345568472,SEMANTIC_REPAIR
sift_100k,3,sift_100k__seed59__random,sift_100k__seed59__cluster_block_order,RM-B1,250,5,CERTIFIED,0.012,0.012,0.0,0.030720864145366192,1179.436,997.5,3078.9499999999994,0.7309872107641975,SEMANTIC_REPAIR
sift_100k,3,sift_100k__seed59__random,sift_100k__seed59__cluster_block_order,RM-B2,250,5,CERTIFIED,0.012,0.012,0.0,0.030720864145366192,1179.436,997.5,3078.9499999999994,0.7309872107641975,SEMANTIC_REPAIR
sift_100k,3,sift_100k__seed59__random,sift_100k__seed59__natural_source_order,RM-B1,80,6,CERTIFIED,0.0,0.0,0.0,0.011911419714980633,1605.484,1344.0,4277.599999999999,0.6363045729803886,SEMANTIC_REPAIR
sift_100k,3,sift_100k__seed59__random,sift_100k__seed59__natural_source_order,RM-B2,80,6,CERTIFIED,0.0,0.0,0.0,0.011911419714980633,1605.484,1344.0,4277.599999999999,0.6363045729803886,SEMANTIC_REPAIR
sift_100k,3,sift_100k__seed59__random,sift_100k__seed59__natural_source_order,RM-B1,128,6,CERTIFIED,0.0,0.0,0.0,0.011911419714980633,1605.484,1344.0,4277.599999999999,0.6363045729803886,SEMANTIC_REPAIR
sift_100k,3,sift_100k__seed59__random,sift_100k__seed59__natural_source_order,RM-B2,128,6,CERTIFIED,0.0,0.0,0.0,0.011911419714980633,1605.484,1344.0,4277.599999999999,0.6363045729803886,SEMANTIC_REPAIR
sift_100k,3,sift_100k__seed59__random,sift_100k__seed59__natural_source_order,RM-B1,250,5,CERTIFIED,0.004,0.004,0.0,0.018833965611186224,1192.456,994.0,3124.2,0.7298691272400735,SEMANTIC_REPAIR
sift_100k,3,sift_100k__seed59__random,sift_100k__seed59__natural_source_order,RM-B2,250,6,CERTIFIED,0.0,0.0,0.0,0.011911419714980633,1605.484,1344.0,4277.599999999999,0.6363045729803886,SEMANTIC_REPAIR
sift_100k,3,sift_100k__seed59__random,sift_100k__seed71__cluster_block_order,RM-B1,80,6,CERTIFIED,0.004,0.004,0.0,0.018833965611186224,1564.428,1340.5,4101.849999999999,0.6438712532484443,SEMANTIC_REPAIR
sift_100k,3,sift_100k__seed59__random,sift_100k__seed71__cluster_block_order,RM-B2,80,6,CERTIFIED,0.004,0.004,0.0,0.018833965611186224,1564.428,1340.5,4101.849999999999,0.6438712532484443,SEMANTIC_REPAIR
sift_100k,3,sift_100k__seed59__random,sift_100k__seed71__cluster_block_order,RM-B1,128,6,CERTIFIED,0.004,0.004,0.0,0.018833965611186224,1564.428,1340.5,4101.849999999999,0.6438712532484443,SEMANTIC_REPAIR
sift_100k,3,sift_100k__seed59__random,sift_100k__seed71__cluster_block_order,RM-B2,128,6,CERTIFIED,0.004,0.004,0.0,0.018833965611186224,1564.428,1340.5,4101.849999999999,0.6438712532484443,SEMANTIC_REPAIR
sift_100k,3,sift_100k__seed59__random,sift_100k__seed71__cluster_block_order,RM-B1,250,5,CERTIFIED,0.02,0.02,0.0,0.04158982878282098,1172.52,1002.0,3026.7999999999993,0.7330857807830504,SEMANTIC_REPAIR
sift_100k,3,sift_100k__seed59__random,sift_100k__seed71__cluster_block_order,RM-B2,250,5,CERTIFIED,0.02,0.02,0.0,0.04158982878282098,1172.52,1002.0,3026.7999999999993,0.7330857807830504,SEMANTIC_REPAIR
sift_100k,3,sift_100k__seed59__random,sift_100k__seed71__natural_source_order,RM-B1,80,6,CERTIFIED,0.0,0.0,0.0,0.011911419714980633,1609.968,1349.0,4321.099999999997,0.6355975323351375,SEMANTIC_REPAIR
sift_100k,3,sift_100k__seed59__random,sift_100k__seed71__natural_source_order,RM-B2,80,6,CERTIFIED,0.0,0.0,0.0,0.011911419714980633,1609.968,1349.0,4321.099999999997,0.6355975323351375,SEMANTIC_REPAIR
sift_100k,3,sift_100k__seed59__random,sift_100k__seed71__natural_source_order,RM-B1,128,6,CERTIFIED,0.0,0.0,0.0,0.011911419714980633,1609.968,1349.0,4321.099999999997,0.6355975323351375,SEMANTIC_REPAIR
sift_100k,3,sift_100k__seed59__random,sift_100k__seed71__natural_source_order,RM-B2,128,6,CERTIFIED,0.0,0.0,0.0,0.011911419714980633,1609.968,1349.0,4321.099999999997,0.6355975323351375,SEMANTIC_REPAIR
sift_100k,3,sift_100k__seed59__random,sift_100k__seed71__natural_source_order,RM-B1,250,5,CERTIFIED,0.004,0.004,0.0,0.018833965611186224,1200.228,995.0,3126.199999999998,0.7283386719733171,SEMANTIC_REPAIR
sift_100k,3,sift_100k__seed59__random,sift_100k__seed71__natural_source_order,RM-B2,250,6,CERTIFIED,0.0,0.0,0.0,0.011911419714980633,1609.968,1349.0,4321.099999999997,0.6355975323351375,SEMANTIC_REPAIR
sift_100k,3,sift_100k__seed59__random,sift_100k__seed71__random,RM-B1,80,6,CERTIFIED,0.008,0.008,0.0,0.02496768176927198,1558.712,1311.5,4084.0499999999997,0.6423121688653579,SEMANTIC_REPAIR
sift_100k,3,sift_100k__seed59__random,sift_100k__seed71__random,RM-B2,80,6,CERTIFIED,0.008,0.008,0.0,0.02496768176927198,1558.712,1311.5,4084.0499999999997,0.6423121688653579,SEMANTIC_REPAIR
sift_100k,3,sift_100k__seed59__random,sift_100k__seed71__random,RM-B1,128,6,CERTIFIED,0.008,0.008,0.0,0.02496768176927198,1558.712,1311.5,4084.0499999999997,0.6423121688653579,SEMANTIC_REPAIR
sift_100k,3,sift_100k__seed59__random,sift_100k__seed71__random,RM-B2,128,5,CERTIFIED,0.016,0.016,0.0,0.03623796513686767,1162.908,980.0,3026.7,0.7331398999115138,SEMANTIC_REPAIR
sift_100k,3,sift_100k__seed59__random,sift_100k__seed71__random,RM-B1,250,5,CERTIFIED,0.016,0.016,0.0,0.03623796513686767,1162.908,980.0,3026.7,0.7331398999115138,SEMANTIC_REPAIR
sift_100k,3,sift_100k__seed59__random,sift_100k__seed71__random,RM-B2,250,5,CERTIFIED,0.016,0.016,0.0,0.03623796513686767,1162.908,980.0,3026.7,0.7331398999115138,SEMANTIC_REPAIR
sift_100k,3,sift_100k__seed71__cluster_block_order,sift_100k__seed43__cluster_block_order,RM-B1,80,6,CERTIFIED,0.004,0.004,0.0,0.018833965611186224,1393.916,1323.0,2482.0999999999995,0.6824422347207693,SEMANTIC_REPAIR
sift_100k,3,sift_100k__seed71__cluster_block_order,sift_100k__seed43__cluster_block_order,RM-B2,80,6,CERTIFIED,0.004,0.004,0.0,0.018833965611186224,1393.916,1323.0,2482.0999999999995,0.6824422347207693,SEMANTIC_REPAIR
sift_100k,3,sift_100k__seed71__cluster_block_order,sift_100k__seed43__cluster_block_order,RM-B1,128,5,CERTIFIED,0.02,0.02,0.0,0.04158982878282098,1044.0,988.0,1781.2999999999995,0.762159049073605,SEMANTIC_REPAIR
sift_100k,3,sift_100k__seed71__cluster_block_order,sift_100k__seed43__cluster_block_order,RM-B2,128,6,CERTIFIED,0.004,0.004,0.0,0.018833965611186224,1393.916,1323.0,2482.0999999999995,0.6824422347207693,SEMANTIC_REPAIR
sift_100k,3,sift_100k__seed71__cluster_block_order,sift_100k__seed43__cluster_block_order,RM-B1,250,5,CERTIFIED,0.02,0.02,0.0,0.04158982878282098,1044.0,988.0,1781.2999999999995,0.762159049073605,SEMANTIC_REPAIR
sift_100k,3,sift_100k__seed71__cluster_block_order,sift_100k__seed43__cluster_block_order,RM-B2,250,6,CERTIFIED,0.004,0.004,0.0,0.018833965611186224,1393.916,1323.0,2482.0999999999995,0.6824422347207693,SEMANTIC_REPAIR
sift_100k,3,sift_100k__seed71__cluster_block_order,sift_100k__seed43__natural_source_order,RM-B1,80,6,CERTIFIED,0.0,0.0,0.0,0.011911419714980633,1390.352,1317.0,2477.7999999999997,0.6849183442594419,SEMANTIC_REPAIR
sift_100k,3,sift_100k__seed71__cluster_block_order,sift_100k__seed43__natural_source_order,RM-B2,80,6,CERTIFIED,0.0,0.0,0.0,0.011911419714980633,1390.352,1317.0,2477.7999999999997,0.6849183442594419,SEMANTIC_REPAIR
sift_100k,3,sift_100k__seed71__cluster_block_order,sift_100k__seed43__natural_source_order,RM-B1,128,5,CERTIFIED,0.008,0.008,0.0,0.02496768176927198,1035.212,974.5,1787.9499999999996,0.7654001928989963,SEMANTIC_REPAIR
sift_100k,3,sift_100k__seed71__cluster_block_order,sift_100k__seed43__natural_source_order,RM-B2,128,6,CERTIFIED,0.0,0.0,0.0,0.011911419714980633,1390.352,1317.0,2477.7999999999997,0.6849183442594419,SEMANTIC_REPAIR
sift_100k,3,sift_100k__seed71__cluster_block_order,sift_100k__seed43__natural_source_order,RM-B1,250,5,CERTIFIED,0.008,0.008,0.0,0.02496768176927198,1035.212,974.5,1787.9499999999996,0.7654001928989963,SEMANTIC_REPAIR
sift_100k,3,sift_100k__seed71__cluster_block_order,sift_100k__seed43__natural_source_order,RM-B2,250,6,CERTIFIED,0.0,0.0,0.0,0.011911419714980633,1390.352,1317.0,2477.7999999999997,0.6849183442594419,SEMANTIC_REPAIR
sift_100k,3,sift_100k__seed71__cluster_block_order,sift_100k__seed43__random,RM-B1,80,6,CERTIFIED,0.012,0.012,0.0,0.030720864145366192,1336.84,1296.0,1870.1499999999987,0.6925232578679306,SEMANTIC_REPAIR
sift_100k,3,sift_100k__seed71__cluster_block_order,sift_100k__seed43__random,RM-B2,80,6,CERTIFIED,0.012,0.012,0.0,0.030720864145366192,1336.84,1296.0,1870.1499999999987,0.6925232578679306,SEMANTIC_REPAIR
sift_100k,3,sift_100k__seed71__cluster_block_order,sift_100k__seed43__random,RM-B1,128,5,CERTIFIED,0.016,0.016,0.0,0.03623796513686767,994.248,951.0,1322.3999999999999,0.7713203256101511,SEMANTIC_REPAIR
sift_100k,3,sift_100k__seed71__cluster_block_order,sift_100k__seed43__random,RM-B2,128,6,CERTIFIED,0.012,0.012,0.0,0.030720864145366192,1336.84,1296.0,1870.1499999999987,0.6925232578679306,SEMANTIC_REPAIR
sift_100k,3,sift_100k__seed71__cluster_block_order,sift_100k__seed43__random,RM-B1,250,5,CERTIFIED,0.016,0.016,0.0,0.03623796513686767,994.248,951.0,1322.3999999999999,0.7713203256101511,SEMANTIC_REPAIR
sift_100k,3,sift_100k__seed71__cluster_block_order,sift_100k__seed43__random,RM-B2,250,6,CERTIFIED,0.012,0.012,0.0,0.030720864145366192,1336.84,1296.0,1870.1499999999987,0.6925232578679306,SEMANTIC_REPAIR
sift_100k,3,sift_100k__seed71__cluster_block_order,sift_100k__seed59__cluster_block_order,RM-B1,80,6,CERTIFIED,0.004,0.004,0.0,0.018833965611186224,1388.136,1319.5,2563.7499999999986,0.6833856714576882,SEMANTIC_REPAIR
sift_100k,3,sift_100k__seed71__cluster_block_order,sift_100k__seed59__cluster_block_order,RM-B2,80,6,CERTIFIED,0.004,0.004,0.0,0.018833965611186224,1388.136,1319.5,2563.7499999999986,0.6833856714576882,SEMANTIC_REPAIR
sift_100k,3,sift_100k__seed71__cluster_block_order,sift_100k__seed59__cluster_block_order,RM-B1,128,5,CERTIFIED,0.016,0.016,0.0,0.03623796513686767,1033.128,983.0,1889.5999999999995,0.7643580110174641,SEMANTIC_REPAIR
sift_100k,3,sift_100k__seed71__cluster_block_order,sift_100k__seed59__cluster_block_order,RM-B2,128,6,CERTIFIED,0.004,0.004,0.0,0.018833965611186224,1388.136,1319.5,2563.7499999999986,0.6833856714576882,SEMANTIC_REPAIR
sift_100k,3,sift_100k__seed71__cluster_block_order,sift_100k__seed59__cluster_block_order,RM-B1,250,5,CERTIFIED,0.016,0.016,0.0,0.03623796513686767,1033.128,983.0,1889.5999999999995,0.7643580110174641,SEMANTIC_REPAIR
sift_100k,3,sift_100k__seed71__cluster_block_order,sift_100k__seed59__cluster_block_order,RM-B2,250,5,CERTIFIED,0.016,0.016,0.0,0.03623796513686767,1033.128,983.0,1889.5999999999995,0.7643580110174641,SEMANTIC_REPAIR
sift_100k,3,sift_100k__seed71__cluster_block_order,sift_100k__seed59__natural_source_order,RM-B1,80,6,CERTIFIED,0.004,0.004,0.0,0.018833965611186224,1387.08,1329.0,2403.35,0.6857803298504609,SEMANTIC_REPAIR
sift_100k,3,sift_100k__seed71__cluster_block_order,sift_100k__seed59__natural_source_order,RM-B2,80,6,CERTIFIED,0.004,0.004,0.0,0.018833965611186224,1387.08,1329.0,2403.35,0.6857803298504609,SEMANTIC_REPAIR
sift_100k,3,sift_100k__seed71__cluster_block_order,sift_100k__seed59__natural_source_order,RM-B1,128,5,CERTIFIED,0.012,0.012,0.0,0.030720864145366192,1031.108,976.0,1757.649999999999,0.7664198058882321,SEMANTIC_REPAIR
sift_100k,3,sift_100k__seed71__cluster_block_order,sift_100k__seed59__natural_source_order,RM-B2,128,6,CERTIFIED,0.004,0.004,0.0,0.018833965611186224,1387.08,1329.0,2403.35,0.6857803298504609,SEMANTIC_REPAIR
sift_100k,3,sift_100k__seed71__cluster_block_order,sift_100k__seed59__natural_source_order,RM-B1,250,5,CERTIFIED,0.012,0.012,0.0,0.030720864145366192,1031.108,976.0,1757.649999999999,0.7664198058882321,SEMANTIC_REPAIR
sift_100k,3,sift_100k__seed71__cluster_block_order,sift_100k__seed59__natural_source_order,RM-B2,250,6,CERTIFIED,0.004,0.004,0.0,0.018833965611186224,1387.08,1329.0,2403.35,0.6857803298504609,SEMANTIC_REPAIR
sift_100k,3,sift_100k__seed71__cluster_block_order,sift_100k__seed59__random,RM-B1,80,6,CERTIFIED,0.012,0.012,0.0,0.030720864145366192,1362.424,1295.0,2369.6999999999994,0.6867662449213067,SEMANTIC_REPAIR
sift_100k,3,sift_100k__seed71__cluster_block_order,sift_100k__seed59__random,RM-B2,80,7,CERTIFIED,0.008,0.008,0.0,0.02496768176927198,1695.852,1614.5,2988.0499999999993,0.6101080940898631,SEMANTIC_REPAIR
sift_100k,3,sift_100k__seed71__cluster_block_order,sift_100k__seed59__random,RM-B1,128,5,CERTIFIED,0.016,0.016,0.0,0.03623796513686767,1019.012,958.5,1732.3999999999999,0.7657198087891512,SEMANTIC_REPAIR
sift_100k,3,sift_100k__seed71__cluster_block_order,sift_100k__seed59__random,RM-B2,128,7,CERTIFIED,0.008,0.008,0.0,0.02496768176927198,1695.852,1614.5,2988.0499999999993,0.6101080940898631,SEMANTIC_REPAIR
sift_100k,3,sift_100k__seed71__cluster_block_order,sift_100k__seed59__random,RM-B1,250,5,CERTIFIED,0.016,0.016,0.0,0.03623796513686767,1019.012,958.5,1732.3999999999999,0.7657198087891512,SEMANTIC_REPAIR
sift_100k,3,sift_100k__seed71__cluster_block_order,sift_100k__seed59__random,RM-B2,250,6,CERTIFIED,0.012,0.012,0.0,0.030720864145366192,1362.424,1295.0,2369.6999999999994,0.6867662449213067,SEMANTIC_REPAIR
sift_100k,3,sift_100k__seed71__cluster_block_order,sift_100k__seed71__natural_source_order,RM-B1,80,6,CERTIFIED,0.004,0.004,0.0,0.018833965611186224,1432.44,1329.0,2766.95,0.675779474634368,SEMANTIC_REPAIR
sift_100k,3,sift_100k__seed71__cluster_block_order,sift_100k__seed71__natural_source_order,RM-B2,80,6,CERTIFIED,0.004,0.004,0.0,0.018833965611186224,1432.44,1329.0,2766.95,0.675779474634368,SEMANTIC_REPAIR
sift_100k,3,sift_100k__seed71__cluster_block_order,sift_100k__seed71__natural_source_order,RM-B1,128,5,CERTIFIED,0.008,0.008,0.0,0.02496768176927198,1073.952,984.0,2091.899999999999,0.7569201630382626,SEMANTIC_REPAIR
sift_100k,3,sift_100k__seed71__cluster_block_order,sift_100k__seed71__natural_source_order,RM-B2,128,6,CERTIFIED,0.004,0.004,0.0,0.018833965611186224,1432.44,1329.0,2766.95,0.675779474634368,SEMANTIC_REPAIR
sift_100k,3,sift_100k__seed71__cluster_block_order,sift_100k__seed71__natural_source_order,RM-B1,250,5,CERTIFIED,0.008,0.008,0.0,0.02496768176927198,1073.952,984.0,2091.899999999999,0.7569201630382626,SEMANTIC_REPAIR
sift_100k,3,sift_100k__seed71__cluster_block_order,sift_100k__seed71__natural_source_order,RM-B2,250,6,CERTIFIED,0.004,0.004,0.0,0.018833965611186224,1432.44,1329.0,2766.95,0.675779474634368,SEMANTIC_REPAIR
sift_100k,3,sift_100k__seed71__cluster_block_order,sift_100k__seed71__random,RM-B1,80,6,CERTIFIED,0.008,0.008,0.0,0.02496768176927198,1371.24,1303.0,2367.75,0.6853325941129171,SEMANTIC_REPAIR
sift_100k,3,sift_100k__seed71__cluster_block_order,sift_100k__seed71__random,RM-B2,80,6,CERTIFIED,0.008,0.008,0.0,0.02496768176927198,1371.24,1303.0,2367.75,0.6853325941129171,SEMANTIC_REPAIR
sift_100k,3,sift_100k__seed71__cluster_block_order,sift_100k__seed71__random,RM-B1,128,5,CERTIFIED,0.02,0.02,0.0,0.04158982878282098,1025.336,966.0,1716.2499999999998,0.7647094459885666,SEMANTIC_REPAIR
sift_100k,3,sift_100k__seed71__cluster_block_order,sift_100k__seed71__random,RM-B2,128,5,CERTIFIED,0.02,0.02,0.0,0.04158982878282098,1025.336,966.0,1716.2499999999998,0.7647094459885666,SEMANTIC_REPAIR
sift_100k,3,sift_100k__seed71__cluster_block_order,sift_100k__seed71__random,RM-B1,250,5,CERTIFIED,0.02,0.02,0.0,0.04158982878282098,1025.336,966.0,1716.2499999999998,0.7647094459885666,SEMANTIC_REPAIR
sift_100k,3,sift_100k__seed71__cluster_block_order,sift_100k__seed71__random,RM-B2,250,5,CERTIFIED,0.02,0.02,0.0,0.04158982878282098,1025.336,966.0,1716.2499999999998,0.7647094459885666,SEMANTIC_REPAIR
sift_100k,3,sift_100k__seed71__natural_source_order,sift_100k__seed43__cluster_block_order,RM-B1,80,11,B6_FALLBACK,0.0,0.0,0.0,0.011911419714980633,4389.488,4500.5,5634.0999999999985,0.0,SEMANTIC_REPAIR
sift_100k,3,sift_100k__seed71__natural_source_order,sift_100k__seed43__cluster_block_order,RM-B2,80,6,CERTIFIED,0.004,0.004,0.0,0.018833965611186224,1429.036,1330.5,2706.6499999999996,0.6744413015823258,SEMANTIC_REPAIR
sift_100k,3,sift_100k__seed71__natural_source_order,sift_100k__seed43__cluster_block_order,RM-B1,128,6,CERTIFIED,0.004,0.004,0.0,0.018833965611186224,1429.036,1330.5,2706.6499999999996,0.6744413015823258,SEMANTIC_REPAIR
sift_100k,3,sift_100k__seed71__natural_source_order,sift_100k__seed43__cluster_block_order,RM-B2,128,6,CERTIFIED,0.004,0.004,0.0,0.018833965611186224,1429.036,1330.5,2706.6499999999996,0.6744413015823258,SEMANTIC_REPAIR
sift_100k,3,sift_100k__seed71__natural_source_order,sift_100k__seed43__cluster_block_order,RM-B1,250,5,CERTIFIED,0.02,0.02,0.0,0.04158982878282098,1071.336,990.0,2053.1499999999996,0.7559314434849804,SEMANTIC_REPAIR
sift_100k,3,sift_100k__seed71__natural_source_order,sift_100k__seed43__cluster_block_order,RM-B2,250,6,CERTIFIED,0.004,0.004,0.0,0.018833965611186224,1429.036,1330.5,2706.6499999999996,0.6744413015823258,SEMANTIC_REPAIR
sift_100k,3,sift_100k__seed71__natural_source_order,sift_100k__seed43__natural_source_order,RM-B1,80,11,B6_FALLBACK,0.0,0.0,0.0,0.011911419714980633,4412.672,4549.0,5694.7,0.0,SEMANTIC_REPAIR
sift_100k,3,sift_100k__seed71__natural_source_order,sift_100k__seed43__natural_source_order,RM-B2,80,6,CERTIFIED,0.0,0.0,0.0,0.011911419714980633,1452.108,1337.5,2808.45,0.6709231957417183,SEMANTIC_REPAIR
sift_100k,3,sift_100k__seed71__natural_source_order,sift_100k__seed43__natural_source_order,RM-B1,128,6,CERTIFIED,0.0,0.0,0.0,0.011911419714980633,1452.108,1337.5,2808.45,0.6709231957417183,SEMANTIC_REPAIR
sift_100k,3,sift_100k__seed71__natural_source_order,sift_100k__seed43__natural_source_order,RM-B2,128,6,CERTIFIED,0.0,0.0,0.0,0.011911419714980633,1452.108,1337.5,2808.45,0.6709231957417183,SEMANTIC_REPAIR
sift_100k,3,sift_100k__seed71__natural_source_order,sift_100k__seed43__natural_source_order,RM-B1,250,5,CERTIFIED,0.008,0.008,0.0,0.02496768176927198,1083.648,982.5,2099.6999999999994,0.7544236236003945,SEMANTIC_REPAIR
sift_100k,3,sift_100k__seed71__natural_source_order,sift_100k__seed43__natural_source_order,RM-B2,250,6,CERTIFIED,0.0,0.0,0.0,0.011911419714980633,1452.108,1337.5,2808.45,0.6709231957417183,SEMANTIC_REPAIR
sift_100k,3,sift_100k__seed71__natural_source_order,sift_100k__seed43__random,RM-B1,80,11,B6_FALLBACK,0.0,0.0,0.0,0.011911419714980633,4347.776,4502.5,5525.849999999999,0.0,SEMANTIC_REPAIR
sift_100k,3,sift_100k__seed71__natural_source_order,sift_100k__seed43__random,RM-B2,80,6,CERTIFIED,0.012,0.012,0.0,0.030720864145366192,1409.388,1310.5,2705.849999999999,0.6758370256425354,SEMANTIC_REPAIR
sift_100k,3,sift_100k__seed71__natural_source_order,sift_100k__seed43__random,RM-B1,128,6,CERTIFIED,0.012,0.012,0.0,0.030720864145366192,1409.388,1310.5,2705.849999999999,0.6758370256425354,SEMANTIC_REPAIR
sift_100k,3,sift_100k__seed71__natural_source_order,sift_100k__seed43__random,RM-B2,128,6,CERTIFIED,0.012,0.012,0.0,0.030720864145366192,1409.388,1310.5,2705.849999999999,0.6758370256425354,SEMANTIC_REPAIR
sift_100k,3,sift_100k__seed71__natural_source_order,sift_100k__seed43__random,RM-B1,250,5,CERTIFIED,0.016,0.016,0.0,0.03623796513686767,1053.72,971.0,2083.1499999999996,0.7576416080313245,SEMANTIC_REPAIR
sift_100k,3,sift_100k__seed71__natural_source_order,sift_100k__seed43__random,RM-B2,250,5,CERTIFIED,0.016,0.016,0.0,0.03623796513686767,1053.72,971.0,2083.1499999999996,0.7576416080313245,SEMANTIC_REPAIR
sift_100k,3,sift_100k__seed71__natural_source_order,sift_100k__seed59__cluster_block_order,RM-B1,80,11,B6_FALLBACK,0.0,0.0,0.0,0.011911419714980633,4384.312,4500.5,5626.1,0.0,SEMANTIC_REPAIR
sift_100k,3,sift_100k__seed71__natural_source_order,sift_100k__seed59__cluster_block_order,RM-B2,80,6,CERTIFIED,0.004,0.004,0.0,0.018833965611186224,1418.952,1326.0,2677.9499999999994,0.6763569745948737,SEMANTIC_REPAIR
sift_100k,3,sift_100k__seed71__natural_source_order,sift_100k__seed59__cluster_block_order,RM-B1,128,6,CERTIFIED,0.004,0.004,0.0,0.018833965611186224,1418.952,1326.0,2677.9499999999994,0.6763569745948737,SEMANTIC_REPAIR
sift_100k,3,sift_100k__seed71__natural_source_order,sift_100k__seed59__cluster_block_order,RM-B2,128,6,CERTIFIED,0.004,0.004,0.0,0.018833965611186224,1418.952,1326.0,2677.9499999999994,0.6763569745948737,SEMANTIC_REPAIR
sift_100k,3,sift_100k__seed71__natural_source_order,sift_100k__seed59__cluster_block_order,RM-B1,250,5,CERTIFIED,0.012,0.012,0.0,0.030720864145366192,1057.552,994.5,2002.3499999999997,0.7587872395942625,SEMANTIC_REPAIR
sift_100k,3,sift_100k__seed71__natural_source_order,sift_100k__seed59__cluster_block_order,RM-B2,250,5,CERTIFIED,0.012,0.012,0.0,0.030720864145366192,1057.552,994.5,2002.3499999999997,0.7587872395942625,SEMANTIC_REPAIR
sift_100k,3,sift_100k__seed71__natural_source_order,sift_100k__seed59__natural_source_order,RM-B1,80,11,B6_FALLBACK,0.0,0.0,0.0,0.011911419714980633,4414.364,4535.0,5721.95,0.0,SEMANTIC_REPAIR
sift_100k,3,sift_100k__seed71__natural_source_order,sift_100k__seed59__natural_source_order,RM-B2,80,6,CERTIFIED,0.0,0.0,0.0,0.011911419714980633,1414.832,1331.0,2653.4499999999985,0.6794935805021969,SEMANTIC_REPAIR
sift_100k,3,sift_100k__seed71__natural_source_order,sift_100k__seed59__natural_source_order,RM-B1,128,6,CERTIFIED,0.0,0.0,0.0,0.011911419714980633,1414.832,1331.0,2653.4499999999985,0.6794935805021969,SEMANTIC_REPAIR
sift_100k,3,sift_100k__seed71__natural_source_order,sift_100k__seed59__natural_source_order,RM-B2,128,6,CERTIFIED,0.0,0.0,0.0,0.011911419714980633,1414.832,1331.0,2653.4499999999985,0.6794935805021969,SEMANTIC_REPAIR
sift_100k,3,sift_100k__seed71__natural_source_order,sift_100k__seed59__natural_source_order,RM-B1,250,5,CERTIFIED,0.008,0.008,0.0,0.02496768176927198,1050.092,979.5,2004.7499999999973,0.7621192996318382,SEMANTIC_REPAIR
sift_100k,3,sift_100k__seed71__natural_source_order,sift_100k__seed59__natural_source_order,RM-B2,250,6,CERTIFIED,0.0,0.0,0.0,0.011911419714980633,1414.832,1331.0,2653.4499999999985,0.6794935805021969,SEMANTIC_REPAIR
sift_100k,3,sift_100k__seed71__natural_source_order,sift_100k__seed59__random,RM-B1,80,11,B6_FALLBACK,0.0,0.0,0.0,0.011911419714980633,4349.544,4487.5,5486.5,0.0,SEMANTIC_REPAIR
sift_100k,3,sift_100k__seed71__natural_source_order,sift_100k__seed59__random,RM-B2,80,7,CERTIFIED,0.008,0.008,0.0,0.02496768176927198,1765.848,1626.0,3469.0499999999993,0.59401537264596,SEMANTIC_REPAIR
sift_100k,3,sift_100k__seed71__natural_source_order,sift_100k__seed59__random,RM-B1,128,6,CERTIFIED,0.012,0.012,0.0,0.030720864145366192,1407.628,1313.0,2641.9499999999994,0.676373431329813,SEMANTIC_REPAIR
sift_100k,3,sift_100k__seed71__natural_source_order,sift_100k__seed59__random,RM-B2,128,6,CERTIFIED,0.012,0.012,0.0,0.030720864145366192,1407.628,1313.0,2641.9499999999994,0.676373431329813,SEMANTIC_REPAIR
sift_100k,3,sift_100k__seed71__natural_source_order,sift_100k__seed59__random,RM-B1,250,5,CERTIFIED,0.016,0.016,0.0,0.03623796513686767,1052.484,969.0,2045.6,0.7580242894427554,SEMANTIC_REPAIR
sift_100k,3,sift_100k__seed71__natural_source_order,sift_100k__seed59__random,RM-B2,250,5,CERTIFIED,0.016,0.016,0.0,0.03623796513686767,1052.484,969.0,2045.6,0.7580242894427554,SEMANTIC_REPAIR
sift_100k,3,sift_100k__seed71__natural_source_order,sift_100k__seed71__cluster_block_order,RM-B1,80,11,B6_FALLBACK,0.0,0.0,0.0,0.011911419714980633,4392.872,4487.0,5639.9,0.0,SEMANTIC_REPAIR
sift_100k,3,sift_100k__seed71__natural_source_order,sift_100k__seed71__cluster_block_order,RM-B2,80,6,CERTIFIED,0.004,0.004,0.0,0.018833965611186224,1437.452,1331.5,2650.149999999999,0.6727762611794744,SEMANTIC_REPAIR
sift_100k,3,sift_100k__seed71__natural_source_order,sift_100k__seed71__cluster_block_order,RM-B1,128,6,CERTIFIED,0.004,0.004,0.0,0.018833965611186224,1437.452,1331.5,2650.149999999999,0.6727762611794744,SEMANTIC_REPAIR
sift_100k,3,sift_100k__seed71__natural_source_order,sift_100k__seed71__cluster_block_order,RM-B2,128,6,CERTIFIED,0.004,0.004,0.0,0.018833965611186224,1437.452,1331.5,2650.149999999999,0.6727762611794744,SEMANTIC_REPAIR
sift_100k,3,sift_100k__seed71__natural_source_order,sift_100k__seed71__cluster_block_order,RM-B1,250,5,CERTIFIED,0.02,0.02,0.0,0.04158982878282098,1073.216,999.0,1964.5499999999997,0.755691492945845,SEMANTIC_REPAIR
sift_100k,3,sift_100k__seed71__natural_source_order,sift_100k__seed71__cluster_block_order,RM-B2,250,6,CERTIFIED,0.004,0.004,0.0,0.018833965611186224,1437.452,1331.5,2650.149999999999,0.6727762611794744,SEMANTIC_REPAIR
sift_100k,3,sift_100k__seed71__natural_source_order,sift_100k__seed71__random,RM-B1,80,11,B6_FALLBACK,0.0,0.0,0.0,0.011911419714980633,4357.744,4505.0,5510.75,0.0,SEMANTIC_REPAIR
sift_100k,3,sift_100k__seed71__natural_source_order,sift_100k__seed71__random,RM-B2,80,6,CERTIFIED,0.012,0.012,0.0,0.030720864145366192,1420.568,1311.5,2660.6999999999994,0.6740129755212789,SEMANTIC_REPAIR
sift_100k,3,sift_100k__seed71__natural_source_order,sift_100k__seed71__random,RM-B1,128,6,CERTIFIED,0.012,0.012,0.0,0.030720864145366192,1420.568,1311.5,2660.6999999999994,0.6740129755212789,SEMANTIC_REPAIR
sift_100k,3,sift_100k__seed71__natural_source_order,sift_100k__seed71__random,RM-B2,128,5,CERTIFIED,0.02,0.02,0.0,0.04158982878282098,1060.416,979.0,2062.2,0.7566594090887395,SEMANTIC_REPAIR
sift_100k,3,sift_100k__seed71__natural_source_order,sift_100k__seed71__random,RM-B1,250,5,CERTIFIED,0.02,0.02,0.0,0.04158982878282098,1060.416,979.0,2062.2,0.7566594090887395,SEMANTIC_REPAIR
sift_100k,3,sift_100k__seed71__natural_source_order,sift_100k__seed71__random,RM-B2,250,5,CERTIFIED,0.02,0.02,0.0,0.04158982878282098,1060.416,979.0,2062.2,0.7566594090887395,SEMANTIC_REPAIR
sift_100k,3,sift_100k__seed71__random,sift_100k__seed43__cluster_block_order,RM-B1,80,6,CERTIFIED,0.004,0.004,0.0,0.018833965611186224,1421.092,1318.5,1849.6999999999987,0.6762510798525934,SEMANTIC_REPAIR
sift_100k,3,sift_100k__seed71__random,sift_100k__seed43__cluster_block_order,RM-B2,80,6,CERTIFIED,0.004,0.004,0.0,0.018833965611186224,1421.092,1318.5,1849.6999999999987,0.6762510798525934,SEMANTIC_REPAIR
sift_100k,3,sift_100k__seed71__random,sift_100k__seed43__cluster_block_order,RM-B1,128,6,CERTIFIED,0.004,0.004,0.0,0.018833965611186224,1421.092,1318.5,1849.6999999999987,0.6762510798525934,SEMANTIC_REPAIR
sift_100k,3,sift_100k__seed71__random,sift_100k__seed43__cluster_block_order,RM-B2,128,6,CERTIFIED,0.004,0.004,0.0,0.018833965611186224,1421.092,1318.5,1849.6999999999987,0.6762510798525934,SEMANTIC_REPAIR
sift_100k,3,sift_100k__seed71__random,sift_100k__seed43__cluster_block_order,RM-B1,250,5,CERTIFIED,0.02,0.02,0.0,0.04158982878282098,1053.624,986.5,1397.449999999999,0.7599665382386283,SEMANTIC_REPAIR
sift_100k,3,sift_100k__seed71__random,sift_100k__seed43__cluster_block_order,RM-B2,250,6,CERTIFIED,0.004,0.004,0.0,0.018833965611186224,1421.092,1318.5,1849.6999999999987,0.6762510798525934,SEMANTIC_REPAIR
sift_100k,3,sift_100k__seed71__random,sift_100k__seed43__natural_source_order,RM-B1,80,6,CERTIFIED,0.0,0.0,0.0,0.011911419714980633,1434.012,1317.0,1910.2999999999959,0.6750241123745431,SEMANTIC_REPAIR
sift_100k,3,sift_100k__seed71__random,sift_100k__seed43__natural_source_order,RM-B2,80,6,CERTIFIED,0.0,0.0,0.0,0.011911419714980633,1434.012,1317.0,1910.2999999999959,0.6750241123745431,SEMANTIC_REPAIR
sift_100k,3,sift_100k__seed71__random,sift_100k__seed43__natural_source_order,RM-B1,128,6,CERTIFIED,0.0,0.0,0.0,0.011911419714980633,1434.012,1317.0,1910.2999999999959,0.6750241123745431,SEMANTIC_REPAIR
sift_100k,3,sift_100k__seed71__random,sift_100k__seed43__natural_source_order,RM-B2,128,6,CERTIFIED,0.0,0.0,0.0,0.011911419714980633,1434.012,1317.0,1910.2999999999959,0.6750241123745431,SEMANTIC_REPAIR
sift_100k,3,sift_100k__seed71__random,sift_100k__seed43__natural_source_order,RM-B1,250,5,CERTIFIED,0.008,0.008,0.0,0.02496768176927198,1060.216,974.0,1419.249999999997,0.7597337848813599,SEMANTIC_REPAIR
sift_100k,3,sift_100k__seed71__random,sift_100k__seed43__natural_source_order,RM-B2,250,6,CERTIFIED,0.0,0.0,0.0,0.011911419714980633,1434.012,1317.0,1910.2999999999959,0.6750241123745431,SEMANTIC_REPAIR
sift_100k,3,sift_100k__seed71__random,sift_100k__seed43__random,RM-B1,80,6,CERTIFIED,0.016,0.016,0.0,0.03623796513686767,1389.74,1297.0,1841.7499999999952,0.680356117702476,SEMANTIC_REPAIR
sift_100k,3,sift_100k__seed71__random,sift_100k__seed43__random,RM-B2,80,6,CERTIFIED,0.016,0.016,0.0,0.03623796513686767,1389.74,1297.0,1841.7499999999952,0.680356117702476,SEMANTIC_REPAIR
sift_100k,3,sift_100k__seed71__random,sift_100k__seed43__random,RM-B1,128,6,CERTIFIED,0.016,0.016,0.0,0.03623796513686767,1389.74,1297.0,1841.7499999999952,0.680356117702476,SEMANTIC_REPAIR
sift_100k,3,sift_100k__seed71__random,sift_100k__seed43__random,RM-B2,128,6,CERTIFIED,0.016,0.016,0.0,0.03623796513686767,1389.74,1297.0,1841.7499999999952,0.680356117702476,SEMANTIC_REPAIR
sift_100k,3,sift_100k__seed71__random,sift_100k__seed43__random,RM-B1,250,5,CERTIFIED,0.02,0.02,0.0,0.04158982878282098,1029.1,952.5,1442.0499999999963,0.763304273265228,SEMANTIC_REPAIR
sift_100k,3,sift_100k__seed71__random,sift_100k__seed43__random,RM-B2,250,6,CERTIFIED,0.016,0.016,0.0,0.03623796513686767,1389.74,1297.0,1841.7499999999952,0.680356117702476,SEMANTIC_REPAIR
sift_100k,3,sift_100k__seed71__random,sift_100k__seed59__cluster_block_order,RM-B1,80,6,CERTIFIED,0.004,0.004,0.0,0.018833965611186224,1408.66,1317.5,1736.8499999999995,0.6787044352682929,SEMANTIC_REPAIR
sift_100k,3,sift_100k__seed71__random,sift_100k__seed59__cluster_block_order,RM-B2,80,6,CERTIFIED,0.004,0.004,0.0,0.018833965611186224,1408.66,1317.5,1736.8499999999995,0.6787044352682929,SEMANTIC_REPAIR
sift_100k,3,sift_100k__seed71__random,sift_100k__seed59__cluster_block_order,RM-B1,128,6,CERTIFIED,0.004,0.004,0.0,0.018833965611186224,1408.66,1317.5,1736.8499999999995,0.6787044352682929,SEMANTIC_REPAIR
sift_100k,3,sift_100k__seed71__random,sift_100k__seed59__cluster_block_order,RM-B2,128,6,CERTIFIED,0.004,0.004,0.0,0.018833965611186224,1408.66,1317.5,1736.8499999999995,0.6787044352682929,SEMANTIC_REPAIR
sift_100k,3,sift_100k__seed71__random,sift_100k__seed59__cluster_block_order,RM-B1,250,5,CERTIFIED,0.02,0.02,0.0,0.04158982878282098,1042.444,979.0,1299.6499999999999,0.7622331622384538,SEMANTIC_REPAIR
sift_100k,3,sift_100k__seed71__random,sift_100k__seed59__cluster_block_order,RM-B2,250,5,CERTIFIED,0.02,0.02,0.0,0.04158982878282098,1042.444,979.0,1299.6499999999999,0.7622331622384538,SEMANTIC_REPAIR
sift_100k,3,sift_100k__seed71__random,sift_100k__seed59__natural_source_order,RM-B1,80,6,CERTIFIED,0.004,0.004,0.0,0.018833965611186224,1471.292,1329.5,3875.1499999999987,0.6667035160670937,SEMANTIC_REPAIR
sift_100k,3,sift_100k__seed71__random,sift_100k__seed59__natural_source_order,RM-B2,80,6,CERTIFIED,0.004,0.004,0.0,0.018833965611186224,1471.292,1329.5,3875.1499999999987,0.6667035160670937,SEMANTIC_REPAIR
sift_100k,3,sift_100k__seed71__random,sift_100k__seed59__natural_source_order,RM-B1,128,6,CERTIFIED,0.004,0.004,0.0,0.018833965611186224,1471.292,1329.5,3875.1499999999987,0.6667035160670937,SEMANTIC_REPAIR
sift_100k,3,sift_100k__seed71__random,sift_100k__seed59__natural_source_order,RM-B2,128,6,CERTIFIED,0.004,0.004,0.0,0.018833965611186224,1471.292,1329.5,3875.1499999999987,0.6667035160670937,SEMANTIC_REPAIR
sift_100k,3,sift_100k__seed71__random,sift_100k__seed59__natural_source_order,RM-B1,250,5,CERTIFIED,0.012,0.012,0.0,0.030720864145366192,1086.624,976.5,2825.5,0.7538435887933119,SEMANTIC_REPAIR
sift_100k,3,sift_100k__seed71__random,sift_100k__seed59__natural_source_order,RM-B2,250,6,CERTIFIED,0.004,0.004,0.0,0.018833965611186224,1471.292,1329.5,3875.1499999999987,0.6667035160670937,SEMANTIC_REPAIR
sift_100k,3,sift_100k__seed71__random,sift_100k__seed59__random,RM-B1,80,6,CERTIFIED,0.012,0.012,0.0,0.030720864145366192,1413.664,1295.0,2559.2999999999915,0.6749856996503542,SEMANTIC_REPAIR
sift_100k,3,sift_100k__seed71__random,sift_100k__seed59__random,RM-B2,80,7,CERTIFIED,0.008,0.008,0.0,0.02496768176927198,1755.888,1610.5,3185.3999999999905,0.5963052678625622,SEMANTIC_REPAIR
sift_100k,3,sift_100k__seed71__random,sift_100k__seed59__random,RM-B1,128,6,CERTIFIED,0.012,0.012,0.0,0.030720864145366192,1413.664,1295.0,2559.2999999999915,0.6749856996503542,SEMANTIC_REPAIR
sift_100k,3,sift_100k__seed71__random,sift_100k__seed59__random,RM-B2,128,7,CERTIFIED,0.008,0.008,0.0,0.02496768176927198,1755.888,1610.5,3185.3999999999905,0.5963052678625622,SEMANTIC_REPAIR
sift_100k,3,sift_100k__seed71__random,sift_100k__seed59__random,RM-B1,250,5,CERTIFIED,0.016,0.016,0.0,0.03623796513686767,1047.524,960.5,1918.9499999999937,0.7591646388678905,SEMANTIC_REPAIR
sift_100k,3,sift_100k__seed71__random,sift_100k__seed59__random,RM-B2,250,6,CERTIFIED,0.012,0.012,0.0,0.030720864145366192,1413.664,1295.0,2559.2999999999915,0.6749856996503542,SEMANTIC_REPAIR
sift_100k,3,sift_100k__seed71__random,sift_100k__seed71__cluster_block_order,RM-B1,80,6,CERTIFIED,0.004,0.004,0.0,0.018833965611186224,1413.532,1328.5,1801.8999999999987,0.678221446015272,SEMANTIC_REPAIR
sift_100k,3,sift_100k__seed71__random,sift_100k__seed71__cluster_block_order,RM-B2,80,6,CERTIFIED,0.004,0.004,0.0,0.018833965611186224,1413.532,1328.5,1801.8999999999987,0.678221446015272,SEMANTIC_REPAIR
sift_100k,3,sift_100k__seed71__random,sift_100k__seed71__cluster_block_order,RM-B1,128,6,CERTIFIED,0.004,0.004,0.0,0.018833965611186224,1413.532,1328.5,1801.8999999999987,0.678221446015272,SEMANTIC_REPAIR
sift_100k,3,sift_100k__seed71__random,sift_100k__seed71__cluster_block_order,RM-B2,128,6,CERTIFIED,0.004,0.004,0.0,0.018833965611186224,1413.532,1328.5,1801.8999999999987,0.678221446015272,SEMANTIC_REPAIR
sift_100k,3,sift_100k__seed71__random,sift_100k__seed71__cluster_block_order,RM-B1,250,5,CERTIFIED,0.02,0.02,0.0,0.04158982878282098,1050.1,992.0,1353.4499999999982,0.760953654010406,SEMANTIC_REPAIR
sift_100k,3,sift_100k__seed71__random,sift_100k__seed71__cluster_block_order,RM-B2,250,6,CERTIFIED,0.004,0.004,0.0,0.018833965611186224,1413.532,1328.5,1801.8999999999987,0.678221446015272,SEMANTIC_REPAIR
sift_100k,3,sift_100k__seed71__random,sift_100k__seed71__natural_source_order,RM-B1,80,6,CERTIFIED,0.004,0.004,0.0,0.018833965611186224,1472.12,1329.0,3727.099999999998,0.6667982464876336,SEMANTIC_REPAIR
sift_100k,3,sift_100k__seed71__random,sift_100k__seed71__natural_source_order,RM-B2,80,6,CERTIFIED,0.004,0.004,0.0,0.018833965611186224,1472.12,1329.0,3727.099999999998,0.6667982464876336,SEMANTIC_REPAIR
sift_100k,3,sift_100k__seed71__random,sift_100k__seed71__natural_source_order,RM-B1,128,6,CERTIFIED,0.004,0.004,0.0,0.018833965611186224,1472.12,1329.0,3727.099999999998,0.6667982464876336,SEMANTIC_REPAIR
sift_100k,3,sift_100k__seed71__random,sift_100k__seed71__natural_source_order,RM-B2,128,6,CERTIFIED,0.004,0.004,0.0,0.018833965611186224,1472.12,1329.0,3727.099999999998,0.6667982464876336,SEMANTIC_REPAIR
sift_100k,3,sift_100k__seed71__random,sift_100k__seed71__natural_source_order,RM-B1,250,5,CERTIFIED,0.008,0.008,0.0,0.02496768176927198,1089.936,984.0,2703.9499999999975,0.7533023215388321,SEMANTIC_REPAIR
sift_100k,3,sift_100k__seed71__random,sift_100k__seed71__natural_source_order,RM-B2,250,6,CERTIFIED,0.004,0.004,0.0,0.018833965611186224,1472.12,1329.0,3727.099999999998,0.6667982464876336,SEMANTIC_REPAIR
arxiv_nomic_100k,0,arxiv_nomic_100k__seed43__cluster_block_order,arxiv_nomic_100k__seed43__natural_source_order,RM-B1,80,7,CERTIFIED,0.004,0.004,0.0,0.018833965611186224,1736.5,1695.0,2332.85,0.6448009412519371,SEMANTIC_REPAIR
arxiv_nomic_100k,0,arxiv_nomic_100k__seed43__cluster_block_order,arxiv_nomic_100k__seed43__natural_source_order,RM-B2,80,9,CERTIFIED,0.0,0.0,0.0,0.011911419714980633,2955.492,2863.5,3973.249999999998,0.39545754302480274,SEMANTIC_REPAIR
arxiv_nomic_100k,0,arxiv_nomic_100k__seed43__cluster_block_order,arxiv_nomic_100k__seed43__natural_source_order,RM-B1,128,7,CERTIFIED,0.004,0.004,0.0,0.018833965611186224,1736.5,1695.0,2332.85,0.6448009412519371,SEMANTIC_REPAIR
arxiv_nomic_100k,0,arxiv_nomic_100k__seed43__cluster_block_order,arxiv_nomic_100k__seed43__natural_source_order,RM-B2,128,6,CERTIFIED,0.004,0.004,0.0,0.018833965611186224,1386.388,1353.5,1849.2499999999998,0.7164159443365337,SEMANTIC_REPAIR
arxiv_nomic_100k,0,arxiv_nomic_100k__seed43__cluster_block_order,arxiv_nomic_100k__seed43__natural_source_order,RM-B1,250,5,CERTIFIED,0.008,0.008,0.0,0.02496768176927198,1025.272,1001.0,1369.7999999999993,0.7902818028443743,SEMANTIC_REPAIR
arxiv_nomic_100k,0,arxiv_nomic_100k__seed43__cluster_block_order,arxiv_nomic_100k__seed43__natural_source_order,RM-B2,250,5,CERTIFIED,0.008,0.008,0.0,0.02496768176927198,1025.272,1001.0,1369.7999999999993,0.7902818028443743,SEMANTIC_REPAIR
arxiv_nomic_100k,0,arxiv_nomic_100k__seed43__cluster_block_order,arxiv_nomic_100k__seed43__random,RM-B1,80,7,CERTIFIED,0.004,0.004,0.0,0.018833965611186224,1738.628,1690.5,2296.3999999999996,0.6436183165674433,SEMANTIC_REPAIR
arxiv_nomic_100k,0,arxiv_nomic_100k__seed43__cluster_block_order,arxiv_nomic_100k__seed43__random,RM-B2,80,6,CERTIFIED,0.008,0.008,0.0,0.02496768176927198,1389.696,1358.0,1816.3999999999999,0.7151419395411265,SEMANTIC_REPAIR
arxiv_nomic_100k,0,arxiv_nomic_100k__seed43__cluster_block_order,arxiv_nomic_100k__seed43__random,RM-B1,128,7,CERTIFIED,0.004,0.004,0.0,0.018833965611186224,1738.628,1690.5,2296.3999999999996,0.6436183165674433,SEMANTIC_REPAIR
arxiv_nomic_100k,0,arxiv_nomic_100k__seed43__cluster_block_order,arxiv_nomic_100k__seed43__random,RM-B2,128,6,CERTIFIED,0.008,0.008,0.0,0.02496768176927198,1389.696,1358.0,1816.3999999999999,0.7151419395411265,SEMANTIC_REPAIR
arxiv_nomic_100k,0,arxiv_nomic_100k__seed43__cluster_block_order,arxiv_nomic_100k__seed43__random,RM-B1,250,5,CERTIFIED,0.016,0.016,0.0,0.03623796513686767,1030.024,1007.0,1315.0999999999997,0.7888670336058456,SEMANTIC_REPAIR
arxiv_nomic_100k,0,arxiv_nomic_100k__seed43__cluster_block_order,arxiv_nomic_100k__seed43__random,RM-B2,250,5,CERTIFIED,0.016,0.016,0.0,0.03623796513686767,1030.024,1007.0,1315.0999999999997,0.7888670336058456,SEMANTIC_REPAIR
arxiv_nomic_100k,0,arxiv_nomic_100k__seed43__cluster_block_order,arxiv_nomic_100k__seed59__cluster_block_order,RM-B1,80,7,CERTIFIED,0.004,0.004,0.0,0.018833965611186224,1781.588,1729.0,2389.0499999999997,0.639200110816698,SEMANTIC_REPAIR
arxiv_nomic_100k,0,arxiv_nomic_100k__seed43__cluster_block_order,arxiv_nomic_100k__seed59__cluster_block_order,RM-B2,80,6,CERTIFIED,0.004,0.004,0.0,0.018833965611186224,1424.372,1375.0,1903.7999999999997,0.711542028933851,SEMANTIC_REPAIR
arxiv_nomic_100k,0,arxiv_nomic_100k__seed43__cluster_block_order,arxiv_nomic_100k__seed59__cluster_block_order,RM-B1,128,7,CERTIFIED,0.004,0.004,0.0,0.018833965611186224,1781.588,1729.0,2389.0499999999997,0.639200110816698,SEMANTIC_REPAIR
arxiv_nomic_100k,0,arxiv_nomic_100k__seed43__cluster_block_order,arxiv_nomic_100k__seed59__cluster_block_order,RM-B2,128,5,CERTIFIED,0.008,0.008,0.0,0.02496768176927198,1052.508,1016.0,1378.55,0.7868503998878872,SEMANTIC_REPAIR
arxiv_nomic_100k,0,arxiv_nomic_100k__seed43__cluster_block_order,arxiv_nomic_100k__seed59__cluster_block_order,RM-B1,250,5,CERTIFIED,0.008,0.008,0.0,0.02496768176927198,1052.508,1016.0,1378.55,0.7868503998878872,SEMANTIC_REPAIR
arxiv_nomic_100k,0,arxiv_nomic_100k__seed43__cluster_block_order,arxiv_nomic_100k__seed59__cluster_block_order,RM-B2,250,5,CERTIFIED,0.008,0.008,0.0,0.02496768176927198,1052.508,1016.0,1378.55,0.7868503998878872,SEMANTIC_REPAIR
arxiv_nomic_100k,0,arxiv_nomic_100k__seed43__cluster_block_order,arxiv_nomic_100k__seed59__natural_source_order,RM-B1,80,7,CERTIFIED,0.004,0.004,0.0,0.018833965611186224,1766.86,1690.5,2454.099999999998,0.63873390224473,SEMANTIC_REPAIR
arxiv_nomic_100k,0,arxiv_nomic_100k__seed43__cluster_block_order,arxiv_nomic_100k__seed59__natural_source_order,RM-B2,80,9,CERTIFIED,0.0,0.0,0.0,0.011911419714980633,2984.512,2869.0,4277.049999999998,0.38976319349366884,SEMANTIC_REPAIR
arxiv_nomic_100k,0,arxiv_nomic_100k__seed43__cluster_block_order,arxiv_nomic_100k__seed59__natural_source_order,RM-B1,128,7,CERTIFIED,0.004,0.004,0.0,0.018833965611186224,1766.86,1690.5,2454.099999999998,0.63873390224473,SEMANTIC_REPAIR
arxiv_nomic_100k,0,arxiv_nomic_100k__seed43__cluster_block_order,arxiv_nomic_100k__seed59__natural_source_order,RM-B2,128,6,CERTIFIED,0.008,0.008,0.0,0.02496768176927198,1408.384,1351.0,1843.8999999999996,0.7120307257955026,SEMANTIC_REPAIR
arxiv_nomic_100k,0,arxiv_nomic_100k__seed43__cluster_block_order,arxiv_nomic_100k__seed59__natural_source_order,RM-B1,250,5,CERTIFIED,0.012,0.012,0.0,0.030720864145366192,1043.06,1008.0,1402.6,0.7867277453082803,SEMANTIC_REPAIR
arxiv_nomic_100k,0,arxiv_nomic_100k__seed43__cluster_block_order,arxiv_nomic_100k__seed59__natural_source_order,RM-B2,250,5,CERTIFIED,0.012,0.012,0.0,0.030720864145366192,1043.06,1008.0,1402.6,0.7867277453082803,SEMANTIC_REPAIR
arxiv_nomic_100k,0,arxiv_nomic_100k__seed43__cluster_block_order,arxiv_nomic_100k__seed59__random,RM-B1,80,7,CERTIFIED,0.004,0.004,0.0,0.018833965611186224,1757.032,1678.0,2429.2499999999995,0.6399285526334126,SEMANTIC_REPAIR
arxiv_nomic_100k,0,arxiv_nomic_100k__seed43__cluster_block_order,arxiv_nomic_100k__seed59__random,RM-B2,80,6,CERTIFIED,0.008,0.008,0.0,0.02496768176927198,1403.3,1370.0,1857.1,0.7124194311261649,SEMANTIC_REPAIR
arxiv_nomic_100k,0,arxiv_nomic_100k__seed43__cluster_block_order,arxiv_nomic_100k__seed59__random,RM-B1,128,7,CERTIFIED,0.004,0.004,0.0,0.018833965611186224,1757.032,1678.0,2429.2499999999995,0.6399285526334126,SEMANTIC_REPAIR
arxiv_nomic_100k,0,arxiv_nomic_100k__seed43__cluster_block_order,arxiv_nomic_100k__seed59__random,RM-B2,128,6,CERTIFIED,0.008,0.008,0.0,0.02496768176927198,1403.3,1370.0,1857.1,0.7124194311261649,SEMANTIC_REPAIR
arxiv_nomic_100k,0,arxiv_nomic_100k__seed43__cluster_block_order,arxiv_nomic_100k__seed59__random,RM-B1,250,5,CERTIFIED,0.024,0.024,0.0,0.04681743080651248,1039.832,1005.0,1403.7499999999995,0.7869055240552856,SEMANTIC_REPAIR
arxiv_nomic_100k,0,arxiv_nomic_100k__seed43__cluster_block_order,arxiv_nomic_100k__seed59__random,RM-B2,250,5,CERTIFIED,0.024,0.024,0.0,0.04681743080651248,1039.832,1005.0,1403.7499999999995,0.7869055240552856,SEMANTIC_REPAIR
arxiv_nomic_100k,0,arxiv_nomic_100k__seed43__cluster_block_order,arxiv_nomic_100k__seed71__cluster_block_order,RM-B1,80,7,CERTIFIED,0.004,0.004,0.0,0.018833965611186224,1782.768,1729.5,2558.949999999999,0.640015604719216,SEMANTIC_REPAIR
arxiv_nomic_100k,0,arxiv_nomic_100k__seed43__cluster_block_order,arxiv_nomic_100k__seed71__cluster_block_order,RM-B2,80,6,CERTIFIED,0.004,0.004,0.0,0.018833965611186224,1423.028,1379.5,1916.6499999999999,0.7126558957488448,SEMANTIC_REPAIR
arxiv_nomic_100k,0,arxiv_nomic_100k__seed43__cluster_block_order,arxiv_nomic_100k__seed71__cluster_block_order,RM-B1,128,7,CERTIFIED,0.004,0.004,0.0,0.018833965611186224,1782.768,1729.5,2558.949999999999,0.640015604719216,SEMANTIC_REPAIR
arxiv_nomic_100k,0,arxiv_nomic_100k__seed43__cluster_block_order,arxiv_nomic_100k__seed71__cluster_block_order,RM-B2,128,5,CERTIFIED,0.008,0.008,0.0,0.02496768176927198,1054.916,1024.0,1465.6499999999996,0.7869866980268754,SEMANTIC_REPAIR
arxiv_nomic_100k,0,arxiv_nomic_100k__seed43__cluster_block_order,arxiv_nomic_100k__seed71__cluster_block_order,RM-B1,250,5,CERTIFIED,0.008,0.008,0.0,0.02496768176927198,1054.916,1024.0,1465.6499999999996,0.7869866980268754,SEMANTIC_REPAIR
arxiv_nomic_100k,0,arxiv_nomic_100k__seed43__cluster_block_order,arxiv_nomic_100k__seed71__cluster_block_order,RM-B2,250,5,CERTIFIED,0.008,0.008,0.0,0.02496768176927198,1054.916,1024.0,1465.6499999999996,0.7869866980268754,SEMANTIC_REPAIR
arxiv_nomic_100k,0,arxiv_nomic_100k__seed43__cluster_block_order,arxiv_nomic_100k__seed71__natural_source_order,RM-B1,80,7,CERTIFIED,0.0,0.0,0.0,0.011911419714980633,1755.936,1706.5,2424.2499999999995,0.6412579800535436,SEMANTIC_REPAIR
arxiv_nomic_100k,0,arxiv_nomic_100k__seed43__cluster_block_order,arxiv_nomic_100k__seed71__natural_source_order,RM-B2,80,7,CERTIFIED,0.0,0.0,0.0,0.011911419714980633,1755.936,1706.5,2424.2499999999995,0.6412579800535436,SEMANTIC_REPAIR
arxiv_nomic_100k,0,arxiv_nomic_100k__seed43__cluster_block_order,arxiv_nomic_100k__seed71__natural_source_order,RM-B1,128,7,CERTIFIED,0.0,0.0,0.0,0.011911419714980633,1755.936,1706.5,2424.2499999999995,0.6412579800535436,SEMANTIC_REPAIR
arxiv_nomic_100k,0,arxiv_nomic_100k__seed43__cluster_block_order,arxiv_nomic_100k__seed71__natural_source_order,RM-B2,128,5,CERTIFIED,0.008,0.008,0.0,0.02496768176927198,1039.664,1012.0,1421.1999999999994,0.7875941017066609,SEMANTIC_REPAIR
arxiv_nomic_100k,0,arxiv_nomic_100k__seed43__cluster_block_order,arxiv_nomic_100k__seed71__natural_source_order,RM-B1,250,5,CERTIFIED,0.008,0.008,0.0,0.02496768176927198,1039.664,1012.0,1421.1999999999994,0.7875941017066609,SEMANTIC_REPAIR
arxiv_nomic_100k,0,arxiv_nomic_100k__seed43__cluster_block_order,arxiv_nomic_100k__seed71__natural_source_order,RM-B2,250,5,CERTIFIED,0.008,0.008,0.0,0.02496768176927198,1039.664,1012.0,1421.1999999999994,0.7875941017066609,SEMANTIC_REPAIR
arxiv_nomic_100k,0,arxiv_nomic_100k__seed43__cluster_block_order,arxiv_nomic_100k__seed71__random,RM-B1,80,7,CERTIFIED,0.004,0.004,0.0,0.018833965611186224,1753.292,1691.0,2352.8999999999996,0.6412833900746366,SEMANTIC_REPAIR
arxiv_nomic_100k,0,arxiv_nomic_100k__seed43__cluster_block_order,arxiv_nomic_100k__seed71__random,RM-B2,80,6,CERTIFIED,0.008,0.008,0.0,0.02496768176927198,1401.176,1377.5,1849.6,0.7133249312557287,SEMANTIC_REPAIR
arxiv_nomic_100k,0,arxiv_nomic_100k__seed43__cluster_block_order,arxiv_nomic_100k__seed71__random,RM-B1,128,7,CERTIFIED,0.004,0.004,0.0,0.018833965611186224,1753.292,1691.0,2352.8999999999996,0.6412833900746366,SEMANTIC_REPAIR
arxiv_nomic_100k,0,arxiv_nomic_100k__seed43__cluster_block_order,arxiv_nomic_100k__seed71__random,RM-B2,128,5,CERTIFIED,0.02,0.02,0.0,0.04158982878282098,1041.956,1021.5,1377.55,0.7868199227445332,SEMANTIC_REPAIR
arxiv_nomic_100k,0,arxiv_nomic_100k__seed43__cluster_block_order,arxiv_nomic_100k__seed71__random,RM-B1,250,5,CERTIFIED,0.02,0.02,0.0,0.04158982878282098,1041.956,1021.5,1377.55,0.7868199227445332,SEMANTIC_REPAIR
arxiv_nomic_100k,0,arxiv_nomic_100k__seed43__cluster_block_order,arxiv_nomic_100k__seed71__random,RM-B2,250,5,CERTIFIED,0.02,0.02,0.0,0.04158982878282098,1041.956,1021.5,1377.55,0.7868199227445332,SEMANTIC_REPAIR
arxiv_nomic_100k,0,arxiv_nomic_100k__seed43__natural_source_order,arxiv_nomic_100k__seed43__cluster_block_order,RM-B1,80,9,CERTIFIED,0.0,0.0,0.0,0.011911419714980633,2973.164,2947.0,3958.1,0.3983928890845797,SEMANTIC_REPAIR
arxiv_nomic_100k,0,arxiv_nomic_100k__seed43__natural_source_order,arxiv_nomic_100k__seed43__cluster_block_order,RM-B2,80,6,CERTIFIED,0.0,0.0,0.0,0.011911419714980633,1399.624,1378.5,1821.4499999999996,0.7167920266060385,SEMANTIC_REPAIR
arxiv_nomic_100k,0,arxiv_nomic_100k__seed43__natural_source_order,arxiv_nomic_100k__seed43__cluster_block_order,RM-B1,128,8,CERTIFIED,0.0,0.0,0.0,0.011911419714980633,2379.392,2342.5,3201.75,0.5185401320427452,SEMANTIC_REPAIR
arxiv_nomic_100k,0,arxiv_nomic_100k__seed43__natural_source_order,arxiv_nomic_100k__seed43__cluster_block_order,RM-B2,128,5,CERTIFIED,0.004,0.004,0.0,0.018833965611186224,1032.476,1011.5,1352.55,0.7910828654425018,SEMANTIC_REPAIR
arxiv_nomic_100k,0,arxiv_nomic_100k__seed43__natural_source_order,arxiv_nomic_100k__seed43__cluster_block_order,RM-B1,250,6,CERTIFIED,0.0,0.0,0.0,0.011911419714980633,1399.624,1378.5,1821.4499999999996,0.7167920266060385,SEMANTIC_REPAIR
arxiv_nomic_100k,0,arxiv_nomic_100k__seed43__natural_source_order,arxiv_nomic_100k__seed43__cluster_block_order,RM-B2,250,5,CERTIFIED,0.004,0.004,0.0,0.018833965611186224,1032.476,1011.5,1352.55,0.7910828654425018,SEMANTIC_REPAIR
arxiv_nomic_100k,0,arxiv_nomic_100k__seed43__natural_source_order,arxiv_nomic_100k__seed43__random,RM-B1,80,9,CERTIFIED,0.0,0.0,0.0,0.011911419714980633,2926.92,2848.0,3833.45,0.4000437834473971,SEMANTIC_REPAIR
arxiv_nomic_100k,0,arxiv_nomic_100k__seed43__natural_source_order,arxiv_nomic_100k__seed43__random,RM-B2,80,6,CERTIFIED,0.008,0.008,0.0,0.02496768176927198,1378.22,1358.0,1800.4499999999996,0.7174942749452912,SEMANTIC_REPAIR
arxiv_nomic_100k,0,arxiv_nomic_100k__seed43__natural_source_order,arxiv_nomic_100k__seed43__random,RM-B1,128,8,CERTIFIED,0.004,0.004,0.0,0.018833965611186224,2340.28,2280.0,3105.9499999999994,0.5202924799879307,SEMANTIC_REPAIR
arxiv_nomic_100k,0,arxiv_nomic_100k__seed43__natural_source_order,arxiv_nomic_100k__seed43__random,RM-B2,128,6,CERTIFIED,0.008,0.008,0.0,0.02496768176927198,1378.22,1358.0,1800.4499999999996,0.7174942749452912,SEMANTIC_REPAIR
arxiv_nomic_100k,0,arxiv_nomic_100k__seed43__natural_source_order,arxiv_nomic_100k__seed43__random,RM-B1,250,6,CERTIFIED,0.008,0.008,0.0,0.02496768176927198,1378.22,1358.0,1800.4499999999996,0.7174942749452912,SEMANTIC_REPAIR
arxiv_nomic_100k,0,arxiv_nomic_100k__seed43__natural_source_order,arxiv_nomic_100k__seed43__random,RM-B2,250,6,CERTIFIED,0.008,0.008,0.0,0.02496768176927198,1378.22,1358.0,1800.4499999999996,0.7174942749452912,SEMANTIC_REPAIR
arxiv_nomic_100k,0,arxiv_nomic_100k__seed43__natural_source_order,arxiv_nomic_100k__seed59__cluster_block_order,RM-B1,80,9,CERTIFIED,0.0,0.0,0.0,0.011911419714980633,2985.56,2937.0,3998.95,0.3953766431127179,SEMANTIC_REPAIR
arxiv_nomic_100k,0,arxiv_nomic_100k__seed43__natural_source_order,arxiv_nomic_100k__seed59__cluster_block_order,RM-B2,80,6,CERTIFIED,0.004,0.004,0.0,0.018833965611186224,1428.604,1373.0,1825.3999999999996,0.7106849816642108,SEMANTIC_REPAIR
arxiv_nomic_100k,0,arxiv_nomic_100k__seed43__natural_source_order,arxiv_nomic_100k__seed59__cluster_block_order,RM-B1,128,8,CERTIFIED,0.0,0.0,0.0,0.011911419714980633,2404.38,2345.0,3213.7499999999995,0.5130748312435043,SEMANTIC_REPAIR
arxiv_nomic_100k,0,arxiv_nomic_100k__seed43__natural_source_order,arxiv_nomic_100k__seed59__cluster_block_order,RM-B2,128,5,CERTIFIED,0.004,0.004,0.0,0.018833965611186224,1054.0,1016.0,1356.1999999999996,0.786548246171842,SEMANTIC_REPAIR
arxiv_nomic_100k,0,arxiv_nomic_100k__seed43__natural_source_order,arxiv_nomic_100k__seed59__cluster_block_order,RM-B1,250,6,CERTIFIED,0.004,0.004,0.0,0.018833965611186224,1428.604,1373.0,1825.3999999999996,0.7106849816642108,SEMANTIC_REPAIR
arxiv_nomic_100k,0,arxiv_nomic_100k__seed43__natural_source_order,arxiv_nomic_100k__seed59__cluster_block_order,RM-B2,250,5,CERTIFIED,0.004,0.004,0.0,0.018833965611186224,1054.0,1016.0,1356.1999999999996,0.786548246171842,SEMANTIC_REPAIR
arxiv_nomic_100k,0,arxiv_nomic_100k__seed43__natural_source_order,arxiv_nomic_100k__seed59__natural_source_order,RM-B1,80,9,CERTIFIED,0.0,0.0,0.0,0.011911419714980633,2943.46,2849.5,3908.5,0.3981570084224404,SEMANTIC_REPAIR
arxiv_nomic_100k,0,arxiv_nomic_100k__seed43__natural_source_order,arxiv_nomic_100k__seed59__natural_source_order,RM-B2,80,9,CERTIFIED,0.0,0.0,0.0,0.011911419714980633,2943.46,2849.5,3908.5,0.3981570084224404,SEMANTIC_REPAIR
arxiv_nomic_100k,0,arxiv_nomic_100k__seed43__natural_source_order,arxiv_nomic_100k__seed59__natural_source_order,RM-B1,128,8,CERTIFIED,0.0,0.0,0.0,0.011911419714980633,2360.532,2298.0,3119.7999999999997,0.5173470539451666,SEMANTIC_REPAIR
arxiv_nomic_100k,0,arxiv_nomic_100k__seed43__natural_source_order,arxiv_nomic_100k__seed59__natural_source_order,RM-B2,128,5,CERTIFIED,0.012,0.012,0.0,0.030720864145366192,1030.112,1007.5,1293.85,0.7893751952668142,SEMANTIC_REPAIR
arxiv_nomic_100k,0,arxiv_nomic_100k__seed43__natural_source_order,arxiv_nomic_100k__seed59__natural_source_order,RM-B1,250,6,CERTIFIED,0.008,0.008,0.0,0.02496768176927198,1392.104,1351.0,1799.1999999999998,0.715359462691157,SEMANTIC_REPAIR
arxiv_nomic_100k,0,arxiv_nomic_100k__seed43__natural_source_order,arxiv_nomic_100k__seed59__natural_source_order,RM-B2,250,5,CERTIFIED,0.012,0.012,0.0,0.030720864145366192,1030.112,1007.5,1293.85,0.7893751952668142,SEMANTIC_REPAIR
arxiv_nomic_100k,0,arxiv_nomic_100k__seed43__natural_source_order,arxiv_nomic_100k__seed59__random,RM-B1,80,9,CERTIFIED,0.0,0.0,0.0,0.011911419714980633,2928.076,2853.0,3876.8499999999995,0.39994458648484044,SEMANTIC_REPAIR
arxiv_nomic_100k,0,arxiv_nomic_100k__seed43__natural_source_order,arxiv_nomic_100k__seed59__random,RM-B2,80,6,CERTIFIED,0.008,0.008,0.0,0.02496768176927198,1387.604,1366.0,1824.0499999999997,0.7156360381304006,SEMANTIC_REPAIR
arxiv_nomic_100k,0,arxiv_nomic_100k__seed43__natural_source_order,arxiv_nomic_100k__seed59__random,RM-B1,128,8,CERTIFIED,0.004,0.004,0.0,0.018833965611186224,2348.524,2288.5,3132.299999999999,0.5187131276748702,SEMANTIC_REPAIR
arxiv_nomic_100k,0,arxiv_nomic_100k__seed43__natural_source_order,arxiv_nomic_100k__seed59__random,RM-B2,128,6,CERTIFIED,0.008,0.008,0.0,0.02496768176927198,1387.604,1366.0,1824.0499999999997,0.7156360381304006,SEMANTIC_REPAIR
arxiv_nomic_100k,0,arxiv_nomic_100k__seed43__natural_source_order,arxiv_nomic_100k__seed59__random,RM-B1,250,6,CERTIFIED,0.008,0.008,0.0,0.02496768176927198,1387.604,1366.0,1824.0499999999997,0.7156360381304006,SEMANTIC_REPAIR
arxiv_nomic_100k,0,arxiv_nomic_100k__seed43__natural_source_order,arxiv_nomic_100k__seed59__random,RM-B2,250,5,CERTIFIED,0.024,0.024,0.0,0.04681743080651248,1026.492,1002.0,1317.3999999999999,0.7896393121182637,SEMANTIC_REPAIR
arxiv_nomic_100k,0,arxiv_nomic_100k__seed43__natural_source_order,arxiv_nomic_100k__seed71__cluster_block_order,RM-B1,80,9,CERTIFIED,0.0,0.0,0.0,0.011911419714980633,2992.032,2943.5,3984.5499999999997,0.3958356722912041,SEMANTIC_REPAIR
arxiv_nomic_100k,0,arxiv_nomic_100k__seed43__natural_source_order,arxiv_nomic_100k__seed71__cluster_block_order,RM-B2,80,6,CERTIFIED,0.004,0.004,0.0,0.018833965611186224,1422.5,1379.5,1845.3,0.7127625118428673,SEMANTIC_REPAIR
arxiv_nomic_100k,0,arxiv_nomic_100k__seed43__natural_source_order,arxiv_nomic_100k__seed71__cluster_block_order,RM-B1,128,8,CERTIFIED,0.0,0.0,0.0,0.011911419714980633,2401.856,2358.0,3211.1,0.5150066190825038,SEMANTIC_REPAIR
arxiv_nomic_100k,0,arxiv_nomic_100k__seed43__natural_source_order,arxiv_nomic_100k__seed71__cluster_block_order,RM-B2,128,6,CERTIFIED,0.004,0.004,0.0,0.018833965611186224,1422.5,1379.5,1845.3,0.7127625118428673,SEMANTIC_REPAIR
arxiv_nomic_100k,0,arxiv_nomic_100k__seed43__natural_source_order,arxiv_nomic_100k__seed71__cluster_block_order,RM-B1,250,6,CERTIFIED,0.004,0.004,0.0,0.018833965611186224,1422.5,1379.5,1845.3,0.7127625118428673,SEMANTIC_REPAIR
arxiv_nomic_100k,0,arxiv_nomic_100k__seed43__natural_source_order,arxiv_nomic_100k__seed71__cluster_block_order,RM-B2,250,5,CERTIFIED,0.008,0.008,0.0,0.02496768176927198,1052.044,1024.0,1346.6999999999998,0.787566624962543,SEMANTIC_REPAIR
arxiv_nomic_100k,0,arxiv_nomic_100k__seed43__natural_source_order,arxiv_nomic_100k__seed71__natural_source_order,RM-B1,80,9,CERTIFIED,0.0,0.0,0.0,0.011911419714980633,2946.664,2867.0,3896.55,0.39798933704673456,SEMANTIC_REPAIR
arxiv_nomic_100k,0,arxiv_nomic_100k__seed43__natural_source_order,arxiv_nomic_100k__seed71__natural_source_order,RM-B2,80,7,CERTIFIED,0.0,0.0,0.0,0.011911419714980633,1736.332,1686.5,2269.899999999999,0.6452631252063454,SEMANTIC_REPAIR
arxiv_nomic_100k,0,arxiv_nomic_100k__seed43__natural_source_order,arxiv_nomic_100k__seed71__natural_source_order,RM-B1,128,8,CERTIFIED,0.0,0.0,0.0,0.011911419714980633,2355.788,2300.0,3111.1,0.5187067491721664,SEMANTIC_REPAIR
arxiv_nomic_100k,0,arxiv_nomic_100k__seed43__natural_source_order,arxiv_nomic_100k__seed71__natural_source_order,RM-B2,128,6,CERTIFIED,0.0,0.0,0.0,0.011911419714980633,1386.612,1363.5,1799.3499999999988,0.7167117766467594,SEMANTIC_REPAIR
arxiv_nomic_100k,0,arxiv_nomic_100k__seed43__natural_source_order,arxiv_nomic_100k__seed71__natural_source_order,RM-B1,250,6,CERTIFIED,0.0,0.0,0.0,0.011911419714980633,1386.612,1363.5,1799.3499999999988,0.7167117766467594,SEMANTIC_REPAIR
arxiv_nomic_100k,0,arxiv_nomic_100k__seed43__natural_source_order,arxiv_nomic_100k__seed71__natural_source_order,RM-B2,250,5,CERTIFIED,0.008,0.008,0.0,0.02496768176927198,1028.872,1006.5,1322.1499999999987,0.7897989337046735,SEMANTIC_REPAIR
arxiv_nomic_100k,0,arxiv_nomic_100k__seed43__natural_source_order,arxiv_nomic_100k__seed71__random,RM-B1,80,9,CERTIFIED,0.0,0.0,0.0,0.011911419714980633,2950.264,2879.0,3927.5499999999993,0.39638765221945793,SEMANTIC_REPAIR
arxiv_nomic_100k,0,arxiv_nomic_100k__seed43__natural_source_order,arxiv_nomic_100k__seed71__random,RM-B2,80,6,CERTIFIED,0.008,0.008,0.0,0.02496768176927198,1404.9,1367.0,1832.1499999999999,0.7125630155820348,SEMANTIC_REPAIR
arxiv_nomic_100k,0,arxiv_nomic_100k__seed43__natural_source_order,arxiv_nomic_100k__seed71__random,RM-B1,128,8,CERTIFIED,0.004,0.004,0.0,0.018833965611186224,2363.796,2294.5,3199.3999999999996,0.5163766858714156,SEMANTIC_REPAIR
arxiv_nomic_100k,0,arxiv_nomic_100k__seed43__natural_source_order,arxiv_nomic_100k__seed71__random,RM-B2,128,6,CERTIFIED,0.008,0.008,0.0,0.02496768176927198,1404.9,1367.0,1832.1499999999999,0.7125630155820348,SEMANTIC_REPAIR
arxiv_nomic_100k,0,arxiv_nomic_100k__seed43__natural_source_order,arxiv_nomic_100k__seed71__random,RM-B1,250,6,CERTIFIED,0.008,0.008,0.0,0.02496768176927198,1404.9,1367.0,1832.1499999999999,0.7125630155820348,SEMANTIC_REPAIR
arxiv_nomic_100k,0,arxiv_nomic_100k__seed43__natural_source_order,arxiv_nomic_100k__seed71__random,RM-B2,250,6,CERTIFIED,0.008,0.008,0.0,0.02496768176927198,1404.9,1367.0,1832.1499999999999,0.7125630155820348,SEMANTIC_REPAIR
arxiv_nomic_100k,0,arxiv_nomic_100k__seed43__random,arxiv_nomic_100k__seed43__cluster_block_order,RM-B1,80,6,CERTIFIED,0.0,0.0,0.0,0.011911419714980633,1415.908,1378.5,1798.55,0.7134970283502589,SEMANTIC_REPAIR
arxiv_nomic_100k,0,arxiv_nomic_100k__seed43__random,arxiv_nomic_100k__seed43__cluster_block_order,RM-B2,80,6,CERTIFIED,0.0,0.0,0.0,0.011911419714980633,1415.908,1378.5,1798.55,0.7134970283502589,SEMANTIC_REPAIR
arxiv_nomic_100k,0,arxiv_nomic_100k__seed43__random,arxiv_nomic_100k__seed43__cluster_block_order,RM-B1,128,6,CERTIFIED,0.0,0.0,0.0,0.011911419714980633,1415.908,1378.5,1798.55,0.7134970283502589,SEMANTIC_REPAIR
arxiv_nomic_100k,0,arxiv_nomic_100k__seed43__random,arxiv_nomic_100k__seed43__cluster_block_order,RM-B2,128,5,CERTIFIED,0.004,0.004,0.0,0.018833965611186224,1049.932,1011.5,1335.9999999999995,0.7875507179632039,SEMANTIC_REPAIR
arxiv_nomic_100k,0,arxiv_nomic_100k__seed43__random,arxiv_nomic_100k__seed43__cluster_block_order,RM-B1,250,5,CERTIFIED,0.004,0.004,0.0,0.018833965611186224,1049.932,1011.5,1335.9999999999995,0.7875507179632039,SEMANTIC_REPAIR
arxiv_nomic_100k,0,arxiv_nomic_100k__seed43__random,arxiv_nomic_100k__seed43__cluster_block_order,RM-B2,250,4,CERTIFIED,0.008,0.008,0.0,0.02496768176927198,851.12,826.0,1057.0,0.8277794819786825,SEMANTIC_REPAIR
arxiv_nomic_100k,0,arxiv_nomic_100k__seed43__random,arxiv_nomic_100k__seed43__natural_source_order,RM-B1,80,6,CERTIFIED,0.004,0.004,0.0,0.018833965611186224,1433.348,1353.5,1798.6999999999994,0.7068103308618379,SEMANTIC_REPAIR
arxiv_nomic_100k,0,arxiv_nomic_100k__seed43__random,arxiv_nomic_100k__seed43__natural_source_order,RM-B2,80,9,CERTIFIED,0.0,0.0,0.0,0.011911419714980633,2952.468,2863.5,3902.2499999999995,0.39607609871363325,SEMANTIC_REPAIR
arxiv_nomic_100k,0,arxiv_nomic_100k__seed43__random,arxiv_nomic_100k__seed43__natural_source_order,RM-B1,128,6,CERTIFIED,0.004,0.004,0.0,0.018833965611186224,1433.348,1353.5,1798.6999999999994,0.7068103308618379,SEMANTIC_REPAIR
arxiv_nomic_100k,0,arxiv_nomic_100k__seed43__random,arxiv_nomic_100k__seed43__natural_source_order,RM-B2,128,7,CERTIFIED,0.004,0.004,0.0,0.018833965611186224,1773.32,1695.0,2253.3999999999996,0.637269453003677,SEMANTIC_REPAIR
arxiv_nomic_100k,0,arxiv_nomic_100k__seed43__random,arxiv_nomic_100k__seed43__natural_source_order,RM-B1,250,5,CERTIFIED,0.008,0.008,0.0,0.02496768176927198,1066.792,1001.0,1305.0,0.7817889350532891,SEMANTIC_REPAIR
arxiv_nomic_100k,0,arxiv_nomic_100k__seed43__random,arxiv_nomic_100k__seed43__natural_source_order,RM-B2,250,5,CERTIFIED,0.008,0.008,0.0,0.02496768176927198,1066.792,1001.0,1305.0,0.7817889350532891,SEMANTIC_REPAIR
arxiv_nomic_100k,0,arxiv_nomic_100k__seed43__random,arxiv_nomic_100k__seed59__cluster_block_order,RM-B1,80,6,CERTIFIED,0.004,0.004,0.0,0.018833965611186224,1486.432,1373.0,1861.2999999999995,0.6989738924608193,SEMANTIC_REPAIR
arxiv_nomic_100k,0,arxiv_nomic_100k__seed43__random,arxiv_nomic_100k__seed59__cluster_block_order,RM-B2,80,6,CERTIFIED,0.004,0.004,0.0,0.018833965611186224,1486.432,1373.0,1861.2999999999995,0.6989738924608193,SEMANTIC_REPAIR
arxiv_nomic_100k,0,arxiv_nomic_100k__seed43__random,arxiv_nomic_100k__seed59__cluster_block_order,RM-B1,128,6,CERTIFIED,0.004,0.004,0.0,0.018833965611186224,1486.432,1373.0,1861.2999999999995,0.6989738924608193,SEMANTIC_REPAIR
arxiv_nomic_100k,0,arxiv_nomic_100k__seed43__random,arxiv_nomic_100k__seed59__cluster_block_order,RM-B2,128,5,CERTIFIED,0.004,0.004,0.0,0.018833965611186224,1105.904,1016.0,1372.4999999999998,0.7760368611332303,SEMANTIC_REPAIR
arxiv_nomic_100k,0,arxiv_nomic_100k__seed43__random,arxiv_nomic_100k__seed59__cluster_block_order,RM-B1,250,5,CERTIFIED,0.004,0.004,0.0,0.018833965611186224,1105.904,1016.0,1372.4999999999998,0.7760368611332303,SEMANTIC_REPAIR
arxiv_nomic_100k,0,arxiv_nomic_100k__seed43__random,arxiv_nomic_100k__seed59__cluster_block_order,RM-B2,250,5,CERTIFIED,0.004,0.004,0.0,0.018833965611186224,1105.904,1016.0,1372.4999999999998,0.7760368611332303,SEMANTIC_REPAIR
arxiv_nomic_100k,0,arxiv_nomic_100k__seed43__random,arxiv_nomic_100k__seed59__natural_source_order,RM-B1,80,6,CERTIFIED,0.008,0.008,0.0,0.02496768176927198,1461.868,1351.0,1811.4499999999996,0.7010949663282314,SEMANTIC_REPAIR
arxiv_nomic_100k,0,arxiv_nomic_100k__seed43__random,arxiv_nomic_100k__seed59__natural_source_order,RM-B2,80,9,CERTIFIED,0.0,0.0,0.0,0.011911419714980633,2974.32,2869.0,3917.75,0.3918471300072136,SEMANTIC_REPAIR
arxiv_nomic_100k,0,arxiv_nomic_100k__seed43__random,arxiv_nomic_100k__seed59__natural_source_order,RM-B1,128,6,CERTIFIED,0.008,0.008,0.0,0.02496768176927198,1461.868,1351.0,1811.4499999999996,0.7010949663282314,SEMANTIC_REPAIR
arxiv_nomic_100k,0,arxiv_nomic_100k__seed43__random,arxiv_nomic_100k__seed59__natural_source_order,RM-B2,128,5,CERTIFIED,0.012,0.012,0.0,0.030720864145366192,1096.944,1008.0,1312.9499999999996,0.7757101986936956,SEMANTIC_REPAIR
arxiv_nomic_100k,0,arxiv_nomic_100k__seed43__random,arxiv_nomic_100k__seed59__natural_source_order,RM-B1,250,5,CERTIFIED,0.012,0.012,0.0,0.030720864145366192,1096.944,1008.0,1312.9499999999996,0.7757101986936956,SEMANTIC_REPAIR
arxiv_nomic_100k,0,arxiv_nomic_100k__seed43__random,arxiv_nomic_100k__seed59__natural_source_order,RM-B2,250,5,CERTIFIED,0.012,0.012,0.0,0.030720864145366192,1096.944,1008.0,1312.9499999999996,0.7757101986936956,SEMANTIC_REPAIR
arxiv_nomic_100k,0,arxiv_nomic_100k__seed43__random,arxiv_nomic_100k__seed59__random,RM-B1,80,6,CERTIFIED,0.008,0.008,0.0,0.02496768176927198,1453.976,1370.0,1855.1,0.7020343153930713,SEMANTIC_REPAIR
arxiv_nomic_100k,0,arxiv_nomic_100k__seed43__random,arxiv_nomic_100k__seed59__random,RM-B2,80,6,CERTIFIED,0.008,0.008,0.0,0.02496768176927198,1453.976,1370.0,1855.1,0.7020343153930713,SEMANTIC_REPAIR
arxiv_nomic_100k,0,arxiv_nomic_100k__seed43__random,arxiv_nomic_100k__seed59__random,RM-B1,128,6,CERTIFIED,0.008,0.008,0.0,0.02496768176927198,1453.976,1370.0,1855.1,0.7020343153930713,SEMANTIC_REPAIR
arxiv_nomic_100k,0,arxiv_nomic_100k__seed43__random,arxiv_nomic_100k__seed59__random,RM-B2,128,6,CERTIFIED,0.008,0.008,0.0,0.02496768176927198,1453.976,1370.0,1855.1,0.7020343153930713,SEMANTIC_REPAIR
arxiv_nomic_100k,0,arxiv_nomic_100k__seed43__random,arxiv_nomic_100k__seed59__random,RM-B1,250,5,CERTIFIED,0.024,0.024,0.0,0.04681743080651248,1092.58,1005.0,1356.3,0.7760957899663831,SEMANTIC_REPAIR
arxiv_nomic_100k,0,arxiv_nomic_100k__seed43__random,arxiv_nomic_100k__seed59__random,RM-B2,250,5,CERTIFIED,0.024,0.024,0.0,0.04681743080651248,1092.58,1005.0,1356.3,0.7760957899663831,SEMANTIC_REPAIR
arxiv_nomic_100k,0,arxiv_nomic_100k__seed43__random,arxiv_nomic_100k__seed71__cluster_block_order,RM-B1,80,6,CERTIFIED,0.004,0.004,0.0,0.018833965611186224,1484.424,1379.5,1895.6499999999992,0.7002585440280045,SEMANTIC_REPAIR
arxiv_nomic_100k,0,arxiv_nomic_100k__seed43__random,arxiv_nomic_100k__seed71__cluster_block_order,RM-B2,80,6,CERTIFIED,0.004,0.004,0.0,0.018833965611186224,1484.424,1379.5,1895.6499999999992,0.7002585440280045,SEMANTIC_REPAIR
arxiv_nomic_100k,0,arxiv_nomic_100k__seed43__random,arxiv_nomic_100k__seed71__cluster_block_order,RM-B1,128,6,CERTIFIED,0.004,0.004,0.0,0.018833965611186224,1484.424,1379.5,1895.6499999999992,0.7002585440280045,SEMANTIC_REPAIR
arxiv_nomic_100k,0,arxiv_nomic_100k__seed43__random,arxiv_nomic_100k__seed71__cluster_block_order,RM-B2,128,6,CERTIFIED,0.004,0.004,0.0,0.018833965611186224,1484.424,1379.5,1895.6499999999992,0.7002585440280045,SEMANTIC_REPAIR
arxiv_nomic_100k,0,arxiv_nomic_100k__seed43__random,arxiv_nomic_100k__seed71__cluster_block_order,RM-B1,250,5,CERTIFIED,0.008,0.008,0.0,0.02496768176927198,1105.572,1024.0,1383.7999999999993,0.776758014582174,SEMANTIC_REPAIR
arxiv_nomic_100k,0,arxiv_nomic_100k__seed43__random,arxiv_nomic_100k__seed71__cluster_block_order,RM-B2,250,5,CERTIFIED,0.008,0.008,0.0,0.02496768176927198,1105.572,1024.0,1383.7999999999993,0.776758014582174,SEMANTIC_REPAIR
arxiv_nomic_100k,0,arxiv_nomic_100k__seed43__random,arxiv_nomic_100k__seed71__natural_source_order,RM-B1,80,6,CERTIFIED,0.004,0.004,0.0,0.018833965611186224,1468.328,1366.5,1797.6999999999987,0.7000169979635131,SEMANTIC_REPAIR
arxiv_nomic_100k,0,arxiv_nomic_100k__seed43__random,arxiv_nomic_100k__seed71__natural_source_order,RM-B2,80,7,CERTIFIED,0.0,0.0,0.0,0.011911419714980633,1815.372,1697.0,2269.899999999999,0.6291150598687887,SEMANTIC_REPAIR
arxiv_nomic_100k,0,arxiv_nomic_100k__seed43__random,arxiv_nomic_100k__seed71__natural_source_order,RM-B1,128,6,CERTIFIED,0.004,0.004,0.0,0.018833965611186224,1468.328,1366.5,1797.6999999999987,0.7000169979635131,SEMANTIC_REPAIR
arxiv_nomic_100k,0,arxiv_nomic_100k__seed43__random,arxiv_nomic_100k__seed71__natural_source_order,RM-B2,128,6,CERTIFIED,0.004,0.004,0.0,0.018833965611186224,1468.328,1366.5,1797.6999999999987,0.7000169979635131,SEMANTIC_REPAIR
arxiv_nomic_100k,0,arxiv_nomic_100k__seed43__random,arxiv_nomic_100k__seed71__natural_source_order,RM-B1,250,5,CERTIFIED,0.008,0.008,0.0,0.02496768176927198,1092.288,1008.5,1310.049999999999,0.7768428897845507,SEMANTIC_REPAIR
arxiv_nomic_100k,0,arxiv_nomic_100k__seed43__random,arxiv_nomic_100k__seed71__natural_source_order,RM-B2,250,5,CERTIFIED,0.008,0.008,0.0,0.02496768176927198,1092.288,1008.5,1310.049999999999,0.7768428897845507,SEMANTIC_REPAIR
arxiv_nomic_100k,0,arxiv_nomic_100k__seed43__random,arxiv_nomic_100k__seed71__random,RM-B1,80,6,CERTIFIED,0.008,0.008,0.0,0.02496768176927198,1431.052,1377.5,1797.1999999999998,0.7072124197983503,SEMANTIC_REPAIR
arxiv_nomic_100k,0,arxiv_nomic_100k__seed43__random,arxiv_nomic_100k__seed71__random,RM-B2,80,6,CERTIFIED,0.008,0.008,0.0,0.02496768176927198,1431.052,1377.5,1797.1999999999998,0.7072124197983503,SEMANTIC_REPAIR
arxiv_nomic_100k,0,arxiv_nomic_100k__seed43__random,arxiv_nomic_100k__seed71__random,RM-B1,128,6,CERTIFIED,0.008,0.008,0.0,0.02496768176927198,1431.052,1377.5,1797.1999999999998,0.7072124197983503,SEMANTIC_REPAIR
arxiv_nomic_100k,0,arxiv_nomic_100k__seed43__random,arxiv_nomic_100k__seed71__random,RM-B2,128,6,CERTIFIED,0.008,0.008,0.0,0.02496768176927198,1431.052,1377.5,1797.1999999999998,0.7072124197983503,SEMANTIC_REPAIR
arxiv_nomic_100k,0,arxiv_nomic_100k__seed43__random,arxiv_nomic_100k__seed71__random,RM-B1,250,5,CERTIFIED,0.02,0.02,0.0,0.04158982878282098,1065.976,1021.5,1313.6499999999999,0.7819055257299987,SEMANTIC_REPAIR
arxiv_nomic_100k,0,arxiv_nomic_100k__seed43__random,arxiv_nomic_100k__seed71__random,RM-B2,250,6,CERTIFIED,0.008,0.008,0.0,0.02496768176927198,1431.052,1377.5,1797.1999999999998,0.7072124197983503,SEMANTIC_REPAIR
arxiv_nomic_100k,0,arxiv_nomic_100k__seed59__cluster_block_order,arxiv_nomic_100k__seed43__cluster_block_order,RM-B1,80,5,CERTIFIED,0.004,0.004,0.0,0.018833965611186224,1037.104,1011.5,1335.9999999999995,0.7901464092936595,SEMANTIC_REPAIR
arxiv_nomic_100k,0,arxiv_nomic_100k__seed59__cluster_block_order,arxiv_nomic_100k__seed43__cluster_block_order,RM-B2,80,6,CERTIFIED,0.0,0.0,0.0,0.011911419714980633,1405.324,1378.5,1798.55,0.7156386558090633,SEMANTIC_REPAIR
arxiv_nomic_100k,0,arxiv_nomic_100k__seed59__cluster_block_order,arxiv_nomic_100k__seed43__cluster_block_order,RM-B1,128,6,CERTIFIED,0.0,0.0,0.0,0.011911419714980633,1405.324,1378.5,1798.55,0.7156386558090633,SEMANTIC_REPAIR
arxiv_nomic_100k,0,arxiv_nomic_100k__seed59__cluster_block_order,arxiv_nomic_100k__seed43__cluster_block_order,RM-B2,128,4,CERTIFIED,0.012,0.012,0.0,0.030720864145366192,840.116,826.0,1055.6499999999999,0.8300060946541061,SEMANTIC_REPAIR
arxiv_nomic_100k,0,arxiv_nomic_100k__seed59__cluster_block_order,arxiv_nomic_100k__seed43__cluster_block_order,RM-B1,250,5,CERTIFIED,0.004,0.004,0.0,0.018833965611186224,1037.104,1011.5,1335.9999999999995,0.7901464092936595,SEMANTIC_REPAIR
arxiv_nomic_100k,0,arxiv_nomic_100k__seed59__cluster_block_order,arxiv_nomic_100k__seed43__cluster_block_order,RM-B2,250,4,CERTIFIED,0.012,0.012,0.0,0.030720864145366192,840.116,826.0,1055.6499999999999,0.8300060946541061,SEMANTIC_REPAIR
arxiv_nomic_100k,0,arxiv_nomic_100k__seed59__cluster_block_order,arxiv_nomic_100k__seed43__natural_source_order,RM-B1,80,5,CERTIFIED,0.008,0.008,0.0,0.02496768176927198,1031.664,999.5,1295.0,0.7889743266661321,SEMANTIC_REPAIR
arxiv_nomic_100k,0,arxiv_nomic_100k__seed59__cluster_block_order,arxiv_nomic_100k__seed43__natural_source_order,RM-B2,80,9,CERTIFIED,0.0,0.0,0.0,0.011911419714980633,2938.116,2841.0,3870.2999999999997,0.3990117836495113,SEMANTIC_REPAIR
arxiv_nomic_100k,0,arxiv_nomic_100k__seed59__cluster_block_order,arxiv_nomic_100k__seed43__natural_source_order,RM-B1,128,6,CERTIFIED,0.004,0.004,0.0,0.018833965611186224,1395.856,1352.5,1763.4499999999996,0.7144792759298382,SEMANTIC_REPAIR
arxiv_nomic_100k,0,arxiv_nomic_100k__seed59__cluster_block_order,arxiv_nomic_100k__seed43__natural_source_order,RM-B2,128,7,CERTIFIED,0.004,0.004,0.0,0.018833965611186224,1747.576,1692.5,2245.2999999999997,0.6425353583122921,SEMANTIC_REPAIR
arxiv_nomic_100k,0,arxiv_nomic_100k__seed59__cluster_block_order,arxiv_nomic_100k__seed43__natural_source_order,RM-B1,250,5,CERTIFIED,0.008,0.008,0.0,0.02496768176927198,1031.664,999.5,1295.0,0.7889743266661321,SEMANTIC_REPAIR
arxiv_nomic_100k,0,arxiv_nomic_100k__seed59__cluster_block_order,arxiv_nomic_100k__seed43__natural_source_order,RM-B2,250,5,CERTIFIED,0.008,0.008,0.0,0.02496768176927198,1031.664,999.5,1295.0,0.7889743266661321,SEMANTIC_REPAIR
arxiv_nomic_100k,0,arxiv_nomic_100k__seed59__cluster_block_order,arxiv_nomic_100k__seed43__random,RM-B1,80,5,CERTIFIED,0.02,0.02,0.0,0.04158982878282098,1031.02,1005.0,1294.9499999999998,0.7886628748342748,SEMANTIC_REPAIR
arxiv_nomic_100k,0,arxiv_nomic_100k__seed59__cluster_block_order,arxiv_nomic_100k__seed43__random,RM-B2,80,6,CERTIFIED,0.008,0.008,0.0,0.02496768176927198,1392.488,1358.0,1778.7499999999995,0.7145696390489317,SEMANTIC_REPAIR
arxiv_nomic_100k,0,arxiv_nomic_100k__seed59__cluster_block_order,arxiv_nomic_100k__seed43__random,RM-B1,128,6,CERTIFIED,0.008,0.008,0.0,0.02496768176927198,1392.488,1358.0,1778.7499999999995,0.7145696390489317,SEMANTIC_REPAIR
arxiv_nomic_100k,0,arxiv_nomic_100k__seed59__cluster_block_order,arxiv_nomic_100k__seed43__random,RM-B2,128,6,CERTIFIED,0.008,0.008,0.0,0.02496768176927198,1392.488,1358.0,1778.7499999999995,0.7145696390489317,SEMANTIC_REPAIR
arxiv_nomic_100k,0,arxiv_nomic_100k__seed59__cluster_block_order,arxiv_nomic_100k__seed43__random,RM-B1,250,5,CERTIFIED,0.02,0.02,0.0,0.04158982878282098,1031.02,1005.0,1294.9499999999998,0.7886628748342748,SEMANTIC_REPAIR
arxiv_nomic_100k,0,arxiv_nomic_100k__seed59__cluster_block_order,arxiv_nomic_100k__seed43__random,RM-B2,250,5,CERTIFIED,0.02,0.02,0.0,0.04158982878282098,1031.02,1005.0,1294.9499999999998,0.7886628748342748,SEMANTIC_REPAIR
arxiv_nomic_100k,0,arxiv_nomic_100k__seed59__cluster_block_order,arxiv_nomic_100k__seed59__natural_source_order,RM-B1,80,5,CERTIFIED,0.012,0.012,0.0,0.030720864145366192,1042.952,1007.5,1280.1,0.7867498278380549,SEMANTIC_REPAIR
arxiv_nomic_100k,0,arxiv_nomic_100k__seed59__cluster_block_order,arxiv_nomic_100k__seed59__natural_source_order,RM-B2,80,9,CERTIFIED,0.0,0.0,0.0,0.011911419714980633,2954.224,2849.5,3830.5499999999997,0.39595611628823746,SEMANTIC_REPAIR
arxiv_nomic_100k,0,arxiv_nomic_100k__seed59__cluster_block_order,arxiv_nomic_100k__seed59__natural_source_order,RM-B1,128,6,CERTIFIED,0.008,0.008,0.0,0.02496768176927198,1407.564,1351.0,1758.1,0.712198389447495,SEMANTIC_REPAIR
arxiv_nomic_100k,0,arxiv_nomic_100k__seed59__cluster_block_order,arxiv_nomic_100k__seed59__natural_source_order,RM-B2,128,4,CERTIFIED,0.012,0.012,0.0,0.030720864145366192,840.992,815.0,1012.55,0.8280441585165774,SEMANTIC_REPAIR
arxiv_nomic_100k,0,arxiv_nomic_100k__seed59__cluster_block_order,arxiv_nomic_100k__seed59__natural_source_order,RM-B1,250,5,CERTIFIED,0.012,0.012,0.0,0.030720864145366192,1042.952,1007.5,1280.1,0.7867498278380549,SEMANTIC_REPAIR
arxiv_nomic_100k,0,arxiv_nomic_100k__seed59__cluster_block_order,arxiv_nomic_100k__seed59__natural_source_order,RM-B2,250,4,CERTIFIED,0.012,0.012,0.0,0.030720864145366192,840.992,815.0,1012.55,0.8280441585165774,SEMANTIC_REPAIR
arxiv_nomic_100k,0,arxiv_nomic_100k__seed59__cluster_block_order,arxiv_nomic_100k__seed59__random,RM-B1,80,5,CERTIFIED,0.024,0.024,0.0,0.04681743080651248,1043.304,1002.0,1317.3999999999999,0.7861940014050113,SEMANTIC_REPAIR
arxiv_nomic_100k,0,arxiv_nomic_100k__seed59__cluster_block_order,arxiv_nomic_100k__seed59__random,RM-B2,80,6,CERTIFIED,0.008,0.008,0.0,0.02496768176927198,1408.508,1366.0,1831.75,0.7113521471507535,SEMANTIC_REPAIR
arxiv_nomic_100k,0,arxiv_nomic_100k__seed59__cluster_block_order,arxiv_nomic_100k__seed59__random,RM-B1,128,6,CERTIFIED,0.008,0.008,0.0,0.02496768176927198,1408.508,1366.0,1831.75,0.7113521471507535,SEMANTIC_REPAIR
arxiv_nomic_100k,0,arxiv_nomic_100k__seed59__cluster_block_order,arxiv_nomic_100k__seed59__random,RM-B2,128,5,CERTIFIED,0.024,0.024,0.0,0.04681743080651248,1043.304,1002.0,1317.3999999999999,0.7861940014050113,SEMANTIC_REPAIR
arxiv_nomic_100k,0,arxiv_nomic_100k__seed59__cluster_block_order,arxiv_nomic_100k__seed59__random,RM-B1,250,5,CERTIFIED,0.024,0.024,0.0,0.04681743080651248,1043.304,1002.0,1317.3999999999999,0.7861940014050113,SEMANTIC_REPAIR
arxiv_nomic_100k,0,arxiv_nomic_100k__seed59__cluster_block_order,arxiv_nomic_100k__seed59__random,RM-B2,250,5,CERTIFIED,0.024,0.024,0.0,0.04681743080651248,1043.304,1002.0,1317.3999999999999,0.7861940014050113,SEMANTIC_REPAIR
arxiv_nomic_100k,0,arxiv_nomic_100k__seed59__cluster_block_order,arxiv_nomic_100k__seed71__cluster_block_order,RM-B1,80,5,CERTIFIED,0.008,0.008,0.0,0.02496768176927198,1100.164,1024.0,1334.1,0.7778500218482223,SEMANTIC_REPAIR
arxiv_nomic_100k,0,arxiv_nomic_100k__seed59__cluster_block_order,arxiv_nomic_100k__seed71__cluster_block_order,RM-B2,80,6,CERTIFIED,0.004,0.004,0.0,0.018833965611186224,1487.624,1379.5,1828.6499999999992,0.6996123858824137,SEMANTIC_REPAIR
arxiv_nomic_100k,0,arxiv_nomic_100k__seed59__cluster_block_order,arxiv_nomic_100k__seed71__cluster_block_order,RM-B1,128,6,CERTIFIED,0.004,0.004,0.0,0.018833965611186224,1487.624,1379.5,1828.6499999999992,0.6996123858824137,SEMANTIC_REPAIR
arxiv_nomic_100k,0,arxiv_nomic_100k__seed59__cluster_block_order,arxiv_nomic_100k__seed71__cluster_block_order,RM-B2,128,5,CERTIFIED,0.008,0.008,0.0,0.02496768176927198,1100.164,1024.0,1334.1,0.7778500218482223,SEMANTIC_REPAIR
arxiv_nomic_100k,0,arxiv_nomic_100k__seed59__cluster_block_order,arxiv_nomic_100k__seed71__cluster_block_order,RM-B1,250,5,CERTIFIED,0.008,0.008,0.0,0.02496768176927198,1100.164,1024.0,1334.1,0.7778500218482223,SEMANTIC_REPAIR
arxiv_nomic_100k,0,arxiv_nomic_100k__seed59__cluster_block_order,arxiv_nomic_100k__seed71__cluster_block_order,RM-B2,250,4,CERTIFIED,0.008,0.008,0.0,0.02496768176927198,891.112,842.0,1077.1999999999998,0.8200627258019832,SEMANTIC_REPAIR
arxiv_nomic_100k,0,arxiv_nomic_100k__seed59__cluster_block_order,arxiv_nomic_100k__seed71__natural_source_order,RM-B1,80,5,CERTIFIED,0.004,0.004,0.0,0.018833965611186224,1081.944,1006.5,1374.7999999999993,0.7789561942867229,SEMANTIC_REPAIR
arxiv_nomic_100k,0,arxiv_nomic_100k__seed59__cluster_block_order,arxiv_nomic_100k__seed71__natural_source_order,RM-B2,80,7,CERTIFIED,0.0,0.0,0.0,0.011911419714980633,1827.984,1687.5,2340.5,0.6265383974189246,SEMANTIC_REPAIR
arxiv_nomic_100k,0,arxiv_nomic_100k__seed59__cluster_block_order,arxiv_nomic_100k__seed71__natural_source_order,RM-B1,128,6,CERTIFIED,0.0,0.0,0.0,0.011911419714980633,1457.32,1365.0,1840.6,0.7022659592898775,SEMANTIC_REPAIR
arxiv_nomic_100k,0,arxiv_nomic_100k__seed59__cluster_block_order,arxiv_nomic_100k__seed71__natural_source_order,RM-B2,128,6,CERTIFIED,0.0,0.0,0.0,0.011911419714980633,1457.32,1365.0,1840.6,0.7022659592898775,SEMANTIC_REPAIR
arxiv_nomic_100k,0,arxiv_nomic_100k__seed59__cluster_block_order,arxiv_nomic_100k__seed71__natural_source_order,RM-B1,250,5,CERTIFIED,0.004,0.004,0.0,0.018833965611186224,1081.944,1006.5,1374.7999999999993,0.7789561942867229,SEMANTIC_REPAIR
arxiv_nomic_100k,0,arxiv_nomic_100k__seed59__cluster_block_order,arxiv_nomic_100k__seed71__natural_source_order,RM-B2,250,5,CERTIFIED,0.004,0.004,0.0,0.018833965611186224,1081.944,1006.5,1374.7999999999993,0.7789561942867229,SEMANTIC_REPAIR
arxiv_nomic_100k,0,arxiv_nomic_100k__seed59__cluster_block_order,arxiv_nomic_100k__seed71__random,RM-B1,80,5,CERTIFIED,0.02,0.02,0.0,0.04158982878282098,1064.596,1021.0,1313.6499999999999,0.782187868272882,SEMANTIC_REPAIR
arxiv_nomic_100k,0,arxiv_nomic_100k__seed59__cluster_block_order,arxiv_nomic_100k__seed71__random,RM-B2,80,6,CERTIFIED,0.008,0.008,0.0,0.02496768176927198,1433.776,1373.5,1813.2999999999995,0.7066551001702239,SEMANTIC_REPAIR
arxiv_nomic_100k,0,arxiv_nomic_100k__seed59__cluster_block_order,arxiv_nomic_100k__seed71__random,RM-B1,128,6,CERTIFIED,0.008,0.008,0.0,0.02496768176927198,1433.776,1373.5,1813.2999999999995,0.7066551001702239,SEMANTIC_REPAIR
arxiv_nomic_100k,0,arxiv_nomic_100k__seed59__cluster_block_order,arxiv_nomic_100k__seed71__random,RM-B2,128,6,CERTIFIED,0.008,0.008,0.0,0.02496768176927198,1433.776,1373.5,1813.2999999999995,0.7066551001702239,SEMANTIC_REPAIR
arxiv_nomic_100k,0,arxiv_nomic_100k__seed59__cluster_block_order,arxiv_nomic_100k__seed71__random,RM-B1,250,5,CERTIFIED,0.02,0.02,0.0,0.04158982878282098,1064.596,1021.0,1313.6499999999999,0.782187868272882,SEMANTIC_REPAIR
arxiv_nomic_100k,0,arxiv_nomic_100k__seed59__cluster_block_order,arxiv_nomic_100k__seed71__random,RM-B2,250,5,CERTIFIED,0.02,0.02,0.0,0.04158982878282098,1064.596,1021.0,1313.6499999999999,0.782187868272882,SEMANTIC_REPAIR
arxiv_nomic_100k,0,arxiv_nomic_100k__seed59__natural_source_order,arxiv_nomic_100k__seed43__cluster_block_order,RM-B1,80,9,CERTIFIED,0.0,0.0,0.0,0.011911419714980633,2985.432,2947.0,3999.699999999999,0.39591051137628297,SEMANTIC_REPAIR
arxiv_nomic_100k,0,arxiv_nomic_100k__seed59__natural_source_order,arxiv_nomic_100k__seed43__cluster_block_order,RM-B2,80,6,CERTIFIED,0.0,0.0,0.0,0.011911419714980633,1411.568,1373.0,1857.1999999999996,0.7143752089219908,SEMANTIC_REPAIR
arxiv_nomic_100k,0,arxiv_nomic_100k__seed59__natural_source_order,arxiv_nomic_100k__seed43__cluster_block_order,RM-B1,128,8,CERTIFIED,0.0,0.0,0.0,0.011911419714980633,2399.016,2342.5,3202.849999999999,0.5145692989690889,SEMANTIC_REPAIR
arxiv_nomic_100k,0,arxiv_nomic_100k__seed59__natural_source_order,arxiv_nomic_100k__seed43__cluster_block_order,RM-B2,128,5,CERTIFIED,0.008,0.008,0.0,0.02496768176927198,1042.092,1010.5,1352.55,0.7891371086734293,SEMANTIC_REPAIR
arxiv_nomic_100k,0,arxiv_nomic_100k__seed59__natural_source_order,arxiv_nomic_100k__seed43__cluster_block_order,RM-B1,250,5,CERTIFIED,0.008,0.008,0.0,0.02496768176927198,1042.092,1010.5,1352.55,0.7891371086734293,SEMANTIC_REPAIR
arxiv_nomic_100k,0,arxiv_nomic_100k__seed59__natural_source_order,arxiv_nomic_100k__seed43__cluster_block_order,RM-B2,250,5,CERTIFIED,0.008,0.008,0.0,0.02496768176927198,1042.092,1010.5,1352.55,0.7891371086734293,SEMANTIC_REPAIR
arxiv_nomic_100k,0,arxiv_nomic_100k__seed59__natural_source_order,arxiv_nomic_100k__seed43__natural_source_order,RM-B1,80,9,CERTIFIED,0.0,0.0,0.0,0.011911419714980633,2918.856,2841.0,3851.2499999999995,0.40295139428670546,SEMANTIC_REPAIR
arxiv_nomic_100k,0,arxiv_nomic_100k__seed59__natural_source_order,arxiv_nomic_100k__seed43__natural_source_order,RM-B2,80,9,CERTIFIED,0.0,0.0,0.0,0.011911419714980633,2918.856,2841.0,3851.2499999999995,0.40295139428670546,SEMANTIC_REPAIR
arxiv_nomic_100k,0,arxiv_nomic_100k__seed59__natural_source_order,arxiv_nomic_100k__seed43__natural_source_order,RM-B1,128,8,CERTIFIED,0.0,0.0,0.0,0.011911419714980633,2336.904,2302.0,3079.5499999999997,0.5219890001816394,SEMANTIC_REPAIR
arxiv_nomic_100k,0,arxiv_nomic_100k__seed59__natural_source_order,arxiv_nomic_100k__seed43__natural_source_order,RM-B2,128,6,CERTIFIED,0.004,0.004,0.0,0.018833965611186224,1370.66,1352.5,1748.0499999999997,0.7196330884747366,SEMANTIC_REPAIR
arxiv_nomic_100k,0,arxiv_nomic_100k__seed59__natural_source_order,arxiv_nomic_100k__seed43__natural_source_order,RM-B1,250,5,CERTIFIED,0.008,0.008,0.0,0.02496768176927198,1012.848,999.5,1283.2999999999995,0.7928231176188552,SEMANTIC_REPAIR
arxiv_nomic_100k,0,arxiv_nomic_100k__seed59__natural_source_order,arxiv_nomic_100k__seed43__natural_source_order,RM-B2,250,5,CERTIFIED,0.008,0.008,0.0,0.02496768176927198,1012.848,999.5,1283.2999999999995,0.7928231176188552,SEMANTIC_REPAIR
arxiv_nomic_100k,0,arxiv_nomic_100k__seed59__natural_source_order,arxiv_nomic_100k__seed43__random,RM-B1,80,9,CERTIFIED,0.0,0.0,0.0,0.011911419714980633,2933.212,2853.5,3816.2499999999995,0.39875405755309556,SEMANTIC_REPAIR
arxiv_nomic_100k,0,arxiv_nomic_100k__seed59__natural_source_order,arxiv_nomic_100k__seed43__random,RM-B2,80,6,CERTIFIED,0.008,0.008,0.0,0.02496768176927198,1396.328,1359.0,1760.0499999999997,0.7137825208934775,SEMANTIC_REPAIR
arxiv_nomic_100k,0,arxiv_nomic_100k__seed59__natural_source_order,arxiv_nomic_100k__seed43__random,RM-B1,128,8,CERTIFIED,0.004,0.004,0.0,0.018833965611186224,2357.852,2283.0,3070.649999999999,0.5166905945119826,SEMANTIC_REPAIR
arxiv_nomic_100k,0,arxiv_nomic_100k__seed59__natural_source_order,arxiv_nomic_100k__seed43__random,RM-B2,128,6,CERTIFIED,0.008,0.008,0.0,0.02496768176927198,1396.328,1359.0,1760.0499999999997,0.7137825208934775,SEMANTIC_REPAIR
arxiv_nomic_100k,0,arxiv_nomic_100k__seed59__natural_source_order,arxiv_nomic_100k__seed43__random,RM-B1,250,5,CERTIFIED,0.016,0.016,0.0,0.03623796513686767,1033.972,1005.0,1285.9499999999998,0.7880577777522693,SEMANTIC_REPAIR
arxiv_nomic_100k,0,arxiv_nomic_100k__seed59__natural_source_order,arxiv_nomic_100k__seed43__random,RM-B2,250,5,CERTIFIED,0.016,0.016,0.0,0.03623796513686767,1033.972,1005.0,1285.9499999999998,0.7880577777522693,SEMANTIC_REPAIR
arxiv_nomic_100k,0,arxiv_nomic_100k__seed59__natural_source_order,arxiv_nomic_100k__seed59__cluster_block_order,RM-B1,80,9,CERTIFIED,0.0,0.0,0.0,0.011911419714980633,2989.404,2937.0,3998.95,0.39459817201052105,SEMANTIC_REPAIR
arxiv_nomic_100k,0,arxiv_nomic_100k__seed59__natural_source_order,arxiv_nomic_100k__seed59__cluster_block_order,RM-B2,80,6,CERTIFIED,0.004,0.004,0.0,0.018833965611186224,1420.42,1373.0,1842.9499999999998,0.7123423717527588,SEMANTIC_REPAIR
arxiv_nomic_100k,0,arxiv_nomic_100k__seed59__natural_source_order,arxiv_nomic_100k__seed59__cluster_block_order,RM-B1,128,8,CERTIFIED,0.0,0.0,0.0,0.011911419714980633,2412.628,2345.0,3213.7499999999995,0.5114044801376461,SEMANTIC_REPAIR
arxiv_nomic_100k,0,arxiv_nomic_100k__seed59__natural_source_order,arxiv_nomic_100k__seed59__cluster_block_order,RM-B2,128,5,CERTIFIED,0.008,0.008,0.0,0.02496768176927198,1050.928,1013.5,1341.1999999999998,0.7871703750027339,SEMANTIC_REPAIR
arxiv_nomic_100k,0,arxiv_nomic_100k__seed59__natural_source_order,arxiv_nomic_100k__seed59__cluster_block_order,RM-B1,250,5,CERTIFIED,0.008,0.008,0.0,0.02496768176927198,1050.928,1013.5,1341.1999999999998,0.7871703750027339,SEMANTIC_REPAIR
arxiv_nomic_100k,0,arxiv_nomic_100k__seed59__natural_source_order,arxiv_nomic_100k__seed59__cluster_block_order,RM-B2,250,5,CERTIFIED,0.008,0.008,0.0,0.02496768176927198,1050.928,1013.5,1341.1999999999998,0.7871703750027339,SEMANTIC_REPAIR
arxiv_nomic_100k,0,arxiv_nomic_100k__seed59__natural_source_order,arxiv_nomic_100k__seed59__random,RM-B1,80,9,CERTIFIED,0.0,0.0,0.0,0.011911419714980633,2936.784,2853.0,3855.2499999999995,0.39816004177326525,SEMANTIC_REPAIR
arxiv_nomic_100k,0,arxiv_nomic_100k__seed59__natural_source_order,arxiv_nomic_100k__seed59__random,RM-B2,80,6,CERTIFIED,0.008,0.008,0.0,0.02496768176927198,1391.18,1366.0,1844.9999999999995,0.7149032025896802,SEMANTIC_REPAIR
arxiv_nomic_100k,0,arxiv_nomic_100k__seed59__natural_source_order,arxiv_nomic_100k__seed59__random,RM-B1,128,8,CERTIFIED,0.004,0.004,0.0,0.018833965611186224,2361.168,2288.5,3132.299999999999,0.5161219720325694,SEMANTIC_REPAIR
arxiv_nomic_100k,0,arxiv_nomic_100k__seed59__natural_source_order,arxiv_nomic_100k__seed59__random,RM-B2,128,6,CERTIFIED,0.008,0.008,0.0,0.02496768176927198,1391.18,1366.0,1844.9999999999995,0.7149032025896802,SEMANTIC_REPAIR
arxiv_nomic_100k,0,arxiv_nomic_100k__seed59__natural_source_order,arxiv_nomic_100k__seed59__random,RM-B1,250,5,CERTIFIED,0.024,0.024,0.0,0.04681743080651248,1030.844,1000.0,1317.3999999999999,0.7887474496257538,SEMANTIC_REPAIR
arxiv_nomic_100k,0,arxiv_nomic_100k__seed59__natural_source_order,arxiv_nomic_100k__seed59__random,RM-B2,250,5,CERTIFIED,0.024,0.024,0.0,0.04681743080651248,1030.844,1000.0,1317.3999999999999,0.7887474496257538,SEMANTIC_REPAIR
arxiv_nomic_100k,0,arxiv_nomic_100k__seed59__natural_source_order,arxiv_nomic_100k__seed71__cluster_block_order,RM-B1,80,9,CERTIFIED,0.0,0.0,0.0,0.011911419714980633,3032.08,2943.5,4164.499999999999,0.38774900309913607,SEMANTIC_REPAIR
arxiv_nomic_100k,0,arxiv_nomic_100k__seed59__natural_source_order,arxiv_nomic_100k__seed71__cluster_block_order,RM-B2,80,6,CERTIFIED,0.004,0.004,0.0,0.018833965611186224,1443.888,1379.5,1916.6499999999999,0.7084437523372752,SEMANTIC_REPAIR
arxiv_nomic_100k,0,arxiv_nomic_100k__seed59__natural_source_order,arxiv_nomic_100k__seed71__cluster_block_order,RM-B1,128,8,CERTIFIED,0.0,0.0,0.0,0.011911419714980633,2445.48,2358.0,3306.7999999999993,0.5061978681627382,SEMANTIC_REPAIR
arxiv_nomic_100k,0,arxiv_nomic_100k__seed59__natural_source_order,arxiv_nomic_100k__seed71__cluster_block_order,RM-B2,128,5,CERTIFIED,0.008,0.008,0.0,0.02496768176927198,1071.668,1024.0,1448.999999999999,0.7836040601347078,SEMANTIC_REPAIR
arxiv_nomic_100k,0,arxiv_nomic_100k__seed59__natural_source_order,arxiv_nomic_100k__seed71__cluster_block_order,RM-B1,250,5,CERTIFIED,0.008,0.008,0.0,0.02496768176927198,1071.668,1024.0,1448.999999999999,0.7836040601347078,SEMANTIC_REPAIR
arxiv_nomic_100k,0,arxiv_nomic_100k__seed59__natural_source_order,arxiv_nomic_100k__seed71__cluster_block_order,RM-B2,250,5,CERTIFIED,0.008,0.008,0.0,0.02496768176927198,1071.668,1024.0,1448.999999999999,0.7836040601347078,SEMANTIC_REPAIR
arxiv_nomic_100k,0,arxiv_nomic_100k__seed59__natural_source_order,arxiv_nomic_100k__seed71__natural_source_order,RM-B1,80,9,CERTIFIED,0.0,0.0,0.0,0.011911419714980633,2957.912,2867.0,3907.9999999999995,0.3956913431333131,SEMANTIC_REPAIR
arxiv_nomic_100k,0,arxiv_nomic_100k__seed59__natural_source_order,arxiv_nomic_100k__seed71__natural_source_order,RM-B2,80,7,CERTIFIED,0.0,0.0,0.0,0.011911419714980633,1749.264,1686.5,2317.4499999999994,0.6426210859737381,SEMANTIC_REPAIR
arxiv_nomic_100k,0,arxiv_nomic_100k__seed59__natural_source_order,arxiv_nomic_100k__seed71__natural_source_order,RM-B1,128,8,CERTIFIED,0.0,0.0,0.0,0.011911419714980633,2371.468,2300.0,3113.1,0.5155032868177525,SEMANTIC_REPAIR
arxiv_nomic_100k,0,arxiv_nomic_100k__seed59__natural_source_order,arxiv_nomic_100k__seed71__natural_source_order,RM-B2,128,5,CERTIFIED,0.008,0.008,0.0,0.02496768176927198,1036.124,1006.5,1345.0999999999997,0.788317332365757,SEMANTIC_REPAIR
arxiv_nomic_100k,0,arxiv_nomic_100k__seed59__natural_source_order,arxiv_nomic_100k__seed71__natural_source_order,RM-B1,250,5,CERTIFIED,0.008,0.008,0.0,0.02496768176927198,1036.124,1006.5,1345.0999999999997,0.788317332365757,SEMANTIC_REPAIR
arxiv_nomic_100k,0,arxiv_nomic_100k__seed59__natural_source_order,arxiv_nomic_100k__seed71__natural_source_order,RM-B2,250,5,CERTIFIED,0.008,0.008,0.0,0.02496768176927198,1036.124,1006.5,1345.0999999999997,0.788317332365757,SEMANTIC_REPAIR
arxiv_nomic_100k,0,arxiv_nomic_100k__seed59__natural_source_order,arxiv_nomic_100k__seed71__random,RM-B1,80,9,CERTIFIED,0.0,0.0,0.0,0.011911419714980633,2960.34,2879.0,3897.35,0.3943261424643184,SEMANTIC_REPAIR
arxiv_nomic_100k,0,arxiv_nomic_100k__seed59__natural_source_order,arxiv_nomic_100k__seed71__random,RM-B2,80,6,CERTIFIED,0.008,0.008,0.0,0.02496768176927198,1417.388,1367.0,1813.2999999999995,0.7100080201649863,SEMANTIC_REPAIR
arxiv_nomic_100k,0,arxiv_nomic_100k__seed59__natural_source_order,arxiv_nomic_100k__seed71__random,RM-B1,128,8,CERTIFIED,0.004,0.004,0.0,0.018833965611186224,2382.124,2294.5,3169.7999999999993,0.512626849548252,SEMANTIC_REPAIR
arxiv_nomic_100k,0,arxiv_nomic_100k__seed59__natural_source_order,arxiv_nomic_100k__seed71__random,RM-B2,128,5,CERTIFIED,0.024,0.024,0.0,0.04681743080651248,1057.748,1021.0,1339.3999999999996,0.7835889419929292,SEMANTIC_REPAIR
arxiv_nomic_100k,0,arxiv_nomic_100k__seed59__natural_source_order,arxiv_nomic_100k__seed71__random,RM-B1,250,5,CERTIFIED,0.024,0.024,0.0,0.04681743080651248,1057.748,1021.0,1339.3999999999996,0.7835889419929292,SEMANTIC_REPAIR
arxiv_nomic_100k,0,arxiv_nomic_100k__seed59__natural_source_order,arxiv_nomic_100k__seed71__random,RM-B2,250,5,CERTIFIED,0.024,0.024,0.0,0.04681743080651248,1057.748,1021.0,1339.3999999999996,0.7835889419929292,SEMANTIC_REPAIR
arxiv_nomic_100k,0,arxiv_nomic_100k__seed59__random,arxiv_nomic_100k__seed43__cluster_block_order,RM-B1,80,7,CERTIFIED,0.0,0.0,0.0,0.011911419714980633,1756.28,1715.0,2325.5,0.6446241994190249,SEMANTIC_REPAIR
arxiv_nomic_100k,0,arxiv_nomic_100k__seed59__random,arxiv_nomic_100k__seed43__cluster_block_order,RM-B2,80,6,CERTIFIED,0.0,0.0,0.0,0.011911419714980633,1411.26,1373.0,1798.55,0.7144375314141783,SEMANTIC_REPAIR
arxiv_nomic_100k,0,arxiv_nomic_100k__seed59__random,arxiv_nomic_100k__seed43__cluster_block_order,RM-B1,128,7,CERTIFIED,0.0,0.0,0.0,0.011911419714980633,1756.28,1715.0,2325.5,0.6446241994190249,SEMANTIC_REPAIR
arxiv_nomic_100k,0,arxiv_nomic_100k__seed59__random,arxiv_nomic_100k__seed43__cluster_block_order,RM-B2,128,6,CERTIFIED,0.0,0.0,0.0,0.011911419714980633,1411.26,1373.0,1798.55,0.7144375314141783,SEMANTIC_REPAIR
arxiv_nomic_100k,0,arxiv_nomic_100k__seed59__random,arxiv_nomic_100k__seed43__cluster_block_order,RM-B1,250,6,CERTIFIED,0.0,0.0,0.0,0.011911419714980633,1411.26,1373.0,1798.55,0.7144375314141783,SEMANTIC_REPAIR
arxiv_nomic_100k,0,arxiv_nomic_100k__seed59__random,arxiv_nomic_100k__seed43__cluster_block_order,RM-B2,250,5,CERTIFIED,0.008,0.008,0.0,0.02496768176927198,1044.74,1010.5,1321.3999999999999,0.7886012971172205,SEMANTIC_REPAIR
arxiv_nomic_100k,0,arxiv_nomic_100k__seed59__random,arxiv_nomic_100k__seed43__natural_source_order,RM-B1,80,7,CERTIFIED,0.004,0.004,0.0,0.018833965611186224,1738.364,1695.0,2245.2999999999997,0.6444196622162294,SEMANTIC_REPAIR
arxiv_nomic_100k,0,arxiv_nomic_100k__seed59__random,arxiv_nomic_100k__seed43__natural_source_order,RM-B2,80,9,CERTIFIED,0.0,0.0,0.0,0.011911419714980633,2930.744,2863.5,3870.2999999999997,0.4005197176898745,SEMANTIC_REPAIR
arxiv_nomic_100k,0,arxiv_nomic_100k__seed59__random,arxiv_nomic_100k__seed43__natural_source_order,RM-B1,128,7,CERTIFIED,0.004,0.004,0.0,0.018833965611186224,1738.364,1695.0,2245.2999999999997,0.6444196622162294,SEMANTIC_REPAIR
arxiv_nomic_100k,0,arxiv_nomic_100k__seed59__random,arxiv_nomic_100k__seed43__natural_source_order,RM-B2,128,7,CERTIFIED,0.004,0.004,0.0,0.018833965611186224,1738.364,1695.0,2245.2999999999997,0.6444196622162294,SEMANTIC_REPAIR
arxiv_nomic_100k,0,arxiv_nomic_100k__seed59__random,arxiv_nomic_100k__seed43__natural_source_order,RM-B1,250,6,CERTIFIED,0.004,0.004,0.0,0.018833965611186224,1398.336,1353.5,1768.3999999999999,0.7139719948093687,SEMANTIC_REPAIR
arxiv_nomic_100k,0,arxiv_nomic_100k__seed59__random,arxiv_nomic_100k__seed43__natural_source_order,RM-B2,250,5,CERTIFIED,0.008,0.008,0.0,0.02496768176927198,1043.04,1001.0,1299.9499999999998,0.7866473790748174,SEMANTIC_REPAIR
arxiv_nomic_100k,0,arxiv_nomic_100k__seed59__random,arxiv_nomic_100k__seed43__random,RM-B1,80,7,CERTIFIED,0.004,0.004,0.0,0.018833965611186224,1726.168,1689.0,2201.2,0.6461723509989431,SEMANTIC_REPAIR
arxiv_nomic_100k,0,arxiv_nomic_100k__seed59__random,arxiv_nomic_100k__seed43__random,RM-B2,80,6,CERTIFIED,0.008,0.008,0.0,0.02496768176927198,1389.116,1358.0,1750.75,0.7152608271791898,SEMANTIC_REPAIR
arxiv_nomic_100k,0,arxiv_nomic_100k__seed59__random,arxiv_nomic_100k__seed43__random,RM-B1,128,7,CERTIFIED,0.004,0.004,0.0,0.018833965611186224,1726.168,1689.0,2201.2,0.6461723509989431,SEMANTIC_REPAIR
arxiv_nomic_100k,0,arxiv_nomic_100k__seed59__random,arxiv_nomic_100k__seed43__random,RM-B2,128,6,CERTIFIED,0.008,0.008,0.0,0.02496768176927198,1389.116,1358.0,1750.75,0.7152608271791898,SEMANTIC_REPAIR
arxiv_nomic_100k,0,arxiv_nomic_100k__seed59__random,arxiv_nomic_100k__seed43__random,RM-B1,250,6,CERTIFIED,0.008,0.008,0.0,0.02496768176927198,1389.116,1358.0,1750.75,0.7152608271791898,SEMANTIC_REPAIR
arxiv_nomic_100k,0,arxiv_nomic_100k__seed59__random,arxiv_nomic_100k__seed43__random,RM-B2,250,6,CERTIFIED,0.008,0.008,0.0,0.02496768176927198,1389.116,1358.0,1750.75,0.7152608271791898,SEMANTIC_REPAIR
arxiv_nomic_100k,0,arxiv_nomic_100k__seed59__random,arxiv_nomic_100k__seed59__cluster_block_order,RM-B1,80,7,CERTIFIED,0.004,0.004,0.0,0.018833965611186224,1788.228,1726.0,2352.1499999999996,0.6378554052707597,SEMANTIC_REPAIR
arxiv_nomic_100k,0,arxiv_nomic_100k__seed59__random,arxiv_nomic_100k__seed59__cluster_block_order,RM-B2,80,6,CERTIFIED,0.004,0.004,0.0,0.018833965611186224,1443.404,1373.0,1842.9499999999998,0.7076877464112159,SEMANTIC_REPAIR
arxiv_nomic_100k,0,arxiv_nomic_100k__seed59__random,arxiv_nomic_100k__seed59__cluster_block_order,RM-B1,128,7,CERTIFIED,0.004,0.004,0.0,0.018833965611186224,1788.228,1726.0,2352.1499999999996,0.6378554052707597,SEMANTIC_REPAIR
arxiv_nomic_100k,0,arxiv_nomic_100k__seed59__random,arxiv_nomic_100k__seed59__cluster_block_order,RM-B2,128,5,CERTIFIED,0.008,0.008,0.0,0.02496768176927198,1074.62,1013.5,1341.1999999999998,0.7823723684071964,SEMANTIC_REPAIR
arxiv_nomic_100k,0,arxiv_nomic_100k__seed59__random,arxiv_nomic_100k__seed59__cluster_block_order,RM-B1,250,6,CERTIFIED,0.004,0.004,0.0,0.018833965611186224,1443.404,1373.0,1842.9499999999998,0.7076877464112159,SEMANTIC_REPAIR
arxiv_nomic_100k,0,arxiv_nomic_100k__seed59__random,arxiv_nomic_100k__seed59__cluster_block_order,RM-B2,250,5,CERTIFIED,0.008,0.008,0.0,0.02496768176927198,1074.62,1013.5,1341.1999999999998,0.7823723684071964,SEMANTIC_REPAIR
arxiv_nomic_100k,0,arxiv_nomic_100k__seed59__random,arxiv_nomic_100k__seed59__natural_source_order,RM-B1,80,7,CERTIFIED,0.004,0.004,0.0,0.018833965611186224,1764.868,1690.5,2256.95,0.6391412022383507,SEMANTIC_REPAIR
arxiv_nomic_100k,0,arxiv_nomic_100k__seed59__random,arxiv_nomic_100k__seed59__natural_source_order,RM-B2,80,9,CERTIFIED,0.0,0.0,0.0,0.011911419714980633,2963.368,2869.0,3909.6,0.3940864621006538,SEMANTIC_REPAIR
arxiv_nomic_100k,0,arxiv_nomic_100k__seed59__random,arxiv_nomic_100k__seed59__natural_source_order,RM-B1,128,7,CERTIFIED,0.004,0.004,0.0,0.018833965611186224,1764.868,1690.5,2256.95,0.6391412022383507,SEMANTIC_REPAIR
arxiv_nomic_100k,0,arxiv_nomic_100k__seed59__random,arxiv_nomic_100k__seed59__natural_source_order,RM-B2,128,5,CERTIFIED,0.012,0.012,0.0,0.030720864145366192,1068.808,1007.5,1285.9499999999998,0.7814631066357184,SEMANTIC_REPAIR
arxiv_nomic_100k,0,arxiv_nomic_100k__seed59__random,arxiv_nomic_100k__seed59__natural_source_order,RM-B1,250,6,CERTIFIED,0.008,0.008,0.0,0.02496768176927198,1424.616,1351.0,1782.0999999999992,0.7087118033575259,SEMANTIC_REPAIR
arxiv_nomic_100k,0,arxiv_nomic_100k__seed59__random,arxiv_nomic_100k__seed59__natural_source_order,RM-B2,250,5,CERTIFIED,0.012,0.012,0.0,0.030720864145366192,1068.808,1007.5,1285.9499999999998,0.7814631066357184,SEMANTIC_REPAIR
arxiv_nomic_100k,0,arxiv_nomic_100k__seed59__random,arxiv_nomic_100k__seed71__cluster_block_order,RM-B1,80,7,CERTIFIED,0.004,0.004,0.0,0.018833965611186224,1781.792,1729.5,2351.8499999999995,0.6402126829536212,SEMANTIC_REPAIR
arxiv_nomic_100k,0,arxiv_nomic_100k__seed59__random,arxiv_nomic_100k__seed71__cluster_block_order,RM-B2,80,6,CERTIFIED,0.004,0.004,0.0,0.018833965611186224,1431.532,1379.5,1856.2499999999998,0.7109387304769375,SEMANTIC_REPAIR
arxiv_nomic_100k,0,arxiv_nomic_100k__seed59__random,arxiv_nomic_100k__seed71__cluster_block_order,RM-B1,128,7,CERTIFIED,0.004,0.004,0.0,0.018833965611186224,1781.792,1729.5,2351.8499999999995,0.6402126829536212,SEMANTIC_REPAIR
arxiv_nomic_100k,0,arxiv_nomic_100k__seed59__random,arxiv_nomic_100k__seed71__cluster_block_order,RM-B2,128,6,CERTIFIED,0.004,0.004,0.0,0.018833965611186224,1431.532,1379.5,1856.2499999999998,0.7109387304769375,SEMANTIC_REPAIR
arxiv_nomic_100k,0,arxiv_nomic_100k__seed59__random,arxiv_nomic_100k__seed71__cluster_block_order,RM-B1,250,6,CERTIFIED,0.004,0.004,0.0,0.018833965611186224,1431.532,1379.5,1856.2499999999998,0.7109387304769375,SEMANTIC_REPAIR
arxiv_nomic_100k,0,arxiv_nomic_100k__seed59__random,arxiv_nomic_100k__seed71__cluster_block_order,RM-B2,250,5,CERTIFIED,0.008,0.008,0.0,0.02496768176927198,1061.704,1024.0,1346.6999999999998,0.785616035060541,SEMANTIC_REPAIR
arxiv_nomic_100k,0,arxiv_nomic_100k__seed59__random,arxiv_nomic_100k__seed71__natural_source_order,RM-B1,80,7,CERTIFIED,0.0,0.0,0.0,0.011911419714980633,1748.264,1687.5,2235.0,0.6428253884198105,SEMANTIC_REPAIR
arxiv_nomic_100k,0,arxiv_nomic_100k__seed59__random,arxiv_nomic_100k__seed71__natural_source_order,RM-B2,80,7,CERTIFIED,0.0,0.0,0.0,0.011911419714980633,1748.264,1687.5,2235.0,0.6428253884198105,SEMANTIC_REPAIR
arxiv_nomic_100k,0,arxiv_nomic_100k__seed59__random,arxiv_nomic_100k__seed71__natural_source_order,RM-B1,128,7,CERTIFIED,0.0,0.0,0.0,0.011911419714980633,1748.264,1687.5,2235.0,0.6428253884198105,SEMANTIC_REPAIR
arxiv_nomic_100k,0,arxiv_nomic_100k__seed59__random,arxiv_nomic_100k__seed71__natural_source_order,RM-B2,128,6,CERTIFIED,0.004,0.004,0.0,0.018833965611186224,1403.66,1365.0,1749.75,0.7132288285461184,SEMANTIC_REPAIR
arxiv_nomic_100k,0,arxiv_nomic_100k__seed59__random,arxiv_nomic_100k__seed71__natural_source_order,RM-B1,250,6,CERTIFIED,0.004,0.004,0.0,0.018833965611186224,1403.66,1365.0,1749.75,0.7132288285461184,SEMANTIC_REPAIR
arxiv_nomic_100k,0,arxiv_nomic_100k__seed59__random,arxiv_nomic_100k__seed71__natural_source_order,RM-B2,250,5,CERTIFIED,0.008,0.008,0.0,0.02496768176927198,1045.06,1008.5,1276.85,0.7864916857076547,SEMANTIC_REPAIR
arxiv_nomic_100k,0,arxiv_nomic_100k__seed59__random,arxiv_nomic_100k__seed71__random,RM-B1,80,7,CERTIFIED,0.004,0.004,0.0,0.018833965611186224,1755.44,1685.5,2279.0999999999995,0.6408439177687574,SEMANTIC_REPAIR
arxiv_nomic_100k,0,arxiv_nomic_100k__seed59__random,arxiv_nomic_100k__seed71__random,RM-B2,80,6,CERTIFIED,0.008,0.008,0.0,0.02496768176927198,1412.804,1373.5,1797.1999999999998,0.7109458884378683,SEMANTIC_REPAIR
arxiv_nomic_100k,0,arxiv_nomic_100k__seed59__random,arxiv_nomic_100k__seed71__random,RM-B1,128,7,CERTIFIED,0.004,0.004,0.0,0.018833965611186224,1755.44,1685.5,2279.0999999999995,0.6408439177687574,SEMANTIC_REPAIR
arxiv_nomic_100k,0,arxiv_nomic_100k__seed59__random,arxiv_nomic_100k__seed71__random,RM-B2,128,6,CERTIFIED,0.008,0.008,0.0,0.02496768176927198,1412.804,1373.5,1797.1999999999998,0.7109458884378683,SEMANTIC_REPAIR
arxiv_nomic_100k,0,arxiv_nomic_100k__seed59__random,arxiv_nomic_100k__seed71__random,RM-B1,250,6,CERTIFIED,0.008,0.008,0.0,0.02496768176927198,1412.804,1373.5,1797.1999999999998,0.7109458884378683,SEMANTIC_REPAIR
arxiv_nomic_100k,0,arxiv_nomic_100k__seed59__random,arxiv_nomic_100k__seed71__random,RM-B2,250,6,CERTIFIED,0.008,0.008,0.0,0.02496768176927198,1412.804,1373.5,1797.1999999999998,0.7109458884378683,SEMANTIC_REPAIR
arxiv_nomic_100k,0,arxiv_nomic_100k__seed71__cluster_block_order,arxiv_nomic_100k__seed43__cluster_block_order,RM-B1,80,7,CERTIFIED,0.0,0.0,0.0,0.011911419714980633,1765.024,1717.0,2379.8999999999996,0.6428548881473142,SEMANTIC_REPAIR
arxiv_nomic_100k,0,arxiv_nomic_100k__seed71__cluster_block_order,arxiv_nomic_100k__seed43__cluster_block_order,RM-B2,80,5,CERTIFIED,0.004,0.004,0.0,0.018833965611186224,1040.468,1012.5,1363.1999999999998,0.7894657181776903,SEMANTIC_REPAIR
arxiv_nomic_100k,0,arxiv_nomic_100k__seed71__cluster_block_order,arxiv_nomic_100k__seed43__cluster_block_order,RM-B1,128,7,CERTIFIED,0.0,0.0,0.0,0.011911419714980633,1765.024,1717.0,2379.8999999999996,0.6428548881473142,SEMANTIC_REPAIR
arxiv_nomic_100k,0,arxiv_nomic_100k__seed71__cluster_block_order,arxiv_nomic_100k__seed43__cluster_block_order,RM-B2,128,4,CERTIFIED,0.008,0.008,0.0,0.02496768176927198,841.648,828.5,1077.9499999999998,0.8296961009591998,SEMANTIC_REPAIR
arxiv_nomic_100k,0,arxiv_nomic_100k__seed71__cluster_block_order,arxiv_nomic_100k__seed43__cluster_block_order,RM-B1,250,5,CERTIFIED,0.004,0.004,0.0,0.018833965611186224,1040.468,1012.5,1363.1999999999998,0.7894657181776903,SEMANTIC_REPAIR
arxiv_nomic_100k,0,arxiv_nomic_100k__seed71__cluster_block_order,arxiv_nomic_100k__seed43__cluster_block_order,RM-B2,250,4,CERTIFIED,0.008,0.008,0.0,0.02496768176927198,841.648,828.5,1077.9499999999998,0.8296961009591998,SEMANTIC_REPAIR
arxiv_nomic_100k,0,arxiv_nomic_100k__seed71__cluster_block_order,arxiv_nomic_100k__seed43__natural_source_order,RM-B1,80,7,CERTIFIED,0.004,0.004,0.0,0.018833965611186224,1746.78,1696.5,2362.399999999999,0.6426981791880557,SEMANTIC_REPAIR
arxiv_nomic_100k,0,arxiv_nomic_100k__seed71__cluster_block_order,arxiv_nomic_100k__seed43__natural_source_order,RM-B2,80,9,CERTIFIED,0.0,0.0,0.0,0.011911419714980633,2964.744,2881.5,4045.0499999999997,0.3935650571673095,SEMANTIC_REPAIR
arxiv_nomic_100k,0,arxiv_nomic_100k__seed71__cluster_block_order,arxiv_nomic_100k__seed43__natural_source_order,RM-B1,128,7,CERTIFIED,0.004,0.004,0.0,0.018833965611186224,1746.78,1696.5,2362.399999999999,0.6426981791880557,SEMANTIC_REPAIR
arxiv_nomic_100k,0,arxiv_nomic_100k__seed71__cluster_block_order,arxiv_nomic_100k__seed43__natural_source_order,RM-B2,128,7,CERTIFIED,0.004,0.004,0.0,0.018833965611186224,1746.78,1696.5,2362.399999999999,0.6426981791880557,SEMANTIC_REPAIR
arxiv_nomic_100k,0,arxiv_nomic_100k__seed71__cluster_block_order,arxiv_nomic_100k__seed43__natural_source_order,RM-B1,250,5,CERTIFIED,0.008,0.008,0.0,0.02496768176927198,1031.888,1002.5,1388.75,0.7889285077262187,SEMANTIC_REPAIR
arxiv_nomic_100k,0,arxiv_nomic_100k__seed71__cluster_block_order,arxiv_nomic_100k__seed43__natural_source_order,RM-B2,250,5,CERTIFIED,0.008,0.008,0.0,0.02496768176927198,1031.888,1002.5,1388.75,0.7889285077262187,SEMANTIC_REPAIR
arxiv_nomic_100k,0,arxiv_nomic_100k__seed71__cluster_block_order,arxiv_nomic_100k__seed43__random,RM-B1,80,7,CERTIFIED,0.004,0.004,0.0,0.018833965611186224,1752.592,1692.5,2296.3999999999996,0.6407559941917239,SEMANTIC_REPAIR
arxiv_nomic_100k,0,arxiv_nomic_100k__seed71__cluster_block_order,arxiv_nomic_100k__seed43__random,RM-B2,80,6,CERTIFIED,0.008,0.008,0.0,0.02496768176927198,1399.82,1360.0,1816.3999999999999,0.7130667353208613,SEMANTIC_REPAIR
arxiv_nomic_100k,0,arxiv_nomic_100k__seed71__cluster_block_order,arxiv_nomic_100k__seed43__random,RM-B1,128,7,CERTIFIED,0.004,0.004,0.0,0.018833965611186224,1752.592,1692.5,2296.3999999999996,0.6407559941917239,SEMANTIC_REPAIR
arxiv_nomic_100k,0,arxiv_nomic_100k__seed71__cluster_block_order,arxiv_nomic_100k__seed43__random,RM-B2,128,5,CERTIFIED,0.02,0.02,0.0,0.04158982878282098,1039.076,1012.5,1321.3999999999999,0.7870115665373114,SEMANTIC_REPAIR
arxiv_nomic_100k,0,arxiv_nomic_100k__seed71__cluster_block_order,arxiv_nomic_100k__seed43__random,RM-B1,250,5,CERTIFIED,0.02,0.02,0.0,0.04158982878282098,1039.076,1012.5,1321.3999999999999,0.7870115665373114,SEMANTIC_REPAIR
arxiv_nomic_100k,0,arxiv_nomic_100k__seed71__cluster_block_order,arxiv_nomic_100k__seed43__random,RM-B2,250,5,CERTIFIED,0.02,0.02,0.0,0.04158982878282098,1039.076,1012.5,1321.3999999999999,0.7870115665373114,SEMANTIC_REPAIR
arxiv_nomic_100k,0,arxiv_nomic_100k__seed71__cluster_block_order,arxiv_nomic_100k__seed59__cluster_block_order,RM-B1,80,7,CERTIFIED,0.004,0.004,0.0,0.018833965611186224,1792.432,1729.0,2389.0499999999997,0.6370040284461927,SEMANTIC_REPAIR
arxiv_nomic_100k,0,arxiv_nomic_100k__seed71__cluster_block_order,arxiv_nomic_100k__seed59__cluster_block_order,RM-B2,80,6,CERTIFIED,0.004,0.004,0.0,0.018833965611186224,1438.824,1377.0,1861.2999999999995,0.7086152692124805,SEMANTIC_REPAIR
arxiv_nomic_100k,0,arxiv_nomic_100k__seed71__cluster_block_order,arxiv_nomic_100k__seed59__cluster_block_order,RM-B1,128,7,CERTIFIED,0.004,0.004,0.0,0.018833965611186224,1792.432,1729.0,2389.0499999999997,0.6370040284461927,SEMANTIC_REPAIR
arxiv_nomic_100k,0,arxiv_nomic_100k__seed71__cluster_block_order,arxiv_nomic_100k__seed59__cluster_block_order,RM-B2,128,5,CERTIFIED,0.004,0.004,0.0,0.018833965611186224,1063.08,1019.0,1372.4999999999998,0.7847094018409505,SEMANTIC_REPAIR
arxiv_nomic_100k,0,arxiv_nomic_100k__seed71__cluster_block_order,arxiv_nomic_100k__seed59__cluster_block_order,RM-B1,250,5,CERTIFIED,0.004,0.004,0.0,0.018833965611186224,1063.08,1019.0,1372.4999999999998,0.7847094018409505,SEMANTIC_REPAIR
arxiv_nomic_100k,0,arxiv_nomic_100k__seed71__cluster_block_order,arxiv_nomic_100k__seed59__cluster_block_order,RM-B2,250,4,CERTIFIED,0.008,0.008,0.0,0.02496768176927198,856.648,830.0,1080.6499999999999,0.8265151631751576,SEMANTIC_REPAIR
arxiv_nomic_100k,0,arxiv_nomic_100k__seed71__cluster_block_order,arxiv_nomic_100k__seed59__natural_source_order,RM-B1,80,7,CERTIFIED,0.004,0.004,0.0,0.018833965611186224,1768.544,1690.5,2270.35,0.6383895783545407,SEMANTIC_REPAIR
arxiv_nomic_100k,0,arxiv_nomic_100k__seed71__cluster_block_order,arxiv_nomic_100k__seed59__natural_source_order,RM-B2,80,9,CERTIFIED,0.0,0.0,0.0,0.011911419714980633,2970.9,2869.0,3909.6,0.39254641011674296,SEMANTIC_REPAIR
arxiv_nomic_100k,0,arxiv_nomic_100k__seed71__cluster_block_order,arxiv_nomic_100k__seed59__natural_source_order,RM-B1,128,7,CERTIFIED,0.004,0.004,0.0,0.018833965611186224,1768.544,1690.5,2270.35,0.6383895783545407,SEMANTIC_REPAIR
arxiv_nomic_100k,0,arxiv_nomic_100k__seed71__cluster_block_order,arxiv_nomic_100k__seed59__natural_source_order,RM-B2,128,5,CERTIFIED,0.012,0.012,0.0,0.030720864145366192,1053.38,1008.0,1330.3999999999999,0.7846176369075952,SEMANTIC_REPAIR
arxiv_nomic_100k,0,arxiv_nomic_100k__seed71__cluster_block_order,arxiv_nomic_100k__seed59__natural_source_order,RM-B1,250,5,CERTIFIED,0.012,0.012,0.0,0.030720864145366192,1053.38,1008.0,1330.3999999999999,0.7846176369075952,SEMANTIC_REPAIR
arxiv_nomic_100k,0,arxiv_nomic_100k__seed71__cluster_block_order,arxiv_nomic_100k__seed59__natural_source_order,RM-B2,250,5,CERTIFIED,0.012,0.012,0.0,0.030720864145366192,1053.38,1008.0,1330.3999999999999,0.7846176369075952,SEMANTIC_REPAIR
arxiv_nomic_100k,0,arxiv_nomic_100k__seed71__cluster_block_order,arxiv_nomic_100k__seed59__random,RM-B1,80,7,CERTIFIED,0.004,0.004,0.0,0.018833965611186224,1773.696,1677.0,2410.7999999999993,0.6365135718027182,SEMANTIC_REPAIR
arxiv_nomic_100k,0,arxiv_nomic_100k__seed71__cluster_block_order,arxiv_nomic_100k__seed59__random,RM-B2,80,6,CERTIFIED,0.008,0.008,0.0,0.02496768176927198,1419.344,1368.5,1847.6999999999998,0.7091315079115909,SEMANTIC_REPAIR
arxiv_nomic_100k,0,arxiv_nomic_100k__seed71__cluster_block_order,arxiv_nomic_100k__seed59__random,RM-B1,128,7,CERTIFIED,0.004,0.004,0.0,0.018833965611186224,1773.696,1677.0,2410.7999999999993,0.6365135718027182,SEMANTIC_REPAIR
arxiv_nomic_100k,0,arxiv_nomic_100k__seed71__cluster_block_order,arxiv_nomic_100k__seed59__random,RM-B2,128,6,CERTIFIED,0.008,0.008,0.0,0.02496768176927198,1419.344,1368.5,1847.6999999999998,0.7091315079115909,SEMANTIC_REPAIR
arxiv_nomic_100k,0,arxiv_nomic_100k__seed71__cluster_block_order,arxiv_nomic_100k__seed59__random,RM-B1,250,5,CERTIFIED,0.024,0.024,0.0,0.04681743080651248,1055.404,1005.0,1379.1,0.7837143285742743,SEMANTIC_REPAIR
arxiv_nomic_100k,0,arxiv_nomic_100k__seed71__cluster_block_order,arxiv_nomic_100k__seed59__random,RM-B2,250,5,CERTIFIED,0.024,0.024,0.0,0.04681743080651248,1055.404,1005.0,1379.1,0.7837143285742743,SEMANTIC_REPAIR
arxiv_nomic_100k,0,arxiv_nomic_100k__seed71__cluster_block_order,arxiv_nomic_100k__seed71__natural_source_order,RM-B1,80,7,CERTIFIED,0.0,0.0,0.0,0.011911419714980633,1801.452,1706.5,2542.2999999999984,0.6319589499181155,SEMANTIC_REPAIR
arxiv_nomic_100k,0,arxiv_nomic_100k__seed71__cluster_block_order,arxiv_nomic_100k__seed71__natural_source_order,RM-B2,80,7,CERTIFIED,0.0,0.0,0.0,0.011911419714980633,1801.452,1706.5,2542.2999999999984,0.6319589499181155,SEMANTIC_REPAIR
arxiv_nomic_100k,0,arxiv_nomic_100k__seed71__cluster_block_order,arxiv_nomic_100k__seed71__natural_source_order,RM-B1,128,7,CERTIFIED,0.0,0.0,0.0,0.011911419714980633,1801.452,1706.5,2542.2999999999984,0.6319589499181155,SEMANTIC_REPAIR
arxiv_nomic_100k,0,arxiv_nomic_100k__seed71__cluster_block_order,arxiv_nomic_100k__seed71__natural_source_order,RM-B2,128,6,CERTIFIED,0.0,0.0,0.0,0.011911419714980633,1431.992,1367.5,1902.75,0.7074405316439973,SEMANTIC_REPAIR
arxiv_nomic_100k,0,arxiv_nomic_100k__seed71__cluster_block_order,arxiv_nomic_100k__seed71__natural_source_order,RM-B1,250,5,CERTIFIED,0.004,0.004,0.0,0.018833965611186224,1066.888,1012.0,1468.1499999999999,0.7820321719147879,SEMANTIC_REPAIR
arxiv_nomic_100k,0,arxiv_nomic_100k__seed71__cluster_block_order,arxiv_nomic_100k__seed71__natural_source_order,RM-B2,250,5,CERTIFIED,0.004,0.004,0.0,0.018833965611186224,1066.888,1012.0,1468.1499999999999,0.7820321719147879,SEMANTIC_REPAIR
arxiv_nomic_100k,0,arxiv_nomic_100k__seed71__cluster_block_order,arxiv_nomic_100k__seed71__random,RM-B1,80,7,CERTIFIED,0.004,0.004,0.0,0.018833965611186224,1770.82,1691.0,2393.999999999999,0.6376972305879272,SEMANTIC_REPAIR
arxiv_nomic_100k,0,arxiv_nomic_100k__seed71__cluster_block_order,arxiv_nomic_100k__seed71__random,RM-B2,80,6,CERTIFIED,0.008,0.008,0.0,0.02496768176927198,1413.616,1377.5,1865.55,0.7107797564488674,SEMANTIC_REPAIR
arxiv_nomic_100k,0,arxiv_nomic_100k__seed71__cluster_block_order,arxiv_nomic_100k__seed71__random,RM-B1,128,7,CERTIFIED,0.004,0.004,0.0,0.018833965611186224,1770.82,1691.0,2393.999999999999,0.6376972305879272,SEMANTIC_REPAIR
arxiv_nomic_100k,0,arxiv_nomic_100k__seed71__cluster_block_order,arxiv_nomic_100k__seed71__random,RM-B2,128,5,CERTIFIED,0.016,0.016,0.0,0.03623796513686767,1053.488,1021.5,1378.0,0.7844605211470472,SEMANTIC_REPAIR
arxiv_nomic_100k,0,arxiv_nomic_100k__seed71__cluster_block_order,arxiv_nomic_100k__seed71__random,RM-B1,250,5,CERTIFIED,0.016,0.016,0.0,0.03623796513686767,1053.488,1021.5,1378.0,0.7844605211470472,SEMANTIC_REPAIR
arxiv_nomic_100k,0,arxiv_nomic_100k__seed71__cluster_block_order,arxiv_nomic_100k__seed71__random,RM-B2,250,5,CERTIFIED,0.016,0.016,0.0,0.03623796513686767,1053.488,1021.5,1378.0,0.7844605211470472,SEMANTIC_REPAIR
arxiv_nomic_100k,0,arxiv_nomic_100k__seed71__natural_source_order,arxiv_nomic_100k__seed43__cluster_block_order,RM-B1,80,9,CERTIFIED,0.0,0.0,0.0,0.011911419714980633,3037.508,2947.0,4590.299999999996,0.3853731538985148,SEMANTIC_REPAIR
arxiv_nomic_100k,0,arxiv_nomic_100k__seed71__natural_source_order,arxiv_nomic_100k__seed43__cluster_block_order,RM-B2,80,5,CERTIFIED,0.004,0.004,0.0,0.018833965611186224,1058.98,1011.5,1513.5499999999984,0.7857198935823211,SEMANTIC_REPAIR
arxiv_nomic_100k,0,arxiv_nomic_100k__seed71__natural_source_order,arxiv_nomic_100k__seed43__cluster_block_order,RM-B1,128,8,CERTIFIED,0.0,0.0,0.0,0.011911419714980633,2427.892,2342.5,3403.4999999999986,0.5087263629807635,SEMANTIC_REPAIR
arxiv_nomic_100k,0,arxiv_nomic_100k__seed71__natural_source_order,arxiv_nomic_100k__seed43__cluster_block_order,RM-B2,128,5,CERTIFIED,0.004,0.004,0.0,0.018833965611186224,1058.98,1011.5,1513.5499999999984,0.7857198935823211,SEMANTIC_REPAIR
arxiv_nomic_100k,0,arxiv_nomic_100k__seed71__natural_source_order,arxiv_nomic_100k__seed43__cluster_block_order,RM-B1,250,6,CERTIFIED,0.0,0.0,0.0,0.011911419714980633,1427.972,1378.5,1944.7999999999997,0.7110559291757486,SEMANTIC_REPAIR
arxiv_nomic_100k,0,arxiv_nomic_100k__seed71__natural_source_order,arxiv_nomic_100k__seed43__cluster_block_order,RM-B2,250,4,CERTIFIED,0.008,0.008,0.0,0.02496768176927198,852.848,826.0,1172.3999999999999,0.8274298285160205,SEMANTIC_REPAIR
arxiv_nomic_100k,0,arxiv_nomic_100k__seed71__natural_source_order,arxiv_nomic_100k__seed43__natural_source_order,RM-B1,80,9,CERTIFIED,0.0,0.0,0.0,0.011911419714980633,2970.444,2841.0,4162.199999999996,0.39239912878558536,SEMANTIC_REPAIR
arxiv_nomic_100k,0,arxiv_nomic_100k__seed71__natural_source_order,arxiv_nomic_100k__seed43__natural_source_order,RM-B2,80,9,CERTIFIED,0.0,0.0,0.0,0.011911419714980633,2970.444,2841.0,4162.199999999996,0.39239912878558536,SEMANTIC_REPAIR
arxiv_nomic_100k,0,arxiv_nomic_100k__seed71__natural_source_order,arxiv_nomic_100k__seed43__natural_source_order,RM-B1,128,8,CERTIFIED,0.0,0.0,0.0,0.011911419714980633,2390.992,2302.0,3297.099999999999,0.5109253625832718,SEMANTIC_REPAIR
arxiv_nomic_100k,0,arxiv_nomic_100k__seed71__natural_source_order,arxiv_nomic_100k__seed43__natural_source_order,RM-B2,128,6,CERTIFIED,0.004,0.004,0.0,0.018833965611186224,1413.992,1352.5,1862.1999999999998,0.7107695781875664,SEMANTIC_REPAIR
arxiv_nomic_100k,0,arxiv_nomic_100k__seed71__natural_source_order,arxiv_nomic_100k__seed43__natural_source_order,RM-B1,250,6,CERTIFIED,0.004,0.004,0.0,0.018833965611186224,1413.992,1352.5,1862.1999999999998,0.7107695781875664,SEMANTIC_REPAIR
arxiv_nomic_100k,0,arxiv_nomic_100k__seed71__natural_source_order,arxiv_nomic_100k__seed43__natural_source_order,RM-B2,250,4,CERTIFIED,0.012,0.012,0.0,0.030720864145366192,844.324,804.0,1098.9999999999995,0.8272945061454653,SEMANTIC_REPAIR
arxiv_nomic_100k,0,arxiv_nomic_100k__seed71__natural_source_order,arxiv_nomic_100k__seed43__random,RM-B1,80,9,CERTIFIED,0.0,0.0,0.0,0.011911419714980633,2949.392,2848.0,3863.699999999999,0.3954375024084995,SEMANTIC_REPAIR
arxiv_nomic_100k,0,arxiv_nomic_100k__seed71__natural_source_order,arxiv_nomic_100k__seed43__random,RM-B2,80,6,CERTIFIED,0.008,0.008,0.0,0.02496768176927198,1405.488,1358.0,1806.4999999999995,0.7119049161268212,SEMANTIC_REPAIR
arxiv_nomic_100k,0,arxiv_nomic_100k__seed71__natural_source_order,arxiv_nomic_100k__seed43__random,RM-B1,128,8,CERTIFIED,0.004,0.004,0.0,0.018833965611186224,2375.852,2280.0,3105.9499999999994,0.5130009781582912,SEMANTIC_REPAIR
arxiv_nomic_100k,0,arxiv_nomic_100k__seed71__natural_source_order,arxiv_nomic_100k__seed43__random,RM-B2,128,6,CERTIFIED,0.008,0.008,0.0,0.02496768176927198,1405.488,1358.0,1806.4999999999995,0.7119049161268212,SEMANTIC_REPAIR
arxiv_nomic_100k,0,arxiv_nomic_100k__seed71__natural_source_order,arxiv_nomic_100k__seed43__random,RM-B1,250,6,CERTIFIED,0.008,0.008,0.0,0.02496768176927198,1405.488,1358.0,1806.4999999999995,0.7119049161268212,SEMANTIC_REPAIR
arxiv_nomic_100k,0,arxiv_nomic_100k__seed71__natural_source_order,arxiv_nomic_100k__seed43__random,RM-B2,250,5,CERTIFIED,0.016,0.016,0.0,0.03623796513686767,1042.272,1004.0,1299.55,0.7863564546558449,SEMANTIC_REPAIR
arxiv_nomic_100k,0,arxiv_nomic_100k__seed71__natural_source_order,arxiv_nomic_100k__seed59__cluster_block_order,RM-B1,80,9,CERTIFIED,0.0,0.0,0.0,0.011911419714980633,3025.968,2938.0,4231.5499999999965,0.38719338080845966,SEMANTIC_REPAIR
arxiv_nomic_100k,0,arxiv_nomic_100k__seed71__natural_source_order,arxiv_nomic_100k__seed59__cluster_block_order,RM-B2,80,5,CERTIFIED,0.008,0.008,0.0,0.02496768176927198,1085.428,1016.0,1378.1,0.780183576608928,SEMANTIC_REPAIR
arxiv_nomic_100k,0,arxiv_nomic_100k__seed71__natural_source_order,arxiv_nomic_100k__seed59__cluster_block_order,RM-B1,128,8,CERTIFIED,0.0,0.0,0.0,0.011911419714980633,2453.364,2350.0,3289.0999999999995,0.5031547926196727,SEMANTIC_REPAIR
arxiv_nomic_100k,0,arxiv_nomic_100k__seed71__natural_source_order,arxiv_nomic_100k__seed59__cluster_block_order,RM-B2,128,5,CERTIFIED,0.008,0.008,0.0,0.02496768176927198,1085.428,1016.0,1378.1,0.780183576608928,SEMANTIC_REPAIR
arxiv_nomic_100k,0,arxiv_nomic_100k__seed71__natural_source_order,arxiv_nomic_100k__seed59__cluster_block_order,RM-B1,250,6,CERTIFIED,0.004,0.004,0.0,0.018833965611186224,1464.748,1375.0,1937.1,0.7033652471382479,SEMANTIC_REPAIR
arxiv_nomic_100k,0,arxiv_nomic_100k__seed71__natural_source_order,arxiv_nomic_100k__seed59__cluster_block_order,RM-B2,250,5,CERTIFIED,0.008,0.008,0.0,0.02496768176927198,1085.428,1016.0,1378.1,0.780183576608928,SEMANTIC_REPAIR
arxiv_nomic_100k,0,arxiv_nomic_100k__seed71__natural_source_order,arxiv_nomic_100k__seed59__natural_source_order,RM-B1,80,9,CERTIFIED,0.0,0.0,0.0,0.011911419714980633,2986.728,2849.5,4138.7999999999965,0.3893100926975527,SEMANTIC_REPAIR
arxiv_nomic_100k,0,arxiv_nomic_100k__seed71__natural_source_order,arxiv_nomic_100k__seed59__natural_source_order,RM-B2,80,9,CERTIFIED,0.0,0.0,0.0,0.011911419714980633,2986.728,2849.5,4138.7999999999965,0.3893100926975527,SEMANTIC_REPAIR
arxiv_nomic_100k,0,arxiv_nomic_100k__seed71__natural_source_order,arxiv_nomic_100k__seed59__natural_source_order,RM-B1,128,8,CERTIFIED,0.0,0.0,0.0,0.011911419714980633,2412.812,2298.0,3184.2499999999995,0.5066574737913087,SEMANTIC_REPAIR
arxiv_nomic_100k,0,arxiv_nomic_100k__seed71__natural_source_order,arxiv_nomic_100k__seed59__natural_source_order,RM-B2,128,4,CERTIFIED,0.012,0.012,0.0,0.030720864145366192,852.652,814.5,1061.85,0.8256600631723926,SEMANTIC_REPAIR
arxiv_nomic_100k,0,arxiv_nomic_100k__seed71__natural_source_order,arxiv_nomic_100k__seed59__natural_source_order,RM-B1,250,6,CERTIFIED,0.008,0.008,0.0,0.02496768176927198,1428.924,1351.0,1827.6999999999998,0.707830955780961,SEMANTIC_REPAIR
arxiv_nomic_100k,0,arxiv_nomic_100k__seed71__natural_source_order,arxiv_nomic_100k__seed59__natural_source_order,RM-B2,250,4,CERTIFIED,0.012,0.012,0.0,0.030720864145366192,852.652,814.5,1061.85,0.8256600631723926,SEMANTIC_REPAIR
arxiv_nomic_100k,0,arxiv_nomic_100k__seed71__natural_source_order,arxiv_nomic_100k__seed59__random,RM-B1,80,9,CERTIFIED,0.0,0.0,0.0,0.011911419714980633,2952.94,2862.5,3870.0999999999995,0.394849166215134,SEMANTIC_REPAIR
arxiv_nomic_100k,0,arxiv_nomic_100k__seed71__natural_source_order,arxiv_nomic_100k__seed59__random,RM-B2,80,6,CERTIFIED,0.008,0.008,0.0,0.02496768176927198,1401.884,1368.5,1835.6499999999999,0.7127096143268529,SEMANTIC_REPAIR
arxiv_nomic_100k,0,arxiv_nomic_100k__seed71__natural_source_order,arxiv_nomic_100k__seed59__random,RM-B1,128,8,CERTIFIED,0.004,0.004,0.0,0.018833965611186224,2369.988,2292.5,3160.349999999998,0.5143144749774371,SEMANTIC_REPAIR
arxiv_nomic_100k,0,arxiv_nomic_100k__seed71__natural_source_order,arxiv_nomic_100k__seed59__random,RM-B2,128,5,CERTIFIED,0.024,0.024,0.0,0.04681743080651248,1037.788,1002.0,1338.5999999999995,0.7873244043252052,SEMANTIC_REPAIR
arxiv_nomic_100k,0,arxiv_nomic_100k__seed71__natural_source_order,arxiv_nomic_100k__seed59__random,RM-B1,250,6,CERTIFIED,0.008,0.008,0.0,0.02496768176927198,1401.884,1368.5,1835.6499999999999,0.7127096143268529,SEMANTIC_REPAIR
arxiv_nomic_100k,0,arxiv_nomic_100k__seed71__natural_source_order,arxiv_nomic_100k__seed59__random,RM-B2,250,5,CERTIFIED,0.024,0.024,0.0,0.04681743080651248,1037.788,1002.0,1338.5999999999995,0.7873244043252052,SEMANTIC_REPAIR
arxiv_nomic_100k,0,arxiv_nomic_100k__seed71__natural_source_order,arxiv_nomic_100k__seed71__cluster_block_order,RM-B1,80,9,CERTIFIED,0.0,0.0,0.0,0.011911419714980633,3069.712,2943.5,4479.099999999999,0.3801501833069889,SEMANTIC_REPAIR
arxiv_nomic_100k,0,arxiv_nomic_100k__seed71__natural_source_order,arxiv_nomic_100k__seed71__cluster_block_order,RM-B2,80,6,CERTIFIED,0.004,0.004,0.0,0.018833965611186224,1472.632,1379.5,1975.3999999999996,0.7026396367945064,SEMANTIC_REPAIR
arxiv_nomic_100k,0,arxiv_nomic_100k__seed71__natural_source_order,arxiv_nomic_100k__seed71__cluster_block_order,RM-B1,128,8,CERTIFIED,0.0,0.0,0.0,0.011911419714980633,2484.88,2358.0,3350.55,0.4982420459951522,SEMANTIC_REPAIR
arxiv_nomic_100k,0,arxiv_nomic_100k__seed71__natural_source_order,arxiv_nomic_100k__seed71__cluster_block_order,RM-B2,128,4,CERTIFIED,0.008,0.008,0.0,0.02496768176927198,881.032,842.0,1176.599999999999,0.822098123960594,SEMANTIC_REPAIR
arxiv_nomic_100k,0,arxiv_nomic_100k__seed71__natural_source_order,arxiv_nomic_100k__seed71__cluster_block_order,RM-B1,250,6,CERTIFIED,0.004,0.004,0.0,0.018833965611186224,1472.632,1379.5,1975.3999999999996,0.7026396367945064,SEMANTIC_REPAIR
arxiv_nomic_100k,0,arxiv_nomic_100k__seed71__natural_source_order,arxiv_nomic_100k__seed71__cluster_block_order,RM-B2,250,4,CERTIFIED,0.008,0.008,0.0,0.02496768176927198,881.032,842.0,1176.599999999999,0.822098123960594,SEMANTIC_REPAIR
arxiv_nomic_100k,0,arxiv_nomic_100k__seed71__natural_source_order,arxiv_nomic_100k__seed71__random,RM-B1,80,9,CERTIFIED,0.0,0.0,0.0,0.011911419714980633,3049.432,2891.0,4843.099999999999,0.3760982715726071,SEMANTIC_REPAIR
arxiv_nomic_100k,0,arxiv_nomic_100k__seed71__natural_source_order,arxiv_nomic_100k__seed71__random,RM-B2,80,6,CERTIFIED,0.008,0.008,0.0,0.02496768176927198,1489.976,1373.5,2102.8999999999996,0.6951568024093231,SEMANTIC_REPAIR
arxiv_nomic_100k,0,arxiv_nomic_100k__seed71__natural_source_order,arxiv_nomic_100k__seed71__random,RM-B1,128,8,CERTIFIED,0.004,0.004,0.0,0.018833965611186224,2477.852,2300.0,3595.5999999999985,0.4930412792981538,SEMANTIC_REPAIR
arxiv_nomic_100k,0,arxiv_nomic_100k__seed71__natural_source_order,arxiv_nomic_100k__seed71__random,RM-B2,128,5,CERTIFIED,0.016,0.016,0.0,0.03623796513686767,1118.552,1021.0,1705.8499999999995,0.7711486840382349,SEMANTIC_REPAIR
arxiv_nomic_100k,0,arxiv_nomic_100k__seed71__natural_source_order,arxiv_nomic_100k__seed71__random,RM-B1,250,6,CERTIFIED,0.008,0.008,0.0,0.02496768176927198,1489.976,1373.5,2102.8999999999996,0.6951568024093231,SEMANTIC_REPAIR
arxiv_nomic_100k,0,arxiv_nomic_100k__seed71__natural_source_order,arxiv_nomic_100k__seed71__random,RM-B2,250,5,CERTIFIED,0.016,0.016,0.0,0.03623796513686767,1118.552,1021.0,1705.8499999999995,0.7711486840382349,SEMANTIC_REPAIR
arxiv_nomic_100k,0,arxiv_nomic_100k__seed71__random,arxiv_nomic_100k__seed43__cluster_block_order,RM-B1,80,7,CERTIFIED,0.0,0.0,0.0,0.011911419714980633,1768.884,1715.0,2363.7,0.6420738335374327,SEMANTIC_REPAIR
arxiv_nomic_100k,0,arxiv_nomic_100k__seed71__random,arxiv_nomic_100k__seed43__cluster_block_order,RM-B2,80,6,CERTIFIED,0.0,0.0,0.0,0.011911419714980633,1416.472,1378.5,1857.1999999999996,0.7133829053450845,SEMANTIC_REPAIR
arxiv_nomic_100k,0,arxiv_nomic_100k__seed71__random,arxiv_nomic_100k__seed43__cluster_block_order,RM-B1,128,7,CERTIFIED,0.0,0.0,0.0,0.011911419714980633,1768.884,1715.0,2363.7,0.6420738335374327,SEMANTIC_REPAIR
arxiv_nomic_100k,0,arxiv_nomic_100k__seed71__random,arxiv_nomic_100k__seed43__cluster_block_order,RM-B2,128,6,CERTIFIED,0.0,0.0,0.0,0.011911419714980633,1416.472,1378.5,1857.1999999999996,0.7133829053450845,SEMANTIC_REPAIR
arxiv_nomic_100k,0,arxiv_nomic_100k__seed71__random,arxiv_nomic_100k__seed43__cluster_block_order,RM-B1,250,6,CERTIFIED,0.0,0.0,0.0,0.011911419714980633,1416.472,1378.5,1857.1999999999996,0.7133829053450845,SEMANTIC_REPAIR
arxiv_nomic_100k,0,arxiv_nomic_100k__seed71__random,arxiv_nomic_100k__seed43__cluster_block_order,RM-B2,250,5,CERTIFIED,0.004,0.004,0.0,0.018833965611186224,1050.548,1011.5,1357.3999999999999,0.7874260729788289,SEMANTIC_REPAIR
arxiv_nomic_100k,0,arxiv_nomic_100k__seed71__random,arxiv_nomic_100k__seed43__natural_source_order,RM-B1,80,7,CERTIFIED,0.004,0.004,0.0,0.018833965611186224,1734.296,1695.0,2253.3999999999996,0.6452517668928703,SEMANTIC_REPAIR
arxiv_nomic_100k,0,arxiv_nomic_100k__seed71__random,arxiv_nomic_100k__seed43__natural_source_order,RM-B2,80,9,CERTIFIED,0.0,0.0,0.0,0.011911419714980633,2936.748,2863.5,3902.2499999999995,0.39929160646112505,SEMANTIC_REPAIR
arxiv_nomic_100k,0,arxiv_nomic_100k__seed71__random,arxiv_nomic_100k__seed43__natural_source_order,RM-B1,128,7,CERTIFIED,0.004,0.004,0.0,0.018833965611186224,1734.296,1695.0,2253.3999999999996,0.6452517668928703,SEMANTIC_REPAIR
arxiv_nomic_100k,0,arxiv_nomic_100k__seed71__random,arxiv_nomic_100k__seed43__natural_source_order,RM-B2,128,7,CERTIFIED,0.004,0.004,0.0,0.018833965611186224,1734.296,1695.0,2253.3999999999996,0.6452517668928703,SEMANTIC_REPAIR
arxiv_nomic_100k,0,arxiv_nomic_100k__seed71__random,arxiv_nomic_100k__seed43__natural_source_order,RM-B1,250,6,CERTIFIED,0.004,0.004,0.0,0.018833965611186224,1388.616,1353.5,1798.6999999999994,0.7159602095234667,SEMANTIC_REPAIR
arxiv_nomic_100k,0,arxiv_nomic_100k__seed71__random,arxiv_nomic_100k__seed43__natural_source_order,RM-B2,250,5,CERTIFIED,0.008,0.008,0.0,0.02496768176927198,1032.336,1001.0,1305.0,0.788836869846392,SEMANTIC_REPAIR
arxiv_nomic_100k,0,arxiv_nomic_100k__seed71__random,arxiv_nomic_100k__seed43__random,RM-B1,80,7,CERTIFIED,0.004,0.004,0.0,0.018833965611186224,1728.728,1689.0,2245.7999999999997,0.6456476055619736,SEMANTIC_REPAIR
arxiv_nomic_100k,0,arxiv_nomic_100k__seed71__random,arxiv_nomic_100k__seed43__random,RM-B2,80,6,CERTIFIED,0.008,0.008,0.0,0.02496768176927198,1388.536,1358.0,1778.7499999999995,0.7153797148172533,SEMANTIC_REPAIR
arxiv_nomic_100k,0,arxiv_nomic_100k__seed71__random,arxiv_nomic_100k__seed43__random,RM-B1,128,7,CERTIFIED,0.004,0.004,0.0,0.018833965611186224,1728.728,1689.0,2245.7999999999997,0.6456476055619736,SEMANTIC_REPAIR
arxiv_nomic_100k,0,arxiv_nomic_100k__seed71__random,arxiv_nomic_100k__seed43__random,RM-B2,128,6,CERTIFIED,0.008,0.008,0.0,0.02496768176927198,1388.536,1358.0,1778.7499999999995,0.7153797148172533,SEMANTIC_REPAIR
arxiv_nomic_100k,0,arxiv_nomic_100k__seed71__random,arxiv_nomic_100k__seed43__random,RM-B1,250,6,CERTIFIED,0.008,0.008,0.0,0.02496768176927198,1388.536,1358.0,1778.7499999999995,0.7153797148172533,SEMANTIC_REPAIR
arxiv_nomic_100k,0,arxiv_nomic_100k__seed71__random,arxiv_nomic_100k__seed43__random,RM-B2,250,6,CERTIFIED,0.008,0.008,0.0,0.02496768176927198,1388.536,1358.0,1778.7499999999995,0.7153797148172533,SEMANTIC_REPAIR
arxiv_nomic_100k,0,arxiv_nomic_100k__seed71__random,arxiv_nomic_100k__seed59__cluster_block_order,RM-B1,80,7,CERTIFIED,0.004,0.004,0.0,0.018833965611186224,1766.044,1729.0,2352.1499999999996,0.6423480178959247,SEMANTIC_REPAIR
arxiv_nomic_100k,0,arxiv_nomic_100k__seed71__random,arxiv_nomic_100k__seed59__cluster_block_order,RM-B2,80,6,CERTIFIED,0.004,0.004,0.0,0.018833965611186224,1415.876,1375.0,1842.9499999999998,0.7132626039817865,SEMANTIC_REPAIR
arxiv_nomic_100k,0,arxiv_nomic_100k__seed71__random,arxiv_nomic_100k__seed59__cluster_block_order,RM-B1,128,7,CERTIFIED,0.004,0.004,0.0,0.018833965611186224,1766.044,1729.0,2352.1499999999996,0.6423480178959247,SEMANTIC_REPAIR
arxiv_nomic_100k,0,arxiv_nomic_100k__seed71__random,arxiv_nomic_100k__seed59__cluster_block_order,RM-B2,128,5,CERTIFIED,0.004,0.004,0.0,0.018833965611186224,1050.648,1018.5,1372.4999999999998,0.7872270794534664,SEMANTIC_REPAIR
arxiv_nomic_100k,0,arxiv_nomic_100k__seed71__random,arxiv_nomic_100k__seed59__cluster_block_order,RM-B1,250,6,CERTIFIED,0.004,0.004,0.0,0.018833965611186224,1415.876,1375.0,1842.9499999999998,0.7132626039817865,SEMANTIC_REPAIR
arxiv_nomic_100k,0,arxiv_nomic_100k__seed71__random,arxiv_nomic_100k__seed59__cluster_block_order,RM-B2,250,5,CERTIFIED,0.004,0.004,0.0,0.018833965611186224,1050.648,1018.5,1372.4999999999998,0.7872270794534664,SEMANTIC_REPAIR
arxiv_nomic_100k,0,arxiv_nomic_100k__seed71__random,arxiv_nomic_100k__seed59__natural_source_order,RM-B1,80,7,CERTIFIED,0.004,0.004,0.0,0.018833965611186224,1752.664,1686.0,2299.999999999999,0.6416365281028817,SEMANTIC_REPAIR
arxiv_nomic_100k,0,arxiv_nomic_100k__seed71__random,arxiv_nomic_100k__seed59__natural_source_order,RM-B2,80,9,CERTIFIED,0.0,0.0,0.0,0.011911419714980633,2952.908,2859.0,3961.799999999999,0.3962251960028985,SEMANTIC_REPAIR
arxiv_nomic_100k,0,arxiv_nomic_100k__seed71__random,arxiv_nomic_100k__seed59__natural_source_order,RM-B1,128,7,CERTIFIED,0.004,0.004,0.0,0.018833965611186224,1752.664,1686.0,2299.999999999999,0.6416365281028817,SEMANTIC_REPAIR
arxiv_nomic_100k,0,arxiv_nomic_100k__seed71__random,arxiv_nomic_100k__seed59__natural_source_order,RM-B2,128,7,CERTIFIED,0.004,0.004,0.0,0.018833965611186224,1752.664,1686.0,2299.999999999999,0.6416365281028817,SEMANTIC_REPAIR
arxiv_nomic_100k,0,arxiv_nomic_100k__seed71__random,arxiv_nomic_100k__seed59__natural_source_order,RM-B1,250,6,CERTIFIED,0.008,0.008,0.0,0.02496768176927198,1407.068,1351.0,1826.0499999999997,0.7122998055101637,SEMANTIC_REPAIR
arxiv_nomic_100k,0,arxiv_nomic_100k__seed71__random,arxiv_nomic_100k__seed59__natural_source_order,RM-B2,250,5,CERTIFIED,0.012,0.012,0.0,0.030720864145366192,1052.58,1008.0,1356.249999999999,0.784781211202222,SEMANTIC_REPAIR
arxiv_nomic_100k,0,arxiv_nomic_100k__seed71__random,arxiv_nomic_100k__seed59__random,RM-B1,80,7,CERTIFIED,0.004,0.004,0.0,0.018833965611186224,1759.024,1678.0,2305.1,0.6395203288087161,SEMANTIC_REPAIR
arxiv_nomic_100k,0,arxiv_nomic_100k__seed71__random,arxiv_nomic_100k__seed59__random,RM-B2,80,6,CERTIFIED,0.008,0.008,0.0,0.02496768176927198,1419.484,1370.0,1844.9999999999995,0.7091028174821443,SEMANTIC_REPAIR
arxiv_nomic_100k,0,arxiv_nomic_100k__seed71__random,arxiv_nomic_100k__seed59__random,RM-B1,128,7,CERTIFIED,0.004,0.004,0.0,0.018833965611186224,1759.024,1678.0,2305.1,0.6395203288087161,SEMANTIC_REPAIR
arxiv_nomic_100k,0,arxiv_nomic_100k__seed71__random,arxiv_nomic_100k__seed59__random,RM-B2,128,6,CERTIFIED,0.008,0.008,0.0,0.02496768176927198,1419.484,1370.0,1844.9999999999995,0.7091028174821443,SEMANTIC_REPAIR
arxiv_nomic_100k,0,arxiv_nomic_100k__seed71__random,arxiv_nomic_100k__seed59__random,RM-B1,250,6,CERTIFIED,0.008,0.008,0.0,0.02496768176927198,1419.484,1370.0,1844.9999999999995,0.7091028174821443,SEMANTIC_REPAIR
arxiv_nomic_100k,0,arxiv_nomic_100k__seed71__random,arxiv_nomic_100k__seed59__random,RM-B2,250,5,CERTIFIED,0.024,0.024,0.0,0.04681743080651248,1066.176,1005.0,1338.5999999999995,0.7815068049600015,SEMANTIC_REPAIR
arxiv_nomic_100k,0,arxiv_nomic_100k__seed71__random,arxiv_nomic_100k__seed71__cluster_block_order,RM-B1,80,7,CERTIFIED,0.004,0.004,0.0,0.018833965611186224,1779.312,1729.5,2368.899999999999,0.640713455516454,SEMANTIC_REPAIR
arxiv_nomic_100k,0,arxiv_nomic_100k__seed71__random,arxiv_nomic_100k__seed71__cluster_block_order,RM-B2,80,6,CERTIFIED,0.004,0.004,0.0,0.018833965611186224,1426.448,1379.5,1867.9499999999998,0.7119653142307447,SEMANTIC_REPAIR
arxiv_nomic_100k,0,arxiv_nomic_100k__seed71__random,arxiv_nomic_100k__seed71__cluster_block_order,RM-B1,128,7,CERTIFIED,0.004,0.004,0.0,0.018833965611186224,1779.312,1729.5,2368.899999999999,0.640713455516454,SEMANTIC_REPAIR
arxiv_nomic_100k,0,arxiv_nomic_100k__seed71__random,arxiv_nomic_100k__seed71__cluster_block_order,RM-B2,128,6,CERTIFIED,0.004,0.004,0.0,0.018833965611186224,1426.448,1379.5,1867.9499999999998,0.7119653142307447,SEMANTIC_REPAIR
arxiv_nomic_100k,0,arxiv_nomic_100k__seed71__random,arxiv_nomic_100k__seed71__cluster_block_order,RM-B1,250,6,CERTIFIED,0.004,0.004,0.0,0.018833965611186224,1426.448,1379.5,1867.9499999999998,0.7119653142307447,SEMANTIC_REPAIR
arxiv_nomic_100k,0,arxiv_nomic_100k__seed71__random,arxiv_nomic_100k__seed71__cluster_block_order,RM-B2,250,5,CERTIFIED,0.008,0.008,0.0,0.02496768176927198,1061.4,1024.0,1352.7499999999995,0.7856774200843721,SEMANTIC_REPAIR
arxiv_nomic_100k,0,arxiv_nomic_100k__seed71__random,arxiv_nomic_100k__seed71__natural_source_order,RM-B1,80,7,CERTIFIED,0.0,0.0,0.0,0.011911419714980633,1748.94,1687.5,2340.5,0.6426872799662655,SEMANTIC_REPAIR
arxiv_nomic_100k,0,arxiv_nomic_100k__seed71__random,arxiv_nomic_100k__seed71__natural_source_order,RM-B2,80,7,CERTIFIED,0.0,0.0,0.0,0.011911419714980633,1748.94,1687.5,2340.5,0.6426872799662655,SEMANTIC_REPAIR
arxiv_nomic_100k,0,arxiv_nomic_100k__seed71__random,arxiv_nomic_100k__seed71__natural_source_order,RM-B1,128,7,CERTIFIED,0.0,0.0,0.0,0.011911419714980633,1748.94,1687.5,2340.5,0.6426872799662655,SEMANTIC_REPAIR
arxiv_nomic_100k,0,arxiv_nomic_100k__seed71__random,arxiv_nomic_100k__seed71__natural_source_order,RM-B2,128,6,CERTIFIED,0.0,0.0,0.0,0.011911419714980633,1400.544,1365.0,1832.6499999999999,0.7138654349680797,SEMANTIC_REPAIR
arxiv_nomic_100k,0,arxiv_nomic_100k__seed71__random,arxiv_nomic_100k__seed71__natural_source_order,RM-B1,250,6,CERTIFIED,0.0,0.0,0.0,0.011911419714980633,1400.544,1365.0,1832.6499999999999,0.7138654349680797,SEMANTIC_REPAIR
arxiv_nomic_100k,0,arxiv_nomic_100k__seed71__random,arxiv_nomic_100k__seed71__natural_source_order,RM-B2,250,5,CERTIFIED,0.008,0.008,0.0,0.02496768176927198,1044.364,1008.5,1374.7999999999993,0.7866338802101209,SEMANTIC_REPAIR
arxiv_nomic_100k,1,arxiv_nomic_100k__seed43__cluster_block_order,arxiv_nomic_100k__seed43__natural_source_order,RM-B1,80,5,CERTIFIED,0.0,0.0,0.0,0.011911419714980633,1086.372,1004.5,1361.1,0.7761473772879341,SEMANTIC_REPAIR
arxiv_nomic_100k,1,arxiv_nomic_100k__seed43__cluster_block_order,arxiv_nomic_100k__seed43__natural_source_order,RM-B2,80,4,CERTIFIED,0.024,0.024,0.0,0.04681743080651248,877.752,817.5,1081.6499999999996,0.8191346175244196,SEMANTIC_REPAIR
arxiv_nomic_100k,1,arxiv_nomic_100k__seed43__cluster_block_order,arxiv_nomic_100k__seed43__natural_source_order,RM-B1,128,4,CERTIFIED,0.024,0.024,0.0,0.04681743080651248,877.752,817.5,1081.6499999999996,0.8191346175244196,SEMANTIC_REPAIR
arxiv_nomic_100k,1,arxiv_nomic_100k__seed43__cluster_block_order,arxiv_nomic_100k__seed43__natural_source_order,RM-B2,128,4,CERTIFIED,0.024,0.024,0.0,0.04681743080651248,877.752,817.5,1081.6499999999996,0.8191346175244196,SEMANTIC_REPAIR
arxiv_nomic_100k,1,arxiv_nomic_100k__seed43__cluster_block_order,arxiv_nomic_100k__seed43__natural_source_order,RM-B1,250,4,CERTIFIED,0.024,0.024,0.0,0.04681743080651248,877.752,817.5,1081.6499999999996,0.8191346175244196,SEMANTIC_REPAIR
arxiv_nomic_100k,1,arxiv_nomic_100k__seed43__cluster_block_order,arxiv_nomic_100k__seed43__natural_source_order,RM-B2,250,4,CERTIFIED,0.024,0.024,0.0,0.04681743080651248,877.752,817.5,1081.6499999999996,0.8191346175244196,SEMANTIC_REPAIR
arxiv_nomic_100k,1,arxiv_nomic_100k__seed43__cluster_block_order,arxiv_nomic_100k__seed43__random,RM-B1,80,5,CERTIFIED,0.012,0.012,0.0,0.030720864145366192,1089.676,1006.5,1367.3499999999997,0.7753452876930131,SEMANTIC_REPAIR
arxiv_nomic_100k,1,arxiv_nomic_100k__seed43__cluster_block_order,arxiv_nomic_100k__seed43__random,RM-B2,80,6,CERTIFIED,0.004,0.004,0.0,0.018833965611186224,1475.232,1355.5,1796.1999999999996,0.6958565476838429,SEMANTIC_REPAIR
arxiv_nomic_100k,1,arxiv_nomic_100k__seed43__cluster_block_order,arxiv_nomic_100k__seed43__random,RM-B1,128,4,CERTIFIED,0.02,0.02,0.0,0.04158982878282098,881.848,816.5,1105.1999999999996,0.8181924638713785,SEMANTIC_REPAIR
arxiv_nomic_100k,1,arxiv_nomic_100k__seed43__cluster_block_order,arxiv_nomic_100k__seed43__random,RM-B2,128,6,CERTIFIED,0.004,0.004,0.0,0.018833965611186224,1475.232,1355.5,1796.1999999999996,0.6958565476838429,SEMANTIC_REPAIR
arxiv_nomic_100k,1,arxiv_nomic_100k__seed43__cluster_block_order,arxiv_nomic_100k__seed43__random,RM-B1,250,4,CERTIFIED,0.02,0.02,0.0,0.04158982878282098,881.848,816.5,1105.1999999999996,0.8181924638713785,SEMANTIC_REPAIR
arxiv_nomic_100k,1,arxiv_nomic_100k__seed43__cluster_block_order,arxiv_nomic_100k__seed43__random,RM-B2,250,6,CERTIFIED,0.004,0.004,0.0,0.018833965611186224,1475.232,1355.5,1796.1999999999996,0.6958565476838429,SEMANTIC_REPAIR
arxiv_nomic_100k,1,arxiv_nomic_100k__seed43__cluster_block_order,arxiv_nomic_100k__seed59__cluster_block_order,RM-B1,80,5,CERTIFIED,0.008,0.008,0.0,0.02496768176927198,1070.456,1024.0,1352.6499999999999,0.781906700720909,SEMANTIC_REPAIR
arxiv_nomic_100k,1,arxiv_nomic_100k__seed43__cluster_block_order,arxiv_nomic_100k__seed59__cluster_block_order,RM-B2,80,3,CERTIFIED,0.056,0.056,0.0,0.08616164215725003,652.348,619.0,825.1999999999999,0.8670914754103705,SEMANTIC_REPAIR
arxiv_nomic_100k,1,arxiv_nomic_100k__seed43__cluster_block_order,arxiv_nomic_100k__seed59__cluster_block_order,RM-B1,128,4,CERTIFIED,0.024,0.024,0.0,0.04681743080651248,866.884,832.0,1096.85,0.8233821925868456,SEMANTIC_REPAIR
arxiv_nomic_100k,1,arxiv_nomic_100k__seed43__cluster_block_order,arxiv_nomic_100k__seed59__cluster_block_order,RM-B2,128,4,CERTIFIED,0.024,0.024,0.0,0.04681743080651248,866.884,832.0,1096.85,0.8233821925868456,SEMANTIC_REPAIR
arxiv_nomic_100k,1,arxiv_nomic_100k__seed43__cluster_block_order,arxiv_nomic_100k__seed59__cluster_block_order,RM-B1,250,4,CERTIFIED,0.024,0.024,0.0,0.04681743080651248,866.884,832.0,1096.85,0.8233821925868456,SEMANTIC_REPAIR
arxiv_nomic_100k,1,arxiv_nomic_100k__seed43__cluster_block_order,arxiv_nomic_100k__seed59__cluster_block_order,RM-B2,250,4,CERTIFIED,0.024,0.024,0.0,0.04681743080651248,866.884,832.0,1096.85,0.8233821925868456,SEMANTIC_REPAIR
arxiv_nomic_100k,1,arxiv_nomic_100k__seed43__cluster_block_order,arxiv_nomic_100k__seed59__natural_source_order,RM-B1,80,5,CERTIFIED,0.0,0.0,0.0,0.011911419714980633,1091.212,1007.0,1344.3499999999997,0.775178606600677,SEMANTIC_REPAIR
arxiv_nomic_100k,1,arxiv_nomic_100k__seed43__cluster_block_order,arxiv_nomic_100k__seed59__natural_source_order,RM-B2,80,7,CERTIFIED,0.0,0.0,0.0,0.011911419714980633,1827.44,1707.5,2324.2,0.6234942365427992,SEMANTIC_REPAIR
arxiv_nomic_100k,1,arxiv_nomic_100k__seed43__cluster_block_order,arxiv_nomic_100k__seed59__natural_source_order,RM-B1,128,4,CERTIFIED,0.02,0.02,0.0,0.04158982878282098,881.984,812.5,1066.3,0.8182856568330366,SEMANTIC_REPAIR
arxiv_nomic_100k,1,arxiv_nomic_100k__seed43__cluster_block_order,arxiv_nomic_100k__seed59__natural_source_order,RM-B2,128,7,CERTIFIED,0.0,0.0,0.0,0.011911419714980633,1827.44,1707.5,2324.2,0.6234942365427992,SEMANTIC_REPAIR
arxiv_nomic_100k,1,arxiv_nomic_100k__seed43__cluster_block_order,arxiv_nomic_100k__seed59__natural_source_order,RM-B1,250,4,CERTIFIED,0.02,0.02,0.0,0.04158982878282098,881.984,812.5,1066.3,0.8182856568330366,SEMANTIC_REPAIR
arxiv_nomic_100k,1,arxiv_nomic_100k__seed43__cluster_block_order,arxiv_nomic_100k__seed59__natural_source_order,RM-B2,250,4,CERTIFIED,0.02,0.02,0.0,0.04158982878282098,881.984,812.5,1066.3,0.8182856568330366,SEMANTIC_REPAIR
arxiv_nomic_100k,1,arxiv_nomic_100k__seed43__cluster_block_order,arxiv_nomic_100k__seed59__random,RM-B1,80,5,CERTIFIED,0.012,0.012,0.0,0.030720864145366192,1091.76,1009.0,1345.6999999999994,0.774814242788759,SEMANTIC_REPAIR
arxiv_nomic_100k,1,arxiv_nomic_100k__seed43__cluster_block_order,arxiv_nomic_100k__seed59__random,RM-B2,80,6,CERTIFIED,0.004,0.004,0.0,0.018833965611186224,1476.552,1356.0,1842.5999999999988,0.6954472776234958,SEMANTIC_REPAIR
arxiv_nomic_100k,1,arxiv_nomic_100k__seed43__cluster_block_order,arxiv_nomic_100k__seed59__random,RM-B1,128,4,CERTIFIED,0.024,0.024,0.0,0.04681743080651248,883.352,811.0,1102.3999999999996,0.8178003508059792,SEMANTIC_REPAIR
arxiv_nomic_100k,1,arxiv_nomic_100k__seed43__cluster_block_order,arxiv_nomic_100k__seed59__random,RM-B2,128,5,CERTIFIED,0.012,0.012,0.0,0.030720864145366192,1091.76,1009.0,1345.6999999999994,0.774814242788759,SEMANTIC_REPAIR
arxiv_nomic_100k,1,arxiv_nomic_100k__seed43__cluster_block_order,arxiv_nomic_100k__seed59__random,RM-B1,250,4,CERTIFIED,0.024,0.024,0.0,0.04681743080651248,883.352,811.0,1102.3999999999996,0.8178003508059792,SEMANTIC_REPAIR
arxiv_nomic_100k,1,arxiv_nomic_100k__seed43__cluster_block_order,arxiv_nomic_100k__seed59__random,RM-B2,250,6,CERTIFIED,0.004,0.004,0.0,0.018833965611186224,1476.552,1356.0,1842.5999999999988,0.6954472776234958,SEMANTIC_REPAIR
arxiv_nomic_100k,1,arxiv_nomic_100k__seed43__cluster_block_order,arxiv_nomic_100k__seed71__cluster_block_order,RM-B1,80,5,CERTIFIED,0.008,0.008,0.0,0.02496768176927198,1095.192,1040.0,1383.3999999999999,0.7775479396628908,SEMANTIC_REPAIR
arxiv_nomic_100k,1,arxiv_nomic_100k__seed43__cluster_block_order,arxiv_nomic_100k__seed71__cluster_block_order,RM-B2,80,6,CERTIFIED,0.004,0.004,0.0,0.018833965611186224,1476.2,1399.5,1881.8999999999994,0.7001587562092852,SEMANTIC_REPAIR
arxiv_nomic_100k,1,arxiv_nomic_100k__seed43__cluster_block_order,arxiv_nomic_100k__seed71__cluster_block_order,RM-B1,128,4,CERTIFIED,0.024,0.024,0.0,0.04681743080651248,889.424,842.5,1116.0,0.8193429085372492,SEMANTIC_REPAIR
arxiv_nomic_100k,1,arxiv_nomic_100k__seed43__cluster_block_order,arxiv_nomic_100k__seed71__cluster_block_order,RM-B2,128,4,CERTIFIED,0.024,0.024,0.0,0.04681743080651248,889.424,842.5,1116.0,0.8193429085372492,SEMANTIC_REPAIR
arxiv_nomic_100k,1,arxiv_nomic_100k__seed43__cluster_block_order,arxiv_nomic_100k__seed71__cluster_block_order,RM-B1,250,4,CERTIFIED,0.024,0.024,0.0,0.04681743080651248,889.424,842.5,1116.0,0.8193429085372492,SEMANTIC_REPAIR
arxiv_nomic_100k,1,arxiv_nomic_100k__seed43__cluster_block_order,arxiv_nomic_100k__seed71__cluster_block_order,RM-B2,250,4,CERTIFIED,0.024,0.024,0.0,0.04681743080651248,889.424,842.5,1116.0,0.8193429085372492,SEMANTIC_REPAIR
arxiv_nomic_100k,1,arxiv_nomic_100k__seed43__cluster_block_order,arxiv_nomic_100k__seed71__natural_source_order,RM-B1,80,5,CERTIFIED,0.0,0.0,0.0,0.011911419714980633,1090.968,1011.0,1321.1999999999998,0.7755863723655824,SEMANTIC_REPAIR
arxiv_nomic_100k,1,arxiv_nomic_100k__seed43__cluster_block_order,arxiv_nomic_100k__seed71__natural_source_order,RM-B2,80,4,CERTIFIED,0.028,0.028,0.0,0.05194700438197347,884.552,829.5,1073.1,0.8180464292708133,SEMANTIC_REPAIR
arxiv_nomic_100k,1,arxiv_nomic_100k__seed43__cluster_block_order,arxiv_nomic_100k__seed71__natural_source_order,RM-B1,128,4,CERTIFIED,0.028,0.028,0.0,0.05194700438197347,884.552,829.5,1073.1,0.8180464292708133,SEMANTIC_REPAIR
arxiv_nomic_100k,1,arxiv_nomic_100k__seed43__cluster_block_order,arxiv_nomic_100k__seed71__natural_source_order,RM-B2,128,4,CERTIFIED,0.028,0.028,0.0,0.05194700438197347,884.552,829.5,1073.1,0.8180464292708133,SEMANTIC_REPAIR
arxiv_nomic_100k,1,arxiv_nomic_100k__seed43__cluster_block_order,arxiv_nomic_100k__seed71__natural_source_order,RM-B1,250,4,CERTIFIED,0.028,0.028,0.0,0.05194700438197347,884.552,829.5,1073.1,0.8180464292708133,SEMANTIC_REPAIR
arxiv_nomic_100k,1,arxiv_nomic_100k__seed43__cluster_block_order,arxiv_nomic_100k__seed71__natural_source_order,RM-B2,250,4,CERTIFIED,0.028,0.028,0.0,0.05194700438197347,884.552,829.5,1073.1,0.8180464292708133,SEMANTIC_REPAIR
arxiv_nomic_100k,1,arxiv_nomic_100k__seed43__cluster_block_order,arxiv_nomic_100k__seed71__random,RM-B1,80,5,CERTIFIED,0.012,0.012,0.0,0.030720864145366192,1078.788,1010.0,1344.5499999999997,0.7778036840344775,SEMANTIC_REPAIR
arxiv_nomic_100k,1,arxiv_nomic_100k__seed43__cluster_block_order,arxiv_nomic_100k__seed71__random,RM-B2,80,6,CERTIFIED,0.004,0.004,0.0,0.018833965611186224,1455.572,1350.0,1789.75,0.7001980592826695,SEMANTIC_REPAIR
arxiv_nomic_100k,1,arxiv_nomic_100k__seed43__cluster_block_order,arxiv_nomic_100k__seed71__random,RM-B1,128,4,CERTIFIED,0.028,0.028,0.0,0.05194700438197347,874.204,814.0,1064.6,0.8199415379089092,SEMANTIC_REPAIR
arxiv_nomic_100k,1,arxiv_nomic_100k__seed43__cluster_block_order,arxiv_nomic_100k__seed71__random,RM-B2,128,5,CERTIFIED,0.012,0.012,0.0,0.030720864145366192,1078.788,1010.0,1344.5499999999997,0.7778036840344775,SEMANTIC_REPAIR
arxiv_nomic_100k,1,arxiv_nomic_100k__seed43__cluster_block_order,arxiv_nomic_100k__seed71__random,RM-B1,250,4,CERTIFIED,0.028,0.028,0.0,0.05194700438197347,874.204,814.0,1064.6,0.8199415379089092,SEMANTIC_REPAIR
arxiv_nomic_100k,1,arxiv_nomic_100k__seed43__cluster_block_order,arxiv_nomic_100k__seed71__random,RM-B2,250,5,CERTIFIED,0.012,0.012,0.0,0.030720864145366192,1078.788,1010.0,1344.5499999999997,0.7778036840344775,SEMANTIC_REPAIR
arxiv_nomic_100k,1,arxiv_nomic_100k__seed43__natural_source_order,arxiv_nomic_100k__seed43__cluster_block_order,RM-B1,80,8,CERTIFIED,0.0,0.0,0.0,0.011911419714980633,2586.156,2394.5,4671.399999999993,0.4735208783405792,SEMANTIC_REPAIR
arxiv_nomic_100k,1,arxiv_nomic_100k__seed43__natural_source_order,arxiv_nomic_100k__seed43__cluster_block_order,RM-B2,80,5,CERTIFIED,0.008,0.008,0.0,0.02496768176927198,1150.204,1049.5,2061.649999999997,0.7658461470811689,SEMANTIC_REPAIR
arxiv_nomic_100k,1,arxiv_nomic_100k__seed43__natural_source_order,arxiv_nomic_100k__seed43__cluster_block_order,RM-B1,128,5,CERTIFIED,0.008,0.008,0.0,0.02496768176927198,1150.204,1049.5,2061.649999999997,0.7658461470811689,SEMANTIC_REPAIR
arxiv_nomic_100k,1,arxiv_nomic_100k__seed43__natural_source_order,arxiv_nomic_100k__seed43__cluster_block_order,RM-B2,128,5,CERTIFIED,0.008,0.008,0.0,0.02496768176927198,1150.204,1049.5,2061.649999999997,0.7658461470811689,SEMANTIC_REPAIR
arxiv_nomic_100k,1,arxiv_nomic_100k__seed43__natural_source_order,arxiv_nomic_100k__seed43__cluster_block_order,RM-B1,250,4,CERTIFIED,0.012,0.012,0.0,0.030720864145366192,912.748,848.5,1445.049999999999,0.8141864739264015,SEMANTIC_REPAIR
arxiv_nomic_100k,1,arxiv_nomic_100k__seed43__natural_source_order,arxiv_nomic_100k__seed43__cluster_block_order,RM-B2,250,4,CERTIFIED,0.012,0.012,0.0,0.030720864145366192,912.748,848.5,1445.049999999999,0.8141864739264015,SEMANTIC_REPAIR
arxiv_nomic_100k,1,arxiv_nomic_100k__seed43__natural_source_order,arxiv_nomic_100k__seed43__random,RM-B1,80,8,CERTIFIED,0.0,0.0,0.0,0.011911419714980633,2517.036,2360.0,3672.45,0.4810714391742783,SEMANTIC_REPAIR
arxiv_nomic_100k,1,arxiv_nomic_100k__seed43__natural_source_order,arxiv_nomic_100k__seed43__random,RM-B2,80,4,CERTIFIED,0.02,0.02,0.0,0.04158982878282098,885.248,832.0,1237.4999999999998,0.8174914976925842,SEMANTIC_REPAIR
arxiv_nomic_100k,1,arxiv_nomic_100k__seed43__natural_source_order,arxiv_nomic_100k__seed43__random,RM-B1,128,5,CERTIFIED,0.012,0.012,0.0,0.030720864145366192,1116.252,1019.5,1709.9499999999996,0.7698662061731205,SEMANTIC_REPAIR
arxiv_nomic_100k,1,arxiv_nomic_100k__seed43__natural_source_order,arxiv_nomic_100k__seed43__random,RM-B2,128,4,CERTIFIED,0.02,0.02,0.0,0.04158982878282098,885.248,832.0,1237.4999999999998,0.8174914976925842,SEMANTIC_REPAIR
arxiv_nomic_100k,1,arxiv_nomic_100k__seed43__natural_source_order,arxiv_nomic_100k__seed43__random,RM-B1,250,4,CERTIFIED,0.02,0.02,0.0,0.04158982878282098,885.248,832.0,1237.4999999999998,0.8174914976925842,SEMANTIC_REPAIR
arxiv_nomic_100k,1,arxiv_nomic_100k__seed43__natural_source_order,arxiv_nomic_100k__seed43__random,RM-B2,250,4,CERTIFIED,0.02,0.02,0.0,0.04158982878282098,885.248,832.0,1237.4999999999998,0.8174914976925842,SEMANTIC_REPAIR
arxiv_nomic_100k,1,arxiv_nomic_100k__seed43__natural_source_order,arxiv_nomic_100k__seed59__cluster_block_order,RM-B1,80,8,CERTIFIED,0.0,0.0,0.0,0.011911419714980633,2531.4,2376.5,3774.7999999999975,0.4842558892704687,SEMANTIC_REPAIR
arxiv_nomic_100k,1,arxiv_nomic_100k__seed43__natural_source_order,arxiv_nomic_100k__seed59__cluster_block_order,RM-B2,80,3,CERTIFIED,0.048,0.048,0.0,0.07661134159084108,681.452,631.5,1019.5499999999996,0.8611618646816542,SEMANTIC_REPAIR
arxiv_nomic_100k,1,arxiv_nomic_100k__seed43__natural_source_order,arxiv_nomic_100k__seed59__cluster_block_order,RM-B1,128,5,CERTIFIED,0.008,0.008,0.0,0.02496768176927198,1122.98,1040.0,1786.449999999999,0.7712055299569215,SEMANTIC_REPAIR
arxiv_nomic_100k,1,arxiv_nomic_100k__seed43__natural_source_order,arxiv_nomic_100k__seed59__cluster_block_order,RM-B2,128,4,CERTIFIED,0.016,0.016,0.0,0.03623796513686767,894.156,838.5,1293.0999999999992,0.8178258311315972,SEMANTIC_REPAIR
arxiv_nomic_100k,1,arxiv_nomic_100k__seed43__natural_source_order,arxiv_nomic_100k__seed59__cluster_block_order,RM-B1,250,4,CERTIFIED,0.016,0.016,0.0,0.03623796513686767,894.156,838.5,1293.0999999999992,0.8178258311315972,SEMANTIC_REPAIR
arxiv_nomic_100k,1,arxiv_nomic_100k__seed43__natural_source_order,arxiv_nomic_100k__seed59__cluster_block_order,RM-B2,250,4,CERTIFIED,0.016,0.016,0.0,0.03623796513686767,894.156,838.5,1293.0999999999992,0.8178258311315972,SEMANTIC_REPAIR
arxiv_nomic_100k,1,arxiv_nomic_100k__seed43__natural_source_order,arxiv_nomic_100k__seed59__natural_source_order,RM-B1,80,8,CERTIFIED,0.0,0.0,0.0,0.011911419714980633,2530.98,2361.5,4297.54999999998,0.478544544721082,SEMANTIC_REPAIR
arxiv_nomic_100k,1,arxiv_nomic_100k__seed43__natural_source_order,arxiv_nomic_100k__seed59__natural_source_order,RM-B2,80,6,CERTIFIED,0.0,0.0,0.0,0.011911419714980633,1498.984,1394.0,2589.4999999999877,0.6911657207185306,SEMANTIC_REPAIR
arxiv_nomic_100k,1,arxiv_nomic_100k__seed43__natural_source_order,arxiv_nomic_100k__seed59__natural_source_order,RM-B1,128,5,CERTIFIED,0.0,0.0,0.0,0.011911419714980633,1130.124,1025.0,2055.8499999999904,0.7671616034335981,SEMANTIC_REPAIR
arxiv_nomic_100k,1,arxiv_nomic_100k__seed43__natural_source_order,arxiv_nomic_100k__seed59__natural_source_order,RM-B2,128,6,CERTIFIED,0.0,0.0,0.0,0.011911419714980633,1498.984,1394.0,2589.4999999999877,0.6911657207185306,SEMANTIC_REPAIR
arxiv_nomic_100k,1,arxiv_nomic_100k__seed43__natural_source_order,arxiv_nomic_100k__seed59__natural_source_order,RM-B1,250,4,CERTIFIED,0.016,0.016,0.0,0.03623796513686767,896.52,821.0,1489.8999999999928,0.8152908182732951,SEMANTIC_REPAIR
arxiv_nomic_100k,1,arxiv_nomic_100k__seed43__natural_source_order,arxiv_nomic_100k__seed59__natural_source_order,RM-B2,250,4,CERTIFIED,0.016,0.016,0.0,0.03623796513686767,896.52,821.0,1489.8999999999928,0.8152908182732951,SEMANTIC_REPAIR
arxiv_nomic_100k,1,arxiv_nomic_100k__seed43__natural_source_order,arxiv_nomic_100k__seed59__random,RM-B1,80,8,CERTIFIED,0.0,0.0,0.0,0.011911419714980633,2529.98,2357.0,4833.349999999999,0.4781678555458201,SEMANTIC_REPAIR
arxiv_nomic_100k,1,arxiv_nomic_100k__seed43__natural_source_order,arxiv_nomic_100k__seed59__random,RM-B2,80,6,CERTIFIED,0.004,0.004,0.0,0.018833965611186224,1494.764,1362.0,2894.7499999999995,0.6916908815196532,SEMANTIC_REPAIR
arxiv_nomic_100k,1,arxiv_nomic_100k__seed43__natural_source_order,arxiv_nomic_100k__seed59__random,RM-B1,128,5,CERTIFIED,0.012,0.012,0.0,0.030720864145366192,1123.392,1012.5,2065.699999999999,0.7682898456024672,SEMANTIC_REPAIR
arxiv_nomic_100k,1,arxiv_nomic_100k__seed43__natural_source_order,arxiv_nomic_100k__seed59__random,RM-B2,128,4,CERTIFIED,0.024,0.024,0.0,0.04681743080651248,892.392,814.0,1652.6499999999996,0.8159357658741355,SEMANTIC_REPAIR
arxiv_nomic_100k,1,arxiv_nomic_100k__seed43__natural_source_order,arxiv_nomic_100k__seed59__random,RM-B1,250,4,CERTIFIED,0.024,0.024,0.0,0.04681743080651248,892.392,814.0,1652.6499999999996,0.8159357658741355,SEMANTIC_REPAIR
arxiv_nomic_100k,1,arxiv_nomic_100k__seed43__natural_source_order,arxiv_nomic_100k__seed59__random,RM-B2,250,4,CERTIFIED,0.024,0.024,0.0,0.04681743080651248,892.392,814.0,1652.6499999999996,0.8159357658741355,SEMANTIC_REPAIR
arxiv_nomic_100k,1,arxiv_nomic_100k__seed43__natural_source_order,arxiv_nomic_100k__seed71__cluster_block_order,RM-B1,80,8,CERTIFIED,0.0,0.0,0.0,0.011911419714980633,2609.8,2415.0,4885.649999999998,0.4699053799993175,SEMANTIC_REPAIR
arxiv_nomic_100k,1,arxiv_nomic_100k__seed43__natural_source_order,arxiv_nomic_100k__seed71__cluster_block_order,RM-B2,80,5,CERTIFIED,0.008,0.008,0.0,0.02496768176927198,1165.612,1060.0,2236.5499999999975,0.7632444439389089,SEMANTIC_REPAIR
arxiv_nomic_100k,1,arxiv_nomic_100k__seed43__natural_source_order,arxiv_nomic_100k__seed71__cluster_block_order,RM-B1,128,5,CERTIFIED,0.008,0.008,0.0,0.02496768176927198,1165.612,1060.0,2236.5499999999975,0.7632444439389089,SEMANTIC_REPAIR
arxiv_nomic_100k,1,arxiv_nomic_100k__seed43__natural_source_order,arxiv_nomic_100k__seed71__cluster_block_order,RM-B2,128,4,CERTIFIED,0.016,0.016,0.0,0.03623796513686767,928.704,857.5,1751.7999999999993,0.8113644746826907,SEMANTIC_REPAIR
arxiv_nomic_100k,1,arxiv_nomic_100k__seed43__natural_source_order,arxiv_nomic_100k__seed71__cluster_block_order,RM-B1,250,4,CERTIFIED,0.016,0.016,0.0,0.03623796513686767,928.704,857.5,1751.7999999999993,0.8113644746826907,SEMANTIC_REPAIR
arxiv_nomic_100k,1,arxiv_nomic_100k__seed43__natural_source_order,arxiv_nomic_100k__seed71__cluster_block_order,RM-B2,250,4,CERTIFIED,0.016,0.016,0.0,0.03623796513686767,928.704,857.5,1751.7999999999993,0.8113644746826907,SEMANTIC_REPAIR
arxiv_nomic_100k,1,arxiv_nomic_100k__seed43__natural_source_order,arxiv_nomic_100k__seed71__natural_source_order,RM-B1,80,8,CERTIFIED,0.0,0.0,0.0,0.011911419714980633,2524.192,2372.0,3605.1499999999987,0.4807702118066012,SEMANTIC_REPAIR
arxiv_nomic_100k,1,arxiv_nomic_100k__seed43__natural_source_order,arxiv_nomic_100k__seed71__natural_source_order,RM-B2,80,4,CERTIFIED,0.016,0.016,0.0,0.03623796513686767,895.988,838.5,1246.1499999999987,0.8156940282419772,SEMANTIC_REPAIR
arxiv_nomic_100k,1,arxiv_nomic_100k__seed43__natural_source_order,arxiv_nomic_100k__seed71__natural_source_order,RM-B1,128,5,CERTIFIED,0.0,0.0,0.0,0.011911419714980633,1128.676,1037.0,1767.549999999998,0.7678297845730544,SEMANTIC_REPAIR
arxiv_nomic_100k,1,arxiv_nomic_100k__seed43__natural_source_order,arxiv_nomic_100k__seed71__natural_source_order,RM-B2,128,4,CERTIFIED,0.016,0.016,0.0,0.03623796513686767,895.988,838.5,1246.1499999999987,0.8156940282419772,SEMANTIC_REPAIR
arxiv_nomic_100k,1,arxiv_nomic_100k__seed43__natural_source_order,arxiv_nomic_100k__seed71__natural_source_order,RM-B1,250,4,CERTIFIED,0.016,0.016,0.0,0.03623796513686767,895.988,838.5,1246.1499999999987,0.8156940282419772,SEMANTIC_REPAIR
arxiv_nomic_100k,1,arxiv_nomic_100k__seed43__natural_source_order,arxiv_nomic_100k__seed71__natural_source_order,RM-B2,250,4,CERTIFIED,0.016,0.016,0.0,0.03623796513686767,895.988,838.5,1246.1499999999987,0.8156940282419772,SEMANTIC_REPAIR
arxiv_nomic_100k,1,arxiv_nomic_100k__seed43__natural_source_order,arxiv_nomic_100k__seed71__random,RM-B1,80,8,CERTIFIED,0.0,0.0,0.0,0.011911419714980633,2501.428,2353.0,3674.65,0.4847846970368552,SEMANTIC_REPAIR
arxiv_nomic_100k,1,arxiv_nomic_100k__seed43__natural_source_order,arxiv_nomic_100k__seed71__random,RM-B2,80,5,CERTIFIED,0.012,0.012,0.0,0.030720864145366192,1114.9,1020.0,1695.6499999999999,0.7703657505738282,SEMANTIC_REPAIR
arxiv_nomic_100k,1,arxiv_nomic_100k__seed43__natural_source_order,arxiv_nomic_100k__seed71__random,RM-B1,128,5,CERTIFIED,0.012,0.012,0.0,0.030720864145366192,1114.9,1020.0,1695.6499999999999,0.7703657505738282,SEMANTIC_REPAIR
arxiv_nomic_100k,1,arxiv_nomic_100k__seed43__natural_source_order,arxiv_nomic_100k__seed71__random,RM-B2,128,4,CERTIFIED,0.028,0.028,0.0,0.05194700438197347,884.404,825.0,1241.4999999999995,0.8178406594945699,SEMANTIC_REPAIR
arxiv_nomic_100k,1,arxiv_nomic_100k__seed43__natural_source_order,arxiv_nomic_100k__seed71__random,RM-B1,250,4,CERTIFIED,0.028,0.028,0.0,0.05194700438197347,884.404,825.0,1241.4999999999995,0.8178406594945699,SEMANTIC_REPAIR
arxiv_nomic_100k,1,arxiv_nomic_100k__seed43__natural_source_order,arxiv_nomic_100k__seed71__random,RM-B2,250,4,CERTIFIED,0.028,0.028,0.0,0.05194700438197347,884.404,825.0,1241.4999999999995,0.8178406594945699,SEMANTIC_REPAIR
arxiv_nomic_100k,1,arxiv_nomic_100k__seed43__random,arxiv_nomic_100k__seed43__cluster_block_order,RM-B1,80,6,CERTIFIED,0.004,0.004,0.0,0.018833965611186224,1478.112,1394.0,2163.7999999999993,0.6990919699065912,SEMANTIC_REPAIR
arxiv_nomic_100k,1,arxiv_nomic_100k__seed43__random,arxiv_nomic_100k__seed43__cluster_block_order,RM-B2,80,6,CERTIFIED,0.004,0.004,0.0,0.018833965611186224,1478.112,1394.0,2163.7999999999993,0.6990919699065912,SEMANTIC_REPAIR
arxiv_nomic_100k,1,arxiv_nomic_100k__seed43__random,arxiv_nomic_100k__seed43__cluster_block_order,RM-B1,128,5,CERTIFIED,0.008,0.008,0.0,0.02496768176927198,1099.956,1039.0,1717.0,0.7760754305834567,SEMANTIC_REPAIR
arxiv_nomic_100k,1,arxiv_nomic_100k__seed43__random,arxiv_nomic_100k__seed43__cluster_block_order,RM-B2,128,4,CERTIFIED,0.012,0.012,0.0,0.030720864145366192,883.956,841.5,1246.7499999999995,0.8200478322013154,SEMANTIC_REPAIR
arxiv_nomic_100k,1,arxiv_nomic_100k__seed43__random,arxiv_nomic_100k__seed43__cluster_block_order,RM-B1,250,5,CERTIFIED,0.008,0.008,0.0,0.02496768176927198,1099.956,1039.0,1717.0,0.7760754305834567,SEMANTIC_REPAIR
arxiv_nomic_100k,1,arxiv_nomic_100k__seed43__random,arxiv_nomic_100k__seed43__cluster_block_order,RM-B2,250,4,CERTIFIED,0.012,0.012,0.0,0.030720864145366192,883.956,841.5,1246.7499999999995,0.8200478322013154,SEMANTIC_REPAIR
arxiv_nomic_100k,1,arxiv_nomic_100k__seed43__random,arxiv_nomic_100k__seed43__natural_source_order,RM-B1,80,6,CERTIFIED,0.0,0.0,0.0,0.011911419714980633,1453.212,1382.5,1883.75,0.700558079960965,SEMANTIC_REPAIR
arxiv_nomic_100k,1,arxiv_nomic_100k__seed43__random,arxiv_nomic_100k__seed43__natural_source_order,RM-B2,80,3,CERTIFIED,0.056,0.056,0.0,0.08616164215725003,656.744,619.5,900.3499999999993,0.8646744698405215,SEMANTIC_REPAIR
arxiv_nomic_100k,1,arxiv_nomic_100k__seed43__random,arxiv_nomic_100k__seed43__natural_source_order,RM-B1,128,5,CERTIFIED,0.0,0.0,0.0,0.011911419714980633,1080.488,1009.5,1466.449999999999,0.7773598062091855,SEMANTIC_REPAIR
arxiv_nomic_100k,1,arxiv_nomic_100k__seed43__random,arxiv_nomic_100k__seed43__natural_source_order,RM-B2,128,4,CERTIFIED,0.024,0.024,0.0,0.04681743080651248,868.832,818.5,1137.1999999999994,0.820972630097085,SEMANTIC_REPAIR
arxiv_nomic_100k,1,arxiv_nomic_100k__seed43__random,arxiv_nomic_100k__seed43__natural_source_order,RM-B1,250,5,CERTIFIED,0.0,0.0,0.0,0.011911419714980633,1080.488,1009.5,1466.449999999999,0.7773598062091855,SEMANTIC_REPAIR
arxiv_nomic_100k,1,arxiv_nomic_100k__seed43__random,arxiv_nomic_100k__seed43__natural_source_order,RM-B2,250,4,CERTIFIED,0.024,0.024,0.0,0.04681743080651248,868.832,818.5,1137.1999999999994,0.820972630097085,SEMANTIC_REPAIR
arxiv_nomic_100k,1,arxiv_nomic_100k__seed43__random,arxiv_nomic_100k__seed59__cluster_block_order,RM-B1,80,6,CERTIFIED,0.004,0.004,0.0,0.018833965611186224,1470.436,1378.0,2011.3499999999995,0.7004153009383389,SEMANTIC_REPAIR
arxiv_nomic_100k,1,arxiv_nomic_100k__seed43__random,arxiv_nomic_100k__seed59__cluster_block_order,RM-B2,80,5,CERTIFIED,0.008,0.008,0.0,0.02496768176927198,1093.832,1025.0,1619.0999999999997,0.7771441051878389,SEMANTIC_REPAIR
arxiv_nomic_100k,1,arxiv_nomic_100k__seed43__random,arxiv_nomic_100k__seed59__cluster_block_order,RM-B1,128,5,CERTIFIED,0.008,0.008,0.0,0.02496768176927198,1093.832,1025.0,1619.0999999999997,0.7771441051878389,SEMANTIC_REPAIR
arxiv_nomic_100k,1,arxiv_nomic_100k__seed43__random,arxiv_nomic_100k__seed59__cluster_block_order,RM-B2,128,5,CERTIFIED,0.008,0.008,0.0,0.02496768176927198,1093.832,1025.0,1619.0999999999997,0.7771441051878389,SEMANTIC_REPAIR
arxiv_nomic_100k,1,arxiv_nomic_100k__seed43__random,arxiv_nomic_100k__seed59__cluster_block_order,RM-B1,250,5,CERTIFIED,0.008,0.008,0.0,0.02496768176927198,1093.832,1025.0,1619.0999999999997,0.7771441051878389,SEMANTIC_REPAIR
arxiv_nomic_100k,1,arxiv_nomic_100k__seed43__random,arxiv_nomic_100k__seed59__cluster_block_order,RM-B2,250,4,CERTIFIED,0.02,0.02,0.0,0.04158982878282098,880.092,834.0,1185.0,0.8206912120169967,SEMANTIC_REPAIR
arxiv_nomic_100k,1,arxiv_nomic_100k__seed43__random,arxiv_nomic_100k__seed59__natural_source_order,RM-B1,80,6,CERTIFIED,0.0,0.0,0.0,0.011911419714980633,1466.648,1375.5,2208.3499999999995,0.697827876722094,SEMANTIC_REPAIR
arxiv_nomic_100k,1,arxiv_nomic_100k__seed43__random,arxiv_nomic_100k__seed59__natural_source_order,RM-B2,80,7,CERTIFIED,0.0,0.0,0.0,0.011911419714980633,1839.244,1707.5,3002.749999999998,0.6210622694019636,SEMANTIC_REPAIR
arxiv_nomic_100k,1,arxiv_nomic_100k__seed43__random,arxiv_nomic_100k__seed59__natural_source_order,RM-B1,128,5,CERTIFIED,0.0,0.0,0.0,0.011911419714980633,1096.9,1007.0,1760.3999999999999,0.774006713251213,SEMANTIC_REPAIR
arxiv_nomic_100k,1,arxiv_nomic_100k__seed43__random,arxiv_nomic_100k__seed59__natural_source_order,RM-B2,128,7,CERTIFIED,0.0,0.0,0.0,0.011911419714980633,1839.244,1707.5,3002.749999999998,0.6210622694019636,SEMANTIC_REPAIR
arxiv_nomic_100k,1,arxiv_nomic_100k__seed43__random,arxiv_nomic_100k__seed59__natural_source_order,RM-B1,250,5,CERTIFIED,0.0,0.0,0.0,0.011911419714980633,1096.9,1007.0,1760.3999999999999,0.774006713251213,SEMANTIC_REPAIR
arxiv_nomic_100k,1,arxiv_nomic_100k__seed43__random,arxiv_nomic_100k__seed59__natural_source_order,RM-B2,250,4,CERTIFIED,0.016,0.016,0.0,0.03623796513686767,879.572,813.0,1269.6499999999996,0.8187825989495814,SEMANTIC_REPAIR
arxiv_nomic_100k,1,arxiv_nomic_100k__seed43__random,arxiv_nomic_100k__seed59__random,RM-B1,80,6,CERTIFIED,0.004,0.004,0.0,0.018833965611186224,1459.296,1356.0,2022.9999999999995,0.6990064897456079,SEMANTIC_REPAIR
arxiv_nomic_100k,1,arxiv_nomic_100k__seed43__random,arxiv_nomic_100k__seed59__random,RM-B2,80,5,CERTIFIED,0.008,0.008,0.0,0.02496768176927198,1087.056,1007.5,1632.3499999999997,0.7757844869833821,SEMANTIC_REPAIR
arxiv_nomic_100k,1,arxiv_nomic_100k__seed43__random,arxiv_nomic_100k__seed59__random,RM-B1,128,5,CERTIFIED,0.008,0.008,0.0,0.02496768176927198,1087.056,1007.5,1632.3499999999997,0.7757844869833821,SEMANTIC_REPAIR
arxiv_nomic_100k,1,arxiv_nomic_100k__seed43__random,arxiv_nomic_100k__seed59__random,RM-B2,128,4,CERTIFIED,0.024,0.024,0.0,0.04681743080651248,872.776,807.0,1217.3,0.8199817501687202,SEMANTIC_REPAIR
arxiv_nomic_100k,1,arxiv_nomic_100k__seed43__random,arxiv_nomic_100k__seed59__random,RM-B1,250,5,CERTIFIED,0.008,0.008,0.0,0.02496768176927198,1087.056,1007.5,1632.3499999999997,0.7757844869833821,SEMANTIC_REPAIR
arxiv_nomic_100k,1,arxiv_nomic_100k__seed43__random,arxiv_nomic_100k__seed59__random,RM-B2,250,5,CERTIFIED,0.008,0.008,0.0,0.02496768176927198,1087.056,1007.5,1632.3499999999997,0.7757844869833821,SEMANTIC_REPAIR
arxiv_nomic_100k,1,arxiv_nomic_100k__seed43__random,arxiv_nomic_100k__seed71__cluster_block_order,RM-B1,80,6,CERTIFIED,0.004,0.004,0.0,0.018833965611186224,1505.548,1399.5,2175.35,0.6941976799169333,SEMANTIC_REPAIR
arxiv_nomic_100k,1,arxiv_nomic_100k__seed43__random,arxiv_nomic_100k__seed71__cluster_block_order,RM-B2,80,6,CERTIFIED,0.004,0.004,0.0,0.018833965611186224,1505.548,1399.5,2175.35,0.6941976799169333,SEMANTIC_REPAIR
arxiv_nomic_100k,1,arxiv_nomic_100k__seed43__random,arxiv_nomic_100k__seed71__cluster_block_order,RM-B1,128,5,CERTIFIED,0.008,0.008,0.0,0.02496768176927198,1129.828,1040.0,1769.6499999999999,0.7705127809310556,SEMANTIC_REPAIR
arxiv_nomic_100k,1,arxiv_nomic_100k__seed43__random,arxiv_nomic_100k__seed71__cluster_block_order,RM-B2,128,4,CERTIFIED,0.008,0.008,0.0,0.02496768176927198,908.044,842.5,1327.9499999999998,0.8155608709004906,SEMANTIC_REPAIR
arxiv_nomic_100k,1,arxiv_nomic_100k__seed43__random,arxiv_nomic_100k__seed71__cluster_block_order,RM-B1,250,5,CERTIFIED,0.008,0.008,0.0,0.02496768176927198,1129.828,1040.0,1769.6499999999999,0.7705127809310556,SEMANTIC_REPAIR
arxiv_nomic_100k,1,arxiv_nomic_100k__seed43__random,arxiv_nomic_100k__seed71__cluster_block_order,RM-B2,250,4,CERTIFIED,0.008,0.008,0.0,0.02496768176927198,908.044,842.5,1327.9499999999998,0.8155608709004906,SEMANTIC_REPAIR
arxiv_nomic_100k,1,arxiv_nomic_100k__seed43__random,arxiv_nomic_100k__seed71__natural_source_order,RM-B1,80,6,CERTIFIED,0.0,0.0,0.0,0.011911419714980633,1476.768,1368.5,1988.4999999999995,0.6962267783707463,SEMANTIC_REPAIR
arxiv_nomic_100k,1,arxiv_nomic_100k__seed43__random,arxiv_nomic_100k__seed71__natural_source_order,RM-B2,80,6,CERTIFIED,0.0,0.0,0.0,0.011911419714980633,1476.768,1368.5,1988.4999999999995,0.6962267783707463,SEMANTIC_REPAIR
arxiv_nomic_100k,1,arxiv_nomic_100k__seed43__random,arxiv_nomic_100k__seed71__natural_source_order,RM-B1,128,5,CERTIFIED,0.004,0.004,0.0,0.018833965611186224,1100.852,1015.5,1598.6499999999999,0.773553219884906,SEMANTIC_REPAIR
arxiv_nomic_100k,1,arxiv_nomic_100k__seed43__random,arxiv_nomic_100k__seed71__natural_source_order,RM-B2,128,4,CERTIFIED,0.024,0.024,0.0,0.04681743080651248,888.008,830.0,1193.85,0.8173355252872825,SEMANTIC_REPAIR
arxiv_nomic_100k,1,arxiv_nomic_100k__seed43__random,arxiv_nomic_100k__seed71__natural_source_order,RM-B1,250,5,CERTIFIED,0.004,0.004,0.0,0.018833965611186224,1100.852,1015.5,1598.6499999999999,0.773553219884906,SEMANTIC_REPAIR
arxiv_nomic_100k,1,arxiv_nomic_100k__seed43__random,arxiv_nomic_100k__seed71__natural_source_order,RM-B2,250,4,CERTIFIED,0.024,0.024,0.0,0.04681743080651248,888.008,830.0,1193.85,0.8173355252872825,SEMANTIC_REPAIR
arxiv_nomic_100k,1,arxiv_nomic_100k__seed43__random,arxiv_nomic_100k__seed71__random,RM-B1,80,6,CERTIFIED,0.004,0.004,0.0,0.018833965611186224,1480.916,1351.5,2191.8999999999987,0.6949779943284522,SEMANTIC_REPAIR
arxiv_nomic_100k,1,arxiv_nomic_100k__seed43__random,arxiv_nomic_100k__seed71__random,RM-B2,80,6,CERTIFIED,0.004,0.004,0.0,0.018833965611186224,1480.916,1351.5,2191.8999999999987,0.6949779943284522,SEMANTIC_REPAIR
arxiv_nomic_100k,1,arxiv_nomic_100k__seed43__random,arxiv_nomic_100k__seed71__random,RM-B1,128,5,CERTIFIED,0.012,0.012,0.0,0.030720864145366192,1107.876,1010.0,1757.3,0.7718124731211145,SEMANTIC_REPAIR
arxiv_nomic_100k,1,arxiv_nomic_100k__seed43__random,arxiv_nomic_100k__seed71__random,RM-B2,128,5,CERTIFIED,0.012,0.012,0.0,0.030720864145366192,1107.876,1010.0,1757.3,0.7718124731211145,SEMANTIC_REPAIR
arxiv_nomic_100k,1,arxiv_nomic_100k__seed43__random,arxiv_nomic_100k__seed71__random,RM-B1,250,5,CERTIFIED,0.012,0.012,0.0,0.030720864145366192,1107.876,1010.0,1757.3,0.7718124731211145,SEMANTIC_REPAIR
arxiv_nomic_100k,1,arxiv_nomic_100k__seed43__random,arxiv_nomic_100k__seed71__random,RM-B2,250,5,CERTIFIED,0.012,0.012,0.0,0.030720864145366192,1107.876,1010.0,1757.3,0.7718124731211145,SEMANTIC_REPAIR
arxiv_nomic_100k,1,arxiv_nomic_100k__seed59__cluster_block_order,arxiv_nomic_100k__seed43__cluster_block_order,RM-B1,80,6,CERTIFIED,0.004,0.004,0.0,0.018833965611186224,1490.748,1385.5,1914.3999999999996,0.6965195844119465,SEMANTIC_REPAIR
arxiv_nomic_100k,1,arxiv_nomic_100k__seed59__cluster_block_order,arxiv_nomic_100k__seed43__cluster_block_order,RM-B2,80,6,CERTIFIED,0.004,0.004,0.0,0.018833965611186224,1490.748,1385.5,1914.3999999999996,0.6965195844119465,SEMANTIC_REPAIR
arxiv_nomic_100k,1,arxiv_nomic_100k__seed59__cluster_block_order,arxiv_nomic_100k__seed43__cluster_block_order,RM-B1,128,5,CERTIFIED,0.008,0.008,0.0,0.02496768176927198,1100.164,1039.0,1388.1499999999999,0.7760330867893062,SEMANTIC_REPAIR
arxiv_nomic_100k,1,arxiv_nomic_100k__seed59__cluster_block_order,arxiv_nomic_100k__seed43__cluster_block_order,RM-B2,128,4,CERTIFIED,0.012,0.012,0.0,0.030720864145366192,891.936,841.5,1111.3499999999997,0.8184232962526556,SEMANTIC_REPAIR
arxiv_nomic_100k,1,arxiv_nomic_100k__seed59__cluster_block_order,arxiv_nomic_100k__seed43__cluster_block_order,RM-B1,250,4,CERTIFIED,0.012,0.012,0.0,0.030720864145366192,891.936,841.5,1111.3499999999997,0.8184232962526556,SEMANTIC_REPAIR
arxiv_nomic_100k,1,arxiv_nomic_100k__seed59__cluster_block_order,arxiv_nomic_100k__seed43__cluster_block_order,RM-B2,250,4,CERTIFIED,0.012,0.012,0.0,0.030720864145366192,891.936,841.5,1111.3499999999997,0.8184232962526556,SEMANTIC_REPAIR
arxiv_nomic_100k,1,arxiv_nomic_100k__seed59__cluster_block_order,arxiv_nomic_100k__seed43__natural_source_order,RM-B1,80,6,CERTIFIED,0.0,0.0,0.0,0.011911419714980633,1457.104,1380.5,1882.1,0.6997561130402459,SEMANTIC_REPAIR
arxiv_nomic_100k,1,arxiv_nomic_100k__seed59__cluster_block_order,arxiv_nomic_100k__seed43__natural_source_order,RM-B2,80,4,CERTIFIED,0.024,0.024,0.0,0.04681743080651248,872.32,818.0,1092.55,0.8202539094857109,SEMANTIC_REPAIR
arxiv_nomic_100k,1,arxiv_nomic_100k__seed59__cluster_block_order,arxiv_nomic_100k__seed43__natural_source_order,RM-B1,128,5,CERTIFIED,0.0,0.0,0.0,0.011911419714980633,1078.828,1007.0,1379.5999999999995,0.777701857876296,SEMANTIC_REPAIR
arxiv_nomic_100k,1,arxiv_nomic_100k__seed59__cluster_block_order,arxiv_nomic_100k__seed43__natural_source_order,RM-B2,128,4,CERTIFIED,0.024,0.024,0.0,0.04681743080651248,872.32,818.0,1092.55,0.8202539094857109,SEMANTIC_REPAIR
arxiv_nomic_100k,1,arxiv_nomic_100k__seed59__cluster_block_order,arxiv_nomic_100k__seed43__natural_source_order,RM-B1,250,4,CERTIFIED,0.024,0.024,0.0,0.04681743080651248,872.32,818.0,1092.55,0.8202539094857109,SEMANTIC_REPAIR
arxiv_nomic_100k,1,arxiv_nomic_100k__seed59__cluster_block_order,arxiv_nomic_100k__seed43__natural_source_order,RM-B2,250,4,CERTIFIED,0.024,0.024,0.0,0.04681743080651248,872.32,818.0,1092.55,0.8202539094857109,SEMANTIC_REPAIR
arxiv_nomic_100k,1,arxiv_nomic_100k__seed59__cluster_block_order,arxiv_nomic_100k__seed43__random,RM-B1,80,6,CERTIFIED,0.004,0.004,0.0,0.018833965611186224,1476.936,1355.5,1953.049999999999,0.695505239928353,SEMANTIC_REPAIR
arxiv_nomic_100k,1,arxiv_nomic_100k__seed59__cluster_block_order,arxiv_nomic_100k__seed43__random,RM-B2,80,6,CERTIFIED,0.004,0.004,0.0,0.018833965611186224,1476.936,1355.5,1953.049999999999,0.695505239928353,SEMANTIC_REPAIR
arxiv_nomic_100k,1,arxiv_nomic_100k__seed59__cluster_block_order,arxiv_nomic_100k__seed43__random,RM-B1,128,5,CERTIFIED,0.012,0.012,0.0,0.030720864145366192,1089.8,1006.5,1387.3499999999997,0.7753197230441394,SEMANTIC_REPAIR
arxiv_nomic_100k,1,arxiv_nomic_100k__seed59__cluster_block_order,arxiv_nomic_100k__seed43__random,RM-B2,128,6,CERTIFIED,0.004,0.004,0.0,0.018833965611186224,1476.936,1355.5,1953.049999999999,0.695505239928353,SEMANTIC_REPAIR
arxiv_nomic_100k,1,arxiv_nomic_100k__seed59__cluster_block_order,arxiv_nomic_100k__seed43__random,RM-B1,250,4,CERTIFIED,0.02,0.02,0.0,0.04158982878282098,882.552,816.5,1141.3499999999997,0.8180473226390634,SEMANTIC_REPAIR
arxiv_nomic_100k,1,arxiv_nomic_100k__seed59__cluster_block_order,arxiv_nomic_100k__seed43__random,RM-B2,250,6,CERTIFIED,0.004,0.004,0.0,0.018833965611186224,1476.936,1355.5,1953.049999999999,0.695505239928353,SEMANTIC_REPAIR
arxiv_nomic_100k,1,arxiv_nomic_100k__seed59__cluster_block_order,arxiv_nomic_100k__seed59__natural_source_order,RM-B1,80,6,CERTIFIED,0.0,0.0,0.0,0.011911419714980633,1497.108,1375.5,1847.1499999999994,0.691552231253621,SEMANTIC_REPAIR
arxiv_nomic_100k,1,arxiv_nomic_100k__seed59__cluster_block_order,arxiv_nomic_100k__seed59__natural_source_order,RM-B2,80,7,CERTIFIED,0.0,0.0,0.0,0.011911419714980633,1857.984,1707.5,2344.6999999999994,0.6172012846324566,SEMANTIC_REPAIR
arxiv_nomic_100k,1,arxiv_nomic_100k__seed59__cluster_block_order,arxiv_nomic_100k__seed59__natural_source_order,RM-B1,128,5,CERTIFIED,0.0,0.0,0.0,0.011911419714980633,1107.636,1007.0,1344.3499999999997,0.7717947851570065,SEMANTIC_REPAIR
arxiv_nomic_100k,1,arxiv_nomic_100k__seed59__cluster_block_order,arxiv_nomic_100k__seed59__natural_source_order,RM-B2,128,7,CERTIFIED,0.0,0.0,0.0,0.011911419714980633,1857.984,1707.5,2344.6999999999994,0.6172012846324566,SEMANTIC_REPAIR
arxiv_nomic_100k,1,arxiv_nomic_100k__seed59__cluster_block_order,arxiv_nomic_100k__seed59__natural_source_order,RM-B1,250,4,CERTIFIED,0.02,0.02,0.0,0.04158982878282098,896.832,813.0,1087.85,0.8152265372034933,SEMANTIC_REPAIR
arxiv_nomic_100k,1,arxiv_nomic_100k__seed59__cluster_block_order,arxiv_nomic_100k__seed59__natural_source_order,RM-B2,250,4,CERTIFIED,0.02,0.02,0.0,0.04158982878282098,896.832,813.0,1087.85,0.8152265372034933,SEMANTIC_REPAIR
arxiv_nomic_100k,1,arxiv_nomic_100k__seed59__cluster_block_order,arxiv_nomic_100k__seed59__random,RM-B1,80,6,CERTIFIED,0.004,0.004,0.0,0.018833965611186224,1512.228,1359.0,1904.4999999999998,0.6880887674433571,SEMANTIC_REPAIR
arxiv_nomic_100k,1,arxiv_nomic_100k__seed59__cluster_block_order,arxiv_nomic_100k__seed59__random,RM-B2,80,6,CERTIFIED,0.004,0.004,0.0,0.018833965611186224,1512.228,1359.0,1904.4999999999998,0.6880887674433571,SEMANTIC_REPAIR
arxiv_nomic_100k,1,arxiv_nomic_100k__seed59__cluster_block_order,arxiv_nomic_100k__seed59__random,RM-B1,128,5,CERTIFIED,0.012,0.012,0.0,0.030720864145366192,1116.368,1009.0,1514.099999999999,0.7697386115937581,SEMANTIC_REPAIR
arxiv_nomic_100k,1,arxiv_nomic_100k__seed59__cluster_block_order,arxiv_nomic_100k__seed59__random,RM-B2,128,4,CERTIFIED,0.024,0.024,0.0,0.04681743080651248,903.776,811.0,1163.0499999999997,0.8135877089201413,SEMANTIC_REPAIR
arxiv_nomic_100k,1,arxiv_nomic_100k__seed59__cluster_block_order,arxiv_nomic_100k__seed59__random,RM-B1,250,4,CERTIFIED,0.024,0.024,0.0,0.04681743080651248,903.776,811.0,1163.0499999999997,0.8135877089201413,SEMANTIC_REPAIR
arxiv_nomic_100k,1,arxiv_nomic_100k__seed59__cluster_block_order,arxiv_nomic_100k__seed59__random,RM-B2,250,5,CERTIFIED,0.012,0.012,0.0,0.030720864145366192,1116.368,1009.0,1514.099999999999,0.7697386115937581,SEMANTIC_REPAIR
arxiv_nomic_100k,1,arxiv_nomic_100k__seed59__cluster_block_order,arxiv_nomic_100k__seed71__cluster_block_order,RM-B1,80,6,CERTIFIED,0.004,0.004,0.0,0.018833965611186224,1512.252,1399.5,1950.4999999999998,0.6928359838741389,SEMANTIC_REPAIR
arxiv_nomic_100k,1,arxiv_nomic_100k__seed59__cluster_block_order,arxiv_nomic_100k__seed71__cluster_block_order,RM-B2,80,6,CERTIFIED,0.004,0.004,0.0,0.018833965611186224,1512.252,1399.5,1950.4999999999998,0.6928359838741389,SEMANTIC_REPAIR
arxiv_nomic_100k,1,arxiv_nomic_100k__seed59__cluster_block_order,arxiv_nomic_100k__seed71__cluster_block_order,RM-B1,128,5,CERTIFIED,0.008,0.008,0.0,0.02496768176927198,1120.208,1040.0,1404.1999999999996,0.7724667660043971,SEMANTIC_REPAIR
arxiv_nomic_100k,1,arxiv_nomic_100k__seed59__cluster_block_order,arxiv_nomic_100k__seed71__cluster_block_order,RM-B2,128,4,CERTIFIED,0.02,0.02,0.0,0.04158982878282098,911.924,842.5,1154.1,0.8147727771287063,SEMANTIC_REPAIR
arxiv_nomic_100k,1,arxiv_nomic_100k__seed59__cluster_block_order,arxiv_nomic_100k__seed71__cluster_block_order,RM-B1,250,4,CERTIFIED,0.02,0.02,0.0,0.04158982878282098,911.924,842.5,1154.1,0.8147727771287063,SEMANTIC_REPAIR
arxiv_nomic_100k,1,arxiv_nomic_100k__seed59__cluster_block_order,arxiv_nomic_100k__seed71__cluster_block_order,RM-B2,250,4,CERTIFIED,0.02,0.02,0.0,0.04158982878282098,911.924,842.5,1154.1,0.8147727771287063,SEMANTIC_REPAIR
arxiv_nomic_100k,1,arxiv_nomic_100k__seed59__cluster_block_order,arxiv_nomic_100k__seed71__natural_source_order,RM-B1,80,6,CERTIFIED,0.0,0.0,0.0,0.011911419714980633,1485.684,1368.5,1901.1999999999998,0.6943927448299014,SEMANTIC_REPAIR
arxiv_nomic_100k,1,arxiv_nomic_100k__seed59__cluster_block_order,arxiv_nomic_100k__seed71__natural_source_order,RM-B2,80,5,CERTIFIED,0.0,0.0,0.0,0.011911419714980633,1102.76,1015.5,1430.9999999999993,0.7731607416439984,SEMANTIC_REPAIR
arxiv_nomic_100k,1,arxiv_nomic_100k__seed59__cluster_block_order,arxiv_nomic_100k__seed71__natural_source_order,RM-B1,128,5,CERTIFIED,0.0,0.0,0.0,0.011911419714980633,1102.76,1015.5,1430.9999999999993,0.7731607416439984,SEMANTIC_REPAIR
arxiv_nomic_100k,1,arxiv_nomic_100k__seed59__cluster_block_order,arxiv_nomic_100k__seed71__natural_source_order,RM-B2,128,4,CERTIFIED,0.02,0.02,0.0,0.04158982878282098,892.94,830.0,1139.9499999999998,0.8163210060607856,SEMANTIC_REPAIR
arxiv_nomic_100k,1,arxiv_nomic_100k__seed59__cluster_block_order,arxiv_nomic_100k__seed71__natural_source_order,RM-B1,250,4,CERTIFIED,0.02,0.02,0.0,0.04158982878282098,892.94,830.0,1139.9499999999998,0.8163210060607856,SEMANTIC_REPAIR
arxiv_nomic_100k,1,arxiv_nomic_100k__seed59__cluster_block_order,arxiv_nomic_100k__seed71__natural_source_order,RM-B2,250,4,CERTIFIED,0.02,0.02,0.0,0.04158982878282098,892.94,830.0,1139.9499999999998,0.8163210060607856,SEMANTIC_REPAIR
arxiv_nomic_100k,1,arxiv_nomic_100k__seed59__cluster_block_order,arxiv_nomic_100k__seed71__random,RM-B1,80,6,CERTIFIED,0.004,0.004,0.0,0.018833965611186224,1478.168,1351.5,1979.6499999999985,0.6955439956894918,SEMANTIC_REPAIR
arxiv_nomic_100k,1,arxiv_nomic_100k__seed59__cluster_block_order,arxiv_nomic_100k__seed71__random,RM-B2,80,6,CERTIFIED,0.004,0.004,0.0,0.018833965611186224,1478.168,1351.5,1979.6499999999985,0.6955439956894918,SEMANTIC_REPAIR
arxiv_nomic_100k,1,arxiv_nomic_100k__seed59__cluster_block_order,arxiv_nomic_100k__seed71__random,RM-B1,128,5,CERTIFIED,0.012,0.012,0.0,0.030720864145366192,1094.42,1010.0,1528.4999999999995,0.7745839848802664,SEMANTIC_REPAIR
arxiv_nomic_100k,1,arxiv_nomic_100k__seed59__cluster_block_order,arxiv_nomic_100k__seed71__random,RM-B2,128,5,CERTIFIED,0.012,0.012,0.0,0.030720864145366192,1094.42,1010.0,1528.4999999999995,0.7745839848802664,SEMANTIC_REPAIR
arxiv_nomic_100k,1,arxiv_nomic_100k__seed59__cluster_block_order,arxiv_nomic_100k__seed71__random,RM-B1,250,4,CERTIFIED,0.028,0.028,0.0,0.05194700438197347,885.024,814.0,1148.3,0.8177129590419335,SEMANTIC_REPAIR
arxiv_nomic_100k,1,arxiv_nomic_100k__seed59__cluster_block_order,arxiv_nomic_100k__seed71__random,RM-B2,250,5,CERTIFIED,0.012,0.012,0.0,0.030720864145366192,1094.42,1010.0,1528.4999999999995,0.7745839848802664,SEMANTIC_REPAIR
arxiv_nomic_100k,1,arxiv_nomic_100k__seed59__natural_source_order,arxiv_nomic_100k__seed43__cluster_block_order,RM-B1,80,8,CERTIFIED,0.0,0.0,0.0,0.011911419714980633,2509.668,2368.0,3683.0499999999993,0.48909199433570316,SEMANTIC_REPAIR
arxiv_nomic_100k,1,arxiv_nomic_100k__seed59__natural_source_order,arxiv_nomic_100k__seed43__cluster_block_order,RM-B2,80,6,CERTIFIED,0.004,0.004,0.0,0.018833965611186224,1506.168,1407.0,2105.6499999999987,0.6933804435186716,SEMANTIC_REPAIR
arxiv_nomic_100k,1,arxiv_nomic_100k__seed59__natural_source_order,arxiv_nomic_100k__seed43__cluster_block_order,RM-B1,128,4,CERTIFIED,0.012,0.012,0.0,0.030720864145366192,900.4,847.5,1211.3999999999992,0.8167002295522225,SEMANTIC_REPAIR
arxiv_nomic_100k,1,arxiv_nomic_100k__seed59__natural_source_order,arxiv_nomic_100k__seed43__cluster_block_order,RM-B2,128,4,CERTIFIED,0.012,0.012,0.0,0.030720864145366192,900.4,847.5,1211.3999999999992,0.8167002295522225,SEMANTIC_REPAIR
arxiv_nomic_100k,1,arxiv_nomic_100k__seed59__natural_source_order,arxiv_nomic_100k__seed43__cluster_block_order,RM-B1,250,4,CERTIFIED,0.012,0.012,0.0,0.030720864145366192,900.4,847.5,1211.3999999999992,0.8167002295522225,SEMANTIC_REPAIR
arxiv_nomic_100k,1,arxiv_nomic_100k__seed59__natural_source_order,arxiv_nomic_100k__seed43__cluster_block_order,RM-B2,250,3,CERTIFIED,0.04,0.04,0.0,0.06690426305497835,680.624,633.5,970.8999999999996,0.86144133389466,SEMANTIC_REPAIR
arxiv_nomic_100k,1,arxiv_nomic_100k__seed59__natural_source_order,arxiv_nomic_100k__seed43__natural_source_order,RM-B1,80,8,CERTIFIED,0.0,0.0,0.0,0.011911419714980633,2443.0,2322.5,3539.699999999999,0.4966070947285305,SEMANTIC_REPAIR
arxiv_nomic_100k,1,arxiv_nomic_100k__seed59__natural_source_order,arxiv_nomic_100k__seed43__natural_source_order,RM-B2,80,3,CERTIFIED,0.056,0.056,0.0,0.08616164215725003,665.5,621.0,943.1999999999999,0.8628702503241249,SEMANTIC_REPAIR
arxiv_nomic_100k,1,arxiv_nomic_100k__seed59__natural_source_order,arxiv_nomic_100k__seed43__natural_source_order,RM-B1,128,4,CERTIFIED,0.02,0.02,0.0,0.04158982878282098,876.98,820.0,1182.9499999999998,0.819293692155148,SEMANTIC_REPAIR
arxiv_nomic_100k,1,arxiv_nomic_100k__seed59__natural_source_order,arxiv_nomic_100k__seed43__natural_source_order,RM-B2,128,4,CERTIFIED,0.02,0.02,0.0,0.04158982878282098,876.98,820.0,1182.9499999999998,0.819293692155148,SEMANTIC_REPAIR
arxiv_nomic_100k,1,arxiv_nomic_100k__seed59__natural_source_order,arxiv_nomic_100k__seed43__natural_source_order,RM-B1,250,4,CERTIFIED,0.02,0.02,0.0,0.04158982878282098,876.98,820.0,1182.9499999999998,0.819293692155148,SEMANTIC_REPAIR
arxiv_nomic_100k,1,arxiv_nomic_100k__seed59__natural_source_order,arxiv_nomic_100k__seed43__natural_source_order,RM-B2,250,4,CERTIFIED,0.02,0.02,0.0,0.04158982878282098,876.98,820.0,1182.9499999999998,0.819293692155148,SEMANTIC_REPAIR
arxiv_nomic_100k,1,arxiv_nomic_100k__seed59__natural_source_order,arxiv_nomic_100k__seed43__random,RM-B1,80,8,CERTIFIED,0.0,0.0,0.0,0.011911419714980633,2454.564,2333.5,3616.4499999999994,0.49395107421005247,SEMANTIC_REPAIR
arxiv_nomic_100k,1,arxiv_nomic_100k__seed59__natural_source_order,arxiv_nomic_100k__seed43__random,RM-B2,80,6,CERTIFIED,0.004,0.004,0.0,0.018833965611186224,1467.352,1375.5,2062.7499999999995,0.69748113988646,SEMANTIC_REPAIR
arxiv_nomic_100k,1,arxiv_nomic_100k__seed59__natural_source_order,arxiv_nomic_100k__seed43__random,RM-B1,128,4,CERTIFIED,0.02,0.02,0.0,0.04158982878282098,877.332,818.0,1210.6,0.8191235118900357,SEMANTIC_REPAIR
arxiv_nomic_100k,1,arxiv_nomic_100k__seed59__natural_source_order,arxiv_nomic_100k__seed43__random,RM-B2,128,5,CERTIFIED,0.012,0.012,0.0,0.030720864145366192,1094.78,1009.0,1665.549999999999,0.7742930137587292,SEMANTIC_REPAIR
arxiv_nomic_100k,1,arxiv_nomic_100k__seed59__natural_source_order,arxiv_nomic_100k__seed43__random,RM-B1,250,4,CERTIFIED,0.02,0.02,0.0,0.04158982878282098,877.332,818.0,1210.6,0.8191235118900357,SEMANTIC_REPAIR
arxiv_nomic_100k,1,arxiv_nomic_100k__seed59__natural_source_order,arxiv_nomic_100k__seed43__random,RM-B2,250,5,CERTIFIED,0.012,0.012,0.0,0.030720864145366192,1094.78,1009.0,1665.549999999999,0.7742930137587292,SEMANTIC_REPAIR
arxiv_nomic_100k,1,arxiv_nomic_100k__seed59__natural_source_order,arxiv_nomic_100k__seed59__cluster_block_order,RM-B1,80,8,CERTIFIED,0.0,0.0,0.0,0.011911419714980633,2472.44,2358.0,3485.6499999999996,0.4962683222200671,SEMANTIC_REPAIR
arxiv_nomic_100k,1,arxiv_nomic_100k__seed59__natural_source_order,arxiv_nomic_100k__seed59__cluster_block_order,RM-B2,80,3,CERTIFIED,0.052,0.052,0.0,0.08140399950699219,670.18,623.5,948.3499999999997,0.8634584071546507,SEMANTIC_REPAIR
arxiv_nomic_100k,1,arxiv_nomic_100k__seed59__natural_source_order,arxiv_nomic_100k__seed59__cluster_block_order,RM-B1,128,4,CERTIFIED,0.02,0.02,0.0,0.04158982878282098,883.8,837.0,1175.9499999999998,0.8199357489678598,SEMANTIC_REPAIR
arxiv_nomic_100k,1,arxiv_nomic_100k__seed59__natural_source_order,arxiv_nomic_100k__seed59__cluster_block_order,RM-B2,128,4,CERTIFIED,0.02,0.02,0.0,0.04158982878282098,883.8,837.0,1175.9499999999998,0.8199357489678598,SEMANTIC_REPAIR
arxiv_nomic_100k,1,arxiv_nomic_100k__seed59__natural_source_order,arxiv_nomic_100k__seed59__cluster_block_order,RM-B1,250,4,CERTIFIED,0.02,0.02,0.0,0.04158982878282098,883.8,837.0,1175.9499999999998,0.8199357489678598,SEMANTIC_REPAIR
arxiv_nomic_100k,1,arxiv_nomic_100k__seed59__natural_source_order,arxiv_nomic_100k__seed59__cluster_block_order,RM-B2,250,4,CERTIFIED,0.02,0.02,0.0,0.04158982878282098,883.8,837.0,1175.9499999999998,0.8199357489678598,SEMANTIC_REPAIR
arxiv_nomic_100k,1,arxiv_nomic_100k__seed59__natural_source_order,arxiv_nomic_100k__seed59__random,RM-B1,80,8,CERTIFIED,0.0,0.0,0.0,0.011911419714980633,2453.352,2337.5,3654.4499999999985,0.49397310047472665,SEMANTIC_REPAIR
arxiv_nomic_100k,1,arxiv_nomic_100k__seed59__natural_source_order,arxiv_nomic_100k__seed59__random,RM-B2,80,6,CERTIFIED,0.004,0.004,0.0,0.018833965611186224,1477.8,1359.0,2083.2499999999995,0.6951898658983917,SEMANTIC_REPAIR
arxiv_nomic_100k,1,arxiv_nomic_100k__seed59__natural_source_order,arxiv_nomic_100k__seed59__random,RM-B1,128,4,CERTIFIED,0.024,0.024,0.0,0.04681743080651248,883.008,811.0,1220.0,0.8178713040378989,SEMANTIC_REPAIR
arxiv_nomic_100k,1,arxiv_nomic_100k__seed59__natural_source_order,arxiv_nomic_100k__seed59__random,RM-B2,128,4,CERTIFIED,0.024,0.024,0.0,0.04681743080651248,883.008,811.0,1220.0,0.8178713040378989,SEMANTIC_REPAIR
arxiv_nomic_100k,1,arxiv_nomic_100k__seed59__natural_source_order,arxiv_nomic_100k__seed59__random,RM-B1,250,4,CERTIFIED,0.024,0.024,0.0,0.04681743080651248,883.008,811.0,1220.0,0.8178713040378989,SEMANTIC_REPAIR
arxiv_nomic_100k,1,arxiv_nomic_100k__seed59__natural_source_order,arxiv_nomic_100k__seed59__random,RM-B2,250,4,CERTIFIED,0.024,0.024,0.0,0.04681743080651248,883.008,811.0,1220.0,0.8178713040378989,SEMANTIC_REPAIR
arxiv_nomic_100k,1,arxiv_nomic_100k__seed59__natural_source_order,arxiv_nomic_100k__seed71__cluster_block_order,RM-B1,80,8,CERTIFIED,0.0,0.0,0.0,0.011911419714980633,2496.188,2389.5,3669.7999999999993,0.49298190309209,SEMANTIC_REPAIR
arxiv_nomic_100k,1,arxiv_nomic_100k__seed59__natural_source_order,arxiv_nomic_100k__seed71__cluster_block_order,RM-B2,80,6,CERTIFIED,0.004,0.004,0.0,0.018833965611186224,1486.584,1407.0,2113.8499999999995,0.6980495897850048,SEMANTIC_REPAIR
arxiv_nomic_100k,1,arxiv_nomic_100k__seed59__natural_source_order,arxiv_nomic_100k__seed71__cluster_block_order,RM-B1,128,4,CERTIFIED,0.02,0.02,0.0,0.04158982878282098,897.512,847.0,1250.9499999999998,0.8177000986335916,SEMANTIC_REPAIR
arxiv_nomic_100k,1,arxiv_nomic_100k__seed59__natural_source_order,arxiv_nomic_100k__seed71__cluster_block_order,RM-B2,128,4,CERTIFIED,0.02,0.02,0.0,0.04158982878282098,897.512,847.0,1250.9499999999998,0.8177000986335916,SEMANTIC_REPAIR
arxiv_nomic_100k,1,arxiv_nomic_100k__seed59__natural_source_order,arxiv_nomic_100k__seed71__cluster_block_order,RM-B1,250,4,CERTIFIED,0.02,0.02,0.0,0.04158982878282098,897.512,847.0,1250.9499999999998,0.8177000986335916,SEMANTIC_REPAIR
arxiv_nomic_100k,1,arxiv_nomic_100k__seed59__natural_source_order,arxiv_nomic_100k__seed71__cluster_block_order,RM-B2,250,4,CERTIFIED,0.02,0.02,0.0,0.04158982878282098,897.512,847.0,1250.9499999999998,0.8177000986335916,SEMANTIC_REPAIR
arxiv_nomic_100k,1,arxiv_nomic_100k__seed59__natural_source_order,arxiv_nomic_100k__seed71__natural_source_order,RM-B1,80,8,CERTIFIED,0.0,0.0,0.0,0.011911419714980633,2458.808,2343.5,3517.7499999999986,0.49421979110613046,SEMANTIC_REPAIR
arxiv_nomic_100k,1,arxiv_nomic_100k__seed59__natural_source_order,arxiv_nomic_100k__seed71__natural_source_order,RM-B2,80,6,CERTIFIED,0.0,0.0,0.0,0.011911419714980633,1479.276,1381.5,2020.6999999999994,0.6957108792993647,SEMANTIC_REPAIR
arxiv_nomic_100k,1,arxiv_nomic_100k__seed59__natural_source_order,arxiv_nomic_100k__seed71__natural_source_order,RM-B1,128,4,CERTIFIED,0.02,0.02,0.0,0.04158982878282098,889.088,833.5,1182.1499999999994,0.8171133677924292,SEMANTIC_REPAIR
arxiv_nomic_100k,1,arxiv_nomic_100k__seed59__natural_source_order,arxiv_nomic_100k__seed71__natural_source_order,RM-B2,128,4,CERTIFIED,0.02,0.02,0.0,0.04158982878282098,889.088,833.5,1182.1499999999994,0.8171133677924292,SEMANTIC_REPAIR
arxiv_nomic_100k,1,arxiv_nomic_100k__seed59__natural_source_order,arxiv_nomic_100k__seed71__natural_source_order,RM-B1,250,4,CERTIFIED,0.02,0.02,0.0,0.04158982878282098,889.088,833.5,1182.1499999999994,0.8171133677924292,SEMANTIC_REPAIR
arxiv_nomic_100k,1,arxiv_nomic_100k__seed59__natural_source_order,arxiv_nomic_100k__seed71__natural_source_order,RM-B2,250,4,CERTIFIED,0.02,0.02,0.0,0.04158982878282098,889.088,833.5,1182.1499999999994,0.8171133677924292,SEMANTIC_REPAIR
arxiv_nomic_100k,1,arxiv_nomic_100k__seed59__natural_source_order,arxiv_nomic_100k__seed71__random,RM-B1,80,8,CERTIFIED,0.0,0.0,0.0,0.011911419714980633,2446.064,2330.0,3641.4999999999986,0.496187935520334,SEMANTIC_REPAIR
arxiv_nomic_100k,1,arxiv_nomic_100k__seed59__natural_source_order,arxiv_nomic_100k__seed71__random,RM-B2,80,5,CERTIFIED,0.012,0.012,0.0,0.030720864145366192,1096.46,1011.0,1682.2999999999995,0.7741638091973986,SEMANTIC_REPAIR
arxiv_nomic_100k,1,arxiv_nomic_100k__seed59__natural_source_order,arxiv_nomic_100k__seed71__random,RM-B1,128,4,CERTIFIED,0.028,0.028,0.0,0.05194700438197347,879.744,819.5,1214.4499999999996,0.8188004725740621,SEMANTIC_REPAIR
arxiv_nomic_100k,1,arxiv_nomic_100k__seed59__natural_source_order,arxiv_nomic_100k__seed71__random,RM-B2,128,4,CERTIFIED,0.028,0.028,0.0,0.05194700438197347,879.744,819.5,1214.4499999999996,0.8188004725740621,SEMANTIC_REPAIR
arxiv_nomic_100k,1,arxiv_nomic_100k__seed59__natural_source_order,arxiv_nomic_100k__seed71__random,RM-B1,250,4,CERTIFIED,0.028,0.028,0.0,0.05194700438197347,879.744,819.5,1214.4499999999996,0.8188004725740621,SEMANTIC_REPAIR
arxiv_nomic_100k,1,arxiv_nomic_100k__seed59__natural_source_order,arxiv_nomic_100k__seed71__random,RM-B2,250,5,CERTIFIED,0.012,0.012,0.0,0.030720864145366192,1096.46,1011.0,1682.2999999999995,0.7741638091973986,SEMANTIC_REPAIR
arxiv_nomic_100k,1,arxiv_nomic_100k__seed59__random,arxiv_nomic_100k__seed43__cluster_block_order,RM-B1,80,6,CERTIFIED,0.004,0.004,0.0,0.018833965611186224,1496.972,1404.5,2194.8499999999995,0.6952525278023651,SEMANTIC_REPAIR
arxiv_nomic_100k,1,arxiv_nomic_100k__seed59__random,arxiv_nomic_100k__seed43__cluster_block_order,RM-B2,80,6,CERTIFIED,0.004,0.004,0.0,0.018833965611186224,1496.972,1404.5,2194.8499999999995,0.6952525278023651,SEMANTIC_REPAIR
arxiv_nomic_100k,1,arxiv_nomic_100k__seed59__random,arxiv_nomic_100k__seed43__cluster_block_order,RM-B1,128,5,CERTIFIED,0.008,0.008,0.0,0.02496768176927198,1123.004,1042.0,1749.1499999999999,0.7713834124700845,SEMANTIC_REPAIR
arxiv_nomic_100k,1,arxiv_nomic_100k__seed59__random,arxiv_nomic_100k__seed43__cluster_block_order,RM-B2,128,4,CERTIFIED,0.012,0.012,0.0,0.030720864145366192,904.724,845.0,1284.5499999999997,0.8158199672161317,SEMANTIC_REPAIR
arxiv_nomic_100k,1,arxiv_nomic_100k__seed59__random,arxiv_nomic_100k__seed43__cluster_block_order,RM-B1,250,5,CERTIFIED,0.008,0.008,0.0,0.02496768176927198,1123.004,1042.0,1749.1499999999999,0.7713834124700845,SEMANTIC_REPAIR
arxiv_nomic_100k,1,arxiv_nomic_100k__seed59__random,arxiv_nomic_100k__seed43__cluster_block_order,RM-B2,250,4,CERTIFIED,0.012,0.012,0.0,0.030720864145366192,904.724,845.0,1284.5499999999997,0.8158199672161317,SEMANTIC_REPAIR
arxiv_nomic_100k,1,arxiv_nomic_100k__seed59__random,arxiv_nomic_100k__seed43__natural_source_order,RM-B1,80,6,CERTIFIED,0.0,0.0,0.0,0.011911419714980633,1486.096,1382.5,2015.8999999999996,0.6937821600686411,SEMANTIC_REPAIR
arxiv_nomic_100k,1,arxiv_nomic_100k__seed59__random,arxiv_nomic_100k__seed43__natural_source_order,RM-B2,80,3,CERTIFIED,0.056,0.056,0.0,0.08616164215725003,721.14,619.5,962.5999999999995,0.8514053378192928,SEMANTIC_REPAIR
arxiv_nomic_100k,1,arxiv_nomic_100k__seed59__random,arxiv_nomic_100k__seed43__natural_source_order,RM-B1,128,5,CERTIFIED,0.0,0.0,0.0,0.011911419714980633,1130.568,1007.0,1620.9499999999991,0.7670405607339522,SEMANTIC_REPAIR
arxiv_nomic_100k,1,arxiv_nomic_100k__seed59__random,arxiv_nomic_100k__seed43__natural_source_order,RM-B2,128,4,CERTIFIED,0.016,0.016,0.0,0.03623796513686767,923.088,818.0,1201.2999999999995,0.8097928980183258,SEMANTIC_REPAIR
arxiv_nomic_100k,1,arxiv_nomic_100k__seed59__random,arxiv_nomic_100k__seed43__natural_source_order,RM-B1,250,5,CERTIFIED,0.0,0.0,0.0,0.011911419714980633,1130.568,1007.0,1620.9499999999991,0.7670405607339522,SEMANTIC_REPAIR
arxiv_nomic_100k,1,arxiv_nomic_100k__seed59__random,arxiv_nomic_100k__seed43__natural_source_order,RM-B2,250,4,CERTIFIED,0.016,0.016,0.0,0.03623796513686767,923.088,818.0,1201.2999999999995,0.8097928980183258,SEMANTIC_REPAIR
arxiv_nomic_100k,1,arxiv_nomic_100k__seed59__random,arxiv_nomic_100k__seed43__random,RM-B1,80,6,CERTIFIED,0.004,0.004,0.0,0.018833965611186224,1471.284,1355.5,2062.7499999999995,0.6966704931173369,SEMANTIC_REPAIR
arxiv_nomic_100k,1,arxiv_nomic_100k__seed59__random,arxiv_nomic_100k__seed43__random,RM-B2,80,5,CERTIFIED,0.012,0.012,0.0,0.030720864145366192,1109.84,1006.5,1640.7999999999997,0.7711881459197172,SEMANTIC_REPAIR
arxiv_nomic_100k,1,arxiv_nomic_100k__seed59__random,arxiv_nomic_100k__seed43__random,RM-B1,128,5,CERTIFIED,0.012,0.012,0.0,0.030720864145366192,1109.84,1006.5,1640.7999999999997,0.7711881459197172,SEMANTIC_REPAIR
arxiv_nomic_100k,1,arxiv_nomic_100k__seed59__random,arxiv_nomic_100k__seed43__random,RM-B2,128,5,CERTIFIED,0.012,0.012,0.0,0.030720864145366192,1109.84,1006.5,1640.7999999999997,0.7711881459197172,SEMANTIC_REPAIR
arxiv_nomic_100k,1,arxiv_nomic_100k__seed59__random,arxiv_nomic_100k__seed43__random,RM-B1,250,5,CERTIFIED,0.012,0.012,0.0,0.030720864145366192,1109.84,1006.5,1640.7999999999997,0.7711881459197172,SEMANTIC_REPAIR
arxiv_nomic_100k,1,arxiv_nomic_100k__seed59__random,arxiv_nomic_100k__seed43__random,RM-B2,250,5,CERTIFIED,0.012,0.012,0.0,0.030720864145366192,1109.84,1006.5,1640.7999999999997,0.7711881459197172,SEMANTIC_REPAIR
arxiv_nomic_100k,1,arxiv_nomic_100k__seed59__random,arxiv_nomic_100k__seed59__cluster_block_order,RM-B1,80,6,CERTIFIED,0.004,0.004,0.0,0.018833965611186224,1486.592,1386.0,2037.3499999999997,0.69712369872101,SEMANTIC_REPAIR
arxiv_nomic_100k,1,arxiv_nomic_100k__seed59__random,arxiv_nomic_100k__seed59__cluster_block_order,RM-B2,80,3,CERTIFIED,0.048,0.048,0.0,0.07661134159084108,715.984,620.5,974.8999999999996,0.854126360363209,SEMANTIC_REPAIR
arxiv_nomic_100k,1,arxiv_nomic_100k__seed59__random,arxiv_nomic_100k__seed59__cluster_block_order,RM-B1,128,5,CERTIFIED,0.008,0.008,0.0,0.02496768176927198,1127.452,1029.0,1664.199999999999,0.770294410551382,SEMANTIC_REPAIR
arxiv_nomic_100k,1,arxiv_nomic_100k__seed59__random,arxiv_nomic_100k__seed59__cluster_block_order,RM-B2,128,4,CERTIFIED,0.024,0.024,0.0,0.04681743080651248,921.464,834.5,1192.1,0.8122621350836388,SEMANTIC_REPAIR
arxiv_nomic_100k,1,arxiv_nomic_100k__seed59__random,arxiv_nomic_100k__seed59__cluster_block_order,RM-B1,250,5,CERTIFIED,0.008,0.008,0.0,0.02496768176927198,1127.452,1029.0,1664.199999999999,0.770294410551382,SEMANTIC_REPAIR
arxiv_nomic_100k,1,arxiv_nomic_100k__seed59__random,arxiv_nomic_100k__seed59__cluster_block_order,RM-B2,250,4,CERTIFIED,0.024,0.024,0.0,0.04681743080651248,921.464,834.5,1192.1,0.8122621350836388,SEMANTIC_REPAIR
arxiv_nomic_100k,1,arxiv_nomic_100k__seed59__random,arxiv_nomic_100k__seed59__natural_source_order,RM-B1,80,6,CERTIFIED,0.0,0.0,0.0,0.011911419714980633,1439.812,1378.5,2074.799999999999,0.7033568728413304,SEMANTIC_REPAIR
arxiv_nomic_100k,1,arxiv_nomic_100k__seed59__random,arxiv_nomic_100k__seed59__natural_source_order,RM-B2,80,7,CERTIFIED,0.0,0.0,0.0,0.011911419714980633,1809.8,1710.5,2817.7999999999975,0.6271285893354409,SEMANTIC_REPAIR
arxiv_nomic_100k,1,arxiv_nomic_100k__seed59__random,arxiv_nomic_100k__seed59__natural_source_order,RM-B1,128,5,CERTIFIED,0.0,0.0,0.0,0.011911419714980633,1077.468,1010.5,1650.0499999999995,0.7780102701370752,SEMANTIC_REPAIR
arxiv_nomic_100k,1,arxiv_nomic_100k__seed59__random,arxiv_nomic_100k__seed59__natural_source_order,RM-B2,128,7,CERTIFIED,0.0,0.0,0.0,0.011911419714980633,1809.8,1710.5,2817.7999999999975,0.6271285893354409,SEMANTIC_REPAIR
arxiv_nomic_100k,1,arxiv_nomic_100k__seed59__random,arxiv_nomic_100k__seed59__natural_source_order,RM-B1,250,5,CERTIFIED,0.0,0.0,0.0,0.011911419714980633,1077.468,1010.5,1650.0499999999995,0.7780102701370752,SEMANTIC_REPAIR
arxiv_nomic_100k,1,arxiv_nomic_100k__seed59__random,arxiv_nomic_100k__seed59__natural_source_order,RM-B2,250,4,CERTIFIED,0.016,0.016,0.0,0.03623796513686767,863.34,814.0,1240.3999999999996,0.8221268628118353,SEMANTIC_REPAIR
arxiv_nomic_100k,1,arxiv_nomic_100k__seed59__random,arxiv_nomic_100k__seed71__cluster_block_order,RM-B1,80,6,CERTIFIED,0.004,0.004,0.0,0.018833965611186224,1553.42,1403.5,2234.0499999999984,0.6844740652151658,SEMANTIC_REPAIR
arxiv_nomic_100k,1,arxiv_nomic_100k__seed59__random,arxiv_nomic_100k__seed71__cluster_block_order,RM-B2,80,6,CERTIFIED,0.004,0.004,0.0,0.018833965611186224,1553.42,1403.5,2234.0499999999984,0.6844740652151658,SEMANTIC_REPAIR
arxiv_nomic_100k,1,arxiv_nomic_100k__seed59__random,arxiv_nomic_100k__seed71__cluster_block_order,RM-B1,128,5,CERTIFIED,0.008,0.008,0.0,0.02496768176927198,1200.156,1043.5,1820.4999999999984,0.7562279719666108,SEMANTIC_REPAIR
arxiv_nomic_100k,1,arxiv_nomic_100k__seed59__random,arxiv_nomic_100k__seed71__cluster_block_order,RM-B2,128,4,CERTIFIED,0.012,0.012,0.0,0.030720864145366192,989.148,844.5,1344.6499999999996,0.7990872736667809,SEMANTIC_REPAIR
arxiv_nomic_100k,1,arxiv_nomic_100k__seed59__random,arxiv_nomic_100k__seed71__cluster_block_order,RM-B1,250,5,CERTIFIED,0.008,0.008,0.0,0.02496768176927198,1200.156,1043.5,1820.4999999999984,0.7562279719666108,SEMANTIC_REPAIR
arxiv_nomic_100k,1,arxiv_nomic_100k__seed59__random,arxiv_nomic_100k__seed71__cluster_block_order,RM-B2,250,4,CERTIFIED,0.012,0.012,0.0,0.030720864145366192,989.148,844.5,1344.6499999999996,0.7990872736667809,SEMANTIC_REPAIR
arxiv_nomic_100k,1,arxiv_nomic_100k__seed59__random,arxiv_nomic_100k__seed71__natural_source_order,RM-B1,80,6,CERTIFIED,0.0,0.0,0.0,0.011911419714980633,1489.572,1376.5,2134.75,0.6935929778484293,SEMANTIC_REPAIR
arxiv_nomic_100k,1,arxiv_nomic_100k__seed59__random,arxiv_nomic_100k__seed71__natural_source_order,RM-B2,80,6,CERTIFIED,0.0,0.0,0.0,0.011911419714980633,1489.572,1376.5,2134.75,0.6935929778484293,SEMANTIC_REPAIR
arxiv_nomic_100k,1,arxiv_nomic_100k__seed59__random,arxiv_nomic_100k__seed71__natural_source_order,RM-B1,128,5,CERTIFIED,0.0,0.0,0.0,0.011911419714980633,1126.028,1020.5,1708.9499999999991,0.7683744818382134,SEMANTIC_REPAIR
arxiv_nomic_100k,1,arxiv_nomic_100k__seed59__random,arxiv_nomic_100k__seed71__natural_source_order,RM-B2,128,4,CERTIFIED,0.016,0.016,0.0,0.03623796513686767,914.492,831.0,1284.2499999999993,0.8118877298301566,SEMANTIC_REPAIR
arxiv_nomic_100k,1,arxiv_nomic_100k__seed59__random,arxiv_nomic_100k__seed71__natural_source_order,RM-B1,250,5,CERTIFIED,0.0,0.0,0.0,0.011911419714980633,1126.028,1020.5,1708.9499999999991,0.7683744818382134,SEMANTIC_REPAIR
arxiv_nomic_100k,1,arxiv_nomic_100k__seed59__random,arxiv_nomic_100k__seed71__natural_source_order,RM-B2,250,4,CERTIFIED,0.016,0.016,0.0,0.03623796513686767,914.492,831.0,1284.2499999999993,0.8118877298301566,SEMANTIC_REPAIR
arxiv_nomic_100k,1,arxiv_nomic_100k__seed59__random,arxiv_nomic_100k__seed71__random,RM-B1,80,6,CERTIFIED,0.004,0.004,0.0,0.018833965611186224,1491.596,1354.0,2191.8999999999987,0.6927782510475556,SEMANTIC_REPAIR
arxiv_nomic_100k,1,arxiv_nomic_100k__seed59__random,arxiv_nomic_100k__seed71__random,RM-B2,80,5,CERTIFIED,0.012,0.012,0.0,0.030720864145366192,1140.516,1011.0,1753.9499999999998,0.7650896621952284,SEMANTIC_REPAIR
arxiv_nomic_100k,1,arxiv_nomic_100k__seed59__random,arxiv_nomic_100k__seed71__random,RM-B1,128,5,CERTIFIED,0.012,0.012,0.0,0.030720864145366192,1140.516,1011.0,1753.9499999999998,0.7650896621952284,SEMANTIC_REPAIR
arxiv_nomic_100k,1,arxiv_nomic_100k__seed59__random,arxiv_nomic_100k__seed71__random,RM-B2,128,5,CERTIFIED,0.012,0.012,0.0,0.030720864145366192,1140.516,1011.0,1753.9499999999998,0.7650896621952284,SEMANTIC_REPAIR
arxiv_nomic_100k,1,arxiv_nomic_100k__seed59__random,arxiv_nomic_100k__seed71__random,RM-B1,250,5,CERTIFIED,0.012,0.012,0.0,0.030720864145366192,1140.516,1011.0,1753.9499999999998,0.7650896621952284,SEMANTIC_REPAIR
arxiv_nomic_100k,1,arxiv_nomic_100k__seed59__random,arxiv_nomic_100k__seed71__random,RM-B2,250,5,CERTIFIED,0.012,0.012,0.0,0.030720864145366192,1140.516,1011.0,1753.9499999999998,0.7650896621952284,SEMANTIC_REPAIR
arxiv_nomic_100k,1,arxiv_nomic_100k__seed71__cluster_block_order,arxiv_nomic_100k__seed43__cluster_block_order,RM-B1,80,6,CERTIFIED,0.004,0.004,0.0,0.018833965611186224,1486.712,1385.5,1914.3999999999996,0.6973412168792135,SEMANTIC_REPAIR
arxiv_nomic_100k,1,arxiv_nomic_100k__seed71__cluster_block_order,arxiv_nomic_100k__seed43__cluster_block_order,RM-B2,80,6,CERTIFIED,0.004,0.004,0.0,0.018833965611186224,1486.712,1385.5,1914.3999999999996,0.6973412168792135,SEMANTIC_REPAIR
arxiv_nomic_100k,1,arxiv_nomic_100k__seed71__cluster_block_order,arxiv_nomic_100k__seed43__cluster_block_order,RM-B1,128,6,CERTIFIED,0.004,0.004,0.0,0.018833965611186224,1486.712,1385.5,1914.3999999999996,0.6973412168792135,SEMANTIC_REPAIR
arxiv_nomic_100k,1,arxiv_nomic_100k__seed71__cluster_block_order,arxiv_nomic_100k__seed43__cluster_block_order,RM-B2,128,5,CERTIFIED,0.008,0.008,0.0,0.02496768176927198,1104.756,1039.0,1388.1499999999999,0.7750982661030599,SEMANTIC_REPAIR
arxiv_nomic_100k,1,arxiv_nomic_100k__seed71__cluster_block_order,arxiv_nomic_100k__seed43__cluster_block_order,RM-B1,250,4,CERTIFIED,0.012,0.012,0.0,0.030720864145366192,889.628,841.5,1131.0999999999997,0.8188931495069798,SEMANTIC_REPAIR
arxiv_nomic_100k,1,arxiv_nomic_100k__seed71__cluster_block_order,arxiv_nomic_100k__seed43__cluster_block_order,RM-B2,250,4,CERTIFIED,0.012,0.012,0.0,0.030720864145366192,889.628,841.5,1131.0999999999997,0.8188931495069798,SEMANTIC_REPAIR
arxiv_nomic_100k,1,arxiv_nomic_100k__seed71__cluster_block_order,arxiv_nomic_100k__seed43__natural_source_order,RM-B1,80,6,CERTIFIED,0.0,0.0,0.0,0.011911419714980633,1442.952,1380.5,1876.0499999999997,0.7026722065299724,SEMANTIC_REPAIR
arxiv_nomic_100k,1,arxiv_nomic_100k__seed71__cluster_block_order,arxiv_nomic_100k__seed43__natural_source_order,RM-B2,80,3,CERTIFIED,0.056,0.056,0.0,0.08616164215725003,654.32,618.5,836.0999999999999,0.8651739476965911,SEMANTIC_REPAIR
arxiv_nomic_100k,1,arxiv_nomic_100k__seed71__cluster_block_order,arxiv_nomic_100k__seed43__natural_source_order,RM-B1,128,6,CERTIFIED,0.0,0.0,0.0,0.011911419714980633,1442.952,1380.5,1876.0499999999997,0.7026722065299724,SEMANTIC_REPAIR
arxiv_nomic_100k,1,arxiv_nomic_100k__seed71__cluster_block_order,arxiv_nomic_100k__seed43__natural_source_order,RM-B2,128,4,CERTIFIED,0.024,0.024,0.0,0.04681743080651248,863.288,818.5,1092.55,0.8221150002431452,SEMANTIC_REPAIR
arxiv_nomic_100k,1,arxiv_nomic_100k__seed71__cluster_block_order,arxiv_nomic_100k__seed43__natural_source_order,RM-B1,250,4,CERTIFIED,0.024,0.024,0.0,0.04681743080651248,863.288,818.5,1092.55,0.8221150002431452,SEMANTIC_REPAIR
arxiv_nomic_100k,1,arxiv_nomic_100k__seed71__cluster_block_order,arxiv_nomic_100k__seed43__natural_source_order,RM-B2,250,4,CERTIFIED,0.024,0.024,0.0,0.04681743080651248,863.288,818.5,1092.55,0.8221150002431452,SEMANTIC_REPAIR
arxiv_nomic_100k,1,arxiv_nomic_100k__seed71__cluster_block_order,arxiv_nomic_100k__seed43__random,RM-B1,80,6,CERTIFIED,0.004,0.004,0.0,0.018833965611186224,1452.82,1366.5,1796.1999999999996,0.7004771518012357,SEMANTIC_REPAIR
arxiv_nomic_100k,1,arxiv_nomic_100k__seed71__cluster_block_order,arxiv_nomic_100k__seed43__random,RM-B2,80,6,CERTIFIED,0.004,0.004,0.0,0.018833965611186224,1452.82,1366.5,1796.1999999999996,0.7004771518012357,SEMANTIC_REPAIR
arxiv_nomic_100k,1,arxiv_nomic_100k__seed71__cluster_block_order,arxiv_nomic_100k__seed43__random,RM-B1,128,6,CERTIFIED,0.004,0.004,0.0,0.018833965611186224,1452.82,1366.5,1796.1999999999996,0.7004771518012357,SEMANTIC_REPAIR
arxiv_nomic_100k,1,arxiv_nomic_100k__seed71__cluster_block_order,arxiv_nomic_100k__seed43__random,RM-B2,128,5,CERTIFIED,0.012,0.012,0.0,0.030720864145366192,1078.22,1008.0,1367.3499999999997,0.7777071313825032,SEMANTIC_REPAIR
arxiv_nomic_100k,1,arxiv_nomic_100k__seed71__cluster_block_order,arxiv_nomic_100k__seed43__random,RM-B1,250,4,CERTIFIED,0.02,0.02,0.0,0.04158982878282098,868.712,817.0,1105.1999999999996,0.8209006673198023,SEMANTIC_REPAIR
arxiv_nomic_100k,1,arxiv_nomic_100k__seed71__cluster_block_order,arxiv_nomic_100k__seed43__random,RM-B2,250,5,CERTIFIED,0.012,0.012,0.0,0.030720864145366192,1078.22,1008.0,1367.3499999999997,0.7777071313825032,SEMANTIC_REPAIR
arxiv_nomic_100k,1,arxiv_nomic_100k__seed71__cluster_block_order,arxiv_nomic_100k__seed59__cluster_block_order,RM-B1,80,6,CERTIFIED,0.004,0.004,0.0,0.018833965611186224,1473.348,1378.0,1932.4999999999995,0.699822013883569,SEMANTIC_REPAIR
arxiv_nomic_100k,1,arxiv_nomic_100k__seed71__cluster_block_order,arxiv_nomic_100k__seed59__cluster_block_order,RM-B2,80,3,CERTIFIED,0.056,0.056,0.0,0.08616164215725003,667.524,619.0,852.1999999999999,0.8639995371057045,SEMANTIC_REPAIR
arxiv_nomic_100k,1,arxiv_nomic_100k__seed71__cluster_block_order,arxiv_nomic_100k__seed59__cluster_block_order,RM-B1,128,6,CERTIFIED,0.004,0.004,0.0,0.018833965611186224,1473.348,1378.0,1932.4999999999995,0.699822013883569,SEMANTIC_REPAIR
arxiv_nomic_100k,1,arxiv_nomic_100k__seed71__cluster_block_order,arxiv_nomic_100k__seed59__cluster_block_order,RM-B2,128,4,CERTIFIED,0.024,0.024,0.0,0.04681743080651248,882.808,834.0,1132.85,0.8201378577447594,SEMANTIC_REPAIR
arxiv_nomic_100k,1,arxiv_nomic_100k__seed71__cluster_block_order,arxiv_nomic_100k__seed59__cluster_block_order,RM-B1,250,4,CERTIFIED,0.024,0.024,0.0,0.04681743080651248,882.808,834.0,1132.85,0.8201378577447594,SEMANTIC_REPAIR
arxiv_nomic_100k,1,arxiv_nomic_100k__seed71__cluster_block_order,arxiv_nomic_100k__seed59__cluster_block_order,RM-B2,250,4,CERTIFIED,0.024,0.024,0.0,0.04681743080651248,882.808,834.0,1132.85,0.8201378577447594,SEMANTIC_REPAIR
arxiv_nomic_100k,1,arxiv_nomic_100k__seed71__cluster_block_order,arxiv_nomic_100k__seed59__natural_source_order,RM-B1,80,6,CERTIFIED,0.0,0.0,0.0,0.011911419714980633,1466.34,1375.5,1823.6,0.6978913336756163,SEMANTIC_REPAIR
arxiv_nomic_100k,1,arxiv_nomic_100k__seed71__cluster_block_order,arxiv_nomic_100k__seed59__natural_source_order,RM-B2,80,7,CERTIFIED,0.0,0.0,0.0,0.011911419714980633,1831.468,1709.0,2344.6999999999994,0.6226643514493321,SEMANTIC_REPAIR
arxiv_nomic_100k,1,arxiv_nomic_100k__seed71__cluster_block_order,arxiv_nomic_100k__seed59__natural_source_order,RM-B1,128,6,CERTIFIED,0.0,0.0,0.0,0.011911419714980633,1466.34,1375.5,1823.6,0.6978913336756163,SEMANTIC_REPAIR
arxiv_nomic_100k,1,arxiv_nomic_100k__seed71__cluster_block_order,arxiv_nomic_100k__seed59__natural_source_order,RM-B2,128,7,CERTIFIED,0.0,0.0,0.0,0.011911419714980633,1831.468,1709.0,2344.6999999999994,0.6226643514493321,SEMANTIC_REPAIR
arxiv_nomic_100k,1,arxiv_nomic_100k__seed71__cluster_block_order,arxiv_nomic_100k__seed59__natural_source_order,RM-B1,250,4,CERTIFIED,0.02,0.02,0.0,0.04158982878282098,879.1,813.0,1077.2499999999998,0.8188798446705636,SEMANTIC_REPAIR
arxiv_nomic_100k,1,arxiv_nomic_100k__seed71__cluster_block_order,arxiv_nomic_100k__seed59__natural_source_order,RM-B2,250,4,CERTIFIED,0.02,0.02,0.0,0.04158982878282098,879.1,813.0,1077.2499999999998,0.8188798446705636,SEMANTIC_REPAIR
arxiv_nomic_100k,1,arxiv_nomic_100k__seed71__cluster_block_order,arxiv_nomic_100k__seed59__random,RM-B1,80,6,CERTIFIED,0.004,0.004,0.0,0.018833965611186224,1457.936,1356.0,1884.6,0.6992870025229649,SEMANTIC_REPAIR
arxiv_nomic_100k,1,arxiv_nomic_100k__seed71__cluster_block_order,arxiv_nomic_100k__seed59__random,RM-B2,80,6,CERTIFIED,0.004,0.004,0.0,0.018833965611186224,1457.936,1356.0,1884.6,0.6992870025229649,SEMANTIC_REPAIR
arxiv_nomic_100k,1,arxiv_nomic_100k__seed71__cluster_block_order,arxiv_nomic_100k__seed59__random,RM-B1,128,6,CERTIFIED,0.004,0.004,0.0,0.018833965611186224,1457.936,1356.0,1884.6,0.6992870025229649,SEMANTIC_REPAIR
arxiv_nomic_100k,1,arxiv_nomic_100k__seed71__cluster_block_order,arxiv_nomic_100k__seed59__random,RM-B2,128,5,CERTIFIED,0.012,0.012,0.0,0.030720864145366192,1085.444,1009.0,1397.1499999999999,0.7761169771283082,SEMANTIC_REPAIR
arxiv_nomic_100k,1,arxiv_nomic_100k__seed71__cluster_block_order,arxiv_nomic_100k__seed59__random,RM-B1,250,4,CERTIFIED,0.024,0.024,0.0,0.04681743080651248,872.264,811.0,1133.4999999999998,0.8200873549790193,SEMANTIC_REPAIR
arxiv_nomic_100k,1,arxiv_nomic_100k__seed71__cluster_block_order,arxiv_nomic_100k__seed59__random,RM-B2,250,6,CERTIFIED,0.004,0.004,0.0,0.018833965611186224,1457.936,1356.0,1884.6,0.6992870025229649,SEMANTIC_REPAIR
arxiv_nomic_100k,1,arxiv_nomic_100k__seed71__cluster_block_order,arxiv_nomic_100k__seed71__natural_source_order,RM-B1,80,6,CERTIFIED,0.0,0.0,0.0,0.011911419714980633,1462.56,1368.5,1890.1999999999998,0.6991493836363727,SEMANTIC_REPAIR
arxiv_nomic_100k,1,arxiv_nomic_100k__seed71__cluster_block_order,arxiv_nomic_100k__seed71__natural_source_order,RM-B2,80,4,CERTIFIED,0.024,0.024,0.0,0.04681743080651248,880.444,830.0,1102.5499999999997,0.8188914505567926,SEMANTIC_REPAIR
arxiv_nomic_100k,1,arxiv_nomic_100k__seed71__cluster_block_order,arxiv_nomic_100k__seed71__natural_source_order,RM-B1,128,6,CERTIFIED,0.0,0.0,0.0,0.011911419714980633,1462.56,1368.5,1890.1999999999998,0.6991493836363727,SEMANTIC_REPAIR
arxiv_nomic_100k,1,arxiv_nomic_100k__seed71__cluster_block_order,arxiv_nomic_100k__seed71__natural_source_order,RM-B2,128,4,CERTIFIED,0.024,0.024,0.0,0.04681743080651248,880.444,830.0,1102.5499999999997,0.8188914505567926,SEMANTIC_REPAIR
arxiv_nomic_100k,1,arxiv_nomic_100k__seed71__cluster_block_order,arxiv_nomic_100k__seed71__natural_source_order,RM-B1,250,4,CERTIFIED,0.024,0.024,0.0,0.04681743080651248,880.444,830.0,1102.5499999999997,0.8188914505567926,SEMANTIC_REPAIR
arxiv_nomic_100k,1,arxiv_nomic_100k__seed71__cluster_block_order,arxiv_nomic_100k__seed71__natural_source_order,RM-B2,250,4,CERTIFIED,0.024,0.024,0.0,0.04681743080651248,880.444,830.0,1102.5499999999997,0.8188914505567926,SEMANTIC_REPAIR
arxiv_nomic_100k,1,arxiv_nomic_100k__seed71__cluster_block_order,arxiv_nomic_100k__seed71__random,RM-B1,80,6,CERTIFIED,0.004,0.004,0.0,0.018833965611186224,1452.732,1351.5,1905.55,0.7007830097431327,SEMANTIC_REPAIR
arxiv_nomic_100k,1,arxiv_nomic_100k__seed71__cluster_block_order,arxiv_nomic_100k__seed71__random,RM-B2,80,6,CERTIFIED,0.004,0.004,0.0,0.018833965611186224,1452.732,1351.5,1905.55,0.7007830097431327,SEMANTIC_REPAIR
arxiv_nomic_100k,1,arxiv_nomic_100k__seed71__cluster_block_order,arxiv_nomic_100k__seed71__random,RM-B1,128,6,CERTIFIED,0.004,0.004,0.0,0.018833965611186224,1452.732,1351.5,1905.55,0.7007830097431327,SEMANTIC_REPAIR
arxiv_nomic_100k,1,arxiv_nomic_100k__seed71__cluster_block_order,arxiv_nomic_100k__seed71__random,RM-B2,128,5,CERTIFIED,0.012,0.012,0.0,0.030720864145366192,1085.972,1011.0,1466.9999999999993,0.7763240065316722,SEMANTIC_REPAIR
arxiv_nomic_100k,1,arxiv_nomic_100k__seed71__cluster_block_order,arxiv_nomic_100k__seed71__random,RM-B1,250,4,CERTIFIED,0.028,0.028,0.0,0.05194700438197347,871.664,816.5,1107.0,0.8204646978277741,SEMANTIC_REPAIR
arxiv_nomic_100k,1,arxiv_nomic_100k__seed71__cluster_block_order,arxiv_nomic_100k__seed71__random,RM-B2,250,5,CERTIFIED,0.012,0.012,0.0,0.030720864145366192,1085.972,1011.0,1466.9999999999993,0.7763240065316722,SEMANTIC_REPAIR
arxiv_nomic_100k,1,arxiv_nomic_100k__seed71__natural_source_order,arxiv_nomic_100k__seed43__cluster_block_order,RM-B1,80,6,CERTIFIED,0.004,0.004,0.0,0.018833965611186224,1464.636,1410.5,2064.7,0.7018353591853054,SEMANTIC_REPAIR
arxiv_nomic_100k,1,arxiv_nomic_100k__seed71__natural_source_order,arxiv_nomic_100k__seed43__cluster_block_order,RM-B2,80,5,CERTIFIED,0.008,0.008,0.0,0.02496768176927198,1099.92,1048.0,1669.1499999999994,0.7760827593170597,SEMANTIC_REPAIR
arxiv_nomic_100k,1,arxiv_nomic_100k__seed71__natural_source_order,arxiv_nomic_100k__seed43__cluster_block_order,RM-B1,128,5,CERTIFIED,0.008,0.008,0.0,0.02496768176927198,1099.92,1048.0,1669.1499999999994,0.7760827593170597,SEMANTIC_REPAIR
arxiv_nomic_100k,1,arxiv_nomic_100k__seed71__natural_source_order,arxiv_nomic_100k__seed43__cluster_block_order,RM-B2,128,5,CERTIFIED,0.008,0.008,0.0,0.02496768176927198,1099.92,1048.0,1669.1499999999994,0.7760827593170597,SEMANTIC_REPAIR
arxiv_nomic_100k,1,arxiv_nomic_100k__seed71__natural_source_order,arxiv_nomic_100k__seed43__cluster_block_order,RM-B1,250,5,CERTIFIED,0.008,0.008,0.0,0.02496768176927198,1099.92,1048.0,1669.1499999999994,0.7760827593170597,SEMANTIC_REPAIR
arxiv_nomic_100k,1,arxiv_nomic_100k__seed71__natural_source_order,arxiv_nomic_100k__seed43__cluster_block_order,RM-B2,250,4,CERTIFIED,0.016,0.016,0.0,0.03623796513686767,875.812,848.0,1185.0,0.8217057546030554,SEMANTIC_REPAIR
arxiv_nomic_100k,1,arxiv_nomic_100k__seed71__natural_source_order,arxiv_nomic_100k__seed43__natural_source_order,RM-B1,80,6,CERTIFIED,0.0,0.0,0.0,0.011911419714980633,1444.22,1391.0,1974.0499999999988,0.7024109285095531,SEMANTIC_REPAIR
arxiv_nomic_100k,1,arxiv_nomic_100k__seed71__natural_source_order,arxiv_nomic_100k__seed43__natural_source_order,RM-B2,80,4,CERTIFIED,0.02,0.02,0.0,0.04158982878282098,862.164,827.0,1173.9499999999998,0.8223466063117187,SEMANTIC_REPAIR
arxiv_nomic_100k,1,arxiv_nomic_100k__seed71__natural_source_order,arxiv_nomic_100k__seed43__natural_source_order,RM-B1,128,5,CERTIFIED,0.0,0.0,0.0,0.011911419714980633,1085.352,1015.0,1569.1999999999996,0.776357553613508,SEMANTIC_REPAIR
arxiv_nomic_100k,1,arxiv_nomic_100k__seed71__natural_source_order,arxiv_nomic_100k__seed43__natural_source_order,RM-B2,128,4,CERTIFIED,0.02,0.02,0.0,0.04158982878282098,862.164,827.0,1173.9499999999998,0.8223466063117187,SEMANTIC_REPAIR
arxiv_nomic_100k,1,arxiv_nomic_100k__seed71__natural_source_order,arxiv_nomic_100k__seed43__natural_source_order,RM-B1,250,5,CERTIFIED,0.0,0.0,0.0,0.011911419714980633,1085.352,1015.0,1569.1999999999996,0.776357553613508,SEMANTIC_REPAIR
arxiv_nomic_100k,1,arxiv_nomic_100k__seed71__natural_source_order,arxiv_nomic_100k__seed43__natural_source_order,RM-B2,250,4,CERTIFIED,0.02,0.02,0.0,0.04158982878282098,862.164,827.0,1173.9499999999998,0.8223466063117187,SEMANTIC_REPAIR
arxiv_nomic_100k,1,arxiv_nomic_100k__seed71__natural_source_order,arxiv_nomic_100k__seed43__random,RM-B1,80,6,CERTIFIED,0.004,0.004,0.0,0.018833965611186224,1439.38,1379.5,2026.6499999999996,0.7032480298727045,SEMANTIC_REPAIR
arxiv_nomic_100k,1,arxiv_nomic_100k__seed71__natural_source_order,arxiv_nomic_100k__seed43__random,RM-B2,80,6,CERTIFIED,0.004,0.004,0.0,0.018833965611186224,1439.38,1379.5,2026.6499999999996,0.7032480298727045,SEMANTIC_REPAIR
arxiv_nomic_100k,1,arxiv_nomic_100k__seed71__natural_source_order,arxiv_nomic_100k__seed43__random,RM-B1,128,5,CERTIFIED,0.012,0.012,0.0,0.030720864145366192,1078.24,1016.0,1612.1999999999996,0.7777030080520397,SEMANTIC_REPAIR
arxiv_nomic_100k,1,arxiv_nomic_100k__seed71__natural_source_order,arxiv_nomic_100k__seed43__random,RM-B2,128,5,CERTIFIED,0.012,0.012,0.0,0.030720864145366192,1078.24,1016.0,1612.1999999999996,0.7777030080520397,SEMANTIC_REPAIR
arxiv_nomic_100k,1,arxiv_nomic_100k__seed71__natural_source_order,arxiv_nomic_100k__seed43__random,RM-B1,250,5,CERTIFIED,0.012,0.012,0.0,0.030720864145366192,1078.24,1016.0,1612.1999999999996,0.7777030080520397,SEMANTIC_REPAIR
arxiv_nomic_100k,1,arxiv_nomic_100k__seed71__natural_source_order,arxiv_nomic_100k__seed43__random,RM-B2,250,5,CERTIFIED,0.012,0.012,0.0,0.030720864145366192,1078.24,1016.0,1612.1999999999996,0.7777030080520397,SEMANTIC_REPAIR
arxiv_nomic_100k,1,arxiv_nomic_100k__seed71__natural_source_order,arxiv_nomic_100k__seed59__cluster_block_order,RM-B1,80,6,CERTIFIED,0.004,0.004,0.0,0.018833965611186224,1449.12,1402.5,2004.9999999999993,0.704758194777444,SEMANTIC_REPAIR
arxiv_nomic_100k,1,arxiv_nomic_100k__seed71__natural_source_order,arxiv_nomic_100k__seed59__cluster_block_order,RM-B2,80,3,CERTIFIED,0.052,0.052,0.0,0.08140399950699219,660.74,626.0,930.4499999999997,0.8653817003541793,SEMANTIC_REPAIR
arxiv_nomic_100k,1,arxiv_nomic_100k__seed71__natural_source_order,arxiv_nomic_100k__seed59__cluster_block_order,RM-B1,128,5,CERTIFIED,0.008,0.008,0.0,0.02496768176927198,1086.112,1038.0,1571.1499999999999,0.7787169678467755,SEMANTIC_REPAIR
arxiv_nomic_100k,1,arxiv_nomic_100k__seed71__natural_source_order,arxiv_nomic_100k__seed59__cluster_block_order,RM-B2,128,4,CERTIFIED,0.02,0.02,0.0,0.04158982878282098,868.284,838.0,1157.2999999999995,0.8230969584258986,SEMANTIC_REPAIR
arxiv_nomic_100k,1,arxiv_nomic_100k__seed71__natural_source_order,arxiv_nomic_100k__seed59__cluster_block_order,RM-B1,250,5,CERTIFIED,0.008,0.008,0.0,0.02496768176927198,1086.112,1038.0,1571.1499999999999,0.7787169678467755,SEMANTIC_REPAIR
arxiv_nomic_100k,1,arxiv_nomic_100k__seed71__natural_source_order,arxiv_nomic_100k__seed59__cluster_block_order,RM-B2,250,4,CERTIFIED,0.02,0.02,0.0,0.04158982878282098,868.284,838.0,1157.2999999999995,0.8230969584258986,SEMANTIC_REPAIR
arxiv_nomic_100k,1,arxiv_nomic_100k__seed71__natural_source_order,arxiv_nomic_100k__seed59__natural_source_order,RM-B1,80,6,CERTIFIED,0.0,0.0,0.0,0.011911419714980633,1437.048,1394.0,1989.2499999999984,0.7039263371904723,SEMANTIC_REPAIR
arxiv_nomic_100k,1,arxiv_nomic_100k__seed71__natural_source_order,arxiv_nomic_100k__seed59__natural_source_order,RM-B2,80,6,CERTIFIED,0.0,0.0,0.0,0.011911419714980633,1437.048,1394.0,1989.2499999999984,0.7039263371904723,SEMANTIC_REPAIR
arxiv_nomic_100k,1,arxiv_nomic_100k__seed71__natural_source_order,arxiv_nomic_100k__seed59__natural_source_order,RM-B1,128,5,CERTIFIED,0.0,0.0,0.0,0.011911419714980633,1079.412,1023.5,1562.9499999999991,0.7776097496252331,SEMANTIC_REPAIR
arxiv_nomic_100k,1,arxiv_nomic_100k__seed71__natural_source_order,arxiv_nomic_100k__seed59__natural_source_order,RM-B2,128,6,CERTIFIED,0.0,0.0,0.0,0.011911419714980633,1437.048,1394.0,1989.2499999999984,0.7039263371904723,SEMANTIC_REPAIR
arxiv_nomic_100k,1,arxiv_nomic_100k__seed71__natural_source_order,arxiv_nomic_100k__seed59__natural_source_order,RM-B1,250,5,CERTIFIED,0.0,0.0,0.0,0.011911419714980633,1079.412,1023.5,1562.9499999999991,0.7776097496252331,SEMANTIC_REPAIR
arxiv_nomic_100k,1,arxiv_nomic_100k__seed71__natural_source_order,arxiv_nomic_100k__seed59__natural_source_order,RM-B2,250,4,CERTIFIED,0.02,0.02,0.0,0.04158982878282098,859.688,821.0,1153.55,0.8228792809750285,SEMANTIC_REPAIR
arxiv_nomic_100k,1,arxiv_nomic_100k__seed71__natural_source_order,arxiv_nomic_100k__seed59__random,RM-B1,80,6,CERTIFIED,0.004,0.004,0.0,0.018833965611186224,1449.372,1363.0,2035.1,0.7010534079827336,SEMANTIC_REPAIR
arxiv_nomic_100k,1,arxiv_nomic_100k__seed71__natural_source_order,arxiv_nomic_100k__seed59__random,RM-B2,80,6,CERTIFIED,0.004,0.004,0.0,0.018833965611186224,1449.372,1363.0,2035.1,0.7010534079827336,SEMANTIC_REPAIR
arxiv_nomic_100k,1,arxiv_nomic_100k__seed71__natural_source_order,arxiv_nomic_100k__seed59__random,RM-B1,128,5,CERTIFIED,0.012,0.012,0.0,0.030720864145366192,1087.524,1012.5,1653.4999999999998,0.7756879575864681,SEMANTIC_REPAIR
arxiv_nomic_100k,1,arxiv_nomic_100k__seed71__natural_source_order,arxiv_nomic_100k__seed59__random,RM-B2,128,4,CERTIFIED,0.024,0.024,0.0,0.04681743080651248,865.092,814.0,1201.0999999999997,0.8215666473607873,SEMANTIC_REPAIR
arxiv_nomic_100k,1,arxiv_nomic_100k__seed71__natural_source_order,arxiv_nomic_100k__seed59__random,RM-B1,250,5,CERTIFIED,0.012,0.012,0.0,0.030720864145366192,1087.524,1012.5,1653.4999999999998,0.7756879575864681,SEMANTIC_REPAIR
arxiv_nomic_100k,1,arxiv_nomic_100k__seed71__natural_source_order,arxiv_nomic_100k__seed59__random,RM-B2,250,6,CERTIFIED,0.004,0.004,0.0,0.018833965611186224,1449.372,1363.0,2035.1,0.7010534079827336,SEMANTIC_REPAIR
arxiv_nomic_100k,1,arxiv_nomic_100k__seed71__natural_source_order,arxiv_nomic_100k__seed71__cluster_block_order,RM-B1,80,6,CERTIFIED,0.004,0.004,0.0,0.018833965611186224,1461.58,1411.0,2077.999999999999,0.7031283260400807,SEMANTIC_REPAIR
arxiv_nomic_100k,1,arxiv_nomic_100k__seed71__natural_source_order,arxiv_nomic_100k__seed71__cluster_block_order,RM-B2,80,5,CERTIFIED,0.008,0.008,0.0,0.02496768176927198,1100.54,1053.5,1670.1499999999994,0.7764616702063181,SEMANTIC_REPAIR
arxiv_nomic_100k,1,arxiv_nomic_100k__seed71__natural_source_order,arxiv_nomic_100k__seed71__cluster_block_order,RM-B1,128,5,CERTIFIED,0.008,0.008,0.0,0.02496768176927198,1100.54,1053.5,1670.1499999999994,0.7764616702063181,SEMANTIC_REPAIR
arxiv_nomic_100k,1,arxiv_nomic_100k__seed71__natural_source_order,arxiv_nomic_100k__seed71__cluster_block_order,RM-B2,128,4,CERTIFIED,0.02,0.02,0.0,0.04158982878282098,881.892,851.5,1182.6499999999999,0.8208727854158779,SEMANTIC_REPAIR
arxiv_nomic_100k,1,arxiv_nomic_100k__seed71__natural_source_order,arxiv_nomic_100k__seed71__cluster_block_order,RM-B1,250,5,CERTIFIED,0.008,0.008,0.0,0.02496768176927198,1100.54,1053.5,1670.1499999999994,0.7764616702063181,SEMANTIC_REPAIR
arxiv_nomic_100k,1,arxiv_nomic_100k__seed71__natural_source_order,arxiv_nomic_100k__seed71__cluster_block_order,RM-B2,250,4,CERTIFIED,0.02,0.02,0.0,0.04158982878282098,881.892,851.5,1182.6499999999999,0.8208727854158779,SEMANTIC_REPAIR
arxiv_nomic_100k,1,arxiv_nomic_100k__seed71__natural_source_order,arxiv_nomic_100k__seed71__random,RM-B1,80,6,CERTIFIED,0.004,0.004,0.0,0.018833965611186224,1436.852,1371.0,2026.8999999999996,0.7040537890783982,SEMANTIC_REPAIR
arxiv_nomic_100k,1,arxiv_nomic_100k__seed71__natural_source_order,arxiv_nomic_100k__seed71__random,RM-B2,80,5,CERTIFIED,0.012,0.012,0.0,0.030720864145366192,1078.88,1019.0,1638.9499999999991,0.777784734935054,SEMANTIC_REPAIR
arxiv_nomic_100k,1,arxiv_nomic_100k__seed71__natural_source_order,arxiv_nomic_100k__seed71__random,RM-B1,128,5,CERTIFIED,0.012,0.012,0.0,0.030720864145366192,1078.88,1019.0,1638.9499999999991,0.777784734935054,SEMANTIC_REPAIR
arxiv_nomic_100k,1,arxiv_nomic_100k__seed71__natural_source_order,arxiv_nomic_100k__seed71__random,RM-B2,128,4,CERTIFIED,0.028,0.028,0.0,0.05194700438197347,860.032,825.0,1177.0999999999997,0.8228605230940089,SEMANTIC_REPAIR
arxiv_nomic_100k,1,arxiv_nomic_100k__seed71__natural_source_order,arxiv_nomic_100k__seed71__random,RM-B1,250,5,CERTIFIED,0.012,0.012,0.0,0.030720864145366192,1078.88,1019.0,1638.9499999999991,0.777784734935054,SEMANTIC_REPAIR
arxiv_nomic_100k,1,arxiv_nomic_100k__seed71__natural_source_order,arxiv_nomic_100k__seed71__random,RM-B2,250,5,CERTIFIED,0.012,0.012,0.0,0.030720864145366192,1078.88,1019.0,1638.9499999999991,0.777784734935054,SEMANTIC_REPAIR
arxiv_nomic_100k,1,arxiv_nomic_100k__seed71__random,arxiv_nomic_100k__seed43__cluster_block_order,RM-B1,80,6,CERTIFIED,0.004,0.004,0.0,0.018833965611186224,1475.288,1402.0,2194.8499999999995,0.699666868342558,SEMANTIC_REPAIR
arxiv_nomic_100k,1,arxiv_nomic_100k__seed71__random,arxiv_nomic_100k__seed43__cluster_block_order,RM-B2,80,6,CERTIFIED,0.004,0.004,0.0,0.018833965611186224,1475.288,1402.0,2194.8499999999995,0.699666868342558,SEMANTIC_REPAIR
arxiv_nomic_100k,1,arxiv_nomic_100k__seed71__random,arxiv_nomic_100k__seed43__cluster_block_order,RM-B1,128,5,CERTIFIED,0.008,0.008,0.0,0.02496768176927198,1107.876,1040.0,1730.7499999999995,0.774463109190802,SEMANTIC_REPAIR
arxiv_nomic_100k,1,arxiv_nomic_100k__seed71__random,arxiv_nomic_100k__seed43__cluster_block_order,RM-B2,128,6,CERTIFIED,0.004,0.004,0.0,0.018833965611186224,1475.288,1402.0,2194.8499999999995,0.699666868342558,SEMANTIC_REPAIR
arxiv_nomic_100k,1,arxiv_nomic_100k__seed71__random,arxiv_nomic_100k__seed43__cluster_block_order,RM-B1,250,5,CERTIFIED,0.008,0.008,0.0,0.02496768176927198,1107.876,1040.0,1730.7499999999995,0.774463109190802,SEMANTIC_REPAIR
arxiv_nomic_100k,1,arxiv_nomic_100k__seed71__random,arxiv_nomic_100k__seed43__cluster_block_order,RM-B2,250,4,CERTIFIED,0.012,0.012,0.0,0.030720864145366192,882.0,842.5,1278.3499999999995,0.8204460267270771,SEMANTIC_REPAIR
arxiv_nomic_100k,1,arxiv_nomic_100k__seed71__random,arxiv_nomic_100k__seed43__natural_source_order,RM-B1,80,6,CERTIFIED,0.0,0.0,0.0,0.011911419714980633,1448.068,1383.0,2036.85,0.7016180280185648,SEMANTIC_REPAIR
arxiv_nomic_100k,1,arxiv_nomic_100k__seed71__random,arxiv_nomic_100k__seed43__natural_source_order,RM-B2,80,3,CERTIFIED,0.052,0.052,0.0,0.08140399950699219,660.564,620.0,1010.3999999999999,0.8638873388957253,SEMANTIC_REPAIR
arxiv_nomic_100k,1,arxiv_nomic_100k__seed71__random,arxiv_nomic_100k__seed43__natural_source_order,RM-B1,128,5,CERTIFIED,0.0,0.0,0.0,0.011911419714980633,1085.292,1010.5,1659.4999999999998,0.776369916926777,SEMANTIC_REPAIR
arxiv_nomic_100k,1,arxiv_nomic_100k__seed71__random,arxiv_nomic_100k__seed43__natural_source_order,RM-B2,128,4,CERTIFIED,0.02,0.02,0.0,0.04158982878282098,866.804,818.5,1235.6499999999999,0.8213905100855788,SEMANTIC_REPAIR
arxiv_nomic_100k,1,arxiv_nomic_100k__seed71__random,arxiv_nomic_100k__seed43__natural_source_order,RM-B1,250,5,CERTIFIED,0.0,0.0,0.0,0.011911419714980633,1085.292,1010.5,1659.4999999999998,0.776369916926777,SEMANTIC_REPAIR
arxiv_nomic_100k,1,arxiv_nomic_100k__seed71__random,arxiv_nomic_100k__seed43__natural_source_order,RM-B2,250,4,CERTIFIED,0.02,0.02,0.0,0.04158982878282098,866.804,818.5,1235.6499999999999,0.8213905100855788,SEMANTIC_REPAIR
arxiv_nomic_100k,1,arxiv_nomic_100k__seed71__random,arxiv_nomic_100k__seed43__random,RM-B1,80,6,CERTIFIED,0.004,0.004,0.0,0.018833965611186224,1455.788,1375.5,2117.449999999999,0.6998652495604529,SEMANTIC_REPAIR
arxiv_nomic_100k,1,arxiv_nomic_100k__seed71__random,arxiv_nomic_100k__seed43__random,RM-B2,80,5,CERTIFIED,0.012,0.012,0.0,0.030720864145366192,1092.012,1010.5,1712.6499999999999,0.7748636826948769,SEMANTIC_REPAIR
arxiv_nomic_100k,1,arxiv_nomic_100k__seed71__random,arxiv_nomic_100k__seed43__random,RM-B1,128,5,CERTIFIED,0.012,0.012,0.0,0.030720864145366192,1092.012,1010.5,1712.6499999999999,0.7748636826948769,SEMANTIC_REPAIR
arxiv_nomic_100k,1,arxiv_nomic_100k__seed71__random,arxiv_nomic_100k__seed43__random,RM-B2,128,5,CERTIFIED,0.012,0.012,0.0,0.030720864145366192,1092.012,1010.5,1712.6499999999999,0.7748636826948769,SEMANTIC_REPAIR
arxiv_nomic_100k,1,arxiv_nomic_100k__seed71__random,arxiv_nomic_100k__seed43__random,RM-B1,250,5,CERTIFIED,0.012,0.012,0.0,0.030720864145366192,1092.012,1010.5,1712.6499999999999,0.7748636826948769,SEMANTIC_REPAIR
arxiv_nomic_100k,1,arxiv_nomic_100k__seed71__random,arxiv_nomic_100k__seed43__random,RM-B2,250,5,CERTIFIED,0.012,0.012,0.0,0.030720864145366192,1092.012,1010.5,1712.6499999999999,0.7748636826948769,SEMANTIC_REPAIR
arxiv_nomic_100k,1,arxiv_nomic_100k__seed71__random,arxiv_nomic_100k__seed59__cluster_block_order,RM-B1,80,6,CERTIFIED,0.004,0.004,0.0,0.018833965611186224,1477.404,1382.0,2220.7999999999997,0.6989956497715681,SEMANTIC_REPAIR
arxiv_nomic_100k,1,arxiv_nomic_100k__seed71__random,arxiv_nomic_100k__seed59__cluster_block_order,RM-B2,80,5,CERTIFIED,0.008,0.008,0.0,0.02496768176927198,1109.012,1026.5,1765.55,0.7740513519284274,SEMANTIC_REPAIR
arxiv_nomic_100k,1,arxiv_nomic_100k__seed71__random,arxiv_nomic_100k__seed59__cluster_block_order,RM-B1,128,5,CERTIFIED,0.008,0.008,0.0,0.02496768176927198,1109.012,1026.5,1765.55,0.7740513519284274,SEMANTIC_REPAIR
arxiv_nomic_100k,1,arxiv_nomic_100k__seed71__random,arxiv_nomic_100k__seed59__cluster_block_order,RM-B2,128,5,CERTIFIED,0.008,0.008,0.0,0.02496768176927198,1109.012,1026.5,1765.55,0.7740513519284274,SEMANTIC_REPAIR
arxiv_nomic_100k,1,arxiv_nomic_100k__seed71__random,arxiv_nomic_100k__seed59__cluster_block_order,RM-B1,250,5,CERTIFIED,0.008,0.008,0.0,0.02496768176927198,1109.012,1026.5,1765.55,0.7740513519284274,SEMANTIC_REPAIR
arxiv_nomic_100k,1,arxiv_nomic_100k__seed71__random,arxiv_nomic_100k__seed59__cluster_block_order,RM-B2,250,4,CERTIFIED,0.016,0.016,0.0,0.03623796513686767,882.812,834.5,1284.0,0.8201370427900139,SEMANTIC_REPAIR
arxiv_nomic_100k,1,arxiv_nomic_100k__seed71__random,arxiv_nomic_100k__seed59__natural_source_order,RM-B1,80,6,CERTIFIED,0.0,0.0,0.0,0.011911419714980633,1457.38,1381.5,2184.85,0.69973735414172,SEMANTIC_REPAIR
arxiv_nomic_100k,1,arxiv_nomic_100k__seed71__random,arxiv_nomic_100k__seed59__natural_source_order,RM-B2,80,7,CERTIFIED,0.0,0.0,0.0,0.011911419714980633,1848.684,1716.5,2936.8999999999996,0.6191173549823186,SEMANTIC_REPAIR
arxiv_nomic_100k,1,arxiv_nomic_100k__seed71__random,arxiv_nomic_100k__seed59__natural_source_order,RM-B1,128,5,CERTIFIED,0.0,0.0,0.0,0.011911419714980633,1099.204,1012.5,1760.3999999999999,0.7735320222742148,SEMANTIC_REPAIR
arxiv_nomic_100k,1,arxiv_nomic_100k__seed71__random,arxiv_nomic_100k__seed59__natural_source_order,RM-B2,128,7,CERTIFIED,0.0,0.0,0.0,0.011911419714980633,1848.684,1716.5,2936.8999999999996,0.6191173549823186,SEMANTIC_REPAIR
arxiv_nomic_100k,1,arxiv_nomic_100k__seed71__random,arxiv_nomic_100k__seed59__natural_source_order,RM-B1,250,5,CERTIFIED,0.0,0.0,0.0,0.011911419714980633,1099.204,1012.5,1760.3999999999999,0.7735320222742148,SEMANTIC_REPAIR
arxiv_nomic_100k,1,arxiv_nomic_100k__seed71__random,arxiv_nomic_100k__seed59__natural_source_order,RM-B2,250,4,CERTIFIED,0.016,0.016,0.0,0.03623796513686767,872.66,815.0,1280.55,0.8202066718805756,SEMANTIC_REPAIR
arxiv_nomic_100k,1,arxiv_nomic_100k__seed71__random,arxiv_nomic_100k__seed59__random,RM-B1,80,6,CERTIFIED,0.0,0.0,0.0,0.011911419714980633,1462.612,1361.5,2143.7,0.6983225335914051,SEMANTIC_REPAIR
arxiv_nomic_100k,1,arxiv_nomic_100k__seed71__random,arxiv_nomic_100k__seed59__random,RM-B2,80,6,CERTIFIED,0.0,0.0,0.0,0.011911419714980633,1462.612,1361.5,2143.7,0.6983225335914051,SEMANTIC_REPAIR
arxiv_nomic_100k,1,arxiv_nomic_100k__seed71__random,arxiv_nomic_100k__seed59__random,RM-B1,128,5,CERTIFIED,0.012,0.012,0.0,0.030720864145366192,1099.8,1009.0,1743.3999999999999,0.7731559172520308,SEMANTIC_REPAIR
arxiv_nomic_100k,1,arxiv_nomic_100k__seed71__random,arxiv_nomic_100k__seed59__random,RM-B2,128,4,CERTIFIED,0.024,0.024,0.0,0.04681743080651248,874.108,814.5,1264.6499999999999,0.8197070126544264,SEMANTIC_REPAIR
arxiv_nomic_100k,1,arxiv_nomic_100k__seed71__random,arxiv_nomic_100k__seed59__random,RM-B1,250,5,CERTIFIED,0.012,0.012,0.0,0.030720864145366192,1099.8,1009.0,1743.3999999999999,0.7731559172520308,SEMANTIC_REPAIR
arxiv_nomic_100k,1,arxiv_nomic_100k__seed71__random,arxiv_nomic_100k__seed59__random,RM-B2,250,5,CERTIFIED,0.012,0.012,0.0,0.030720864145366192,1099.8,1009.0,1743.3999999999999,0.7731559172520308,SEMANTIC_REPAIR
arxiv_nomic_100k,1,arxiv_nomic_100k__seed71__random,arxiv_nomic_100k__seed71__cluster_block_order,RM-B1,80,6,CERTIFIED,0.004,0.004,0.0,0.018833965611186224,1516.264,1407.0,2315.4999999999995,0.6920210786647579,SEMANTIC_REPAIR
arxiv_nomic_100k,1,arxiv_nomic_100k__seed71__random,arxiv_nomic_100k__seed71__cluster_block_order,RM-B2,80,6,CERTIFIED,0.004,0.004,0.0,0.018833965611186224,1516.264,1407.0,2315.4999999999995,0.6920210786647579,SEMANTIC_REPAIR
arxiv_nomic_100k,1,arxiv_nomic_100k__seed71__random,arxiv_nomic_100k__seed71__cluster_block_order,RM-B1,128,5,CERTIFIED,0.004,0.004,0.0,0.018833965611186224,1154.016,1045.5,1853.3999999999999,0.7655997881083962,SEMANTIC_REPAIR
arxiv_nomic_100k,1,arxiv_nomic_100k__seed71__random,arxiv_nomic_100k__seed71__cluster_block_order,RM-B2,128,4,CERTIFIED,0.008,0.008,0.0,0.02496768176927198,913.42,847.0,1351.85,0.814468914169276,SEMANTIC_REPAIR
arxiv_nomic_100k,1,arxiv_nomic_100k__seed71__random,arxiv_nomic_100k__seed71__cluster_block_order,RM-B1,250,5,CERTIFIED,0.004,0.004,0.0,0.018833965611186224,1154.016,1045.5,1853.3999999999999,0.7655997881083962,SEMANTIC_REPAIR
arxiv_nomic_100k,1,arxiv_nomic_100k__seed71__random,arxiv_nomic_100k__seed71__cluster_block_order,RM-B2,250,4,CERTIFIED,0.008,0.008,0.0,0.02496768176927198,913.42,847.0,1351.85,0.814468914169276,SEMANTIC_REPAIR
arxiv_nomic_100k,1,arxiv_nomic_100k__seed71__random,arxiv_nomic_100k__seed71__natural_source_order,RM-B1,80,6,CERTIFIED,0.0,0.0,0.0,0.011911419714980633,1454.516,1379.5,2170.1499999999996,0.7008040455702618,SEMANTIC_REPAIR
arxiv_nomic_100k,1,arxiv_nomic_100k__seed71__random,arxiv_nomic_100k__seed71__natural_source_order,RM-B2,80,6,CERTIFIED,0.0,0.0,0.0,0.011911419714980633,1454.516,1379.5,2170.1499999999996,0.7008040455702618,SEMANTIC_REPAIR
arxiv_nomic_100k,1,arxiv_nomic_100k__seed71__random,arxiv_nomic_100k__seed71__natural_source_order,RM-B1,128,5,CERTIFIED,0.004,0.004,0.0,0.018833965611186224,1094.712,1020.5,1745.3,0.7748162263834241,SEMANTIC_REPAIR
arxiv_nomic_100k,1,arxiv_nomic_100k__seed71__random,arxiv_nomic_100k__seed71__natural_source_order,RM-B2,128,4,CERTIFIED,0.02,0.02,0.0,0.04158982878282098,874.62,830.0,1299.1,0.8200894554179277,SEMANTIC_REPAIR
arxiv_nomic_100k,1,arxiv_nomic_100k__seed71__random,arxiv_nomic_100k__seed71__natural_source_order,RM-B1,250,5,CERTIFIED,0.004,0.004,0.0,0.018833965611186224,1094.712,1020.5,1745.3,0.7748162263834241,SEMANTIC_REPAIR
arxiv_nomic_100k,1,arxiv_nomic_100k__seed71__random,arxiv_nomic_100k__seed71__natural_source_order,RM-B2,250,4,CERTIFIED,0.02,0.02,0.0,0.04158982878282098,874.62,830.0,1299.1,0.8200894554179277,SEMANTIC_REPAIR
arxiv_nomic_100k,2,arxiv_nomic_100k__seed43__cluster_block_order,arxiv_nomic_100k__seed43__natural_source_order,RM-B1,80,6,CERTIFIED,0.016,0.016,0.0,0.03623796513686767,1520.632,1369.5,2476.1499999999974,0.6888915804040601,SEMANTIC_REPAIR
arxiv_nomic_100k,2,arxiv_nomic_100k__seed43__cluster_block_order,arxiv_nomic_100k__seed43__natural_source_order,RM-B2,80,5,CERTIFIED,0.02,0.02,0.0,0.04158982878282098,1158.168,1007.0,1978.549999999998,0.7630486428625791,SEMANTIC_REPAIR
arxiv_nomic_100k,2,arxiv_nomic_100k__seed43__cluster_block_order,arxiv_nomic_100k__seed43__natural_source_order,RM-B1,128,5,CERTIFIED,0.02,0.02,0.0,0.04158982878282098,1158.168,1007.0,1978.549999999998,0.7630486428625791,SEMANTIC_REPAIR
arxiv_nomic_100k,2,arxiv_nomic_100k__seed43__cluster_block_order,arxiv_nomic_100k__seed43__natural_source_order,RM-B2,128,5,CERTIFIED,0.02,0.02,0.0,0.04158982878282098,1158.168,1007.0,1978.549999999998,0.7630486428625791,SEMANTIC_REPAIR
arxiv_nomic_100k,2,arxiv_nomic_100k__seed43__cluster_block_order,arxiv_nomic_100k__seed43__natural_source_order,RM-B1,250,4,CERTIFIED,0.048,0.048,0.0,0.07661134159084108,927.852,814.5,1478.9999999999982,0.810169344496938,SEMANTIC_REPAIR
arxiv_nomic_100k,2,arxiv_nomic_100k__seed43__cluster_block_order,arxiv_nomic_100k__seed43__natural_source_order,RM-B2,250,4,CERTIFIED,0.048,0.048,0.0,0.07661134159084108,927.852,814.5,1478.9999999999982,0.810169344496938,SEMANTIC_REPAIR
arxiv_nomic_100k,2,arxiv_nomic_100k__seed43__cluster_block_order,arxiv_nomic_100k__seed43__random,RM-B1,80,6,CERTIFIED,0.012,0.012,0.0,0.030720864145366192,1521.78,1364.5,2407.8499999999976,0.6880688135226345,SEMANTIC_REPAIR
arxiv_nomic_100k,2,arxiv_nomic_100k__seed43__cluster_block_order,arxiv_nomic_100k__seed43__random,RM-B2,80,8,CERTIFIED,0.0,0.0,0.0,0.011911419714980633,2479.54,2328.5,4084.69999999999,0.4917492317430332,SEMANTIC_REPAIR
arxiv_nomic_100k,2,arxiv_nomic_100k__seed43__cluster_block_order,arxiv_nomic_100k__seed43__random,RM-B1,128,5,CERTIFIED,0.02,0.02,0.0,0.04158982878282098,1167.176,1016.0,1926.9999999999986,0.7607547776236344,SEMANTIC_REPAIR
arxiv_nomic_100k,2,arxiv_nomic_100k__seed43__cluster_block_order,arxiv_nomic_100k__seed43__random,RM-B2,128,5,CERTIFIED,0.02,0.02,0.0,0.04158982878282098,1167.176,1016.0,1926.9999999999986,0.7607547776236344,SEMANTIC_REPAIR
arxiv_nomic_100k,2,arxiv_nomic_100k__seed43__cluster_block_order,arxiv_nomic_100k__seed43__random,RM-B1,250,4,CERTIFIED,0.032,0.032,0.0,0.05699654926405676,939.752,822.5,1430.5999999999988,0.807371659271066,SEMANTIC_REPAIR
arxiv_nomic_100k,2,arxiv_nomic_100k__seed43__cluster_block_order,arxiv_nomic_100k__seed43__random,RM-B2,250,4,CERTIFIED,0.032,0.032,0.0,0.05699654926405676,939.752,822.5,1430.5999999999988,0.807371659271066,SEMANTIC_REPAIR
arxiv_nomic_100k,2,arxiv_nomic_100k__seed43__cluster_block_order,arxiv_nomic_100k__seed59__cluster_block_order,RM-B1,80,6,CERTIFIED,0.004,0.004,0.0,0.018833965611186224,1537.336,1393.0,2600.399999999998,0.6882139394898128,SEMANTIC_REPAIR
arxiv_nomic_100k,2,arxiv_nomic_100k__seed43__cluster_block_order,arxiv_nomic_100k__seed59__cluster_block_order,RM-B2,80,8,CERTIFIED,0.0,0.0,0.0,0.011911419714980633,2526.184,2364.0,4516.8499999999985,0.48766635434032213,SEMANTIC_REPAIR
arxiv_nomic_100k,2,arxiv_nomic_100k__seed43__cluster_block_order,arxiv_nomic_100k__seed59__cluster_block_order,RM-B1,128,5,CERTIFIED,0.016,0.016,0.0,0.03623796513686767,1172.068,1030.5,2092.5,0.7622936922246965,SEMANTIC_REPAIR
arxiv_nomic_100k,2,arxiv_nomic_100k__seed43__cluster_block_order,arxiv_nomic_100k__seed59__cluster_block_order,RM-B2,128,6,CERTIFIED,0.004,0.004,0.0,0.018833965611186224,1537.336,1393.0,2600.399999999998,0.6882139394898128,SEMANTIC_REPAIR
arxiv_nomic_100k,2,arxiv_nomic_100k__seed43__cluster_block_order,arxiv_nomic_100k__seed59__cluster_block_order,RM-B1,250,4,CERTIFIED,0.036,0.036,0.0,0.06197905502895629,940.984,824.0,1539.3999999999996,0.8091596798857777,SEMANTIC_REPAIR
arxiv_nomic_100k,2,arxiv_nomic_100k__seed43__cluster_block_order,arxiv_nomic_100k__seed59__cluster_block_order,RM-B2,250,4,CERTIFIED,0.036,0.036,0.0,0.06197905502895629,940.984,824.0,1539.3999999999996,0.8091596798857777,SEMANTIC_REPAIR
arxiv_nomic_100k,2,arxiv_nomic_100k__seed43__cluster_block_order,arxiv_nomic_100k__seed59__natural_source_order,RM-B1,80,6,CERTIFIED,0.016,0.016,0.0,0.03623796513686767,1565.952,1356.5,2846.749999999995,0.6794502915740742,SEMANTIC_REPAIR
arxiv_nomic_100k,2,arxiv_nomic_100k__seed43__cluster_block_order,arxiv_nomic_100k__seed59__natural_source_order,RM-B2,80,4,CERTIFIED,0.048,0.048,0.0,0.07661134159084108,968.976,809.5,1698.8499999999979,0.8016510248898306,SEMANTIC_REPAIR
arxiv_nomic_100k,2,arxiv_nomic_100k__seed43__cluster_block_order,arxiv_nomic_100k__seed59__natural_source_order,RM-B1,128,5,CERTIFIED,0.016,0.016,0.0,0.03623796513686767,1206.316,996.5,2310.299999999997,0.7530676278266963,SEMANTIC_REPAIR
arxiv_nomic_100k,2,arxiv_nomic_100k__seed43__cluster_block_order,arxiv_nomic_100k__seed59__natural_source_order,RM-B2,128,4,CERTIFIED,0.048,0.048,0.0,0.07661134159084108,968.976,809.5,1698.8499999999979,0.8016510248898306,SEMANTIC_REPAIR
arxiv_nomic_100k,2,arxiv_nomic_100k__seed43__cluster_block_order,arxiv_nomic_100k__seed59__natural_source_order,RM-B1,250,4,CERTIFIED,0.048,0.048,0.0,0.07661134159084108,968.976,809.5,1698.8499999999979,0.8016510248898306,SEMANTIC_REPAIR
arxiv_nomic_100k,2,arxiv_nomic_100k__seed43__cluster_block_order,arxiv_nomic_100k__seed59__natural_source_order,RM-B2,250,4,CERTIFIED,0.048,0.048,0.0,0.07661134159084108,968.976,809.5,1698.8499999999979,0.8016510248898306,SEMANTIC_REPAIR
arxiv_nomic_100k,2,arxiv_nomic_100k__seed43__cluster_block_order,arxiv_nomic_100k__seed59__random,RM-B1,80,6,CERTIFIED,0.012,0.012,0.0,0.030720864145366192,1536.204,1368.5,2726.1499999999965,0.6848313209804712,SEMANTIC_REPAIR
arxiv_nomic_100k,2,arxiv_nomic_100k__seed43__cluster_block_order,arxiv_nomic_100k__seed59__random,RM-B2,80,7,CERTIFIED,0.004,0.004,0.0,0.018833965611186224,1899.624,1707.5,3682.8999999999955,0.6102718215069135,SEMANTIC_REPAIR
arxiv_nomic_100k,2,arxiv_nomic_100k__seed43__cluster_block_order,arxiv_nomic_100k__seed59__random,RM-B1,128,5,CERTIFIED,0.024,0.024,0.0,0.04681743080651248,1168.72,1005.5,2221.699999999999,0.7602245935151166,SEMANTIC_REPAIR
arxiv_nomic_100k,2,arxiv_nomic_100k__seed43__cluster_block_order,arxiv_nomic_100k__seed59__random,RM-B2,128,5,CERTIFIED,0.024,0.024,0.0,0.04681743080651248,1168.72,1005.5,2221.699999999999,0.7602245935151166,SEMANTIC_REPAIR
arxiv_nomic_100k,2,arxiv_nomic_100k__seed43__cluster_block_order,arxiv_nomic_100k__seed59__random,RM-B1,250,4,CERTIFIED,0.036,0.036,0.0,0.06197905502895629,934.452,813.0,1588.0499999999995,0.8082871790158359,SEMANTIC_REPAIR
arxiv_nomic_100k,2,arxiv_nomic_100k__seed43__cluster_block_order,arxiv_nomic_100k__seed59__random,RM-B2,250,5,CERTIFIED,0.024,0.024,0.0,0.04681743080651248,1168.72,1005.5,2221.699999999999,0.7602245935151166,SEMANTIC_REPAIR
arxiv_nomic_100k,2,arxiv_nomic_100k__seed43__cluster_block_order,arxiv_nomic_100k__seed71__cluster_block_order,RM-B1,80,6,CERTIFIED,0.004,0.004,0.0,0.018833965611186224,1642.424,1407.5,3468.4999999999995,0.6677428856262462,SEMANTIC_REPAIR
arxiv_nomic_100k,2,arxiv_nomic_100k__seed43__cluster_block_order,arxiv_nomic_100k__seed71__cluster_block_order,RM-B2,80,8,CERTIFIED,0.0,0.0,0.0,0.011911419714980633,2618.028,2382.5,5405.799999999992,0.47038132137030997,SEMANTIC_REPAIR
arxiv_nomic_100k,2,arxiv_nomic_100k__seed43__cluster_block_order,arxiv_nomic_100k__seed71__cluster_block_order,RM-B1,128,5,CERTIFIED,0.012,0.012,0.0,0.030720864145366192,1274.532,1047.0,2775.7999999999997,0.742166258836324,SEMANTIC_REPAIR
arxiv_nomic_100k,2,arxiv_nomic_100k__seed43__cluster_block_order,arxiv_nomic_100k__seed71__cluster_block_order,RM-B2,128,6,CERTIFIED,0.004,0.004,0.0,0.018833965611186224,1642.424,1407.5,3468.4999999999995,0.6677428856262462,SEMANTIC_REPAIR
arxiv_nomic_100k,2,arxiv_nomic_100k__seed43__cluster_block_order,arxiv_nomic_100k__seed71__cluster_block_order,RM-B1,250,4,CERTIFIED,0.024,0.024,0.0,0.04681743080651248,1025.504,846.0,2071.8499999999995,0.7925438255780833,SEMANTIC_REPAIR
arxiv_nomic_100k,2,arxiv_nomic_100k__seed43__cluster_block_order,arxiv_nomic_100k__seed71__cluster_block_order,RM-B2,250,4,CERTIFIED,0.024,0.024,0.0,0.04681743080651248,1025.504,846.0,2071.8499999999995,0.7925438255780833,SEMANTIC_REPAIR
arxiv_nomic_100k,2,arxiv_nomic_100k__seed43__cluster_block_order,arxiv_nomic_100k__seed71__natural_source_order,RM-B1,80,6,CERTIFIED,0.02,0.02,0.0,0.04158982878282098,1547.256,1378.5,2816.6999999999957,0.6836575970951201,SEMANTIC_REPAIR
arxiv_nomic_100k,2,arxiv_nomic_100k__seed43__cluster_block_order,arxiv_nomic_100k__seed71__natural_source_order,RM-B2,80,5,CERTIFIED,0.024,0.024,0.0,0.04681743080651248,1189.652,1009.5,2277.449999999997,0.7567711016789748,SEMANTIC_REPAIR
arxiv_nomic_100k,2,arxiv_nomic_100k__seed43__cluster_block_order,arxiv_nomic_100k__seed71__natural_source_order,RM-B1,128,5,CERTIFIED,0.024,0.024,0.0,0.04681743080651248,1189.652,1009.5,2277.449999999997,0.7567711016789748,SEMANTIC_REPAIR
arxiv_nomic_100k,2,arxiv_nomic_100k__seed43__cluster_block_order,arxiv_nomic_100k__seed71__natural_source_order,RM-B2,128,5,CERTIFIED,0.024,0.024,0.0,0.04681743080651248,1189.652,1009.5,2277.449999999997,0.7567711016789748,SEMANTIC_REPAIR
arxiv_nomic_100k,2,arxiv_nomic_100k__seed43__cluster_block_order,arxiv_nomic_100k__seed71__natural_source_order,RM-B1,250,4,CERTIFIED,0.052,0.052,0.0,0.08140399950699219,953.4,824.0,1664.449999999998,0.8050737260482348,SEMANTIC_REPAIR
arxiv_nomic_100k,2,arxiv_nomic_100k__seed43__cluster_block_order,arxiv_nomic_100k__seed71__natural_source_order,RM-B2,250,5,CERTIFIED,0.024,0.024,0.0,0.04681743080651248,1189.652,1009.5,2277.449999999997,0.7567711016789748,SEMANTIC_REPAIR
arxiv_nomic_100k,2,arxiv_nomic_100k__seed43__cluster_block_order,arxiv_nomic_100k__seed71__random,RM-B1,80,6,CERTIFIED,0.012,0.012,0.0,0.030720864145366192,1536.088,1370.5,2591.599999999991,0.6856416880729139,SEMANTIC_REPAIR
arxiv_nomic_100k,2,arxiv_nomic_100k__seed43__cluster_block_order,arxiv_nomic_100k__seed71__random,RM-B2,80,8,CERTIFIED,0.0,0.0,0.0,0.011911419714980633,2493.436,2324.0,4061.0999999999894,0.48972172697252625,SEMANTIC_REPAIR
arxiv_nomic_100k,2,arxiv_nomic_100k__seed43__cluster_block_order,arxiv_nomic_100k__seed71__random,RM-B1,128,5,CERTIFIED,0.024,0.024,0.0,0.04681743080651248,1173.112,1011.5,2066.199999999993,0.7599242308895011,SEMANTIC_REPAIR
arxiv_nomic_100k,2,arxiv_nomic_100k__seed43__cluster_block_order,arxiv_nomic_100k__seed71__random,RM-B2,128,5,CERTIFIED,0.024,0.024,0.0,0.04681743080651248,1173.112,1011.5,2066.199999999993,0.7599242308895011,SEMANTIC_REPAIR
arxiv_nomic_100k,2,arxiv_nomic_100k__seed43__cluster_block_order,arxiv_nomic_100k__seed71__random,RM-B1,250,4,CERTIFIED,0.04,0.04,0.0,0.06690426305497835,941.992,811.5,1488.149999999998,0.8072226233335462,SEMANTIC_REPAIR
arxiv_nomic_100k,2,arxiv_nomic_100k__seed43__cluster_block_order,arxiv_nomic_100k__seed71__random,RM-B2,250,5,CERTIFIED,0.024,0.024,0.0,0.04681743080651248,1173.112,1011.5,2066.199999999993,0.7599242308895011,SEMANTIC_REPAIR
arxiv_nomic_100k,2,arxiv_nomic_100k__seed43__natural_source_order,arxiv_nomic_100k__seed43__cluster_block_order,RM-B1,80,4,CERTIFIED,0.032,0.032,0.0,0.05699654926405676,925.028,836.5,1672.8999999999976,0.812531210075423,SEMANTIC_REPAIR
arxiv_nomic_100k,2,arxiv_nomic_100k__seed43__natural_source_order,arxiv_nomic_100k__seed43__cluster_block_order,RM-B2,80,8,CERTIFIED,0.0,0.0,0.0,0.011911419714980633,2554.436,2357.5,4834.0999999999985,0.4823107777712925,SEMANTIC_REPAIR
arxiv_nomic_100k,2,arxiv_nomic_100k__seed43__natural_source_order,arxiv_nomic_100k__seed43__cluster_block_order,RM-B1,128,4,CERTIFIED,0.032,0.032,0.0,0.05699654926405676,925.028,836.5,1672.8999999999976,0.812531210075423,SEMANTIC_REPAIR
arxiv_nomic_100k,2,arxiv_nomic_100k__seed43__natural_source_order,arxiv_nomic_100k__seed43__cluster_block_order,RM-B2,128,6,CERTIFIED,0.004,0.004,0.0,0.018833965611186224,1550.888,1386.0,2863.0999999999985,0.68569265290505,SEMANTIC_REPAIR
arxiv_nomic_100k,2,arxiv_nomic_100k__seed43__natural_source_order,arxiv_nomic_100k__seed43__cluster_block_order,RM-B1,250,4,CERTIFIED,0.032,0.032,0.0,0.05699654926405676,925.028,836.5,1672.8999999999976,0.812531210075423,SEMANTIC_REPAIR
arxiv_nomic_100k,2,arxiv_nomic_100k__seed43__natural_source_order,arxiv_nomic_100k__seed43__cluster_block_order,RM-B2,250,4,CERTIFIED,0.032,0.032,0.0,0.05699654926405676,925.028,836.5,1672.8999999999976,0.812531210075423,SEMANTIC_REPAIR
arxiv_nomic_100k,2,arxiv_nomic_100k__seed43__natural_source_order,arxiv_nomic_100k__seed43__random,RM-B1,80,4,CERTIFIED,0.032,0.032,0.0,0.05699654926405676,907.892,820.0,1546.1999999999998,0.8139022534444478,SEMANTIC_REPAIR
arxiv_nomic_100k,2,arxiv_nomic_100k__seed43__natural_source_order,arxiv_nomic_100k__seed43__random,RM-B2,80,8,CERTIFIED,0.0,0.0,0.0,0.011911419714980633,2497.648,2328.5,4487.899999999999,0.48803749290776655,SEMANTIC_REPAIR
arxiv_nomic_100k,2,arxiv_nomic_100k__seed43__natural_source_order,arxiv_nomic_100k__seed43__random,RM-B1,128,4,CERTIFIED,0.032,0.032,0.0,0.05699654926405676,907.892,820.0,1546.1999999999998,0.8139022534444478,SEMANTIC_REPAIR
arxiv_nomic_100k,2,arxiv_nomic_100k__seed43__natural_source_order,arxiv_nomic_100k__seed43__random,RM-B2,128,5,CERTIFIED,0.02,0.02,0.0,0.04158982878282098,1129.26,1011.0,2143.0499999999997,0.7685267176323582,SEMANTIC_REPAIR
arxiv_nomic_100k,2,arxiv_nomic_100k__seed43__natural_source_order,arxiv_nomic_100k__seed43__random,RM-B1,250,4,CERTIFIED,0.032,0.032,0.0,0.05699654926405676,907.892,820.0,1546.1999999999998,0.8139022534444478,SEMANTIC_REPAIR
arxiv_nomic_100k,2,arxiv_nomic_100k__seed43__natural_source_order,arxiv_nomic_100k__seed43__random,RM-B2,250,4,CERTIFIED,0.032,0.032,0.0,0.05699654926405676,907.892,820.0,1546.1999999999998,0.8139022534444478,SEMANTIC_REPAIR
arxiv_nomic_100k,2,arxiv_nomic_100k__seed43__natural_source_order,arxiv_nomic_100k__seed59__cluster_block_order,RM-B1,80,4,CERTIFIED,0.036,0.036,0.0,0.06197905502895629,909.772,823.0,1657.699999999998,0.8154897642138907,SEMANTIC_REPAIR
arxiv_nomic_100k,2,arxiv_nomic_100k__seed43__natural_source_order,arxiv_nomic_100k__seed59__cluster_block_order,RM-B2,80,8,CERTIFIED,0.0,0.0,0.0,0.011911419714980633,2528.92,2364.0,4660.699999999997,0.48711146805550487,SEMANTIC_REPAIR
arxiv_nomic_100k,2,arxiv_nomic_100k__seed43__natural_source_order,arxiv_nomic_100k__seed59__cluster_block_order,RM-B1,128,4,CERTIFIED,0.036,0.036,0.0,0.06197905502895629,909.772,823.0,1657.699999999998,0.8154897642138907,SEMANTIC_REPAIR
arxiv_nomic_100k,2,arxiv_nomic_100k__seed43__natural_source_order,arxiv_nomic_100k__seed59__cluster_block_order,RM-B2,128,6,CERTIFIED,0.004,0.004,0.0,0.018833965611186224,1522.78,1381.0,2845.849999999998,0.6911660318735119,SEMANTIC_REPAIR
arxiv_nomic_100k,2,arxiv_nomic_100k__seed43__natural_source_order,arxiv_nomic_100k__seed59__cluster_block_order,RM-B1,250,4,CERTIFIED,0.036,0.036,0.0,0.06197905502895629,909.772,823.0,1657.699999999998,0.8154897642138907,SEMANTIC_REPAIR
arxiv_nomic_100k,2,arxiv_nomic_100k__seed43__natural_source_order,arxiv_nomic_100k__seed59__cluster_block_order,RM-B2,250,4,CERTIFIED,0.036,0.036,0.0,0.06197905502895629,909.772,823.0,1657.699999999998,0.8154897642138907,SEMANTIC_REPAIR
arxiv_nomic_100k,2,arxiv_nomic_100k__seed43__natural_source_order,arxiv_nomic_100k__seed59__natural_source_order,RM-B1,80,4,CERTIFIED,0.048,0.048,0.0,0.07661134159084108,891.128,808.5,1535.0499999999995,0.8175864773823346,SEMANTIC_REPAIR
arxiv_nomic_100k,2,arxiv_nomic_100k__seed43__natural_source_order,arxiv_nomic_100k__seed59__natural_source_order,RM-B2,80,4,CERTIFIED,0.048,0.048,0.0,0.07661134159084108,891.128,808.5,1535.0499999999995,0.8175864773823346,SEMANTIC_REPAIR
arxiv_nomic_100k,2,arxiv_nomic_100k__seed43__natural_source_order,arxiv_nomic_100k__seed59__natural_source_order,RM-B1,128,4,CERTIFIED,0.048,0.048,0.0,0.07661134159084108,891.128,808.5,1535.0499999999995,0.8175864773823346,SEMANTIC_REPAIR
arxiv_nomic_100k,2,arxiv_nomic_100k__seed43__natural_source_order,arxiv_nomic_100k__seed59__natural_source_order,RM-B2,128,5,CERTIFIED,0.016,0.016,0.0,0.03623796513686767,1115.904,996.0,2087.499999999999,0.7715749257759342,SEMANTIC_REPAIR
arxiv_nomic_100k,2,arxiv_nomic_100k__seed43__natural_source_order,arxiv_nomic_100k__seed59__natural_source_order,RM-B1,250,4,CERTIFIED,0.048,0.048,0.0,0.07661134159084108,891.128,808.5,1535.0499999999995,0.8175864773823346,SEMANTIC_REPAIR
arxiv_nomic_100k,2,arxiv_nomic_100k__seed43__natural_source_order,arxiv_nomic_100k__seed59__natural_source_order,RM-B2,250,4,CERTIFIED,0.048,0.048,0.0,0.07661134159084108,891.128,808.5,1535.0499999999995,0.8175864773823346,SEMANTIC_REPAIR
arxiv_nomic_100k,2,arxiv_nomic_100k__seed43__natural_source_order,arxiv_nomic_100k__seed59__random,RM-B1,80,4,CERTIFIED,0.04,0.04,0.0,0.06690426305497835,909.5,811.5,1588.0499999999995,0.8134063486566488,SEMANTIC_REPAIR
arxiv_nomic_100k,2,arxiv_nomic_100k__seed43__natural_source_order,arxiv_nomic_100k__seed59__random,RM-B2,80,7,CERTIFIED,0.008,0.008,0.0,0.02496768176927198,1867.58,1705.5,3577.849999999999,0.6168459907907468,SEMANTIC_REPAIR
arxiv_nomic_100k,2,arxiv_nomic_100k__seed43__natural_source_order,arxiv_nomic_100k__seed59__random,RM-B1,128,4,CERTIFIED,0.04,0.04,0.0,0.06690426305497835,909.5,811.5,1588.0499999999995,0.8134063486566488,SEMANTIC_REPAIR
arxiv_nomic_100k,2,arxiv_nomic_100k__seed43__natural_source_order,arxiv_nomic_100k__seed59__random,RM-B2,128,5,CERTIFIED,0.028,0.028,0.0,0.05194700438197347,1133.448,1004.0,2217.2999999999993,0.7674610215197155,SEMANTIC_REPAIR
arxiv_nomic_100k,2,arxiv_nomic_100k__seed43__natural_source_order,arxiv_nomic_100k__seed59__random,RM-B1,250,4,CERTIFIED,0.04,0.04,0.0,0.06690426305497835,909.5,811.5,1588.0499999999995,0.8134063486566488,SEMANTIC_REPAIR
arxiv_nomic_100k,2,arxiv_nomic_100k__seed43__natural_source_order,arxiv_nomic_100k__seed59__random,RM-B2,250,5,CERTIFIED,0.028,0.028,0.0,0.05194700438197347,1133.448,1004.0,2217.2999999999993,0.7674610215197155,SEMANTIC_REPAIR
arxiv_nomic_100k,2,arxiv_nomic_100k__seed43__natural_source_order,arxiv_nomic_100k__seed71__cluster_block_order,RM-B1,80,4,CERTIFIED,0.024,0.024,0.0,0.04681743080651248,951.252,845.5,1798.1499999999994,0.8075647673424998,SEMANTIC_REPAIR
arxiv_nomic_100k,2,arxiv_nomic_100k__seed43__natural_source_order,arxiv_nomic_100k__seed71__cluster_block_order,RM-B2,80,8,CERTIFIED,0.0,0.0,0.0,0.011911419714980633,2594.8,2382.5,4985.749999999995,0.4750802713690152,SEMANTIC_REPAIR
arxiv_nomic_100k,2,arxiv_nomic_100k__seed43__natural_source_order,arxiv_nomic_100k__seed71__cluster_block_order,RM-B1,128,4,CERTIFIED,0.024,0.024,0.0,0.04681743080651248,951.252,845.5,1798.1499999999994,0.8075647673424998,SEMANTIC_REPAIR
arxiv_nomic_100k,2,arxiv_nomic_100k__seed43__natural_source_order,arxiv_nomic_100k__seed71__cluster_block_order,RM-B2,128,6,CERTIFIED,0.004,0.004,0.0,0.018833965611186224,1585.04,1404.5,3130.799999999998,0.6793514850203268,SEMANTIC_REPAIR
arxiv_nomic_100k,2,arxiv_nomic_100k__seed43__natural_source_order,arxiv_nomic_100k__seed71__cluster_block_order,RM-B1,250,4,CERTIFIED,0.024,0.024,0.0,0.04681743080651248,951.252,845.5,1798.1499999999994,0.8075647673424998,SEMANTIC_REPAIR
arxiv_nomic_100k,2,arxiv_nomic_100k__seed43__natural_source_order,arxiv_nomic_100k__seed71__cluster_block_order,RM-B2,250,4,CERTIFIED,0.024,0.024,0.0,0.04681743080651248,951.252,845.5,1798.1499999999994,0.8075647673424998,SEMANTIC_REPAIR
arxiv_nomic_100k,2,arxiv_nomic_100k__seed43__natural_source_order,arxiv_nomic_100k__seed71__natural_source_order,RM-B1,80,4,CERTIFIED,0.052,0.052,0.0,0.08140399950699219,908.748,823.0,1633.649999999999,0.8142029981108467,SEMANTIC_REPAIR
arxiv_nomic_100k,2,arxiv_nomic_100k__seed43__natural_source_order,arxiv_nomic_100k__seed71__natural_source_order,RM-B2,80,5,CERTIFIED,0.024,0.024,0.0,0.04681743080651248,1139.472,1008.5,2282.399999999997,0.767030594469933,SEMANTIC_REPAIR
arxiv_nomic_100k,2,arxiv_nomic_100k__seed43__natural_source_order,arxiv_nomic_100k__seed71__natural_source_order,RM-B1,128,4,CERTIFIED,0.052,0.052,0.0,0.08140399950699219,908.748,823.0,1633.649999999999,0.8142029981108467,SEMANTIC_REPAIR
arxiv_nomic_100k,2,arxiv_nomic_100k__seed43__natural_source_order,arxiv_nomic_100k__seed71__natural_source_order,RM-B2,128,5,CERTIFIED,0.024,0.024,0.0,0.04681743080651248,1139.472,1008.5,2282.399999999997,0.767030594469933,SEMANTIC_REPAIR
arxiv_nomic_100k,2,arxiv_nomic_100k__seed43__natural_source_order,arxiv_nomic_100k__seed71__natural_source_order,RM-B1,250,4,CERTIFIED,0.052,0.052,0.0,0.08140399950699219,908.748,823.0,1633.649999999999,0.8142029981108467,SEMANTIC_REPAIR
arxiv_nomic_100k,2,arxiv_nomic_100k__seed43__natural_source_order,arxiv_nomic_100k__seed71__natural_source_order,RM-B2,250,5,CERTIFIED,0.024,0.024,0.0,0.04681743080651248,1139.472,1008.5,2282.399999999997,0.767030594469933,SEMANTIC_REPAIR
arxiv_nomic_100k,2,arxiv_nomic_100k__seed43__natural_source_order,arxiv_nomic_100k__seed71__random,RM-B1,80,4,CERTIFIED,0.044,0.044,0.0,0.07177970349205483,902.044,811.0,1223.8999999999976,0.8153979269911903,SEMANTIC_REPAIR
arxiv_nomic_100k,2,arxiv_nomic_100k__seed43__natural_source_order,arxiv_nomic_100k__seed71__random,RM-B2,80,8,CERTIFIED,0.0,0.0,0.0,0.011911419714980633,2458.528,2322.0,3443.3999999999996,0.496865601511453,SEMANTIC_REPAIR
arxiv_nomic_100k,2,arxiv_nomic_100k__seed43__natural_source_order,arxiv_nomic_100k__seed71__random,RM-B1,128,4,CERTIFIED,0.044,0.044,0.0,0.07177970349205483,902.044,811.0,1223.8999999999976,0.8153979269911903,SEMANTIC_REPAIR
arxiv_nomic_100k,2,arxiv_nomic_100k__seed43__natural_source_order,arxiv_nomic_100k__seed71__random,RM-B2,128,5,CERTIFIED,0.028,0.028,0.0,0.05194700438197347,1119.012,1011.0,1420.7499999999995,0.7709957220249409,SEMANTIC_REPAIR
arxiv_nomic_100k,2,arxiv_nomic_100k__seed43__natural_source_order,arxiv_nomic_100k__seed71__random,RM-B1,250,4,CERTIFIED,0.044,0.044,0.0,0.07177970349205483,902.044,811.0,1223.8999999999976,0.8153979269911903,SEMANTIC_REPAIR
arxiv_nomic_100k,2,arxiv_nomic_100k__seed43__natural_source_order,arxiv_nomic_100k__seed71__random,RM-B2,250,5,CERTIFIED,0.028,0.028,0.0,0.05194700438197347,1119.012,1011.0,1420.7499999999995,0.7709957220249409,SEMANTIC_REPAIR
arxiv_nomic_100k,2,arxiv_nomic_100k__seed43__random,arxiv_nomic_100k__seed43__cluster_block_order,RM-B1,80,5,CERTIFIED,0.012,0.012,0.0,0.030720864145366192,1294.668,1025.0,3466.849999999965,0.7376189225471312,SEMANTIC_REPAIR
arxiv_nomic_100k,2,arxiv_nomic_100k__seed43__random,arxiv_nomic_100k__seed43__cluster_block_order,RM-B2,80,8,CERTIFIED,0.0,0.0,0.0,0.011911419714980633,2568.868,2365.0,4742.39999999999,0.47938594784593735,SEMANTIC_REPAIR
arxiv_nomic_100k,2,arxiv_nomic_100k__seed43__random,arxiv_nomic_100k__seed43__cluster_block_order,RM-B1,128,5,CERTIFIED,0.012,0.012,0.0,0.030720864145366192,1294.668,1025.0,3466.849999999965,0.7376189225471312,SEMANTIC_REPAIR
arxiv_nomic_100k,2,arxiv_nomic_100k__seed43__random,arxiv_nomic_100k__seed43__cluster_block_order,RM-B2,128,6,CERTIFIED,0.004,0.004,0.0,0.018833965611186224,1643.012,1394.0,3800.2999999999774,0.6670225425916199,SEMANTIC_REPAIR
arxiv_nomic_100k,2,arxiv_nomic_100k__seed43__random,arxiv_nomic_100k__seed43__cluster_block_order,RM-B1,250,5,CERTIFIED,0.012,0.012,0.0,0.030720864145366192,1294.668,1025.0,3466.849999999965,0.7376189225471312,SEMANTIC_REPAIR
arxiv_nomic_100k,2,arxiv_nomic_100k__seed43__random,arxiv_nomic_100k__seed43__cluster_block_order,RM-B2,250,4,CERTIFIED,0.02,0.02,0.0,0.04158982878282098,1037.608,842.0,2740.4499999999734,0.7897154289642471,SEMANTIC_REPAIR
arxiv_nomic_100k,2,arxiv_nomic_100k__seed43__random,arxiv_nomic_100k__seed43__natural_source_order,RM-B1,80,5,CERTIFIED,0.02,0.02,0.0,0.04158982878282098,1137.3,1008.5,1573.8499999999995,0.7673180588028776,SEMANTIC_REPAIR
arxiv_nomic_100k,2,arxiv_nomic_100k__seed43__random,arxiv_nomic_100k__seed43__natural_source_order,RM-B2,80,4,CERTIFIED,0.044,0.044,0.0,0.07177970349205483,908.12,816.0,1179.3499999999995,0.8142063444650218,SEMANTIC_REPAIR
arxiv_nomic_100k,2,arxiv_nomic_100k__seed43__random,arxiv_nomic_100k__seed43__natural_source_order,RM-B1,128,5,CERTIFIED,0.02,0.02,0.0,0.04158982878282098,1137.3,1008.5,1573.8499999999995,0.7673180588028776,SEMANTIC_REPAIR
arxiv_nomic_100k,2,arxiv_nomic_100k__seed43__random,arxiv_nomic_100k__seed43__natural_source_order,RM-B2,128,4,CERTIFIED,0.044,0.044,0.0,0.07177970349205483,908.12,816.0,1179.3499999999995,0.8142063444650218,SEMANTIC_REPAIR
arxiv_nomic_100k,2,arxiv_nomic_100k__seed43__random,arxiv_nomic_100k__seed43__natural_source_order,RM-B1,250,5,CERTIFIED,0.02,0.02,0.0,0.04158982878282098,1137.3,1008.5,1573.8499999999995,0.7673180588028776,SEMANTIC_REPAIR
arxiv_nomic_100k,2,arxiv_nomic_100k__seed43__random,arxiv_nomic_100k__seed43__natural_source_order,RM-B2,250,4,CERTIFIED,0.044,0.044,0.0,0.07177970349205483,908.12,816.0,1179.3499999999995,0.8142063444650218,SEMANTIC_REPAIR
arxiv_nomic_100k,2,arxiv_nomic_100k__seed43__random,arxiv_nomic_100k__seed59__cluster_block_order,RM-B1,80,5,CERTIFIED,0.012,0.012,0.0,0.030720864145366192,1201.94,1029.0,1864.6499999999992,0.7562353723781825,SEMANTIC_REPAIR
arxiv_nomic_100k,2,arxiv_nomic_100k__seed43__random,arxiv_nomic_100k__seed59__cluster_block_order,RM-B2,80,8,CERTIFIED,0.0,0.0,0.0,0.011911419714980633,2522.676,2364.0,4061.2499999999955,0.4883778094160308,SEMANTIC_REPAIR
arxiv_nomic_100k,2,arxiv_nomic_100k__seed43__random,arxiv_nomic_100k__seed59__cluster_block_order,RM-B1,128,5,CERTIFIED,0.012,0.012,0.0,0.030720864145366192,1201.94,1029.0,1864.6499999999992,0.7562353723781825,SEMANTIC_REPAIR
arxiv_nomic_100k,2,arxiv_nomic_100k__seed43__random,arxiv_nomic_100k__seed59__cluster_block_order,RM-B2,128,6,CERTIFIED,0.004,0.004,0.0,0.018833965611186224,1563.676,1386.5,2399.049999999995,0.6828719421425586,SEMANTIC_REPAIR
arxiv_nomic_100k,2,arxiv_nomic_100k__seed43__random,arxiv_nomic_100k__seed59__cluster_block_order,RM-B1,250,5,CERTIFIED,0.012,0.012,0.0,0.030720864145366192,1201.94,1029.0,1864.6499999999992,0.7562353723781825,SEMANTIC_REPAIR
arxiv_nomic_100k,2,arxiv_nomic_100k__seed43__random,arxiv_nomic_100k__seed59__cluster_block_order,RM-B2,250,5,CERTIFIED,0.012,0.012,0.0,0.030720864145366192,1201.94,1029.0,1864.6499999999992,0.7562353723781825,SEMANTIC_REPAIR
arxiv_nomic_100k,2,arxiv_nomic_100k__seed43__random,arxiv_nomic_100k__seed59__natural_source_order,RM-B1,80,5,CERTIFIED,0.02,0.02,0.0,0.04158982878282098,1200.104,998.5,1658.2999999999993,0.7543392215848332,SEMANTIC_REPAIR
arxiv_nomic_100k,2,arxiv_nomic_100k__seed43__random,arxiv_nomic_100k__seed59__natural_source_order,RM-B2,80,4,CERTIFIED,0.048,0.048,0.0,0.07661134159084108,962.372,811.0,1241.1999999999998,0.8030028608812563,SEMANTIC_REPAIR
arxiv_nomic_100k,2,arxiv_nomic_100k__seed43__random,arxiv_nomic_100k__seed59__natural_source_order,RM-B1,128,5,CERTIFIED,0.02,0.02,0.0,0.04158982878282098,1200.104,998.5,1658.2999999999993,0.7543392215848332,SEMANTIC_REPAIR
arxiv_nomic_100k,2,arxiv_nomic_100k__seed43__random,arxiv_nomic_100k__seed59__natural_source_order,RM-B2,128,4,CERTIFIED,0.048,0.048,0.0,0.07661134159084108,962.372,811.0,1241.1999999999998,0.8030028608812563,SEMANTIC_REPAIR
arxiv_nomic_100k,2,arxiv_nomic_100k__seed43__random,arxiv_nomic_100k__seed59__natural_source_order,RM-B1,250,5,CERTIFIED,0.02,0.02,0.0,0.04158982878282098,1200.104,998.5,1658.2999999999993,0.7543392215848332,SEMANTIC_REPAIR
arxiv_nomic_100k,2,arxiv_nomic_100k__seed43__random,arxiv_nomic_100k__seed59__natural_source_order,RM-B2,250,4,CERTIFIED,0.048,0.048,0.0,0.07661134159084108,962.372,811.0,1241.1999999999998,0.8030028608812563,SEMANTIC_REPAIR
arxiv_nomic_100k,2,arxiv_nomic_100k__seed43__random,arxiv_nomic_100k__seed59__random,RM-B1,80,5,CERTIFIED,0.024,0.024,0.0,0.04681743080651248,1178.132,1007.0,1747.7499999999995,0.7582936210616327,SEMANTIC_REPAIR
arxiv_nomic_100k,2,arxiv_nomic_100k__seed43__random,arxiv_nomic_100k__seed59__random,RM-B2,80,7,CERTIFIED,0.004,0.004,0.0,0.018833965611186224,1878.176,1710.0,2927.0499999999993,0.6146721080753712,SEMANTIC_REPAIR
arxiv_nomic_100k,2,arxiv_nomic_100k__seed43__random,arxiv_nomic_100k__seed59__random,RM-B1,128,5,CERTIFIED,0.024,0.024,0.0,0.04681743080651248,1178.132,1007.0,1747.7499999999995,0.7582936210616327,SEMANTIC_REPAIR
arxiv_nomic_100k,2,arxiv_nomic_100k__seed43__random,arxiv_nomic_100k__seed59__random,RM-B2,128,5,CERTIFIED,0.024,0.024,0.0,0.04681743080651248,1178.132,1007.0,1747.7499999999995,0.7582936210616327,SEMANTIC_REPAIR
arxiv_nomic_100k,2,arxiv_nomic_100k__seed43__random,arxiv_nomic_100k__seed59__random,RM-B1,250,5,CERTIFIED,0.024,0.024,0.0,0.04681743080651248,1178.132,1007.0,1747.7499999999995,0.7582936210616327,SEMANTIC_REPAIR
arxiv_nomic_100k,2,arxiv_nomic_100k__seed43__random,arxiv_nomic_100k__seed59__random,RM-B2,250,5,CERTIFIED,0.024,0.024,0.0,0.04681743080651248,1178.132,1007.0,1747.7499999999995,0.7582936210616327,SEMANTIC_REPAIR
arxiv_nomic_100k,2,arxiv_nomic_100k__seed43__random,arxiv_nomic_100k__seed71__cluster_block_order,RM-B1,80,5,CERTIFIED,0.016,0.016,0.0,0.03623796513686767,1340.476,1045.5,4772.449999999997,0.7288259988606645,SEMANTIC_REPAIR
arxiv_nomic_100k,2,arxiv_nomic_100k__seed43__random,arxiv_nomic_100k__seed71__cluster_block_order,RM-B2,80,8,CERTIFIED,0.0,0.0,0.0,0.011911419714980633,2605.76,2380.5,5339.099999999992,0.472863098474844,SEMANTIC_REPAIR
arxiv_nomic_100k,2,arxiv_nomic_100k__seed43__random,arxiv_nomic_100k__seed71__cluster_block_order,RM-B1,128,5,CERTIFIED,0.016,0.016,0.0,0.03623796513686767,1340.476,1045.5,4772.449999999997,0.7288259988606645,SEMANTIC_REPAIR
arxiv_nomic_100k,2,arxiv_nomic_100k__seed43__random,arxiv_nomic_100k__seed71__cluster_block_order,RM-B2,128,6,CERTIFIED,0.004,0.004,0.0,0.018833965611186224,1689.332,1399.5,5339.099999999992,0.6582535474766307,SEMANTIC_REPAIR
arxiv_nomic_100k,2,arxiv_nomic_100k__seed43__random,arxiv_nomic_100k__seed71__cluster_block_order,RM-B1,250,5,CERTIFIED,0.016,0.016,0.0,0.03623796513686767,1340.476,1045.5,4772.449999999997,0.7288259988606645,SEMANTIC_REPAIR
arxiv_nomic_100k,2,arxiv_nomic_100k__seed43__random,arxiv_nomic_100k__seed71__cluster_block_order,RM-B2,250,4,CERTIFIED,0.016,0.016,0.0,0.03623796513686767,1070.168,845.5,3485.2999999999997,0.7835084414407416,SEMANTIC_REPAIR
arxiv_nomic_100k,2,arxiv_nomic_100k__seed43__random,arxiv_nomic_100k__seed71__natural_source_order,RM-B1,80,5,CERTIFIED,0.024,0.024,0.0,0.04681743080651248,1180.472,1011.0,1708.1,0.7586479877654833,SEMANTIC_REPAIR
arxiv_nomic_100k,2,arxiv_nomic_100k__seed43__random,arxiv_nomic_100k__seed71__natural_source_order,RM-B2,80,5,CERTIFIED,0.024,0.024,0.0,0.04681743080651248,1180.472,1011.0,1708.1,0.7586479877654833,SEMANTIC_REPAIR
arxiv_nomic_100k,2,arxiv_nomic_100k__seed43__random,arxiv_nomic_100k__seed71__natural_source_order,RM-B1,128,5,CERTIFIED,0.024,0.024,0.0,0.04681743080651248,1180.472,1011.0,1708.1,0.7586479877654833,SEMANTIC_REPAIR
arxiv_nomic_100k,2,arxiv_nomic_100k__seed43__random,arxiv_nomic_100k__seed71__natural_source_order,RM-B2,128,5,CERTIFIED,0.024,0.024,0.0,0.04681743080651248,1180.472,1011.0,1708.1,0.7586479877654833,SEMANTIC_REPAIR
arxiv_nomic_100k,2,arxiv_nomic_100k__seed43__random,arxiv_nomic_100k__seed71__natural_source_order,RM-B1,250,5,CERTIFIED,0.024,0.024,0.0,0.04681743080651248,1180.472,1011.0,1708.1,0.7586479877654833,SEMANTIC_REPAIR
arxiv_nomic_100k,2,arxiv_nomic_100k__seed43__random,arxiv_nomic_100k__seed71__natural_source_order,RM-B2,250,5,CERTIFIED,0.024,0.024,0.0,0.04681743080651248,1180.472,1011.0,1708.1,0.7586479877654833,SEMANTIC_REPAIR
arxiv_nomic_100k,2,arxiv_nomic_100k__seed43__random,arxiv_nomic_100k__seed71__random,RM-B1,80,5,CERTIFIED,0.024,0.024,0.0,0.04681743080651248,1183.94,1015.0,1715.2499999999993,0.7577082954733358,SEMANTIC_REPAIR
arxiv_nomic_100k,2,arxiv_nomic_100k__seed43__random,arxiv_nomic_100k__seed71__random,RM-B2,80,8,CERTIFIED,0.0,0.0,0.0,0.011911419714980633,2477.404,2324.0,3687.5499999999997,0.4930026538834944,SEMANTIC_REPAIR
arxiv_nomic_100k,2,arxiv_nomic_100k__seed43__random,arxiv_nomic_100k__seed71__random,RM-B1,128,5,CERTIFIED,0.024,0.024,0.0,0.04681743080651248,1183.94,1015.0,1715.2499999999993,0.7577082954733358,SEMANTIC_REPAIR
arxiv_nomic_100k,2,arxiv_nomic_100k__seed43__random,arxiv_nomic_100k__seed71__random,RM-B2,128,5,CERTIFIED,0.024,0.024,0.0,0.04681743080651248,1183.94,1015.0,1715.2499999999993,0.7577082954733358,SEMANTIC_REPAIR
arxiv_nomic_100k,2,arxiv_nomic_100k__seed43__random,arxiv_nomic_100k__seed71__random,RM-B1,250,5,CERTIFIED,0.024,0.024,0.0,0.04681743080651248,1183.94,1015.0,1715.2499999999993,0.7577082954733358,SEMANTIC_REPAIR
arxiv_nomic_100k,2,arxiv_nomic_100k__seed43__random,arxiv_nomic_100k__seed71__random,RM-B2,250,5,CERTIFIED,0.024,0.024,0.0,0.04681743080651248,1183.94,1015.0,1715.2499999999993,0.7577082954733358,SEMANTIC_REPAIR
arxiv_nomic_100k,2,arxiv_nomic_100k__seed59__cluster_block_order,arxiv_nomic_100k__seed43__cluster_block_order,RM-B1,80,3,CERTIFIED,0.068,0.068,0.0,0.10025509167683254,738.816,638.0,1602.85,0.8502694604953404,SEMANTIC_REPAIR
arxiv_nomic_100k,2,arxiv_nomic_100k__seed59__cluster_block_order,arxiv_nomic_100k__seed43__cluster_block_order,RM-B2,80,8,CERTIFIED,0.0,0.0,0.0,0.011911419714980633,2693.46,2368.5,5650.999999999998,0.45413578085176753,SEMANTIC_REPAIR
arxiv_nomic_100k,2,arxiv_nomic_100k__seed59__cluster_block_order,arxiv_nomic_100k__seed43__cluster_block_order,RM-B1,128,4,CERTIFIED,0.028,0.028,0.0,0.05194700438197347,975.208,845.5,2050.8999999999996,0.8023615893953838,SEMANTIC_REPAIR
arxiv_nomic_100k,2,arxiv_nomic_100k__seed59__cluster_block_order,arxiv_nomic_100k__seed43__cluster_block_order,RM-B2,128,6,CERTIFIED,0.004,0.004,0.0,0.018833965611186224,1637.9,1395.0,3432.9999999999995,0.6680585549654015,SEMANTIC_REPAIR
arxiv_nomic_100k,2,arxiv_nomic_100k__seed59__cluster_block_order,arxiv_nomic_100k__seed43__cluster_block_order,RM-B1,250,4,CERTIFIED,0.028,0.028,0.0,0.05194700438197347,975.208,845.5,2050.8999999999996,0.8023615893953838,SEMANTIC_REPAIR
arxiv_nomic_100k,2,arxiv_nomic_100k__seed59__cluster_block_order,arxiv_nomic_100k__seed43__cluster_block_order,RM-B2,250,4,CERTIFIED,0.028,0.028,0.0,0.05194700438197347,975.208,845.5,2050.8999999999996,0.8023615893953838,SEMANTIC_REPAIR
arxiv_nomic_100k,2,arxiv_nomic_100k__seed59__cluster_block_order,arxiv_nomic_100k__seed43__natural_source_order,RM-B1,80,3,CERTIFIED,0.088,0.088,0.0,0.12327314528085628,695.628,606.0,1417.55,0.857680406760686,SEMANTIC_REPAIR
arxiv_nomic_100k,2,arxiv_nomic_100k__seed59__cluster_block_order,arxiv_nomic_100k__seed43__natural_source_order,RM-B2,80,5,CERTIFIED,0.02,0.02,0.0,0.04158982878282098,1157.304,1008.5,2501.0999999999995,0.7632254099400383,SEMANTIC_REPAIR
arxiv_nomic_100k,2,arxiv_nomic_100k__seed59__cluster_block_order,arxiv_nomic_100k__seed43__natural_source_order,RM-B1,128,4,CERTIFIED,0.048,0.048,0.0,0.07661134159084108,922.512,816.0,1846.6999999999998,0.8112618632395676,SEMANTIC_REPAIR
arxiv_nomic_100k,2,arxiv_nomic_100k__seed59__cluster_block_order,arxiv_nomic_100k__seed43__natural_source_order,RM-B2,128,5,CERTIFIED,0.02,0.02,0.0,0.04158982878282098,1157.304,1008.5,2501.0999999999995,0.7632254099400383,SEMANTIC_REPAIR
arxiv_nomic_100k,2,arxiv_nomic_100k__seed59__cluster_block_order,arxiv_nomic_100k__seed43__natural_source_order,RM-B1,250,4,CERTIFIED,0.048,0.048,0.0,0.07661134159084108,922.512,816.0,1846.6999999999998,0.8112618632395676,SEMANTIC_REPAIR
arxiv_nomic_100k,2,arxiv_nomic_100k__seed59__cluster_block_order,arxiv_nomic_100k__seed43__natural_source_order,RM-B2,250,4,CERTIFIED,0.048,0.048,0.0,0.07661134159084108,922.512,816.0,1846.6999999999998,0.8112618632395676,SEMANTIC_REPAIR
arxiv_nomic_100k,2,arxiv_nomic_100k__seed59__cluster_block_order,arxiv_nomic_100k__seed43__random,RM-B1,80,3,CERTIFIED,0.064,0.064,0.0,0.09558459838926574,682.964,617.5,1303.7999999999993,0.8600075103882772,SEMANTIC_REPAIR
arxiv_nomic_100k,2,arxiv_nomic_100k__seed59__cluster_block_order,arxiv_nomic_100k__seed43__random,RM-B2,80,8,CERTIFIED,0.0,0.0,0.0,0.011911419714980633,2535.284,2330.5,4730.199999999996,0.4803229466959211,SEMANTIC_REPAIR
arxiv_nomic_100k,2,arxiv_nomic_100k__seed59__cluster_block_order,arxiv_nomic_100k__seed43__random,RM-B1,128,4,CERTIFIED,0.032,0.032,0.0,0.05699654926405676,903.236,822.5,1652.4499999999996,0.8148566302953977,SEMANTIC_REPAIR
arxiv_nomic_100k,2,arxiv_nomic_100k__seed59__cluster_block_order,arxiv_nomic_100k__seed43__random,RM-B2,128,5,CERTIFIED,0.02,0.02,0.0,0.04158982878282098,1129.88,1016.0,2247.85,0.7683996313678417,SEMANTIC_REPAIR
arxiv_nomic_100k,2,arxiv_nomic_100k__seed59__cluster_block_order,arxiv_nomic_100k__seed43__random,RM-B1,250,4,CERTIFIED,0.032,0.032,0.0,0.05699654926405676,903.236,822.5,1652.4499999999996,0.8148566302953977,SEMANTIC_REPAIR
arxiv_nomic_100k,2,arxiv_nomic_100k__seed59__cluster_block_order,arxiv_nomic_100k__seed43__random,RM-B2,250,4,CERTIFIED,0.032,0.032,0.0,0.05699654926405676,903.236,822.5,1652.4499999999996,0.8148566302953977,SEMANTIC_REPAIR
arxiv_nomic_100k,2,arxiv_nomic_100k__seed59__cluster_block_order,arxiv_nomic_100k__seed59__natural_source_order,RM-B1,80,3,CERTIFIED,0.084,0.084,0.0,0.11870916502778278,699.108,612.0,1416.5999999999995,0.8568928897193323,SEMANTIC_REPAIR
arxiv_nomic_100k,2,arxiv_nomic_100k__seed59__cluster_block_order,arxiv_nomic_100k__seed59__natural_source_order,RM-B2,80,4,CERTIFIED,0.044,0.044,0.0,0.07177970349205483,923.3,813.0,1812.3999999999996,0.8110008826645662,SEMANTIC_REPAIR
arxiv_nomic_100k,2,arxiv_nomic_100k__seed59__cluster_block_order,arxiv_nomic_100k__seed59__natural_source_order,RM-B1,128,4,CERTIFIED,0.044,0.044,0.0,0.07177970349205483,923.3,813.0,1812.3999999999996,0.8110008826645662,SEMANTIC_REPAIR
arxiv_nomic_100k,2,arxiv_nomic_100k__seed59__cluster_block_order,arxiv_nomic_100k__seed59__natural_source_order,RM-B2,128,4,CERTIFIED,0.044,0.044,0.0,0.07177970349205483,923.3,813.0,1812.3999999999996,0.8110008826645662,SEMANTIC_REPAIR
arxiv_nomic_100k,2,arxiv_nomic_100k__seed59__cluster_block_order,arxiv_nomic_100k__seed59__natural_source_order,RM-B1,250,4,CERTIFIED,0.044,0.044,0.0,0.07177970349205483,923.3,813.0,1812.3999999999996,0.8110008826645662,SEMANTIC_REPAIR
arxiv_nomic_100k,2,arxiv_nomic_100k__seed59__cluster_block_order,arxiv_nomic_100k__seed59__natural_source_order,RM-B2,250,4,CERTIFIED,0.044,0.044,0.0,0.07177970349205483,923.3,813.0,1812.3999999999996,0.8110008826645662,SEMANTIC_REPAIR
arxiv_nomic_100k,2,arxiv_nomic_100k__seed59__cluster_block_order,arxiv_nomic_100k__seed59__random,RM-B1,80,3,CERTIFIED,0.064,0.064,0.0,0.09558459838926574,701.14,611.5,1453.049999999999,0.8561536308929332,SEMANTIC_REPAIR
arxiv_nomic_100k,2,arxiv_nomic_100k__seed59__cluster_block_order,arxiv_nomic_100k__seed59__random,RM-B2,80,7,CERTIFIED,0.004,0.004,0.0,0.018833965611186224,1955.66,1712.0,4405.249999999997,0.5987754368486661,SEMANTIC_REPAIR
arxiv_nomic_100k,2,arxiv_nomic_100k__seed59__cluster_block_order,arxiv_nomic_100k__seed59__random,RM-B1,128,4,CERTIFIED,0.036,0.036,0.0,0.06197905502895629,926.78,815.0,1835.5499999999993,0.8098611718614722,SEMANTIC_REPAIR
arxiv_nomic_100k,2,arxiv_nomic_100k__seed59__cluster_block_order,arxiv_nomic_100k__seed59__random,RM-B2,128,5,CERTIFIED,0.028,0.028,0.0,0.05194700438197347,1165.872,1007.0,2478.2,0.7608088911720995,SEMANTIC_REPAIR
arxiv_nomic_100k,2,arxiv_nomic_100k__seed59__cluster_block_order,arxiv_nomic_100k__seed59__random,RM-B1,250,4,CERTIFIED,0.036,0.036,0.0,0.06197905502895629,926.78,815.0,1835.5499999999993,0.8098611718614722,SEMANTIC_REPAIR
arxiv_nomic_100k,2,arxiv_nomic_100k__seed59__cluster_block_order,arxiv_nomic_100k__seed59__random,RM-B2,250,4,CERTIFIED,0.036,0.036,0.0,0.06197905502895629,926.78,815.0,1835.5499999999993,0.8098611718614722,SEMANTIC_REPAIR
arxiv_nomic_100k,2,arxiv_nomic_100k__seed59__cluster_block_order,arxiv_nomic_100k__seed71__cluster_block_order,RM-B1,80,3,CERTIFIED,0.068,0.068,0.0,0.10025509167683254,736.776,641.0,1430.6999999999998,0.8509525751573059,SEMANTIC_REPAIR
arxiv_nomic_100k,2,arxiv_nomic_100k__seed59__cluster_block_order,arxiv_nomic_100k__seed71__cluster_block_order,RM-B2,80,8,CERTIFIED,0.0,0.0,0.0,0.011911419714980633,2664.064,2382.5,5511.999999999998,0.461068386027603,SEMANTIC_REPAIR
arxiv_nomic_100k,2,arxiv_nomic_100k__seed59__cluster_block_order,arxiv_nomic_100k__seed71__cluster_block_order,RM-B1,128,4,CERTIFIED,0.024,0.024,0.0,0.04681743080651248,970.336,846.0,1923.7999999999993,0.8037041352702038,SEMANTIC_REPAIR
arxiv_nomic_100k,2,arxiv_nomic_100k__seed59__cluster_block_order,arxiv_nomic_100k__seed71__cluster_block_order,RM-B2,128,6,CERTIFIED,0.004,0.004,0.0,0.018833965611186224,1614.096,1407.5,3372.3999999999996,0.67347354928921,SEMANTIC_REPAIR
arxiv_nomic_100k,2,arxiv_nomic_100k__seed59__cluster_block_order,arxiv_nomic_100k__seed71__cluster_block_order,RM-B1,250,4,CERTIFIED,0.024,0.024,0.0,0.04681743080651248,970.336,846.0,1923.7999999999993,0.8037041352702038,SEMANTIC_REPAIR
arxiv_nomic_100k,2,arxiv_nomic_100k__seed59__cluster_block_order,arxiv_nomic_100k__seed71__cluster_block_order,RM-B2,250,4,CERTIFIED,0.024,0.024,0.0,0.04681743080651248,970.336,846.0,1923.7999999999993,0.8037041352702038,SEMANTIC_REPAIR
arxiv_nomic_100k,2,arxiv_nomic_100k__seed59__cluster_block_order,arxiv_nomic_100k__seed71__natural_source_order,RM-B1,80,3,CERTIFIED,0.096,0.096,0.0,0.13234984385836024,702.96,621.5,1441.3,0.8562771412448784,SEMANTIC_REPAIR
arxiv_nomic_100k,2,arxiv_nomic_100k__seed59__cluster_block_order,arxiv_nomic_100k__seed71__natural_source_order,RM-B2,80,5,CERTIFIED,0.02,0.02,0.0,0.04158982878282098,1168.036,1011.0,2543.75,0.7611905754966183,SEMANTIC_REPAIR
arxiv_nomic_100k,2,arxiv_nomic_100k__seed59__cluster_block_order,arxiv_nomic_100k__seed71__natural_source_order,RM-B1,128,4,CERTIFIED,0.044,0.044,0.0,0.07177970349205483,928.016,824.5,1839.6499999999999,0.8102635818673994,SEMANTIC_REPAIR
arxiv_nomic_100k,2,arxiv_nomic_100k__seed59__cluster_block_order,arxiv_nomic_100k__seed71__natural_source_order,RM-B2,128,5,CERTIFIED,0.02,0.02,0.0,0.04158982878282098,1168.036,1011.0,2543.75,0.7611905754966183,SEMANTIC_REPAIR
arxiv_nomic_100k,2,arxiv_nomic_100k__seed59__cluster_block_order,arxiv_nomic_100k__seed71__natural_source_order,RM-B1,250,4,CERTIFIED,0.044,0.044,0.0,0.07177970349205483,928.016,824.5,1839.6499999999999,0.8102635818673994,SEMANTIC_REPAIR
arxiv_nomic_100k,2,arxiv_nomic_100k__seed59__cluster_block_order,arxiv_nomic_100k__seed71__natural_source_order,RM-B2,250,5,CERTIFIED,0.02,0.02,0.0,0.04158982878282098,1168.036,1011.0,2543.75,0.7611905754966183,SEMANTIC_REPAIR
arxiv_nomic_100k,2,arxiv_nomic_100k__seed59__cluster_block_order,arxiv_nomic_100k__seed71__random,RM-B1,80,3,CERTIFIED,0.068,0.068,0.0,0.10025509167683254,710.412,622.0,1497.1499999999985,0.8546151541495376,SEMANTIC_REPAIR
arxiv_nomic_100k,2,arxiv_nomic_100k__seed59__cluster_block_order,arxiv_nomic_100k__seed71__random,RM-B2,80,8,CERTIFIED,0.0,0.0,0.0,0.011911419714980633,2591.644,2325.5,5135.699999999993,0.46962359385923125,SEMANTIC_REPAIR
arxiv_nomic_100k,2,arxiv_nomic_100k__seed59__cluster_block_order,arxiv_nomic_100k__seed71__random,RM-B1,128,4,CERTIFIED,0.044,0.044,0.0,0.07177970349205483,936.908,812.5,1904.1,0.8082630569921889,SEMANTIC_REPAIR
arxiv_nomic_100k,2,arxiv_nomic_100k__seed59__cluster_block_order,arxiv_nomic_100k__seed71__random,RM-B2,128,5,CERTIFIED,0.028,0.028,0.0,0.05194700438197347,1172.468,1013.0,2552.549999999999,0.7600560246102261,SEMANTIC_REPAIR
arxiv_nomic_100k,2,arxiv_nomic_100k__seed59__cluster_block_order,arxiv_nomic_100k__seed71__random,RM-B1,250,4,CERTIFIED,0.044,0.044,0.0,0.07177970349205483,936.908,812.5,1904.1,0.8082630569921889,SEMANTIC_REPAIR
arxiv_nomic_100k,2,arxiv_nomic_100k__seed59__cluster_block_order,arxiv_nomic_100k__seed71__random,RM-B2,250,5,CERTIFIED,0.028,0.028,0.0,0.05194700438197347,1172.468,1013.0,2552.549999999999,0.7600560246102261,SEMANTIC_REPAIR
arxiv_nomic_100k,2,arxiv_nomic_100k__seed59__natural_source_order,arxiv_nomic_100k__seed43__cluster_block_order,RM-B1,80,7,CERTIFIED,0.004,0.004,0.0,0.018833965611186224,1910.5,1731.0,3112.2499999999995,0.6128126682101468,SEMANTIC_REPAIR
arxiv_nomic_100k,2,arxiv_nomic_100k__seed59__natural_source_order,arxiv_nomic_100k__seed43__cluster_block_order,RM-B2,80,8,CERTIFIED,0.0,0.0,0.0,0.011911419714980633,2517.712,2360.0,3875.45,0.48975336744554043,SEMANTIC_REPAIR
arxiv_nomic_100k,2,arxiv_nomic_100k__seed59__natural_source_order,arxiv_nomic_100k__seed43__cluster_block_order,RM-B1,128,7,CERTIFIED,0.004,0.004,0.0,0.018833965611186224,1910.5,1731.0,3112.2499999999995,0.6128126682101468,SEMANTIC_REPAIR
arxiv_nomic_100k,2,arxiv_nomic_100k__seed59__natural_source_order,arxiv_nomic_100k__seed43__cluster_block_order,RM-B2,128,6,CERTIFIED,0.004,0.004,0.0,0.018833965611186224,1545.584,1387.0,2276.6,0.6867675765416967,SEMANTIC_REPAIR
arxiv_nomic_100k,2,arxiv_nomic_100k__seed59__natural_source_order,arxiv_nomic_100k__seed43__cluster_block_order,RM-B1,250,4,CERTIFIED,0.032,0.032,0.0,0.05699654926405676,941.14,839.0,1298.8499999999995,0.8092659065999988,SEMANTIC_REPAIR
arxiv_nomic_100k,2,arxiv_nomic_100k__seed59__natural_source_order,arxiv_nomic_100k__seed43__cluster_block_order,RM-B2,250,4,CERTIFIED,0.032,0.032,0.0,0.05699654926405676,941.14,839.0,1298.8499999999995,0.8092659065999988,SEMANTIC_REPAIR
arxiv_nomic_100k,2,arxiv_nomic_100k__seed59__natural_source_order,arxiv_nomic_100k__seed43__natural_source_order,RM-B1,80,7,CERTIFIED,0.012,0.012,0.0,0.030720864145366192,1802.188,1706.5,2901.2999999999984,0.6312876090370532,SEMANTIC_REPAIR
arxiv_nomic_100k,2,arxiv_nomic_100k__seed59__natural_source_order,arxiv_nomic_100k__seed43__natural_source_order,RM-B2,80,5,CERTIFIED,0.024,0.024,0.0,0.04681743080651248,1068.272,1007.0,1595.8999999999996,0.7814406025793262,SEMANTIC_REPAIR
arxiv_nomic_100k,2,arxiv_nomic_100k__seed59__natural_source_order,arxiv_nomic_100k__seed43__natural_source_order,RM-B1,128,7,CERTIFIED,0.012,0.012,0.0,0.030720864145366192,1802.188,1706.5,2901.2999999999984,0.6312876090370532,SEMANTIC_REPAIR
arxiv_nomic_100k,2,arxiv_nomic_100k__seed59__natural_source_order,arxiv_nomic_100k__seed43__natural_source_order,RM-B2,128,5,CERTIFIED,0.024,0.024,0.0,0.04681743080651248,1068.272,1007.0,1595.8999999999996,0.7814406025793262,SEMANTIC_REPAIR
arxiv_nomic_100k,2,arxiv_nomic_100k__seed59__natural_source_order,arxiv_nomic_100k__seed43__natural_source_order,RM-B1,250,4,CERTIFIED,0.052,0.052,0.0,0.08140399950699219,850.792,813.0,1171.0499999999988,0.8259351674008775,SEMANTIC_REPAIR
arxiv_nomic_100k,2,arxiv_nomic_100k__seed59__natural_source_order,arxiv_nomic_100k__seed43__natural_source_order,RM-B2,250,5,CERTIFIED,0.024,0.024,0.0,0.04681743080651248,1068.272,1007.0,1595.8999999999996,0.7814406025793262,SEMANTIC_REPAIR
arxiv_nomic_100k,2,arxiv_nomic_100k__seed59__natural_source_order,arxiv_nomic_100k__seed43__random,RM-B1,80,7,CERTIFIED,0.008,0.008,0.0,0.02496768176927198,1831.056,1697.5,2762.7999999999993,0.6246740852248689,SEMANTIC_REPAIR
arxiv_nomic_100k,2,arxiv_nomic_100k__seed59__natural_source_order,arxiv_nomic_100k__seed43__random,RM-B2,80,8,CERTIFIED,0.0,0.0,0.0,0.011911419714980633,2437.02,2318.5,3449.7499999999995,0.5004648897547153,SEMANTIC_REPAIR
arxiv_nomic_100k,2,arxiv_nomic_100k__seed59__natural_source_order,arxiv_nomic_100k__seed43__random,RM-B1,128,7,CERTIFIED,0.008,0.008,0.0,0.02496768176927198,1831.056,1697.5,2762.7999999999993,0.6246740852248689,SEMANTIC_REPAIR
arxiv_nomic_100k,2,arxiv_nomic_100k__seed59__natural_source_order,arxiv_nomic_100k__seed43__random,RM-B2,128,5,CERTIFIED,0.02,0.02,0.0,0.04158982878282098,1123.1,1008.0,1586.1,0.7697893811636838,SEMANTIC_REPAIR
arxiv_nomic_100k,2,arxiv_nomic_100k__seed59__natural_source_order,arxiv_nomic_100k__seed43__random,RM-B1,250,4,CERTIFIED,0.032,0.032,0.0,0.05699654926405676,900.456,819.0,1162.1499999999999,0.8154264687072621,SEMANTIC_REPAIR
arxiv_nomic_100k,2,arxiv_nomic_100k__seed59__natural_source_order,arxiv_nomic_100k__seed43__random,RM-B2,250,4,CERTIFIED,0.032,0.032,0.0,0.05699654926405676,900.456,819.0,1162.1499999999999,0.8154264687072621,SEMANTIC_REPAIR
arxiv_nomic_100k,2,arxiv_nomic_100k__seed59__natural_source_order,arxiv_nomic_100k__seed59__cluster_block_order,RM-B1,80,7,CERTIFIED,0.004,0.004,0.0,0.018833965611186224,1852.712,1726.5,2958.3999999999996,0.6242527490802597,SEMANTIC_REPAIR
arxiv_nomic_100k,2,arxiv_nomic_100k__seed59__natural_source_order,arxiv_nomic_100k__seed59__cluster_block_order,RM-B2,80,8,CERTIFIED,0.0,0.0,0.0,0.011911419714980633,2463.46,2359.5,3616.55,0.500387365790936,SEMANTIC_REPAIR
arxiv_nomic_100k,2,arxiv_nomic_100k__seed59__natural_source_order,arxiv_nomic_100k__seed59__cluster_block_order,RM-B1,128,7,CERTIFIED,0.004,0.004,0.0,0.018833965611186224,1852.712,1726.5,2958.3999999999996,0.6242527490802597,SEMANTIC_REPAIR
arxiv_nomic_100k,2,arxiv_nomic_100k__seed59__natural_source_order,arxiv_nomic_100k__seed59__cluster_block_order,RM-B2,128,6,CERTIFIED,0.004,0.004,0.0,0.018833965611186224,1490.176,1378.0,2186.0499999999997,0.6977784267675846,SEMANTIC_REPAIR
arxiv_nomic_100k,2,arxiv_nomic_100k__seed59__natural_source_order,arxiv_nomic_100k__seed59__cluster_block_order,RM-B1,250,4,CERTIFIED,0.04,0.04,0.0,0.06690426305497835,895.016,821.5,1281.1,0.8184824184605151,SEMANTIC_REPAIR
arxiv_nomic_100k,2,arxiv_nomic_100k__seed59__natural_source_order,arxiv_nomic_100k__seed59__cluster_block_order,RM-B2,250,5,CERTIFIED,0.016,0.016,0.0,0.03623796513686767,1121.56,1019.0,1710.2499999999998,0.7725371850878368,SEMANTIC_REPAIR
arxiv_nomic_100k,2,arxiv_nomic_100k__seed59__natural_source_order,arxiv_nomic_100k__seed59__random,RM-B1,80,7,CERTIFIED,0.004,0.004,0.0,0.018833965611186224,1804.408,1705.5,2831.6999999999994,0.6298064021625578,SEMANTIC_REPAIR
arxiv_nomic_100k,2,arxiv_nomic_100k__seed59__natural_source_order,arxiv_nomic_100k__seed59__random,RM-B2,80,7,CERTIFIED,0.004,0.004,0.0,0.018833965611186224,1804.408,1705.5,2831.6999999999994,0.6298064021625578,SEMANTIC_REPAIR
arxiv_nomic_100k,2,arxiv_nomic_100k__seed59__natural_source_order,arxiv_nomic_100k__seed59__random,RM-B1,128,7,CERTIFIED,0.004,0.004,0.0,0.018833965611186224,1804.408,1705.5,2831.6999999999994,0.6298064021625578,SEMANTIC_REPAIR
arxiv_nomic_100k,2,arxiv_nomic_100k__seed59__natural_source_order,arxiv_nomic_100k__seed59__random,RM-B2,128,5,CERTIFIED,0.028,0.028,0.0,0.05194700438197347,1084.016,1004.0,1618.5999999999988,0.7776025249536952,SEMANTIC_REPAIR
arxiv_nomic_100k,2,arxiv_nomic_100k__seed59__natural_source_order,arxiv_nomic_100k__seed59__random,RM-B1,250,4,CERTIFIED,0.036,0.036,0.0,0.06197905502895629,863.38,811.5,1146.3,0.8228683598715529,SEMANTIC_REPAIR
arxiv_nomic_100k,2,arxiv_nomic_100k__seed59__natural_source_order,arxiv_nomic_100k__seed59__random,RM-B2,250,5,CERTIFIED,0.028,0.028,0.0,0.05194700438197347,1084.016,1004.0,1618.5999999999988,0.7776025249536952,SEMANTIC_REPAIR
arxiv_nomic_100k,2,arxiv_nomic_100k__seed59__natural_source_order,arxiv_nomic_100k__seed71__cluster_block_order,RM-B1,80,7,CERTIFIED,0.004,0.004,0.0,0.018833965611186224,1939.576,1747.5,3315.1499999999983,0.6076299878298247,SEMANTIC_REPAIR
arxiv_nomic_100k,2,arxiv_nomic_100k__seed59__natural_source_order,arxiv_nomic_100k__seed71__cluster_block_order,RM-B2,80,8,CERTIFIED,0.0,0.0,0.0,0.011911419714980633,2541.788,2380.5,4067.0999999999976,0.4858044291669903,SEMANTIC_REPAIR
arxiv_nomic_100k,2,arxiv_nomic_100k__seed59__natural_source_order,arxiv_nomic_100k__seed71__cluster_block_order,RM-B1,128,7,CERTIFIED,0.004,0.004,0.0,0.018833965611186224,1939.576,1747.5,3315.1499999999983,0.6076299878298247,SEMANTIC_REPAIR
arxiv_nomic_100k,2,arxiv_nomic_100k__seed59__natural_source_order,arxiv_nomic_100k__seed71__cluster_block_order,RM-B2,128,6,CERTIFIED,0.004,0.004,0.0,0.018833965611186224,1574.08,1399.5,2467.2499999999995,0.681568657914498,SEMANTIC_REPAIR
arxiv_nomic_100k,2,arxiv_nomic_100k__seed59__natural_source_order,arxiv_nomic_100k__seed71__cluster_block_order,RM-B1,250,4,CERTIFIED,0.024,0.024,0.0,0.04681743080651248,959.904,844.5,1404.9499999999998,0.8058144954556048,SEMANTIC_REPAIR
arxiv_nomic_100k,2,arxiv_nomic_100k__seed59__natural_source_order,arxiv_nomic_100k__seed71__cluster_block_order,RM-B2,250,4,CERTIFIED,0.024,0.024,0.0,0.04681743080651248,959.904,844.5,1404.9499999999998,0.8058144954556048,SEMANTIC_REPAIR
arxiv_nomic_100k,2,arxiv_nomic_100k__seed59__natural_source_order,arxiv_nomic_100k__seed71__natural_source_order,RM-B1,80,7,CERTIFIED,0.012,0.012,0.0,0.030720864145366192,1834.192,1710.5,2768.449999999997,0.6249924352085838,SEMANTIC_REPAIR
arxiv_nomic_100k,2,arxiv_nomic_100k__seed59__natural_source_order,arxiv_nomic_100k__seed71__natural_source_order,RM-B2,80,5,CERTIFIED,0.024,0.024,0.0,0.04681743080651248,1110.572,1006.0,1636.4499999999996,0.7729393099274597,SEMANTIC_REPAIR
arxiv_nomic_100k,2,arxiv_nomic_100k__seed59__natural_source_order,arxiv_nomic_100k__seed71__natural_source_order,RM-B1,128,7,CERTIFIED,0.012,0.012,0.0,0.030720864145366192,1834.192,1710.5,2768.449999999997,0.6249924352085838,SEMANTIC_REPAIR
arxiv_nomic_100k,2,arxiv_nomic_100k__seed59__natural_source_order,arxiv_nomic_100k__seed71__natural_source_order,RM-B2,128,5,CERTIFIED,0.024,0.024,0.0,0.04681743080651248,1110.572,1006.0,1636.4499999999996,0.7729393099274597,SEMANTIC_REPAIR
arxiv_nomic_100k,2,arxiv_nomic_100k__seed59__natural_source_order,arxiv_nomic_100k__seed71__natural_source_order,RM-B1,250,4,CERTIFIED,0.052,0.052,0.0,0.08140399950699219,888.02,818.5,1203.3999999999999,0.8184409169345012,SEMANTIC_REPAIR
arxiv_nomic_100k,2,arxiv_nomic_100k__seed59__natural_source_order,arxiv_nomic_100k__seed71__natural_source_order,RM-B2,250,5,CERTIFIED,0.024,0.024,0.0,0.04681743080651248,1110.572,1006.0,1636.4499999999996,0.7729393099274597,SEMANTIC_REPAIR
arxiv_nomic_100k,2,arxiv_nomic_100k__seed59__natural_source_order,arxiv_nomic_100k__seed71__random,RM-B1,80,7,CERTIFIED,0.004,0.004,0.0,0.018833965611186224,1834.372,1704.5,2888.249999999998,0.6245982747301503,SEMANTIC_REPAIR
arxiv_nomic_100k,2,arxiv_nomic_100k__seed59__natural_source_order,arxiv_nomic_100k__seed71__random,RM-B2,80,8,CERTIFIED,0.0,0.0,0.0,0.011911419714980633,2441.836,2317.0,3615.799999999999,0.5002815965213007,SEMANTIC_REPAIR
arxiv_nomic_100k,2,arxiv_nomic_100k__seed59__natural_source_order,arxiv_nomic_100k__seed71__random,RM-B1,128,7,CERTIFIED,0.004,0.004,0.0,0.018833965611186224,1834.372,1704.5,2888.249999999998,0.6245982747301503,SEMANTIC_REPAIR
arxiv_nomic_100k,2,arxiv_nomic_100k__seed59__natural_source_order,arxiv_nomic_100k__seed71__random,RM-B2,128,5,CERTIFIED,0.028,0.028,0.0,0.05194700438197347,1113.364,1010.5,1687.4499999999996,0.7721515775135355,SEMANTIC_REPAIR
arxiv_nomic_100k,2,arxiv_nomic_100k__seed59__natural_source_order,arxiv_nomic_100k__seed71__random,RM-B1,250,4,CERTIFIED,0.04,0.04,0.0,0.06690426305497835,888.72,810.5,1276.5499999999997,0.8181246653994823,SEMANTIC_REPAIR
arxiv_nomic_100k,2,arxiv_nomic_100k__seed59__natural_source_order,arxiv_nomic_100k__seed71__random,RM-B2,250,5,CERTIFIED,0.028,0.028,0.0,0.05194700438197347,1113.364,1010.5,1687.4499999999996,0.7721515775135355,SEMANTIC_REPAIR
arxiv_nomic_100k,2,arxiv_nomic_100k__seed59__random,arxiv_nomic_100k__seed43__cluster_block_order,RM-B1,80,6,CERTIFIED,0.004,0.004,0.0,0.018833965611186224,1560.864,1395.0,3091.5999999999917,0.6836708885386875,SEMANTIC_REPAIR
arxiv_nomic_100k,2,arxiv_nomic_100k__seed59__random,arxiv_nomic_100k__seed43__cluster_block_order,RM-B2,80,8,CERTIFIED,0.0,0.0,0.0,0.011911419714980633,2579.252,2368.5,5319.04999999999,0.47728149704598666,SEMANTIC_REPAIR
arxiv_nomic_100k,2,arxiv_nomic_100k__seed59__random,arxiv_nomic_100k__seed43__cluster_block_order,RM-B1,128,4,CERTIFIED,0.028,0.028,0.0,0.05194700438197347,940.688,847.0,1842.2999999999959,0.8093575101979935,SEMANTIC_REPAIR
arxiv_nomic_100k,2,arxiv_nomic_100k__seed59__random,arxiv_nomic_100k__seed43__cluster_block_order,RM-B2,128,6,CERTIFIED,0.004,0.004,0.0,0.018833965611186224,1560.864,1395.0,3091.5999999999917,0.6836708885386875,SEMANTIC_REPAIR
arxiv_nomic_100k,2,arxiv_nomic_100k__seed59__random,arxiv_nomic_100k__seed43__cluster_block_order,RM-B1,250,6,CERTIFIED,0.004,0.004,0.0,0.018833965611186224,1560.864,1395.0,3091.5999999999917,0.6836708885386875,SEMANTIC_REPAIR
arxiv_nomic_100k,2,arxiv_nomic_100k__seed59__random,arxiv_nomic_100k__seed43__cluster_block_order,RM-B2,250,4,CERTIFIED,0.028,0.028,0.0,0.05194700438197347,940.688,847.0,1842.2999999999959,0.8093575101979935,SEMANTIC_REPAIR
arxiv_nomic_100k,2,arxiv_nomic_100k__seed59__random,arxiv_nomic_100k__seed43__natural_source_order,RM-B1,80,6,CERTIFIED,0.016,0.016,0.0,0.03623796513686767,1478.156,1388.5,1982.549999999999,0.6975818100130365,SEMANTIC_REPAIR
arxiv_nomic_100k,2,arxiv_nomic_100k__seed59__random,arxiv_nomic_100k__seed43__natural_source_order,RM-B2,80,5,CERTIFIED,0.02,0.02,0.0,0.04158982878282098,1113.348,1012.5,1534.6499999999992,0.7722184350057736,SEMANTIC_REPAIR
arxiv_nomic_100k,2,arxiv_nomic_100k__seed59__random,arxiv_nomic_100k__seed43__natural_source_order,RM-B1,128,4,CERTIFIED,0.048,0.048,0.0,0.07661134159084108,884.72,816.0,1115.6499999999999,0.8189937861462077,SEMANTIC_REPAIR
arxiv_nomic_100k,2,arxiv_nomic_100k__seed59__random,arxiv_nomic_100k__seed43__natural_source_order,RM-B2,128,5,CERTIFIED,0.02,0.02,0.0,0.04158982878282098,1113.348,1012.5,1534.6499999999992,0.7722184350057736,SEMANTIC_REPAIR
arxiv_nomic_100k,2,arxiv_nomic_100k__seed59__random,arxiv_nomic_100k__seed43__natural_source_order,RM-B1,250,6,CERTIFIED,0.016,0.016,0.0,0.03623796513686767,1478.156,1388.5,1982.549999999999,0.6975818100130365,SEMANTIC_REPAIR
arxiv_nomic_100k,2,arxiv_nomic_100k__seed59__random,arxiv_nomic_100k__seed43__natural_source_order,RM-B2,250,5,CERTIFIED,0.02,0.02,0.0,0.04158982878282098,1113.348,1012.5,1534.6499999999992,0.7722184350057736,SEMANTIC_REPAIR
arxiv_nomic_100k,2,arxiv_nomic_100k__seed59__random,arxiv_nomic_100k__seed43__random,RM-B1,80,6,CERTIFIED,0.012,0.012,0.0,0.030720864145366192,1487.048,1367.5,1919.1499999999992,0.6951881040697121,SEMANTIC_REPAIR
arxiv_nomic_100k,2,arxiv_nomic_100k__seed59__random,arxiv_nomic_100k__seed43__random,RM-B2,80,8,CERTIFIED,0.0,0.0,0.0,0.011911419714980633,2458.14,2330.5,3343.399999999999,0.49613575764731355,SEMANTIC_REPAIR
arxiv_nomic_100k,2,arxiv_nomic_100k__seed59__random,arxiv_nomic_100k__seed43__random,RM-B1,128,4,CERTIFIED,0.036,0.036,0.0,0.06197905502895629,904.504,823.5,1135.2999999999995,0.8145967183866768,SEMANTIC_REPAIR
arxiv_nomic_100k,2,arxiv_nomic_100k__seed59__random,arxiv_nomic_100k__seed43__random,RM-B2,128,5,CERTIFIED,0.02,0.02,0.0,0.04158982878282098,1127.36,1016.5,1417.2499999999998,0.7689161755397477,SEMANTIC_REPAIR
arxiv_nomic_100k,2,arxiv_nomic_100k__seed59__random,arxiv_nomic_100k__seed43__random,RM-B1,250,6,CERTIFIED,0.012,0.012,0.0,0.030720864145366192,1487.048,1367.5,1919.1499999999992,0.6951881040697121,SEMANTIC_REPAIR
arxiv_nomic_100k,2,arxiv_nomic_100k__seed59__random,arxiv_nomic_100k__seed43__random,RM-B2,250,4,CERTIFIED,0.036,0.036,0.0,0.06197905502895629,904.504,823.5,1135.2999999999995,0.8145967183866768,SEMANTIC_REPAIR
arxiv_nomic_100k,2,arxiv_nomic_100k__seed59__random,arxiv_nomic_100k__seed59__cluster_block_order,RM-B1,80,6,CERTIFIED,0.004,0.004,0.0,0.018833965611186224,1554.852,1398.0,2909.0999999999963,0.6846615315348203,SEMANTIC_REPAIR
arxiv_nomic_100k,2,arxiv_nomic_100k__seed59__random,arxiv_nomic_100k__seed59__cluster_block_order,RM-B2,80,8,CERTIFIED,0.0,0.0,0.0,0.011911419714980633,2556.508,2368.0,4840.549999999991,0.48151636468359715,SEMANTIC_REPAIR
arxiv_nomic_100k,2,arxiv_nomic_100k__seed59__random,arxiv_nomic_100k__seed59__cluster_block_order,RM-B1,128,4,CERTIFIED,0.028,0.028,0.0,0.05194700438197347,942.976,831.0,1754.0999999999985,0.8087556837310423,SEMANTIC_REPAIR
arxiv_nomic_100k,2,arxiv_nomic_100k__seed59__random,arxiv_nomic_100k__seed59__cluster_block_order,RM-B2,128,6,CERTIFIED,0.004,0.004,0.0,0.018833965611186224,1554.852,1398.0,2909.0999999999963,0.6846615315348203,SEMANTIC_REPAIR
arxiv_nomic_100k,2,arxiv_nomic_100k__seed59__random,arxiv_nomic_100k__seed59__cluster_block_order,RM-B1,250,6,CERTIFIED,0.004,0.004,0.0,0.018833965611186224,1554.852,1398.0,2909.0999999999963,0.6846615315348203,SEMANTIC_REPAIR
arxiv_nomic_100k,2,arxiv_nomic_100k__seed59__random,arxiv_nomic_100k__seed59__cluster_block_order,RM-B2,250,5,CERTIFIED,0.012,0.012,0.0,0.030720864145366192,1183.94,1036.0,2405.6499999999974,0.7598859400414542,SEMANTIC_REPAIR
arxiv_nomic_100k,2,arxiv_nomic_100k__seed59__random,arxiv_nomic_100k__seed59__natural_source_order,RM-B1,80,6,CERTIFIED,0.016,0.016,0.0,0.03623796513686767,1495.776,1369.0,2035.2999999999995,0.6938152889293556,SEMANTIC_REPAIR
arxiv_nomic_100k,2,arxiv_nomic_100k__seed59__random,arxiv_nomic_100k__seed59__natural_source_order,RM-B2,80,4,CERTIFIED,0.044,0.044,0.0,0.07177970349205483,904.712,813.0,1174.3,0.8148058383593902,SEMANTIC_REPAIR
arxiv_nomic_100k,2,arxiv_nomic_100k__seed59__random,arxiv_nomic_100k__seed59__natural_source_order,RM-B1,128,4,CERTIFIED,0.044,0.044,0.0,0.07177970349205483,904.712,813.0,1174.3,0.8148058383593902,SEMANTIC_REPAIR
arxiv_nomic_100k,2,arxiv_nomic_100k__seed59__random,arxiv_nomic_100k__seed59__natural_source_order,RM-B2,128,4,CERTIFIED,0.044,0.044,0.0,0.07177970349205483,904.712,813.0,1174.3,0.8148058383593902,SEMANTIC_REPAIR
arxiv_nomic_100k,2,arxiv_nomic_100k__seed59__random,arxiv_nomic_100k__seed59__natural_source_order,RM-B1,250,6,CERTIFIED,0.016,0.016,0.0,0.03623796513686767,1495.776,1369.0,2035.2999999999995,0.6938152889293556,SEMANTIC_REPAIR
arxiv_nomic_100k,2,arxiv_nomic_100k__seed59__random,arxiv_nomic_100k__seed59__natural_source_order,RM-B2,250,4,CERTIFIED,0.044,0.044,0.0,0.07177970349205483,904.712,813.0,1174.3,0.8148058383593902,SEMANTIC_REPAIR
arxiv_nomic_100k,2,arxiv_nomic_100k__seed59__random,arxiv_nomic_100k__seed71__cluster_block_order,RM-B1,80,6,CERTIFIED,0.004,0.004,0.0,0.018833965611186224,1622.792,1407.5,3468.4999999999995,0.6717143763432507,SEMANTIC_REPAIR
arxiv_nomic_100k,2,arxiv_nomic_100k__seed59__random,arxiv_nomic_100k__seed71__cluster_block_order,RM-B2,80,8,CERTIFIED,0.0,0.0,0.0,0.011911419714980633,2616.628,2381.5,5760.2,0.47066453688598875,SEMANTIC_REPAIR
arxiv_nomic_100k,2,arxiv_nomic_100k__seed59__random,arxiv_nomic_100k__seed71__cluster_block_order,RM-B1,128,4,CERTIFIED,0.02,0.02,0.0,0.04158982878282098,1005.076,847.0,2072.9499999999994,0.796676344545431,SEMANTIC_REPAIR
arxiv_nomic_100k,2,arxiv_nomic_100k__seed59__random,arxiv_nomic_100k__seed71__cluster_block_order,RM-B2,128,6,CERTIFIED,0.004,0.004,0.0,0.018833965611186224,1622.792,1407.5,3468.4999999999995,0.6717143763432507,SEMANTIC_REPAIR
arxiv_nomic_100k,2,arxiv_nomic_100k__seed59__random,arxiv_nomic_100k__seed71__cluster_block_order,RM-B1,250,6,CERTIFIED,0.004,0.004,0.0,0.018833965611186224,1622.792,1407.5,3468.4999999999995,0.6717143763432507,SEMANTIC_REPAIR
arxiv_nomic_100k,2,arxiv_nomic_100k__seed59__random,arxiv_nomic_100k__seed71__cluster_block_order,RM-B2,250,4,CERTIFIED,0.02,0.02,0.0,0.04158982878282098,1005.076,847.0,2072.9499999999994,0.796676344545431,SEMANTIC_REPAIR
arxiv_nomic_100k,2,arxiv_nomic_100k__seed59__random,arxiv_nomic_100k__seed71__natural_source_order,RM-B1,80,6,CERTIFIED,0.016,0.016,0.0,0.03623796513686767,1477.072,1381.5,1953.4499999999996,0.6980069841425616,SEMANTIC_REPAIR
arxiv_nomic_100k,2,arxiv_nomic_100k__seed59__random,arxiv_nomic_100k__seed71__natural_source_order,RM-B2,80,5,CERTIFIED,0.024,0.024,0.0,0.04681743080651248,1113.98,1011.0,1474.9499999999991,0.7722425313018801,SEMANTIC_REPAIR
arxiv_nomic_100k,2,arxiv_nomic_100k__seed59__random,arxiv_nomic_100k__seed71__natural_source_order,RM-B1,128,4,CERTIFIED,0.052,0.052,0.0,0.08140399950699219,888.668,824.5,1126.3,0.8183084308578065,SEMANTIC_REPAIR
arxiv_nomic_100k,2,arxiv_nomic_100k__seed59__random,arxiv_nomic_100k__seed71__natural_source_order,RM-B2,128,5,CERTIFIED,0.024,0.024,0.0,0.04681743080651248,1113.98,1011.0,1474.9499999999991,0.7722425313018801,SEMANTIC_REPAIR
arxiv_nomic_100k,2,arxiv_nomic_100k__seed59__random,arxiv_nomic_100k__seed71__natural_source_order,RM-B1,250,6,CERTIFIED,0.016,0.016,0.0,0.03623796513686767,1477.072,1381.5,1953.4499999999996,0.6980069841425616,SEMANTIC_REPAIR
arxiv_nomic_100k,2,arxiv_nomic_100k__seed59__random,arxiv_nomic_100k__seed71__natural_source_order,RM-B2,250,5,CERTIFIED,0.024,0.024,0.0,0.04681743080651248,1113.98,1011.0,1474.9499999999991,0.7722425313018801,SEMANTIC_REPAIR
arxiv_nomic_100k,2,arxiv_nomic_100k__seed59__random,arxiv_nomic_100k__seed71__random,RM-B1,80,6,CERTIFIED,0.012,0.012,0.0,0.030720864145366192,1520.696,1372.0,2009.5999999999995,0.6887916398576955,SEMANTIC_REPAIR
arxiv_nomic_100k,2,arxiv_nomic_100k__seed59__random,arxiv_nomic_100k__seed71__random,RM-B2,80,8,CERTIFIED,0.0,0.0,0.0,0.011911419714980633,2492.96,2322.0,3600.699999999996,0.48981913972262736,SEMANTIC_REPAIR
arxiv_nomic_100k,2,arxiv_nomic_100k__seed59__random,arxiv_nomic_100k__seed71__random,RM-B1,128,4,CERTIFIED,0.036,0.036,0.0,0.06197905502895629,930.0,813.5,1281.4999999999998,0.8096767697604629,SEMANTIC_REPAIR
arxiv_nomic_100k,2,arxiv_nomic_100k__seed59__random,arxiv_nomic_100k__seed71__random,RM-B2,128,5,CERTIFIED,0.024,0.024,0.0,0.04681743080651248,1163.156,1015.0,1612.499999999999,0.7619617126962376,SEMANTIC_REPAIR
arxiv_nomic_100k,2,arxiv_nomic_100k__seed59__random,arxiv_nomic_100k__seed71__random,RM-B1,250,6,CERTIFIED,0.012,0.012,0.0,0.030720864145366192,1520.696,1372.0,2009.5999999999995,0.6887916398576955,SEMANTIC_REPAIR
arxiv_nomic_100k,2,arxiv_nomic_100k__seed59__random,arxiv_nomic_100k__seed71__random,RM-B2,250,5,CERTIFIED,0.024,0.024,0.0,0.04681743080651248,1163.156,1015.0,1612.499999999999,0.7619617126962376,SEMANTIC_REPAIR
arxiv_nomic_100k,2,arxiv_nomic_100k__seed71__cluster_block_order,arxiv_nomic_100k__seed43__cluster_block_order,RM-B1,80,6,CERTIFIED,0.004,0.004,0.0,0.018833965611186224,1465.168,1390.5,2031.7999999999997,0.7030649104716693,SEMANTIC_REPAIR
arxiv_nomic_100k,2,arxiv_nomic_100k__seed71__cluster_block_order,arxiv_nomic_100k__seed43__cluster_block_order,RM-B2,80,8,CERTIFIED,0.0,0.0,0.0,0.011911419714980633,2464.0,2365.0,3510.2,0.5006387932320344,SEMANTIC_REPAIR
arxiv_nomic_100k,2,arxiv_nomic_100k__seed71__cluster_block_order,arxiv_nomic_100k__seed43__cluster_block_order,RM-B1,128,4,CERTIFIED,0.032,0.032,0.0,0.05699654926405676,874.412,842.0,1174.7499999999993,0.8227891917482182,SEMANTIC_REPAIR
arxiv_nomic_100k,2,arxiv_nomic_100k__seed71__cluster_block_order,arxiv_nomic_100k__seed43__cluster_block_order,RM-B2,128,6,CERTIFIED,0.004,0.004,0.0,0.018833965611186224,1465.168,1390.5,2031.7999999999997,0.7030649104716693,SEMANTIC_REPAIR
arxiv_nomic_100k,2,arxiv_nomic_100k__seed71__cluster_block_order,arxiv_nomic_100k__seed43__cluster_block_order,RM-B1,250,4,CERTIFIED,0.032,0.032,0.0,0.05699654926405676,874.412,842.0,1174.7499999999993,0.8227891917482182,SEMANTIC_REPAIR
arxiv_nomic_100k,2,arxiv_nomic_100k__seed71__cluster_block_order,arxiv_nomic_100k__seed43__cluster_block_order,RM-B2,250,4,CERTIFIED,0.032,0.032,0.0,0.05699654926405676,874.412,842.0,1174.7499999999993,0.8227891917482182,SEMANTIC_REPAIR
arxiv_nomic_100k,2,arxiv_nomic_100k__seed71__cluster_block_order,arxiv_nomic_100k__seed43__natural_source_order,RM-B1,80,6,CERTIFIED,0.016,0.016,0.0,0.03623796513686767,1421.872,1369.5,1892.4499999999996,0.7090970393969623,SEMANTIC_REPAIR
arxiv_nomic_100k,2,arxiv_nomic_100k__seed71__cluster_block_order,arxiv_nomic_100k__seed43__natural_source_order,RM-B2,80,5,CERTIFIED,0.02,0.02,0.0,0.04158982878282098,1054.744,1007.0,1402.1499999999994,0.7842083167273213,SEMANTIC_REPAIR
arxiv_nomic_100k,2,arxiv_nomic_100k__seed71__cluster_block_order,arxiv_nomic_100k__seed43__natural_source_order,RM-B1,128,4,CERTIFIED,0.052,0.052,0.0,0.08140399950699219,846.236,814.5,1087.9499999999996,0.8268672863880349,SEMANTIC_REPAIR
arxiv_nomic_100k,2,arxiv_nomic_100k__seed71__cluster_block_order,arxiv_nomic_100k__seed43__natural_source_order,RM-B2,128,5,CERTIFIED,0.02,0.02,0.0,0.04158982878282098,1054.744,1007.0,1402.1499999999994,0.7842083167273213,SEMANTIC_REPAIR
arxiv_nomic_100k,2,arxiv_nomic_100k__seed71__cluster_block_order,arxiv_nomic_100k__seed43__natural_source_order,RM-B1,250,4,CERTIFIED,0.052,0.052,0.0,0.08140399950699219,846.236,814.5,1087.9499999999996,0.8268672863880349,SEMANTIC_REPAIR
arxiv_nomic_100k,2,arxiv_nomic_100k__seed71__cluster_block_order,arxiv_nomic_100k__seed43__natural_source_order,RM-B2,250,5,CERTIFIED,0.02,0.02,0.0,0.04158982878282098,1054.744,1007.0,1402.1499999999994,0.7842083167273213,SEMANTIC_REPAIR
arxiv_nomic_100k,2,arxiv_nomic_100k__seed71__cluster_block_order,arxiv_nomic_100k__seed43__random,RM-B1,80,6,CERTIFIED,0.012,0.012,0.0,0.030720864145366192,1422.268,1363.0,1919.1499999999992,0.7084665689332297,SEMANTIC_REPAIR
arxiv_nomic_100k,2,arxiv_nomic_100k__seed71__cluster_block_order,arxiv_nomic_100k__seed43__random,RM-B2,80,8,CERTIFIED,0.0,0.0,0.0,0.011911419714980633,2407.164,2325.0,3343.399999999999,0.5065847083247242,SEMANTIC_REPAIR
arxiv_nomic_100k,2,arxiv_nomic_100k__seed71__cluster_block_order,arxiv_nomic_100k__seed43__random,RM-B1,128,4,CERTIFIED,0.036,0.036,0.0,0.06197905502895629,848.164,821.5,1135.2999999999995,0.8261451702300016,SEMANTIC_REPAIR
arxiv_nomic_100k,2,arxiv_nomic_100k__seed71__cluster_block_order,arxiv_nomic_100k__seed43__random,RM-B2,128,5,CERTIFIED,0.02,0.02,0.0,0.04158982878282098,1053.164,1013.5,1409.5999999999995,0.7841247118011485,SEMANTIC_REPAIR
arxiv_nomic_100k,2,arxiv_nomic_100k__seed71__cluster_block_order,arxiv_nomic_100k__seed43__random,RM-B1,250,4,CERTIFIED,0.036,0.036,0.0,0.06197905502895629,848.164,821.5,1135.2999999999995,0.8261451702300016,SEMANTIC_REPAIR
arxiv_nomic_100k,2,arxiv_nomic_100k__seed71__cluster_block_order,arxiv_nomic_100k__seed43__random,RM-B2,250,4,CERTIFIED,0.036,0.036,0.0,0.06197905502895629,848.164,821.5,1135.2999999999995,0.8261451702300016,SEMANTIC_REPAIR
arxiv_nomic_100k,2,arxiv_nomic_100k__seed71__cluster_block_order,arxiv_nomic_100k__seed59__cluster_block_order,RM-B1,80,6,CERTIFIED,0.008,0.008,0.0,0.02496768176927198,1441.508,1390.0,1990.5499999999997,0.7076487504918125,SEMANTIC_REPAIR
arxiv_nomic_100k,2,arxiv_nomic_100k__seed71__cluster_block_order,arxiv_nomic_100k__seed59__cluster_block_order,RM-B2,80,8,CERTIFIED,0.0,0.0,0.0,0.011911419714980633,2442.432,2364.0,3501.55,0.5046520400588959,SEMANTIC_REPAIR
arxiv_nomic_100k,2,arxiv_nomic_100k__seed71__cluster_block_order,arxiv_nomic_100k__seed59__cluster_block_order,RM-B1,128,4,CERTIFIED,0.04,0.04,0.0,0.06690426305497835,856.832,823.5,1098.85,0.8262264893302019,SEMANTIC_REPAIR
arxiv_nomic_100k,2,arxiv_nomic_100k__seed71__cluster_block_order,arxiv_nomic_100k__seed59__cluster_block_order,RM-B2,128,6,CERTIFIED,0.008,0.008,0.0,0.02496768176927198,1441.508,1390.0,1990.5499999999997,0.7076487504918125,SEMANTIC_REPAIR
arxiv_nomic_100k,2,arxiv_nomic_100k__seed71__cluster_block_order,arxiv_nomic_100k__seed59__cluster_block_order,RM-B1,250,4,CERTIFIED,0.04,0.04,0.0,0.06690426305497835,856.832,823.5,1098.85,0.8262264893302019,SEMANTIC_REPAIR
arxiv_nomic_100k,2,arxiv_nomic_100k__seed71__cluster_block_order,arxiv_nomic_100k__seed59__cluster_block_order,RM-B2,250,5,CERTIFIED,0.02,0.02,0.0,0.04158982878282098,1068.324,1029.0,1475.55,0.7833339417612772,SEMANTIC_REPAIR
arxiv_nomic_100k,2,arxiv_nomic_100k__seed71__cluster_block_order,arxiv_nomic_100k__seed59__natural_source_order,RM-B1,80,6,CERTIFIED,0.016,0.016,0.0,0.03623796513686767,1415.452,1356.5,1900.6,0.7102575775688569,SEMANTIC_REPAIR
arxiv_nomic_100k,2,arxiv_nomic_100k__seed71__cluster_block_order,arxiv_nomic_100k__seed59__natural_source_order,RM-B2,80,4,CERTIFIED,0.052,0.052,0.0,0.08140399950699219,841.356,809.5,1121.1,0.8277747846151075,SEMANTIC_REPAIR
arxiv_nomic_100k,2,arxiv_nomic_100k__seed71__cluster_block_order,arxiv_nomic_100k__seed59__natural_source_order,RM-B1,128,4,CERTIFIED,0.052,0.052,0.0,0.08140399950699219,841.356,809.5,1121.1,0.8277747846151075,SEMANTIC_REPAIR
arxiv_nomic_100k,2,arxiv_nomic_100k__seed71__cluster_block_order,arxiv_nomic_100k__seed59__natural_source_order,RM-B2,128,4,CERTIFIED,0.052,0.052,0.0,0.08140399950699219,841.356,809.5,1121.1,0.8277747846151075,SEMANTIC_REPAIR
arxiv_nomic_100k,2,arxiv_nomic_100k__seed71__cluster_block_order,arxiv_nomic_100k__seed59__natural_source_order,RM-B1,250,4,CERTIFIED,0.052,0.052,0.0,0.08140399950699219,841.356,809.5,1121.1,0.8277747846151075,SEMANTIC_REPAIR
arxiv_nomic_100k,2,arxiv_nomic_100k__seed71__cluster_block_order,arxiv_nomic_100k__seed59__natural_source_order,RM-B2,250,4,CERTIFIED,0.052,0.052,0.0,0.08140399950699219,841.356,809.5,1121.1,0.8277747846151075,SEMANTIC_REPAIR
arxiv_nomic_100k,2,arxiv_nomic_100k__seed71__cluster_block_order,arxiv_nomic_100k__seed59__random,RM-B1,80,6,CERTIFIED,0.016,0.016,0.0,0.03623796513686767,1425.464,1369.0,1895.6999999999991,0.7075508162523378,SEMANTIC_REPAIR
arxiv_nomic_100k,2,arxiv_nomic_100k__seed71__cluster_block_order,arxiv_nomic_100k__seed59__random,RM-B2,80,7,CERTIFIED,0.008,0.008,0.0,0.02496768176927198,1778.796,1710.0,2493.3999999999996,0.6350609778615198,SEMANTIC_REPAIR
arxiv_nomic_100k,2,arxiv_nomic_100k__seed71__cluster_block_order,arxiv_nomic_100k__seed59__random,RM-B1,128,4,CERTIFIED,0.04,0.04,0.0,0.06690426305497835,852.792,814.5,1105.75,0.8250406013013754,SEMANTIC_REPAIR
arxiv_nomic_100k,2,arxiv_nomic_100k__seed71__cluster_block_order,arxiv_nomic_100k__seed59__random,RM-B2,128,5,CERTIFIED,0.028,0.028,0.0,0.05194700438197347,1061.56,1007.0,1402.6,0.7822096135018715,SEMANTIC_REPAIR
arxiv_nomic_100k,2,arxiv_nomic_100k__seed71__cluster_block_order,arxiv_nomic_100k__seed59__random,RM-B1,250,4,CERTIFIED,0.04,0.04,0.0,0.06690426305497835,852.792,814.5,1105.75,0.8250406013013754,SEMANTIC_REPAIR
arxiv_nomic_100k,2,arxiv_nomic_100k__seed71__cluster_block_order,arxiv_nomic_100k__seed59__random,RM-B2,250,5,CERTIFIED,0.028,0.028,0.0,0.05194700438197347,1061.56,1007.0,1402.6,0.7822096135018715,SEMANTIC_REPAIR
arxiv_nomic_100k,2,arxiv_nomic_100k__seed71__cluster_block_order,arxiv_nomic_100k__seed71__natural_source_order,RM-B1,80,6,CERTIFIED,0.016,0.016,0.0,0.03623796513686767,1428.472,1378.5,1910.1999999999998,0.7079434398946653,SEMANTIC_REPAIR
arxiv_nomic_100k,2,arxiv_nomic_100k__seed71__cluster_block_order,arxiv_nomic_100k__seed71__natural_source_order,RM-B2,80,5,CERTIFIED,0.024,0.024,0.0,0.04681743080651248,1059.688,1009.5,1429.4499999999996,0.783342738209148,SEMANTIC_REPAIR
arxiv_nomic_100k,2,arxiv_nomic_100k__seed71__cluster_block_order,arxiv_nomic_100k__seed71__natural_source_order,RM-B1,128,4,CERTIFIED,0.052,0.052,0.0,0.08140399950699219,850.136,824.0,1093.0,0.8261864455294128,SEMANTIC_REPAIR
arxiv_nomic_100k,2,arxiv_nomic_100k__seed71__cluster_block_order,arxiv_nomic_100k__seed71__natural_source_order,RM-B2,128,5,CERTIFIED,0.024,0.024,0.0,0.04681743080651248,1059.688,1009.5,1429.4499999999996,0.783342738209148,SEMANTIC_REPAIR
arxiv_nomic_100k,2,arxiv_nomic_100k__seed71__cluster_block_order,arxiv_nomic_100k__seed71__natural_source_order,RM-B1,250,4,CERTIFIED,0.052,0.052,0.0,0.08140399950699219,850.136,824.0,1093.0,0.8261864455294128,SEMANTIC_REPAIR
arxiv_nomic_100k,2,arxiv_nomic_100k__seed71__cluster_block_order,arxiv_nomic_100k__seed71__natural_source_order,RM-B2,250,5,CERTIFIED,0.024,0.024,0.0,0.04681743080651248,1059.688,1009.5,1429.4499999999996,0.783342738209148,SEMANTIC_REPAIR
arxiv_nomic_100k,2,arxiv_nomic_100k__seed71__cluster_block_order,arxiv_nomic_100k__seed71__random,RM-B1,80,6,CERTIFIED,0.016,0.016,0.0,0.03623796513686767,1447.292,1372.0,1947.9499999999998,0.7038136682367311,SEMANTIC_REPAIR
arxiv_nomic_100k,2,arxiv_nomic_100k__seed71__cluster_block_order,arxiv_nomic_100k__seed71__random,RM-B2,80,8,CERTIFIED,0.0,0.0,0.0,0.011911419714980633,2413.276,2322.0,3358.999999999999,0.5061263615273665,SEMANTIC_REPAIR
arxiv_nomic_100k,2,arxiv_nomic_100k__seed71__cluster_block_order,arxiv_nomic_100k__seed71__random,RM-B1,128,4,CERTIFIED,0.04,0.04,0.0,0.06690426305497835,873.132,812.5,1139.3999999999999,0.8213147283166586,SEMANTIC_REPAIR
arxiv_nomic_100k,2,arxiv_nomic_100k__seed71__cluster_block_order,arxiv_nomic_100k__seed71__random,RM-B2,128,5,CERTIFIED,0.028,0.028,0.0,0.05194700438197347,1085.104,1015.0,1445.1999999999996,0.7779349479292014,SEMANTIC_REPAIR
arxiv_nomic_100k,2,arxiv_nomic_100k__seed71__cluster_block_order,arxiv_nomic_100k__seed71__random,RM-B1,250,4,CERTIFIED,0.04,0.04,0.0,0.06690426305497835,873.132,812.5,1139.3999999999999,0.8213147283166586,SEMANTIC_REPAIR
arxiv_nomic_100k,2,arxiv_nomic_100k__seed71__cluster_block_order,arxiv_nomic_100k__seed71__random,RM-B2,250,5,CERTIFIED,0.028,0.028,0.0,0.05194700438197347,1085.104,1015.0,1445.1999999999996,0.7779349479292014,SEMANTIC_REPAIR
arxiv_nomic_100k,2,arxiv_nomic_100k__seed71__natural_source_order,arxiv_nomic_100k__seed43__cluster_block_order,RM-B1,80,7,CERTIFIED,0.004,0.004,0.0,0.018833965611186224,1877.368,1723.0,2937.949999999988,0.6195272930082947,SEMANTIC_REPAIR
arxiv_nomic_100k,2,arxiv_nomic_100k__seed71__natural_source_order,arxiv_nomic_100k__seed43__cluster_block_order,RM-B2,80,8,CERTIFIED,0.0,0.0,0.0,0.011911419714980633,2508.052,2356.5,3720.6499999999937,0.4917110903584375,SEMANTIC_REPAIR
arxiv_nomic_100k,2,arxiv_nomic_100k__seed71__natural_source_order,arxiv_nomic_100k__seed43__cluster_block_order,RM-B1,128,4,CERTIFIED,0.032,0.032,0.0,0.05699654926405676,900.956,833.5,1396.9499999999948,0.8174097096571269,SEMANTIC_REPAIR
arxiv_nomic_100k,2,arxiv_nomic_100k__seed71__natural_source_order,arxiv_nomic_100k__seed43__cluster_block_order,RM-B2,128,6,CERTIFIED,0.004,0.004,0.0,0.018833965611186224,1500.528,1384.0,2259.9999999999936,0.6958987528940253,SEMANTIC_REPAIR
arxiv_nomic_100k,2,arxiv_nomic_100k__seed71__natural_source_order,arxiv_nomic_100k__seed43__cluster_block_order,RM-B1,250,4,CERTIFIED,0.032,0.032,0.0,0.05699654926405676,900.956,833.5,1396.9499999999948,0.8174097096571269,SEMANTIC_REPAIR
arxiv_nomic_100k,2,arxiv_nomic_100k__seed71__natural_source_order,arxiv_nomic_100k__seed43__cluster_block_order,RM-B2,250,4,CERTIFIED,0.032,0.032,0.0,0.05699654926405676,900.956,833.5,1396.9499999999948,0.8174097096571269,SEMANTIC_REPAIR
arxiv_nomic_100k,2,arxiv_nomic_100k__seed71__natural_source_order,arxiv_nomic_100k__seed43__natural_source_order,RM-B1,80,7,CERTIFIED,0.012,0.012,0.0,0.030720864145366192,1820.888,1700.0,2441.2999999999993,0.6274617475226012,SEMANTIC_REPAIR
arxiv_nomic_100k,2,arxiv_nomic_100k__seed71__natural_source_order,arxiv_nomic_100k__seed43__natural_source_order,RM-B2,80,5,CERTIFIED,0.02,0.02,0.0,0.04158982878282098,1073.056,1002.5,1402.1499999999994,0.780461836724506,SEMANTIC_REPAIR
arxiv_nomic_100k,2,arxiv_nomic_100k__seed71__natural_source_order,arxiv_nomic_100k__seed43__natural_source_order,RM-B1,128,4,CERTIFIED,0.048,0.048,0.0,0.07661134159084108,858.88,810.5,1123.8999999999996,0.8242804311479958,SEMANTIC_REPAIR
arxiv_nomic_100k,2,arxiv_nomic_100k__seed71__natural_source_order,arxiv_nomic_100k__seed43__natural_source_order,RM-B2,128,5,CERTIFIED,0.02,0.02,0.0,0.04158982878282098,1073.056,1002.5,1402.1499999999994,0.780461836724506,SEMANTIC_REPAIR
arxiv_nomic_100k,2,arxiv_nomic_100k__seed71__natural_source_order,arxiv_nomic_100k__seed43__natural_source_order,RM-B1,250,4,CERTIFIED,0.048,0.048,0.0,0.07661134159084108,858.88,810.5,1123.8999999999996,0.8242804311479958,SEMANTIC_REPAIR
arxiv_nomic_100k,2,arxiv_nomic_100k__seed71__natural_source_order,arxiv_nomic_100k__seed43__natural_source_order,RM-B2,250,5,CERTIFIED,0.02,0.02,0.0,0.04158982878282098,1073.056,1002.5,1402.1499999999994,0.780461836724506,SEMANTIC_REPAIR
arxiv_nomic_100k,2,arxiv_nomic_100k__seed71__natural_source_order,arxiv_nomic_100k__seed43__random,RM-B1,80,7,CERTIFIED,0.008,0.008,0.0,0.02496768176927198,1844.66,1694.0,3002.8499999999844,0.621885566607961,SEMANTIC_REPAIR
arxiv_nomic_100k,2,arxiv_nomic_100k__seed71__natural_source_order,arxiv_nomic_100k__seed43__random,RM-B2,80,8,CERTIFIED,0.0,0.0,0.0,0.011911419714980633,2467.184,2313.0,3951.0499999999847,0.49428193800814,SEMANTIC_REPAIR
arxiv_nomic_100k,2,arxiv_nomic_100k__seed71__natural_source_order,arxiv_nomic_100k__seed43__random,RM-B1,128,4,CERTIFIED,0.032,0.032,0.0,0.05699654926405676,884.54,818.0,1284.349999999996,0.8186888961041091,SEMANTIC_REPAIR
arxiv_nomic_100k,2,arxiv_nomic_100k__seed71__natural_source_order,arxiv_nomic_100k__seed43__random,RM-B2,128,5,CERTIFIED,0.02,0.02,0.0,0.04158982878282098,1103.344,1007.0,1735.2999999999913,0.7738389234891493,SEMANTIC_REPAIR
arxiv_nomic_100k,2,arxiv_nomic_100k__seed71__natural_source_order,arxiv_nomic_100k__seed43__random,RM-B1,250,4,CERTIFIED,0.032,0.032,0.0,0.05699654926405676,884.54,818.0,1284.349999999996,0.8186888961041091,SEMANTIC_REPAIR
arxiv_nomic_100k,2,arxiv_nomic_100k__seed71__natural_source_order,arxiv_nomic_100k__seed43__random,RM-B2,250,4,CERTIFIED,0.032,0.032,0.0,0.05699654926405676,884.54,818.0,1284.349999999996,0.8186888961041091,SEMANTIC_REPAIR
arxiv_nomic_100k,2,arxiv_nomic_100k__seed71__natural_source_order,arxiv_nomic_100k__seed59__cluster_block_order,RM-B1,80,7,CERTIFIED,0.004,0.004,0.0,0.018833965611186224,1851.196,1726.5,2559.35,0.6245602080012331,SEMANTIC_REPAIR
arxiv_nomic_100k,2,arxiv_nomic_100k__seed71__natural_source_order,arxiv_nomic_100k__seed59__cluster_block_order,RM-B2,80,8,CERTIFIED,0.0,0.0,0.0,0.011911419714980633,2480.676,2359.5,3502.0,0.49689580063033134,SEMANTIC_REPAIR
arxiv_nomic_100k,2,arxiv_nomic_100k__seed71__natural_source_order,arxiv_nomic_100k__seed59__cluster_block_order,RM-B1,128,4,CERTIFIED,0.04,0.04,0.0,0.06690426305497835,881.752,821.5,1186.6499999999999,0.821172481209717,SEMANTIC_REPAIR
arxiv_nomic_100k,2,arxiv_nomic_100k__seed71__natural_source_order,arxiv_nomic_100k__seed59__cluster_block_order,RM-B2,128,6,CERTIFIED,0.004,0.004,0.0,0.018833965611186224,1481.232,1378.0,2030.9499999999996,0.6995923532776014,SEMANTIC_REPAIR
arxiv_nomic_100k,2,arxiv_nomic_100k__seed71__natural_source_order,arxiv_nomic_100k__seed59__cluster_block_order,RM-B1,250,4,CERTIFIED,0.04,0.04,0.0,0.06690426305497835,881.752,821.5,1186.6499999999999,0.821172481209717,SEMANTIC_REPAIR
arxiv_nomic_100k,2,arxiv_nomic_100k__seed71__natural_source_order,arxiv_nomic_100k__seed59__cluster_block_order,RM-B2,250,4,CERTIFIED,0.04,0.04,0.0,0.06690426305497835,881.752,821.5,1186.6499999999999,0.821172481209717,SEMANTIC_REPAIR
arxiv_nomic_100k,2,arxiv_nomic_100k__seed71__natural_source_order,arxiv_nomic_100k__seed59__natural_source_order,RM-B1,80,7,CERTIFIED,0.012,0.012,0.0,0.030720864145366192,1836.156,1701.0,2418.3999999999996,0.6241396476874679,SEMANTIC_REPAIR
arxiv_nomic_100k,2,arxiv_nomic_100k__seed71__natural_source_order,arxiv_nomic_100k__seed59__natural_source_order,RM-B2,80,5,CERTIFIED,0.016,0.016,0.0,0.03623796513686767,1097.264,990.5,1440.5499999999997,0.7753905258486435,SEMANTIC_REPAIR
arxiv_nomic_100k,2,arxiv_nomic_100k__seed71__natural_source_order,arxiv_nomic_100k__seed59__natural_source_order,RM-B1,128,4,CERTIFIED,0.048,0.048,0.0,0.07661134159084108,879.056,807.5,1159.85,0.8200576106483081,SEMANTIC_REPAIR
arxiv_nomic_100k,2,arxiv_nomic_100k__seed71__natural_source_order,arxiv_nomic_100k__seed59__natural_source_order,RM-B2,128,5,CERTIFIED,0.016,0.016,0.0,0.03623796513686767,1097.264,990.5,1440.5499999999997,0.7753905258486435,SEMANTIC_REPAIR
arxiv_nomic_100k,2,arxiv_nomic_100k__seed71__natural_source_order,arxiv_nomic_100k__seed59__natural_source_order,RM-B1,250,4,CERTIFIED,0.048,0.048,0.0,0.07661134159084108,879.056,807.5,1159.85,0.8200576106483081,SEMANTIC_REPAIR
arxiv_nomic_100k,2,arxiv_nomic_100k__seed71__natural_source_order,arxiv_nomic_100k__seed59__natural_source_order,RM-B2,250,5,CERTIFIED,0.016,0.016,0.0,0.03623796513686767,1097.264,990.5,1440.5499999999997,0.7753905258486435,SEMANTIC_REPAIR
arxiv_nomic_100k,2,arxiv_nomic_100k__seed71__natural_source_order,arxiv_nomic_100k__seed59__random,RM-B1,80,7,CERTIFIED,0.008,0.008,0.0,0.02496768176927198,1817.448,1705.5,2511.8499999999995,0.6271311067106422,SEMANTIC_REPAIR
arxiv_nomic_100k,2,arxiv_nomic_100k__seed71__natural_source_order,arxiv_nomic_100k__seed59__random,RM-B2,80,7,CERTIFIED,0.008,0.008,0.0,0.02496768176927198,1817.448,1705.5,2511.8499999999995,0.6271311067106422,SEMANTIC_REPAIR
arxiv_nomic_100k,2,arxiv_nomic_100k__seed71__natural_source_order,arxiv_nomic_100k__seed59__random,RM-B1,128,4,CERTIFIED,0.044,0.044,0.0,0.07177970349205483,864.948,810.5,1186.9999999999995,0.8225466679031018,SEMANTIC_REPAIR
arxiv_nomic_100k,2,arxiv_nomic_100k__seed71__natural_source_order,arxiv_nomic_100k__seed59__random,RM-B2,128,5,CERTIFIED,0.028,0.028,0.0,0.05194700438197347,1083.22,1001.5,1453.049999999999,0.7777658328662508,SEMANTIC_REPAIR
arxiv_nomic_100k,2,arxiv_nomic_100k__seed71__natural_source_order,arxiv_nomic_100k__seed59__random,RM-B1,250,4,CERTIFIED,0.044,0.044,0.0,0.07177970349205483,864.948,810.5,1186.9999999999995,0.8225466679031018,SEMANTIC_REPAIR
arxiv_nomic_100k,2,arxiv_nomic_100k__seed71__natural_source_order,arxiv_nomic_100k__seed59__random,RM-B2,250,5,CERTIFIED,0.028,0.028,0.0,0.05194700438197347,1083.22,1001.5,1453.049999999999,0.7777658328662508,SEMANTIC_REPAIR
arxiv_nomic_100k,2,arxiv_nomic_100k__seed71__natural_source_order,arxiv_nomic_100k__seed71__cluster_block_order,RM-B1,80,7,CERTIFIED,0.004,0.004,0.0,0.018833965611186224,1904.156,1735.5,2960.6999999999884,0.6147953403764986,SEMANTIC_REPAIR
arxiv_nomic_100k,2,arxiv_nomic_100k__seed71__natural_source_order,arxiv_nomic_100k__seed71__cluster_block_order,RM-B2,80,8,CERTIFIED,0.0,0.0,0.0,0.011911419714980633,2522.636,2373.0,3757.1999999999944,0.48967881742147645,SEMANTIC_REPAIR
arxiv_nomic_100k,2,arxiv_nomic_100k__seed71__natural_source_order,arxiv_nomic_100k__seed71__cluster_block_order,RM-B1,128,4,CERTIFIED,0.024,0.024,0.0,0.04681743080651248,932.276,840.5,1399.2499999999943,0.8114035513607292,SEMANTIC_REPAIR
arxiv_nomic_100k,2,arxiv_nomic_100k__seed71__natural_source_order,arxiv_nomic_100k__seed71__cluster_block_order,RM-B2,128,6,CERTIFIED,0.004,0.004,0.0,0.018833965611186224,1542.012,1392.0,2277.4499999999935,0.6880559115979181,SEMANTIC_REPAIR
arxiv_nomic_100k,2,arxiv_nomic_100k__seed71__natural_source_order,arxiv_nomic_100k__seed71__cluster_block_order,RM-B1,250,4,CERTIFIED,0.024,0.024,0.0,0.04681743080651248,932.276,840.5,1399.2499999999943,0.8114035513607292,SEMANTIC_REPAIR
arxiv_nomic_100k,2,arxiv_nomic_100k__seed71__natural_source_order,arxiv_nomic_100k__seed71__cluster_block_order,RM-B2,250,4,CERTIFIED,0.024,0.024,0.0,0.04681743080651248,932.276,840.5,1399.2499999999943,0.8114035513607292,SEMANTIC_REPAIR
arxiv_nomic_100k,2,arxiv_nomic_100k__seed71__natural_source_order,arxiv_nomic_100k__seed71__random,RM-B1,80,7,CERTIFIED,0.008,0.008,0.0,0.02496768176927198,1812.332,1703.5,2402.3999999999996,0.6291087306381926,SEMANTIC_REPAIR
arxiv_nomic_100k,2,arxiv_nomic_100k__seed71__natural_source_order,arxiv_nomic_100k__seed71__random,RM-B2,80,8,CERTIFIED,0.0,0.0,0.0,0.011911419714980633,2423.116,2317.0,3335.65,0.5041126189622513,SEMANTIC_REPAIR
arxiv_nomic_100k,2,arxiv_nomic_100k__seed71__natural_source_order,arxiv_nomic_100k__seed71__random,RM-B1,128,4,CERTIFIED,0.044,0.044,0.0,0.07177970349205483,885.612,809.5,1139.3999999999999,0.8187607133560247,SEMANTIC_REPAIR
arxiv_nomic_100k,2,arxiv_nomic_100k__seed71__natural_source_order,arxiv_nomic_100k__seed71__random,RM-B2,128,5,CERTIFIED,0.028,0.028,0.0,0.05194700438197347,1093.296,1008.5,1386.55,0.7762584663140162,SEMANTIC_REPAIR
arxiv_nomic_100k,2,arxiv_nomic_100k__seed71__natural_source_order,arxiv_nomic_100k__seed71__random,RM-B1,250,4,CERTIFIED,0.044,0.044,0.0,0.07177970349205483,885.612,809.5,1139.3999999999999,0.8187607133560247,SEMANTIC_REPAIR
arxiv_nomic_100k,2,arxiv_nomic_100k__seed71__natural_source_order,arxiv_nomic_100k__seed71__random,RM-B2,250,5,CERTIFIED,0.028,0.028,0.0,0.05194700438197347,1093.296,1008.5,1386.55,0.7762584663140162,SEMANTIC_REPAIR
arxiv_nomic_100k,2,arxiv_nomic_100k__seed71__random,arxiv_nomic_100k__seed43__cluster_block_order,RM-B1,80,6,CERTIFIED,0.004,0.004,0.0,0.018833965611186224,1529.856,1386.0,2062.0999999999995,0.6899550574913909,SEMANTIC_REPAIR
arxiv_nomic_100k,2,arxiv_nomic_100k__seed71__random,arxiv_nomic_100k__seed43__cluster_block_order,RM-B2,80,8,CERTIFIED,0.0,0.0,0.0,0.011911419714980633,2489.776,2356.5,3604.0499999999975,0.4954149561924033,SEMANTIC_REPAIR
arxiv_nomic_100k,2,arxiv_nomic_100k__seed71__random,arxiv_nomic_100k__seed43__cluster_block_order,RM-B1,128,5,CERTIFIED,0.012,0.012,0.0,0.030720864145366192,1146.856,1017.5,1540.7499999999975,0.7675749203940414,SEMANTIC_REPAIR
arxiv_nomic_100k,2,arxiv_nomic_100k__seed71__random,arxiv_nomic_100k__seed43__cluster_block_order,RM-B2,128,6,CERTIFIED,0.004,0.004,0.0,0.018833965611186224,1529.856,1386.0,2062.0999999999995,0.6899550574913909,SEMANTIC_REPAIR
arxiv_nomic_100k,2,arxiv_nomic_100k__seed71__random,arxiv_nomic_100k__seed43__cluster_block_order,RM-B1,250,5,CERTIFIED,0.012,0.012,0.0,0.030720864145366192,1146.856,1017.5,1540.7499999999975,0.7675749203940414,SEMANTIC_REPAIR
arxiv_nomic_100k,2,arxiv_nomic_100k__seed71__random,arxiv_nomic_100k__seed43__cluster_block_order,RM-B2,250,4,CERTIFIED,0.032,0.032,0.0,0.05699654926405676,920.08,836.5,1240.1999999999996,0.8135339857455074,SEMANTIC_REPAIR
arxiv_nomic_100k,2,arxiv_nomic_100k__seed71__random,arxiv_nomic_100k__seed43__natural_source_order,RM-B1,80,6,CERTIFIED,0.016,0.016,0.0,0.03623796513686767,1462.06,1364.0,1920.2499999999993,0.700874915196813,SEMANTIC_REPAIR
arxiv_nomic_100k,2,arxiv_nomic_100k__seed71__random,arxiv_nomic_100k__seed43__natural_source_order,RM-B2,80,5,CERTIFIED,0.02,0.02,0.0,0.04158982878282098,1083.772,1005.5,1446.149999999998,0.7782694339443528,SEMANTIC_REPAIR
arxiv_nomic_100k,2,arxiv_nomic_100k__seed71__random,arxiv_nomic_100k__seed43__natural_source_order,RM-B1,128,5,CERTIFIED,0.02,0.02,0.0,0.04158982878282098,1083.772,1005.5,1446.149999999998,0.7782694339443528,SEMANTIC_REPAIR
arxiv_nomic_100k,2,arxiv_nomic_100k__seed71__random,arxiv_nomic_100k__seed43__natural_source_order,RM-B2,128,5,CERTIFIED,0.02,0.02,0.0,0.04158982878282098,1083.772,1005.5,1446.149999999998,0.7782694339443528,SEMANTIC_REPAIR
arxiv_nomic_100k,2,arxiv_nomic_100k__seed71__random,arxiv_nomic_100k__seed43__natural_source_order,RM-B1,250,5,CERTIFIED,0.02,0.02,0.0,0.04158982878282098,1083.772,1005.5,1446.149999999998,0.7782694339443528,SEMANTIC_REPAIR
arxiv_nomic_100k,2,arxiv_nomic_100k__seed71__random,arxiv_nomic_100k__seed43__natural_source_order,RM-B2,250,5,CERTIFIED,0.02,0.02,0.0,0.04158982878282098,1083.772,1005.5,1446.149999999998,0.7782694339443528,SEMANTIC_REPAIR
arxiv_nomic_100k,2,arxiv_nomic_100k__seed71__random,arxiv_nomic_100k__seed43__random,RM-B1,80,6,CERTIFIED,0.012,0.012,0.0,0.030720864145366192,1457.224,1363.0,1886.85,0.7013013633486493,SEMANTIC_REPAIR
arxiv_nomic_100k,2,arxiv_nomic_100k__seed71__random,arxiv_nomic_100k__seed43__random,RM-B2,80,8,CERTIFIED,0.0,0.0,0.0,0.011911419714980633,2410.492,2325.0,3325.7999999999997,0.5059025420532548,SEMANTIC_REPAIR
arxiv_nomic_100k,2,arxiv_nomic_100k__seed71__random,arxiv_nomic_100k__seed43__random,RM-B1,128,5,CERTIFIED,0.02,0.02,0.0,0.04158982878282098,1085.34,1011.0,1388.85,0.7775293446284326,SEMANTIC_REPAIR
arxiv_nomic_100k,2,arxiv_nomic_100k__seed71__random,arxiv_nomic_100k__seed43__random,RM-B2,128,5,CERTIFIED,0.02,0.02,0.0,0.04158982878282098,1085.34,1011.0,1388.85,0.7775293446284326,SEMANTIC_REPAIR
arxiv_nomic_100k,2,arxiv_nomic_100k__seed71__random,arxiv_nomic_100k__seed43__random,RM-B1,250,5,CERTIFIED,0.02,0.02,0.0,0.04158982878282098,1085.34,1011.0,1388.85,0.7775293446284326,SEMANTIC_REPAIR
arxiv_nomic_100k,2,arxiv_nomic_100k__seed71__random,arxiv_nomic_100k__seed43__random,RM-B2,250,4,CERTIFIED,0.036,0.036,0.0,0.06197905502895629,871.18,821.5,1099.8499999999992,0.8214274001265943,SEMANTIC_REPAIR
arxiv_nomic_100k,2,arxiv_nomic_100k__seed71__random,arxiv_nomic_100k__seed59__cluster_block_order,RM-B1,80,6,CERTIFIED,0.004,0.004,0.0,0.018833965611186224,1505.92,1386.5,2009.6,0.6945853969181096,SEMANTIC_REPAIR
arxiv_nomic_100k,2,arxiv_nomic_100k__seed71__random,arxiv_nomic_100k__seed59__cluster_block_order,RM-B2,80,8,CERTIFIED,0.0,0.0,0.0,0.011911419714980633,2469.492,2364.0,3501.55,0.49916402000511073,SEMANTIC_REPAIR
arxiv_nomic_100k,2,arxiv_nomic_100k__seed71__random,arxiv_nomic_100k__seed59__cluster_block_order,RM-B1,128,5,CERTIFIED,0.02,0.02,0.0,0.04158982878282098,1127.592,1023.5,1457.4499999999994,0.7713138393020115,SEMANTIC_REPAIR
arxiv_nomic_100k,2,arxiv_nomic_100k__seed71__random,arxiv_nomic_100k__seed59__cluster_block_order,RM-B2,128,6,CERTIFIED,0.004,0.004,0.0,0.018833965611186224,1505.92,1386.5,2009.6,0.6945853969181096,SEMANTIC_REPAIR
arxiv_nomic_100k,2,arxiv_nomic_100k__seed71__random,arxiv_nomic_100k__seed59__cluster_block_order,RM-B1,250,5,CERTIFIED,0.02,0.02,0.0,0.04158982878282098,1127.592,1023.5,1457.4499999999994,0.7713138393020115,SEMANTIC_REPAIR
arxiv_nomic_100k,2,arxiv_nomic_100k__seed71__random,arxiv_nomic_100k__seed59__cluster_block_order,RM-B2,250,5,CERTIFIED,0.02,0.02,0.0,0.04158982878282098,1127.592,1023.5,1457.4499999999994,0.7713138393020115,SEMANTIC_REPAIR
arxiv_nomic_100k,2,arxiv_nomic_100k__seed71__random,arxiv_nomic_100k__seed59__natural_source_order,RM-B1,80,6,CERTIFIED,0.016,0.016,0.0,0.03623796513686767,1469.956,1355.0,2018.75,0.6991006319485271,SEMANTIC_REPAIR
arxiv_nomic_100k,2,arxiv_nomic_100k__seed71__random,arxiv_nomic_100k__seed59__natural_source_order,RM-B2,80,5,CERTIFIED,0.02,0.02,0.0,0.04158982878282098,1092.604,996.0,1590.75,0.7763444258668208,SEMANTIC_REPAIR
arxiv_nomic_100k,2,arxiv_nomic_100k__seed71__random,arxiv_nomic_100k__seed59__natural_source_order,RM-B1,128,5,CERTIFIED,0.02,0.02,0.0,0.04158982878282098,1092.604,996.0,1590.75,0.7763444258668208,SEMANTIC_REPAIR
arxiv_nomic_100k,2,arxiv_nomic_100k__seed71__random,arxiv_nomic_100k__seed59__natural_source_order,RM-B2,128,5,CERTIFIED,0.02,0.02,0.0,0.04158982878282098,1092.604,996.0,1590.75,0.7763444258668208,SEMANTIC_REPAIR
arxiv_nomic_100k,2,arxiv_nomic_100k__seed71__random,arxiv_nomic_100k__seed59__natural_source_order,RM-B1,250,5,CERTIFIED,0.02,0.02,0.0,0.04158982878282098,1092.604,996.0,1590.75,0.7763444258668208,SEMANTIC_REPAIR
arxiv_nomic_100k,2,arxiv_nomic_100k__seed71__random,arxiv_nomic_100k__seed59__natural_source_order,RM-B2,250,5,CERTIFIED,0.02,0.02,0.0,0.04158982878282098,1092.604,996.0,1590.75,0.7763444258668208,SEMANTIC_REPAIR
arxiv_nomic_100k,2,arxiv_nomic_100k__seed71__random,arxiv_nomic_100k__seed59__random,RM-B1,80,6,CERTIFIED,0.016,0.016,0.0,0.03623796513686767,1450.748,1368.5,1865.1,0.702363533261062,SEMANTIC_REPAIR
arxiv_nomic_100k,2,arxiv_nomic_100k__seed71__random,arxiv_nomic_100k__seed59__random,RM-B2,80,7,CERTIFIED,0.008,0.008,0.0,0.02496768176927198,1786.412,1707.5,2447.9499999999985,0.6334984740147568,SEMANTIC_REPAIR
arxiv_nomic_100k,2,arxiv_nomic_100k__seed71__random,arxiv_nomic_100k__seed59__random,RM-B1,128,5,CERTIFIED,0.028,0.028,0.0,0.05194700438197347,1079.108,1004.0,1370.9499999999998,0.7786094536406586,SEMANTIC_REPAIR
arxiv_nomic_100k,2,arxiv_nomic_100k__seed71__random,arxiv_nomic_100k__seed59__random,RM-B2,128,5,CERTIFIED,0.028,0.028,0.0,0.05194700438197347,1079.108,1004.0,1370.9499999999998,0.7786094536406586,SEMANTIC_REPAIR
arxiv_nomic_100k,2,arxiv_nomic_100k__seed71__random,arxiv_nomic_100k__seed59__random,RM-B1,250,5,CERTIFIED,0.028,0.028,0.0,0.05194700438197347,1079.108,1004.0,1370.9499999999998,0.7786094536406586,SEMANTIC_REPAIR
arxiv_nomic_100k,2,arxiv_nomic_100k__seed71__random,arxiv_nomic_100k__seed59__random,RM-B2,250,4,CERTIFIED,0.04,0.04,0.0,0.06690426305497835,863.252,811.5,1101.1999999999998,0.8228946204404062,SEMANTIC_REPAIR
arxiv_nomic_100k,2,arxiv_nomic_100k__seed71__random,arxiv_nomic_100k__seed71__cluster_block_order,RM-B1,80,6,CERTIFIED,0.004,0.004,0.0,0.018833965611186224,1599.416,1396.0,2770.2499999999995,0.6764432662678992,SEMANTIC_REPAIR
arxiv_nomic_100k,2,arxiv_nomic_100k__seed71__random,arxiv_nomic_100k__seed71__cluster_block_order,RM-B2,80,8,CERTIFIED,0.0,0.0,0.0,0.011911419714980633,2543.752,2380.5,4739.449999999999,0.4854071182578523,SEMANTIC_REPAIR
arxiv_nomic_100k,2,arxiv_nomic_100k__seed71__random,arxiv_nomic_100k__seed71__cluster_block_order,RM-B1,128,5,CERTIFIED,0.012,0.012,0.0,0.030720864145366192,1201.184,1040.5,2041.7499999999995,0.7570043242963308,SEMANTIC_REPAIR
arxiv_nomic_100k,2,arxiv_nomic_100k__seed71__random,arxiv_nomic_100k__seed71__cluster_block_order,RM-B2,128,6,CERTIFIED,0.004,0.004,0.0,0.018833965611186224,1599.416,1396.0,2770.2499999999995,0.6764432662678992,SEMANTIC_REPAIR
arxiv_nomic_100k,2,arxiv_nomic_100k__seed71__random,arxiv_nomic_100k__seed71__cluster_block_order,RM-B1,250,5,CERTIFIED,0.012,0.012,0.0,0.030720864145366192,1201.184,1040.5,2041.7499999999995,0.7570043242963308,SEMANTIC_REPAIR
arxiv_nomic_100k,2,arxiv_nomic_100k__seed71__random,arxiv_nomic_100k__seed71__cluster_block_order,RM-B2,250,4,CERTIFIED,0.024,0.024,0.0,0.04681743080651248,959.744,843.5,1648.1,0.8058468629431109,SEMANTIC_REPAIR
arxiv_nomic_100k,2,arxiv_nomic_100k__seed71__random,arxiv_nomic_100k__seed71__natural_source_order,RM-B1,80,6,CERTIFIED,0.02,0.02,0.0,0.04158982878282098,1465.296,1375.0,1884.599999999999,0.7004146323511371,SEMANTIC_REPAIR
arxiv_nomic_100k,2,arxiv_nomic_100k__seed71__random,arxiv_nomic_100k__seed71__natural_source_order,RM-B2,80,5,CERTIFIED,0.024,0.024,0.0,0.04681743080651248,1089.084,1006.0,1397.2499999999993,0.7773326136558797,SEMANTIC_REPAIR
arxiv_nomic_100k,2,arxiv_nomic_100k__seed71__random,arxiv_nomic_100k__seed71__natural_source_order,RM-B1,128,5,CERTIFIED,0.024,0.024,0.0,0.04681743080651248,1089.084,1006.0,1397.2499999999993,0.7773326136558797,SEMANTIC_REPAIR
arxiv_nomic_100k,2,arxiv_nomic_100k__seed71__random,arxiv_nomic_100k__seed71__natural_source_order,RM-B2,128,5,CERTIFIED,0.024,0.024,0.0,0.04681743080651248,1089.084,1006.0,1397.2499999999993,0.7773326136558797,SEMANTIC_REPAIR
arxiv_nomic_100k,2,arxiv_nomic_100k__seed71__random,arxiv_nomic_100k__seed71__natural_source_order,RM-B1,250,5,CERTIFIED,0.024,0.024,0.0,0.04681743080651248,1089.084,1006.0,1397.2499999999993,0.7773326136558797,SEMANTIC_REPAIR
arxiv_nomic_100k,2,arxiv_nomic_100k__seed71__random,arxiv_nomic_100k__seed71__natural_source_order,RM-B2,250,5,CERTIFIED,0.024,0.024,0.0,0.04681743080651248,1089.084,1006.0,1397.2499999999993,0.7773326136558797,SEMANTIC_REPAIR
arxiv_nomic_100k,3,arxiv_nomic_100k__seed43__cluster_block_order,arxiv_nomic_100k__seed43__natural_source_order,RM-B1,80,8,CERTIFIED,0.004,0.004,0.0,0.018833965611186224,2499.0,2317.0,3380.699999999999,0.49407998678413023,SEMANTIC_REPAIR
arxiv_nomic_100k,3,arxiv_nomic_100k__seed43__cluster_block_order,arxiv_nomic_100k__seed43__natural_source_order,RM-B2,80,9,CERTIFIED,0.0,0.0,0.0,0.011911419714980633,3053.032,2904.0,4199.399999999998,0.38191677079292785,SEMANTIC_REPAIR
arxiv_nomic_100k,3,arxiv_nomic_100k__seed43__cluster_block_order,arxiv_nomic_100k__seed43__natural_source_order,RM-B1,128,6,CERTIFIED,0.008,0.008,0.0,0.02496768176927198,1532.332,1381.0,2092.1499999999933,0.6897809421004001,SEMANTIC_REPAIR
arxiv_nomic_100k,3,arxiv_nomic_100k__seed43__cluster_block_order,arxiv_nomic_100k__seed43__natural_source_order,RM-B2,128,8,CERTIFIED,0.004,0.004,0.0,0.018833965611186224,2499.0,2317.0,3380.699999999999,0.49407998678413023,SEMANTIC_REPAIR
arxiv_nomic_100k,3,arxiv_nomic_100k__seed43__cluster_block_order,arxiv_nomic_100k__seed43__natural_source_order,RM-B1,250,4,CERTIFIED,0.028,0.028,0.0,0.05194700438197347,914.112,819.5,1184.8999999999976,0.8149389535330992,SEMANTIC_REPAIR
arxiv_nomic_100k,3,arxiv_nomic_100k__seed43__cluster_block_order,arxiv_nomic_100k__seed43__natural_source_order,RM-B2,250,5,CERTIFIED,0.008,0.008,0.0,0.02496768176927198,1134.736,1016.0,1521.3499999999963,0.7702738486928679,SEMANTIC_REPAIR
arxiv_nomic_100k,3,arxiv_nomic_100k__seed43__cluster_block_order,arxiv_nomic_100k__seed43__random,RM-B1,80,8,CERTIFIED,0.0,0.0,0.0,0.011911419714980633,2471.432,2333.5,3266.149999999999,0.4990607256856865,SEMANTIC_REPAIR
arxiv_nomic_100k,3,arxiv_nomic_100k__seed43__cluster_block_order,arxiv_nomic_100k__seed43__random,RM-B2,80,6,CERTIFIED,0.0,0.0,0.0,0.011911419714980633,1503.004,1388.5,1890.4499999999996,0.6953532474081785,SEMANTIC_REPAIR
arxiv_nomic_100k,3,arxiv_nomic_100k__seed43__cluster_block_order,arxiv_nomic_100k__seed43__random,RM-B1,128,6,CERTIFIED,0.0,0.0,0.0,0.011911419714980633,1503.004,1388.5,1890.4499999999996,0.6953532474081785,SEMANTIC_REPAIR
arxiv_nomic_100k,3,arxiv_nomic_100k__seed43__cluster_block_order,arxiv_nomic_100k__seed43__random,RM-B2,128,6,CERTIFIED,0.0,0.0,0.0,0.011911419714980633,1503.004,1388.5,1890.4499999999996,0.6953532474081785,SEMANTIC_REPAIR
arxiv_nomic_100k,3,arxiv_nomic_100k__seed43__cluster_block_order,arxiv_nomic_100k__seed43__random,RM-B1,250,4,CERTIFIED,0.032,0.032,0.0,0.05699654926405676,901.152,815.0,1110.0499999999997,0.8173437792636447,SEMANTIC_REPAIR
arxiv_nomic_100k,3,arxiv_nomic_100k__seed43__cluster_block_order,arxiv_nomic_100k__seed43__random,RM-B2,250,5,CERTIFIED,0.02,0.02,0.0,0.04158982878282098,1118.448,1020.5,1387.1,0.7732996378300938,SEMANTIC_REPAIR
arxiv_nomic_100k,3,arxiv_nomic_100k__seed43__cluster_block_order,arxiv_nomic_100k__seed59__cluster_block_order,RM-B1,80,8,CERTIFIED,0.0,0.0,0.0,0.011911419714980633,2498.052,2372.5,3299.5999999999985,0.4994256941165909,SEMANTIC_REPAIR
arxiv_nomic_100k,3,arxiv_nomic_100k__seed43__cluster_block_order,arxiv_nomic_100k__seed59__cluster_block_order,RM-B2,80,5,CERTIFIED,0.008,0.008,0.0,0.02496768176927198,1125.34,1036.0,1397.4999999999998,0.7744977729115184,SEMANTIC_REPAIR
arxiv_nomic_100k,3,arxiv_nomic_100k__seed43__cluster_block_order,arxiv_nomic_100k__seed59__cluster_block_order,RM-B1,128,6,CERTIFIED,0.004,0.004,0.0,0.018833965611186224,1521.732,1399.0,1924.6,0.695066419898156,SEMANTIC_REPAIR
arxiv_nomic_100k,3,arxiv_nomic_100k__seed43__cluster_block_order,arxiv_nomic_100k__seed59__cluster_block_order,RM-B2,128,6,CERTIFIED,0.004,0.004,0.0,0.018833965611186224,1521.732,1399.0,1924.6,0.695066419898156,SEMANTIC_REPAIR
arxiv_nomic_100k,3,arxiv_nomic_100k__seed43__cluster_block_order,arxiv_nomic_100k__seed59__cluster_block_order,RM-B1,250,4,CERTIFIED,0.024,0.024,0.0,0.04681743080651248,907.56,844.0,1127.1999999999996,0.8181378061595408,SEMANTIC_REPAIR
arxiv_nomic_100k,3,arxiv_nomic_100k__seed43__cluster_block_order,arxiv_nomic_100k__seed59__cluster_block_order,RM-B2,250,5,CERTIFIED,0.008,0.008,0.0,0.02496768176927198,1125.34,1036.0,1397.4999999999998,0.7744977729115184,SEMANTIC_REPAIR
arxiv_nomic_100k,3,arxiv_nomic_100k__seed43__cluster_block_order,arxiv_nomic_100k__seed59__natural_source_order,RM-B1,80,8,CERTIFIED,0.004,0.004,0.0,0.018833965611186224,2462.064,2322.5,3191.7999999999997,0.5015447257838421,SEMANTIC_REPAIR
arxiv_nomic_100k,3,arxiv_nomic_100k__seed43__cluster_block_order,arxiv_nomic_100k__seed59__natural_source_order,RM-B2,80,9,CERTIFIED,0.0,0.0,0.0,0.011911419714980633,3021.764,2909.5,4037.55,0.3882310925968966,SEMANTIC_REPAIR
arxiv_nomic_100k,3,arxiv_nomic_100k__seed43__cluster_block_order,arxiv_nomic_100k__seed59__natural_source_order,RM-B1,128,6,CERTIFIED,0.008,0.008,0.0,0.02496768176927198,1489.896,1382.5,1852.1,0.698364250793823,SEMANTIC_REPAIR
arxiv_nomic_100k,3,arxiv_nomic_100k__seed43__cluster_block_order,arxiv_nomic_100k__seed59__natural_source_order,RM-B2,128,8,CERTIFIED,0.004,0.004,0.0,0.018833965611186224,2462.064,2322.5,3191.7999999999997,0.5015447257838421,SEMANTIC_REPAIR
arxiv_nomic_100k,3,arxiv_nomic_100k__seed43__cluster_block_order,arxiv_nomic_100k__seed59__natural_source_order,RM-B1,250,4,CERTIFIED,0.024,0.024,0.0,0.04681743080651248,886.508,828.0,1093.2999999999995,0.820522704432209,SEMANTIC_REPAIR
arxiv_nomic_100k,3,arxiv_nomic_100k__seed43__cluster_block_order,arxiv_nomic_100k__seed59__natural_source_order,RM-B2,250,5,CERTIFIED,0.008,0.008,0.0,0.02496768176927198,1096.884,1004.0,1354.1499999999999,0.777931193095177,SEMANTIC_REPAIR
arxiv_nomic_100k,3,arxiv_nomic_100k__seed43__cluster_block_order,arxiv_nomic_100k__seed59__random,RM-B1,80,8,CERTIFIED,0.0,0.0,0.0,0.011911419714980633,2520.964,2340.5,4207.599999999994,0.4887830795125018,SEMANTIC_REPAIR
arxiv_nomic_100k,3,arxiv_nomic_100k__seed43__cluster_block_order,arxiv_nomic_100k__seed59__random,RM-B2,80,7,CERTIFIED,0.0,0.0,0.0,0.011911419714980633,1918.244,1724.5,3416.8999999999896,0.6110064283251881,SEMANTIC_REPAIR
arxiv_nomic_100k,3,arxiv_nomic_100k__seed43__cluster_block_order,arxiv_nomic_100k__seed59__random,RM-B1,128,6,CERTIFIED,0.0,0.0,0.0,0.011911419714980633,1552.116,1383.0,2939.499999999999,0.6852521647435768,SEMANTIC_REPAIR
arxiv_nomic_100k,3,arxiv_nomic_100k__seed43__cluster_block_order,arxiv_nomic_100k__seed59__random,RM-B2,128,7,CERTIFIED,0.0,0.0,0.0,0.011911419714980633,1918.244,1724.5,3416.8999999999896,0.6110064283251881,SEMANTIC_REPAIR
arxiv_nomic_100k,3,arxiv_nomic_100k__seed43__cluster_block_order,arxiv_nomic_100k__seed59__random,RM-B1,250,4,CERTIFIED,0.024,0.024,0.0,0.04681743080651248,929.524,816.5,1863.3499999999963,0.8115052825826861,SEMANTIC_REPAIR
arxiv_nomic_100k,3,arxiv_nomic_100k__seed43__cluster_block_order,arxiv_nomic_100k__seed59__random,RM-B2,250,6,CERTIFIED,0.0,0.0,0.0,0.011911419714980633,1552.116,1383.0,2939.499999999999,0.6852521647435768,SEMANTIC_REPAIR
arxiv_nomic_100k,3,arxiv_nomic_100k__seed43__cluster_block_order,arxiv_nomic_100k__seed71__cluster_block_order,RM-B1,80,8,CERTIFIED,0.0,0.0,0.0,0.011911419714980633,2559.06,2391.0,4204.699999999977,0.4888900606127424,SEMANTIC_REPAIR
arxiv_nomic_100k,3,arxiv_nomic_100k__seed43__cluster_block_order,arxiv_nomic_100k__seed71__cluster_block_order,RM-B2,80,5,CERTIFIED,0.008,0.008,0.0,0.02496768176927198,1161.304,1044.5,2427.9999999999973,0.7680577958116731,SEMANTIC_REPAIR
arxiv_nomic_100k,3,arxiv_nomic_100k__seed43__cluster_block_order,arxiv_nomic_100k__seed71__cluster_block_order,RM-B1,128,6,CERTIFIED,0.004,0.004,0.0,0.018833965611186224,1570.08,1423.0,3127.5499999999934,0.6864147407121578,SEMANTIC_REPAIR
arxiv_nomic_100k,3,arxiv_nomic_100k__seed43__cluster_block_order,arxiv_nomic_100k__seed71__cluster_block_order,RM-B2,128,6,CERTIFIED,0.004,0.004,0.0,0.018833965611186224,1570.08,1423.0,3127.5499999999934,0.6864147407121578,SEMANTIC_REPAIR
arxiv_nomic_100k,3,arxiv_nomic_100k__seed43__cluster_block_order,arxiv_nomic_100k__seed71__cluster_block_order,RM-B1,250,4,CERTIFIED,0.016,0.016,0.0,0.03623796513686767,941.976,846.5,1941.6499999999983,0.8118632246745869,SEMANTIC_REPAIR
arxiv_nomic_100k,3,arxiv_nomic_100k__seed43__cluster_block_order,arxiv_nomic_100k__seed71__cluster_block_order,RM-B2,250,5,CERTIFIED,0.008,0.008,0.0,0.02496768176927198,1161.304,1044.5,2427.9999999999973,0.7680577958116731,SEMANTIC_REPAIR
arxiv_nomic_100k,3,arxiv_nomic_100k__seed43__cluster_block_order,arxiv_nomic_100k__seed71__natural_source_order,RM-B1,80,8,CERTIFIED,0.0,0.0,0.0,0.011911419714980633,2524.972,2333.0,4477.79999999999,0.48929882074250497,SEMANTIC_REPAIR
arxiv_nomic_100k,3,arxiv_nomic_100k__seed43__cluster_block_order,arxiv_nomic_100k__seed71__natural_source_order,RM-B2,80,9,CERTIFIED,0.0,0.0,0.0,0.011911419714980633,3080.0,2916.0,4849.399999999997,0.3770387821674519,SEMANTIC_REPAIR
arxiv_nomic_100k,3,arxiv_nomic_100k__seed43__cluster_block_order,arxiv_nomic_100k__seed71__natural_source_order,RM-B1,128,6,CERTIFIED,0.004,0.004,0.0,0.018833965611186224,1550.924,1381.0,2588.849999999991,0.686309901361777,SEMANTIC_REPAIR
arxiv_nomic_100k,3,arxiv_nomic_100k__seed43__cluster_block_order,arxiv_nomic_100k__seed71__natural_source_order,RM-B2,128,8,CERTIFIED,0.0,0.0,0.0,0.011911419714980633,2524.972,2333.0,4477.79999999999,0.48929882074250497,SEMANTIC_REPAIR
arxiv_nomic_100k,3,arxiv_nomic_100k__seed43__cluster_block_order,arxiv_nomic_100k__seed71__natural_source_order,RM-B1,250,4,CERTIFIED,0.024,0.024,0.0,0.04681743080651248,927.252,822.5,1530.4499999999919,0.8124538846890695,SEMANTIC_REPAIR
arxiv_nomic_100k,3,arxiv_nomic_100k__seed43__cluster_block_order,arxiv_nomic_100k__seed71__natural_source_order,RM-B2,250,6,CERTIFIED,0.004,0.004,0.0,0.018833965611186224,1550.924,1381.0,2588.849999999991,0.686309901361777,SEMANTIC_REPAIR
arxiv_nomic_100k,3,arxiv_nomic_100k__seed43__cluster_block_order,arxiv_nomic_100k__seed71__random,RM-B1,80,8,CERTIFIED,0.0,0.0,0.0,0.011911419714980633,2494.736,2337.5,3279.0499999999993,0.49542048158362917,SEMANTIC_REPAIR
arxiv_nomic_100k,3,arxiv_nomic_100k__seed43__cluster_block_order,arxiv_nomic_100k__seed71__random,RM-B2,80,7,CERTIFIED,0.0,0.0,0.0,0.011911419714980633,1888.424,1728.0,2401.899999999998,0.6180517407509585,SEMANTIC_REPAIR
arxiv_nomic_100k,3,arxiv_nomic_100k__seed43__cluster_block_order,arxiv_nomic_100k__seed71__random,RM-B1,128,6,CERTIFIED,0.0,0.0,0.0,0.011911419714980633,1524.632,1374.5,2017.2999999999986,0.6916314670882255,SEMANTIC_REPAIR
arxiv_nomic_100k,3,arxiv_nomic_100k__seed43__cluster_block_order,arxiv_nomic_100k__seed71__random,RM-B2,128,7,CERTIFIED,0.0,0.0,0.0,0.011911419714980633,1888.424,1728.0,2401.899999999998,0.6180517407509585,SEMANTIC_REPAIR
arxiv_nomic_100k,3,arxiv_nomic_100k__seed43__cluster_block_order,arxiv_nomic_100k__seed71__random,RM-B1,250,4,CERTIFIED,0.036,0.036,0.0,0.06197905502895629,910.22,815.5,1102.6499999999996,0.8159010134727886,SEMANTIC_REPAIR
arxiv_nomic_100k,3,arxiv_nomic_100k__seed43__cluster_block_order,arxiv_nomic_100k__seed71__random,RM-B2,250,6,CERTIFIED,0.0,0.0,0.0,0.011911419714980633,1524.632,1374.5,2017.2999999999986,0.6916314670882255,SEMANTIC_REPAIR
arxiv_nomic_100k,3,arxiv_nomic_100k__seed43__natural_source_order,arxiv_nomic_100k__seed43__cluster_block_order,RM-B1,80,5,CERTIFIED,0.008,0.008,0.0,0.02496768176927198,1151.94,1043.5,1677.6999999999916,0.7693893223296415,SEMANTIC_REPAIR
arxiv_nomic_100k,3,arxiv_nomic_100k__seed43__natural_source_order,arxiv_nomic_100k__seed43__cluster_block_order,RM-B2,80,5,CERTIFIED,0.008,0.008,0.0,0.02496768176927198,1151.94,1043.5,1677.6999999999916,0.7693893223296415,SEMANTIC_REPAIR
arxiv_nomic_100k,3,arxiv_nomic_100k__seed43__natural_source_order,arxiv_nomic_100k__seed43__cluster_block_order,RM-B1,128,5,CERTIFIED,0.008,0.008,0.0,0.02496768176927198,1151.94,1043.5,1677.6999999999916,0.7693893223296415,SEMANTIC_REPAIR
arxiv_nomic_100k,3,arxiv_nomic_100k__seed43__natural_source_order,arxiv_nomic_100k__seed43__cluster_block_order,RM-B2,128,6,CERTIFIED,0.004,0.004,0.0,0.018833965611186224,1561.364,1401.5,2272.74999999999,0.6874253779449436,SEMANTIC_REPAIR
arxiv_nomic_100k,3,arxiv_nomic_100k__seed43__natural_source_order,arxiv_nomic_100k__seed43__cluster_block_order,RM-B1,250,5,CERTIFIED,0.008,0.008,0.0,0.02496768176927198,1151.94,1043.5,1677.6999999999916,0.7693893223296415,SEMANTIC_REPAIR
arxiv_nomic_100k,3,arxiv_nomic_100k__seed43__natural_source_order,arxiv_nomic_100k__seed43__cluster_block_order,RM-B2,250,5,CERTIFIED,0.008,0.008,0.0,0.02496768176927198,1151.94,1043.5,1677.6999999999916,0.7693893223296415,SEMANTIC_REPAIR
arxiv_nomic_100k,3,arxiv_nomic_100k__seed43__natural_source_order,arxiv_nomic_100k__seed43__random,RM-B1,80,5,CERTIFIED,0.016,0.016,0.0,0.03623796513686767,1096.78,1020.5,1375.6499999999996,0.7776915661517481,SEMANTIC_REPAIR
arxiv_nomic_100k,3,arxiv_nomic_100k__seed43__natural_source_order,arxiv_nomic_100k__seed43__random,RM-B2,80,6,CERTIFIED,0.0,0.0,0.0,0.011911419714980633,1491.124,1385.0,1869.1999999999996,0.697761227307627,SEMANTIC_REPAIR
arxiv_nomic_100k,3,arxiv_nomic_100k__seed43__natural_source_order,arxiv_nomic_100k__seed43__random,RM-B1,128,5,CERTIFIED,0.016,0.016,0.0,0.03623796513686767,1096.78,1020.5,1375.6499999999996,0.7776915661517481,SEMANTIC_REPAIR
arxiv_nomic_100k,3,arxiv_nomic_100k__seed43__natural_source_order,arxiv_nomic_100k__seed43__random,RM-B2,128,6,CERTIFIED,0.0,0.0,0.0,0.011911419714980633,1491.124,1385.0,1869.1999999999996,0.697761227307627,SEMANTIC_REPAIR
arxiv_nomic_100k,3,arxiv_nomic_100k__seed43__natural_source_order,arxiv_nomic_100k__seed43__random,RM-B1,250,5,CERTIFIED,0.016,0.016,0.0,0.03623796513686767,1096.78,1020.5,1375.6499999999996,0.7776915661517481,SEMANTIC_REPAIR
arxiv_nomic_100k,3,arxiv_nomic_100k__seed43__natural_source_order,arxiv_nomic_100k__seed43__random,RM-B2,250,5,CERTIFIED,0.016,0.016,0.0,0.03623796513686767,1096.78,1020.5,1375.6499999999996,0.7776915661517481,SEMANTIC_REPAIR
arxiv_nomic_100k,3,arxiv_nomic_100k__seed43__natural_source_order,arxiv_nomic_100k__seed59__cluster_block_order,RM-B1,80,5,CERTIFIED,0.012,0.012,0.0,0.030720864145366192,1093.416,1039.0,1387.0499999999997,0.7808948912024996,SEMANTIC_REPAIR
arxiv_nomic_100k,3,arxiv_nomic_100k__seed43__natural_source_order,arxiv_nomic_100k__seed59__cluster_block_order,RM-B2,80,6,CERTIFIED,0.004,0.004,0.0,0.018833965611186224,1484.648,1403.5,1909.4499999999996,0.702497529242309,SEMANTIC_REPAIR
arxiv_nomic_100k,3,arxiv_nomic_100k__seed43__natural_source_order,arxiv_nomic_100k__seed59__cluster_block_order,RM-B1,128,5,CERTIFIED,0.012,0.012,0.0,0.030720864145366192,1093.416,1039.0,1387.0499999999997,0.7808948912024996,SEMANTIC_REPAIR
arxiv_nomic_100k,3,arxiv_nomic_100k__seed43__natural_source_order,arxiv_nomic_100k__seed59__cluster_block_order,RM-B2,128,6,CERTIFIED,0.004,0.004,0.0,0.018833965611186224,1484.648,1403.5,1909.4499999999996,0.702497529242309,SEMANTIC_REPAIR
arxiv_nomic_100k,3,arxiv_nomic_100k__seed43__natural_source_order,arxiv_nomic_100k__seed59__cluster_block_order,RM-B1,250,5,CERTIFIED,0.012,0.012,0.0,0.030720864145366192,1093.416,1039.0,1387.0499999999997,0.7808948912024996,SEMANTIC_REPAIR
arxiv_nomic_100k,3,arxiv_nomic_100k__seed43__natural_source_order,arxiv_nomic_100k__seed59__cluster_block_order,RM-B2,250,5,CERTIFIED,0.012,0.012,0.0,0.030720864145366192,1093.416,1039.0,1387.0499999999997,0.7808948912024996,SEMANTIC_REPAIR
arxiv_nomic_100k,3,arxiv_nomic_100k__seed43__natural_source_order,arxiv_nomic_100k__seed59__natural_source_order,RM-B1,80,5,CERTIFIED,0.004,0.004,0.0,0.018833965611186224,1108.588,1013.5,1378.6499999999996,0.7755616687735404,SEMANTIC_REPAIR
arxiv_nomic_100k,3,arxiv_nomic_100k__seed43__natural_source_order,arxiv_nomic_100k__seed59__natural_source_order,RM-B2,80,9,CERTIFIED,0.0,0.0,0.0,0.011911419714980633,3056.372,2919.0,4204.199999999997,0.3812245565644975,SEMANTIC_REPAIR
arxiv_nomic_100k,3,arxiv_nomic_100k__seed43__natural_source_order,arxiv_nomic_100k__seed59__natural_source_order,RM-B1,128,5,CERTIFIED,0.004,0.004,0.0,0.018833965611186224,1108.588,1013.5,1378.6499999999996,0.7755616687735404,SEMANTIC_REPAIR
arxiv_nomic_100k,3,arxiv_nomic_100k__seed43__natural_source_order,arxiv_nomic_100k__seed59__natural_source_order,RM-B2,128,8,CERTIFIED,0.004,0.004,0.0,0.018833965611186224,2487.372,2328.0,3365.9999999999973,0.4964210141013421,SEMANTIC_REPAIR
arxiv_nomic_100k,3,arxiv_nomic_100k__seed43__natural_source_order,arxiv_nomic_100k__seed59__natural_source_order,RM-B1,250,5,CERTIFIED,0.004,0.004,0.0,0.018833965611186224,1108.588,1013.5,1378.6499999999996,0.7755616687735404,SEMANTIC_REPAIR
arxiv_nomic_100k,3,arxiv_nomic_100k__seed43__natural_source_order,arxiv_nomic_100k__seed59__natural_source_order,RM-B2,250,5,CERTIFIED,0.004,0.004,0.0,0.018833965611186224,1108.588,1013.5,1378.6499999999996,0.7755616687735404,SEMANTIC_REPAIR
arxiv_nomic_100k,3,arxiv_nomic_100k__seed43__natural_source_order,arxiv_nomic_100k__seed59__random,RM-B1,80,5,CERTIFIED,0.012,0.012,0.0,0.030720864145366192,1120.496,1014.5,1742.649999999999,0.7727787804432908,SEMANTIC_REPAIR
arxiv_nomic_100k,3,arxiv_nomic_100k__seed43__natural_source_order,arxiv_nomic_100k__seed59__random,RM-B2,80,7,CERTIFIED,0.0,0.0,0.0,0.011911419714980633,1890.272,1720.5,3040.95,0.616678766248251,SEMANTIC_REPAIR
arxiv_nomic_100k,3,arxiv_nomic_100k__seed43__natural_source_order,arxiv_nomic_100k__seed59__random,RM-B1,128,5,CERTIFIED,0.012,0.012,0.0,0.030720864145366192,1120.496,1014.5,1742.649999999999,0.7727787804432908,SEMANTIC_REPAIR
arxiv_nomic_100k,3,arxiv_nomic_100k__seed43__natural_source_order,arxiv_nomic_100k__seed59__random,RM-B2,128,7,CERTIFIED,0.0,0.0,0.0,0.011911419714980633,1890.272,1720.5,3040.95,0.616678766248251,SEMANTIC_REPAIR
arxiv_nomic_100k,3,arxiv_nomic_100k__seed43__natural_source_order,arxiv_nomic_100k__seed59__random,RM-B1,250,5,CERTIFIED,0.012,0.012,0.0,0.030720864145366192,1120.496,1014.5,1742.649999999999,0.7727787804432908,SEMANTIC_REPAIR
arxiv_nomic_100k,3,arxiv_nomic_100k__seed43__natural_source_order,arxiv_nomic_100k__seed59__random,RM-B2,250,6,CERTIFIED,0.0,0.0,0.0,0.011911419714980633,1522.436,1382.0,2328.799999999995,0.6912708616389187,SEMANTIC_REPAIR
arxiv_nomic_100k,3,arxiv_nomic_100k__seed43__natural_source_order,arxiv_nomic_100k__seed71__cluster_block_order,RM-B1,80,5,CERTIFIED,0.008,0.008,0.0,0.02496768176927198,1142.74,1045.5,1403.8999999999996,0.7717655029052094,SEMANTIC_REPAIR
arxiv_nomic_100k,3,arxiv_nomic_100k__seed43__natural_source_order,arxiv_nomic_100k__seed71__cluster_block_order,RM-B2,80,5,CERTIFIED,0.008,0.008,0.0,0.02496768176927198,1142.74,1045.5,1403.8999999999996,0.7717655029052094,SEMANTIC_REPAIR
arxiv_nomic_100k,3,arxiv_nomic_100k__seed43__natural_source_order,arxiv_nomic_100k__seed71__cluster_block_order,RM-B1,128,5,CERTIFIED,0.008,0.008,0.0,0.02496768176927198,1142.74,1045.5,1403.8999999999996,0.7717655029052094,SEMANTIC_REPAIR
arxiv_nomic_100k,3,arxiv_nomic_100k__seed43__natural_source_order,arxiv_nomic_100k__seed71__cluster_block_order,RM-B2,128,6,CERTIFIED,0.004,0.004,0.0,0.018833965611186224,1547.432,1423.0,1959.2999999999995,0.6909381273882196,SEMANTIC_REPAIR
arxiv_nomic_100k,3,arxiv_nomic_100k__seed43__natural_source_order,arxiv_nomic_100k__seed71__cluster_block_order,RM-B1,250,5,CERTIFIED,0.008,0.008,0.0,0.02496768176927198,1142.74,1045.5,1403.8999999999996,0.7717655029052094,SEMANTIC_REPAIR
arxiv_nomic_100k,3,arxiv_nomic_100k__seed43__natural_source_order,arxiv_nomic_100k__seed71__cluster_block_order,RM-B2,250,5,CERTIFIED,0.008,0.008,0.0,0.02496768176927198,1142.74,1045.5,1403.8999999999996,0.7717655029052094,SEMANTIC_REPAIR
arxiv_nomic_100k,3,arxiv_nomic_100k__seed43__natural_source_order,arxiv_nomic_100k__seed71__natural_source_order,RM-B1,80,5,CERTIFIED,0.008,0.008,0.0,0.02496768176927198,1124.232,1018.5,1379.1,0.7726126831667788,SEMANTIC_REPAIR
arxiv_nomic_100k,3,arxiv_nomic_100k__seed43__natural_source_order,arxiv_nomic_100k__seed71__natural_source_order,RM-B2,80,9,CERTIFIED,0.0,0.0,0.0,0.011911419714980633,3065.92,2923.5,4151.1,0.37988660487754355,SEMANTIC_REPAIR
arxiv_nomic_100k,3,arxiv_nomic_100k__seed43__natural_source_order,arxiv_nomic_100k__seed71__natural_source_order,RM-B1,128,5,CERTIFIED,0.008,0.008,0.0,0.02496768176927198,1124.232,1018.5,1379.1,0.7726126831667788,SEMANTIC_REPAIR
arxiv_nomic_100k,3,arxiv_nomic_100k__seed43__natural_source_order,arxiv_nomic_100k__seed71__natural_source_order,RM-B2,128,8,CERTIFIED,0.0,0.0,0.0,0.011911419714980633,2500.52,2338.0,3293.0499999999997,0.4942444855796614,SEMANTIC_REPAIR
arxiv_nomic_100k,3,arxiv_nomic_100k__seed43__natural_source_order,arxiv_nomic_100k__seed71__natural_source_order,RM-B1,250,5,CERTIFIED,0.008,0.008,0.0,0.02496768176927198,1124.232,1018.5,1379.1,0.7726126831667788,SEMANTIC_REPAIR
arxiv_nomic_100k,3,arxiv_nomic_100k__seed43__natural_source_order,arxiv_nomic_100k__seed71__natural_source_order,RM-B2,250,6,CERTIFIED,0.004,0.004,0.0,0.018833965611186224,1522.86,1388.0,1870.5999999999995,0.6919861298089369,SEMANTIC_REPAIR
arxiv_nomic_100k,3,arxiv_nomic_100k__seed43__natural_source_order,arxiv_nomic_100k__seed71__random,RM-B1,80,5,CERTIFIED,0.02,0.02,0.0,0.04158982878282098,1111.672,1015.5,1403.9499999999985,0.7751557990917821,SEMANTIC_REPAIR
arxiv_nomic_100k,3,arxiv_nomic_100k__seed43__natural_source_order,arxiv_nomic_100k__seed71__random,RM-B2,80,7,CERTIFIED,0.0,0.0,0.0,0.011911419714980633,1879.228,1722.0,2401.899999999998,0.6199117023867216,SEMANTIC_REPAIR
arxiv_nomic_100k,3,arxiv_nomic_100k__seed43__natural_source_order,arxiv_nomic_100k__seed71__random,RM-B1,128,5,CERTIFIED,0.02,0.02,0.0,0.04158982878282098,1111.672,1015.5,1403.9499999999985,0.7751557990917821,SEMANTIC_REPAIR
arxiv_nomic_100k,3,arxiv_nomic_100k__seed43__natural_source_order,arxiv_nomic_100k__seed71__random,RM-B2,128,7,CERTIFIED,0.0,0.0,0.0,0.011911419714980633,1879.228,1722.0,2401.899999999998,0.6199117023867216,SEMANTIC_REPAIR
arxiv_nomic_100k,3,arxiv_nomic_100k__seed43__natural_source_order,arxiv_nomic_100k__seed71__random,RM-B1,250,5,CERTIFIED,0.02,0.02,0.0,0.04158982878282098,1111.672,1015.5,1403.9499999999985,0.7751557990917821,SEMANTIC_REPAIR
arxiv_nomic_100k,3,arxiv_nomic_100k__seed43__natural_source_order,arxiv_nomic_100k__seed71__random,RM-B2,250,6,CERTIFIED,0.0,0.0,0.0,0.011911419714980633,1511.644,1368.0,2017.2999999999986,0.6942583898508714,SEMANTIC_REPAIR
arxiv_nomic_100k,3,arxiv_nomic_100k__seed43__random,arxiv_nomic_100k__seed43__cluster_block_order,RM-B1,80,8,CERTIFIED,0.0,0.0,0.0,0.011911419714980633,2545.876,2387.0,3988.0999999999985,0.49033266522153784,SEMANTIC_REPAIR
arxiv_nomic_100k,3,arxiv_nomic_100k__seed43__random,arxiv_nomic_100k__seed43__cluster_block_order,RM-B2,80,5,CERTIFIED,0.004,0.004,0.0,0.018833965611186224,1258.032,1045.5,1895.0499999999995,0.7481504140397968,SEMANTIC_REPAIR
arxiv_nomic_100k,3,arxiv_nomic_100k__seed43__random,arxiv_nomic_100k__seed43__cluster_block_order,RM-B1,128,5,CERTIFIED,0.004,0.004,0.0,0.018833965611186224,1258.032,1045.5,1895.0499999999995,0.7481504140397968,SEMANTIC_REPAIR
arxiv_nomic_100k,3,arxiv_nomic_100k__seed43__random,arxiv_nomic_100k__seed43__cluster_block_order,RM-B2,128,6,CERTIFIED,0.004,0.004,0.0,0.018833965611186224,1615.244,1405.0,2355.75,0.6766389625822694,SEMANTIC_REPAIR
arxiv_nomic_100k,3,arxiv_nomic_100k__seed43__random,arxiv_nomic_100k__seed43__cluster_block_order,RM-B1,250,4,CERTIFIED,0.012,0.012,0.0,0.030720864145366192,1012.22,833.5,1390.2999999999995,0.7973603311357447,SEMANTIC_REPAIR
arxiv_nomic_100k,3,arxiv_nomic_100k__seed43__random,arxiv_nomic_100k__seed43__cluster_block_order,RM-B2,250,5,CERTIFIED,0.004,0.004,0.0,0.018833965611186224,1258.032,1045.5,1895.0499999999995,0.7481504140397968,SEMANTIC_REPAIR
arxiv_nomic_100k,3,arxiv_nomic_100k__seed43__random,arxiv_nomic_100k__seed43__natural_source_order,RM-B1,80,8,CERTIFIED,0.004,0.004,0.0,0.018833965611186224,2496.68,2323.0,3380.699999999999,0.49454966842905257,SEMANTIC_REPAIR
arxiv_nomic_100k,3,arxiv_nomic_100k__seed43__random,arxiv_nomic_100k__seed43__natural_source_order,RM-B2,80,9,CERTIFIED,0.0,0.0,0.0,0.011911419714980633,3054.372,2908.0,4203.899999999998,0.3816454891531883,SEMANTIC_REPAIR
arxiv_nomic_100k,3,arxiv_nomic_100k__seed43__random,arxiv_nomic_100k__seed43__natural_source_order,RM-B1,128,5,CERTIFIED,0.008,0.008,0.0,0.02496768176927198,1210.728,1016.5,1627.499999999993,0.7548893454338441,SEMANTIC_REPAIR
arxiv_nomic_100k,3,arxiv_nomic_100k__seed43__random,arxiv_nomic_100k__seed43__natural_source_order,RM-B2,128,8,CERTIFIED,0.004,0.004,0.0,0.018833965611186224,2496.68,2323.0,3380.699999999999,0.49454966842905257,SEMANTIC_REPAIR
arxiv_nomic_100k,3,arxiv_nomic_100k__seed43__random,arxiv_nomic_100k__seed43__natural_source_order,RM-B1,250,4,CERTIFIED,0.028,0.028,0.0,0.05194700438197347,974.824,821.0,1200.8499999999972,0.8026478707630464,SEMANTIC_REPAIR
arxiv_nomic_100k,3,arxiv_nomic_100k__seed43__random,arxiv_nomic_100k__seed43__natural_source_order,RM-B2,250,5,CERTIFIED,0.008,0.008,0.0,0.02496768176927198,1210.728,1016.5,1627.499999999993,0.7548893454338441,SEMANTIC_REPAIR
arxiv_nomic_100k,3,arxiv_nomic_100k__seed43__random,arxiv_nomic_100k__seed59__cluster_block_order,RM-B1,80,8,CERTIFIED,0.0,0.0,0.0,0.011911419714980633,2471.832,2395.5,3228.1499999999996,0.5046798114449185,SEMANTIC_REPAIR
arxiv_nomic_100k,3,arxiv_nomic_100k__seed43__random,arxiv_nomic_100k__seed59__cluster_block_order,RM-B2,80,5,CERTIFIED,0.012,0.012,0.0,0.030720864145366192,1150.588,1041.0,1373.7999999999997,0.7694384306420443,SEMANTIC_REPAIR
arxiv_nomic_100k,3,arxiv_nomic_100k__seed43__random,arxiv_nomic_100k__seed59__cluster_block_order,RM-B1,128,5,CERTIFIED,0.012,0.012,0.0,0.030720864145366192,1150.588,1041.0,1373.7999999999997,0.7694384306420443,SEMANTIC_REPAIR
arxiv_nomic_100k,3,arxiv_nomic_100k__seed43__random,arxiv_nomic_100k__seed59__cluster_block_order,RM-B2,128,6,CERTIFIED,0.004,0.004,0.0,0.018833965611186224,1513.784,1407.5,1886.3999999999996,0.6966590867374216,SEMANTIC_REPAIR
arxiv_nomic_100k,3,arxiv_nomic_100k__seed43__random,arxiv_nomic_100k__seed59__cluster_block_order,RM-B1,250,4,CERTIFIED,0.028,0.028,0.0,0.05194700438197347,925.364,845.0,1092.8999999999996,0.8145701362543714,SEMANTIC_REPAIR
arxiv_nomic_100k,3,arxiv_nomic_100k__seed43__random,arxiv_nomic_100k__seed59__cluster_block_order,RM-B2,250,5,CERTIFIED,0.012,0.012,0.0,0.030720864145366192,1150.588,1041.0,1373.7999999999997,0.7694384306420443,SEMANTIC_REPAIR
arxiv_nomic_100k,3,arxiv_nomic_100k__seed43__random,arxiv_nomic_100k__seed59__natural_source_order,RM-B1,80,8,CERTIFIED,0.004,0.004,0.0,0.018833965611186224,2457.108,2328.0,3220.999999999999,0.5025480889535303,SEMANTIC_REPAIR
arxiv_nomic_100k,3,arxiv_nomic_100k__seed43__random,arxiv_nomic_100k__seed59__natural_source_order,RM-B2,80,9,CERTIFIED,0.0,0.0,0.0,0.011911419714980633,3030.124,2919.0,4073.749999999999,0.386538575224299,SEMANTIC_REPAIR
arxiv_nomic_100k,3,arxiv_nomic_100k__seed43__random,arxiv_nomic_100k__seed59__natural_source_order,RM-B1,128,5,CERTIFIED,0.008,0.008,0.0,0.02496768176927198,1158.036,1013.5,1363.3,0.7655507119505494,SEMANTIC_REPAIR
arxiv_nomic_100k,3,arxiv_nomic_100k__seed43__random,arxiv_nomic_100k__seed59__natural_source_order,RM-B2,128,8,CERTIFIED,0.004,0.004,0.0,0.018833965611186224,2457.108,2328.0,3220.999999999999,0.5025480889535303,SEMANTIC_REPAIR
arxiv_nomic_100k,3,arxiv_nomic_100k__seed43__random,arxiv_nomic_100k__seed59__natural_source_order,RM-B1,250,4,CERTIFIED,0.024,0.024,0.0,0.04681743080651248,931.364,828.5,1106.6499999999999,0.8114414174387596,SEMANTIC_REPAIR
arxiv_nomic_100k,3,arxiv_nomic_100k__seed43__random,arxiv_nomic_100k__seed59__natural_source_order,RM-B2,250,5,CERTIFIED,0.008,0.008,0.0,0.02496768176927198,1158.036,1013.5,1363.3,0.7655507119505494,SEMANTIC_REPAIR
arxiv_nomic_100k,3,arxiv_nomic_100k__seed43__random,arxiv_nomic_100k__seed59__random,RM-B1,80,8,CERTIFIED,0.0,0.0,0.0,0.011911419714980633,2477.296,2340.5,3328.8499999999976,0.4976383509419423,SEMANTIC_REPAIR
arxiv_nomic_100k,3,arxiv_nomic_100k__seed43__random,arxiv_nomic_100k__seed59__random,RM-B2,80,7,CERTIFIED,0.0,0.0,0.0,0.011911419714980633,1874.384,1724.5,2404.8999999999996,0.6199006347210675,SEMANTIC_REPAIR
arxiv_nomic_100k,3,arxiv_nomic_100k__seed43__random,arxiv_nomic_100k__seed59__random,RM-B1,128,5,CERTIFIED,0.016,0.016,0.0,0.03623796513686767,1179.164,1019.0,1414.6999999999994,0.7608817147608136,SEMANTIC_REPAIR
arxiv_nomic_100k,3,arxiv_nomic_100k__seed43__random,arxiv_nomic_100k__seed59__random,RM-B2,128,7,CERTIFIED,0.0,0.0,0.0,0.011911419714980633,1874.384,1724.5,2404.8999999999996,0.6199006347210675,SEMANTIC_REPAIR
arxiv_nomic_100k,3,arxiv_nomic_100k__seed43__random,arxiv_nomic_100k__seed59__random,RM-B1,250,4,CERTIFIED,0.032,0.032,0.0,0.05699654926405676,944.396,819.5,1107.2999999999995,0.8084894449739419,SEMANTIC_REPAIR
arxiv_nomic_100k,3,arxiv_nomic_100k__seed43__random,arxiv_nomic_100k__seed59__random,RM-B2,250,6,CERTIFIED,0.0,0.0,0.0,0.011911419714980633,1542.944,1388.0,1932.6499999999999,0.687112120536167,SEMANTIC_REPAIR
arxiv_nomic_100k,3,arxiv_nomic_100k__seed43__random,arxiv_nomic_100k__seed71__cluster_block_order,RM-B1,80,8,CERTIFIED,0.0,0.0,0.0,0.011911419714980633,2551.252,2403.0,3420.1499999999983,0.4904495185413317,SEMANTIC_REPAIR
arxiv_nomic_100k,3,arxiv_nomic_100k__seed43__random,arxiv_nomic_100k__seed71__cluster_block_order,RM-B2,80,5,CERTIFIED,0.008,0.008,0.0,0.02496768176927198,1258.484,1047.0,1403.8999999999996,0.7486484564801789,SEMANTIC_REPAIR
arxiv_nomic_100k,3,arxiv_nomic_100k__seed43__random,arxiv_nomic_100k__seed71__cluster_block_order,RM-B1,128,5,CERTIFIED,0.008,0.008,0.0,0.02496768176927198,1258.484,1047.0,1403.8999999999996,0.7486484564801789,SEMANTIC_REPAIR
arxiv_nomic_100k,3,arxiv_nomic_100k__seed43__random,arxiv_nomic_100k__seed71__cluster_block_order,RM-B2,128,6,CERTIFIED,0.004,0.004,0.0,0.018833965611186224,1613.976,1426.5,1959.2999999999995,0.6776475832796072,SEMANTIC_REPAIR
arxiv_nomic_100k,3,arxiv_nomic_100k__seed43__random,arxiv_nomic_100k__seed71__cluster_block_order,RM-B1,250,4,CERTIFIED,0.016,0.016,0.0,0.03623796513686767,1015.888,846.5,1158.1999999999996,0.7971011019263939,SEMANTIC_REPAIR
arxiv_nomic_100k,3,arxiv_nomic_100k__seed43__random,arxiv_nomic_100k__seed71__cluster_block_order,RM-B2,250,5,CERTIFIED,0.008,0.008,0.0,0.02496768176927198,1258.484,1047.0,1403.8999999999996,0.7486484564801789,SEMANTIC_REPAIR
arxiv_nomic_100k,3,arxiv_nomic_100k__seed43__random,arxiv_nomic_100k__seed71__natural_source_order,RM-B1,80,8,CERTIFIED,0.0,0.0,0.0,0.011911419714980633,2510.132,2338.0,3382.649999999998,0.4923003611556982,SEMANTIC_REPAIR
arxiv_nomic_100k,3,arxiv_nomic_100k__seed43__random,arxiv_nomic_100k__seed71__natural_source_order,RM-B2,80,9,CERTIFIED,0.0,0.0,0.0,0.011911419714980633,3065.144,2923.5,4224.049999999997,0.3800435587428157,SEMANTIC_REPAIR
arxiv_nomic_100k,3,arxiv_nomic_100k__seed43__random,arxiv_nomic_100k__seed71__natural_source_order,RM-B1,128,5,CERTIFIED,0.012,0.012,0.0,0.030720864145366192,1230.512,1018.5,1389.8999999999996,0.7511164759488427,SEMANTIC_REPAIR
arxiv_nomic_100k,3,arxiv_nomic_100k__seed43__random,arxiv_nomic_100k__seed71__natural_source_order,RM-B2,128,8,CERTIFIED,0.0,0.0,0.0,0.011911419714980633,2510.132,2338.0,3382.649999999998,0.4923003611556982,SEMANTIC_REPAIR
arxiv_nomic_100k,3,arxiv_nomic_100k__seed43__random,arxiv_nomic_100k__seed71__natural_source_order,RM-B1,250,4,CERTIFIED,0.028,0.028,0.0,0.05194700438197347,989.78,826.5,1137.3999999999999,0.7998069629265262,SEMANTIC_REPAIR
arxiv_nomic_100k,3,arxiv_nomic_100k__seed43__random,arxiv_nomic_100k__seed71__natural_source_order,RM-B2,250,6,CERTIFIED,0.004,0.004,0.0,0.018833965611186224,1585.976,1388.0,1931.8999999999994,0.6792202790866255,SEMANTIC_REPAIR
arxiv_nomic_100k,3,arxiv_nomic_100k__seed43__random,arxiv_nomic_100k__seed71__random,RM-B1,80,8,CERTIFIED,0.0,0.0,0.0,0.011911419714980633,2497.824,2337.5,3385.5999999999976,0.4947959098642689,SEMANTIC_REPAIR
arxiv_nomic_100k,3,arxiv_nomic_100k__seed43__random,arxiv_nomic_100k__seed71__random,RM-B2,80,7,CERTIFIED,0.0,0.0,0.0,0.011911419714980633,1897.096,1728.0,2396.4999999999973,0.6162977621401128,SEMANTIC_REPAIR
arxiv_nomic_100k,3,arxiv_nomic_100k__seed43__random,arxiv_nomic_100k__seed71__random,RM-B1,128,5,CERTIFIED,0.016,0.016,0.0,0.03623796513686767,1204.16,1016.5,1403.9499999999985,0.7564493906785098,SEMANTIC_REPAIR
arxiv_nomic_100k,3,arxiv_nomic_100k__seed43__random,arxiv_nomic_100k__seed71__random,RM-B2,128,7,CERTIFIED,0.0,0.0,0.0,0.011911419714980633,1897.096,1728.0,2396.4999999999973,0.6162977621401128,SEMANTIC_REPAIR
arxiv_nomic_100k,3,arxiv_nomic_100k__seed43__random,arxiv_nomic_100k__seed71__random,RM-B1,250,4,CERTIFIED,0.036,0.036,0.0,0.06197905502895629,968.188,818.5,1102.6499999999996,0.8041765402124676,SEMANTIC_REPAIR
arxiv_nomic_100k,3,arxiv_nomic_100k__seed43__random,arxiv_nomic_100k__seed71__random,RM-B2,250,6,CERTIFIED,0.0,0.0,0.0,0.011911419714980633,1564.852,1374.5,1925.4499999999982,0.6834966631527766,SEMANTIC_REPAIR
arxiv_nomic_100k,3,arxiv_nomic_100k__seed59__cluster_block_order,arxiv_nomic_100k__seed43__cluster_block_order,RM-B1,80,8,CERTIFIED,0.0,0.0,0.0,0.011911419714980633,2450.516,2378.0,3218.75,0.5094230989443407,SEMANTIC_REPAIR
arxiv_nomic_100k,3,arxiv_nomic_100k__seed59__cluster_block_order,arxiv_nomic_100k__seed43__cluster_block_order,RM-B2,80,6,CERTIFIED,0.004,0.004,0.0,0.018833965611186224,1467.28,1401.5,1841.3,0.7062603650084521,SEMANTIC_REPAIR
arxiv_nomic_100k,3,arxiv_nomic_100k__seed59__cluster_block_order,arxiv_nomic_100k__seed43__cluster_block_order,RM-B1,128,6,CERTIFIED,0.004,0.004,0.0,0.018833965611186224,1467.28,1401.5,1841.3,0.7062603650084521,SEMANTIC_REPAIR
arxiv_nomic_100k,3,arxiv_nomic_100k__seed59__cluster_block_order,arxiv_nomic_100k__seed43__cluster_block_order,RM-B2,128,6,CERTIFIED,0.004,0.004,0.0,0.018833965611186224,1467.28,1401.5,1841.3,0.7062603650084521,SEMANTIC_REPAIR
arxiv_nomic_100k,3,arxiv_nomic_100k__seed59__cluster_block_order,arxiv_nomic_100k__seed43__cluster_block_order,RM-B1,250,4,CERTIFIED,0.024,0.024,0.0,0.04681743080651248,877.128,833.5,1114.1999999999998,0.8244048453186397,SEMANTIC_REPAIR
arxiv_nomic_100k,3,arxiv_nomic_100k__seed59__cluster_block_order,arxiv_nomic_100k__seed43__cluster_block_order,RM-B2,250,5,CERTIFIED,0.02,0.02,0.0,0.04158982878282098,1085.116,1040.0,1385.2499999999998,0.7827670398536827,SEMANTIC_REPAIR
arxiv_nomic_100k,3,arxiv_nomic_100k__seed59__cluster_block_order,arxiv_nomic_100k__seed43__natural_source_order,RM-B1,80,8,CERTIFIED,0.004,0.004,0.0,0.018833965611186224,2424.804,2317.0,3177.1499999999996,0.5091008916663089,SEMANTIC_REPAIR
arxiv_nomic_100k,3,arxiv_nomic_100k__seed59__cluster_block_order,arxiv_nomic_100k__seed43__natural_source_order,RM-B2,80,9,CERTIFIED,0.0,0.0,0.0,0.011911419714980633,2997.236,2904.0,3998.5,0.3932126143533091,SEMANTIC_REPAIR
arxiv_nomic_100k,3,arxiv_nomic_100k__seed59__cluster_block_order,arxiv_nomic_100k__seed43__natural_source_order,RM-B1,128,6,CERTIFIED,0.008,0.008,0.0,0.02496768176927198,1451.58,1381.0,1829.1999999999998,0.7061291025274541,SEMANTIC_REPAIR
arxiv_nomic_100k,3,arxiv_nomic_100k__seed59__cluster_block_order,arxiv_nomic_100k__seed43__natural_source_order,RM-B2,128,8,CERTIFIED,0.004,0.004,0.0,0.018833965611186224,2424.804,2317.0,3177.1499999999996,0.5091008916663089,SEMANTIC_REPAIR
arxiv_nomic_100k,3,arxiv_nomic_100k__seed59__cluster_block_order,arxiv_nomic_100k__seed43__natural_source_order,RM-B1,250,4,CERTIFIED,0.04,0.04,0.0,0.06690426305497835,865.22,819.5,1106.1999999999998,0.8248370893018668,SEMANTIC_REPAIR
arxiv_nomic_100k,3,arxiv_nomic_100k__seed59__cluster_block_order,arxiv_nomic_100k__seed43__natural_source_order,RM-B2,250,6,CERTIFIED,0.008,0.008,0.0,0.02496768176927198,1451.58,1381.0,1829.1999999999998,0.7061291025274541,SEMANTIC_REPAIR
arxiv_nomic_100k,3,arxiv_nomic_100k__seed59__cluster_block_order,arxiv_nomic_100k__seed43__random,RM-B1,80,8,CERTIFIED,0.0,0.0,0.0,0.011911419714980633,2406.9,2331.0,3120.9999999999995,0.5121408400687855,SEMANTIC_REPAIR
arxiv_nomic_100k,3,arxiv_nomic_100k__seed59__cluster_block_order,arxiv_nomic_100k__seed43__random,RM-B2,80,6,CERTIFIED,0.0,0.0,0.0,0.011911419714980633,1445.864,1380.0,1837.55,0.7069350631871762,SEMANTIC_REPAIR
arxiv_nomic_100k,3,arxiv_nomic_100k__seed59__cluster_block_order,arxiv_nomic_100k__seed43__random,RM-B1,128,6,CERTIFIED,0.0,0.0,0.0,0.011911419714980633,1445.864,1380.0,1837.55,0.7069350631871762,SEMANTIC_REPAIR
arxiv_nomic_100k,3,arxiv_nomic_100k__seed59__cluster_block_order,arxiv_nomic_100k__seed43__random,RM-B2,128,6,CERTIFIED,0.0,0.0,0.0,0.011911419714980633,1445.864,1380.0,1837.55,0.7069350631871762,SEMANTIC_REPAIR
arxiv_nomic_100k,3,arxiv_nomic_100k__seed59__cluster_block_order,arxiv_nomic_100k__seed43__random,RM-B1,250,4,CERTIFIED,0.04,0.04,0.0,0.06690426305497835,866.336,812.0,1045.1999999999998,0.8244007008275505,SEMANTIC_REPAIR
arxiv_nomic_100k,3,arxiv_nomic_100k__seed59__cluster_block_order,arxiv_nomic_100k__seed43__random,RM-B2,250,5,CERTIFIED,0.024,0.024,0.0,0.04681743080651248,1073.108,1012.0,1310.8999999999996,0.7824896890625013,SEMANTIC_REPAIR
arxiv_nomic_100k,3,arxiv_nomic_100k__seed59__cluster_block_order,arxiv_nomic_100k__seed59__natural_source_order,RM-B1,80,8,CERTIFIED,0.004,0.004,0.0,0.018833965611186224,2423.78,2322.5,3160.2999999999997,0.5092954835700293,SEMANTIC_REPAIR
arxiv_nomic_100k,3,arxiv_nomic_100k__seed59__cluster_block_order,arxiv_nomic_100k__seed59__natural_source_order,RM-B2,80,9,CERTIFIED,0.0,0.0,0.0,0.011911419714980633,2995.856,2903.0,3985.4999999999995,0.3934762768180997,SEMANTIC_REPAIR
arxiv_nomic_100k,3,arxiv_nomic_100k__seed59__cluster_block_order,arxiv_nomic_100k__seed59__natural_source_order,RM-B1,128,6,CERTIFIED,0.012,0.012,0.0,0.030720864145366192,1457.452,1383.5,1841.0499999999997,0.7049326758699661,SEMANTIC_REPAIR
arxiv_nomic_100k,3,arxiv_nomic_100k__seed59__cluster_block_order,arxiv_nomic_100k__seed59__natural_source_order,RM-B2,128,8,CERTIFIED,0.004,0.004,0.0,0.018833965611186224,2423.78,2322.5,3160.2999999999997,0.5092954835700293,SEMANTIC_REPAIR
arxiv_nomic_100k,3,arxiv_nomic_100k__seed59__cluster_block_order,arxiv_nomic_100k__seed59__natural_source_order,RM-B1,250,4,CERTIFIED,0.028,0.028,0.0,0.05194700438197347,876.48,828.0,1093.2999999999995,0.8225529154624014,SEMANTIC_REPAIR
arxiv_nomic_100k,3,arxiv_nomic_100k__seed59__cluster_block_order,arxiv_nomic_100k__seed59__natural_source_order,RM-B2,250,5,CERTIFIED,0.012,0.012,0.0,0.030720864145366192,1084.272,1009.5,1346.1,0.7804845458587177,SEMANTIC_REPAIR
arxiv_nomic_100k,3,arxiv_nomic_100k__seed59__cluster_block_order,arxiv_nomic_100k__seed59__random,RM-B1,80,8,CERTIFIED,0.0,0.0,0.0,0.011911419714980633,2430.012,2328.5,3147.8999999999996,0.5072268975726482,SEMANTIC_REPAIR
arxiv_nomic_100k,3,arxiv_nomic_100k__seed59__cluster_block_order,arxiv_nomic_100k__seed59__random,RM-B2,80,7,CERTIFIED,0.0,0.0,0.0,0.011911419714980633,1818.108,1717.5,2303.2,0.6313126356133272,SEMANTIC_REPAIR
arxiv_nomic_100k,3,arxiv_nomic_100k__seed59__cluster_block_order,arxiv_nomic_100k__seed59__random,RM-B1,128,6,CERTIFIED,0.0,0.0,0.0,0.011911419714980633,1469.136,1382.0,1844.75,0.7020793705513759,SEMANTIC_REPAIR
arxiv_nomic_100k,3,arxiv_nomic_100k__seed59__cluster_block_order,arxiv_nomic_100k__seed59__random,RM-B2,128,7,CERTIFIED,0.0,0.0,0.0,0.011911419714980633,1818.108,1717.5,2303.2,0.6313126356133272,SEMANTIC_REPAIR
arxiv_nomic_100k,3,arxiv_nomic_100k__seed59__cluster_block_order,arxiv_nomic_100k__seed59__random,RM-B1,250,4,CERTIFIED,0.036,0.036,0.0,0.06197905502895629,879.752,816.5,1090.1,0.8215983614868291,SEMANTIC_REPAIR
arxiv_nomic_100k,3,arxiv_nomic_100k__seed59__cluster_block_order,arxiv_nomic_100k__seed59__random,RM-B2,250,6,CERTIFIED,0.0,0.0,0.0,0.011911419714980633,1469.136,1382.0,1844.75,0.7020793705513759,SEMANTIC_REPAIR
arxiv_nomic_100k,3,arxiv_nomic_100k__seed59__cluster_block_order,arxiv_nomic_100k__seed71__cluster_block_order,RM-B1,80,8,CERTIFIED,0.0,0.0,0.0,0.011911419714980633,2481.316,2384.5,3273.2999999999997,0.5044175320779378,SEMANTIC_REPAIR
arxiv_nomic_100k,3,arxiv_nomic_100k__seed59__cluster_block_order,arxiv_nomic_100k__seed71__cluster_block_order,RM-B2,80,6,CERTIFIED,0.004,0.004,0.0,0.018833965611186224,1492.556,1419.0,1873.0,0.7018982725328489,SEMANTIC_REPAIR
arxiv_nomic_100k,3,arxiv_nomic_100k__seed59__cluster_block_order,arxiv_nomic_100k__seed71__cluster_block_order,RM-B1,128,6,CERTIFIED,0.004,0.004,0.0,0.018833965611186224,1492.556,1419.0,1873.0,0.7018982725328489,SEMANTIC_REPAIR
arxiv_nomic_100k,3,arxiv_nomic_100k__seed59__cluster_block_order,arxiv_nomic_100k__seed71__cluster_block_order,RM-B2,128,6,CERTIFIED,0.004,0.004,0.0,0.018833965611186224,1492.556,1419.0,1873.0,0.7018982725328489,SEMANTIC_REPAIR
arxiv_nomic_100k,3,arxiv_nomic_100k__seed59__cluster_block_order,arxiv_nomic_100k__seed71__cluster_block_order,RM-B1,250,4,CERTIFIED,0.024,0.024,0.0,0.04681743080651248,899.1,844.5,1133.1999999999998,0.8204266619371632,SEMANTIC_REPAIR
arxiv_nomic_100k,3,arxiv_nomic_100k__seed59__cluster_block_order,arxiv_nomic_100k__seed71__cluster_block_order,RM-B2,250,5,CERTIFIED,0.012,0.012,0.0,0.030720864145366192,1107.696,1044.0,1383.6499999999999,0.7787646888234322,SEMANTIC_REPAIR
arxiv_nomic_100k,3,arxiv_nomic_100k__seed59__cluster_block_order,arxiv_nomic_100k__seed71__natural_source_order,RM-B1,80,8,CERTIFIED,0.0,0.0,0.0,0.011911419714980633,2428.036,2333.0,3180.399999999999,0.5089051092528348,SEMANTIC_REPAIR
arxiv_nomic_100k,3,arxiv_nomic_100k__seed59__cluster_block_order,arxiv_nomic_100k__seed71__natural_source_order,RM-B2,80,9,CERTIFIED,0.0,0.0,0.0,0.011911419714980633,3000.788,2908.5,3989.65,0.3930602120333454,SEMANTIC_REPAIR
arxiv_nomic_100k,3,arxiv_nomic_100k__seed59__cluster_block_order,arxiv_nomic_100k__seed71__natural_source_order,RM-B1,128,6,CERTIFIED,0.004,0.004,0.0,0.018833965611186224,1455.36,1388.0,1842.1999999999996,0.7056386889659815,SEMANTIC_REPAIR
arxiv_nomic_100k,3,arxiv_nomic_100k__seed59__cluster_block_order,arxiv_nomic_100k__seed71__natural_source_order,RM-B2,128,8,CERTIFIED,0.0,0.0,0.0,0.011911419714980633,2428.036,2333.0,3180.399999999999,0.5089051092528348,SEMANTIC_REPAIR
arxiv_nomic_100k,3,arxiv_nomic_100k__seed59__cluster_block_order,arxiv_nomic_100k__seed71__natural_source_order,RM-B1,250,4,CERTIFIED,0.032,0.032,0.0,0.05699654926405676,870.364,824.0,1082.1999999999998,0.823960059286491,SEMANTIC_REPAIR
arxiv_nomic_100k,3,arxiv_nomic_100k__seed59__cluster_block_order,arxiv_nomic_100k__seed71__natural_source_order,RM-B2,250,6,CERTIFIED,0.004,0.004,0.0,0.018833965611186224,1455.36,1388.0,1842.1999999999996,0.7056386889659815,SEMANTIC_REPAIR
arxiv_nomic_100k,3,arxiv_nomic_100k__seed59__cluster_block_order,arxiv_nomic_100k__seed71__random,RM-B1,80,8,CERTIFIED,0.0,0.0,0.0,0.011911419714980633,2402.596,2334.0,3146.6999999999994,0.5140565043238647,SEMANTIC_REPAIR
arxiv_nomic_100k,3,arxiv_nomic_100k__seed59__cluster_block_order,arxiv_nomic_100k__seed71__random,RM-B2,80,7,CERTIFIED,0.0,0.0,0.0,0.011911419714980633,1780.96,1722.0,2269.55,0.6397871601969828,SEMANTIC_REPAIR
arxiv_nomic_100k,3,arxiv_nomic_100k__seed59__cluster_block_order,arxiv_nomic_100k__seed71__random,RM-B1,128,6,CERTIFIED,0.0,0.0,0.0,0.011911419714980633,1441.456,1368.0,1823.7999999999997,0.7084544519747227,SEMANTIC_REPAIR
arxiv_nomic_100k,3,arxiv_nomic_100k__seed59__cluster_block_order,arxiv_nomic_100k__seed71__random,RM-B2,128,7,CERTIFIED,0.0,0.0,0.0,0.011911419714980633,1780.96,1722.0,2269.55,0.6397871601969828,SEMANTIC_REPAIR
arxiv_nomic_100k,3,arxiv_nomic_100k__seed59__cluster_block_order,arxiv_nomic_100k__seed71__random,RM-B1,250,4,CERTIFIED,0.044,0.044,0.0,0.07177970349205483,866.008,813.0,1055.3,0.8248432300713484,SEMANTIC_REPAIR
arxiv_nomic_100k,3,arxiv_nomic_100k__seed59__cluster_block_order,arxiv_nomic_100k__seed71__random,RM-B2,250,6,CERTIFIED,0.0,0.0,0.0,0.011911419714980633,1441.456,1368.0,1823.7999999999997,0.7084544519747227,SEMANTIC_REPAIR
arxiv_nomic_100k,3,arxiv_nomic_100k__seed59__natural_source_order,arxiv_nomic_100k__seed43__cluster_block_order,RM-B1,80,4,CERTIFIED,0.024,0.024,0.0,0.04681743080651248,875.572,831.5,1151.2499999999998,0.8247163461037978,SEMANTIC_REPAIR
arxiv_nomic_100k,3,arxiv_nomic_100k__seed59__natural_source_order,arxiv_nomic_100k__seed43__cluster_block_order,RM-B2,80,5,CERTIFIED,0.016,0.016,0.0,0.03623796513686767,1084.6,1034.5,1392.55,0.7828703395999177,SEMANTIC_REPAIR
arxiv_nomic_100k,3,arxiv_nomic_100k__seed59__natural_source_order,arxiv_nomic_100k__seed43__cluster_block_order,RM-B1,128,5,CERTIFIED,0.016,0.016,0.0,0.03623796513686767,1084.6,1034.5,1392.55,0.7828703395999177,SEMANTIC_REPAIR
arxiv_nomic_100k,3,arxiv_nomic_100k__seed59__natural_source_order,arxiv_nomic_100k__seed43__cluster_block_order,RM-B2,128,6,CERTIFIED,0.004,0.004,0.0,0.018833965611186224,1471.908,1398.0,1895.4999999999995,0.705333870385244,SEMANTIC_REPAIR
arxiv_nomic_100k,3,arxiv_nomic_100k__seed59__natural_source_order,arxiv_nomic_100k__seed43__cluster_block_order,RM-B1,250,4,CERTIFIED,0.024,0.024,0.0,0.04681743080651248,875.572,831.5,1151.2499999999998,0.8247163461037978,SEMANTIC_REPAIR
arxiv_nomic_100k,3,arxiv_nomic_100k__seed59__natural_source_order,arxiv_nomic_100k__seed43__cluster_block_order,RM-B2,250,5,CERTIFIED,0.016,0.016,0.0,0.03623796513686767,1084.6,1034.5,1392.55,0.7828703395999177,SEMANTIC_REPAIR
arxiv_nomic_100k,3,arxiv_nomic_100k__seed59__natural_source_order,arxiv_nomic_100k__seed43__natural_source_order,RM-B1,80,4,CERTIFIED,0.04,0.04,0.0,0.06690426305497835,860.392,819.5,1108.0,0.8258145130008689,SEMANTIC_REPAIR
arxiv_nomic_100k,3,arxiv_nomic_100k__seed59__natural_source_order,arxiv_nomic_100k__seed43__natural_source_order,RM-B2,80,9,CERTIFIED,0.0,0.0,0.0,0.011911419714980633,3000.036,2904.0,4017.2,0.3926457571956442,SEMANTIC_REPAIR
arxiv_nomic_100k,3,arxiv_nomic_100k__seed59__natural_source_order,arxiv_nomic_100k__seed43__natural_source_order,RM-B1,128,5,CERTIFIED,0.016,0.016,0.0,0.03623796513686767,1067.536,1016.0,1360.4999999999998,0.783878420476824,SEMANTIC_REPAIR
arxiv_nomic_100k,3,arxiv_nomic_100k__seed59__natural_source_order,arxiv_nomic_100k__seed43__natural_source_order,RM-B2,128,8,CERTIFIED,0.004,0.004,0.0,0.018833965611186224,2423.06,2317.0,3231.049999999999,0.5094539626959402,SEMANTIC_REPAIR
arxiv_nomic_100k,3,arxiv_nomic_100k__seed59__natural_source_order,arxiv_nomic_100k__seed43__natural_source_order,RM-B1,250,4,CERTIFIED,0.04,0.04,0.0,0.06690426305497835,860.392,819.5,1108.0,0.8258145130008689,SEMANTIC_REPAIR
arxiv_nomic_100k,3,arxiv_nomic_100k__seed59__natural_source_order,arxiv_nomic_100k__seed43__natural_source_order,RM-B2,250,5,CERTIFIED,0.016,0.016,0.0,0.03623796513686767,1067.536,1016.0,1360.4999999999998,0.783878420476824,SEMANTIC_REPAIR
arxiv_nomic_100k,3,arxiv_nomic_100k__seed59__natural_source_order,arxiv_nomic_100k__seed43__random,RM-B1,80,4,CERTIFIED,0.04,0.04,0.0,0.06690426305497835,854.192,812.0,1086.3999999999999,0.8268621913914314,SEMANTIC_REPAIR
arxiv_nomic_100k,3,arxiv_nomic_100k__seed59__natural_source_order,arxiv_nomic_100k__seed43__random,RM-B2,80,6,CERTIFIED,0.0,0.0,0.0,0.011911419714980633,1443.268,1380.0,1850.1499999999999,0.7074612513874261,SEMANTIC_REPAIR
arxiv_nomic_100k,3,arxiv_nomic_100k__seed59__natural_source_order,arxiv_nomic_100k__seed43__random,RM-B1,128,5,CERTIFIED,0.02,0.02,0.0,0.04158982878282098,1062.22,1012.0,1336.7999999999997,0.7846965985865076,SEMANTIC_REPAIR
arxiv_nomic_100k,3,arxiv_nomic_100k__seed59__natural_source_order,arxiv_nomic_100k__seed43__random,RM-B2,128,6,CERTIFIED,0.0,0.0,0.0,0.011911419714980633,1443.268,1380.0,1850.1499999999999,0.7074612513874261,SEMANTIC_REPAIR
arxiv_nomic_100k,3,arxiv_nomic_100k__seed59__natural_source_order,arxiv_nomic_100k__seed43__random,RM-B1,250,4,CERTIFIED,0.04,0.04,0.0,0.06690426305497835,854.192,812.0,1086.3999999999999,0.8268621913914314,SEMANTIC_REPAIR
arxiv_nomic_100k,3,arxiv_nomic_100k__seed59__natural_source_order,arxiv_nomic_100k__seed43__random,RM-B2,250,5,CERTIFIED,0.02,0.02,0.0,0.04158982878282098,1062.22,1012.0,1336.7999999999997,0.7846965985865076,SEMANTIC_REPAIR
arxiv_nomic_100k,3,arxiv_nomic_100k__seed59__natural_source_order,arxiv_nomic_100k__seed59__cluster_block_order,RM-B1,80,4,CERTIFIED,0.028,0.028,0.0,0.05194700438197347,864.608,840.5,1092.8999999999996,0.8267447797478825,SEMANTIC_REPAIR
arxiv_nomic_100k,3,arxiv_nomic_100k__seed59__natural_source_order,arxiv_nomic_100k__seed59__cluster_block_order,RM-B2,80,5,CERTIFIED,0.012,0.012,0.0,0.030720864145366192,1072.404,1035.0,1364.1,0.7851053989562301,SEMANTIC_REPAIR
arxiv_nomic_100k,3,arxiv_nomic_100k__seed59__natural_source_order,arxiv_nomic_100k__seed59__cluster_block_order,RM-B1,128,5,CERTIFIED,0.012,0.012,0.0,0.030720864145366192,1072.404,1035.0,1364.1,0.7851053989562301,SEMANTIC_REPAIR
arxiv_nomic_100k,3,arxiv_nomic_100k__seed59__natural_source_order,arxiv_nomic_100k__seed59__cluster_block_order,RM-B2,128,6,CERTIFIED,0.004,0.004,0.0,0.018833965611186224,1456.496,1397.5,1868.3,0.7081387920579869,SEMANTIC_REPAIR
arxiv_nomic_100k,3,arxiv_nomic_100k__seed59__natural_source_order,arxiv_nomic_100k__seed59__cluster_block_order,RM-B1,250,4,CERTIFIED,0.028,0.028,0.0,0.05194700438197347,864.608,840.5,1092.8999999999996,0.8267447797478825,SEMANTIC_REPAIR
arxiv_nomic_100k,3,arxiv_nomic_100k__seed59__natural_source_order,arxiv_nomic_100k__seed59__cluster_block_order,RM-B2,250,5,CERTIFIED,0.012,0.012,0.0,0.030720864145366192,1072.404,1035.0,1364.1,0.7851053989562301,SEMANTIC_REPAIR
arxiv_nomic_100k,3,arxiv_nomic_100k__seed59__natural_source_order,arxiv_nomic_100k__seed59__random,RM-B1,80,4,CERTIFIED,0.032,0.032,0.0,0.05699654926405676,872.872,816.5,1107.2999999999995,0.8229935311175552,SEMANTIC_REPAIR
arxiv_nomic_100k,3,arxiv_nomic_100k__seed59__natural_source_order,arxiv_nomic_100k__seed59__random,RM-B2,80,7,CERTIFIED,0.0,0.0,0.0,0.011911419714980633,1837.652,1717.5,2404.8999999999996,0.6273493804879038,SEMANTIC_REPAIR
arxiv_nomic_100k,3,arxiv_nomic_100k__seed59__natural_source_order,arxiv_nomic_100k__seed59__random,RM-B1,128,5,CERTIFIED,0.016,0.016,0.0,0.03623796513686767,1083.164,1010.5,1414.6999999999994,0.7803491979802486,SEMANTIC_REPAIR
arxiv_nomic_100k,3,arxiv_nomic_100k__seed59__natural_source_order,arxiv_nomic_100k__seed59__random,RM-B2,128,7,CERTIFIED,0.0,0.0,0.0,0.011911419714980633,1837.652,1717.5,2404.8999999999996,0.6273493804879038,SEMANTIC_REPAIR
arxiv_nomic_100k,3,arxiv_nomic_100k__seed59__natural_source_order,arxiv_nomic_100k__seed59__random,RM-B1,250,4,CERTIFIED,0.032,0.032,0.0,0.05699654926405676,872.872,816.5,1107.2999999999995,0.8229935311175552,SEMANTIC_REPAIR
arxiv_nomic_100k,3,arxiv_nomic_100k__seed59__natural_source_order,arxiv_nomic_100k__seed59__random,RM-B2,250,6,CERTIFIED,0.0,0.0,0.0,0.011911419714980633,1474.756,1382.0,1930.55,0.7009397116379048,SEMANTIC_REPAIR
arxiv_nomic_100k,3,arxiv_nomic_100k__seed59__natural_source_order,arxiv_nomic_100k__seed71__cluster_block_order,RM-B1,80,4,CERTIFIED,0.02,0.02,0.0,0.04158982878282098,899.368,844.5,1158.1999999999996,0.8203731354611306,SEMANTIC_REPAIR
arxiv_nomic_100k,3,arxiv_nomic_100k__seed59__natural_source_order,arxiv_nomic_100k__seed71__cluster_block_order,RM-B2,80,6,CERTIFIED,0.004,0.004,0.0,0.018833965611186224,1500.56,1419.0,1959.2999999999995,0.7002996683755194,SEMANTIC_REPAIR
arxiv_nomic_100k,3,arxiv_nomic_100k__seed59__natural_source_order,arxiv_nomic_100k__seed71__cluster_block_order,RM-B1,128,5,CERTIFIED,0.008,0.008,0.0,0.02496768176927198,1111.232,1044.0,1403.8999999999996,0.7780584589008538,SEMANTIC_REPAIR
arxiv_nomic_100k,3,arxiv_nomic_100k__seed59__natural_source_order,arxiv_nomic_100k__seed71__cluster_block_order,RM-B2,128,6,CERTIFIED,0.004,0.004,0.0,0.018833965611186224,1500.56,1419.0,1959.2999999999995,0.7002996683755194,SEMANTIC_REPAIR
arxiv_nomic_100k,3,arxiv_nomic_100k__seed59__natural_source_order,arxiv_nomic_100k__seed71__cluster_block_order,RM-B1,250,4,CERTIFIED,0.02,0.02,0.0,0.04158982878282098,899.368,844.5,1158.1999999999996,0.8203731354611306,SEMANTIC_REPAIR
arxiv_nomic_100k,3,arxiv_nomic_100k__seed59__natural_source_order,arxiv_nomic_100k__seed71__cluster_block_order,RM-B2,250,5,CERTIFIED,0.008,0.008,0.0,0.02496768176927198,1111.232,1044.0,1403.8999999999996,0.7780584589008538,SEMANTIC_REPAIR
arxiv_nomic_100k,3,arxiv_nomic_100k__seed59__natural_source_order,arxiv_nomic_100k__seed71__natural_source_order,RM-B1,80,4,CERTIFIED,0.028,0.028,0.0,0.05194700438197347,868.18,822.5,1086.1999999999998,0.8244017954227723,SEMANTIC_REPAIR
arxiv_nomic_100k,3,arxiv_nomic_100k__seed59__natural_source_order,arxiv_nomic_100k__seed71__natural_source_order,RM-B2,80,9,CERTIFIED,0.0,0.0,0.0,0.011911419714980633,3021.22,2908.5,4025.6,0.388927632941542,SEMANTIC_REPAIR
arxiv_nomic_100k,3,arxiv_nomic_100k__seed59__natural_source_order,arxiv_nomic_100k__seed71__natural_source_order,RM-B1,128,5,CERTIFIED,0.012,0.012,0.0,0.030720864145366192,1076.716,1009.0,1356.6499999999999,0.7822232757727956,SEMANTIC_REPAIR
arxiv_nomic_100k,3,arxiv_nomic_100k__seed59__natural_source_order,arxiv_nomic_100k__seed71__natural_source_order,RM-B2,128,8,CERTIFIED,0.0,0.0,0.0,0.011911419714980633,2440.588,2327.5,3256.849999999999,0.5063663400300316,SEMANTIC_REPAIR
arxiv_nomic_100k,3,arxiv_nomic_100k__seed59__natural_source_order,arxiv_nomic_100k__seed71__natural_source_order,RM-B1,250,4,CERTIFIED,0.028,0.028,0.0,0.05194700438197347,868.18,822.5,1086.1999999999998,0.8244017954227723,SEMANTIC_REPAIR
arxiv_nomic_100k,3,arxiv_nomic_100k__seed59__natural_source_order,arxiv_nomic_100k__seed71__natural_source_order,RM-B2,250,6,CERTIFIED,0.004,0.004,0.0,0.018833965611186224,1458.944,1381.0,1866.7499999999995,0.7049137886397763,SEMANTIC_REPAIR
arxiv_nomic_100k,3,arxiv_nomic_100k__seed59__natural_source_order,arxiv_nomic_100k__seed71__random,RM-B1,80,4,CERTIFIED,0.044,0.044,0.0,0.07177970349205483,854.62,815.5,1073.6499999999996,0.8271465405441703,SEMANTIC_REPAIR
arxiv_nomic_100k,3,arxiv_nomic_100k__seed59__natural_source_order,arxiv_nomic_100k__seed71__random,RM-B2,80,7,CERTIFIED,0.0,0.0,0.0,0.011911419714980633,1789.408,1728.0,2310.75,0.6380784873067125,SEMANTIC_REPAIR
arxiv_nomic_100k,3,arxiv_nomic_100k__seed59__natural_source_order,arxiv_nomic_100k__seed71__random,RM-B1,128,5,CERTIFIED,0.028,0.028,0.0,0.05194700438197347,1059.136,1015.5,1331.2499999999998,0.7857816086281508,SEMANTIC_REPAIR
arxiv_nomic_100k,3,arxiv_nomic_100k__seed59__natural_source_order,arxiv_nomic_100k__seed71__random,RM-B2,128,7,CERTIFIED,0.0,0.0,0.0,0.011911419714980633,1789.408,1728.0,2310.75,0.6380784873067125,SEMANTIC_REPAIR
arxiv_nomic_100k,3,arxiv_nomic_100k__seed59__natural_source_order,arxiv_nomic_100k__seed71__random,RM-B1,250,4,CERTIFIED,0.044,0.044,0.0,0.07177970349205483,854.62,815.5,1073.6499999999996,0.8271465405441703,SEMANTIC_REPAIR
arxiv_nomic_100k,3,arxiv_nomic_100k__seed59__natural_source_order,arxiv_nomic_100k__seed71__random,RM-B2,250,6,CERTIFIED,0.0,0.0,0.0,0.011911419714980633,1438.656,1374.5,1841.4999999999998,0.7090207734819145,SEMANTIC_REPAIR
arxiv_nomic_100k,3,arxiv_nomic_100k__seed59__random,arxiv_nomic_100k__seed43__cluster_block_order,RM-B1,80,7,CERTIFIED,0.004,0.004,0.0,0.018833965611186224,1868.436,1743.0,2355.75,0.6259516188831936,SEMANTIC_REPAIR
arxiv_nomic_100k,3,arxiv_nomic_100k__seed59__random,arxiv_nomic_100k__seed43__cluster_block_order,RM-B2,80,6,CERTIFIED,0.004,0.004,0.0,0.018833965611186224,1539.048,1398.0,1878.55,0.6918928917762992,SEMANTIC_REPAIR
arxiv_nomic_100k,3,arxiv_nomic_100k__seed59__random,arxiv_nomic_100k__seed43__cluster_block_order,RM-B1,128,5,CERTIFIED,0.02,0.02,0.0,0.04158982878282098,1145.384,1034.5,1392.55,0.7707017896480841,SEMANTIC_REPAIR
arxiv_nomic_100k,3,arxiv_nomic_100k__seed59__random,arxiv_nomic_100k__seed43__cluster_block_order,RM-B2,128,6,CERTIFIED,0.004,0.004,0.0,0.018833965611186224,1539.048,1398.0,1878.55,0.6918928917762992,SEMANTIC_REPAIR
arxiv_nomic_100k,3,arxiv_nomic_100k__seed59__random,arxiv_nomic_100k__seed43__cluster_block_order,RM-B1,250,5,CERTIFIED,0.02,0.02,0.0,0.04158982878282098,1145.384,1034.5,1392.55,0.7707017896480841,SEMANTIC_REPAIR
arxiv_nomic_100k,3,arxiv_nomic_100k__seed59__random,arxiv_nomic_100k__seed43__cluster_block_order,RM-B2,250,5,CERTIFIED,0.02,0.02,0.0,0.04158982878282098,1145.384,1034.5,1392.55,0.7707017896480841,SEMANTIC_REPAIR
arxiv_nomic_100k,3,arxiv_nomic_100k__seed59__random,arxiv_nomic_100k__seed43__natural_source_order,RM-B1,80,7,CERTIFIED,0.004,0.004,0.0,0.018833965611186224,1815.368,1713.0,2306.2,0.6324805912158196,SEMANTIC_REPAIR
arxiv_nomic_100k,3,arxiv_nomic_100k__seed59__random,arxiv_nomic_100k__seed43__natural_source_order,RM-B2,80,9,CERTIFIED,0.0,0.0,0.0,0.011911419714980633,2990.96,2899.5,3998.5,0.3944831841824178,SEMANTIC_REPAIR
arxiv_nomic_100k,3,arxiv_nomic_100k__seed59__random,arxiv_nomic_100k__seed43__natural_source_order,RM-B1,128,5,CERTIFIED,0.012,0.012,0.0,0.030720864145366192,1101.04,1015.5,1353.1999999999998,0.7770955696873945,SEMANTIC_REPAIR
arxiv_nomic_100k,3,arxiv_nomic_100k__seed59__random,arxiv_nomic_100k__seed43__natural_source_order,RM-B2,128,8,CERTIFIED,0.004,0.004,0.0,0.018833965611186224,2425.14,2314.0,3155.3999999999996,0.5090328688073893,SEMANTIC_REPAIR
arxiv_nomic_100k,3,arxiv_nomic_100k__seed59__random,arxiv_nomic_100k__seed43__natural_source_order,RM-B1,250,5,CERTIFIED,0.012,0.012,0.0,0.030720864145366192,1101.04,1015.5,1353.1999999999998,0.7770955696873945,SEMANTIC_REPAIR
arxiv_nomic_100k,3,arxiv_nomic_100k__seed59__random,arxiv_nomic_100k__seed43__natural_source_order,RM-B2,250,5,CERTIFIED,0.012,0.012,0.0,0.030720864145366192,1101.04,1015.5,1353.1999999999998,0.7770955696873945,SEMANTIC_REPAIR
arxiv_nomic_100k,3,arxiv_nomic_100k__seed59__random,arxiv_nomic_100k__seed43__random,RM-B1,80,7,CERTIFIED,0.0,0.0,0.0,0.011911419714980633,1794.164,1706.0,2298.2999999999993,0.6363374706806151,SEMANTIC_REPAIR
arxiv_nomic_100k,3,arxiv_nomic_100k__seed59__random,arxiv_nomic_100k__seed43__random,RM-B2,80,6,CERTIFIED,0.0,0.0,0.0,0.011911419714980633,1463.3,1376.5,1837.55,0.703400927031723,SEMANTIC_REPAIR
arxiv_nomic_100k,3,arxiv_nomic_100k__seed59__random,arxiv_nomic_100k__seed43__random,RM-B1,128,5,CERTIFIED,0.024,0.024,0.0,0.04681743080651248,1083.072,1005.5,1310.8999999999996,0.7804700668640076,SEMANTIC_REPAIR
arxiv_nomic_100k,3,arxiv_nomic_100k__seed59__random,arxiv_nomic_100k__seed43__random,RM-B2,128,6,CERTIFIED,0.0,0.0,0.0,0.011911419714980633,1463.3,1376.5,1837.55,0.703400927031723,SEMANTIC_REPAIR
arxiv_nomic_100k,3,arxiv_nomic_100k__seed59__random,arxiv_nomic_100k__seed43__random,RM-B1,250,5,CERTIFIED,0.024,0.024,0.0,0.04681743080651248,1083.072,1005.5,1310.8999999999996,0.7804700668640076,SEMANTIC_REPAIR
arxiv_nomic_100k,3,arxiv_nomic_100k__seed59__random,arxiv_nomic_100k__seed43__random,RM-B2,250,5,CERTIFIED,0.024,0.024,0.0,0.04681743080651248,1083.072,1005.5,1310.8999999999996,0.7804700668640076,SEMANTIC_REPAIR
arxiv_nomic_100k,3,arxiv_nomic_100k__seed59__random,arxiv_nomic_100k__seed59__cluster_block_order,RM-B1,80,7,CERTIFIED,0.004,0.004,0.0,0.018833965611186224,1790.212,1756.5,2300.75,0.6412668233951297,SEMANTIC_REPAIR
arxiv_nomic_100k,3,arxiv_nomic_100k__seed59__random,arxiv_nomic_100k__seed59__cluster_block_order,RM-B2,80,6,CERTIFIED,0.004,0.004,0.0,0.018833965611186224,1452.76,1397.5,1848.7499999999995,0.7088874336422215,SEMANTIC_REPAIR
arxiv_nomic_100k,3,arxiv_nomic_100k__seed59__random,arxiv_nomic_100k__seed59__cluster_block_order,RM-B1,128,5,CERTIFIED,0.012,0.012,0.0,0.030720864145366192,1073.176,1035.0,1355.7999999999997,0.7849507010699803,SEMANTIC_REPAIR
arxiv_nomic_100k,3,arxiv_nomic_100k__seed59__random,arxiv_nomic_100k__seed59__cluster_block_order,RM-B2,128,6,CERTIFIED,0.004,0.004,0.0,0.018833965611186224,1452.76,1397.5,1848.7499999999995,0.7088874336422215,SEMANTIC_REPAIR
arxiv_nomic_100k,3,arxiv_nomic_100k__seed59__random,arxiv_nomic_100k__seed59__cluster_block_order,RM-B1,250,5,CERTIFIED,0.012,0.012,0.0,0.030720864145366192,1073.176,1035.0,1355.7999999999997,0.7849507010699803,SEMANTIC_REPAIR
arxiv_nomic_100k,3,arxiv_nomic_100k__seed59__random,arxiv_nomic_100k__seed59__cluster_block_order,RM-B2,250,5,CERTIFIED,0.012,0.012,0.0,0.030720864145366192,1073.176,1035.0,1355.7999999999997,0.7849507010699803,SEMANTIC_REPAIR
arxiv_nomic_100k,3,arxiv_nomic_100k__seed59__random,arxiv_nomic_100k__seed59__natural_source_order,RM-B1,80,7,CERTIFIED,0.004,0.004,0.0,0.018833965611186224,1821.496,1717.0,2313.1499999999996,0.6312304277372014,SEMANTIC_REPAIR
arxiv_nomic_100k,3,arxiv_nomic_100k__seed59__random,arxiv_nomic_100k__seed59__natural_source_order,RM-B2,80,9,CERTIFIED,0.0,0.0,0.0,0.011911419714980633,2994.32,2903.0,3985.4999999999995,0.3937872465171798,SEMANTIC_REPAIR
arxiv_nomic_100k,3,arxiv_nomic_100k__seed59__random,arxiv_nomic_100k__seed59__natural_source_order,RM-B1,128,5,CERTIFIED,0.008,0.008,0.0,0.02496768176927198,1107.244,1004.0,1335.5499999999997,0.7758337672602355,SEMANTIC_REPAIR
arxiv_nomic_100k,3,arxiv_nomic_100k__seed59__random,arxiv_nomic_100k__seed59__natural_source_order,RM-B2,128,8,CERTIFIED,0.004,0.004,0.0,0.018833965611186224,2431.1,2320.0,3161.65,0.5078135185978506,SEMANTIC_REPAIR
arxiv_nomic_100k,3,arxiv_nomic_100k__seed59__random,arxiv_nomic_100k__seed59__natural_source_order,RM-B1,250,5,CERTIFIED,0.008,0.008,0.0,0.02496768176927198,1107.244,1004.0,1335.5499999999997,0.7758337672602355,SEMANTIC_REPAIR
arxiv_nomic_100k,3,arxiv_nomic_100k__seed59__random,arxiv_nomic_100k__seed59__natural_source_order,RM-B2,250,5,CERTIFIED,0.008,0.008,0.0,0.02496768176927198,1107.244,1004.0,1335.5499999999997,0.7758337672602355,SEMANTIC_REPAIR
arxiv_nomic_100k,3,arxiv_nomic_100k__seed59__random,arxiv_nomic_100k__seed71__cluster_block_order,RM-B1,80,7,CERTIFIED,0.004,0.004,0.0,0.018833965611186224,1855.596,1744.5,2327.3999999999996,0.6293898700744658,SEMANTIC_REPAIR
arxiv_nomic_100k,3,arxiv_nomic_100k__seed59__random,arxiv_nomic_100k__seed71__cluster_block_order,RM-B2,80,6,CERTIFIED,0.004,0.004,0.0,0.018833965611186224,1522.54,1412.5,1869.3999999999999,0.6959096984382254,SEMANTIC_REPAIR
arxiv_nomic_100k,3,arxiv_nomic_100k__seed59__random,arxiv_nomic_100k__seed71__cluster_block_order,RM-B1,128,5,CERTIFIED,0.012,0.012,0.0,0.030720864145366192,1133.748,1043.5,1375.1499999999999,0.7735614360114946,SEMANTIC_REPAIR
arxiv_nomic_100k,3,arxiv_nomic_100k__seed59__random,arxiv_nomic_100k__seed71__cluster_block_order,RM-B2,128,6,CERTIFIED,0.004,0.004,0.0,0.018833965611186224,1522.54,1412.5,1869.3999999999999,0.6959096984382254,SEMANTIC_REPAIR
arxiv_nomic_100k,3,arxiv_nomic_100k__seed59__random,arxiv_nomic_100k__seed71__cluster_block_order,RM-B1,250,5,CERTIFIED,0.012,0.012,0.0,0.030720864145366192,1133.748,1043.5,1375.1499999999999,0.7735614360114946,SEMANTIC_REPAIR
arxiv_nomic_100k,3,arxiv_nomic_100k__seed59__random,arxiv_nomic_100k__seed71__cluster_block_order,RM-B2,250,5,CERTIFIED,0.012,0.012,0.0,0.030720864145366192,1133.748,1043.5,1375.1499999999999,0.7735614360114946,SEMANTIC_REPAIR
arxiv_nomic_100k,3,arxiv_nomic_100k__seed59__random,arxiv_nomic_100k__seed71__natural_source_order,RM-B1,80,7,CERTIFIED,0.0,0.0,0.0,0.011911419714980633,1826.028,1721.5,2292.2999999999997,0.6306673290011908,SEMANTIC_REPAIR
arxiv_nomic_100k,3,arxiv_nomic_100k__seed59__random,arxiv_nomic_100k__seed71__natural_source_order,RM-B2,80,9,CERTIFIED,0.0,0.0,0.0,0.011911419714980633,2998.164,2907.5,3987.1,0.39359094262931693,SEMANTIC_REPAIR
arxiv_nomic_100k,3,arxiv_nomic_100k__seed59__random,arxiv_nomic_100k__seed71__natural_source_order,RM-B1,128,5,CERTIFIED,0.012,0.012,0.0,0.030720864145366192,1113.348,1006.5,1334.6,0.7748140824833014,SEMANTIC_REPAIR
arxiv_nomic_100k,3,arxiv_nomic_100k__seed59__random,arxiv_nomic_100k__seed71__natural_source_order,RM-B2,128,8,CERTIFIED,0.0,0.0,0.0,0.011911419714980633,2435.544,2326.5,3142.2999999999997,0.5073865401543003,SEMANTIC_REPAIR
arxiv_nomic_100k,3,arxiv_nomic_100k__seed59__random,arxiv_nomic_100k__seed71__natural_source_order,RM-B1,250,5,CERTIFIED,0.012,0.012,0.0,0.030720864145366192,1113.348,1006.5,1334.6,0.7748140824833014,SEMANTIC_REPAIR
arxiv_nomic_100k,3,arxiv_nomic_100k__seed59__random,arxiv_nomic_100k__seed71__natural_source_order,RM-B2,250,6,CERTIFIED,0.004,0.004,0.0,0.018833965611186224,1496.232,1376.0,1810.55,0.6973719127012893,SEMANTIC_REPAIR
arxiv_nomic_100k,3,arxiv_nomic_100k__seed59__random,arxiv_nomic_100k__seed71__random,RM-B1,80,7,CERTIFIED,0.0,0.0,0.0,0.011911419714980633,1792.272,1720.5,2265.85,0.6374992213079276,SEMANTIC_REPAIR
arxiv_nomic_100k,3,arxiv_nomic_100k__seed59__random,arxiv_nomic_100k__seed71__random,RM-B2,80,7,CERTIFIED,0.0,0.0,0.0,0.011911419714980633,1792.272,1720.5,2265.85,0.6374992213079276,SEMANTIC_REPAIR
arxiv_nomic_100k,3,arxiv_nomic_100k__seed59__random,arxiv_nomic_100k__seed71__random,RM-B1,128,5,CERTIFIED,0.028,0.028,0.0,0.05194700438197347,1080.268,1010.5,1315.3,0.7815074993103013,SEMANTIC_REPAIR
arxiv_nomic_100k,3,arxiv_nomic_100k__seed59__random,arxiv_nomic_100k__seed71__random,RM-B2,128,7,CERTIFIED,0.0,0.0,0.0,0.011911419714980633,1792.272,1720.5,2265.85,0.6374992213079276,SEMANTIC_REPAIR
arxiv_nomic_100k,3,arxiv_nomic_100k__seed59__random,arxiv_nomic_100k__seed71__random,RM-B1,250,5,CERTIFIED,0.028,0.028,0.0,0.05194700438197347,1080.268,1010.5,1315.3,0.7815074993103013,SEMANTIC_REPAIR
arxiv_nomic_100k,3,arxiv_nomic_100k__seed59__random,arxiv_nomic_100k__seed71__random,RM-B2,250,6,CERTIFIED,0.0,0.0,0.0,0.011911419714980633,1460.412,1366.0,1823.7999999999997,0.7046204553710336,SEMANTIC_REPAIR
arxiv_nomic_100k,3,arxiv_nomic_100k__seed71__cluster_block_order,arxiv_nomic_100k__seed43__cluster_block_order,RM-B1,80,8,CERTIFIED,0.0,0.0,0.0,0.011911419714980633,2439.836,2403.0,3222.1,0.5115611634594364,SEMANTIC_REPAIR
arxiv_nomic_100k,3,arxiv_nomic_100k__seed71__cluster_block_order,arxiv_nomic_100k__seed43__cluster_block_order,RM-B2,80,6,CERTIFIED,0.004,0.004,0.0,0.018833965611186224,1450.5,1407.5,1841.3,0.7096196086941551,SEMANTIC_REPAIR
arxiv_nomic_100k,3,arxiv_nomic_100k__seed71__cluster_block_order,arxiv_nomic_100k__seed43__cluster_block_order,RM-B1,128,6,CERTIFIED,0.004,0.004,0.0,0.018833965611186224,1450.5,1407.5,1841.3,0.7096196086941551,SEMANTIC_REPAIR
arxiv_nomic_100k,3,arxiv_nomic_100k__seed71__cluster_block_order,arxiv_nomic_100k__seed43__cluster_block_order,RM-B2,128,6,CERTIFIED,0.004,0.004,0.0,0.018833965611186224,1450.5,1407.5,1841.3,0.7096196086941551,SEMANTIC_REPAIR
arxiv_nomic_100k,3,arxiv_nomic_100k__seed71__cluster_block_order,arxiv_nomic_100k__seed43__cluster_block_order,RM-B1,250,4,CERTIFIED,0.028,0.028,0.0,0.05194700438197347,863.256,834.5,1114.1999999999998,0.8271819268685843,SEMANTIC_REPAIR
arxiv_nomic_100k,3,arxiv_nomic_100k__seed71__cluster_block_order,arxiv_nomic_100k__seed43__cluster_block_order,RM-B2,250,5,CERTIFIED,0.024,0.024,0.0,0.04681743080651248,1070.752,1046.5,1387.4999999999998,0.7856426165105026,SEMANTIC_REPAIR
arxiv_nomic_100k,3,arxiv_nomic_100k__seed71__cluster_block_order,arxiv_nomic_100k__seed43__natural_source_order,RM-B1,80,8,CERTIFIED,0.004,0.004,0.0,0.018833965611186224,2388.804,2323.0,3108.1,0.5163890551219997,SEMANTIC_REPAIR
arxiv_nomic_100k,3,arxiv_nomic_100k__seed71__cluster_block_order,arxiv_nomic_100k__seed43__natural_source_order,RM-B2,80,9,CERTIFIED,0.0,0.0,0.0,0.011911419714980633,2968.924,2908.0,3979.0499999999993,0.39894435001324013,SEMANTIC_REPAIR
arxiv_nomic_100k,3,arxiv_nomic_100k__seed71__cluster_block_order,arxiv_nomic_100k__seed43__natural_source_order,RM-B1,128,6,CERTIFIED,0.012,0.012,0.0,0.030720864145366192,1420.048,1384.5,1818.0499999999997,0.7125127239186997,SEMANTIC_REPAIR
arxiv_nomic_100k,3,arxiv_nomic_100k__seed71__cluster_block_order,arxiv_nomic_100k__seed43__natural_source_order,RM-B2,128,8,CERTIFIED,0.004,0.004,0.0,0.018833965611186224,2388.804,2323.0,3108.1,0.5163890551219997,SEMANTIC_REPAIR
arxiv_nomic_100k,3,arxiv_nomic_100k__seed71__cluster_block_order,arxiv_nomic_100k__seed43__natural_source_order,RM-B1,250,4,CERTIFIED,0.04,0.04,0.0,0.06690426305497835,847.432,821.0,1079.1,0.8284382518449176,SEMANTIC_REPAIR
arxiv_nomic_100k,3,arxiv_nomic_100k__seed71__cluster_block_order,arxiv_nomic_100k__seed43__natural_source_order,RM-B2,250,6,CERTIFIED,0.012,0.012,0.0,0.030720864145366192,1420.048,1384.5,1818.0499999999997,0.7125127239186997,SEMANTIC_REPAIR
arxiv_nomic_100k,3,arxiv_nomic_100k__seed71__cluster_block_order,arxiv_nomic_100k__seed43__random,RM-B1,80,8,CERTIFIED,0.0,0.0,0.0,0.011911419714980633,2387.604,2333.5,3159.95,0.5160519831781929,SEMANTIC_REPAIR
arxiv_nomic_100k,3,arxiv_nomic_100k__seed71__cluster_block_order,arxiv_nomic_100k__seed43__random,RM-B2,80,6,CERTIFIED,0.0,0.0,0.0,0.011911419714980633,1413.932,1388.5,1840.75,0.7134074212805426,SEMANTIC_REPAIR
arxiv_nomic_100k,3,arxiv_nomic_100k__seed71__cluster_block_order,arxiv_nomic_100k__seed43__random,RM-B1,128,6,CERTIFIED,0.0,0.0,0.0,0.011911419714980633,1413.932,1388.5,1840.75,0.7134074212805426,SEMANTIC_REPAIR
arxiv_nomic_100k,3,arxiv_nomic_100k__seed71__cluster_block_order,arxiv_nomic_100k__seed43__random,RM-B2,128,6,CERTIFIED,0.0,0.0,0.0,0.011911419714980633,1413.932,1388.5,1840.75,0.7134074212805426,SEMANTIC_REPAIR
arxiv_nomic_100k,3,arxiv_nomic_100k__seed71__cluster_block_order,arxiv_nomic_100k__seed43__random,RM-B1,250,4,CERTIFIED,0.048,0.048,0.0,0.07661134159084108,835.98,818.5,1044.1,0.8305536164696096,SEMANTIC_REPAIR
arxiv_nomic_100k,3,arxiv_nomic_100k__seed71__cluster_block_order,arxiv_nomic_100k__seed43__random,RM-B2,250,5,CERTIFIED,0.028,0.028,0.0,0.05194700438197347,1039.228,1022.0,1313.1499999999999,0.7893568909979658,SEMANTIC_REPAIR
arxiv_nomic_100k,3,arxiv_nomic_100k__seed71__cluster_block_order,arxiv_nomic_100k__seed59__cluster_block_order,RM-B1,80,8,CERTIFIED,0.0,0.0,0.0,0.011911419714980633,2432.716,2395.5,3208.2,0.5125181048627236,SEMANTIC_REPAIR
arxiv_nomic_100k,3,arxiv_nomic_100k__seed71__cluster_block_order,arxiv_nomic_100k__seed59__cluster_block_order,RM-B2,80,6,CERTIFIED,0.004,0.004,0.0,0.018833965611186224,1448.796,1407.5,1885.2999999999995,0.7096817632032242,SEMANTIC_REPAIR
arxiv_nomic_100k,3,arxiv_nomic_100k__seed71__cluster_block_order,arxiv_nomic_100k__seed59__cluster_block_order,RM-B1,128,6,CERTIFIED,0.004,0.004,0.0,0.018833965611186224,1448.796,1407.5,1885.2999999999995,0.7096817632032242,SEMANTIC_REPAIR
arxiv_nomic_100k,3,arxiv_nomic_100k__seed71__cluster_block_order,arxiv_nomic_100k__seed59__cluster_block_order,RM-B2,128,6,CERTIFIED,0.004,0.004,0.0,0.018833965611186224,1448.796,1407.5,1885.2999999999995,0.7096817632032242,SEMANTIC_REPAIR
arxiv_nomic_100k,3,arxiv_nomic_100k__seed71__cluster_block_order,arxiv_nomic_100k__seed59__cluster_block_order,RM-B1,250,4,CERTIFIED,0.028,0.028,0.0,0.05194700438197347,860.936,844.0,1108.1499999999999,0.827480596636884,SEMANTIC_REPAIR
arxiv_nomic_100k,3,arxiv_nomic_100k__seed71__cluster_block_order,arxiv_nomic_100k__seed59__cluster_block_order,RM-B2,250,5,CERTIFIED,0.012,0.012,0.0,0.030720864145366192,1067.508,1039.0,1373.7999999999997,0.7860864881415655,SEMANTIC_REPAIR
arxiv_nomic_100k,3,arxiv_nomic_100k__seed71__cluster_block_order,arxiv_nomic_100k__seed59__natural_source_order,RM-B1,80,8,CERTIFIED,0.004,0.004,0.0,0.018833965611186224,2394.476,2322.5,3122.35,0.5152282023602923,SEMANTIC_REPAIR
arxiv_nomic_100k,3,arxiv_nomic_100k__seed71__cluster_block_order,arxiv_nomic_100k__seed59__natural_source_order,RM-B2,80,9,CERTIFIED,0.0,0.0,0.0,0.011911419714980633,2972.156,2909.5,3964.0499999999997,0.3982744420968751,SEMANTIC_REPAIR
arxiv_nomic_100k,3,arxiv_nomic_100k__seed71__cluster_block_order,arxiv_nomic_100k__seed59__natural_source_order,RM-B1,128,6,CERTIFIED,0.012,0.012,0.0,0.030720864145366192,1424.328,1383.5,1806.0,0.711638769823306,SEMANTIC_REPAIR
arxiv_nomic_100k,3,arxiv_nomic_100k__seed71__cluster_block_order,arxiv_nomic_100k__seed59__natural_source_order,RM-B2,128,8,CERTIFIED,0.004,0.004,0.0,0.018833965611186224,2394.476,2322.5,3122.35,0.5152282023602923,SEMANTIC_REPAIR
arxiv_nomic_100k,3,arxiv_nomic_100k__seed71__cluster_block_order,arxiv_nomic_100k__seed59__natural_source_order,RM-B1,250,4,CERTIFIED,0.036,0.036,0.0,0.06197905502895629,850.26,828.5,1070.2499999999998,0.8278612654037302,SEMANTIC_REPAIR
arxiv_nomic_100k,3,arxiv_nomic_100k__seed71__cluster_block_order,arxiv_nomic_100k__seed59__natural_source_order,RM-B2,250,5,CERTIFIED,0.02,0.02,0.0,0.04158982878282098,1050.336,1013.5,1315.8999999999996,0.7873550326477693,SEMANTIC_REPAIR
arxiv_nomic_100k,3,arxiv_nomic_100k__seed71__cluster_block_order,arxiv_nomic_100k__seed59__random,RM-B1,80,8,CERTIFIED,0.0,0.0,0.0,0.011911419714980633,2420.572,2346.0,3219.2999999999997,0.5091412000892259,SEMANTIC_REPAIR
arxiv_nomic_100k,3,arxiv_nomic_100k__seed71__cluster_block_order,arxiv_nomic_100k__seed59__random,RM-B2,80,7,CERTIFIED,0.0,0.0,0.0,0.011911419714980633,1803.116,1727.5,2366.2499999999995,0.6343528075760956,SEMANTIC_REPAIR
arxiv_nomic_100k,3,arxiv_nomic_100k__seed71__cluster_block_order,arxiv_nomic_100k__seed59__random,RM-B1,128,6,CERTIFIED,0.0,0.0,0.0,0.011911419714980633,1445.58,1394.5,1930.55,0.7068562042463449,SEMANTIC_REPAIR
arxiv_nomic_100k,3,arxiv_nomic_100k__seed71__cluster_block_order,arxiv_nomic_100k__seed59__random,RM-B2,128,7,CERTIFIED,0.0,0.0,0.0,0.011911419714980633,1803.116,1727.5,2366.2499999999995,0.6343528075760956,SEMANTIC_REPAIR
arxiv_nomic_100k,3,arxiv_nomic_100k__seed71__cluster_block_order,arxiv_nomic_100k__seed59__random,RM-B1,250,4,CERTIFIED,0.04,0.04,0.0,0.06690426305497835,855.216,819.5,1092.1,0.8265739257396629,SEMANTIC_REPAIR
arxiv_nomic_100k,3,arxiv_nomic_100k__seed71__cluster_block_order,arxiv_nomic_100k__seed59__random,RM-B2,250,6,CERTIFIED,0.0,0.0,0.0,0.011911419714980633,1445.58,1394.5,1930.55,0.7068562042463449,SEMANTIC_REPAIR
arxiv_nomic_100k,3,arxiv_nomic_100k__seed71__cluster_block_order,arxiv_nomic_100k__seed71__natural_source_order,RM-B1,80,8,CERTIFIED,0.0,0.0,0.0,0.011911419714980633,2405.012,2338.5,3114.9499999999994,0.5135619466162687,SEMANTIC_REPAIR
arxiv_nomic_100k,3,arxiv_nomic_100k__seed71__cluster_block_order,arxiv_nomic_100k__seed71__natural_source_order,RM-B2,80,9,CERTIFIED,0.0,0.0,0.0,0.011911419714980633,2982.108,2923.5,3987.1,0.39683843136747265,SEMANTIC_REPAIR
arxiv_nomic_100k,3,arxiv_nomic_100k__seed71__cluster_block_order,arxiv_nomic_100k__seed71__natural_source_order,RM-B1,128,6,CERTIFIED,0.008,0.008,0.0,0.02496768176927198,1437.396,1394.0,1810.55,0.7092720900429762,SEMANTIC_REPAIR
arxiv_nomic_100k,3,arxiv_nomic_100k__seed71__cluster_block_order,arxiv_nomic_100k__seed71__natural_source_order,RM-B2,128,8,CERTIFIED,0.0,0.0,0.0,0.011911419714980633,2405.012,2338.5,3114.9499999999994,0.5135619466162687,SEMANTIC_REPAIR
arxiv_nomic_100k,3,arxiv_nomic_100k__seed71__cluster_block_order,arxiv_nomic_100k__seed71__natural_source_order,RM-B1,250,4,CERTIFIED,0.032,0.032,0.0,0.05699654926405676,862.268,828.0,1077.75,0.8255975573447937,SEMANTIC_REPAIR
arxiv_nomic_100k,3,arxiv_nomic_100k__seed71__cluster_block_order,arxiv_nomic_100k__seed71__natural_source_order,RM-B2,250,6,CERTIFIED,0.008,0.008,0.0,0.02496768176927198,1437.396,1394.0,1810.55,0.7092720900429762,SEMANTIC_REPAIR
arxiv_nomic_100k,3,arxiv_nomic_100k__seed71__cluster_block_order,arxiv_nomic_100k__seed71__random,RM-B1,80,8,CERTIFIED,0.0,0.0,0.0,0.011911419714980633,2394.976,2337.5,3164.2,0.5155977078541512,SEMANTIC_REPAIR
arxiv_nomic_100k,3,arxiv_nomic_100k__seed71__cluster_block_order,arxiv_nomic_100k__seed71__random,RM-B2,80,7,CERTIFIED,0.0,0.0,0.0,0.011911419714980633,1770.428,1728.0,2290.899999999999,0.6419173380947488,SEMANTIC_REPAIR
arxiv_nomic_100k,3,arxiv_nomic_100k__seed71__cluster_block_order,arxiv_nomic_100k__seed71__random,RM-B1,128,6,CERTIFIED,0.0,0.0,0.0,0.011911419714980633,1427.536,1374.5,1833.75,0.7112698788961909,SEMANTIC_REPAIR
arxiv_nomic_100k,3,arxiv_nomic_100k__seed71__cluster_block_order,arxiv_nomic_100k__seed71__random,RM-B2,128,7,CERTIFIED,0.0,0.0,0.0,0.011911419714980633,1770.428,1728.0,2290.899999999999,0.6419173380947488,SEMANTIC_REPAIR
arxiv_nomic_100k,3,arxiv_nomic_100k__seed71__cluster_block_order,arxiv_nomic_100k__seed71__random,RM-B1,250,4,CERTIFIED,0.048,0.048,0.0,0.07661134159084108,852.908,815.5,1059.6499999999999,0.8274928056942819,SEMANTIC_REPAIR
arxiv_nomic_100k,3,arxiv_nomic_100k__seed71__cluster_block_order,arxiv_nomic_100k__seed71__random,RM-B2,250,6,CERTIFIED,0.0,0.0,0.0,0.011911419714980633,1427.536,1374.5,1833.75,0.7112698788961909,SEMANTIC_REPAIR
arxiv_nomic_100k,3,arxiv_nomic_100k__seed71__natural_source_order,arxiv_nomic_100k__seed43__cluster_block_order,RM-B1,80,5,CERTIFIED,0.008,0.008,0.0,0.02496768176927198,1134.416,1040.0,1937.8499999999926,0.7728975098354971,SEMANTIC_REPAIR
arxiv_nomic_100k,3,arxiv_nomic_100k__seed71__natural_source_order,arxiv_nomic_100k__seed43__cluster_block_order,RM-B2,80,5,CERTIFIED,0.008,0.008,0.0,0.02496768176927198,1134.416,1040.0,1937.8499999999926,0.7728975098354971,SEMANTIC_REPAIR
arxiv_nomic_100k,3,arxiv_nomic_100k__seed71__natural_source_order,arxiv_nomic_100k__seed43__cluster_block_order,RM-B1,128,5,CERTIFIED,0.008,0.008,0.0,0.02496768176927198,1134.416,1040.0,1937.8499999999926,0.7728975098354971,SEMANTIC_REPAIR
arxiv_nomic_100k,3,arxiv_nomic_100k__seed71__natural_source_order,arxiv_nomic_100k__seed43__cluster_block_order,RM-B2,128,6,CERTIFIED,0.004,0.004,0.0,0.018833965611186224,1540.244,1398.0,2607.2499999999927,0.6916534605815375,SEMANTIC_REPAIR
arxiv_nomic_100k,3,arxiv_nomic_100k__seed71__natural_source_order,arxiv_nomic_100k__seed43__cluster_block_order,RM-B1,250,5,CERTIFIED,0.008,0.008,0.0,0.02496768176927198,1134.416,1040.0,1937.8499999999926,0.7728975098354971,SEMANTIC_REPAIR
arxiv_nomic_100k,3,arxiv_nomic_100k__seed71__natural_source_order,arxiv_nomic_100k__seed43__cluster_block_order,RM-B2,250,5,CERTIFIED,0.008,0.008,0.0,0.02496768176927198,1134.416,1040.0,1937.8499999999926,0.7728975098354971,SEMANTIC_REPAIR
arxiv_nomic_100k,3,arxiv_nomic_100k__seed71__natural_source_order,arxiv_nomic_100k__seed43__natural_source_order,RM-B1,80,5,CERTIFIED,0.008,0.008,0.0,0.02496768176927198,1108.208,1016.0,1706.8499999999974,0.7756444153637725,SEMANTIC_REPAIR
arxiv_nomic_100k,3,arxiv_nomic_100k__seed71__natural_source_order,arxiv_nomic_100k__seed43__natural_source_order,RM-B2,80,9,CERTIFIED,0.0,0.0,0.0,0.011911419714980633,3060.964,2908.0,4515.149999999992,0.38031094544485733,SEMANTIC_REPAIR
arxiv_nomic_100k,3,arxiv_nomic_100k__seed71__natural_source_order,arxiv_nomic_100k__seed43__natural_source_order,RM-B1,128,5,CERTIFIED,0.008,0.008,0.0,0.02496768176927198,1108.208,1016.0,1706.8499999999974,0.7756444153637725,SEMANTIC_REPAIR
arxiv_nomic_100k,3,arxiv_nomic_100k__seed71__natural_source_order,arxiv_nomic_100k__seed43__natural_source_order,RM-B2,128,8,CERTIFIED,0.004,0.004,0.0,0.018833965611186224,2493.18,2329.5,3643.349999999993,0.4952582398761336,SEMANTIC_REPAIR
arxiv_nomic_100k,3,arxiv_nomic_100k__seed71__natural_source_order,arxiv_nomic_100k__seed43__natural_source_order,RM-B1,250,5,CERTIFIED,0.008,0.008,0.0,0.02496768176927198,1108.208,1016.0,1706.8499999999974,0.7756444153637725,SEMANTIC_REPAIR
arxiv_nomic_100k,3,arxiv_nomic_100k__seed71__natural_source_order,arxiv_nomic_100k__seed43__natural_source_order,RM-B2,250,5,CERTIFIED,0.008,0.008,0.0,0.02496768176927198,1108.208,1016.0,1706.8499999999974,0.7756444153637725,SEMANTIC_REPAIR
arxiv_nomic_100k,3,arxiv_nomic_100k__seed71__natural_source_order,arxiv_nomic_100k__seed43__random,RM-B1,80,5,CERTIFIED,0.012,0.012,0.0,0.030720864145366192,1109.412,1020.5,1965.1999999999996,0.7751311619354321,SEMANTIC_REPAIR
arxiv_nomic_100k,3,arxiv_nomic_100k__seed71__natural_source_order,arxiv_nomic_100k__seed43__random,RM-B2,80,6,CERTIFIED,0.0,0.0,0.0,0.011911419714980633,1508.668,1388.5,2599.949999999999,0.6942052004258152,SEMANTIC_REPAIR
arxiv_nomic_100k,3,arxiv_nomic_100k__seed71__natural_source_order,arxiv_nomic_100k__seed43__random,RM-B1,128,5,CERTIFIED,0.012,0.012,0.0,0.030720864145366192,1109.412,1020.5,1965.1999999999996,0.7751311619354321,SEMANTIC_REPAIR
arxiv_nomic_100k,3,arxiv_nomic_100k__seed71__natural_source_order,arxiv_nomic_100k__seed43__random,RM-B2,128,6,CERTIFIED,0.0,0.0,0.0,0.011911419714980633,1508.668,1388.5,2599.949999999999,0.6942052004258152,SEMANTIC_REPAIR
arxiv_nomic_100k,3,arxiv_nomic_100k__seed71__natural_source_order,arxiv_nomic_100k__seed43__random,RM-B1,250,5,CERTIFIED,0.012,0.012,0.0,0.030720864145366192,1109.412,1020.5,1965.1999999999996,0.7751311619354321,SEMANTIC_REPAIR
arxiv_nomic_100k,3,arxiv_nomic_100k__seed71__natural_source_order,arxiv_nomic_100k__seed43__random,RM-B2,250,5,CERTIFIED,0.012,0.012,0.0,0.030720864145366192,1109.412,1020.5,1965.1999999999996,0.7751311619354321,SEMANTIC_REPAIR
arxiv_nomic_100k,3,arxiv_nomic_100k__seed71__natural_source_order,arxiv_nomic_100k__seed59__cluster_block_order,RM-B1,80,5,CERTIFIED,0.012,0.012,0.0,0.030720864145366192,1093.668,1036.5,1373.7999999999997,0.780844393965019,SEMANTIC_REPAIR
arxiv_nomic_100k,3,arxiv_nomic_100k__seed71__natural_source_order,arxiv_nomic_100k__seed59__cluster_block_order,RM-B2,80,5,CERTIFIED,0.012,0.012,0.0,0.030720864145366192,1093.668,1036.5,1373.7999999999997,0.780844393965019,SEMANTIC_REPAIR
arxiv_nomic_100k,3,arxiv_nomic_100k__seed71__natural_source_order,arxiv_nomic_100k__seed59__cluster_block_order,RM-B1,128,5,CERTIFIED,0.012,0.012,0.0,0.030720864145366192,1093.668,1036.5,1373.7999999999997,0.780844393965019,SEMANTIC_REPAIR
arxiv_nomic_100k,3,arxiv_nomic_100k__seed71__natural_source_order,arxiv_nomic_100k__seed59__cluster_block_order,RM-B2,128,6,CERTIFIED,0.004,0.004,0.0,0.018833965611186224,1485.344,1403.5,1886.3999999999996,0.7023580606816486,SEMANTIC_REPAIR
arxiv_nomic_100k,3,arxiv_nomic_100k__seed71__natural_source_order,arxiv_nomic_100k__seed59__cluster_block_order,RM-B1,250,5,CERTIFIED,0.012,0.012,0.0,0.030720864145366192,1093.668,1036.5,1373.7999999999997,0.780844393965019,SEMANTIC_REPAIR
arxiv_nomic_100k,3,arxiv_nomic_100k__seed71__natural_source_order,arxiv_nomic_100k__seed59__cluster_block_order,RM-B2,250,5,CERTIFIED,0.012,0.012,0.0,0.030720864145366192,1093.668,1036.5,1373.7999999999997,0.780844393965019,SEMANTIC_REPAIR
arxiv_nomic_100k,3,arxiv_nomic_100k__seed71__natural_source_order,arxiv_nomic_100k__seed59__natural_source_order,RM-B1,80,5,CERTIFIED,0.004,0.004,0.0,0.018833965611186224,1114.776,1009.5,1603.4999999999934,0.7743088819910483,SEMANTIC_REPAIR
arxiv_nomic_100k,3,arxiv_nomic_100k__seed71__natural_source_order,arxiv_nomic_100k__seed59__natural_source_order,RM-B2,80,9,CERTIFIED,0.0,0.0,0.0,0.011911419714980633,3058.628,2909.5,4204.199999999997,0.38076781981897345,SEMANTIC_REPAIR
arxiv_nomic_100k,3,arxiv_nomic_100k__seed71__natural_source_order,arxiv_nomic_100k__seed59__natural_source_order,RM-B1,128,5,CERTIFIED,0.004,0.004,0.0,0.018833965611186224,1114.776,1009.5,1603.4999999999934,0.7743088819910483,SEMANTIC_REPAIR
arxiv_nomic_100k,3,arxiv_nomic_100k__seed71__natural_source_order,arxiv_nomic_100k__seed59__natural_source_order,RM-B2,128,8,CERTIFIED,0.004,0.004,0.0,0.018833965611186224,2495.404,2328.0,3365.9999999999973,0.4947949017165689,SEMANTIC_REPAIR
arxiv_nomic_100k,3,arxiv_nomic_100k__seed71__natural_source_order,arxiv_nomic_100k__seed59__natural_source_order,RM-B1,250,5,CERTIFIED,0.004,0.004,0.0,0.018833965611186224,1114.776,1009.5,1603.4999999999934,0.7743088819910483,SEMANTIC_REPAIR
arxiv_nomic_100k,3,arxiv_nomic_100k__seed71__natural_source_order,arxiv_nomic_100k__seed59__natural_source_order,RM-B2,250,5,CERTIFIED,0.004,0.004,0.0,0.018833965611186224,1114.776,1009.5,1603.4999999999934,0.7743088819910483,SEMANTIC_REPAIR
arxiv_nomic_100k,3,arxiv_nomic_100k__seed71__natural_source_order,arxiv_nomic_100k__seed59__random,RM-B1,80,5,CERTIFIED,0.016,0.016,0.0,0.03623796513686767,1096.6,1010.5,1891.949999999999,0.7776245614746619,SEMANTIC_REPAIR
arxiv_nomic_100k,3,arxiv_nomic_100k__seed71__natural_source_order,arxiv_nomic_100k__seed59__random,RM-B2,80,7,CERTIFIED,0.0,0.0,0.0,0.011911419714980633,1860.88,1717.5,3008.799999999997,0.6226390606939347,SEMANTIC_REPAIR
arxiv_nomic_100k,3,arxiv_nomic_100k__seed71__natural_source_order,arxiv_nomic_100k__seed59__random,RM-B1,128,5,CERTIFIED,0.016,0.016,0.0,0.03623796513686767,1096.6,1010.5,1891.949999999999,0.7776245614746619,SEMANTIC_REPAIR
arxiv_nomic_100k,3,arxiv_nomic_100k__seed71__natural_source_order,arxiv_nomic_100k__seed59__random,RM-B2,128,7,CERTIFIED,0.0,0.0,0.0,0.011911419714980633,1860.88,1717.5,3008.799999999997,0.6226390606939347,SEMANTIC_REPAIR
arxiv_nomic_100k,3,arxiv_nomic_100k__seed71__natural_source_order,arxiv_nomic_100k__seed59__random,RM-B1,250,5,CERTIFIED,0.016,0.016,0.0,0.03623796513686767,1096.6,1010.5,1891.949999999999,0.7776245614746619,SEMANTIC_REPAIR
arxiv_nomic_100k,3,arxiv_nomic_100k__seed71__natural_source_order,arxiv_nomic_100k__seed59__random,RM-B2,250,6,CERTIFIED,0.0,0.0,0.0,0.011911419714980633,1494.788,1382.0,2529.849999999999,0.696877496806116,SEMANTIC_REPAIR
arxiv_nomic_100k,3,arxiv_nomic_100k__seed71__natural_source_order,arxiv_nomic_100k__seed71__cluster_block_order,RM-B1,80,5,CERTIFIED,0.008,0.008,0.0,0.02496768176927198,1154.516,1044.5,2080.4499999999975,0.7694135335702879,SEMANTIC_REPAIR
arxiv_nomic_100k,3,arxiv_nomic_100k__seed71__natural_source_order,arxiv_nomic_100k__seed71__cluster_block_order,RM-B2,80,4,CERTIFIED,0.016,0.016,0.0,0.03623796513686767,935.26,846.5,1689.249999999999,0.8132045821859095,SEMANTIC_REPAIR
arxiv_nomic_100k,3,arxiv_nomic_100k__seed71__natural_source_order,arxiv_nomic_100k__seed71__cluster_block_order,RM-B1,128,5,CERTIFIED,0.008,0.008,0.0,0.02496768176927198,1154.516,1044.5,2080.4499999999975,0.7694135335702879,SEMANTIC_REPAIR
arxiv_nomic_100k,3,arxiv_nomic_100k__seed71__natural_source_order,arxiv_nomic_100k__seed71__cluster_block_order,RM-B2,128,6,CERTIFIED,0.004,0.004,0.0,0.018833965611186224,1563.048,1423.0,2757.1999999999966,0.687819211531041,SEMANTIC_REPAIR
arxiv_nomic_100k,3,arxiv_nomic_100k__seed71__natural_source_order,arxiv_nomic_100k__seed71__cluster_block_order,RM-B1,250,5,CERTIFIED,0.008,0.008,0.0,0.02496768176927198,1154.516,1044.5,2080.4499999999975,0.7694135335702879,SEMANTIC_REPAIR
arxiv_nomic_100k,3,arxiv_nomic_100k__seed71__natural_source_order,arxiv_nomic_100k__seed71__cluster_block_order,RM-B2,250,4,CERTIFIED,0.016,0.016,0.0,0.03623796513686767,935.26,846.5,1689.249999999999,0.8132045821859095,SEMANTIC_REPAIR
arxiv_nomic_100k,3,arxiv_nomic_100k__seed71__natural_source_order,arxiv_nomic_100k__seed71__random,RM-B1,80,5,CERTIFIED,0.024,0.024,0.0,0.04681743080651248,1117.304,1015.5,1989.0499999999997,0.7740166838316018,SEMANTIC_REPAIR
arxiv_nomic_100k,3,arxiv_nomic_100k__seed71__natural_source_order,arxiv_nomic_100k__seed71__random,RM-B2,80,7,CERTIFIED,0.0,0.0,0.0,0.011911419714980633,1885.008,1728.0,3210.199999999999,0.6187426529897326,SEMANTIC_REPAIR
arxiv_nomic_100k,3,arxiv_nomic_100k__seed71__natural_source_order,arxiv_nomic_100k__seed71__random,RM-B1,128,5,CERTIFIED,0.024,0.024,0.0,0.04681743080651248,1117.304,1015.5,1989.0499999999997,0.7740166838316018,SEMANTIC_REPAIR
arxiv_nomic_100k,3,arxiv_nomic_100k__seed71__natural_source_order,arxiv_nomic_100k__seed71__random,RM-B2,128,7,CERTIFIED,0.0,0.0,0.0,0.011911419714980633,1885.008,1728.0,3210.199999999999,0.6187426529897326,SEMANTIC_REPAIR
arxiv_nomic_100k,3,arxiv_nomic_100k__seed71__natural_source_order,arxiv_nomic_100k__seed71__random,RM-B1,250,5,CERTIFIED,0.024,0.024,0.0,0.04681743080651248,1117.304,1015.5,1989.0499999999997,0.7740166838316018,SEMANTIC_REPAIR
arxiv_nomic_100k,3,arxiv_nomic_100k__seed71__natural_source_order,arxiv_nomic_100k__seed71__random,RM-B2,250,6,CERTIFIED,0.0,0.0,0.0,0.011911419714980633,1516.724,1374.5,2614.2499999999995,0.6932309208306804,SEMANTIC_REPAIR
arxiv_nomic_100k,3,arxiv_nomic_100k__seed71__random,arxiv_nomic_100k__seed43__cluster_block_order,RM-B1,80,8,CERTIFIED,0.0,0.0,0.0,0.011911419714980633,2458.92,2387.0,3218.75,0.507740674395196,SEMANTIC_REPAIR
arxiv_nomic_100k,3,arxiv_nomic_100k__seed71__random,arxiv_nomic_100k__seed43__cluster_block_order,RM-B2,80,6,CERTIFIED,0.004,0.004,0.0,0.018833965611186224,1455.348,1405.0,1841.3,0.7086490715434823,SEMANTIC_REPAIR
arxiv_nomic_100k,3,arxiv_nomic_100k__seed71__random,arxiv_nomic_100k__seed43__cluster_block_order,RM-B1,128,5,CERTIFIED,0.02,0.02,0.0,0.04158982878282098,1078.968,1045.5,1385.2499999999998,0.7839978283030093,SEMANTIC_REPAIR
arxiv_nomic_100k,3,arxiv_nomic_100k__seed71__random,arxiv_nomic_100k__seed43__cluster_block_order,RM-B2,128,6,CERTIFIED,0.004,0.004,0.0,0.018833965611186224,1455.348,1405.0,1841.3,0.7086490715434823,SEMANTIC_REPAIR
arxiv_nomic_100k,3,arxiv_nomic_100k__seed71__random,arxiv_nomic_100k__seed43__cluster_block_order,RM-B1,250,5,CERTIFIED,0.02,0.02,0.0,0.04158982878282098,1078.968,1045.5,1385.2499999999998,0.7839978283030093,SEMANTIC_REPAIR
arxiv_nomic_100k,3,arxiv_nomic_100k__seed71__random,arxiv_nomic_100k__seed43__cluster_block_order,RM-B2,250,5,CERTIFIED,0.02,0.02,0.0,0.04158982878282098,1078.968,1045.5,1385.2499999999998,0.7839978283030093,SEMANTIC_REPAIR
arxiv_nomic_100k,3,arxiv_nomic_100k__seed71__random,arxiv_nomic_100k__seed43__natural_source_order,RM-B1,80,8,CERTIFIED,0.004,0.004,0.0,0.018833965611186224,2382.832,2317.0,3132.0999999999995,0.5175980804597049,SEMANTIC_REPAIR
arxiv_nomic_100k,3,arxiv_nomic_100k__seed71__random,arxiv_nomic_100k__seed43__natural_source_order,RM-B2,80,9,CERTIFIED,0.0,0.0,0.0,0.011911419714980633,2962.572,2908.0,3943.5499999999993,0.4002303059651997,SEMANTIC_REPAIR
arxiv_nomic_100k,3,arxiv_nomic_100k__seed71__random,arxiv_nomic_100k__seed43__natural_source_order,RM-B1,128,5,CERTIFIED,0.016,0.016,0.0,0.03623796513686767,1034.544,1016.0,1316.85,0.7905576173859948,SEMANTIC_REPAIR
arxiv_nomic_100k,3,arxiv_nomic_100k__seed71__random,arxiv_nomic_100k__seed43__natural_source_order,RM-B2,128,8,CERTIFIED,0.004,0.004,0.0,0.018833965611186224,2382.832,2317.0,3132.0999999999995,0.5175980804597049,SEMANTIC_REPAIR
arxiv_nomic_100k,3,arxiv_nomic_100k__seed71__random,arxiv_nomic_100k__seed43__natural_source_order,RM-B1,250,5,CERTIFIED,0.016,0.016,0.0,0.03623796513686767,1034.544,1016.0,1316.85,0.7905576173859948,SEMANTIC_REPAIR
arxiv_nomic_100k,3,arxiv_nomic_100k__seed71__random,arxiv_nomic_100k__seed43__natural_source_order,RM-B2,250,6,CERTIFIED,0.012,0.012,0.0,0.030720864145366192,1402.596,1381.0,1818.0499999999997,0.7160458636028306,SEMANTIC_REPAIR
arxiv_nomic_100k,3,arxiv_nomic_100k__seed71__random,arxiv_nomic_100k__seed43__random,RM-B1,80,8,CERTIFIED,0.0,0.0,0.0,0.011911419714980633,2393.54,2332.5,3120.9999999999995,0.5148488039961115,SEMANTIC_REPAIR
arxiv_nomic_100k,3,arxiv_nomic_100k__seed71__random,arxiv_nomic_100k__seed43__random,RM-B2,80,6,CERTIFIED,0.0,0.0,0.0,0.011911419714980633,1424.632,1385.0,1823.0499999999995,0.711238617835753,SEMANTIC_REPAIR
arxiv_nomic_100k,3,arxiv_nomic_100k__seed71__random,arxiv_nomic_100k__seed43__random,RM-B1,128,5,CERTIFIED,0.028,0.028,0.0,0.05194700438197347,1050.556,1020.5,1295.1499999999999,0.7870607970332391,SEMANTIC_REPAIR
arxiv_nomic_100k,3,arxiv_nomic_100k__seed71__random,arxiv_nomic_100k__seed43__random,RM-B2,128,6,CERTIFIED,0.0,0.0,0.0,0.011911419714980633,1424.632,1385.0,1823.0499999999995,0.711238617835753,SEMANTIC_REPAIR
arxiv_nomic_100k,3,arxiv_nomic_100k__seed71__random,arxiv_nomic_100k__seed43__random,RM-B1,250,5,CERTIFIED,0.028,0.028,0.0,0.05194700438197347,1050.556,1020.5,1295.1499999999999,0.7870607970332391,SEMANTIC_REPAIR
arxiv_nomic_100k,3,arxiv_nomic_100k__seed71__random,arxiv_nomic_100k__seed43__random,RM-B2,250,5,CERTIFIED,0.028,0.028,0.0,0.05194700438197347,1050.556,1020.5,1295.1499999999999,0.7870607970332391,SEMANTIC_REPAIR
arxiv_nomic_100k,3,arxiv_nomic_100k__seed71__random,arxiv_nomic_100k__seed59__cluster_block_order,RM-B1,80,8,CERTIFIED,0.0,0.0,0.0,0.011911419714980633,2419.16,2383.5,3197.2499999999995,0.5152345356217933,SEMANTIC_REPAIR
arxiv_nomic_100k,3,arxiv_nomic_100k__seed71__random,arxiv_nomic_100k__seed59__cluster_block_order,RM-B2,80,7,CERTIFIED,0.004,0.004,0.0,0.018833965611186224,1776.372,1763.5,2300.75,0.6440401637392964,SEMANTIC_REPAIR
arxiv_nomic_100k,3,arxiv_nomic_100k__seed71__random,arxiv_nomic_100k__seed59__cluster_block_order,RM-B1,128,5,CERTIFIED,0.012,0.012,0.0,0.030720864145366192,1050.516,1039.0,1355.7999999999997,0.7894914447259643,SEMANTIC_REPAIR
arxiv_nomic_100k,3,arxiv_nomic_100k__seed71__random,arxiv_nomic_100k__seed59__cluster_block_order,RM-B2,128,7,CERTIFIED,0.004,0.004,0.0,0.018833965611186224,1776.372,1763.5,2300.75,0.6440401637392964,SEMANTIC_REPAIR
arxiv_nomic_100k,3,arxiv_nomic_100k__seed71__random,arxiv_nomic_100k__seed59__cluster_block_order,RM-B1,250,5,CERTIFIED,0.012,0.012,0.0,0.030720864145366192,1050.516,1039.0,1355.7999999999997,0.7894914447259643,SEMANTIC_REPAIR
arxiv_nomic_100k,3,arxiv_nomic_100k__seed71__random,arxiv_nomic_100k__seed59__cluster_block_order,RM-B2,250,6,CERTIFIED,0.004,0.004,0.0,0.018833965611186224,1422.028,1403.5,1824.1999999999996,0.7150456919844854,SEMANTIC_REPAIR
arxiv_nomic_100k,3,arxiv_nomic_100k__seed71__random,arxiv_nomic_100k__seed59__natural_source_order,RM-B1,80,8,CERTIFIED,0.004,0.004,0.0,0.018833965611186224,2425.244,2322.0,3160.2999999999997,0.5089990905755936,SEMANTIC_REPAIR
arxiv_nomic_100k,3,arxiv_nomic_100k__seed71__random,arxiv_nomic_100k__seed59__natural_source_order,RM-B2,80,9,CERTIFIED,0.0,0.0,0.0,0.011911419714980633,2995.208,2909.5,3985.4999999999995,0.39360746715989914,SEMANTIC_REPAIR
arxiv_nomic_100k,3,arxiv_nomic_100k__seed71__random,arxiv_nomic_100k__seed59__natural_source_order,RM-B1,128,5,CERTIFIED,0.008,0.008,0.0,0.02496768176927198,1064.08,1009.5,1335.5499999999997,0.784572501694542,SEMANTIC_REPAIR
arxiv_nomic_100k,3,arxiv_nomic_100k__seed71__random,arxiv_nomic_100k__seed59__natural_source_order,RM-B2,128,8,CERTIFIED,0.004,0.004,0.0,0.018833965611186224,2425.244,2322.0,3160.2999999999997,0.5089990905755936,SEMANTIC_REPAIR
arxiv_nomic_100k,3,arxiv_nomic_100k__seed71__random,arxiv_nomic_100k__seed59__natural_source_order,RM-B1,250,5,CERTIFIED,0.008,0.008,0.0,0.02496768176927198,1064.08,1009.5,1335.5499999999997,0.784572501694542,SEMANTIC_REPAIR
arxiv_nomic_100k,3,arxiv_nomic_100k__seed71__random,arxiv_nomic_100k__seed59__natural_source_order,RM-B2,250,5,CERTIFIED,0.008,0.008,0.0,0.02496768176927198,1064.08,1009.5,1335.5499999999997,0.784572501694542,SEMANTIC_REPAIR
arxiv_nomic_100k,3,arxiv_nomic_100k__seed71__random,arxiv_nomic_100k__seed59__random,RM-B1,80,8,CERTIFIED,0.0,0.0,0.0,0.011911419714980633,2440.42,2334.0,3147.8999999999996,0.5051162979336078,SEMANTIC_REPAIR
arxiv_nomic_100k,3,arxiv_nomic_100k__seed71__random,arxiv_nomic_100k__seed59__random,RM-B2,80,7,CERTIFIED,0.0,0.0,0.0,0.011911419714980633,1809.056,1720.5,2342.849999999999,0.633148257051893,SEMANTIC_REPAIR
arxiv_nomic_100k,3,arxiv_nomic_100k__seed71__random,arxiv_nomic_100k__seed59__random,RM-B1,128,5,CERTIFIED,0.016,0.016,0.0,0.03623796513686767,1076.008,1016.0,1353.8499999999988,0.7818003366252306,SEMANTIC_REPAIR
arxiv_nomic_100k,3,arxiv_nomic_100k__seed71__random,arxiv_nomic_100k__seed59__random,RM-B2,128,7,CERTIFIED,0.0,0.0,0.0,0.011911419714980633,1809.056,1720.5,2342.849999999999,0.633148257051893,SEMANTIC_REPAIR
arxiv_nomic_100k,3,arxiv_nomic_100k__seed71__random,arxiv_nomic_100k__seed59__random,RM-B1,250,5,CERTIFIED,0.016,0.016,0.0,0.03623796513686767,1076.008,1016.0,1353.8499999999988,0.7818003366252306,SEMANTIC_REPAIR
arxiv_nomic_100k,3,arxiv_nomic_100k__seed71__random,arxiv_nomic_100k__seed59__random,RM-B2,250,6,CERTIFIED,0.0,0.0,0.0,0.011911419714980633,1452.168,1383.0,1807.1499999999999,0.705520248210411,SEMANTIC_REPAIR
arxiv_nomic_100k,3,arxiv_nomic_100k__seed71__random,arxiv_nomic_100k__seed71__cluster_block_order,RM-B1,80,8,CERTIFIED,0.0,0.0,0.0,0.011911419714980633,2446.212,2391.0,3202.65,0.5114287015355707,SEMANTIC_REPAIR
arxiv_nomic_100k,3,arxiv_nomic_100k__seed71__random,arxiv_nomic_100k__seed71__cluster_block_order,RM-B2,80,6,CERTIFIED,0.004,0.004,0.0,0.018833965611186224,1446.016,1423.0,1855.5499999999997,0.7111935046020785,SEMANTIC_REPAIR
arxiv_nomic_100k,3,arxiv_nomic_100k__seed71__random,arxiv_nomic_100k__seed71__cluster_block_order,RM-B1,128,5,CERTIFIED,0.012,0.012,0.0,0.030720864145366192,1073.14,1045.5,1367.1,0.785666408621118,SEMANTIC_REPAIR
arxiv_nomic_100k,3,arxiv_nomic_100k__seed71__random,arxiv_nomic_100k__seed71__cluster_block_order,RM-B2,128,6,CERTIFIED,0.004,0.004,0.0,0.018833965611186224,1446.016,1423.0,1855.5499999999997,0.7111935046020785,SEMANTIC_REPAIR
arxiv_nomic_100k,3,arxiv_nomic_100k__seed71__random,arxiv_nomic_100k__seed71__cluster_block_order,RM-B1,250,5,CERTIFIED,0.012,0.012,0.0,0.030720864145366192,1073.14,1045.5,1367.1,0.785666408621118,SEMANTIC_REPAIR
arxiv_nomic_100k,3,arxiv_nomic_100k__seed71__random,arxiv_nomic_100k__seed71__cluster_block_order,RM-B2,250,5,CERTIFIED,0.012,0.012,0.0,0.030720864145366192,1073.14,1045.5,1367.1,0.785666408621118,SEMANTIC_REPAIR
arxiv_nomic_100k,3,arxiv_nomic_100k__seed71__random,arxiv_nomic_100k__seed71__natural_source_order,RM-B1,80,8,CERTIFIED,0.0,0.0,0.0,0.011911419714980633,2414.476,2327.5,3142.2999999999997,0.5116477566923834,SEMANTIC_REPAIR
arxiv_nomic_100k,3,arxiv_nomic_100k__seed71__random,arxiv_nomic_100k__seed71__natural_source_order,RM-B2,80,9,CERTIFIED,0.0,0.0,0.0,0.011911419714980633,2987.428,2908.5,3958.999999999999,0.39576240744576185,SEMANTIC_REPAIR
arxiv_nomic_100k,3,arxiv_nomic_100k__seed71__random,arxiv_nomic_100k__seed71__natural_source_order,RM-B1,128,5,CERTIFIED,0.016,0.016,0.0,0.03623796513686767,1055.48,1014.0,1339.1,0.7865184720136695,SEMANTIC_REPAIR
arxiv_nomic_100k,3,arxiv_nomic_100k__seed71__random,arxiv_nomic_100k__seed71__natural_source_order,RM-B2,128,8,CERTIFIED,0.0,0.0,0.0,0.011911419714980633,2414.476,2327.5,3142.2999999999997,0.5116477566923834,SEMANTIC_REPAIR
arxiv_nomic_100k,3,arxiv_nomic_100k__seed71__random,arxiv_nomic_100k__seed71__natural_source_order,RM-B1,250,5,CERTIFIED,0.016,0.016,0.0,0.03623796513686767,1055.48,1014.0,1339.1,0.7865184720136695,SEMANTIC_REPAIR
arxiv_nomic_100k,3,arxiv_nomic_100k__seed71__random,arxiv_nomic_100k__seed71__natural_source_order,RM-B2,250,6,CERTIFIED,0.008,0.008,0.0,0.02496768176927198,1423.116,1381.0,1810.55,0.7121603647801998,SEMANTIC_REPAIR
