dataset,cycle,query_id,role,fold
sift_100k,0,11,source_train,F0
sift_100k,0,13,source_train,F0
sift_100k,0,15,source_train,F0
sift_100k,0,23,source_train,F0
sift_100k,0,25,source_train,F0
sift_100k,0,29,source_train,F0
sift_100k,0,30,source_train,F0
sift_100k,0,36,source_train,F0
sift_100k,0,37,source_train,F0
sift_100k,0,39,source_train,F0
sift_100k,0,49,source_train,F0
sift_100k,0,51,source_train,F0
sift_100k,0,61,source_train,F0
sift_100k,0,62,source_train,F0
sift_100k,0,69,source_train,F0
sift_100k,0,72,source_train,F0
sift_100k,0,75,source_train,F0
sift_100k,0,77,source_train,F0
sift_100k,0,91,source_train,F0
sift_100k,0,94,source_train,F0
sift_100k,0,102,source_train,F0
sift_100k,0,105,source_train,F0
sift_100k,0,109,source_train,F0
sift_100k,0,111,source_train,F0
sift_100k,0,115,source_train,F0
sift_100k,0,116,source_train,F0
sift_100k,0,121,source_train,F0
sift_100k,0,125,source_train,F0
sift_100k,0,127,source_train,F0
sift_100k,0,132,source_train,F0
sift_100k,0,133,source_train,F0
sift_100k,0,134,source_train,F0
sift_100k,0,141,source_train,F0
sift_100k,0,146,source_train,F0
sift_100k,0,147,source_train,F0
sift_100k,0,153,source_train,F0
sift_100k,0,154,source_train,F0
sift_100k,0,155,source_train,F0
sift_100k,0,161,source_train,F0
sift_100k,0,162,source_train,F0
sift_100k,0,171,source_train,F0
sift_100k,0,175,source_train,F0
sift_100k,0,176,source_train,F0
sift_100k,0,177,source_train,F0
sift_100k,0,178,source_train,F0
sift_100k,0,184,source_train,F0
sift_100k,0,185,source_train,F0
sift_100k,0,188,source_train,F0
sift_100k,0,201,source_train,F0
sift_100k,0,203,source_train,F0
sift_100k,0,204,source_train,F0
sift_100k,0,209,source_train,F0
sift_100k,0,211,source_train,F0
sift_100k,0,215,source_train,F0
sift_100k,0,216,source_train,F0
sift_100k,0,225,source_train,F0
sift_100k,0,230,source_train,F0
sift_100k,0,236,source_train,F0
sift_100k,0,242,source_train,F0
sift_100k,0,244,source_train,F0
sift_100k,0,245,source_train,F0
sift_100k,0,250,source_train,F0
sift_100k,0,251,source_train,F0
sift_100k,0,254,source_train,F0
sift_100k,0,268,source_train,F0
sift_100k,0,274,source_train,F0
sift_100k,0,282,source_train,F0
sift_100k,0,284,source_train,F0
sift_100k,0,286,source_train,F0
sift_100k,0,291,source_train,F0
sift_100k,0,292,source_train,F0
sift_100k,0,293,source_train,F0
sift_100k,0,295,source_train,F0
sift_100k,0,297,source_train,F0
sift_100k,0,310,source_train,F0
sift_100k,0,318,source_train,F0
sift_100k,0,319,source_train,F0
sift_100k,0,322,source_train,F0
sift_100k,0,323,source_train,F0
sift_100k,0,329,source_train,F0
sift_100k,0,332,source_train,F0
sift_100k,0,334,source_train,F0
sift_100k,0,336,source_train,F0
sift_100k,0,337,source_train,F0
sift_100k,0,338,source_train,F0
sift_100k,0,339,source_train,F0
sift_100k,0,340,source_train,F0
sift_100k,0,345,source_train,F0
sift_100k,0,347,source_train,F0
sift_100k,0,350,source_train,F0
sift_100k,0,353,source_train,F0
sift_100k,0,356,source_train,F0
sift_100k,0,374,source_train,F0
sift_100k,0,375,source_train,F0
sift_100k,0,376,source_train,F0
sift_100k,0,378,source_train,F0
sift_100k,0,380,source_train,F0
sift_100k,0,381,source_train,F0
sift_100k,0,386,source_train,F0
sift_100k,0,388,source_train,F0
sift_100k,0,390,source_train,F0
sift_100k,0,392,source_train,F0
sift_100k,0,393,source_train,F0
sift_100k,0,394,source_train,F0
sift_100k,0,397,source_train,F0
sift_100k,0,403,source_train,F0
sift_100k,0,406,source_train,F0
sift_100k,0,408,source_train,F0
sift_100k,0,414,source_train,F0
sift_100k,0,415,source_train,F0
sift_100k,0,426,source_train,F0
sift_100k,0,430,source_train,F0
sift_100k,0,440,source_train,F0
sift_100k,0,455,source_train,F0
sift_100k,0,462,source_train,F0
sift_100k,0,465,source_train,F0
sift_100k,0,472,source_train,F0
sift_100k,0,473,source_train,F0
sift_100k,0,477,source_train,F0
sift_100k,0,479,source_train,F0
sift_100k,0,489,source_train,F0
sift_100k,0,492,source_train,F0
sift_100k,0,494,source_train,F0
sift_100k,0,496,source_train,F0
sift_100k,0,500,source_train,F0
sift_100k,0,502,source_train,F0
sift_100k,0,506,source_train,F0
sift_100k,0,507,source_train,F0
sift_100k,0,511,source_train,F0
sift_100k,0,512,source_train,F0
sift_100k,0,519,source_train,F0
sift_100k,0,520,source_train,F0
sift_100k,0,534,source_train,F0
sift_100k,0,537,source_train,F0
sift_100k,0,538,source_train,F0
sift_100k,0,557,source_train,F0
sift_100k,0,559,source_train,F0
sift_100k,0,561,source_train,F0
sift_100k,0,565,source_train,F0
sift_100k,0,579,source_train,F0
sift_100k,0,580,source_train,F0
sift_100k,0,582,source_train,F0
sift_100k,0,590,source_train,F0
sift_100k,0,591,source_train,F0
sift_100k,0,592,source_train,F0
sift_100k,0,595,source_train,F0
sift_100k,0,598,source_train,F0
sift_100k,0,604,source_train,F0
sift_100k,0,611,source_train,F0
sift_100k,0,612,source_train,F0
sift_100k,0,630,source_train,F0
sift_100k,0,631,source_train,F0
sift_100k,0,635,source_train,F0
sift_100k,0,644,source_train,F0
sift_100k,0,646,source_train,F0
sift_100k,0,648,source_train,F0
sift_100k,0,650,source_train,F0
sift_100k,0,660,source_train,F0
sift_100k,0,662,source_train,F0
sift_100k,0,675,source_train,F0
sift_100k,0,682,source_train,F0
sift_100k,0,686,source_train,F0
sift_100k,0,691,source_train,F0
sift_100k,0,703,source_train,F0
sift_100k,0,704,source_train,F0
sift_100k,0,705,source_train,F0
sift_100k,0,707,source_train,F0
sift_100k,0,709,source_train,F0
sift_100k,0,714,source_train,F0
sift_100k,0,722,source_train,F0
sift_100k,0,723,source_train,F0
sift_100k,0,728,source_train,F0
sift_100k,0,732,source_train,F0
sift_100k,0,733,source_train,F0
sift_100k,0,734,source_train,F0
sift_100k,0,739,source_train,F0
sift_100k,0,741,source_train,F0
sift_100k,0,742,source_train,F0
sift_100k,0,744,source_train,F0
sift_100k,0,746,source_train,F0
sift_100k,0,753,source_train,F0
sift_100k,0,764,source_train,F0
sift_100k,0,770,source_train,F0
sift_100k,0,778,source_train,F0
sift_100k,0,781,source_train,F0
sift_100k,0,785,source_train,F0
sift_100k,0,789,source_train,F0
sift_100k,0,790,source_train,F0
sift_100k,0,792,source_train,F0
sift_100k,0,801,source_train,F0
sift_100k,0,808,source_train,F0
sift_100k,0,810,source_train,F0
sift_100k,0,813,source_train,F0
sift_100k,0,814,source_train,F0
sift_100k,0,815,source_train,F0
sift_100k,0,817,source_train,F0
sift_100k,0,821,source_train,F0
sift_100k,0,826,source_train,F0
sift_100k,0,827,source_train,F0
sift_100k,0,830,source_train,F0
sift_100k,0,833,source_train,F0
sift_100k,0,835,source_train,F0
sift_100k,0,838,source_train,F0
sift_100k,0,841,source_train,F0
sift_100k,0,848,source_train,F0
sift_100k,0,850,source_train,F0
sift_100k,0,855,source_train,F0
sift_100k,0,857,source_train,F0
sift_100k,0,862,source_train,F0
sift_100k,0,871,source_train,F0
sift_100k,0,872,source_train,F0
sift_100k,0,873,source_train,F0
sift_100k,0,874,source_train,F0
sift_100k,0,877,source_train,F0
sift_100k,0,879,source_train,F0
sift_100k,0,882,source_train,F0
sift_100k,0,885,source_train,F0
sift_100k,0,889,source_train,F0
sift_100k,0,890,source_train,F0
sift_100k,0,899,source_train,F0
sift_100k,0,900,source_train,F0
sift_100k,0,901,source_train,F0
sift_100k,0,903,source_train,F0
sift_100k,0,908,source_train,F0
sift_100k,0,911,source_train,F0
sift_100k,0,916,source_train,F0
sift_100k,0,919,source_train,F0
sift_100k,0,924,source_train,F0
sift_100k,0,929,source_train,F0
sift_100k,0,930,source_train,F0
sift_100k,0,936,source_train,F0
sift_100k,0,941,source_train,F0
sift_100k,0,942,source_train,F0
sift_100k,0,948,source_train,F0
sift_100k,0,949,source_train,F0
sift_100k,0,951,source_train,F0
sift_100k,0,961,source_train,F0
sift_100k,0,963,source_train,F0
sift_100k,0,972,source_train,F0
sift_100k,0,980,source_train,F0
sift_100k,0,981,source_train,F0
sift_100k,0,982,source_train,F0
sift_100k,0,983,source_train,F0
sift_100k,0,984,source_train,F0
sift_100k,0,987,source_train,F0
sift_100k,0,988,source_train,F0
sift_100k,0,992,source_train,F0
sift_100k,0,993,source_train,F0
sift_100k,0,996,source_train,F0
sift_100k,0,997,source_train,F0
sift_100k,0,0,source_calibration,F1
sift_100k,0,12,source_calibration,F1
sift_100k,0,14,source_calibration,F1
sift_100k,0,19,source_calibration,F1
sift_100k,0,20,source_calibration,F1
sift_100k,0,21,source_calibration,F1
sift_100k,0,26,source_calibration,F1
sift_100k,0,33,source_calibration,F1
sift_100k,0,35,source_calibration,F1
sift_100k,0,38,source_calibration,F1
sift_100k,0,42,source_calibration,F1
sift_100k,0,46,source_calibration,F1
sift_100k,0,58,source_calibration,F1
sift_100k,0,63,source_calibration,F1
sift_100k,0,64,source_calibration,F1
sift_100k,0,66,source_calibration,F1
sift_100k,0,67,source_calibration,F1
sift_100k,0,71,source_calibration,F1
sift_100k,0,73,source_calibration,F1
sift_100k,0,78,source_calibration,F1
sift_100k,0,79,source_calibration,F1
sift_100k,0,84,source_calibration,F1
sift_100k,0,86,source_calibration,F1
sift_100k,0,88,source_calibration,F1
sift_100k,0,90,source_calibration,F1
sift_100k,0,93,source_calibration,F1
sift_100k,0,95,source_calibration,F1
sift_100k,0,96,source_calibration,F1
sift_100k,0,98,source_calibration,F1
sift_100k,0,99,source_calibration,F1
sift_100k,0,103,source_calibration,F1
sift_100k,0,104,source_calibration,F1
sift_100k,0,112,source_calibration,F1
sift_100k,0,113,source_calibration,F1
sift_100k,0,118,source_calibration,F1
sift_100k,0,119,source_calibration,F1
sift_100k,0,122,source_calibration,F1
sift_100k,0,123,source_calibration,F1
sift_100k,0,129,source_calibration,F1
sift_100k,0,130,source_calibration,F1
sift_100k,0,131,source_calibration,F1
sift_100k,0,137,source_calibration,F1
sift_100k,0,139,source_calibration,F1
sift_100k,0,142,source_calibration,F1
sift_100k,0,143,source_calibration,F1
sift_100k,0,144,source_calibration,F1
sift_100k,0,145,source_calibration,F1
sift_100k,0,156,source_calibration,F1
sift_100k,0,160,source_calibration,F1
sift_100k,0,165,source_calibration,F1
sift_100k,0,167,source_calibration,F1
sift_100k,0,170,source_calibration,F1
sift_100k,0,172,source_calibration,F1
sift_100k,0,174,source_calibration,F1
sift_100k,0,192,source_calibration,F1
sift_100k,0,194,source_calibration,F1
sift_100k,0,196,source_calibration,F1
sift_100k,0,200,source_calibration,F1
sift_100k,0,208,source_calibration,F1
sift_100k,0,210,source_calibration,F1
sift_100k,0,212,source_calibration,F1
sift_100k,0,213,source_calibration,F1
sift_100k,0,231,source_calibration,F1
sift_100k,0,234,source_calibration,F1
sift_100k,0,240,source_calibration,F1
sift_100k,0,241,source_calibration,F1
sift_100k,0,248,source_calibration,F1
sift_100k,0,252,source_calibration,F1
sift_100k,0,256,source_calibration,F1
sift_100k,0,258,source_calibration,F1
sift_100k,0,260,source_calibration,F1
sift_100k,0,265,source_calibration,F1
sift_100k,0,266,source_calibration,F1
sift_100k,0,269,source_calibration,F1
sift_100k,0,276,source_calibration,F1
sift_100k,0,281,source_calibration,F1
sift_100k,0,296,source_calibration,F1
sift_100k,0,298,source_calibration,F1
sift_100k,0,299,source_calibration,F1
sift_100k,0,302,source_calibration,F1
sift_100k,0,305,source_calibration,F1
sift_100k,0,309,source_calibration,F1
sift_100k,0,314,source_calibration,F1
sift_100k,0,320,source_calibration,F1
sift_100k,0,321,source_calibration,F1
sift_100k,0,326,source_calibration,F1
sift_100k,0,330,source_calibration,F1
sift_100k,0,331,source_calibration,F1
sift_100k,0,335,source_calibration,F1
sift_100k,0,341,source_calibration,F1
sift_100k,0,349,source_calibration,F1
sift_100k,0,359,source_calibration,F1
sift_100k,0,360,source_calibration,F1
sift_100k,0,362,source_calibration,F1
sift_100k,0,366,source_calibration,F1
sift_100k,0,372,source_calibration,F1
sift_100k,0,379,source_calibration,F1
sift_100k,0,387,source_calibration,F1
sift_100k,0,395,source_calibration,F1
sift_100k,0,401,source_calibration,F1
sift_100k,0,404,source_calibration,F1
sift_100k,0,409,source_calibration,F1
sift_100k,0,410,source_calibration,F1
sift_100k,0,417,source_calibration,F1
sift_100k,0,420,source_calibration,F1
sift_100k,0,423,source_calibration,F1
sift_100k,0,424,source_calibration,F1
sift_100k,0,427,source_calibration,F1
sift_100k,0,432,source_calibration,F1
sift_100k,0,435,source_calibration,F1
sift_100k,0,438,source_calibration,F1
sift_100k,0,442,source_calibration,F1
sift_100k,0,447,source_calibration,F1
sift_100k,0,453,source_calibration,F1
sift_100k,0,463,source_calibration,F1
sift_100k,0,467,source_calibration,F1
sift_100k,0,469,source_calibration,F1
sift_100k,0,470,source_calibration,F1
sift_100k,0,478,source_calibration,F1
sift_100k,0,480,source_calibration,F1
sift_100k,0,482,source_calibration,F1
sift_100k,0,490,source_calibration,F1
sift_100k,0,493,source_calibration,F1
sift_100k,0,498,source_calibration,F1
sift_100k,0,503,source_calibration,F1
sift_100k,0,504,source_calibration,F1
sift_100k,0,508,source_calibration,F1
sift_100k,0,509,source_calibration,F1
sift_100k,0,513,source_calibration,F1
sift_100k,0,522,source_calibration,F1
sift_100k,0,528,source_calibration,F1
sift_100k,0,540,source_calibration,F1
sift_100k,0,546,source_calibration,F1
sift_100k,0,547,source_calibration,F1
sift_100k,0,548,source_calibration,F1
sift_100k,0,549,source_calibration,F1
sift_100k,0,551,source_calibration,F1
sift_100k,0,554,source_calibration,F1
sift_100k,0,555,source_calibration,F1
sift_100k,0,556,source_calibration,F1
sift_100k,0,562,source_calibration,F1
sift_100k,0,563,source_calibration,F1
sift_100k,0,566,source_calibration,F1
sift_100k,0,568,source_calibration,F1
sift_100k,0,569,source_calibration,F1
sift_100k,0,574,source_calibration,F1
sift_100k,0,581,source_calibration,F1
sift_100k,0,583,source_calibration,F1
sift_100k,0,588,source_calibration,F1
sift_100k,0,605,source_calibration,F1
sift_100k,0,607,source_calibration,F1
sift_100k,0,608,source_calibration,F1
sift_100k,0,609,source_calibration,F1
sift_100k,0,614,source_calibration,F1
sift_100k,0,616,source_calibration,F1
sift_100k,0,621,source_calibration,F1
sift_100k,0,623,source_calibration,F1
sift_100k,0,626,source_calibration,F1
sift_100k,0,629,source_calibration,F1
sift_100k,0,632,source_calibration,F1
sift_100k,0,636,source_calibration,F1
sift_100k,0,638,source_calibration,F1
sift_100k,0,641,source_calibration,F1
sift_100k,0,642,source_calibration,F1
sift_100k,0,645,source_calibration,F1
sift_100k,0,652,source_calibration,F1
sift_100k,0,653,source_calibration,F1
sift_100k,0,654,source_calibration,F1
sift_100k,0,655,source_calibration,F1
sift_100k,0,657,source_calibration,F1
sift_100k,0,659,source_calibration,F1
sift_100k,0,663,source_calibration,F1
sift_100k,0,665,source_calibration,F1
sift_100k,0,666,source_calibration,F1
sift_100k,0,667,source_calibration,F1
sift_100k,0,672,source_calibration,F1
sift_100k,0,673,source_calibration,F1
sift_100k,0,676,source_calibration,F1
sift_100k,0,677,source_calibration,F1
sift_100k,0,679,source_calibration,F1
sift_100k,0,683,source_calibration,F1
sift_100k,0,689,source_calibration,F1
sift_100k,0,699,source_calibration,F1
sift_100k,0,700,source_calibration,F1
sift_100k,0,701,source_calibration,F1
sift_100k,0,706,source_calibration,F1
sift_100k,0,711,source_calibration,F1
sift_100k,0,713,source_calibration,F1
sift_100k,0,716,source_calibration,F1
sift_100k,0,720,source_calibration,F1
sift_100k,0,726,source_calibration,F1
sift_100k,0,727,source_calibration,F1
sift_100k,0,743,source_calibration,F1
sift_100k,0,748,source_calibration,F1
sift_100k,0,752,source_calibration,F1
sift_100k,0,754,source_calibration,F1
sift_100k,0,755,source_calibration,F1
sift_100k,0,758,source_calibration,F1
sift_100k,0,759,source_calibration,F1
sift_100k,0,761,source_calibration,F1
sift_100k,0,762,source_calibration,F1
sift_100k,0,765,source_calibration,F1
sift_100k,0,771,source_calibration,F1
sift_100k,0,772,source_calibration,F1
sift_100k,0,773,source_calibration,F1
sift_100k,0,779,source_calibration,F1
sift_100k,0,780,source_calibration,F1
sift_100k,0,794,source_calibration,F1
sift_100k,0,802,source_calibration,F1
sift_100k,0,806,source_calibration,F1
sift_100k,0,807,source_calibration,F1
sift_100k,0,809,source_calibration,F1
sift_100k,0,811,source_calibration,F1
sift_100k,0,822,source_calibration,F1
sift_100k,0,823,source_calibration,F1
sift_100k,0,834,source_calibration,F1
sift_100k,0,839,source_calibration,F1
sift_100k,0,845,source_calibration,F1
sift_100k,0,853,source_calibration,F1
sift_100k,0,858,source_calibration,F1
sift_100k,0,861,source_calibration,F1
sift_100k,0,863,source_calibration,F1
sift_100k,0,880,source_calibration,F1
sift_100k,0,884,source_calibration,F1
sift_100k,0,887,source_calibration,F1
sift_100k,0,893,source_calibration,F1
sift_100k,0,897,source_calibration,F1
sift_100k,0,904,source_calibration,F1
sift_100k,0,906,source_calibration,F1
sift_100k,0,909,source_calibration,F1
sift_100k,0,910,source_calibration,F1
sift_100k,0,913,source_calibration,F1
sift_100k,0,917,source_calibration,F1
sift_100k,0,920,source_calibration,F1
sift_100k,0,927,source_calibration,F1
sift_100k,0,931,source_calibration,F1
sift_100k,0,938,source_calibration,F1
sift_100k,0,939,source_calibration,F1
sift_100k,0,943,source_calibration,F1
sift_100k,0,956,source_calibration,F1
sift_100k,0,957,source_calibration,F1
sift_100k,0,964,source_calibration,F1
sift_100k,0,968,source_calibration,F1
sift_100k,0,969,source_calibration,F1
sift_100k,0,971,source_calibration,F1
sift_100k,0,976,source_calibration,F1
sift_100k,0,977,source_calibration,F1
sift_100k,0,989,source_calibration,F1
sift_100k,0,994,source_calibration,F1
sift_100k,0,998,source_calibration,F1
sift_100k,0,2,target_sentinel,F2
sift_100k,0,4,target_sentinel,F2
sift_100k,0,5,target_sentinel,F2
sift_100k,0,6,target_sentinel,F2
sift_100k,0,8,target_sentinel,F2
sift_100k,0,16,target_sentinel,F2
sift_100k,0,17,target_sentinel,F2
sift_100k,0,18,target_sentinel,F2
sift_100k,0,24,target_sentinel,F2
sift_100k,0,27,target_sentinel,F2
sift_100k,0,32,target_sentinel,F2
sift_100k,0,40,target_sentinel,F2
sift_100k,0,41,target_sentinel,F2
sift_100k,0,45,target_sentinel,F2
sift_100k,0,48,target_sentinel,F2
sift_100k,0,50,target_sentinel,F2
sift_100k,0,52,target_sentinel,F2
sift_100k,0,53,target_sentinel,F2
sift_100k,0,56,target_sentinel,F2
sift_100k,0,60,target_sentinel,F2
sift_100k,0,65,target_sentinel,F2
sift_100k,0,70,target_sentinel,F2
sift_100k,0,74,target_sentinel,F2
sift_100k,0,80,target_sentinel,F2
sift_100k,0,82,target_sentinel,F2
sift_100k,0,85,target_sentinel,F2
sift_100k,0,97,target_sentinel,F2
sift_100k,0,100,target_sentinel,F2
sift_100k,0,106,target_sentinel,F2
sift_100k,0,107,target_sentinel,F2
sift_100k,0,114,target_sentinel,F2
sift_100k,0,120,target_sentinel,F2
sift_100k,0,136,target_sentinel,F2
sift_100k,0,149,target_sentinel,F2
sift_100k,0,150,target_sentinel,F2
sift_100k,0,158,target_sentinel,F2
sift_100k,0,163,target_sentinel,F2
sift_100k,0,180,target_sentinel,F2
sift_100k,0,181,target_sentinel,F2
sift_100k,0,182,target_sentinel,F2
sift_100k,0,190,target_sentinel,F2
sift_100k,0,191,target_sentinel,F2
sift_100k,0,193,target_sentinel,F2
sift_100k,0,195,target_sentinel,F2
sift_100k,0,198,target_sentinel,F2
sift_100k,0,199,target_sentinel,F2
sift_100k,0,205,target_sentinel,F2
sift_100k,0,206,target_sentinel,F2
sift_100k,0,207,target_sentinel,F2
sift_100k,0,214,target_sentinel,F2
sift_100k,0,218,target_sentinel,F2
sift_100k,0,220,target_sentinel,F2
sift_100k,0,223,target_sentinel,F2
sift_100k,0,224,target_sentinel,F2
sift_100k,0,228,target_sentinel,F2
sift_100k,0,229,target_sentinel,F2
sift_100k,0,235,target_sentinel,F2
sift_100k,0,243,target_sentinel,F2
sift_100k,0,246,target_sentinel,F2
sift_100k,0,249,target_sentinel,F2
sift_100k,0,261,target_sentinel,F2
sift_100k,0,262,target_sentinel,F2
sift_100k,0,270,target_sentinel,F2
sift_100k,0,271,target_sentinel,F2
sift_100k,0,278,target_sentinel,F2
sift_100k,0,280,target_sentinel,F2
sift_100k,0,283,target_sentinel,F2
sift_100k,0,287,target_sentinel,F2
sift_100k,0,289,target_sentinel,F2
sift_100k,0,290,target_sentinel,F2
sift_100k,0,303,target_sentinel,F2
sift_100k,0,306,target_sentinel,F2
sift_100k,0,311,target_sentinel,F2
sift_100k,0,313,target_sentinel,F2
sift_100k,0,316,target_sentinel,F2
sift_100k,0,317,target_sentinel,F2
sift_100k,0,325,target_sentinel,F2
sift_100k,0,327,target_sentinel,F2
sift_100k,0,328,target_sentinel,F2
sift_100k,0,342,target_sentinel,F2
sift_100k,0,343,target_sentinel,F2
sift_100k,0,344,target_sentinel,F2
sift_100k,0,358,target_sentinel,F2
sift_100k,0,364,target_sentinel,F2
sift_100k,0,365,target_sentinel,F2
sift_100k,0,367,target_sentinel,F2
sift_100k,0,368,target_sentinel,F2
sift_100k,0,373,target_sentinel,F2
sift_100k,0,383,target_sentinel,F2
sift_100k,0,385,target_sentinel,F2
sift_100k,0,389,target_sentinel,F2
sift_100k,0,396,target_sentinel,F2
sift_100k,0,398,target_sentinel,F2
sift_100k,0,399,target_sentinel,F2
sift_100k,0,402,target_sentinel,F2
sift_100k,0,405,target_sentinel,F2
sift_100k,0,407,target_sentinel,F2
sift_100k,0,412,target_sentinel,F2
sift_100k,0,416,target_sentinel,F2
sift_100k,0,418,target_sentinel,F2
sift_100k,0,421,target_sentinel,F2
sift_100k,0,422,target_sentinel,F2
sift_100k,0,425,target_sentinel,F2
sift_100k,0,428,target_sentinel,F2
sift_100k,0,429,target_sentinel,F2
sift_100k,0,433,target_sentinel,F2
sift_100k,0,436,target_sentinel,F2
sift_100k,0,437,target_sentinel,F2
sift_100k,0,439,target_sentinel,F2
sift_100k,0,441,target_sentinel,F2
sift_100k,0,443,target_sentinel,F2
sift_100k,0,444,target_sentinel,F2
sift_100k,0,449,target_sentinel,F2
sift_100k,0,451,target_sentinel,F2
sift_100k,0,454,target_sentinel,F2
sift_100k,0,460,target_sentinel,F2
sift_100k,0,461,target_sentinel,F2
sift_100k,0,464,target_sentinel,F2
sift_100k,0,466,target_sentinel,F2
sift_100k,0,468,target_sentinel,F2
sift_100k,0,476,target_sentinel,F2
sift_100k,0,481,target_sentinel,F2
sift_100k,0,485,target_sentinel,F2
sift_100k,0,486,target_sentinel,F2
sift_100k,0,488,target_sentinel,F2
sift_100k,0,491,target_sentinel,F2
sift_100k,0,497,target_sentinel,F2
sift_100k,0,499,target_sentinel,F2
sift_100k,0,505,target_sentinel,F2
sift_100k,0,514,target_sentinel,F2
sift_100k,0,517,target_sentinel,F2
sift_100k,0,518,target_sentinel,F2
sift_100k,0,524,target_sentinel,F2
sift_100k,0,525,target_sentinel,F2
sift_100k,0,527,target_sentinel,F2
sift_100k,0,531,target_sentinel,F2
sift_100k,0,532,target_sentinel,F2
sift_100k,0,533,target_sentinel,F2
sift_100k,0,535,target_sentinel,F2
sift_100k,0,536,target_sentinel,F2
sift_100k,0,539,target_sentinel,F2
sift_100k,0,541,target_sentinel,F2
sift_100k,0,542,target_sentinel,F2
sift_100k,0,543,target_sentinel,F2
sift_100k,0,544,target_sentinel,F2
sift_100k,0,545,target_sentinel,F2
sift_100k,0,550,target_sentinel,F2
sift_100k,0,552,target_sentinel,F2
sift_100k,0,558,target_sentinel,F2
sift_100k,0,560,target_sentinel,F2
sift_100k,0,567,target_sentinel,F2
sift_100k,0,572,target_sentinel,F2
sift_100k,0,577,target_sentinel,F2
sift_100k,0,578,target_sentinel,F2
sift_100k,0,584,target_sentinel,F2
sift_100k,0,593,target_sentinel,F2
sift_100k,0,596,target_sentinel,F2
sift_100k,0,599,target_sentinel,F2
sift_100k,0,600,target_sentinel,F2
sift_100k,0,601,target_sentinel,F2
sift_100k,0,602,target_sentinel,F2
sift_100k,0,606,target_sentinel,F2
sift_100k,0,615,target_sentinel,F2
sift_100k,0,617,target_sentinel,F2
sift_100k,0,619,target_sentinel,F2
sift_100k,0,620,target_sentinel,F2
sift_100k,0,622,target_sentinel,F2
sift_100k,0,624,target_sentinel,F2
sift_100k,0,625,target_sentinel,F2
sift_100k,0,637,target_sentinel,F2
sift_100k,0,639,target_sentinel,F2
sift_100k,0,640,target_sentinel,F2
sift_100k,0,656,target_sentinel,F2
sift_100k,0,658,target_sentinel,F2
sift_100k,0,668,target_sentinel,F2
sift_100k,0,674,target_sentinel,F2
sift_100k,0,678,target_sentinel,F2
sift_100k,0,688,target_sentinel,F2
sift_100k,0,693,target_sentinel,F2
sift_100k,0,697,target_sentinel,F2
sift_100k,0,698,target_sentinel,F2
sift_100k,0,702,target_sentinel,F2
sift_100k,0,710,target_sentinel,F2
sift_100k,0,712,target_sentinel,F2
sift_100k,0,715,target_sentinel,F2
sift_100k,0,718,target_sentinel,F2
sift_100k,0,724,target_sentinel,F2
sift_100k,0,729,target_sentinel,F2
sift_100k,0,730,target_sentinel,F2
sift_100k,0,731,target_sentinel,F2
sift_100k,0,736,target_sentinel,F2
sift_100k,0,737,target_sentinel,F2
sift_100k,0,749,target_sentinel,F2
sift_100k,0,766,target_sentinel,F2
sift_100k,0,767,target_sentinel,F2
sift_100k,0,774,target_sentinel,F2
sift_100k,0,782,target_sentinel,F2
sift_100k,0,784,target_sentinel,F2
sift_100k,0,795,target_sentinel,F2
sift_100k,0,796,target_sentinel,F2
sift_100k,0,797,target_sentinel,F2
sift_100k,0,798,target_sentinel,F2
sift_100k,0,799,target_sentinel,F2
sift_100k,0,800,target_sentinel,F2
sift_100k,0,804,target_sentinel,F2
sift_100k,0,812,target_sentinel,F2
sift_100k,0,824,target_sentinel,F2
sift_100k,0,828,target_sentinel,F2
sift_100k,0,832,target_sentinel,F2
sift_100k,0,837,target_sentinel,F2
sift_100k,0,840,target_sentinel,F2
sift_100k,0,842,target_sentinel,F2
sift_100k,0,847,target_sentinel,F2
sift_100k,0,851,target_sentinel,F2
sift_100k,0,854,target_sentinel,F2
sift_100k,0,856,target_sentinel,F2
sift_100k,0,859,target_sentinel,F2
sift_100k,0,864,target_sentinel,F2
sift_100k,0,865,target_sentinel,F2
sift_100k,0,866,target_sentinel,F2
sift_100k,0,867,target_sentinel,F2
sift_100k,0,878,target_sentinel,F2
sift_100k,0,881,target_sentinel,F2
sift_100k,0,886,target_sentinel,F2
sift_100k,0,888,target_sentinel,F2
sift_100k,0,891,target_sentinel,F2
sift_100k,0,892,target_sentinel,F2
sift_100k,0,894,target_sentinel,F2
sift_100k,0,895,target_sentinel,F2
sift_100k,0,905,target_sentinel,F2
sift_100k,0,918,target_sentinel,F2
sift_100k,0,921,target_sentinel,F2
sift_100k,0,923,target_sentinel,F2
sift_100k,0,932,target_sentinel,F2
sift_100k,0,937,target_sentinel,F2
sift_100k,0,940,target_sentinel,F2
sift_100k,0,946,target_sentinel,F2
sift_100k,0,950,target_sentinel,F2
sift_100k,0,952,target_sentinel,F2
sift_100k,0,954,target_sentinel,F2
sift_100k,0,955,target_sentinel,F2
sift_100k,0,958,target_sentinel,F2
sift_100k,0,967,target_sentinel,F2
sift_100k,0,974,target_sentinel,F2
sift_100k,0,975,target_sentinel,F2
sift_100k,0,978,target_sentinel,F2
sift_100k,0,985,target_sentinel,F2
sift_100k,0,986,target_sentinel,F2
sift_100k,0,990,target_sentinel,F2
sift_100k,0,991,target_sentinel,F2
sift_100k,0,1,target_evaluation,F3
sift_100k,0,3,target_evaluation,F3
sift_100k,0,7,target_evaluation,F3
sift_100k,0,9,target_evaluation,F3
sift_100k,0,10,target_evaluation,F3
sift_100k,0,22,target_evaluation,F3
sift_100k,0,28,target_evaluation,F3
sift_100k,0,31,target_evaluation,F3
sift_100k,0,34,target_evaluation,F3
sift_100k,0,43,target_evaluation,F3
sift_100k,0,44,target_evaluation,F3
sift_100k,0,47,target_evaluation,F3
sift_100k,0,54,target_evaluation,F3
sift_100k,0,55,target_evaluation,F3
sift_100k,0,57,target_evaluation,F3
sift_100k,0,59,target_evaluation,F3
sift_100k,0,68,target_evaluation,F3
sift_100k,0,76,target_evaluation,F3
sift_100k,0,81,target_evaluation,F3
sift_100k,0,83,target_evaluation,F3
sift_100k,0,87,target_evaluation,F3
sift_100k,0,89,target_evaluation,F3
sift_100k,0,92,target_evaluation,F3
sift_100k,0,101,target_evaluation,F3
sift_100k,0,108,target_evaluation,F3
sift_100k,0,110,target_evaluation,F3
sift_100k,0,117,target_evaluation,F3
sift_100k,0,124,target_evaluation,F3
sift_100k,0,126,target_evaluation,F3
sift_100k,0,128,target_evaluation,F3
sift_100k,0,135,target_evaluation,F3
sift_100k,0,138,target_evaluation,F3
sift_100k,0,140,target_evaluation,F3
sift_100k,0,148,target_evaluation,F3
sift_100k,0,151,target_evaluation,F3
sift_100k,0,152,target_evaluation,F3
sift_100k,0,157,target_evaluation,F3
sift_100k,0,159,target_evaluation,F3
sift_100k,0,164,target_evaluation,F3
sift_100k,0,166,target_evaluation,F3
sift_100k,0,168,target_evaluation,F3
sift_100k,0,169,target_evaluation,F3
sift_100k,0,173,target_evaluation,F3
sift_100k,0,179,target_evaluation,F3
sift_100k,0,183,target_evaluation,F3
sift_100k,0,186,target_evaluation,F3
sift_100k,0,187,target_evaluation,F3
sift_100k,0,189,target_evaluation,F3
sift_100k,0,197,target_evaluation,F3
sift_100k,0,202,target_evaluation,F3
sift_100k,0,217,target_evaluation,F3
sift_100k,0,219,target_evaluation,F3
sift_100k,0,221,target_evaluation,F3
sift_100k,0,222,target_evaluation,F3
sift_100k,0,226,target_evaluation,F3
sift_100k,0,227,target_evaluation,F3
sift_100k,0,232,target_evaluation,F3
sift_100k,0,233,target_evaluation,F3
sift_100k,0,237,target_evaluation,F3
sift_100k,0,238,target_evaluation,F3
sift_100k,0,239,target_evaluation,F3
sift_100k,0,247,target_evaluation,F3
sift_100k,0,253,target_evaluation,F3
sift_100k,0,255,target_evaluation,F3
sift_100k,0,257,target_evaluation,F3
sift_100k,0,259,target_evaluation,F3
sift_100k,0,263,target_evaluation,F3
sift_100k,0,264,target_evaluation,F3
sift_100k,0,267,target_evaluation,F3
sift_100k,0,272,target_evaluation,F3
sift_100k,0,273,target_evaluation,F3
sift_100k,0,275,target_evaluation,F3
sift_100k,0,277,target_evaluation,F3
sift_100k,0,279,target_evaluation,F3
sift_100k,0,285,target_evaluation,F3
sift_100k,0,288,target_evaluation,F3
sift_100k,0,294,target_evaluation,F3
sift_100k,0,300,target_evaluation,F3
sift_100k,0,301,target_evaluation,F3
sift_100k,0,304,target_evaluation,F3
sift_100k,0,307,target_evaluation,F3
sift_100k,0,308,target_evaluation,F3
sift_100k,0,312,target_evaluation,F3
sift_100k,0,315,target_evaluation,F3
sift_100k,0,324,target_evaluation,F3
sift_100k,0,333,target_evaluation,F3
sift_100k,0,346,target_evaluation,F3
sift_100k,0,348,target_evaluation,F3
sift_100k,0,351,target_evaluation,F3
sift_100k,0,352,target_evaluation,F3
sift_100k,0,354,target_evaluation,F3
sift_100k,0,355,target_evaluation,F3
sift_100k,0,357,target_evaluation,F3
sift_100k,0,361,target_evaluation,F3
sift_100k,0,363,target_evaluation,F3
sift_100k,0,369,target_evaluation,F3
sift_100k,0,370,target_evaluation,F3
sift_100k,0,371,target_evaluation,F3
sift_100k,0,377,target_evaluation,F3
sift_100k,0,382,target_evaluation,F3
sift_100k,0,384,target_evaluation,F3
sift_100k,0,391,target_evaluation,F3
sift_100k,0,400,target_evaluation,F3
sift_100k,0,411,target_evaluation,F3
sift_100k,0,413,target_evaluation,F3
sift_100k,0,419,target_evaluation,F3
sift_100k,0,431,target_evaluation,F3
sift_100k,0,434,target_evaluation,F3
sift_100k,0,445,target_evaluation,F3
sift_100k,0,446,target_evaluation,F3
sift_100k,0,448,target_evaluation,F3
sift_100k,0,450,target_evaluation,F3
sift_100k,0,452,target_evaluation,F3
sift_100k,0,456,target_evaluation,F3
sift_100k,0,457,target_evaluation,F3
sift_100k,0,458,target_evaluation,F3
sift_100k,0,459,target_evaluation,F3
sift_100k,0,471,target_evaluation,F3
sift_100k,0,474,target_evaluation,F3
sift_100k,0,475,target_evaluation,F3
sift_100k,0,483,target_evaluation,F3
sift_100k,0,484,target_evaluation,F3
sift_100k,0,487,target_evaluation,F3
sift_100k,0,495,target_evaluation,F3
sift_100k,0,501,target_evaluation,F3
sift_100k,0,510,target_evaluation,F3
sift_100k,0,515,target_evaluation,F3
sift_100k,0,516,target_evaluation,F3
sift_100k,0,521,target_evaluation,F3
sift_100k,0,523,target_evaluation,F3
sift_100k,0,526,target_evaluation,F3
sift_100k,0,529,target_evaluation,F3
sift_100k,0,530,target_evaluation,F3
sift_100k,0,553,target_evaluation,F3
sift_100k,0,564,target_evaluation,F3
sift_100k,0,570,target_evaluation,F3
sift_100k,0,571,target_evaluation,F3
sift_100k,0,573,target_evaluation,F3
sift_100k,0,575,target_evaluation,F3
sift_100k,0,576,target_evaluation,F3
sift_100k,0,585,target_evaluation,F3
sift_100k,0,586,target_evaluation,F3
sift_100k,0,587,target_evaluation,F3
sift_100k,0,589,target_evaluation,F3
sift_100k,0,594,target_evaluation,F3
sift_100k,0,597,target_evaluation,F3
sift_100k,0,603,target_evaluation,F3
sift_100k,0,610,target_evaluation,F3
sift_100k,0,613,target_evaluation,F3
sift_100k,0,618,target_evaluation,F3
sift_100k,0,627,target_evaluation,F3
sift_100k,0,628,target_evaluation,F3
sift_100k,0,633,target_evaluation,F3
sift_100k,0,634,target_evaluation,F3
sift_100k,0,643,target_evaluation,F3
sift_100k,0,647,target_evaluation,F3
sift_100k,0,649,target_evaluation,F3
sift_100k,0,651,target_evaluation,F3
sift_100k,0,661,target_evaluation,F3
sift_100k,0,664,target_evaluation,F3
sift_100k,0,669,target_evaluation,F3
sift_100k,0,670,target_evaluation,F3
sift_100k,0,671,target_evaluation,F3
sift_100k,0,680,target_evaluation,F3
sift_100k,0,681,target_evaluation,F3
sift_100k,0,684,target_evaluation,F3
sift_100k,0,685,target_evaluation,F3
sift_100k,0,687,target_evaluation,F3
sift_100k,0,690,target_evaluation,F3
sift_100k,0,692,target_evaluation,F3
sift_100k,0,694,target_evaluation,F3
sift_100k,0,695,target_evaluation,F3
sift_100k,0,696,target_evaluation,F3
sift_100k,0,708,target_evaluation,F3
sift_100k,0,717,target_evaluation,F3
sift_100k,0,719,target_evaluation,F3
sift_100k,0,721,target_evaluation,F3
sift_100k,0,725,target_evaluation,F3
sift_100k,0,735,target_evaluation,F3
sift_100k,0,738,target_evaluation,F3
sift_100k,0,740,target_evaluation,F3
sift_100k,0,745,target_evaluation,F3
sift_100k,0,747,target_evaluation,F3
sift_100k,0,750,target_evaluation,F3
sift_100k,0,751,target_evaluation,F3
sift_100k,0,756,target_evaluation,F3
sift_100k,0,757,target_evaluation,F3
sift_100k,0,760,target_evaluation,F3
sift_100k,0,763,target_evaluation,F3
sift_100k,0,768,target_evaluation,F3
sift_100k,0,769,target_evaluation,F3
sift_100k,0,775,target_evaluation,F3
sift_100k,0,776,target_evaluation,F3
sift_100k,0,777,target_evaluation,F3
sift_100k,0,783,target_evaluation,F3
sift_100k,0,786,target_evaluation,F3
sift_100k,0,787,target_evaluation,F3
sift_100k,0,788,target_evaluation,F3
sift_100k,0,791,target_evaluation,F3
sift_100k,0,793,target_evaluation,F3
sift_100k,0,803,target_evaluation,F3
sift_100k,0,805,target_evaluation,F3
sift_100k,0,816,target_evaluation,F3
sift_100k,0,818,target_evaluation,F3
sift_100k,0,819,target_evaluation,F3
sift_100k,0,820,target_evaluation,F3
sift_100k,0,825,target_evaluation,F3
sift_100k,0,829,target_evaluation,F3
sift_100k,0,831,target_evaluation,F3
sift_100k,0,836,target_evaluation,F3
sift_100k,0,843,target_evaluation,F3
sift_100k,0,844,target_evaluation,F3
sift_100k,0,846,target_evaluation,F3
sift_100k,0,849,target_evaluation,F3
sift_100k,0,852,target_evaluation,F3
sift_100k,0,860,target_evaluation,F3
sift_100k,0,868,target_evaluation,F3
sift_100k,0,869,target_evaluation,F3
sift_100k,0,870,target_evaluation,F3
sift_100k,0,875,target_evaluation,F3
sift_100k,0,876,target_evaluation,F3
sift_100k,0,883,target_evaluation,F3
sift_100k,0,896,target_evaluation,F3
sift_100k,0,898,target_evaluation,F3
sift_100k,0,902,target_evaluation,F3
sift_100k,0,907,target_evaluation,F3
sift_100k,0,912,target_evaluation,F3
sift_100k,0,914,target_evaluation,F3
sift_100k,0,915,target_evaluation,F3
sift_100k,0,922,target_evaluation,F3
sift_100k,0,925,target_evaluation,F3
sift_100k,0,926,target_evaluation,F3
sift_100k,0,928,target_evaluation,F3
sift_100k,0,933,target_evaluation,F3
sift_100k,0,934,target_evaluation,F3
sift_100k,0,935,target_evaluation,F3
sift_100k,0,944,target_evaluation,F3
sift_100k,0,945,target_evaluation,F3
sift_100k,0,947,target_evaluation,F3
sift_100k,0,953,target_evaluation,F3
sift_100k,0,959,target_evaluation,F3
sift_100k,0,960,target_evaluation,F3
sift_100k,0,962,target_evaluation,F3
sift_100k,0,965,target_evaluation,F3
sift_100k,0,966,target_evaluation,F3
sift_100k,0,970,target_evaluation,F3
sift_100k,0,973,target_evaluation,F3
sift_100k,0,979,target_evaluation,F3
sift_100k,0,995,target_evaluation,F3
sift_100k,0,999,target_evaluation,F3
sift_100k,1,0,source_train,F1
sift_100k,1,12,source_train,F1
sift_100k,1,14,source_train,F1
sift_100k,1,19,source_train,F1
sift_100k,1,20,source_train,F1
sift_100k,1,21,source_train,F1
sift_100k,1,26,source_train,F1
sift_100k,1,33,source_train,F1
sift_100k,1,35,source_train,F1
sift_100k,1,38,source_train,F1
sift_100k,1,42,source_train,F1
sift_100k,1,46,source_train,F1
sift_100k,1,58,source_train,F1
sift_100k,1,63,source_train,F1
sift_100k,1,64,source_train,F1
sift_100k,1,66,source_train,F1
sift_100k,1,67,source_train,F1
sift_100k,1,71,source_train,F1
sift_100k,1,73,source_train,F1
sift_100k,1,78,source_train,F1
sift_100k,1,79,source_train,F1
sift_100k,1,84,source_train,F1
sift_100k,1,86,source_train,F1
sift_100k,1,88,source_train,F1
sift_100k,1,90,source_train,F1
sift_100k,1,93,source_train,F1
sift_100k,1,95,source_train,F1
sift_100k,1,96,source_train,F1
sift_100k,1,98,source_train,F1
sift_100k,1,99,source_train,F1
sift_100k,1,103,source_train,F1
sift_100k,1,104,source_train,F1
sift_100k,1,112,source_train,F1
sift_100k,1,113,source_train,F1
sift_100k,1,118,source_train,F1
sift_100k,1,119,source_train,F1
sift_100k,1,122,source_train,F1
sift_100k,1,123,source_train,F1
sift_100k,1,129,source_train,F1
sift_100k,1,130,source_train,F1
sift_100k,1,131,source_train,F1
sift_100k,1,137,source_train,F1
sift_100k,1,139,source_train,F1
sift_100k,1,142,source_train,F1
sift_100k,1,143,source_train,F1
sift_100k,1,144,source_train,F1
sift_100k,1,145,source_train,F1
sift_100k,1,156,source_train,F1
sift_100k,1,160,source_train,F1
sift_100k,1,165,source_train,F1
sift_100k,1,167,source_train,F1
sift_100k,1,170,source_train,F1
sift_100k,1,172,source_train,F1
sift_100k,1,174,source_train,F1
sift_100k,1,192,source_train,F1
sift_100k,1,194,source_train,F1
sift_100k,1,196,source_train,F1
sift_100k,1,200,source_train,F1
sift_100k,1,208,source_train,F1
sift_100k,1,210,source_train,F1
sift_100k,1,212,source_train,F1
sift_100k,1,213,source_train,F1
sift_100k,1,231,source_train,F1
sift_100k,1,234,source_train,F1
sift_100k,1,240,source_train,F1
sift_100k,1,241,source_train,F1
sift_100k,1,248,source_train,F1
sift_100k,1,252,source_train,F1
sift_100k,1,256,source_train,F1
sift_100k,1,258,source_train,F1
sift_100k,1,260,source_train,F1
sift_100k,1,265,source_train,F1
sift_100k,1,266,source_train,F1
sift_100k,1,269,source_train,F1
sift_100k,1,276,source_train,F1
sift_100k,1,281,source_train,F1
sift_100k,1,296,source_train,F1
sift_100k,1,298,source_train,F1
sift_100k,1,299,source_train,F1
sift_100k,1,302,source_train,F1
sift_100k,1,305,source_train,F1
sift_100k,1,309,source_train,F1
sift_100k,1,314,source_train,F1
sift_100k,1,320,source_train,F1
sift_100k,1,321,source_train,F1
sift_100k,1,326,source_train,F1
sift_100k,1,330,source_train,F1
sift_100k,1,331,source_train,F1
sift_100k,1,335,source_train,F1
sift_100k,1,341,source_train,F1
sift_100k,1,349,source_train,F1
sift_100k,1,359,source_train,F1
sift_100k,1,360,source_train,F1
sift_100k,1,362,source_train,F1
sift_100k,1,366,source_train,F1
sift_100k,1,372,source_train,F1
sift_100k,1,379,source_train,F1
sift_100k,1,387,source_train,F1
sift_100k,1,395,source_train,F1
sift_100k,1,401,source_train,F1
sift_100k,1,404,source_train,F1
sift_100k,1,409,source_train,F1
sift_100k,1,410,source_train,F1
sift_100k,1,417,source_train,F1
sift_100k,1,420,source_train,F1
sift_100k,1,423,source_train,F1
sift_100k,1,424,source_train,F1
sift_100k,1,427,source_train,F1
sift_100k,1,432,source_train,F1
sift_100k,1,435,source_train,F1
sift_100k,1,438,source_train,F1
sift_100k,1,442,source_train,F1
sift_100k,1,447,source_train,F1
sift_100k,1,453,source_train,F1
sift_100k,1,463,source_train,F1
sift_100k,1,467,source_train,F1
sift_100k,1,469,source_train,F1
sift_100k,1,470,source_train,F1
sift_100k,1,478,source_train,F1
sift_100k,1,480,source_train,F1
sift_100k,1,482,source_train,F1
sift_100k,1,490,source_train,F1
sift_100k,1,493,source_train,F1
sift_100k,1,498,source_train,F1
sift_100k,1,503,source_train,F1
sift_100k,1,504,source_train,F1
sift_100k,1,508,source_train,F1
sift_100k,1,509,source_train,F1
sift_100k,1,513,source_train,F1
sift_100k,1,522,source_train,F1
sift_100k,1,528,source_train,F1
sift_100k,1,540,source_train,F1
sift_100k,1,546,source_train,F1
sift_100k,1,547,source_train,F1
sift_100k,1,548,source_train,F1
sift_100k,1,549,source_train,F1
sift_100k,1,551,source_train,F1
sift_100k,1,554,source_train,F1
sift_100k,1,555,source_train,F1
sift_100k,1,556,source_train,F1
sift_100k,1,562,source_train,F1
sift_100k,1,563,source_train,F1
sift_100k,1,566,source_train,F1
sift_100k,1,568,source_train,F1
sift_100k,1,569,source_train,F1
sift_100k,1,574,source_train,F1
sift_100k,1,581,source_train,F1
sift_100k,1,583,source_train,F1
sift_100k,1,588,source_train,F1
sift_100k,1,605,source_train,F1
sift_100k,1,607,source_train,F1
sift_100k,1,608,source_train,F1
sift_100k,1,609,source_train,F1
sift_100k,1,614,source_train,F1
sift_100k,1,616,source_train,F1
sift_100k,1,621,source_train,F1
sift_100k,1,623,source_train,F1
sift_100k,1,626,source_train,F1
sift_100k,1,629,source_train,F1
sift_100k,1,632,source_train,F1
sift_100k,1,636,source_train,F1
sift_100k,1,638,source_train,F1
sift_100k,1,641,source_train,F1
sift_100k,1,642,source_train,F1
sift_100k,1,645,source_train,F1
sift_100k,1,652,source_train,F1
sift_100k,1,653,source_train,F1
sift_100k,1,654,source_train,F1
sift_100k,1,655,source_train,F1
sift_100k,1,657,source_train,F1
sift_100k,1,659,source_train,F1
sift_100k,1,663,source_train,F1
sift_100k,1,665,source_train,F1
sift_100k,1,666,source_train,F1
sift_100k,1,667,source_train,F1
sift_100k,1,672,source_train,F1
sift_100k,1,673,source_train,F1
sift_100k,1,676,source_train,F1
sift_100k,1,677,source_train,F1
sift_100k,1,679,source_train,F1
sift_100k,1,683,source_train,F1
sift_100k,1,689,source_train,F1
sift_100k,1,699,source_train,F1
sift_100k,1,700,source_train,F1
sift_100k,1,701,source_train,F1
sift_100k,1,706,source_train,F1
sift_100k,1,711,source_train,F1
sift_100k,1,713,source_train,F1
sift_100k,1,716,source_train,F1
sift_100k,1,720,source_train,F1
sift_100k,1,726,source_train,F1
sift_100k,1,727,source_train,F1
sift_100k,1,743,source_train,F1
sift_100k,1,748,source_train,F1
sift_100k,1,752,source_train,F1
sift_100k,1,754,source_train,F1
sift_100k,1,755,source_train,F1
sift_100k,1,758,source_train,F1
sift_100k,1,759,source_train,F1
sift_100k,1,761,source_train,F1
sift_100k,1,762,source_train,F1
sift_100k,1,765,source_train,F1
sift_100k,1,771,source_train,F1
sift_100k,1,772,source_train,F1
sift_100k,1,773,source_train,F1
sift_100k,1,779,source_train,F1
sift_100k,1,780,source_train,F1
sift_100k,1,794,source_train,F1
sift_100k,1,802,source_train,F1
sift_100k,1,806,source_train,F1
sift_100k,1,807,source_train,F1
sift_100k,1,809,source_train,F1
sift_100k,1,811,source_train,F1
sift_100k,1,822,source_train,F1
sift_100k,1,823,source_train,F1
sift_100k,1,834,source_train,F1
sift_100k,1,839,source_train,F1
sift_100k,1,845,source_train,F1
sift_100k,1,853,source_train,F1
sift_100k,1,858,source_train,F1
sift_100k,1,861,source_train,F1
sift_100k,1,863,source_train,F1
sift_100k,1,880,source_train,F1
sift_100k,1,884,source_train,F1
sift_100k,1,887,source_train,F1
sift_100k,1,893,source_train,F1
sift_100k,1,897,source_train,F1
sift_100k,1,904,source_train,F1
sift_100k,1,906,source_train,F1
sift_100k,1,909,source_train,F1
sift_100k,1,910,source_train,F1
sift_100k,1,913,source_train,F1
sift_100k,1,917,source_train,F1
sift_100k,1,920,source_train,F1
sift_100k,1,927,source_train,F1
sift_100k,1,931,source_train,F1
sift_100k,1,938,source_train,F1
sift_100k,1,939,source_train,F1
sift_100k,1,943,source_train,F1
sift_100k,1,956,source_train,F1
sift_100k,1,957,source_train,F1
sift_100k,1,964,source_train,F1
sift_100k,1,968,source_train,F1
sift_100k,1,969,source_train,F1
sift_100k,1,971,source_train,F1
sift_100k,1,976,source_train,F1
sift_100k,1,977,source_train,F1
sift_100k,1,989,source_train,F1
sift_100k,1,994,source_train,F1
sift_100k,1,998,source_train,F1
sift_100k,1,2,source_calibration,F2
sift_100k,1,4,source_calibration,F2
sift_100k,1,5,source_calibration,F2
sift_100k,1,6,source_calibration,F2
sift_100k,1,8,source_calibration,F2
sift_100k,1,16,source_calibration,F2
sift_100k,1,17,source_calibration,F2
sift_100k,1,18,source_calibration,F2
sift_100k,1,24,source_calibration,F2
sift_100k,1,27,source_calibration,F2
sift_100k,1,32,source_calibration,F2
sift_100k,1,40,source_calibration,F2
sift_100k,1,41,source_calibration,F2
sift_100k,1,45,source_calibration,F2
sift_100k,1,48,source_calibration,F2
sift_100k,1,50,source_calibration,F2
sift_100k,1,52,source_calibration,F2
sift_100k,1,53,source_calibration,F2
sift_100k,1,56,source_calibration,F2
sift_100k,1,60,source_calibration,F2
sift_100k,1,65,source_calibration,F2
sift_100k,1,70,source_calibration,F2
sift_100k,1,74,source_calibration,F2
sift_100k,1,80,source_calibration,F2
sift_100k,1,82,source_calibration,F2
sift_100k,1,85,source_calibration,F2
sift_100k,1,97,source_calibration,F2
sift_100k,1,100,source_calibration,F2
sift_100k,1,106,source_calibration,F2
sift_100k,1,107,source_calibration,F2
sift_100k,1,114,source_calibration,F2
sift_100k,1,120,source_calibration,F2
sift_100k,1,136,source_calibration,F2
sift_100k,1,149,source_calibration,F2
sift_100k,1,150,source_calibration,F2
sift_100k,1,158,source_calibration,F2
sift_100k,1,163,source_calibration,F2
sift_100k,1,180,source_calibration,F2
sift_100k,1,181,source_calibration,F2
sift_100k,1,182,source_calibration,F2
sift_100k,1,190,source_calibration,F2
sift_100k,1,191,source_calibration,F2
sift_100k,1,193,source_calibration,F2
sift_100k,1,195,source_calibration,F2
sift_100k,1,198,source_calibration,F2
sift_100k,1,199,source_calibration,F2
sift_100k,1,205,source_calibration,F2
sift_100k,1,206,source_calibration,F2
sift_100k,1,207,source_calibration,F2
sift_100k,1,214,source_calibration,F2
sift_100k,1,218,source_calibration,F2
sift_100k,1,220,source_calibration,F2
sift_100k,1,223,source_calibration,F2
sift_100k,1,224,source_calibration,F2
sift_100k,1,228,source_calibration,F2
sift_100k,1,229,source_calibration,F2
sift_100k,1,235,source_calibration,F2
sift_100k,1,243,source_calibration,F2
sift_100k,1,246,source_calibration,F2
sift_100k,1,249,source_calibration,F2
sift_100k,1,261,source_calibration,F2
sift_100k,1,262,source_calibration,F2
sift_100k,1,270,source_calibration,F2
sift_100k,1,271,source_calibration,F2
sift_100k,1,278,source_calibration,F2
sift_100k,1,280,source_calibration,F2
sift_100k,1,283,source_calibration,F2
sift_100k,1,287,source_calibration,F2
sift_100k,1,289,source_calibration,F2
sift_100k,1,290,source_calibration,F2
sift_100k,1,303,source_calibration,F2
sift_100k,1,306,source_calibration,F2
sift_100k,1,311,source_calibration,F2
sift_100k,1,313,source_calibration,F2
sift_100k,1,316,source_calibration,F2
sift_100k,1,317,source_calibration,F2
sift_100k,1,325,source_calibration,F2
sift_100k,1,327,source_calibration,F2
sift_100k,1,328,source_calibration,F2
sift_100k,1,342,source_calibration,F2
sift_100k,1,343,source_calibration,F2
sift_100k,1,344,source_calibration,F2
sift_100k,1,358,source_calibration,F2
sift_100k,1,364,source_calibration,F2
sift_100k,1,365,source_calibration,F2
sift_100k,1,367,source_calibration,F2
sift_100k,1,368,source_calibration,F2
sift_100k,1,373,source_calibration,F2
sift_100k,1,383,source_calibration,F2
sift_100k,1,385,source_calibration,F2
sift_100k,1,389,source_calibration,F2
sift_100k,1,396,source_calibration,F2
sift_100k,1,398,source_calibration,F2
sift_100k,1,399,source_calibration,F2
sift_100k,1,402,source_calibration,F2
sift_100k,1,405,source_calibration,F2
sift_100k,1,407,source_calibration,F2
sift_100k,1,412,source_calibration,F2
sift_100k,1,416,source_calibration,F2
sift_100k,1,418,source_calibration,F2
sift_100k,1,421,source_calibration,F2
sift_100k,1,422,source_calibration,F2
sift_100k,1,425,source_calibration,F2
sift_100k,1,428,source_calibration,F2
sift_100k,1,429,source_calibration,F2
sift_100k,1,433,source_calibration,F2
sift_100k,1,436,source_calibration,F2
sift_100k,1,437,source_calibration,F2
sift_100k,1,439,source_calibration,F2
sift_100k,1,441,source_calibration,F2
sift_100k,1,443,source_calibration,F2
sift_100k,1,444,source_calibration,F2
sift_100k,1,449,source_calibration,F2
sift_100k,1,451,source_calibration,F2
sift_100k,1,454,source_calibration,F2
sift_100k,1,460,source_calibration,F2
sift_100k,1,461,source_calibration,F2
sift_100k,1,464,source_calibration,F2
sift_100k,1,466,source_calibration,F2
sift_100k,1,468,source_calibration,F2
sift_100k,1,476,source_calibration,F2
sift_100k,1,481,source_calibration,F2
sift_100k,1,485,source_calibration,F2
sift_100k,1,486,source_calibration,F2
sift_100k,1,488,source_calibration,F2
sift_100k,1,491,source_calibration,F2
sift_100k,1,497,source_calibration,F2
sift_100k,1,499,source_calibration,F2
sift_100k,1,505,source_calibration,F2
sift_100k,1,514,source_calibration,F2
sift_100k,1,517,source_calibration,F2
sift_100k,1,518,source_calibration,F2
sift_100k,1,524,source_calibration,F2
sift_100k,1,525,source_calibration,F2
sift_100k,1,527,source_calibration,F2
sift_100k,1,531,source_calibration,F2
sift_100k,1,532,source_calibration,F2
sift_100k,1,533,source_calibration,F2
sift_100k,1,535,source_calibration,F2
sift_100k,1,536,source_calibration,F2
sift_100k,1,539,source_calibration,F2
sift_100k,1,541,source_calibration,F2
sift_100k,1,542,source_calibration,F2
sift_100k,1,543,source_calibration,F2
sift_100k,1,544,source_calibration,F2
sift_100k,1,545,source_calibration,F2
sift_100k,1,550,source_calibration,F2
sift_100k,1,552,source_calibration,F2
sift_100k,1,558,source_calibration,F2
sift_100k,1,560,source_calibration,F2
sift_100k,1,567,source_calibration,F2
sift_100k,1,572,source_calibration,F2
sift_100k,1,577,source_calibration,F2
sift_100k,1,578,source_calibration,F2
sift_100k,1,584,source_calibration,F2
sift_100k,1,593,source_calibration,F2
sift_100k,1,596,source_calibration,F2
sift_100k,1,599,source_calibration,F2
sift_100k,1,600,source_calibration,F2
sift_100k,1,601,source_calibration,F2
sift_100k,1,602,source_calibration,F2
sift_100k,1,606,source_calibration,F2
sift_100k,1,615,source_calibration,F2
sift_100k,1,617,source_calibration,F2
sift_100k,1,619,source_calibration,F2
sift_100k,1,620,source_calibration,F2
sift_100k,1,622,source_calibration,F2
sift_100k,1,624,source_calibration,F2
sift_100k,1,625,source_calibration,F2
sift_100k,1,637,source_calibration,F2
sift_100k,1,639,source_calibration,F2
sift_100k,1,640,source_calibration,F2
sift_100k,1,656,source_calibration,F2
sift_100k,1,658,source_calibration,F2
sift_100k,1,668,source_calibration,F2
sift_100k,1,674,source_calibration,F2
sift_100k,1,678,source_calibration,F2
sift_100k,1,688,source_calibration,F2
sift_100k,1,693,source_calibration,F2
sift_100k,1,697,source_calibration,F2
sift_100k,1,698,source_calibration,F2
sift_100k,1,702,source_calibration,F2
sift_100k,1,710,source_calibration,F2
sift_100k,1,712,source_calibration,F2
sift_100k,1,715,source_calibration,F2
sift_100k,1,718,source_calibration,F2
sift_100k,1,724,source_calibration,F2
sift_100k,1,729,source_calibration,F2
sift_100k,1,730,source_calibration,F2
sift_100k,1,731,source_calibration,F2
sift_100k,1,736,source_calibration,F2
sift_100k,1,737,source_calibration,F2
sift_100k,1,749,source_calibration,F2
sift_100k,1,766,source_calibration,F2
sift_100k,1,767,source_calibration,F2
sift_100k,1,774,source_calibration,F2
sift_100k,1,782,source_calibration,F2
sift_100k,1,784,source_calibration,F2
sift_100k,1,795,source_calibration,F2
sift_100k,1,796,source_calibration,F2
sift_100k,1,797,source_calibration,F2
sift_100k,1,798,source_calibration,F2
sift_100k,1,799,source_calibration,F2
sift_100k,1,800,source_calibration,F2
sift_100k,1,804,source_calibration,F2
sift_100k,1,812,source_calibration,F2
sift_100k,1,824,source_calibration,F2
sift_100k,1,828,source_calibration,F2
sift_100k,1,832,source_calibration,F2
sift_100k,1,837,source_calibration,F2
sift_100k,1,840,source_calibration,F2
sift_100k,1,842,source_calibration,F2
sift_100k,1,847,source_calibration,F2
sift_100k,1,851,source_calibration,F2
sift_100k,1,854,source_calibration,F2
sift_100k,1,856,source_calibration,F2
sift_100k,1,859,source_calibration,F2
sift_100k,1,864,source_calibration,F2
sift_100k,1,865,source_calibration,F2
sift_100k,1,866,source_calibration,F2
sift_100k,1,867,source_calibration,F2
sift_100k,1,878,source_calibration,F2
sift_100k,1,881,source_calibration,F2
sift_100k,1,886,source_calibration,F2
sift_100k,1,888,source_calibration,F2
sift_100k,1,891,source_calibration,F2
sift_100k,1,892,source_calibration,F2
sift_100k,1,894,source_calibration,F2
sift_100k,1,895,source_calibration,F2
sift_100k,1,905,source_calibration,F2
sift_100k,1,918,source_calibration,F2
sift_100k,1,921,source_calibration,F2
sift_100k,1,923,source_calibration,F2
sift_100k,1,932,source_calibration,F2
sift_100k,1,937,source_calibration,F2
sift_100k,1,940,source_calibration,F2
sift_100k,1,946,source_calibration,F2
sift_100k,1,950,source_calibration,F2
sift_100k,1,952,source_calibration,F2
sift_100k,1,954,source_calibration,F2
sift_100k,1,955,source_calibration,F2
sift_100k,1,958,source_calibration,F2
sift_100k,1,967,source_calibration,F2
sift_100k,1,974,source_calibration,F2
sift_100k,1,975,source_calibration,F2
sift_100k,1,978,source_calibration,F2
sift_100k,1,985,source_calibration,F2
sift_100k,1,986,source_calibration,F2
sift_100k,1,990,source_calibration,F2
sift_100k,1,991,source_calibration,F2
sift_100k,1,1,target_sentinel,F3
sift_100k,1,3,target_sentinel,F3
sift_100k,1,7,target_sentinel,F3
sift_100k,1,9,target_sentinel,F3
sift_100k,1,10,target_sentinel,F3
sift_100k,1,22,target_sentinel,F3
sift_100k,1,28,target_sentinel,F3
sift_100k,1,31,target_sentinel,F3
sift_100k,1,34,target_sentinel,F3
sift_100k,1,43,target_sentinel,F3
sift_100k,1,44,target_sentinel,F3
sift_100k,1,47,target_sentinel,F3
sift_100k,1,54,target_sentinel,F3
sift_100k,1,55,target_sentinel,F3
sift_100k,1,57,target_sentinel,F3
sift_100k,1,59,target_sentinel,F3
sift_100k,1,68,target_sentinel,F3
sift_100k,1,76,target_sentinel,F3
sift_100k,1,81,target_sentinel,F3
sift_100k,1,83,target_sentinel,F3
sift_100k,1,87,target_sentinel,F3
sift_100k,1,89,target_sentinel,F3
sift_100k,1,92,target_sentinel,F3
sift_100k,1,101,target_sentinel,F3
sift_100k,1,108,target_sentinel,F3
sift_100k,1,110,target_sentinel,F3
sift_100k,1,117,target_sentinel,F3
sift_100k,1,124,target_sentinel,F3
sift_100k,1,126,target_sentinel,F3
sift_100k,1,128,target_sentinel,F3
sift_100k,1,135,target_sentinel,F3
sift_100k,1,138,target_sentinel,F3
sift_100k,1,140,target_sentinel,F3
sift_100k,1,148,target_sentinel,F3
sift_100k,1,151,target_sentinel,F3
sift_100k,1,152,target_sentinel,F3
sift_100k,1,157,target_sentinel,F3
sift_100k,1,159,target_sentinel,F3
sift_100k,1,164,target_sentinel,F3
sift_100k,1,166,target_sentinel,F3
sift_100k,1,168,target_sentinel,F3
sift_100k,1,169,target_sentinel,F3
sift_100k,1,173,target_sentinel,F3
sift_100k,1,179,target_sentinel,F3
sift_100k,1,183,target_sentinel,F3
sift_100k,1,186,target_sentinel,F3
sift_100k,1,187,target_sentinel,F3
sift_100k,1,189,target_sentinel,F3
sift_100k,1,197,target_sentinel,F3
sift_100k,1,202,target_sentinel,F3
sift_100k,1,217,target_sentinel,F3
sift_100k,1,219,target_sentinel,F3
sift_100k,1,221,target_sentinel,F3
sift_100k,1,222,target_sentinel,F3
sift_100k,1,226,target_sentinel,F3
sift_100k,1,227,target_sentinel,F3
sift_100k,1,232,target_sentinel,F3
sift_100k,1,233,target_sentinel,F3
sift_100k,1,237,target_sentinel,F3
sift_100k,1,238,target_sentinel,F3
sift_100k,1,239,target_sentinel,F3
sift_100k,1,247,target_sentinel,F3
sift_100k,1,253,target_sentinel,F3
sift_100k,1,255,target_sentinel,F3
sift_100k,1,257,target_sentinel,F3
sift_100k,1,259,target_sentinel,F3
sift_100k,1,263,target_sentinel,F3
sift_100k,1,264,target_sentinel,F3
sift_100k,1,267,target_sentinel,F3
sift_100k,1,272,target_sentinel,F3
sift_100k,1,273,target_sentinel,F3
sift_100k,1,275,target_sentinel,F3
sift_100k,1,277,target_sentinel,F3
sift_100k,1,279,target_sentinel,F3
sift_100k,1,285,target_sentinel,F3
sift_100k,1,288,target_sentinel,F3
sift_100k,1,294,target_sentinel,F3
sift_100k,1,300,target_sentinel,F3
sift_100k,1,301,target_sentinel,F3
sift_100k,1,304,target_sentinel,F3
sift_100k,1,307,target_sentinel,F3
sift_100k,1,308,target_sentinel,F3
sift_100k,1,312,target_sentinel,F3
sift_100k,1,315,target_sentinel,F3
sift_100k,1,324,target_sentinel,F3
sift_100k,1,333,target_sentinel,F3
sift_100k,1,346,target_sentinel,F3
sift_100k,1,348,target_sentinel,F3
sift_100k,1,351,target_sentinel,F3
sift_100k,1,352,target_sentinel,F3
sift_100k,1,354,target_sentinel,F3
sift_100k,1,355,target_sentinel,F3
sift_100k,1,357,target_sentinel,F3
sift_100k,1,361,target_sentinel,F3
sift_100k,1,363,target_sentinel,F3
sift_100k,1,369,target_sentinel,F3
sift_100k,1,370,target_sentinel,F3
sift_100k,1,371,target_sentinel,F3
sift_100k,1,377,target_sentinel,F3
sift_100k,1,382,target_sentinel,F3
sift_100k,1,384,target_sentinel,F3
sift_100k,1,391,target_sentinel,F3
sift_100k,1,400,target_sentinel,F3
sift_100k,1,411,target_sentinel,F3
sift_100k,1,413,target_sentinel,F3
sift_100k,1,419,target_sentinel,F3
sift_100k,1,431,target_sentinel,F3
sift_100k,1,434,target_sentinel,F3
sift_100k,1,445,target_sentinel,F3
sift_100k,1,446,target_sentinel,F3
sift_100k,1,448,target_sentinel,F3
sift_100k,1,450,target_sentinel,F3
sift_100k,1,452,target_sentinel,F3
sift_100k,1,456,target_sentinel,F3
sift_100k,1,457,target_sentinel,F3
sift_100k,1,458,target_sentinel,F3
sift_100k,1,459,target_sentinel,F3
sift_100k,1,471,target_sentinel,F3
sift_100k,1,474,target_sentinel,F3
sift_100k,1,475,target_sentinel,F3
sift_100k,1,483,target_sentinel,F3
sift_100k,1,484,target_sentinel,F3
sift_100k,1,487,target_sentinel,F3
sift_100k,1,495,target_sentinel,F3
sift_100k,1,501,target_sentinel,F3
sift_100k,1,510,target_sentinel,F3
sift_100k,1,515,target_sentinel,F3
sift_100k,1,516,target_sentinel,F3
sift_100k,1,521,target_sentinel,F3
sift_100k,1,523,target_sentinel,F3
sift_100k,1,526,target_sentinel,F3
sift_100k,1,529,target_sentinel,F3
sift_100k,1,530,target_sentinel,F3
sift_100k,1,553,target_sentinel,F3
sift_100k,1,564,target_sentinel,F3
sift_100k,1,570,target_sentinel,F3
sift_100k,1,571,target_sentinel,F3
sift_100k,1,573,target_sentinel,F3
sift_100k,1,575,target_sentinel,F3
sift_100k,1,576,target_sentinel,F3
sift_100k,1,585,target_sentinel,F3
sift_100k,1,586,target_sentinel,F3
sift_100k,1,587,target_sentinel,F3
sift_100k,1,589,target_sentinel,F3
sift_100k,1,594,target_sentinel,F3
sift_100k,1,597,target_sentinel,F3
sift_100k,1,603,target_sentinel,F3
sift_100k,1,610,target_sentinel,F3
sift_100k,1,613,target_sentinel,F3
sift_100k,1,618,target_sentinel,F3
sift_100k,1,627,target_sentinel,F3
sift_100k,1,628,target_sentinel,F3
sift_100k,1,633,target_sentinel,F3
sift_100k,1,634,target_sentinel,F3
sift_100k,1,643,target_sentinel,F3
sift_100k,1,647,target_sentinel,F3
sift_100k,1,649,target_sentinel,F3
sift_100k,1,651,target_sentinel,F3
sift_100k,1,661,target_sentinel,F3
sift_100k,1,664,target_sentinel,F3
sift_100k,1,669,target_sentinel,F3
sift_100k,1,670,target_sentinel,F3
sift_100k,1,671,target_sentinel,F3
sift_100k,1,680,target_sentinel,F3
sift_100k,1,681,target_sentinel,F3
sift_100k,1,684,target_sentinel,F3
sift_100k,1,685,target_sentinel,F3
sift_100k,1,687,target_sentinel,F3
sift_100k,1,690,target_sentinel,F3
sift_100k,1,692,target_sentinel,F3
sift_100k,1,694,target_sentinel,F3
sift_100k,1,695,target_sentinel,F3
sift_100k,1,696,target_sentinel,F3
sift_100k,1,708,target_sentinel,F3
sift_100k,1,717,target_sentinel,F3
sift_100k,1,719,target_sentinel,F3
sift_100k,1,721,target_sentinel,F3
sift_100k,1,725,target_sentinel,F3
sift_100k,1,735,target_sentinel,F3
sift_100k,1,738,target_sentinel,F3
sift_100k,1,740,target_sentinel,F3
sift_100k,1,745,target_sentinel,F3
sift_100k,1,747,target_sentinel,F3
sift_100k,1,750,target_sentinel,F3
sift_100k,1,751,target_sentinel,F3
sift_100k,1,756,target_sentinel,F3
sift_100k,1,757,target_sentinel,F3
sift_100k,1,760,target_sentinel,F3
sift_100k,1,763,target_sentinel,F3
sift_100k,1,768,target_sentinel,F3
sift_100k,1,769,target_sentinel,F3
sift_100k,1,775,target_sentinel,F3
sift_100k,1,776,target_sentinel,F3
sift_100k,1,777,target_sentinel,F3
sift_100k,1,783,target_sentinel,F3
sift_100k,1,786,target_sentinel,F3
sift_100k,1,787,target_sentinel,F3
sift_100k,1,788,target_sentinel,F3
sift_100k,1,791,target_sentinel,F3
sift_100k,1,793,target_sentinel,F3
sift_100k,1,803,target_sentinel,F3
sift_100k,1,805,target_sentinel,F3
sift_100k,1,816,target_sentinel,F3
sift_100k,1,818,target_sentinel,F3
sift_100k,1,819,target_sentinel,F3
sift_100k,1,820,target_sentinel,F3
sift_100k,1,825,target_sentinel,F3
sift_100k,1,829,target_sentinel,F3
sift_100k,1,831,target_sentinel,F3
sift_100k,1,836,target_sentinel,F3
sift_100k,1,843,target_sentinel,F3
sift_100k,1,844,target_sentinel,F3
sift_100k,1,846,target_sentinel,F3
sift_100k,1,849,target_sentinel,F3
sift_100k,1,852,target_sentinel,F3
sift_100k,1,860,target_sentinel,F3
sift_100k,1,868,target_sentinel,F3
sift_100k,1,869,target_sentinel,F3
sift_100k,1,870,target_sentinel,F3
sift_100k,1,875,target_sentinel,F3
sift_100k,1,876,target_sentinel,F3
sift_100k,1,883,target_sentinel,F3
sift_100k,1,896,target_sentinel,F3
sift_100k,1,898,target_sentinel,F3
sift_100k,1,902,target_sentinel,F3
sift_100k,1,907,target_sentinel,F3
sift_100k,1,912,target_sentinel,F3
sift_100k,1,914,target_sentinel,F3
sift_100k,1,915,target_sentinel,F3
sift_100k,1,922,target_sentinel,F3
sift_100k,1,925,target_sentinel,F3
sift_100k,1,926,target_sentinel,F3
sift_100k,1,928,target_sentinel,F3
sift_100k,1,933,target_sentinel,F3
sift_100k,1,934,target_sentinel,F3
sift_100k,1,935,target_sentinel,F3
sift_100k,1,944,target_sentinel,F3
sift_100k,1,945,target_sentinel,F3
sift_100k,1,947,target_sentinel,F3
sift_100k,1,953,target_sentinel,F3
sift_100k,1,959,target_sentinel,F3
sift_100k,1,960,target_sentinel,F3
sift_100k,1,962,target_sentinel,F3
sift_100k,1,965,target_sentinel,F3
sift_100k,1,966,target_sentinel,F3
sift_100k,1,970,target_sentinel,F3
sift_100k,1,973,target_sentinel,F3
sift_100k,1,979,target_sentinel,F3
sift_100k,1,995,target_sentinel,F3
sift_100k,1,999,target_sentinel,F3
sift_100k,1,11,target_evaluation,F0
sift_100k,1,13,target_evaluation,F0
sift_100k,1,15,target_evaluation,F0
sift_100k,1,23,target_evaluation,F0
sift_100k,1,25,target_evaluation,F0
sift_100k,1,29,target_evaluation,F0
sift_100k,1,30,target_evaluation,F0
sift_100k,1,36,target_evaluation,F0
sift_100k,1,37,target_evaluation,F0
sift_100k,1,39,target_evaluation,F0
sift_100k,1,49,target_evaluation,F0
sift_100k,1,51,target_evaluation,F0
sift_100k,1,61,target_evaluation,F0
sift_100k,1,62,target_evaluation,F0
sift_100k,1,69,target_evaluation,F0
sift_100k,1,72,target_evaluation,F0
sift_100k,1,75,target_evaluation,F0
sift_100k,1,77,target_evaluation,F0
sift_100k,1,91,target_evaluation,F0
sift_100k,1,94,target_evaluation,F0
sift_100k,1,102,target_evaluation,F0
sift_100k,1,105,target_evaluation,F0
sift_100k,1,109,target_evaluation,F0
sift_100k,1,111,target_evaluation,F0
sift_100k,1,115,target_evaluation,F0
sift_100k,1,116,target_evaluation,F0
sift_100k,1,121,target_evaluation,F0
sift_100k,1,125,target_evaluation,F0
sift_100k,1,127,target_evaluation,F0
sift_100k,1,132,target_evaluation,F0
sift_100k,1,133,target_evaluation,F0
sift_100k,1,134,target_evaluation,F0
sift_100k,1,141,target_evaluation,F0
sift_100k,1,146,target_evaluation,F0
sift_100k,1,147,target_evaluation,F0
sift_100k,1,153,target_evaluation,F0
sift_100k,1,154,target_evaluation,F0
sift_100k,1,155,target_evaluation,F0
sift_100k,1,161,target_evaluation,F0
sift_100k,1,162,target_evaluation,F0
sift_100k,1,171,target_evaluation,F0
sift_100k,1,175,target_evaluation,F0
sift_100k,1,176,target_evaluation,F0
sift_100k,1,177,target_evaluation,F0
sift_100k,1,178,target_evaluation,F0
sift_100k,1,184,target_evaluation,F0
sift_100k,1,185,target_evaluation,F0
sift_100k,1,188,target_evaluation,F0
sift_100k,1,201,target_evaluation,F0
sift_100k,1,203,target_evaluation,F0
sift_100k,1,204,target_evaluation,F0
sift_100k,1,209,target_evaluation,F0
sift_100k,1,211,target_evaluation,F0
sift_100k,1,215,target_evaluation,F0
sift_100k,1,216,target_evaluation,F0
sift_100k,1,225,target_evaluation,F0
sift_100k,1,230,target_evaluation,F0
sift_100k,1,236,target_evaluation,F0
sift_100k,1,242,target_evaluation,F0
sift_100k,1,244,target_evaluation,F0
sift_100k,1,245,target_evaluation,F0
sift_100k,1,250,target_evaluation,F0
sift_100k,1,251,target_evaluation,F0
sift_100k,1,254,target_evaluation,F0
sift_100k,1,268,target_evaluation,F0
sift_100k,1,274,target_evaluation,F0
sift_100k,1,282,target_evaluation,F0
sift_100k,1,284,target_evaluation,F0
sift_100k,1,286,target_evaluation,F0
sift_100k,1,291,target_evaluation,F0
sift_100k,1,292,target_evaluation,F0
sift_100k,1,293,target_evaluation,F0
sift_100k,1,295,target_evaluation,F0
sift_100k,1,297,target_evaluation,F0
sift_100k,1,310,target_evaluation,F0
sift_100k,1,318,target_evaluation,F0
sift_100k,1,319,target_evaluation,F0
sift_100k,1,322,target_evaluation,F0
sift_100k,1,323,target_evaluation,F0
sift_100k,1,329,target_evaluation,F0
sift_100k,1,332,target_evaluation,F0
sift_100k,1,334,target_evaluation,F0
sift_100k,1,336,target_evaluation,F0
sift_100k,1,337,target_evaluation,F0
sift_100k,1,338,target_evaluation,F0
sift_100k,1,339,target_evaluation,F0
sift_100k,1,340,target_evaluation,F0
sift_100k,1,345,target_evaluation,F0
sift_100k,1,347,target_evaluation,F0
sift_100k,1,350,target_evaluation,F0
sift_100k,1,353,target_evaluation,F0
sift_100k,1,356,target_evaluation,F0
sift_100k,1,374,target_evaluation,F0
sift_100k,1,375,target_evaluation,F0
sift_100k,1,376,target_evaluation,F0
sift_100k,1,378,target_evaluation,F0
sift_100k,1,380,target_evaluation,F0
sift_100k,1,381,target_evaluation,F0
sift_100k,1,386,target_evaluation,F0
sift_100k,1,388,target_evaluation,F0
sift_100k,1,390,target_evaluation,F0
sift_100k,1,392,target_evaluation,F0
sift_100k,1,393,target_evaluation,F0
sift_100k,1,394,target_evaluation,F0
sift_100k,1,397,target_evaluation,F0
sift_100k,1,403,target_evaluation,F0
sift_100k,1,406,target_evaluation,F0
sift_100k,1,408,target_evaluation,F0
sift_100k,1,414,target_evaluation,F0
sift_100k,1,415,target_evaluation,F0
sift_100k,1,426,target_evaluation,F0
sift_100k,1,430,target_evaluation,F0
sift_100k,1,440,target_evaluation,F0
sift_100k,1,455,target_evaluation,F0
sift_100k,1,462,target_evaluation,F0
sift_100k,1,465,target_evaluation,F0
sift_100k,1,472,target_evaluation,F0
sift_100k,1,473,target_evaluation,F0
sift_100k,1,477,target_evaluation,F0
sift_100k,1,479,target_evaluation,F0
sift_100k,1,489,target_evaluation,F0
sift_100k,1,492,target_evaluation,F0
sift_100k,1,494,target_evaluation,F0
sift_100k,1,496,target_evaluation,F0
sift_100k,1,500,target_evaluation,F0
sift_100k,1,502,target_evaluation,F0
sift_100k,1,506,target_evaluation,F0
sift_100k,1,507,target_evaluation,F0
sift_100k,1,511,target_evaluation,F0
sift_100k,1,512,target_evaluation,F0
sift_100k,1,519,target_evaluation,F0
sift_100k,1,520,target_evaluation,F0
sift_100k,1,534,target_evaluation,F0
sift_100k,1,537,target_evaluation,F0
sift_100k,1,538,target_evaluation,F0
sift_100k,1,557,target_evaluation,F0
sift_100k,1,559,target_evaluation,F0
sift_100k,1,561,target_evaluation,F0
sift_100k,1,565,target_evaluation,F0
sift_100k,1,579,target_evaluation,F0
sift_100k,1,580,target_evaluation,F0
sift_100k,1,582,target_evaluation,F0
sift_100k,1,590,target_evaluation,F0
sift_100k,1,591,target_evaluation,F0
sift_100k,1,592,target_evaluation,F0
sift_100k,1,595,target_evaluation,F0
sift_100k,1,598,target_evaluation,F0
sift_100k,1,604,target_evaluation,F0
sift_100k,1,611,target_evaluation,F0
sift_100k,1,612,target_evaluation,F0
sift_100k,1,630,target_evaluation,F0
sift_100k,1,631,target_evaluation,F0
sift_100k,1,635,target_evaluation,F0
sift_100k,1,644,target_evaluation,F0
sift_100k,1,646,target_evaluation,F0
sift_100k,1,648,target_evaluation,F0
sift_100k,1,650,target_evaluation,F0
sift_100k,1,660,target_evaluation,F0
sift_100k,1,662,target_evaluation,F0
sift_100k,1,675,target_evaluation,F0
sift_100k,1,682,target_evaluation,F0
sift_100k,1,686,target_evaluation,F0
sift_100k,1,691,target_evaluation,F0
sift_100k,1,703,target_evaluation,F0
sift_100k,1,704,target_evaluation,F0
sift_100k,1,705,target_evaluation,F0
sift_100k,1,707,target_evaluation,F0
sift_100k,1,709,target_evaluation,F0
sift_100k,1,714,target_evaluation,F0
sift_100k,1,722,target_evaluation,F0
sift_100k,1,723,target_evaluation,F0
sift_100k,1,728,target_evaluation,F0
sift_100k,1,732,target_evaluation,F0
sift_100k,1,733,target_evaluation,F0
sift_100k,1,734,target_evaluation,F0
sift_100k,1,739,target_evaluation,F0
sift_100k,1,741,target_evaluation,F0
sift_100k,1,742,target_evaluation,F0
sift_100k,1,744,target_evaluation,F0
sift_100k,1,746,target_evaluation,F0
sift_100k,1,753,target_evaluation,F0
sift_100k,1,764,target_evaluation,F0
sift_100k,1,770,target_evaluation,F0
sift_100k,1,778,target_evaluation,F0
sift_100k,1,781,target_evaluation,F0
sift_100k,1,785,target_evaluation,F0
sift_100k,1,789,target_evaluation,F0
sift_100k,1,790,target_evaluation,F0
sift_100k,1,792,target_evaluation,F0
sift_100k,1,801,target_evaluation,F0
sift_100k,1,808,target_evaluation,F0
sift_100k,1,810,target_evaluation,F0
sift_100k,1,813,target_evaluation,F0
sift_100k,1,814,target_evaluation,F0
sift_100k,1,815,target_evaluation,F0
sift_100k,1,817,target_evaluation,F0
sift_100k,1,821,target_evaluation,F0
sift_100k,1,826,target_evaluation,F0
sift_100k,1,827,target_evaluation,F0
sift_100k,1,830,target_evaluation,F0
sift_100k,1,833,target_evaluation,F0
sift_100k,1,835,target_evaluation,F0
sift_100k,1,838,target_evaluation,F0
sift_100k,1,841,target_evaluation,F0
sift_100k,1,848,target_evaluation,F0
sift_100k,1,850,target_evaluation,F0
sift_100k,1,855,target_evaluation,F0
sift_100k,1,857,target_evaluation,F0
sift_100k,1,862,target_evaluation,F0
sift_100k,1,871,target_evaluation,F0
sift_100k,1,872,target_evaluation,F0
sift_100k,1,873,target_evaluation,F0
sift_100k,1,874,target_evaluation,F0
sift_100k,1,877,target_evaluation,F0
sift_100k,1,879,target_evaluation,F0
sift_100k,1,882,target_evaluation,F0
sift_100k,1,885,target_evaluation,F0
sift_100k,1,889,target_evaluation,F0
sift_100k,1,890,target_evaluation,F0
sift_100k,1,899,target_evaluation,F0
sift_100k,1,900,target_evaluation,F0
sift_100k,1,901,target_evaluation,F0
sift_100k,1,903,target_evaluation,F0
sift_100k,1,908,target_evaluation,F0
sift_100k,1,911,target_evaluation,F0
sift_100k,1,916,target_evaluation,F0
sift_100k,1,919,target_evaluation,F0
sift_100k,1,924,target_evaluation,F0
sift_100k,1,929,target_evaluation,F0
sift_100k,1,930,target_evaluation,F0
sift_100k,1,936,target_evaluation,F0
sift_100k,1,941,target_evaluation,F0
sift_100k,1,942,target_evaluation,F0
sift_100k,1,948,target_evaluation,F0
sift_100k,1,949,target_evaluation,F0
sift_100k,1,951,target_evaluation,F0
sift_100k,1,961,target_evaluation,F0
sift_100k,1,963,target_evaluation,F0
sift_100k,1,972,target_evaluation,F0
sift_100k,1,980,target_evaluation,F0
sift_100k,1,981,target_evaluation,F0
sift_100k,1,982,target_evaluation,F0
sift_100k,1,983,target_evaluation,F0
sift_100k,1,984,target_evaluation,F0
sift_100k,1,987,target_evaluation,F0
sift_100k,1,988,target_evaluation,F0
sift_100k,1,992,target_evaluation,F0
sift_100k,1,993,target_evaluation,F0
sift_100k,1,996,target_evaluation,F0
sift_100k,1,997,target_evaluation,F0
sift_100k,2,2,source_train,F2
sift_100k,2,4,source_train,F2
sift_100k,2,5,source_train,F2
sift_100k,2,6,source_train,F2
sift_100k,2,8,source_train,F2
sift_100k,2,16,source_train,F2
sift_100k,2,17,source_train,F2
sift_100k,2,18,source_train,F2
sift_100k,2,24,source_train,F2
sift_100k,2,27,source_train,F2
sift_100k,2,32,source_train,F2
sift_100k,2,40,source_train,F2
sift_100k,2,41,source_train,F2
sift_100k,2,45,source_train,F2
sift_100k,2,48,source_train,F2
sift_100k,2,50,source_train,F2
sift_100k,2,52,source_train,F2
sift_100k,2,53,source_train,F2
sift_100k,2,56,source_train,F2
sift_100k,2,60,source_train,F2
sift_100k,2,65,source_train,F2
sift_100k,2,70,source_train,F2
sift_100k,2,74,source_train,F2
sift_100k,2,80,source_train,F2
sift_100k,2,82,source_train,F2
sift_100k,2,85,source_train,F2
sift_100k,2,97,source_train,F2
sift_100k,2,100,source_train,F2
sift_100k,2,106,source_train,F2
sift_100k,2,107,source_train,F2
sift_100k,2,114,source_train,F2
sift_100k,2,120,source_train,F2
sift_100k,2,136,source_train,F2
sift_100k,2,149,source_train,F2
sift_100k,2,150,source_train,F2
sift_100k,2,158,source_train,F2
sift_100k,2,163,source_train,F2
sift_100k,2,180,source_train,F2
sift_100k,2,181,source_train,F2
sift_100k,2,182,source_train,F2
sift_100k,2,190,source_train,F2
sift_100k,2,191,source_train,F2
sift_100k,2,193,source_train,F2
sift_100k,2,195,source_train,F2
sift_100k,2,198,source_train,F2
sift_100k,2,199,source_train,F2
sift_100k,2,205,source_train,F2
sift_100k,2,206,source_train,F2
sift_100k,2,207,source_train,F2
sift_100k,2,214,source_train,F2
sift_100k,2,218,source_train,F2
sift_100k,2,220,source_train,F2
sift_100k,2,223,source_train,F2
sift_100k,2,224,source_train,F2
sift_100k,2,228,source_train,F2
sift_100k,2,229,source_train,F2
sift_100k,2,235,source_train,F2
sift_100k,2,243,source_train,F2
sift_100k,2,246,source_train,F2
sift_100k,2,249,source_train,F2
sift_100k,2,261,source_train,F2
sift_100k,2,262,source_train,F2
sift_100k,2,270,source_train,F2
sift_100k,2,271,source_train,F2
sift_100k,2,278,source_train,F2
sift_100k,2,280,source_train,F2
sift_100k,2,283,source_train,F2
sift_100k,2,287,source_train,F2
sift_100k,2,289,source_train,F2
sift_100k,2,290,source_train,F2
sift_100k,2,303,source_train,F2
sift_100k,2,306,source_train,F2
sift_100k,2,311,source_train,F2
sift_100k,2,313,source_train,F2
sift_100k,2,316,source_train,F2
sift_100k,2,317,source_train,F2
sift_100k,2,325,source_train,F2
sift_100k,2,327,source_train,F2
sift_100k,2,328,source_train,F2
sift_100k,2,342,source_train,F2
sift_100k,2,343,source_train,F2
sift_100k,2,344,source_train,F2
sift_100k,2,358,source_train,F2
sift_100k,2,364,source_train,F2
sift_100k,2,365,source_train,F2
sift_100k,2,367,source_train,F2
sift_100k,2,368,source_train,F2
sift_100k,2,373,source_train,F2
sift_100k,2,383,source_train,F2
sift_100k,2,385,source_train,F2
sift_100k,2,389,source_train,F2
sift_100k,2,396,source_train,F2
sift_100k,2,398,source_train,F2
sift_100k,2,399,source_train,F2
sift_100k,2,402,source_train,F2
sift_100k,2,405,source_train,F2
sift_100k,2,407,source_train,F2
sift_100k,2,412,source_train,F2
sift_100k,2,416,source_train,F2
sift_100k,2,418,source_train,F2
sift_100k,2,421,source_train,F2
sift_100k,2,422,source_train,F2
sift_100k,2,425,source_train,F2
sift_100k,2,428,source_train,F2
sift_100k,2,429,source_train,F2
sift_100k,2,433,source_train,F2
sift_100k,2,436,source_train,F2
sift_100k,2,437,source_train,F2
sift_100k,2,439,source_train,F2
sift_100k,2,441,source_train,F2
sift_100k,2,443,source_train,F2
sift_100k,2,444,source_train,F2
sift_100k,2,449,source_train,F2
sift_100k,2,451,source_train,F2
sift_100k,2,454,source_train,F2
sift_100k,2,460,source_train,F2
sift_100k,2,461,source_train,F2
sift_100k,2,464,source_train,F2
sift_100k,2,466,source_train,F2
sift_100k,2,468,source_train,F2
sift_100k,2,476,source_train,F2
sift_100k,2,481,source_train,F2
sift_100k,2,485,source_train,F2
sift_100k,2,486,source_train,F2
sift_100k,2,488,source_train,F2
sift_100k,2,491,source_train,F2
sift_100k,2,497,source_train,F2
sift_100k,2,499,source_train,F2
sift_100k,2,505,source_train,F2
sift_100k,2,514,source_train,F2
sift_100k,2,517,source_train,F2
sift_100k,2,518,source_train,F2
sift_100k,2,524,source_train,F2
sift_100k,2,525,source_train,F2
sift_100k,2,527,source_train,F2
sift_100k,2,531,source_train,F2
sift_100k,2,532,source_train,F2
sift_100k,2,533,source_train,F2
sift_100k,2,535,source_train,F2
sift_100k,2,536,source_train,F2
sift_100k,2,539,source_train,F2
sift_100k,2,541,source_train,F2
sift_100k,2,542,source_train,F2
sift_100k,2,543,source_train,F2
sift_100k,2,544,source_train,F2
sift_100k,2,545,source_train,F2
sift_100k,2,550,source_train,F2
sift_100k,2,552,source_train,F2
sift_100k,2,558,source_train,F2
sift_100k,2,560,source_train,F2
sift_100k,2,567,source_train,F2
sift_100k,2,572,source_train,F2
sift_100k,2,577,source_train,F2
sift_100k,2,578,source_train,F2
sift_100k,2,584,source_train,F2
sift_100k,2,593,source_train,F2
sift_100k,2,596,source_train,F2
sift_100k,2,599,source_train,F2
sift_100k,2,600,source_train,F2
sift_100k,2,601,source_train,F2
sift_100k,2,602,source_train,F2
sift_100k,2,606,source_train,F2
sift_100k,2,615,source_train,F2
sift_100k,2,617,source_train,F2
sift_100k,2,619,source_train,F2
sift_100k,2,620,source_train,F2
sift_100k,2,622,source_train,F2
sift_100k,2,624,source_train,F2
sift_100k,2,625,source_train,F2
sift_100k,2,637,source_train,F2
sift_100k,2,639,source_train,F2
sift_100k,2,640,source_train,F2
sift_100k,2,656,source_train,F2
sift_100k,2,658,source_train,F2
sift_100k,2,668,source_train,F2
sift_100k,2,674,source_train,F2
sift_100k,2,678,source_train,F2
sift_100k,2,688,source_train,F2
sift_100k,2,693,source_train,F2
sift_100k,2,697,source_train,F2
sift_100k,2,698,source_train,F2
sift_100k,2,702,source_train,F2
sift_100k,2,710,source_train,F2
sift_100k,2,712,source_train,F2
sift_100k,2,715,source_train,F2
sift_100k,2,718,source_train,F2
sift_100k,2,724,source_train,F2
sift_100k,2,729,source_train,F2
sift_100k,2,730,source_train,F2
sift_100k,2,731,source_train,F2
sift_100k,2,736,source_train,F2
sift_100k,2,737,source_train,F2
sift_100k,2,749,source_train,F2
sift_100k,2,766,source_train,F2
sift_100k,2,767,source_train,F2
sift_100k,2,774,source_train,F2
sift_100k,2,782,source_train,F2
sift_100k,2,784,source_train,F2
sift_100k,2,795,source_train,F2
sift_100k,2,796,source_train,F2
sift_100k,2,797,source_train,F2
sift_100k,2,798,source_train,F2
sift_100k,2,799,source_train,F2
sift_100k,2,800,source_train,F2
sift_100k,2,804,source_train,F2
sift_100k,2,812,source_train,F2
sift_100k,2,824,source_train,F2
sift_100k,2,828,source_train,F2
sift_100k,2,832,source_train,F2
sift_100k,2,837,source_train,F2
sift_100k,2,840,source_train,F2
sift_100k,2,842,source_train,F2
sift_100k,2,847,source_train,F2
sift_100k,2,851,source_train,F2
sift_100k,2,854,source_train,F2
sift_100k,2,856,source_train,F2
sift_100k,2,859,source_train,F2
sift_100k,2,864,source_train,F2
sift_100k,2,865,source_train,F2
sift_100k,2,866,source_train,F2
sift_100k,2,867,source_train,F2
sift_100k,2,878,source_train,F2
sift_100k,2,881,source_train,F2
sift_100k,2,886,source_train,F2
sift_100k,2,888,source_train,F2
sift_100k,2,891,source_train,F2
sift_100k,2,892,source_train,F2
sift_100k,2,894,source_train,F2
sift_100k,2,895,source_train,F2
sift_100k,2,905,source_train,F2
sift_100k,2,918,source_train,F2
sift_100k,2,921,source_train,F2
sift_100k,2,923,source_train,F2
sift_100k,2,932,source_train,F2
sift_100k,2,937,source_train,F2
sift_100k,2,940,source_train,F2
sift_100k,2,946,source_train,F2
sift_100k,2,950,source_train,F2
sift_100k,2,952,source_train,F2
sift_100k,2,954,source_train,F2
sift_100k,2,955,source_train,F2
sift_100k,2,958,source_train,F2
sift_100k,2,967,source_train,F2
sift_100k,2,974,source_train,F2
sift_100k,2,975,source_train,F2
sift_100k,2,978,source_train,F2
sift_100k,2,985,source_train,F2
sift_100k,2,986,source_train,F2
sift_100k,2,990,source_train,F2
sift_100k,2,991,source_train,F2
sift_100k,2,1,source_calibration,F3
sift_100k,2,3,source_calibration,F3
sift_100k,2,7,source_calibration,F3
sift_100k,2,9,source_calibration,F3
sift_100k,2,10,source_calibration,F3
sift_100k,2,22,source_calibration,F3
sift_100k,2,28,source_calibration,F3
sift_100k,2,31,source_calibration,F3
sift_100k,2,34,source_calibration,F3
sift_100k,2,43,source_calibration,F3
sift_100k,2,44,source_calibration,F3
sift_100k,2,47,source_calibration,F3
sift_100k,2,54,source_calibration,F3
sift_100k,2,55,source_calibration,F3
sift_100k,2,57,source_calibration,F3
sift_100k,2,59,source_calibration,F3
sift_100k,2,68,source_calibration,F3
sift_100k,2,76,source_calibration,F3
sift_100k,2,81,source_calibration,F3
sift_100k,2,83,source_calibration,F3
sift_100k,2,87,source_calibration,F3
sift_100k,2,89,source_calibration,F3
sift_100k,2,92,source_calibration,F3
sift_100k,2,101,source_calibration,F3
sift_100k,2,108,source_calibration,F3
sift_100k,2,110,source_calibration,F3
sift_100k,2,117,source_calibration,F3
sift_100k,2,124,source_calibration,F3
sift_100k,2,126,source_calibration,F3
sift_100k,2,128,source_calibration,F3
sift_100k,2,135,source_calibration,F3
sift_100k,2,138,source_calibration,F3
sift_100k,2,140,source_calibration,F3
sift_100k,2,148,source_calibration,F3
sift_100k,2,151,source_calibration,F3
sift_100k,2,152,source_calibration,F3
sift_100k,2,157,source_calibration,F3
sift_100k,2,159,source_calibration,F3
sift_100k,2,164,source_calibration,F3
sift_100k,2,166,source_calibration,F3
sift_100k,2,168,source_calibration,F3
sift_100k,2,169,source_calibration,F3
sift_100k,2,173,source_calibration,F3
sift_100k,2,179,source_calibration,F3
sift_100k,2,183,source_calibration,F3
sift_100k,2,186,source_calibration,F3
sift_100k,2,187,source_calibration,F3
sift_100k,2,189,source_calibration,F3
sift_100k,2,197,source_calibration,F3
sift_100k,2,202,source_calibration,F3
sift_100k,2,217,source_calibration,F3
sift_100k,2,219,source_calibration,F3
sift_100k,2,221,source_calibration,F3
sift_100k,2,222,source_calibration,F3
sift_100k,2,226,source_calibration,F3
sift_100k,2,227,source_calibration,F3
sift_100k,2,232,source_calibration,F3
sift_100k,2,233,source_calibration,F3
sift_100k,2,237,source_calibration,F3
sift_100k,2,238,source_calibration,F3
sift_100k,2,239,source_calibration,F3
sift_100k,2,247,source_calibration,F3
sift_100k,2,253,source_calibration,F3
sift_100k,2,255,source_calibration,F3
sift_100k,2,257,source_calibration,F3
sift_100k,2,259,source_calibration,F3
sift_100k,2,263,source_calibration,F3
sift_100k,2,264,source_calibration,F3
sift_100k,2,267,source_calibration,F3
sift_100k,2,272,source_calibration,F3
sift_100k,2,273,source_calibration,F3
sift_100k,2,275,source_calibration,F3
sift_100k,2,277,source_calibration,F3
sift_100k,2,279,source_calibration,F3
sift_100k,2,285,source_calibration,F3
sift_100k,2,288,source_calibration,F3
sift_100k,2,294,source_calibration,F3
sift_100k,2,300,source_calibration,F3
sift_100k,2,301,source_calibration,F3
sift_100k,2,304,source_calibration,F3
sift_100k,2,307,source_calibration,F3
sift_100k,2,308,source_calibration,F3
sift_100k,2,312,source_calibration,F3
sift_100k,2,315,source_calibration,F3
sift_100k,2,324,source_calibration,F3
sift_100k,2,333,source_calibration,F3
sift_100k,2,346,source_calibration,F3
sift_100k,2,348,source_calibration,F3
sift_100k,2,351,source_calibration,F3
sift_100k,2,352,source_calibration,F3
sift_100k,2,354,source_calibration,F3
sift_100k,2,355,source_calibration,F3
sift_100k,2,357,source_calibration,F3
sift_100k,2,361,source_calibration,F3
sift_100k,2,363,source_calibration,F3
sift_100k,2,369,source_calibration,F3
sift_100k,2,370,source_calibration,F3
sift_100k,2,371,source_calibration,F3
sift_100k,2,377,source_calibration,F3
sift_100k,2,382,source_calibration,F3
sift_100k,2,384,source_calibration,F3
sift_100k,2,391,source_calibration,F3
sift_100k,2,400,source_calibration,F3
sift_100k,2,411,source_calibration,F3
sift_100k,2,413,source_calibration,F3
sift_100k,2,419,source_calibration,F3
sift_100k,2,431,source_calibration,F3
sift_100k,2,434,source_calibration,F3
sift_100k,2,445,source_calibration,F3
sift_100k,2,446,source_calibration,F3
sift_100k,2,448,source_calibration,F3
sift_100k,2,450,source_calibration,F3
sift_100k,2,452,source_calibration,F3
sift_100k,2,456,source_calibration,F3
sift_100k,2,457,source_calibration,F3
sift_100k,2,458,source_calibration,F3
sift_100k,2,459,source_calibration,F3
sift_100k,2,471,source_calibration,F3
sift_100k,2,474,source_calibration,F3
sift_100k,2,475,source_calibration,F3
sift_100k,2,483,source_calibration,F3
sift_100k,2,484,source_calibration,F3
sift_100k,2,487,source_calibration,F3
sift_100k,2,495,source_calibration,F3
sift_100k,2,501,source_calibration,F3
sift_100k,2,510,source_calibration,F3
sift_100k,2,515,source_calibration,F3
sift_100k,2,516,source_calibration,F3
sift_100k,2,521,source_calibration,F3
sift_100k,2,523,source_calibration,F3
sift_100k,2,526,source_calibration,F3
sift_100k,2,529,source_calibration,F3
sift_100k,2,530,source_calibration,F3
sift_100k,2,553,source_calibration,F3
sift_100k,2,564,source_calibration,F3
sift_100k,2,570,source_calibration,F3
sift_100k,2,571,source_calibration,F3
sift_100k,2,573,source_calibration,F3
sift_100k,2,575,source_calibration,F3
sift_100k,2,576,source_calibration,F3
sift_100k,2,585,source_calibration,F3
sift_100k,2,586,source_calibration,F3
sift_100k,2,587,source_calibration,F3
sift_100k,2,589,source_calibration,F3
sift_100k,2,594,source_calibration,F3
sift_100k,2,597,source_calibration,F3
sift_100k,2,603,source_calibration,F3
sift_100k,2,610,source_calibration,F3
sift_100k,2,613,source_calibration,F3
sift_100k,2,618,source_calibration,F3
sift_100k,2,627,source_calibration,F3
sift_100k,2,628,source_calibration,F3
sift_100k,2,633,source_calibration,F3
sift_100k,2,634,source_calibration,F3
sift_100k,2,643,source_calibration,F3
sift_100k,2,647,source_calibration,F3
sift_100k,2,649,source_calibration,F3
sift_100k,2,651,source_calibration,F3
sift_100k,2,661,source_calibration,F3
sift_100k,2,664,source_calibration,F3
sift_100k,2,669,source_calibration,F3
sift_100k,2,670,source_calibration,F3
sift_100k,2,671,source_calibration,F3
sift_100k,2,680,source_calibration,F3
sift_100k,2,681,source_calibration,F3
sift_100k,2,684,source_calibration,F3
sift_100k,2,685,source_calibration,F3
sift_100k,2,687,source_calibration,F3
sift_100k,2,690,source_calibration,F3
sift_100k,2,692,source_calibration,F3
sift_100k,2,694,source_calibration,F3
sift_100k,2,695,source_calibration,F3
sift_100k,2,696,source_calibration,F3
sift_100k,2,708,source_calibration,F3
sift_100k,2,717,source_calibration,F3
sift_100k,2,719,source_calibration,F3
sift_100k,2,721,source_calibration,F3
sift_100k,2,725,source_calibration,F3
sift_100k,2,735,source_calibration,F3
sift_100k,2,738,source_calibration,F3
sift_100k,2,740,source_calibration,F3
sift_100k,2,745,source_calibration,F3
sift_100k,2,747,source_calibration,F3
sift_100k,2,750,source_calibration,F3
sift_100k,2,751,source_calibration,F3
sift_100k,2,756,source_calibration,F3
sift_100k,2,757,source_calibration,F3
sift_100k,2,760,source_calibration,F3
sift_100k,2,763,source_calibration,F3
sift_100k,2,768,source_calibration,F3
sift_100k,2,769,source_calibration,F3
sift_100k,2,775,source_calibration,F3
sift_100k,2,776,source_calibration,F3
sift_100k,2,777,source_calibration,F3
sift_100k,2,783,source_calibration,F3
sift_100k,2,786,source_calibration,F3
sift_100k,2,787,source_calibration,F3
sift_100k,2,788,source_calibration,F3
sift_100k,2,791,source_calibration,F3
sift_100k,2,793,source_calibration,F3
sift_100k,2,803,source_calibration,F3
sift_100k,2,805,source_calibration,F3
sift_100k,2,816,source_calibration,F3
sift_100k,2,818,source_calibration,F3
sift_100k,2,819,source_calibration,F3
sift_100k,2,820,source_calibration,F3
sift_100k,2,825,source_calibration,F3
sift_100k,2,829,source_calibration,F3
sift_100k,2,831,source_calibration,F3
sift_100k,2,836,source_calibration,F3
sift_100k,2,843,source_calibration,F3
sift_100k,2,844,source_calibration,F3
sift_100k,2,846,source_calibration,F3
sift_100k,2,849,source_calibration,F3
sift_100k,2,852,source_calibration,F3
sift_100k,2,860,source_calibration,F3
sift_100k,2,868,source_calibration,F3
sift_100k,2,869,source_calibration,F3
sift_100k,2,870,source_calibration,F3
sift_100k,2,875,source_calibration,F3
sift_100k,2,876,source_calibration,F3
sift_100k,2,883,source_calibration,F3
sift_100k,2,896,source_calibration,F3
sift_100k,2,898,source_calibration,F3
sift_100k,2,902,source_calibration,F3
sift_100k,2,907,source_calibration,F3
sift_100k,2,912,source_calibration,F3
sift_100k,2,914,source_calibration,F3
sift_100k,2,915,source_calibration,F3
sift_100k,2,922,source_calibration,F3
sift_100k,2,925,source_calibration,F3
sift_100k,2,926,source_calibration,F3
sift_100k,2,928,source_calibration,F3
sift_100k,2,933,source_calibration,F3
sift_100k,2,934,source_calibration,F3
sift_100k,2,935,source_calibration,F3
sift_100k,2,944,source_calibration,F3
sift_100k,2,945,source_calibration,F3
sift_100k,2,947,source_calibration,F3
sift_100k,2,953,source_calibration,F3
sift_100k,2,959,source_calibration,F3
sift_100k,2,960,source_calibration,F3
sift_100k,2,962,source_calibration,F3
sift_100k,2,965,source_calibration,F3
sift_100k,2,966,source_calibration,F3
sift_100k,2,970,source_calibration,F3
sift_100k,2,973,source_calibration,F3
sift_100k,2,979,source_calibration,F3
sift_100k,2,995,source_calibration,F3
sift_100k,2,999,source_calibration,F3
sift_100k,2,11,target_sentinel,F0
sift_100k,2,13,target_sentinel,F0
sift_100k,2,15,target_sentinel,F0
sift_100k,2,23,target_sentinel,F0
sift_100k,2,25,target_sentinel,F0
sift_100k,2,29,target_sentinel,F0
sift_100k,2,30,target_sentinel,F0
sift_100k,2,36,target_sentinel,F0
sift_100k,2,37,target_sentinel,F0
sift_100k,2,39,target_sentinel,F0
sift_100k,2,49,target_sentinel,F0
sift_100k,2,51,target_sentinel,F0
sift_100k,2,61,target_sentinel,F0
sift_100k,2,62,target_sentinel,F0
sift_100k,2,69,target_sentinel,F0
sift_100k,2,72,target_sentinel,F0
sift_100k,2,75,target_sentinel,F0
sift_100k,2,77,target_sentinel,F0
sift_100k,2,91,target_sentinel,F0
sift_100k,2,94,target_sentinel,F0
sift_100k,2,102,target_sentinel,F0
sift_100k,2,105,target_sentinel,F0
sift_100k,2,109,target_sentinel,F0
sift_100k,2,111,target_sentinel,F0
sift_100k,2,115,target_sentinel,F0
sift_100k,2,116,target_sentinel,F0
sift_100k,2,121,target_sentinel,F0
sift_100k,2,125,target_sentinel,F0
sift_100k,2,127,target_sentinel,F0
sift_100k,2,132,target_sentinel,F0
sift_100k,2,133,target_sentinel,F0
sift_100k,2,134,target_sentinel,F0
sift_100k,2,141,target_sentinel,F0
sift_100k,2,146,target_sentinel,F0
sift_100k,2,147,target_sentinel,F0
sift_100k,2,153,target_sentinel,F0
sift_100k,2,154,target_sentinel,F0
sift_100k,2,155,target_sentinel,F0
sift_100k,2,161,target_sentinel,F0
sift_100k,2,162,target_sentinel,F0
sift_100k,2,171,target_sentinel,F0
sift_100k,2,175,target_sentinel,F0
sift_100k,2,176,target_sentinel,F0
sift_100k,2,177,target_sentinel,F0
sift_100k,2,178,target_sentinel,F0
sift_100k,2,184,target_sentinel,F0
sift_100k,2,185,target_sentinel,F0
sift_100k,2,188,target_sentinel,F0
sift_100k,2,201,target_sentinel,F0
sift_100k,2,203,target_sentinel,F0
sift_100k,2,204,target_sentinel,F0
sift_100k,2,209,target_sentinel,F0
sift_100k,2,211,target_sentinel,F0
sift_100k,2,215,target_sentinel,F0
sift_100k,2,216,target_sentinel,F0
sift_100k,2,225,target_sentinel,F0
sift_100k,2,230,target_sentinel,F0
sift_100k,2,236,target_sentinel,F0
sift_100k,2,242,target_sentinel,F0
sift_100k,2,244,target_sentinel,F0
sift_100k,2,245,target_sentinel,F0
sift_100k,2,250,target_sentinel,F0
sift_100k,2,251,target_sentinel,F0
sift_100k,2,254,target_sentinel,F0
sift_100k,2,268,target_sentinel,F0
sift_100k,2,274,target_sentinel,F0
sift_100k,2,282,target_sentinel,F0
sift_100k,2,284,target_sentinel,F0
sift_100k,2,286,target_sentinel,F0
sift_100k,2,291,target_sentinel,F0
sift_100k,2,292,target_sentinel,F0
sift_100k,2,293,target_sentinel,F0
sift_100k,2,295,target_sentinel,F0
sift_100k,2,297,target_sentinel,F0
sift_100k,2,310,target_sentinel,F0
sift_100k,2,318,target_sentinel,F0
sift_100k,2,319,target_sentinel,F0
sift_100k,2,322,target_sentinel,F0
sift_100k,2,323,target_sentinel,F0
sift_100k,2,329,target_sentinel,F0
sift_100k,2,332,target_sentinel,F0
sift_100k,2,334,target_sentinel,F0
sift_100k,2,336,target_sentinel,F0
sift_100k,2,337,target_sentinel,F0
sift_100k,2,338,target_sentinel,F0
sift_100k,2,339,target_sentinel,F0
sift_100k,2,340,target_sentinel,F0
sift_100k,2,345,target_sentinel,F0
sift_100k,2,347,target_sentinel,F0
sift_100k,2,350,target_sentinel,F0
sift_100k,2,353,target_sentinel,F0
sift_100k,2,356,target_sentinel,F0
sift_100k,2,374,target_sentinel,F0
sift_100k,2,375,target_sentinel,F0
sift_100k,2,376,target_sentinel,F0
sift_100k,2,378,target_sentinel,F0
sift_100k,2,380,target_sentinel,F0
sift_100k,2,381,target_sentinel,F0
sift_100k,2,386,target_sentinel,F0
sift_100k,2,388,target_sentinel,F0
sift_100k,2,390,target_sentinel,F0
sift_100k,2,392,target_sentinel,F0
sift_100k,2,393,target_sentinel,F0
sift_100k,2,394,target_sentinel,F0
sift_100k,2,397,target_sentinel,F0
sift_100k,2,403,target_sentinel,F0
sift_100k,2,406,target_sentinel,F0
sift_100k,2,408,target_sentinel,F0
sift_100k,2,414,target_sentinel,F0
sift_100k,2,415,target_sentinel,F0
sift_100k,2,426,target_sentinel,F0
sift_100k,2,430,target_sentinel,F0
sift_100k,2,440,target_sentinel,F0
sift_100k,2,455,target_sentinel,F0
sift_100k,2,462,target_sentinel,F0
sift_100k,2,465,target_sentinel,F0
sift_100k,2,472,target_sentinel,F0
sift_100k,2,473,target_sentinel,F0
sift_100k,2,477,target_sentinel,F0
sift_100k,2,479,target_sentinel,F0
sift_100k,2,489,target_sentinel,F0
sift_100k,2,492,target_sentinel,F0
sift_100k,2,494,target_sentinel,F0
sift_100k,2,496,target_sentinel,F0
sift_100k,2,500,target_sentinel,F0
sift_100k,2,502,target_sentinel,F0
sift_100k,2,506,target_sentinel,F0
sift_100k,2,507,target_sentinel,F0
sift_100k,2,511,target_sentinel,F0
sift_100k,2,512,target_sentinel,F0
sift_100k,2,519,target_sentinel,F0
sift_100k,2,520,target_sentinel,F0
sift_100k,2,534,target_sentinel,F0
sift_100k,2,537,target_sentinel,F0
sift_100k,2,538,target_sentinel,F0
sift_100k,2,557,target_sentinel,F0
sift_100k,2,559,target_sentinel,F0
sift_100k,2,561,target_sentinel,F0
sift_100k,2,565,target_sentinel,F0
sift_100k,2,579,target_sentinel,F0
sift_100k,2,580,target_sentinel,F0
sift_100k,2,582,target_sentinel,F0
sift_100k,2,590,target_sentinel,F0
sift_100k,2,591,target_sentinel,F0
sift_100k,2,592,target_sentinel,F0
sift_100k,2,595,target_sentinel,F0
sift_100k,2,598,target_sentinel,F0
sift_100k,2,604,target_sentinel,F0
sift_100k,2,611,target_sentinel,F0
sift_100k,2,612,target_sentinel,F0
sift_100k,2,630,target_sentinel,F0
sift_100k,2,631,target_sentinel,F0
sift_100k,2,635,target_sentinel,F0
sift_100k,2,644,target_sentinel,F0
sift_100k,2,646,target_sentinel,F0
sift_100k,2,648,target_sentinel,F0
sift_100k,2,650,target_sentinel,F0
sift_100k,2,660,target_sentinel,F0
sift_100k,2,662,target_sentinel,F0
sift_100k,2,675,target_sentinel,F0
sift_100k,2,682,target_sentinel,F0
sift_100k,2,686,target_sentinel,F0
sift_100k,2,691,target_sentinel,F0
sift_100k,2,703,target_sentinel,F0
sift_100k,2,704,target_sentinel,F0
sift_100k,2,705,target_sentinel,F0
sift_100k,2,707,target_sentinel,F0
sift_100k,2,709,target_sentinel,F0
sift_100k,2,714,target_sentinel,F0
sift_100k,2,722,target_sentinel,F0
sift_100k,2,723,target_sentinel,F0
sift_100k,2,728,target_sentinel,F0
sift_100k,2,732,target_sentinel,F0
sift_100k,2,733,target_sentinel,F0
sift_100k,2,734,target_sentinel,F0
sift_100k,2,739,target_sentinel,F0
sift_100k,2,741,target_sentinel,F0
sift_100k,2,742,target_sentinel,F0
sift_100k,2,744,target_sentinel,F0
sift_100k,2,746,target_sentinel,F0
sift_100k,2,753,target_sentinel,F0
sift_100k,2,764,target_sentinel,F0
sift_100k,2,770,target_sentinel,F0
sift_100k,2,778,target_sentinel,F0
sift_100k,2,781,target_sentinel,F0
sift_100k,2,785,target_sentinel,F0
sift_100k,2,789,target_sentinel,F0
sift_100k,2,790,target_sentinel,F0
sift_100k,2,792,target_sentinel,F0
sift_100k,2,801,target_sentinel,F0
sift_100k,2,808,target_sentinel,F0
sift_100k,2,810,target_sentinel,F0
sift_100k,2,813,target_sentinel,F0
sift_100k,2,814,target_sentinel,F0
sift_100k,2,815,target_sentinel,F0
sift_100k,2,817,target_sentinel,F0
sift_100k,2,821,target_sentinel,F0
sift_100k,2,826,target_sentinel,F0
sift_100k,2,827,target_sentinel,F0
sift_100k,2,830,target_sentinel,F0
sift_100k,2,833,target_sentinel,F0
sift_100k,2,835,target_sentinel,F0
sift_100k,2,838,target_sentinel,F0
sift_100k,2,841,target_sentinel,F0
sift_100k,2,848,target_sentinel,F0
sift_100k,2,850,target_sentinel,F0
sift_100k,2,855,target_sentinel,F0
sift_100k,2,857,target_sentinel,F0
sift_100k,2,862,target_sentinel,F0
sift_100k,2,871,target_sentinel,F0
sift_100k,2,872,target_sentinel,F0
sift_100k,2,873,target_sentinel,F0
sift_100k,2,874,target_sentinel,F0
sift_100k,2,877,target_sentinel,F0
sift_100k,2,879,target_sentinel,F0
sift_100k,2,882,target_sentinel,F0
sift_100k,2,885,target_sentinel,F0
sift_100k,2,889,target_sentinel,F0
sift_100k,2,890,target_sentinel,F0
sift_100k,2,899,target_sentinel,F0
sift_100k,2,900,target_sentinel,F0
sift_100k,2,901,target_sentinel,F0
sift_100k,2,903,target_sentinel,F0
sift_100k,2,908,target_sentinel,F0
sift_100k,2,911,target_sentinel,F0
sift_100k,2,916,target_sentinel,F0
sift_100k,2,919,target_sentinel,F0
sift_100k,2,924,target_sentinel,F0
sift_100k,2,929,target_sentinel,F0
sift_100k,2,930,target_sentinel,F0
sift_100k,2,936,target_sentinel,F0
sift_100k,2,941,target_sentinel,F0
sift_100k,2,942,target_sentinel,F0
sift_100k,2,948,target_sentinel,F0
sift_100k,2,949,target_sentinel,F0
sift_100k,2,951,target_sentinel,F0
sift_100k,2,961,target_sentinel,F0
sift_100k,2,963,target_sentinel,F0
sift_100k,2,972,target_sentinel,F0
sift_100k,2,980,target_sentinel,F0
sift_100k,2,981,target_sentinel,F0
sift_100k,2,982,target_sentinel,F0
sift_100k,2,983,target_sentinel,F0
sift_100k,2,984,target_sentinel,F0
sift_100k,2,987,target_sentinel,F0
sift_100k,2,988,target_sentinel,F0
sift_100k,2,992,target_sentinel,F0
sift_100k,2,993,target_sentinel,F0
sift_100k,2,996,target_sentinel,F0
sift_100k,2,997,target_sentinel,F0
sift_100k,2,0,target_evaluation,F1
sift_100k,2,12,target_evaluation,F1
sift_100k,2,14,target_evaluation,F1
sift_100k,2,19,target_evaluation,F1
sift_100k,2,20,target_evaluation,F1
sift_100k,2,21,target_evaluation,F1
sift_100k,2,26,target_evaluation,F1
sift_100k,2,33,target_evaluation,F1
sift_100k,2,35,target_evaluation,F1
sift_100k,2,38,target_evaluation,F1
sift_100k,2,42,target_evaluation,F1
sift_100k,2,46,target_evaluation,F1
sift_100k,2,58,target_evaluation,F1
sift_100k,2,63,target_evaluation,F1
sift_100k,2,64,target_evaluation,F1
sift_100k,2,66,target_evaluation,F1
sift_100k,2,67,target_evaluation,F1
sift_100k,2,71,target_evaluation,F1
sift_100k,2,73,target_evaluation,F1
sift_100k,2,78,target_evaluation,F1
sift_100k,2,79,target_evaluation,F1
sift_100k,2,84,target_evaluation,F1
sift_100k,2,86,target_evaluation,F1
sift_100k,2,88,target_evaluation,F1
sift_100k,2,90,target_evaluation,F1
sift_100k,2,93,target_evaluation,F1
sift_100k,2,95,target_evaluation,F1
sift_100k,2,96,target_evaluation,F1
sift_100k,2,98,target_evaluation,F1
sift_100k,2,99,target_evaluation,F1
sift_100k,2,103,target_evaluation,F1
sift_100k,2,104,target_evaluation,F1
sift_100k,2,112,target_evaluation,F1
sift_100k,2,113,target_evaluation,F1
sift_100k,2,118,target_evaluation,F1
sift_100k,2,119,target_evaluation,F1
sift_100k,2,122,target_evaluation,F1
sift_100k,2,123,target_evaluation,F1
sift_100k,2,129,target_evaluation,F1
sift_100k,2,130,target_evaluation,F1
sift_100k,2,131,target_evaluation,F1
sift_100k,2,137,target_evaluation,F1
sift_100k,2,139,target_evaluation,F1
sift_100k,2,142,target_evaluation,F1
sift_100k,2,143,target_evaluation,F1
sift_100k,2,144,target_evaluation,F1
sift_100k,2,145,target_evaluation,F1
sift_100k,2,156,target_evaluation,F1
sift_100k,2,160,target_evaluation,F1
sift_100k,2,165,target_evaluation,F1
sift_100k,2,167,target_evaluation,F1
sift_100k,2,170,target_evaluation,F1
sift_100k,2,172,target_evaluation,F1
sift_100k,2,174,target_evaluation,F1
sift_100k,2,192,target_evaluation,F1
sift_100k,2,194,target_evaluation,F1
sift_100k,2,196,target_evaluation,F1
sift_100k,2,200,target_evaluation,F1
sift_100k,2,208,target_evaluation,F1
sift_100k,2,210,target_evaluation,F1
sift_100k,2,212,target_evaluation,F1
sift_100k,2,213,target_evaluation,F1
sift_100k,2,231,target_evaluation,F1
sift_100k,2,234,target_evaluation,F1
sift_100k,2,240,target_evaluation,F1
sift_100k,2,241,target_evaluation,F1
sift_100k,2,248,target_evaluation,F1
sift_100k,2,252,target_evaluation,F1
sift_100k,2,256,target_evaluation,F1
sift_100k,2,258,target_evaluation,F1
sift_100k,2,260,target_evaluation,F1
sift_100k,2,265,target_evaluation,F1
sift_100k,2,266,target_evaluation,F1
sift_100k,2,269,target_evaluation,F1
sift_100k,2,276,target_evaluation,F1
sift_100k,2,281,target_evaluation,F1
sift_100k,2,296,target_evaluation,F1
sift_100k,2,298,target_evaluation,F1
sift_100k,2,299,target_evaluation,F1
sift_100k,2,302,target_evaluation,F1
sift_100k,2,305,target_evaluation,F1
sift_100k,2,309,target_evaluation,F1
sift_100k,2,314,target_evaluation,F1
sift_100k,2,320,target_evaluation,F1
sift_100k,2,321,target_evaluation,F1
sift_100k,2,326,target_evaluation,F1
sift_100k,2,330,target_evaluation,F1
sift_100k,2,331,target_evaluation,F1
sift_100k,2,335,target_evaluation,F1
sift_100k,2,341,target_evaluation,F1
sift_100k,2,349,target_evaluation,F1
sift_100k,2,359,target_evaluation,F1
sift_100k,2,360,target_evaluation,F1
sift_100k,2,362,target_evaluation,F1
sift_100k,2,366,target_evaluation,F1
sift_100k,2,372,target_evaluation,F1
sift_100k,2,379,target_evaluation,F1
sift_100k,2,387,target_evaluation,F1
sift_100k,2,395,target_evaluation,F1
sift_100k,2,401,target_evaluation,F1
sift_100k,2,404,target_evaluation,F1
sift_100k,2,409,target_evaluation,F1
sift_100k,2,410,target_evaluation,F1
sift_100k,2,417,target_evaluation,F1
sift_100k,2,420,target_evaluation,F1
sift_100k,2,423,target_evaluation,F1
sift_100k,2,424,target_evaluation,F1
sift_100k,2,427,target_evaluation,F1
sift_100k,2,432,target_evaluation,F1
sift_100k,2,435,target_evaluation,F1
sift_100k,2,438,target_evaluation,F1
sift_100k,2,442,target_evaluation,F1
sift_100k,2,447,target_evaluation,F1
sift_100k,2,453,target_evaluation,F1
sift_100k,2,463,target_evaluation,F1
sift_100k,2,467,target_evaluation,F1
sift_100k,2,469,target_evaluation,F1
sift_100k,2,470,target_evaluation,F1
sift_100k,2,478,target_evaluation,F1
sift_100k,2,480,target_evaluation,F1
sift_100k,2,482,target_evaluation,F1
sift_100k,2,490,target_evaluation,F1
sift_100k,2,493,target_evaluation,F1
sift_100k,2,498,target_evaluation,F1
sift_100k,2,503,target_evaluation,F1
sift_100k,2,504,target_evaluation,F1
sift_100k,2,508,target_evaluation,F1
sift_100k,2,509,target_evaluation,F1
sift_100k,2,513,target_evaluation,F1
sift_100k,2,522,target_evaluation,F1
sift_100k,2,528,target_evaluation,F1
sift_100k,2,540,target_evaluation,F1
sift_100k,2,546,target_evaluation,F1
sift_100k,2,547,target_evaluation,F1
sift_100k,2,548,target_evaluation,F1
sift_100k,2,549,target_evaluation,F1
sift_100k,2,551,target_evaluation,F1
sift_100k,2,554,target_evaluation,F1
sift_100k,2,555,target_evaluation,F1
sift_100k,2,556,target_evaluation,F1
sift_100k,2,562,target_evaluation,F1
sift_100k,2,563,target_evaluation,F1
sift_100k,2,566,target_evaluation,F1
sift_100k,2,568,target_evaluation,F1
sift_100k,2,569,target_evaluation,F1
sift_100k,2,574,target_evaluation,F1
sift_100k,2,581,target_evaluation,F1
sift_100k,2,583,target_evaluation,F1
sift_100k,2,588,target_evaluation,F1
sift_100k,2,605,target_evaluation,F1
sift_100k,2,607,target_evaluation,F1
sift_100k,2,608,target_evaluation,F1
sift_100k,2,609,target_evaluation,F1
sift_100k,2,614,target_evaluation,F1
sift_100k,2,616,target_evaluation,F1
sift_100k,2,621,target_evaluation,F1
sift_100k,2,623,target_evaluation,F1
sift_100k,2,626,target_evaluation,F1
sift_100k,2,629,target_evaluation,F1
sift_100k,2,632,target_evaluation,F1
sift_100k,2,636,target_evaluation,F1
sift_100k,2,638,target_evaluation,F1
sift_100k,2,641,target_evaluation,F1
sift_100k,2,642,target_evaluation,F1
sift_100k,2,645,target_evaluation,F1
sift_100k,2,652,target_evaluation,F1
sift_100k,2,653,target_evaluation,F1
sift_100k,2,654,target_evaluation,F1
sift_100k,2,655,target_evaluation,F1
sift_100k,2,657,target_evaluation,F1
sift_100k,2,659,target_evaluation,F1
sift_100k,2,663,target_evaluation,F1
sift_100k,2,665,target_evaluation,F1
sift_100k,2,666,target_evaluation,F1
sift_100k,2,667,target_evaluation,F1
sift_100k,2,672,target_evaluation,F1
sift_100k,2,673,target_evaluation,F1
sift_100k,2,676,target_evaluation,F1
sift_100k,2,677,target_evaluation,F1
sift_100k,2,679,target_evaluation,F1
sift_100k,2,683,target_evaluation,F1
sift_100k,2,689,target_evaluation,F1
sift_100k,2,699,target_evaluation,F1
sift_100k,2,700,target_evaluation,F1
sift_100k,2,701,target_evaluation,F1
sift_100k,2,706,target_evaluation,F1
sift_100k,2,711,target_evaluation,F1
sift_100k,2,713,target_evaluation,F1
sift_100k,2,716,target_evaluation,F1
sift_100k,2,720,target_evaluation,F1
sift_100k,2,726,target_evaluation,F1
sift_100k,2,727,target_evaluation,F1
sift_100k,2,743,target_evaluation,F1
sift_100k,2,748,target_evaluation,F1
sift_100k,2,752,target_evaluation,F1
sift_100k,2,754,target_evaluation,F1
sift_100k,2,755,target_evaluation,F1
sift_100k,2,758,target_evaluation,F1
sift_100k,2,759,target_evaluation,F1
sift_100k,2,761,target_evaluation,F1
sift_100k,2,762,target_evaluation,F1
sift_100k,2,765,target_evaluation,F1
sift_100k,2,771,target_evaluation,F1
sift_100k,2,772,target_evaluation,F1
sift_100k,2,773,target_evaluation,F1
sift_100k,2,779,target_evaluation,F1
sift_100k,2,780,target_evaluation,F1
sift_100k,2,794,target_evaluation,F1
sift_100k,2,802,target_evaluation,F1
sift_100k,2,806,target_evaluation,F1
sift_100k,2,807,target_evaluation,F1
sift_100k,2,809,target_evaluation,F1
sift_100k,2,811,target_evaluation,F1
sift_100k,2,822,target_evaluation,F1
sift_100k,2,823,target_evaluation,F1
sift_100k,2,834,target_evaluation,F1
sift_100k,2,839,target_evaluation,F1
sift_100k,2,845,target_evaluation,F1
sift_100k,2,853,target_evaluation,F1
sift_100k,2,858,target_evaluation,F1
sift_100k,2,861,target_evaluation,F1
sift_100k,2,863,target_evaluation,F1
sift_100k,2,880,target_evaluation,F1
sift_100k,2,884,target_evaluation,F1
sift_100k,2,887,target_evaluation,F1
sift_100k,2,893,target_evaluation,F1
sift_100k,2,897,target_evaluation,F1
sift_100k,2,904,target_evaluation,F1
sift_100k,2,906,target_evaluation,F1
sift_100k,2,909,target_evaluation,F1
sift_100k,2,910,target_evaluation,F1
sift_100k,2,913,target_evaluation,F1
sift_100k,2,917,target_evaluation,F1
sift_100k,2,920,target_evaluation,F1
sift_100k,2,927,target_evaluation,F1
sift_100k,2,931,target_evaluation,F1
sift_100k,2,938,target_evaluation,F1
sift_100k,2,939,target_evaluation,F1
sift_100k,2,943,target_evaluation,F1
sift_100k,2,956,target_evaluation,F1
sift_100k,2,957,target_evaluation,F1
sift_100k,2,964,target_evaluation,F1
sift_100k,2,968,target_evaluation,F1
sift_100k,2,969,target_evaluation,F1
sift_100k,2,971,target_evaluation,F1
sift_100k,2,976,target_evaluation,F1
sift_100k,2,977,target_evaluation,F1
sift_100k,2,989,target_evaluation,F1
sift_100k,2,994,target_evaluation,F1
sift_100k,2,998,target_evaluation,F1
sift_100k,3,1,source_train,F3
sift_100k,3,3,source_train,F3
sift_100k,3,7,source_train,F3
sift_100k,3,9,source_train,F3
sift_100k,3,10,source_train,F3
sift_100k,3,22,source_train,F3
sift_100k,3,28,source_train,F3
sift_100k,3,31,source_train,F3
sift_100k,3,34,source_train,F3
sift_100k,3,43,source_train,F3
sift_100k,3,44,source_train,F3
sift_100k,3,47,source_train,F3
sift_100k,3,54,source_train,F3
sift_100k,3,55,source_train,F3
sift_100k,3,57,source_train,F3
sift_100k,3,59,source_train,F3
sift_100k,3,68,source_train,F3
sift_100k,3,76,source_train,F3
sift_100k,3,81,source_train,F3
sift_100k,3,83,source_train,F3
sift_100k,3,87,source_train,F3
sift_100k,3,89,source_train,F3
sift_100k,3,92,source_train,F3
sift_100k,3,101,source_train,F3
sift_100k,3,108,source_train,F3
sift_100k,3,110,source_train,F3
sift_100k,3,117,source_train,F3
sift_100k,3,124,source_train,F3
sift_100k,3,126,source_train,F3
sift_100k,3,128,source_train,F3
sift_100k,3,135,source_train,F3
sift_100k,3,138,source_train,F3
sift_100k,3,140,source_train,F3
sift_100k,3,148,source_train,F3
sift_100k,3,151,source_train,F3
sift_100k,3,152,source_train,F3
sift_100k,3,157,source_train,F3
sift_100k,3,159,source_train,F3
sift_100k,3,164,source_train,F3
sift_100k,3,166,source_train,F3
sift_100k,3,168,source_train,F3
sift_100k,3,169,source_train,F3
sift_100k,3,173,source_train,F3
sift_100k,3,179,source_train,F3
sift_100k,3,183,source_train,F3
sift_100k,3,186,source_train,F3
sift_100k,3,187,source_train,F3
sift_100k,3,189,source_train,F3
sift_100k,3,197,source_train,F3
sift_100k,3,202,source_train,F3
sift_100k,3,217,source_train,F3
sift_100k,3,219,source_train,F3
sift_100k,3,221,source_train,F3
sift_100k,3,222,source_train,F3
sift_100k,3,226,source_train,F3
sift_100k,3,227,source_train,F3
sift_100k,3,232,source_train,F3
sift_100k,3,233,source_train,F3
sift_100k,3,237,source_train,F3
sift_100k,3,238,source_train,F3
sift_100k,3,239,source_train,F3
sift_100k,3,247,source_train,F3
sift_100k,3,253,source_train,F3
sift_100k,3,255,source_train,F3
sift_100k,3,257,source_train,F3
sift_100k,3,259,source_train,F3
sift_100k,3,263,source_train,F3
sift_100k,3,264,source_train,F3
sift_100k,3,267,source_train,F3
sift_100k,3,272,source_train,F3
sift_100k,3,273,source_train,F3
sift_100k,3,275,source_train,F3
sift_100k,3,277,source_train,F3
sift_100k,3,279,source_train,F3
sift_100k,3,285,source_train,F3
sift_100k,3,288,source_train,F3
sift_100k,3,294,source_train,F3
sift_100k,3,300,source_train,F3
sift_100k,3,301,source_train,F3
sift_100k,3,304,source_train,F3
sift_100k,3,307,source_train,F3
sift_100k,3,308,source_train,F3
sift_100k,3,312,source_train,F3
sift_100k,3,315,source_train,F3
sift_100k,3,324,source_train,F3
sift_100k,3,333,source_train,F3
sift_100k,3,346,source_train,F3
sift_100k,3,348,source_train,F3
sift_100k,3,351,source_train,F3
sift_100k,3,352,source_train,F3
sift_100k,3,354,source_train,F3
sift_100k,3,355,source_train,F3
sift_100k,3,357,source_train,F3
sift_100k,3,361,source_train,F3
sift_100k,3,363,source_train,F3
sift_100k,3,369,source_train,F3
sift_100k,3,370,source_train,F3
sift_100k,3,371,source_train,F3
sift_100k,3,377,source_train,F3
sift_100k,3,382,source_train,F3
sift_100k,3,384,source_train,F3
sift_100k,3,391,source_train,F3
sift_100k,3,400,source_train,F3
sift_100k,3,411,source_train,F3
sift_100k,3,413,source_train,F3
sift_100k,3,419,source_train,F3
sift_100k,3,431,source_train,F3
sift_100k,3,434,source_train,F3
sift_100k,3,445,source_train,F3
sift_100k,3,446,source_train,F3
sift_100k,3,448,source_train,F3
sift_100k,3,450,source_train,F3
sift_100k,3,452,source_train,F3
sift_100k,3,456,source_train,F3
sift_100k,3,457,source_train,F3
sift_100k,3,458,source_train,F3
sift_100k,3,459,source_train,F3
sift_100k,3,471,source_train,F3
sift_100k,3,474,source_train,F3
sift_100k,3,475,source_train,F3
sift_100k,3,483,source_train,F3
sift_100k,3,484,source_train,F3
sift_100k,3,487,source_train,F3
sift_100k,3,495,source_train,F3
sift_100k,3,501,source_train,F3
sift_100k,3,510,source_train,F3
sift_100k,3,515,source_train,F3
sift_100k,3,516,source_train,F3
sift_100k,3,521,source_train,F3
sift_100k,3,523,source_train,F3
sift_100k,3,526,source_train,F3
sift_100k,3,529,source_train,F3
sift_100k,3,530,source_train,F3
sift_100k,3,553,source_train,F3
sift_100k,3,564,source_train,F3
sift_100k,3,570,source_train,F3
sift_100k,3,571,source_train,F3
sift_100k,3,573,source_train,F3
sift_100k,3,575,source_train,F3
sift_100k,3,576,source_train,F3
sift_100k,3,585,source_train,F3
sift_100k,3,586,source_train,F3
sift_100k,3,587,source_train,F3
sift_100k,3,589,source_train,F3
sift_100k,3,594,source_train,F3
sift_100k,3,597,source_train,F3
sift_100k,3,603,source_train,F3
sift_100k,3,610,source_train,F3
sift_100k,3,613,source_train,F3
sift_100k,3,618,source_train,F3
sift_100k,3,627,source_train,F3
sift_100k,3,628,source_train,F3
sift_100k,3,633,source_train,F3
sift_100k,3,634,source_train,F3
sift_100k,3,643,source_train,F3
sift_100k,3,647,source_train,F3
sift_100k,3,649,source_train,F3
sift_100k,3,651,source_train,F3
sift_100k,3,661,source_train,F3
sift_100k,3,664,source_train,F3
sift_100k,3,669,source_train,F3
sift_100k,3,670,source_train,F3
sift_100k,3,671,source_train,F3
sift_100k,3,680,source_train,F3
sift_100k,3,681,source_train,F3
sift_100k,3,684,source_train,F3
sift_100k,3,685,source_train,F3
sift_100k,3,687,source_train,F3
sift_100k,3,690,source_train,F3
sift_100k,3,692,source_train,F3
sift_100k,3,694,source_train,F3
sift_100k,3,695,source_train,F3
sift_100k,3,696,source_train,F3
sift_100k,3,708,source_train,F3
sift_100k,3,717,source_train,F3
sift_100k,3,719,source_train,F3
sift_100k,3,721,source_train,F3
sift_100k,3,725,source_train,F3
sift_100k,3,735,source_train,F3
sift_100k,3,738,source_train,F3
sift_100k,3,740,source_train,F3
sift_100k,3,745,source_train,F3
sift_100k,3,747,source_train,F3
sift_100k,3,750,source_train,F3
sift_100k,3,751,source_train,F3
sift_100k,3,756,source_train,F3
sift_100k,3,757,source_train,F3
sift_100k,3,760,source_train,F3
sift_100k,3,763,source_train,F3
sift_100k,3,768,source_train,F3
sift_100k,3,769,source_train,F3
sift_100k,3,775,source_train,F3
sift_100k,3,776,source_train,F3
sift_100k,3,777,source_train,F3
sift_100k,3,783,source_train,F3
sift_100k,3,786,source_train,F3
sift_100k,3,787,source_train,F3
sift_100k,3,788,source_train,F3
sift_100k,3,791,source_train,F3
sift_100k,3,793,source_train,F3
sift_100k,3,803,source_train,F3
sift_100k,3,805,source_train,F3
sift_100k,3,816,source_train,F3
sift_100k,3,818,source_train,F3
sift_100k,3,819,source_train,F3
sift_100k,3,820,source_train,F3
sift_100k,3,825,source_train,F3
sift_100k,3,829,source_train,F3
sift_100k,3,831,source_train,F3
sift_100k,3,836,source_train,F3
sift_100k,3,843,source_train,F3
sift_100k,3,844,source_train,F3
sift_100k,3,846,source_train,F3
sift_100k,3,849,source_train,F3
sift_100k,3,852,source_train,F3
sift_100k,3,860,source_train,F3
sift_100k,3,868,source_train,F3
sift_100k,3,869,source_train,F3
sift_100k,3,870,source_train,F3
sift_100k,3,875,source_train,F3
sift_100k,3,876,source_train,F3
sift_100k,3,883,source_train,F3
sift_100k,3,896,source_train,F3
sift_100k,3,898,source_train,F3
sift_100k,3,902,source_train,F3
sift_100k,3,907,source_train,F3
sift_100k,3,912,source_train,F3
sift_100k,3,914,source_train,F3
sift_100k,3,915,source_train,F3
sift_100k,3,922,source_train,F3
sift_100k,3,925,source_train,F3
sift_100k,3,926,source_train,F3
sift_100k,3,928,source_train,F3
sift_100k,3,933,source_train,F3
sift_100k,3,934,source_train,F3
sift_100k,3,935,source_train,F3
sift_100k,3,944,source_train,F3
sift_100k,3,945,source_train,F3
sift_100k,3,947,source_train,F3
sift_100k,3,953,source_train,F3
sift_100k,3,959,source_train,F3
sift_100k,3,960,source_train,F3
sift_100k,3,962,source_train,F3
sift_100k,3,965,source_train,F3
sift_100k,3,966,source_train,F3
sift_100k,3,970,source_train,F3
sift_100k,3,973,source_train,F3
sift_100k,3,979,source_train,F3
sift_100k,3,995,source_train,F3
sift_100k,3,999,source_train,F3
sift_100k,3,11,source_calibration,F0
sift_100k,3,13,source_calibration,F0
sift_100k,3,15,source_calibration,F0
sift_100k,3,23,source_calibration,F0
sift_100k,3,25,source_calibration,F0
sift_100k,3,29,source_calibration,F0
sift_100k,3,30,source_calibration,F0
sift_100k,3,36,source_calibration,F0
sift_100k,3,37,source_calibration,F0
sift_100k,3,39,source_calibration,F0
sift_100k,3,49,source_calibration,F0
sift_100k,3,51,source_calibration,F0
sift_100k,3,61,source_calibration,F0
sift_100k,3,62,source_calibration,F0
sift_100k,3,69,source_calibration,F0
sift_100k,3,72,source_calibration,F0
sift_100k,3,75,source_calibration,F0
sift_100k,3,77,source_calibration,F0
sift_100k,3,91,source_calibration,F0
sift_100k,3,94,source_calibration,F0
sift_100k,3,102,source_calibration,F0
sift_100k,3,105,source_calibration,F0
sift_100k,3,109,source_calibration,F0
sift_100k,3,111,source_calibration,F0
sift_100k,3,115,source_calibration,F0
sift_100k,3,116,source_calibration,F0
sift_100k,3,121,source_calibration,F0
sift_100k,3,125,source_calibration,F0
sift_100k,3,127,source_calibration,F0
sift_100k,3,132,source_calibration,F0
sift_100k,3,133,source_calibration,F0
sift_100k,3,134,source_calibration,F0
sift_100k,3,141,source_calibration,F0
sift_100k,3,146,source_calibration,F0
sift_100k,3,147,source_calibration,F0
sift_100k,3,153,source_calibration,F0
sift_100k,3,154,source_calibration,F0
sift_100k,3,155,source_calibration,F0
sift_100k,3,161,source_calibration,F0
sift_100k,3,162,source_calibration,F0
sift_100k,3,171,source_calibration,F0
sift_100k,3,175,source_calibration,F0
sift_100k,3,176,source_calibration,F0
sift_100k,3,177,source_calibration,F0
sift_100k,3,178,source_calibration,F0
sift_100k,3,184,source_calibration,F0
sift_100k,3,185,source_calibration,F0
sift_100k,3,188,source_calibration,F0
sift_100k,3,201,source_calibration,F0
sift_100k,3,203,source_calibration,F0
sift_100k,3,204,source_calibration,F0
sift_100k,3,209,source_calibration,F0
sift_100k,3,211,source_calibration,F0
sift_100k,3,215,source_calibration,F0
sift_100k,3,216,source_calibration,F0
sift_100k,3,225,source_calibration,F0
sift_100k,3,230,source_calibration,F0
sift_100k,3,236,source_calibration,F0
sift_100k,3,242,source_calibration,F0
sift_100k,3,244,source_calibration,F0
sift_100k,3,245,source_calibration,F0
sift_100k,3,250,source_calibration,F0
sift_100k,3,251,source_calibration,F0
sift_100k,3,254,source_calibration,F0
sift_100k,3,268,source_calibration,F0
sift_100k,3,274,source_calibration,F0
sift_100k,3,282,source_calibration,F0
sift_100k,3,284,source_calibration,F0
sift_100k,3,286,source_calibration,F0
sift_100k,3,291,source_calibration,F0
sift_100k,3,292,source_calibration,F0
sift_100k,3,293,source_calibration,F0
sift_100k,3,295,source_calibration,F0
sift_100k,3,297,source_calibration,F0
sift_100k,3,310,source_calibration,F0
sift_100k,3,318,source_calibration,F0
sift_100k,3,319,source_calibration,F0
sift_100k,3,322,source_calibration,F0
sift_100k,3,323,source_calibration,F0
sift_100k,3,329,source_calibration,F0
sift_100k,3,332,source_calibration,F0
sift_100k,3,334,source_calibration,F0
sift_100k,3,336,source_calibration,F0
sift_100k,3,337,source_calibration,F0
sift_100k,3,338,source_calibration,F0
sift_100k,3,339,source_calibration,F0
sift_100k,3,340,source_calibration,F0
sift_100k,3,345,source_calibration,F0
sift_100k,3,347,source_calibration,F0
sift_100k,3,350,source_calibration,F0
sift_100k,3,353,source_calibration,F0
sift_100k,3,356,source_calibration,F0
sift_100k,3,374,source_calibration,F0
sift_100k,3,375,source_calibration,F0
sift_100k,3,376,source_calibration,F0
sift_100k,3,378,source_calibration,F0
sift_100k,3,380,source_calibration,F0
sift_100k,3,381,source_calibration,F0
sift_100k,3,386,source_calibration,F0
sift_100k,3,388,source_calibration,F0
sift_100k,3,390,source_calibration,F0
sift_100k,3,392,source_calibration,F0
sift_100k,3,393,source_calibration,F0
sift_100k,3,394,source_calibration,F0
sift_100k,3,397,source_calibration,F0
sift_100k,3,403,source_calibration,F0
sift_100k,3,406,source_calibration,F0
sift_100k,3,408,source_calibration,F0
sift_100k,3,414,source_calibration,F0
sift_100k,3,415,source_calibration,F0
sift_100k,3,426,source_calibration,F0
sift_100k,3,430,source_calibration,F0
sift_100k,3,440,source_calibration,F0
sift_100k,3,455,source_calibration,F0
sift_100k,3,462,source_calibration,F0
sift_100k,3,465,source_calibration,F0
sift_100k,3,472,source_calibration,F0
sift_100k,3,473,source_calibration,F0
sift_100k,3,477,source_calibration,F0
sift_100k,3,479,source_calibration,F0
sift_100k,3,489,source_calibration,F0
sift_100k,3,492,source_calibration,F0
sift_100k,3,494,source_calibration,F0
sift_100k,3,496,source_calibration,F0
sift_100k,3,500,source_calibration,F0
sift_100k,3,502,source_calibration,F0
sift_100k,3,506,source_calibration,F0
sift_100k,3,507,source_calibration,F0
sift_100k,3,511,source_calibration,F0
sift_100k,3,512,source_calibration,F0
sift_100k,3,519,source_calibration,F0
sift_100k,3,520,source_calibration,F0
sift_100k,3,534,source_calibration,F0
sift_100k,3,537,source_calibration,F0
sift_100k,3,538,source_calibration,F0
sift_100k,3,557,source_calibration,F0
sift_100k,3,559,source_calibration,F0
sift_100k,3,561,source_calibration,F0
sift_100k,3,565,source_calibration,F0
sift_100k,3,579,source_calibration,F0
sift_100k,3,580,source_calibration,F0
sift_100k,3,582,source_calibration,F0
sift_100k,3,590,source_calibration,F0
sift_100k,3,591,source_calibration,F0
sift_100k,3,592,source_calibration,F0
sift_100k,3,595,source_calibration,F0
sift_100k,3,598,source_calibration,F0
sift_100k,3,604,source_calibration,F0
sift_100k,3,611,source_calibration,F0
sift_100k,3,612,source_calibration,F0
sift_100k,3,630,source_calibration,F0
sift_100k,3,631,source_calibration,F0
sift_100k,3,635,source_calibration,F0
sift_100k,3,644,source_calibration,F0
sift_100k,3,646,source_calibration,F0
sift_100k,3,648,source_calibration,F0
sift_100k,3,650,source_calibration,F0
sift_100k,3,660,source_calibration,F0
sift_100k,3,662,source_calibration,F0
sift_100k,3,675,source_calibration,F0
sift_100k,3,682,source_calibration,F0
sift_100k,3,686,source_calibration,F0
sift_100k,3,691,source_calibration,F0
sift_100k,3,703,source_calibration,F0
sift_100k,3,704,source_calibration,F0
sift_100k,3,705,source_calibration,F0
sift_100k,3,707,source_calibration,F0
sift_100k,3,709,source_calibration,F0
sift_100k,3,714,source_calibration,F0
sift_100k,3,722,source_calibration,F0
sift_100k,3,723,source_calibration,F0
sift_100k,3,728,source_calibration,F0
sift_100k,3,732,source_calibration,F0
sift_100k,3,733,source_calibration,F0
sift_100k,3,734,source_calibration,F0
sift_100k,3,739,source_calibration,F0
sift_100k,3,741,source_calibration,F0
sift_100k,3,742,source_calibration,F0
sift_100k,3,744,source_calibration,F0
sift_100k,3,746,source_calibration,F0
sift_100k,3,753,source_calibration,F0
sift_100k,3,764,source_calibration,F0
sift_100k,3,770,source_calibration,F0
sift_100k,3,778,source_calibration,F0
sift_100k,3,781,source_calibration,F0
sift_100k,3,785,source_calibration,F0
sift_100k,3,789,source_calibration,F0
sift_100k,3,790,source_calibration,F0
sift_100k,3,792,source_calibration,F0
sift_100k,3,801,source_calibration,F0
sift_100k,3,808,source_calibration,F0
sift_100k,3,810,source_calibration,F0
sift_100k,3,813,source_calibration,F0
sift_100k,3,814,source_calibration,F0
sift_100k,3,815,source_calibration,F0
sift_100k,3,817,source_calibration,F0
sift_100k,3,821,source_calibration,F0
sift_100k,3,826,source_calibration,F0
sift_100k,3,827,source_calibration,F0
sift_100k,3,830,source_calibration,F0
sift_100k,3,833,source_calibration,F0
sift_100k,3,835,source_calibration,F0
sift_100k,3,838,source_calibration,F0
sift_100k,3,841,source_calibration,F0
sift_100k,3,848,source_calibration,F0
sift_100k,3,850,source_calibration,F0
sift_100k,3,855,source_calibration,F0
sift_100k,3,857,source_calibration,F0
sift_100k,3,862,source_calibration,F0
sift_100k,3,871,source_calibration,F0
sift_100k,3,872,source_calibration,F0
sift_100k,3,873,source_calibration,F0
sift_100k,3,874,source_calibration,F0
sift_100k,3,877,source_calibration,F0
sift_100k,3,879,source_calibration,F0
sift_100k,3,882,source_calibration,F0
sift_100k,3,885,source_calibration,F0
sift_100k,3,889,source_calibration,F0
sift_100k,3,890,source_calibration,F0
sift_100k,3,899,source_calibration,F0
sift_100k,3,900,source_calibration,F0
sift_100k,3,901,source_calibration,F0
sift_100k,3,903,source_calibration,F0
sift_100k,3,908,source_calibration,F0
sift_100k,3,911,source_calibration,F0
sift_100k,3,916,source_calibration,F0
sift_100k,3,919,source_calibration,F0
sift_100k,3,924,source_calibration,F0
sift_100k,3,929,source_calibration,F0
sift_100k,3,930,source_calibration,F0
sift_100k,3,936,source_calibration,F0
sift_100k,3,941,source_calibration,F0
sift_100k,3,942,source_calibration,F0
sift_100k,3,948,source_calibration,F0
sift_100k,3,949,source_calibration,F0
sift_100k,3,951,source_calibration,F0
sift_100k,3,961,source_calibration,F0
sift_100k,3,963,source_calibration,F0
sift_100k,3,972,source_calibration,F0
sift_100k,3,980,source_calibration,F0
sift_100k,3,981,source_calibration,F0
sift_100k,3,982,source_calibration,F0
sift_100k,3,983,source_calibration,F0
sift_100k,3,984,source_calibration,F0
sift_100k,3,987,source_calibration,F0
sift_100k,3,988,source_calibration,F0
sift_100k,3,992,source_calibration,F0
sift_100k,3,993,source_calibration,F0
sift_100k,3,996,source_calibration,F0
sift_100k,3,997,source_calibration,F0
sift_100k,3,0,target_sentinel,F1
sift_100k,3,12,target_sentinel,F1
sift_100k,3,14,target_sentinel,F1
sift_100k,3,19,target_sentinel,F1
sift_100k,3,20,target_sentinel,F1
sift_100k,3,21,target_sentinel,F1
sift_100k,3,26,target_sentinel,F1
sift_100k,3,33,target_sentinel,F1
sift_100k,3,35,target_sentinel,F1
sift_100k,3,38,target_sentinel,F1
sift_100k,3,42,target_sentinel,F1
sift_100k,3,46,target_sentinel,F1
sift_100k,3,58,target_sentinel,F1
sift_100k,3,63,target_sentinel,F1
sift_100k,3,64,target_sentinel,F1
sift_100k,3,66,target_sentinel,F1
sift_100k,3,67,target_sentinel,F1
sift_100k,3,71,target_sentinel,F1
sift_100k,3,73,target_sentinel,F1
sift_100k,3,78,target_sentinel,F1
sift_100k,3,79,target_sentinel,F1
sift_100k,3,84,target_sentinel,F1
sift_100k,3,86,target_sentinel,F1
sift_100k,3,88,target_sentinel,F1
sift_100k,3,90,target_sentinel,F1
sift_100k,3,93,target_sentinel,F1
sift_100k,3,95,target_sentinel,F1
sift_100k,3,96,target_sentinel,F1
sift_100k,3,98,target_sentinel,F1
sift_100k,3,99,target_sentinel,F1
sift_100k,3,103,target_sentinel,F1
sift_100k,3,104,target_sentinel,F1
sift_100k,3,112,target_sentinel,F1
sift_100k,3,113,target_sentinel,F1
sift_100k,3,118,target_sentinel,F1
sift_100k,3,119,target_sentinel,F1
sift_100k,3,122,target_sentinel,F1
sift_100k,3,123,target_sentinel,F1
sift_100k,3,129,target_sentinel,F1
sift_100k,3,130,target_sentinel,F1
sift_100k,3,131,target_sentinel,F1
sift_100k,3,137,target_sentinel,F1
sift_100k,3,139,target_sentinel,F1
sift_100k,3,142,target_sentinel,F1
sift_100k,3,143,target_sentinel,F1
sift_100k,3,144,target_sentinel,F1
sift_100k,3,145,target_sentinel,F1
sift_100k,3,156,target_sentinel,F1
sift_100k,3,160,target_sentinel,F1
sift_100k,3,165,target_sentinel,F1
sift_100k,3,167,target_sentinel,F1
sift_100k,3,170,target_sentinel,F1
sift_100k,3,172,target_sentinel,F1
sift_100k,3,174,target_sentinel,F1
sift_100k,3,192,target_sentinel,F1
sift_100k,3,194,target_sentinel,F1
sift_100k,3,196,target_sentinel,F1
sift_100k,3,200,target_sentinel,F1
sift_100k,3,208,target_sentinel,F1
sift_100k,3,210,target_sentinel,F1
sift_100k,3,212,target_sentinel,F1
sift_100k,3,213,target_sentinel,F1
sift_100k,3,231,target_sentinel,F1
sift_100k,3,234,target_sentinel,F1
sift_100k,3,240,target_sentinel,F1
sift_100k,3,241,target_sentinel,F1
sift_100k,3,248,target_sentinel,F1
sift_100k,3,252,target_sentinel,F1
sift_100k,3,256,target_sentinel,F1
sift_100k,3,258,target_sentinel,F1
sift_100k,3,260,target_sentinel,F1
sift_100k,3,265,target_sentinel,F1
sift_100k,3,266,target_sentinel,F1
sift_100k,3,269,target_sentinel,F1
sift_100k,3,276,target_sentinel,F1
sift_100k,3,281,target_sentinel,F1
sift_100k,3,296,target_sentinel,F1
sift_100k,3,298,target_sentinel,F1
sift_100k,3,299,target_sentinel,F1
sift_100k,3,302,target_sentinel,F1
sift_100k,3,305,target_sentinel,F1
sift_100k,3,309,target_sentinel,F1
sift_100k,3,314,target_sentinel,F1
sift_100k,3,320,target_sentinel,F1
sift_100k,3,321,target_sentinel,F1
sift_100k,3,326,target_sentinel,F1
sift_100k,3,330,target_sentinel,F1
sift_100k,3,331,target_sentinel,F1
sift_100k,3,335,target_sentinel,F1
sift_100k,3,341,target_sentinel,F1
sift_100k,3,349,target_sentinel,F1
sift_100k,3,359,target_sentinel,F1
sift_100k,3,360,target_sentinel,F1
sift_100k,3,362,target_sentinel,F1
sift_100k,3,366,target_sentinel,F1
sift_100k,3,372,target_sentinel,F1
sift_100k,3,379,target_sentinel,F1
sift_100k,3,387,target_sentinel,F1
sift_100k,3,395,target_sentinel,F1
sift_100k,3,401,target_sentinel,F1
sift_100k,3,404,target_sentinel,F1
sift_100k,3,409,target_sentinel,F1
sift_100k,3,410,target_sentinel,F1
sift_100k,3,417,target_sentinel,F1
sift_100k,3,420,target_sentinel,F1
sift_100k,3,423,target_sentinel,F1
sift_100k,3,424,target_sentinel,F1
sift_100k,3,427,target_sentinel,F1
sift_100k,3,432,target_sentinel,F1
sift_100k,3,435,target_sentinel,F1
sift_100k,3,438,target_sentinel,F1
sift_100k,3,442,target_sentinel,F1
sift_100k,3,447,target_sentinel,F1
sift_100k,3,453,target_sentinel,F1
sift_100k,3,463,target_sentinel,F1
sift_100k,3,467,target_sentinel,F1
sift_100k,3,469,target_sentinel,F1
sift_100k,3,470,target_sentinel,F1
sift_100k,3,478,target_sentinel,F1
sift_100k,3,480,target_sentinel,F1
sift_100k,3,482,target_sentinel,F1
sift_100k,3,490,target_sentinel,F1
sift_100k,3,493,target_sentinel,F1
sift_100k,3,498,target_sentinel,F1
sift_100k,3,503,target_sentinel,F1
sift_100k,3,504,target_sentinel,F1
sift_100k,3,508,target_sentinel,F1
sift_100k,3,509,target_sentinel,F1
sift_100k,3,513,target_sentinel,F1
sift_100k,3,522,target_sentinel,F1
sift_100k,3,528,target_sentinel,F1
sift_100k,3,540,target_sentinel,F1
sift_100k,3,546,target_sentinel,F1
sift_100k,3,547,target_sentinel,F1
sift_100k,3,548,target_sentinel,F1
sift_100k,3,549,target_sentinel,F1
sift_100k,3,551,target_sentinel,F1
sift_100k,3,554,target_sentinel,F1
sift_100k,3,555,target_sentinel,F1
sift_100k,3,556,target_sentinel,F1
sift_100k,3,562,target_sentinel,F1
sift_100k,3,563,target_sentinel,F1
sift_100k,3,566,target_sentinel,F1
sift_100k,3,568,target_sentinel,F1
sift_100k,3,569,target_sentinel,F1
sift_100k,3,574,target_sentinel,F1
sift_100k,3,581,target_sentinel,F1
sift_100k,3,583,target_sentinel,F1
sift_100k,3,588,target_sentinel,F1
sift_100k,3,605,target_sentinel,F1
sift_100k,3,607,target_sentinel,F1
sift_100k,3,608,target_sentinel,F1
sift_100k,3,609,target_sentinel,F1
sift_100k,3,614,target_sentinel,F1
sift_100k,3,616,target_sentinel,F1
sift_100k,3,621,target_sentinel,F1
sift_100k,3,623,target_sentinel,F1
sift_100k,3,626,target_sentinel,F1
sift_100k,3,629,target_sentinel,F1
sift_100k,3,632,target_sentinel,F1
sift_100k,3,636,target_sentinel,F1
sift_100k,3,638,target_sentinel,F1
sift_100k,3,641,target_sentinel,F1
sift_100k,3,642,target_sentinel,F1
sift_100k,3,645,target_sentinel,F1
sift_100k,3,652,target_sentinel,F1
sift_100k,3,653,target_sentinel,F1
sift_100k,3,654,target_sentinel,F1
sift_100k,3,655,target_sentinel,F1
sift_100k,3,657,target_sentinel,F1
sift_100k,3,659,target_sentinel,F1
sift_100k,3,663,target_sentinel,F1
sift_100k,3,665,target_sentinel,F1
sift_100k,3,666,target_sentinel,F1
sift_100k,3,667,target_sentinel,F1
sift_100k,3,672,target_sentinel,F1
sift_100k,3,673,target_sentinel,F1
sift_100k,3,676,target_sentinel,F1
sift_100k,3,677,target_sentinel,F1
sift_100k,3,679,target_sentinel,F1
sift_100k,3,683,target_sentinel,F1
sift_100k,3,689,target_sentinel,F1
sift_100k,3,699,target_sentinel,F1
sift_100k,3,700,target_sentinel,F1
sift_100k,3,701,target_sentinel,F1
sift_100k,3,706,target_sentinel,F1
sift_100k,3,711,target_sentinel,F1
sift_100k,3,713,target_sentinel,F1
sift_100k,3,716,target_sentinel,F1
sift_100k,3,720,target_sentinel,F1
sift_100k,3,726,target_sentinel,F1
sift_100k,3,727,target_sentinel,F1
sift_100k,3,743,target_sentinel,F1
sift_100k,3,748,target_sentinel,F1
sift_100k,3,752,target_sentinel,F1
sift_100k,3,754,target_sentinel,F1
sift_100k,3,755,target_sentinel,F1
sift_100k,3,758,target_sentinel,F1
sift_100k,3,759,target_sentinel,F1
sift_100k,3,761,target_sentinel,F1
sift_100k,3,762,target_sentinel,F1
sift_100k,3,765,target_sentinel,F1
sift_100k,3,771,target_sentinel,F1
sift_100k,3,772,target_sentinel,F1
sift_100k,3,773,target_sentinel,F1
sift_100k,3,779,target_sentinel,F1
sift_100k,3,780,target_sentinel,F1
sift_100k,3,794,target_sentinel,F1
sift_100k,3,802,target_sentinel,F1
sift_100k,3,806,target_sentinel,F1
sift_100k,3,807,target_sentinel,F1
sift_100k,3,809,target_sentinel,F1
sift_100k,3,811,target_sentinel,F1
sift_100k,3,822,target_sentinel,F1
sift_100k,3,823,target_sentinel,F1
sift_100k,3,834,target_sentinel,F1
sift_100k,3,839,target_sentinel,F1
sift_100k,3,845,target_sentinel,F1
sift_100k,3,853,target_sentinel,F1
sift_100k,3,858,target_sentinel,F1
sift_100k,3,861,target_sentinel,F1
sift_100k,3,863,target_sentinel,F1
sift_100k,3,880,target_sentinel,F1
sift_100k,3,884,target_sentinel,F1
sift_100k,3,887,target_sentinel,F1
sift_100k,3,893,target_sentinel,F1
sift_100k,3,897,target_sentinel,F1
sift_100k,3,904,target_sentinel,F1
sift_100k,3,906,target_sentinel,F1
sift_100k,3,909,target_sentinel,F1
sift_100k,3,910,target_sentinel,F1
sift_100k,3,913,target_sentinel,F1
sift_100k,3,917,target_sentinel,F1
sift_100k,3,920,target_sentinel,F1
sift_100k,3,927,target_sentinel,F1
sift_100k,3,931,target_sentinel,F1
sift_100k,3,938,target_sentinel,F1
sift_100k,3,939,target_sentinel,F1
sift_100k,3,943,target_sentinel,F1
sift_100k,3,956,target_sentinel,F1
sift_100k,3,957,target_sentinel,F1
sift_100k,3,964,target_sentinel,F1
sift_100k,3,968,target_sentinel,F1
sift_100k,3,969,target_sentinel,F1
sift_100k,3,971,target_sentinel,F1
sift_100k,3,976,target_sentinel,F1
sift_100k,3,977,target_sentinel,F1
sift_100k,3,989,target_sentinel,F1
sift_100k,3,994,target_sentinel,F1
sift_100k,3,998,target_sentinel,F1
sift_100k,3,2,target_evaluation,F2
sift_100k,3,4,target_evaluation,F2
sift_100k,3,5,target_evaluation,F2
sift_100k,3,6,target_evaluation,F2
sift_100k,3,8,target_evaluation,F2
sift_100k,3,16,target_evaluation,F2
sift_100k,3,17,target_evaluation,F2
sift_100k,3,18,target_evaluation,F2
sift_100k,3,24,target_evaluation,F2
sift_100k,3,27,target_evaluation,F2
sift_100k,3,32,target_evaluation,F2
sift_100k,3,40,target_evaluation,F2
sift_100k,3,41,target_evaluation,F2
sift_100k,3,45,target_evaluation,F2
sift_100k,3,48,target_evaluation,F2
sift_100k,3,50,target_evaluation,F2
sift_100k,3,52,target_evaluation,F2
sift_100k,3,53,target_evaluation,F2
sift_100k,3,56,target_evaluation,F2
sift_100k,3,60,target_evaluation,F2
sift_100k,3,65,target_evaluation,F2
sift_100k,3,70,target_evaluation,F2
sift_100k,3,74,target_evaluation,F2
sift_100k,3,80,target_evaluation,F2
sift_100k,3,82,target_evaluation,F2
sift_100k,3,85,target_evaluation,F2
sift_100k,3,97,target_evaluation,F2
sift_100k,3,100,target_evaluation,F2
sift_100k,3,106,target_evaluation,F2
sift_100k,3,107,target_evaluation,F2
sift_100k,3,114,target_evaluation,F2
sift_100k,3,120,target_evaluation,F2
sift_100k,3,136,target_evaluation,F2
sift_100k,3,149,target_evaluation,F2
sift_100k,3,150,target_evaluation,F2
sift_100k,3,158,target_evaluation,F2
sift_100k,3,163,target_evaluation,F2
sift_100k,3,180,target_evaluation,F2
sift_100k,3,181,target_evaluation,F2
sift_100k,3,182,target_evaluation,F2
sift_100k,3,190,target_evaluation,F2
sift_100k,3,191,target_evaluation,F2
sift_100k,3,193,target_evaluation,F2
sift_100k,3,195,target_evaluation,F2
sift_100k,3,198,target_evaluation,F2
sift_100k,3,199,target_evaluation,F2
sift_100k,3,205,target_evaluation,F2
sift_100k,3,206,target_evaluation,F2
sift_100k,3,207,target_evaluation,F2
sift_100k,3,214,target_evaluation,F2
sift_100k,3,218,target_evaluation,F2
sift_100k,3,220,target_evaluation,F2
sift_100k,3,223,target_evaluation,F2
sift_100k,3,224,target_evaluation,F2
sift_100k,3,228,target_evaluation,F2
sift_100k,3,229,target_evaluation,F2
sift_100k,3,235,target_evaluation,F2
sift_100k,3,243,target_evaluation,F2
sift_100k,3,246,target_evaluation,F2
sift_100k,3,249,target_evaluation,F2
sift_100k,3,261,target_evaluation,F2
sift_100k,3,262,target_evaluation,F2
sift_100k,3,270,target_evaluation,F2
sift_100k,3,271,target_evaluation,F2
sift_100k,3,278,target_evaluation,F2
sift_100k,3,280,target_evaluation,F2
sift_100k,3,283,target_evaluation,F2
sift_100k,3,287,target_evaluation,F2
sift_100k,3,289,target_evaluation,F2
sift_100k,3,290,target_evaluation,F2
sift_100k,3,303,target_evaluation,F2
sift_100k,3,306,target_evaluation,F2
sift_100k,3,311,target_evaluation,F2
sift_100k,3,313,target_evaluation,F2
sift_100k,3,316,target_evaluation,F2
sift_100k,3,317,target_evaluation,F2
sift_100k,3,325,target_evaluation,F2
sift_100k,3,327,target_evaluation,F2
sift_100k,3,328,target_evaluation,F2
sift_100k,3,342,target_evaluation,F2
sift_100k,3,343,target_evaluation,F2
sift_100k,3,344,target_evaluation,F2
sift_100k,3,358,target_evaluation,F2
sift_100k,3,364,target_evaluation,F2
sift_100k,3,365,target_evaluation,F2
sift_100k,3,367,target_evaluation,F2
sift_100k,3,368,target_evaluation,F2
sift_100k,3,373,target_evaluation,F2
sift_100k,3,383,target_evaluation,F2
sift_100k,3,385,target_evaluation,F2
sift_100k,3,389,target_evaluation,F2
sift_100k,3,396,target_evaluation,F2
sift_100k,3,398,target_evaluation,F2
sift_100k,3,399,target_evaluation,F2
sift_100k,3,402,target_evaluation,F2
sift_100k,3,405,target_evaluation,F2
sift_100k,3,407,target_evaluation,F2
sift_100k,3,412,target_evaluation,F2
sift_100k,3,416,target_evaluation,F2
sift_100k,3,418,target_evaluation,F2
sift_100k,3,421,target_evaluation,F2
sift_100k,3,422,target_evaluation,F2
sift_100k,3,425,target_evaluation,F2
sift_100k,3,428,target_evaluation,F2
sift_100k,3,429,target_evaluation,F2
sift_100k,3,433,target_evaluation,F2
sift_100k,3,436,target_evaluation,F2
sift_100k,3,437,target_evaluation,F2
sift_100k,3,439,target_evaluation,F2
sift_100k,3,441,target_evaluation,F2
sift_100k,3,443,target_evaluation,F2
sift_100k,3,444,target_evaluation,F2
sift_100k,3,449,target_evaluation,F2
sift_100k,3,451,target_evaluation,F2
sift_100k,3,454,target_evaluation,F2
sift_100k,3,460,target_evaluation,F2
sift_100k,3,461,target_evaluation,F2
sift_100k,3,464,target_evaluation,F2
sift_100k,3,466,target_evaluation,F2
sift_100k,3,468,target_evaluation,F2
sift_100k,3,476,target_evaluation,F2
sift_100k,3,481,target_evaluation,F2
sift_100k,3,485,target_evaluation,F2
sift_100k,3,486,target_evaluation,F2
sift_100k,3,488,target_evaluation,F2
sift_100k,3,491,target_evaluation,F2
sift_100k,3,497,target_evaluation,F2
sift_100k,3,499,target_evaluation,F2
sift_100k,3,505,target_evaluation,F2
sift_100k,3,514,target_evaluation,F2
sift_100k,3,517,target_evaluation,F2
sift_100k,3,518,target_evaluation,F2
sift_100k,3,524,target_evaluation,F2
sift_100k,3,525,target_evaluation,F2
sift_100k,3,527,target_evaluation,F2
sift_100k,3,531,target_evaluation,F2
sift_100k,3,532,target_evaluation,F2
sift_100k,3,533,target_evaluation,F2
sift_100k,3,535,target_evaluation,F2
sift_100k,3,536,target_evaluation,F2
sift_100k,3,539,target_evaluation,F2
sift_100k,3,541,target_evaluation,F2
sift_100k,3,542,target_evaluation,F2
sift_100k,3,543,target_evaluation,F2
sift_100k,3,544,target_evaluation,F2
sift_100k,3,545,target_evaluation,F2
sift_100k,3,550,target_evaluation,F2
sift_100k,3,552,target_evaluation,F2
sift_100k,3,558,target_evaluation,F2
sift_100k,3,560,target_evaluation,F2
sift_100k,3,567,target_evaluation,F2
sift_100k,3,572,target_evaluation,F2
sift_100k,3,577,target_evaluation,F2
sift_100k,3,578,target_evaluation,F2
sift_100k,3,584,target_evaluation,F2
sift_100k,3,593,target_evaluation,F2
sift_100k,3,596,target_evaluation,F2
sift_100k,3,599,target_evaluation,F2
sift_100k,3,600,target_evaluation,F2
sift_100k,3,601,target_evaluation,F2
sift_100k,3,602,target_evaluation,F2
sift_100k,3,606,target_evaluation,F2
sift_100k,3,615,target_evaluation,F2
sift_100k,3,617,target_evaluation,F2
sift_100k,3,619,target_evaluation,F2
sift_100k,3,620,target_evaluation,F2
sift_100k,3,622,target_evaluation,F2
sift_100k,3,624,target_evaluation,F2
sift_100k,3,625,target_evaluation,F2
sift_100k,3,637,target_evaluation,F2
sift_100k,3,639,target_evaluation,F2
sift_100k,3,640,target_evaluation,F2
sift_100k,3,656,target_evaluation,F2
sift_100k,3,658,target_evaluation,F2
sift_100k,3,668,target_evaluation,F2
sift_100k,3,674,target_evaluation,F2
sift_100k,3,678,target_evaluation,F2
sift_100k,3,688,target_evaluation,F2
sift_100k,3,693,target_evaluation,F2
sift_100k,3,697,target_evaluation,F2
sift_100k,3,698,target_evaluation,F2
sift_100k,3,702,target_evaluation,F2
sift_100k,3,710,target_evaluation,F2
sift_100k,3,712,target_evaluation,F2
sift_100k,3,715,target_evaluation,F2
sift_100k,3,718,target_evaluation,F2
sift_100k,3,724,target_evaluation,F2
sift_100k,3,729,target_evaluation,F2
sift_100k,3,730,target_evaluation,F2
sift_100k,3,731,target_evaluation,F2
sift_100k,3,736,target_evaluation,F2
sift_100k,3,737,target_evaluation,F2
sift_100k,3,749,target_evaluation,F2
sift_100k,3,766,target_evaluation,F2
sift_100k,3,767,target_evaluation,F2
sift_100k,3,774,target_evaluation,F2
sift_100k,3,782,target_evaluation,F2
sift_100k,3,784,target_evaluation,F2
sift_100k,3,795,target_evaluation,F2
sift_100k,3,796,target_evaluation,F2
sift_100k,3,797,target_evaluation,F2
sift_100k,3,798,target_evaluation,F2
sift_100k,3,799,target_evaluation,F2
sift_100k,3,800,target_evaluation,F2
sift_100k,3,804,target_evaluation,F2
sift_100k,3,812,target_evaluation,F2
sift_100k,3,824,target_evaluation,F2
sift_100k,3,828,target_evaluation,F2
sift_100k,3,832,target_evaluation,F2
sift_100k,3,837,target_evaluation,F2
sift_100k,3,840,target_evaluation,F2
sift_100k,3,842,target_evaluation,F2
sift_100k,3,847,target_evaluation,F2
sift_100k,3,851,target_evaluation,F2
sift_100k,3,854,target_evaluation,F2
sift_100k,3,856,target_evaluation,F2
sift_100k,3,859,target_evaluation,F2
sift_100k,3,864,target_evaluation,F2
sift_100k,3,865,target_evaluation,F2
sift_100k,3,866,target_evaluation,F2
sift_100k,3,867,target_evaluation,F2
sift_100k,3,878,target_evaluation,F2
sift_100k,3,881,target_evaluation,F2
sift_100k,3,886,target_evaluation,F2
sift_100k,3,888,target_evaluation,F2
sift_100k,3,891,target_evaluation,F2
sift_100k,3,892,target_evaluation,F2
sift_100k,3,894,target_evaluation,F2
sift_100k,3,895,target_evaluation,F2
sift_100k,3,905,target_evaluation,F2
sift_100k,3,918,target_evaluation,F2
sift_100k,3,921,target_evaluation,F2
sift_100k,3,923,target_evaluation,F2
sift_100k,3,932,target_evaluation,F2
sift_100k,3,937,target_evaluation,F2
sift_100k,3,940,target_evaluation,F2
sift_100k,3,946,target_evaluation,F2
sift_100k,3,950,target_evaluation,F2
sift_100k,3,952,target_evaluation,F2
sift_100k,3,954,target_evaluation,F2
sift_100k,3,955,target_evaluation,F2
sift_100k,3,958,target_evaluation,F2
sift_100k,3,967,target_evaluation,F2
sift_100k,3,974,target_evaluation,F2
sift_100k,3,975,target_evaluation,F2
sift_100k,3,978,target_evaluation,F2
sift_100k,3,985,target_evaluation,F2
sift_100k,3,986,target_evaluation,F2
sift_100k,3,990,target_evaluation,F2
sift_100k,3,991,target_evaluation,F2
arxiv_nomic_100k,0,9,source_train,F0
arxiv_nomic_100k,0,19,source_train,F0
arxiv_nomic_100k,0,20,source_train,F0
arxiv_nomic_100k,0,21,source_train,F0
arxiv_nomic_100k,0,26,source_train,F0
arxiv_nomic_100k,0,28,source_train,F0
arxiv_nomic_100k,0,30,source_train,F0
arxiv_nomic_100k,0,33,source_train,F0
arxiv_nomic_100k,0,39,source_train,F0
arxiv_nomic_100k,0,41,source_train,F0
arxiv_nomic_100k,0,45,source_train,F0
arxiv_nomic_100k,0,47,source_train,F0
arxiv_nomic_100k,0,70,source_train,F0
arxiv_nomic_100k,0,76,source_train,F0
arxiv_nomic_100k,0,80,source_train,F0
arxiv_nomic_100k,0,81,source_train,F0
arxiv_nomic_100k,0,84,source_train,F0
arxiv_nomic_100k,0,89,source_train,F0
arxiv_nomic_100k,0,94,source_train,F0
arxiv_nomic_100k,0,100,source_train,F0
arxiv_nomic_100k,0,103,source_train,F0
arxiv_nomic_100k,0,106,source_train,F0
arxiv_nomic_100k,0,114,source_train,F0
arxiv_nomic_100k,0,115,source_train,F0
arxiv_nomic_100k,0,120,source_train,F0
arxiv_nomic_100k,0,123,source_train,F0
arxiv_nomic_100k,0,124,source_train,F0
arxiv_nomic_100k,0,126,source_train,F0
arxiv_nomic_100k,0,130,source_train,F0
arxiv_nomic_100k,0,131,source_train,F0
arxiv_nomic_100k,0,132,source_train,F0
arxiv_nomic_100k,0,134,source_train,F0
arxiv_nomic_100k,0,137,source_train,F0
arxiv_nomic_100k,0,140,source_train,F0
arxiv_nomic_100k,0,142,source_train,F0
arxiv_nomic_100k,0,143,source_train,F0
arxiv_nomic_100k,0,149,source_train,F0
arxiv_nomic_100k,0,150,source_train,F0
arxiv_nomic_100k,0,151,source_train,F0
arxiv_nomic_100k,0,153,source_train,F0
arxiv_nomic_100k,0,156,source_train,F0
arxiv_nomic_100k,0,157,source_train,F0
arxiv_nomic_100k,0,160,source_train,F0
arxiv_nomic_100k,0,162,source_train,F0
arxiv_nomic_100k,0,164,source_train,F0
arxiv_nomic_100k,0,178,source_train,F0
arxiv_nomic_100k,0,183,source_train,F0
arxiv_nomic_100k,0,184,source_train,F0
arxiv_nomic_100k,0,190,source_train,F0
arxiv_nomic_100k,0,199,source_train,F0
arxiv_nomic_100k,0,200,source_train,F0
arxiv_nomic_100k,0,203,source_train,F0
arxiv_nomic_100k,0,204,source_train,F0
arxiv_nomic_100k,0,206,source_train,F0
arxiv_nomic_100k,0,213,source_train,F0
arxiv_nomic_100k,0,215,source_train,F0
arxiv_nomic_100k,0,222,source_train,F0
arxiv_nomic_100k,0,223,source_train,F0
arxiv_nomic_100k,0,231,source_train,F0
arxiv_nomic_100k,0,233,source_train,F0
arxiv_nomic_100k,0,234,source_train,F0
arxiv_nomic_100k,0,235,source_train,F0
arxiv_nomic_100k,0,240,source_train,F0
arxiv_nomic_100k,0,248,source_train,F0
arxiv_nomic_100k,0,251,source_train,F0
arxiv_nomic_100k,0,252,source_train,F0
arxiv_nomic_100k,0,255,source_train,F0
arxiv_nomic_100k,0,257,source_train,F0
arxiv_nomic_100k,0,258,source_train,F0
arxiv_nomic_100k,0,264,source_train,F0
arxiv_nomic_100k,0,265,source_train,F0
arxiv_nomic_100k,0,266,source_train,F0
arxiv_nomic_100k,0,268,source_train,F0
arxiv_nomic_100k,0,270,source_train,F0
arxiv_nomic_100k,0,273,source_train,F0
arxiv_nomic_100k,0,282,source_train,F0
arxiv_nomic_100k,0,295,source_train,F0
arxiv_nomic_100k,0,297,source_train,F0
arxiv_nomic_100k,0,303,source_train,F0
arxiv_nomic_100k,0,314,source_train,F0
arxiv_nomic_100k,0,315,source_train,F0
arxiv_nomic_100k,0,318,source_train,F0
arxiv_nomic_100k,0,327,source_train,F0
arxiv_nomic_100k,0,332,source_train,F0
arxiv_nomic_100k,0,336,source_train,F0
arxiv_nomic_100k,0,352,source_train,F0
arxiv_nomic_100k,0,356,source_train,F0
arxiv_nomic_100k,0,361,source_train,F0
arxiv_nomic_100k,0,365,source_train,F0
arxiv_nomic_100k,0,368,source_train,F0
arxiv_nomic_100k,0,371,source_train,F0
arxiv_nomic_100k,0,376,source_train,F0
arxiv_nomic_100k,0,381,source_train,F0
arxiv_nomic_100k,0,384,source_train,F0
arxiv_nomic_100k,0,386,source_train,F0
arxiv_nomic_100k,0,390,source_train,F0
arxiv_nomic_100k,0,395,source_train,F0
arxiv_nomic_100k,0,396,source_train,F0
arxiv_nomic_100k,0,398,source_train,F0
arxiv_nomic_100k,0,401,source_train,F0
arxiv_nomic_100k,0,402,source_train,F0
arxiv_nomic_100k,0,403,source_train,F0
arxiv_nomic_100k,0,404,source_train,F0
arxiv_nomic_100k,0,405,source_train,F0
arxiv_nomic_100k,0,410,source_train,F0
arxiv_nomic_100k,0,412,source_train,F0
arxiv_nomic_100k,0,418,source_train,F0
arxiv_nomic_100k,0,419,source_train,F0
arxiv_nomic_100k,0,420,source_train,F0
arxiv_nomic_100k,0,422,source_train,F0
arxiv_nomic_100k,0,424,source_train,F0
arxiv_nomic_100k,0,426,source_train,F0
arxiv_nomic_100k,0,427,source_train,F0
arxiv_nomic_100k,0,430,source_train,F0
arxiv_nomic_100k,0,438,source_train,F0
arxiv_nomic_100k,0,440,source_train,F0
arxiv_nomic_100k,0,448,source_train,F0
arxiv_nomic_100k,0,456,source_train,F0
arxiv_nomic_100k,0,461,source_train,F0
arxiv_nomic_100k,0,463,source_train,F0
arxiv_nomic_100k,0,464,source_train,F0
arxiv_nomic_100k,0,465,source_train,F0
arxiv_nomic_100k,0,466,source_train,F0
arxiv_nomic_100k,0,472,source_train,F0
arxiv_nomic_100k,0,475,source_train,F0
arxiv_nomic_100k,0,484,source_train,F0
arxiv_nomic_100k,0,490,source_train,F0
arxiv_nomic_100k,0,493,source_train,F0
arxiv_nomic_100k,0,496,source_train,F0
arxiv_nomic_100k,0,504,source_train,F0
arxiv_nomic_100k,0,508,source_train,F0
arxiv_nomic_100k,0,509,source_train,F0
arxiv_nomic_100k,0,511,source_train,F0
arxiv_nomic_100k,0,515,source_train,F0
arxiv_nomic_100k,0,517,source_train,F0
arxiv_nomic_100k,0,518,source_train,F0
arxiv_nomic_100k,0,523,source_train,F0
arxiv_nomic_100k,0,524,source_train,F0
arxiv_nomic_100k,0,526,source_train,F0
arxiv_nomic_100k,0,538,source_train,F0
arxiv_nomic_100k,0,539,source_train,F0
arxiv_nomic_100k,0,543,source_train,F0
arxiv_nomic_100k,0,548,source_train,F0
arxiv_nomic_100k,0,549,source_train,F0
arxiv_nomic_100k,0,553,source_train,F0
arxiv_nomic_100k,0,560,source_train,F0
arxiv_nomic_100k,0,562,source_train,F0
arxiv_nomic_100k,0,568,source_train,F0
arxiv_nomic_100k,0,572,source_train,F0
arxiv_nomic_100k,0,573,source_train,F0
arxiv_nomic_100k,0,575,source_train,F0
arxiv_nomic_100k,0,578,source_train,F0
arxiv_nomic_100k,0,583,source_train,F0
arxiv_nomic_100k,0,586,source_train,F0
arxiv_nomic_100k,0,589,source_train,F0
arxiv_nomic_100k,0,601,source_train,F0
arxiv_nomic_100k,0,603,source_train,F0
arxiv_nomic_100k,0,604,source_train,F0
arxiv_nomic_100k,0,610,source_train,F0
arxiv_nomic_100k,0,615,source_train,F0
arxiv_nomic_100k,0,618,source_train,F0
arxiv_nomic_100k,0,619,source_train,F0
arxiv_nomic_100k,0,629,source_train,F0
arxiv_nomic_100k,0,633,source_train,F0
arxiv_nomic_100k,0,636,source_train,F0
arxiv_nomic_100k,0,640,source_train,F0
arxiv_nomic_100k,0,652,source_train,F0
arxiv_nomic_100k,0,653,source_train,F0
arxiv_nomic_100k,0,656,source_train,F0
arxiv_nomic_100k,0,668,source_train,F0
arxiv_nomic_100k,0,669,source_train,F0
arxiv_nomic_100k,0,671,source_train,F0
arxiv_nomic_100k,0,672,source_train,F0
arxiv_nomic_100k,0,676,source_train,F0
arxiv_nomic_100k,0,678,source_train,F0
arxiv_nomic_100k,0,681,source_train,F0
arxiv_nomic_100k,0,684,source_train,F0
arxiv_nomic_100k,0,687,source_train,F0
arxiv_nomic_100k,0,688,source_train,F0
arxiv_nomic_100k,0,690,source_train,F0
arxiv_nomic_100k,0,693,source_train,F0
arxiv_nomic_100k,0,694,source_train,F0
arxiv_nomic_100k,0,698,source_train,F0
arxiv_nomic_100k,0,700,source_train,F0
arxiv_nomic_100k,0,708,source_train,F0
arxiv_nomic_100k,0,712,source_train,F0
arxiv_nomic_100k,0,715,source_train,F0
arxiv_nomic_100k,0,719,source_train,F0
arxiv_nomic_100k,0,721,source_train,F0
arxiv_nomic_100k,0,726,source_train,F0
arxiv_nomic_100k,0,727,source_train,F0
arxiv_nomic_100k,0,732,source_train,F0
arxiv_nomic_100k,0,735,source_train,F0
arxiv_nomic_100k,0,737,source_train,F0
arxiv_nomic_100k,0,741,source_train,F0
arxiv_nomic_100k,0,749,source_train,F0
arxiv_nomic_100k,0,750,source_train,F0
arxiv_nomic_100k,0,753,source_train,F0
arxiv_nomic_100k,0,758,source_train,F0
arxiv_nomic_100k,0,774,source_train,F0
arxiv_nomic_100k,0,777,source_train,F0
arxiv_nomic_100k,0,784,source_train,F0
arxiv_nomic_100k,0,785,source_train,F0
arxiv_nomic_100k,0,787,source_train,F0
arxiv_nomic_100k,0,788,source_train,F0
arxiv_nomic_100k,0,790,source_train,F0
arxiv_nomic_100k,0,798,source_train,F0
arxiv_nomic_100k,0,801,source_train,F0
arxiv_nomic_100k,0,802,source_train,F0
arxiv_nomic_100k,0,808,source_train,F0
arxiv_nomic_100k,0,811,source_train,F0
arxiv_nomic_100k,0,817,source_train,F0
arxiv_nomic_100k,0,818,source_train,F0
arxiv_nomic_100k,0,821,source_train,F0
arxiv_nomic_100k,0,822,source_train,F0
arxiv_nomic_100k,0,823,source_train,F0
arxiv_nomic_100k,0,825,source_train,F0
arxiv_nomic_100k,0,832,source_train,F0
arxiv_nomic_100k,0,837,source_train,F0
arxiv_nomic_100k,0,844,source_train,F0
arxiv_nomic_100k,0,847,source_train,F0
arxiv_nomic_100k,0,848,source_train,F0
arxiv_nomic_100k,0,850,source_train,F0
arxiv_nomic_100k,0,875,source_train,F0
arxiv_nomic_100k,0,877,source_train,F0
arxiv_nomic_100k,0,888,source_train,F0
arxiv_nomic_100k,0,890,source_train,F0
arxiv_nomic_100k,0,893,source_train,F0
arxiv_nomic_100k,0,899,source_train,F0
arxiv_nomic_100k,0,900,source_train,F0
arxiv_nomic_100k,0,907,source_train,F0
arxiv_nomic_100k,0,908,source_train,F0
arxiv_nomic_100k,0,914,source_train,F0
arxiv_nomic_100k,0,916,source_train,F0
arxiv_nomic_100k,0,922,source_train,F0
arxiv_nomic_100k,0,923,source_train,F0
arxiv_nomic_100k,0,924,source_train,F0
arxiv_nomic_100k,0,925,source_train,F0
arxiv_nomic_100k,0,934,source_train,F0
arxiv_nomic_100k,0,937,source_train,F0
arxiv_nomic_100k,0,941,source_train,F0
arxiv_nomic_100k,0,948,source_train,F0
arxiv_nomic_100k,0,950,source_train,F0
arxiv_nomic_100k,0,956,source_train,F0
arxiv_nomic_100k,0,960,source_train,F0
arxiv_nomic_100k,0,968,source_train,F0
arxiv_nomic_100k,0,987,source_train,F0
arxiv_nomic_100k,0,994,source_train,F0
arxiv_nomic_100k,0,998,source_train,F0
arxiv_nomic_100k,0,999,source_train,F0
arxiv_nomic_100k,0,2,source_calibration,F1
arxiv_nomic_100k,0,4,source_calibration,F1
arxiv_nomic_100k,0,5,source_calibration,F1
arxiv_nomic_100k,0,6,source_calibration,F1
arxiv_nomic_100k,0,10,source_calibration,F1
arxiv_nomic_100k,0,14,source_calibration,F1
arxiv_nomic_100k,0,16,source_calibration,F1
arxiv_nomic_100k,0,17,source_calibration,F1
arxiv_nomic_100k,0,23,source_calibration,F1
arxiv_nomic_100k,0,32,source_calibration,F1
arxiv_nomic_100k,0,34,source_calibration,F1
arxiv_nomic_100k,0,38,source_calibration,F1
arxiv_nomic_100k,0,42,source_calibration,F1
arxiv_nomic_100k,0,53,source_calibration,F1
arxiv_nomic_100k,0,56,source_calibration,F1
arxiv_nomic_100k,0,61,source_calibration,F1
arxiv_nomic_100k,0,62,source_calibration,F1
arxiv_nomic_100k,0,64,source_calibration,F1
arxiv_nomic_100k,0,65,source_calibration,F1
arxiv_nomic_100k,0,68,source_calibration,F1
arxiv_nomic_100k,0,72,source_calibration,F1
arxiv_nomic_100k,0,74,source_calibration,F1
arxiv_nomic_100k,0,77,source_calibration,F1
arxiv_nomic_100k,0,86,source_calibration,F1
arxiv_nomic_100k,0,87,source_calibration,F1
arxiv_nomic_100k,0,92,source_calibration,F1
arxiv_nomic_100k,0,98,source_calibration,F1
arxiv_nomic_100k,0,102,source_calibration,F1
arxiv_nomic_100k,0,111,source_calibration,F1
arxiv_nomic_100k,0,116,source_calibration,F1
arxiv_nomic_100k,0,118,source_calibration,F1
arxiv_nomic_100k,0,127,source_calibration,F1
arxiv_nomic_100k,0,128,source_calibration,F1
arxiv_nomic_100k,0,129,source_calibration,F1
arxiv_nomic_100k,0,135,source_calibration,F1
arxiv_nomic_100k,0,136,source_calibration,F1
arxiv_nomic_100k,0,144,source_calibration,F1
arxiv_nomic_100k,0,147,source_calibration,F1
arxiv_nomic_100k,0,154,source_calibration,F1
arxiv_nomic_100k,0,165,source_calibration,F1
arxiv_nomic_100k,0,173,source_calibration,F1
arxiv_nomic_100k,0,175,source_calibration,F1
arxiv_nomic_100k,0,176,source_calibration,F1
arxiv_nomic_100k,0,180,source_calibration,F1
arxiv_nomic_100k,0,187,source_calibration,F1
arxiv_nomic_100k,0,189,source_calibration,F1
arxiv_nomic_100k,0,192,source_calibration,F1
arxiv_nomic_100k,0,194,source_calibration,F1
arxiv_nomic_100k,0,198,source_calibration,F1
arxiv_nomic_100k,0,202,source_calibration,F1
arxiv_nomic_100k,0,207,source_calibration,F1
arxiv_nomic_100k,0,224,source_calibration,F1
arxiv_nomic_100k,0,225,source_calibration,F1
arxiv_nomic_100k,0,229,source_calibration,F1
arxiv_nomic_100k,0,230,source_calibration,F1
arxiv_nomic_100k,0,239,source_calibration,F1
arxiv_nomic_100k,0,242,source_calibration,F1
arxiv_nomic_100k,0,250,source_calibration,F1
arxiv_nomic_100k,0,253,source_calibration,F1
arxiv_nomic_100k,0,261,source_calibration,F1
arxiv_nomic_100k,0,262,source_calibration,F1
arxiv_nomic_100k,0,263,source_calibration,F1
arxiv_nomic_100k,0,271,source_calibration,F1
arxiv_nomic_100k,0,278,source_calibration,F1
arxiv_nomic_100k,0,284,source_calibration,F1
arxiv_nomic_100k,0,287,source_calibration,F1
arxiv_nomic_100k,0,292,source_calibration,F1
arxiv_nomic_100k,0,293,source_calibration,F1
arxiv_nomic_100k,0,296,source_calibration,F1
arxiv_nomic_100k,0,298,source_calibration,F1
arxiv_nomic_100k,0,306,source_calibration,F1
arxiv_nomic_100k,0,311,source_calibration,F1
arxiv_nomic_100k,0,312,source_calibration,F1
arxiv_nomic_100k,0,319,source_calibration,F1
arxiv_nomic_100k,0,324,source_calibration,F1
arxiv_nomic_100k,0,325,source_calibration,F1
arxiv_nomic_100k,0,328,source_calibration,F1
arxiv_nomic_100k,0,330,source_calibration,F1
arxiv_nomic_100k,0,331,source_calibration,F1
arxiv_nomic_100k,0,337,source_calibration,F1
arxiv_nomic_100k,0,338,source_calibration,F1
arxiv_nomic_100k,0,341,source_calibration,F1
arxiv_nomic_100k,0,342,source_calibration,F1
arxiv_nomic_100k,0,344,source_calibration,F1
arxiv_nomic_100k,0,347,source_calibration,F1
arxiv_nomic_100k,0,348,source_calibration,F1
arxiv_nomic_100k,0,349,source_calibration,F1
arxiv_nomic_100k,0,350,source_calibration,F1
arxiv_nomic_100k,0,351,source_calibration,F1
arxiv_nomic_100k,0,353,source_calibration,F1
arxiv_nomic_100k,0,359,source_calibration,F1
arxiv_nomic_100k,0,360,source_calibration,F1
arxiv_nomic_100k,0,362,source_calibration,F1
arxiv_nomic_100k,0,372,source_calibration,F1
arxiv_nomic_100k,0,380,source_calibration,F1
arxiv_nomic_100k,0,385,source_calibration,F1
arxiv_nomic_100k,0,387,source_calibration,F1
arxiv_nomic_100k,0,388,source_calibration,F1
arxiv_nomic_100k,0,399,source_calibration,F1
arxiv_nomic_100k,0,414,source_calibration,F1
arxiv_nomic_100k,0,415,source_calibration,F1
arxiv_nomic_100k,0,416,source_calibration,F1
arxiv_nomic_100k,0,421,source_calibration,F1
arxiv_nomic_100k,0,423,source_calibration,F1
arxiv_nomic_100k,0,433,source_calibration,F1
arxiv_nomic_100k,0,435,source_calibration,F1
arxiv_nomic_100k,0,443,source_calibration,F1
arxiv_nomic_100k,0,447,source_calibration,F1
arxiv_nomic_100k,0,449,source_calibration,F1
arxiv_nomic_100k,0,451,source_calibration,F1
arxiv_nomic_100k,0,452,source_calibration,F1
arxiv_nomic_100k,0,457,source_calibration,F1
arxiv_nomic_100k,0,458,source_calibration,F1
arxiv_nomic_100k,0,460,source_calibration,F1
arxiv_nomic_100k,0,462,source_calibration,F1
arxiv_nomic_100k,0,468,source_calibration,F1
arxiv_nomic_100k,0,469,source_calibration,F1
arxiv_nomic_100k,0,470,source_calibration,F1
arxiv_nomic_100k,0,477,source_calibration,F1
arxiv_nomic_100k,0,479,source_calibration,F1
arxiv_nomic_100k,0,481,source_calibration,F1
arxiv_nomic_100k,0,482,source_calibration,F1
arxiv_nomic_100k,0,488,source_calibration,F1
arxiv_nomic_100k,0,489,source_calibration,F1
arxiv_nomic_100k,0,492,source_calibration,F1
arxiv_nomic_100k,0,494,source_calibration,F1
arxiv_nomic_100k,0,495,source_calibration,F1
arxiv_nomic_100k,0,497,source_calibration,F1
arxiv_nomic_100k,0,498,source_calibration,F1
arxiv_nomic_100k,0,516,source_calibration,F1
arxiv_nomic_100k,0,529,source_calibration,F1
arxiv_nomic_100k,0,535,source_calibration,F1
arxiv_nomic_100k,0,541,source_calibration,F1
arxiv_nomic_100k,0,550,source_calibration,F1
arxiv_nomic_100k,0,555,source_calibration,F1
arxiv_nomic_100k,0,558,source_calibration,F1
arxiv_nomic_100k,0,559,source_calibration,F1
arxiv_nomic_100k,0,561,source_calibration,F1
arxiv_nomic_100k,0,565,source_calibration,F1
arxiv_nomic_100k,0,566,source_calibration,F1
arxiv_nomic_100k,0,567,source_calibration,F1
arxiv_nomic_100k,0,569,source_calibration,F1
arxiv_nomic_100k,0,570,source_calibration,F1
arxiv_nomic_100k,0,577,source_calibration,F1
arxiv_nomic_100k,0,579,source_calibration,F1
arxiv_nomic_100k,0,581,source_calibration,F1
arxiv_nomic_100k,0,582,source_calibration,F1
arxiv_nomic_100k,0,585,source_calibration,F1
arxiv_nomic_100k,0,591,source_calibration,F1
arxiv_nomic_100k,0,599,source_calibration,F1
arxiv_nomic_100k,0,600,source_calibration,F1
arxiv_nomic_100k,0,607,source_calibration,F1
arxiv_nomic_100k,0,609,source_calibration,F1
arxiv_nomic_100k,0,613,source_calibration,F1
arxiv_nomic_100k,0,616,source_calibration,F1
arxiv_nomic_100k,0,624,source_calibration,F1
arxiv_nomic_100k,0,631,source_calibration,F1
arxiv_nomic_100k,0,634,source_calibration,F1
arxiv_nomic_100k,0,639,source_calibration,F1
arxiv_nomic_100k,0,643,source_calibration,F1
arxiv_nomic_100k,0,644,source_calibration,F1
arxiv_nomic_100k,0,645,source_calibration,F1
arxiv_nomic_100k,0,647,source_calibration,F1
arxiv_nomic_100k,0,648,source_calibration,F1
arxiv_nomic_100k,0,650,source_calibration,F1
arxiv_nomic_100k,0,654,source_calibration,F1
arxiv_nomic_100k,0,659,source_calibration,F1
arxiv_nomic_100k,0,664,source_calibration,F1
arxiv_nomic_100k,0,674,source_calibration,F1
arxiv_nomic_100k,0,679,source_calibration,F1
arxiv_nomic_100k,0,680,source_calibration,F1
arxiv_nomic_100k,0,682,source_calibration,F1
arxiv_nomic_100k,0,686,source_calibration,F1
arxiv_nomic_100k,0,689,source_calibration,F1
arxiv_nomic_100k,0,695,source_calibration,F1
arxiv_nomic_100k,0,703,source_calibration,F1
arxiv_nomic_100k,0,707,source_calibration,F1
arxiv_nomic_100k,0,714,source_calibration,F1
arxiv_nomic_100k,0,723,source_calibration,F1
arxiv_nomic_100k,0,724,source_calibration,F1
arxiv_nomic_100k,0,728,source_calibration,F1
arxiv_nomic_100k,0,730,source_calibration,F1
arxiv_nomic_100k,0,738,source_calibration,F1
arxiv_nomic_100k,0,739,source_calibration,F1
arxiv_nomic_100k,0,740,source_calibration,F1
arxiv_nomic_100k,0,748,source_calibration,F1
arxiv_nomic_100k,0,756,source_calibration,F1
arxiv_nomic_100k,0,765,source_calibration,F1
arxiv_nomic_100k,0,766,source_calibration,F1
arxiv_nomic_100k,0,768,source_calibration,F1
arxiv_nomic_100k,0,770,source_calibration,F1
arxiv_nomic_100k,0,771,source_calibration,F1
arxiv_nomic_100k,0,773,source_calibration,F1
arxiv_nomic_100k,0,783,source_calibration,F1
arxiv_nomic_100k,0,786,source_calibration,F1
arxiv_nomic_100k,0,800,source_calibration,F1
arxiv_nomic_100k,0,807,source_calibration,F1
arxiv_nomic_100k,0,810,source_calibration,F1
arxiv_nomic_100k,0,813,source_calibration,F1
arxiv_nomic_100k,0,826,source_calibration,F1
arxiv_nomic_100k,0,830,source_calibration,F1
arxiv_nomic_100k,0,831,source_calibration,F1
arxiv_nomic_100k,0,839,source_calibration,F1
arxiv_nomic_100k,0,840,source_calibration,F1
arxiv_nomic_100k,0,841,source_calibration,F1
arxiv_nomic_100k,0,843,source_calibration,F1
arxiv_nomic_100k,0,851,source_calibration,F1
arxiv_nomic_100k,0,853,source_calibration,F1
arxiv_nomic_100k,0,854,source_calibration,F1
arxiv_nomic_100k,0,855,source_calibration,F1
arxiv_nomic_100k,0,856,source_calibration,F1
arxiv_nomic_100k,0,859,source_calibration,F1
arxiv_nomic_100k,0,861,source_calibration,F1
arxiv_nomic_100k,0,863,source_calibration,F1
arxiv_nomic_100k,0,869,source_calibration,F1
arxiv_nomic_100k,0,870,source_calibration,F1
arxiv_nomic_100k,0,874,source_calibration,F1
arxiv_nomic_100k,0,881,source_calibration,F1
arxiv_nomic_100k,0,882,source_calibration,F1
arxiv_nomic_100k,0,883,source_calibration,F1
arxiv_nomic_100k,0,884,source_calibration,F1
arxiv_nomic_100k,0,895,source_calibration,F1
arxiv_nomic_100k,0,898,source_calibration,F1
arxiv_nomic_100k,0,902,source_calibration,F1
arxiv_nomic_100k,0,909,source_calibration,F1
arxiv_nomic_100k,0,912,source_calibration,F1
arxiv_nomic_100k,0,913,source_calibration,F1
arxiv_nomic_100k,0,926,source_calibration,F1
arxiv_nomic_100k,0,929,source_calibration,F1
arxiv_nomic_100k,0,931,source_calibration,F1
arxiv_nomic_100k,0,940,source_calibration,F1
arxiv_nomic_100k,0,945,source_calibration,F1
arxiv_nomic_100k,0,949,source_calibration,F1
arxiv_nomic_100k,0,954,source_calibration,F1
arxiv_nomic_100k,0,963,source_calibration,F1
arxiv_nomic_100k,0,965,source_calibration,F1
arxiv_nomic_100k,0,967,source_calibration,F1
arxiv_nomic_100k,0,969,source_calibration,F1
arxiv_nomic_100k,0,970,source_calibration,F1
arxiv_nomic_100k,0,973,source_calibration,F1
arxiv_nomic_100k,0,977,source_calibration,F1
arxiv_nomic_100k,0,979,source_calibration,F1
arxiv_nomic_100k,0,980,source_calibration,F1
arxiv_nomic_100k,0,981,source_calibration,F1
arxiv_nomic_100k,0,982,source_calibration,F1
arxiv_nomic_100k,0,984,source_calibration,F1
arxiv_nomic_100k,0,985,source_calibration,F1
arxiv_nomic_100k,0,988,source_calibration,F1
arxiv_nomic_100k,0,992,source_calibration,F1
arxiv_nomic_100k,0,993,source_calibration,F1
arxiv_nomic_100k,0,0,target_sentinel,F2
arxiv_nomic_100k,0,3,target_sentinel,F2
arxiv_nomic_100k,0,7,target_sentinel,F2
arxiv_nomic_100k,0,13,target_sentinel,F2
arxiv_nomic_100k,0,18,target_sentinel,F2
arxiv_nomic_100k,0,25,target_sentinel,F2
arxiv_nomic_100k,0,27,target_sentinel,F2
arxiv_nomic_100k,0,31,target_sentinel,F2
arxiv_nomic_100k,0,35,target_sentinel,F2
arxiv_nomic_100k,0,40,target_sentinel,F2
arxiv_nomic_100k,0,43,target_sentinel,F2
arxiv_nomic_100k,0,44,target_sentinel,F2
arxiv_nomic_100k,0,48,target_sentinel,F2
arxiv_nomic_100k,0,49,target_sentinel,F2
arxiv_nomic_100k,0,50,target_sentinel,F2
arxiv_nomic_100k,0,51,target_sentinel,F2
arxiv_nomic_100k,0,54,target_sentinel,F2
arxiv_nomic_100k,0,55,target_sentinel,F2
arxiv_nomic_100k,0,59,target_sentinel,F2
arxiv_nomic_100k,0,60,target_sentinel,F2
arxiv_nomic_100k,0,63,target_sentinel,F2
arxiv_nomic_100k,0,66,target_sentinel,F2
arxiv_nomic_100k,0,73,target_sentinel,F2
arxiv_nomic_100k,0,75,target_sentinel,F2
arxiv_nomic_100k,0,79,target_sentinel,F2
arxiv_nomic_100k,0,90,target_sentinel,F2
arxiv_nomic_100k,0,93,target_sentinel,F2
arxiv_nomic_100k,0,95,target_sentinel,F2
arxiv_nomic_100k,0,99,target_sentinel,F2
arxiv_nomic_100k,0,104,target_sentinel,F2
arxiv_nomic_100k,0,107,target_sentinel,F2
arxiv_nomic_100k,0,108,target_sentinel,F2
arxiv_nomic_100k,0,110,target_sentinel,F2
arxiv_nomic_100k,0,112,target_sentinel,F2
arxiv_nomic_100k,0,113,target_sentinel,F2
arxiv_nomic_100k,0,117,target_sentinel,F2
arxiv_nomic_100k,0,119,target_sentinel,F2
arxiv_nomic_100k,0,121,target_sentinel,F2
arxiv_nomic_100k,0,125,target_sentinel,F2
arxiv_nomic_100k,0,133,target_sentinel,F2
arxiv_nomic_100k,0,138,target_sentinel,F2
arxiv_nomic_100k,0,139,target_sentinel,F2
arxiv_nomic_100k,0,155,target_sentinel,F2
arxiv_nomic_100k,0,158,target_sentinel,F2
arxiv_nomic_100k,0,159,target_sentinel,F2
arxiv_nomic_100k,0,161,target_sentinel,F2
arxiv_nomic_100k,0,163,target_sentinel,F2
arxiv_nomic_100k,0,167,target_sentinel,F2
arxiv_nomic_100k,0,168,target_sentinel,F2
arxiv_nomic_100k,0,174,target_sentinel,F2
arxiv_nomic_100k,0,177,target_sentinel,F2
arxiv_nomic_100k,0,179,target_sentinel,F2
arxiv_nomic_100k,0,185,target_sentinel,F2
arxiv_nomic_100k,0,188,target_sentinel,F2
arxiv_nomic_100k,0,191,target_sentinel,F2
arxiv_nomic_100k,0,195,target_sentinel,F2
arxiv_nomic_100k,0,196,target_sentinel,F2
arxiv_nomic_100k,0,197,target_sentinel,F2
arxiv_nomic_100k,0,201,target_sentinel,F2
arxiv_nomic_100k,0,205,target_sentinel,F2
arxiv_nomic_100k,0,209,target_sentinel,F2
arxiv_nomic_100k,0,210,target_sentinel,F2
arxiv_nomic_100k,0,214,target_sentinel,F2
arxiv_nomic_100k,0,216,target_sentinel,F2
arxiv_nomic_100k,0,221,target_sentinel,F2
arxiv_nomic_100k,0,226,target_sentinel,F2
arxiv_nomic_100k,0,227,target_sentinel,F2
arxiv_nomic_100k,0,232,target_sentinel,F2
arxiv_nomic_100k,0,238,target_sentinel,F2
arxiv_nomic_100k,0,241,target_sentinel,F2
arxiv_nomic_100k,0,243,target_sentinel,F2
arxiv_nomic_100k,0,246,target_sentinel,F2
arxiv_nomic_100k,0,247,target_sentinel,F2
arxiv_nomic_100k,0,254,target_sentinel,F2
arxiv_nomic_100k,0,256,target_sentinel,F2
arxiv_nomic_100k,0,260,target_sentinel,F2
arxiv_nomic_100k,0,272,target_sentinel,F2
arxiv_nomic_100k,0,274,target_sentinel,F2
arxiv_nomic_100k,0,276,target_sentinel,F2
arxiv_nomic_100k,0,281,target_sentinel,F2
arxiv_nomic_100k,0,283,target_sentinel,F2
arxiv_nomic_100k,0,286,target_sentinel,F2
arxiv_nomic_100k,0,290,target_sentinel,F2
arxiv_nomic_100k,0,294,target_sentinel,F2
arxiv_nomic_100k,0,301,target_sentinel,F2
arxiv_nomic_100k,0,302,target_sentinel,F2
arxiv_nomic_100k,0,308,target_sentinel,F2
arxiv_nomic_100k,0,309,target_sentinel,F2
arxiv_nomic_100k,0,310,target_sentinel,F2
arxiv_nomic_100k,0,317,target_sentinel,F2
arxiv_nomic_100k,0,321,target_sentinel,F2
arxiv_nomic_100k,0,326,target_sentinel,F2
arxiv_nomic_100k,0,329,target_sentinel,F2
arxiv_nomic_100k,0,333,target_sentinel,F2
arxiv_nomic_100k,0,339,target_sentinel,F2
arxiv_nomic_100k,0,340,target_sentinel,F2
arxiv_nomic_100k,0,345,target_sentinel,F2
arxiv_nomic_100k,0,354,target_sentinel,F2
arxiv_nomic_100k,0,355,target_sentinel,F2
arxiv_nomic_100k,0,357,target_sentinel,F2
arxiv_nomic_100k,0,367,target_sentinel,F2
arxiv_nomic_100k,0,370,target_sentinel,F2
arxiv_nomic_100k,0,375,target_sentinel,F2
arxiv_nomic_100k,0,378,target_sentinel,F2
arxiv_nomic_100k,0,379,target_sentinel,F2
arxiv_nomic_100k,0,383,target_sentinel,F2
arxiv_nomic_100k,0,391,target_sentinel,F2
arxiv_nomic_100k,0,392,target_sentinel,F2
arxiv_nomic_100k,0,400,target_sentinel,F2
arxiv_nomic_100k,0,406,target_sentinel,F2
arxiv_nomic_100k,0,407,target_sentinel,F2
arxiv_nomic_100k,0,408,target_sentinel,F2
arxiv_nomic_100k,0,411,target_sentinel,F2
arxiv_nomic_100k,0,429,target_sentinel,F2
arxiv_nomic_100k,0,431,target_sentinel,F2
arxiv_nomic_100k,0,432,target_sentinel,F2
arxiv_nomic_100k,0,439,target_sentinel,F2
arxiv_nomic_100k,0,441,target_sentinel,F2
arxiv_nomic_100k,0,445,target_sentinel,F2
arxiv_nomic_100k,0,454,target_sentinel,F2
arxiv_nomic_100k,0,459,target_sentinel,F2
arxiv_nomic_100k,0,467,target_sentinel,F2
arxiv_nomic_100k,0,480,target_sentinel,F2
arxiv_nomic_100k,0,483,target_sentinel,F2
arxiv_nomic_100k,0,485,target_sentinel,F2
arxiv_nomic_100k,0,486,target_sentinel,F2
arxiv_nomic_100k,0,491,target_sentinel,F2
arxiv_nomic_100k,0,500,target_sentinel,F2
arxiv_nomic_100k,0,501,target_sentinel,F2
arxiv_nomic_100k,0,505,target_sentinel,F2
arxiv_nomic_100k,0,507,target_sentinel,F2
arxiv_nomic_100k,0,510,target_sentinel,F2
arxiv_nomic_100k,0,522,target_sentinel,F2
arxiv_nomic_100k,0,525,target_sentinel,F2
arxiv_nomic_100k,0,527,target_sentinel,F2
arxiv_nomic_100k,0,528,target_sentinel,F2
arxiv_nomic_100k,0,531,target_sentinel,F2
arxiv_nomic_100k,0,533,target_sentinel,F2
arxiv_nomic_100k,0,536,target_sentinel,F2
arxiv_nomic_100k,0,537,target_sentinel,F2
arxiv_nomic_100k,0,544,target_sentinel,F2
arxiv_nomic_100k,0,546,target_sentinel,F2
arxiv_nomic_100k,0,547,target_sentinel,F2
arxiv_nomic_100k,0,551,target_sentinel,F2
arxiv_nomic_100k,0,552,target_sentinel,F2
arxiv_nomic_100k,0,557,target_sentinel,F2
arxiv_nomic_100k,0,563,target_sentinel,F2
arxiv_nomic_100k,0,576,target_sentinel,F2
arxiv_nomic_100k,0,580,target_sentinel,F2
arxiv_nomic_100k,0,584,target_sentinel,F2
arxiv_nomic_100k,0,588,target_sentinel,F2
arxiv_nomic_100k,0,592,target_sentinel,F2
arxiv_nomic_100k,0,594,target_sentinel,F2
arxiv_nomic_100k,0,595,target_sentinel,F2
arxiv_nomic_100k,0,597,target_sentinel,F2
arxiv_nomic_100k,0,598,target_sentinel,F2
arxiv_nomic_100k,0,605,target_sentinel,F2
arxiv_nomic_100k,0,606,target_sentinel,F2
arxiv_nomic_100k,0,608,target_sentinel,F2
arxiv_nomic_100k,0,614,target_sentinel,F2
arxiv_nomic_100k,0,617,target_sentinel,F2
arxiv_nomic_100k,0,620,target_sentinel,F2
arxiv_nomic_100k,0,622,target_sentinel,F2
arxiv_nomic_100k,0,625,target_sentinel,F2
arxiv_nomic_100k,0,628,target_sentinel,F2
arxiv_nomic_100k,0,638,target_sentinel,F2
arxiv_nomic_100k,0,641,target_sentinel,F2
arxiv_nomic_100k,0,642,target_sentinel,F2
arxiv_nomic_100k,0,655,target_sentinel,F2
arxiv_nomic_100k,0,658,target_sentinel,F2
arxiv_nomic_100k,0,660,target_sentinel,F2
arxiv_nomic_100k,0,661,target_sentinel,F2
arxiv_nomic_100k,0,662,target_sentinel,F2
arxiv_nomic_100k,0,666,target_sentinel,F2
arxiv_nomic_100k,0,667,target_sentinel,F2
arxiv_nomic_100k,0,670,target_sentinel,F2
arxiv_nomic_100k,0,673,target_sentinel,F2
arxiv_nomic_100k,0,692,target_sentinel,F2
arxiv_nomic_100k,0,696,target_sentinel,F2
arxiv_nomic_100k,0,697,target_sentinel,F2
arxiv_nomic_100k,0,701,target_sentinel,F2
arxiv_nomic_100k,0,702,target_sentinel,F2
arxiv_nomic_100k,0,705,target_sentinel,F2
arxiv_nomic_100k,0,711,target_sentinel,F2
arxiv_nomic_100k,0,713,target_sentinel,F2
arxiv_nomic_100k,0,718,target_sentinel,F2
arxiv_nomic_100k,0,725,target_sentinel,F2
arxiv_nomic_100k,0,729,target_sentinel,F2
arxiv_nomic_100k,0,733,target_sentinel,F2
arxiv_nomic_100k,0,734,target_sentinel,F2
arxiv_nomic_100k,0,742,target_sentinel,F2
arxiv_nomic_100k,0,744,target_sentinel,F2
arxiv_nomic_100k,0,745,target_sentinel,F2
arxiv_nomic_100k,0,752,target_sentinel,F2
arxiv_nomic_100k,0,757,target_sentinel,F2
arxiv_nomic_100k,0,759,target_sentinel,F2
arxiv_nomic_100k,0,761,target_sentinel,F2
arxiv_nomic_100k,0,762,target_sentinel,F2
arxiv_nomic_100k,0,763,target_sentinel,F2
arxiv_nomic_100k,0,772,target_sentinel,F2
arxiv_nomic_100k,0,775,target_sentinel,F2
arxiv_nomic_100k,0,778,target_sentinel,F2
arxiv_nomic_100k,0,795,target_sentinel,F2
arxiv_nomic_100k,0,797,target_sentinel,F2
arxiv_nomic_100k,0,806,target_sentinel,F2
arxiv_nomic_100k,0,809,target_sentinel,F2
arxiv_nomic_100k,0,812,target_sentinel,F2
arxiv_nomic_100k,0,815,target_sentinel,F2
arxiv_nomic_100k,0,820,target_sentinel,F2
arxiv_nomic_100k,0,828,target_sentinel,F2
arxiv_nomic_100k,0,834,target_sentinel,F2
arxiv_nomic_100k,0,835,target_sentinel,F2
arxiv_nomic_100k,0,836,target_sentinel,F2
arxiv_nomic_100k,0,846,target_sentinel,F2
arxiv_nomic_100k,0,849,target_sentinel,F2
arxiv_nomic_100k,0,852,target_sentinel,F2
arxiv_nomic_100k,0,873,target_sentinel,F2
arxiv_nomic_100k,0,879,target_sentinel,F2
arxiv_nomic_100k,0,880,target_sentinel,F2
arxiv_nomic_100k,0,885,target_sentinel,F2
arxiv_nomic_100k,0,887,target_sentinel,F2
arxiv_nomic_100k,0,891,target_sentinel,F2
arxiv_nomic_100k,0,892,target_sentinel,F2
arxiv_nomic_100k,0,897,target_sentinel,F2
arxiv_nomic_100k,0,903,target_sentinel,F2
arxiv_nomic_100k,0,906,target_sentinel,F2
arxiv_nomic_100k,0,910,target_sentinel,F2
arxiv_nomic_100k,0,911,target_sentinel,F2
arxiv_nomic_100k,0,921,target_sentinel,F2
arxiv_nomic_100k,0,927,target_sentinel,F2
arxiv_nomic_100k,0,928,target_sentinel,F2
arxiv_nomic_100k,0,930,target_sentinel,F2
arxiv_nomic_100k,0,932,target_sentinel,F2
arxiv_nomic_100k,0,933,target_sentinel,F2
arxiv_nomic_100k,0,938,target_sentinel,F2
arxiv_nomic_100k,0,939,target_sentinel,F2
arxiv_nomic_100k,0,942,target_sentinel,F2
arxiv_nomic_100k,0,951,target_sentinel,F2
arxiv_nomic_100k,0,952,target_sentinel,F2
arxiv_nomic_100k,0,953,target_sentinel,F2
arxiv_nomic_100k,0,957,target_sentinel,F2
arxiv_nomic_100k,0,958,target_sentinel,F2
arxiv_nomic_100k,0,959,target_sentinel,F2
arxiv_nomic_100k,0,961,target_sentinel,F2
arxiv_nomic_100k,0,971,target_sentinel,F2
arxiv_nomic_100k,0,974,target_sentinel,F2
arxiv_nomic_100k,0,975,target_sentinel,F2
arxiv_nomic_100k,0,976,target_sentinel,F2
arxiv_nomic_100k,0,989,target_sentinel,F2
arxiv_nomic_100k,0,991,target_sentinel,F2
arxiv_nomic_100k,0,1,target_evaluation,F3
arxiv_nomic_100k,0,8,target_evaluation,F3
arxiv_nomic_100k,0,11,target_evaluation,F3
arxiv_nomic_100k,0,12,target_evaluation,F3
arxiv_nomic_100k,0,15,target_evaluation,F3
arxiv_nomic_100k,0,22,target_evaluation,F3
arxiv_nomic_100k,0,24,target_evaluation,F3
arxiv_nomic_100k,0,29,target_evaluation,F3
arxiv_nomic_100k,0,36,target_evaluation,F3
arxiv_nomic_100k,0,37,target_evaluation,F3
arxiv_nomic_100k,0,46,target_evaluation,F3
arxiv_nomic_100k,0,52,target_evaluation,F3
arxiv_nomic_100k,0,57,target_evaluation,F3
arxiv_nomic_100k,0,58,target_evaluation,F3
arxiv_nomic_100k,0,67,target_evaluation,F3
arxiv_nomic_100k,0,69,target_evaluation,F3
arxiv_nomic_100k,0,71,target_evaluation,F3
arxiv_nomic_100k,0,78,target_evaluation,F3
arxiv_nomic_100k,0,82,target_evaluation,F3
arxiv_nomic_100k,0,83,target_evaluation,F3
arxiv_nomic_100k,0,85,target_evaluation,F3
arxiv_nomic_100k,0,88,target_evaluation,F3
arxiv_nomic_100k,0,91,target_evaluation,F3
arxiv_nomic_100k,0,96,target_evaluation,F3
arxiv_nomic_100k,0,97,target_evaluation,F3
arxiv_nomic_100k,0,101,target_evaluation,F3
arxiv_nomic_100k,0,105,target_evaluation,F3
arxiv_nomic_100k,0,109,target_evaluation,F3
arxiv_nomic_100k,0,122,target_evaluation,F3
arxiv_nomic_100k,0,141,target_evaluation,F3
arxiv_nomic_100k,0,145,target_evaluation,F3
arxiv_nomic_100k,0,146,target_evaluation,F3
arxiv_nomic_100k,0,148,target_evaluation,F3
arxiv_nomic_100k,0,152,target_evaluation,F3
arxiv_nomic_100k,0,166,target_evaluation,F3
arxiv_nomic_100k,0,169,target_evaluation,F3
arxiv_nomic_100k,0,170,target_evaluation,F3
arxiv_nomic_100k,0,171,target_evaluation,F3
arxiv_nomic_100k,0,172,target_evaluation,F3
arxiv_nomic_100k,0,181,target_evaluation,F3
arxiv_nomic_100k,0,182,target_evaluation,F3
arxiv_nomic_100k,0,186,target_evaluation,F3
arxiv_nomic_100k,0,193,target_evaluation,F3
arxiv_nomic_100k,0,208,target_evaluation,F3
arxiv_nomic_100k,0,211,target_evaluation,F3
arxiv_nomic_100k,0,212,target_evaluation,F3
arxiv_nomic_100k,0,217,target_evaluation,F3
arxiv_nomic_100k,0,218,target_evaluation,F3
arxiv_nomic_100k,0,219,target_evaluation,F3
arxiv_nomic_100k,0,220,target_evaluation,F3
arxiv_nomic_100k,0,228,target_evaluation,F3
arxiv_nomic_100k,0,236,target_evaluation,F3
arxiv_nomic_100k,0,237,target_evaluation,F3
arxiv_nomic_100k,0,244,target_evaluation,F3
arxiv_nomic_100k,0,245,target_evaluation,F3
arxiv_nomic_100k,0,249,target_evaluation,F3
arxiv_nomic_100k,0,259,target_evaluation,F3
arxiv_nomic_100k,0,267,target_evaluation,F3
arxiv_nomic_100k,0,269,target_evaluation,F3
arxiv_nomic_100k,0,275,target_evaluation,F3
arxiv_nomic_100k,0,277,target_evaluation,F3
arxiv_nomic_100k,0,279,target_evaluation,F3
arxiv_nomic_100k,0,280,target_evaluation,F3
arxiv_nomic_100k,0,285,target_evaluation,F3
arxiv_nomic_100k,0,288,target_evaluation,F3
arxiv_nomic_100k,0,289,target_evaluation,F3
arxiv_nomic_100k,0,291,target_evaluation,F3
arxiv_nomic_100k,0,299,target_evaluation,F3
arxiv_nomic_100k,0,300,target_evaluation,F3
arxiv_nomic_100k,0,304,target_evaluation,F3
arxiv_nomic_100k,0,305,target_evaluation,F3
arxiv_nomic_100k,0,307,target_evaluation,F3
arxiv_nomic_100k,0,313,target_evaluation,F3
arxiv_nomic_100k,0,316,target_evaluation,F3
arxiv_nomic_100k,0,320,target_evaluation,F3
arxiv_nomic_100k,0,322,target_evaluation,F3
arxiv_nomic_100k,0,323,target_evaluation,F3
arxiv_nomic_100k,0,334,target_evaluation,F3
arxiv_nomic_100k,0,335,target_evaluation,F3
arxiv_nomic_100k,0,343,target_evaluation,F3
arxiv_nomic_100k,0,346,target_evaluation,F3
arxiv_nomic_100k,0,358,target_evaluation,F3
arxiv_nomic_100k,0,363,target_evaluation,F3
arxiv_nomic_100k,0,364,target_evaluation,F3
arxiv_nomic_100k,0,366,target_evaluation,F3
arxiv_nomic_100k,0,369,target_evaluation,F3
arxiv_nomic_100k,0,373,target_evaluation,F3
arxiv_nomic_100k,0,374,target_evaluation,F3
arxiv_nomic_100k,0,377,target_evaluation,F3
arxiv_nomic_100k,0,382,target_evaluation,F3
arxiv_nomic_100k,0,389,target_evaluation,F3
arxiv_nomic_100k,0,393,target_evaluation,F3
arxiv_nomic_100k,0,394,target_evaluation,F3
arxiv_nomic_100k,0,397,target_evaluation,F3
arxiv_nomic_100k,0,409,target_evaluation,F3
arxiv_nomic_100k,0,413,target_evaluation,F3
arxiv_nomic_100k,0,417,target_evaluation,F3
arxiv_nomic_100k,0,425,target_evaluation,F3
arxiv_nomic_100k,0,428,target_evaluation,F3
arxiv_nomic_100k,0,434,target_evaluation,F3
arxiv_nomic_100k,0,436,target_evaluation,F3
arxiv_nomic_100k,0,437,target_evaluation,F3
arxiv_nomic_100k,0,442,target_evaluation,F3
arxiv_nomic_100k,0,444,target_evaluation,F3
arxiv_nomic_100k,0,446,target_evaluation,F3
arxiv_nomic_100k,0,450,target_evaluation,F3
arxiv_nomic_100k,0,453,target_evaluation,F3
arxiv_nomic_100k,0,455,target_evaluation,F3
arxiv_nomic_100k,0,471,target_evaluation,F3
arxiv_nomic_100k,0,473,target_evaluation,F3
arxiv_nomic_100k,0,474,target_evaluation,F3
arxiv_nomic_100k,0,476,target_evaluation,F3
arxiv_nomic_100k,0,478,target_evaluation,F3
arxiv_nomic_100k,0,487,target_evaluation,F3
arxiv_nomic_100k,0,499,target_evaluation,F3
arxiv_nomic_100k,0,502,target_evaluation,F3
arxiv_nomic_100k,0,503,target_evaluation,F3
arxiv_nomic_100k,0,506,target_evaluation,F3
arxiv_nomic_100k,0,512,target_evaluation,F3
arxiv_nomic_100k,0,513,target_evaluation,F3
arxiv_nomic_100k,0,514,target_evaluation,F3
arxiv_nomic_100k,0,519,target_evaluation,F3
arxiv_nomic_100k,0,520,target_evaluation,F3
arxiv_nomic_100k,0,521,target_evaluation,F3
arxiv_nomic_100k,0,530,target_evaluation,F3
arxiv_nomic_100k,0,532,target_evaluation,F3
arxiv_nomic_100k,0,534,target_evaluation,F3
arxiv_nomic_100k,0,540,target_evaluation,F3
arxiv_nomic_100k,0,542,target_evaluation,F3
arxiv_nomic_100k,0,545,target_evaluation,F3
arxiv_nomic_100k,0,554,target_evaluation,F3
arxiv_nomic_100k,0,556,target_evaluation,F3
arxiv_nomic_100k,0,564,target_evaluation,F3
arxiv_nomic_100k,0,571,target_evaluation,F3
arxiv_nomic_100k,0,574,target_evaluation,F3
arxiv_nomic_100k,0,587,target_evaluation,F3
arxiv_nomic_100k,0,590,target_evaluation,F3
arxiv_nomic_100k,0,593,target_evaluation,F3
arxiv_nomic_100k,0,596,target_evaluation,F3
arxiv_nomic_100k,0,602,target_evaluation,F3
arxiv_nomic_100k,0,611,target_evaluation,F3
arxiv_nomic_100k,0,612,target_evaluation,F3
arxiv_nomic_100k,0,621,target_evaluation,F3
arxiv_nomic_100k,0,623,target_evaluation,F3
arxiv_nomic_100k,0,626,target_evaluation,F3
arxiv_nomic_100k,0,627,target_evaluation,F3
arxiv_nomic_100k,0,630,target_evaluation,F3
arxiv_nomic_100k,0,632,target_evaluation,F3
arxiv_nomic_100k,0,635,target_evaluation,F3
arxiv_nomic_100k,0,637,target_evaluation,F3
arxiv_nomic_100k,0,646,target_evaluation,F3
arxiv_nomic_100k,0,649,target_evaluation,F3
arxiv_nomic_100k,0,651,target_evaluation,F3
arxiv_nomic_100k,0,657,target_evaluation,F3
arxiv_nomic_100k,0,663,target_evaluation,F3
arxiv_nomic_100k,0,665,target_evaluation,F3
arxiv_nomic_100k,0,675,target_evaluation,F3
arxiv_nomic_100k,0,677,target_evaluation,F3
arxiv_nomic_100k,0,683,target_evaluation,F3
arxiv_nomic_100k,0,685,target_evaluation,F3
arxiv_nomic_100k,0,691,target_evaluation,F3
arxiv_nomic_100k,0,699,target_evaluation,F3
arxiv_nomic_100k,0,704,target_evaluation,F3
arxiv_nomic_100k,0,706,target_evaluation,F3
arxiv_nomic_100k,0,709,target_evaluation,F3
arxiv_nomic_100k,0,710,target_evaluation,F3
arxiv_nomic_100k,0,716,target_evaluation,F3
arxiv_nomic_100k,0,717,target_evaluation,F3
arxiv_nomic_100k,0,720,target_evaluation,F3
arxiv_nomic_100k,0,722,target_evaluation,F3
arxiv_nomic_100k,0,731,target_evaluation,F3
arxiv_nomic_100k,0,736,target_evaluation,F3
arxiv_nomic_100k,0,743,target_evaluation,F3
arxiv_nomic_100k,0,746,target_evaluation,F3
arxiv_nomic_100k,0,747,target_evaluation,F3
arxiv_nomic_100k,0,751,target_evaluation,F3
arxiv_nomic_100k,0,754,target_evaluation,F3
arxiv_nomic_100k,0,755,target_evaluation,F3
arxiv_nomic_100k,0,760,target_evaluation,F3
arxiv_nomic_100k,0,764,target_evaluation,F3
arxiv_nomic_100k,0,767,target_evaluation,F3
arxiv_nomic_100k,0,769,target_evaluation,F3
arxiv_nomic_100k,0,776,target_evaluation,F3
arxiv_nomic_100k,0,779,target_evaluation,F3
arxiv_nomic_100k,0,780,target_evaluation,F3
arxiv_nomic_100k,0,781,target_evaluation,F3
arxiv_nomic_100k,0,782,target_evaluation,F3
arxiv_nomic_100k,0,789,target_evaluation,F3
arxiv_nomic_100k,0,791,target_evaluation,F3
arxiv_nomic_100k,0,792,target_evaluation,F3
arxiv_nomic_100k,0,793,target_evaluation,F3
arxiv_nomic_100k,0,794,target_evaluation,F3
arxiv_nomic_100k,0,796,target_evaluation,F3
arxiv_nomic_100k,0,799,target_evaluation,F3
arxiv_nomic_100k,0,803,target_evaluation,F3
arxiv_nomic_100k,0,804,target_evaluation,F3
arxiv_nomic_100k,0,805,target_evaluation,F3
arxiv_nomic_100k,0,814,target_evaluation,F3
arxiv_nomic_100k,0,816,target_evaluation,F3
arxiv_nomic_100k,0,819,target_evaluation,F3
arxiv_nomic_100k,0,824,target_evaluation,F3
arxiv_nomic_100k,0,827,target_evaluation,F3
arxiv_nomic_100k,0,829,target_evaluation,F3
arxiv_nomic_100k,0,833,target_evaluation,F3
arxiv_nomic_100k,0,838,target_evaluation,F3
arxiv_nomic_100k,0,842,target_evaluation,F3
arxiv_nomic_100k,0,845,target_evaluation,F3
arxiv_nomic_100k,0,857,target_evaluation,F3
arxiv_nomic_100k,0,858,target_evaluation,F3
arxiv_nomic_100k,0,860,target_evaluation,F3
arxiv_nomic_100k,0,862,target_evaluation,F3
arxiv_nomic_100k,0,864,target_evaluation,F3
arxiv_nomic_100k,0,865,target_evaluation,F3
arxiv_nomic_100k,0,866,target_evaluation,F3
arxiv_nomic_100k,0,867,target_evaluation,F3
arxiv_nomic_100k,0,868,target_evaluation,F3
arxiv_nomic_100k,0,871,target_evaluation,F3
arxiv_nomic_100k,0,872,target_evaluation,F3
arxiv_nomic_100k,0,876,target_evaluation,F3
arxiv_nomic_100k,0,878,target_evaluation,F3
arxiv_nomic_100k,0,886,target_evaluation,F3
arxiv_nomic_100k,0,889,target_evaluation,F3
arxiv_nomic_100k,0,894,target_evaluation,F3
arxiv_nomic_100k,0,896,target_evaluation,F3
arxiv_nomic_100k,0,901,target_evaluation,F3
arxiv_nomic_100k,0,904,target_evaluation,F3
arxiv_nomic_100k,0,905,target_evaluation,F3
arxiv_nomic_100k,0,915,target_evaluation,F3
arxiv_nomic_100k,0,917,target_evaluation,F3
arxiv_nomic_100k,0,918,target_evaluation,F3
arxiv_nomic_100k,0,919,target_evaluation,F3
arxiv_nomic_100k,0,920,target_evaluation,F3
arxiv_nomic_100k,0,935,target_evaluation,F3
arxiv_nomic_100k,0,936,target_evaluation,F3
arxiv_nomic_100k,0,943,target_evaluation,F3
arxiv_nomic_100k,0,944,target_evaluation,F3
arxiv_nomic_100k,0,946,target_evaluation,F3
arxiv_nomic_100k,0,947,target_evaluation,F3
arxiv_nomic_100k,0,955,target_evaluation,F3
arxiv_nomic_100k,0,962,target_evaluation,F3
arxiv_nomic_100k,0,964,target_evaluation,F3
arxiv_nomic_100k,0,966,target_evaluation,F3
arxiv_nomic_100k,0,972,target_evaluation,F3
arxiv_nomic_100k,0,978,target_evaluation,F3
arxiv_nomic_100k,0,983,target_evaluation,F3
arxiv_nomic_100k,0,986,target_evaluation,F3
arxiv_nomic_100k,0,990,target_evaluation,F3
arxiv_nomic_100k,0,995,target_evaluation,F3
arxiv_nomic_100k,0,996,target_evaluation,F3
arxiv_nomic_100k,0,997,target_evaluation,F3
arxiv_nomic_100k,1,2,source_train,F1
arxiv_nomic_100k,1,4,source_train,F1
arxiv_nomic_100k,1,5,source_train,F1
arxiv_nomic_100k,1,6,source_train,F1
arxiv_nomic_100k,1,10,source_train,F1
arxiv_nomic_100k,1,14,source_train,F1
arxiv_nomic_100k,1,16,source_train,F1
arxiv_nomic_100k,1,17,source_train,F1
arxiv_nomic_100k,1,23,source_train,F1
arxiv_nomic_100k,1,32,source_train,F1
arxiv_nomic_100k,1,34,source_train,F1
arxiv_nomic_100k,1,38,source_train,F1
arxiv_nomic_100k,1,42,source_train,F1
arxiv_nomic_100k,1,53,source_train,F1
arxiv_nomic_100k,1,56,source_train,F1
arxiv_nomic_100k,1,61,source_train,F1
arxiv_nomic_100k,1,62,source_train,F1
arxiv_nomic_100k,1,64,source_train,F1
arxiv_nomic_100k,1,65,source_train,F1
arxiv_nomic_100k,1,68,source_train,F1
arxiv_nomic_100k,1,72,source_train,F1
arxiv_nomic_100k,1,74,source_train,F1
arxiv_nomic_100k,1,77,source_train,F1
arxiv_nomic_100k,1,86,source_train,F1
arxiv_nomic_100k,1,87,source_train,F1
arxiv_nomic_100k,1,92,source_train,F1
arxiv_nomic_100k,1,98,source_train,F1
arxiv_nomic_100k,1,102,source_train,F1
arxiv_nomic_100k,1,111,source_train,F1
arxiv_nomic_100k,1,116,source_train,F1
arxiv_nomic_100k,1,118,source_train,F1
arxiv_nomic_100k,1,127,source_train,F1
arxiv_nomic_100k,1,128,source_train,F1
arxiv_nomic_100k,1,129,source_train,F1
arxiv_nomic_100k,1,135,source_train,F1
arxiv_nomic_100k,1,136,source_train,F1
arxiv_nomic_100k,1,144,source_train,F1
arxiv_nomic_100k,1,147,source_train,F1
arxiv_nomic_100k,1,154,source_train,F1
arxiv_nomic_100k,1,165,source_train,F1
arxiv_nomic_100k,1,173,source_train,F1
arxiv_nomic_100k,1,175,source_train,F1
arxiv_nomic_100k,1,176,source_train,F1
arxiv_nomic_100k,1,180,source_train,F1
arxiv_nomic_100k,1,187,source_train,F1
arxiv_nomic_100k,1,189,source_train,F1
arxiv_nomic_100k,1,192,source_train,F1
arxiv_nomic_100k,1,194,source_train,F1
arxiv_nomic_100k,1,198,source_train,F1
arxiv_nomic_100k,1,202,source_train,F1
arxiv_nomic_100k,1,207,source_train,F1
arxiv_nomic_100k,1,224,source_train,F1
arxiv_nomic_100k,1,225,source_train,F1
arxiv_nomic_100k,1,229,source_train,F1
arxiv_nomic_100k,1,230,source_train,F1
arxiv_nomic_100k,1,239,source_train,F1
arxiv_nomic_100k,1,242,source_train,F1
arxiv_nomic_100k,1,250,source_train,F1
arxiv_nomic_100k,1,253,source_train,F1
arxiv_nomic_100k,1,261,source_train,F1
arxiv_nomic_100k,1,262,source_train,F1
arxiv_nomic_100k,1,263,source_train,F1
arxiv_nomic_100k,1,271,source_train,F1
arxiv_nomic_100k,1,278,source_train,F1
arxiv_nomic_100k,1,284,source_train,F1
arxiv_nomic_100k,1,287,source_train,F1
arxiv_nomic_100k,1,292,source_train,F1
arxiv_nomic_100k,1,293,source_train,F1
arxiv_nomic_100k,1,296,source_train,F1
arxiv_nomic_100k,1,298,source_train,F1
arxiv_nomic_100k,1,306,source_train,F1
arxiv_nomic_100k,1,311,source_train,F1
arxiv_nomic_100k,1,312,source_train,F1
arxiv_nomic_100k,1,319,source_train,F1
arxiv_nomic_100k,1,324,source_train,F1
arxiv_nomic_100k,1,325,source_train,F1
arxiv_nomic_100k,1,328,source_train,F1
arxiv_nomic_100k,1,330,source_train,F1
arxiv_nomic_100k,1,331,source_train,F1
arxiv_nomic_100k,1,337,source_train,F1
arxiv_nomic_100k,1,338,source_train,F1
arxiv_nomic_100k,1,341,source_train,F1
arxiv_nomic_100k,1,342,source_train,F1
arxiv_nomic_100k,1,344,source_train,F1
arxiv_nomic_100k,1,347,source_train,F1
arxiv_nomic_100k,1,348,source_train,F1
arxiv_nomic_100k,1,349,source_train,F1
arxiv_nomic_100k,1,350,source_train,F1
arxiv_nomic_100k,1,351,source_train,F1
arxiv_nomic_100k,1,353,source_train,F1
arxiv_nomic_100k,1,359,source_train,F1
arxiv_nomic_100k,1,360,source_train,F1
arxiv_nomic_100k,1,362,source_train,F1
arxiv_nomic_100k,1,372,source_train,F1
arxiv_nomic_100k,1,380,source_train,F1
arxiv_nomic_100k,1,385,source_train,F1
arxiv_nomic_100k,1,387,source_train,F1
arxiv_nomic_100k,1,388,source_train,F1
arxiv_nomic_100k,1,399,source_train,F1
arxiv_nomic_100k,1,414,source_train,F1
arxiv_nomic_100k,1,415,source_train,F1
arxiv_nomic_100k,1,416,source_train,F1
arxiv_nomic_100k,1,421,source_train,F1
arxiv_nomic_100k,1,423,source_train,F1
arxiv_nomic_100k,1,433,source_train,F1
arxiv_nomic_100k,1,435,source_train,F1
arxiv_nomic_100k,1,443,source_train,F1
arxiv_nomic_100k,1,447,source_train,F1
arxiv_nomic_100k,1,449,source_train,F1
arxiv_nomic_100k,1,451,source_train,F1
arxiv_nomic_100k,1,452,source_train,F1
arxiv_nomic_100k,1,457,source_train,F1
arxiv_nomic_100k,1,458,source_train,F1
arxiv_nomic_100k,1,460,source_train,F1
arxiv_nomic_100k,1,462,source_train,F1
arxiv_nomic_100k,1,468,source_train,F1
arxiv_nomic_100k,1,469,source_train,F1
arxiv_nomic_100k,1,470,source_train,F1
arxiv_nomic_100k,1,477,source_train,F1
arxiv_nomic_100k,1,479,source_train,F1
arxiv_nomic_100k,1,481,source_train,F1
arxiv_nomic_100k,1,482,source_train,F1
arxiv_nomic_100k,1,488,source_train,F1
arxiv_nomic_100k,1,489,source_train,F1
arxiv_nomic_100k,1,492,source_train,F1
arxiv_nomic_100k,1,494,source_train,F1
arxiv_nomic_100k,1,495,source_train,F1
arxiv_nomic_100k,1,497,source_train,F1
arxiv_nomic_100k,1,498,source_train,F1
arxiv_nomic_100k,1,516,source_train,F1
arxiv_nomic_100k,1,529,source_train,F1
arxiv_nomic_100k,1,535,source_train,F1
arxiv_nomic_100k,1,541,source_train,F1
arxiv_nomic_100k,1,550,source_train,F1
arxiv_nomic_100k,1,555,source_train,F1
arxiv_nomic_100k,1,558,source_train,F1
arxiv_nomic_100k,1,559,source_train,F1
arxiv_nomic_100k,1,561,source_train,F1
arxiv_nomic_100k,1,565,source_train,F1
arxiv_nomic_100k,1,566,source_train,F1
arxiv_nomic_100k,1,567,source_train,F1
arxiv_nomic_100k,1,569,source_train,F1
arxiv_nomic_100k,1,570,source_train,F1
arxiv_nomic_100k,1,577,source_train,F1
arxiv_nomic_100k,1,579,source_train,F1
arxiv_nomic_100k,1,581,source_train,F1
arxiv_nomic_100k,1,582,source_train,F1
arxiv_nomic_100k,1,585,source_train,F1
arxiv_nomic_100k,1,591,source_train,F1
arxiv_nomic_100k,1,599,source_train,F1
arxiv_nomic_100k,1,600,source_train,F1
arxiv_nomic_100k,1,607,source_train,F1
arxiv_nomic_100k,1,609,source_train,F1
arxiv_nomic_100k,1,613,source_train,F1
arxiv_nomic_100k,1,616,source_train,F1
arxiv_nomic_100k,1,624,source_train,F1
arxiv_nomic_100k,1,631,source_train,F1
arxiv_nomic_100k,1,634,source_train,F1
arxiv_nomic_100k,1,639,source_train,F1
arxiv_nomic_100k,1,643,source_train,F1
arxiv_nomic_100k,1,644,source_train,F1
arxiv_nomic_100k,1,645,source_train,F1
arxiv_nomic_100k,1,647,source_train,F1
arxiv_nomic_100k,1,648,source_train,F1
arxiv_nomic_100k,1,650,source_train,F1
arxiv_nomic_100k,1,654,source_train,F1
arxiv_nomic_100k,1,659,source_train,F1
arxiv_nomic_100k,1,664,source_train,F1
arxiv_nomic_100k,1,674,source_train,F1
arxiv_nomic_100k,1,679,source_train,F1
arxiv_nomic_100k,1,680,source_train,F1
arxiv_nomic_100k,1,682,source_train,F1
arxiv_nomic_100k,1,686,source_train,F1
arxiv_nomic_100k,1,689,source_train,F1
arxiv_nomic_100k,1,695,source_train,F1
arxiv_nomic_100k,1,703,source_train,F1
arxiv_nomic_100k,1,707,source_train,F1
arxiv_nomic_100k,1,714,source_train,F1
arxiv_nomic_100k,1,723,source_train,F1
arxiv_nomic_100k,1,724,source_train,F1
arxiv_nomic_100k,1,728,source_train,F1
arxiv_nomic_100k,1,730,source_train,F1
arxiv_nomic_100k,1,738,source_train,F1
arxiv_nomic_100k,1,739,source_train,F1
arxiv_nomic_100k,1,740,source_train,F1
arxiv_nomic_100k,1,748,source_train,F1
arxiv_nomic_100k,1,756,source_train,F1
arxiv_nomic_100k,1,765,source_train,F1
arxiv_nomic_100k,1,766,source_train,F1
arxiv_nomic_100k,1,768,source_train,F1
arxiv_nomic_100k,1,770,source_train,F1
arxiv_nomic_100k,1,771,source_train,F1
arxiv_nomic_100k,1,773,source_train,F1
arxiv_nomic_100k,1,783,source_train,F1
arxiv_nomic_100k,1,786,source_train,F1
arxiv_nomic_100k,1,800,source_train,F1
arxiv_nomic_100k,1,807,source_train,F1
arxiv_nomic_100k,1,810,source_train,F1
arxiv_nomic_100k,1,813,source_train,F1
arxiv_nomic_100k,1,826,source_train,F1
arxiv_nomic_100k,1,830,source_train,F1
arxiv_nomic_100k,1,831,source_train,F1
arxiv_nomic_100k,1,839,source_train,F1
arxiv_nomic_100k,1,840,source_train,F1
arxiv_nomic_100k,1,841,source_train,F1
arxiv_nomic_100k,1,843,source_train,F1
arxiv_nomic_100k,1,851,source_train,F1
arxiv_nomic_100k,1,853,source_train,F1
arxiv_nomic_100k,1,854,source_train,F1
arxiv_nomic_100k,1,855,source_train,F1
arxiv_nomic_100k,1,856,source_train,F1
arxiv_nomic_100k,1,859,source_train,F1
arxiv_nomic_100k,1,861,source_train,F1
arxiv_nomic_100k,1,863,source_train,F1
arxiv_nomic_100k,1,869,source_train,F1
arxiv_nomic_100k,1,870,source_train,F1
arxiv_nomic_100k,1,874,source_train,F1
arxiv_nomic_100k,1,881,source_train,F1
arxiv_nomic_100k,1,882,source_train,F1
arxiv_nomic_100k,1,883,source_train,F1
arxiv_nomic_100k,1,884,source_train,F1
arxiv_nomic_100k,1,895,source_train,F1
arxiv_nomic_100k,1,898,source_train,F1
arxiv_nomic_100k,1,902,source_train,F1
arxiv_nomic_100k,1,909,source_train,F1
arxiv_nomic_100k,1,912,source_train,F1
arxiv_nomic_100k,1,913,source_train,F1
arxiv_nomic_100k,1,926,source_train,F1
arxiv_nomic_100k,1,929,source_train,F1
arxiv_nomic_100k,1,931,source_train,F1
arxiv_nomic_100k,1,940,source_train,F1
arxiv_nomic_100k,1,945,source_train,F1
arxiv_nomic_100k,1,949,source_train,F1
arxiv_nomic_100k,1,954,source_train,F1
arxiv_nomic_100k,1,963,source_train,F1
arxiv_nomic_100k,1,965,source_train,F1
arxiv_nomic_100k,1,967,source_train,F1
arxiv_nomic_100k,1,969,source_train,F1
arxiv_nomic_100k,1,970,source_train,F1
arxiv_nomic_100k,1,973,source_train,F1
arxiv_nomic_100k,1,977,source_train,F1
arxiv_nomic_100k,1,979,source_train,F1
arxiv_nomic_100k,1,980,source_train,F1
arxiv_nomic_100k,1,981,source_train,F1
arxiv_nomic_100k,1,982,source_train,F1
arxiv_nomic_100k,1,984,source_train,F1
arxiv_nomic_100k,1,985,source_train,F1
arxiv_nomic_100k,1,988,source_train,F1
arxiv_nomic_100k,1,992,source_train,F1
arxiv_nomic_100k,1,993,source_train,F1
arxiv_nomic_100k,1,0,source_calibration,F2
arxiv_nomic_100k,1,3,source_calibration,F2
arxiv_nomic_100k,1,7,source_calibration,F2
arxiv_nomic_100k,1,13,source_calibration,F2
arxiv_nomic_100k,1,18,source_calibration,F2
arxiv_nomic_100k,1,25,source_calibration,F2
arxiv_nomic_100k,1,27,source_calibration,F2
arxiv_nomic_100k,1,31,source_calibration,F2
arxiv_nomic_100k,1,35,source_calibration,F2
arxiv_nomic_100k,1,40,source_calibration,F2
arxiv_nomic_100k,1,43,source_calibration,F2
arxiv_nomic_100k,1,44,source_calibration,F2
arxiv_nomic_100k,1,48,source_calibration,F2
arxiv_nomic_100k,1,49,source_calibration,F2
arxiv_nomic_100k,1,50,source_calibration,F2
arxiv_nomic_100k,1,51,source_calibration,F2
arxiv_nomic_100k,1,54,source_calibration,F2
arxiv_nomic_100k,1,55,source_calibration,F2
arxiv_nomic_100k,1,59,source_calibration,F2
arxiv_nomic_100k,1,60,source_calibration,F2
arxiv_nomic_100k,1,63,source_calibration,F2
arxiv_nomic_100k,1,66,source_calibration,F2
arxiv_nomic_100k,1,73,source_calibration,F2
arxiv_nomic_100k,1,75,source_calibration,F2
arxiv_nomic_100k,1,79,source_calibration,F2
arxiv_nomic_100k,1,90,source_calibration,F2
arxiv_nomic_100k,1,93,source_calibration,F2
arxiv_nomic_100k,1,95,source_calibration,F2
arxiv_nomic_100k,1,99,source_calibration,F2
arxiv_nomic_100k,1,104,source_calibration,F2
arxiv_nomic_100k,1,107,source_calibration,F2
arxiv_nomic_100k,1,108,source_calibration,F2
arxiv_nomic_100k,1,110,source_calibration,F2
arxiv_nomic_100k,1,112,source_calibration,F2
arxiv_nomic_100k,1,113,source_calibration,F2
arxiv_nomic_100k,1,117,source_calibration,F2
arxiv_nomic_100k,1,119,source_calibration,F2
arxiv_nomic_100k,1,121,source_calibration,F2
arxiv_nomic_100k,1,125,source_calibration,F2
arxiv_nomic_100k,1,133,source_calibration,F2
arxiv_nomic_100k,1,138,source_calibration,F2
arxiv_nomic_100k,1,139,source_calibration,F2
arxiv_nomic_100k,1,155,source_calibration,F2
arxiv_nomic_100k,1,158,source_calibration,F2
arxiv_nomic_100k,1,159,source_calibration,F2
arxiv_nomic_100k,1,161,source_calibration,F2
arxiv_nomic_100k,1,163,source_calibration,F2
arxiv_nomic_100k,1,167,source_calibration,F2
arxiv_nomic_100k,1,168,source_calibration,F2
arxiv_nomic_100k,1,174,source_calibration,F2
arxiv_nomic_100k,1,177,source_calibration,F2
arxiv_nomic_100k,1,179,source_calibration,F2
arxiv_nomic_100k,1,185,source_calibration,F2
arxiv_nomic_100k,1,188,source_calibration,F2
arxiv_nomic_100k,1,191,source_calibration,F2
arxiv_nomic_100k,1,195,source_calibration,F2
arxiv_nomic_100k,1,196,source_calibration,F2
arxiv_nomic_100k,1,197,source_calibration,F2
arxiv_nomic_100k,1,201,source_calibration,F2
arxiv_nomic_100k,1,205,source_calibration,F2
arxiv_nomic_100k,1,209,source_calibration,F2
arxiv_nomic_100k,1,210,source_calibration,F2
arxiv_nomic_100k,1,214,source_calibration,F2
arxiv_nomic_100k,1,216,source_calibration,F2
arxiv_nomic_100k,1,221,source_calibration,F2
arxiv_nomic_100k,1,226,source_calibration,F2
arxiv_nomic_100k,1,227,source_calibration,F2
arxiv_nomic_100k,1,232,source_calibration,F2
arxiv_nomic_100k,1,238,source_calibration,F2
arxiv_nomic_100k,1,241,source_calibration,F2
arxiv_nomic_100k,1,243,source_calibration,F2
arxiv_nomic_100k,1,246,source_calibration,F2
arxiv_nomic_100k,1,247,source_calibration,F2
arxiv_nomic_100k,1,254,source_calibration,F2
arxiv_nomic_100k,1,256,source_calibration,F2
arxiv_nomic_100k,1,260,source_calibration,F2
arxiv_nomic_100k,1,272,source_calibration,F2
arxiv_nomic_100k,1,274,source_calibration,F2
arxiv_nomic_100k,1,276,source_calibration,F2
arxiv_nomic_100k,1,281,source_calibration,F2
arxiv_nomic_100k,1,283,source_calibration,F2
arxiv_nomic_100k,1,286,source_calibration,F2
arxiv_nomic_100k,1,290,source_calibration,F2
arxiv_nomic_100k,1,294,source_calibration,F2
arxiv_nomic_100k,1,301,source_calibration,F2
arxiv_nomic_100k,1,302,source_calibration,F2
arxiv_nomic_100k,1,308,source_calibration,F2
arxiv_nomic_100k,1,309,source_calibration,F2
arxiv_nomic_100k,1,310,source_calibration,F2
arxiv_nomic_100k,1,317,source_calibration,F2
arxiv_nomic_100k,1,321,source_calibration,F2
arxiv_nomic_100k,1,326,source_calibration,F2
arxiv_nomic_100k,1,329,source_calibration,F2
arxiv_nomic_100k,1,333,source_calibration,F2
arxiv_nomic_100k,1,339,source_calibration,F2
arxiv_nomic_100k,1,340,source_calibration,F2
arxiv_nomic_100k,1,345,source_calibration,F2
arxiv_nomic_100k,1,354,source_calibration,F2
arxiv_nomic_100k,1,355,source_calibration,F2
arxiv_nomic_100k,1,357,source_calibration,F2
arxiv_nomic_100k,1,367,source_calibration,F2
arxiv_nomic_100k,1,370,source_calibration,F2
arxiv_nomic_100k,1,375,source_calibration,F2
arxiv_nomic_100k,1,378,source_calibration,F2
arxiv_nomic_100k,1,379,source_calibration,F2
arxiv_nomic_100k,1,383,source_calibration,F2
arxiv_nomic_100k,1,391,source_calibration,F2
arxiv_nomic_100k,1,392,source_calibration,F2
arxiv_nomic_100k,1,400,source_calibration,F2
arxiv_nomic_100k,1,406,source_calibration,F2
arxiv_nomic_100k,1,407,source_calibration,F2
arxiv_nomic_100k,1,408,source_calibration,F2
arxiv_nomic_100k,1,411,source_calibration,F2
arxiv_nomic_100k,1,429,source_calibration,F2
arxiv_nomic_100k,1,431,source_calibration,F2
arxiv_nomic_100k,1,432,source_calibration,F2
arxiv_nomic_100k,1,439,source_calibration,F2
arxiv_nomic_100k,1,441,source_calibration,F2
arxiv_nomic_100k,1,445,source_calibration,F2
arxiv_nomic_100k,1,454,source_calibration,F2
arxiv_nomic_100k,1,459,source_calibration,F2
arxiv_nomic_100k,1,467,source_calibration,F2
arxiv_nomic_100k,1,480,source_calibration,F2
arxiv_nomic_100k,1,483,source_calibration,F2
arxiv_nomic_100k,1,485,source_calibration,F2
arxiv_nomic_100k,1,486,source_calibration,F2
arxiv_nomic_100k,1,491,source_calibration,F2
arxiv_nomic_100k,1,500,source_calibration,F2
arxiv_nomic_100k,1,501,source_calibration,F2
arxiv_nomic_100k,1,505,source_calibration,F2
arxiv_nomic_100k,1,507,source_calibration,F2
arxiv_nomic_100k,1,510,source_calibration,F2
arxiv_nomic_100k,1,522,source_calibration,F2
arxiv_nomic_100k,1,525,source_calibration,F2
arxiv_nomic_100k,1,527,source_calibration,F2
arxiv_nomic_100k,1,528,source_calibration,F2
arxiv_nomic_100k,1,531,source_calibration,F2
arxiv_nomic_100k,1,533,source_calibration,F2
arxiv_nomic_100k,1,536,source_calibration,F2
arxiv_nomic_100k,1,537,source_calibration,F2
arxiv_nomic_100k,1,544,source_calibration,F2
arxiv_nomic_100k,1,546,source_calibration,F2
arxiv_nomic_100k,1,547,source_calibration,F2
arxiv_nomic_100k,1,551,source_calibration,F2
arxiv_nomic_100k,1,552,source_calibration,F2
arxiv_nomic_100k,1,557,source_calibration,F2
arxiv_nomic_100k,1,563,source_calibration,F2
arxiv_nomic_100k,1,576,source_calibration,F2
arxiv_nomic_100k,1,580,source_calibration,F2
arxiv_nomic_100k,1,584,source_calibration,F2
arxiv_nomic_100k,1,588,source_calibration,F2
arxiv_nomic_100k,1,592,source_calibration,F2
arxiv_nomic_100k,1,594,source_calibration,F2
arxiv_nomic_100k,1,595,source_calibration,F2
arxiv_nomic_100k,1,597,source_calibration,F2
arxiv_nomic_100k,1,598,source_calibration,F2
arxiv_nomic_100k,1,605,source_calibration,F2
arxiv_nomic_100k,1,606,source_calibration,F2
arxiv_nomic_100k,1,608,source_calibration,F2
arxiv_nomic_100k,1,614,source_calibration,F2
arxiv_nomic_100k,1,617,source_calibration,F2
arxiv_nomic_100k,1,620,source_calibration,F2
arxiv_nomic_100k,1,622,source_calibration,F2
arxiv_nomic_100k,1,625,source_calibration,F2
arxiv_nomic_100k,1,628,source_calibration,F2
arxiv_nomic_100k,1,638,source_calibration,F2
arxiv_nomic_100k,1,641,source_calibration,F2
arxiv_nomic_100k,1,642,source_calibration,F2
arxiv_nomic_100k,1,655,source_calibration,F2
arxiv_nomic_100k,1,658,source_calibration,F2
arxiv_nomic_100k,1,660,source_calibration,F2
arxiv_nomic_100k,1,661,source_calibration,F2
arxiv_nomic_100k,1,662,source_calibration,F2
arxiv_nomic_100k,1,666,source_calibration,F2
arxiv_nomic_100k,1,667,source_calibration,F2
arxiv_nomic_100k,1,670,source_calibration,F2
arxiv_nomic_100k,1,673,source_calibration,F2
arxiv_nomic_100k,1,692,source_calibration,F2
arxiv_nomic_100k,1,696,source_calibration,F2
arxiv_nomic_100k,1,697,source_calibration,F2
arxiv_nomic_100k,1,701,source_calibration,F2
arxiv_nomic_100k,1,702,source_calibration,F2
arxiv_nomic_100k,1,705,source_calibration,F2
arxiv_nomic_100k,1,711,source_calibration,F2
arxiv_nomic_100k,1,713,source_calibration,F2
arxiv_nomic_100k,1,718,source_calibration,F2
arxiv_nomic_100k,1,725,source_calibration,F2
arxiv_nomic_100k,1,729,source_calibration,F2
arxiv_nomic_100k,1,733,source_calibration,F2
arxiv_nomic_100k,1,734,source_calibration,F2
arxiv_nomic_100k,1,742,source_calibration,F2
arxiv_nomic_100k,1,744,source_calibration,F2
arxiv_nomic_100k,1,745,source_calibration,F2
arxiv_nomic_100k,1,752,source_calibration,F2
arxiv_nomic_100k,1,757,source_calibration,F2
arxiv_nomic_100k,1,759,source_calibration,F2
arxiv_nomic_100k,1,761,source_calibration,F2
arxiv_nomic_100k,1,762,source_calibration,F2
arxiv_nomic_100k,1,763,source_calibration,F2
arxiv_nomic_100k,1,772,source_calibration,F2
arxiv_nomic_100k,1,775,source_calibration,F2
arxiv_nomic_100k,1,778,source_calibration,F2
arxiv_nomic_100k,1,795,source_calibration,F2
arxiv_nomic_100k,1,797,source_calibration,F2
arxiv_nomic_100k,1,806,source_calibration,F2
arxiv_nomic_100k,1,809,source_calibration,F2
arxiv_nomic_100k,1,812,source_calibration,F2
arxiv_nomic_100k,1,815,source_calibration,F2
arxiv_nomic_100k,1,820,source_calibration,F2
arxiv_nomic_100k,1,828,source_calibration,F2
arxiv_nomic_100k,1,834,source_calibration,F2
arxiv_nomic_100k,1,835,source_calibration,F2
arxiv_nomic_100k,1,836,source_calibration,F2
arxiv_nomic_100k,1,846,source_calibration,F2
arxiv_nomic_100k,1,849,source_calibration,F2
arxiv_nomic_100k,1,852,source_calibration,F2
arxiv_nomic_100k,1,873,source_calibration,F2
arxiv_nomic_100k,1,879,source_calibration,F2
arxiv_nomic_100k,1,880,source_calibration,F2
arxiv_nomic_100k,1,885,source_calibration,F2
arxiv_nomic_100k,1,887,source_calibration,F2
arxiv_nomic_100k,1,891,source_calibration,F2
arxiv_nomic_100k,1,892,source_calibration,F2
arxiv_nomic_100k,1,897,source_calibration,F2
arxiv_nomic_100k,1,903,source_calibration,F2
arxiv_nomic_100k,1,906,source_calibration,F2
arxiv_nomic_100k,1,910,source_calibration,F2
arxiv_nomic_100k,1,911,source_calibration,F2
arxiv_nomic_100k,1,921,source_calibration,F2
arxiv_nomic_100k,1,927,source_calibration,F2
arxiv_nomic_100k,1,928,source_calibration,F2
arxiv_nomic_100k,1,930,source_calibration,F2
arxiv_nomic_100k,1,932,source_calibration,F2
arxiv_nomic_100k,1,933,source_calibration,F2
arxiv_nomic_100k,1,938,source_calibration,F2
arxiv_nomic_100k,1,939,source_calibration,F2
arxiv_nomic_100k,1,942,source_calibration,F2
arxiv_nomic_100k,1,951,source_calibration,F2
arxiv_nomic_100k,1,952,source_calibration,F2
arxiv_nomic_100k,1,953,source_calibration,F2
arxiv_nomic_100k,1,957,source_calibration,F2
arxiv_nomic_100k,1,958,source_calibration,F2
arxiv_nomic_100k,1,959,source_calibration,F2
arxiv_nomic_100k,1,961,source_calibration,F2
arxiv_nomic_100k,1,971,source_calibration,F2
arxiv_nomic_100k,1,974,source_calibration,F2
arxiv_nomic_100k,1,975,source_calibration,F2
arxiv_nomic_100k,1,976,source_calibration,F2
arxiv_nomic_100k,1,989,source_calibration,F2
arxiv_nomic_100k,1,991,source_calibration,F2
arxiv_nomic_100k,1,1,target_sentinel,F3
arxiv_nomic_100k,1,8,target_sentinel,F3
arxiv_nomic_100k,1,11,target_sentinel,F3
arxiv_nomic_100k,1,12,target_sentinel,F3
arxiv_nomic_100k,1,15,target_sentinel,F3
arxiv_nomic_100k,1,22,target_sentinel,F3
arxiv_nomic_100k,1,24,target_sentinel,F3
arxiv_nomic_100k,1,29,target_sentinel,F3
arxiv_nomic_100k,1,36,target_sentinel,F3
arxiv_nomic_100k,1,37,target_sentinel,F3
arxiv_nomic_100k,1,46,target_sentinel,F3
arxiv_nomic_100k,1,52,target_sentinel,F3
arxiv_nomic_100k,1,57,target_sentinel,F3
arxiv_nomic_100k,1,58,target_sentinel,F3
arxiv_nomic_100k,1,67,target_sentinel,F3
arxiv_nomic_100k,1,69,target_sentinel,F3
arxiv_nomic_100k,1,71,target_sentinel,F3
arxiv_nomic_100k,1,78,target_sentinel,F3
arxiv_nomic_100k,1,82,target_sentinel,F3
arxiv_nomic_100k,1,83,target_sentinel,F3
arxiv_nomic_100k,1,85,target_sentinel,F3
arxiv_nomic_100k,1,88,target_sentinel,F3
arxiv_nomic_100k,1,91,target_sentinel,F3
arxiv_nomic_100k,1,96,target_sentinel,F3
arxiv_nomic_100k,1,97,target_sentinel,F3
arxiv_nomic_100k,1,101,target_sentinel,F3
arxiv_nomic_100k,1,105,target_sentinel,F3
arxiv_nomic_100k,1,109,target_sentinel,F3
arxiv_nomic_100k,1,122,target_sentinel,F3
arxiv_nomic_100k,1,141,target_sentinel,F3
arxiv_nomic_100k,1,145,target_sentinel,F3
arxiv_nomic_100k,1,146,target_sentinel,F3
arxiv_nomic_100k,1,148,target_sentinel,F3
arxiv_nomic_100k,1,152,target_sentinel,F3
arxiv_nomic_100k,1,166,target_sentinel,F3
arxiv_nomic_100k,1,169,target_sentinel,F3
arxiv_nomic_100k,1,170,target_sentinel,F3
arxiv_nomic_100k,1,171,target_sentinel,F3
arxiv_nomic_100k,1,172,target_sentinel,F3
arxiv_nomic_100k,1,181,target_sentinel,F3
arxiv_nomic_100k,1,182,target_sentinel,F3
arxiv_nomic_100k,1,186,target_sentinel,F3
arxiv_nomic_100k,1,193,target_sentinel,F3
arxiv_nomic_100k,1,208,target_sentinel,F3
arxiv_nomic_100k,1,211,target_sentinel,F3
arxiv_nomic_100k,1,212,target_sentinel,F3
arxiv_nomic_100k,1,217,target_sentinel,F3
arxiv_nomic_100k,1,218,target_sentinel,F3
arxiv_nomic_100k,1,219,target_sentinel,F3
arxiv_nomic_100k,1,220,target_sentinel,F3
arxiv_nomic_100k,1,228,target_sentinel,F3
arxiv_nomic_100k,1,236,target_sentinel,F3
arxiv_nomic_100k,1,237,target_sentinel,F3
arxiv_nomic_100k,1,244,target_sentinel,F3
arxiv_nomic_100k,1,245,target_sentinel,F3
arxiv_nomic_100k,1,249,target_sentinel,F3
arxiv_nomic_100k,1,259,target_sentinel,F3
arxiv_nomic_100k,1,267,target_sentinel,F3
arxiv_nomic_100k,1,269,target_sentinel,F3
arxiv_nomic_100k,1,275,target_sentinel,F3
arxiv_nomic_100k,1,277,target_sentinel,F3
arxiv_nomic_100k,1,279,target_sentinel,F3
arxiv_nomic_100k,1,280,target_sentinel,F3
arxiv_nomic_100k,1,285,target_sentinel,F3
arxiv_nomic_100k,1,288,target_sentinel,F3
arxiv_nomic_100k,1,289,target_sentinel,F3
arxiv_nomic_100k,1,291,target_sentinel,F3
arxiv_nomic_100k,1,299,target_sentinel,F3
arxiv_nomic_100k,1,300,target_sentinel,F3
arxiv_nomic_100k,1,304,target_sentinel,F3
arxiv_nomic_100k,1,305,target_sentinel,F3
arxiv_nomic_100k,1,307,target_sentinel,F3
arxiv_nomic_100k,1,313,target_sentinel,F3
arxiv_nomic_100k,1,316,target_sentinel,F3
arxiv_nomic_100k,1,320,target_sentinel,F3
arxiv_nomic_100k,1,322,target_sentinel,F3
arxiv_nomic_100k,1,323,target_sentinel,F3
arxiv_nomic_100k,1,334,target_sentinel,F3
arxiv_nomic_100k,1,335,target_sentinel,F3
arxiv_nomic_100k,1,343,target_sentinel,F3
arxiv_nomic_100k,1,346,target_sentinel,F3
arxiv_nomic_100k,1,358,target_sentinel,F3
arxiv_nomic_100k,1,363,target_sentinel,F3
arxiv_nomic_100k,1,364,target_sentinel,F3
arxiv_nomic_100k,1,366,target_sentinel,F3
arxiv_nomic_100k,1,369,target_sentinel,F3
arxiv_nomic_100k,1,373,target_sentinel,F3
arxiv_nomic_100k,1,374,target_sentinel,F3
arxiv_nomic_100k,1,377,target_sentinel,F3
arxiv_nomic_100k,1,382,target_sentinel,F3
arxiv_nomic_100k,1,389,target_sentinel,F3
arxiv_nomic_100k,1,393,target_sentinel,F3
arxiv_nomic_100k,1,394,target_sentinel,F3
arxiv_nomic_100k,1,397,target_sentinel,F3
arxiv_nomic_100k,1,409,target_sentinel,F3
arxiv_nomic_100k,1,413,target_sentinel,F3
arxiv_nomic_100k,1,417,target_sentinel,F3
arxiv_nomic_100k,1,425,target_sentinel,F3
arxiv_nomic_100k,1,428,target_sentinel,F3
arxiv_nomic_100k,1,434,target_sentinel,F3
arxiv_nomic_100k,1,436,target_sentinel,F3
arxiv_nomic_100k,1,437,target_sentinel,F3
arxiv_nomic_100k,1,442,target_sentinel,F3
arxiv_nomic_100k,1,444,target_sentinel,F3
arxiv_nomic_100k,1,446,target_sentinel,F3
arxiv_nomic_100k,1,450,target_sentinel,F3
arxiv_nomic_100k,1,453,target_sentinel,F3
arxiv_nomic_100k,1,455,target_sentinel,F3
arxiv_nomic_100k,1,471,target_sentinel,F3
arxiv_nomic_100k,1,473,target_sentinel,F3
arxiv_nomic_100k,1,474,target_sentinel,F3
arxiv_nomic_100k,1,476,target_sentinel,F3
arxiv_nomic_100k,1,478,target_sentinel,F3
arxiv_nomic_100k,1,487,target_sentinel,F3
arxiv_nomic_100k,1,499,target_sentinel,F3
arxiv_nomic_100k,1,502,target_sentinel,F3
arxiv_nomic_100k,1,503,target_sentinel,F3
arxiv_nomic_100k,1,506,target_sentinel,F3
arxiv_nomic_100k,1,512,target_sentinel,F3
arxiv_nomic_100k,1,513,target_sentinel,F3
arxiv_nomic_100k,1,514,target_sentinel,F3
arxiv_nomic_100k,1,519,target_sentinel,F3
arxiv_nomic_100k,1,520,target_sentinel,F3
arxiv_nomic_100k,1,521,target_sentinel,F3
arxiv_nomic_100k,1,530,target_sentinel,F3
arxiv_nomic_100k,1,532,target_sentinel,F3
arxiv_nomic_100k,1,534,target_sentinel,F3
arxiv_nomic_100k,1,540,target_sentinel,F3
arxiv_nomic_100k,1,542,target_sentinel,F3
arxiv_nomic_100k,1,545,target_sentinel,F3
arxiv_nomic_100k,1,554,target_sentinel,F3
arxiv_nomic_100k,1,556,target_sentinel,F3
arxiv_nomic_100k,1,564,target_sentinel,F3
arxiv_nomic_100k,1,571,target_sentinel,F3
arxiv_nomic_100k,1,574,target_sentinel,F3
arxiv_nomic_100k,1,587,target_sentinel,F3
arxiv_nomic_100k,1,590,target_sentinel,F3
arxiv_nomic_100k,1,593,target_sentinel,F3
arxiv_nomic_100k,1,596,target_sentinel,F3
arxiv_nomic_100k,1,602,target_sentinel,F3
arxiv_nomic_100k,1,611,target_sentinel,F3
arxiv_nomic_100k,1,612,target_sentinel,F3
arxiv_nomic_100k,1,621,target_sentinel,F3
arxiv_nomic_100k,1,623,target_sentinel,F3
arxiv_nomic_100k,1,626,target_sentinel,F3
arxiv_nomic_100k,1,627,target_sentinel,F3
arxiv_nomic_100k,1,630,target_sentinel,F3
arxiv_nomic_100k,1,632,target_sentinel,F3
arxiv_nomic_100k,1,635,target_sentinel,F3
arxiv_nomic_100k,1,637,target_sentinel,F3
arxiv_nomic_100k,1,646,target_sentinel,F3
arxiv_nomic_100k,1,649,target_sentinel,F3
arxiv_nomic_100k,1,651,target_sentinel,F3
arxiv_nomic_100k,1,657,target_sentinel,F3
arxiv_nomic_100k,1,663,target_sentinel,F3
arxiv_nomic_100k,1,665,target_sentinel,F3
arxiv_nomic_100k,1,675,target_sentinel,F3
arxiv_nomic_100k,1,677,target_sentinel,F3
arxiv_nomic_100k,1,683,target_sentinel,F3
arxiv_nomic_100k,1,685,target_sentinel,F3
arxiv_nomic_100k,1,691,target_sentinel,F3
arxiv_nomic_100k,1,699,target_sentinel,F3
arxiv_nomic_100k,1,704,target_sentinel,F3
arxiv_nomic_100k,1,706,target_sentinel,F3
arxiv_nomic_100k,1,709,target_sentinel,F3
arxiv_nomic_100k,1,710,target_sentinel,F3
arxiv_nomic_100k,1,716,target_sentinel,F3
arxiv_nomic_100k,1,717,target_sentinel,F3
arxiv_nomic_100k,1,720,target_sentinel,F3
arxiv_nomic_100k,1,722,target_sentinel,F3
arxiv_nomic_100k,1,731,target_sentinel,F3
arxiv_nomic_100k,1,736,target_sentinel,F3
arxiv_nomic_100k,1,743,target_sentinel,F3
arxiv_nomic_100k,1,746,target_sentinel,F3
arxiv_nomic_100k,1,747,target_sentinel,F3
arxiv_nomic_100k,1,751,target_sentinel,F3
arxiv_nomic_100k,1,754,target_sentinel,F3
arxiv_nomic_100k,1,755,target_sentinel,F3
arxiv_nomic_100k,1,760,target_sentinel,F3
arxiv_nomic_100k,1,764,target_sentinel,F3
arxiv_nomic_100k,1,767,target_sentinel,F3
arxiv_nomic_100k,1,769,target_sentinel,F3
arxiv_nomic_100k,1,776,target_sentinel,F3
arxiv_nomic_100k,1,779,target_sentinel,F3
arxiv_nomic_100k,1,780,target_sentinel,F3
arxiv_nomic_100k,1,781,target_sentinel,F3
arxiv_nomic_100k,1,782,target_sentinel,F3
arxiv_nomic_100k,1,789,target_sentinel,F3
arxiv_nomic_100k,1,791,target_sentinel,F3
arxiv_nomic_100k,1,792,target_sentinel,F3
arxiv_nomic_100k,1,793,target_sentinel,F3
arxiv_nomic_100k,1,794,target_sentinel,F3
arxiv_nomic_100k,1,796,target_sentinel,F3
arxiv_nomic_100k,1,799,target_sentinel,F3
arxiv_nomic_100k,1,803,target_sentinel,F3
arxiv_nomic_100k,1,804,target_sentinel,F3
arxiv_nomic_100k,1,805,target_sentinel,F3
arxiv_nomic_100k,1,814,target_sentinel,F3
arxiv_nomic_100k,1,816,target_sentinel,F3
arxiv_nomic_100k,1,819,target_sentinel,F3
arxiv_nomic_100k,1,824,target_sentinel,F3
arxiv_nomic_100k,1,827,target_sentinel,F3
arxiv_nomic_100k,1,829,target_sentinel,F3
arxiv_nomic_100k,1,833,target_sentinel,F3
arxiv_nomic_100k,1,838,target_sentinel,F3
arxiv_nomic_100k,1,842,target_sentinel,F3
arxiv_nomic_100k,1,845,target_sentinel,F3
arxiv_nomic_100k,1,857,target_sentinel,F3
arxiv_nomic_100k,1,858,target_sentinel,F3
arxiv_nomic_100k,1,860,target_sentinel,F3
arxiv_nomic_100k,1,862,target_sentinel,F3
arxiv_nomic_100k,1,864,target_sentinel,F3
arxiv_nomic_100k,1,865,target_sentinel,F3
arxiv_nomic_100k,1,866,target_sentinel,F3
arxiv_nomic_100k,1,867,target_sentinel,F3
arxiv_nomic_100k,1,868,target_sentinel,F3
arxiv_nomic_100k,1,871,target_sentinel,F3
arxiv_nomic_100k,1,872,target_sentinel,F3
arxiv_nomic_100k,1,876,target_sentinel,F3
arxiv_nomic_100k,1,878,target_sentinel,F3
arxiv_nomic_100k,1,886,target_sentinel,F3
arxiv_nomic_100k,1,889,target_sentinel,F3
arxiv_nomic_100k,1,894,target_sentinel,F3
arxiv_nomic_100k,1,896,target_sentinel,F3
arxiv_nomic_100k,1,901,target_sentinel,F3
arxiv_nomic_100k,1,904,target_sentinel,F3
arxiv_nomic_100k,1,905,target_sentinel,F3
arxiv_nomic_100k,1,915,target_sentinel,F3
arxiv_nomic_100k,1,917,target_sentinel,F3
arxiv_nomic_100k,1,918,target_sentinel,F3
arxiv_nomic_100k,1,919,target_sentinel,F3
arxiv_nomic_100k,1,920,target_sentinel,F3
arxiv_nomic_100k,1,935,target_sentinel,F3
arxiv_nomic_100k,1,936,target_sentinel,F3
arxiv_nomic_100k,1,943,target_sentinel,F3
arxiv_nomic_100k,1,944,target_sentinel,F3
arxiv_nomic_100k,1,946,target_sentinel,F3
arxiv_nomic_100k,1,947,target_sentinel,F3
arxiv_nomic_100k,1,955,target_sentinel,F3
arxiv_nomic_100k,1,962,target_sentinel,F3
arxiv_nomic_100k,1,964,target_sentinel,F3
arxiv_nomic_100k,1,966,target_sentinel,F3
arxiv_nomic_100k,1,972,target_sentinel,F3
arxiv_nomic_100k,1,978,target_sentinel,F3
arxiv_nomic_100k,1,983,target_sentinel,F3
arxiv_nomic_100k,1,986,target_sentinel,F3
arxiv_nomic_100k,1,990,target_sentinel,F3
arxiv_nomic_100k,1,995,target_sentinel,F3
arxiv_nomic_100k,1,996,target_sentinel,F3
arxiv_nomic_100k,1,997,target_sentinel,F3
arxiv_nomic_100k,1,9,target_evaluation,F0
arxiv_nomic_100k,1,19,target_evaluation,F0
arxiv_nomic_100k,1,20,target_evaluation,F0
arxiv_nomic_100k,1,21,target_evaluation,F0
arxiv_nomic_100k,1,26,target_evaluation,F0
arxiv_nomic_100k,1,28,target_evaluation,F0
arxiv_nomic_100k,1,30,target_evaluation,F0
arxiv_nomic_100k,1,33,target_evaluation,F0
arxiv_nomic_100k,1,39,target_evaluation,F0
arxiv_nomic_100k,1,41,target_evaluation,F0
arxiv_nomic_100k,1,45,target_evaluation,F0
arxiv_nomic_100k,1,47,target_evaluation,F0
arxiv_nomic_100k,1,70,target_evaluation,F0
arxiv_nomic_100k,1,76,target_evaluation,F0
arxiv_nomic_100k,1,80,target_evaluation,F0
arxiv_nomic_100k,1,81,target_evaluation,F0
arxiv_nomic_100k,1,84,target_evaluation,F0
arxiv_nomic_100k,1,89,target_evaluation,F0
arxiv_nomic_100k,1,94,target_evaluation,F0
arxiv_nomic_100k,1,100,target_evaluation,F0
arxiv_nomic_100k,1,103,target_evaluation,F0
arxiv_nomic_100k,1,106,target_evaluation,F0
arxiv_nomic_100k,1,114,target_evaluation,F0
arxiv_nomic_100k,1,115,target_evaluation,F0
arxiv_nomic_100k,1,120,target_evaluation,F0
arxiv_nomic_100k,1,123,target_evaluation,F0
arxiv_nomic_100k,1,124,target_evaluation,F0
arxiv_nomic_100k,1,126,target_evaluation,F0
arxiv_nomic_100k,1,130,target_evaluation,F0
arxiv_nomic_100k,1,131,target_evaluation,F0
arxiv_nomic_100k,1,132,target_evaluation,F0
arxiv_nomic_100k,1,134,target_evaluation,F0
arxiv_nomic_100k,1,137,target_evaluation,F0
arxiv_nomic_100k,1,140,target_evaluation,F0
arxiv_nomic_100k,1,142,target_evaluation,F0
arxiv_nomic_100k,1,143,target_evaluation,F0
arxiv_nomic_100k,1,149,target_evaluation,F0
arxiv_nomic_100k,1,150,target_evaluation,F0
arxiv_nomic_100k,1,151,target_evaluation,F0
arxiv_nomic_100k,1,153,target_evaluation,F0
arxiv_nomic_100k,1,156,target_evaluation,F0
arxiv_nomic_100k,1,157,target_evaluation,F0
arxiv_nomic_100k,1,160,target_evaluation,F0
arxiv_nomic_100k,1,162,target_evaluation,F0
arxiv_nomic_100k,1,164,target_evaluation,F0
arxiv_nomic_100k,1,178,target_evaluation,F0
arxiv_nomic_100k,1,183,target_evaluation,F0
arxiv_nomic_100k,1,184,target_evaluation,F0
arxiv_nomic_100k,1,190,target_evaluation,F0
arxiv_nomic_100k,1,199,target_evaluation,F0
arxiv_nomic_100k,1,200,target_evaluation,F0
arxiv_nomic_100k,1,203,target_evaluation,F0
arxiv_nomic_100k,1,204,target_evaluation,F0
arxiv_nomic_100k,1,206,target_evaluation,F0
arxiv_nomic_100k,1,213,target_evaluation,F0
arxiv_nomic_100k,1,215,target_evaluation,F0
arxiv_nomic_100k,1,222,target_evaluation,F0
arxiv_nomic_100k,1,223,target_evaluation,F0
arxiv_nomic_100k,1,231,target_evaluation,F0
arxiv_nomic_100k,1,233,target_evaluation,F0
arxiv_nomic_100k,1,234,target_evaluation,F0
arxiv_nomic_100k,1,235,target_evaluation,F0
arxiv_nomic_100k,1,240,target_evaluation,F0
arxiv_nomic_100k,1,248,target_evaluation,F0
arxiv_nomic_100k,1,251,target_evaluation,F0
arxiv_nomic_100k,1,252,target_evaluation,F0
arxiv_nomic_100k,1,255,target_evaluation,F0
arxiv_nomic_100k,1,257,target_evaluation,F0
arxiv_nomic_100k,1,258,target_evaluation,F0
arxiv_nomic_100k,1,264,target_evaluation,F0
arxiv_nomic_100k,1,265,target_evaluation,F0
arxiv_nomic_100k,1,266,target_evaluation,F0
arxiv_nomic_100k,1,268,target_evaluation,F0
arxiv_nomic_100k,1,270,target_evaluation,F0
arxiv_nomic_100k,1,273,target_evaluation,F0
arxiv_nomic_100k,1,282,target_evaluation,F0
arxiv_nomic_100k,1,295,target_evaluation,F0
arxiv_nomic_100k,1,297,target_evaluation,F0
arxiv_nomic_100k,1,303,target_evaluation,F0
arxiv_nomic_100k,1,314,target_evaluation,F0
arxiv_nomic_100k,1,315,target_evaluation,F0
arxiv_nomic_100k,1,318,target_evaluation,F0
arxiv_nomic_100k,1,327,target_evaluation,F0
arxiv_nomic_100k,1,332,target_evaluation,F0
arxiv_nomic_100k,1,336,target_evaluation,F0
arxiv_nomic_100k,1,352,target_evaluation,F0
arxiv_nomic_100k,1,356,target_evaluation,F0
arxiv_nomic_100k,1,361,target_evaluation,F0
arxiv_nomic_100k,1,365,target_evaluation,F0
arxiv_nomic_100k,1,368,target_evaluation,F0
arxiv_nomic_100k,1,371,target_evaluation,F0
arxiv_nomic_100k,1,376,target_evaluation,F0
arxiv_nomic_100k,1,381,target_evaluation,F0
arxiv_nomic_100k,1,384,target_evaluation,F0
arxiv_nomic_100k,1,386,target_evaluation,F0
arxiv_nomic_100k,1,390,target_evaluation,F0
arxiv_nomic_100k,1,395,target_evaluation,F0
arxiv_nomic_100k,1,396,target_evaluation,F0
arxiv_nomic_100k,1,398,target_evaluation,F0
arxiv_nomic_100k,1,401,target_evaluation,F0
arxiv_nomic_100k,1,402,target_evaluation,F0
arxiv_nomic_100k,1,403,target_evaluation,F0
arxiv_nomic_100k,1,404,target_evaluation,F0
arxiv_nomic_100k,1,405,target_evaluation,F0
arxiv_nomic_100k,1,410,target_evaluation,F0
arxiv_nomic_100k,1,412,target_evaluation,F0
arxiv_nomic_100k,1,418,target_evaluation,F0
arxiv_nomic_100k,1,419,target_evaluation,F0
arxiv_nomic_100k,1,420,target_evaluation,F0
arxiv_nomic_100k,1,422,target_evaluation,F0
arxiv_nomic_100k,1,424,target_evaluation,F0
arxiv_nomic_100k,1,426,target_evaluation,F0
arxiv_nomic_100k,1,427,target_evaluation,F0
arxiv_nomic_100k,1,430,target_evaluation,F0
arxiv_nomic_100k,1,438,target_evaluation,F0
arxiv_nomic_100k,1,440,target_evaluation,F0
arxiv_nomic_100k,1,448,target_evaluation,F0
arxiv_nomic_100k,1,456,target_evaluation,F0
arxiv_nomic_100k,1,461,target_evaluation,F0
arxiv_nomic_100k,1,463,target_evaluation,F0
arxiv_nomic_100k,1,464,target_evaluation,F0
arxiv_nomic_100k,1,465,target_evaluation,F0
arxiv_nomic_100k,1,466,target_evaluation,F0
arxiv_nomic_100k,1,472,target_evaluation,F0
arxiv_nomic_100k,1,475,target_evaluation,F0
arxiv_nomic_100k,1,484,target_evaluation,F0
arxiv_nomic_100k,1,490,target_evaluation,F0
arxiv_nomic_100k,1,493,target_evaluation,F0
arxiv_nomic_100k,1,496,target_evaluation,F0
arxiv_nomic_100k,1,504,target_evaluation,F0
arxiv_nomic_100k,1,508,target_evaluation,F0
arxiv_nomic_100k,1,509,target_evaluation,F0
arxiv_nomic_100k,1,511,target_evaluation,F0
arxiv_nomic_100k,1,515,target_evaluation,F0
arxiv_nomic_100k,1,517,target_evaluation,F0
arxiv_nomic_100k,1,518,target_evaluation,F0
arxiv_nomic_100k,1,523,target_evaluation,F0
arxiv_nomic_100k,1,524,target_evaluation,F0
arxiv_nomic_100k,1,526,target_evaluation,F0
arxiv_nomic_100k,1,538,target_evaluation,F0
arxiv_nomic_100k,1,539,target_evaluation,F0
arxiv_nomic_100k,1,543,target_evaluation,F0
arxiv_nomic_100k,1,548,target_evaluation,F0
arxiv_nomic_100k,1,549,target_evaluation,F0
arxiv_nomic_100k,1,553,target_evaluation,F0
arxiv_nomic_100k,1,560,target_evaluation,F0
arxiv_nomic_100k,1,562,target_evaluation,F0
arxiv_nomic_100k,1,568,target_evaluation,F0
arxiv_nomic_100k,1,572,target_evaluation,F0
arxiv_nomic_100k,1,573,target_evaluation,F0
arxiv_nomic_100k,1,575,target_evaluation,F0
arxiv_nomic_100k,1,578,target_evaluation,F0
arxiv_nomic_100k,1,583,target_evaluation,F0
arxiv_nomic_100k,1,586,target_evaluation,F0
arxiv_nomic_100k,1,589,target_evaluation,F0
arxiv_nomic_100k,1,601,target_evaluation,F0
arxiv_nomic_100k,1,603,target_evaluation,F0
arxiv_nomic_100k,1,604,target_evaluation,F0
arxiv_nomic_100k,1,610,target_evaluation,F0
arxiv_nomic_100k,1,615,target_evaluation,F0
arxiv_nomic_100k,1,618,target_evaluation,F0
arxiv_nomic_100k,1,619,target_evaluation,F0
arxiv_nomic_100k,1,629,target_evaluation,F0
arxiv_nomic_100k,1,633,target_evaluation,F0
arxiv_nomic_100k,1,636,target_evaluation,F0
arxiv_nomic_100k,1,640,target_evaluation,F0
arxiv_nomic_100k,1,652,target_evaluation,F0
arxiv_nomic_100k,1,653,target_evaluation,F0
arxiv_nomic_100k,1,656,target_evaluation,F0
arxiv_nomic_100k,1,668,target_evaluation,F0
arxiv_nomic_100k,1,669,target_evaluation,F0
arxiv_nomic_100k,1,671,target_evaluation,F0
arxiv_nomic_100k,1,672,target_evaluation,F0
arxiv_nomic_100k,1,676,target_evaluation,F0
arxiv_nomic_100k,1,678,target_evaluation,F0
arxiv_nomic_100k,1,681,target_evaluation,F0
arxiv_nomic_100k,1,684,target_evaluation,F0
arxiv_nomic_100k,1,687,target_evaluation,F0
arxiv_nomic_100k,1,688,target_evaluation,F0
arxiv_nomic_100k,1,690,target_evaluation,F0
arxiv_nomic_100k,1,693,target_evaluation,F0
arxiv_nomic_100k,1,694,target_evaluation,F0
arxiv_nomic_100k,1,698,target_evaluation,F0
arxiv_nomic_100k,1,700,target_evaluation,F0
arxiv_nomic_100k,1,708,target_evaluation,F0
arxiv_nomic_100k,1,712,target_evaluation,F0
arxiv_nomic_100k,1,715,target_evaluation,F0
arxiv_nomic_100k,1,719,target_evaluation,F0
arxiv_nomic_100k,1,721,target_evaluation,F0
arxiv_nomic_100k,1,726,target_evaluation,F0
arxiv_nomic_100k,1,727,target_evaluation,F0
arxiv_nomic_100k,1,732,target_evaluation,F0
arxiv_nomic_100k,1,735,target_evaluation,F0
arxiv_nomic_100k,1,737,target_evaluation,F0
arxiv_nomic_100k,1,741,target_evaluation,F0
arxiv_nomic_100k,1,749,target_evaluation,F0
arxiv_nomic_100k,1,750,target_evaluation,F0
arxiv_nomic_100k,1,753,target_evaluation,F0
arxiv_nomic_100k,1,758,target_evaluation,F0
arxiv_nomic_100k,1,774,target_evaluation,F0
arxiv_nomic_100k,1,777,target_evaluation,F0
arxiv_nomic_100k,1,784,target_evaluation,F0
arxiv_nomic_100k,1,785,target_evaluation,F0
arxiv_nomic_100k,1,787,target_evaluation,F0
arxiv_nomic_100k,1,788,target_evaluation,F0
arxiv_nomic_100k,1,790,target_evaluation,F0
arxiv_nomic_100k,1,798,target_evaluation,F0
arxiv_nomic_100k,1,801,target_evaluation,F0
arxiv_nomic_100k,1,802,target_evaluation,F0
arxiv_nomic_100k,1,808,target_evaluation,F0
arxiv_nomic_100k,1,811,target_evaluation,F0
arxiv_nomic_100k,1,817,target_evaluation,F0
arxiv_nomic_100k,1,818,target_evaluation,F0
arxiv_nomic_100k,1,821,target_evaluation,F0
arxiv_nomic_100k,1,822,target_evaluation,F0
arxiv_nomic_100k,1,823,target_evaluation,F0
arxiv_nomic_100k,1,825,target_evaluation,F0
arxiv_nomic_100k,1,832,target_evaluation,F0
arxiv_nomic_100k,1,837,target_evaluation,F0
arxiv_nomic_100k,1,844,target_evaluation,F0
arxiv_nomic_100k,1,847,target_evaluation,F0
arxiv_nomic_100k,1,848,target_evaluation,F0
arxiv_nomic_100k,1,850,target_evaluation,F0
arxiv_nomic_100k,1,875,target_evaluation,F0
arxiv_nomic_100k,1,877,target_evaluation,F0
arxiv_nomic_100k,1,888,target_evaluation,F0
arxiv_nomic_100k,1,890,target_evaluation,F0
arxiv_nomic_100k,1,893,target_evaluation,F0
arxiv_nomic_100k,1,899,target_evaluation,F0
arxiv_nomic_100k,1,900,target_evaluation,F0
arxiv_nomic_100k,1,907,target_evaluation,F0
arxiv_nomic_100k,1,908,target_evaluation,F0
arxiv_nomic_100k,1,914,target_evaluation,F0
arxiv_nomic_100k,1,916,target_evaluation,F0
arxiv_nomic_100k,1,922,target_evaluation,F0
arxiv_nomic_100k,1,923,target_evaluation,F0
arxiv_nomic_100k,1,924,target_evaluation,F0
arxiv_nomic_100k,1,925,target_evaluation,F0
arxiv_nomic_100k,1,934,target_evaluation,F0
arxiv_nomic_100k,1,937,target_evaluation,F0
arxiv_nomic_100k,1,941,target_evaluation,F0
arxiv_nomic_100k,1,948,target_evaluation,F0
arxiv_nomic_100k,1,950,target_evaluation,F0
arxiv_nomic_100k,1,956,target_evaluation,F0
arxiv_nomic_100k,1,960,target_evaluation,F0
arxiv_nomic_100k,1,968,target_evaluation,F0
arxiv_nomic_100k,1,987,target_evaluation,F0
arxiv_nomic_100k,1,994,target_evaluation,F0
arxiv_nomic_100k,1,998,target_evaluation,F0
arxiv_nomic_100k,1,999,target_evaluation,F0
arxiv_nomic_100k,2,0,source_train,F2
arxiv_nomic_100k,2,3,source_train,F2
arxiv_nomic_100k,2,7,source_train,F2
arxiv_nomic_100k,2,13,source_train,F2
arxiv_nomic_100k,2,18,source_train,F2
arxiv_nomic_100k,2,25,source_train,F2
arxiv_nomic_100k,2,27,source_train,F2
arxiv_nomic_100k,2,31,source_train,F2
arxiv_nomic_100k,2,35,source_train,F2
arxiv_nomic_100k,2,40,source_train,F2
arxiv_nomic_100k,2,43,source_train,F2
arxiv_nomic_100k,2,44,source_train,F2
arxiv_nomic_100k,2,48,source_train,F2
arxiv_nomic_100k,2,49,source_train,F2
arxiv_nomic_100k,2,50,source_train,F2
arxiv_nomic_100k,2,51,source_train,F2
arxiv_nomic_100k,2,54,source_train,F2
arxiv_nomic_100k,2,55,source_train,F2
arxiv_nomic_100k,2,59,source_train,F2
arxiv_nomic_100k,2,60,source_train,F2
arxiv_nomic_100k,2,63,source_train,F2
arxiv_nomic_100k,2,66,source_train,F2
arxiv_nomic_100k,2,73,source_train,F2
arxiv_nomic_100k,2,75,source_train,F2
arxiv_nomic_100k,2,79,source_train,F2
arxiv_nomic_100k,2,90,source_train,F2
arxiv_nomic_100k,2,93,source_train,F2
arxiv_nomic_100k,2,95,source_train,F2
arxiv_nomic_100k,2,99,source_train,F2
arxiv_nomic_100k,2,104,source_train,F2
arxiv_nomic_100k,2,107,source_train,F2
arxiv_nomic_100k,2,108,source_train,F2
arxiv_nomic_100k,2,110,source_train,F2
arxiv_nomic_100k,2,112,source_train,F2
arxiv_nomic_100k,2,113,source_train,F2
arxiv_nomic_100k,2,117,source_train,F2
arxiv_nomic_100k,2,119,source_train,F2
arxiv_nomic_100k,2,121,source_train,F2
arxiv_nomic_100k,2,125,source_train,F2
arxiv_nomic_100k,2,133,source_train,F2
arxiv_nomic_100k,2,138,source_train,F2
arxiv_nomic_100k,2,139,source_train,F2
arxiv_nomic_100k,2,155,source_train,F2
arxiv_nomic_100k,2,158,source_train,F2
arxiv_nomic_100k,2,159,source_train,F2
arxiv_nomic_100k,2,161,source_train,F2
arxiv_nomic_100k,2,163,source_train,F2
arxiv_nomic_100k,2,167,source_train,F2
arxiv_nomic_100k,2,168,source_train,F2
arxiv_nomic_100k,2,174,source_train,F2
arxiv_nomic_100k,2,177,source_train,F2
arxiv_nomic_100k,2,179,source_train,F2
arxiv_nomic_100k,2,185,source_train,F2
arxiv_nomic_100k,2,188,source_train,F2
arxiv_nomic_100k,2,191,source_train,F2
arxiv_nomic_100k,2,195,source_train,F2
arxiv_nomic_100k,2,196,source_train,F2
arxiv_nomic_100k,2,197,source_train,F2
arxiv_nomic_100k,2,201,source_train,F2
arxiv_nomic_100k,2,205,source_train,F2
arxiv_nomic_100k,2,209,source_train,F2
arxiv_nomic_100k,2,210,source_train,F2
arxiv_nomic_100k,2,214,source_train,F2
arxiv_nomic_100k,2,216,source_train,F2
arxiv_nomic_100k,2,221,source_train,F2
arxiv_nomic_100k,2,226,source_train,F2
arxiv_nomic_100k,2,227,source_train,F2
arxiv_nomic_100k,2,232,source_train,F2
arxiv_nomic_100k,2,238,source_train,F2
arxiv_nomic_100k,2,241,source_train,F2
arxiv_nomic_100k,2,243,source_train,F2
arxiv_nomic_100k,2,246,source_train,F2
arxiv_nomic_100k,2,247,source_train,F2
arxiv_nomic_100k,2,254,source_train,F2
arxiv_nomic_100k,2,256,source_train,F2
arxiv_nomic_100k,2,260,source_train,F2
arxiv_nomic_100k,2,272,source_train,F2
arxiv_nomic_100k,2,274,source_train,F2
arxiv_nomic_100k,2,276,source_train,F2
arxiv_nomic_100k,2,281,source_train,F2
arxiv_nomic_100k,2,283,source_train,F2
arxiv_nomic_100k,2,286,source_train,F2
arxiv_nomic_100k,2,290,source_train,F2
arxiv_nomic_100k,2,294,source_train,F2
arxiv_nomic_100k,2,301,source_train,F2
arxiv_nomic_100k,2,302,source_train,F2
arxiv_nomic_100k,2,308,source_train,F2
arxiv_nomic_100k,2,309,source_train,F2
arxiv_nomic_100k,2,310,source_train,F2
arxiv_nomic_100k,2,317,source_train,F2
arxiv_nomic_100k,2,321,source_train,F2
arxiv_nomic_100k,2,326,source_train,F2
arxiv_nomic_100k,2,329,source_train,F2
arxiv_nomic_100k,2,333,source_train,F2
arxiv_nomic_100k,2,339,source_train,F2
arxiv_nomic_100k,2,340,source_train,F2
arxiv_nomic_100k,2,345,source_train,F2
arxiv_nomic_100k,2,354,source_train,F2
arxiv_nomic_100k,2,355,source_train,F2
arxiv_nomic_100k,2,357,source_train,F2
arxiv_nomic_100k,2,367,source_train,F2
arxiv_nomic_100k,2,370,source_train,F2
arxiv_nomic_100k,2,375,source_train,F2
arxiv_nomic_100k,2,378,source_train,F2
arxiv_nomic_100k,2,379,source_train,F2
arxiv_nomic_100k,2,383,source_train,F2
arxiv_nomic_100k,2,391,source_train,F2
arxiv_nomic_100k,2,392,source_train,F2
arxiv_nomic_100k,2,400,source_train,F2
arxiv_nomic_100k,2,406,source_train,F2
arxiv_nomic_100k,2,407,source_train,F2
arxiv_nomic_100k,2,408,source_train,F2
arxiv_nomic_100k,2,411,source_train,F2
arxiv_nomic_100k,2,429,source_train,F2
arxiv_nomic_100k,2,431,source_train,F2
arxiv_nomic_100k,2,432,source_train,F2
arxiv_nomic_100k,2,439,source_train,F2
arxiv_nomic_100k,2,441,source_train,F2
arxiv_nomic_100k,2,445,source_train,F2
arxiv_nomic_100k,2,454,source_train,F2
arxiv_nomic_100k,2,459,source_train,F2
arxiv_nomic_100k,2,467,source_train,F2
arxiv_nomic_100k,2,480,source_train,F2
arxiv_nomic_100k,2,483,source_train,F2
arxiv_nomic_100k,2,485,source_train,F2
arxiv_nomic_100k,2,486,source_train,F2
arxiv_nomic_100k,2,491,source_train,F2
arxiv_nomic_100k,2,500,source_train,F2
arxiv_nomic_100k,2,501,source_train,F2
arxiv_nomic_100k,2,505,source_train,F2
arxiv_nomic_100k,2,507,source_train,F2
arxiv_nomic_100k,2,510,source_train,F2
arxiv_nomic_100k,2,522,source_train,F2
arxiv_nomic_100k,2,525,source_train,F2
arxiv_nomic_100k,2,527,source_train,F2
arxiv_nomic_100k,2,528,source_train,F2
arxiv_nomic_100k,2,531,source_train,F2
arxiv_nomic_100k,2,533,source_train,F2
arxiv_nomic_100k,2,536,source_train,F2
arxiv_nomic_100k,2,537,source_train,F2
arxiv_nomic_100k,2,544,source_train,F2
arxiv_nomic_100k,2,546,source_train,F2
arxiv_nomic_100k,2,547,source_train,F2
arxiv_nomic_100k,2,551,source_train,F2
arxiv_nomic_100k,2,552,source_train,F2
arxiv_nomic_100k,2,557,source_train,F2
arxiv_nomic_100k,2,563,source_train,F2
arxiv_nomic_100k,2,576,source_train,F2
arxiv_nomic_100k,2,580,source_train,F2
arxiv_nomic_100k,2,584,source_train,F2
arxiv_nomic_100k,2,588,source_train,F2
arxiv_nomic_100k,2,592,source_train,F2
arxiv_nomic_100k,2,594,source_train,F2
arxiv_nomic_100k,2,595,source_train,F2
arxiv_nomic_100k,2,597,source_train,F2
arxiv_nomic_100k,2,598,source_train,F2
arxiv_nomic_100k,2,605,source_train,F2
arxiv_nomic_100k,2,606,source_train,F2
arxiv_nomic_100k,2,608,source_train,F2
arxiv_nomic_100k,2,614,source_train,F2
arxiv_nomic_100k,2,617,source_train,F2
arxiv_nomic_100k,2,620,source_train,F2
arxiv_nomic_100k,2,622,source_train,F2
arxiv_nomic_100k,2,625,source_train,F2
arxiv_nomic_100k,2,628,source_train,F2
arxiv_nomic_100k,2,638,source_train,F2
arxiv_nomic_100k,2,641,source_train,F2
arxiv_nomic_100k,2,642,source_train,F2
arxiv_nomic_100k,2,655,source_train,F2
arxiv_nomic_100k,2,658,source_train,F2
arxiv_nomic_100k,2,660,source_train,F2
arxiv_nomic_100k,2,661,source_train,F2
arxiv_nomic_100k,2,662,source_train,F2
arxiv_nomic_100k,2,666,source_train,F2
arxiv_nomic_100k,2,667,source_train,F2
arxiv_nomic_100k,2,670,source_train,F2
arxiv_nomic_100k,2,673,source_train,F2
arxiv_nomic_100k,2,692,source_train,F2
arxiv_nomic_100k,2,696,source_train,F2
arxiv_nomic_100k,2,697,source_train,F2
arxiv_nomic_100k,2,701,source_train,F2
arxiv_nomic_100k,2,702,source_train,F2
arxiv_nomic_100k,2,705,source_train,F2
arxiv_nomic_100k,2,711,source_train,F2
arxiv_nomic_100k,2,713,source_train,F2
arxiv_nomic_100k,2,718,source_train,F2
arxiv_nomic_100k,2,725,source_train,F2
arxiv_nomic_100k,2,729,source_train,F2
arxiv_nomic_100k,2,733,source_train,F2
arxiv_nomic_100k,2,734,source_train,F2
arxiv_nomic_100k,2,742,source_train,F2
arxiv_nomic_100k,2,744,source_train,F2
arxiv_nomic_100k,2,745,source_train,F2
arxiv_nomic_100k,2,752,source_train,F2
arxiv_nomic_100k,2,757,source_train,F2
arxiv_nomic_100k,2,759,source_train,F2
arxiv_nomic_100k,2,761,source_train,F2
arxiv_nomic_100k,2,762,source_train,F2
arxiv_nomic_100k,2,763,source_train,F2
arxiv_nomic_100k,2,772,source_train,F2
arxiv_nomic_100k,2,775,source_train,F2
arxiv_nomic_100k,2,778,source_train,F2
arxiv_nomic_100k,2,795,source_train,F2
arxiv_nomic_100k,2,797,source_train,F2
arxiv_nomic_100k,2,806,source_train,F2
arxiv_nomic_100k,2,809,source_train,F2
arxiv_nomic_100k,2,812,source_train,F2
arxiv_nomic_100k,2,815,source_train,F2
arxiv_nomic_100k,2,820,source_train,F2
arxiv_nomic_100k,2,828,source_train,F2
arxiv_nomic_100k,2,834,source_train,F2
arxiv_nomic_100k,2,835,source_train,F2
arxiv_nomic_100k,2,836,source_train,F2
arxiv_nomic_100k,2,846,source_train,F2
arxiv_nomic_100k,2,849,source_train,F2
arxiv_nomic_100k,2,852,source_train,F2
arxiv_nomic_100k,2,873,source_train,F2
arxiv_nomic_100k,2,879,source_train,F2
arxiv_nomic_100k,2,880,source_train,F2
arxiv_nomic_100k,2,885,source_train,F2
arxiv_nomic_100k,2,887,source_train,F2
arxiv_nomic_100k,2,891,source_train,F2
arxiv_nomic_100k,2,892,source_train,F2
arxiv_nomic_100k,2,897,source_train,F2
arxiv_nomic_100k,2,903,source_train,F2
arxiv_nomic_100k,2,906,source_train,F2
arxiv_nomic_100k,2,910,source_train,F2
arxiv_nomic_100k,2,911,source_train,F2
arxiv_nomic_100k,2,921,source_train,F2
arxiv_nomic_100k,2,927,source_train,F2
arxiv_nomic_100k,2,928,source_train,F2
arxiv_nomic_100k,2,930,source_train,F2
arxiv_nomic_100k,2,932,source_train,F2
arxiv_nomic_100k,2,933,source_train,F2
arxiv_nomic_100k,2,938,source_train,F2
arxiv_nomic_100k,2,939,source_train,F2
arxiv_nomic_100k,2,942,source_train,F2
arxiv_nomic_100k,2,951,source_train,F2
arxiv_nomic_100k,2,952,source_train,F2
arxiv_nomic_100k,2,953,source_train,F2
arxiv_nomic_100k,2,957,source_train,F2
arxiv_nomic_100k,2,958,source_train,F2
arxiv_nomic_100k,2,959,source_train,F2
arxiv_nomic_100k,2,961,source_train,F2
arxiv_nomic_100k,2,971,source_train,F2
arxiv_nomic_100k,2,974,source_train,F2
arxiv_nomic_100k,2,975,source_train,F2
arxiv_nomic_100k,2,976,source_train,F2
arxiv_nomic_100k,2,989,source_train,F2
arxiv_nomic_100k,2,991,source_train,F2
arxiv_nomic_100k,2,1,source_calibration,F3
arxiv_nomic_100k,2,8,source_calibration,F3
arxiv_nomic_100k,2,11,source_calibration,F3
arxiv_nomic_100k,2,12,source_calibration,F3
arxiv_nomic_100k,2,15,source_calibration,F3
arxiv_nomic_100k,2,22,source_calibration,F3
arxiv_nomic_100k,2,24,source_calibration,F3
arxiv_nomic_100k,2,29,source_calibration,F3
arxiv_nomic_100k,2,36,source_calibration,F3
arxiv_nomic_100k,2,37,source_calibration,F3
arxiv_nomic_100k,2,46,source_calibration,F3
arxiv_nomic_100k,2,52,source_calibration,F3
arxiv_nomic_100k,2,57,source_calibration,F3
arxiv_nomic_100k,2,58,source_calibration,F3
arxiv_nomic_100k,2,67,source_calibration,F3
arxiv_nomic_100k,2,69,source_calibration,F3
arxiv_nomic_100k,2,71,source_calibration,F3
arxiv_nomic_100k,2,78,source_calibration,F3
arxiv_nomic_100k,2,82,source_calibration,F3
arxiv_nomic_100k,2,83,source_calibration,F3
arxiv_nomic_100k,2,85,source_calibration,F3
arxiv_nomic_100k,2,88,source_calibration,F3
arxiv_nomic_100k,2,91,source_calibration,F3
arxiv_nomic_100k,2,96,source_calibration,F3
arxiv_nomic_100k,2,97,source_calibration,F3
arxiv_nomic_100k,2,101,source_calibration,F3
arxiv_nomic_100k,2,105,source_calibration,F3
arxiv_nomic_100k,2,109,source_calibration,F3
arxiv_nomic_100k,2,122,source_calibration,F3
arxiv_nomic_100k,2,141,source_calibration,F3
arxiv_nomic_100k,2,145,source_calibration,F3
arxiv_nomic_100k,2,146,source_calibration,F3
arxiv_nomic_100k,2,148,source_calibration,F3
arxiv_nomic_100k,2,152,source_calibration,F3
arxiv_nomic_100k,2,166,source_calibration,F3
arxiv_nomic_100k,2,169,source_calibration,F3
arxiv_nomic_100k,2,170,source_calibration,F3
arxiv_nomic_100k,2,171,source_calibration,F3
arxiv_nomic_100k,2,172,source_calibration,F3
arxiv_nomic_100k,2,181,source_calibration,F3
arxiv_nomic_100k,2,182,source_calibration,F3
arxiv_nomic_100k,2,186,source_calibration,F3
arxiv_nomic_100k,2,193,source_calibration,F3
arxiv_nomic_100k,2,208,source_calibration,F3
arxiv_nomic_100k,2,211,source_calibration,F3
arxiv_nomic_100k,2,212,source_calibration,F3
arxiv_nomic_100k,2,217,source_calibration,F3
arxiv_nomic_100k,2,218,source_calibration,F3
arxiv_nomic_100k,2,219,source_calibration,F3
arxiv_nomic_100k,2,220,source_calibration,F3
arxiv_nomic_100k,2,228,source_calibration,F3
arxiv_nomic_100k,2,236,source_calibration,F3
arxiv_nomic_100k,2,237,source_calibration,F3
arxiv_nomic_100k,2,244,source_calibration,F3
arxiv_nomic_100k,2,245,source_calibration,F3
arxiv_nomic_100k,2,249,source_calibration,F3
arxiv_nomic_100k,2,259,source_calibration,F3
arxiv_nomic_100k,2,267,source_calibration,F3
arxiv_nomic_100k,2,269,source_calibration,F3
arxiv_nomic_100k,2,275,source_calibration,F3
arxiv_nomic_100k,2,277,source_calibration,F3
arxiv_nomic_100k,2,279,source_calibration,F3
arxiv_nomic_100k,2,280,source_calibration,F3
arxiv_nomic_100k,2,285,source_calibration,F3
arxiv_nomic_100k,2,288,source_calibration,F3
arxiv_nomic_100k,2,289,source_calibration,F3
arxiv_nomic_100k,2,291,source_calibration,F3
arxiv_nomic_100k,2,299,source_calibration,F3
arxiv_nomic_100k,2,300,source_calibration,F3
arxiv_nomic_100k,2,304,source_calibration,F3
arxiv_nomic_100k,2,305,source_calibration,F3
arxiv_nomic_100k,2,307,source_calibration,F3
arxiv_nomic_100k,2,313,source_calibration,F3
arxiv_nomic_100k,2,316,source_calibration,F3
arxiv_nomic_100k,2,320,source_calibration,F3
arxiv_nomic_100k,2,322,source_calibration,F3
arxiv_nomic_100k,2,323,source_calibration,F3
arxiv_nomic_100k,2,334,source_calibration,F3
arxiv_nomic_100k,2,335,source_calibration,F3
arxiv_nomic_100k,2,343,source_calibration,F3
arxiv_nomic_100k,2,346,source_calibration,F3
arxiv_nomic_100k,2,358,source_calibration,F3
arxiv_nomic_100k,2,363,source_calibration,F3
arxiv_nomic_100k,2,364,source_calibration,F3
arxiv_nomic_100k,2,366,source_calibration,F3
arxiv_nomic_100k,2,369,source_calibration,F3
arxiv_nomic_100k,2,373,source_calibration,F3
arxiv_nomic_100k,2,374,source_calibration,F3
arxiv_nomic_100k,2,377,source_calibration,F3
arxiv_nomic_100k,2,382,source_calibration,F3
arxiv_nomic_100k,2,389,source_calibration,F3
arxiv_nomic_100k,2,393,source_calibration,F3
arxiv_nomic_100k,2,394,source_calibration,F3
arxiv_nomic_100k,2,397,source_calibration,F3
arxiv_nomic_100k,2,409,source_calibration,F3
arxiv_nomic_100k,2,413,source_calibration,F3
arxiv_nomic_100k,2,417,source_calibration,F3
arxiv_nomic_100k,2,425,source_calibration,F3
arxiv_nomic_100k,2,428,source_calibration,F3
arxiv_nomic_100k,2,434,source_calibration,F3
arxiv_nomic_100k,2,436,source_calibration,F3
arxiv_nomic_100k,2,437,source_calibration,F3
arxiv_nomic_100k,2,442,source_calibration,F3
arxiv_nomic_100k,2,444,source_calibration,F3
arxiv_nomic_100k,2,446,source_calibration,F3
arxiv_nomic_100k,2,450,source_calibration,F3
arxiv_nomic_100k,2,453,source_calibration,F3
arxiv_nomic_100k,2,455,source_calibration,F3
arxiv_nomic_100k,2,471,source_calibration,F3
arxiv_nomic_100k,2,473,source_calibration,F3
arxiv_nomic_100k,2,474,source_calibration,F3
arxiv_nomic_100k,2,476,source_calibration,F3
arxiv_nomic_100k,2,478,source_calibration,F3
arxiv_nomic_100k,2,487,source_calibration,F3
arxiv_nomic_100k,2,499,source_calibration,F3
arxiv_nomic_100k,2,502,source_calibration,F3
arxiv_nomic_100k,2,503,source_calibration,F3
arxiv_nomic_100k,2,506,source_calibration,F3
arxiv_nomic_100k,2,512,source_calibration,F3
arxiv_nomic_100k,2,513,source_calibration,F3
arxiv_nomic_100k,2,514,source_calibration,F3
arxiv_nomic_100k,2,519,source_calibration,F3
arxiv_nomic_100k,2,520,source_calibration,F3
arxiv_nomic_100k,2,521,source_calibration,F3
arxiv_nomic_100k,2,530,source_calibration,F3
arxiv_nomic_100k,2,532,source_calibration,F3
arxiv_nomic_100k,2,534,source_calibration,F3
arxiv_nomic_100k,2,540,source_calibration,F3
arxiv_nomic_100k,2,542,source_calibration,F3
arxiv_nomic_100k,2,545,source_calibration,F3
arxiv_nomic_100k,2,554,source_calibration,F3
arxiv_nomic_100k,2,556,source_calibration,F3
arxiv_nomic_100k,2,564,source_calibration,F3
arxiv_nomic_100k,2,571,source_calibration,F3
arxiv_nomic_100k,2,574,source_calibration,F3
arxiv_nomic_100k,2,587,source_calibration,F3
arxiv_nomic_100k,2,590,source_calibration,F3
arxiv_nomic_100k,2,593,source_calibration,F3
arxiv_nomic_100k,2,596,source_calibration,F3
arxiv_nomic_100k,2,602,source_calibration,F3
arxiv_nomic_100k,2,611,source_calibration,F3
arxiv_nomic_100k,2,612,source_calibration,F3
arxiv_nomic_100k,2,621,source_calibration,F3
arxiv_nomic_100k,2,623,source_calibration,F3
arxiv_nomic_100k,2,626,source_calibration,F3
arxiv_nomic_100k,2,627,source_calibration,F3
arxiv_nomic_100k,2,630,source_calibration,F3
arxiv_nomic_100k,2,632,source_calibration,F3
arxiv_nomic_100k,2,635,source_calibration,F3
arxiv_nomic_100k,2,637,source_calibration,F3
arxiv_nomic_100k,2,646,source_calibration,F3
arxiv_nomic_100k,2,649,source_calibration,F3
arxiv_nomic_100k,2,651,source_calibration,F3
arxiv_nomic_100k,2,657,source_calibration,F3
arxiv_nomic_100k,2,663,source_calibration,F3
arxiv_nomic_100k,2,665,source_calibration,F3
arxiv_nomic_100k,2,675,source_calibration,F3
arxiv_nomic_100k,2,677,source_calibration,F3
arxiv_nomic_100k,2,683,source_calibration,F3
arxiv_nomic_100k,2,685,source_calibration,F3
arxiv_nomic_100k,2,691,source_calibration,F3
arxiv_nomic_100k,2,699,source_calibration,F3
arxiv_nomic_100k,2,704,source_calibration,F3
arxiv_nomic_100k,2,706,source_calibration,F3
arxiv_nomic_100k,2,709,source_calibration,F3
arxiv_nomic_100k,2,710,source_calibration,F3
arxiv_nomic_100k,2,716,source_calibration,F3
arxiv_nomic_100k,2,717,source_calibration,F3
arxiv_nomic_100k,2,720,source_calibration,F3
arxiv_nomic_100k,2,722,source_calibration,F3
arxiv_nomic_100k,2,731,source_calibration,F3
arxiv_nomic_100k,2,736,source_calibration,F3
arxiv_nomic_100k,2,743,source_calibration,F3
arxiv_nomic_100k,2,746,source_calibration,F3
arxiv_nomic_100k,2,747,source_calibration,F3
arxiv_nomic_100k,2,751,source_calibration,F3
arxiv_nomic_100k,2,754,source_calibration,F3
arxiv_nomic_100k,2,755,source_calibration,F3
arxiv_nomic_100k,2,760,source_calibration,F3
arxiv_nomic_100k,2,764,source_calibration,F3
arxiv_nomic_100k,2,767,source_calibration,F3
arxiv_nomic_100k,2,769,source_calibration,F3
arxiv_nomic_100k,2,776,source_calibration,F3
arxiv_nomic_100k,2,779,source_calibration,F3
arxiv_nomic_100k,2,780,source_calibration,F3
arxiv_nomic_100k,2,781,source_calibration,F3
arxiv_nomic_100k,2,782,source_calibration,F3
arxiv_nomic_100k,2,789,source_calibration,F3
arxiv_nomic_100k,2,791,source_calibration,F3
arxiv_nomic_100k,2,792,source_calibration,F3
arxiv_nomic_100k,2,793,source_calibration,F3
arxiv_nomic_100k,2,794,source_calibration,F3
arxiv_nomic_100k,2,796,source_calibration,F3
arxiv_nomic_100k,2,799,source_calibration,F3
arxiv_nomic_100k,2,803,source_calibration,F3
arxiv_nomic_100k,2,804,source_calibration,F3
arxiv_nomic_100k,2,805,source_calibration,F3
arxiv_nomic_100k,2,814,source_calibration,F3
arxiv_nomic_100k,2,816,source_calibration,F3
arxiv_nomic_100k,2,819,source_calibration,F3
arxiv_nomic_100k,2,824,source_calibration,F3
arxiv_nomic_100k,2,827,source_calibration,F3
arxiv_nomic_100k,2,829,source_calibration,F3
arxiv_nomic_100k,2,833,source_calibration,F3
arxiv_nomic_100k,2,838,source_calibration,F3
arxiv_nomic_100k,2,842,source_calibration,F3
arxiv_nomic_100k,2,845,source_calibration,F3
arxiv_nomic_100k,2,857,source_calibration,F3
arxiv_nomic_100k,2,858,source_calibration,F3
arxiv_nomic_100k,2,860,source_calibration,F3
arxiv_nomic_100k,2,862,source_calibration,F3
arxiv_nomic_100k,2,864,source_calibration,F3
arxiv_nomic_100k,2,865,source_calibration,F3
arxiv_nomic_100k,2,866,source_calibration,F3
arxiv_nomic_100k,2,867,source_calibration,F3
arxiv_nomic_100k,2,868,source_calibration,F3
arxiv_nomic_100k,2,871,source_calibration,F3
arxiv_nomic_100k,2,872,source_calibration,F3
arxiv_nomic_100k,2,876,source_calibration,F3
arxiv_nomic_100k,2,878,source_calibration,F3
arxiv_nomic_100k,2,886,source_calibration,F3
arxiv_nomic_100k,2,889,source_calibration,F3
arxiv_nomic_100k,2,894,source_calibration,F3
arxiv_nomic_100k,2,896,source_calibration,F3
arxiv_nomic_100k,2,901,source_calibration,F3
arxiv_nomic_100k,2,904,source_calibration,F3
arxiv_nomic_100k,2,905,source_calibration,F3
arxiv_nomic_100k,2,915,source_calibration,F3
arxiv_nomic_100k,2,917,source_calibration,F3
arxiv_nomic_100k,2,918,source_calibration,F3
arxiv_nomic_100k,2,919,source_calibration,F3
arxiv_nomic_100k,2,920,source_calibration,F3
arxiv_nomic_100k,2,935,source_calibration,F3
arxiv_nomic_100k,2,936,source_calibration,F3
arxiv_nomic_100k,2,943,source_calibration,F3
arxiv_nomic_100k,2,944,source_calibration,F3
arxiv_nomic_100k,2,946,source_calibration,F3
arxiv_nomic_100k,2,947,source_calibration,F3
arxiv_nomic_100k,2,955,source_calibration,F3
arxiv_nomic_100k,2,962,source_calibration,F3
arxiv_nomic_100k,2,964,source_calibration,F3
arxiv_nomic_100k,2,966,source_calibration,F3
arxiv_nomic_100k,2,972,source_calibration,F3
arxiv_nomic_100k,2,978,source_calibration,F3
arxiv_nomic_100k,2,983,source_calibration,F3
arxiv_nomic_100k,2,986,source_calibration,F3
arxiv_nomic_100k,2,990,source_calibration,F3
arxiv_nomic_100k,2,995,source_calibration,F3
arxiv_nomic_100k,2,996,source_calibration,F3
arxiv_nomic_100k,2,997,source_calibration,F3
arxiv_nomic_100k,2,9,target_sentinel,F0
arxiv_nomic_100k,2,19,target_sentinel,F0
arxiv_nomic_100k,2,20,target_sentinel,F0
arxiv_nomic_100k,2,21,target_sentinel,F0
arxiv_nomic_100k,2,26,target_sentinel,F0
arxiv_nomic_100k,2,28,target_sentinel,F0
arxiv_nomic_100k,2,30,target_sentinel,F0
arxiv_nomic_100k,2,33,target_sentinel,F0
arxiv_nomic_100k,2,39,target_sentinel,F0
arxiv_nomic_100k,2,41,target_sentinel,F0
arxiv_nomic_100k,2,45,target_sentinel,F0
arxiv_nomic_100k,2,47,target_sentinel,F0
arxiv_nomic_100k,2,70,target_sentinel,F0
arxiv_nomic_100k,2,76,target_sentinel,F0
arxiv_nomic_100k,2,80,target_sentinel,F0
arxiv_nomic_100k,2,81,target_sentinel,F0
arxiv_nomic_100k,2,84,target_sentinel,F0
arxiv_nomic_100k,2,89,target_sentinel,F0
arxiv_nomic_100k,2,94,target_sentinel,F0
arxiv_nomic_100k,2,100,target_sentinel,F0
arxiv_nomic_100k,2,103,target_sentinel,F0
arxiv_nomic_100k,2,106,target_sentinel,F0
arxiv_nomic_100k,2,114,target_sentinel,F0
arxiv_nomic_100k,2,115,target_sentinel,F0
arxiv_nomic_100k,2,120,target_sentinel,F0
arxiv_nomic_100k,2,123,target_sentinel,F0
arxiv_nomic_100k,2,124,target_sentinel,F0
arxiv_nomic_100k,2,126,target_sentinel,F0
arxiv_nomic_100k,2,130,target_sentinel,F0
arxiv_nomic_100k,2,131,target_sentinel,F0
arxiv_nomic_100k,2,132,target_sentinel,F0
arxiv_nomic_100k,2,134,target_sentinel,F0
arxiv_nomic_100k,2,137,target_sentinel,F0
arxiv_nomic_100k,2,140,target_sentinel,F0
arxiv_nomic_100k,2,142,target_sentinel,F0
arxiv_nomic_100k,2,143,target_sentinel,F0
arxiv_nomic_100k,2,149,target_sentinel,F0
arxiv_nomic_100k,2,150,target_sentinel,F0
arxiv_nomic_100k,2,151,target_sentinel,F0
arxiv_nomic_100k,2,153,target_sentinel,F0
arxiv_nomic_100k,2,156,target_sentinel,F0
arxiv_nomic_100k,2,157,target_sentinel,F0
arxiv_nomic_100k,2,160,target_sentinel,F0
arxiv_nomic_100k,2,162,target_sentinel,F0
arxiv_nomic_100k,2,164,target_sentinel,F0
arxiv_nomic_100k,2,178,target_sentinel,F0
arxiv_nomic_100k,2,183,target_sentinel,F0
arxiv_nomic_100k,2,184,target_sentinel,F0
arxiv_nomic_100k,2,190,target_sentinel,F0
arxiv_nomic_100k,2,199,target_sentinel,F0
arxiv_nomic_100k,2,200,target_sentinel,F0
arxiv_nomic_100k,2,203,target_sentinel,F0
arxiv_nomic_100k,2,204,target_sentinel,F0
arxiv_nomic_100k,2,206,target_sentinel,F0
arxiv_nomic_100k,2,213,target_sentinel,F0
arxiv_nomic_100k,2,215,target_sentinel,F0
arxiv_nomic_100k,2,222,target_sentinel,F0
arxiv_nomic_100k,2,223,target_sentinel,F0
arxiv_nomic_100k,2,231,target_sentinel,F0
arxiv_nomic_100k,2,233,target_sentinel,F0
arxiv_nomic_100k,2,234,target_sentinel,F0
arxiv_nomic_100k,2,235,target_sentinel,F0
arxiv_nomic_100k,2,240,target_sentinel,F0
arxiv_nomic_100k,2,248,target_sentinel,F0
arxiv_nomic_100k,2,251,target_sentinel,F0
arxiv_nomic_100k,2,252,target_sentinel,F0
arxiv_nomic_100k,2,255,target_sentinel,F0
arxiv_nomic_100k,2,257,target_sentinel,F0
arxiv_nomic_100k,2,258,target_sentinel,F0
arxiv_nomic_100k,2,264,target_sentinel,F0
arxiv_nomic_100k,2,265,target_sentinel,F0
arxiv_nomic_100k,2,266,target_sentinel,F0
arxiv_nomic_100k,2,268,target_sentinel,F0
arxiv_nomic_100k,2,270,target_sentinel,F0
arxiv_nomic_100k,2,273,target_sentinel,F0
arxiv_nomic_100k,2,282,target_sentinel,F0
arxiv_nomic_100k,2,295,target_sentinel,F0
arxiv_nomic_100k,2,297,target_sentinel,F0
arxiv_nomic_100k,2,303,target_sentinel,F0
arxiv_nomic_100k,2,314,target_sentinel,F0
arxiv_nomic_100k,2,315,target_sentinel,F0
arxiv_nomic_100k,2,318,target_sentinel,F0
arxiv_nomic_100k,2,327,target_sentinel,F0
arxiv_nomic_100k,2,332,target_sentinel,F0
arxiv_nomic_100k,2,336,target_sentinel,F0
arxiv_nomic_100k,2,352,target_sentinel,F0
arxiv_nomic_100k,2,356,target_sentinel,F0
arxiv_nomic_100k,2,361,target_sentinel,F0
arxiv_nomic_100k,2,365,target_sentinel,F0
arxiv_nomic_100k,2,368,target_sentinel,F0
arxiv_nomic_100k,2,371,target_sentinel,F0
arxiv_nomic_100k,2,376,target_sentinel,F0
arxiv_nomic_100k,2,381,target_sentinel,F0
arxiv_nomic_100k,2,384,target_sentinel,F0
arxiv_nomic_100k,2,386,target_sentinel,F0
arxiv_nomic_100k,2,390,target_sentinel,F0
arxiv_nomic_100k,2,395,target_sentinel,F0
arxiv_nomic_100k,2,396,target_sentinel,F0
arxiv_nomic_100k,2,398,target_sentinel,F0
arxiv_nomic_100k,2,401,target_sentinel,F0
arxiv_nomic_100k,2,402,target_sentinel,F0
arxiv_nomic_100k,2,403,target_sentinel,F0
arxiv_nomic_100k,2,404,target_sentinel,F0
arxiv_nomic_100k,2,405,target_sentinel,F0
arxiv_nomic_100k,2,410,target_sentinel,F0
arxiv_nomic_100k,2,412,target_sentinel,F0
arxiv_nomic_100k,2,418,target_sentinel,F0
arxiv_nomic_100k,2,419,target_sentinel,F0
arxiv_nomic_100k,2,420,target_sentinel,F0
arxiv_nomic_100k,2,422,target_sentinel,F0
arxiv_nomic_100k,2,424,target_sentinel,F0
arxiv_nomic_100k,2,426,target_sentinel,F0
arxiv_nomic_100k,2,427,target_sentinel,F0
arxiv_nomic_100k,2,430,target_sentinel,F0
arxiv_nomic_100k,2,438,target_sentinel,F0
arxiv_nomic_100k,2,440,target_sentinel,F0
arxiv_nomic_100k,2,448,target_sentinel,F0
arxiv_nomic_100k,2,456,target_sentinel,F0
arxiv_nomic_100k,2,461,target_sentinel,F0
arxiv_nomic_100k,2,463,target_sentinel,F0
arxiv_nomic_100k,2,464,target_sentinel,F0
arxiv_nomic_100k,2,465,target_sentinel,F0
arxiv_nomic_100k,2,466,target_sentinel,F0
arxiv_nomic_100k,2,472,target_sentinel,F0
arxiv_nomic_100k,2,475,target_sentinel,F0
arxiv_nomic_100k,2,484,target_sentinel,F0
arxiv_nomic_100k,2,490,target_sentinel,F0
arxiv_nomic_100k,2,493,target_sentinel,F0
arxiv_nomic_100k,2,496,target_sentinel,F0
arxiv_nomic_100k,2,504,target_sentinel,F0
arxiv_nomic_100k,2,508,target_sentinel,F0
arxiv_nomic_100k,2,509,target_sentinel,F0
arxiv_nomic_100k,2,511,target_sentinel,F0
arxiv_nomic_100k,2,515,target_sentinel,F0
arxiv_nomic_100k,2,517,target_sentinel,F0
arxiv_nomic_100k,2,518,target_sentinel,F0
arxiv_nomic_100k,2,523,target_sentinel,F0
arxiv_nomic_100k,2,524,target_sentinel,F0
arxiv_nomic_100k,2,526,target_sentinel,F0
arxiv_nomic_100k,2,538,target_sentinel,F0
arxiv_nomic_100k,2,539,target_sentinel,F0
arxiv_nomic_100k,2,543,target_sentinel,F0
arxiv_nomic_100k,2,548,target_sentinel,F0
arxiv_nomic_100k,2,549,target_sentinel,F0
arxiv_nomic_100k,2,553,target_sentinel,F0
arxiv_nomic_100k,2,560,target_sentinel,F0
arxiv_nomic_100k,2,562,target_sentinel,F0
arxiv_nomic_100k,2,568,target_sentinel,F0
arxiv_nomic_100k,2,572,target_sentinel,F0
arxiv_nomic_100k,2,573,target_sentinel,F0
arxiv_nomic_100k,2,575,target_sentinel,F0
arxiv_nomic_100k,2,578,target_sentinel,F0
arxiv_nomic_100k,2,583,target_sentinel,F0
arxiv_nomic_100k,2,586,target_sentinel,F0
arxiv_nomic_100k,2,589,target_sentinel,F0
arxiv_nomic_100k,2,601,target_sentinel,F0
arxiv_nomic_100k,2,603,target_sentinel,F0
arxiv_nomic_100k,2,604,target_sentinel,F0
arxiv_nomic_100k,2,610,target_sentinel,F0
arxiv_nomic_100k,2,615,target_sentinel,F0
arxiv_nomic_100k,2,618,target_sentinel,F0
arxiv_nomic_100k,2,619,target_sentinel,F0
arxiv_nomic_100k,2,629,target_sentinel,F0
arxiv_nomic_100k,2,633,target_sentinel,F0
arxiv_nomic_100k,2,636,target_sentinel,F0
arxiv_nomic_100k,2,640,target_sentinel,F0
arxiv_nomic_100k,2,652,target_sentinel,F0
arxiv_nomic_100k,2,653,target_sentinel,F0
arxiv_nomic_100k,2,656,target_sentinel,F0
arxiv_nomic_100k,2,668,target_sentinel,F0
arxiv_nomic_100k,2,669,target_sentinel,F0
arxiv_nomic_100k,2,671,target_sentinel,F0
arxiv_nomic_100k,2,672,target_sentinel,F0
arxiv_nomic_100k,2,676,target_sentinel,F0
arxiv_nomic_100k,2,678,target_sentinel,F0
arxiv_nomic_100k,2,681,target_sentinel,F0
arxiv_nomic_100k,2,684,target_sentinel,F0
arxiv_nomic_100k,2,687,target_sentinel,F0
arxiv_nomic_100k,2,688,target_sentinel,F0
arxiv_nomic_100k,2,690,target_sentinel,F0
arxiv_nomic_100k,2,693,target_sentinel,F0
arxiv_nomic_100k,2,694,target_sentinel,F0
arxiv_nomic_100k,2,698,target_sentinel,F0
arxiv_nomic_100k,2,700,target_sentinel,F0
arxiv_nomic_100k,2,708,target_sentinel,F0
arxiv_nomic_100k,2,712,target_sentinel,F0
arxiv_nomic_100k,2,715,target_sentinel,F0
arxiv_nomic_100k,2,719,target_sentinel,F0
arxiv_nomic_100k,2,721,target_sentinel,F0
arxiv_nomic_100k,2,726,target_sentinel,F0
arxiv_nomic_100k,2,727,target_sentinel,F0
arxiv_nomic_100k,2,732,target_sentinel,F0
arxiv_nomic_100k,2,735,target_sentinel,F0
arxiv_nomic_100k,2,737,target_sentinel,F0
arxiv_nomic_100k,2,741,target_sentinel,F0
arxiv_nomic_100k,2,749,target_sentinel,F0
arxiv_nomic_100k,2,750,target_sentinel,F0
arxiv_nomic_100k,2,753,target_sentinel,F0
arxiv_nomic_100k,2,758,target_sentinel,F0
arxiv_nomic_100k,2,774,target_sentinel,F0
arxiv_nomic_100k,2,777,target_sentinel,F0
arxiv_nomic_100k,2,784,target_sentinel,F0
arxiv_nomic_100k,2,785,target_sentinel,F0
arxiv_nomic_100k,2,787,target_sentinel,F0
arxiv_nomic_100k,2,788,target_sentinel,F0
arxiv_nomic_100k,2,790,target_sentinel,F0
arxiv_nomic_100k,2,798,target_sentinel,F0
arxiv_nomic_100k,2,801,target_sentinel,F0
arxiv_nomic_100k,2,802,target_sentinel,F0
arxiv_nomic_100k,2,808,target_sentinel,F0
arxiv_nomic_100k,2,811,target_sentinel,F0
arxiv_nomic_100k,2,817,target_sentinel,F0
arxiv_nomic_100k,2,818,target_sentinel,F0
arxiv_nomic_100k,2,821,target_sentinel,F0
arxiv_nomic_100k,2,822,target_sentinel,F0
arxiv_nomic_100k,2,823,target_sentinel,F0
arxiv_nomic_100k,2,825,target_sentinel,F0
arxiv_nomic_100k,2,832,target_sentinel,F0
arxiv_nomic_100k,2,837,target_sentinel,F0
arxiv_nomic_100k,2,844,target_sentinel,F0
arxiv_nomic_100k,2,847,target_sentinel,F0
arxiv_nomic_100k,2,848,target_sentinel,F0
arxiv_nomic_100k,2,850,target_sentinel,F0
arxiv_nomic_100k,2,875,target_sentinel,F0
arxiv_nomic_100k,2,877,target_sentinel,F0
arxiv_nomic_100k,2,888,target_sentinel,F0
arxiv_nomic_100k,2,890,target_sentinel,F0
arxiv_nomic_100k,2,893,target_sentinel,F0
arxiv_nomic_100k,2,899,target_sentinel,F0
arxiv_nomic_100k,2,900,target_sentinel,F0
arxiv_nomic_100k,2,907,target_sentinel,F0
arxiv_nomic_100k,2,908,target_sentinel,F0
arxiv_nomic_100k,2,914,target_sentinel,F0
arxiv_nomic_100k,2,916,target_sentinel,F0
arxiv_nomic_100k,2,922,target_sentinel,F0
arxiv_nomic_100k,2,923,target_sentinel,F0
arxiv_nomic_100k,2,924,target_sentinel,F0
arxiv_nomic_100k,2,925,target_sentinel,F0
arxiv_nomic_100k,2,934,target_sentinel,F0
arxiv_nomic_100k,2,937,target_sentinel,F0
arxiv_nomic_100k,2,941,target_sentinel,F0
arxiv_nomic_100k,2,948,target_sentinel,F0
arxiv_nomic_100k,2,950,target_sentinel,F0
arxiv_nomic_100k,2,956,target_sentinel,F0
arxiv_nomic_100k,2,960,target_sentinel,F0
arxiv_nomic_100k,2,968,target_sentinel,F0
arxiv_nomic_100k,2,987,target_sentinel,F0
arxiv_nomic_100k,2,994,target_sentinel,F0
arxiv_nomic_100k,2,998,target_sentinel,F0
arxiv_nomic_100k,2,999,target_sentinel,F0
arxiv_nomic_100k,2,2,target_evaluation,F1
arxiv_nomic_100k,2,4,target_evaluation,F1
arxiv_nomic_100k,2,5,target_evaluation,F1
arxiv_nomic_100k,2,6,target_evaluation,F1
arxiv_nomic_100k,2,10,target_evaluation,F1
arxiv_nomic_100k,2,14,target_evaluation,F1
arxiv_nomic_100k,2,16,target_evaluation,F1
arxiv_nomic_100k,2,17,target_evaluation,F1
arxiv_nomic_100k,2,23,target_evaluation,F1
arxiv_nomic_100k,2,32,target_evaluation,F1
arxiv_nomic_100k,2,34,target_evaluation,F1
arxiv_nomic_100k,2,38,target_evaluation,F1
arxiv_nomic_100k,2,42,target_evaluation,F1
arxiv_nomic_100k,2,53,target_evaluation,F1
arxiv_nomic_100k,2,56,target_evaluation,F1
arxiv_nomic_100k,2,61,target_evaluation,F1
arxiv_nomic_100k,2,62,target_evaluation,F1
arxiv_nomic_100k,2,64,target_evaluation,F1
arxiv_nomic_100k,2,65,target_evaluation,F1
arxiv_nomic_100k,2,68,target_evaluation,F1
arxiv_nomic_100k,2,72,target_evaluation,F1
arxiv_nomic_100k,2,74,target_evaluation,F1
arxiv_nomic_100k,2,77,target_evaluation,F1
arxiv_nomic_100k,2,86,target_evaluation,F1
arxiv_nomic_100k,2,87,target_evaluation,F1
arxiv_nomic_100k,2,92,target_evaluation,F1
arxiv_nomic_100k,2,98,target_evaluation,F1
arxiv_nomic_100k,2,102,target_evaluation,F1
arxiv_nomic_100k,2,111,target_evaluation,F1
arxiv_nomic_100k,2,116,target_evaluation,F1
arxiv_nomic_100k,2,118,target_evaluation,F1
arxiv_nomic_100k,2,127,target_evaluation,F1
arxiv_nomic_100k,2,128,target_evaluation,F1
arxiv_nomic_100k,2,129,target_evaluation,F1
arxiv_nomic_100k,2,135,target_evaluation,F1
arxiv_nomic_100k,2,136,target_evaluation,F1
arxiv_nomic_100k,2,144,target_evaluation,F1
arxiv_nomic_100k,2,147,target_evaluation,F1
arxiv_nomic_100k,2,154,target_evaluation,F1
arxiv_nomic_100k,2,165,target_evaluation,F1
arxiv_nomic_100k,2,173,target_evaluation,F1
arxiv_nomic_100k,2,175,target_evaluation,F1
arxiv_nomic_100k,2,176,target_evaluation,F1
arxiv_nomic_100k,2,180,target_evaluation,F1
arxiv_nomic_100k,2,187,target_evaluation,F1
arxiv_nomic_100k,2,189,target_evaluation,F1
arxiv_nomic_100k,2,192,target_evaluation,F1
arxiv_nomic_100k,2,194,target_evaluation,F1
arxiv_nomic_100k,2,198,target_evaluation,F1
arxiv_nomic_100k,2,202,target_evaluation,F1
arxiv_nomic_100k,2,207,target_evaluation,F1
arxiv_nomic_100k,2,224,target_evaluation,F1
arxiv_nomic_100k,2,225,target_evaluation,F1
arxiv_nomic_100k,2,229,target_evaluation,F1
arxiv_nomic_100k,2,230,target_evaluation,F1
arxiv_nomic_100k,2,239,target_evaluation,F1
arxiv_nomic_100k,2,242,target_evaluation,F1
arxiv_nomic_100k,2,250,target_evaluation,F1
arxiv_nomic_100k,2,253,target_evaluation,F1
arxiv_nomic_100k,2,261,target_evaluation,F1
arxiv_nomic_100k,2,262,target_evaluation,F1
arxiv_nomic_100k,2,263,target_evaluation,F1
arxiv_nomic_100k,2,271,target_evaluation,F1
arxiv_nomic_100k,2,278,target_evaluation,F1
arxiv_nomic_100k,2,284,target_evaluation,F1
arxiv_nomic_100k,2,287,target_evaluation,F1
arxiv_nomic_100k,2,292,target_evaluation,F1
arxiv_nomic_100k,2,293,target_evaluation,F1
arxiv_nomic_100k,2,296,target_evaluation,F1
arxiv_nomic_100k,2,298,target_evaluation,F1
arxiv_nomic_100k,2,306,target_evaluation,F1
arxiv_nomic_100k,2,311,target_evaluation,F1
arxiv_nomic_100k,2,312,target_evaluation,F1
arxiv_nomic_100k,2,319,target_evaluation,F1
arxiv_nomic_100k,2,324,target_evaluation,F1
arxiv_nomic_100k,2,325,target_evaluation,F1
arxiv_nomic_100k,2,328,target_evaluation,F1
arxiv_nomic_100k,2,330,target_evaluation,F1
arxiv_nomic_100k,2,331,target_evaluation,F1
arxiv_nomic_100k,2,337,target_evaluation,F1
arxiv_nomic_100k,2,338,target_evaluation,F1
arxiv_nomic_100k,2,341,target_evaluation,F1
arxiv_nomic_100k,2,342,target_evaluation,F1
arxiv_nomic_100k,2,344,target_evaluation,F1
arxiv_nomic_100k,2,347,target_evaluation,F1
arxiv_nomic_100k,2,348,target_evaluation,F1
arxiv_nomic_100k,2,349,target_evaluation,F1
arxiv_nomic_100k,2,350,target_evaluation,F1
arxiv_nomic_100k,2,351,target_evaluation,F1
arxiv_nomic_100k,2,353,target_evaluation,F1
arxiv_nomic_100k,2,359,target_evaluation,F1
arxiv_nomic_100k,2,360,target_evaluation,F1
arxiv_nomic_100k,2,362,target_evaluation,F1
arxiv_nomic_100k,2,372,target_evaluation,F1
arxiv_nomic_100k,2,380,target_evaluation,F1
arxiv_nomic_100k,2,385,target_evaluation,F1
arxiv_nomic_100k,2,387,target_evaluation,F1
arxiv_nomic_100k,2,388,target_evaluation,F1
arxiv_nomic_100k,2,399,target_evaluation,F1
arxiv_nomic_100k,2,414,target_evaluation,F1
arxiv_nomic_100k,2,415,target_evaluation,F1
arxiv_nomic_100k,2,416,target_evaluation,F1
arxiv_nomic_100k,2,421,target_evaluation,F1
arxiv_nomic_100k,2,423,target_evaluation,F1
arxiv_nomic_100k,2,433,target_evaluation,F1
arxiv_nomic_100k,2,435,target_evaluation,F1
arxiv_nomic_100k,2,443,target_evaluation,F1
arxiv_nomic_100k,2,447,target_evaluation,F1
arxiv_nomic_100k,2,449,target_evaluation,F1
arxiv_nomic_100k,2,451,target_evaluation,F1
arxiv_nomic_100k,2,452,target_evaluation,F1
arxiv_nomic_100k,2,457,target_evaluation,F1
arxiv_nomic_100k,2,458,target_evaluation,F1
arxiv_nomic_100k,2,460,target_evaluation,F1
arxiv_nomic_100k,2,462,target_evaluation,F1
arxiv_nomic_100k,2,468,target_evaluation,F1
arxiv_nomic_100k,2,469,target_evaluation,F1
arxiv_nomic_100k,2,470,target_evaluation,F1
arxiv_nomic_100k,2,477,target_evaluation,F1
arxiv_nomic_100k,2,479,target_evaluation,F1
arxiv_nomic_100k,2,481,target_evaluation,F1
arxiv_nomic_100k,2,482,target_evaluation,F1
arxiv_nomic_100k,2,488,target_evaluation,F1
arxiv_nomic_100k,2,489,target_evaluation,F1
arxiv_nomic_100k,2,492,target_evaluation,F1
arxiv_nomic_100k,2,494,target_evaluation,F1
arxiv_nomic_100k,2,495,target_evaluation,F1
arxiv_nomic_100k,2,497,target_evaluation,F1
arxiv_nomic_100k,2,498,target_evaluation,F1
arxiv_nomic_100k,2,516,target_evaluation,F1
arxiv_nomic_100k,2,529,target_evaluation,F1
arxiv_nomic_100k,2,535,target_evaluation,F1
arxiv_nomic_100k,2,541,target_evaluation,F1
arxiv_nomic_100k,2,550,target_evaluation,F1
arxiv_nomic_100k,2,555,target_evaluation,F1
arxiv_nomic_100k,2,558,target_evaluation,F1
arxiv_nomic_100k,2,559,target_evaluation,F1
arxiv_nomic_100k,2,561,target_evaluation,F1
arxiv_nomic_100k,2,565,target_evaluation,F1
arxiv_nomic_100k,2,566,target_evaluation,F1
arxiv_nomic_100k,2,567,target_evaluation,F1
arxiv_nomic_100k,2,569,target_evaluation,F1
arxiv_nomic_100k,2,570,target_evaluation,F1
arxiv_nomic_100k,2,577,target_evaluation,F1
arxiv_nomic_100k,2,579,target_evaluation,F1
arxiv_nomic_100k,2,581,target_evaluation,F1
arxiv_nomic_100k,2,582,target_evaluation,F1
arxiv_nomic_100k,2,585,target_evaluation,F1
arxiv_nomic_100k,2,591,target_evaluation,F1
arxiv_nomic_100k,2,599,target_evaluation,F1
arxiv_nomic_100k,2,600,target_evaluation,F1
arxiv_nomic_100k,2,607,target_evaluation,F1
arxiv_nomic_100k,2,609,target_evaluation,F1
arxiv_nomic_100k,2,613,target_evaluation,F1
arxiv_nomic_100k,2,616,target_evaluation,F1
arxiv_nomic_100k,2,624,target_evaluation,F1
arxiv_nomic_100k,2,631,target_evaluation,F1
arxiv_nomic_100k,2,634,target_evaluation,F1
arxiv_nomic_100k,2,639,target_evaluation,F1
arxiv_nomic_100k,2,643,target_evaluation,F1
arxiv_nomic_100k,2,644,target_evaluation,F1
arxiv_nomic_100k,2,645,target_evaluation,F1
arxiv_nomic_100k,2,647,target_evaluation,F1
arxiv_nomic_100k,2,648,target_evaluation,F1
arxiv_nomic_100k,2,650,target_evaluation,F1
arxiv_nomic_100k,2,654,target_evaluation,F1
arxiv_nomic_100k,2,659,target_evaluation,F1
arxiv_nomic_100k,2,664,target_evaluation,F1
arxiv_nomic_100k,2,674,target_evaluation,F1
arxiv_nomic_100k,2,679,target_evaluation,F1
arxiv_nomic_100k,2,680,target_evaluation,F1
arxiv_nomic_100k,2,682,target_evaluation,F1
arxiv_nomic_100k,2,686,target_evaluation,F1
arxiv_nomic_100k,2,689,target_evaluation,F1
arxiv_nomic_100k,2,695,target_evaluation,F1
arxiv_nomic_100k,2,703,target_evaluation,F1
arxiv_nomic_100k,2,707,target_evaluation,F1
arxiv_nomic_100k,2,714,target_evaluation,F1
arxiv_nomic_100k,2,723,target_evaluation,F1
arxiv_nomic_100k,2,724,target_evaluation,F1
arxiv_nomic_100k,2,728,target_evaluation,F1
arxiv_nomic_100k,2,730,target_evaluation,F1
arxiv_nomic_100k,2,738,target_evaluation,F1
arxiv_nomic_100k,2,739,target_evaluation,F1
arxiv_nomic_100k,2,740,target_evaluation,F1
arxiv_nomic_100k,2,748,target_evaluation,F1
arxiv_nomic_100k,2,756,target_evaluation,F1
arxiv_nomic_100k,2,765,target_evaluation,F1
arxiv_nomic_100k,2,766,target_evaluation,F1
arxiv_nomic_100k,2,768,target_evaluation,F1
arxiv_nomic_100k,2,770,target_evaluation,F1
arxiv_nomic_100k,2,771,target_evaluation,F1
arxiv_nomic_100k,2,773,target_evaluation,F1
arxiv_nomic_100k,2,783,target_evaluation,F1
arxiv_nomic_100k,2,786,target_evaluation,F1
arxiv_nomic_100k,2,800,target_evaluation,F1
arxiv_nomic_100k,2,807,target_evaluation,F1
arxiv_nomic_100k,2,810,target_evaluation,F1
arxiv_nomic_100k,2,813,target_evaluation,F1
arxiv_nomic_100k,2,826,target_evaluation,F1
arxiv_nomic_100k,2,830,target_evaluation,F1
arxiv_nomic_100k,2,831,target_evaluation,F1
arxiv_nomic_100k,2,839,target_evaluation,F1
arxiv_nomic_100k,2,840,target_evaluation,F1
arxiv_nomic_100k,2,841,target_evaluation,F1
arxiv_nomic_100k,2,843,target_evaluation,F1
arxiv_nomic_100k,2,851,target_evaluation,F1
arxiv_nomic_100k,2,853,target_evaluation,F1
arxiv_nomic_100k,2,854,target_evaluation,F1
arxiv_nomic_100k,2,855,target_evaluation,F1
arxiv_nomic_100k,2,856,target_evaluation,F1
arxiv_nomic_100k,2,859,target_evaluation,F1
arxiv_nomic_100k,2,861,target_evaluation,F1
arxiv_nomic_100k,2,863,target_evaluation,F1
arxiv_nomic_100k,2,869,target_evaluation,F1
arxiv_nomic_100k,2,870,target_evaluation,F1
arxiv_nomic_100k,2,874,target_evaluation,F1
arxiv_nomic_100k,2,881,target_evaluation,F1
arxiv_nomic_100k,2,882,target_evaluation,F1
arxiv_nomic_100k,2,883,target_evaluation,F1
arxiv_nomic_100k,2,884,target_evaluation,F1
arxiv_nomic_100k,2,895,target_evaluation,F1
arxiv_nomic_100k,2,898,target_evaluation,F1
arxiv_nomic_100k,2,902,target_evaluation,F1
arxiv_nomic_100k,2,909,target_evaluation,F1
arxiv_nomic_100k,2,912,target_evaluation,F1
arxiv_nomic_100k,2,913,target_evaluation,F1
arxiv_nomic_100k,2,926,target_evaluation,F1
arxiv_nomic_100k,2,929,target_evaluation,F1
arxiv_nomic_100k,2,931,target_evaluation,F1
arxiv_nomic_100k,2,940,target_evaluation,F1
arxiv_nomic_100k,2,945,target_evaluation,F1
arxiv_nomic_100k,2,949,target_evaluation,F1
arxiv_nomic_100k,2,954,target_evaluation,F1
arxiv_nomic_100k,2,963,target_evaluation,F1
arxiv_nomic_100k,2,965,target_evaluation,F1
arxiv_nomic_100k,2,967,target_evaluation,F1
arxiv_nomic_100k,2,969,target_evaluation,F1
arxiv_nomic_100k,2,970,target_evaluation,F1
arxiv_nomic_100k,2,973,target_evaluation,F1
arxiv_nomic_100k,2,977,target_evaluation,F1
arxiv_nomic_100k,2,979,target_evaluation,F1
arxiv_nomic_100k,2,980,target_evaluation,F1
arxiv_nomic_100k,2,981,target_evaluation,F1
arxiv_nomic_100k,2,982,target_evaluation,F1
arxiv_nomic_100k,2,984,target_evaluation,F1
arxiv_nomic_100k,2,985,target_evaluation,F1
arxiv_nomic_100k,2,988,target_evaluation,F1
arxiv_nomic_100k,2,992,target_evaluation,F1
arxiv_nomic_100k,2,993,target_evaluation,F1
arxiv_nomic_100k,3,1,source_train,F3
arxiv_nomic_100k,3,8,source_train,F3
arxiv_nomic_100k,3,11,source_train,F3
arxiv_nomic_100k,3,12,source_train,F3
arxiv_nomic_100k,3,15,source_train,F3
arxiv_nomic_100k,3,22,source_train,F3
arxiv_nomic_100k,3,24,source_train,F3
arxiv_nomic_100k,3,29,source_train,F3
arxiv_nomic_100k,3,36,source_train,F3
arxiv_nomic_100k,3,37,source_train,F3
arxiv_nomic_100k,3,46,source_train,F3
arxiv_nomic_100k,3,52,source_train,F3
arxiv_nomic_100k,3,57,source_train,F3
arxiv_nomic_100k,3,58,source_train,F3
arxiv_nomic_100k,3,67,source_train,F3
arxiv_nomic_100k,3,69,source_train,F3
arxiv_nomic_100k,3,71,source_train,F3
arxiv_nomic_100k,3,78,source_train,F3
arxiv_nomic_100k,3,82,source_train,F3
arxiv_nomic_100k,3,83,source_train,F3
arxiv_nomic_100k,3,85,source_train,F3
arxiv_nomic_100k,3,88,source_train,F3
arxiv_nomic_100k,3,91,source_train,F3
arxiv_nomic_100k,3,96,source_train,F3
arxiv_nomic_100k,3,97,source_train,F3
arxiv_nomic_100k,3,101,source_train,F3
arxiv_nomic_100k,3,105,source_train,F3
arxiv_nomic_100k,3,109,source_train,F3
arxiv_nomic_100k,3,122,source_train,F3
arxiv_nomic_100k,3,141,source_train,F3
arxiv_nomic_100k,3,145,source_train,F3
arxiv_nomic_100k,3,146,source_train,F3
arxiv_nomic_100k,3,148,source_train,F3
arxiv_nomic_100k,3,152,source_train,F3
arxiv_nomic_100k,3,166,source_train,F3
arxiv_nomic_100k,3,169,source_train,F3
arxiv_nomic_100k,3,170,source_train,F3
arxiv_nomic_100k,3,171,source_train,F3
arxiv_nomic_100k,3,172,source_train,F3
arxiv_nomic_100k,3,181,source_train,F3
arxiv_nomic_100k,3,182,source_train,F3
arxiv_nomic_100k,3,186,source_train,F3
arxiv_nomic_100k,3,193,source_train,F3
arxiv_nomic_100k,3,208,source_train,F3
arxiv_nomic_100k,3,211,source_train,F3
arxiv_nomic_100k,3,212,source_train,F3
arxiv_nomic_100k,3,217,source_train,F3
arxiv_nomic_100k,3,218,source_train,F3
arxiv_nomic_100k,3,219,source_train,F3
arxiv_nomic_100k,3,220,source_train,F3
arxiv_nomic_100k,3,228,source_train,F3
arxiv_nomic_100k,3,236,source_train,F3
arxiv_nomic_100k,3,237,source_train,F3
arxiv_nomic_100k,3,244,source_train,F3
arxiv_nomic_100k,3,245,source_train,F3
arxiv_nomic_100k,3,249,source_train,F3
arxiv_nomic_100k,3,259,source_train,F3
arxiv_nomic_100k,3,267,source_train,F3
arxiv_nomic_100k,3,269,source_train,F3
arxiv_nomic_100k,3,275,source_train,F3
arxiv_nomic_100k,3,277,source_train,F3
arxiv_nomic_100k,3,279,source_train,F3
arxiv_nomic_100k,3,280,source_train,F3
arxiv_nomic_100k,3,285,source_train,F3
arxiv_nomic_100k,3,288,source_train,F3
arxiv_nomic_100k,3,289,source_train,F3
arxiv_nomic_100k,3,291,source_train,F3
arxiv_nomic_100k,3,299,source_train,F3
arxiv_nomic_100k,3,300,source_train,F3
arxiv_nomic_100k,3,304,source_train,F3
arxiv_nomic_100k,3,305,source_train,F3
arxiv_nomic_100k,3,307,source_train,F3
arxiv_nomic_100k,3,313,source_train,F3
arxiv_nomic_100k,3,316,source_train,F3
arxiv_nomic_100k,3,320,source_train,F3
arxiv_nomic_100k,3,322,source_train,F3
arxiv_nomic_100k,3,323,source_train,F3
arxiv_nomic_100k,3,334,source_train,F3
arxiv_nomic_100k,3,335,source_train,F3
arxiv_nomic_100k,3,343,source_train,F3
arxiv_nomic_100k,3,346,source_train,F3
arxiv_nomic_100k,3,358,source_train,F3
arxiv_nomic_100k,3,363,source_train,F3
arxiv_nomic_100k,3,364,source_train,F3
arxiv_nomic_100k,3,366,source_train,F3
arxiv_nomic_100k,3,369,source_train,F3
arxiv_nomic_100k,3,373,source_train,F3
arxiv_nomic_100k,3,374,source_train,F3
arxiv_nomic_100k,3,377,source_train,F3
arxiv_nomic_100k,3,382,source_train,F3
arxiv_nomic_100k,3,389,source_train,F3
arxiv_nomic_100k,3,393,source_train,F3
arxiv_nomic_100k,3,394,source_train,F3
arxiv_nomic_100k,3,397,source_train,F3
arxiv_nomic_100k,3,409,source_train,F3
arxiv_nomic_100k,3,413,source_train,F3
arxiv_nomic_100k,3,417,source_train,F3
arxiv_nomic_100k,3,425,source_train,F3
arxiv_nomic_100k,3,428,source_train,F3
arxiv_nomic_100k,3,434,source_train,F3
arxiv_nomic_100k,3,436,source_train,F3
arxiv_nomic_100k,3,437,source_train,F3
arxiv_nomic_100k,3,442,source_train,F3
arxiv_nomic_100k,3,444,source_train,F3
arxiv_nomic_100k,3,446,source_train,F3
arxiv_nomic_100k,3,450,source_train,F3
arxiv_nomic_100k,3,453,source_train,F3
arxiv_nomic_100k,3,455,source_train,F3
arxiv_nomic_100k,3,471,source_train,F3
arxiv_nomic_100k,3,473,source_train,F3
arxiv_nomic_100k,3,474,source_train,F3
arxiv_nomic_100k,3,476,source_train,F3
arxiv_nomic_100k,3,478,source_train,F3
arxiv_nomic_100k,3,487,source_train,F3
arxiv_nomic_100k,3,499,source_train,F3
arxiv_nomic_100k,3,502,source_train,F3
arxiv_nomic_100k,3,503,source_train,F3
arxiv_nomic_100k,3,506,source_train,F3
arxiv_nomic_100k,3,512,source_train,F3
arxiv_nomic_100k,3,513,source_train,F3
arxiv_nomic_100k,3,514,source_train,F3
arxiv_nomic_100k,3,519,source_train,F3
arxiv_nomic_100k,3,520,source_train,F3
arxiv_nomic_100k,3,521,source_train,F3
arxiv_nomic_100k,3,530,source_train,F3
arxiv_nomic_100k,3,532,source_train,F3
arxiv_nomic_100k,3,534,source_train,F3
arxiv_nomic_100k,3,540,source_train,F3
arxiv_nomic_100k,3,542,source_train,F3
arxiv_nomic_100k,3,545,source_train,F3
arxiv_nomic_100k,3,554,source_train,F3
arxiv_nomic_100k,3,556,source_train,F3
arxiv_nomic_100k,3,564,source_train,F3
arxiv_nomic_100k,3,571,source_train,F3
arxiv_nomic_100k,3,574,source_train,F3
arxiv_nomic_100k,3,587,source_train,F3
arxiv_nomic_100k,3,590,source_train,F3
arxiv_nomic_100k,3,593,source_train,F3
arxiv_nomic_100k,3,596,source_train,F3
arxiv_nomic_100k,3,602,source_train,F3
arxiv_nomic_100k,3,611,source_train,F3
arxiv_nomic_100k,3,612,source_train,F3
arxiv_nomic_100k,3,621,source_train,F3
arxiv_nomic_100k,3,623,source_train,F3
arxiv_nomic_100k,3,626,source_train,F3
arxiv_nomic_100k,3,627,source_train,F3
arxiv_nomic_100k,3,630,source_train,F3
arxiv_nomic_100k,3,632,source_train,F3
arxiv_nomic_100k,3,635,source_train,F3
arxiv_nomic_100k,3,637,source_train,F3
arxiv_nomic_100k,3,646,source_train,F3
arxiv_nomic_100k,3,649,source_train,F3
arxiv_nomic_100k,3,651,source_train,F3
arxiv_nomic_100k,3,657,source_train,F3
arxiv_nomic_100k,3,663,source_train,F3
arxiv_nomic_100k,3,665,source_train,F3
arxiv_nomic_100k,3,675,source_train,F3
arxiv_nomic_100k,3,677,source_train,F3
arxiv_nomic_100k,3,683,source_train,F3
arxiv_nomic_100k,3,685,source_train,F3
arxiv_nomic_100k,3,691,source_train,F3
arxiv_nomic_100k,3,699,source_train,F3
arxiv_nomic_100k,3,704,source_train,F3
arxiv_nomic_100k,3,706,source_train,F3
arxiv_nomic_100k,3,709,source_train,F3
arxiv_nomic_100k,3,710,source_train,F3
arxiv_nomic_100k,3,716,source_train,F3
arxiv_nomic_100k,3,717,source_train,F3
arxiv_nomic_100k,3,720,source_train,F3
arxiv_nomic_100k,3,722,source_train,F3
arxiv_nomic_100k,3,731,source_train,F3
arxiv_nomic_100k,3,736,source_train,F3
arxiv_nomic_100k,3,743,source_train,F3
arxiv_nomic_100k,3,746,source_train,F3
arxiv_nomic_100k,3,747,source_train,F3
arxiv_nomic_100k,3,751,source_train,F3
arxiv_nomic_100k,3,754,source_train,F3
arxiv_nomic_100k,3,755,source_train,F3
arxiv_nomic_100k,3,760,source_train,F3
arxiv_nomic_100k,3,764,source_train,F3
arxiv_nomic_100k,3,767,source_train,F3
arxiv_nomic_100k,3,769,source_train,F3
arxiv_nomic_100k,3,776,source_train,F3
arxiv_nomic_100k,3,779,source_train,F3
arxiv_nomic_100k,3,780,source_train,F3
arxiv_nomic_100k,3,781,source_train,F3
arxiv_nomic_100k,3,782,source_train,F3
arxiv_nomic_100k,3,789,source_train,F3
arxiv_nomic_100k,3,791,source_train,F3
arxiv_nomic_100k,3,792,source_train,F3
arxiv_nomic_100k,3,793,source_train,F3
arxiv_nomic_100k,3,794,source_train,F3
arxiv_nomic_100k,3,796,source_train,F3
arxiv_nomic_100k,3,799,source_train,F3
arxiv_nomic_100k,3,803,source_train,F3
arxiv_nomic_100k,3,804,source_train,F3
arxiv_nomic_100k,3,805,source_train,F3
arxiv_nomic_100k,3,814,source_train,F3
arxiv_nomic_100k,3,816,source_train,F3
arxiv_nomic_100k,3,819,source_train,F3
arxiv_nomic_100k,3,824,source_train,F3
arxiv_nomic_100k,3,827,source_train,F3
arxiv_nomic_100k,3,829,source_train,F3
arxiv_nomic_100k,3,833,source_train,F3
arxiv_nomic_100k,3,838,source_train,F3
arxiv_nomic_100k,3,842,source_train,F3
arxiv_nomic_100k,3,845,source_train,F3
arxiv_nomic_100k,3,857,source_train,F3
arxiv_nomic_100k,3,858,source_train,F3
arxiv_nomic_100k,3,860,source_train,F3
arxiv_nomic_100k,3,862,source_train,F3
arxiv_nomic_100k,3,864,source_train,F3
arxiv_nomic_100k,3,865,source_train,F3
arxiv_nomic_100k,3,866,source_train,F3
arxiv_nomic_100k,3,867,source_train,F3
arxiv_nomic_100k,3,868,source_train,F3
arxiv_nomic_100k,3,871,source_train,F3
arxiv_nomic_100k,3,872,source_train,F3
arxiv_nomic_100k,3,876,source_train,F3
arxiv_nomic_100k,3,878,source_train,F3
arxiv_nomic_100k,3,886,source_train,F3
arxiv_nomic_100k,3,889,source_train,F3
arxiv_nomic_100k,3,894,source_train,F3
arxiv_nomic_100k,3,896,source_train,F3
arxiv_nomic_100k,3,901,source_train,F3
arxiv_nomic_100k,3,904,source_train,F3
arxiv_nomic_100k,3,905,source_train,F3
arxiv_nomic_100k,3,915,source_train,F3
arxiv_nomic_100k,3,917,source_train,F3
arxiv_nomic_100k,3,918,source_train,F3
arxiv_nomic_100k,3,919,source_train,F3
arxiv_nomic_100k,3,920,source_train,F3
arxiv_nomic_100k,3,935,source_train,F3
arxiv_nomic_100k,3,936,source_train,F3
arxiv_nomic_100k,3,943,source_train,F3
arxiv_nomic_100k,3,944,source_train,F3
arxiv_nomic_100k,3,946,source_train,F3
arxiv_nomic_100k,3,947,source_train,F3
arxiv_nomic_100k,3,955,source_train,F3
arxiv_nomic_100k,3,962,source_train,F3
arxiv_nomic_100k,3,964,source_train,F3
arxiv_nomic_100k,3,966,source_train,F3
arxiv_nomic_100k,3,972,source_train,F3
arxiv_nomic_100k,3,978,source_train,F3
arxiv_nomic_100k,3,983,source_train,F3
arxiv_nomic_100k,3,986,source_train,F3
arxiv_nomic_100k,3,990,source_train,F3
arxiv_nomic_100k,3,995,source_train,F3
arxiv_nomic_100k,3,996,source_train,F3
arxiv_nomic_100k,3,997,source_train,F3
arxiv_nomic_100k,3,9,source_calibration,F0
arxiv_nomic_100k,3,19,source_calibration,F0
arxiv_nomic_100k,3,20,source_calibration,F0
arxiv_nomic_100k,3,21,source_calibration,F0
arxiv_nomic_100k,3,26,source_calibration,F0
arxiv_nomic_100k,3,28,source_calibration,F0
arxiv_nomic_100k,3,30,source_calibration,F0
arxiv_nomic_100k,3,33,source_calibration,F0
arxiv_nomic_100k,3,39,source_calibration,F0
arxiv_nomic_100k,3,41,source_calibration,F0
arxiv_nomic_100k,3,45,source_calibration,F0
arxiv_nomic_100k,3,47,source_calibration,F0
arxiv_nomic_100k,3,70,source_calibration,F0
arxiv_nomic_100k,3,76,source_calibration,F0
arxiv_nomic_100k,3,80,source_calibration,F0
arxiv_nomic_100k,3,81,source_calibration,F0
arxiv_nomic_100k,3,84,source_calibration,F0
arxiv_nomic_100k,3,89,source_calibration,F0
arxiv_nomic_100k,3,94,source_calibration,F0
arxiv_nomic_100k,3,100,source_calibration,F0
arxiv_nomic_100k,3,103,source_calibration,F0
arxiv_nomic_100k,3,106,source_calibration,F0
arxiv_nomic_100k,3,114,source_calibration,F0
arxiv_nomic_100k,3,115,source_calibration,F0
arxiv_nomic_100k,3,120,source_calibration,F0
arxiv_nomic_100k,3,123,source_calibration,F0
arxiv_nomic_100k,3,124,source_calibration,F0
arxiv_nomic_100k,3,126,source_calibration,F0
arxiv_nomic_100k,3,130,source_calibration,F0
arxiv_nomic_100k,3,131,source_calibration,F0
arxiv_nomic_100k,3,132,source_calibration,F0
arxiv_nomic_100k,3,134,source_calibration,F0
arxiv_nomic_100k,3,137,source_calibration,F0
arxiv_nomic_100k,3,140,source_calibration,F0
arxiv_nomic_100k,3,142,source_calibration,F0
arxiv_nomic_100k,3,143,source_calibration,F0
arxiv_nomic_100k,3,149,source_calibration,F0
arxiv_nomic_100k,3,150,source_calibration,F0
arxiv_nomic_100k,3,151,source_calibration,F0
arxiv_nomic_100k,3,153,source_calibration,F0
arxiv_nomic_100k,3,156,source_calibration,F0
arxiv_nomic_100k,3,157,source_calibration,F0
arxiv_nomic_100k,3,160,source_calibration,F0
arxiv_nomic_100k,3,162,source_calibration,F0
arxiv_nomic_100k,3,164,source_calibration,F0
arxiv_nomic_100k,3,178,source_calibration,F0
arxiv_nomic_100k,3,183,source_calibration,F0
arxiv_nomic_100k,3,184,source_calibration,F0
arxiv_nomic_100k,3,190,source_calibration,F0
arxiv_nomic_100k,3,199,source_calibration,F0
arxiv_nomic_100k,3,200,source_calibration,F0
arxiv_nomic_100k,3,203,source_calibration,F0
arxiv_nomic_100k,3,204,source_calibration,F0
arxiv_nomic_100k,3,206,source_calibration,F0
arxiv_nomic_100k,3,213,source_calibration,F0
arxiv_nomic_100k,3,215,source_calibration,F0
arxiv_nomic_100k,3,222,source_calibration,F0
arxiv_nomic_100k,3,223,source_calibration,F0
arxiv_nomic_100k,3,231,source_calibration,F0
arxiv_nomic_100k,3,233,source_calibration,F0
arxiv_nomic_100k,3,234,source_calibration,F0
arxiv_nomic_100k,3,235,source_calibration,F0
arxiv_nomic_100k,3,240,source_calibration,F0
arxiv_nomic_100k,3,248,source_calibration,F0
arxiv_nomic_100k,3,251,source_calibration,F0
arxiv_nomic_100k,3,252,source_calibration,F0
arxiv_nomic_100k,3,255,source_calibration,F0
arxiv_nomic_100k,3,257,source_calibration,F0
arxiv_nomic_100k,3,258,source_calibration,F0
arxiv_nomic_100k,3,264,source_calibration,F0
arxiv_nomic_100k,3,265,source_calibration,F0
arxiv_nomic_100k,3,266,source_calibration,F0
arxiv_nomic_100k,3,268,source_calibration,F0
arxiv_nomic_100k,3,270,source_calibration,F0
arxiv_nomic_100k,3,273,source_calibration,F0
arxiv_nomic_100k,3,282,source_calibration,F0
arxiv_nomic_100k,3,295,source_calibration,F0
arxiv_nomic_100k,3,297,source_calibration,F0
arxiv_nomic_100k,3,303,source_calibration,F0
arxiv_nomic_100k,3,314,source_calibration,F0
arxiv_nomic_100k,3,315,source_calibration,F0
arxiv_nomic_100k,3,318,source_calibration,F0
arxiv_nomic_100k,3,327,source_calibration,F0
arxiv_nomic_100k,3,332,source_calibration,F0
arxiv_nomic_100k,3,336,source_calibration,F0
arxiv_nomic_100k,3,352,source_calibration,F0
arxiv_nomic_100k,3,356,source_calibration,F0
arxiv_nomic_100k,3,361,source_calibration,F0
arxiv_nomic_100k,3,365,source_calibration,F0
arxiv_nomic_100k,3,368,source_calibration,F0
arxiv_nomic_100k,3,371,source_calibration,F0
arxiv_nomic_100k,3,376,source_calibration,F0
arxiv_nomic_100k,3,381,source_calibration,F0
arxiv_nomic_100k,3,384,source_calibration,F0
arxiv_nomic_100k,3,386,source_calibration,F0
arxiv_nomic_100k,3,390,source_calibration,F0
arxiv_nomic_100k,3,395,source_calibration,F0
arxiv_nomic_100k,3,396,source_calibration,F0
arxiv_nomic_100k,3,398,source_calibration,F0
arxiv_nomic_100k,3,401,source_calibration,F0
arxiv_nomic_100k,3,402,source_calibration,F0
arxiv_nomic_100k,3,403,source_calibration,F0
arxiv_nomic_100k,3,404,source_calibration,F0
arxiv_nomic_100k,3,405,source_calibration,F0
arxiv_nomic_100k,3,410,source_calibration,F0
arxiv_nomic_100k,3,412,source_calibration,F0
arxiv_nomic_100k,3,418,source_calibration,F0
arxiv_nomic_100k,3,419,source_calibration,F0
arxiv_nomic_100k,3,420,source_calibration,F0
arxiv_nomic_100k,3,422,source_calibration,F0
arxiv_nomic_100k,3,424,source_calibration,F0
arxiv_nomic_100k,3,426,source_calibration,F0
arxiv_nomic_100k,3,427,source_calibration,F0
arxiv_nomic_100k,3,430,source_calibration,F0
arxiv_nomic_100k,3,438,source_calibration,F0
arxiv_nomic_100k,3,440,source_calibration,F0
arxiv_nomic_100k,3,448,source_calibration,F0
arxiv_nomic_100k,3,456,source_calibration,F0
arxiv_nomic_100k,3,461,source_calibration,F0
arxiv_nomic_100k,3,463,source_calibration,F0
arxiv_nomic_100k,3,464,source_calibration,F0
arxiv_nomic_100k,3,465,source_calibration,F0
arxiv_nomic_100k,3,466,source_calibration,F0
arxiv_nomic_100k,3,472,source_calibration,F0
arxiv_nomic_100k,3,475,source_calibration,F0
arxiv_nomic_100k,3,484,source_calibration,F0
arxiv_nomic_100k,3,490,source_calibration,F0
arxiv_nomic_100k,3,493,source_calibration,F0
arxiv_nomic_100k,3,496,source_calibration,F0
arxiv_nomic_100k,3,504,source_calibration,F0
arxiv_nomic_100k,3,508,source_calibration,F0
arxiv_nomic_100k,3,509,source_calibration,F0
arxiv_nomic_100k,3,511,source_calibration,F0
arxiv_nomic_100k,3,515,source_calibration,F0
arxiv_nomic_100k,3,517,source_calibration,F0
arxiv_nomic_100k,3,518,source_calibration,F0
arxiv_nomic_100k,3,523,source_calibration,F0
arxiv_nomic_100k,3,524,source_calibration,F0
arxiv_nomic_100k,3,526,source_calibration,F0
arxiv_nomic_100k,3,538,source_calibration,F0
arxiv_nomic_100k,3,539,source_calibration,F0
arxiv_nomic_100k,3,543,source_calibration,F0
arxiv_nomic_100k,3,548,source_calibration,F0
arxiv_nomic_100k,3,549,source_calibration,F0
arxiv_nomic_100k,3,553,source_calibration,F0
arxiv_nomic_100k,3,560,source_calibration,F0
arxiv_nomic_100k,3,562,source_calibration,F0
arxiv_nomic_100k,3,568,source_calibration,F0
arxiv_nomic_100k,3,572,source_calibration,F0
arxiv_nomic_100k,3,573,source_calibration,F0
arxiv_nomic_100k,3,575,source_calibration,F0
arxiv_nomic_100k,3,578,source_calibration,F0
arxiv_nomic_100k,3,583,source_calibration,F0
arxiv_nomic_100k,3,586,source_calibration,F0
arxiv_nomic_100k,3,589,source_calibration,F0
arxiv_nomic_100k,3,601,source_calibration,F0
arxiv_nomic_100k,3,603,source_calibration,F0
arxiv_nomic_100k,3,604,source_calibration,F0
arxiv_nomic_100k,3,610,source_calibration,F0
arxiv_nomic_100k,3,615,source_calibration,F0
arxiv_nomic_100k,3,618,source_calibration,F0
arxiv_nomic_100k,3,619,source_calibration,F0
arxiv_nomic_100k,3,629,source_calibration,F0
arxiv_nomic_100k,3,633,source_calibration,F0
arxiv_nomic_100k,3,636,source_calibration,F0
arxiv_nomic_100k,3,640,source_calibration,F0
arxiv_nomic_100k,3,652,source_calibration,F0
arxiv_nomic_100k,3,653,source_calibration,F0
arxiv_nomic_100k,3,656,source_calibration,F0
arxiv_nomic_100k,3,668,source_calibration,F0
arxiv_nomic_100k,3,669,source_calibration,F0
arxiv_nomic_100k,3,671,source_calibration,F0
arxiv_nomic_100k,3,672,source_calibration,F0
arxiv_nomic_100k,3,676,source_calibration,F0
arxiv_nomic_100k,3,678,source_calibration,F0
arxiv_nomic_100k,3,681,source_calibration,F0
arxiv_nomic_100k,3,684,source_calibration,F0
arxiv_nomic_100k,3,687,source_calibration,F0
arxiv_nomic_100k,3,688,source_calibration,F0
arxiv_nomic_100k,3,690,source_calibration,F0
arxiv_nomic_100k,3,693,source_calibration,F0
arxiv_nomic_100k,3,694,source_calibration,F0
arxiv_nomic_100k,3,698,source_calibration,F0
arxiv_nomic_100k,3,700,source_calibration,F0
arxiv_nomic_100k,3,708,source_calibration,F0
arxiv_nomic_100k,3,712,source_calibration,F0
arxiv_nomic_100k,3,715,source_calibration,F0
arxiv_nomic_100k,3,719,source_calibration,F0
arxiv_nomic_100k,3,721,source_calibration,F0
arxiv_nomic_100k,3,726,source_calibration,F0
arxiv_nomic_100k,3,727,source_calibration,F0
arxiv_nomic_100k,3,732,source_calibration,F0
arxiv_nomic_100k,3,735,source_calibration,F0
arxiv_nomic_100k,3,737,source_calibration,F0
arxiv_nomic_100k,3,741,source_calibration,F0
arxiv_nomic_100k,3,749,source_calibration,F0
arxiv_nomic_100k,3,750,source_calibration,F0
arxiv_nomic_100k,3,753,source_calibration,F0
arxiv_nomic_100k,3,758,source_calibration,F0
arxiv_nomic_100k,3,774,source_calibration,F0
arxiv_nomic_100k,3,777,source_calibration,F0
arxiv_nomic_100k,3,784,source_calibration,F0
arxiv_nomic_100k,3,785,source_calibration,F0
arxiv_nomic_100k,3,787,source_calibration,F0
arxiv_nomic_100k,3,788,source_calibration,F0
arxiv_nomic_100k,3,790,source_calibration,F0
arxiv_nomic_100k,3,798,source_calibration,F0
arxiv_nomic_100k,3,801,source_calibration,F0
arxiv_nomic_100k,3,802,source_calibration,F0
arxiv_nomic_100k,3,808,source_calibration,F0
arxiv_nomic_100k,3,811,source_calibration,F0
arxiv_nomic_100k,3,817,source_calibration,F0
arxiv_nomic_100k,3,818,source_calibration,F0
arxiv_nomic_100k,3,821,source_calibration,F0
arxiv_nomic_100k,3,822,source_calibration,F0
arxiv_nomic_100k,3,823,source_calibration,F0
arxiv_nomic_100k,3,825,source_calibration,F0
arxiv_nomic_100k,3,832,source_calibration,F0
arxiv_nomic_100k,3,837,source_calibration,F0
arxiv_nomic_100k,3,844,source_calibration,F0
arxiv_nomic_100k,3,847,source_calibration,F0
arxiv_nomic_100k,3,848,source_calibration,F0
arxiv_nomic_100k,3,850,source_calibration,F0
arxiv_nomic_100k,3,875,source_calibration,F0
arxiv_nomic_100k,3,877,source_calibration,F0
arxiv_nomic_100k,3,888,source_calibration,F0
arxiv_nomic_100k,3,890,source_calibration,F0
arxiv_nomic_100k,3,893,source_calibration,F0
arxiv_nomic_100k,3,899,source_calibration,F0
arxiv_nomic_100k,3,900,source_calibration,F0
arxiv_nomic_100k,3,907,source_calibration,F0
arxiv_nomic_100k,3,908,source_calibration,F0
arxiv_nomic_100k,3,914,source_calibration,F0
arxiv_nomic_100k,3,916,source_calibration,F0
arxiv_nomic_100k,3,922,source_calibration,F0
arxiv_nomic_100k,3,923,source_calibration,F0
arxiv_nomic_100k,3,924,source_calibration,F0
arxiv_nomic_100k,3,925,source_calibration,F0
arxiv_nomic_100k,3,934,source_calibration,F0
arxiv_nomic_100k,3,937,source_calibration,F0
arxiv_nomic_100k,3,941,source_calibration,F0
arxiv_nomic_100k,3,948,source_calibration,F0
arxiv_nomic_100k,3,950,source_calibration,F0
arxiv_nomic_100k,3,956,source_calibration,F0
arxiv_nomic_100k,3,960,source_calibration,F0
arxiv_nomic_100k,3,968,source_calibration,F0
arxiv_nomic_100k,3,987,source_calibration,F0
arxiv_nomic_100k,3,994,source_calibration,F0
arxiv_nomic_100k,3,998,source_calibration,F0
arxiv_nomic_100k,3,999,source_calibration,F0
arxiv_nomic_100k,3,2,target_sentinel,F1
arxiv_nomic_100k,3,4,target_sentinel,F1
arxiv_nomic_100k,3,5,target_sentinel,F1
arxiv_nomic_100k,3,6,target_sentinel,F1
arxiv_nomic_100k,3,10,target_sentinel,F1
arxiv_nomic_100k,3,14,target_sentinel,F1
arxiv_nomic_100k,3,16,target_sentinel,F1
arxiv_nomic_100k,3,17,target_sentinel,F1
arxiv_nomic_100k,3,23,target_sentinel,F1
arxiv_nomic_100k,3,32,target_sentinel,F1
arxiv_nomic_100k,3,34,target_sentinel,F1
arxiv_nomic_100k,3,38,target_sentinel,F1
arxiv_nomic_100k,3,42,target_sentinel,F1
arxiv_nomic_100k,3,53,target_sentinel,F1
arxiv_nomic_100k,3,56,target_sentinel,F1
arxiv_nomic_100k,3,61,target_sentinel,F1
arxiv_nomic_100k,3,62,target_sentinel,F1
arxiv_nomic_100k,3,64,target_sentinel,F1
arxiv_nomic_100k,3,65,target_sentinel,F1
arxiv_nomic_100k,3,68,target_sentinel,F1
arxiv_nomic_100k,3,72,target_sentinel,F1
arxiv_nomic_100k,3,74,target_sentinel,F1
arxiv_nomic_100k,3,77,target_sentinel,F1
arxiv_nomic_100k,3,86,target_sentinel,F1
arxiv_nomic_100k,3,87,target_sentinel,F1
arxiv_nomic_100k,3,92,target_sentinel,F1
arxiv_nomic_100k,3,98,target_sentinel,F1
arxiv_nomic_100k,3,102,target_sentinel,F1
arxiv_nomic_100k,3,111,target_sentinel,F1
arxiv_nomic_100k,3,116,target_sentinel,F1
arxiv_nomic_100k,3,118,target_sentinel,F1
arxiv_nomic_100k,3,127,target_sentinel,F1
arxiv_nomic_100k,3,128,target_sentinel,F1
arxiv_nomic_100k,3,129,target_sentinel,F1
arxiv_nomic_100k,3,135,target_sentinel,F1
arxiv_nomic_100k,3,136,target_sentinel,F1
arxiv_nomic_100k,3,144,target_sentinel,F1
arxiv_nomic_100k,3,147,target_sentinel,F1
arxiv_nomic_100k,3,154,target_sentinel,F1
arxiv_nomic_100k,3,165,target_sentinel,F1
arxiv_nomic_100k,3,173,target_sentinel,F1
arxiv_nomic_100k,3,175,target_sentinel,F1
arxiv_nomic_100k,3,176,target_sentinel,F1
arxiv_nomic_100k,3,180,target_sentinel,F1
arxiv_nomic_100k,3,187,target_sentinel,F1
arxiv_nomic_100k,3,189,target_sentinel,F1
arxiv_nomic_100k,3,192,target_sentinel,F1
arxiv_nomic_100k,3,194,target_sentinel,F1
arxiv_nomic_100k,3,198,target_sentinel,F1
arxiv_nomic_100k,3,202,target_sentinel,F1
arxiv_nomic_100k,3,207,target_sentinel,F1
arxiv_nomic_100k,3,224,target_sentinel,F1
arxiv_nomic_100k,3,225,target_sentinel,F1
arxiv_nomic_100k,3,229,target_sentinel,F1
arxiv_nomic_100k,3,230,target_sentinel,F1
arxiv_nomic_100k,3,239,target_sentinel,F1
arxiv_nomic_100k,3,242,target_sentinel,F1
arxiv_nomic_100k,3,250,target_sentinel,F1
arxiv_nomic_100k,3,253,target_sentinel,F1
arxiv_nomic_100k,3,261,target_sentinel,F1
arxiv_nomic_100k,3,262,target_sentinel,F1
arxiv_nomic_100k,3,263,target_sentinel,F1
arxiv_nomic_100k,3,271,target_sentinel,F1
arxiv_nomic_100k,3,278,target_sentinel,F1
arxiv_nomic_100k,3,284,target_sentinel,F1
arxiv_nomic_100k,3,287,target_sentinel,F1
arxiv_nomic_100k,3,292,target_sentinel,F1
arxiv_nomic_100k,3,293,target_sentinel,F1
arxiv_nomic_100k,3,296,target_sentinel,F1
arxiv_nomic_100k,3,298,target_sentinel,F1
arxiv_nomic_100k,3,306,target_sentinel,F1
arxiv_nomic_100k,3,311,target_sentinel,F1
arxiv_nomic_100k,3,312,target_sentinel,F1
arxiv_nomic_100k,3,319,target_sentinel,F1
arxiv_nomic_100k,3,324,target_sentinel,F1
arxiv_nomic_100k,3,325,target_sentinel,F1
arxiv_nomic_100k,3,328,target_sentinel,F1
arxiv_nomic_100k,3,330,target_sentinel,F1
arxiv_nomic_100k,3,331,target_sentinel,F1
arxiv_nomic_100k,3,337,target_sentinel,F1
arxiv_nomic_100k,3,338,target_sentinel,F1
arxiv_nomic_100k,3,341,target_sentinel,F1
arxiv_nomic_100k,3,342,target_sentinel,F1
arxiv_nomic_100k,3,344,target_sentinel,F1
arxiv_nomic_100k,3,347,target_sentinel,F1
arxiv_nomic_100k,3,348,target_sentinel,F1
arxiv_nomic_100k,3,349,target_sentinel,F1
arxiv_nomic_100k,3,350,target_sentinel,F1
arxiv_nomic_100k,3,351,target_sentinel,F1
arxiv_nomic_100k,3,353,target_sentinel,F1
arxiv_nomic_100k,3,359,target_sentinel,F1
arxiv_nomic_100k,3,360,target_sentinel,F1
arxiv_nomic_100k,3,362,target_sentinel,F1
arxiv_nomic_100k,3,372,target_sentinel,F1
arxiv_nomic_100k,3,380,target_sentinel,F1
arxiv_nomic_100k,3,385,target_sentinel,F1
arxiv_nomic_100k,3,387,target_sentinel,F1
arxiv_nomic_100k,3,388,target_sentinel,F1
arxiv_nomic_100k,3,399,target_sentinel,F1
arxiv_nomic_100k,3,414,target_sentinel,F1
arxiv_nomic_100k,3,415,target_sentinel,F1
arxiv_nomic_100k,3,416,target_sentinel,F1
arxiv_nomic_100k,3,421,target_sentinel,F1
arxiv_nomic_100k,3,423,target_sentinel,F1
arxiv_nomic_100k,3,433,target_sentinel,F1
arxiv_nomic_100k,3,435,target_sentinel,F1
arxiv_nomic_100k,3,443,target_sentinel,F1
arxiv_nomic_100k,3,447,target_sentinel,F1
arxiv_nomic_100k,3,449,target_sentinel,F1
arxiv_nomic_100k,3,451,target_sentinel,F1
arxiv_nomic_100k,3,452,target_sentinel,F1
arxiv_nomic_100k,3,457,target_sentinel,F1
arxiv_nomic_100k,3,458,target_sentinel,F1
arxiv_nomic_100k,3,460,target_sentinel,F1
arxiv_nomic_100k,3,462,target_sentinel,F1
arxiv_nomic_100k,3,468,target_sentinel,F1
arxiv_nomic_100k,3,469,target_sentinel,F1
arxiv_nomic_100k,3,470,target_sentinel,F1
arxiv_nomic_100k,3,477,target_sentinel,F1
arxiv_nomic_100k,3,479,target_sentinel,F1
arxiv_nomic_100k,3,481,target_sentinel,F1
arxiv_nomic_100k,3,482,target_sentinel,F1
arxiv_nomic_100k,3,488,target_sentinel,F1
arxiv_nomic_100k,3,489,target_sentinel,F1
arxiv_nomic_100k,3,492,target_sentinel,F1
arxiv_nomic_100k,3,494,target_sentinel,F1
arxiv_nomic_100k,3,495,target_sentinel,F1
arxiv_nomic_100k,3,497,target_sentinel,F1
arxiv_nomic_100k,3,498,target_sentinel,F1
arxiv_nomic_100k,3,516,target_sentinel,F1
arxiv_nomic_100k,3,529,target_sentinel,F1
arxiv_nomic_100k,3,535,target_sentinel,F1
arxiv_nomic_100k,3,541,target_sentinel,F1
arxiv_nomic_100k,3,550,target_sentinel,F1
arxiv_nomic_100k,3,555,target_sentinel,F1
arxiv_nomic_100k,3,558,target_sentinel,F1
arxiv_nomic_100k,3,559,target_sentinel,F1
arxiv_nomic_100k,3,561,target_sentinel,F1
arxiv_nomic_100k,3,565,target_sentinel,F1
arxiv_nomic_100k,3,566,target_sentinel,F1
arxiv_nomic_100k,3,567,target_sentinel,F1
arxiv_nomic_100k,3,569,target_sentinel,F1
arxiv_nomic_100k,3,570,target_sentinel,F1
arxiv_nomic_100k,3,577,target_sentinel,F1
arxiv_nomic_100k,3,579,target_sentinel,F1
arxiv_nomic_100k,3,581,target_sentinel,F1
arxiv_nomic_100k,3,582,target_sentinel,F1
arxiv_nomic_100k,3,585,target_sentinel,F1
arxiv_nomic_100k,3,591,target_sentinel,F1
arxiv_nomic_100k,3,599,target_sentinel,F1
arxiv_nomic_100k,3,600,target_sentinel,F1
arxiv_nomic_100k,3,607,target_sentinel,F1
arxiv_nomic_100k,3,609,target_sentinel,F1
arxiv_nomic_100k,3,613,target_sentinel,F1
arxiv_nomic_100k,3,616,target_sentinel,F1
arxiv_nomic_100k,3,624,target_sentinel,F1
arxiv_nomic_100k,3,631,target_sentinel,F1
arxiv_nomic_100k,3,634,target_sentinel,F1
arxiv_nomic_100k,3,639,target_sentinel,F1
arxiv_nomic_100k,3,643,target_sentinel,F1
arxiv_nomic_100k,3,644,target_sentinel,F1
arxiv_nomic_100k,3,645,target_sentinel,F1
arxiv_nomic_100k,3,647,target_sentinel,F1
arxiv_nomic_100k,3,648,target_sentinel,F1
arxiv_nomic_100k,3,650,target_sentinel,F1
arxiv_nomic_100k,3,654,target_sentinel,F1
arxiv_nomic_100k,3,659,target_sentinel,F1
arxiv_nomic_100k,3,664,target_sentinel,F1
arxiv_nomic_100k,3,674,target_sentinel,F1
arxiv_nomic_100k,3,679,target_sentinel,F1
arxiv_nomic_100k,3,680,target_sentinel,F1
arxiv_nomic_100k,3,682,target_sentinel,F1
arxiv_nomic_100k,3,686,target_sentinel,F1
arxiv_nomic_100k,3,689,target_sentinel,F1
arxiv_nomic_100k,3,695,target_sentinel,F1
arxiv_nomic_100k,3,703,target_sentinel,F1
arxiv_nomic_100k,3,707,target_sentinel,F1
arxiv_nomic_100k,3,714,target_sentinel,F1
arxiv_nomic_100k,3,723,target_sentinel,F1
arxiv_nomic_100k,3,724,target_sentinel,F1
arxiv_nomic_100k,3,728,target_sentinel,F1
arxiv_nomic_100k,3,730,target_sentinel,F1
arxiv_nomic_100k,3,738,target_sentinel,F1
arxiv_nomic_100k,3,739,target_sentinel,F1
arxiv_nomic_100k,3,740,target_sentinel,F1
arxiv_nomic_100k,3,748,target_sentinel,F1
arxiv_nomic_100k,3,756,target_sentinel,F1
arxiv_nomic_100k,3,765,target_sentinel,F1
arxiv_nomic_100k,3,766,target_sentinel,F1
arxiv_nomic_100k,3,768,target_sentinel,F1
arxiv_nomic_100k,3,770,target_sentinel,F1
arxiv_nomic_100k,3,771,target_sentinel,F1
arxiv_nomic_100k,3,773,target_sentinel,F1
arxiv_nomic_100k,3,783,target_sentinel,F1
arxiv_nomic_100k,3,786,target_sentinel,F1
arxiv_nomic_100k,3,800,target_sentinel,F1
arxiv_nomic_100k,3,807,target_sentinel,F1
arxiv_nomic_100k,3,810,target_sentinel,F1
arxiv_nomic_100k,3,813,target_sentinel,F1
arxiv_nomic_100k,3,826,target_sentinel,F1
arxiv_nomic_100k,3,830,target_sentinel,F1
arxiv_nomic_100k,3,831,target_sentinel,F1
arxiv_nomic_100k,3,839,target_sentinel,F1
arxiv_nomic_100k,3,840,target_sentinel,F1
arxiv_nomic_100k,3,841,target_sentinel,F1
arxiv_nomic_100k,3,843,target_sentinel,F1
arxiv_nomic_100k,3,851,target_sentinel,F1
arxiv_nomic_100k,3,853,target_sentinel,F1
arxiv_nomic_100k,3,854,target_sentinel,F1
arxiv_nomic_100k,3,855,target_sentinel,F1
arxiv_nomic_100k,3,856,target_sentinel,F1
arxiv_nomic_100k,3,859,target_sentinel,F1
arxiv_nomic_100k,3,861,target_sentinel,F1
arxiv_nomic_100k,3,863,target_sentinel,F1
arxiv_nomic_100k,3,869,target_sentinel,F1
arxiv_nomic_100k,3,870,target_sentinel,F1
arxiv_nomic_100k,3,874,target_sentinel,F1
arxiv_nomic_100k,3,881,target_sentinel,F1
arxiv_nomic_100k,3,882,target_sentinel,F1
arxiv_nomic_100k,3,883,target_sentinel,F1
arxiv_nomic_100k,3,884,target_sentinel,F1
arxiv_nomic_100k,3,895,target_sentinel,F1
arxiv_nomic_100k,3,898,target_sentinel,F1
arxiv_nomic_100k,3,902,target_sentinel,F1
arxiv_nomic_100k,3,909,target_sentinel,F1
arxiv_nomic_100k,3,912,target_sentinel,F1
arxiv_nomic_100k,3,913,target_sentinel,F1
arxiv_nomic_100k,3,926,target_sentinel,F1
arxiv_nomic_100k,3,929,target_sentinel,F1
arxiv_nomic_100k,3,931,target_sentinel,F1
arxiv_nomic_100k,3,940,target_sentinel,F1
arxiv_nomic_100k,3,945,target_sentinel,F1
arxiv_nomic_100k,3,949,target_sentinel,F1
arxiv_nomic_100k,3,954,target_sentinel,F1
arxiv_nomic_100k,3,963,target_sentinel,F1
arxiv_nomic_100k,3,965,target_sentinel,F1
arxiv_nomic_100k,3,967,target_sentinel,F1
arxiv_nomic_100k,3,969,target_sentinel,F1
arxiv_nomic_100k,3,970,target_sentinel,F1
arxiv_nomic_100k,3,973,target_sentinel,F1
arxiv_nomic_100k,3,977,target_sentinel,F1
arxiv_nomic_100k,3,979,target_sentinel,F1
arxiv_nomic_100k,3,980,target_sentinel,F1
arxiv_nomic_100k,3,981,target_sentinel,F1
arxiv_nomic_100k,3,982,target_sentinel,F1
arxiv_nomic_100k,3,984,target_sentinel,F1
arxiv_nomic_100k,3,985,target_sentinel,F1
arxiv_nomic_100k,3,988,target_sentinel,F1
arxiv_nomic_100k,3,992,target_sentinel,F1
arxiv_nomic_100k,3,993,target_sentinel,F1
arxiv_nomic_100k,3,0,target_evaluation,F2
arxiv_nomic_100k,3,3,target_evaluation,F2
arxiv_nomic_100k,3,7,target_evaluation,F2
arxiv_nomic_100k,3,13,target_evaluation,F2
arxiv_nomic_100k,3,18,target_evaluation,F2
arxiv_nomic_100k,3,25,target_evaluation,F2
arxiv_nomic_100k,3,27,target_evaluation,F2
arxiv_nomic_100k,3,31,target_evaluation,F2
arxiv_nomic_100k,3,35,target_evaluation,F2
arxiv_nomic_100k,3,40,target_evaluation,F2
arxiv_nomic_100k,3,43,target_evaluation,F2
arxiv_nomic_100k,3,44,target_evaluation,F2
arxiv_nomic_100k,3,48,target_evaluation,F2
arxiv_nomic_100k,3,49,target_evaluation,F2
arxiv_nomic_100k,3,50,target_evaluation,F2
arxiv_nomic_100k,3,51,target_evaluation,F2
arxiv_nomic_100k,3,54,target_evaluation,F2
arxiv_nomic_100k,3,55,target_evaluation,F2
arxiv_nomic_100k,3,59,target_evaluation,F2
arxiv_nomic_100k,3,60,target_evaluation,F2
arxiv_nomic_100k,3,63,target_evaluation,F2
arxiv_nomic_100k,3,66,target_evaluation,F2
arxiv_nomic_100k,3,73,target_evaluation,F2
arxiv_nomic_100k,3,75,target_evaluation,F2
arxiv_nomic_100k,3,79,target_evaluation,F2
arxiv_nomic_100k,3,90,target_evaluation,F2
arxiv_nomic_100k,3,93,target_evaluation,F2
arxiv_nomic_100k,3,95,target_evaluation,F2
arxiv_nomic_100k,3,99,target_evaluation,F2
arxiv_nomic_100k,3,104,target_evaluation,F2
arxiv_nomic_100k,3,107,target_evaluation,F2
arxiv_nomic_100k,3,108,target_evaluation,F2
arxiv_nomic_100k,3,110,target_evaluation,F2
arxiv_nomic_100k,3,112,target_evaluation,F2
arxiv_nomic_100k,3,113,target_evaluation,F2
arxiv_nomic_100k,3,117,target_evaluation,F2
arxiv_nomic_100k,3,119,target_evaluation,F2
arxiv_nomic_100k,3,121,target_evaluation,F2
arxiv_nomic_100k,3,125,target_evaluation,F2
arxiv_nomic_100k,3,133,target_evaluation,F2
arxiv_nomic_100k,3,138,target_evaluation,F2
arxiv_nomic_100k,3,139,target_evaluation,F2
arxiv_nomic_100k,3,155,target_evaluation,F2
arxiv_nomic_100k,3,158,target_evaluation,F2
arxiv_nomic_100k,3,159,target_evaluation,F2
arxiv_nomic_100k,3,161,target_evaluation,F2
arxiv_nomic_100k,3,163,target_evaluation,F2
arxiv_nomic_100k,3,167,target_evaluation,F2
arxiv_nomic_100k,3,168,target_evaluation,F2
arxiv_nomic_100k,3,174,target_evaluation,F2
arxiv_nomic_100k,3,177,target_evaluation,F2
arxiv_nomic_100k,3,179,target_evaluation,F2
arxiv_nomic_100k,3,185,target_evaluation,F2
arxiv_nomic_100k,3,188,target_evaluation,F2
arxiv_nomic_100k,3,191,target_evaluation,F2
arxiv_nomic_100k,3,195,target_evaluation,F2
arxiv_nomic_100k,3,196,target_evaluation,F2
arxiv_nomic_100k,3,197,target_evaluation,F2
arxiv_nomic_100k,3,201,target_evaluation,F2
arxiv_nomic_100k,3,205,target_evaluation,F2
arxiv_nomic_100k,3,209,target_evaluation,F2
arxiv_nomic_100k,3,210,target_evaluation,F2
arxiv_nomic_100k,3,214,target_evaluation,F2
arxiv_nomic_100k,3,216,target_evaluation,F2
arxiv_nomic_100k,3,221,target_evaluation,F2
arxiv_nomic_100k,3,226,target_evaluation,F2
arxiv_nomic_100k,3,227,target_evaluation,F2
arxiv_nomic_100k,3,232,target_evaluation,F2
arxiv_nomic_100k,3,238,target_evaluation,F2
arxiv_nomic_100k,3,241,target_evaluation,F2
arxiv_nomic_100k,3,243,target_evaluation,F2
arxiv_nomic_100k,3,246,target_evaluation,F2
arxiv_nomic_100k,3,247,target_evaluation,F2
arxiv_nomic_100k,3,254,target_evaluation,F2
arxiv_nomic_100k,3,256,target_evaluation,F2
arxiv_nomic_100k,3,260,target_evaluation,F2
arxiv_nomic_100k,3,272,target_evaluation,F2
arxiv_nomic_100k,3,274,target_evaluation,F2
arxiv_nomic_100k,3,276,target_evaluation,F2
arxiv_nomic_100k,3,281,target_evaluation,F2
arxiv_nomic_100k,3,283,target_evaluation,F2
arxiv_nomic_100k,3,286,target_evaluation,F2
arxiv_nomic_100k,3,290,target_evaluation,F2
arxiv_nomic_100k,3,294,target_evaluation,F2
arxiv_nomic_100k,3,301,target_evaluation,F2
arxiv_nomic_100k,3,302,target_evaluation,F2
arxiv_nomic_100k,3,308,target_evaluation,F2
arxiv_nomic_100k,3,309,target_evaluation,F2
arxiv_nomic_100k,3,310,target_evaluation,F2
arxiv_nomic_100k,3,317,target_evaluation,F2
arxiv_nomic_100k,3,321,target_evaluation,F2
arxiv_nomic_100k,3,326,target_evaluation,F2
arxiv_nomic_100k,3,329,target_evaluation,F2
arxiv_nomic_100k,3,333,target_evaluation,F2
arxiv_nomic_100k,3,339,target_evaluation,F2
arxiv_nomic_100k,3,340,target_evaluation,F2
arxiv_nomic_100k,3,345,target_evaluation,F2
arxiv_nomic_100k,3,354,target_evaluation,F2
arxiv_nomic_100k,3,355,target_evaluation,F2
arxiv_nomic_100k,3,357,target_evaluation,F2
arxiv_nomic_100k,3,367,target_evaluation,F2
arxiv_nomic_100k,3,370,target_evaluation,F2
arxiv_nomic_100k,3,375,target_evaluation,F2
arxiv_nomic_100k,3,378,target_evaluation,F2
arxiv_nomic_100k,3,379,target_evaluation,F2
arxiv_nomic_100k,3,383,target_evaluation,F2
arxiv_nomic_100k,3,391,target_evaluation,F2
arxiv_nomic_100k,3,392,target_evaluation,F2
arxiv_nomic_100k,3,400,target_evaluation,F2
arxiv_nomic_100k,3,406,target_evaluation,F2
arxiv_nomic_100k,3,407,target_evaluation,F2
arxiv_nomic_100k,3,408,target_evaluation,F2
arxiv_nomic_100k,3,411,target_evaluation,F2
arxiv_nomic_100k,3,429,target_evaluation,F2
arxiv_nomic_100k,3,431,target_evaluation,F2
arxiv_nomic_100k,3,432,target_evaluation,F2
arxiv_nomic_100k,3,439,target_evaluation,F2
arxiv_nomic_100k,3,441,target_evaluation,F2
arxiv_nomic_100k,3,445,target_evaluation,F2
arxiv_nomic_100k,3,454,target_evaluation,F2
arxiv_nomic_100k,3,459,target_evaluation,F2
arxiv_nomic_100k,3,467,target_evaluation,F2
arxiv_nomic_100k,3,480,target_evaluation,F2
arxiv_nomic_100k,3,483,target_evaluation,F2
arxiv_nomic_100k,3,485,target_evaluation,F2
arxiv_nomic_100k,3,486,target_evaluation,F2
arxiv_nomic_100k,3,491,target_evaluation,F2
arxiv_nomic_100k,3,500,target_evaluation,F2
arxiv_nomic_100k,3,501,target_evaluation,F2
arxiv_nomic_100k,3,505,target_evaluation,F2
arxiv_nomic_100k,3,507,target_evaluation,F2
arxiv_nomic_100k,3,510,target_evaluation,F2
arxiv_nomic_100k,3,522,target_evaluation,F2
arxiv_nomic_100k,3,525,target_evaluation,F2
arxiv_nomic_100k,3,527,target_evaluation,F2
arxiv_nomic_100k,3,528,target_evaluation,F2
arxiv_nomic_100k,3,531,target_evaluation,F2
arxiv_nomic_100k,3,533,target_evaluation,F2
arxiv_nomic_100k,3,536,target_evaluation,F2
arxiv_nomic_100k,3,537,target_evaluation,F2
arxiv_nomic_100k,3,544,target_evaluation,F2
arxiv_nomic_100k,3,546,target_evaluation,F2
arxiv_nomic_100k,3,547,target_evaluation,F2
arxiv_nomic_100k,3,551,target_evaluation,F2
arxiv_nomic_100k,3,552,target_evaluation,F2
arxiv_nomic_100k,3,557,target_evaluation,F2
arxiv_nomic_100k,3,563,target_evaluation,F2
arxiv_nomic_100k,3,576,target_evaluation,F2
arxiv_nomic_100k,3,580,target_evaluation,F2
arxiv_nomic_100k,3,584,target_evaluation,F2
arxiv_nomic_100k,3,588,target_evaluation,F2
arxiv_nomic_100k,3,592,target_evaluation,F2
arxiv_nomic_100k,3,594,target_evaluation,F2
arxiv_nomic_100k,3,595,target_evaluation,F2
arxiv_nomic_100k,3,597,target_evaluation,F2
arxiv_nomic_100k,3,598,target_evaluation,F2
arxiv_nomic_100k,3,605,target_evaluation,F2
arxiv_nomic_100k,3,606,target_evaluation,F2
arxiv_nomic_100k,3,608,target_evaluation,F2
arxiv_nomic_100k,3,614,target_evaluation,F2
arxiv_nomic_100k,3,617,target_evaluation,F2
arxiv_nomic_100k,3,620,target_evaluation,F2
arxiv_nomic_100k,3,622,target_evaluation,F2
arxiv_nomic_100k,3,625,target_evaluation,F2
arxiv_nomic_100k,3,628,target_evaluation,F2
arxiv_nomic_100k,3,638,target_evaluation,F2
arxiv_nomic_100k,3,641,target_evaluation,F2
arxiv_nomic_100k,3,642,target_evaluation,F2
arxiv_nomic_100k,3,655,target_evaluation,F2
arxiv_nomic_100k,3,658,target_evaluation,F2
arxiv_nomic_100k,3,660,target_evaluation,F2
arxiv_nomic_100k,3,661,target_evaluation,F2
arxiv_nomic_100k,3,662,target_evaluation,F2
arxiv_nomic_100k,3,666,target_evaluation,F2
arxiv_nomic_100k,3,667,target_evaluation,F2
arxiv_nomic_100k,3,670,target_evaluation,F2
arxiv_nomic_100k,3,673,target_evaluation,F2
arxiv_nomic_100k,3,692,target_evaluation,F2
arxiv_nomic_100k,3,696,target_evaluation,F2
arxiv_nomic_100k,3,697,target_evaluation,F2
arxiv_nomic_100k,3,701,target_evaluation,F2
arxiv_nomic_100k,3,702,target_evaluation,F2
arxiv_nomic_100k,3,705,target_evaluation,F2
arxiv_nomic_100k,3,711,target_evaluation,F2
arxiv_nomic_100k,3,713,target_evaluation,F2
arxiv_nomic_100k,3,718,target_evaluation,F2
arxiv_nomic_100k,3,725,target_evaluation,F2
arxiv_nomic_100k,3,729,target_evaluation,F2
arxiv_nomic_100k,3,733,target_evaluation,F2
arxiv_nomic_100k,3,734,target_evaluation,F2
arxiv_nomic_100k,3,742,target_evaluation,F2
arxiv_nomic_100k,3,744,target_evaluation,F2
arxiv_nomic_100k,3,745,target_evaluation,F2
arxiv_nomic_100k,3,752,target_evaluation,F2
arxiv_nomic_100k,3,757,target_evaluation,F2
arxiv_nomic_100k,3,759,target_evaluation,F2
arxiv_nomic_100k,3,761,target_evaluation,F2
arxiv_nomic_100k,3,762,target_evaluation,F2
arxiv_nomic_100k,3,763,target_evaluation,F2
arxiv_nomic_100k,3,772,target_evaluation,F2
arxiv_nomic_100k,3,775,target_evaluation,F2
arxiv_nomic_100k,3,778,target_evaluation,F2
arxiv_nomic_100k,3,795,target_evaluation,F2
arxiv_nomic_100k,3,797,target_evaluation,F2
arxiv_nomic_100k,3,806,target_evaluation,F2
arxiv_nomic_100k,3,809,target_evaluation,F2
arxiv_nomic_100k,3,812,target_evaluation,F2
arxiv_nomic_100k,3,815,target_evaluation,F2
arxiv_nomic_100k,3,820,target_evaluation,F2
arxiv_nomic_100k,3,828,target_evaluation,F2
arxiv_nomic_100k,3,834,target_evaluation,F2
arxiv_nomic_100k,3,835,target_evaluation,F2
arxiv_nomic_100k,3,836,target_evaluation,F2
arxiv_nomic_100k,3,846,target_evaluation,F2
arxiv_nomic_100k,3,849,target_evaluation,F2
arxiv_nomic_100k,3,852,target_evaluation,F2
arxiv_nomic_100k,3,873,target_evaluation,F2
arxiv_nomic_100k,3,879,target_evaluation,F2
arxiv_nomic_100k,3,880,target_evaluation,F2
arxiv_nomic_100k,3,885,target_evaluation,F2
arxiv_nomic_100k,3,887,target_evaluation,F2
arxiv_nomic_100k,3,891,target_evaluation,F2
arxiv_nomic_100k,3,892,target_evaluation,F2
arxiv_nomic_100k,3,897,target_evaluation,F2
arxiv_nomic_100k,3,903,target_evaluation,F2
arxiv_nomic_100k,3,906,target_evaluation,F2
arxiv_nomic_100k,3,910,target_evaluation,F2
arxiv_nomic_100k,3,911,target_evaluation,F2
arxiv_nomic_100k,3,921,target_evaluation,F2
arxiv_nomic_100k,3,927,target_evaluation,F2
arxiv_nomic_100k,3,928,target_evaluation,F2
arxiv_nomic_100k,3,930,target_evaluation,F2
arxiv_nomic_100k,3,932,target_evaluation,F2
arxiv_nomic_100k,3,933,target_evaluation,F2
arxiv_nomic_100k,3,938,target_evaluation,F2
arxiv_nomic_100k,3,939,target_evaluation,F2
arxiv_nomic_100k,3,942,target_evaluation,F2
arxiv_nomic_100k,3,951,target_evaluation,F2
arxiv_nomic_100k,3,952,target_evaluation,F2
arxiv_nomic_100k,3,953,target_evaluation,F2
arxiv_nomic_100k,3,957,target_evaluation,F2
arxiv_nomic_100k,3,958,target_evaluation,F2
arxiv_nomic_100k,3,959,target_evaluation,F2
arxiv_nomic_100k,3,961,target_evaluation,F2
arxiv_nomic_100k,3,971,target_evaluation,F2
arxiv_nomic_100k,3,974,target_evaluation,F2
arxiv_nomic_100k,3,975,target_evaluation,F2
arxiv_nomic_100k,3,976,target_evaluation,F2
arxiv_nomic_100k,3,989,target_evaluation,F2
arxiv_nomic_100k,3,991,target_evaluation,F2
