query_id,checkpoint,topk_churn,kth_distance_improvement,frontier_kth_gap,candidate_queue_size,top_candidates_size,new_visited,ndc,recall_at_10,safe_label
0,16,1,0,-0.300464,377,256,415,497,0.2,0
0,48,0.8,0.104795,-0.122064,608,256,714,1211,0.6,0
0,128,0.2,0.0554608,-0.0799048,709,256,1784,2995,0.7,0
1,16,1,0,-0.282724,353,256,375,500,0,0
1,48,1,0.179863,-0.13439,633,256,695,1195,0.6,0
1,128,0.4,0.0441783,-0.0827664,705,256,1510,2705,0.7,0
2,16,1,0,-0.213172,394,256,441,507,0.1,0
2,48,0.7,0.106767,-0.142669,623,256,769,1276,0.3,0
2,128,0.7,0.0628923,-0.146512,785,256,1851,3127,0.4,0
3,16,1,0,-0.254842,374,256,425,487,0.2,0
3,48,0.6,0.106374,-0.122563,569,256,646,1133,0.5,0
3,128,0.4,0.072253,-0.0445034,729,256,1070,2203,0.9,1
4,16,1,0,-0.338129,354,256,393,504,0.1,0
4,48,0.8,0.138142,-0.145824,561,256,690,1194,0.8,0
4,128,0.2,0.0530598,-0.0801964,618,256,1589,2783,1,1
5,16,1,0,-0.332332,300,256,336,416,1,1
5,48,0,0.165269,-0.150259,477,256,474,890,1,1
5,128,0,0.0219462,-0.128648,465,256,777,1667,1,1
6,16,1,0,-0.262971,359,256,416,524,0.4,0
6,48,0.3,0.098068,-0.118119,500,256,562,1086,0.7,0
6,128,0.3,0.0572554,-0.0479631,594,256,1687,2773,1,1
7,16,1,0,-0.286482,390,256,421,485,0,0
7,48,0.9,0.146612,-0.15729,673,256,752,1237,0.8,0
7,128,0,0.0464702,-0.0445544,744,256,1663,2900,0.8,0
8,16,1,0,-0.390268,286,256,310,406,0.9,1
8,48,0.1,0.146519,-0.203212,394,256,400,806,1,1
8,128,0,0.0601488,-0.0612638,424,256,1168,1974,1,1
9,16,1,0,-0.444755,321,256,339,421,0.5,0
9,48,0.5,0.172224,-0.168639,577,256,540,961,1,1
9,128,0,0.0431799,-0.113459,629,256,1254,2215,1,1
10,16,1,0,-0.610988,341,256,358,444,0.4,0
10,48,0.6,0.198323,-0.186713,627,256,607,1051,1,1
10,128,0,0.0522611,-0.123507,684,256,1368,2419,1,1
11,16,1,0,-0.303094,350,256,409,535,1,1
11,48,0,0.114284,-0.147603,501,256,623,1158,1,1
11,128,0,0.0319382,-0.0524726,502,256,1416,2574,1,1
12,16,1,0,-0.252251,319,256,350,462,0.3,0
12,48,0.7,0.147491,-0.148384,592,256,710,1172,0.5,0
12,128,0.4,0.0455599,-0.0663686,671,256,1616,2788,0.8,0
13,16,1,0,-0.258616,345,256,377,446,0.2,0
13,48,0.3,0.110799,-0.11545,561,256,794,1240,0.3,0
13,128,0.6,0.0501512,-0.0342386,691,256,1788,3028,0.7,0
14,16,1,0,-0.289568,308,256,348,487,0.8,0
14,48,0.2,0.127796,-0.151259,481,256,583,1070,0.9,1
14,128,0,0.0320529,-0.0651828,482,256,1220,2290,0.9,1
15,16,1,0,-0.224768,385,256,412,489,0.2,0
15,48,0.5,0.11568,-0.12208,610,256,701,1190,0.5,0
15,128,0.3,0.0516723,-0.0357888,709,256,1689,2879,0.6,0
16,16,1,0,-0.270678,320,256,339,421,0.3,0
16,48,0.7,0.153922,-0.138581,600,256,705,1126,0.8,0
16,128,0.1,0.0543257,-0.0554423,713,256,1715,2841,0.9,1
17,16,1,0,-0.239356,299,256,319,414,0.1,0
17,48,0.8,0.16206,-0.136756,578,256,742,1156,0.1,0
17,128,0.6,0.0608982,-0.136346,701,256,1710,2866,0.4,0
18,16,1,0,-0.425133,280,256,295,401,0.8,0
18,48,0.2,0.171319,-0.162562,440,256,595,996,1,1
18,128,0,0.0478433,-0.0621673,466,256,1371,2367,1,1
19,16,1,0,-0.30384,315,256,334,470,0.7,0
19,48,0.1,0.143262,-0.131473,511,256,637,1107,0.8,0
19,128,0.2,0.0430811,-0.0531943,567,256,1541,2648,0.9,1
20,16,1,0,-0.245894,351,256,392,476,0,0
20,48,1,0.113773,-0.127892,599,256,771,1247,0.4,0
20,128,0.2,0.0506955,-0.0431252,689,256,1740,2987,0.5,0
21,16,1,0,-0.287141,339,256,383,446,0.7,0
21,48,0.3,0.121267,-0.137313,510,256,580,1026,1,1
21,128,0,0.0356412,-0.0475728,520,256,1337,2363,1,1
22,16,1,0,-0.355974,333,256,365,441,0.6,0
22,48,0.2,0.132353,-0.147743,508,256,615,1056,0.8,0
22,128,0.2,0.0326756,-0.0595213,513,256,1331,2387,1,1
23,16,1,0,-0.259853,376,256,429,540,0,0
23,48,1,0.13473,-0.195983,654,256,690,1230,0.7,0
23,128,0.2,0.0503735,-0.0502747,726,256,1508,2738,0.7,0
24,16,1,0,-0.331916,296,256,317,438,0.8,0
24,48,0.2,0.159659,-0.136485,439,256,450,888,1,1
24,128,0,0.019738,-0.0632596,419,256,1031,1919,1,1
25,16,1,0,-0.265705,346,256,384,463,0,0
25,48,0.9,0.122317,-0.11576,565,256,640,1103,0.6,0
25,128,0.2,0.0526961,-0.0401846,646,256,1491,2594,0.8,0
26,16,1,0,-0.383487,276,256,293,372,0.9,1
26,48,0.1,0.133553,-0.21846,393,256,437,809,1,1
26,128,0,0.0452268,-0.0829321,383,256,1016,1825,1,1
27,16,1,0,-0.340305,275,256,294,433,0.9,1
27,48,0.1,0.162462,-0.149516,428,256,523,956,1,1
27,128,0,0.0305066,-0.0879146,434,256,1120,2076,1,1
28,16,1,0,-0.500129,315,256,334,386,1,1
28,48,0,0.21068,-0.208392,513,256,461,847,1,1
28,128,0,0.0366347,-0.0672532,513,256,960,1807,1,1
29,16,1,0,-0.600198,375,256,395,490,0.6,0
29,48,0.4,0.195047,-0.201734,636,256,558,1048,1,1
29,128,0,0.0567856,-0.0673626,682,256,1299,2347,1,1
30,16,1,0,-0.224523,381,256,434,530,0.1,0
30,48,0.4,0.102194,-0.106685,594,256,781,1311,0.2,0
30,128,0.6,0.0503417,-0.0388158,665,256,1621,2932,0.8,0
31,16,1,0,-0.289204,374,256,424,504,0.7,0
31,48,0.2,0.126247,-0.139687,534,256,686,1190,0.9,1
31,128,0.1,0.0190083,-0.0603424,518,256,1254,2444,1,1
32,16,1,0,-0.282625,325,256,376,477,0.5,0
32,48,0.3,0.147112,-0.204658,530,256,513,990,0.7,0
32,128,0.3,0.0443387,-0.0449228,584,256,1159,2149,0.9,1
33,16,1,0,-0.636013,249,256,264,407,1,1
33,48,0,0.305993,-0.382566,376,256,409,816,1,1
33,128,0,0.0709689,-0.123935,375,256,991,1807,1,1
34,16,1,0,-0.347448,300,256,317,398,0.4,0
34,48,0.4,0.160158,-0.131227,521,256,508,906,0.6,0
34,128,0.2,0.0443566,-0.0521032,555,256,1174,2080,0.8,0
35,16,1,0,-0.26083,365,256,407,515,0.1,0
35,48,0.7,0.0987796,-0.114242,576,256,738,1253,0.4,0
35,128,0.4,0.0507442,-0.0405137,685,256,1549,2802,0.7,0
36,16,1,0,-0.31617,268,256,289,385,0.6,0
36,48,0.3,0.154368,-0.184101,434,256,429,814,0.9,1
36,128,0.1,0.032667,-0.0516934,442,256,970,1784,1,1
37,16,1,0,-0.621623,268,256,284,348,1,1
37,48,0,0.194649,-0.323569,422,256,383,731,1,1
37,128,0,0.0546166,-0.118512,429,256,945,1676,1,1
38,16,1,0,-0.238916,346,256,380,434,0.1,0
38,48,0.7,0.116157,-0.149634,556,256,640,1074,0.5,0
38,128,0.4,0.0557203,-0.0412489,652,256,1290,2364,0.8,0
39,16,1,0,-0.30375,325,256,365,451,0.9,1
39,48,0.1,0.115423,-0.162909,459,256,541,992,1,1
39,128,0,0.0409675,-0.054362,479,256,1343,2335,1,1
40,16,1,0,-0.255929,353,256,391,498,0.7,0
40,48,0.3,0.119553,-0.116145,541,256,660,1158,1,1
40,128,0,0.0345356,-0.0411463,575,256,1348,2506,1,1
41,16,1,0,-0.266592,304,256,327,442,0.4,0
41,48,0.4,0.128926,-0.264358,527,256,575,1017,0.7,0
41,128,0.3,0.0429756,-0.044398,585,256,1335,2352,0.9,1
42,16,1,0,-0.343563,318,256,349,449,1,1
42,48,0,0.111057,-0.140676,450,256,521,970,1,1
42,128,0,0.0236695,-0.0563245,442,256,1175,2145,1,1
43,16,1,0,-0.366839,289,256,309,404,0.7,0
43,48,0.1,0.140821,-0.138491,486,256,658,1062,0.8,0
43,128,0.1,0.0480199,-0.0462323,571,256,1608,2670,0.9,1
44,16,1,0,-0.283855,376,256,422,484,0.5,0
44,48,0.4,0.11663,-0.121663,574,256,608,1092,0.9,1
44,128,0.1,0.029675,-0.047126,591,256,1150,2242,1,1
45,16,1,0,-0.432531,300,256,317,390,1,1
45,48,0,0.19739,-0.218436,468,256,461,851,1,1
45,128,0,0.0439839,-0.0846124,468,256,1040,1891,1,1
46,16,1,0,-0.272168,352,256,386,461,0.2,0
46,48,0.3,0.111384,-0.192009,545,256,708,1169,0.4,0
46,128,0.3,0.0430907,-0.0432824,597,256,1725,2894,0.6,0
47,16,1,0,-0.618572,270,256,287,383,1,1
47,48,0,0.305039,-0.328616,409,256,455,838,1,1
47,128,0,0.0614717,-0.140351,384,256,1124,1962,1,1
48,16,1,0,-0.487952,352,256,383,463,0.6,0
48,48,0.4,0.124737,-0.145887,544,256,503,966,1,1
48,128,0,0.0362675,-0.0488779,571,256,1201,2167,1,1
49,16,1,0,-0.253976,348,256,412,508,0.8,0
49,48,0.2,0.0837098,-0.133701,484,256,639,1147,0.9,1
49,128,0,0.030956,-0.0557724,500,256,1400,2547,0.9,1
50,16,1,0,-0.417391,250,256,265,339,1,1
50,48,0,0.201827,-0.175392,418,256,414,753,1,1
50,128,0,0.0428069,-0.0606064,429,256,1075,1828,1,1
51,16,1,0,-0.279071,339,256,376,503,0.4,0
51,48,0.5,0.101536,-0.128716,480,256,601,1104,0.9,1
51,128,0.1,0.039914,-0.0493124,508,256,1325,2429,1,1
52,16,1,0,-0.585727,175,191,190,326,1,1
52,48,0,0.345706,-0.284707,384,256,405,731,1,1
52,128,0,0.0780123,-0.116494,384,256,1042,1773,1,1
53,16,1,0,-0.377972,335,256,350,455,0.9,1
53,48,0.1,0.177573,-0.147624,573,256,543,998,1,1
53,128,0,0.0293129,-0.0616447,589,256,1129,2127,1,1
54,16,1,0,-0.334042,322,256,354,417,1,1
54,48,0,0.129756,-0.15746,434,256,578,995,1,1
54,128,0,0.0214987,-0.0686446,398,256,1126,2121,1,1
55,16,1,0,-0.541661,217,233,232,334,1,1
55,48,0,0.301833,-0.229263,322,256,308,642,1,1
55,128,0,0.0536835,-0.0795932,319,256,987,1629,1,1
56,16,1,0,-0.278472,308,256,343,413,0.1,0
56,48,0.3,0.141711,-0.137666,555,256,760,1173,0.2,0
56,128,0.4,0.0492407,-0.0352809,640,256,1697,2870,0.5,0
57,16,1,0,-0.272273,298,256,319,428,0.3,0
57,48,0.5,0.141272,-0.123539,519,256,698,1126,0.6,0
57,128,0.3,0.0466813,-0.0374924,601,256,1713,2839,0.8,0
58,16,1,0,-0.291191,349,256,393,487,0.8,0
58,48,0.2,0.0875878,-0.181267,442,256,465,952,1,1
58,128,0,0.0383463,-0.0611339,431,256,1218,2170,1,1
59,16,1,0,-0.22956,361,256,394,446,0,0
59,48,0.6,0.104808,-0.140899,585,256,736,1182,0.1,0
59,128,0.7,0.0522878,-0.0545118,732,256,1643,2825,0.4,0
60,16,1,0,-0.319048,377,256,427,522,0.4,0
60,48,0.5,0.128225,-0.137569,608,256,733,1255,0.8,0
60,128,0.1,0.0550009,-0.0442684,696,256,1679,2934,0.9,1
61,16,1,0,-0.379083,315,256,355,447,0.7,0
61,48,0.3,0.143986,-0.276109,487,256,656,1103,1,1
61,128,0,0.0509523,-0.0559503,522,256,1418,2521,1,1
62,16,1,0,-0.341864,330,256,350,412,0.2,0
62,48,0.5,0.136625,-0.122505,587,256,717,1129,0.3,0
62,128,0.3,0.0539144,-0.0462468,687,256,1646,2775,0.4,0
63,16,1,0,-0.237972,349,256,379,456,0.4,0
63,48,0.6,0.137794,-0.130207,576,256,693,1149,1,1
63,128,0,0.0383904,-0.0518778,621,256,1504,2653,1,1
64,16,1,0,-0.463009,237,253,252,334,1,1
64,48,0,0.249327,-0.173362,359,256,415,749,1,1
64,128,0,0.0253168,-0.0719668,331,256,812,1561,1,1
65,16,1,0,-0.236874,364,256,411,491,0,0
65,48,1,0.140085,-0.17502,638,256,785,1276,0.4,0
65,128,0.5,0.0519685,-0.0409613,733,256,1601,2877,0.6,0
66,16,1,0,-0.352842,370,256,388,456,0.8,0
66,48,0.1,0.139886,-0.140058,577,256,583,1039,0.9,1
66,128,0.1,0.0376661,-0.0561654,595,256,1262,2301,1,1
67,16,1,0,-0.248045,350,256,417,547,0.5,0
67,48,0.5,0.106754,-0.222568,526,256,732,1279,0.9,1
67,128,0.1,0.0393985,-0.0511513,569,256,1523,2802,1,1
68,16,1,0,-0.388053,371,256,399,492,0.7,0
68,48,0.2,0.124094,-0.125801,565,256,725,1217,0.8,0
68,128,0.2,0.0432585,-0.0428991,614,256,1363,2580,1,1
69,16,1,0,-0.54355,207,223,222,282,1,1
69,48,0,0.244969,-0.191585,394,256,439,721,1,1
69,128,0,0.0408192,-0.0605293,405,256,1257,1978,1,1
70,16,1,0,-0.210835,359,256,399,491,0.1,0
70,48,0.7,0.119917,-0.157644,593,256,728,1219,0.3,0
70,128,0.5,0.0552814,-0.0374833,708,256,1769,2988,0.4,0
71,16,1,0,-0.394253,256,256,271,352,0.7,0
71,48,0.2,0.225032,-0.151855,461,256,562,914,0.8,0
71,128,0.1,0.0517151,-0.0639684,517,256,1302,2216,0.9,1
72,16,1,0,-0.216023,338,256,374,454,0,0
72,48,0.9,0.123266,-0.117645,583,256,688,1142,0.3,0
72,128,0.5,0.0659549,-0.0478378,766,256,1639,2781,0.6,0
73,16,1,0,-0.262887,380,256,434,540,0.7,0
73,48,0.2,0.105252,-0.127207,548,256,744,1284,0.9,1
73,128,0,0.0236081,-0.0512792,541,256,1382,2666,0.9,1
74,16,1,0,-0.234707,370,256,407,514,0,0
74,48,1,0.155024,-0.181388,640,256,676,1190,0.6,0
74,128,0.3,0.0356534,-0.0511624,672,256,1432,2622,0.9,1
75,16,1,0,-0.413427,319,256,336,443,1,1
75,48,0,0.166991,-0.15572,472,256,483,926,1,1
75,128,0,0.0284363,-0.113353,461,256,873,1799,1,1
76,16,1,0,-0.242339,388,256,430,514,0.3,0
76,48,0.7,0.118652,-0.144376,644,256,770,1284,0.7,0
76,128,0.1,0.0603276,-0.0827938,789,256,1778,3062,0.7,0
77,16,1,0,-0.518691,297,256,313,381,1,1
77,48,0,0.210275,-0.27194,455,256,384,765,1,1
77,128,0,0.0407466,-0.107082,429,256,834,1599,1,1
78,16,1,0,-0.254129,336,256,373,456,0.4,0
78,48,0.5,0.132703,-0.130829,549,256,744,1200,0.8,0
78,128,0.1,0.0458836,-0.044277,624,256,1622,2822,0.9,1
79,16,1,0,-0.234893,332,256,372,481,0.5,0
79,48,0.4,0.110938,-0.229943,523,256,777,1258,0.8,0
79,128,0.1,0.0348212,-0.0384027,566,256,1628,2886,0.9,1
80,16,1,0,-0.217497,376,256,432,559,0,0
80,48,0.6,0.119513,-0.115176,630,256,742,1301,0.1,0
80,128,0.8,0.0483468,-0.0481124,734,256,1738,3039,0.6,0
81,16,1,0,-0.285503,402,256,444,498,0,0
81,48,1,0.137655,-0.17526,669,256,711,1209,0.5,0
81,128,0.3,0.0514922,-0.0403845,757,256,1475,2684,0.7,0
82,16,1,0,-0.222873,371,256,410,521,0,0
82,48,0.8,0.104625,-0.13049,586,256,656,1177,0.3,0
82,128,0.5,0.0604264,-0.0443003,710,256,1817,2994,0.7,0
83,16,1,0,-0.285856,342,256,380,477,0.7,0
83,48,0.2,0.10293,-0.167035,491,256,596,1073,0.9,1
83,128,0.1,0.0281979,-0.0663013,490,256,1317,2390,1,1
84,16,1,0,-0.408907,264,256,282,413,0.8,0
84,48,0.1,0.213606,-0.28529,455,256,550,963,0.9,1
84,128,0.1,0.027321,-0.06069,442,256,1191,2154,1,1
85,16,1,0,-0.314241,333,256,352,456,0.7,0
85,48,0.3,0.134313,-0.221675,520,256,556,1012,0.9,1
85,128,0.1,0.0471774,-0.0627175,559,256,1133,2145,1,1
86,16,1,0,-0.30343,349,256,394,526,0.7,0
86,48,0.2,0.11011,-0.131461,549,256,695,1221,0.7,0
86,128,0.3,0.0635056,-0.0436679,649,256,1514,2735,0.9,1
87,16,1,0,-0.392739,411,256,435,515,0.6,0
87,48,0.4,0.142799,-0.170084,633,256,657,1172,1,1
87,128,0,0.0388772,-0.071865,643,256,1227,2399,1,1
88,16,1,0,-0.238774,315,256,351,430,0.6,0
88,48,0.4,0.11754,-0.232647,526,256,603,1033,0.9,1
88,128,0.1,0.0612336,-0.0628383,632,256,1482,2515,0.9,1
89,16,1,0,-0.204415,334,256,389,496,0.1,0
89,48,0.6,0.100045,-0.118868,514,256,736,1232,0.5,0
89,128,0.3,0.0477253,-0.172158,581,256,1669,2901,0.6,0
90,16,1,0,-0.287022,340,256,375,480,0.4,0
90,48,0.5,0.111501,-0.150287,489,256,550,1030,0.7,0
90,128,0.3,0.0432189,-0.0542331,535,256,1356,2386,1,1
91,16,1,0,-0.228581,335,256,382,571,0.3,0
91,48,0.4,0.105705,-0.153023,529,256,599,1170,0.6,0
91,128,0.2,0.0472241,-0.229394,602,256,1555,2725,0.8,0
92,16,1,0,-0.252822,333,256,362,473,0.4,0
92,48,0.4,0.122494,-0.100044,528,256,657,1130,0.7,0
92,128,0.3,0.0462417,-0.0393813,625,256,1778,2908,1,1
93,16,1,0,-0.292586,358,256,432,544,0.7,0
93,48,0.3,0.107889,-0.153507,515,256,679,1223,1,1
93,128,0,0.0260707,-0.0570066,506,256,1335,2558,1,1
94,16,1,0,-0.292394,369,256,424,531,0.3,0
94,48,0.3,0.113531,-0.190209,604,256,828,1359,0.3,0
94,128,0.4,0.0520404,-0.0600689,724,256,1644,3003,0.7,0
95,16,1,0,-0.363561,378,256,407,497,0.4,0
95,48,0.5,0.142971,-0.132968,577,256,680,1177,0.9,1
95,128,0.1,0.0343707,-0.0483501,602,256,1301,2478,1,1
96,16,1,0,-0.322848,371,256,392,487,0.8,0
96,48,0.1,0.10842,-0.150286,537,256,625,1112,0.9,1
96,128,0.1,0.0441636,-0.0627542,583,256,1399,2511,1,1
97,16,1,0,-0.52994,247,256,263,356,1,1
97,48,0,0.243451,-0.236679,362,256,400,756,1,1
97,128,0,0.0457987,-0.0818215,368,256,1255,2011,1,1
98,16,1,0,-0.317911,379,256,402,494,0.6,0
98,48,0.1,0.116295,-0.120047,569,256,724,1218,0.7,0
98,128,0.3,0.0519027,-0.156661,652,256,1567,2785,0.9,1
99,16,1,0,-0.268408,330,256,367,450,0.5,0
99,48,0.3,0.113338,-0.134407,495,256,595,1045,0.8,0
99,128,0.1,0.0427582,-0.0555355,526,256,1474,2519,0.9,1
100,16,1,0,-0.321417,312,256,335,431,0.9,1
100,48,0.1,0.143399,-0.143659,451,256,507,938,1,1
100,128,0,0.0281555,-0.0606162,437,256,1038,1976,1,1
101,16,1,0,-0.320312,290,256,308,417,0.7,0
101,48,0.2,0.135644,-0.147988,465,256,578,995,0.9,1
101,128,0.1,0.0427415,-0.0491695,511,256,1555,2550,1,1
102,16,1,0,-0.235361,332,256,367,455,0,0
102,48,0.4,0.12022,-0.100561,562,256,732,1187,0.1,0
102,128,0.8,0.0617134,-0.0696555,709,256,1567,2754,0.7,0
103,16,1,0,-0.278095,329,256,349,445,0,0
103,48,1,0.147069,-0.171893,572,256,702,1147,0.8,0
103,128,0.2,0.0352973,-0.0398281,610,256,1489,2636,1,1
104,16,1,0,-0.339645,380,256,414,464,0.6,0
104,48,0.4,0.143572,-0.162264,580,256,646,1110,1,1
104,128,0,0.0334026,-0.0592481,581,256,1237,2347,1,1
105,16,1,0,-0.280344,343,256,387,478,0.6,0
105,48,0.2,0.121531,-0.123894,537,256,694,1172,0.7,0
105,128,0.2,0.0478908,-0.043895,602,256,1713,2885,0.9,1
106,16,1,0,-0.229599,344,256,393,491,0.2,0
106,48,0.5,0.113653,-0.104553,540,256,701,1192,0.5,0
106,128,0.4,0.0415498,-0.0439804,628,256,1600,2792,0.7,0
107,16,1,0,-0.254236,387,256,443,518,0,0
107,48,0.5,0.087813,-0.109188,605,256,732,1250,0,0
107,128,0.6,0.0567653,-0.0529158,734,256,1759,3009,0.5,0
108,16,1,0,-0.524462,288,256,310,452,0.9,1
108,48,0.1,0.227512,-0.290208,403,256,506,958,1,1
108,128,0,0.0618708,-0.121761,378,256,1098,2056,1,1
109,16,1,0,-0.394933,262,256,277,422,0.7,0
109,48,0.2,0.246111,-0.134048,429,256,514,936,0.9,1
109,128,0.1,0.0340316,-0.0514584,448,256,1065,2001,1,1
110,16,1,0,-0.293239,295,256,320,431,0.4,0
110,48,0.6,0.136277,-0.130133,492,256,618,1049,0.9,1
110,128,0.1,0.038596,-0.041436,530,256,1260,2309,0.9,1
111,16,1,0,-0.288225,359,256,420,510,0.3,0
111,48,0.3,0.118062,-0.106941,590,256,636,1146,0.5,0
111,128,0.5,0.0458342,-0.0394963,686,256,1736,2882,0.8,0
112,16,1,0,-0.309098,319,256,340,431,0.8,0
112,48,0.2,0.153222,-0.184992,471,256,513,944,1,1
112,128,0,0.0235108,-0.0616466,445,256,717,1661,1,1
113,16,1,0,-0.339166,297,256,314,383,0.6,0
113,48,0.4,0.17671,-0.167231,560,256,605,988,0.9,1
113,128,0.1,0.0578501,-0.048264,657,256,1106,2094,1,1
114,16,1,0,-0.363091,368,256,389,482,0.8,0
114,48,0.2,0.169076,-0.152633,589,256,679,1161,1,1
114,128,0,0.0387172,-0.0546434,604,256,1306,2467,1,1
115,16,1,0,-0.357597,292,256,313,450,0.6,0
115,48,0.2,0.197573,-0.175344,498,256,619,1069,0.7,0
115,128,0.3,0.0382215,-0.0582141,519,256,1136,2205,0.9,1
116,16,1,0,-0.319602,314,256,350,417,0.8,0
116,48,0.2,0.1264,-0.137884,449,256,563,980,1,1
116,128,0,0.034632,-0.0582919,458,256,1269,2249,1,1
117,16,1,0,-0.274614,375,256,420,542,0.7,0
117,48,0.1,0.103579,-0.154881,542,256,693,1235,0.8,0
117,128,0.1,0.0382033,-0.0407349,608,256,1576,2811,0.8,0
118,16,1,0,-0.225911,340,256,378,442,0,0
118,48,1,0.135275,-0.239821,656,256,766,1208,0.7,0
118,128,0.2,0.0661226,-0.103337,831,256,1503,2711,0.9,1
119,16,1,0,-0.649706,224,240,239,355,0.9,1
119,48,0.1,0.530637,-0.197219,387,256,374,729,1,1
119,128,0,0.0275579,-0.0812918,358,256,674,1403,1,1
120,16,1,0,-0.294664,319,256,343,418,0.3,0
120,48,0.4,0.134713,-0.113042,541,256,673,1091,0.5,0
120,128,0.2,0.0467001,-0.0666393,612,256,1603,2694,0.7,0
121,16,1,0,-0.694208,204,220,219,335,1,1
121,48,0,0.520518,-0.280124,321,256,261,596,1,1
121,128,0,0.0399408,-0.135685,276,256,431,1027,1,1
122,16,1,0,-0.294387,365,256,401,495,0.1,0
122,48,0.8,0.135539,-0.175756,589,256,728,1223,0.8,0
122,128,0.2,0.0477984,-0.0444746,625,256,1578,2801,1,1
123,16,1,0,-0.302248,335,256,355,439,0.3,0
123,48,0.7,0.147283,-0.121885,576,256,719,1158,0.6,0
123,128,0.3,0.0512416,-0.0469942,680,256,1645,2803,0.7,0
124,16,1,0,-0.231926,349,256,418,509,0.2,0
124,48,0.5,0.094503,-0.11186,551,256,787,1296,0.5,0
124,128,0.1,0.0446769,-0.0391286,642,256,1810,3106,0.5,0
125,16,1,0,-0.279912,330,256,376,503,0.9,1
125,48,0.1,0.110483,-0.149135,482,256,612,1115,1,1
125,128,0,0.0258231,-0.0528786,472,256,1005,2120,1,1
126,16,1,0,-0.240429,371,256,419,497,0.3,0
126,48,0.2,0.0887055,-0.113682,563,256,720,1217,0.5,0
126,128,0.4,0.0580697,-0.0489767,679,256,1714,2931,0.8,0
127,16,1,0,-0.206296,351,256,392,520,0.2,0
127,48,0.4,0.0995154,-0.154011,561,256,754,1274,0.3,0
127,128,0.7,0.0481606,-0.0547098,671,256,1768,3042,0.8,0
128,16,1,0,-0.224358,375,256,409,505,0,0
128,48,0.2,0.0944734,-0.158846,562,256,649,1154,0,0
128,128,0.7,0.0676102,-0.0705294,733,256,1753,2907,0.4,0
129,16,1,0,-0.326871,316,256,338,472,0.8,0
129,48,0.1,0.128884,-0.150008,491,256,660,1132,0.9,1
129,128,0.1,0.0465819,-0.072872,534,256,1615,2747,1,1
130,16,1,0,-0.227583,369,256,421,509,0,0
130,48,0.9,0.103284,-0.123898,614,256,712,1221,0.1,0
130,128,0.5,0.0484725,-0.041918,730,256,1676,2897,0.2,0
131,16,1,0,-0.376466,263,256,281,410,0.9,1
131,48,0,0.172808,-0.19142,421,256,518,928,0.9,1
131,128,0.1,0.034438,-0.0677035,413,256,976,1904,1,1
132,16,1,0,-0.192931,319,256,355,473,0.3,0
132,48,0.2,0.0834881,-0.0996932,464,256,599,1072,0.3,0
132,128,0.6,0.0579181,-0.0415607,576,256,1601,2673,0.9,1
133,16,1,0,-0.338537,285,256,302,364,0.3,0
133,48,0.5,0.158387,-0.180349,469,256,475,839,0.7,0
133,128,0.3,0.0364748,-0.0691138,485,256,1205,2044,1,1
134,16,1,0,-0.420133,261,256,284,378,1,1
134,48,0,0.180748,-0.170203,416,256,592,970,1,1
134,128,0,0.0413403,-0.054972,426,256,1353,2323,1,1
135,16,1,0,-0.28855,383,256,415,541,0.2,0
135,48,0.6,0.124546,-0.129591,627,256,750,1291,0.2,0
135,128,0.6,0.0376986,-0.0433796,680,256,1723,3014,0.8,0
136,16,1,0,-0.240309,372,256,434,512,0.2,0
136,48,0.6,0.118308,-0.136203,590,256,717,1229,0.7,0
136,128,0.1,0.0411619,-0.0455637,666,256,1775,3004,0.8,0
137,16,1,0,-0.241141,365,256,407,553,0.5,0
137,48,0.2,0.0988674,-0.10045,528,256,671,1224,0.6,0
137,128,0.3,0.0537563,-0.0366097,622,256,1794,3018,0.8,0
138,16,1,0,-0.360755,290,256,317,440,0.8,0
138,48,0.2,0.166853,-0.173768,447,256,514,954,1,1
138,128,0,0.0264221,-0.0624325,432,256,1011,1965,1,1
139,16,1,0,-0.416666,309,256,326,402,1,1
139,48,0,0.182298,-0.178089,523,256,528,930,1,1
139,128,0,0.031409,-0.0690648,511,256,1031,1961,1,1
140,16,1,0,-0.427835,303,256,320,441,0.9,1
140,48,0.1,0.220935,-0.198807,424,256,348,789,1,1
140,128,0,0.0253344,-0.0867127,382,256,655,1444,1,1
141,16,1,0,-0.313355,349,256,385,510,0.9,1
141,48,0.1,0.125646,-0.14588,507,256,668,1178,1,1
141,128,0,0.0445335,-0.0475009,533,256,1529,2707,1,1
142,16,1,0,-0.309193,302,256,326,402,0.8,0
142,48,0.1,0.106754,-0.143983,426,256,492,894,0.9,1
142,128,0.1,0.0437801,-0.0583154,444,256,1189,2083,1,1
143,16,1,0,-0.290671,339,256,390,470,0.9,1
143,48,0,0.108873,-0.161689,492,256,678,1148,0.9,1
143,128,0,0.0515143,-0.0458301,533,256,1585,2733,0.9,1
144,16,1,0,-0.529081,248,256,263,375,1,1
144,48,0,0.260135,-0.24702,351,256,291,666,1,1
144,128,0,0.0199972,-0.112555,301,256,542,1208,1,1
145,16,1,0,-0.336072,357,256,401,505,0.7,0
145,48,0.2,0.144941,-0.121467,565,256,695,1200,0.9,1
145,128,0.1,0.034778,-0.0483603,597,256,1548,2748,1,1
146,16,1,0,-0.289967,326,256,345,421,0.2,0
146,48,0.4,0.147632,-0.111385,533,256,632,1053,0.4,0
146,128,0.4,0.058726,-0.0396498,630,256,1678,2731,0.8,0
147,16,1,0,-0.22889,313,256,336,416,0.1,0
147,48,0.7,0.129577,-0.11017,604,256,705,1121,0.2,0
147,128,0.7,0.0629411,-0.0568509,722,256,1777,2898,0.5,0
148,16,1,0,-0.221343,359,256,407,518,0.2,0
148,48,0.4,0.0877469,-0.170191,543,256,766,1284,0.4,0
148,128,0.2,0.0391023,-0.0394821,602,256,1667,2951,0.6,0
149,16,1,0,-0.339066,352,256,369,445,0.4,0
149,48,0.6,0.151267,-0.131468,569,256,630,1075,0.9,1
149,128,0.1,0.0339039,-0.13815,600,256,1358,2433,0.9,1
150,16,1,0,-0.300953,331,256,372,468,0.8,0
150,48,0.1,0.154018,-0.138271,521,256,684,1152,0.9,1
150,128,0,0.0340014,-0.0523052,540,256,1438,2590,0.9,1
151,16,1,0,-0.54129,236,252,251,369,1,1
151,48,0,0.304398,-0.237313,369,256,440,809,1,1
151,128,0,0.0254608,-0.0991215,329,256,914,1723,1,1
152,16,1,0,-0.266122,335,256,374,503,0.4,0
152,48,0.5,0.115772,-0.157622,509,256,560,1063,0.8,0
152,128,0.2,0.0405582,-0.0534144,532,256,1116,2179,1,1
153,16,1,0,-0.305347,329,256,378,456,0.3,0
153,48,0.5,0.113171,-0.125574,485,256,648,1104,0.5,0
153,128,0.5,0.0546928,-0.0494811,557,256,1535,2639,1,1
154,16,1,0,-0.276679,348,256,399,507,0.7,0
154,48,0.3,0.0929338,-0.133208,509,256,661,1168,1,1
154,128,0,0.039775,-0.0393103,548,256,1534,2702,1,1
155,16,1,0,-0.29406,350,256,398,521,0.4,0
155,48,0.4,0.109422,-0.112288,571,256,726,1247,0.7,0
155,128,0.2,0.0481096,-0.0377358,647,256,1517,2764,0.9,1
156,16,1,0,-0.330741,293,256,312,449,0.9,1
156,48,0.1,0.159404,-0.156878,410,256,425,874,1,1
156,128,0,0.0353454,-0.0675183,396,256,769,1643,1,1
157,16,1,0,-0.298199,367,256,410,506,0,0
157,48,0.8,0.118038,-0.107774,645,256,766,1272,0.1,0
157,128,0.5,0.0512547,-0.407412,756,256,1625,2897,0.4,0
158,16,1,0,-0.360316,371,256,408,495,0.6,0
158,48,0.4,0.120192,-0.130572,604,256,739,1234,0.9,1
158,128,0,0.0422274,-0.0415918,658,256,1577,2811,0.9,1
159,16,1,0,-0.285149,355,256,428,555,0.9,1
159,48,0.1,0.0971389,-0.137201,486,256,709,1264,1,1
159,128,0,0.0270031,-0.0472231,489,256,1468,2732,1,1
160,16,1,0,-0.342351,339,256,375,475,0.9,1
160,48,0,0.115088,-0.218889,479,256,667,1142,0.9,1
160,128,0.1,0.0519889,-0.0567091,520,256,1428,2570,1,1
161,16,1,0,-0.309321,358,256,396,462,0.5,0
161,48,0.4,0.139265,-0.159023,534,256,601,1063,0.8,0
161,128,0.2,0.0457419,-0.0616481,570,256,1261,2324,1,1
162,16,1,0,-0.274361,330,256,358,510,0.4,0
162,48,0.6,0.137523,-0.134265,521,256,645,1155,1,1
162,128,0,0.0411994,-0.0659207,565,256,1511,2666,1,1
163,16,1,0,-0.320728,297,256,318,392,1,1
163,48,0,0.109644,-0.165689,467,256,655,1047,1,1
163,128,0,0.0565656,-0.117494,563,256,1637,2684,1,1
164,16,1,0,-0.375911,318,256,346,441,0.3,0
164,48,0.4,0.140262,-0.149898,571,256,781,1222,0.5,0
164,128,0.5,0.0545645,-0.0352714,686,256,1781,3003,0.8,0
165,16,1,0,-0.24999,404,256,450,514,0.3,0
165,48,0.5,0.10615,-0.10834,617,256,701,1215,0.6,0
165,128,0.3,0.0388446,-0.051599,692,256,1523,2738,0.6,0
166,16,1,0,-0.288216,344,256,381,530,0.4,0
166,48,0.5,0.142626,-0.160744,562,256,670,1200,0.8,0
166,128,0.2,0.0487356,-0.0522621,614,256,1299,2499,1,1
167,16,1,0,-0.33332,290,256,309,399,0.3,0
167,48,0.4,0.161793,-0.117368,479,256,677,1076,0.5,0
167,128,0.4,0.0492393,-0.157793,550,256,1416,2492,0.8,0
168,16,1,0,-0.231993,369,256,439,537,0.2,0
168,48,0.8,0.112609,-0.123672,606,256,773,1310,0.7,0
168,128,0.2,0.0389314,-0.0404784,680,256,1686,2996,0.8,0
169,16,1,0,-0.242048,335,256,360,455,0.3,0
169,48,0.2,0.115588,-0.116809,521,256,668,1123,0.4,0
169,128,0.4,0.0518777,-0.160781,619,256,1712,2835,0.8,0
170,16,1,0,-0.839662,366,256,392,472,0.3,0
170,48,0.7,0.142346,-0.209797,558,256,596,1068,1,1
170,128,0,0.0501208,-0.0550183,582,256,1315,2383,1,1
171,16,1,0,-0.308901,318,256,361,457,0.9,1
171,48,0.1,0.132844,-0.175872,497,256,653,1110,1,1
171,128,0,0.0467453,-0.0504431,542,256,1567,2677,1,1
172,16,1,0,-0.285343,382,256,411,479,0.2,0
172,48,0.6,0.118736,-0.242166,628,256,695,1174,0.6,0
172,128,0.1,0.0459165,-0.0446146,723,256,1550,2724,0.7,0
173,16,1,0,-0.245204,310,256,345,437,0.5,0
173,48,0.5,0.129478,-0.230705,506,256,761,1198,0.9,1
173,128,0,0.0522907,-0.0408828,574,256,1569,2767,0.9,1
174,16,1,0,-0.264984,345,256,386,530,0.3,0
174,48,0.5,0.108628,-0.11237,556,256,741,1271,0.7,0
174,128,0.1,0.0467778,-0.121182,632,256,1688,2959,0.7,0
175,16,1,0,-0.285767,336,256,362,454,0.4,0
175,48,0.3,0.126752,-0.12228,578,256,728,1182,0.4,0
175,128,0.4,0.0471209,-0.0418779,665,256,1594,2776,0.6,0
176,16,1,0,-0.314409,372,256,399,500,0.5,0
176,48,0.3,0.134193,-0.205345,573,256,652,1152,0.8,0
176,128,0.1,0.0403557,-0.0545649,620,256,1478,2630,0.9,1
177,16,1,0,-0.328205,420,256,469,549,0.3,0
177,48,0.5,0.125087,-0.153889,641,256,656,1205,0.8,0
177,128,0,0.0446794,-0.0445757,680,256,1489,2694,0.8,0
178,16,1,0,-0.255168,299,256,325,443,0.5,0
178,48,0.3,0.109332,-0.129921,472,256,579,1022,0.8,0
178,128,0.1,0.0479867,-0.0462731,543,256,1525,2547,0.8,0
179,16,1,0,-0.343143,322,256,344,398,0.3,0
179,48,0.7,0.148676,-0.151183,602,256,724,1122,0.9,1
179,128,0.1,0.0556333,-0.0542688,697,256,1626,2748,1,1
180,16,1,0,-0.23538,345,256,397,473,0.3,0
180,48,0.3,0.103803,-0.15301,547,256,694,1167,0.3,0
180,128,0.4,0.0616882,-0.114425,675,256,1712,2879,0.5,0
181,16,1,0,-0.299016,288,256,305,432,0.5,0
181,48,0.3,0.146269,-0.192449,438,256,436,868,0.8,0
181,128,0.2,0.0377984,-0.0490007,451,256,859,1727,1,1
182,16,1,0,-0.229871,356,256,389,473,0.1,0
182,48,0.8,0.107262,-0.16141,573,256,741,1214,0.4,0
182,128,0.5,0.0634403,-0.0464385,692,256,1773,2987,0.7,0
183,16,1,0,-0.242202,341,256,379,459,0.3,0
183,48,0.6,0.10987,-0.146469,556,256,674,1133,0.7,0
183,128,0.3,0.0423178,-0.0433856,616,256,1627,2760,0.9,1
184,16,1,0,-0.32008,290,256,309,429,1,1
184,48,0,0.133391,-0.151867,434,256,564,993,1,1
184,128,0,0.0285925,-0.0559888,428,256,999,1992,1,1
185,16,1,0,-0.607125,184,200,199,287,1,1
185,48,0,0.307927,-0.333301,315,256,230,517,1,1
185,128,0,0.0488927,-0.158695,271,256,404,921,1,1
186,16,1,0,-0.26991,320,256,346,442,0.5,0
186,48,0.4,0.118572,-0.133065,480,256,649,1091,0.9,1
186,128,0.1,0.0331382,-0.224181,478,256,1258,2349,1,1
187,16,1,0,-0.437865,282,256,303,390,0.9,1
187,48,0.1,0.202851,-0.23149,408,256,426,816,1,1
187,128,0,0.0347749,-0.0971347,380,256,811,1627,1,1
188,16,1,0,-0.349048,303,256,327,407,0.6,0
188,48,0.3,0.140491,-0.131507,514,256,722,1129,0.8,0
188,128,0.1,0.054219,-0.0726143,611,256,1693,2822,0.9,1
189,16,1,0,-0.36174,306,256,329,442,0.7,0
189,48,0.1,0.153276,-0.137714,529,256,617,1059,0.8,0
189,128,0.2,0.038285,-0.0572922,554,256,1291,2350,0.9,1
190,16,1,0,-0.248419,356,256,414,530,0.4,0
190,48,0.5,0.120521,-0.110099,558,256,750,1280,0.9,1
190,128,0,0.0343145,-0.0813527,597,256,1532,2812,0.9,1
191,16,1,0,-0.533102,260,256,275,376,0.9,1
191,48,0.1,0.286661,-0.207117,470,256,431,807,1,1
191,128,0,0.042326,-0.0701559,465,256,845,1652,1,1
192,16,1,0,-0.25111,337,256,358,462,0.1,0
192,48,0.8,0.163411,-0.143137,616,256,694,1156,0.8,0
192,128,0.2,0.0486845,-0.0861275,685,256,1577,2733,1,1
193,16,1,0,-0.372804,342,256,375,455,1,1
193,48,0,0.139881,-0.154718,528,256,646,1101,1,1
193,128,0,0.0344371,-0.0562331,544,256,1536,2637,1,1
194,16,1,0,-0.311534,292,256,314,367,0.7,0
194,48,0.2,0.155402,-0.131648,476,256,604,971,0.9,1
194,128,0,0.0381699,-0.0512344,513,256,1595,2566,0.9,1
195,16,1,0,-0.388545,342,256,368,477,0.3,0
195,48,0.6,0.13843,-0.128916,586,256,576,1053,0.8,0
195,128,0,0.0419449,-0.112227,656,256,1354,2407,0.8,0
196,16,1,0,-0.207752,350,256,385,480,0.4,0
196,48,0.5,0.112577,-0.139026,568,256,739,1219,0.6,0
196,128,0.4,0.037654,-0.0396498,627,256,1571,2790,1,1
197,16,1,0,-0.244493,329,256,366,440,0.6,0
197,48,0.4,0.0978654,-0.173928,502,256,586,1026,0.8,0
197,128,0.1,0.042396,-0.076317,560,256,1389,2415,0.9,1
198,16,1,0,-0.259315,359,256,415,479,0,0
198,48,1,0.190228,-0.267104,660,256,535,1014,1,1
198,128,0,0.0465177,-0.111027,664,256,830,1844,1,1
199,16,1,0,-0.201062,357,256,408,504,0.2,0
199,48,0.6,0.079298,-0.159507,512,256,753,1257,0.6,0
199,128,0.3,0.0506325,-0.0437409,625,256,1656,2913,0.7,0
200,16,1,0,-0.273753,366,256,396,466,0.3,0
200,48,0.4,0.107503,-0.144863,547,256,681,1147,0.5,0
200,128,0.5,0.0493443,-0.0402361,611,256,1466,2613,0.9,1
201,16,1,0,-0.217863,329,256,362,415,0,0
201,48,0.8,0.119646,-0.149783,583,256,751,1166,0.2,0
201,128,0.5,0.0463648,-0.0402907,670,256,1730,2896,0.5,0
202,16,1,0,-0.306919,267,256,282,388,0.2,0
202,48,0.5,0.192304,-0.107906,506,256,508,896,0.5,0
202,128,0.3,0.0330394,-0.0402753,551,256,1114,2010,0.7,0
203,16,1,0,-0.335468,303,256,330,411,0.5,0
203,48,0.5,0.17351,-0.164337,457,256,545,956,1,1
203,128,0,0.0263554,-0.0664171,440,256,1158,2114,1,1
204,16,1,0,-0.360716,308,256,333,423,0.9,1
204,48,0.1,0.12197,-0.139657,456,256,547,970,1,1
204,128,0,0.0316266,-0.0537629,446,256,1362,2332,1,1
205,16,1,0,-0.214643,360,256,409,486,0.3,0
205,48,0.5,0.106345,-0.113465,541,256,711,1197,0.8,0
205,128,0.1,0.0352593,-0.0456161,573,256,1517,2714,0.9,1
206,16,1,0,-0.215216,347,256,385,463,0.2,0
206,48,0.7,0.102163,-0.107411,579,256,767,1230,0.4,0
206,128,0.4,0.0479073,-0.0814435,668,256,1729,2959,0.7,0
207,16,1,0,-0.329481,311,256,341,417,0.7,0
207,48,0.3,0.148498,-0.145415,496,256,523,940,0.9,1
207,128,0,0.0291901,-0.118539,501,256,1228,2168,0.9,1
208,16,1,0,-0.410931,293,256,308,387,0.5,0
208,48,0.5,0.220174,-0.183763,550,256,505,892,1,1
208,128,0,0.0379056,-0.0779338,550,256,1073,1965,1,1
209,16,1,0,-0.30055,334,256,374,461,0.4,0
209,48,0.4,0.131365,-0.12709,514,256,610,1071,0.8,0
209,128,0.2,0.0308004,-0.0546785,519,256,1172,2243,1,1
210,16,1,0,-0.300189,382,256,421,511,0.3,0
210,48,0.7,0.129696,-0.151358,604,256,614,1125,0.9,1
210,128,0.1,0.0490751,-0.0554668,664,256,1448,2573,1,1
211,16,1,0,-0.375684,313,256,339,426,1,1
211,48,0,0.126436,-0.170651,463,256,545,971,1,1
211,128,0,0.0376716,-0.0658131,458,256,1119,2090,1,1
212,16,1,0,-0.331921,317,256,349,472,0.9,1
212,48,0.1,0.116015,-0.18679,434,256,519,991,0.9,1
212,128,0.1,0.0325226,-0.0742899,425,256,966,1957,1,1
213,16,1,0,-0.241818,364,256,415,508,0.6,0
213,48,0.3,0.0971027,-0.121756,504,256,677,1185,0.9,1
213,128,0.1,0.0317791,-0.0464369,529,256,1562,2747,1,1
214,16,1,0,-0.223971,350,256,384,493,0,0
214,48,0.9,0.137675,-0.124121,664,256,776,1269,0.1,0
214,128,0.9,0.0599713,-0.0502065,795,256,1575,2844,0.9,1
215,16,1,0,-0.239725,311,256,335,408,0,0
215,48,0.5,0.122168,-0.0936958,540,256,770,1178,0.1,0
215,128,0.6,0.0545941,-0.0439065,680,256,1694,2872,0.4,0
216,16,1,0,-0.221432,358,256,381,478,0.3,0
216,48,0.7,0.104854,-0.113963,532,256,525,1003,1,1
216,128,0,0.0249089,-0.0444147,531,256,970,1973,1,1
217,16,1,0,-0.308303,306,256,334,459,0.4,0
217,48,0.4,0.173891,-0.145925,556,256,683,1142,0.8,0
217,128,0.1,0.0467384,-0.059476,603,256,1519,2661,0.9,1
218,16,1,0,-0.311544,317,256,346,493,0.8,0
218,48,0.1,0.118952,-0.141781,460,256,462,955,0.9,1
218,128,0.1,0.0324978,-0.0503936,465,256,1206,2161,1,1
219,16,1,0,-0.260769,365,256,416,480,0.5,0
219,48,0.5,0.105155,-0.116438,559,256,677,1157,0.7,0
219,128,0.3,0.0462121,-0.0422868,623,256,1477,2634,0.9,1
220,16,1,0,-0.44801,250,256,265,356,1,1
220,48,0,0.199615,-0.196831,400,256,452,808,1,1
220,128,0,0.0360185,-0.0681779,407,256,1065,1873,1,1
221,16,1,0,-0.356328,266,256,283,387,1,1
221,48,0,0.188536,-0.135498,472,256,553,940,1,1
221,128,0,0.041204,-0.0460311,514,256,1285,2225,1,1
222,16,1,0,-0.250438,337,256,364,443,0.6,0
222,48,0.3,0.132366,-0.143075,593,256,781,1224,0.7,0
222,128,0.3,0.0464759,-0.0417753,671,256,1738,2962,1,1
223,16,1,0,-0.246338,374,256,417,497,0,0
223,48,0.6,0.103811,-0.129182,588,256,734,1231,0.5,0
223,128,0.3,0.0431994,-0.0452547,667,256,1631,2862,0.7,0
224,16,1,0,-0.349236,307,256,328,436,0.5,0
224,48,0.4,0.177163,-0.167994,542,256,773,1209,0.9,1
224,128,0.1,0.0405638,-0.0640203,570,256,1511,2720,1,1
225,16,1,0,-0.337467,298,256,330,423,1,1
225,48,0,0.143153,-0.165643,457,256,571,994,1,1
225,128,0,0.0445312,-0.060318,479,256,1127,2121,1,1
226,16,1,0,-0.343775,356,256,386,482,0.9,1
226,48,0.1,0.146417,-0.182603,566,256,673,1155,1,1
226,128,0,0.0594592,-0.0585087,595,256,1274,2429,1,1
227,16,1,0,-0.251647,341,256,371,522,0.3,0
227,48,0.6,0.108158,-0.154925,534,256,662,1184,0.8,0
227,128,0,0.0347572,-0.144341,564,256,1185,2369,0.8,0
228,16,1,0,-0.291722,334,256,362,473,0.6,0
228,48,0.4,0.135748,-0.145058,475,256,521,994,1,1
228,128,0,0.0201059,-0.060511,458,256,801,1795,1,1
229,16,1,0,-0.286393,334,256,367,491,0,0
229,48,1,0.145791,-0.18737,590,256,651,1142,1,1
229,128,0,0.0373708,-0.0762559,627,256,1245,2387,1,1
230,16,1,0,-0.311965,358,256,392,498,0.7,0
230,48,0.1,0.123766,-0.134396,522,256,630,1128,0.8,0
230,128,0.2,0.0307702,-0.0485914,542,256,1337,2465,0.9,1
231,16,1,0,-0.609262,284,256,303,380,1,1
231,48,0,0.228776,-0.301437,469,256,432,812,1,1
231,128,0,0.0408199,-0.0816416,466,256,1193,2005,1,1
232,16,1,0,-0.233859,370,256,421,499,0.1,0
232,48,0.3,0.0959364,-0.116646,556,256,790,1289,0.3,0
232,128,0.4,0.043145,-0.040132,649,256,1820,3109,0.6,0
233,16,1,0,-0.361081,338,256,372,483,0.7,0
233,48,0.3,0.129673,-0.151994,530,256,723,1206,0.9,1
233,128,0,0.0397874,-0.107096,561,256,1400,2606,0.9,1
234,16,1,0,-0.216251,313,256,340,424,0.1,0
234,48,0.8,0.120322,-0.133598,540,256,667,1091,0.7,0
234,128,0.3,0.0448383,-0.0429323,605,256,1284,2375,0.9,1
235,16,1,0,-0.344444,359,256,392,487,0.5,0
235,48,0.3,0.113289,-0.16003,527,256,635,1122,0.8,0
235,128,0.1,0.0309401,-0.0648964,543,256,1274,2396,0.9,1
236,16,1,0,-0.369701,392,256,429,507,0.5,0
236,48,0.5,0.152757,-0.181365,668,256,773,1280,0.9,1
236,128,0,0.0380986,-0.0523438,719,256,1589,2869,0.9,1
237,16,1,0,-0.301155,318,256,338,422,0.6,0
237,48,0.4,0.161757,-0.131749,456,256,436,858,0.9,1
237,128,0.1,0.0316562,-0.0574186,454,256,874,1732,1,1
238,16,1,0,-0.37156,331,256,366,446,0,0
238,48,1,0.230496,-0.202985,658,256,554,1000,0.9,1
238,128,0.1,0.0425009,-0.0800334,664,256,813,1813,1,1
239,16,1,0,-0.242124,384,256,432,498,0.5,0
239,48,0.3,0.104042,-0.120172,577,256,732,1230,0.6,0
239,128,0.3,0.0428697,-0.0458386,645,256,1508,2738,0.9,1
240,16,1,0,-0.693819,232,248,247,327,0.9,1
240,48,0.1,0.44586,-0.31147,394,256,309,636,1,1
240,128,0,0.0569105,-0.110244,368,256,590,1226,1,1
241,16,1,0,-0.32982,335,256,357,463,0.3,0
241,48,0.3,0.113916,-0.107836,568,256,706,1169,0.4,0
241,128,0.1,0.0457799,-0.0880263,663,256,1596,2765,0.4,0
242,16,1,0,-0.24082,326,256,363,471,0.5,0
242,48,0.5,0.114621,-0.113271,513,256,694,1165,0.9,1
242,128,0.1,0.0426645,-0.119375,570,256,1527,2692,0.9,1
243,16,1,0,-0.315043,330,256,352,503,0.6,0
243,48,0.4,0.134775,-0.14788,470,256,435,938,1,1
243,128,0,0.0241653,-0.0582841,449,256,958,1896,1,1
244,16,1,0,-0.259136,352,256,386,513,0.6,0
244,48,0.2,0.0958878,-0.115698,526,256,670,1183,0.8,0
244,128,0.1,0.0334774,-0.0856445,551,256,1501,2684,0.9,1
245,16,1,0,-0.288225,363,256,417,543,0.8,0
245,48,0.1,0.11018,-0.128657,515,256,608,1151,0.9,1
245,128,0.1,0.0247047,-0.0550258,511,256,1138,2289,1,1
246,16,1,0,-0.315901,385,256,414,506,0.6,0
246,48,0.3,0.128534,-0.145466,605,256,695,1201,0.9,1
246,128,0,0.0520177,-0.0476454,676,256,1673,2874,0.9,1
247,16,1,0,-0.271059,341,256,374,479,0.1,0
247,48,0.6,0.13012,-0.129535,560,256,668,1147,0.3,0
247,128,0.5,0.056408,-0.03848,664,256,1570,2717,0.8,0
248,16,1,0,-0.298273,281,256,306,415,0.3,0
248,48,0.4,0.152976,-0.126795,511,256,669,1084,0.5,0
248,128,0.4,0.0396081,-0.046578,554,256,1297,2381,0.8,0
249,16,1,0,-0.355091,296,256,313,375,0.1,0
249,48,0.9,0.192963,-0.294153,538,256,509,884,0.8,0
249,128,0.1,0.0534088,-0.0560539,605,256,1280,2164,0.9,1
250,16,1,0,-0.223526,379,256,422,501,0.2,0
250,48,0.7,0.108912,-0.102623,599,256,781,1282,0.5,0
250,128,0.5,0.0560117,-0.0377661,716,256,1788,3070,0.8,0
251,16,1,0,-0.242814,337,256,373,435,0.5,0
251,48,0.5,0.127809,-0.126908,572,256,681,1116,1,1
251,128,0,0.0448875,-0.0468262,639,256,1498,2614,1,1
252,16,1,0,-0.321779,290,256,309,370,0.6,0
252,48,0.2,0.138613,-0.150224,492,256,565,935,0.8,0
252,128,0.1,0.0386857,-0.0458515,544,256,1301,2236,0.9,1
253,16,1,0,-0.226718,325,256,352,478,0,0
253,48,0.9,0.110033,-0.291501,552,256,628,1106,0.4,0
253,128,0.3,0.0585817,-0.101825,644,256,1554,2660,0.6,0
254,16,1,0,-0.337884,322,256,344,435,0.6,0
254,48,0.3,0.144282,-0.169805,506,256,651,1086,0.9,1
254,128,0.1,0.0413421,-0.122342,555,256,1491,2577,1,1
255,16,1,0,-0.199668,356,256,392,500,0,0
255,48,1,0.123308,-0.147599,637,256,834,1334,0.3,0
255,128,0.6,0.0530476,-0.0417375,758,256,1672,3006,0.5,0
256,16,1,0,-0.261771,336,256,378,504,0.6,0
256,48,0.2,0.0916846,-0.134213,464,256,609,1113,0.8,0
256,128,0,0.0502545,-0.0481917,495,256,1406,2519,0.8,0
257,16,1,0,-0.381774,312,256,344,439,1,1
257,48,0,0.154376,-0.165833,480,256,626,1065,1,1
257,128,0,0.0440569,-0.127558,507,256,1220,2285,1,1
258,16,1,0,-0.277863,366,256,410,486,0.2,0
258,48,0.5,0.0831111,-0.191927,547,256,665,1151,0.7,0
258,128,0.1,0.0512939,-0.0562639,634,256,1721,2872,0.8,0
259,16,1,0,-0.380382,261,256,282,407,1,1
259,48,0,0.167239,-0.147135,437,256,568,975,1,1
259,128,0,0.0379583,-0.0455471,446,256,1348,2323,1,1
260,16,1,0,-0.424406,278,256,299,390,1,1
260,48,0,0.221604,-0.174458,422,256,458,848,1,1
260,128,0,0.0415379,-0.0655451,428,256,864,1712,1,1
261,16,1,0,-0.337267,350,256,374,501,1,1
261,48,0,0.122398,-0.1871,501,256,637,1138,1,1
261,128,0,0.0314926,-0.0569209,487,256,1230,2368,1,1
262,16,1,0,-0.251073,378,256,428,503,0,0
262,48,0.3,0.0955524,-0.0964778,573,256,680,1183,0.2,0
262,128,0.6,0.0649623,-0.0529462,732,256,1799,2982,0.2,0
263,16,1,0,-0.268469,362,256,397,539,0.3,0
263,48,0.5,0.130278,-0.13229,583,256,685,1224,0.6,0
263,128,0.3,0.03699,-0.109304,635,256,1528,2752,0.9,1
264,16,1,0,-0.360104,337,256,389,485,0.6,0
264,48,0.4,0.110931,-0.114627,537,256,676,1161,0.9,1
264,128,0.1,0.0523688,-0.0453409,613,256,1490,2651,1,1
265,16,1,0,-0.261504,342,256,378,500,0.7,0
265,48,0.2,0.0860891,-0.161693,462,256,593,1093,0.8,0
265,128,0.2,0.0479709,-0.0478885,524,256,1522,2615,1,1
266,16,1,0,-0.265931,365,256,413,508,0.9,1
266,48,0.1,0.0911787,-0.123398,510,256,729,1237,1,1
266,128,0,0.0294405,-0.100126,523,256,1419,2656,1,1
267,16,1,0,-0.474409,249,256,265,355,1,1
267,48,0,0.233511,-0.194303,420,256,537,892,1,1
267,128,0,0.0470826,-0.0617757,418,256,1024,1916,1,1
268,16,1,0,-0.451708,288,256,304,388,0.9,1
268,48,0.1,0.237883,-0.211898,405,256,333,721,1,1
268,128,0,0.0295581,-0.0996136,368,256,464,1185,1,1
269,16,1,0,-0.359782,351,256,391,487,1,1
269,48,0,0.137673,-0.222037,533,256,681,1168,1,1
269,128,0,0.0431592,-0.0568207,578,256,1497,2665,1,1
270,16,1,0,-0.373553,368,256,391,495,0.6,0
270,48,0.4,0.138188,-0.180513,570,256,561,1056,1,1
270,128,0,0.0347727,-0.0799618,565,256,1236,2292,1,1
271,16,1,0,-0.42488,261,256,278,374,0.8,0
271,48,0.2,0.245749,-0.171197,427,256,568,942,1,1
271,128,0,0.0356141,-0.0658559,421,256,1223,2165,1,1
272,16,1,0,-0.218792,292,256,313,410,0.3,0
272,48,0.2,0.106558,-0.0984308,496,256,626,1036,0.5,0
272,128,0.3,0.0426364,-0.0536202,586,256,1506,2542,0.7,0
273,16,1,0,-0.421487,357,256,388,482,0.7,0
273,48,0.3,0.132535,-0.154943,516,256,501,983,1,1
273,128,0,0.0360213,-0.0615064,522,256,1157,2140,1,1
274,16,1,0,-0.343062,308,256,343,481,1,1
274,48,0,0.135671,-0.173344,425,256,524,1005,1,1
274,128,0,0.0279814,-0.0751202,399,256,881,1886,1,1
275,16,1,0,-0.282666,387,256,447,546,0.5,0
275,48,0.3,0.120536,-0.135873,558,256,721,1267,0.7,0
275,128,0.2,0.04504,-0.0569128,588,256,1502,2769,0.9,1
276,16,1,0,-0.570674,362,256,379,458,0.9,1
276,48,0.1,0.143394,-0.227683,540,256,405,863,1,1
276,128,0,0.0578682,-0.0641813,585,256,1143,2006,1,1
277,16,1,0,-0.488981,372,256,397,508,0.6,0
277,48,0.4,0.166526,-0.17934,595,256,672,1180,1,1
277,128,0,0.0378169,-0.0658261,616,256,1310,2490,1,1
278,16,1,0,-0.448939,300,256,319,412,0.8,0
278,48,0.2,0.156088,-0.192378,434,256,496,908,1,1
278,128,0,0.0302046,-0.0725591,409,256,977,1885,1,1
279,16,1,0,-0.196452,383,256,449,574,0,0
279,48,1,0.12683,-0.138783,670,256,740,1314,0.4,0
279,128,0.5,0.0424975,-0.0472385,722,256,1458,2772,0.8,0
280,16,1,0,-0.280066,319,256,359,441,0.6,0
280,48,0.1,0.11988,-0.117601,522,256,674,1115,0.7,0
280,128,0.2,0.0456585,-0.0401139,619,256,1755,2870,0.8,0
281,16,1,0,-0.274818,342,256,386,455,0,0
281,48,0.6,0.113222,-0.150674,583,256,781,1236,0.2,0
281,128,0.8,0.0555851,-0.0869527,727,256,1720,2956,0.6,0
282,16,1,0,-0.316444,313,256,354,508,0.9,1
282,48,0.1,0.148373,-0.144709,501,256,613,1121,1,1
282,128,0,0.0396862,-0.0532542,517,256,1247,2368,1,1
283,16,1,0,-0.247238,372,256,433,556,0.3,0
283,48,0.1,0.10755,-0.139675,581,256,727,1283,0.3,0
283,128,0.5,0.0598517,-0.0398688,688,256,1630,2913,0.8,0
284,16,1,0,-0.221491,305,256,335,430,0,0
284,48,0.8,0.13218,-0.172521,565,256,703,1133,0,0
284,128,0.8,0.0580905,-0.0734885,713,256,1601,2734,0.5,0
285,16,1,0,-0.332569,344,256,368,445,0.8,0
285,48,0.1,0.134244,-0.16206,507,256,537,982,0.9,1
285,128,0.1,0.0352352,-0.0584436,493,256,1098,2080,1,1
286,16,1,0,-0.265204,353,256,402,528,0,0
286,48,0.9,0.126215,-0.132726,619,256,763,1291,0.4,0
286,128,0.3,0.0462574,-0.0380426,717,256,1704,2995,0.5,0
287,16,1,0,-0.316841,312,256,351,430,1,1
287,48,0,0.128859,-0.136665,467,256,606,1036,1,1
287,128,0,0.0365419,-0.0487585,487,256,1334,2370,1,1
288,16,1,0,-0.273289,367,256,416,493,0.6,0
288,48,0.2,0.0910278,-0.106261,543,256,688,1181,0.7,0
288,128,0.2,0.0488289,-0.0889949,635,256,1671,2852,0.9,1
289,16,1,0,-0.344198,220,236,235,342,0.2,0
289,48,0.7,0.250641,-0.252669,452,256,574,916,0.7,0
289,128,0.1,0.0441798,-0.0477307,512,256,1372,2288,0.8,0
290,16,1,0,-0.305261,367,256,409,489,0.6,0
290,48,0.4,0.113163,-0.128179,536,256,621,1110,1,1
290,128,0,0.0358772,-0.0527391,535,256,1371,2481,1,1
291,16,1,0,-0.697762,192,208,207,318,1,1
291,48,0,0.395612,-0.318365,316,256,283,601,1,1
291,128,0,0.0349586,-0.135957,270,256,527,1128,1,1
292,16,1,0,-0.243292,356,256,391,488,0.2,0
292,48,0.8,0.123065,-0.15159,608,256,790,1278,0.6,0
292,128,0.2,0.0548716,-0.0600951,742,256,1672,2950,0.8,0
293,16,1,0,-0.223497,366,256,401,479,0,0
293,48,1,0.137256,-0.150155,642,256,696,1175,0.5,0
293,128,0.3,0.0528609,-0.0576821,742,256,1545,2720,0.8,0
294,16,1,0,-0.365006,342,256,370,462,1,1
294,48,0,0.135883,-0.190204,473,256,455,917,1,1
294,128,0,0.0369791,-0.0685079,479,256,1103,2020,1,1
295,16,1,0,-0.417263,247,256,262,385,1,1
295,48,0,0.221139,-0.170653,399,256,407,792,1,1
295,128,0,0.0478468,-0.0844095,442,256,1210,2002,1,1
296,16,1,0,-0.342735,367,256,401,506,0.6,0
296,48,0.4,0.112604,-0.140964,541,256,584,1090,1,1
296,128,0,0.0378595,-0.0527528,576,256,1295,2385,1,1
297,16,1,0,-0.39535,358,256,389,469,0.6,0
297,48,0.4,0.15214,-0.1781,531,256,408,877,0.9,1
297,128,0.1,0.0394455,-0.0737396,568,256,987,1864,1,1
298,16,1,0,-0.330615,384,256,414,537,0.4,0
298,48,0.5,0.139526,-0.120762,609,256,584,1121,0.7,0
298,128,0.3,0.0377299,-0.0627779,645,256,1284,2405,1,1
299,16,1,0,-0.349589,412,256,434,506,0.7,0
299,48,0.3,0.172807,-0.141393,635,256,557,1063,1,1
299,128,0,0.0353773,-0.0496983,646,256,1174,2237,1,1
300,16,1,0,-0.22262,347,256,380,484,0.1,0
300,48,0.7,0.121766,-0.117631,552,256,717,1201,0.5,0
300,128,0.4,0.0481465,-0.0409465,616,256,1478,2679,0.9,1
301,16,1,0,-0.375704,296,256,319,476,1,1
301,48,0,0.145743,-0.181742,440,256,617,1093,1,1
301,128,0,0.0298163,-0.0677721,426,256,975,2068,1,1
302,16,1,0,-0.272572,337,256,382,462,0.4,0
302,48,0.4,0.110795,-0.114616,511,256,682,1144,0.7,0
302,128,0.3,0.0499427,-0.0443937,608,256,1578,2722,1,1
303,16,1,0,-0.37598,320,256,340,442,0.9,1
303,48,0.1,0.171302,-0.167434,512,256,579,1021,1,1
303,128,0,0.0427706,-0.0602421,514,256,1255,2276,1,1
304,16,1,0,-0.324252,321,256,363,473,0.7,0
304,48,0.2,0.154102,-0.149066,490,256,575,1048,0.8,0
304,128,0.2,0.0315506,-0.0546029,481,256,1032,2080,1,1
305,16,1,0,-0.440033,343,256,359,449,0.6,0
305,48,0.4,0.152565,-0.167662,514,256,406,855,0.8,0
305,128,0.1,0.0415889,-0.0715263,540,256,1010,1865,0.9,1
306,16,1,0,-0.289631,350,256,377,443,0.2,0
306,48,0.5,0.13932,-0.103759,619,256,762,1205,0.3,0
306,128,0.5,0.0642174,-0.149933,766,256,1264,2469,0.5,0
307,16,1,0,-0.672224,191,207,206,262,1,1
307,48,0,0.394593,-0.330418,349,256,248,510,1,1
307,128,0,0.0543583,-0.137812,325,256,499,1009,1,1
308,16,1,0,-0.342543,382,256,414,477,0.9,1
308,48,0,0.144389,-0.214293,588,256,780,1257,0.9,1
308,128,0.1,0.0560149,-0.0541379,645,256,1501,2758,1,1
309,16,1,0,-0.224584,346,256,390,498,0.1,0
309,48,0.6,0.123387,-0.11047,575,256,735,1233,0.4,0
309,128,0.4,0.0580304,-0.0571494,675,256,1525,2758,0.6,0
310,16,1,0,-0.233648,332,256,371,439,0,0
310,48,0.9,0.122444,-0.098792,592,256,743,1182,0.2,0
310,128,0.7,0.0628545,-0.0550318,741,256,1725,2907,0.6,0
311,16,1,0,-0.424565,300,256,323,433,1,1
311,48,0,0.158045,-0.181974,477,256,609,1042,1,1
311,128,0,0.0281122,-0.0599719,475,256,1298,2340,1,1
312,16,1,0,-0.362782,265,256,280,359,0.9,1
312,48,0.1,0.177228,-0.163799,374,256,397,756,1,1
312,128,0,0.0303182,-0.065472,352,256,945,1701,1,1
313,16,1,0,-0.279349,315,256,367,479,0.6,0
313,48,0.3,0.116633,-0.144043,508,256,586,1065,0.9,1
313,128,0.1,0.0413993,-0.0526764,521,256,1302,2367,1,1
314,16,1,0,-0.294869,337,256,384,509,0.8,0
314,48,0,0.127233,-0.130446,560,256,709,1218,0.8,0
314,128,0,0.049266,-0.0936986,636,256,1667,2885,0.8,0
315,16,1,0,-0.312334,324,256,351,435,0.5,0
315,48,0.2,0.13149,-0.117056,569,256,745,1180,0.6,0
315,128,0.2,0.0518084,-0.0398892,647,256,1438,2618,0.7,0
316,16,1,0,-0.257626,320,256,342,453,0,0
316,48,0.6,0.111628,-0.105051,499,256,586,1039,0.1,0
316,128,0.3,0.0372647,-0.0612327,569,256,1468,2507,0.3,0
317,16,1,0,-0.25455,350,256,387,477,0.2,0
317,48,0.7,0.128898,-0.105047,593,256,719,1196,0.5,0
317,128,0.5,0.0395605,-0.0434057,691,256,1737,2933,0.7,0
318,16,1,0,-0.432688,351,256,374,458,0.9,1
318,48,0.1,0.172421,-0.21175,506,256,497,955,1,1
318,128,0,0.0320578,-0.0775273,486,256,1008,1963,1,1
319,16,1,0,-0.207487,355,256,403,513,0,0
319,48,1,0.125697,-0.220759,664,256,770,1283,0.5,0
319,128,0.3,0.0550138,-0.0703908,733,256,1254,2537,0.8,0
320,16,1,0,-0.560454,240,256,255,393,0.8,0
320,48,0.2,0.375116,-0.203186,379,256,331,724,1,1
320,128,0,0.0334204,-0.0747521,370,256,724,1448,1,1
321,16,1,0,-0.499283,334,256,367,479,1,1
321,48,0,0.198049,-0.28706,454,256,650,1129,1,1
321,128,0,0.0541413,-0.108975,431,256,1225,2354,1,1
322,16,1,0,-0.19852,328,256,372,441,0.2,0
322,48,0.8,0.107416,-0.180467,538,256,695,1136,0.5,0
322,128,0.5,0.0525159,-0.0413361,656,256,1827,2963,0.9,1
323,16,1,0,-0.291304,352,256,386,481,0.7,0
323,48,0.3,0.129289,-0.200046,563,256,597,1078,1,1
323,128,0,0.0373684,-0.0410762,605,256,1219,2297,1,1
324,16,1,0,-0.290713,298,256,322,441,0.6,0
324,48,0.4,0.111274,-0.127709,444,256,475,916,1,1
324,128,0,0.0342473,-0.0428111,448,256,1092,2008,1,1
325,16,1,0,-0.343472,328,256,374,499,0.9,1
325,48,0.1,0.141653,-0.150822,481,256,572,1071,1,1
325,128,0,0.0357589,-0.0589327,495,256,1348,2419,1,1
326,16,1,0,-0.291731,306,256,343,425,0.7,0
326,48,0.3,0.112862,-0.152725,469,256,570,995,1,1
326,128,0,0.0396145,-0.0725088,477,256,1032,2027,1,1
327,16,1,0,-0.262548,364,256,407,484,0.2,0
327,48,0.7,0.133069,-0.121855,579,256,679,1163,0.6,0
327,128,0.3,0.0507009,-0.0426358,653,256,1637,2800,0.8,0
328,16,1,0,-0.3684,323,256,349,439,0.6,0
328,48,0.4,0.141662,-0.226696,496,256,565,1004,1,1
328,128,0,0.0385077,-0.0628151,508,256,1260,2264,1,1
329,16,1,0,-0.309649,345,256,375,439,0.1,0
329,48,0.9,0.147925,-0.133908,621,256,658,1097,0.6,0
329,128,0.1,0.0445919,-0.0465365,707,256,1720,2817,0.7,0
330,16,1,0,-0.306489,360,256,402,481,0.1,0
330,48,0.7,0.115208,-0.226144,578,256,647,1128,0.4,0
330,128,0.5,0.0557475,-0.0429567,718,256,1794,2922,0.8,0
331,16,1,0,-0.591641,228,244,243,336,1,1
331,48,0,0.365087,-0.259857,334,256,239,575,1,1
331,128,0,0.0500392,-0.132464,283,256,447,1022,1,1
332,16,1,0,-0.380369,334,256,371,439,0.2,0
332,48,0.7,0.15319,-0.124286,608,256,712,1151,0.4,0
332,128,0.3,0.051528,-0.0487356,697,256,1725,2876,0.7,0
333,16,1,0,-0.301775,300,256,336,427,0.8,0
333,48,0.2,0.112875,-0.164573,434,256,473,900,1,1
333,128,0,0.0329137,-0.051095,430,256,1199,2099,1,1
334,16,1,0,-0.284401,344,256,393,513,0.6,0
334,48,0.1,0.116936,-0.176806,520,256,651,1164,0.6,0
334,128,0.3,0.0565756,-0.0510977,594,256,1609,2773,0.9,1
335,16,1,0,-0.314538,313,256,346,429,1,1
335,48,0,0.0898557,-0.187537,422,256,491,920,1,1
335,128,0,0.0246909,-0.0622916,394,256,979,1899,1,1
336,16,1,0,-0.321579,368,256,393,470,0.6,0
336,48,0.3,0.151862,-0.145474,594,256,645,1115,0.8,0
336,128,0.1,0.0361481,-0.0539962,604,256,1299,2414,0.9,1
337,16,1,0,-0.241383,348,256,383,511,0.5,0
337,48,0.4,0.104431,-0.115815,567,256,712,1223,0.9,1
337,128,0,0.0354167,-0.0458277,603,256,1399,2622,0.9,1
338,16,1,0,-0.289613,314,256,337,438,0.8,0
338,48,0.1,0.126644,-0.128272,480,256,596,1034,0.8,0
338,128,0.2,0.0426895,-0.0559991,534,256,1348,2382,1,1
339,16,1,0,-0.336798,280,256,299,425,0.8,0
339,48,0.1,0.154762,-0.150939,393,256,454,879,0.9,1
339,128,0.1,0.0274814,-0.0658598,368,256,701,1580,1,1
340,16,1,0,-0.656251,174,190,189,315,1,1
340,48,0,0.258024,-0.369621,296,256,259,574,1,1
340,128,0,0.0386859,-0.146925,250,256,544,1118,1,1
341,16,1,0,-0.298354,335,256,365,469,0.7,0
341,48,0.1,0.134039,-0.134644,508,256,598,1067,0.8,0
341,128,0.2,0.0426994,-0.0522262,546,256,1396,2463,1,1
342,16,1,0,-0.269064,384,256,428,492,0,0
342,48,1,0.171802,-0.227575,715,256,598,1090,0.7,0
342,128,0.3,0.0511422,-0.0756925,752,256,989,2079,1,1
343,16,1,0,-0.326473,386,256,439,535,0.1,0
343,48,0.7,0.0996507,-0.122194,616,256,710,1245,0.2,0
343,128,0.3,0.0587038,-0.0434696,727,256,1681,2926,0.5,0
344,16,1,0,-0.545733,232,248,247,325,0.9,1
344,48,0.1,0.374449,-0.200816,405,256,371,696,0.9,1
344,128,0.1,0.041272,-0.076578,404,256,834,1530,1,1
345,16,1,0,-0.519196,289,256,313,483,1,1
345,48,0,0.210907,-0.203741,410,256,443,926,1,1
345,128,0,0.0272233,-0.103239,379,256,1066,1992,1,1
346,16,1,0,-0.301166,300,256,323,451,0.8,0
346,48,0.2,0.137971,-0.137951,478,256,602,1053,1,1
346,128,0,0.0418158,-0.0512479,498,256,1194,2247,1,1
347,16,1,0,-0.324352,331,256,368,480,0.9,1
347,48,0,0.107106,-0.136669,469,256,573,1053,0.9,1
347,128,0,0.0277639,-0.0482501,478,256,1331,2384,0.9,1
348,16,1,0,-0.33038,289,256,319,431,1,1
348,48,0,0.140954,-0.151388,439,256,525,956,1,1
348,128,0,0.0354932,-0.065191,439,256,1112,2068,1,1
349,16,1,0,-0.256397,304,256,334,446,0.8,0
349,48,0.2,0.110616,-0.116107,468,256,624,1070,1,1
349,128,0,0.0341897,-0.0492175,484,256,1259,2329,1,1
350,16,1,0,-0.216393,367,256,412,494,0.1,0
350,48,0.7,0.104251,-0.189682,555,256,791,1285,0.2,0
350,128,0.4,0.0487257,-0.0398356,663,256,1785,3070,0.4,0
351,16,1,0,-0.235249,344,256,389,532,0,0
351,48,0.9,0.128675,-0.249252,596,256,712,1244,0.4,0
351,128,0.5,0.0573927,-0.0740246,703,256,1791,3035,0.7,0
352,16,1,0,-0.459755,298,256,316,425,0.5,0
352,48,0.3,0.152507,-0.15885,480,256,613,1038,0.6,0
352,128,0.2,0.0600041,-0.044244,562,256,1415,2453,0.8,0
353,16,1,0,-0.376941,286,256,303,373,1,1
353,48,0,0.13682,-0.180211,455,256,485,858,1,1
353,128,0,0.0510282,-0.0666666,517,256,1415,2273,1,1
354,16,1,0,-0.356309,303,256,331,458,0.9,1
354,48,0.1,0.122625,-0.172964,413,256,450,908,1,1
354,128,0,0.0261088,-0.0696669,380,256,897,1805,1,1
355,16,1,0,-0.292767,359,256,405,501,1,1
355,48,0,0.111642,-0.161331,500,256,675,1176,1,1
355,128,0,0.0401263,-0.106362,524,256,1595,2771,1,1
356,16,1,0,-0.233436,358,256,408,472,0.2,0
356,48,0.7,0.103186,-0.132001,569,256,748,1220,0.7,0
356,128,0.3,0.0390842,-0.0374134,627,256,1701,2921,1,1
357,16,1,0,-0.468781,194,210,209,365,1,1
357,48,0,0.241062,-0.242037,326,256,291,656,1,1
357,128,0,0.0543914,-0.0987007,308,256,712,1368,1,1
358,16,1,0,-0.505575,331,256,348,432,0.5,0
358,48,0.5,0.183428,-0.201423,614,256,528,960,1,1
358,128,0,0.0502308,-0.0705404,652,256,1138,2098,1,1
359,16,1,0,-0.294029,337,256,377,497,0.3,0
359,48,0.4,0.135838,-0.181511,513,256,596,1093,0.6,0
359,128,0.4,0.0359359,-0.0523951,526,256,1071,2164,1,1
360,16,1,0,-0.289036,370,256,407,534,0.4,0
360,48,0.5,0.142347,-0.137931,567,256,626,1160,0.9,1
360,128,0.1,0.035654,-0.051455,577,256,1161,2321,1,1
361,16,1,0,-0.4246,241,256,256,338,0.8,0
361,48,0.2,0.265244,-0.163689,416,256,502,840,1,1
361,128,0,0.0310954,-0.0588216,413,256,1040,1880,1,1
362,16,1,0,-0.300723,343,256,386,488,0.7,0
362,48,0.2,0.10916,-0.151266,499,256,586,1074,0.9,1
362,128,0.1,0.0382326,-0.0487378,532,256,1224,2298,1,1
363,16,1,0,-0.199054,370,256,431,559,0.2,0
363,48,0.6,0.0938689,-0.144067,593,256,772,1331,0.4,0
363,128,0.5,0.0464209,-0.0652194,702,256,1670,3001,0.8,0
364,16,1,0,-0.286834,331,256,370,454,0.7,0
364,48,0.2,0.101494,-0.155687,442,256,453,907,0.9,1
364,128,0.1,0.0408291,-0.0613,469,256,1346,2253,1,1
365,16,1,0,-0.318791,288,256,307,391,1,1
365,48,0,0.147442,-0.126736,452,256,494,885,1,1
365,128,0,0.0350844,-0.051656,476,256,1306,2191,1,1
366,16,1,0,-0.427332,280,256,302,405,0.9,1
366,48,0.1,0.189139,-0.22243,381,256,430,835,1,1
366,128,0,0.0240023,-0.0985297,345,256,819,1654,1,1
367,16,1,0,-0.257268,363,256,407,486,0.1,0
367,48,0.8,0.105967,-0.141601,606,256,749,1235,0.3,0
367,128,0.5,0.0506271,-0.045483,711,256,1737,2972,0.4,0
368,16,1,0,-0.207941,369,256,429,505,0,0
368,48,0.7,0.107511,-0.104612,588,256,723,1228,0.3,0
368,128,0.6,0.0597142,-0.10849,736,256,1699,2927,0.5,0
369,16,1,0,-0.393024,410,256,436,548,0.8,0
369,48,0.2,0.127915,-0.200228,526,256,463,1011,1,1
369,128,0,0.0313337,-0.0746509,499,256,1082,2093,1,1
370,16,1,0,-0.369419,340,256,383,479,0.8,0
370,48,0.2,0.121941,-0.138594,503,256,732,1211,1,1
370,128,0,0.0333578,-0.0547556,525,256,1561,2772,1,1
371,16,1,0,-0.424915,385,256,406,468,0.6,0
371,48,0.4,0.165575,-0.143027,653,256,576,1044,0.8,0
371,128,0.1,0.0427532,-0.0514238,712,256,1215,2259,0.9,1
372,16,1,0,-0.382946,292,256,315,412,1,1
372,48,0,0.144599,-0.184352,446,256,497,909,1,1
372,128,0,0.0311406,-0.0676102,435,256,1071,1980,1,1
373,16,1,0,-0.233706,320,256,344,423,0,0
373,48,1,0.147502,-0.270541,603,256,561,984,1,1
373,128,0,0.0686055,-0.0880275,673,256,835,1819,1,1
374,16,1,0,-0.489729,261,256,277,416,1,1
374,48,0,0.274599,-0.194349,447,256,451,867,1,1
374,128,0,0.0388529,-0.0749888,458,256,973,1840,1,1
375,16,1,0,-0.256509,333,256,368,446,0.3,0
375,48,0.7,0.123443,-0.122883,531,256,714,1160,1,1
375,128,0,0.0376587,-0.0476568,566,256,1509,2669,1,1
376,16,1,0,-0.594982,301,256,316,454,1,1
376,48,0,0.234401,-0.268875,473,256,366,820,1,1
376,128,0,0.0435733,-0.0944402,452,256,688,1508,1,1
377,16,1,0,-0.277923,347,256,377,482,0.7,0
377,48,0.1,0.119105,-0.136987,518,256,691,1173,0.8,0
377,128,0.1,0.0459818,-0.120365,560,256,1472,2645,0.9,1
378,16,1,0,-0.227034,383,256,437,543,0.3,0
378,48,0.7,0.10329,-0.126426,613,256,746,1289,0.8,0
378,128,0.2,0.0482207,-0.041111,694,256,1736,3025,1,1
379,16,1,0,-0.345376,319,256,356,479,0.5,0
379,48,0.4,0.155062,-0.128916,525,256,593,1072,0.8,0
379,128,0.1,0.0299997,-0.0551696,544,256,1207,2279,0.9,1
380,16,1,0,-0.324431,364,256,416,494,0.2,0
380,48,0.7,0.110756,-0.112298,602,256,765,1259,0.5,0
380,128,0.1,0.0516114,-0.0495156,698,256,1712,2971,0.5,0
381,16,1,0,-0.51263,326,256,346,440,1,1
381,48,0,0.149069,-0.261584,437,256,298,738,1,1
381,128,0,0.0584443,-0.0898412,460,256,958,1696,1,1
382,16,1,0,-0.298961,356,256,388,493,0.6,0
382,48,0.4,0.143711,-0.13538,603,256,699,1192,1,1
382,128,0,0.0441233,-0.0516307,677,256,1556,2748,1,1
383,16,1,0,-0.253917,399,256,443,533,0.1,0
383,48,0.6,0.12632,-0.174751,643,256,819,1352,0.5,0
383,128,0.3,0.0505594,-0.0801475,734,256,1776,3128,0.7,0
384,16,1,0,-0.360143,379,256,410,504,0.5,0
384,48,0.5,0.164923,-0.137892,629,256,588,1092,0.9,1
384,128,0.1,0.0295863,-0.0482249,634,256,1037,2129,1,1
385,16,1,0,-0.291124,314,256,333,447,0.7,0
385,48,0.3,0.13585,-0.141781,424,256,478,925,0.9,1
385,128,0.1,0.0237637,-0.0635346,395,256,861,1786,1,1
386,16,1,0,-0.369529,335,256,360,471,0.6,0
386,48,0.1,0.124516,-0.133074,523,256,679,1150,0.7,0
386,128,0.3,0.0527036,-0.157012,586,256,1544,2694,1,1
387,16,1,0,-0.247006,348,256,402,497,0,0
387,48,0.8,0.112459,-0.199806,572,256,703,1200,0.4,0
387,128,0.4,0.0467293,-0.066719,650,256,1632,2832,0.7,0
388,16,1,0,-0.289579,347,256,381,473,0.6,0
388,48,0.3,0.13637,-0.138066,529,256,482,955,0.8,0
388,128,0,0.0425699,-0.0557919,548,256,1230,2185,0.8,0
389,16,1,0,-0.294736,360,256,390,485,0.4,0
389,48,0.5,0.125957,-0.123727,579,256,726,1211,0.8,0
389,128,0.1,0.0507452,-0.0390606,680,256,1627,2838,0.9,1
390,16,1,0,-0.236751,350,256,408,503,0.3,0
390,48,0.4,0.104699,-0.10797,542,256,728,1231,0.5,0
390,128,0.4,0.055405,-0.098239,643,256,1742,2973,0.8,0
391,16,1,0,-0.226634,352,256,393,455,0.2,0
391,48,0.4,0.117734,-0.166044,565,256,638,1093,0.4,0
391,128,0.2,0.0421578,-0.0658727,626,256,1582,2675,0.5,0
392,16,1,0,-0.24831,313,256,375,486,0.7,0
392,48,0.2,0.102671,-0.125192,456,256,537,1023,0.8,0
392,128,0.2,0.0342589,-0.0511372,471,256,1075,2098,1,1
393,16,1,0,-0.375274,303,256,326,425,1,1
393,48,0,0.160343,-0.249523,413,256,452,877,1,1
393,128,0,0.0283827,-0.0757393,388,256,1018,1895,1,1
394,16,1,0,-0.296505,327,256,355,445,0.8,0
394,48,0.2,0.120494,-0.134421,510,256,695,1140,1,1
394,128,0,0.0293831,-0.0543365,522,256,1363,2503,1,1
395,16,1,0,-0.362834,302,256,326,402,0.9,1
395,48,0.1,0.152764,-0.154333,435,256,404,806,1,1
395,128,0,0.0319848,-0.0663312,421,256,812,1618,1,1
396,16,1,0,-0.42253,275,256,291,431,1,1
396,48,0,0.200943,-0.186252,390,256,383,814,1,1
396,128,0,0.0235399,-0.0771758,357,256,711,1525,1,1
397,16,1,0,-0.229783,338,256,375,485,0.1,0
397,48,0.7,0.119817,-0.132905,563,256,792,1277,0.7,0
397,128,0.3,0.0524261,-0.0508734,659,256,1755,3032,0.8,0
398,16,1,0,-0.396696,292,256,315,388,0.8,0
398,48,0.2,0.153176,-0.15487,459,256,517,905,1,1
398,128,0,0.0270544,-0.0707366,440,256,998,1903,1,1
399,16,1,0,-0.331093,374,256,413,538,0.2,0
399,48,0.7,0.163571,-0.120783,644,256,670,1208,0.7,0
399,128,0.3,0.0393957,-0.0483727,676,256,1315,2523,1,1
400,16,1,0,-0.419936,360,256,411,584,0.2,0
400,48,0.6,0.178397,-0.122823,607,256,563,1147,0.8,0
400,128,0.2,0.0421436,-0.0425109,645,256,1085,2232,1,1
401,16,1,0,-0.349779,288,256,310,407,0.7,0
401,48,0.3,0.12466,-0.145369,449,256,482,889,0.8,0
401,128,0.2,0.0523262,-0.0609885,507,256,1219,2108,1,1
402,16,1,0,-0.30706,361,256,398,476,0,0
402,48,0.9,0.129791,-0.148263,587,256,506,982,0.8,0
402,128,0,0.0412473,-0.0475643,612,256,1185,2167,0.8,0
403,16,1,0,-0.245858,378,256,417,495,0.3,0
403,48,0.6,0.0942897,-0.129433,573,256,714,1209,0.4,0
403,128,0.4,0.0417947,-0.0397171,654,256,1734,2943,0.7,0
404,16,1,0,-0.322372,326,256,350,462,0.4,0
404,48,0.6,0.107632,-0.118448,491,256,641,1103,1,1
404,128,0,0.0313087,-0.0469326,512,256,1170,2273,1,1
405,16,1,0,-0.245362,355,256,410,506,0.2,0
405,48,0.4,0.117793,-0.125794,554,256,746,1252,0.6,0
405,128,0.3,0.0371556,-0.0425806,604,256,1553,2805,0.9,1
406,16,1,0,-0.220508,370,256,445,525,0.1,0
406,48,0.8,0.101935,-0.150197,555,256,605,1130,0.7,0
406,128,0.3,0.0514948,-0.0471135,628,256,1556,2686,1,1
407,16,1,0,-0.266142,359,256,411,515,0.7,0
407,48,0.1,0.0957851,-0.128038,514,256,689,1204,0.8,0
407,128,0.1,0.0432894,-0.0391072,569,256,1450,2654,0.9,1
408,16,1,0,-0.306764,342,256,375,438,0.5,0
408,48,0.5,0.143256,-0.147204,524,256,573,1011,1,1
408,128,0,0.040203,-0.0493639,547,256,1365,2376,1,1
409,16,1,0,-0.677853,253,256,268,344,1,1
409,48,0,0.375372,-0.317345,407,256,292,636,1,1
409,128,0,0.0527649,-0.130985,379,256,547,1183,1,1
410,16,1,0,-0.24048,399,256,449,547,0,0
410,48,0.9,0.115643,-0.118126,656,256,763,1310,0.5,0
410,128,0.5,0.0410622,-0.0393072,725,256,1699,3009,0.8,0
411,16,1,0,-0.281753,362,256,409,489,0.5,0
411,48,0.2,0.106112,-0.110247,574,256,705,1194,0.7,0
411,128,0.1,0.0395393,-0.0573547,637,256,1579,2773,0.7,0
412,16,1,0,-0.316346,296,256,323,410,0.9,1
412,48,0.1,0.136355,-0.136222,438,256,510,920,1,1
412,128,0,0.0361466,-0.0504816,471,256,1428,2348,1,1
413,16,1,0,-0.411592,276,256,292,380,0.9,1
413,48,0.1,0.166277,-0.183017,459,256,508,888,1,1
413,128,0,0.0380648,-0.0676774,456,256,1051,1939,1,1
414,16,1,0,-0.414993,345,256,398,525,1,1
414,48,0,0.143628,-0.195755,486,256,701,1226,1,1
414,128,0,0.0244535,-0.0718036,460,256,1459,2685,1,1
415,16,1,0,-0.361132,339,256,390,482,0.8,0
415,48,0.1,0.0972696,-0.185089,482,256,661,1143,0.9,1
415,128,0.1,0.0329216,-0.0477993,482,256,1386,2529,1,1
416,16,1,0,-0.355189,272,256,292,388,1,1
416,48,0,0.146255,-0.181437,436,256,505,893,1,1
416,128,0,0.0380229,-0.0688445,443,256,1156,2049,1,1
417,16,1,0,-0.286709,344,256,379,477,0.5,0
417,48,0.2,0.104568,-0.13781,550,256,760,1237,0.7,0
417,128,0.1,0.0399023,-0.0345901,605,256,1693,2930,0.7,0
418,16,1,0,-0.267632,324,256,354,449,0.1,0
418,48,0.4,0.107642,-0.11738,517,256,669,1118,0.3,0
418,128,0.7,0.0627107,-0.043007,638,256,1640,2758,0.8,0
419,16,1,0,-0.326524,298,256,322,417,0.7,0
419,48,0.3,0.153058,-0.137336,487,256,594,1011,1,1
419,128,0,0.0442272,-0.0558069,536,256,1443,2454,1,1
420,16,1,0,-0.260555,315,256,350,413,0.3,0
420,48,0.5,0.147512,-0.159813,570,256,695,1108,0.6,0
420,128,0.4,0.0542994,-0.0812696,648,256,1568,2676,1,1
421,16,1,0,-0.466784,356,256,382,477,1,1
421,48,0,0.136595,-0.196387,485,256,562,1039,1,1
421,128,0,0.0382503,-0.0613976,498,256,1425,2464,1,1
422,16,1,0,-0.420229,293,256,308,399,1,1
422,48,0,0.200163,-0.179321,458,256,464,863,1,1
422,128,0,0.022084,-0.0777438,427,256,929,1792,1,1
423,16,1,0,-0.280964,335,256,363,429,0.3,0
423,48,0.6,0.13231,-0.135157,518,256,671,1100,0.5,0
423,128,0.4,0.0396165,-0.0447301,573,256,1390,2490,0.8,0
424,16,1,0,-0.351884,333,256,370,496,0.9,1
424,48,0.1,0.0988609,-0.155842,448,256,617,1113,1,1
424,128,0,0.0276756,-0.0581671,441,256,1244,2357,1,1
425,16,1,0,-0.252008,366,256,418,542,0.6,0
425,48,0.4,0.100097,-0.145708,550,256,682,1224,1,1
425,128,0,0.0483841,-0.0469374,604,256,1520,2744,1,1
426,16,1,0,-0.277659,313,256,341,389,0.4,0
426,48,0.5,0.122541,-0.119763,546,256,627,1016,0.7,0
426,128,0.3,0.0481012,-0.0476855,629,256,1554,2570,1,1
427,16,1,0,-0.332035,383,256,416,496,0.2,0
427,48,0.8,0.147745,-0.146544,671,256,758,1254,0.8,0
427,128,0,0.0414195,-0.0534068,729,256,1520,2774,0.8,0
428,16,1,0,-0.32288,361,256,405,517,0.8,0
428,48,0.2,0.115635,-0.211296,476,256,667,1184,1,1
428,128,0,0.0363739,-0.0721505,460,256,1222,2406,1,1
429,16,1,0,-0.267275,368,256,426,479,0.3,0
429,48,0.6,0.100363,-0.12764,564,256,682,1161,0.7,0
429,128,0.2,0.058758,-0.0533895,685,256,1469,2630,0.9,1
430,16,1,0,-0.457222,342,256,364,428,0.5,0
430,48,0.4,0.17748,-0.293112,575,256,626,1054,0.9,1
430,128,0,0.0458752,-0.0541945,620,256,1291,2345,0.9,1
431,16,1,0,-0.308115,379,256,408,488,0.2,0
431,48,0.6,0.14045,-0.158214,653,256,518,1006,0.5,0
431,128,0.2,0.0388055,-0.0682667,697,256,1041,2047,0.6,0
432,16,1,0,-0.334438,349,256,401,500,0.5,0
432,48,0.5,0.105549,-0.130788,511,256,663,1163,0.9,1
432,128,0.1,0.0396843,-0.0515615,545,256,1459,2622,1,1
433,16,1,0,-0.293115,365,256,402,500,0.5,0
433,48,0.2,0.112014,-0.174615,566,256,662,1162,0.7,0
433,128,0.2,0.041721,-0.0557996,617,256,1407,2569,0.9,1
434,16,1,0,-0.254152,367,256,408,490,0.4,0
434,48,0.3,0.0973609,-0.118792,567,256,777,1267,0.4,0
434,128,0.5,0.0559672,-0.0387225,673,256,1758,3025,0.9,1
435,16,1,0,-0.45241,417,256,440,504,1,1
435,48,0,0.205803,-0.168997,687,256,678,1182,1,1
435,128,0,0.0352989,-0.0740165,690,256,1233,2415,1,1
436,16,1,0,-0.277651,384,256,424,526,0.1,0
436,48,0.9,0.123637,-0.264713,654,256,787,1313,0.7,0
436,128,0.1,0.0522561,-0.0423655,762,256,1749,3062,0.8,0
437,16,1,0,-0.299139,365,256,397,493,0.5,0
437,48,0.4,0.107643,-0.126358,550,256,728,1221,0.9,1
437,128,0,0.0416467,-0.0428705,606,256,1658,2879,0.9,1
438,16,1,0,-0.46635,257,256,272,417,1,1
438,48,0,0.210197,-0.231648,331,256,268,685,1,1
438,128,0,0.0202068,-0.0990482,280,256,548,1233,1,1
439,16,1,0,-0.431537,261,256,284,377,1,1
439,48,0,0.17264,-0.212019,391,256,418,795,1,1
439,128,0,0.0221856,-0.0799275,355,256,785,1580,1,1
440,16,1,0,-0.276053,391,256,422,502,0.1,0
440,48,0.5,0.110444,-0.118272,565,256,561,1063,0.2,0
440,128,0.6,0.0522853,-0.0470481,658,256,1699,2762,0.4,0
441,16,1,0,-0.229213,350,256,394,486,0.3,0
441,48,0.5,0.106925,-0.106923,543,256,797,1283,0.4,0
441,128,0.2,0.0497489,-0.0376019,659,256,1650,2933,0.5,0
442,16,1,0,-0.338926,374,256,410,490,0.4,0
442,48,0.5,0.127278,-0.137884,563,256,589,1079,0.9,1
442,128,0,0.0377886,-0.0410872,583,256,1338,2417,0.9,1
443,16,1,0,-0.409632,307,256,334,414,0.8,0
443,48,0.2,0.132417,-0.164819,435,256,519,933,1,1
443,128,0,0.0357154,-0.0607782,418,256,986,1919,1,1
444,16,1,0,-0.247093,382,256,443,551,0.2,0
444,48,0.5,0.10079,-0.19042,590,256,714,1265,0.5,0
444,128,0.4,0.0434889,-0.100103,673,256,1730,2995,0.8,0
445,16,1,0,-0.254074,343,256,385,509,0.6,0
445,48,0.3,0.0923078,-0.13081,479,256,563,1072,0.7,0
445,128,0.3,0.0530055,-0.0472888,546,256,1581,2653,0.9,1
446,16,1,0,-0.313989,351,256,380,494,0.4,0
446,48,0.5,0.121541,-0.175625,587,256,767,1261,0.7,0
446,128,0.3,0.0499903,-0.037801,682,256,1895,3156,0.9,1
447,16,1,0,-0.412114,350,256,378,450,0,0
447,48,1,0.188229,-0.313881,640,256,528,978,1,1
447,128,0,0.0375764,-0.079516,652,256,861,1839,1,1
448,16,1,0,-0.233636,382,256,434,500,0.3,0
448,48,0.7,0.101755,-0.151575,599,256,777,1277,0.8,0
448,128,0.1,0.0422971,-0.10437,667,256,1744,3021,0.8,0
449,16,1,0,-0.35331,267,256,283,394,0.8,0
449,48,0.2,0.193778,-0.168853,445,256,515,909,1,1
449,128,0,0.0150779,-0.053575,409,256,851,1760,1,1
450,16,1,0,-0.270032,369,256,415,491,0.4,0
450,48,0.6,0.10381,-0.126394,554,256,688,1179,0.9,1
450,128,0,0.041436,-0.115112,609,256,1624,2803,0.9,1
451,16,1,0,-0.274429,329,256,359,443,0.8,0
451,48,0.1,0.107507,-0.129738,483,256,526,969,0.9,1
451,128,0.1,0.031909,-0.05228,497,256,1023,1992,1,1
452,16,1,0,-0.445564,305,256,324,408,1,1
452,48,0,0.196782,-0.21411,484,256,553,961,1,1
452,128,0,0.0541975,-0.100282,512,256,1335,2296,1,1
453,16,1,0,-0.293471,316,256,346,444,0.8,0
453,48,0.1,0.0828561,-0.144664,418,256,508,952,0.9,1
453,128,0.1,0.036763,-0.0520346,409,256,1169,2121,1,1
454,16,1,0,-0.420227,310,256,332,454,0.5,0
454,48,0.5,0.167774,-0.150304,473,256,556,1010,1,1
454,128,0,0.0332155,-0.0588961,454,256,980,1990,1,1
455,16,1,0,-0.374092,253,256,268,363,0.7,0
455,48,0.2,0.215543,-0.130562,444,256,520,883,0.8,0
455,128,0.2,0.0427084,-0.050186,479,256,1251,2134,1,1
456,16,1,0,-0.354674,332,256,357,411,0.7,0
456,48,0.2,0.171751,-0.148602,586,256,614,1025,0.9,1
456,128,0,0.0368003,-0.0486355,619,256,1326,2351,0.9,1
457,16,1,0,-0.233196,348,256,385,463,0.4,0
457,48,0.4,0.102655,-0.114865,519,256,741,1204,0.7,0
457,128,0.2,0.043857,-0.100507,590,256,1611,2815,0.8,0
458,16,1,0,-0.309163,337,256,382,492,0.3,0
458,48,0.5,0.113609,-0.174734,538,256,763,1255,0.6,0
458,128,0.4,0.0552207,-0.0460743,659,256,1665,2920,0.9,1
459,16,1,0,-0.228618,356,256,406,516,0.2,0
459,48,0.7,0.0982,-0.103328,527,256,644,1160,0.6,0
459,128,0.1,0.0469065,-0.0393595,602,256,1581,2741,0.7,0
460,16,1,0,-0.463676,293,256,321,462,0.9,1
460,48,0.1,0.221579,-0.220101,446,256,529,991,1,1
460,128,0,0.0515588,-0.0659835,477,256,1231,2222,1,1
461,16,1,0,-0.41308,275,256,299,406,1,1
461,48,0,0.152511,-0.198663,388,256,433,839,1,1
461,128,0,0.0324528,-0.0791897,370,256,978,1817,1,1
462,16,1,0,-0.619763,232,248,247,378,0.9,1
462,48,0.1,0.362798,-0.271232,371,256,300,678,1,1
462,128,0,0.030773,-0.112185,329,256,539,1217,1,1
463,16,1,0,-0.278425,330,256,364,474,1,1
463,48,0,0.0946889,-0.128149,458,256,570,1044,1,1
463,128,0,0.0363563,-0.0522409,471,256,1290,2334,1,1
464,16,1,0,-0.261075,338,256,373,481,0.2,0
464,48,0.5,0.143558,-0.119033,602,256,756,1237,0.3,0
464,128,0.4,0.0473871,-0.111153,675,256,1519,2756,0.5,0
465,16,1,0,-0.301312,381,256,415,495,0.1,0
465,48,0.4,0.115617,-0.267414,627,256,767,1262,0.3,0
465,128,0.6,0.0551483,-0.132738,747,256,1562,2824,0.9,1
466,16,1,0,-0.440123,271,256,289,383,1,1
466,48,0,0.170304,-0.180404,430,256,566,949,1,1
466,128,0,0.0308247,-0.0587761,423,256,1081,2030,1,1
467,16,1,0,-0.231612,329,256,378,518,0.6,0
467,48,0,0.0936902,-0.163041,512,256,671,1189,0.6,0
467,128,0.2,0.0349703,-0.0390452,563,256,1395,2584,0.8,0
468,16,1,0,-0.304878,339,256,369,451,0.7,0
468,48,0.3,0.142531,-0.129127,531,256,628,1079,1,1
468,128,0,0.0401052,-0.0509064,574,256,1398,2477,1,1
469,16,1,0,-0.26556,382,256,419,511,0.6,0
469,48,0.1,0.12422,-0.115376,588,256,706,1217,0.6,0
469,128,0.1,0.0379334,-0.073051,635,256,1319,2536,0.7,0
470,16,1,0,-0.51595,337,256,386,470,0.5,0
470,48,0.5,0.102053,-0.127322,518,256,684,1154,0.8,0
470,128,0.2,0.0405953,-0.0398833,561,256,1552,2706,1,1
471,16,1,0,-0.371704,360,256,386,494,0.8,0
471,48,0.2,0.123641,-0.129937,572,256,545,1039,1,1
471,128,0,0.0390755,-0.0473312,622,256,1191,2230,1,1
472,16,1,0,-0.37729,290,256,316,427,0.8,0
472,48,0.2,0.148354,-0.177992,453,256,509,936,1,1
472,128,0,0.0671383,-0.0554277,512,256,1602,2538,1,1
473,16,1,0,-0.408921,340,256,382,446,1,1
473,48,0,0.127041,-0.188153,510,256,672,1118,1,1
473,128,0,0.0347672,-0.0819069,530,256,1431,2549,1,1
474,16,1,0,-0.372154,300,256,325,379,0.5,0
474,48,0.4,0.180819,-0.180368,494,256,447,826,0.9,1
474,128,0.1,0.046202,-0.149825,511,256,945,1771,1,1
475,16,1,0,-0.245234,360,256,399,451,0.4,0
475,48,0.5,0.113168,-0.158846,549,256,740,1191,0.8,0
475,128,0.1,0.0454134,-0.0474167,618,256,1687,2878,0.9,1
476,16,1,0,-0.429022,280,256,299,422,0.9,1
476,48,0.1,0.216709,-0.192583,447,256,521,943,1,1
476,128,0,0.0519458,-0.0752153,440,256,1086,2029,1,1
477,16,1,0,-0.230883,365,256,409,523,0.3,0
477,48,0.6,0.0985641,-0.0993972,564,256,689,1212,0.5,0
477,128,0.3,0.0480468,-0.0336641,648,256,1771,2983,0.8,0
478,16,1,0,-0.34411,297,256,316,380,0.8,0
478,48,0.1,0.148605,-0.145205,482,256,540,920,0.9,1
478,128,0,0.0421472,-0.0450956,539,256,1433,2353,0.9,1
479,16,1,0,-0.579072,173,189,188,272,0.9,1
479,48,0.1,0.409274,-0.209056,392,256,348,620,1,1
479,128,0,0.0306026,-0.0780527,357,256,603,1223,1,1
480,16,1,0,-0.335899,346,256,376,460,0.1,0
480,48,0.7,0.127631,-0.107483,634,256,814,1274,0.2,0
480,128,0.6,0.0523292,-0.0350333,745,256,1716,2990,0.7,0
481,16,1,0,-0.272055,367,256,422,533,0.3,0
481,48,0.7,0.0999678,-0.110419,568,256,777,1310,0.7,0
481,128,0.1,0.0375881,-0.0415366,630,256,1651,2961,0.8,0
482,16,1,0,-0.41103,285,256,305,448,1,1
482,48,0,0.161544,-0.185923,442,256,512,960,1,1
482,128,0,0.0387859,-0.0666872,446,256,1069,2029,1,1
483,16,1,0,-0.223316,366,256,426,490,0,0
483,48,0.5,0.0981625,-0.125779,594,256,697,1187,0.3,0
483,128,0.4,0.0434618,-0.036044,693,256,1675,2862,0.5,0
484,16,1,0,-0.229731,302,256,328,424,0.1,0
484,48,0.3,0.113312,-0.100412,531,256,757,1181,0.1,0
484,128,0.8,0.0587791,-0.0541818,666,256,1747,2928,0.3,0
485,16,1,0,-0.33497,304,256,326,433,1,1
485,48,0,0.126833,-0.161319,444,256,601,1034,1,1
485,128,0,0.0352832,-0.0558375,442,256,1339,2373,1,1
486,16,1,0,-0.386728,289,256,305,384,0.9,1
486,48,0.1,0.222117,-0.159288,453,256,406,790,0.9,1
486,128,0.1,0.0415954,-0.0620432,471,256,825,1615,1,1
487,16,1,0,-0.255423,279,256,307,400,0.5,0
487,48,0.3,0.147458,-0.0902092,515,256,583,983,0.6,0
487,128,0.2,0.0280602,-0.0321467,565,256,1102,2085,0.8,0
488,16,1,0,-0.250404,291,256,314,440,0.2,0
488,48,0.7,0.12081,-0.217637,498,256,564,1004,0.7,0
488,128,0.3,0.0464346,-0.0458377,559,256,1161,2165,1,1
489,16,1,0,-0.618953,282,256,298,360,1,1
489,48,0,0.2118,-0.282649,456,256,457,817,1,1
489,128,0,0.041502,-0.0739627,448,256,1125,1942,1,1
490,16,1,0,-0.321116,306,256,323,385,0.3,0
490,48,0.7,0.155729,-0.221164,480,256,615,1000,0.9,1
490,128,0,0.0372375,-0.0613714,505,256,1114,2114,0.9,1
491,16,1,0,-0.26622,345,256,407,532,0.2,0
491,48,0.3,0.101132,-0.153731,526,256,700,1232,0.4,0
491,128,0.2,0.0416581,-0.0380776,564,256,1539,2771,0.4,0
492,16,1,0,-0.359165,240,256,255,325,0,0
492,48,0.6,0.262461,-0.100699,463,256,425,750,0,0
492,128,1,0.12762,-0.121522,778,256,1273,2023,1,1
493,16,1,0,-0.340587,329,256,350,447,0.8,0
493,48,0.2,0.144799,-0.128203,536,256,638,1085,0.9,1
493,128,0.1,0.0426425,-0.0503474,589,256,1365,2450,0.9,1
494,16,1,0,-0.324668,318,256,338,465,1,1
494,48,0,0.14099,-0.143073,417,256,414,879,1,1
494,128,0,0.0181357,-0.0691012,370,256,749,1628,1,1
495,16,1,0,-0.379192,284,256,305,396,0.9,1
495,48,0.1,0.144043,-0.179406,428,256,467,863,1,1
495,128,0,0.0353052,-0.0689229,420,256,1011,1874,1,1
496,16,1,0,-0.472264,220,236,235,312,0.9,1
496,48,0.1,0.273209,-0.183645,404,256,458,770,1,1
496,128,0,0.0361847,-0.0717249,393,256,1007,1777,1,1
497,16,1,0,-0.271655,323,256,362,440,0.3,0
497,48,0.5,0.131459,-0.126351,552,256,702,1142,0.7,0
497,128,0.3,0.048167,-0.0442232,637,256,1556,2698,0.8,0
498,16,1,0,-0.325212,384,256,415,504,0.3,0
498,48,0.6,0.121516,-0.142489,609,256,661,1165,0.8,0
498,128,0.1,0.0452725,-0.0424711,670,256,1598,2763,0.9,1
499,16,1,0,-0.290902,317,256,337,402,0.2,0
499,48,0.3,0.131325,-0.136669,534,256,579,981,0.4,0
499,128,0.2,0.0441474,-0.105755,608,256,1463,2444,0.5,0
500,16,1,0,-0.466551,313,256,349,474,0.7,0
500,48,0.3,0.196988,-0.220678,461,256,554,1028,1,1
500,128,0,0.040122,-0.0904074,441,256,1409,2437,1,1
501,16,1,0,-0.24246,372,256,412,496,0.5,0
501,48,0.2,0.087323,-0.120885,551,256,758,1254,0.5,0
501,128,0.1,0.0438844,-0.0494734,619,256,1709,2963,0.6,0
502,16,1,0,-0.307709,310,256,343,449,0.8,0
502,48,0.2,0.142617,-0.138699,509,256,693,1142,1,1
502,128,0,0.0403388,-0.0498419,539,256,1567,2709,1,1
503,16,1,0,-0.463439,283,256,312,477,1,1
503,48,0,0.131875,-0.23272,385,256,416,893,1,1
503,128,0,0.0448989,-0.0777221,373,256,963,1856,1,1
504,16,1,0,-0.393607,375,256,394,470,0.4,0
504,48,0.6,0.201691,-0.158787,692,256,672,1142,1,1
504,128,0,0.0421635,-0.0616905,733,256,1271,2413,1,1
505,16,1,0,-0.336495,288,256,309,394,0.9,1
505,48,0.1,0.137337,-0.16306,439,256,509,903,1,1
505,128,0,0.041373,-0.0573498,454,256,1120,2023,1,1
506,16,1,0,-0.266968,359,256,398,498,0.7,0
506,48,0.3,0.102754,-0.132098,535,256,687,1185,1,1
506,128,0,0.0385595,-0.0465398,557,256,1408,2593,1,1
507,16,1,0,-0.243106,350,256,406,543,0.4,0
507,48,0.2,0.103964,-0.136577,553,256,698,1241,0.5,0
507,128,0.3,0.0453578,-0.0502384,644,256,1685,2926,0.8,0
508,16,1,0,-0.302157,331,256,369,451,0.1,0
508,48,0.9,0.136876,-0.152536,546,256,654,1105,1,1
508,128,0,0.0398701,-0.0577471,579,256,1512,2617,1,1
509,16,1,0,-0.531127,255,256,270,375,1,1
509,48,0,0.265032,-0.213579,406,256,422,797,1,1
509,128,0,0.0391493,-0.0863535,385,256,969,1766,1,1
510,16,1,0,-0.283205,327,256,376,500,0.2,0
510,48,0.6,0.13421,-0.108616,553,256,674,1174,0.3,0
510,128,0.5,0.0540299,-0.0610151,658,256,1778,2952,0.5,0
511,16,1,0,-0.309896,326,256,365,514,0.9,1
511,48,0,0.117546,-0.152441,468,256,710,1224,0.9,1
511,128,0.1,0.0351838,-0.0718788,483,256,1432,2656,1,1
512,16,1,0,-0.30809,347,256,372,470,0.4,0
512,48,0.4,0.132983,-0.168394,563,256,606,1076,0.5,0
512,128,0.2,0.0430327,-0.0558357,637,256,1613,2689,0.6,0
513,16,1,0,-0.366745,295,256,311,420,0.9,1
513,48,0.1,0.152193,-0.173804,449,256,583,1003,1,1
513,128,0,0.040369,-0.0646973,459,256,1294,2297,1,1
514,16,1,0,-0.319638,298,256,320,414,0.8,0
514,48,0.1,0.155349,-0.140232,457,256,518,932,0.9,1
514,128,0.1,0.0308222,-0.0489892,444,256,1182,2114,1,1
515,16,1,0,-0.267095,360,256,422,502,0.4,0
515,48,0.5,0.114207,-0.136243,564,256,703,1205,0.8,0
515,128,0.1,0.0337297,-0.134366,611,256,1410,2615,0.9,1
516,16,1,0,-0.357472,332,256,368,461,0.8,0
516,48,0,0.122824,-0.185476,427,256,398,859,0.8,0
516,128,0.2,0.0332484,-0.0791951,388,256,768,1627,1,1
517,16,1,0,-0.257931,345,256,382,478,0.3,0
517,48,0.5,0.128058,-0.130314,548,256,493,971,0.7,0
517,128,0.3,0.02891,-0.0472163,563,256,1038,2009,0.9,1
518,16,1,0,-0.207688,380,256,433,529,0,0
518,48,0.9,0.105778,-0.145356,643,256,757,1286,0.5,0
518,128,0.2,0.0481513,-0.104207,758,256,1656,2942,0.6,0
519,16,1,0,-0.341806,325,256,350,443,0.8,0
519,48,0.2,0.127629,-0.160149,493,256,535,978,1,1
519,128,0,0.0438708,-0.065337,531,256,1378,2356,1,1
520,16,1,0,-0.350053,393,256,440,504,0.6,0
520,48,0.1,0.102594,-0.140713,576,256,735,1239,0.7,0
520,128,0.3,0.0411624,-0.0434158,636,256,1644,2883,1,1
521,16,1,0,-0.458976,298,256,319,396,0.9,1
521,48,0.1,0.185792,-0.237266,392,256,438,834,1,1
521,128,0,0.0477587,-0.0941506,367,256,904,1738,1,1
522,16,1,0,-0.219633,314,256,347,443,0,0
522,48,0.4,0.123962,-0.140776,581,256,672,1115,0.1,0
522,128,0.7,0.0589437,-0.0651661,721,256,1840,2955,0.7,0
523,16,1,0,-0.549327,259,256,274,351,1,1
523,48,0,0.217207,-0.241086,401,256,334,685,1,1
523,128,0,0.054336,-0.0781349,424,256,1064,1749,1,1
524,16,1,0,-0.324814,339,256,370,433,0.5,0
524,48,0.2,0.115198,-0.139267,540,256,589,1022,0.6,0
524,128,0,0.0562748,-0.0426384,625,256,1491,2513,0.6,0
525,16,1,0,-0.226517,352,256,403,525,0.2,0
525,48,0.7,0.113203,-0.148756,577,256,723,1248,0.3,0
525,128,0.4,0.041405,-0.0391588,638,256,1725,2973,0.5,0
526,16,1,0,-0.374046,276,256,292,411,0.8,0
526,48,0.2,0.205012,-0.141726,437,256,429,840,1,1
526,128,0,0.0239108,-0.0617629,423,256,752,1592,1,1
527,16,1,0,-0.4637,264,256,280,348,1,1
527,48,0,0.195989,-0.242622,380,256,387,735,1,1
527,128,0,0.0736281,-0.0790781,436,256,1160,1895,1,1
528,16,1,0,-0.24696,357,256,396,532,0.2,0
528,48,0.8,0.10957,-0.144584,562,256,704,1236,0.6,0
528,128,0.3,0.0468264,-0.0365613,650,256,1684,2920,0.8,0
529,16,1,0,-0.306437,296,256,313,365,0.6,0
529,48,0.3,0.14068,-0.128188,484,256,612,977,0.8,0
529,128,0.2,0.0393789,-0.0622222,525,256,1360,2337,1,1
530,16,1,0,-0.221389,362,256,383,466,0.3,0
530,48,0.6,0.117364,-0.154228,581,256,604,1070,0.6,0
530,128,0.3,0.0410844,-0.0458402,658,256,1255,2325,0.9,1
531,16,1,0,-0.327,366,256,394,476,0.4,0
531,48,0.2,0.121124,-0.197483,574,256,682,1158,0.5,0
531,128,0.1,0.0470463,-0.0444357,653,256,1716,2874,0.6,0
532,16,1,0,-0.224432,315,256,339,442,0,0
532,48,1,0.15736,-0.212754,624,256,743,1185,0.7,0
532,128,0.3,0.0606651,-0.0760508,746,256,1345,2530,1,1
533,16,1,0,-0.257655,377,256,422,502,0.6,0
533,48,0.3,0.103818,-0.133515,563,256,657,1159,0.9,1
533,128,0,0.0351765,-0.0500376,609,256,1408,2567,0.9,1
534,16,1,0,-0.241712,352,256,388,469,0.1,0
534,48,0.8,0.135461,-0.107988,622,256,735,1204,0.4,0
534,128,0.2,0.0307631,-0.0427783,675,256,1617,2821,0.6,0
535,16,1,0,-0.304519,363,256,389,455,0.5,0
535,48,0.3,0.132758,-0.134989,612,256,590,1045,0.6,0
535,128,0.2,0.048837,-0.0436064,693,256,1275,2320,0.8,0
536,16,1,0,-0.208939,365,256,420,529,0.2,0
536,48,0.6,0.0860498,-0.104039,546,256,733,1262,0.7,0
536,128,0.3,0.0538191,-0.0761474,649,256,1824,3086,0.9,1
537,16,1,0,-0.284266,379,256,411,463,0.4,0
537,48,0.6,0.122708,-0.137513,584,256,581,1044,0.7,0
537,128,0.3,0.0515954,-0.0424972,650,256,1544,2588,0.9,1
538,16,1,0,-0.390609,311,256,334,400,0.7,0
538,48,0.3,0.14532,-0.173133,464,256,485,885,1,1
538,128,0,0.0299291,-0.147387,466,256,963,1848,1,1
539,16,1,0,-0.371145,268,256,286,419,0.8,0
539,48,0.2,0.151994,-0.154843,424,256,544,963,1,1
539,128,0,0.0324691,-0.0617575,408,256,1050,2013,1,1
540,16,1,0,-0.31428,341,256,396,464,0.8,0
540,48,0.1,0.106401,-0.158687,461,256,529,993,0.9,1
540,128,0.1,0.0292248,-0.0594725,446,256,963,1956,1,1
541,16,1,0,-0.22503,346,256,404,482,0.5,0
541,48,0.4,0.0964942,-0.201281,531,256,759,1241,0.7,0
541,128,0.3,0.0564616,-0.0432615,635,256,1714,2955,0.9,1
542,16,1,0,-0.390407,306,256,325,417,0.9,1
542,48,0.1,0.202019,-0.178887,453,256,416,833,1,1
542,128,0,0.0345385,-0.0710547,429,256,893,1726,1,1
543,16,1,0,-0.282144,338,256,364,458,0.5,0
543,48,0.4,0.130674,-0.131164,544,256,625,1083,0.8,0
543,128,0.2,0.0453157,-0.0471286,598,256,1278,2361,1,1
544,16,1,0,-0.307349,318,256,346,436,0.9,1
544,48,0.1,0.124134,-0.162056,449,256,520,956,1,1
544,128,0,0.032929,-0.0540051,448,256,1061,2017,1,1
545,16,1,0,-0.253656,342,256,373,470,0.6,0
545,48,0.3,0.113329,-0.112738,525,256,683,1153,0.9,1
545,128,0,0.0320789,-0.0456447,543,256,1164,2317,0.9,1
546,16,1,0,-0.330296,322,256,339,419,0.4,0
546,48,0.5,0.135326,-0.127292,567,256,601,1020,0.9,1
546,128,0.1,0.0445844,-0.0469169,623,256,1303,2323,1,1
547,16,1,0,-0.354214,282,256,311,407,0.7,0
547,48,0.2,0.176385,-0.166373,470,256,598,1005,0.9,1
547,128,0.1,0.0437133,-0.0733966,493,256,1187,2192,1,1
548,16,1,0,-0.382318,329,256,359,501,0.9,1
548,48,0.1,0.153087,-0.186248,466,256,509,1010,1,1
548,128,0,0.0405418,-0.0759943,462,256,1167,2177,1,1
549,16,1,0,-0.226404,322,256,344,396,0,0
549,48,0.6,0.128918,-0.109631,562,256,715,1111,0,0
549,128,0.9,0.0577245,-0.120915,725,256,1917,3028,0.4,0
550,16,1,0,-0.205206,343,256,393,461,0,0
550,48,0.9,0.111788,-0.15631,571,256,736,1197,0.6,0
550,128,0.3,0.0511751,-0.0459439,652,256,1545,2742,0.9,1
551,16,1,0,-0.237005,356,256,397,461,0,0
551,48,0.8,0.116222,-0.0955184,578,256,686,1147,0.1,0
551,128,0.8,0.0627869,-0.131287,750,256,1745,2892,0.3,0
552,16,1,0,-0.431518,355,256,375,473,0.5,0
552,48,0.4,0.13769,-0.167639,594,256,615,1088,0.9,1
552,128,0,0.0743718,-0.060762,721,256,1710,2798,0.9,1
553,16,1,0,-0.280394,333,256,355,465,0.5,0
553,48,0.5,0.121129,-0.131147,527,256,685,1150,0.8,0
553,128,0.2,0.0523793,-0.0451069,597,256,1441,2591,0.9,1
554,16,1,0,-0.316699,329,256,362,463,0.5,0
554,48,0.5,0.13866,-0.146029,544,256,725,1188,0.9,1
554,128,0.1,0.036394,-0.0889057,567,256,1283,2471,1,1
555,16,1,0,-0.371952,350,256,375,438,0.9,1
555,48,0.1,0.149225,-0.161363,515,256,589,1027,1,1
555,128,0,0.027596,-0.0603641,506,256,1267,2294,1,1
556,16,1,0,-0.262807,344,256,393,518,0.4,0
556,48,0.6,0.0944501,-0.140972,520,256,682,1200,0.9,1
556,128,0.1,0.0347839,-0.0464882,534,256,1281,2481,1,1
557,16,1,0,-0.290683,348,256,385,473,0.3,0
557,48,0.5,0.137017,-0.150191,536,256,611,1084,0.7,0
557,128,0.3,0.048156,-0.0481227,585,256,1314,2398,0.9,1
558,16,1,0,-0.347704,365,256,397,477,0.6,0
558,48,0.4,0.140107,-0.165241,539,256,671,1148,1,1
558,128,0,0.0405483,-0.0518479,571,256,1365,2513,1,1
559,16,1,0,-0.425106,244,256,259,389,0.9,1
559,48,0.1,0.2322,-0.191291,380,256,371,760,1,1
559,128,0,0.033311,-0.0768196,360,256,646,1406,1,1
560,16,1,0,-0.231597,362,256,394,493,0.2,0
560,48,0.3,0.0909406,-0.104897,545,256,609,1102,0.4,0
560,128,0.2,0.0414946,-0.0760943,611,256,1517,2619,0.5,0
561,16,1,0,-0.327295,312,256,349,444,0.8,0
561,48,0.2,0.121848,-0.130013,487,256,691,1135,1,1
561,128,0,0.0544809,-0.0475513,555,256,1568,2703,1,1
562,16,1,0,-0.406616,349,256,407,502,1,1
562,48,0,0.135064,-0.166217,487,256,585,1087,1,1
562,128,0,0.032118,-0.0677912,478,256,1234,2321,1,1
563,16,1,0,-0.31165,366,256,396,484,0.2,0
563,48,0.7,0.110126,-0.132078,583,256,783,1267,0.4,0
563,128,0.4,0.0536673,-0.0475717,664,256,1646,2913,0.6,0
564,16,1,0,-0.323938,318,256,346,434,1,1
564,48,0,0.132483,-0.146622,473,256,582,1016,1,1
564,128,0,0.0404885,-0.0515477,476,256,1273,2289,1,1
565,16,1,0,-0.267049,328,256,352,512,0.4,0
565,48,0.3,0.107777,-0.118132,481,256,509,1021,0.7,0
565,128,0.3,0.0319627,-0.0448035,509,256,1149,2170,1,1
566,16,1,0,-0.317678,324,256,371,466,0.8,0
566,48,0.2,0.130728,-0.145572,492,256,683,1149,1,1
566,128,0,0.0350644,-0.0533419,515,256,1399,2548,1,1
567,16,1,0,-0.431984,260,256,275,363,1,1
567,48,0,0.2389,-0.190362,403,256,379,742,1,1
567,128,0,0.0320814,-0.0686159,389,256,737,1479,1,1
568,16,1,0,-0.366527,297,256,315,379,0.9,1
568,48,0.1,0.122733,-0.282495,406,256,330,709,1,1
568,128,0,0.055369,-0.102296,455,256,1367,2076,1,1
569,16,1,0,-0.364541,342,256,387,482,1,1
569,48,0,0.129127,-0.190181,444,256,531,1013,1,1
569,128,0,0.0362828,-0.0647193,435,256,1106,2119,1,1
570,16,1,0,-0.287276,311,256,336,397,0.2,0
570,48,0.8,0.138402,-0.154269,538,256,649,1046,0.6,0
570,128,0.3,0.0400418,-0.0868168,611,256,1329,2375,0.9,1
571,16,1,0,-0.584266,232,248,247,379,1,1
571,48,0,0.351871,-0.240594,379,256,415,794,1,1
571,128,0,0.0358117,-0.0892262,358,256,1120,1914,1,1
572,16,1,0,-0.294854,322,256,349,427,0.3,0
572,48,0.5,0.133789,-0.182414,563,256,720,1147,0.4,0
572,128,0.3,0.0488102,-0.11411,636,256,1595,2742,0.6,0
573,16,1,0,-0.249012,358,256,422,550,0.7,0
573,48,0.3,0.0832487,-0.136695,506,256,700,1250,0.9,1
573,128,0.1,0.0290369,-0.0455549,525,256,1500,2750,1,1
574,16,1,0,-0.307087,312,256,347,433,0.8,0
574,48,0.2,0.1232,-0.143986,450,256,565,998,1,1
574,128,0,0.0283396,-0.0533336,443,256,1142,2140,1,1
575,16,1,0,-0.280697,326,256,368,478,0.8,0
575,48,0.2,0.118458,-0.135207,465,256,547,1025,1,1
575,128,0,0.0252462,-0.0558199,445,256,934,1959,1,1
576,16,1,0,-0.407978,277,256,295,363,1,1
576,48,0,0.164122,-0.182193,449,256,521,884,1,1
576,128,0,0.0434778,-0.0632742,465,256,1068,1952,1,1
577,16,1,0,-0.272222,370,256,408,506,0.6,0
577,48,0.1,0.0991853,-0.182166,540,256,658,1164,0.6,0
577,128,0.4,0.0319504,-0.0513789,567,256,1325,2489,1,1
578,16,1,0,-0.426104,215,231,230,354,0.9,1
578,48,0.1,0.317468,-0.117313,471,256,458,812,1,1
578,128,0,0.0371867,-0.0476496,506,256,1010,1822,1,1
579,16,1,0,-0.246483,355,256,392,476,0,0
579,48,1,0.156624,-0.149217,664,256,706,1182,0.5,0
579,128,0.2,0.0554979,-0.042157,755,256,1529,2711,0.7,0
580,16,1,0,-0.596893,293,256,319,479,1,1
580,48,0,0.201223,-0.362544,408,256,471,950,1,1
580,128,0,0.0683368,-0.142114,397,256,1024,1974,1,1
581,16,1,0,-0.280062,326,256,362,472,0.9,1
581,48,0,0.133379,-0.118449,562,256,734,1206,0.9,1
581,128,0.1,0.0462835,-0.0454656,635,256,1498,2704,1,1
582,16,1,0,-0.381488,381,256,419,499,0.8,0
582,48,0.2,0.142139,-0.204378,545,256,507,1006,1,1
582,128,0,0.0331912,-0.0726992,537,256,1386,2392,1,1
583,16,1,0,-0.523617,258,256,273,425,1,1
583,48,0,0.239733,-0.259999,399,256,441,866,1,1
583,128,0,0.0382994,-0.0955515,381,256,1069,1935,1,1
584,16,1,0,-0.395236,266,256,283,377,1,1
584,48,0,0.152592,-0.169156,401,256,506,883,1,1
584,128,0,0.0281465,-0.0635311,388,256,1110,1993,1,1
585,16,1,0,-0.598915,270,256,285,403,1,1
585,48,0,0.330558,-0.291152,398,256,290,693,1,1
585,128,0,0.0331596,-0.1214,362,256,565,1258,1,1
586,16,1,0,-0.196124,344,256,401,511,0,0
586,48,1,0.117384,-0.164097,558,256,559,1070,1,1
586,128,0,0.0359749,-0.0516774,591,256,1384,2454,1,1
587,16,1,0,-0.50294,263,256,285,432,1,1
587,48,0,0.285066,-0.226298,356,256,363,795,1,1
587,128,0,0.0214734,-0.113522,303,256,519,1314,1,1
588,16,1,0,-0.200816,362,256,416,496,0,0
588,48,0.7,0.104809,-0.0983544,576,256,734,1230,0.2,0
588,128,0.6,0.0495249,-0.139624,696,256,1771,3001,0.8,0
589,16,1,0,-0.45073,290,256,312,406,0.2,0
589,48,0.7,0.156983,-0.1703,532,256,757,1163,0.3,0
589,128,0.6,0.0578616,-0.175326,655,256,1796,2959,0.7,0
590,16,1,0,-0.300412,341,256,405,526,0.6,0
590,48,0.4,0.115463,-0.143406,521,256,696,1222,0.9,1
590,128,0.1,0.0303639,-0.0564852,516,256,1341,2563,1,1
591,16,1,0,-0.507318,371,256,392,472,0.2,0
591,48,0.8,0.211184,-0.158289,636,256,605,1077,1,1
591,128,0,0.0371281,-0.0628175,640,256,1227,2304,1,1
592,16,1,0,-0.333049,279,256,296,386,0.5,0
592,48,0.1,0.180509,-0.140189,487,256,644,1030,0.6,0
592,128,0.3,0.0392068,-0.0471597,517,256,1311,2341,0.9,1
593,16,1,0,-0.362296,330,256,357,429,0.5,0
593,48,0.4,0.147351,-0.146046,543,256,512,941,0.7,0
593,128,0.3,0.0491156,-0.0486086,588,256,1246,2187,1,1
594,16,1,0,-0.300098,367,256,423,501,0.3,0
594,48,0.5,0.112949,-0.102103,612,256,792,1293,0.4,0
594,128,0.5,0.0472065,-0.0374786,728,256,1749,3042,0.6,0
595,16,1,0,-0.656396,155,171,170,271,1,1
595,48,0,0.448188,-0.249474,346,256,283,554,1,1
595,128,0,0.0440909,-0.111595,322,256,437,991,1,1
596,16,1,0,-0.284658,318,256,343,440,0.3,0
596,48,0.4,0.137431,-0.130749,515,256,562,1002,0.5,0
596,128,0.1,0.0434772,-0.0455739,546,256,1470,2472,0.6,0
597,16,1,0,-0.287921,346,256,364,448,0.2,0
597,48,0.7,0.148964,-0.132817,552,256,501,949,0.5,0
597,128,0.3,0.0454257,-0.0452541,605,256,1138,2087,0.7,0
598,16,1,0,-0.246083,316,256,355,461,0.7,0
598,48,0.3,0.093953,-0.11181,450,256,598,1059,0.9,1
598,128,0.1,0.0339219,-0.0785543,490,256,1427,2486,1,1
599,16,1,0,-0.264958,334,256,373,512,0.7,0
599,48,0.3,0.116028,-0.127938,509,256,697,1209,1,1
599,128,0,0.0338962,-0.0488348,537,256,1473,2682,1,1
600,16,1,0,-0.355852,361,256,400,480,0.6,0
600,48,0.2,0.140788,-0.146833,569,256,627,1107,0.7,0
600,128,0.2,0.044419,-0.0638037,624,256,1541,2648,0.9,1
601,16,1,0,-0.352715,312,256,344,426,1,1
601,48,0,0.127752,-0.186432,465,256,477,903,1,1
601,128,0,0.0287952,-0.0619081,447,256,1139,2042,1,1
602,16,1,0,-0.638187,248,256,263,447,1,1
602,48,0,0.479637,-0.230128,365,256,388,835,1,1
602,128,0,0.0171405,-0.108641,307,256,521,1356,1,1
603,16,1,0,-0.205177,336,256,374,473,0,0
603,48,0.8,0.121097,-0.128587,610,256,852,1325,0.1,0
603,128,0.6,0.0521735,-0.0392,724,256,1805,3130,0.3,0
604,16,1,0,-0.245034,342,256,376,469,0.1,0
604,48,0.9,0.138975,-0.136511,615,256,791,1260,0.5,0
604,128,0.3,0.0579177,-0.0501445,722,256,1653,2913,0.7,0
605,16,1,0,-0.268321,369,256,437,559,0.6,0
605,48,0.4,0.0979642,-0.141749,521,256,661,1220,1,1
605,128,0,0.0364932,-0.0911669,537,256,1559,2779,1,1
606,16,1,0,-0.20771,339,256,378,471,0.2,0
606,48,0.4,0.121762,-0.0963745,607,256,813,1284,0.3,0
606,128,0.6,0.0611955,-0.039497,774,256,1820,3104,0.6,0
607,16,1,0,-0.204892,300,256,337,453,0,0
607,48,1,0.121065,-0.307584,525,256,560,1013,0.5,0
607,128,0.5,0.0578073,-0.0713059,617,256,1379,2392,1,1
608,16,1,0,-0.620089,256,256,271,382,1,1
608,48,0,0.242597,-0.390899,396,256,406,788,1,1
608,128,0,0.0625123,-0.130763,396,256,963,1751,1,1
609,16,1,0,-0.639544,278,256,293,407,1,1
609,48,0,0.293662,-0.259563,408,256,310,717,1,1
609,128,0,0.0281653,-0.102834,370,256,555,1272,1,1
610,16,1,0,-0.259968,338,256,387,521,0.7,0
610,48,0.1,0.0994746,-0.117657,489,256,695,1216,0.8,0
610,128,0,0.048956,-0.0509014,572,256,1630,2846,0.8,0
611,16,1,0,-0.389676,345,256,412,555,0.6,0
611,48,0.3,0.103749,-0.124042,485,256,748,1303,0.9,1
611,128,0.1,0.0269298,-0.0554584,484,256,1439,2742,1,1
612,16,1,0,-0.29877,331,256,358,472,0,0
612,48,0.6,0.122434,-0.114513,578,256,769,1241,0.4,0
612,128,0.4,0.0565154,-0.0932,717,256,1752,2993,0.8,0
613,16,1,0,-0.264129,383,256,420,501,0.2,0
613,48,0.6,0.113965,-0.123449,608,256,718,1219,0.7,0
613,128,0.1,0.0566107,-0.0473454,706,256,1682,2901,0.7,0
614,16,1,0,-0.226209,350,256,389,467,0.2,0
614,48,0.8,0.125966,-0.105157,621,256,816,1283,0.6,0
614,128,0.3,0.045956,-0.0435282,695,256,1735,3018,0.9,1
615,16,1,0,-0.269843,330,256,360,454,0,0
615,48,1,0.17355,-0.169992,685,256,692,1146,0.7,0
615,128,0.3,0.0533846,-0.0607903,749,256,1204,2350,1,1
616,16,1,0,-0.235075,367,256,413,577,0.2,0
616,48,0.8,0.111567,-0.121094,575,256,697,1274,0.7,0
616,128,0.2,0.0386439,-0.0476395,634,256,1659,2933,0.9,1
617,16,1,0,-0.21585,353,256,383,433,0,0
617,48,1,0.115134,-0.111922,598,256,777,1210,0.3,0
617,128,0.3,0.057687,-0.0414536,748,256,1898,3108,0.4,0
618,16,1,0,-0.230161,330,256,364,426,0,0
618,48,0.8,0.111373,-0.182354,555,256,727,1153,0.5,0
618,128,0.2,0.0527039,-0.116998,682,256,1782,2935,0.7,0
619,16,1,0,-0.376134,368,256,397,459,0.3,0
619,48,0.7,0.1351,-0.131592,604,256,735,1194,0.7,0
619,128,0,0.0593011,-0.0733735,721,256,1662,2856,0.7,0
620,16,1,0,-0.252756,397,256,432,510,0.1,0
620,48,0.9,0.136149,-0.123763,645,256,652,1162,0.6,0
620,128,0.2,0.048838,-0.0451499,716,256,1246,2408,0.8,0
621,16,1,0,-0.454387,283,256,301,401,1,1
621,48,0,0.181083,-0.232721,420,256,450,851,1,1
621,128,0,0.0334975,-0.0896418,391,256,867,1718,1,1
622,16,1,0,-0.188476,355,256,403,496,0,0
622,48,0.8,0.114977,-0.114278,648,256,755,1251,0.2,0
622,128,0.4,0.0587418,-0.0403317,777,256,1701,2952,0.3,0
623,16,1,0,-0.308946,351,256,408,483,0.8,0
623,48,0.2,0.0934241,-0.17322,490,256,627,1110,1,1
623,128,0,0.042572,-0.0536202,534,256,1560,2670,1,1
624,16,1,0,-0.262356,343,256,401,497,0.3,0
624,48,0.5,0.133498,-0.15754,603,256,842,1339,0.6,0
624,128,0.2,0.0466612,-0.044884,677,256,1757,3096,0.8,0
625,16,1,0,-0.295832,298,256,316,424,0.9,1
625,48,0,0.120811,-0.149566,414,256,514,938,0.9,1
625,128,0.1,0.0333601,-0.0603116,411,256,930,1868,1,1
626,16,1,0,-0.643142,212,228,227,334,1,1
626,48,0,0.484205,-0.205504,386,256,356,690,1,1
626,128,0,0.0254706,-0.0732944,336,256,568,1258,1,1
627,16,1,0,-0.517756,269,256,284,380,1,1
627,48,0,0.262007,-0.223731,453,256,419,799,1,1
627,128,0,0.0307039,-0.087654,422,256,674,1473,1,1
628,16,1,0,-0.350796,279,256,294,408,0.5,0
628,48,0.4,0.222086,-0.145543,527,256,570,978,0.8,0
628,128,0.2,0.0464956,-0.124857,584,256,1077,2055,1,1
629,16,1,0,-0.259131,307,256,345,484,0.8,0
629,48,0.2,0.0968484,-0.143933,425,256,538,1022,1,1
629,128,0,0.0287065,-0.131665,426,256,1297,2319,1,1
630,16,1,0,-0.381956,366,256,384,448,0.7,0
630,48,0.3,0.143124,-0.193066,500,256,499,947,1,1
630,128,0,0.026332,-0.0783837,478,256,1120,2067,1,1
631,16,1,0,-0.388082,343,256,382,476,1,1
631,48,0,0.115865,-0.18466,477,256,648,1124,1,1
631,128,0,0.0508327,-0.0564925,509,256,1512,2636,1,1
632,16,1,0,-0.224745,340,256,376,457,0.2,0
632,48,0.6,0.111868,-0.180706,581,256,749,1206,0.2,0
632,128,0.5,0.0497582,-0.111868,714,256,1625,2831,0.6,0
633,16,1,0,-0.260461,365,256,405,469,0.5,0
633,48,0.5,0.117231,-0.132728,550,256,651,1120,0.9,1
633,128,0.1,0.0401126,-0.0534163,594,256,1533,2653,1,1
634,16,1,0,-0.367197,341,256,382,526,0.8,0
634,48,0.2,0.136457,-0.183822,502,256,652,1178,1,1
634,128,0,0.0424596,-0.0756991,512,256,1339,2517,1,1
635,16,1,0,-0.259608,367,256,432,537,0.6,0
635,48,0.3,0.113772,-0.122716,564,256,725,1262,0.8,0
635,128,0.2,0.0461347,-0.0467755,602,256,1423,2685,1,1
636,16,1,0,-0.41653,358,256,393,472,0.6,0
636,48,0.4,0.159812,-0.134872,578,256,788,1260,0.9,1
636,128,0.1,0.0397748,-0.0538032,627,256,1583,2843,1,1
637,16,1,0,-0.344628,360,256,391,495,0.9,1
637,48,0,0.126405,-0.156962,511,256,551,1046,0.9,1
637,128,0.1,0.0409965,-0.0636591,538,256,1432,2478,1,1
638,16,1,0,-0.367055,253,256,268,336,0.2,0
638,48,0.8,0.246102,-0.133097,438,256,475,811,0.7,0
638,128,0.2,0.0304507,-0.0551623,434,256,698,1509,0.9,1
639,16,1,0,-0.316696,307,256,336,463,0.9,1
639,48,0.1,0.131591,-0.142508,481,256,659,1122,1,1
639,128,0,0.0462294,-0.0413752,538,256,1480,2602,1,1
640,16,1,0,-0.421704,384,256,403,464,0.6,0
640,48,0.4,0.225312,-0.216158,746,256,699,1163,0.7,0
640,128,0.3,0.0546363,-0.0534066,805,256,1270,2433,1,1
641,16,1,0,-0.376436,266,256,287,394,0.7,0
641,48,0.3,0.189575,-0.180255,436,256,508,902,1,1
641,128,0,0.0460523,-0.0581119,455,256,1079,1981,1,1
642,16,1,0,-0.360293,339,256,383,463,1,1
642,48,0,0.0931049,-0.165843,453,256,531,994,1,1
642,128,0,0.0322884,-0.0649482,459,256,1355,2349,1,1
643,16,1,0,-0.311307,311,256,339,495,1,1
643,48,0,0.100554,-0.152289,427,256,448,943,1,1
643,128,0,0.0206914,-0.0641393,392,256,856,1799,1,1
644,16,1,0,-0.289581,293,256,322,446,0.7,0
644,48,0.2,0.131152,-0.133529,457,256,680,1126,0.9,1
644,128,0,0.0459173,-0.0469194,516,256,1518,2644,0.9,1
645,16,1,0,-0.340991,363,256,410,526,0.6,0
645,48,0.4,0.112606,-0.16387,565,256,748,1274,0.8,0
645,128,0.2,0.0442554,-0.0413053,624,256,1671,2945,0.9,1
646,16,1,0,-0.221805,387,256,452,548,0.1,0
646,48,0.8,0.101332,-0.152469,617,256,714,1262,0.6,0
646,128,0.2,0.0423258,-0.0453575,710,256,1754,3016,0.7,0
647,16,1,0,-0.41225,260,256,277,344,0.4,0
647,48,0.6,0.217126,-0.201034,424,256,516,860,1,1
647,128,0,0.0452784,-0.083978,456,256,835,1695,1,1
648,16,1,0,-0.284202,381,256,427,507,0,0
648,48,0.8,0.125775,-0.121042,643,256,809,1316,0.4,0
648,128,0.2,0.0346583,-0.049957,712,256,1611,2927,0.6,0
649,16,1,0,-0.412756,296,256,315,431,0.9,1
649,48,0.1,0.127823,-0.233067,408,256,397,828,1,1
649,128,0,0.0455217,-0.0775244,413,256,1224,2052,1,1
650,16,1,0,-0.322172,360,256,401,481,0.9,1
650,48,0.1,0.120541,-0.1639,503,256,540,1021,1,1
650,128,0,0.0420603,-0.0614133,509,256,1327,2348,1,1
651,16,1,0,-0.274938,362,256,401,540,0.4,0
651,48,0.4,0.112159,-0.141031,566,256,667,1207,0.7,0
651,128,0.2,0.0450523,-0.0466947,620,256,1479,2686,0.9,1
652,16,1,0,-0.202164,360,256,430,541,0.1,0
652,48,0.5,0.0892076,-0.100649,563,256,753,1294,0.6,0
652,128,0.3,0.0555267,-0.0434353,701,256,1788,3082,0.8,0
653,16,1,0,-0.291156,349,256,364,449,0.2,0
653,48,0.6,0.141766,-0.20747,612,256,680,1129,0.5,0
653,128,0.2,0.0517734,-0.0460781,696,256,1704,2833,0.7,0
654,16,1,0,-0.255775,377,256,427,565,0,0
654,48,1,0.15667,-0.151442,638,256,576,1141,0.8,0
654,128,0.2,0.0395516,-0.0547111,680,256,1365,2506,0.9,1
655,16,1,0,-0.48384,384,256,400,464,1,1
655,48,0,0.239295,-0.176225,600,256,533,997,1,1
655,128,0,0.0407208,-0.070517,603,256,1229,2226,1,1
656,16,1,0,-0.406243,302,256,324,411,1,1
656,48,0,0.178333,-0.200363,446,256,529,940,1,1
656,128,0,0.0328742,-0.0735336,424,256,1041,1981,1,1
657,16,1,0,-0.518015,205,221,220,360,1,1
657,48,0,0.306898,-0.217578,350,256,401,761,1,1
657,128,0,0.025091,-0.093148,318,256,704,1465,1,1
658,16,1,0,-0.516526,353,256,394,446,0.7,0
658,48,0.3,0.143304,-0.179023,518,256,686,1132,0.9,1
658,128,0.1,0.0421003,-0.0679032,521,256,1358,2490,1,1
659,16,1,0,-0.259873,361,256,397,491,0.2,0
659,48,0.7,0.108837,-0.254824,603,256,750,1241,0.4,0
659,128,0.4,0.0515802,-0.0400415,742,256,1806,3047,0.5,0
660,16,1,0,-0.330517,311,256,352,452,0.9,1
660,48,0.1,0.121597,-0.134121,446,256,560,1012,1,1
660,128,0,0.0149895,-0.0617791,412,256,861,1873,1,1
661,16,1,0,-0.328164,313,256,330,398,0.5,0
661,48,0.4,0.155642,-0.148282,529,256,584,982,0.7,0
661,128,0.2,0.0464956,-0.0490175,599,256,1393,2375,0.9,1
662,16,1,0,-0.364031,293,256,314,422,0.9,1
662,48,0.1,0.170854,-0.170659,466,256,553,975,1,1
662,128,0,0.0264926,-0.0618673,442,256,1053,2028,1,1
663,16,1,0,-0.550977,254,256,270,389,0.7,0
663,48,0.3,0.317528,-0.280752,392,256,358,747,1,1
663,128,0,0.0863358,-0.107261,407,256,991,1738,1,1
664,16,1,0,-0.213728,352,256,431,515,0.7,0
664,48,0.1,0.0795907,-0.10381,518,256,650,1165,0.7,0
664,128,0.1,0.0481613,-0.0831795,618,256,1588,2753,0.7,0
665,16,1,0,-0.330758,311,256,335,419,0.9,1
665,48,0.1,0.120022,-0.26708,431,256,486,905,1,1
665,128,0,0.0386422,-0.0596941,452,256,1244,2149,1,1
666,16,1,0,-0.30087,340,256,371,481,0.3,0
666,48,0.4,0.126913,-0.156767,543,256,653,1134,0.6,0
666,128,0.2,0.0544328,-0.0458733,660,256,1655,2789,0.8,0
667,16,1,0,-0.241173,330,256,367,502,0.3,0
667,48,0.6,0.156982,-0.138196,568,256,599,1101,0.8,0
667,128,0.2,0.0272368,-0.0389663,589,256,1221,2322,1,1
668,16,1,0,-0.299053,348,256,376,430,0.5,0
668,48,0.4,0.164343,-0.213299,585,256,476,906,0.7,0
668,128,0.3,0.0454231,-0.0474664,641,256,1117,2023,1,1
669,16,1,0,-0.283881,371,256,411,521,0.3,0
669,48,0.5,0.13177,-0.115148,618,256,673,1194,0.7,0
669,128,0.3,0.0437844,-0.041773,676,256,1620,2814,0.9,1
670,16,1,0,-0.298933,330,256,350,416,0.2,0
670,48,0.5,0.131232,-0.127151,564,256,704,1120,0.6,0
670,128,0.2,0.0514828,-0.0592469,664,256,1700,2820,0.7,0
671,16,1,0,-0.227729,357,256,394,469,0.1,0
671,48,0.9,0.124353,-0.144191,609,256,698,1167,0.8,0
671,128,0.2,0.0528154,-0.0469364,721,256,1813,2980,1,1
672,16,1,0,-0.422641,304,256,324,437,1,1
672,48,0,0.176272,-0.190767,456,256,412,849,1,1
672,128,0,0.0390922,-0.078054,452,256,933,1782,1,1
673,16,1,0,-0.297987,337,256,392,503,0.8,0
673,48,0.2,0.106173,-0.153615,500,256,655,1158,1,1
673,128,0,0.0321901,-0.0554751,512,256,1271,2429,1,1
674,16,1,0,-0.306237,338,256,367,459,0.5,0
674,48,0.5,0.128475,-0.161816,497,256,560,1019,1,1
674,128,0,0.0369573,-0.0538964,495,256,1190,2209,1,1
675,16,1,0,-0.207359,322,256,365,433,0.2,0
675,48,0.1,0.101362,-0.0943958,510,256,686,1119,0.2,0
675,128,0.5,0.0476663,-0.0735622,624,256,1675,2794,0.5,0
676,16,1,0,-0.283885,341,256,369,449,0.7,0
676,48,0.3,0.0950239,-0.135682,473,256,621,1070,0.8,0
676,128,0.2,0.042728,-0.0442952,509,256,1316,2386,1,1
677,16,1,0,-0.270328,385,256,420,482,0,0
677,48,0.6,0.103595,-0.102306,603,256,736,1218,0.1,0
677,128,0.6,0.052447,-0.168501,738,256,1717,2935,0.4,0
678,16,1,0,-0.348927,311,256,330,439,0.8,0
678,48,0.2,0.115085,-0.18657,433,256,436,875,1,1
678,128,0,0.0171885,-0.0739438,398,256,817,1692,1,1
679,16,1,0,-0.257704,337,256,363,442,0.3,0
679,48,0.4,0.123227,-0.144638,543,256,624,1066,0.6,0
679,128,0.1,0.0353023,-0.0398333,585,256,1418,2484,0.7,0
680,16,1,0,-0.24799,377,256,433,526,0.2,0
680,48,0.8,0.115025,-0.228421,602,256,687,1213,0.8,0
680,128,0.1,0.03256,-0.106047,646,256,1518,2731,0.8,0
681,16,1,0,-0.291425,306,256,348,468,0,0
681,48,1,0.145635,-0.249375,495,256,594,1062,0.9,1
681,128,0.1,0.0346683,-0.0563376,509,256,1236,2298,1,1
682,16,1,0,-0.250847,356,256,410,520,0.1,0
682,48,0.8,0.119662,-0.14694,632,256,851,1371,0.5,0
682,128,0.5,0.0611103,-0.0366883,737,256,1761,3132,0.9,1
683,16,1,0,-0.486371,274,256,294,390,1,1
683,48,0,0.167742,-0.212675,432,256,501,891,1,1
683,128,0,0.0651852,-0.0622615,461,256,1243,2134,1,1
684,16,1,0,-0.345449,349,256,372,516,0.9,1
684,48,0.1,0.121882,-0.141714,505,256,646,1162,1,1
684,128,0,0.0371514,-0.0545074,518,256,1391,2553,1,1
685,16,1,0,-0.585144,292,256,313,408,0.8,0
685,48,0.2,0.23437,-0.400717,413,256,369,777,1,1
685,128,0,0.0761308,-0.190402,391,256,877,1654,1,1
686,16,1,0,-0.220614,352,256,401,481,0.3,0
686,48,0.5,0.0996412,-0.134437,538,256,772,1253,0.8,0
686,128,0.2,0.0487449,-0.0623926,632,256,1713,2966,1,1
687,16,1,0,-0.285316,370,256,413,504,0.5,0
687,48,0.4,0.0930664,-0.11779,527,256,586,1090,0.9,1
687,128,0.1,0.0391806,-0.0459078,564,256,1424,2514,1,1
688,16,1,0,-0.516217,288,256,308,407,1,1
688,48,0,0.191363,-0.223118,438,256,437,844,1,1
688,128,0,0.0550356,-0.084215,452,256,1064,1908,1,1
689,16,1,0,-0.319401,375,256,409,489,0.7,0
689,48,0.3,0.154662,-0.155164,590,256,531,1020,1,1
689,128,0,0.040281,-0.05825,605,256,1253,2273,1,1
690,16,1,0,-0.227466,365,256,414,490,0.2,0
690,48,0.4,0.0851825,-0.110494,555,256,742,1232,0.4,0
690,128,0.4,0.0474852,-0.0416643,637,256,1555,2787,0.6,0
691,16,1,0,-0.32,292,256,309,454,1,1
691,48,0,0.149898,-0.146168,444,256,543,997,1,1
691,128,0,0.0304293,-0.049921,455,256,1152,2149,1,1
692,16,1,0,-0.505316,261,256,276,405,1,1
692,48,0,0.302266,-0.192467,412,256,401,806,1,1
692,128,0,0.0393338,-0.0627121,414,256,726,1532,1,1
693,16,1,0,-0.371936,286,256,304,394,0.5,0
693,48,0.3,0.153344,-0.139069,497,256,564,958,0.7,0
693,128,0.3,0.0438409,-0.0463861,538,256,1393,2351,1,1
694,16,1,0,-0.29207,375,256,455,578,0.4,0
694,48,0.5,0.111434,-0.128986,567,256,625,1203,0.9,1
694,128,0.1,0.0451248,-0.0641584,631,256,1774,2977,1,1
695,16,1,0,-0.276543,319,256,365,440,0.8,0
695,48,0.2,0.106781,-0.136841,459,256,607,1047,0.9,1
695,128,0.1,0.0364017,-0.0502222,479,256,1384,2431,1,1
696,16,1,0,-0.214138,357,256,407,502,0.4,0
696,48,0.6,0.0969112,-0.105596,548,256,717,1219,0.7,0
696,128,0.2,0.0439215,-0.0412725,631,256,1682,2901,0.8,0
697,16,1,0,-0.619606,246,256,261,368,0.1,0
697,48,0.9,0.29573,-0.309953,455,256,413,781,1,1
697,128,0,0.0451947,-0.0888565,452,256,996,1777,1,1
698,16,1,0,-0.220921,319,256,346,433,0,0
698,48,0.7,0.115363,-0.122379,561,256,623,1056,0.3,0
698,128,0.5,0.0577478,-0.0410643,717,256,1796,2852,0.5,0
699,16,1,0,-0.294312,256,256,271,388,0.4,0
699,48,0.4,0.170086,-0.109639,448,256,454,842,0.8,0
699,128,0.1,0.0251821,-0.0387315,445,256,767,1609,0.9,1
700,16,1,0,-0.312624,353,256,388,482,0.6,0
700,48,0.4,0.148022,-0.178153,569,256,684,1166,1,1
700,128,0,0.0301363,-0.0483815,584,256,1416,2582,1,1
701,16,1,0,-0.220971,362,256,402,505,0.1,0
701,48,0.4,0.115187,-0.125997,582,256,782,1287,0.1,0
701,128,0.7,0.0471153,-0.0397668,681,256,1663,2950,0.7,0
702,16,1,0,-0.252715,345,256,391,520,0.4,0
702,48,0.4,0.126946,-0.131616,523,256,633,1153,0.7,0
702,128,0.3,0.0301277,-0.0503452,551,256,1354,2507,0.9,1
703,16,1,0,-0.324211,336,256,372,455,0.9,1
703,48,0.1,0.124084,-0.161256,473,256,552,1007,1,1
703,128,0,0.0376816,-0.0644588,488,256,1409,2416,1,1
704,16,1,0,-0.303446,297,256,316,405,0.5,0
704,48,0.4,0.127588,-0.13424,480,256,610,1015,0.7,0
704,128,0.3,0.0473978,-0.0472386,537,256,1362,2377,1,1
705,16,1,0,-0.2962,331,256,364,487,0.5,0
705,48,0.5,0.125873,-0.122068,522,256,615,1102,1,1
705,128,0,0.029298,-0.0476604,538,256,1188,2290,1,1
706,16,1,0,-0.432313,269,256,290,388,0.8,0
706,48,0.2,0.196076,-0.173877,447,256,588,976,1,1
706,128,0,0.0553017,-0.0527681,507,256,1508,2484,1,1
707,16,1,0,-0.282171,353,256,386,466,0.6,0
707,48,0.3,0.124118,-0.130389,525,256,670,1136,0.9,1
707,128,0.1,0.0403939,-0.0457858,568,256,1524,2660,0.9,1
708,16,1,0,-0.307219,364,256,398,516,0.5,0
708,48,0.4,0.116493,-0.174777,548,256,656,1172,0.9,1
708,128,0,0.0392122,-0.0476368,583,256,1445,2617,0.9,1
709,16,1,0,-0.273912,334,256,359,490,0.5,0
709,48,0.5,0.114101,-0.123629,495,256,693,1183,0.9,1
709,128,0,0.0431305,-0.0403434,561,256,1397,2580,0.9,1
710,16,1,0,-0.397314,264,256,279,388,1,1
710,48,0,0.174632,-0.160649,417,256,537,925,1,1
710,128,0,0.0360364,-0.0582868,416,256,1069,1994,1,1
711,16,1,0,-0.418641,291,256,312,424,1,1
711,48,0,0.17197,-0.179637,432,256,440,864,1,1
711,128,0,0.038813,-0.0672672,439,256,1091,1955,1,1
712,16,1,0,-0.210564,364,256,415,513,0,0
712,48,1,0.137337,-0.17116,633,256,601,1114,1,1
712,128,0,0.0516541,-0.0502521,710,256,1554,2668,1,1
713,16,1,0,-0.253154,320,256,344,455,0.1,0
713,48,0.8,0.147525,-0.127413,526,256,693,1148,0.9,1
713,128,0.1,0.0326145,-0.107316,555,256,1493,2641,0.9,1
714,16,1,0,-0.339244,353,256,380,478,0.1,0
714,48,0.8,0.169296,-0.118608,641,256,704,1182,0.6,0
714,128,0.4,0.0464179,-0.0374202,722,256,1463,2645,0.9,1
715,16,1,0,-0.61805,227,243,242,347,1,1
715,48,0,0.331435,-0.288963,349,256,319,666,1,1
715,128,0,0.0278967,-0.128212,298,256,563,1229,1,1
716,16,1,0,-0.235921,375,256,421,505,0.2,0
716,48,0.4,0.109936,-0.115959,616,256,751,1256,0.4,0
716,128,0.5,0.0518789,-0.0855217,728,256,1619,2875,0.6,0
717,16,1,0,-0.255838,381,256,439,512,0.2,0
717,48,0.3,0.10225,-0.111913,587,256,731,1243,0.2,0
717,128,0.6,0.0508244,-0.0839012,711,256,1805,3048,0.7,0
718,16,1,0,-0.307625,301,256,328,456,0.8,0
718,48,0.2,0.136229,-0.138709,471,256,539,995,1,1
718,128,0,0.035292,-0.0437971,481,256,1137,2132,1,1
719,16,1,0,-0.229494,344,256,387,469,0.5,0
719,48,0.4,0.108908,-0.109595,541,256,666,1135,0.7,0
719,128,0.2,0.0469316,-0.0727398,610,256,1677,2812,0.7,0
720,16,1,0,-0.28888,333,256,367,471,0,0
720,48,0.8,0.126313,-0.0945382,540,256,720,1191,0.1,0
720,128,0.7,0.055517,-0.0317398,669,256,1780,2971,0.2,0
721,16,1,0,-0.325355,341,256,379,505,0.7,0
721,48,0.3,0.111645,-0.148163,471,256,599,1104,1,1
721,128,0,0.0301852,-0.0861699,473,256,1193,2297,1,1
722,16,1,0,-0.200211,329,256,362,457,0,0
722,48,1,0.151775,-0.176104,671,256,701,1158,0.6,0
722,128,0.2,0.0594222,-0.0472167,817,256,1565,2723,0.7,0
723,16,1,0,-0.339565,282,256,314,451,0.8,0
723,48,0.2,0.15593,-0.160009,465,256,572,1023,1,1
723,128,0,0.0413034,-0.0458048,510,256,1447,2470,1,1
724,16,1,0,-0.353251,376,256,411,475,0.1,0
724,48,0.8,0.096197,-0.143574,590,256,757,1232,0.4,0
724,128,0.3,0.0465099,-0.0450288,705,256,1734,2966,0.6,0
725,16,1,0,-0.347157,317,256,350,492,0.4,0
725,48,0.6,0.161612,-0.145557,469,256,560,1052,0.9,1
725,128,0,0.0302961,-0.0604315,469,256,1215,2267,0.9,1
726,16,1,0,-0.224114,347,256,381,449,0.4,0
726,48,0.3,0.104427,-0.100437,533,256,693,1142,0.5,0
726,128,0.3,0.0431986,-0.0922274,617,256,1609,2751,0.7,0
727,16,1,0,-0.383808,301,256,324,416,0.9,1
727,48,0.1,0.144149,-0.170462,457,256,491,907,1,1
727,128,0,0.0412392,-0.061346,449,256,1197,2104,1,1
728,16,1,0,-0.512404,337,256,369,491,1,1
728,48,0,0.190657,-0.282692,493,256,613,1104,1,1
728,128,0,0.0436715,-0.127906,461,256,1308,2412,1,1
729,16,1,0,-0.309864,311,256,334,430,0.4,0
729,48,0.6,0.133728,-0.134477,496,256,503,933,0.8,0
729,128,0,0.0348645,-0.0532722,515,256,1122,2055,0.8,0
730,16,1,0,-0.344675,306,256,331,427,0.7,0
730,48,0.3,0.143378,-0.13546,474,256,508,935,1,1
730,128,0,0.0391372,-0.0467339,524,256,1175,2110,1,1
731,16,1,0,-0.218353,345,256,402,478,0.3,0
731,48,0.5,0.0919395,-0.126952,511,256,640,1118,0.3,0
731,128,0.4,0.0494851,-0.0470807,595,256,1650,2768,0.6,0
732,16,1,0,-0.224758,376,256,409,480,0.2,0
732,48,0.8,0.123253,-0.170909,582,256,565,1045,0.8,0
732,128,0.1,0.0386905,-0.0544955,624,256,1321,2366,0.9,1
733,16,1,0,-0.510156,194,210,209,312,1,1
733,48,0,0.279749,-0.202901,373,256,394,706,1,1
733,128,0,0.0398134,-0.0799792,350,256,861,1567,1,1
734,16,1,0,-0.327287,305,256,338,434,0.9,1
734,48,0.1,0.128647,-0.133729,444,256,583,1017,1,1
734,128,0,0.0269926,-0.0560526,436,256,1051,2068,1,1
735,16,1,0,-0.258429,341,256,384,480,0.4,0
735,48,0.6,0.121859,-0.138358,541,256,673,1153,0.8,0
735,128,0.2,0.0389132,-0.0803013,614,256,1551,2704,1,1
736,16,1,0,-0.219041,399,256,471,553,0.2,0
736,48,0.5,0.0967436,-0.11977,614,256,772,1325,0.4,0
736,128,0.4,0.048468,-0.097704,688,256,1676,3001,0.6,0
737,16,1,0,-0.316484,283,256,303,425,0.7,0
737,48,0.2,0.135459,-0.242549,446,256,610,1035,0.9,1
737,128,0.1,0.0340651,-0.0607775,462,256,1187,2222,1,1
738,16,1,0,-0.354425,339,256,373,453,0.7,0
738,48,0.2,0.133882,-0.232541,525,256,524,977,0.9,1
738,128,0.1,0.0501153,-0.0513936,585,256,1134,2111,1,1
739,16,1,0,-0.288666,321,256,348,438,0.4,0
739,48,0.1,0.108047,-0.179993,507,256,603,1041,0.5,0
739,128,0.2,0.0522869,-0.0916926,592,256,1792,2833,0.7,0
740,16,1,0,-0.378744,358,256,396,450,0.6,0
740,48,0.4,0.128558,-0.130086,564,256,653,1103,1,1
740,128,0,0.0351045,-0.0478061,601,256,1400,2503,1,1
741,16,1,0,-0.240377,325,256,352,439,0.3,0
741,48,0.2,0.11532,-0.153064,530,256,753,1192,0.4,0
741,128,0.3,0.0530573,-0.0437913,635,256,1741,2933,0.4,0
742,16,1,0,-0.347401,331,256,362,476,0.6,0
742,48,0.4,0.125427,-0.176468,519,256,632,1108,1,1
742,128,0,0.0522071,-0.0438013,596,256,1569,2677,1,1
743,16,1,0,-0.254254,400,256,431,532,0.4,0
743,48,0.4,0.128075,-0.1667,641,256,760,1292,0.7,0
743,128,0.3,0.0507306,-0.151819,712,256,1555,2847,0.9,1
744,16,1,0,-0.263259,370,256,416,528,0.2,0
744,48,0.8,0.127957,-0.207127,593,256,766,1294,0.5,0
744,128,0.1,0.0404854,-0.0379331,668,256,1695,2989,0.6,0
745,16,1,0,-0.36042,243,256,258,346,0,0
745,48,1,0.268181,-0.255531,585,256,524,870,1,1
745,128,0,0.0828182,-0.0717811,693,256,1083,1953,1,1
746,16,1,0,-0.210907,347,256,403,511,0.1,0
746,48,0.8,0.129312,-0.147288,593,256,791,1302,0.2,0
746,128,0.4,0.0442549,-0.0943932,687,256,1790,3092,0.4,0
747,16,1,0,-0.288981,385,256,429,543,0.7,0
747,48,0.2,0.0998123,-0.119168,540,256,687,1230,0.9,1
747,128,0,0.0314386,-0.0413039,569,256,1618,2848,0.9,1
748,16,1,0,-0.49981,227,243,242,351,0.9,1
748,48,0.1,0.312014,-0.20201,385,256,462,813,1,1
748,128,0,0.0352726,-0.0833476,375,256,1012,1825,1,1
749,16,1,0,-0.27817,368,256,417,524,0.6,0
749,48,0.2,0.107911,-0.135744,551,256,739,1263,0.6,0
749,128,0.2,0.0483093,-0.0470584,615,256,1721,2984,0.8,0
750,16,1,0,-0.211672,341,256,375,443,0,0
750,48,1,0.127517,-0.177843,606,256,852,1295,0.4,0
750,128,0.6,0.0469984,-0.046871,690,256,1702,2997,0.6,0
751,16,1,0,-0.262455,337,256,368,466,0.8,0
751,48,0.2,0.108145,-0.112171,490,256,662,1128,1,1
751,128,0,0.0317515,-0.0391743,517,256,1302,2430,1,1
752,16,1,0,-0.403067,272,256,289,351,0.4,0
752,48,0.6,0.208356,-0.140502,482,256,514,865,0.9,1
752,128,0.1,0.0438325,-0.0458706,497,256,873,1738,1,1
753,16,1,0,-0.227398,341,256,391,487,0,0
753,48,0.6,0.106399,-0.246697,557,256,700,1187,0.3,0
753,128,0.4,0.0525463,-0.044484,677,256,1562,2749,0.6,0
754,16,1,0,-0.361088,337,256,364,444,0.8,0
754,48,0.2,0.152298,-0.170668,475,256,528,972,1,1
754,128,0,0.0399189,-0.0811104,475,256,1177,2149,1,1
755,16,1,0,-0.284502,318,256,348,422,0.7,0
755,48,0.2,0.125138,-0.120739,523,256,699,1121,0.8,0
755,128,0.2,0.0357559,-0.0553375,584,256,1546,2667,1,1
756,16,1,0,-0.429457,249,256,264,347,1,1
756,48,0,0.20364,-0.209565,377,256,376,723,1,1
756,128,0,0.0385153,-0.0836034,367,256,892,1615,1,1
757,16,1,0,-0.23488,371,256,434,539,0.4,0
757,48,0.4,0.0900734,-0.107383,577,256,694,1233,0.5,0
757,128,0.5,0.0475879,-0.0435892,675,256,1694,2927,0.6,0
758,16,1,0,-0.390441,338,256,358,420,1,1
758,48,0,0.142999,-0.243492,486,256,497,917,1,1
758,128,0,0.035563,-0.0719536,488,256,1239,2156,1,1
759,16,1,0,-0.319314,339,256,380,491,0.8,0
759,48,0.2,0.122826,-0.126596,525,256,725,1216,0.9,1
759,128,0.1,0.0326152,-0.0431197,543,256,1627,2843,1,1
760,16,1,0,-0.231717,315,256,336,476,0.5,0
760,48,0.3,0.0886796,-0.122489,450,256,537,1013,0.8,0
760,128,0.1,0.023885,-0.0463825,450,256,883,1896,0.9,1
761,16,1,0,-0.272069,393,256,438,530,0.2,0
761,48,0.6,0.116077,-0.129287,638,256,707,1237,0.5,0
761,128,0.5,0.0508216,-0.0434308,732,256,1609,2846,0.8,0
762,16,1,0,-0.265464,314,256,346,439,0,0
762,48,0.8,0.145845,-0.108714,542,256,577,1016,0.3,0
762,128,0.7,0.0480677,-0.0412776,630,256,1471,2487,0.9,1
763,16,1,0,-0.385644,259,256,274,362,0.7,0
763,48,0.3,0.20001,-0.167016,454,256,554,916,0.9,1
763,128,0.1,0.0504479,-0.0482767,494,256,1444,2360,1,1
764,16,1,0,-0.27349,359,256,416,549,0.6,0
764,48,0.3,0.125004,-0.122916,531,256,699,1248,0.7,0
764,128,0.2,0.0466366,-0.0494894,585,256,1610,2858,0.9,1
765,16,1,0,-0.287068,356,256,386,469,0.6,0
765,48,0.2,0.11308,-0.12989,500,256,613,1082,0.8,0
765,128,0.1,0.0388926,-0.122463,520,256,1461,2543,0.9,1
766,16,1,0,-0.393315,306,256,327,381,0.9,1
766,48,0.1,0.172533,-0.195727,490,256,603,984,1,1
766,128,0,0.041853,-0.0744586,500,256,1307,2291,1,1
767,16,1,0,-0.222466,350,256,396,464,0.2,0
767,48,0.5,0.100501,-0.183311,548,256,752,1216,0.4,0
767,128,0.4,0.0457312,-0.0395827,650,256,1761,2977,0.7,0
