dataset,role,position,source_id,frozen_source_identity_sha256,vector_sha256
sift_100k,profiling_cost_only,0,18594,3f681a9acaa2d09a4847333183713289ec7a028f503688e4b57e422f4c17c536,669eb5b56105686504eadd5733499324da513516ba6d67fb60dc10c8fb069986
sift_100k,profiling_cost_only,1,19994,c28a308961ba9847a0c528e3e73840a1ae1dc143efbed6e05466eee4333350b0,ec2d60ba9d89886d076fe63587562839168dadf42f3cdbd1199a65a45ba9d278
sift_100k,profiling_cost_only,2,4736,d276cc13fb01134f1a50d5ce62bf4d2c8f9c035dca72d5211912299a4b2fb643,64af767b48e3c55f290250ddb7eb8c32a8bba02fba5d9cfe5750ceb26a71e243
sift_100k,profiling_cost_only,3,14373,c40204c6ab056b633a70a2dc905ee9b29885fe2111c0e09e984b71d10baec95b,12d115d9b2ba2dcb17b7a1cc9b44ede48b55651b738178b0522a3063047dc9de
sift_100k,profiling_cost_only,4,18573,f9dddd5a33386fde997e66b4f85f1e22e4a2423a9ca63c4bb7a2902a9d22f1ff,70a8561c2c4ddeed5f557fc9a5dd58d17a719bb28cb3e036b2787af6a6571d57
sift_100k,profiling_cost_only,5,24589,d280376688d9e768bf1e0be68c0787bc390578f90d6c73d84dd65fde837d5419,04eef2f323709cab4c247b35d74acccbce7d9db8587426077e36e796b7647b58
sift_100k,profiling_cost_only,6,4244,f25910ad20386cc0909866083a1ebaaeb034695f11b10de784c9544d5b87cca1,9cebd25ca4d024008123beae92a889f3319b6f85bd064afe8bba4504e2de6495
sift_100k,profiling_cost_only,7,3866,d8b7a13ce6e572100294ca1e4d25d5181714350a521e6eaf29eead03f65aec3f,d18a9573d814ef4452656905cd737682292af73947d4f541a541f85e12571acb
sift_100k,profiling_cost_only,8,12781,e616543ccb4ee06dbbd44740b732697a45ea2c8d18328c3840b91342c3a388fc,03726fafbbf356542235c9fcfe06e6f8704957813da7dc8fcdb74f8ac993baec
sift_100k,profiling_cost_only,9,16202,29175cc368004613f2a9f2ec89136f74e0627538a1fccca1ba231a2a202bee62,3bb520c0e730a6bd508e471ff8343c08b06839fb3b06d99017e708e62316368a
sift_100k,profiling_cost_only,10,2544,0e28de91bc35b402755b9a9b901022c999ef702eea22bd43f87e1fa2d4bb0320,280451a396b757b6bc56b3201db98e7d4a236a58f08d548bc5f3dea6d64ba1cc
sift_100k,profiling_cost_only,11,1276,5e16540e5de3d81a1fda480a6501dfff7e310f5f788212f2e8acb4720add2012,10d42b22ac427a1566d2a46e58378cf6312b5a7b00980791265f6585a0b87bff
sift_100k,profiling_cost_only,12,10333,5c6951d3527be5b26886642bc6786d60e1825c5e4621e3b8cb41bc84b70efbfa,bdd1739b8ab63961ba7baedd444a5777b3449c784c359be4d9435583ab19f8c1
sift_100k,profiling_cost_only,13,3613,1f0fd524d0c08142b10e1a112313a5f7e5bf16b590c4a4f20d0e7aa66ddfedc5,8c7d68463a423bc9b4a1a88a0b7375e64bf914aabbd63e87d0b94c4bc0c11a39
sift_100k,profiling_cost_only,14,8983,fe1357244824548ec0f8eb562e58022fd83bd6be1b570048fb5d02f6aecb515e,d29fecc58fbf562645f6643c0ae48da18dbbfcc38f20647d6ac5a2369caf81dd
sift_100k,profiling_cost_only,15,23036,29d3936da4d7f7dd0e80f05d185a0fc3da5e7659ba3a5622ba3da4aa2016616e,8994b148ef8c3026ed652feb71eefb132c0b26e808dcc4a5a83a4238ae6d8c5a
sift_100k,profiling_cost_only,16,191,0d09ac7b49326a591f79316a3c71121bcb82747eeed690fb73ed4e4be52a335a,69565888f9f9329bfbc9add7881d4a71718a562b53dd8f45ef709fd9f6fcb0f6
sift_100k,profiling_cost_only,17,6884,c84fcef85b6c85a56819c8b9fd3acb6dda6e2d5c197f9bb3ff36f929ebea25a0,f26867b2013c5d38b7d69fbadfe211942f1e8a95b35ba275a189ac4475bbbaa0
sift_100k,profiling_cost_only,18,21128,0ad42c67ef31132d44b89aba1e2a3ffef90dde882c712950e533cb2b6fd54f8c,f13254897cf3519d247a2190925d42943f2f480156f07bbc459f2727620ca185
sift_100k,profiling_cost_only,19,1631,39e03a069951df2814798ad7903fb2c1b4a06f8ed696dd5a9e09ab3809a33fad,2cc500755c4f3ad9440a9a0275b0394369b24da4a263a8a5a4ff015a323d24fc
sift_100k,profiling_cost_only,20,1145,7092668264178a707738a0fac3b575773e7593894c1249699ce0391c3e58fb2a,fc18cb00acade602c2281e8322db85d3ed69a4cffb8800045e8a3f77b9f488ed
sift_100k,profiling_cost_only,21,17021,90f8e66fb84493b03397139177eace96e3d5c5e8743ce98f363aaab7757722c6,de25f1b6047021f4205a3c574013714fa2a380d2d8d4eb51701524ea1c85550c
sift_100k,profiling_cost_only,22,19341,fd2c9261372aec9b9abb5f86516e0f3b29737ee5535c25273a46d2ee9e6bec27,9966ff175d2863f6b14802eca805131ce79619aeb639c6628fc05c7fabfcdcd3
sift_100k,profiling_cost_only,23,15251,29a528cef15e3f56e01d448e830f29f2fd7d0868d78ebe32d6b690b7197747f5,854af84c0e0d513b3c5618983369813da83556964366362289f5c7867da518f3
sift_100k,profiling_cost_only,24,15148,ec66361185c69f7e2414ac5a338ff2365062f3c6d38354cf5e1efbd03238cb68,09183ece5a5dbc75b6bc601f11bcc99d08f794364eb2e2a5c465e0556bf86b64
sift_100k,profiling_cost_only,25,10223,82d6acc87ae8af8c119fefc7daeae0a993c36939bca8377df9bd03fe4b30a697,c8fcbbda038af0d6cd2489450e8c6b74a3f968930f4b331da89e1ce98c6da79f
sift_100k,profiling_cost_only,26,24245,4ede9ec3e1b871f3d79998857eb2ddee235712dffdfa0cd0e47dd22aebf86d8d,3afb3259101211fd03cb8aca9716e5eedc0a1515d56c1ac23abf5b6bead17aa3
sift_100k,profiling_cost_only,27,20448,c75f5eeceaeffdc1f84475aa0fc0ecd59ea1384e7cf3e06ecf7df799face2c19,1bc96e781352738654e3ffb1c51eae71ebeae92238d1358ee689de674e011428
sift_100k,profiling_cost_only,28,9667,b6b3a108f1bec17fc450950da46a330e54fa9ee2ac77ca6e3ade4464c68df348,ce1b156064227bff122151710c66df2bd2e621bc4f621c3ea6a5b46596d3eb78
sift_100k,profiling_cost_only,29,12760,b3eeb20f31d4660fe828eae90c5340ac9bf24c53f7abc6cee383f55f409adb38,305fa28ac09413c6fd471d683f0ff25878e505d91da4b690e8122a376c09a3e6
sift_100k,profiling_cost_only,30,4345,037c6bfb034df909526f715ab4db3d444db08caa80f2c713eea667f3ba2abe71,5d1fd9e8cffcc92d57b0db72520269b2918eec5d85295a04a2809e3049a33331
sift_100k,profiling_cost_only,31,12107,57142482d0493763488756bcdfd6973f66eb4d11a8511fbaae875b09054dc70d,e5c3c808f91526654334910f9b7562f78be0547bf19460c2df722e61381683ca
sift_100k,profiling_cost_only,32,18914,ca390b30b674b8d6ebe4b1ca26d244afcc8201aea1a5107af1d72fa79582f82e,2ef9752b45ba2f6cadfea9d6bd0fe89b3a9fca151135763d75b0a7f045645c45
sift_100k,profiling_cost_only,33,2776,2105b8ec3af124eaff5fd69f1cd702685f9ff811124183799312df2963334f99,a3a850a46b51726b17bda3c20bf4627d56cba4b61353c0fc3bb1afa29f0ad636
sift_100k,profiling_cost_only,34,10519,6b11152361ba2eb0bdc3190e88c8c5eccc74812a3d868711d1a64036c73f3951,a4106ec8bb198413388cc74e74c25d96dd3f5ac00902ee83769570f0d6eb5da1
sift_100k,profiling_cost_only,35,1866,d828f73746a2a712da6b0f1a5546a8bd03e0c9ef7dbca590ef7933e8b887784f,bdf074277311a633a953d664ee27a2592a24f8c7c3d3cb7ccfc4eee16a53ab6f
sift_100k,profiling_cost_only,36,14372,a271295e076af535a47d37ad0ff05e5920c3090389f2d56b5b1b0ad8ab278298,93ef1ddbb33e82e5bc6bb209a58f3dd07d61f7f48d9339bc746cf1ce548acbdf
sift_100k,profiling_cost_only,37,10735,0fd650290af0c1b9af2906ae6e3afa5e3c48d96f5c39c91b95fca64517b0e557,0ffc3a1d90ec99fc8fc975eb5123964fdb8a6899550551ec74de0d9a9f338664
sift_100k,profiling_cost_only,38,9809,7370841f5c43eff05839c07a9db7f84031223ee67a37e2715fe3f0c85284e2dc,e0a733e97e71f95e38fb677f91c6bb69ec3751f24f3d1b30a8d2c6f16266c467
sift_100k,profiling_cost_only,39,9323,59fca01792fbda1be9054ac026ad1aeb7924ea938f90d63fcc46211b962c6395,442eaccebc1f97626db021951fe4a0b7b6e69f2289f2ce65435b5c525b1fad5c
sift_100k,profiling_cost_only,40,17009,6d5f3f8497fba8a6f3afe8e97c2abe5ddfcefb2b80f238268b9177c5dfce8f25,9e5aa9093373eb21abd1cff3018de97d0a463dc34ffdbe8d58c9a86653a0ad7f
sift_100k,profiling_cost_only,41,21414,fc49e8b0908d8dcc76f8475d89c6aab0fa4e41a5db9fc743316f1817901a3ce2,6f9e62a9782471264345e6c6fded80078dfb2626324491f0cf29dafdd10eeec8
sift_100k,profiling_cost_only,42,17194,c9c97428a6f42977bedd1dbcaf0deade00fa8f4ee3bd12919816e8e6f300ad05,bf2a951c09b38c203dada83b8c2fa72053050140c30a59486a6f53f980d2956c
sift_100k,profiling_cost_only,43,2506,cd8a813d59c2d662a2cb996819a0ee102623f8fc00788993e95cc6e5fdff1468,c2c55074a9163afd513b369beaad1eb552340212209f90d5670e34b969cec713
sift_100k,profiling_cost_only,44,21123,c3cec38c7adc3117532484007863dba21e86b70287d5b2f3b8e39de6e3938ee9,7c24402f8e9be6ea9d544f53289f3946f5214ecc3930481b7b90cdcdc833733c
sift_100k,profiling_cost_only,45,13013,d3343bbf74e6ca61233eddcf94c2495d9daba6fc973b0fa135a0f9cfb51d7aad,49953d95e86dc52c385e6683fae905bc6bc701d35f2c68636cbc450013df6c27
sift_100k,profiling_cost_only,46,22278,149e6f301b8a4fa4f3bc536bc89f38a9eb67259225c8a45f113f46773030b1c6,2bc2e030ca500fdd0963105068142180620c4405d1bdb325ff8c66d4c73018a8
sift_100k,profiling_cost_only,47,19938,f130a9bab0fe4e7eaa7405f566d89539b916b237b02afbb6bd425623845c4c97,1ab6da780d0a196b6c5f3e92ac7e572941b43e65c1521d2a20d50a1ce519cf2f
sift_100k,profiling_cost_only,48,5832,60b2deeea1fd7f12f37f29321cfc0d572d2a8853005587a937963ebe3c8c4858,79fa4907f670f57382f9040d9fc8a398a094b5b8579d16457b2cb01952140f52
sift_100k,profiling_cost_only,49,5338,0982586392721aa91a32c8a23943af33432e18e10bf95ac3c91c60b1089433cf,62b78af83447582851085450ca3556490e4431c4bccbbf422806956f8abc293b
sift_100k,profiling_cost_only,50,2711,23f54f9abb458057af1d62a3d7ff6b958109f62fc696c2353b7731cd6614ae37,c014c1f2526a2f5b3efad5d8579726bf7c6cec258c36875f70da77e79c8220a3
sift_100k,profiling_cost_only,51,11228,160d78dae0557bf4e021c87d59f96ac4b23f8db7e57a0c722269e1f99e89782e,dea5d191ff8237de50aaeb828cf7134f8108943cf880afd0a60119e6422dea7b
sift_100k,profiling_cost_only,52,8526,0b4d4859c4f6733e3b3e7a1f3b4322c8685a17a445ac5bf094f6af3914e8bbbb,744b01c7853bae73e7d8e5c1c1a66d7547f5cb2a325a3b580bad8bf21d241d68
sift_100k,profiling_cost_only,53,13325,6e2dc86618bc5c51a21951b7085ccc4f8b2b43b25be0b87f2a7b97ad41c3c973,1bbf8bb1a37d831cd23a388b6b89ac8906d758349b30bccd33909a1d7ac4c6f5
sift_100k,profiling_cost_only,54,5209,fd99841559191a1c9d4c7554a79f1c237f6862c329511775d97239de7f43a55d,c7143290d0deffd606b5d94dcb93bc7083023f1ca91d69b6a2359c6a762f2d5f
sift_100k,profiling_cost_only,55,19990,9a3136035160462a9125b4d3dae878f5905ce8bce11a0acd2609c1e6389200c1,7b4218225cc20b233d4d3b504fc318997cd707c8df350c2f7f91207c0aa407cd
sift_100k,profiling_cost_only,56,19645,1bc4cd3e9552c57c738ba67a6166555dcd96d08f581c3e23e93e9099b04765ca,fcbd74a0b0aa7924d3f805ca4cf4d11ed201ee6f1338c960a310ed47f6143ef2
sift_100k,profiling_cost_only,57,4456,90730d18012d1c4089fc769ff4a0bebfe137526b32b06a529b1e96a5d89a4320,bc4ecd30d45c1492b8788aeae3b5cc73168c3d9e85d01a063b62a548bd8cb914
sift_100k,profiling_cost_only,58,3397,ce13ab91464a06605f078f9394ba17fcff1c2254705b2d741fc4c81501ad5b4a,dcc6cec66dd5f9983a45e42580d62aed784da58aad89a51db970e2bcaba0c941
sift_100k,profiling_cost_only,59,10837,d76beba79f60c0bd70c109fa3cb9129aea2a8554479425afad3f875493a5bf88,7c4fdfa64b549903b6f7ef402bd6c7e5bc936daa419ca856575ab185be7144a0
sift_100k,profiling_cost_only,60,8666,315397044e0db28df70e2dd65ebfbb0b90ebf3458a9bfe74c68b7d6b2fe357d7,60afe49b362c9d93c818111361a8f2d2dfa711711cbb34072b3bd5b318586650
sift_100k,profiling_cost_only,61,24605,7425fd39fe61e0789775f8a0a884feb722cb9fc2d3c849a046e410550057c54b,7496079ed18e66ae11cafa5294a6ddff41e04a59146162e9a43cc5d23b96059b
sift_100k,profiling_cost_only,62,5182,dad8c4b8bd18e0cef91933e2baf504dba3eda8aa39f857033824e3686ef9a5d9,4d63c6e54608c6a3eb598926b43b9b07db3e758a75bc3076e4c16fe4e068854b
sift_100k,profiling_cost_only,63,15873,6a70746da793ae643bd081ca11ce6889854947a6237e14f8e72209dca272f791,04e38b7e8480f3da56f198d1c18781852068d7d25d01b53be3fe910810375b10
sift_100k,profiling_cost_only,64,20189,05f6d4ccda6c8b6d03cce60b75a35383d676a5f0cced9d3f6c73fc1dd8308de8,41c4a003ccc23c205acceb05e2c1d60e8025a1a0217772ab3c463a22f1a4506c
sift_100k,profiling_cost_only,65,17810,af1aaa545249eac730b97f44210624e080ba0d6d80574f80bcdec16f0c47f2d5,6bd0607c65886d7296e878ddfb0844307fdf40111d5849f4b881e73c529e18bf
sift_100k,profiling_cost_only,66,16314,e7309a3d910f945c8a6a93bd0d3c6fab3c91c13715d772f01d663fd1033190c5,19aed521f5e1797b12531a0f793b986d8b961a22270af7665e395b6911efa57f
sift_100k,profiling_cost_only,67,18734,93391c5b872ffab85677165447bf49386f9c3137682526727566fb9bf728b65e,cd32fd5d90196847950c5ac36299fd94b3d2b15222a8ecebadf3682b8770162e
sift_100k,profiling_cost_only,68,2989,abc81f5be20b73597d32008fda7e1e141ed372e6510ba96a17648dd22a0f7f0a,296d1680f0a78599a51c7f12543d454fe8690278b089a61f1bbe6f07e0b2059c
sift_100k,profiling_cost_only,69,22327,a09e186d3f339de539aaaeef0478a43f9497ae473115a4339c211d38c239198a,6d819e3f8c2e1ffe24fd12b40548cf7a052af5ed9d8e0c7d57f8329f9ebee6bf
sift_100k,profiling_cost_only,70,12888,f809940c590019c5bcc428515acca00258d1344f0a67c1a17864f65d76b1959d,9b943ff6d1b843faf819f1f7d94286838082468c80da5f22615348c54a3b9207
sift_100k,profiling_cost_only,71,376,8ea1ce64e599c3131af6eaec014d61b4fff6e2b898ab76e46d874db1588296fd,aa2f45517881a6b79f1b23d9182d9b59b12d58920f06c03598401c8b610a2e30
sift_100k,profiling_cost_only,72,4351,6295e3c1be1027429ccfe9ea6e8e6ccdb8e1a6692d1a0042fc24395916eead79,c8af9a16c73826a11aa729dd07d18dec51273a73cb2f9adf0fa1149894e7b8d2
sift_100k,profiling_cost_only,73,1034,43b878c67264f8302d6c2634baac7caa132368fc08889b9d4bec052515c4dd0a,6cf40a1d90b1698e6b4d05c4219972773ab7da902609f3956d49d81ec05a879f
sift_100k,profiling_cost_only,74,24156,30d24f246fc4d7c5d058b72cfed7a89cf0d5942232198a264642866336c351bb,a7f6d9d8e6ab1c85144a8f6ee5e0680b40316c8d0e88f4bdcd6222a01bf22ef1
sift_100k,profiling_cost_only,75,24172,7fb330a62c789c3fb08000340bd71406900f8882d4ab50fee6602b8bafe243ea,18098a1e4b2b60e0240dea887e279ba912b9c0eb629c3fa840eb1b14091ee6f7
sift_100k,profiling_cost_only,76,24045,234238f022caa1b409c8c07c2704adfcf9e79795b02403833c784b395040b635,6444712937d48cddac311f4e3ebfb217cd961338921ebc22fc2614dbf48950d0
sift_100k,profiling_cost_only,77,19540,ad08493409b39f3bb5793e25fec6ef098e36db8a326abe440d8e15a60ed6b94a,34677bc15357f366b1f8ef09619979532549472732f5d7af70d5598f36fe405e
sift_100k,profiling_cost_only,78,14921,5283e7c0541d64e4515614e5f15148283f9b69bf9c343a6163e26bf6127aef98,88edc7ec4185dcf70f868d2dcfee357e795227cb2bff7741733d5f014876387b
sift_100k,profiling_cost_only,79,17805,a96d0adf428fb8698ba3a3459cb89aaaf3ffb767ea90fb9a1823b4a60bb95551,2f51a08cbcfbf7cc4a2db8e4bf82daf73dc482cd22c53a0d60f9d883186f51e3
sift_100k,profiling_cost_only,80,5254,a5ab12ade8e33e106aec5f18b1f34e225efd49fb38358ac28a322bf4c4df121d,33c74aa9e5f6259138d2b22929fceaa84e1a33a5215947627c181227e75d06af
sift_100k,profiling_cost_only,81,20207,d18ed3393b9aa1c5a8154eefb2787dad402ab8f36cebe2f937504626d6a96dbd,c18171678aae1fad6ac6d73031de4efe2f5a85ad2aceed046a0a7ce2f9f34930
sift_100k,profiling_cost_only,82,12595,459b9d5637f83435bec3ab9c430a18f018230aa17aadf35a73b62c3cf0887776,330155917c4205dbee08b85a82cf497d436ebafe6c4fa5ecc3d0487c5e5ca59a
sift_100k,profiling_cost_only,83,17683,8e1c5bcf6a690ad95550a42537b5aded3659d0840b39da746c54f7836cceeec2,3be3698aecaaede88ac97e7fd9fbd9b4de6186c5aa69ca2c870ccddf1f11b2c6
sift_100k,profiling_cost_only,84,21421,173ccf26577ed0174f1c285b8ad621751cd0fcbd8e78dcaee31a3ca352a3b96d,e1f5da2adfb349b705c84efe5968ff4adfe0912dff7a55cca68f5db425615ea3
sift_100k,profiling_cost_only,85,905,967d4b8cab812c8213d1d9efdda2b91865314b4ecfed4fb47497744091bc3ec7,f70d30d675adfc76524935c434f8b226ab204500f51f06868d17f65f5576593b
sift_100k,profiling_cost_only,86,21450,3630ccf7a26d8b26eb0b3978516faff8c4dea79567a3340c1267ed4e5e72ec44,99926a5945cac3597b8e864925d85f118eab1eb32e85dd961896ec0236b1feae
sift_100k,profiling_cost_only,87,2266,c718b0ea9b3674768b5d6e47d3560bef97152a789b045603e641970fd334c325,c9c0138639d4b055564019786725bee6f02c545b582bb8bbce226573540d0991
sift_100k,profiling_cost_only,88,10004,93ad546a4b5a5afe24e40b770404c768d573498199c60c5b64c6e91c9161e457,7a79dcbbf99e4efe94b13bb53a67cae2f621dc8a3c525b3458c425a1e49c9893
sift_100k,profiling_cost_only,89,7750,d78518339d75cfe963fc268d84db2554064e1354be718e9b00a727abfb76c0f3,c2d6fa5e988807024debd676a8eea46bec00e32461b8db560d9abf461c865cef
sift_100k,profiling_cost_only,90,9745,9f4117a0419864d28eb202040caac4e7d9fb58d5b830c662835c4fc54abf9f21,b1d49624d8e6452c346c1ff274c30e6ba778d1b25d3c306de4040107ed7b7b9e
sift_100k,profiling_cost_only,91,3056,b225b699dba6625a5dcaddc2908bf5fd5b0eee2a8d2f391a50be7a3a878849d2,1989cbc58754115792dd5d2250a4fdb03059d6746a4c587c9134017fe9626378
sift_100k,profiling_cost_only,92,8745,1c917cdc52b86fb79b0b87d763cc70df6964c2abe4ed54a5c420a76c9f358d93,7fa3917022742aca1a82de2b3ae933d8878d500551ef783030aafd904137cced
sift_100k,profiling_cost_only,93,8299,8f837dca00287f00aeeb7b3a18d4712c7411c3ab69ca204529cbc965af6c0a78,7e0720fb4548dbb35c6811874530166e5f55dc8b01b04eaada15b406ee99d4ca
sift_100k,profiling_cost_only,94,10645,32569cf220f16e5eb0286162f884ed68949178fbdf4cf58c36ea505d5ea78818,e88ae9bbbe8b8bb14107da70eed01ddb5fe1ebf05879d0efa128809a0273e72f
sift_100k,profiling_cost_only,95,7456,371ba0c1bd42b1338e0b74b1e511a36e733f6a07e8410f54fca35058d62c7489,5ee1fb0fb70af7ad3f707cb4dee4456b0d2411795498e0246da3124284899f27
sift_100k,profiling_cost_only,96,9935,34895e0eaafa0912fb5430a5f059264fd76c1a438163e0e686ac54cd3220acfa,827e8ab796aafc1ac7f2581437c4a70951d0df98cf32d79b9477825c8c22ed24
sift_100k,profiling_cost_only,97,2484,5b9e389189bb80b5f81cfbaf4888c9bb7678fd597eb97a4a03dcc535669be999,503b94423a0cf0448960968ddf85585a93ca1fce8a61eb2955be4e1bb4a2887b
sift_100k,profiling_cost_only,98,7036,02012ec989042144278d81af908791faea1c6bf11fe084292d9d3edaa2b794bd,a7de87c9fec9c9ddfcf21abfee3aa93d278cb377f092910891691063af45ebfa
sift_100k,profiling_cost_only,99,6895,dd6b2a3571903ad20bae11faee954be3f98f5b688b4088aced79ad2bb80db934,463590023dbaf46e7a2388260ca9fde547720f7f48d356e39108b815b9cf103e
sift_100k,profiling_cost_only,100,9025,a4c97d2c357f0cde1850f3bebcb38ecbe624fa6ecc32d68fc5c53f6d72396b55,72dbe2107ca545ddc2a59685f2f78b013486109a17321c6a9230bc735263fe13
sift_100k,profiling_cost_only,101,2227,99045888c54da8f31e7330f70aba3f237a26ad679327c23991fa37bc75a653bd,595257ade07a0fa8672620fa2254d698ecaed3f7cfb0887663b763e0d2c2f45c
sift_100k,profiling_cost_only,102,2642,3529ae46cf46069bb3444b3a8b54b6d6a8bd21c5dfb24cd817b2b5f5b7af997c,73f12b1308dda679278c4413690c7fc2f64990fb5b38d25338f620d1ad8904ad
sift_100k,profiling_cost_only,103,13397,837af0b794d12c249da6faa3d026efdf083d086b9b3fdff8e8f3fe5ee6d4732d,b94572f6c29650c05e8a914c38f7902f1eebb544efc117fed4c12f3c080a2f88
sift_100k,profiling_cost_only,104,9341,0d76e9ce5fc73e01024903280ef2128d387af1d3e7762a07619b4f0265126873,9586631c03872037875f932c5b8fb6256bae66097e8dc6204d34ab8cc243ebbc
sift_100k,profiling_cost_only,105,9525,0fb9eca0510ae10a202124f999db44627ebd4acdcc2bf83b24c53667938bb787,b6c953cf00539acf1b2da3be41825643c05d4ff456734bcbea822878e641dadb
sift_100k,profiling_cost_only,106,23710,004d80f19efa25d0dc3f539b5682325e002122eee195e968d1249587e467e798,3262c9c8976bc169cf12ce6d3db86a5cd828de2e9f317fdfe133511e43533471
sift_100k,profiling_cost_only,107,16853,c0f3c72d496e57507171d98a8e449c05cd68e4a3f4870cc7057b29deec7755fe,96c4414dd0d0ea9d1737f326767bdd94c413efda6c4c61db1a6d0ea66de77e89
sift_100k,profiling_cost_only,108,147,9c74ed888b92463d83c0d4893c423cedd432d56cf73e3b316323376813f2e593,ea5cbe11d2eb276a8598249b0a70ce66b4d28c5f6db4db1c8bcb606fd34d50f1
sift_100k,profiling_cost_only,109,17533,83725aeaace0c987f4fea2b7b62ef953cf8e3b27a01de3efa9f8245e721439aa,275576dc9ec1a5a34c229e6903583b61eadf930625f2ab26086623a53d3c3cad
sift_100k,profiling_cost_only,110,18272,197fef8cc4ab26b0681145cc769e048b38e4e38e08696c4fc04816e9f48d5ca4,bcf7591a0fb0e6fa25956eae0b08903ac04e85950dc0d1315a6436fae9dc4800
sift_100k,profiling_cost_only,111,8035,88a3801762715a43589d61067f4265e1861aa667c9eac5f613b001ef2534b170,11fc72606d0fa10e5e82358f3d481d2fb84ae49d565eefbb1dfa2edbd9c4682e
sift_100k,profiling_cost_only,112,12758,285454b86df1bbd7a3f6e2af1c0bc7eaa793cc7495a81bed57d26bfc9e28423c,20245029aa76baee1d45e4ee83138408bba9b46a3dccd8866b7d3db4e385ebf6
sift_100k,profiling_cost_only,113,20290,2216550eae3795cebba1b10c19cc5887ae2b3c24a5b9d26b2ee5b1c4ea6415cd,37ce45d3c4534c1103f61d7802b6565b588c47913aac75023a9c93be1d4735c7
sift_100k,profiling_cost_only,114,8717,cb03ae54246c5399cec99fb9a1406c8abfc4587d4835f8c032cf8ed3379dfc51,afdb630dd52587ac4e8a184a3a2f982ac165b116a007995082eb2f9a86aa4f41
sift_100k,profiling_cost_only,115,20294,f993f6cb7287782321ed37af714831573f16dfdb0d8444bee29d5d713bdaa917,bb5fa2833c2ba28d490b3724ce93a0cf30a2338cfb407077259301a729538be8
sift_100k,profiling_cost_only,116,16478,3eb2acea0dc723c398a220c075e137169350e9606303f3712a091984f478736b,fb1c5dd54f55c89df294f69add92ea105505b4db903208dc6c6062711c13a5d8
sift_100k,profiling_cost_only,117,24685,011a9aa61a8d441b0e24a836495cbb05419672be20f1c3d669e1a233f087b028,6f4d8af83832c80e45d539b5731c84e6c6c8046d829744b43ee25ed850509b48
sift_100k,profiling_cost_only,118,24703,f3f57f6028cd9ee114e37facb2f41cce0abb1082b7f3a7407391a015036b2e9b,a7f08032e376735a01bc8df085515b27fefb023288f2a034e99eeb4dab951d4a
sift_100k,profiling_cost_only,119,1787,a9286a803c0164d9d5107d451c3616188ca16b6a066e1c2d3ebbf06d88e1f13a,f6d71c1ce92489fc1b21a26c7b355c6cb2ce10827ee6cf68f2afba4a4f49d477
sift_100k,profiling_cost_only,120,9021,7920bae5c9df30d3f07c86d1b47a7ece8177f73403d34611266061e1ca99628b,389a770f8a20a9818f27cc7a057bfb7306ff767fb08ddf7598e3a8c71490c321
sift_100k,profiling_cost_only,121,11337,0cc7df477ef3cef535852415b0d846bbd2327e7ff9df3bdebc63144b368234d9,e981714bcabd34519b7a2eb57b1880e5cb408b2915d28869fc3549d05d3be9fa
sift_100k,profiling_cost_only,122,1240,bd82b1df87fefa8a5429a27b5652afc2f0fd09aa1299c3f8920c26442eb6d7a5,d16b6ebed081dc41d30426c7b58678301d10361f292fee141b6c6597e2b5b50a
sift_100k,profiling_cost_only,123,22089,b8d7e458ad0da287be7d95b52c99d2d4b78e746fb84cf9e85c1608967aad7d55,260a8689c6bcb5b9b8cb2d8c4eaf9469c6228fb6633bcb170ec0784fadb5560c
sift_100k,profiling_cost_only,124,1297,31aa416290e1551cb4221deb4f0089e1b62f7c95216ba70b5b1e039c79bbed41,4300cd980e3b0889e529f26382b2ba28cba6ca4f4b6e56bd3d855d94efd9fc41
sift_100k,profiling_cost_only,125,5514,27f06d3a1252e4b5808fbdf04cb9a28d4a9fa09d88bfaa25c6d99a8fbaced147,15b6ef0b3826383bf57bc5bc3dca7eeb00ef352aff9b3123fc6cc3f35844fbc4
sift_100k,profiling_cost_only,126,18790,be9a4405f08940b21a0211c720db3530c12eb31623f0899bea754fff2f04e58c,5374904edd9c7db545fe4bf4ff87f8371b76794fdc37b7ef4226bc29ab2f4249
sift_100k,profiling_cost_only,127,16465,2d668f4f3eefee0ce6ebc371bdef073f52749581b09311e53f43bc42091c6bcb,203353aa9e6bbf1dd7e389e3658ee5c9a18575102ee548db441ca1004703bd1a
sift_100k,profiling_cost_only,128,20959,aa95bb7bf4d43dca99dde666966fe2238fc175fec895507a6e411cb96c1aed0b,9beb9608014b6a964ad43cfc6a37ab7db305a7d002c41f46f2d93f87048bd367
sift_100k,profiling_cost_only,129,19731,474c32853f88d892f012b638ac0d2478fcc40a9693fb83de24287ebf8957be98,e5ba43d7d886be7c717b23fc9c2878380fcf82cb2fb184f3f3685864d9dd09dd
sift_100k,profiling_cost_only,130,23253,bc4d224d75828cc774850ff8456f59b43ddf76a82b5454d516cf87dabdd1e9a2,c3b759b528950a769ba475f83b829985491d4c9c5e67bfd43a719f4e462fb0cd
sift_100k,profiling_cost_only,131,18746,849d54a6ee3d0a8e57100d8aa6419bc2e36520c5a12642cee4be561e82ce26e5,247d8075afdf18d379dcd3c9dd15cab3d4cfd83737082d7627606ca4b2e4c103
sift_100k,profiling_cost_only,132,18364,849f0e7181259d7cd1609b47ad1e75b372d643bd4e6b9837689ed0b03df11840,1957cd31dc752ab85667591016c10d2823f6df092e1b82b0db963b5e129d03d7
sift_100k,profiling_cost_only,133,17560,4ce5380eb3251de62ba1c22f00ca8e0ca574a718384141b410ce3e3748ceda55,cb199cef0db2202679421d6d817ebf979e3c539d1f8b5172d0d6434520d194e0
sift_100k,profiling_cost_only,134,6939,4d57d96a9bd10c49dfdfec4fe4c48d68878541c4e6471dbaee6e5c5a785ec297,c079cc7b4842b952af0919bd6d48025e24131e98e986d5eb637c6afff96633d5
sift_100k,profiling_cost_only,135,4917,9f61e06d8b8ff5e5eba00dfdbedc0dab5f6e02e24661ba65923e7604d024d66c,9b023bc690c725286ff8028ddc7729363b431d0b206870568cbfead7434d48b2
sift_100k,profiling_cost_only,136,20508,c9ce4b7fb2538fe60823afbbdddea62c5a741aed1125bc274645bb802f37f78d,4881c0617f2eb3626acad50cf798814fba0c588f357b381e1ef5b71e63166230
sift_100k,profiling_cost_only,137,15674,7ceca9d81fdb496a31851f07ba2c96c0dccd8f2fdc84d5256505e09faa251a29,eb0d5f67306e147ccd91ce715c17492c00a89362ac3cfed75edfdf12977b20bf
sift_100k,profiling_cost_only,138,14068,22996461b864ce6f6f0589df17f746c08551e8f5ffdb7f1c00788c7ae72988db,d47050d89457c1b5a43048d18e94bed38f744e79d8d50d43baddb6865cb2ced2
sift_100k,profiling_cost_only,139,10203,f6f427c78ba376287980e50c2c750dfdd8b20f50abab47c2659ff01ab643c9e3,3e4fd564924dea19ff2157fc94cdfd94abffdedb2d143d070233e19e81cbf4f6
sift_100k,profiling_cost_only,140,13559,4857122b485a983e01e3933185cd65c6d21bcf4da780f366226a8d5265b2fce8,d54b7b354121257ae922fd74f8ace9e63b174d08b64a9b05982d647c5d278d86
sift_100k,profiling_cost_only,141,8366,71f4bf368a75a89bbb09b2493f3741679ad9da38a92461ffb5f2d33d8db7fe26,e7d37544585ccd318777a9055ca5d44bf184841c20b75fad86aa79be5a2390db
sift_100k,profiling_cost_only,142,9429,1b93a88db084107ee5568bab8245e5fa8dc012ae1d0d1b24d79131e742459ba5,4f6a42dc323d84ed73176c166e5be44dd33c5d16f6544682b0f21643d9668164
sift_100k,profiling_cost_only,143,21611,50d8c30443b86623d413644548121e63e89e8304f7f9b7cf08fd238c9a40a0d2,00b4d2347fdd47d42ec6615704c3d01fac45ddeb39e3a7bd49da0fe22658603d
sift_100k,profiling_cost_only,144,20487,26ae87d871725dd25d848f2239cec9bd517b9735f808f8d407789fc0996fe1e3,329f0e2ed82ade6f9c4f200aefe4e11eba30b6b27ca7c622e74541fdc28182f7
sift_100k,profiling_cost_only,145,9278,d051a6017d76ca871bdbe45135b0dfc2a79d44f4e5935cbaa321ea817925c559,9bf9072d1ae46da02ca7e29d40913d372920eb01abcb2b85971aa0ca1ed6a930
sift_100k,profiling_cost_only,146,20875,e9cd199b0caa9af608bebe8d28b8c55166a63ae84ef7556205980c9e7af25555,1b05c3caa4aac86a77d653c99977df2f1df27d7eb4171457709c49cc124d9d85
sift_100k,profiling_cost_only,147,13578,42a6d74f96194197a86e371eadd90b48807decf538028097e59c52ab64cb75bc,5e771cacb22582f2b8d5fe8435b0d024ead06b8d2aaf36e2b26fc80c7a8d0407
sift_100k,profiling_cost_only,148,20269,483a6136318d482e4d8c535d2a2d79404a28ee46ce64a4fa9809085e91b48dcd,50a013125a003316cd972bca1b8f5ae671f934174dc1fa543e67ff88a5e61e3d
sift_100k,profiling_cost_only,149,19189,1d1015cc3f66f52e9c47f8d6e5aa15944040aa8dde5459801e83086a6cd6ed7e,305c43f5496d0f3ab19ce3d0e7d5075c5bedd1c6d69cb89298df34facf70eb5c
sift_100k,profiling_cost_only,150,12188,b473af6b8c8390f9d36dd7f186bb57197de6d34732acaca043a32916fa86bc25,a4881635d39c78ec0e8944532c48ac2fa169ff51422f8f29daf8de6de175911d
sift_100k,profiling_cost_only,151,21438,e2d48450c2c055f08d09570810ba00296997b8a3316176699b01153be5b3d878,96a314bf597bfdd27fb4f46b16695b9ba1c508004abf0569e0c2d97e37e7825c
sift_100k,profiling_cost_only,152,981,6494e8a89ffe04d3c74865078ce9f3d4dfe3117b3709098bcc33891df0a3af88,dd268c7db490f450fd0f27e7ed911320a95a652116b9f7a5963b074d3bc7745e
sift_100k,profiling_cost_only,153,17754,1bc0a95768bb1ffcf4dd7d51009e89bdefe94cbbbf97f2247b34f436fc935147,283b3fa9fc8b16a03859f7f321300e525fa86d18318beca4977ec18f9e51ad90
sift_100k,profiling_cost_only,154,17382,353cdb27561b042d0aa58a6e9043b126fa55a70e37a8daf7b4335d211f878c5c,1fa6c7f7972f7a0f0988728b46b3783c05e8e01983fe5eff867597acaf8e9884
sift_100k,profiling_cost_only,155,9265,abe0e7dfa158ba0b8584f10d27ee32b74adf18e479eb6da7e1618aeba1e136bf,6b1427928f7331a4703a48f9cb79be66569a3e2e877ff3cb0b441a3ac0390bca
sift_100k,profiling_cost_only,156,1306,c0ad4cc7237069219350295b83548f845f0bcbe4ac8dc129a43403479e45a68b,58e2c3e6268161fef7d1205b9732c30859754bb07fb208be67af30b190aa8e20
sift_100k,profiling_cost_only,157,8504,efb4a814be54837d5af63b78658405523f111115770cfbea25c57704c2dd3f4e,fe94991779e2a6d057f31178357ebc3b7e14301b641a569b0f9cab94737136d8
sift_100k,profiling_cost_only,158,13996,aeca4fa737c481a6d21e3fe477046f6457be27ac18a255ae28505e1578797983,5ca1de8535e04f1ad450881e582dc019cb16f25c8c3a3055409f0c4bcf4fa055
sift_100k,profiling_cost_only,159,15397,ae5d3f52a33fa6bdb5d7544dea1e91cf0090396444fb8a6f6ee0f96302878000,ca83be76bdd06a78f332d8efc988faa067477eaa2b4fe9e91b43acdadc9747e1
sift_100k,profiling_cost_only,160,8771,930d71d2f3f1ff33af8bf42b0b0f5b5387cd0359f14adc8d2800b73de78ebe99,686f82b52327a24bd1d58a1c4bf927659c8bc763768ce1cc19955a78bffceb7a
sift_100k,profiling_cost_only,161,11281,2e06e54e95fe4be749cdc5a96f34f42af29b2c54bed18333c91debe48b782421,7694bd0c6b46d8deeccfab911e16b6fc216b74c19bb3fb4a6f2346f2a28541b9
sift_100k,profiling_cost_only,162,12398,5bfeba154c19f4f6aeedecbe8a35207bd25e48666c56a46ab72a44ca74c2deb6,6fb8e47f18493c9a7888fc9a2422e51b2d2c681995cca80de53b0aa339d93eeb
sift_100k,profiling_cost_only,163,8352,9614a78cb280353a1c91d2321d7bae4d81d0e6413e52ccffc61e9acbc0538289,e04676b25b866e1a041a81835095ad8c395b49f02eb0628a7db0631eed4eae10
sift_100k,profiling_cost_only,164,7670,940f843aed676abe25961e84c4cdd28439fa27dfec44293623bd59c1ed3b07da,3c5d3311a323b99f73a087428baf29fe10435ce7f565f72fa968fa06a84adfc0
sift_100k,profiling_cost_only,165,12287,b7554118b30ce91fab12965488c1c079ba35ad587a5cffdfe86070411d705946,77ba44c3919f20dc7e71da208b04242bbff587b66a8aa7545a0aace14a00c6e9
sift_100k,profiling_cost_only,166,14124,68bb80562fdd0b5f4a30161f445357d556521b27828a3b8db796435d462cca7b,eeed863a22a7fc7026242b5a1698656bc9c3b044a0b8259e1e1a7c47d2046f32
sift_100k,profiling_cost_only,167,4474,58437d1c8e860f8080bcf8db364d87c977492db90b23a916bb2d432a13eb5671,559ff8a0070c1a86cf59297b69c0d1a65b6f72a706920afaae19694a086bd34a
sift_100k,profiling_cost_only,168,24545,fcb03f720a39014018254a97b5fd10461180669ce5a9065c2b0e0f6754099064,f26d42d9e13856f651a47f1ff6c3e6f11249bac9530dedc15f155dc9ba93ca4a
sift_100k,profiling_cost_only,169,19986,1b765ee1dcaf59ab27e0ebd6ef8f809a4c01d295d57b41e368e710682bff17de,ece7e23aad1cbc6431f2deabf59adeebfcb864a628dc9fdea57d382a70fc83e0
sift_100k,profiling_cost_only,170,12735,5cd3d202333bf2a1f3d2fc7289749fb0c2efe94c29433c9537fd130fc094d1d2,44241830c03437b4b4a8b2d054066d4ce2661390c83654d1ba93c613a97213d6
sift_100k,profiling_cost_only,171,21066,968d03cfee6e50c83da38a5fc420a5594d94a6f9496342d5551a9e77d3024faf,b8aaf7918b65058a6e01b3ab53456811f96d520587f5590c27b916aeba88b94a
sift_100k,profiling_cost_only,172,22591,d5fff39585e7e740fc50dedffc026a991be913e6b3ff5d12ad4d8cfa2c596979,fe6a4a6ccb58604c39a7b66ef9ce6fd7d54a9e86c7b778c39b56ef633fb8deac
sift_100k,profiling_cost_only,173,14152,8cf59cc5fdd8d61065b19b6fd39dba4007541d3cd3a109550127b75fac7bfbe4,3af3d2af5d88bba90a61c19c59540b5b448ce24f15641409a765449730211d31
sift_100k,profiling_cost_only,174,4249,372c564abc5b8f9b99c2655bb20ed27c51ae1d385f985fbffc7616c15d72ff59,cfa4c18f61f6708d56f5afc329bfaf605c8c5a3f3232c9ec17a75ffddf587598
sift_100k,profiling_cost_only,175,1190,5adb2db938393851abdbf18d0343e1a9140f4e3de8a5ab745486a7a97e42ad50,060529584698ce4e0d75a4a3a6d9231253cf420066d2961e801459975334a910
sift_100k,profiling_cost_only,176,20798,fb81021c909ecb549cec1c659cc4a328c3a9452ba2850e18d15a7fd85ab31e19,c706102471a9bea6d24b2bd92fbe11ff0f25f998f5c76503a024858071203f35
sift_100k,profiling_cost_only,177,4997,d7274f3974f9f7f80577a0c6453934f1c1d4303bb18ba97d71ae3ac7ecd4774d,81eb5f88b86444276136b1197bc6793566d37aa5c6c7c699d3ef838b011d596a
sift_100k,profiling_cost_only,178,18780,b22d964a9a577e9cb3d6a1e2c0f0b3b0eb277dcb12fa3fb5f1f731242150fd8b,ab25da49e845754abca887aa22e4b661088261f8feb799e96e03a34eb60d65a2
sift_100k,profiling_cost_only,179,1362,a7d9603cf27c3b4efe25368419fd644305c20555fd94474581e501842ba044b8,b001c58c3ff0d27a401f74b2a3f1258165aec4ae46662b94b3231e93ee44e7ee
sift_100k,profiling_cost_only,180,23764,f0e18d6641922befaf11ad6f8f43d0c0f04c004f74596498b62e422810ad05ea,6f7d259c15dab0bf88e288dfe79e3c7538d5ee97728d344da3a545def819f127
sift_100k,profiling_cost_only,181,8816,1de73e8f9e2ea56c46f3a7ad666181a331703bd60fa4d1bc45724c3947a1f6af,a018bcf975dd411fe3ef9ab670bdade00a28e873c133bc511e2031af5f289537
sift_100k,profiling_cost_only,182,4199,c1919318f97228efc91cdba5085e22a480251b7e8153b6aa47719e565ad39351,6586ee065fd37229840d010d5d4ab9b742f4655c8bea4c4144aaa593587ffbe6
sift_100k,profiling_cost_only,183,4801,2ba034d88d80096699d1b9bf8d375364d31696ccbd3f714705a0bb030138cac9,70fad67a3083beb5c35d65fc92c80031f2c38d506840ad6e69973dc541d236d2
sift_100k,profiling_cost_only,184,3870,6a744aafd178c24ecbcb5c732fe09def6969b7011f9a8f0a483b23334a8d12b3,3d3b44a4068af813adc5bc9dcabb8ce9566226f88e59b348071b74e7e08728ef
sift_100k,profiling_cost_only,185,15234,2887f0788326e496c1555f5135c290e2bb00c1c246c0b0b1ec6534ab52c1d342,f8b7a5e130a77313d3f7245b4efa43f96b75f260676dffb84a5a91aff117b94a
sift_100k,profiling_cost_only,186,1506,7613b00dbe7004c3b0be3b160fd74b402dae2bd340aa5ae8c81b7a15346d72b4,d13a7f38cda1fb5dc09c41213eda9c94e99c850f32f23c4b7897e589510ab90b
sift_100k,profiling_cost_only,187,9560,f11f4ec115062905e5eef5782fc9aa77d84fbc101c02284fc86afd8173e1367f,abdf80255ffbae428d7b678e6572463e543a7a51d5de158e03acab445075d6c5
sift_100k,profiling_cost_only,188,3902,933cf2ece32e5fa0165b51af7ebbb477695a702adcaf0185c4433653d9ae557a,9ecd60d49484d08f78d75ce6daddd4b37232898e9d5de31a4548323bb3d347d9
sift_100k,profiling_cost_only,189,21854,a92702921a22c421bf5a5818e3f9314b3d100defab030f849cb10f4693173263,e48c11515613ba67bfb60fc9ca709b52cd8e94b66e41fff8401f18130878f119
sift_100k,profiling_cost_only,190,3365,2d2555a5b17874003f00e266b3127f66fbe3d8dd16c5471b643a056e7b081387,a70af9f478bb7ade3f6539c2eb94fc9fd1449639610c89aebd59d4ccd9ac7a76
sift_100k,profiling_cost_only,191,13625,805c2316be7538048501c3be87660fa8c2bc3942dc7e690bfdede8acb4476820,6685de6259df106ce391036f94caf59831179e8166ee8044c316ab45d82771d1
sift_100k,profiling_cost_only,192,4732,39077ed9e631966269865411c049bfb6a1ba4384dc4e1da77fb88ae7c54adaf6,e23eb5958c756f282392904d78af3f5a47485abcf11eeaab55c1619584284565
sift_100k,profiling_cost_only,193,22944,bc4105516706400d23ad5de9c4a67a8a2d1526681599ab4598b6f254a1443852,4992c794a79b4335d3dfa2fe80127542c69a4c577ce43e5c0ad79ecbdd66f584
sift_100k,profiling_cost_only,194,16391,12f59499313d079886f590c27561162467e4d9203dc71265192889d7a71bce92,977cee36c9e49782616df490e96f49ff2622ef75a33534dbe8be88e896250953
sift_100k,profiling_cost_only,195,10810,2b8965b57783cf64a0b804c29012a47603486711cd8b1c8ab4bd710138a0e1f3,8d92546fe8ca8628f860ea4499ccb444f431dfe9069eae1b942c0fd46ec1a436
sift_100k,profiling_cost_only,196,21312,e4f34656bac14042632f1cae525993d74d772eea0b96d3c3839e920bdf2c7630,2c7507a070050ebdeea4e72e56b875bf76e7f5f89207d1b1630f9ff22ca7ac09
sift_100k,profiling_cost_only,197,7532,b0528d27d6553ad7213eb78fdb6980405d92a4cac786d035fbefc7cf55557900,c195d473bae2553d196179cbcd053d90aff088e2e815aaeda20140f68f6e8de1
sift_100k,profiling_cost_only,198,9080,77dc4037ee422d7ec1439d323a9bf5282df1cc5db5696b56bc3d001b2dec6812,b380de32d8e01820f0b575385f4969cf3fa0d757d7a8a0d71d9f539d5af83c01
sift_100k,profiling_cost_only,199,1288,863a09e578b0899466ce2ff1d7a09e94b87a114446b0844c7d0243285da49e99,ffc8ab3eb1307dbdf36d46a4cfb7cd8a78544de053b002e1d515cb61898874a9
sift_100k,profiling_cost_only,200,13994,863f5420ef2bd874fc343b858d70236c61115e3b1722a4bc3375defb92da9d21,683283ee74b4cc98cc45c34470bb1b26a69a88407c38a331d98b4cc11dfa1517
sift_100k,profiling_cost_only,201,22197,c4655e205c6d217124639ce750bfd007190ee2057e6dfcb76c573b73a7f62d1a,6a5782193adedc23fab7b9c1feda656264c32e33fca8eaea8b8fd0a1198e656c
sift_100k,profiling_cost_only,202,11069,f01b29406256ee43d1e507b66c973033ebfd610afdba7215ddcdb47c7d10bb50,3880fbe206cd91eff4908abbcdabc6c4a1b21cbce6d6b782ed027b9bed3afe51
sift_100k,profiling_cost_only,203,16327,5fb70ea68561c9fd672a102619ced23ed48112e1028885d9742aa649befc9a5e,b6a194b8a4dad9363ab8a9606d0f15594a8584a536c541bbcfa48a7f88a63913
sift_100k,profiling_cost_only,204,13837,b3d1f94a5757935133aa2dabf025f84c2d39f18ed0cb3bb23209ed4ef813f34e,a5a8f0a3eea4597a2e543b7e64b88619bf5c65cbe9c1aa88f6693d133c440004
sift_100k,profiling_cost_only,205,6397,d727b9f3960a868e00adc00a9be9604a4867e1459339b7996dc463905bd22418,b4eaa70168b4cc9ce14e0202ea30d266c607edb5da7d9b6cd3b085cf92193070
sift_100k,profiling_cost_only,206,11867,85cb22c331567c8aeb2799ae1edf9f6c026951dc537d595ffa0dd06ad6b9c2e0,f26b0da380607923f406eca9b94b48e0ad0147871f7d698e2676a82a0f8748d7
sift_100k,profiling_cost_only,207,3815,66e95f889d024c2e7e4809b6fefc7bff0e04fbbbb7671e5185e736c9c4f9534f,0e1fa072e4204859765ab11e840c5a96753a2918004b693e93d0c65156db6f88
sift_100k,profiling_cost_only,208,997,94e2318786cea257b0b8d376f4ce15a5b5da10dc7ff80d76e7133972efd38c4c,822296e12718d66bc1276ce3cd2bde8846ddf521cccb87597cded35119ff9dea
sift_100k,profiling_cost_only,209,2446,edf3169b0e53e51895a2b1c9e53d50324574c5b20040f457cc8cd757bd4ec8c9,88badc3643369935fb1847d01ab4d41137e5b4a1b4d9a2b35a502decfc16f711
sift_100k,profiling_cost_only,210,14442,e88880e6d531017a3f4a0bf0f69d2b6730c60ab09fea7696e00725a1bbee13b6,bd2d94629a1b23d39c06a38850a3d02293f9e976a4178ad0e6ac34c95331dcb4
sift_100k,profiling_cost_only,211,3306,fbcf16ce3c1dcea9405a84f5959e6152d492acbfbbaca54dd95dec1ac345c363,87cc8a14a0191596015c6ad9f1f3f15a751ba1c677510e67306e4feedbdf0647
sift_100k,profiling_cost_only,212,20716,82e03bce0352f4ec66c28854c33039d99c519c74d75e5c23d3b1c2934f4b4fa0,5a7a9a72c1cf5101f3d465948e7277edac056d4ee4388fff4acb949de0ac8a1d
sift_100k,profiling_cost_only,213,20999,402c53267516947e930535639d4a0202e61e26d911937c9a45bff15a414f0c32,2ef5710c672533ca62a9fc2fe91fffb50961247f8837e1541587769a9deeef9f
sift_100k,profiling_cost_only,214,5457,3e1225440f4a86e8694c443182a8b7aaba833a00971292dd99b90147ebe8cd3b,b9d1fbc158f0ed9ea8bb176a00a6ab93e1a49e1e5b1d161d0b2ae4c3e13dbe1d
sift_100k,profiling_cost_only,215,13422,131d5bcaee6a34dfab5e25a4a7938c48a0017d82f53ae3d4c50e30c6b1ddfe8c,fd3e06d9644273cafe2bedc7ea34a5a81473c1c764db4b14840de1764e4999dc
sift_100k,profiling_cost_only,216,8350,696072aa1da56c74f5b296ed43b38539872b44f0e9a5571a8db34c2409f2791b,01164c862ef7b206eeb23db2f86779568dad955c6f1dd33219034712a16c4187
sift_100k,profiling_cost_only,217,1778,48aa255daa61aa466f41b430d44ee5f3be1ccbf2a8f0e460ca97f649e92f27e5,12e79bdc58e8b14efc81cc7fc8b3f5ab6aaed778d8ffd79617cf80bb8594a559
sift_100k,profiling_cost_only,218,11106,a8c6a648fec0a1b0c32554743c96a9dc84c3824737b4b4821f9bbd219929694c,7644af672f0f504bf28f383f4d1936d450e673448f6e5fb895e98aee16f48efc
sift_100k,profiling_cost_only,219,7622,42cbfbf1e063bfe89e900619e694f299cc281a0e6e875523a995f71c0c2827bf,dae9ed756bfcf8f4814be2acb7651ae6e970b3da7c801428a2867f00ecd4882c
sift_100k,profiling_cost_only,220,18698,524857ca5b50824b6043858406daba819e1aeb84ff1ec462ad77f74ea58cbc96,b6b8f9a04502c398ba87b50c6302a5340dd372b64f3b107783be048d8ccf4c7c
sift_100k,profiling_cost_only,221,1440,0021c562fdbdf345149f087a0724648b27a1551723b8674756ad890788ef9a92,702895771623b95857d78ce537a37ae7563db8a4913b9107dc176489dda6c3de
sift_100k,profiling_cost_only,222,22378,4d654aa33090c95932ed21ffa12f04869685b0c70ee417e546fca94d294dbe62,ee25161474441804fe16ba099643bf48bbdd7d8569e1e53e9f54228341835fc3
sift_100k,profiling_cost_only,223,10562,14e6e4028f92874225ce6b826dce586ff3c5ab349d61b68e2ef05e096424a745,55b5aac39f1e2e06e9acb8303367362b011f9da6393d7439d343d8bfc7d64cf5
sift_100k,profiling_cost_only,224,5979,fee23872db2645968d7ae8047088f9f6c5b5b1471f44b2e7708255f5ca7e4b4c,421bef2d94cdd4ca1a8b994199a17c1385e5a8ae902fb152799ff41dffdefcbf
sift_100k,profiling_cost_only,225,368,317ede1dc23be1e35e1ad901e28e0d3e25c782b037207728f9d4e74516aed1de,a239f1932950a1b89450983f99210b178fbab22704458ae8fcf72189ce19e5bb
sift_100k,profiling_cost_only,226,11569,24ee4e636a77fa9519dedbd8edc5738d4cfca1034b19ae21216ef449896777d1,7064159872bf6ba725ed04ff75bfeafc265cff7b03a5918284ebef4e65815dc3
sift_100k,profiling_cost_only,227,10917,1cea9b16eb134653266d75a5d9421b65a57c0c5b0539871cb4eaad4f006b2b3a,83ade99bb99b32d41cbe9fc15df39a8b3b4d613558a6b5b4f9519db30824adc5
sift_100k,profiling_cost_only,228,24268,167dc07decb1817511cfef7e2e6ea6bb6e75c68e1e26e5d79f13b2e3a3e6ea9c,ff2324dbf7be2fbbd681e6c29e3480b1628491b2e8fbc24069356cf41285a26a
sift_100k,profiling_cost_only,229,23106,e5716a25a733000e8dfa7c7043283dd8455f677ca4d76ecb19701ac2ba4c8bdf,7e7ddc7f0eb3e8057e6f2de94329efb690b7ed660481924422c26362f88926be
sift_100k,profiling_cost_only,230,24674,876f5cfdd9cef15d9d3aed6a7f902e24efdf8b3d066a83bc351909d095abd7f4,af8f1ac79e5fcb236eb1f57e30fe890b75401738ddddc5a2f6e2ec2d67c4d2dd
sift_100k,profiling_cost_only,231,5143,48bbf0416118c6341e3dbbc139ca5e0c9297df8f74beb3c9b3ce06f09cd87484,cbe4f67bb7e4b634a4d3ba3f23e4e6d01b2fd14dc4e2d8a83ba449c10128c939
sift_100k,profiling_cost_only,232,15027,373e52dd33c53acb73b2b64b2e2f575c42d2352ba0827d701b87a705c5ba5d31,a84c72e46c600c4ff2d645e8417183612e9d54f341c1afabc6c0445c95264170
sift_100k,profiling_cost_only,233,23105,b424babaf2026d81ef2b58278bd12fc41a0adfea47074f0790047847fde9d02a,96d192bc2e13d2164c2ad7f3ebbf3c657ae991d13e5d27450f9f23c5f01caec3
sift_100k,profiling_cost_only,234,22954,9a85691e5e00a9a2460afce2aafcd9a28b321c6767c75fffe81d3c985db48995,f82d7024e31f526f3e85b8824a8981ea70789a1f7f60afd1e3166819770d0b7e
sift_100k,profiling_cost_only,235,6720,ef45cc6a403a52d2e38e5bf6645d17dcf36a1342f76527786346f7fd7828df3a,5c40f49bebbf9443decba94012e03def557ee6ec613ee6cd86ce564e399e7b89
sift_100k,profiling_cost_only,236,14999,c6ad1bdb937dc710afdf49b55fa6c40ff2bf708929b80d407831230a860bccbb,cac933002cda093c7ff07f8be6b3dd8fec391cc203da05c0876fd46d8f3984f3
sift_100k,profiling_cost_only,237,10718,12d76b02e4eb37c32eb49860e00062a18b634e0e28293659db610770d440b691,69555cb6668e40b703caa3ddce1f043953dbe63ce1d6e1e309202d108d1f3e8b
sift_100k,profiling_cost_only,238,21323,865bdf823e3ea25c38136dff1b7fb3c44188fbd2ef859189609d929ae8f6cecc,21ca2dc1da6580bb249f7c9d2f117304eef4eadcfba01c35147fb1259b20afe3
sift_100k,profiling_cost_only,239,22945,c90ae868748b60a17a2f5042d33fbf538e9d9caf998a3731af98e1a16328c043,3c276c8f8690478b54f5b40b7044a8fcc4c55fb4aadc6377b983ed6e7bf4d0e3
sift_100k,profiling_cost_only,240,19521,4d73b09539ff7bfdfc8af93e7637890b2a30bf0bcd60df8c709da12203b756e4,b110175fa97c2cc1462f169caa6c2b4f7647d5fbe95a6fc4e9bb5e1d7cf6bf61
sift_100k,profiling_cost_only,241,21803,fc6db9856fe7bb96bd627c5e19623493ed764e9b17cc5e08a4e79eb44de8dd3a,9b4f091545bc165ef53e1031f2468020498670269bd539241ddff22457f71c9f
sift_100k,profiling_cost_only,242,16101,d00b7e1936e7489a07521e587ad75e70f2640e29d986efb9893300eea775ba2b,1fc8e8e072595465a7be6bb1210b3776b87836a08007d718b2df1ae577f59a7a
sift_100k,profiling_cost_only,243,11899,05e05d39b80d4d2a43e0ef25e4b6c52864434826b8e5ebbc32d09e26ed0c2f76,145cf3b3b8f374a1157e66ee8b510b2d6f55c633104d5891db4176e38e6f7911
sift_100k,profiling_cost_only,244,10487,78a5ff28e100a3513c94e78b0a700b24dc29cf55e4bda8eb91fcdf94fbb4b1d9,80e278fa66df5465a658db4f7fb95ef4565a55ff69c7d7939e1f6a809f89eef8
sift_100k,profiling_cost_only,245,13115,f1c53ed29ae23ff7cb7c3076493d32e538bbc4b3978a776768b39a183d9a9173,f8772c0c5d4a63613dda4dae91522f75a9b312c50b829af190e454a611f99c9f
sift_100k,profiling_cost_only,246,7462,87d7363d0a2234d6908759da1a29e4a336a0e344db2d0929c007c7348ad8d5af,f68b8932fea289aa9dd16c21d571e4fcc54f2471b33a1771cfb6e59043db3a36
sift_100k,profiling_cost_only,247,3398,2ce1e96327a15870a4feb4e88a9a9b47e9f09374ac45af35fa9a985b1a6265ac,ec979443d785ba78d07ff65c4ef2c5665c4a37b1e40b1d24294113b19ad98697
sift_100k,profiling_cost_only,248,6762,2874e5c2e010533ecd16feb17f448572d5351c11456ac3273664dbe8c3e8c712,56fcec2e13111f48565fa8bd73a15b12f2c6691102bc78f57023d0382827d2cb
sift_100k,profiling_cost_only,249,871,04c84405923ad9aa46e946084db28c14a045bd732c7ce207c859877d71468677,f9d49c6e756590fff601ac4d91f1f6c69b52b5ada355822595b77163f13401bc
sift_100k,profiling_cost_only,250,20276,bd1c2f5acc4bfe16a73393cfe238b03fee1e35d0b2c95cf22cf14df7cc653edb,d25c581f64793dfdb9db17e8a8ff71b5cd6ca075762db237373b48aacdb71680
sift_100k,profiling_cost_only,251,9142,dbe4ab85ae1de7582b5c7c303fc20396734e2f062861cfbc0049caa49f401e16,a155a9de37bc392f44eb3bc1cc06214420e506688970a66db0fc8f5d8b35a6ab
sift_100k,profiling_cost_only,252,6555,08f14dbd078d191fc496af91a9e9da63e924daae3221ab1e2332030d1f31d96e,1a2ebe53dea220076416dd6a04d162ac8b7bf397eb68480aee8a29c4b096fef3
sift_100k,profiling_cost_only,253,1903,649fa41782aad0d26f85cbaa9dde8733cfffcd0d32945c4e76abbb4ef20f587c,b0fcf620139f96cd06614dab05d874bbd904cf7141337df228d54c363127fb1e
sift_100k,profiling_cost_only,254,20416,aa38a8c8d1b6ea663c1cb62a36ecc8c1456686cbed68ac4f491a626ca632f0f3,22bb9718d3a028dc3dd09394e6cd5c9e6caf73ef74502673252d5cd379c15c4e
sift_100k,profiling_cost_only,255,20641,72decd386e652889aeec32b659a851a957ce565a31149075724b3532bc042509,c5a3ed15186170a4b56c242e4e7c2efb03b955df806c9fe5025e3b819ac56965
sift_100k,profiling_cost_only,256,17938,c907f2ce39b67653320a5d9a2ab89ae092e65b8327d3f3f0e6281c04c2c0d133,dbff939d20ca0f5cb686e9cf87cd648ff4a3810cb2516a1ad707f3b9ccd1fdf4
sift_100k,profiling_cost_only,257,9766,e2a259e053a6ebce2d6e13ea9b6e0096d18c181ca6d2616c2e00efeb6456aa9a,33de2b1f30eb0a7cda497738594ad77fa5923368063a67f49493d5b66a06baa5
sift_100k,profiling_cost_only,258,21522,3c02f05a16e59fec4c9812797fba590cd3d5f2556761dba3b6b7fe4ad14af7e6,2c2d61f6837e8b2f7f11ad6525e3e561facf750e676d258cbba3607b712c3b2f
sift_100k,profiling_cost_only,259,8000,b37fd5cf3fd7cc64f72b7e9fde8f7d4b4c9f45a5aac2883bffa82d52f3c58356,7c2f2f40f46650a1a4c293f541c74b7eadda6e315621b0dc6ddd1f387c429fd8
sift_100k,profiling_cost_only,260,24205,bde247d7513cab59b02a6a5844d9de602fbfbcc8433e9accc8cb15ae9a45835a,7ef6c1db893507298bb915f494a3cf3ad8a714344e7c00a45a2d712a074385ae
sift_100k,profiling_cost_only,261,21556,1af2ceefff221454720f6b61f31accac058be8616e2525ffc333ce6699f7eb2b,496211dd0c67b55596d836bd0eb801505a7b170ae9410acedc2500fb1bf53f0a
sift_100k,profiling_cost_only,262,11084,a90763f6fad844d20792537ebf3ee2f6778db4e17776720181477b5f7c937325,da4f5839c23cbd8572bc04fe3730c4225520e092b4fc88f18af61f77df32e67d
sift_100k,profiling_cost_only,263,6907,c910ce1d4a6dc7a9805e5e827c774fc4f5faca961781a3807725ba5d8424e038,8c5a5710c8c6d4b615c7dab13b8fa3f8140332c1902037bb30300d2873bcf973
sift_100k,profiling_cost_only,264,23462,b58ab32c45dfb2c399309f8b38f9eafc28ab1cd2255e42fca4389e0408ce9228,8aba3e91cf5247c404c7ebc54c9cc97bfd8107362d108e5b1a64ec944dd23fc0
sift_100k,profiling_cost_only,265,23284,cd9781aeca31c20d22f5b4fe4377949bbfbf8fc249f699770565f648050108b4,62bc8f729b84f9076688500411d0b83057673ea9cc21708499ebe77a9d7dc440
sift_100k,profiling_cost_only,266,2503,c82ff8c056d9440010ea1876b4c84916c5e7a525ac6a0f43e33bc9c19f582888,862278a447eb05ff8f704ca2c4f827d538691f6c00cdb3cf35fde8433c2dfc71
sift_100k,profiling_cost_only,267,20332,75009e18c2cc0d3a0e93d72eefa625157acd5e0b7db029050d50416336675fc8,35870c65e0e9597923013d65d3d442cc9d4a81ce7f48de9070530e2ce9b267c0
sift_100k,profiling_cost_only,268,24280,6a5115fa57c4e807afcaef67948249dc2bd8bfd91405e468572c3c8f7120f05e,c2e495f917a2a21fa1bb170781779b654c9874caad0b8295f59856871ff7017d
sift_100k,profiling_cost_only,269,6041,9b02ede44645d337c06d8c747be2322fb1e416f10792b356fcec2c086215aef6,a14e4c8549db64146eecd4b3379d6663f72d5258da99e1171b2a43c693886bf9
sift_100k,profiling_cost_only,270,13305,467300ef239872532c5c872522a88950ce6a1ba9ee9c37b7a95a549d35a80af1,e19b418868d069b9fbeb462c878cb0e9e8882b06a2fedfa6f235624f469a1533
sift_100k,profiling_cost_only,271,7013,e9d8a5a261b25939b75c05f6ec6383739e4cbfd67697fbd21b502a7c8afe974a,b63c8ecb21f13997426a5a3ae345a3803d9bb0343ca478bc03977a04352f0065
sift_100k,profiling_cost_only,272,8086,644f7fd8ba1db713b76de1baa720c1c7dc0ac73e0ed9677eea818ba534a36e62,9795163e52dcc561aedb50f68bf673c2bcb222e682fa5c422c7bc28e96583683
sift_100k,profiling_cost_only,273,11190,32183aacd3b19df7ba6ac9cbc8408ad9ac0d8685859946bbe63939ef6a3c8d81,4931bc2eb52db9894309380530c4ea532aaec06e4c2309eec845adcbdac4f2aa
sift_100k,profiling_cost_only,274,13521,a5a2c18421d6dac63fcb71c3f364ba37d9aa6a2c2f4ca2b66f119bec4b360f42,3dab8d6bbc62b649f2afe102d01fa7d6a6090e214fdae31b2c82cfb2322a9083
sift_100k,profiling_cost_only,275,18600,d9638f6306e69713234c676440f5c6289f216888ba9eea9658304bc6fdb76233,1622e751ccb642ea6f38f0442c9633b393b9dc8d2dd9d0eb52faa9e5eb245155
sift_100k,profiling_cost_only,276,22728,04ef05ef5835e51a43e3629993545546258d80c5ad72df5d329d5d83a228ac32,76c7a14817b970c78784676bfd276b6e22ea883931b961da6e9afac360f52066
sift_100k,profiling_cost_only,277,7684,a7267ea05d0e520e132881a1c81b41db15ee71255ef7fe588c9c8be463edbd33,14352426586fe23d06e36b2af462873c339572e01ba0f13af3b0176eddd79bd0
sift_100k,profiling_cost_only,278,3557,6665e475fe45e93af261e24c778659b1ccba4426ef114a07d83c413c86d1642a,fa69d1e87fb56bca293dc902bfcbfbf89bad663dc679909cd0427975142472a6
sift_100k,profiling_cost_only,279,7001,526a7305f913fa8a25c31c057d8396fecdc2ffcc8eb6c50964e5e2a7a09b6f26,b47393963ae56fedf3831f47b81c2c11b8da3da3e7656ee2fe94161161074cb3
sift_100k,profiling_cost_only,280,8453,98860fa14c09ca15969e510c3597a4bac00c082837974e7750f8647aef7002f7,04f38bbb9be14ee0189ff9c3472270090fde24eca2449a544273e9f2d503beb3
sift_100k,profiling_cost_only,281,11438,1df3eb2315f0758128335b4706d6a36865db3c78fd03e17889d80d1343c551a1,ce5abfc78885e8dfaff4efd1031770ebfef7a3868b0a036f59941ab4810ab69b
sift_100k,profiling_cost_only,282,16868,008b74c50c326a82cf18ea1847bf3d37bd6dabf3701d9a214e64f3aa9bcf182b,b7481bd6a694205d1d35bf9ff9c23ffe3118ba99fc6d296d20635e8b11e91f2a
sift_100k,profiling_cost_only,283,2538,4f7ffc57f47c60faef65ac8b37a57b8c91d870bc832d7c72bdcc05c77688a0bc,30a54a51921e794e200bf3a579f89002a640257c0e6a8c8e88460e9b36f82266
sift_100k,profiling_cost_only,284,20224,fbef977b0a6b01cc68762729008117a0e2b4eb22a4f619ed353088e99afbd350,d8ccf8c52de4a44c034969d4c7933c53f446f4b1a23dd42e1b628b9750adea3f
sift_100k,profiling_cost_only,285,15101,350c7b50d0a79d871ce3d0e7b187c49e11a67a5974eca2d395e41b1b7891b565,cf343b149ee3a0546ea793d7780aa31f404dc118c9d3a4fc16636eeb2e878cb1
sift_100k,profiling_cost_only,286,1337,43f2f3c9a5a7b3a569bfbeaa902d5210890aaf5e032b82c25a43312da7c1f317,7cd5134315a96392fb8e5b7b181273080de921b7ccc4d22a88a7f6b71c1edb14
sift_100k,profiling_cost_only,287,5968,d744133bead44589767ba9273f3379f4097bff4fd1ac1c46ae579d3e3eddab84,a997b52a9687b8ac86aad6352a4bee3686823e395f3c75452d684e71e249fefa
sift_100k,profiling_cost_only,288,14577,9651753ba963e7c05fecb9e787f2bd19beedba6db611b57d1ddf88b18162fddf,bdb780a71789017f5ec23678ab87ff69177a299db605a61969b3036b07761881
sift_100k,profiling_cost_only,289,13605,2bac9ef0551a90168597b1474308c8ac6ff89c8fda0936012ee19470d74ff92f,37be9641cc83a789cc483816039c27abd0470204c9ac957a0465f9b5c33b9c6c
sift_100k,profiling_cost_only,290,23714,b6687d877bada076ff6395719db5e6f6d1dacb31810afb69bc422f6cc8eeac9b,08af94b7923360616acdbe096807e0167b671a37a5c0dd532793a2ff2b90a6f0
sift_100k,profiling_cost_only,291,12779,c7240849c399ced59e60b38b6e078665bcf610968191058da99a3342fc389629,0c7fda1204d3fb6fb11310d37645429236268d03dcab5470964c76a11f23c2a8
sift_100k,profiling_cost_only,292,17173,65f68ccc2d907cbdcadfdc9d9a6fc44865e5a48452309993f29bb3ba0aadcbb9,c60f8407cdfafeb955c2307f3163fe177ba750009fe9a85030c965f3605d76ce
sift_100k,profiling_cost_only,293,3186,8a71cd303c9225d5fc228e90e9dbd2e6f9e4256d01191c8ec69a9e6044d4fde1,dc63b7a7061b4cb1546470dd0a11fa3b8dc87296cc59b78c8e77a0ec5ad878c2
sift_100k,profiling_cost_only,294,15536,c8f9788fa41a1ab56b50b2490a73cd5aad41b4dfbb34f8acfb20de72c039cb4e,34c1510e2e329539f87babef842db8b5f54b0e45133b1d8c6497cb7a3da29be0
sift_100k,profiling_cost_only,295,13894,7ce3cc13bad1239b6f368caafd069d1426e2c437e32f35945882afc55a337128,e5ea5c943f66882319ea87c2327df6e9d5a0c6ffe03121699fb837e6315c2201
sift_100k,profiling_cost_only,296,705,757a4c934769a3992095fb315c5adc4ce379198da7a9880334479db474d2d3cd,c5cec84dfc3cca826d281610c0b0ec411c686aa7e65f256efbad5c746141c3ad
sift_100k,profiling_cost_only,297,6971,c856e854ffcb0cf5357884a67194c56419eefa6a3eb505b4f3df1dd9c5bdbb5d,6995b25d19390d5f5b7d06dca2c9ec6a4cfd9b933be37272f04dd709dc06e7a5
sift_100k,profiling_cost_only,298,11173,4188b6310fc6030f028352759aaac160f958fd23a0af748cebad5e21c9b142e5,7e98fa8b622e83efed6ea37bfeda1cefbb5bc276e8f680f8b192ce3109b0332e
sift_100k,profiling_cost_only,299,20584,bc54b667c612c661726b49c90047b89c11fd004a3b34ec84b0050340f4b3519f,dea09d7b455e2d45de39087a38237d546f9fe78d79de161c7f8c596b3b6f81a4
sift_100k,profiling_cost_only,300,2588,039f7520deca6c42fa2e47f2b9c48c8c994515e1d895593f46faf7b8bb73f3d0,ab3e6c6fce8f7f1cfe8a54e3cba6a49dd23e7077f51227a3ca1ec03c6d31e6ec
sift_100k,profiling_cost_only,301,11451,36dbe8632d7a17a218a17eab58322478c81df6abc96f99330314889d858450d7,94ee1e8103357f983e9cee8287dd5e91a4be526947ad7b181ef76be52b54bff2
sift_100k,profiling_cost_only,302,16818,873923736f104a94b921d37f0f94bc2ba7e17a65e8004117a6c78d58e76e748d,1f48502d494ef4daf9101b43c5bb8c42b1562cf4d65f149dabb33a10fe3576cf
sift_100k,profiling_cost_only,303,22675,7afb3b907338ba68a875875746fa0998bbcc8b5c86671c5151c067708a5d95b8,a149cb772f416c526918cf05de9486b3178c2af2ac11c39007a11d3bae1b8635
sift_100k,profiling_cost_only,304,2772,4f119a89fbb8ce85fb0892b65dc96b946f5abbba8831628e19ff650311e55b14,97893658a4d148f1d5ea920551bf4c82d1c056a0ca9c7246e49bf9f3afec2f10
sift_100k,profiling_cost_only,305,11457,2a95d6a222ddf97fb72b388acf070e9e3b6c4f406e62201b8383f223283660d3,23ef5c7b49503169a3c847e085f3d7bb0046ddca5dcad8c84ce1910f5331c566
sift_100k,profiling_cost_only,306,87,df5fd82816893732f24ef5670d62f012960bd7374dd6afdba703a2fdf472b196,431c1e09a30d0db1a03eefb54392eed54a349e35fa9393ef1874c61b6397bbc9
sift_100k,profiling_cost_only,307,24337,565e7109f0885a9f300b9089125594424f8995027d43039a39b772479b0f615f,2f1bdb04c018aa5e3dfac31aeb0b80bdf7549fcef68565295adc2404bfa2d534
sift_100k,profiling_cost_only,308,1775,22460ad7bfbcee9ed48a71dd930d1f99c08158563dfa23489b8f057e8763bde3,6247aa3137e6aaaad66fd12e243a25d4f393a9fe6257c401e8b4fd7c86259d51
sift_100k,profiling_cost_only,309,15465,5e4c3e01163f9ccc718ccf53e9993a4c7551db44502b26a44b8d38bef655aa89,017ead3b21a3f24b6e8e0c9a1088e7b6d758f5bb700a460f094e1a2dcf5e709d
sift_100k,profiling_cost_only,310,7345,92c3dd4a82662935b1c33faaa8c71f3b06d0a1afabefaf3d66a31264ede3dacd,06fafdb508ed99e47922e9628505c811f28f0e0de1db2e1801fd78b82459748d
sift_100k,profiling_cost_only,311,5350,6b3e684e71b7df58037d88d6e8252fbddb3c832df9d405a9a26c3ce3c0e44124,323aee514049ea50b31eb98131b1e29c01c3de30d69f83892fd84feccda9c16b
sift_100k,profiling_cost_only,312,11145,0958069d15485b333f9f1fecc932af76a0d47af70e7b3d2832f70388b31e187f,9829a27d335cd0603718a65a298832512f7f1f812bc06e76988cfe560845fddb
sift_100k,profiling_cost_only,313,16785,52a562241820fc9ffefc0f9ad1879b70e6a76023d7342a743ea461dd6914b38a,1e65f92e0fbbf4a82418eb2181d4cee75909b8e738299162a99acaba140cf175
sift_100k,profiling_cost_only,314,18084,ef28c50ed2009d09a31e245e6f2973c2b050bdf0d453311eebbaaeaf48dd1f7b,38f7662709a08744bf806f63e3efe6afce894bfdf61df6feef0b010ebffcbe50
sift_100k,profiling_cost_only,315,781,ce7eb34239797b1bf1204c26ae0ef424026b55f7ada94d3ad462da1b46a6eceb,58c1eef5b71c44cb6caa7be4e018b7f468c74a4c1d36bcb00753b35e67b58ea5
sift_100k,profiling_cost_only,316,4168,0774e88266c8f5b5a4f59001716e5ed3cac1c2c27548a079c242d0479ab5557e,56a24c6e0bc5bcd879d2ed857ac5e862f8d43b090ee4ad1cc579893dc9c93800
sift_100k,profiling_cost_only,317,12886,2e9af95c88680f2cfc341d8ebe871acb81c7428731a7e64563e1d75da3fba603,edaa59e3ad1da7543a70fbece440e4f7287e65378457b368514bbbf0087b38ae
sift_100k,profiling_cost_only,318,7982,eacb49a9aae2bcb876277af0b1fcf7793c21383b6adf1857ce4060118a8063e3,7f9d3f1b2f3e9ee1a4ba05fd1a2f54a8cc027a6e60e5ecb6e8a8c35b98501827
sift_100k,profiling_cost_only,319,181,f72c7b4b223251ba1a7e340ce230acb31ab3e00ba13cff4b131c09091a305546,1928391e3760ddcdec66458d67f199f4ce3077fbf698acf75701d162d90503fe
sift_100k,profiling_cost_only,320,7970,ba2c40412e1b39a4126bd256b5fabd0cfe4ad991aba7568a7248530c296f633d,312ce598238e761b47bd891de10de689649b407d6c53c1545428ea784a0f8829
sift_100k,profiling_cost_only,321,5253,c37161c0f75f5bbf3dcbd0bfebf06b333913bd8da9eaa9e9cfbed53338847491,a3b3a917d00df40fc904dda92c405fa1dc080a8ca60f3136a7d103b115a9aebe
sift_100k,profiling_cost_only,322,24592,1d9a4302b414394b43a9434bd82523b242e0c687664432700967cb8a63a2878f,8758710ab54cd42ef669394811a740559ca7eeac45ff56c9d8547a1196ab50c7
sift_100k,profiling_cost_only,323,16931,e870a026dc0b801d78a342dcaf96976d151ff670cb80ad9db21ee881a15fa8fd,f0b706bbc436d38fd0780cfb385202c50fdb6ad170bcf3e89b8e337ab7a536d5
sift_100k,profiling_cost_only,324,18951,c763da1a7326a69e7b6cf74b77f46ac90220ae193397c45cd7af7382cb3a1ec4,eeb0dafcc2863a505325b2cec7baf9b1850a7969f090afea10dd6f8f1a3c6fd1
sift_100k,profiling_cost_only,325,21198,b6bbae0ebea174b966122985255604cee866726714527c4d3a62e5188d8b869d,ccd3aad822515db260adcfb04d42bc96c0721d7b1558d3f01e50679317cea3d2
sift_100k,profiling_cost_only,326,4147,199a66f62693266091cad6b85b3f4c96fdb88a159c98da4e71a1966e9d379186,fa822271a2c0ea062939c8ba5a10284d899f2a8b4949bdb73972c2d11b7c3f57
sift_100k,profiling_cost_only,327,4536,aa0cccc3fdb92b3e009d8514ad062e0d659ec3c0c25606719c4fe6e8d4dbb888,3fdf1146ee1bc11d01526e90d977ab92c4dba7d51123dbc0fd6299056c72dc69
sift_100k,profiling_cost_only,328,1017,ae9fcf8b00d3e2f2fc47c840bad2fbbc92280437c8ff88ec4b4b1cadddf64fff,d7cb3111539211761068ea949a54ed44e3c5584f9bcbbdc057f3b7a8189c20b0
sift_100k,profiling_cost_only,329,8446,1612060702210677e2d8cf55037852f32e95bfde83939f55152c5604b66a854d,a789ad22db9ead8354fff3c0b7687564c1b3711554049ff7c1c5e5afeccabc4c
sift_100k,profiling_cost_only,330,3458,248a2ee9bcf7e78f9f9ed2119c824776aa18177778b33d4d03398f1f2fc961ce,7b66feb5525c875d8e07bb209232b88b8e3f260eca7c315e562e241bac47f471
sift_100k,profiling_cost_only,331,15605,21d547ce12d14cf2fb09df6de25ced1d202cc9d0662d590be59d8acb92ccfc75,8f9f426149be18cf99a2f581b72815d13c95dc03a3ca8df520dc88fa6f0b75b4
sift_100k,profiling_cost_only,332,2492,9a1e99339f5512b547439c9031ee51c7b0e4ae1a3c554ee2bb7a63c0cb5440a7,bf5c9a7a683754cbbba25d0a97f0df7bed831e847512825f3d1d5fcefca5f026
sift_100k,profiling_cost_only,333,18258,6a833e917dde370c8a174b1425911b4cca2a418197d80abeadcfb7805df388f0,d141e36cc5d6a7b463b553d9c9596a0871387521b0ca68c523eea72a8871cf08
sift_100k,profiling_cost_only,334,23873,09d6fd7948f25f532936fd8a642daffbfcd0868833dd62eeb70079ce781da909,324762a9620b1330e82dddb73b4bc5063ed1cab72d41bb8c32643e11bbffe9bd
sift_100k,profiling_cost_only,335,8054,b862aa95ea06fe0f414d727595510b3c0949104819118acd6314b7795d5a9806,6877319160653746ae6c33e7c4fffe1e98cabe154063675d8dc0d3c7f1e2a600
sift_100k,profiling_cost_only,336,3640,4ee4d5299cc7c2589c5d1523d7c607b49db2a54f6d931a97504df2793f07ab68,34949b06483dcffda9a3ab1de9c958c5ef3413b3ccfed3439174d73d1c1003a9
sift_100k,profiling_cost_only,337,10714,374a4bc599d3b5a31719184e4b5517ce626e4dad9ab1eb085fccbe7d145173a4,e7cbaebc5276df9b9a265d40462e36e895e9bec4f2ab06e6153ddab536cccafd
sift_100k,profiling_cost_only,338,992,a583a2ef8d6396bb6fedf3f9c55f12346ea96160f1339ccb77d5818c34902551,4f4a07638ed7dd6e02b473576a2d100dfeb12ca45c9b60bf4f1a68b0c7171aab
sift_100k,profiling_cost_only,339,14658,501613aac205281a12ebbedbdcdf358e2399259981d9d42ed4f8b34e68392ec8,741c29a31f82f549fb37ceeadad436539c7733bd45553299dbdfedacdb9f5e58
sift_100k,profiling_cost_only,340,12231,90735bc5ba2b14c63d5606f9f5529865ca7f895b27c54c5c10986e053dfe605f,e3fbb70d3b64b559fad9bb52f38c6e01d5c3a24d2c07aae34c769d25716492e2
sift_100k,profiling_cost_only,341,24515,4d6ffa2cc7391d21d60fb78da10634cbd4431e4c1970cb5af531b60a19b6f05a,686dda51ac7780b6ea5c768c2ce95dedc6d3246b2e779bb5c0a5b908484223a7
sift_100k,profiling_cost_only,342,9101,de10b50ce79a909e3645231b799de8cfb8c9f4beb091b598cf1d06ead827ecac,bf394cbe32d627a90d4d7c1ae4af85f722849f0059604701b4546535485b29f3
sift_100k,profiling_cost_only,343,15996,9b4610f36f0740d7e4eea280015954f36552602b87a100fc91e4b2b0aad9d8e0,1b838253944eec3a48fa31661e006ebfc2c324ae44690c5a660ab411ede348ff
sift_100k,profiling_cost_only,344,24310,4fea554c6ac20ff0fb8acab7446c42a1246821611b130070a822e8045946bb79,dd4191a04b0f81cce74d4572206662c27db3a28c1ef4d938b40c79c0e61a59cb
sift_100k,profiling_cost_only,345,20041,c3b5b2c8fe2fadef72b4fa62928f5eecf03c65a89a6a5cdb7b50f9dd662ffefe,58a5a718c661960fd08d3e8afb3cd6a3c0cb36194288bbad3a6c563435ab0356
sift_100k,profiling_cost_only,346,14685,c4f93a3d67a56d1c7a0686363e59eb2a702003b3b7868eec182287266568f323,5cb69f803d960c08c2e989d78b0684df1e5a6c713eef8a1eb4167b96f249cb63
sift_100k,profiling_cost_only,347,24113,005cc7e9092cfd2bf6ce44afba12a00c693e3e41dca5bcaffd4c50df2fe60045,db6218fac0d29417f299e3b1d2850f4fe57354b14421469e38bc6d0c81235452
sift_100k,profiling_cost_only,348,345,1c8e9931f068025fabc249a8ff1f5253f227d287595b9b9bc09e7d66199e1e9e,6bf53e6977279b37fcf70387aa5245a22e33e4de57202cf602815f5ddfa5b44d
sift_100k,profiling_cost_only,349,12225,465b5e69aff27746eda3699f0eee17349a0eef2b2d46f4a74c56095f1cb7c688,a89e69478a8a84e8f7691f3512842ba77af3865f71cd5d9680afdd3ef1d1f899
sift_100k,profiling_cost_only,350,17583,81903eabf26a2ab4494d0562ce358f265bd6ca9095dec4ba9f2058f1b1634328,6c6e94388210a0fee34aba8248b2d2271fd1a5b97adcd19f07f20e10d2eda42d
sift_100k,profiling_cost_only,351,3622,0b8ecf719380d8c1d3d692069d490a35f8718a29f3ed8704c740b218fc3a4215,bdb9ce5bc0b28d7219fc09caf11fdd61e5b741c9f66198389c3da0955e83ec28
sift_100k,profiling_cost_only,352,11273,e9733490375485b8bb2632a90b40cc927975247524489e7cd444c57d44e17752,8c07700c9091426efbda11dd57c6d47a93085d404f986497356dcd23ebf102f1
sift_100k,profiling_cost_only,353,13639,7f05d135b2fecdb40a05ef0bbc545e22f0953bca4113b17d0bc19c4f43a198e5,8e77f8c79ed9f3b7b39b2a2e653295f5c6f6a376553af1597e421239d2387c99
sift_100k,profiling_cost_only,354,1369,ea1f878cd9346357868052c37e3e7bebf0575250bc10c28e5883951d5cb70d85,2a5272be53adc743350c5019ff187ac444e86b245751946ef69b7cf45695a703
sift_100k,profiling_cost_only,355,15428,8b8e29352437c4a3cd664cf066a9d542566f20a8c8c7ee90d5224dd4b85c344b,88608bf5d4c0bb50c01d22a083f19cd39f2572aea729238052845177dbd613e9
sift_100k,profiling_cost_only,356,23833,e301885f812c51ee750202489e3985d9b7d4c83376faa0e3242e205f370e8d73,62a85bf96fdb2826766efc540992f6e333a4d760dff090bef9715a5ecd552ca6
sift_100k,profiling_cost_only,357,104,ea53f0cad81b1a55946a9a3bb1d05036f74a727e28028b27e093c5677eba0b8f,974a9657680d4033d1be92f7089ea6f01731cc7efd5432c51d1b27a3bb062aba
sift_100k,profiling_cost_only,358,11611,75870f25106a1e0a7307d7bcc88f0c240628fb4f00cac52267b98d07a77ad647,c48c1f7225d6fa888cc806d7500abdba28bc36c82ed787f79c9c56ce0fd50503
sift_100k,profiling_cost_only,359,10362,f85c4e1104d856f70f61766b602e4ab24e8ba4d74be5d07064e834050c7f7f2a,0c1030052dfba9ce624f561c5ab2572e47e68057d900485ed5008ffa59f0c825
sift_100k,profiling_cost_only,360,8760,aa3f23c4cd66303817b90a24cbf95180c1737c57db73a6ef1c125163220eac3a,f6e1d53c743437e898049e20332690b42d8755aafb145a038e529f034c068966
sift_100k,profiling_cost_only,361,13917,c080f5565dabf00a375ddbe6c72e25b17c6faeae01a73796302965b245303dbc,bc0ee2cf3da7cadff121f537e50b55ae66bc94b787352f3967c2f75231586db3
sift_100k,profiling_cost_only,362,888,de11dabc7c62b9ac4dd4dc90130f18562dd95f08bc050a5a9072c0d3750b5520,05974e64046f57494a3707f8485371b24c7b046f7a20127bbf6521aa810932ad
sift_100k,profiling_cost_only,363,514,95eeb95998389a7607d33251f52b7861ee8a3840b355c0f2de1a3b8a8aa7b4fd,232524542021b0cc7e97046b5952e6166656136900e9bdb228fede056bc7cca8
sift_100k,profiling_cost_only,364,14924,6b5a082fc28264f76a2fd7af7e21bc3e60b60e5acb3ac981771108259a94b4c6,5a938d758df8eb6a6de000be2e7a960b5508504d38e47e9f72009f397d51b98c
sift_100k,profiling_cost_only,365,24152,49f027da026b635672f3d6825b337d700cbbbd12992a4b1db702d23bfe7b2444,55a5edbec83fda7cc56b85bdb04f5b5fdfb3262d962115ce09336fd94158affe
sift_100k,profiling_cost_only,366,9913,b4f4a6317f7af3ee0d98fea64a66aa66c41e462ecb638bb10ae033a935d55309,9bdeaed813a9eae9fb980dc7d059a30febfe9f66529a359f21c80b06d19c7d91
sift_100k,profiling_cost_only,367,5488,919af560dd5b3fe97900de0ecd1e66a61f26e627c1b46141d2ad41ef80f06a66,ec8677e795b26376753e02c3a7f6f812f676029e656650ebc407a3e5e1bc4cd3
sift_100k,profiling_cost_only,368,10429,020dbf899fd5f3a8bcab15c54f18fa2189d1d8d5b1775264d9a7fe6a106609e0,b59ca32effe480bee9fb4975eb28dc97f259a7402c0e21026ac0922467216de3
sift_100k,profiling_cost_only,369,20176,ba54dd60baf09cf6c41e58f4367e0181d21696d9ce24f75aded13d88689288f0,dea6cf8e79d7fc9ef14ba649dcaa3b23e2636ad8692ca91721f08e2531e38184
sift_100k,profiling_cost_only,370,1116,40d287fc83f190e7edfa5378563a4d185c7832cecb19055bc8f3f24a2d1f9e44,c2efc7adaca01c93d552b44de98ec83b3296eed659bc040c9230eb2e147b9240
sift_100k,profiling_cost_only,371,4407,7cc848a895d56b6245afe197210b005ce8cafe7b29e3a81661cb1773208aed4b,c179218596e3c38a791b39533ee2c93fd6232a8934468a06ed0765c4918f28d4
sift_100k,profiling_cost_only,372,7439,9a59c4c33efcc7361481675fd13ce5ec1cc85058016ad197a6dcc7a0e86f5647,7e91a8b21a6bf4c8b6d702a0f5ae47e9d23cdc7f65dee783c16c78457bc79984
sift_100k,profiling_cost_only,373,6811,2ed323b2f062a59a520993f882a05821c8ef0463c847970f29c2d51ca7cb30f4,efb35fed56a92304eba24c3128ac174196ffdcd421833399573186b94e6aa9a0
sift_100k,profiling_cost_only,374,9552,65450cec889247883290c13921abfd5bf214effd89aca767797d86e496d67d56,98f7d8a41e82e4f1dc7905ab401e43a33171b2383db90c953487debd2b01a1cd
sift_100k,profiling_cost_only,375,14734,fb05876c6bd5f372e0aaf1d6e9d5b67c3fbd434c4782358ad3af5aecfd4dfcb8,efb90ff9f314c3b5227ec1dd68361981b2527bc01718cec9bf1227e14070dbbf
sift_100k,profiling_cost_only,376,12127,4451c2ed6a5e18d5c6cfe7787d097101c9284865dbc5e32f987ab4ad331720af,3bdd220a05de238a6121b44eef7e8546b3536924ccfa3cb60efa6dc37a28798d
sift_100k,profiling_cost_only,377,1105,cc1bd1de3a083731eca1ec4cd79c22267196849bb0327d0a3b49949b035a9803,949f38f5e99e3fd64748b6173a6b81911560d6066c884847aac494dcb65513e4
sift_100k,profiling_cost_only,378,6217,8ee20c90fed46a956c395cc55bf1bc88c51260474949a2ed9252c0139594427b,551ea4d7f1c69674d0648f4b309a6241f0f55cc522866549a30e0047aac281d4
sift_100k,profiling_cost_only,379,17336,0ea6b58eeaf2e6c6b6cd3d6c2987d23e4e6a54bb9cd29098873a6916bd1d7f5a,36d499d2ecbb997734029c7dd1c045aeba56ac5180d226319c7dbd2a1ef4b4cb
sift_100k,profiling_cost_only,380,13222,4d921ffdccfb45c6ee038319c75b217ebb71cbc7be02be013a1a278cdba1d3b1,001c9c17744c73b73271f51b156f727e597235fe7667f195ba3fdac03142e004
sift_100k,profiling_cost_only,381,14720,42c3622427f1176280a2781666dc3ef5fd4301a2029a2f7bfb8d26dc59931398,d28308605774c21335cbc8d7480c6b74d2f3433ceaabc03ee73585e3d663d3b4
sift_100k,profiling_cost_only,382,22601,fda384d07f14102d1d4de19e9863d80728e4db916ce21e6d14686e47d3bb1dec,64f78f5a59d71287f6566a7436145d6fa8146550cf2dcf2bfce412466aeff510
sift_100k,profiling_cost_only,383,14868,eac6084cbcbd976299b5de5464897b9b42f4b9f8682461bdb54b27d2d992e62e,bcc5991aa29279fa9dfc0fc80555f2c3289e12153f947d0aa621b86cca6476cd
sift_100k,profiling_cost_only,384,6547,721d38740791fc62cc0b992305effedf02f37acb5ea2269e6c236232a245e526,cf8e907087e2a4379e4dbcd033dd76d3d17125f0182a829c3e62055ad22b8cd7
sift_100k,profiling_cost_only,385,684,13b5774071bf48b7e3be5a4121b16a9b7c1a613ddd228b6648e360312fff900c,14e4dc08ccbbbd143f7aa0ccce6f31ede8fb8e61b21b656268e83bbc9bd14100
sift_100k,profiling_cost_only,386,6917,0a254457aede0ef234a2e7f714407aebb2d1e3e204a28ec209f47792ee90b521,cf0ec31c5633ae342ea204ca0475ff57d7f02a44a95b4ce167bd413266bb85c4
sift_100k,profiling_cost_only,387,9071,77265884528c0eca38b63a1b76139c8cf3f443443cbbf87e82a78f110c1c1925,eb47da20d7b17434b95a12e00d862f110a914673d4dc3691295e771d4f2bc037
sift_100k,profiling_cost_only,388,19411,39553f505a794704bb5fba44f976d17694462ae725ee46c171f6c20282b6facc,e76f64fd1fadd15cca3369ce9a0c050c291a82ac0ba47e193c30a83b1d7dad5b
sift_100k,profiling_cost_only,389,8478,fe60198e7990e304b931901fad7fd4febadc81953517193a4253d04ef2a305bb,03da419c2b57fd6cc669633ee2804809866f60c62ec09bed173005d58277a42c
sift_100k,profiling_cost_only,390,12508,37f575f31965d941a07476e4b43887ac70f31d3915fb8dd2be7c11a2fef1b731,0007041c50a4c62901d0b9bde26020bcc22ed80c2d12a6eff8af8e897324a813
sift_100k,profiling_cost_only,391,7870,f71da3c61c99bd75d1329b65a158c394b736325c8de0d339ee46b3804cac972d,ac52567452be40d91b90243d180e55bb832c325bd58afff7a51613060a731f7d
sift_100k,profiling_cost_only,392,102,7263c764e57ec429828f781b283cb0532076bbb9f10cc0088397e52063fd0f60,425fa936858309f5b8cb6b62e4d17c0d9705d1245e93d0b497ba58dd9ece5908
sift_100k,profiling_cost_only,393,11497,f2c4080b9c89363cfa76cd861e55520b8ac74a712b5f3517003746a19eed2890,5fb58b0f77108d8c459af1c346ffc9920cf738c12c875155a491b0f6abe39d5f
sift_100k,profiling_cost_only,394,11877,12efc7dc0de8821254cc87a833010b8a89fc8e0843790526c8462f544bb66586,b254d201fc214b99daa116ee706ddfee6e882c69f98d038a338aea028da23de1
sift_100k,profiling_cost_only,395,12032,12ca06c6154574f983e2e6d9344f89aed03e5836d053513cdf8fd961924ba97e,9da6fa34c502a4b95f88135646fb6cc104748b24dbe6ad29e8f2b38c7f3916ba
sift_100k,profiling_cost_only,396,9264,a1afc742a5447325145dfb43d661bb52938eb79cd9f0aad63f44623a8ef42edb,35b530f8a8e19ff7e34577b554864ba3f31738fb62d3a9157da22efb47d34bb9
sift_100k,profiling_cost_only,397,10609,554350b98f48de4449941fa70c62e88cc93617f612dbb06370cbf776a8ca3a01,17e6201880676ef20b1f1d25d9c0fa8827836359a2ca36217255b2abfcf82ab7
sift_100k,profiling_cost_only,398,3739,0bde702fb9d0e26bec91af944c5276eea61f19d6c6d7bc44ee37d323e84478d0,57b75474462df16c02b8424fe038f50481d8f2f8bffd56e2f448081c64a77d89
sift_100k,profiling_cost_only,399,14104,f3322c8c432fcebfcc6a7a191830d885befff0e1e7652df59d42e2d3bba819df,029a8ff862b933557b90c2bbbeae165b0289df6cbc28ed8424d7d6b5472a5210
sift_100k,profiling_cost_only,400,10756,64622eef6e3afd49f5673f30a61b2b30cd18525ad33c552c8a2d821405dfb44d,032ae2708364f9b51b4ae8ff3ce86a3fb557876a839f49e06a212fb0f1a66c8e
sift_100k,profiling_cost_only,401,7889,da7246024c66a59fce45a7759c45508a5593297d95a3a3506ab17b8899453ee8,4fcf7b8e434255a2b1fb1731ef17951d9dfa43a6dc706ed5e5ba23d6701bd09e
sift_100k,profiling_cost_only,402,16032,f5d2d09041c3db18a2a4e4622067c09f32ae126496654a26685aa69a2679b6b4,556d7c58b5f17eaf50ea0d1311bde580e6b7d33ad120fba9fa39d209d30af54f
sift_100k,profiling_cost_only,403,23442,2ed08b2db95ce2b9c3f54f61a1f5bef03be812e65de9114a452aaf63a518ecba,e965a6cd149cb720f85b7bb3af81b323ee1f3d3cc7811f3e45295de2ea79475b
sift_100k,profiling_cost_only,404,22298,bde254951e6a7c083c7204e4ed1a55581e105ad6adda172485ee4d9c2ae5a056,12583a6c9ed6912a9be6fef5cfaaa56590b81e4dead2ceeb55c773028bbeee68
sift_100k,profiling_cost_only,405,18248,fdf0cf24d69fa38ca392d29b7db9a43d27a18b01a84e7987c4be998b02b74856,6cbdd48ef7ee21c6c6764e1e1f563da37d4b683647efac410dc49ac7a272982b
sift_100k,profiling_cost_only,406,24296,72de8c11a6308f4108e2fd9cb2d36e96d7d7b99d65faa2f9d86ab40043c39aec,ac81c86bb0b5ec1c963acc5c2eb4c84047e3c038d99adeb6bf9e970cfd3e2482
sift_100k,profiling_cost_only,407,19081,5c216b687a78dddd35cf20fef5b3e18c3b74133d1664943405ac3cfd8c622334,dacc465ff1723cad69da227e95905223a99da61e661d265e177a2c596181b627
sift_100k,profiling_cost_only,408,12569,3d97c2cbf2049999694fc88c6c201c1b0536c7ea8e47fd075e947d59c9c9fa0e,2cfdcceb5f1013fe09fe47a150f88d6615748d3045cb2b4942423509a36be239
sift_100k,profiling_cost_only,409,24931,6ce77e449c2d5ea77e222f6cb0538af312d3318410eb384ca0266dd1ecbfcea9,795f4dc41730cf63e63a33eb3c0799316113bb3ce07c7490c5a1d3b22054cfce
sift_100k,profiling_cost_only,410,5787,4b51440c2e3c3a06a28acb1c05b69d6d8db1105f99d2f0cfc37e30271f00e240,1889590c8c48dd84dfca385581f32c75d480636e9371558045f41eb870541460
sift_100k,profiling_cost_only,411,19300,11497c6bb8637bc4602f5f0343b31b5013a5004d2e97145c06a88b22d447601c,6d20bdd1264a79f38558d55603fab15144fdd5bbf87c6974d05b9b5217fdc0c9
sift_100k,profiling_cost_only,412,17412,29d820755365ff67d22d89331cd33fa0e852e08e5118b4e7ed254209c3aa3789,7abe4affa04ffbe10f7067a436bb9d92f77e85a6a2230b44da02dbadfe01f0b1
sift_100k,profiling_cost_only,413,8481,feab3a047c0081f604cc96382d3cf9c339bf20375eafe464936e2ff06555d9fe,545a43c4f918672c80452faf7aa9569921f43f199a45a8939dc63f34e000c162
sift_100k,profiling_cost_only,414,2976,6ddaebaf6edf775f9a33dca65832c1f9301293dd469b801cd8d9bb2ba19eda80,110e6e5c642930cbc4f759f2c0b0c63a037b911db5251acabb9fa0b66710287f
sift_100k,profiling_cost_only,415,18425,8dac8070119103524c21804165192d6a7c9dbdaa8fd7e833a52ba7910982c20f,31b6cdb064ade3dc660883e220c86e09199113cbeb9e02b4ec23da4f777fd0d5
sift_100k,profiling_cost_only,416,9123,26c4d3b9f65327a1e741ecbb8dcfbcb25776ef80fb6e7eb0945fb048b5ead5de,594e785cb9b0a3dbb64437362d9dfedf2c698e411da3c7cf1b38e97f3452872d
sift_100k,profiling_cost_only,417,5104,10161496b782dffe0f36189e7aee7a966102ca2859e0b379014eb192b70f7a3a,311b4b9418cb2ca668f27ff640477435d0e5ce272e2e736b15a9cc8bf86d8d35
sift_100k,profiling_cost_only,418,3445,5262f2efc38ff7ce9ed5513cc8373d6af657d38c914c48258987c0a0c51dd891,fd9305fcdbacc22267701cdf0839b22d60165e8c7a0791dfc0d5d2c453b0e0e8
sift_100k,profiling_cost_only,419,15331,1eb1ead3b90d4f1f8d45189b6badcada3e2cb02724ab0e890d8b7a0bf593c98d,049dab19d297b08e5a58ba9f3827099c61207164389f1e72a594d5e98dfa0cbe
sift_100k,profiling_cost_only,420,6370,dd4087676c7fadd7356556c639119cd19a5ef929edc4f833be86d98e9822766e,079b9c563d71a853489e99059d3c6d0af446dd09b8427ff594089d7dfd02192e
sift_100k,profiling_cost_only,421,22917,ceb135aa6196bf8f5a5bffbc681be9a47a1c5e79079edbf462e180e2cf8006a1,4b30416321b8c71ec9aff9e8ab7a98d0303a2b1d9f1d899e800532cf29b697e1
sift_100k,profiling_cost_only,422,5705,fcf72da6be23b8c5607b8ce12696376b7ae7d46ef0ac7feb11798352b6799610,f045069cd07ed38232c1825edec256dc9916804b34b26ed64d5a59ded538f325
sift_100k,profiling_cost_only,423,17599,6e143974620d7195a75fb439f37bcf97c1deda3ea9b0031e95341425db89852b,d6e1f70104278bc7a72a464c5fffdbdb9f81661f00bcc463cacc53870355bef2
sift_100k,profiling_cost_only,424,10157,1e5287d3d6925abe79002a8d23e9564b9a9d59f001370ddcbe38bd1cb5844f62,4d130064765d6dd7e822f00866fe287c2d0c6faf36729614939653592e7b0dc8
sift_100k,profiling_cost_only,425,3804,04f94a347a871e8d5411b25bc84129faadcacfa96e4d9d6d2d7e805f49121f85,392fa9030d17c9ab0ad381bc1a3467589573192f4a7d3eaf07a61db8cda0f2ea
sift_100k,profiling_cost_only,426,22260,e87b47a30258ff34328ea4e6b8b0668975b187ba9ed0874d8cdf5db6732d4b76,c44e63859eaf6ea49e9562f01ec3ea451195cc160fef4fd33640de05da879f7a
sift_100k,profiling_cost_only,427,18544,064716b62f371752ad33cdbc14bdff21ff825df042298b229a27a5171d6a7fbf,30a82f5433d2497371ed4811b38e8dc1f59680ab6b401354ad1150815aebd518
sift_100k,profiling_cost_only,428,16933,a30d5e8c9f6883cd0b0ffb5fba0614acc0ffb6541f5fec3971b6d71f916c296d,b91874259d8f67faf352ad351b6254095182643b38b685e33cdfb01f2ae1a998
sift_100k,profiling_cost_only,429,1271,c70b11435b87b6bef8959437bff53382112ed8e0c84c8a45289a36addb8b99f8,e0272be60b9a322bfd0c1c88f3e21d943c918d3850f2f2054abca54e46132031
sift_100k,profiling_cost_only,430,3602,048be5258c4924f0b35fa6735ddda0d7707e9292080f7b8562ccb9827992c576,7c324028bc4e83ee99c306ddd1b1b0c91228f72e491d1e5f9a34c230613e1851
sift_100k,profiling_cost_only,431,13872,0182b6c9ca544e6dbfe7b40fdcecec07f83fd0cfe132e9f2c4a58b85c9e537e3,1a9b12c3ce00a01646519bc0936256dd59c15d72e5985e63bbf5c0d4388a3661
sift_100k,profiling_cost_only,432,19537,d8b380c6623a3d9bb08e10268e151ff79a311310b7611e58131fe7d95fdddf25,dd82b90b25986b7b6a2f09313fc3e02622e9b9fca65c4ef1aef8d228317037eb
sift_100k,profiling_cost_only,433,24755,de5a2db2e6824a33150e3ec7138159b50ff2b0f923e80b3d74a96487ce8ef7d0,4533c89b6e85b5598d49d15b0da72af5cd33af09d1d371a410ff8e78cd0c230f
sift_100k,profiling_cost_only,434,8432,ad236e4783de7a20147244f2e76d6b2df461bfdf936401421473b9448f73ddc1,3217ae8d5264df3414f7154a5d7aae839cf71a1e1ecdedf8e258e5ffda7fd7de
sift_100k,profiling_cost_only,435,7335,e50c34fb10ea19050a6ff7fa4c5bb3a05926f7a0d8c57a0e0f52b0acceb4794d,3e46474dc42bfc6a89dc348c8479aeae9607300f53194b5a98a4cad436e3d291
sift_100k,profiling_cost_only,436,24357,e4ce5bf77452c3505b366e24e3ba39d5a446b9189b7b4178e1351455834f12d2,e71faae949fb38ac5ac52538521e2d3d8881495101ab33f00b035aed35e66da5
sift_100k,profiling_cost_only,437,20122,4bc38709e02d7bac8098d2fd82c2126672b5f8a8fe820eea7b96107f6b0db23b,16187b47a348f5e8fab10ac222c5a799d1f931d61edbfaf5b31f013d4f0943de
sift_100k,profiling_cost_only,438,2175,4122b311c0ef76b43f95424fa6962cf4121ec736b21afedc3e28204ce0e02277,193e6cbf2886ab1722ab181435c7240ea075966973b3022eab2c501b66d0ec87
sift_100k,profiling_cost_only,439,12359,77069e9fe9931742f3fc74dc168df75d563bf4fa88f3e0285af89db0521a87d5,9dfff1fcaa18b519c91977575654821a896b79ee0578085f8b1e50f1e47acaee
sift_100k,profiling_cost_only,440,13745,6913f438a20c8a58b5809f85668ad8b97f14552b85573b02f2c6a053430e38ff,f1d22428f97a6a2be1e70b5c04d537ee788cc3e650e235726fdf6b106b8f7087
sift_100k,profiling_cost_only,441,8536,2a311ccd532286f0b039a63e8b336326054ed51651ba76b75830bdbef88530ce,0f01483a9a28726e4fe2c5c1cf5358b9f3d07aeabc7fadb62370b8a8ddf07945
sift_100k,profiling_cost_only,442,369,fa5b628c9406d5ac7d2288428005505cfcdd20c33ebe94894d0a1ddc3a7d5fab,d22317f9ef5e617f0c5c7074c296560c834f02bd140e88646a3f42752ecf80e3
sift_100k,profiling_cost_only,443,5109,a1841c02a0fcf89ef71a9dd64e59d20fb0f788bdfb86c072b985c6aad4470ac2,58df517239c411bfea09faf94fd776c8484cae83bec9d9df28daf2575318e88c
sift_100k,profiling_cost_only,444,9138,125f9697c05426b43e60623ef3e7d65b5b5ab1d59dcb2fab248cfa1c64871648,9230c90ea53ac3235a8ee810c61b2e168192a9b7aa6542dac01c7b86c49b541c
sift_100k,profiling_cost_only,445,21535,46b3c8bda2d4a33a5d225554d2060ff09d24a08f64156eaf717e0695cc122af6,9bd6a7ef70036507737d1d5ce9ee37d4c0db2498f6e194f4d001e38cc522a8d6
sift_100k,profiling_cost_only,446,8079,e7aa9b544bad8e6f1ed9d63f35c9be17ae96e12983a3b0f6cf427047ed7e5eff,438370360ea45e02bc7d68be5ed6c024e191948e1f707c05022db3a448d463fe
sift_100k,profiling_cost_only,447,8785,0b7f0ede3afee480799e4575331b6c38f863e807d09bb242bac4d5ffd3767fd8,52881826365479a9a66b17a0a93e86ecde328561881900dd52f5d09ac307804b
sift_100k,profiling_cost_only,448,21039,c06f323fb780b3859fb2dd68ab221eac14afcc7a1c99cf5ae14cde1f80cf59ce,5f82da20f4988140222a00cb4e727a2e0d3d9f7b9e36d5aaa09598e1edc30ceb
sift_100k,profiling_cost_only,449,14493,bf797a13240a44c6caf2a85e5a98a44920da7f42ae5d996f30302a90bb5d6a9d,234f59ee92d72272db6a6bef78270372cdcfb30123ae5e72c4645ea2d5990438
sift_100k,profiling_cost_only,450,21116,50a8a1f3e39c3376621c24e718b4cfa248f5b0adc99580c946f82b17ebb4b710,caf2a26a489f87d4d07f1f3d79cdee96eb15fc8a8dbdee3d8e5945a217810582
sift_100k,profiling_cost_only,451,15630,e7a4083c8e36c2587b3acfd71fe21b8878889f7f4cf8ad2cdcf306c2c37038f6,c455874b740a5895d84edc79df0844fa6a314643dc6d5c8d7b3d2862934740ed
sift_100k,profiling_cost_only,452,15789,a3c40ab55417dea2d7376fd502ef45e8dcc3444b48fd8288f3adfee0533d094c,552db5247d0cba6b7e3a21a1728954d4026ec5464574b5287fe4efb449b04866
sift_100k,profiling_cost_only,453,14717,ee6afc673c23da5e81c0a00258c75117b9398fa0b19a92a474b9bbf77ef1f174,33d588071dde0004b8d220683b52fca8b0d0c342c0de587f89123ee85a676003
sift_100k,profiling_cost_only,454,15362,ca550ebbef977bdccaa2c0f498eb9a9d9e7a32de471f41fc4cf0dd856f3505ef,d7d2d5c905f9909c5be00ae348c9259c13ceb3c955f47301b47c19e43a121916
sift_100k,profiling_cost_only,455,10206,fed9738b03cb61651ad8f8c11f77eec78efbd0d7e9c1233101c13257215e97ef,83a1ec19b26e99cddb128e49258ba36572ad87a6181ae9aeb11b40af465e2045
sift_100k,profiling_cost_only,456,1939,7f8f3b5801ac04b5a8a4da9fa5f05705cce245efb87e45f6898547c89194fb0d,e738d7b161217b232f38d61347c72401e918c3dbab6e63771d6e1bb59c4d8221
sift_100k,profiling_cost_only,457,4035,0782b4c27ad89c40ad843c794da3f8bf342c59c9b3876d922b2ed90fae524860,a189c71322c3e6abf8b028a82a035805a21b8993b5ddaf345ae634d841e25f5a
sift_100k,profiling_cost_only,458,9290,bc27dbffdc4b3761c2495c335427f40955eb869f7d7a3e0fed9c266b23ecd4c2,0d631cac8179488c01ab38d2ebaf780efd71f4f7dc9a3adc9ab3e95c589f9603
sift_100k,profiling_cost_only,459,14530,0e9c6954ef8261f75a9b1b936ba50f727f422ee634e4955c07001ab7e774ff2a,025dd666f18f52e806e6a056d25c89821bc33a356595238ffdb84e43886f1cd3
sift_100k,profiling_cost_only,460,20099,a76395596496302a08835aea072e3b96d4c2649bd91f4d31e97329c6baa40658,014b60ed4698dd9420e418f210a4ca64b93b8f51551d63348c669a164d8eb153
sift_100k,profiling_cost_only,461,111,6c76aa44041441aa563a049c6fd7b565020bb3e22a35543e5d1e25bf2f9947c7,a582c451d93c0e8cab81bdb0f65db974d8a58a351b3ea64927c49f5f3223adf7
sift_100k,profiling_cost_only,462,8822,df2c71875cdf024cdb845cd0e16b6797199c94c0fde4de87d88b73bf2f996455,06de8c71a98c0c7d2f1c05e9a0c956468b942b4ef9b0d2aeb43d390a801b058b
sift_100k,profiling_cost_only,463,12676,74edcfbef8412fb09254fb4b85625429132c45879eab9f3c9c30d1799649b1f8,8eec56333b79bc0089c6d211a2d591799b74069d3486534825ae0a363a00dbee
sift_100k,profiling_cost_only,464,2695,07bed288a627e139a87db684ce503e5ae59dc1071f8c44291cc869a790fa1b14,47edd826257cd98bd16cc0d97ae320b65827114c6fb712ae5f76bc104a69f21a
sift_100k,profiling_cost_only,465,7384,76aa3745a450de5b7425bf1ee459986d2c484bca22b4c5a57eb3afef3590bce4,8dfe017e302ea2fabe8a2acfcba75bb85130d7a28ddc72134abf926d4993ac32
sift_100k,profiling_cost_only,466,17761,befc04e38d8b5765e044bc5759d057070daaaa47a46a518cfaae148aedc04858,ef6a39601df9a1a63f966d10a4bfafedaa4424bae1726568b9230e66f213de37
sift_100k,profiling_cost_only,467,24701,e60886ddb61423fb373de747cc67733dffa73bbba0a876840eef1549be3e0046,196154c765598b2bc26abb4d5551ac2aeadfbb755dfa08ebef76ed88cf92a1f7
sift_100k,profiling_cost_only,468,19623,91694caa0bf232e8850c177a3a12b17558bfbea36943ef4df882eee81fdc5a6d,82941b86f5cafc9a3a5d26260398851d6829af3209d915f9ddebd617a4b45bbf
sift_100k,profiling_cost_only,469,24713,af07d0df8935ca0d6f194fbce4ddc6428ce1bd453d6bd96091063753e82c56bd,fbca34e2c9f6d98e53c9d66eec0a5914b17e6c95f6eb0ea8ce3f3f198ef06490
sift_100k,profiling_cost_only,470,9731,1bd5181d2f88f647dc30a46cd3da7b7d76891cb4b8a808dc797e24116e5279ba,7720521891c93b3ad43b1826863c184e40d8baa24d24e7516dc73192582f0562
sift_100k,profiling_cost_only,471,942,5c313a3f718d6dbeb8ba97c4e716c7485a536359bf3c073f27d661593070f1f4,6d7ae54ef8ca1b88ee05a118c8266ac8b9b8085cf0bd99cab47eba3be8fca2d3
sift_100k,profiling_cost_only,472,3986,ef41a59c44a6a2dd42cb457f7133b5720b98740fcb6b361b7cf9fe3e3c020034,d760e68ccd5af45cfb956773c14424e0a82f178c3edfab16a4a62248fa55c7a8
sift_100k,profiling_cost_only,473,23691,ca10cb9323bb45b17b855e5e85b51b5c3d9f031737e12f4bff31e95f6071e39a,df3f72271f14bfa2e812548d7f6a7c873fb3d44b9116aed311febd86157a7967
sift_100k,profiling_cost_only,474,19259,b219e3d0a081c435be474895474acd12a89d81b2f3fe3dcb110ccd7c339d894c,73c3d731cacd3a1a261f091d62514a624b445984250ee0b35dc69f8d8800219f
sift_100k,profiling_cost_only,475,12855,161fb0532b675e3cba6f7a95d0654b6441a4c12db50da607639e3ee06d41b8f8,9350f182c7a31d5bb4fbff1ea3421ca7271d7508cdf7a25d72b7b56b09682ef7
sift_100k,profiling_cost_only,476,21693,7caf56e1c239d7e36daa9b0b14c1a7093a4aa90e885f6c222122b4baa069fa72,7b047a1851da68968d013bc18f4437084c4a5be1c3fcf09d3186fec4c8074abf
sift_100k,profiling_cost_only,477,6086,a5053963661d887cf1df7ef9d63d86c39a9b198ab6e6250a31caef591eeff2c4,40b50b986819a246d21ed0e817200d069372b2a58bfdb1a98fc60e95f0594a79
sift_100k,profiling_cost_only,478,4108,906137eab842490428338fbe1be3eb63e8e91536840f2e34b769ee63d142b505,fb03faf35bc2aab7072a768e1d6c88f056da6a3b98ddd30e986eac12dfa0429f
sift_100k,profiling_cost_only,479,1442,0f5cc6e0e746f5deade61443eee1264a9bd631bea1e1e21101a7c2ff3ce50fb1,88dab0ca3cb5ab66f6ed8b014af30201a4ccdeece5580604df9ad1dd8ea3e7fa
sift_100k,profiling_cost_only,480,24567,f0e54877f3e6dd0b97e0e106385b796ec2f359b0a0498cebb99b470091a13ebd,4bcfb81a9e4f97cb337f54a108f15352a818116566c4fc906b777f9eebd52358
sift_100k,profiling_cost_only,481,2512,c315fb6347d39c306d8f86948c7ac2c9796f02faf63116cfc69fb9682d626f06,039ee09f0922f9803bcbb2f497ad02658368f1e920e08fda8f7fb978e9c812c4
sift_100k,profiling_cost_only,482,15248,24b4c6b18f56444f262c7082153d5774f76192da3c8a1ce8de77ba47f82cee04,6dda58f1b94fa20096b16bff2adbb25f667922748fe4b0448a9630278afe7f85
sift_100k,profiling_cost_only,483,15926,bc92a66ccf2af552583925f2a757e4e2c70a9b44f3036237ddb6ab85f38f06ae,d7ebd1d5c5737d9308e124a0ec01bce7c00c34c553dde120ea0ac4f481fc2c3b
sift_100k,profiling_cost_only,484,3503,fbd6418c5a4bc638fd6203baf5c4182e04805b52bc1d319547f40ae8bae41a40,4fe846df9c607e38772555c7fd2cf428e57155e0b767d41f205b7c0eb5af8a76
sift_100k,profiling_cost_only,485,10497,97deb8b498e607c7008dabcd449fb2a9ccc3337c0e19f0f8559df5f796420727,81ca9aff03c833885bf9919bf9d6b22d3f37cab1d6102dbee0f66c916549dc54
sift_100k,profiling_cost_only,486,2518,04b45ee787c8701837da31301194751a128ea12bd3e43c9544e71cb5efb82b66,4294572b399fdd9d9bdb12ddfd2da01005a7f71c344ec17000f3787f9c889552
sift_100k,profiling_cost_only,487,3692,2d692fc1dfc962c88ed748fce3f05fc84c79d0676eddff75aa2da5dbafeeac6c,9e571dcb59a36ad6983f0548df5d4ea8e1e7bca374d9a48036498a8e6b95b091
sift_100k,profiling_cost_only,488,6031,00fd611f821fd948efc53d790b1664159129eab53d83e957143f85c5fe89de4d,7c31e446be84e542c669ebad5131b59cf90db139f6c55654e7ba07e91a7f7725
sift_100k,profiling_cost_only,489,2170,d5ef2fdab294e1850d2a9d63d61e7c7e2661bce3322ac979c30be580920fcf18,4978e0dd4e5b57f573cb793e3d7ae74f14eb1c1d4e2a97442c5f71243857adf8
sift_100k,profiling_cost_only,490,6692,f28bf70454bd2da75b8e719be2fb270c63b5bad9c5227ab39f3448a07af92caa,7fc70faf7f20b418cbdc797ac242dfa9a4b3a69a21f5c0f3af02b48db04219b7
sift_100k,profiling_cost_only,491,873,a1467e53395c65fc58f52b7b55725326de8c5f4a749c42d9c716bc3485c972f1,56f7d7e7c852906782c9f402dd88c9acda177414d739e0e207ffea76f4bc2c1f
sift_100k,profiling_cost_only,492,18748,955890d0af06de405abd15bff253fefe5d6b820d2c37fcd4046cc977dd973232,a7d6724cefcf7c5426c30a61623373a92f8f244eea7b9a7ab5a248a3a84ffba7
sift_100k,profiling_cost_only,493,24371,f7452ce378010070302c381f299c9582d01886b7bfaa6ebc6e02a40ad7ee7ab0,1b6a605bdfda1154a09148e1db40db9d473814181a697208c2c27173f8b5f089
sift_100k,profiling_cost_only,494,19329,9a46cae7a4eca7985770f629dfae8d5369511f9569a131dd67551318f35dfb08,dce12f9f2074a460c4e015973a41fde39c00e717249acd70e5a97a13a4604354
sift_100k,profiling_cost_only,495,1600,1f41f920ae9d7b82fcedc64122662ecb4945c088f06f26e87c2148d1dfddabe1,b2ac737b123887e90e9fa56f0d76543956e0d1966dbf0277a8e63ac30f70b0a6
sift_100k,profiling_cost_only,496,19698,1423c4d559a673dd93bd165bd147b652b4a09771e7cf71daef9f946962733142,822f95b5606493669008d21f943c5c88f39b9cecf7637a7ace4b879ca6d6c320
sift_100k,profiling_cost_only,497,6062,7424d68927142cabc29e6158c9bea3d71392a679beb76926ea7a02f39c09001f,5df9ebd5648053baef4a6a24ee4b3e9af08acab89ae67e4a7fb1cb51334e490c
sift_100k,profiling_cost_only,498,24489,9d5a8b51dfc0878a312ac2e4554ea8a5ada856a95354dbfc8c587365c22b04d3,2f43546178da1da3f01e8f945c3602be9c6bfab51b3d5aaa3e638c012ac0a576
sift_100k,profiling_cost_only,499,16693,4d0d51fdfc9cec3ac9551b7b495bfd24198528dfefff476e3c0d042fffcb63d9,c56187ab3a8a9a73b7d394a1e9d47a48f43aa19f1990fac67b693b3bf29104cd
sift_100k,profiling_cost_only,500,15820,4c881b7458bdca318739204fc304f77ad23d69ba28cf1e416092c258893a3ba7,06eb54fa9dc42f320b4fd6bca68f392105b7ff47afa71df2d356f000a90417a1
sift_100k,profiling_cost_only,501,22626,3cab3e75dad148a620c5502b1f80e34fe1e87403dd8597863d626e80e1768de2,33ea9dafbc3e28464fe97a6c07a08cb361f611e1a3ad9ad79e0564434bc6c9b1
sift_100k,profiling_cost_only,502,3369,5531aba6cee56f4dccaf631f28c4fd5b85ed03203f2e891545bae7ae8c94d1ce,f723cfb1fa4191a07b57704baa2c829f378a8f0b799e34d874fd5d64ee9e6ddc
sift_100k,profiling_cost_only,503,5553,295ae7c9ed4b9b755d780d825433a0036c2623e3c90358202dfcf5d36564dcb5,792caa983731146e37efbd4952f15d9923022a0d0925615a45785434ffec014e
sift_100k,profiling_cost_only,504,1986,0f659226deb7ad5d2b20d3bbfbc5dce0fa55e41f5a46c28cdcfdf7c8405cb09e,1ad84e360cd049fcac2ec3e77e9b6d62d22f04c979c2a9a1cd730a808e742b5d
sift_100k,profiling_cost_only,505,8004,6343a158a789a52fc263f546427634dad0dca44e6570d5983f1457b5d568980e,9ea466238a054fa0ac36fd1639c516f4e6cff7e6d0e5702cc35d04a204705282
sift_100k,profiling_cost_only,506,16925,efd6dceba7dbc132e07fbea040d464e10baad3ed36538fa33d8d797ded56434e,13142e68ae82a1ba61ad22329280955f3cf81ff45cdcfdee48c79c3404426cfe
sift_100k,profiling_cost_only,507,12166,60eea8b1126c5551c8d110c1516e076aa9d3b696c81b42f80d4016a9f9433643,bd6785c489c0c78628b0c262687b0e6dfff3808c5543e4de109162b699ce6304
sift_100k,profiling_cost_only,508,13788,73413dc9c2178561a07971d876fcdc1093897d96437239f9b8264c5b24582483,15b7980c3fbfca885ab976d5f02a8257858ae747f838a73a67ef5d775eafc2f8
sift_100k,profiling_cost_only,509,23970,0e896cdd9e5befa728d81768713ce9ae7dd0e6965df1c3a90de95a924314eaa2,e26fcb3e0fa93cbee481b37f2a2070c0b08fb7510e958f374645980ee9294ac1
sift_100k,profiling_cost_only,510,21253,d9d9eb86b0978c79cbc2ded61c8c8876ad89e5f167214a94f100a929398a1f06,69d8d89c1a2c05afd4663c52d5dc43a52d66e9cbcfbe9fbbe44ded2cf57411cc
sift_100k,profiling_cost_only,511,5640,6c4eaa6981f2b39d7e557f172e0d3cb1b077486ef1065645d31f49ae6553e955,4951163a718e38439e0c9622c27fd925d41b6c4eb9be350c708b12a15c5c6c50
sift_100k,profiling_cost_only,512,24497,fb57be4a71b5fd226af1f0fd08bab81cac0d77ad42aaab050b9451ac99dfb388,a7fd75dace144baa0353eaadbcf73b626d7311a161d0a2f44b5b9664414d283c
sift_100k,profiling_cost_only,513,19855,cfa0a55d999616e43b864e6d3b9628d458be15d705dd0529935b8425f861eea9,daab297b037fb58fa0e1c13e97aa32bf9cad645cdce21dcf02cb362d76963918
sift_100k,profiling_cost_only,514,1485,630c5a94023fdd1af8d392c61292d899a0b15bc4b6f37ff7d37859c4555aca7b,0d67e3bac19690a37b489f6cef00540cb107d69af63d06b5f2ec0f45d6f58989
sift_100k,profiling_cost_only,515,3031,2b8c177231901cb885cfea72ac0ed160df91192653953d4d1fcafe6b5b732c95,0a7840177e74942411c5efc0bdfe80a05c56d1f27f5595a89845f8376b1db750
sift_100k,profiling_cost_only,516,7846,c6b3c2d63e611c55412adde11baf4ee3181d565bd642fe36caf77c21327d6f21,0401cada2bb91633b9dd032519f599d1a8696de0f54961515adc656e30e4ee41
sift_100k,profiling_cost_only,517,24200,b5d95ee09ebbff4efe2974cc4278e40bbbdf6a44acf76b34baa1fb817706aae6,bec5e3fe4b04301e1e80d819ba969a1b1894f37e06ea08c73cb2448434c4d7c5
sift_100k,profiling_cost_only,518,9431,5cfaf3d9d46ccb8d77c96a67f4a05affbd2032fc3cdafcd8d68f4a2827f2adf0,dbbc6e8ab720b450d3d8db4cc8df4f085de3fb454c0eee032d0c24ae1ccf70b5
sift_100k,profiling_cost_only,519,2436,27af9bced28b352ab7ba038d2025445abbfce9fffdc27bd271d3524c1dab5514,5ec5e0030852feb6f020b59996b72f8d247a60fe56e1db19382f522b5004849c
sift_100k,profiling_cost_only,520,22656,e3edd3576c88cbc3aeabda29d867bd7fc86a5fa4089512b9a783e23fe33dced4,77505031616a886d5ce486f206a8d4aa2be87dc9d9e7234b06e1fe498048b435
sift_100k,profiling_cost_only,521,6421,1fba111801198ac2f77250038e170560290dee029b6d6a4b681b44eae13ab168,46714f50337eebb908750bcbc7f88fb7f1ab7ce749132fcb54f3bd6f6aaf8b7b
sift_100k,profiling_cost_only,522,12260,5fb087ca595bd0ae6ca7c828f98508b8aa853a1386757d225ba5831aac43e9ec,950aec0a03ecfda5c13b89cbd8c12647576b25e40702910a2659e352a5cb6b8c
sift_100k,profiling_cost_only,523,18546,1378b0bd2a13066c3d5a0efefad5c954af9bbaec7bb552bfa2c4384ce2e9c1c8,59dc3d3713533a516bcafca35285b10a9c2bdc70777ef6fc196ce36343384280
sift_100k,profiling_cost_only,524,22051,4503ff93c0fca1cfeb41ba772d3dbbacc60d93fa83370a1b6ccbc63907470312,dd309273016e85c5eb21b6e935e110b224913f0f586337627ee60e88559a059e
sift_100k,profiling_cost_only,525,22621,3975959ada8806ffe74415924e7a30ed38ed48b8c81f3ac3ba0d063018b5bfc3,1a1a352d0d2eb11a7dbc07b9874ee43755c4d2750bcddf79c44c1a632fef7e6c
sift_100k,profiling_cost_only,526,12207,07391f93aac39ebb49096d9af3cad43aff62d850b7428177872f3f539a50562a,429a262bc2c5f01977eafcec3487072d16f4350c7580a0b2b957da28e814ace9
sift_100k,profiling_cost_only,527,1226,fba6600d56a5fcd527134ff95774cfa86c54840fde1982f395e204be018d3f12,955ababdeda45a86f9dc9c3603739ebbf35dd4178c8051c0d04ea5d97450af22
sift_100k,profiling_cost_only,528,21608,3f997428024d3fe34754694f1067fdb5ddb5e599e73fb543040d440fe69d86a6,82893dd3c708498674b544e701bd9ad2f66d9bf92de5d5f3e8dc782f5dfe6882
sift_100k,profiling_cost_only,529,4793,ed7cfb90b8168c8bd80446ef3ebda67849313e8a01608f0968653a9673099388,5baf8fd5fb99a48074f40a55c47cb6b60a9ca779a554080869f89ae915c116f8
sift_100k,profiling_cost_only,530,14767,48d95f11e03fe32631cbc3345fc1638e9a71b1edfbbe2b58eec223d8d7764168,8592e01853f37488eda5fce2b12af3db0037057d5f2fd7feaa9f5ae6a0f65d2a
sift_100k,profiling_cost_only,531,24650,7ffd911a1e652fae3737cb3693a0dcb80f51b2fe964a310cbb7a3003718d6fbc,1b91cea0b5fb2277ee38d1b0eb1898a5fe7ba7899657868efaa10607c7a7e951
sift_100k,profiling_cost_only,532,1295,7fec673d4ec0cca5b62ab15fa05ecb2bb1bed792a47a2bec3210b111a18c36f3,b5cf9d7d4b5dce391d805c51f699f0309f6976d44d58725ad9ee846f2cec9c7f
sift_100k,profiling_cost_only,533,11771,721073d4949e84593c7080ef1d50a2fde6c26b860fd247dfe6a697629cc4b38a,1b5c21d5d23b887c4f02e1ca8ddf3ff17e6e5e667c81d331bd086b0fcceb6fd5
sift_100k,profiling_cost_only,534,24635,a7c3d72981d83a78da5e60868bd3634725ea78b8c112f47645ff15747416a27d,6ba8dc9499bc671d8bd9dfa1c02200eb6d39e80ec917dfadbbfb430c3c99e907
sift_100k,profiling_cost_only,535,3891,c8c56c6378d7467b97730f529b0c84fc4a6274930ee05f948a950b3c53a7d5ad,1c6a56391e9dd7a53efcb002b9e9f7359deedb37725c5eeac2852689ea33f2d3
sift_100k,profiling_cost_only,536,16672,b919623322344995ce6aa29b276e840dc252f8cc5b69ec16822c538b0a28059e,fe55b98937744905ac048dfc4b9a59ff808360e0071821d84f3f4f5699d84dab
sift_100k,profiling_cost_only,537,526,90e5e7f50d3e262fce15fb7a2698c78b8bf16ef3731e71491f71d1d23ec1ba27,e6a00a6fd8fa0a43316b00ebffcdc416bf018430fc8b6886d0dd27b6b69c2da5
sift_100k,profiling_cost_only,538,8,3599b258b98ae4a1f3c17e5f9c98dae268e2134c6ccda515b8b5eddddca9b018,08fd068b509980c3d0afaa1b32279a8a825059746889050bb90b3e07e6b91afc
sift_100k,profiling_cost_only,539,15718,93148426f331c1bc3c8b76a73278e5310f41752f9be03f4064928f977d51145b,e9b3cd25d90311253de60d477efdf7cd4e4bc01ccc3ea266ba2618d009087db2
sift_100k,profiling_cost_only,540,13137,9294f0383de58eb90eb6f70d91833d050a92b015a92c73d5a7131ea314e52ad8,edb4b2dec2c1b35292b42aa49201d9600cd08a65bcbf38ac4eecb529b77e56b3
sift_100k,profiling_cost_only,541,6516,613ab838d5fdfdaea3dc9167937e0f3afac0acff23eeab7bd1d689deee02e2a6,33251df6d25810bd95b89bc4b272d01baf628106e9119816d0871e39d3aa8988
sift_100k,profiling_cost_only,542,12174,2fd204be192109bcf0fab2bd6a6f5e42b0157b59b4ce85a99a5660b26dcc63c0,27c40ba4a6c77172bd033591a2a7ba6d3438551d8b5d940ed2258d293e97d70b
sift_100k,profiling_cost_only,543,8509,36656946305a96b9b1e9564b25590d5bf3bc0a2d9886f1c587ccdf4b715fc91e,18d0a99be6395dca165ae6f9cc97fe02c2c33579b81c1c40cfe267c1ee17af39
sift_100k,profiling_cost_only,544,16581,33dfcb8cdc5a1d8c9a1d6a3f0cfd241d1fe82829e5881d2bfac7419204cf6edc,e06509f5718780e8af9d262a90b17568715296f07d35ba043bb978157895edda
sift_100k,profiling_cost_only,545,16393,50dfe65c2f2ec76f67df76f1ebe8135d0940b29462882f1b289f9d6666f51f97,7f039e4394d026520708bdeab0204041d4253e875d77aa33d5d44bb801ed57e9
sift_100k,profiling_cost_only,546,4625,acdbe2292c4e1f206af46eb8063fccb96ce04849ef1e0f8704f1623951f4b053,eb4c17e7ae7caf160223e5d28be19d381dc628bf0d79eb491d8d360531ac68ca
sift_100k,profiling_cost_only,547,15627,e57ce5eccd0a9ff66adfd65c0092504306389d1e8dbf20fe0458f9f07e45cfa0,99f38b34f19c508aa54773c336483ad2a9446c404ba87587c2641e38d816d590
sift_100k,profiling_cost_only,548,1172,f057d860cbd9b303ccacbf1b770a999e8899c3f2baca2dcef8639f5f7325b96c,365db2c4e57c9b13272bcf64e8cbe7a730ae749a71a3a4fb6a10ae33fa66e37e
sift_100k,profiling_cost_only,549,14141,0953ea1f69cd06f34b1415a6e0a76a50301079392236a486dd93bc14e989bb1b,ca7e68161787c398ac89d3c6b9ae08e5bdb7893383a2aebe3dc0f76342612a5f
sift_100k,profiling_cost_only,550,20141,9f1c56ede64dab77e9693636097bc7f9b603016293ecb6e8052cbe54990d589f,72657109952a5a952395946e2ebc026bc0dcb63718f92f79f6a1d4205a900980
sift_100k,profiling_cost_only,551,2682,d37f026bbe4ff1b0755930592d130a22fc43a016de3f3d25a6ec89d2483800fd,417df0f77411443070ba2c31f1d3d96699b7396b42f44b184fb17b5b71947387
sift_100k,profiling_cost_only,552,9710,f6a2f3049936edd4dfd2c59d9675ed8dfa19aaf8204f775559ff0f7b56f616ae,6f1164dfce49c266d255dab06792e86afbd5f798873f6ef00c8fc25d20ab31c4
sift_100k,profiling_cost_only,553,22870,086604e28d8f966dc96744cb1bd006473c06fdbf9b9886bed227c27c629bd9b1,da33b95497727231558e1379c91e92e3598662455f0b058bb146441bc2e7cb5a
sift_100k,profiling_cost_only,554,7482,11e58dc95e995ebfc1be20914bb464fc73b8840a7fb72ea2d817a32710b27731,04cac3809e8d8b5a449ab4d1ecba88fd5be5077b8fc2da11119b9081edf90cf7
sift_100k,profiling_cost_only,555,8567,71a293006a62497d68595f88212346977e10b04b4c24e19909e58c828126a2a3,9c54829409e9e0eed4588e8ffe97c77eaceac2a4da94d9e4e34e80db49994052
sift_100k,profiling_cost_only,556,22662,6dbfb098e23a1575d3f25e206495e80b680a7420c1d063897ed103c862fec25c,2bdd71289dfcecdbf4734e724a3e90df10bcc1412b2769f2a8ccfcdc0e5e1194
sift_100k,profiling_cost_only,557,16029,b2e73ab5ae7eb9f01d9007659511408f1380b14373fd97a2277ee387dd4582d2,2f48bb03f46ba59c48e00a54f3f7837b97a979b1738d0c3e2f5181b7157942c5
sift_100k,profiling_cost_only,558,2742,dc885c6c77051f00b1db8c51f8211eab5d7e189a3200a3ecca509bd808754700,a6b53b5f2791d4724403fb9e7f8c8d7021b4b974ab8372dc8cbac4579e08d1f8
sift_100k,profiling_cost_only,559,608,0c070599832c5a3900066226e0207cfc885189ce38be9a6168d2a72540f3ae94,6c48ecd5a1983561dd2364c9cc2d99f63539f9040b7f6e2b518804e92527bc41
sift_100k,profiling_cost_only,560,435,ddc0a899e19cfa4932896eae0b233d067d00bda637f4b1e9a3861f9cfa157a58,fd8b7a3939acb0d90f56c30e581ca607a92512d833f7c187963a92800f7aee9a
sift_100k,profiling_cost_only,561,14416,8ed762426e002a5bf3c278ba1f7b2d02bae51bf0c1a3527112c13d97cc60ca82,675901d7a03c6c35ee743be9d6d5827d498d227afd7c8e15d8690fa0acdcf2d0
sift_100k,profiling_cost_only,562,6355,850c738a0181a23d0229629789e8468b4c21344b2ff5d2cacf4413bc7ad2eb0a,9654090634c97ddd08e040152be92759f342699b122e92988e3bc95e3d71d266
sift_100k,profiling_cost_only,563,17221,cebb411785e5c9375623be217b145424e84de7213ebacde1de418097501804ce,e84b7b9daa5955af0d325ee72c2418ceb00de466c79a6169176d0dcce9729487
sift_100k,profiling_cost_only,564,2247,72a5ab2e5cf880f3d621c4c3af37084e78053711ae083ce445d53d2a437d350c,744890798281aa854b90414337c08008185c251dae40aa034babef5b10fe9a61
sift_100k,profiling_cost_only,565,13487,ea216a854c9ee6ea336e6c809569d4322038ec0f06c673c0298b7ae4b9b352b4,aeda3e34b4333147e1fdae6a3a33d71cc23d1c8b554ba3b8a0a63ad0a6718e96
sift_100k,profiling_cost_only,566,19566,0a21864e049933d318c70a2f53b022787cce6a607f4944bae3a9aa9774bf7316,dea137af3dc595168b81c2f1502d115778dae401d258f998efc00907cea44357
sift_100k,profiling_cost_only,567,11812,11db3c5e661192a2206a74412bc72fe02f0267b610d530ebbfde89d1c4fafaaa,7f1f43d6d84900b080a1215bc3ff750052b15400ebfa12fc9b8d6f0df842322b
sift_100k,profiling_cost_only,568,5921,bf712c29da8df3337bf026468df8e25f34ca499e1a24c7339ad2fa8826580984,11ff99ba0849937778ef50cf04676bcd157b46aa9dd5a54624f479d1dbe9f0fa
sift_100k,profiling_cost_only,569,1536,42439796fd025a11969e488dcb8eafd2e98943841ddd3cfe4cf20b363c451abe,6090d7f525c4fbbc3be08729240b32589c7f5fcac29d6b33e35632eec5d8d5f3
sift_100k,profiling_cost_only,570,4869,ec8c6751d8b31e2b784d9922aedebb3bb4bd7a37523eed7bd47df1585f29a4fd,cc142caadde3ad7ede0066fd768d6724d5c9a180760b9c61f6b5fadf017e6dce
sift_100k,profiling_cost_only,571,9955,67a41671ef0082999a9313356c8892d4b9e9d2de36b84e6fdaaf3253a7ddebe6,f2fb22e2fab12e46d1e887dba1a37bab4671cd6152a0a14d19ce44f7a4ad485e
sift_100k,profiling_cost_only,572,13658,73722616637347a3a53608bd477686c491024e4fcf831aabe45dbf916176f6fc,839c95d63e4eaf2041179fca24bfd29e4f49a8b190ecebac0767e64138439428
sift_100k,profiling_cost_only,573,24631,539561155304aec3acea728ce1ca0b89eccf7c1fc3bf149da24828b71ce2215a,b3d8df6b93b03f6fb6b31c4f672be43e4d8b0e56211cd5008fd4f7c0e10b32de
sift_100k,profiling_cost_only,574,166,6e747b7928f27f5356d5eef9f2156ffde17a2297e37949f09b72cdff28aa19bb,3f983bacd3d317abdf5b751428650667b538dcae6455c7d4a24da0b4fc6d6aba
sift_100k,profiling_cost_only,575,1969,453798de330fe10bd187a633b0bee4d9ecf6d72bddf8948687173aa738f274e0,9dea14e8c67cc87c6eacda084d0401aa3ab5555965382996caa3d1b41339d566
sift_100k,profiling_cost_only,576,20612,135fa54b2f142a81936b74562f70c7c83860cf952a25b1b7bfe14d766022b9a3,efaae9847f8d32f1341e367e5e127750473875ef98d5f6b9ed0ef0a91ca88b99
sift_100k,profiling_cost_only,577,364,19eed53d645c7f2260fb3d39a0e85af7bb4afd659bf14e959e91961a9b651461,4802fa24b77ca0cd17f3525a91b8585758f5b900b68a53285660306778a13e11
sift_100k,profiling_cost_only,578,9826,13007ecf4cf4ddbb9f33ccdf60a6cd1bcf062e15f307084188ef9724406f188f,0e0668752f524108f495c3645023ce25152a6baa518d89e4b8a1a3d97717c749
sift_100k,profiling_cost_only,579,20115,74038d24ac3c5ce835b26bfff494c110ba431e615d73942ac522ab26b0f0bcc7,d05bec76d8aecca4e3db5b4bddb34a2cd9d2ddcf070220db8159a72fc1e5af3b
sift_100k,profiling_cost_only,580,13390,20e7aa2fc0cfea5c057bff78db00c8c1bd8e9db20218a0c80380de9f8646b64e,b7e7b119b8b9f9c7f1a3c67fa9fd89424318aebf49add9c97f1572657d75ecda
sift_100k,profiling_cost_only,581,22960,7ce8b74fae51b0618a00dbb6aeb5b99613d9f3ff8ccf7bff6ceda15268727506,a0f5c2d60dc2e1dd961372e58b01782cbc6108a754d3aca452551f909740c638
sift_100k,profiling_cost_only,582,14408,3e33cd5c407646e2d31dfa92a7bee574e8b4fe9b09624c4d224cc09b4ddd1e18,b87bf0fdb9aa32fcca2c00363c7cc44ce1b78707bf42b043a66fdb5a1b97ba66
sift_100k,profiling_cost_only,583,21733,1870ef318a2b2f95e60e9035d1bbaebc020dc6c4e6801e45e783d049eb3682f9,039ade17d40151bc7cd0993d18369fe4c882b56c168f7fe56edad12c3d02b18a
sift_100k,profiling_cost_only,584,222,edde7b15b5f19b59d4fdff7d96f041cccec72968ec97265e9588a88e6803427d,39f8df4f04a3db2daacd327d0ad6a0c2b36ff502ee2b11a247856687c4d92564
sift_100k,profiling_cost_only,585,3026,bffe46a5d0e1d214cf62c1a756ec30b6516efa348679006fa88543c06112dffe,366938e81e59c87226296c27104421210f9978cc179daa3202c61340991acc91
sift_100k,profiling_cost_only,586,2828,a62698bdf01a1a158a281f836a5602c51a54025d424975d8fc3a54608fed7a29,701d2cb496d7e74a9f3de944cd41d4663d53f3931a7341d1d853d09b185e502f
sift_100k,profiling_cost_only,587,10154,3d8554b4275e25809cbf17e8c8fd3b503d31a848d9078f7ae935bbf5aea2a558,edbfe9b6e6361abbe5598734ea20a55b76b490652a51edaf5bfee13ead609e36
sift_100k,profiling_cost_only,588,99,c40ff9de62e169974cc4f828b95ac51607af734101d6182f652b8e8de7c4115f,05fca96f09aaa2ca2c37e9a66d3803be2985da6c846f27becbc86a2f88e2485a
sift_100k,profiling_cost_only,589,9599,f03391a052ded084ada379a311f7e5cd65e0e6dac5992ab12a94657255a087de,998892231dd3b98bd5484d47b4b0840b74b516829dac446e88fbc9bfefc36c02
sift_100k,profiling_cost_only,590,18812,6494f988d534a239a15a60b8fc6f3eab2a2de4b987e4987f709f2e6e77e24d37,9aa7710787538a840fe958ca57a9e02f08c0966bffad0f09a56aafa5e5c4c72e
sift_100k,profiling_cost_only,591,22026,670ed4a062281f65b58943f2c74c07a8acefe1276181350bdd24d734bd537f3a,566ad5222b5a3ac9fd801c95544ec1b8823d7e74dbf6add5be3f382662451056
sift_100k,profiling_cost_only,592,18880,551796ee7a375415b3a0f44c9d3ff7a21535a8288319f300b6e183a2cdd85c48,60e3e2b9b3adeffaa3fbd5900a889f524a3500cc6fe040f695abc10bbd5dfd0e
sift_100k,profiling_cost_only,593,7810,2e5d808e4d383a1cfb2da8e846a1da8e2900103e2fd2ed6b468a1ca6791c52a7,e51e4149a7cbebe858cd9b1087981abd6aa1f0730f49c25792490edc2b6b5aa2
sift_100k,profiling_cost_only,594,3657,f549b8ac726c5fc76e874cd3b8e2d69c1d91f91ec94c295b4820d2dc250a5b79,83ecd985313101541a6558fe96d6e7d51e5939c47e81180667c25626e8fe59d7
sift_100k,profiling_cost_only,595,13532,ba0086286bbcd3938f0d9dd9a1ad107db3a0645b39793302fe09b30226ed9822,22d68afe58c55f6b47aec9a68f6692313d75ab92162b3c38e48d352712bbe125
sift_100k,profiling_cost_only,596,7233,9e70727d02848acc93c5d5e29ce8401642b14f8cf5f793e69433f2be035d32b4,62ce75937427f88a04dbd6406607db41436cc09998a1406c93bca638b70db4c7
sift_100k,profiling_cost_only,597,1937,53e67cf4fe6f53c86eecfc671330401dc2a910985607a7d3faa077562a10a640,5304c655b0a2942a926c7314f0010415e81c96be859bc8604ffe56dfa4abf60a
sift_100k,profiling_cost_only,598,14035,76d9a8234d6d138cca2b257dd496f577fc073e3b15561c5603bb49d8c10b8fa4,dfce27c199655dd4986f17c393c6290718b43493b9f0051008292ba45760fba6
sift_100k,profiling_cost_only,599,220,a96c463291873bfeb19594493e42c6d658288bcb8173344907feffb167cd0885,26320cf82a188e719b0cdadc7ea42a2de0e6f8f6141eb471e889a7d5e85b0d90
sift_100k,profiling_cost_only,600,15864,943690e82c3b8a53406ba00fe01a695fbc4b7a4352c3a11dc62fd0921b5de887,3d80c96d9b5b6b9bb8d9d61c42696d27058762c5e82549c56cc98576a1e7802c
sift_100k,profiling_cost_only,601,23629,b7c2420307dd01c4bd563ce1f60a2b93cb4fa02deec4f59288b0a1b984c37fc8,3b625c90bdabbf1ea5629ad660d3e81e11772730ddb0d6ba96a99d3a048e4e53
sift_100k,profiling_cost_only,602,16002,5776e1e61b498084a84e9b2506181afc5df97732eb172da52b98f0ea6b3d0e91,6ba66a303015481811b00c5076e799619c041eeda6eaa987c8b6de49cc600d97
sift_100k,profiling_cost_only,603,2893,d1165bb384e981cd0062d81daa74a4a62a877e8eb823de7d944cff34adf51164,37b69b25b4af233ca00b84ff2f3f8ae8aebb8144ed458837569025d25e1bead7
sift_100k,profiling_cost_only,604,12552,baf0f33e360daa5cc1e8640692e0a886357f0dfc0a0d67e645fc124995a73cc9,d0fcbab6668b46e2ec78c0f03ec80c49f9edf71eca20e04d57b28ecc87e15172
sift_100k,profiling_cost_only,605,21228,553e1435ca1c313206d9f8ca84a896b4e9f23e820e2b22ee1ca61a00050531a9,47668a494d90ad6b8b792d310cc3db5e566f3413d9b1cf1beac71c243013d6dc
sift_100k,profiling_cost_only,606,5608,0c504d411fc8c06719b3fcc03aed0f537f7ce93715d83576e57d264e5a423890,a8b3702f1246457fcd7bdce5781229c196a6e71ac13d403f1bec2b216cd9021c
sift_100k,profiling_cost_only,607,11525,ab3b1850f8ad56b4b81eeb9195cd5956fc5e8378dd7967408f1a202840aaae9e,ace62efcd5598822d665faaad412514826a4dd0fcff2dd777529d2653166a526
sift_100k,profiling_cost_only,608,387,e5d4fb86bb2f236af71d126ee873ee0fc65eaa2546a9b64c5aab199c5d60ed56,c92ba2f13f3e1e7f8615b912fc6d358f48cd49056d6cee3434493790a56a922a
sift_100k,profiling_cost_only,609,1499,7a6aae34b6127f9b86862f16e41b58600a88c7e5329677ace0625980eb623c87,ddcdf1ced7e842cae24bd9e2b4530fd5b79c7d50f515101e7a5c4ad892630b47
sift_100k,profiling_cost_only,610,11798,81f8931b3a557b483b4f6f4e9b8a9a50e99c10791d7e4b85f22ee48022477385,77ffde7dfff640be77cf075dac98e78d9b48108f51897e408b81583af3cadcea
sift_100k,profiling_cost_only,611,23911,1850af3f4364088cb6de2714e18ba32e7e0c1b10787abae8d5eb32bc3d56f39a,1c396aa159ae6c6c2c02d5a5ce309bb91d97284a5c4f1939cd2a8b7796813017
sift_100k,profiling_cost_only,612,12957,81b2b8aeb8193d3dc8d2897659ae3b8a1f6e66bea2c7c73b0ebf67e4df40373d,121b41f8998128304b241ae53650a7da5574efcf00af84f4f92dacfd7c247f64
sift_100k,profiling_cost_only,613,14744,d69ce462d4e69f8ccd91d82e6262d13d1825ee4cfad7bcbd6f77373154971b58,1e0beb4a3fce50b83f24513e7d83a233b831aa7737cd41b32d663903fd10d22c
sift_100k,profiling_cost_only,614,9880,70e6dbf3274680cd662898353fd8403989991c8e271e208e07a86b8886d2a908,af39ee53777caa15b5fc5cadf377b549b5322454c716a4af7cd3abd1c231daef
sift_100k,profiling_cost_only,615,16974,2a801dd34e543784ed0fe3a787e2ed2ccb33e6ea08cccc38eb134e7de4a55666,bd45f4e2a19adbdd073f7c06b2351156d332ad3eb0688429a45a45278abe479d
sift_100k,profiling_cost_only,616,13020,6494bd3c8a326ce1a9b6f20b37a8d36f0abf4aa4dfdc6a0bb194c69ce2755863,4809360ff1fb1583575a207dc18b9ed6e3780ebb3e88e943c5e2032bc5205ff0
sift_100k,profiling_cost_only,617,24370,91280319ea72f6bdd8afbbcdb3a3201647b4d6a835c4b7d7bb0adc8c1cc9e287,394145c01242cf9277451a726de00cb34e5bf303d3ae83c4c2fb84eb385c371c
sift_100k,profiling_cost_only,618,1640,4af459b2317a765b830dafc2374c1eda5ed44805d740c0048962e47e51cc7e2c,7b81d83a1f0aff8f7c64202b77a351b9e4c9d84ca3fa19086d3ce309075e08d9
sift_100k,profiling_cost_only,619,5495,a28d0f5e0d4d85d1e5b393ab535a87581fc634de7a2598cce3bf7b50b48abdd8,27ca1be533e92a04a497420d2b6f6fca699885f0303b2dd6e5ad97246f2cb678
sift_100k,profiling_cost_only,620,746,805fbd4f9ff2da5949c4515b09b9d83ff6844f58d08973888fed313dfc6e6452,a75a26bd520ea69e38ba8055457a4f5dbd54aa1b89dd257ee6856268b03cb901
sift_100k,profiling_cost_only,621,21585,1b395c7013165aa3e86849cc0b442e0692528d3b76c2f0986c7051073cd836fc,622d1cb0531acd5cba0d6fd524daf64b15f72fef6588b9a40f5b08508495395d
sift_100k,profiling_cost_only,622,8095,4aa53ba183051e2d94a62526ef43e07a61623847032f39d0621d57b60ae791f7,147d00d14cf6be546bc0e184b4d71edde48a9ebc7406b75faa586f14263c7045
sift_100k,profiling_cost_only,623,23137,7141888242236107807ba98733057bceb0f1a64da691b5e8614c2bb4257a709a,948f645d421ba2efa542203ad134f3d5bf945681f2d25e369b79b780ab8c30b4
sift_100k,profiling_cost_only,624,13709,7c43ed63fb421a61c0a2b6f85663820bf4bca4ce13528a1a0c38f22ea3e05940,df659ae46b2b3f33cfafc9ba741d05022fd2919e5abc4c6d51106fd85894c799
sift_100k,profiling_cost_only,625,7079,a5de64e54a7b9366214c1ecb89eeb566e8c623840dc4ea96201e9042bfb7eb68,5d0f367f2e78f09ec37c84f93df5aaedd0f76d0f65b21405ee09dc227d0793cc
sift_100k,profiling_cost_only,626,8869,f914fa9fffbc966cfe53b8030e360dab4c4040a8937ba9e2df97ca1b8b6bd802,fbcd4e317b460212fc3a9868b90200639f669873af4cb9248c680852068977d5
sift_100k,profiling_cost_only,627,3228,fbca6c259d7656eacd3cdb274511e8b4948666779cb47fbb75999c0680076780,815891442ae80e8df78bc2fd4a64c2fd4ad47418b12be0a0f9cc3b7979de7833
sift_100k,profiling_cost_only,628,10688,b324a417cfd5d57a1bb0c6e9a4d51dc4ac134eba9c295804f00009ec7768cf1a,43b8c66032e6c78dc04ef24ef6325770620abe0202a00ce57edf73e71b70d036
sift_100k,profiling_cost_only,629,254,61d4bf0aadd039dee2bbfcd73724e40d610fd8466c39dae73817530b0908fdb7,0ad5b42aa1405affc81096737d77e7991ebaa89b3fd15fb2581ed5e8e88346d9
sift_100k,profiling_cost_only,630,21781,8f99e561c9846539a75f2864e39ff1c520a51f76768ecd8349ba82eca0199418,43fe1c229d39aa9112e967d8c013add0c8dfb52978b07f1334ab5007b8ec4636
sift_100k,profiling_cost_only,631,5221,833839fd4fe92299c50d6743b4dff21ed8315c0f2ec56e28c3038f00730368fb,09922a7563a410f31c79bd43e69bf105762407b16b7fa05acc840e52c0316c56
sift_100k,profiling_cost_only,632,8223,6fffcb585968c14cd2f1601bfc7cc21bbd4629c21cc7181df524498db6c03a20,99e3295f242d5806b545a60da96bf424dd36a9995f5e4822b5447af2e7c5ccae
sift_100k,profiling_cost_only,633,9109,c4ed15a1ddb605d2b67fca7de2bcddbaad727eb45f9b0e4cc2a89c1adb389141,860a7a010d3d0213986c9f7d6f358af96d1ca22fab81261340087158a006728e
sift_100k,profiling_cost_only,634,18066,2b8a8622e63fa8730b41982eee3f335a1066c264f3374d2e0cb229b6e96ea0ee,058726b4736ee55f5a75ae1ddbf4efef5edfdefeb9977c343c0707f386a9c4cb
sift_100k,profiling_cost_only,635,17821,f49019c755729a6dddf18a1e94ba5cddb75b41ac98ed152b276329d0502e0e97,e651e75ec7e769ec0c8c3ca7a60f6a24a6a6cb5298b66ec4adb7cffd60333110
sift_100k,profiling_cost_only,636,9626,99d8d878e221042abf1470db056b6ec1f394331344dac7a5e51df55403dddd5f,b483cc6b10bc7a5aaac37d4244d481f946175c20155c83ecbc77312c80486136
sift_100k,profiling_cost_only,637,5612,79b51837c6a34e00655e6a4afc04ed71631e57e9e0f69f7e3ccbabef022c6554,00884a59d8347c3187e37475b369a4532531602bd8cbee400120d5beb2a3810c
sift_100k,profiling_cost_only,638,10865,07fd9b39ab8b61e7414335b21eb1de4e4024f7df86bdb57228fc4b7b32fb0fbc,b81c5e301e37d429442e87c40612853d7095500617fa58c134547fec0eb7be20
sift_100k,profiling_cost_only,639,5166,72dd9e098a0867fcf46a2c337396b2bca111389efb8fd1a369790caa86cd46a8,3de54fa8830eda5ae69737cf7c95588993cf0362ce8e2283754ff6a7078c8dc0
sift_100k,profiling_cost_only,640,20755,f1ff21ca9f4752ce64cde50a85f2db7fb757a28e91c57142ed3e36a13c37a487,0bf43b2537a2d5775192947b3e44c2acf1e63b4238c3ad22bfa15bbb7703860d
sift_100k,profiling_cost_only,641,13311,7d12c42124f6dfc935a881d7fa1d4f65f8a374d0cc46adbec1a740390021da55,8aac05e6c46e6c384d5b7e2f872fa1725304bce45757195bb472f97397cc50ed
sift_100k,profiling_cost_only,642,14221,7a8d8c4c4dcbf5ff878514ea83fa55fe5f656df96b9fad6e165e38bbf3c2b228,b99f3e0840cfc26e494d1f498c4c2d32036888bd21b50a2d3199383d808b09f4
sift_100k,profiling_cost_only,643,22966,7f7f9100c40f11308207f7988804f95942389c9708e693883d98f4b63624c2bd,ea5d5bcaf17e6bc7080d6e05371ca573710240e79781cae0a4dfd2b484107d70
sift_100k,profiling_cost_only,644,17831,d9fe70cc2db837862f5a2fb3c4a49b2a41e976c2e690848b58a7dd0b726d8f87,f79f1648843a247e392d7a1b8ed5608e72b624797ac45e32186f6b30b3489d93
sift_100k,profiling_cost_only,645,3810,1061c9cabf448910b01c75ba12c1a5ae31016fb60ba91f9ec83c79ee17af2561,e43e808124ea4492c75a9b1a3651f1494b420854697144f9df5fc0a9d814060d
sift_100k,profiling_cost_only,646,9440,9b518780a5541e84baa03e31ab65e3334b6163ee611667b9faf75de3b852a356,7c8ea3378bc99655e4fd4d4ca07518eec86dab85cf7ae800b19704d2cef61ad3
sift_100k,profiling_cost_only,647,11731,ec319f65b992f5c8f589137ee4d0a33271fa65c09ab495febcac6c57d98ca1bd,a18c106879c89a55b08fd46ceedb17f09a59dfb709f405fe1f4c6da0d4159afd
sift_100k,profiling_cost_only,648,8096,5087e22d4f99c63257bb07f8309978897fa254ea08720d3023cdd950c1acd673,fdd7bb54ef865d13f7e59efe8d2ea4d5c9160b6a4dad747eb84de10508c27078
sift_100k,profiling_cost_only,649,8642,6833b26db6f4b27509719089b9102de448091a6569b01e7f194a69c535727980,b2e49610f3c31141b403b62877d5d359fbbca5b3f81a8f56d7e568c2e42a631f
sift_100k,profiling_cost_only,650,12891,cb0b20028d9b03b30d72b4ef24778297ff356c6b05ed999baa569946445a2dfa,3d746bf99b159110991b98792b9e22b75c8d77b3ab14e995d2a0ff889dffe853
sift_100k,profiling_cost_only,651,15781,14af253ba399f3a9a7df94be4e7092df65be233139a1ba1dded6802a90c1a226,01bf7deae3c4dbdc8f9f88d797805164f625700403cfbd3544ac9828ba7303d3
sift_100k,profiling_cost_only,652,4638,dd12e770fadf7cb83fcef4ec6c44ff16af904bab17b62e4da848e0e6bffffa72,0ed48736554bc2138e7dd2b973fa2942ea967bbfa312e79560a73f630d4835b5
sift_100k,profiling_cost_only,653,23931,1740f136721f54a5275d39ae4454b646ae0eb249b80d88dd587f96d57226aafd,8905b1c331d8ab0e183c60b5d22c2bd4693e4ddd097c2bd3a29594760c943614
sift_100k,profiling_cost_only,654,3865,857c9d8e0346e083236982fad4dc3a6c947d37796dedfaa93ea2a6c00e6e48a6,dd3fe6a5085c7c7fbe09619caa925a7886e19b4d976a399a29c7cf12ac4e9ea2
sift_100k,profiling_cost_only,655,22970,f9962d18b7a36535a40f86d9cd6dcdb4bfa5fa796656f136b28cd11c0fe72686,65f3624ccbdb49c1c1ebafa0920ddc832f3839d62bbf9470533fc1373205ca38
sift_100k,profiling_cost_only,656,21965,7ba00b0035c49b9f4454cb825eec5906774ecb62838b9ee02396a748efa6cecb,b5b54ba620476fad7398cf315701eb4aaab14f54ce4e08213a7c8a266cd863eb
sift_100k,profiling_cost_only,657,13536,8026caeb7e4e0ab651e682355457f19b2f111bc323dee2e2fdd14c29ec25d751,b3add7497fcf025e452bb5aa34fece14ae4bfbe05ad3e4e97eed4fc843654683
sift_100k,profiling_cost_only,658,21497,08a410d1290a5ca066252c46cc636654665224f99fb64280ef139be6c2f700f1,06ff7a28187d6daef5969d450d86d2727b6aa023ba18634cb41f199279756d90
sift_100k,profiling_cost_only,659,12515,6231840132ba5e253ac612ea55076b44c02f7cc7671ecd19f3664bbdbb74dfd3,431aef0189451710c02ad2805b7998348af02901d9cd69f4dabac48eb8827b57
sift_100k,profiling_cost_only,660,5605,a9c0f3488725e053edf9db5db78ab2c8e2685d8f6aae911063cf12092bfb454e,ab826be2aa015205f36a99a93b344170c99ba90f7f5237392e158340428be5a9
sift_100k,profiling_cost_only,661,23122,ff901f0f989a076cdf793fc9af5d279455b830d1af238c01dd824256dc568285,0040f8b8fa32aefd4d4a1682a3bb9346c29ae3091e8f8f108e40bdf4deea6d95
sift_100k,profiling_cost_only,662,14816,aa208d94c6ed55d82908c0faa03abd02dd3e6b9ce1c43dba05002e25ef71b853,e45bdc9131e84c41e65cbca9e1da9f961d3d280d532a380ece774c3835325880
sift_100k,profiling_cost_only,663,9644,0eb7f59661fb0073bffe7b1fbeb85d81d8bb17f7724c9b4db482e29b6fe4bc0a,8c0c27d488fcfcedf3392309ebcc98df00023c79364f17b71c0247a0df3fdbe0
sift_100k,profiling_cost_only,664,11262,16b0da88c2b703b766f843bf5937eb0654cb631d2edcc900b42a16de4d0dad6b,25953f29ec5baaa8fac4759f1a51a8e37b5d60424c0e59a56277ad8cfba7d7bf
sift_100k,profiling_cost_only,665,21256,d36e86fe35facfc6d3f237a03f6df3183284ba28d6bbb3a76b24a404feec6049,e43f86152d14de713b979708095485433bf837f3d5fc260d97a47d78d5f15cf0
sift_100k,profiling_cost_only,666,22867,0c065e921b82d4b4968d45aa0c5195e0348789df595eab9b7f1b789702852471,4f7d10b378344b91b4de7b531df8dd3d0960e7a80bcc8e1e74b712b74b9c69f5
sift_100k,profiling_cost_only,667,19598,09a7038be31d8b0b1742cc849bc89b1c79971eec59011fcbaf02069c0b83bd14,d9e58cc37d43edba0400ccf78047ae5f7362a45b202ef25d26e16e09c2046b3d
sift_100k,profiling_cost_only,668,15250,2a111b255f983175089342bd26ffc408a227e3f309107cb27514c92b33e420c3,658efb6e43fb60a186eda568c8242d17ff0e691f66a77edc38a36ff9ff445172
sift_100k,profiling_cost_only,669,19482,8317da132eafb5ff55063a430a66c785b9e0709314683f184e9b6e7f166dc8fd,a2ad62c57493abd77ad87bea4b037c551b4d225288941aad7ce74330c4308ef4
sift_100k,profiling_cost_only,670,4337,56be96322a038b7e47ead9788de3c5a36df1345001ee00a9e1511ac1d78b2d08,1b20e62c7203251f947b686469ccedfbaa7fccb6f83afda54784cdb9bffd7ae6
sift_100k,profiling_cost_only,671,16383,a2b16e0cab57d313f3814c5cb893f401c9009e42c576cc35fc73bfe93b358815,f853a2ee905c5230cca16bacf3321e4bcaca9aa1302b5ed0fc0bfc419e2dcc76
sift_100k,profiling_cost_only,672,2055,4b2342a800527d019e12bf4e066de514640d564affbd3631cb425eb5cd7038b7,1cac471ebfff03049864f95a927e0f855a6d3f7b305b8adebe11cfb2be30ee31
sift_100k,profiling_cost_only,673,19707,6b5209d8a3a5d189a88a756d6afbc3d5c420e74bb30b51cd0e88e0221a14bcff,912024a5d6efd32ad1690cec45701f1b4af46ca8a5135d956cb73d3246576817
sift_100k,profiling_cost_only,674,22091,85d2cac085cb8f2a65dedc898f367f4d3b9d7e232faf6483332878883b677de9,d80a4bee2254ad8d21b2ef91dd107eecbee9f83cc0090ff9dc081daaec1466e4
sift_100k,profiling_cost_only,675,19158,15c5ec90bb8d2f3456f1dddcb4812c9973c00f3f829baa28db9493fb336c9830,f9f0af6689e59a77e9275daf421e8ea35fe008aceacdd7c0693a2b3462f354dd
sift_100k,profiling_cost_only,676,2852,b8b793a4dde5d61246afed0ec8b6ba7406594ae0bb9aea922ed650d7a516e431,af64559b22a67892d7aea5a9f9e618e232eec507c34eab086e26e3aff91efb45
sift_100k,profiling_cost_only,677,3341,bbd59e2af40bac2c8ffbbd6ecc3ff40802b7ee06a8a54cd65f25833713c7083d,441057f75049edf419229e341231ba92d8178dfc4d0be563e1f1f3e71737053e
sift_100k,profiling_cost_only,678,24324,02108766e0f731c75c4da2893b03075a58f65069259ebfd475ffa157986214c2,96f462e529d2934c5f50e3927ded5ec77af52b77870c3cdc49fdc459cbf396b2
sift_100k,profiling_cost_only,679,20940,c4d018df34c6d8d7f40816fd8b0a4bd4f9b732345cea3e1be0cf27ffb53ac091,03a4669eb718c8b9644839273d5ef26e388633ccdc06882e077788d8e2cb22b7
sift_100k,profiling_cost_only,680,21795,06424d74570ff5c19a48662beebf2e25e2ecc078e2c7ded44c7877ab23add926,db10491fe24979f2a96b6ce5745190e03354e7999b22e94a5af91cf0878f132f
sift_100k,profiling_cost_only,681,24282,437a25e5b4155cef69ec8d41bbc17861efe93a79b18cc3f7902e1f88d55a95f7,a9270de1b1c92b68e293646794f55656cbfc6b663b3be26e20e7302b98712a74
sift_100k,profiling_cost_only,682,19270,0733b379b2aabdc79b82e6df3a1d4184f5f15c879b439624dfd8b499e4738f88,aa40753ce536169386ede85770f54eb2a7fd19d9d7a0836e661c0b8caa1ecd9b
sift_100k,profiling_cost_only,683,24507,abc10f19f2058666c7c48966b675e5aca6f12400bd14d951e448e902949b18d0,f98cc98e5fafb628010d7d80abc8d26896eacd779a064db6e5cfb21f60cfe488
sift_100k,profiling_cost_only,684,20156,4be02f4948731941aadf37fbcbd91ee69647c4e48cf84c30230d1edb9d57db02,f34b8e747c786ca5e25ca698f3c59ba6e6c9314a82176c027288a341f6b3d500
sift_100k,profiling_cost_only,685,22042,9f4baf59421f232c88e45a720ad002c7aefcb1916575989096a05014ad4747d4,5cbacdaa23c57944481c4a3768239c359de3af7c7b344c7d1ad24e6496095fe6
sift_100k,profiling_cost_only,686,1769,52276ecec42e7c05bb7e2c3537f07d6e9dcd2c1367b9c80e86dd8bdf9652cd27,01d386e097e10ddbf42e60d2059baf98f28aead759a0640b21ade1116e2e6e87
sift_100k,profiling_cost_only,687,12783,1e7c68e1cc72ba736e22e687509f3bdb62aacf2acb95ad5b4a4555d3d6e96fcd,7875cf4550093b5c1290afdb5f0958a598ef6c45ee185e5b4e4086f45a20a1d1
sift_100k,profiling_cost_only,688,2403,df1fda5f173d7f61ecb0815ab6065403ec1c8eeb55ced0cad53907cbfe1edc4c,a77a92b6c1347cb626fee038a3532c2e60ca8bb25c8b7787492a28405a670dde
sift_100k,profiling_cost_only,689,13363,bdeceecbea8ba9f62415cfe225619972bf3eb3ae73e1bc5c0494dd8e8f0bfe2f,24381efdbd0c1d9b18b8a583b12a798c7f03cb550c19198bafc42741eb8aaf50
sift_100k,profiling_cost_only,690,12018,00c5394f5c206acec82a82c5cbcd9e77c1628363829fbfcb773daeb850310b15,d5fcb2f3b21367148003e373b2136975d6aba124be5c9ae5a6d87e78a97a04bc
sift_100k,profiling_cost_only,691,9067,585b1e782323fdb1cc84a33f8a81b81b65c900a726cf205da696f5cc89bcc9b4,027f1f4c9baca527a9d58866cf0032add9c19e15db59ffa392b2b2dd2660b926
sift_100k,profiling_cost_only,692,23352,240d20e6d855d2bc394c808d6014b0c47634e4767d6a5af6f6e048558bd462bb,8319c090bedb87944f051086c30279a08556255207faf03293887b0e5d7629b0
sift_100k,profiling_cost_only,693,13778,715970785be18fead078f93aa36d98e613b62e0406f04b48912f721b1acf4942,c8047389bcf05611f1c0161b6a6b2cc4945cf83c406427f38c539aac23b1d7c8
sift_100k,profiling_cost_only,694,14,0218126b429691049c87280067d49cf602d4114450e87471f76a8835808a18af,931747cbe1a5afd39ee7a3f454d23fd8f17a2cb58204beb3af014f34113bd362
sift_100k,profiling_cost_only,695,8338,16969524c8dbac78d24fc82a03b65353c493efe02dbdf470cb85145975335085,47503382bec72a6b49f2e628d368ad1cf2987fb540c8df44fe0e8da9e6ea0af0
sift_100k,profiling_cost_only,696,23153,73521816e0ee461909ac12769bac5ebaf819ee79ead7b2d0f665bb9670b6a182,fc1ef47777373e10cd3541b1d195900495136d0889cf00cc25a32ef2b0de2cb3
sift_100k,profiling_cost_only,697,4447,c1f0be373b9c7f8f6dba1a96fca6235f68c1c14935a8907c538e816b405dc36c,f95d2b991eab5b6ae64ecedf544c40bf93955da7ac91bcb4d56724bc6886774d
sift_100k,profiling_cost_only,698,4491,9cb56f99884b989a1c5104407a401f40e6130bf43e2202f9bc1bfccd9e1b3c79,d3f3885f5a1a0689ca0d03ae930cc8f7009abdb5c08e83b45f9226b9e937dcdc
sift_100k,profiling_cost_only,699,11047,d0c409822464859cd257ff6c7da393b7d4d6fde7c910a78860f478952b79355c,cde9fae30f9addb08eed9d9163af92356507b93cd1937afecc4b96ae6b9789fe
sift_100k,profiling_cost_only,700,12730,6bd39bf2f7200ef71566b44e52fbdfb21782bdb5f1cef9872c7faf50e521bef4,b6bd8052d4b6cab0528ca47dc235b6762812ffed3e39ad6e94f1da63ecf105e7
sift_100k,profiling_cost_only,701,18236,dc0c9eff726c36823e73206aa1f0d0aa09ac1b9d5071539f5815a2ded5a02210,1575f6f2749a9b828312be51388f804df1fd342a873fbe4f4885d233a1eccb2b
sift_100k,profiling_cost_only,702,14247,8c83469a4304608796213940784df183ece0fab374202eb0d30791af4342a432,295a5c11958c28e83c57b55a4fbfa939cfd9047ca32762482920e56065b461b3
sift_100k,profiling_cost_only,703,21913,963df7836f77339c03f559c956779a9cf18a442b34310ea94f177b4ecd6e1f2c,fdd056ba5b823a63ee7c79425597042df4764096b50939c80b818e4c4e1e11d5
sift_100k,profiling_cost_only,704,10485,5ea30f1b03eb2e1f6d355d88c96e9f9f00076c0232b9a56678cc74f1641f3ba9,2c933be998b2faecf0f36b38f578ac9ca1db772d0e21110acf7007be54e9e0db
sift_100k,profiling_cost_only,705,17076,dba91ba57801dae35b5523f98e559e6ac8e1c49ba5a3a233842e44670003994c,ff8cb7020bf4b33771be64b0bd0024602262b9fb21e0ef71aa9de6cb565560ad
sift_100k,profiling_cost_only,706,11483,f726ed98428269e80f54095d436bb856cde3b1fa307602064f6c5f220a01f638,48779df109dde657faad46e3065a9630703744083c577260e07328bc3a967c05
sift_100k,profiling_cost_only,707,6736,8c206dbe8fbe55c5f631de1011ffb7cff0ab328a45e1edfc6246ac33e369e834,532b50dd9ede5618998627e23dbeab1759708505b6736181b80a5b091ad339d0
sift_100k,profiling_cost_only,708,11214,2b3cb658a3bea09501717db615eb189bb4b476f4a425a77e7b86de8f902bbb62,4d15fe0cfc7e8cf20e594d5f12a15ca97fa1a66766e34e3f3e3254be848fad3e
sift_100k,profiling_cost_only,709,9197,09d1807d6bdffd77d4d40f4de8e04f5fb726f40eb3935f667c159cae2bba967e,9ae7891fc14392d9f0ddab88ec8561efcb7e1a017ee7e57648efa287a6c00a0e
sift_100k,profiling_cost_only,710,24524,bd863b848aecaa923e003d8968942cfcaa9af2440768ee266f4276f8d2a65538,48dc098632d322f695a93133f1e8d3e0c35a70d2d0d523bfd8a650685b8f0dbe
sift_100k,profiling_cost_only,711,10946,a269e39c73764a2be0a4d6c3d859e71d426db5d5dc0e8cf6a7b68b6327a80e49,ea9f834f5b486bba3c8eb90fb545e19d895bf06403c9e4d06bd1a4aec3eb83ac
sift_100k,profiling_cost_only,712,18633,26f5b3df4be16756367c0dda5cfc85133f968554392ac8e338959f33aadd5d48,10920a370f6292f45521c28c5e94b9a585b96f3ba71f482f4a36c95935818283
sift_100k,profiling_cost_only,713,11801,19d02691e703bb4bc17c37085e726039fa7fb1deb0aa6d836f5f8e56c19f4fd3,1dd972dc46e57adb3f1121ac405ac02f19d225ebd0040116ea362159b4935aa9
sift_100k,profiling_cost_only,714,2371,f89bba20316ed1d2baa550cded300da6726dd9b026386452ca3f67c12095047d,e6503ea85cf2c97f9d7f91cdea2fa83328cbb7e1f65376a9e853756c92bd9927
sift_100k,profiling_cost_only,715,9512,5250fc8ac4adccdc3d7b5422dd402e5d7e422c61674e362e8e9fadbce6249a2d,02fe8ded8fee2c88090025368b284af40103389765bf4da5ce85090b68455113
sift_100k,profiling_cost_only,716,6003,4046e26a515e544fb293a6acfcc6ab8f3d256c2897dc856d2b668dab2f9c70b3,b2b2fd857af36a04af0de5a9b5ba02113eac2a3aee4b86bbc90e58d442d7ff22
sift_100k,profiling_cost_only,717,19962,10afaf1d2655a355be244207422f5688175fa21dba40186524773ee8d6a43502,42eb363aafa95a5a7f3e2192c41e2f03c1046c731dec3152e4e19946c4153bc5
sift_100k,profiling_cost_only,718,22220,f8d1be2b25abf01fa661d9ffe0022fc85403177f703516404dfa8e015f03def6,32d7ef36d0a195efaa1d9f8209399c06329c769c4f77d63c0dc4275ac88a19af
sift_100k,profiling_cost_only,719,23476,52087d7a7f4f0bf7d407fa52d48ca26e338e58206e34c7d02ae680c3d6cc03b6,8fef05b33a67b887f6d4fb248595761dc3295f1fd4cc8015397fdc4a1e79c305
sift_100k,profiling_cost_only,720,4049,117383db25f417b04af06509f3c167a0a9165c65c68a29f5aa541d2a9acdb2db,007ff44a07fcef01c3b4778e794ac5b2310d9d9f815f855a9ef19485f1319991
sift_100k,profiling_cost_only,721,6534,f8669c309fb649fef83aac2b2318e3a680cc86495759c12b7974c42d2231a7a9,abe6f08154506c0471e1f1e94d7f3cbb93b9a918d96557a67b4d7f2b26cc3c79
sift_100k,profiling_cost_only,722,17091,ac095720a0b30efab09e35bd19f90ef59e371d7bc5d61322b4e6917794301c45,643c5ac845692312e74e43e123ec0381f4f9628ac659b01a9660c14ca9c55cd7
sift_100k,profiling_cost_only,723,13229,48daad4dc2b5234d8a499aa82d320b2322fcc8d316b6fd0788c241dd908688f1,0b91d61998a313b774db5d5c784e2f484ad2a0e5065135f5158d1b54a4b2439d
sift_100k,profiling_cost_only,724,13609,cc5dfd2151482a6d95702ddc7bcae25e5e1fd0a2d32598b20375613a488fe36a,8dfb3926329cc4b1573bad0e5b7b4f373c5d5e0169979ab2becfd38bb95cb292
sift_100k,profiling_cost_only,725,20983,2821519e577b9fe89e76dc81ab0ca922aef3b9c5d109c33d8375567168cb8d0d,fb1a5ad4c2671144c7c711077aafb087b6337559bbe9e56ccc648aafabb000a0
sift_100k,profiling_cost_only,726,10975,4d8f8822cc7d4eeadeaaf534bbc6d578f3901491f2f9989b748b454a881cc98d,dadabc49980281f5bcc1c6281765455e29af7ed3715641d1efe7b06d29a18946
sift_100k,profiling_cost_only,727,20733,342cf36a275b04b796c26c2635da110d1110185a14c922bfbd7ffc78307f7b2a,2fe49177501df4a2f0f216fc4022190238be3d696c64729cf1446f1b21322fb5
sift_100k,profiling_cost_only,728,14144,6bb01350d6ba9c9cfd1000a1ce2458f231650972fe1d2d2e884549af9401eebe,3a4e47d723d571e875ff9dcfe360850f7a4c24e7154da1385623502fb40b9e08
sift_100k,profiling_cost_only,729,7845,559b196a949fcbdcb444aa9d25842b382660c3785427ae390d7443b0b7a7ffc8,6b2db556f0ede27ac2cc2c824135588f363cf522f4b585a55e8d5034b4196d77
sift_100k,profiling_cost_only,730,19954,9f6e9645eaa05d649359c014945305394f660fc0b880de24930e09b1352ca745,79003176cde5d75682d5a7d04d94512cefafe5f16a08c21d574c8a6c16216dd2
sift_100k,profiling_cost_only,731,17411,a1c4f0e776bc28444d72d12894d557d04492fc0034a26cfa4a39b11caebd5516,7e3fcfbe55c3b4807332fc84185f4b4f7355cebcd331f2725903ab18e6d61510
sift_100k,profiling_cost_only,732,23485,9d965c80f138763a781dfa6c0038dbf749fd635f3d3d784ee7d6513d6ccdfff8,79af3d9bdd61c1aa4b771f927fe3f56cf7bbf8ceb768ab2e92d834b0dc64a312
sift_100k,profiling_cost_only,733,1268,3de566a2d1072ac86c933290782cdfcda8127c44e084028adb47e147367fdc24,4b777611f2b7e28b17667e3896280d8c7d473074553f512ec0fbd2647eb7ba50
sift_100k,profiling_cost_only,734,9192,144435474c030cf637ff497f9d9bae910f75892ee71b126cf399090fe16d6bfb,c40f9df472c1f1bc5db42b163dbff62ea1c3d5d442b1e69aa156e664bfd54c7b
sift_100k,profiling_cost_only,735,9185,3b8cdda5cabc8889e7c74bf04b147ef4b3ba07568f42908b57b52f867dbae7b8,dd2f54c7675dfcbf22bfecbda0fff2f8631748cf2de71d49849698160ce2ad27
sift_100k,profiling_cost_only,736,10491,c669ee554e5d8f4aa8c6e2932f42b62165efd42a81718715ec0d990881469cde,1028479aca8b572321655f2965b195989e887e2b0223ee443f72bda4e01f6451
sift_100k,profiling_cost_only,737,22523,8abea3f93c6243d477486637092d7a3841da7b598de5b75c21a977136fb5b09b,4e916452f9914623e48bfa40bd7de326aaad99e74f1faaf8cf80629db4bf0e26
sift_100k,profiling_cost_only,738,7126,0d20ea758042d3006b70e412718c16be495db6bc8871b5da2538a3d088465392,5ae52fadf984902a2f2b1234255eff307e47bae4080eeb452cbe2d3cbd5fe290
sift_100k,profiling_cost_only,739,6756,788df4765f1a7c1a8094cee430eaef2bc1d428758a398620a5ea535511ae72fe,57a80fb9ba52e59a4144415474f9cdab416aa323b2841faea643973bc53a24ef
sift_100k,profiling_cost_only,740,12782,c6e5db74b88dda953c226d830b9a9569bfef4b8add7f6db55df48a50fd44accc,5d8bd9438da3f40076bf4fb206efc92cbba5f426ca8d5d068442a469ffc1c6ac
sift_100k,profiling_cost_only,741,22004,788e0036f6a1a8597cf4fe1232cbb271be389fce7b6cb93d21d7ccc46a44c675,a46764a07d893a4f73f980b33bc6556aba08e434c5b2e09a7a8ddf161bcb8762
sift_100k,profiling_cost_only,742,16993,5e64eaa2ed7f45bbf57d840e463df80a0c91793a7e30d25c890b0b94b4e8cd19,48db08f0f17cea6991054e418fd5893e19849a66d921b9f383d4fa94162e41cf
sift_100k,profiling_cost_only,743,24101,98577a15522255d734636f83dcc1f5a83db47f44137cd138d33ed1719fa94091,c0a55e2f4c970ad4e89930ecce5b1be04d4703ca9e5216fdec1594b3d8c9fd4b
sift_100k,profiling_cost_only,744,23546,80ea65125ea2fcb6c0d4bf15aab3697ae4cc1912d0dc9beb6a10e0711a8e3389,05050502be2b1a21b789cc6059856b5c8e4468674ce3cee3a2d1244deffbf895
sift_100k,profiling_cost_only,745,5055,39199e2d80ed22d7decec6c73f29548d0826b30a394f9f3638148397081c3ef2,c68be59e01cb513d4a783fdd965b7c80f88a08146eeee17e68df81d99a0febd5
sift_100k,profiling_cost_only,746,24904,7950902fd5559f24de5463f73fb3e235d98a8282fa927024328d69432428a60c,b594992f5355ff71b5175ae4f994495d4cf418f6b226894972859504e7664fca
sift_100k,profiling_cost_only,747,20546,601552804e8d1acf0ec9739b7617395bb50ba5640d9e62efc33c288323e6951c,e03c751fcf06d00fd6a29efd1d3809705ce97d3b4044826ee241303cd66a6b1d
sift_100k,profiling_cost_only,748,24967,cc5fcb1699391fb070903f9c890db392bfef0f9eb7f1692deb9affce47259860,8ab6e6da9aa3c081fa4e64eedae4adaeb7b90c8d0978cf9e928c7f6f64b1d1d3
sift_100k,profiling_cost_only,749,7571,64f76c0728838aed90f87002d66ecc9bee4e5eaf5699305ca6a9f4339a95ebbc,5454315438ca73818357e5a29718d9cfdc9b2635bf0879bd6921d92db12a3a7d
arxiv_nomic_100k,profiling_cost_only,0,100435,b87d5dfa396654bfb5023c7d1bd4959b79e41306252d69146159be6ac91d3d6b,c3e90899750dc9c6ff90b8883291f77169b2a44218d0788588b3f1f9651c6dec
arxiv_nomic_100k,profiling_cost_only,1,100776,c2fe6d9d98c747d14a43aeaad6b3ac5b01eca2018e22096abcc8368b39d3356c,3d7a92ed414e18cf3be17c98501ad5bb63459585e52df1b41e7be2e95381272f
arxiv_nomic_100k,profiling_cost_only,2,103681,90d60dcfb6a52ea3abf200fde398d741ec00d68bf133c7ff258b527c81e596d9,f8fa025b1443cbd59176a6fec57a419ba4eae6b5a285a37e86e0364eb962f00e
arxiv_nomic_100k,profiling_cost_only,3,104903,41a1d069367aa98bf18b3496b8c9b771f04293f1ebb742d854a042e11108200c,eb4f498b654b61b30998c296106dae7c52826b3dea3af38dd4ab833b5d8afe3e
arxiv_nomic_100k,profiling_cost_only,4,106535,224d5820a7bf796c43d103549055ac41ef1c3bc1a99a30942d9026c9da12245f,ce20c18b03298eaa628426bc716f9e49df93c8109c53f0b9f10e31f81559255e
arxiv_nomic_100k,profiling_cost_only,5,107357,0f4c909ae26b0a3e706e1490830b0a86b19c2958d4797ec62ff77511b5c2346a,31612ffa27b8a045cd1167982abf5b33111ab9c0d03c3967ffdac99907b79c8d
arxiv_nomic_100k,profiling_cost_only,6,107700,d7439050bc04641f106351ec311a593fe42a863546a7e1fd2f3fead5708ccf98,e139c3e316a375b62b81302cd930c507cdc123a4d8649fd6d2d2549b951ff5a6
arxiv_nomic_100k,profiling_cost_only,7,109579,321b7cfe419a8022146b7cbb2da3d2ad8768292207ae69add19e72c9e62874f1,9ab65899f73d540aaab27430f4e14a4090d798d3f92fe74ef860443a9b31dd19
arxiv_nomic_100k,profiling_cost_only,8,109780,0f2f95555ffe78f8bd7ab557a8996bf1c32918fa71dd5ac0c3ac4499d32a1ef2,90ac5c5eba24edc2594c8419dfe3c181895ba7faf34fc70754b60974a64fbf26
arxiv_nomic_100k,profiling_cost_only,9,110702,043665c1de493e3bbdc4660d6a84db0573187af4b63344ada57b06c49e1f425c,e0b71ecbb0ef3a87761cce7fd60587bbaa428749a72933b204c897082f0377ad
arxiv_nomic_100k,profiling_cost_only,10,113224,af494a22027c10fdae2cfce9b91f0c2bc6e57f6e6c64caac1921cd1c00aed1b2,fcdd0db8988a789aad7a5fae324fc79ac97c511f495a51c26625e8b9c802465b
arxiv_nomic_100k,profiling_cost_only,11,114133,934c86740c32996d2ee6fffff57dc80e8a37d17d8122fc5bfc150ff15b1e52bf,490f656aba4f272618088e3450a9de72fb73cacadd8c8692640c2070717cb4c9
arxiv_nomic_100k,profiling_cost_only,12,118254,54a3888d42969b46c3f02e886cb19d4762b1d2dd5b36209f2830d1aa5c2485d2,d2fba31469c97adf11b74c19c09df953c70d894adb387540b43af188c67181c9
arxiv_nomic_100k,profiling_cost_only,13,118264,4e33a11558599ff5f03a09d0e00047435ea75dbbd82809d9aa08ca33c76daebf,20f4465adf706f1c7488d198b6343d82dfe5573fc235d2282fe98525d5129e97
arxiv_nomic_100k,profiling_cost_only,14,119157,caede087950559a96601fcbcf2b95adb02f12ee90ce3e18ae0d1973879740e84,5b1c71d2dffb3c6097161ac1043b4281257f00b94a9901430dc6df5aeb656f86
arxiv_nomic_100k,profiling_cost_only,15,120534,4700eb744ff13eac245f94a9607504c54357b8f8b717ae1c7e3db890d352d78d,2e9e831175dae3fbe669ba26033e8d07a2b7255c0d0a828b48edcc6edd933ffc
arxiv_nomic_100k,profiling_cost_only,16,122120,e1c762a88ec3889c36ea5b82180b08897fe5226ea2c493a18a611fbe69ebcb3d,a175787616ede0e80556c1c7bd796e3d21d415e7c9ddca1b648e8975c5f88e56
arxiv_nomic_100k,profiling_cost_only,17,124381,5e589951b91f0abd9e4888380275d06176e16ec7276bc05433ef0c543db7a22a,213196faa00bcfd0e720b03e6d296d7e1469436d10ee25111badc6180945994e
arxiv_nomic_100k,profiling_cost_only,18,126140,bcb4d617f8b8fe378b9217bd10f20d15952bd0b2c9a9d8974a1a95f3d5e45d01,20c5f2f568c0e7f6d84725a55b2760611ba4b8dd134c7f326c88aa735fbe2a2e
arxiv_nomic_100k,profiling_cost_only,19,128413,78e39f496d2ba2b15817569689596508aeca9c996da6e1b342e90530fa188e9a,6de58714d430ced0d41a316fc163e04c16f845a3e71be6ae52f0042ea27a2930
arxiv_nomic_100k,profiling_cost_only,20,130135,a4840e2a1a57f5f14bee36788ff4fc90c45cfab594d90f42b665d047b20e7d9e,20ebef12f0f0a5a22e6b6dfeafca4b0f1a958c376b8ce280b37466adee05fab9
arxiv_nomic_100k,profiling_cost_only,21,131366,1ff81aea811ece05a0d3577da50bd11bf0b2eccbdec45fdacab414ba8a528a08,176486a41148df981bcb34f706a6ea46387d24369e86585f99bdd4a9d8fdf7e7
arxiv_nomic_100k,profiling_cost_only,22,131869,69ef00be8ddc2f2b442a64f72cc69c2690ae0bdba491889a4225c5a64e3d2c70,f9e14657f0baa11617944355f2dd567c8b3a9ab2b063e868e84d5b36a25b3225
arxiv_nomic_100k,profiling_cost_only,23,140117,5b8220e46ea13f3c6fba079e827e92d5a0598b6e654497d7b9ae7b2799ea3e6f,a9c11b7d8e81c514438d259deb32b9928481189327a5c3fe10926168c550fb3d
arxiv_nomic_100k,profiling_cost_only,24,142724,9d08c2a8cf0eaa5fd0c0bb955161b68ca60f41279fd020d2c3094cd5f5c48a24,487e3bc426ae115d6cc12a583e22e24c3b603ea1b7d089991b8ff878cbfefb2f
arxiv_nomic_100k,profiling_cost_only,25,143218,403414ec0f2a8eb1bc3c52a978cf1b1243262fed1520eab304cfaa46a4149602,151d8864f8d8ca738656608c73456e5e49c3cfe26533ab4ca142b24c9ef8a078
arxiv_nomic_100k,profiling_cost_only,26,143980,58066b11f39447ebd11aa4a04a6c45faebec7e2a7a511f63dfe328b8ad15c61a,9124981e0267024978f70bce23a63617b48de6875c6e58db4c05dfb2fc1a80b5
arxiv_nomic_100k,profiling_cost_only,27,144783,42536a94df03b7e4c1cef71d4067c863143130456df7352df5e79d09f897eeae,a0a2efe74407032589fa5b21ba23480edb70e0e72299d8470f4d2c735be6c04d
arxiv_nomic_100k,profiling_cost_only,28,145844,131d98af6e728e618298b720fc7fc7d903bcc3294d5fc282e3e0576c2bda8d6f,e6a3caefa41384e791a0cebe78907867882047f4deb66b3bc171959d5c6333ad
arxiv_nomic_100k,profiling_cost_only,29,146931,22408d5392f29ba80c36c5d5c90674b2a80cda33c052302b8d5440e2ca9d0cc0,a715ca5a96767e0e9c6ffdeb533c6623ead8b2edf60d0762a09b1db1bbb88ce6
arxiv_nomic_100k,profiling_cost_only,30,148881,472b6f98137c5920e83676a15da8e45912f5532494c41dc988bd7eb169c61d91,7bd80a4cfb67bc784c24a9f70157770ca2c3cbc85be7d9a3d297e34d95bbc883
arxiv_nomic_100k,profiling_cost_only,31,149077,df5f56c6cfd3138b0b52224edf81a4f0e075265265f4608b6cfcd6401f596b13,2ada40721537182fb6c6517c3ef5c4309c48e6470f55dd131327c086188b9f10
arxiv_nomic_100k,profiling_cost_only,32,149285,04965f9393a3bb089d9e166ff375bfefef8dd94c6013f6848aa1729ff06b93fc,0fd98a3365b39dec4a5c307502c7023cada63ccba1af056b7aa5d73f5897ceeb
arxiv_nomic_100k,profiling_cost_only,33,152347,41fcbd5103d56b73dfa972d1648c2756b9927e292d5697d79c542a35ffc23a2e,5028a890451d47d23e7bc68c2d0714fa2f7e819adb35816e331295481fba7023
arxiv_nomic_100k,profiling_cost_only,34,152488,e3420368b384207ce98a4a765185002d2cb12b96f161c238cba64902c9069e21,fbb17d5fdb7ed7ce8da63c1ddeff328ed2e57bd753a6bc29c9414d16f26976ae
arxiv_nomic_100k,profiling_cost_only,35,155323,9acfd013cb11df7d863bcae7dc241636ddc2a3765c071ff7f1e15ac0a86e4558,af12ecadc992b005cc725e71bc7fff192f7bd1ed851a826f87b28a34aeb86c50
arxiv_nomic_100k,profiling_cost_only,36,156870,c9cfa8b02018c5cc01ffd2fbd4b6d14d9dc95ca027dbc2693e3cfd03b8a9f281,8c73050cf59ae39ac0f5a2b86bdcc3daeaf3b851132967bfce0128e97391e77f
arxiv_nomic_100k,profiling_cost_only,37,157532,37bf7418edd0e73aee1fd4f33f74bdb86566722562f1669c99eddfaf6906d7ed,f38c71358da085704b4efd7d71d54f4fe044a443efae4bfe64f15078095d8891
arxiv_nomic_100k,profiling_cost_only,38,159877,8e351e55fbbaea502391028ff6ac2c31eadd6c4d25d1c8988989ac08bc690bec,beb4c8a129c89829cf874c8a22204eab5738f3569c3650197b1d7b1f192b9094
arxiv_nomic_100k,profiling_cost_only,39,160110,4f5e5109895f05924d927d3970e02b0d1dd3be08422a120576cb03c4c92d9b5e,3098261d14f743cc3ac650ded5fa274fa68998b64c2b3b712fd7fa4f320ea927
arxiv_nomic_100k,profiling_cost_only,40,160540,0e574c920f7bcc45a4e855daebe16c410542886042e01345cc7fd8a1b66edfc2,54db5d072b6b840f0cd36895a769b454e2cc57392b018575826ee8a0e4fb4147
arxiv_nomic_100k,profiling_cost_only,41,160570,a0fef02e38c967d581eeae2fc371509c6081aa35a56551bdbbcb3fd37de0a956,bd44a5a452f9dead8acb46d724ea00b8f3a86e60bf0e48d373fd79f2dc4fb7ee
arxiv_nomic_100k,profiling_cost_only,42,165623,6c6a3dc30e5907bd9a9275c819b57244a3625807f5c32008b4d2c5f09f167199,2e90706b6d43b99ec32ef4f6a5c96b216cf688d587000afea2afff2229feacd3
arxiv_nomic_100k,profiling_cost_only,43,166699,2a04f7cc07f4f8caa30de03243f503adaa69b4b4ea8812e8603919466ca32bdb,ff4fa1422259eda803428c66a1e2cf5060e3fbe0ee3096ad509cda053bfefa6f
arxiv_nomic_100k,profiling_cost_only,44,167100,98fbf549e02bd447d0071f00bdcc4abf797fc56e7c51fe5d94b55a20176d4687,6f3553669a94b716aa9e86e67ad7ee65ecfebf8264ad240e1ee54f21e7505ffc
arxiv_nomic_100k,profiling_cost_only,45,168280,09ec78b86138339c1d7e1b1486b70f0f9a4df6026fc6f25f9f4312a21e1d0062,483dcca5f8e05ff1c222aca2f655983d146a223d6abffd9c670d3c35e0fe207f
arxiv_nomic_100k,profiling_cost_only,46,170477,b68a8311d8be93bd07de9937b1d56856e31b6aeb9f9dadda85efc36f609df705,654dd699c380274ee8bd39a8b4b0877aa73de3bdef5c64fe39db15d75bc24e3b
arxiv_nomic_100k,profiling_cost_only,47,171470,109a41b38495262b7ae3144f7ef0690c13db98e6a25ba4267f5089de734397b4,1997d68dc5a61f4159de6ded1cad0de6e214584ed9be89a319846666c4252c14
arxiv_nomic_100k,profiling_cost_only,48,171532,6dec8bf907b610ac6475648c95f317303d0ab6b3492c977f4e3c001d6421e073,2662428a51e6477b3ba017564f710f85f9e923d988cf38f145e0da8758e3fc0c
arxiv_nomic_100k,profiling_cost_only,49,172278,d5f6d4215a555e531537fe7df8f60410d35d9847a0c64f0169ccf8decf2f9714,92a06c7887c8edb18b539b458856a8f5acd98a199f781be7d5a6a4aa8c786bd7
arxiv_nomic_100k,profiling_cost_only,50,174280,a5957dd5dbb4ed0b6bfd0e8357e979332706d87e39d4178a50aa60a878ef0044,493f2846d2b7c893653b6634d61748d0c05db6ced8e1879d5c9900136cd8f932
arxiv_nomic_100k,profiling_cost_only,51,175489,33a884bc7a4bfa96661cf83fd9bb050fd0fedf1bbe6a72e4809e98296cf3760b,da3bc73947e0e0cc418e3cc9701f6e3d9596d7a02469bec74411f935c8fcc2e6
arxiv_nomic_100k,profiling_cost_only,52,177537,e28904e789d61ee42a1fa7d7349650f81ff40e2b73a86a072e65150669299dc5,ce94f35337797b8d13bdccaad90fc4ce9bdb0005c802608c4d1fe9e4e47b05d8
arxiv_nomic_100k,profiling_cost_only,53,178051,efd92b983f35afc351d42e0f81a20038d38907a67bc3409c637dad2d82c8c844,d4ad092ca219b52f19646979b157144e6b96aeb44aec262a01a79160d572002b
arxiv_nomic_100k,profiling_cost_only,54,179816,df4404af0be2578ae615c815eb1f2ad7eb3f8690194e55fc8ea48bd0e8fcb079,e7292b532e9c538fb877a73c2583921769a6b8ca71444fe1f53c93bfffc48096
arxiv_nomic_100k,profiling_cost_only,55,180618,a921691161faec74d480e7525a97116c1cd4226df4642fd1445e0c1f40af33b3,be0ed6232bbb486839ab4eba78ee35178ca7c0dcbcab266d66447bad34d09fd9
arxiv_nomic_100k,profiling_cost_only,56,182899,42ce97f92e7c46f8103b60e41187066f113e5dc107c9699bbaee4969f09629ad,9580e5608e9ffd5122abe615fa4ce07ab0f18e20826bb7186dc0985e064b253b
arxiv_nomic_100k,profiling_cost_only,57,186866,6ad62d71392f72d6c63a0b34fed4a1022f058d4232adbd9553589201765251a0,b7c6c1bd972c9c27b7596821fa08d0c0ad150ff018cbcebb6131ae578bf26256
arxiv_nomic_100k,profiling_cost_only,58,187872,7ffd0059d18579ecad6fa13809a312d33a0d68fc2d21e2bf96b6baf416f5239f,ae4857adfa006970df177c31e9fc37bf67c19272d2bf113fcbae81371bfaba25
arxiv_nomic_100k,profiling_cost_only,59,190817,398cb37c479fd6f9854c4f7c570c76ad5735898a7259cd5a589e0bc408773dcd,52bfa70c96e8e51bd4a84a1be62161d91affc020853ac8e88c0e8ed348851218
arxiv_nomic_100k,profiling_cost_only,60,191388,7a8cc1bb5e578affc983ec64de35cca059036115d97bcc071d60995b5ac43195,ff3ff17e43305a76cc530ca472fb79861503891d454107c267edc00452e16b7c
arxiv_nomic_100k,profiling_cost_only,61,192663,28c6589e3fe2fc7c1d7003abb05a7c93fe8feaff23bdab560f16a3eb872dfb58,95771941f242f64be7d201c032799d2125e30c2d7cde08948e9bf755ff90af8d
arxiv_nomic_100k,profiling_cost_only,62,193216,2019042809062beb13d1f6381a6eb69bafdb570854ba4923b37bc250e4b653f3,7ced28fffb119713ce9d2578aae94152ace5bcb0c8a0871372da181b61ee1b2e
arxiv_nomic_100k,profiling_cost_only,63,195028,3b00d0c51a58ee8914281a25c048ffb3285a4ef2187f1cf3c70cec06f8ae1e8b,cae67977c6ae80ad29c14d5617912ab71080a25cb10d52f003767b70ea8ba5d2
arxiv_nomic_100k,profiling_cost_only,64,196529,c81dd3993a555073e6eb18e79294773b9d0a8e6f17efee5252afe0ab4bfb0e96,571a03564bf855021af7eb0bd8f6317a44df5adb5fb0218e28a59914ded3d80f
arxiv_nomic_100k,profiling_cost_only,65,199623,c2e2862ba4e0a4cff3d7c1c06e4f263d4289c94a06cf294eeeb758689ecc9f0c,a6c1092a72bac3f202d63e22532da0b3c1c63833ab1628b13712516d753ee13d
arxiv_nomic_100k,profiling_cost_only,66,199774,60c291b11893a2683de10002347462e4144241c23fb452e1beb216124f1f0072,7d6479fc99151cf098b9671755d9f8688d236de116f4c48d0281735e2599b5e4
arxiv_nomic_100k,profiling_cost_only,67,200106,16e0f4e1535a8f32968f346a778f95d1a090e0fb490cda5ff5b55bca9e54c9c8,121549e74b8a4d61e0f1c487da308ab3a0ae88493e20171070bca25dd6a447a4
arxiv_nomic_100k,profiling_cost_only,68,205645,e7ad2c1c4e79ac0c89c9136ad78f86a4fd11d7cc4f3a014d39014fcd5b85676a,7d728b9fb5d666d9b414528accf658f034b16de4bd985aa06f379cf6fcb3ad6d
arxiv_nomic_100k,profiling_cost_only,69,206085,b857d1be81ce46e2c182d82d0250a40cf8ce3cc2931ec6c534e81333e8991a69,b0e43a5e82660dece8b6ddb645d8468cfa0cb9e418da2c91aa4cbfdd23ee6f5e
arxiv_nomic_100k,profiling_cost_only,70,207290,be11ae40d137c1e4b780f1bd70827c15b10f9ba0ca5f8dfff9f3fb4b01b64a68,2773f6d5588946ceaeb100629c855433a21622b13e771e9d22d894e1c872fe0b
arxiv_nomic_100k,profiling_cost_only,71,212269,78dd7df61046cabe78b64832388b949a9565ed338f3a8e47b1b870a3290e6464,47018c8ece8f07dd9cf1a12664e9f7d6bbd0cf5a683532c08fb3088ca766ddd7
arxiv_nomic_100k,profiling_cost_only,72,212832,131d316bf6b01b8150a60c1269b609d54ff282830cc95bd661ded858a0ba3eea,613fb01204fc4b4a4c3175c14f985305d11fbda873f24a8a175095475044fed8
arxiv_nomic_100k,profiling_cost_only,73,217314,82b83456c62419667bcd9060f64a5c356736648cc9226a9fcbe14b9f20910699,0bfc32e544b48d1ab00d77738c620e542263ad2ede7c9fa8b0556895feb2af2a
arxiv_nomic_100k,profiling_cost_only,74,219811,589f7e7cf01a8bcbc8a3848336fbb99f4de5ecf4d6996a8462dd8d5fe947cfbe,2388fba97b90ef1459cb497ffec12fb9cf0cfbbca77e8a80124733339b9c50bf
arxiv_nomic_100k,profiling_cost_only,75,222668,9c7be467dbfa5fa98537505fcd182883c6708de299c49c4d64b6d19d15860021,3a06063ae2ae7bd0d2ed4078b63c17f8c2d2cebb8a288864bca358276bd35dbb
arxiv_nomic_100k,profiling_cost_only,76,223572,98eebdb12e1ab80e14432f8b89822c6646440b71c36d00ed8eeba5a70dcea53f,983a25f0e9d9e0b3ef270d30b142223b4a1573fae1aeaf2227129d82bd07efd0
arxiv_nomic_100k,profiling_cost_only,77,224361,c5f246ebdca338b531b4556b92c5bb169331b0aef78bd96c28879203be3f8d2c,b9aabbfbb78509bb8627df3fee85bd8f68e903fbec24d368a526c192d88e22a1
arxiv_nomic_100k,profiling_cost_only,78,228264,8cf081fa3c39f66e7a38e62f66e03076553e5dcd316440fcb357c92da049202c,bf41bdade78a368c568721b97df566b3500e16fcc5589fc4425c446c84b94acb
arxiv_nomic_100k,profiling_cost_only,79,230001,7b46095930c4cfd4b4803e7ace0cfacdc7e6782d51fa3c5485ccaa7524a17d59,b7fbfef4c1759e6e18e0054dc0a64036a49d96c9c71d77c7e8d08cdb30bb8ef9
arxiv_nomic_100k,profiling_cost_only,80,230171,6b58e57e6b48d327ae325822a4240e25878cbea30b02da5353406146bcff90b8,2ae13382004093c897a57eb28af30dc936b086703ceb7b9dee1e08e2ff5748e4
arxiv_nomic_100k,profiling_cost_only,81,232048,f929fc383973e077f53b60e6814d5a0228e49ae66063c2c599f347cff12d145c,b5dc28103a5eb2ccf5e899c7f4021512f8e11d5acbf2d4ffbc8477d61ed71d5b
arxiv_nomic_100k,profiling_cost_only,82,232670,b7c93aae6b4e77e024283dfaf577563a79670bea338e16018873f3cadaec61f5,63aa1f7679235f930f295abed5d5937eed91816da0045ab8a648bb669d7afa6b
arxiv_nomic_100k,profiling_cost_only,83,238024,43d678923381bf6d8f8e38bfabb0425c2d6d76088bf36e61a60ae716ecaed279,0f082140fe8924a598f732b72c8fbd4c6a6129384f47d53c4d539d5ad1bf3e8d
arxiv_nomic_100k,profiling_cost_only,84,239148,1081ecee195feee58b1739d58cf63e6411749295596579a6583e544887b5aa55,768598844520d9fed98733d0533a827d5b1d2a7dfee5cf43823f6e980a057c4b
arxiv_nomic_100k,profiling_cost_only,85,243080,1d515577bc241f27b5bd2796e774f6db2a69020ce9e2b126c3305699b01196dd,2e54757a061530d673203666c2fe894ddca0655c7a04236153011c52c3272133
arxiv_nomic_100k,profiling_cost_only,86,244767,dd9a79b7a42e434875a6659a5ad7417eb264d5a2b0b3c53a788257806b0703ea,1680232a8e979f3179493c56914943f690bda262cde804296264e3ed36cc5468
arxiv_nomic_100k,profiling_cost_only,87,248766,6b8fa1bb86b7e864cf07564e7d0dee9b19bf39c374bf781c8a2121c7c65a2a88,5f7d94eb129fc21779d2db29f2e9275ccd4b1722ef306b03ef34c063845a2001
arxiv_nomic_100k,profiling_cost_only,88,249981,55c12cefc3b5ced64e6b38ef956ef7eb5d089029ba55d6a8be40f4d03b36a194,463288b6444a4826efb9eec725af2fe0df5f7dd9907a650536ddef238ac6edde
arxiv_nomic_100k,profiling_cost_only,89,254071,d112190984faf9d6730db10aacb283516c040cbdf3092111b329189b7be2ae90,6a5ef1ffe8423da3cc456d129c29c425bf64f498dbebc7039764e399dd93a5f5
arxiv_nomic_100k,profiling_cost_only,90,257659,545b41a987f44bb47ce17fcd66e96809ce69ee94ef8b583f72454318f5e7933f,eaf7383381299aa71f13b285c068deaa22692806cfaaafaaf1d4bf75a9e58d9d
arxiv_nomic_100k,profiling_cost_only,91,260626,ae23f3e8a08a582113435c3cecefa02fd37a14d8fc3d32bbfb6100ad1c26e6a7,2dffeaca8d87ecd9ed4c43170ce758fc91eb1e89d3c92d6f47c8e8be47921e46
arxiv_nomic_100k,profiling_cost_only,92,261838,1e1af8ad7c6588eec0e5f2a34da3fbac1681797645e34ef4cf5dae98400fa124,3967295a5b8bcb4ffec08a05f6c92b9f5a71a289a4d8a472f2ccff17f20718ab
arxiv_nomic_100k,profiling_cost_only,93,261851,845db51e3a4269735eccdb08aacf93dfd52614ab9ceb00d9db31ab07252f18ec,9b10908ec366bd634cda04675c198009bb7fd862b388558a4eac125f1ea4f093
arxiv_nomic_100k,profiling_cost_only,94,262439,3172ecb32b2bbdc2d07657685b4f7a4e3561de2fa1af5c12a2f8b67842e1c3a5,be0d6095cd162dc85bb85a20dcc1aafcbec6e87b1f2548a676c9b0d9aa303459
arxiv_nomic_100k,profiling_cost_only,95,267018,96ee615a2a623f6dc2cfd74bad1668f7c8795f9286ec0b04f9da7da1ac04a37d,61adaa3fc529c34d6aef990cd7ecfc90e6f4e83147adff932e9cf3db335ea0e3
arxiv_nomic_100k,profiling_cost_only,96,268152,bf2469258f5ff953754e2a0c84e2e371e9a4490188a95037be2752f28bc10ded,86efd7fc1fca5a99895dfbfdff58d3e25c5660ce920e312bf566390efd34843e
arxiv_nomic_100k,profiling_cost_only,97,272101,35cddc21a1e593a573bc017229ef2435915af213909ebe0ed16f8aaf6e909bcf,b0ada18321567402677a1487bc9fd0a329f73059d7953f2c1f0cc00aa66f89cf
arxiv_nomic_100k,profiling_cost_only,98,275852,fa4abeb69ba7961a734ab1b2b86da227368ae992cb677235103fd0d9bbb84a90,9f3fa6f2033830e3569ac80f401a8fd09903cc8cc5df519e0d72d941c51c9111
arxiv_nomic_100k,profiling_cost_only,99,275931,78476f7d120abb630b00230a88be51953bd602535c0f954856f2896d1ab58a97,db74516c1f4129bcd0a6bc0a7184b7fa1794fc6c01bd75d369c870ee4781d1fe
arxiv_nomic_100k,profiling_cost_only,100,276146,e302f700c79205360059c7b6b098be735e70e555c75235d1357fe742cbbe14bf,7a0de0b08b370148a8273ec81dec20ec161ca9723303d21eb344d2dfc516d676
arxiv_nomic_100k,profiling_cost_only,101,277056,c7d0d0cc0161bf1cc3083096d0cc24ad9c45ec0e8de398118f4e54d8376e6dcd,46b6296098d26ebc2d060c7b6dd931def15e92b48cedd46b94892175643603a8
arxiv_nomic_100k,profiling_cost_only,102,285459,dc282b7272b0d4ccd57d13299a2f38a747abc1ebdeeeff5092f87b4b4fcb2176,cf2177693ea9b0b4570387340fe4c48c45778128dde8479cd224b11f1e04374c
arxiv_nomic_100k,profiling_cost_only,103,286800,6e245e8161f2f7db94d8979d837b2f75169f489c07f93a77e316c230d2df341b,8c66d2c349fdaa1fb80e6d2b73d6463a861373f9cdffacf67fa29d5078b84c0e
arxiv_nomic_100k,profiling_cost_only,104,288633,1499bc37bd6bd87ecefb64be29da7c02aafc6cc766a9967794bb56c26b11dd74,d86e2b9a6131b9847ff9afd4e3c3cacb6c51e96682cb1c88bcea906f7504a71e
arxiv_nomic_100k,profiling_cost_only,105,289397,9b9ddf79eff3ab053b1eccfc24598f776a18695b59a1f3f55a334138ad1c25c8,8a6cae7f63d2315ae7254b310ce940ff8a8fc085167fc23e5c52080dd1d9c698
arxiv_nomic_100k,profiling_cost_only,106,290987,0d428ba7d1a01bc18764a1ecd1ae8001b0227ae3a24d2deff53c9f2affcd78b3,01ee357d2905e095e29cf138ffe3124f10646a6168be4db12ed4efa9ee2b6698
arxiv_nomic_100k,profiling_cost_only,107,291056,b35cfc2723f25b4d1f62574152ac6360293cc460f2f7640d9207fdb993a91600,ff46e69e31539ffe6f64cf54dd1cc3f36005feeaee48f39c5a492b31352b54e9
arxiv_nomic_100k,profiling_cost_only,108,294444,e7efd5e29a1c442296f63ea7239c0e001d0477afb13789a16b251d9f7bea3136,84095b49cbc7c388d6fa080cf0467d7cb2b19f8fec3dacd3ec4c9d8fa21b599c
arxiv_nomic_100k,profiling_cost_only,109,296109,5588e4ba436a15254d608eec765c9f3aedf9a463c51ba5c393ebf3106c98d871,19aa55fff92e3b86c5b7280c893c8e1312ceb9ddf7396e741bae47654b3fa66e
arxiv_nomic_100k,profiling_cost_only,110,303074,c77dfc6379ba15f2cf6c59262f4c0179dcdd59e790bcd33dbda0e8184847392f,c3b19176c836b466ef596dce1a5fbe04674d62290619b8d2643f6f072f22ea6e
arxiv_nomic_100k,profiling_cost_only,111,305027,b1a83bc0fa6f8320c163a206c2ae860d0704263a9e3bd1ae7bc2040f5527da0b,04d037115dd86065da2e57e5b25b9d88019191acb6226800c80d1af322df2171
arxiv_nomic_100k,profiling_cost_only,112,307723,ea34152d3b2509027aedc17fe8d148e37136b91d611cb03c73eb6becfd7b5034,d1721a5cd124ba34d987b79a6331eaad5fa999c91b1db08aead82b1012d5ffe1
arxiv_nomic_100k,profiling_cost_only,113,307997,7ffa8feb7d92016bf507cbfefb8a75697efa9658ea1d525df9434f81389b9667,227e20bcd080bdab0cece3f6a769d4a37da53285dd0ace13cbba633ae0dfbcc9
arxiv_nomic_100k,profiling_cost_only,114,310149,5e50d8bacf9e20a45695ee96217cd98ffac7d6757f6ab6c3ae5736b4529ff1f2,2dca57f46317eabfe985b47b4bab4e685693427535f702f33f11926993ddb923
arxiv_nomic_100k,profiling_cost_only,115,314051,de97c15785837bc24d140d40f8162d9224016828572fb0dc0de96889e92c180e,e0e731d4ff7dafc522f4c2d5ba03f90ff68b1369955f655a10fe1f42e12d8764
arxiv_nomic_100k,profiling_cost_only,116,314236,d798c681fbb6edfdfbdb5de12b95319326e52d529b4e16d762f47270929474a1,90926e20bd1bdc082ccaa61cd2096712dd11a1dd1a2a4a34995cf9012dbde72c
arxiv_nomic_100k,profiling_cost_only,117,314486,a2b57fe8644e7cc78fdd7cb552a978f27e244cecd791a460fb15a0da7f51216d,048159bf2a03ca579ec2a90818322a082e1a33fc8323603405dd152cc64ace04
arxiv_nomic_100k,profiling_cost_only,118,321051,43c0f13f7967f36eff29c32cbe72d56d191033ca4bd0d32901a9611f5707f9bc,5fc5f3b272252ddafb578affac718b9c40e66c52a0091aa662eac1a6f841e7c3
arxiv_nomic_100k,profiling_cost_only,119,323227,cb9cdbd4c6e9f6bb6a83d658aa409a0b81d7f09f7bbade821200d65b25f9c1b4,387a6cfc0a61f9a7eed4d11936917df5032cb00afe666dacdf2971b0b0687805
arxiv_nomic_100k,profiling_cost_only,120,323941,6d404ebcc1deb18741aa1194b4953f75ffffd97357e7da3b1c85e6cb0c714b11,e5c4ec9e5be6839ab70914ed5405f6ba340a49ac8d82f991a968c06a63e45f59
arxiv_nomic_100k,profiling_cost_only,121,327700,0208a87412089484397bb32c1fa131242d2d38859b79762d43187a39c1545b80,a934de1141f4b292703c6cfd3bcd182382714a0c42f5a7c49535e9e14b414430
arxiv_nomic_100k,profiling_cost_only,122,327762,0caa131dcb53850329b62a4ad407e87f1ef29803ef3895dce23f2641d88a24a1,0deec9aabcdb724dfca8869a56db81edab99b090160cb584fa565833972acaa8
arxiv_nomic_100k,profiling_cost_only,123,328098,148ef5ecfe669a7f858736116ed3d9cb3d8e357eece7faa2d07a089db4baf689,063863f2fb75e1ffc773d404a702c71d027c8f53fd6cd2371bc52094b6b0d0f3
arxiv_nomic_100k,profiling_cost_only,124,328351,622c3e8034d19f1e59486c5f686e096dd8b89c467e89b0a2fdda81e26ce190e0,553a614afbdf59632d7a964b3fe57212975894e13606a14c75b2c27ec5249b86
arxiv_nomic_100k,profiling_cost_only,125,329466,be143faf53a25713243bdf391c0f95b74f7929c04b0a3637bde3975ad4dcd897,112398f9faf4ef54cb5b6b6b09be71cc7ae41f4b9be9ffb566a6c1549ce6f34e
arxiv_nomic_100k,profiling_cost_only,126,329556,0b79329eb1be99afc5a178fcc8e17178f9bbdcbc44ec785bd47bee1210552854,2e4ab6124b84c596d41f5fa3b9d34786a469108dc578f8d8a1da382f298839ec
arxiv_nomic_100k,profiling_cost_only,127,330123,a654766241432b33175ecfbf4f79873c769fd926e86b7702f428200c6b56dc68,b789dc8b4ecf95f5c2c987409dd56aad694bb505ebdb645b616ad741ce3dbc1a
arxiv_nomic_100k,profiling_cost_only,128,331945,689aaf5146363e499eb55f4bd0d1e705738680c8730f22cf0c7fc3d6cfc14a07,7eed6d09fe4216115e7325b98059e80dcf2064528d2c3fe0a0df913b993aa672
arxiv_nomic_100k,profiling_cost_only,129,332656,6cb93a09fe330c9ea52661ede958b0303ab90a863cd9d1682c882af1c200318b,00721aea6545923b50f147baa5f4f9a19cbec585e62bd93f28f31e6f6d98e149
arxiv_nomic_100k,profiling_cost_only,130,338204,58dd826b15df0ad031ff5996a72151bc02593c49f247688ab8f66ea471226546,0811b7bc4423dae0fe0d3ad563bcc969ce37fb842e962cd86fcf4f27dd8d2715
arxiv_nomic_100k,profiling_cost_only,131,339403,296cf28a77532f2f03692c5513943b3d7946a8ef3ec8a8aabc8c173c08f20df4,448c76beaeba7afaaf31d5428896ca2f2f58f9bbee812c9512749cb968f9ee66
arxiv_nomic_100k,profiling_cost_only,132,339849,4997e46239f637f1afd00a74e6e2a848fd1d0a64a44c89848407ae5a11a16ecb,95b2096e35b6fa6de3f1f62099428de2998145b10f9e03d04513ff6bff370a6c
arxiv_nomic_100k,profiling_cost_only,133,340921,7619d459e5c5d9fa9b837c75bbcaa31c6d81f552d4cc554ffbe869c7c07335a4,ee60f71aaef2626e049b31eb773115520d655d32dacc56744b5639c9b808917e
arxiv_nomic_100k,profiling_cost_only,134,345211,922c4544096b6dbc373b6e79b6808b1f92edc44582ba7dc1424254790cda220f,51d83a0a75b85e9d7642457c6527825c25afc70420e22595d5520ec862d35cf3
arxiv_nomic_100k,profiling_cost_only,135,345674,eaa07c4c0d0ba1eed7323d9121139bb9bf8c4e083fdb2ccb3aa0a6d8201f2eba,8f659d9d0786faf8e348b1491cd19736945f2eb0f3b68d5e8452ce1c0cbf3a43
arxiv_nomic_100k,profiling_cost_only,136,346291,ec83f2a08bc396a5bb926285eb444df28e95110529c2e9686b089ef1a5052197,b2df5dd1a389018f79fde5a52bf96c90896c224873bdec8a2117de24c5339ed5
arxiv_nomic_100k,profiling_cost_only,137,346641,de34a458ab1e784824d1e44f8097281833376197bad2a407b622f6434a96594e,58d42e5a207eb59b6e8f3481d9d2724e812a441a7e7df1415ba0172514ff742a
arxiv_nomic_100k,profiling_cost_only,138,346718,b8c136573f2e9617f2d9d57e3ba4f2c27d2d98f49ce4e0993886da9ec6ac0018,46bfa686349db0a34d602215a8e2f2ed29a1cc2ce5c791d2f09b5839c369afc0
arxiv_nomic_100k,profiling_cost_only,139,346938,de7f1a4d271db596616e3b5318a53e6b6499efb0607d65539eefc872c03344f8,c9803517c8e626074d7e3972385ade722360fa5df5e1895c41f78aabae679141
arxiv_nomic_100k,profiling_cost_only,140,351058,09519d6d3e0ae0fa3ac169f2174a388c757370a9398c8b35fe64d483c6431bdd,ba3fbc8c016c1ab17660e6cff3d09ef7a5bf779dca7819552da4b086cb8e95f8
arxiv_nomic_100k,profiling_cost_only,141,351998,09030235ae534cd5ff9f647c701d2da6465037f4a4d54c467e438ffd7d18ff5e,aef3d49265f0443d52781cad9234b2910c84934002db59de3ac571b5f280b888
arxiv_nomic_100k,profiling_cost_only,142,353368,4032e14f93f701165abeaff89564494dbc71ddf1c9ab1ed70669bf2f4699f9a0,b32f21f587750e0c46f83f08973e23a3d26678c68ab2688cefffa36ad3d71209
arxiv_nomic_100k,profiling_cost_only,143,356467,05d808e1a03b42ce6bed19953c93403bf325221f4272a7ea32b03d9bb0c64b7a,32f8ab549bf0be91f97cddc4b66be87aa5401a2a5a3b92c3d1919aea17f21611
arxiv_nomic_100k,profiling_cost_only,144,357074,29691ed8757a9c4034ea8c117532c659596b1875961545cb96f96962c4aa8673,40287963c08aabce84ae57f3eb39f60e4128ba3162f9d398a8185cfcba9455f3
arxiv_nomic_100k,profiling_cost_only,145,358869,9416302a1731e2082ec321014b9e6bb209f3732338246a8f62d0d906894c1b2d,bdf02a5e4557342707d1fefd0be1b7ab87a40cc6fc405e962825bd45a84670b8
arxiv_nomic_100k,profiling_cost_only,146,359038,90e718aef894f6f33180915c09c171e1a6db6e70fabe2ce66480c4540d447dda,7f50627e87a1046ae0b1f855bedad9d37983e2ca8df173192f8698b0a1b37b0f
arxiv_nomic_100k,profiling_cost_only,147,361168,9d37fd231fa94a7478911cca31720cd82cc53e87b11b3140f07082ee70909df1,4a578cdcd88f58020e2c4693a93bcde4a47523143d2b7a7ddf658c59cd991499
arxiv_nomic_100k,profiling_cost_only,148,362216,042c45df3c0edffc75ebc48deb3b3a595a8b15b6b15adb60262d647f941ee137,4fef7e329b269c8167f37b1a6d3b846a2f7d9853ba9fdaec053e569d4aaa88c7
arxiv_nomic_100k,profiling_cost_only,149,362557,9c416811c635df5f45aaea22255d79389968d14f5e8bdee1e9a1ed5a510ac297,0d695394c666a3b9bc253487e934917dc54b880f1a280eb05d611d38d05bf583
arxiv_nomic_100k,profiling_cost_only,150,363823,26cfecb945dbaad9963e17356913e25c6c64f71350099053c53d16504cbb1885,23ef37a48f7818b3b353631a08f5443c934bc451b551d6e2f6fa1f42144b2a1a
arxiv_nomic_100k,profiling_cost_only,151,367118,4d901a11cb15e22d51f8357e660ae9dc5a9194bc004dc2a56b8dd5f50f388102,42131c5be464173ddf3d0d1e4fe22841df6f97008725104bdbb0a4a7f009fd18
arxiv_nomic_100k,profiling_cost_only,152,369824,bc7e24f7e6198f9e9fdaf1a835a7d40c94498e0b5eace1e8e2590c9a99f8c4d0,9088f26e5d64be5b3b3c74dbd8cbf37aca116740791230ab0946eb6419eb54a1
arxiv_nomic_100k,profiling_cost_only,153,371715,ef66ae2571a269ed3e5971f2e55b58689cf8384842656a75d04ac640f6f2bd5b,6f82b881722516e3774fff0e24b38c81428613f0ae5fb16392a459f26561a82b
arxiv_nomic_100k,profiling_cost_only,154,371788,9d9854aedd88b8fabdd444b45308a9b316cecc1e79c0573677cbdb625ddadcbf,1c940d52cc1517633e5ce09a4c2113c5191c5fa343d2554782ad7f141639d184
arxiv_nomic_100k,profiling_cost_only,155,373395,0bc13fc592c7a4f913a3de5023104370809233baaeee9d19a0ff682bf476fdcf,fc0a9d8c7c7b5e38bf13dc3624ad65fbf31cc45844a0d55c19c3eaef5fb3c7e5
arxiv_nomic_100k,profiling_cost_only,156,375739,68724231acb58c776bc54d7ce58a340e3fe985cd643a428e70edbde116324e3a,3e79c4bf1bbcf7a006b3bd5e36f87fc152a794ea3391d1b4d3eb19ae6e06de14
arxiv_nomic_100k,profiling_cost_only,157,376666,87fc3a97d62af975eff94c0b533345a20993ae9f04b3cd36e2811f666f2b6177,e0ecaaf2872967522c06488d526eac9ae0e8a7099a91df49ce0aae959c9a42c3
arxiv_nomic_100k,profiling_cost_only,158,377001,24fb9ecfa8d2244ad9406377b12ad131f3005a3f564f0fca588377bcd95d5d7f,ef81964e5e9079cb60279e3b11cabe823d1a8390dd48264301c80043c6485903
arxiv_nomic_100k,profiling_cost_only,159,377109,253c96aeb34e4b304442b85789b6f63c1b70981a96a51632ee51b4c82f570d26,3d7df0bccba11ce5c8e47a684148d6edafa9fac3c326210911f6000c11eb0b5f
arxiv_nomic_100k,profiling_cost_only,160,382470,7841a395f536f528ec51e9771a73ecc9b07b3046f189e0ae0b702913f769f2ec,3695463a2330000c4362032ab7332bfcbb5a7c8bb539b291f71acb31e63d8460
arxiv_nomic_100k,profiling_cost_only,161,384740,86d86d65ae4b12c89169ace44b96373e0bf9e92df9fa992ebee0ef6e5622c9a7,adb194d16c5cae53e8e78a97a423a5b219ead079306c737017cf7454c7f24a64
arxiv_nomic_100k,profiling_cost_only,162,385779,5e4edcf135c9ddeb7e0e2e513c59c45aa5352d03ad3364ed8d35035733966004,cfedd2f8ed2ed9474f073de91f92c913d97d7617a431ebb5b18fcddf8d943911
arxiv_nomic_100k,profiling_cost_only,163,387039,7ce1d2b7b8222d432084eee2fb8adf0a8447a36301a59505ee9515691e1bdcdb,079cb1ada52cdc956d5a12c1b12757649de6aa921b5d20cc5e55ccaa9da8f860
arxiv_nomic_100k,profiling_cost_only,164,397998,a5e9695007983d8dc0271a2c802d9dbaf7b8deda67c8eb175fc44d1d9b37a456,bdd44a743dfd25752032d5d696f5b8784b97d3cc66d0e82199c856df9c2f4977
arxiv_nomic_100k,profiling_cost_only,165,399381,d1e473bbc8a1294f7ebe9f23292a8d4ab850702148704a605742c636089e8087,f95641cd2fa24857e37d5cee23cd8e4b5e7509e8f842e2cec539d3e97b0314ad
arxiv_nomic_100k,profiling_cost_only,166,400230,9b9b886a19834f2f49b7524b68daeecf3d7c3f03eb7858002505bc23e23b30ba,5157039d526df5be7fe377a46a2e81ff1dcc52ee850425c11f3eeaa83d422d69
arxiv_nomic_100k,profiling_cost_only,167,402290,c446552eb85d8a9d0cf27359d11c3ead4b02213b405144fcdb330c484a828293,d4a132e3f2405ed13b43524780f1ad65797af0f802ab63dcf6ebb1193a4d19a8
arxiv_nomic_100k,profiling_cost_only,168,402693,8ddbb3b8bf79fe6eb72ba214ff21b01ba550ac5ad63699ba4ab361589deaa5cf,938ca45c34363327168e7d847a04542ce29ba4f6b49e31fa8e190856bfeef913
arxiv_nomic_100k,profiling_cost_only,169,405682,5bc3499d7770ad6773a30a1d2ff214efed4dc240ca822eb8de473331e319df0f,7c5ef150b6bfb68fd2540d6cdfc04426dc368a480d07bebf6ff9a06712bdb79b
arxiv_nomic_100k,profiling_cost_only,170,405863,7afa524e279bece576daa79f2085a058791159c6de65fe77b040d5f4a0d2509c,c1a5015832f690b1aee626e9fe7b7ec9a746cde74d341a9556b3ed833123b3fe
arxiv_nomic_100k,profiling_cost_only,171,407898,5b4bd685f9bf30d93a0b9e3ea615c50aeca5c5337a3b28bf22a4a998f154701d,730f9b2cebcf574405c2b6c52f24dd7cdc0c4e7831986e0615904aae1d52427c
arxiv_nomic_100k,profiling_cost_only,172,409062,63a6ae4331dff6289645d435b4a21407befcbf216ec48bbf5ae7f5d2566826c4,a2b4d6f6fcc60e356e120ca11c94ee9c66dceab8cf0b59f2cd93b4f8261c2b46
arxiv_nomic_100k,profiling_cost_only,173,413935,2e2ef968a93c85b63e45033ae5993b714395809020ea228ff08078401591aa34,4e156b31f88140ac98005f71e62699fe3322d64d731a7011a6af3e6d595d6c9a
arxiv_nomic_100k,profiling_cost_only,174,414159,ba1a05c944c374a02d7ba6a7fb58146c843069be06e1bafc2d01fd646704338c,38e58d6dacb601b2ddfdc4a796af55ff42b2b928d4852822cd27e9addb9689b0
arxiv_nomic_100k,profiling_cost_only,175,414710,50a52d86809e938bb2a9ceadeaf07fc5c74a2bb08851c46e7f7d0f552e2151d1,b0dce47530064fcc5fbbb261f50fa6b48534926e2cef89d9bde9b714ba29b1f7
arxiv_nomic_100k,profiling_cost_only,176,416518,38242788fcfa2be070b13239777588baa77c579657ccad01218fc9390fea804e,be6962fd9b842e20cfec94ebae65af64cf3182f69576bb7e1c861f3575428ce7
arxiv_nomic_100k,profiling_cost_only,177,416846,b8d9e3f8849092a480231b2e595b2c1c13e388d2bf98d060d2e7371abf95fd5f,14acc4ac032ddf1528f1b4c705554828e1a8fdf5460cf13d3759b9890adaadb5
arxiv_nomic_100k,profiling_cost_only,178,419103,8a506c4981818b5a001f694b647ee1f2444ee8952cf0e1bcf2b6745aeecdca65,0080b323509f8b07f953d7f5b5767a3f41055825fee461229be56ed17e48ad1a
arxiv_nomic_100k,profiling_cost_only,179,425925,d47275b99a61178b0daab857b2f76317a62f451b79add5a7232fd310dc0ba246,fd69f73b88d7778b297afc3c4db59932e53e51e67a2ca118808e163215677a5b
arxiv_nomic_100k,profiling_cost_only,180,428325,11b5640eb3c9e78a6940911570bd28bbf2ec8d72655c27d3af299a7c121798d0,7890d26ecf7c36581bbe5101cc5290a07d86b50893fc7aa4025dd623615dfb3e
arxiv_nomic_100k,profiling_cost_only,181,429051,63728dbcbab6d79f2bafc8c61fa64c321be4bf03f21003bbb382388dc6993a40,f1c9f8c8d8f6c366bb881b64b3fd9869d4b37933701cdd8e9560b8e903a4fc3e
arxiv_nomic_100k,profiling_cost_only,182,429228,4aa7829696cbb7de3e5d8ee27b88413bc41079862e51ac33ae16a2f76fc0228a,5b33d15b74d1418a5733644483a43d60a77358e0bda9eb4a018985e03758f467
arxiv_nomic_100k,profiling_cost_only,183,430483,a248b824ba8b6d5ee45b97244d3819e414ad347601d6128fec1214f5791f7444,016b9ade1af27accd4a1729ba3738d756c5bc0d65f8cd4d7a99753afa3aea29a
arxiv_nomic_100k,profiling_cost_only,184,432498,93aeab48d9d300191c8e4e2816be492549d93ab13b75161c32c16440c8964c4e,053b7832850affd95109c90e21deeb2544057e03ac25f681dbf673a800bc57c2
arxiv_nomic_100k,profiling_cost_only,185,436266,ad50d67bb9fbc2473b986f3e721f0d8eded506557fcdf72c0d85b9a763aa5366,07d2cb38098b884887bd8dc4ec989aa6d5fd51d4f0d1cdb674035821af0f6e1f
arxiv_nomic_100k,profiling_cost_only,186,437543,18767a8de663fc235f4eb2f808fac6cca868c18a3ceb6d08b836111f885f5182,5de50107f0bc5efdec3a8b9b1cc6af0b77fd7df195e28d3ec06408f66e8ac67e
arxiv_nomic_100k,profiling_cost_only,187,441069,80082899362c90078544e4ae8017bc899f0b12296974a2bb7e9ccc7483eb7e3e,462a2b78ef1bcd1e8080ffca6870be13ec3c581a7f53484f1e8fa7a32942e514
arxiv_nomic_100k,profiling_cost_only,188,441480,dcd817d9b534df2525c3fac072d776685525aadaccf39dfab46255cd6506fc12,72a2adae1f164cfb4f3675923cb83bab3dab65d6b0f6062f6322ee7bd64d0999
arxiv_nomic_100k,profiling_cost_only,189,441640,f6d3ade6c14dd6bd815936273436913a3cd4170196927724aaf412c12ae94772,35a0d1475f665ba1cb76e73f4a4dfb73714a893cf63ff68b638dbccf743b9a2e
arxiv_nomic_100k,profiling_cost_only,190,441748,2bf6d411852c3e0b1d0cfab53fe18192d193bfa5d3fa807f86b4f6ad13c96e2f,766949ab8d564b357766e79cd7e3ceed6d2a81c00b30a2dd1ab8e37d7e0de337
arxiv_nomic_100k,profiling_cost_only,191,441783,f910dcef2b87495cd9f00be1c34e725cc068e7cde2a28da5793da10225adad49,3f40943a653738212b119a16c9c39233b876eab91f43e92e64b6c348e1d0996f
arxiv_nomic_100k,profiling_cost_only,192,443917,651c2298a5015c5935e20f319480657bd6ceb7f630a30fc4567be481b2eaa5fd,b251403fb4a7736458724341f6362a0bf1e1e30af28729a40dc0573a5f1b755f
arxiv_nomic_100k,profiling_cost_only,193,444343,d122644f372429c7e8627cd26ec2ce3b17ad570ec667392a2b673fefcbfcdacd,1cf1a544650b2626b8d5408f324c45aa8979143a433a4efb5c814bd46c626c18
arxiv_nomic_100k,profiling_cost_only,194,444595,05713857b3ffdfd0f9588944da511d25cb7ca6a5a649da6f1186b05d3c53df67,c7b2bd8006a61f37c3a4b9ea0d82cfefd93d1496e8f697d2227f18357953867b
arxiv_nomic_100k,profiling_cost_only,195,446183,5398b987a5e3287d26c8e1be13d9705114f9c9636c6c2bac131f6990d1f0274c,4ff0943fcb4d4119ee80df442b9918297d1d17aa3133b5702d7782cac747ffa1
arxiv_nomic_100k,profiling_cost_only,196,450776,48d8accb0cbcfcc88169c4d759f2757051e315a9bce4514ea2ecd0ddf5a4a851,38eb390e9c87076ab9d6344bac7a8b1613fa9055cc557e8a993a725145419b7d
arxiv_nomic_100k,profiling_cost_only,197,453939,667840e6e8a3bce6bd409313bb9baf856ac3dfe6e7951ced3d9a9633b562fca9,cfaecda282d6fd7d3b645e5f81c82081eac803b6437fbbe4265f00236d46c00d
arxiv_nomic_100k,profiling_cost_only,198,455438,65eb81764bd417becdc0d6bf4e16e4ab6393f4008e653cd2f1abdbf10810f15e,2769e9446e1c10a9f4396319538716f2f97398dedc69871ec6767176eb929ace
arxiv_nomic_100k,profiling_cost_only,199,456156,f8c32e9b4a9b105a5965ef0ed88e4c8edd09ca2dd1304e434452adeafad38706,3e98f1aad25ab79262b8c846ce65f461292bd8e830c1399068bb2c208bea96dc
arxiv_nomic_100k,profiling_cost_only,200,456693,18b6aa7b1a2522409b9dee11518505823a5d0a5eaddd7f1ae9bb7de02dfb89c6,199f1a66775a23f14f014e678bc3130311533e0bd6b91c470b1605b2c6c18d2a
arxiv_nomic_100k,profiling_cost_only,201,461890,17fda3b25b05432fd741244acd6a3ac6e539bc15882bef66d84af744fe64bfb2,93a2dec057bccec811b78d917d44361008ed1fac35b6a00629f0d88a5db235a8
arxiv_nomic_100k,profiling_cost_only,202,464680,1cc40b3a9a61359f4e736865fdfd5790e3981dcd50ac95e99f70c2ccdbc16dae,bdff1c19b83b8899da819fa993eb07516ecb0ad2995a3b35da65a6ddc4eb6e5b
arxiv_nomic_100k,profiling_cost_only,203,466690,bfbc16265ceece2a487e70a2f76eec7a84b6172a208a7421829800b62810b913,24da258628f3d4f62cb75a64f8bd49a7731066b9b55cf7be1dd48a092d2dec4b
arxiv_nomic_100k,profiling_cost_only,204,466723,7086e4136073a9a897ffe2acc2af81ec5e2ffe55b55174139cc3ec606b11b731,31626cf1e0de63206accd8b8f1dbac934789c2eda8ac8ccc5979896b44d5dedc
arxiv_nomic_100k,profiling_cost_only,205,468983,4f4705c88ebb06b79dbb6b204204cb2b455f90c3a50e8f82e4b9c561342b6a6f,c7a8a6be763c868896f3a78bbb89a05ee966e26cc280653b95d24bf902aa0178
arxiv_nomic_100k,profiling_cost_only,206,471908,8e9e0b6448449e31294adc1225546c539d5c2e99941a566f8f5263149ecfa802,aeeca46c545cef6cb926e6f72b6015b6d24406fc142b7b9f83a733ba981d15ae
arxiv_nomic_100k,profiling_cost_only,207,472927,3ac100fd2924867e68aee3b6616cd114456476e6c54d0e4ce2c962c33bad6f1c,9349498cc8aca192b1efbcdfd6c6a522c03d53876c9de35c315a6f751d974f21
arxiv_nomic_100k,profiling_cost_only,208,476513,615963786d9152a1ea8bb7266aa2ac2588e11c7aad2083f852353de868d2a686,52da4bd7f1cddf44e09e428a928dbb8713f234a7e6bddc7c69c2813f2e3915ff
arxiv_nomic_100k,profiling_cost_only,209,477507,32de28b9612f6c6a044356a680920ec1d777a898996e3a12fd5037f07be220f8,1918ef079adfd746fbdb39e3c504c05672a60f69ef74775e0d1b3fced1d5c4c1
arxiv_nomic_100k,profiling_cost_only,210,478060,b5911ff83a9a4add1c365e525e7d79d328f7d50369b5273afe4e5be811b81561,20836cf603c96a3d937adbe77a8414f398ee300f41c457acae09cc08c8960395
arxiv_nomic_100k,profiling_cost_only,211,479103,7cba83b804a4caf7c84227471099ee40f884993b7089307b64f5f2b2d97004fb,b5e588d6b34b2333c97706432f45308608b24046d6593d2fa7691055db34e9b9
arxiv_nomic_100k,profiling_cost_only,212,479981,6d8fdd88732a2f5e2d43eaef041cb28de0739b1d9c103e769b1f64bc33cebb1a,aa9d9ca209335cf946a0dddfcc741152177b4d95c101a2562342df7a4e4d3e9a
arxiv_nomic_100k,profiling_cost_only,213,480834,97024fc946503f8ee4a62eb7f21c7598defe880e52e78d726299aaa6b418583c,7bb5da535ddd9a346ed01971c6e87ecec8fe265d0766f530bdbacfe6d99a2f4b
arxiv_nomic_100k,profiling_cost_only,214,481165,3cd73d04d82415bba98d29b4d25e98732b9846ed673416e28ded0e9ddd101ab9,3d5497bffd45c460e7c96f6172d44998f0dcf0609c7776d6394214a88ad8c520
arxiv_nomic_100k,profiling_cost_only,215,481669,adc179d9533ee6b89c25dddf210ad718474c959bf51e70a4d9af855eaa04f4bc,967d0647d6d2a6081d4f2170a6b330d8e956fddc98f89774ef036039c839f8e5
arxiv_nomic_100k,profiling_cost_only,216,482417,af002538105d90932c0a0b4a1cc93ea53e239ba0f6c2ed637a209a14022579cd,641dc439281b7ec278a80cfbfc420c9f011d34f22bce0ff93aedc925251e9dc6
arxiv_nomic_100k,profiling_cost_only,217,482432,21548160b0e5701f53431e99ce46780b73b9ba94c6f5a2235c6e5ec02557747f,6bd1aa0627fc4f8a9c185d2b6292a00aab1244ba16bb2a1a74740b10d2524a10
arxiv_nomic_100k,profiling_cost_only,218,483020,723bc234d1b993b292643ca5bb0170d97d6131871a5198c1b1f1a557c5cf1b20,7189312f1249f798e60793d240af4fe9bfaa96ce106daabadba3b05dd2a7ea07
arxiv_nomic_100k,profiling_cost_only,219,483084,8b7f01e8d5951365adf56833a5895000ffd13c8ba603413049bc6e8ef47054e4,c134c1139f213d65c9d7b1cdecb6a75342213946315f0486177029bf6e698e36
arxiv_nomic_100k,profiling_cost_only,220,486537,8f05fff7a819f76514e1620d5374751261ebc2d78d48f2cee8ad275e3a95838f,4882bbbcb974b43c3ed45ec3fcb1afd3b28f14156c0c3bb6e1c1c90db9bf8624
arxiv_nomic_100k,profiling_cost_only,221,486538,c279d35dbd37cdfb623520ec63fe832626c5d061845bb543da14508c6fd495d7,09d448f5ec944200a61c3cbef527c589237749563316d59d6083a91208263130
arxiv_nomic_100k,profiling_cost_only,222,487270,75622bf031a6c540ae021f649bf2f75dc965ad8e56cebc86b6452797835ebbad,7b2642002e8665b380bbac3ef0491d4b633197ec3aedce4a6f606690c6f25476
arxiv_nomic_100k,profiling_cost_only,223,494801,ff800632ffce67ea88677d99f30783405876c76e5bb5ee30098d522ae5f4e638,1a22a1d4cfd6779c4d4aae768a83005bf896952ebf3943459fe78451ab68c6cc
arxiv_nomic_100k,profiling_cost_only,224,497971,4edb41a71f586e288f54acd5d5467bc65eb11d91f39a9a62fb06db1c1510a3ae,33b6b094d67cdce9843cce9014d7301095ab2b5a5fac488e182af33f9e4e368e
arxiv_nomic_100k,profiling_cost_only,225,499356,7259d59791324bce73c2da129921aee7dd8de1716b1703a292fa8828575d3453,9b3fcb94da0289592d52d2bbb4ac513ef441d2478143435ee938142708422026
arxiv_nomic_100k,profiling_cost_only,226,499425,1360287b7218ade677cbd37523afdcda8944e90b0b958abcc943f11528fcf281,c1ca4ed3d457926aa51fe9fb81741a0c63fd494aac24453b9c141760696c7173
arxiv_nomic_100k,profiling_cost_only,227,499882,090132c452eb4ad143b3da70da2ecd83d0af0c9cccadd1a633b06713b260266c,ef59c2ab9ad06a7151fb1d02f8a4b64134285a1b76cbdacdd4bb23d46b058297
arxiv_nomic_100k,profiling_cost_only,228,500182,bbbf47f2a53319b556a5178c960bf528fd3b1974419bed3a95a994fe03c2746e,7d5a8695a1ef50179e29cbf337f0c835ca84b93d6546754547ebe94cc9521207
arxiv_nomic_100k,profiling_cost_only,229,500278,344d582f853a586f6c890d15341c92c6661beeed6e4f09851176e8a6040f0f48,f833c90efe70e086ea64c16754db8896f845d4bc8022e5fb4d352d89d315ca87
arxiv_nomic_100k,profiling_cost_only,230,500454,6f7e74cdb7f3019ca5561dcba90d2b3dfb5c9b79aaecb5d355b7fd11f30fe97b,e2591c07c1385f996a8bc3e715b1ba48b3974a660cab766999ce68109bd4808a
arxiv_nomic_100k,profiling_cost_only,231,501768,9738e994d244a7337033d28ceba1119d92e966556e00ee96a67885fc15fec7a1,505a97cccf4b3103b82fbe793ac0b8061098f11d288e7faee44bb7a28f754ddd
arxiv_nomic_100k,profiling_cost_only,232,502808,7c68de093c8661997999d05c73425631b7b553f92560a42b842f7066881f627c,6816bb4e4728ea3133241047ffaa5c62eb1af2965a273212446e4091e6a7a397
arxiv_nomic_100k,profiling_cost_only,233,502892,abe327394623fe11abf5ddc80a32835d95cc88ea7ea06a437234b514637ce4e3,d8b7f272af7d5cd3906eaef21f202bf9617bf3295ed5708dd1abc438e0fbdf61
arxiv_nomic_100k,profiling_cost_only,234,504015,397198fc883f13c58409fb4153f2cb7e7d72a56454928c807684336c8d25f081,5629c225608d8bb04658c7d84a305664fe6b486e2ff234af7b42561ce5052cce
arxiv_nomic_100k,profiling_cost_only,235,505962,fdcd6bdf19529060145f5d8647e40e4a6c5324a2a562be2d7094d5ffd3c17158,a157498edba2c853bb7c8801508ba85e87885c57802e2e79ce16b54f090e4281
arxiv_nomic_100k,profiling_cost_only,236,506912,e2ad33dfc5f302f388015e0e63ef3b14ec0f1b4fafb42f8b97be92562fed23cd,b0d0092939ae39328de3e866570f640b89b848cc08dca0384a328597cc319db2
arxiv_nomic_100k,profiling_cost_only,237,507004,911a63244a377afd94d35aac4ecc7e2231c906c84da67ee343db6aa6f21ed2bd,f2609f410b5e0bc8d4f46309178df840cd9b54ddc3eae496ef640100b1f1c12b
arxiv_nomic_100k,profiling_cost_only,238,511736,21082a40da129b70917d2dab5081210cdc5f6f4fb0fde244ba0ce379534e6c5d,6c3ed08f2281eadcb0363e4840670697fbb6ffe6c947ac78c427515cd6ad87a0
arxiv_nomic_100k,profiling_cost_only,239,512159,24ae909465082285072b3f8d0496ea17b599c1d707ab50b81824e97f08e55647,68d9c46c19b7a11291ba2fc96add8cd7bfb1cb82ed2bd676303fa24b911ece4e
arxiv_nomic_100k,profiling_cost_only,240,512852,e09103fd0f42098b2bef6638170b72bc8f2c53e89fb2b3535232bca7a8ebf7e2,d86f109ba1bf2244a324911f7007ec916164241e681865b88900f22c767a1ab5
arxiv_nomic_100k,profiling_cost_only,241,514327,3524117a3e2003a087cd923a02d4a5ed13d05a7495ea3056c12808f44c6451a9,167cdf39c2232d51233d4912165ca9cfca0e0623cc60ac23a2e3de48f3044534
arxiv_nomic_100k,profiling_cost_only,242,515915,128e3f0c8d183c3e7700330a496c4128f0dd101d475b0f026eb4f57bc93c29fb,3e62b68deca80adba97ac54b5f537d940dce66a920c2f40b9fe258760be506ae
arxiv_nomic_100k,profiling_cost_only,243,516022,1875970827126c00ca91910e1cdf7aa9f8e58f2b4db8e49209de8ffc505240d9,18aa61f418bf84f5329b63ea8570b317f5019a9ef59ec15bd70c09aa1b8dcb52
arxiv_nomic_100k,profiling_cost_only,244,516263,04f3bdd89c1d19ec3688bd8ec0c9066dd9669ad3925f458d2f9cd0184d27b15e,3a712c2b354925ebc7740b1dcdb22731353ca7b28e1905cc891c98b93149e301
arxiv_nomic_100k,profiling_cost_only,245,516596,238edac9f03bb5cd04d797f5cc036cb15e38ae8b3da24d540bd6a8c193d5c127,d6b480711bb80e8307281a353d642d0241d8af44db6cc138336eb3a952625ef3
arxiv_nomic_100k,profiling_cost_only,246,516892,d6f2173f8bb98f48c6914a3b9d47bc8270e1655988a74675e5f0bcc3b5f9381d,31507c874c8680a74ee268891232a4c7c2de2dbfc7aaa43c4619b2b6ecd9dc6a
arxiv_nomic_100k,profiling_cost_only,247,518518,40d94284a4f7125fb3062ae00a5e4e2f95e64f7568c0e16d8c8a7f2a997dbb21,082d20c2aff8adebcaffebda2bc6a65c997ff6c2ae8e85d08980c0aea7f32de6
arxiv_nomic_100k,profiling_cost_only,248,523611,a2ec5a3aeb84ade1154364753417a2e974043d4c30b1a756fa932f70d81c2951,d2c8982ffe2adafbe4460aa827367ad5ae0388618cf7b1167523541c0c5158d1
arxiv_nomic_100k,profiling_cost_only,249,524981,7033cea0a6210c503f097fe35a7fcdff46e014bb1e258ea5fadd0325419890a3,8c79cda0b6efb1755c47c91daab6e2464cee1ab98513d0252dc53efda8ba5618
arxiv_nomic_100k,profiling_cost_only,250,525277,50d75a65bad6302a4b7a01a1868baf28953becf1a130f224d12f087d83320749,dfdef17df472de152dca453b6f853ab7fac20234dc59c8dcaa346ed584fc6185
arxiv_nomic_100k,profiling_cost_only,251,526829,6791684f5a020b513dfc62df63408c4691fed4e7d8cfe22f469c636a57d0c447,cb80c328a861b77dfd578652bea54524452665b0ba22c0d5dbf985a9baa5faee
arxiv_nomic_100k,profiling_cost_only,252,531960,1236debeec24924653ffb39987ac2539f655440bfc88f1f2dbddd727ed1f2d5f,5d6ae2394a732cb74620023f8586bd2790d7a5ff02ee3d24aed8dea1f23456ec
arxiv_nomic_100k,profiling_cost_only,253,534431,2746d9373548aedae6f357c5451a2c056ccadf9bd66fb2522fc1b3a0e91d5d14,5eb59e97c3d86136606adf6d550e5b6fa2bbaa5639e5e4284d273fcd4b820746
arxiv_nomic_100k,profiling_cost_only,254,537101,ac5dd02b0025aa96e75cc6e7a2be36b7c2717be630e95452add7c8eac9e04ddf,488877c285ff845d23bc94a3676f4dc67300381a63031c364d04e9accccae9f5
arxiv_nomic_100k,profiling_cost_only,255,537418,d0ce8142d0dc8e96e8d765f2fc39c32def86923a31d3fdd040888da5fe32073a,73fb31be3f8a71de07c0429cf8087d0aa04ddb37c1901ea501e42177eb61a6b5
arxiv_nomic_100k,profiling_cost_only,256,537597,3fc29ed4513f80c1e576123176b08b318b8a0740566cc4d90cc71614cde73d4d,b5d9e9b2fab545d16f155b127d78f435486b36782b9a272f07c64223f55333e9
arxiv_nomic_100k,profiling_cost_only,257,537706,c14dfa92cd434a391b07d73a010423bc2f56d9eb5844d329d20cb980f6abe9f5,a8fa3a06df18453adf28c959c5ee3b8f5d70181f9edef0eac65af9f0e0bc9f22
arxiv_nomic_100k,profiling_cost_only,258,538314,e1ff778790686e4fa6f46c4b74beb73297e15ef0f5f67e0369b89333c572c04e,d288b104b47536fdd4a2c565c27deb970d8f33422f601de166acb8ce72c92bbe
arxiv_nomic_100k,profiling_cost_only,259,539838,2e6bd943df187a501ad04a3e4886125bf5327d4b9c417d81c717e4d045ebf440,c1e2478957a49a1b22f3797586365945c321c567f5f183e280bbc26e554e1e93
arxiv_nomic_100k,profiling_cost_only,260,540520,d2b8f97cd5fb512549501fe4b5b366cf303dcac9c03166bd0c1910871d7852a7,0bc20534ecdf67db5d9955356ff0550decdc7df5cbfaca02efad3ec947072529
arxiv_nomic_100k,profiling_cost_only,261,540650,aebed35924a0464d4634435c6212f750b424c50de14783104d98a35d96919d95,eb47f119b1dc1d6d9e6fa299f86fed31c371f343c9525049176106df1863ee18
arxiv_nomic_100k,profiling_cost_only,262,540762,7bc5444bbcd3d6ba6d9821df91ab97b456659709f7b929d3ab80bc87465f9289,024d51f2d07e30ea6047876d5dec2a97ae16555d10f636c4b377c32c37f6c386
arxiv_nomic_100k,profiling_cost_only,263,541812,859a8fe8bce7dbf84b6f91288ac7e8ad34a5f6b7200fd7fd5df43dca68154c04,ea6a14100d554a271c6f5ca361d75cb5d0ec1725326ef7510e7006785564f096
arxiv_nomic_100k,profiling_cost_only,264,542019,3e71fdcbf613de420d6f11def150cbd0ddaf0f8f6eaff53c40a7e6ad996c9d25,f9f9d256f3e8e384d7fa88a1287fdd009a9363f46a5f6a1780f2daf648d2e9bd
arxiv_nomic_100k,profiling_cost_only,265,550249,4c67dfb02dd1b270a561dc1b584d2218dbbe016651ae2e43fab8c9c15d8012f6,42aa75cba9dcb0dcf4a99d9c556d5bbdfcdb3ea995378ab5b3351f437ca789c1
arxiv_nomic_100k,profiling_cost_only,266,554545,c2b8b67359891cb9556962d23f389f5c7235e0a9564e19f54eaf664938c1a4b8,6531f720d1b7e89d82195d8b84f260ddbd4b1cdfc6b5f7a2dae7ab25bd1741c3
arxiv_nomic_100k,profiling_cost_only,267,554907,44835418a026e11dddf4b20447eb9c3f7fa0c851df3b571859ba8179932c18d3,2f00b45bcd9f9c68f052011340d3e87446e3a550673c896b004754c5927d9e54
arxiv_nomic_100k,profiling_cost_only,268,557251,e9c717087c471cfca6db8cf7e8dfcc65e580cc30d28ea0bc1b2b0f434c1c7844,7db10d8df7ed80d61f5d744e8d079f6c633a093e07a92b9995f038b521463f7e
arxiv_nomic_100k,profiling_cost_only,269,557535,758c90f40f7d9206f2aab702a64a59f4b0199580f7a93d98acd27d16aca39de2,b41e8b3445047fc98dd1e0215d4c9e08127eec69ef65b234690825f750598482
arxiv_nomic_100k,profiling_cost_only,270,558877,5b6df0258c25a8713bc47f0d0da00cd65251db9ebd37b6880d73c55827eaabbb,8ff3b1561ceaf64c7b5aeaac62110686bae86fb2e3667fa4ccb62052f76af22b
arxiv_nomic_100k,profiling_cost_only,271,559613,31d612a014fc796ff51d1959cc45a4e07bad9f31f7455114d7e3390670a58b33,50a75e0dd2dee0791a99488428f4c59b251eceed53bf669aa8afa06cbc4fefc5
arxiv_nomic_100k,profiling_cost_only,272,560192,2200d28b02bd189a9c8b820e44a2c479c450a3ea2276300abd649e9743ea8f6a,b90950eeb1b3d24e25d18d7c93c7a7fad08c68e0597142afb5ff111ee47d2dc8
arxiv_nomic_100k,profiling_cost_only,273,560803,6f677752f7e7e002f74212160f5c9f95ade09ae2f3b2b9f51ccc02c22fe4d944,e322a93598f56261f8cb0ecdfea4ea7cef2116282818c9df8474f8008155b516
arxiv_nomic_100k,profiling_cost_only,274,560905,23e6ec07dc6b9a536ddcf098d33054d6a03ec415e3669bd3aec1c51fe6cbd02e,a358467077293058f74ce5bad092d8c18f041f16973fb71d9deae4e2842ed87a
arxiv_nomic_100k,profiling_cost_only,275,562256,01218e337bccd46d2beee76156cf7de853e567fc258e96bf53145beb2486293f,7d6273638fff021881ad9ddde53dcd4b12bd2a520eca257a5392716b9ebac81a
arxiv_nomic_100k,profiling_cost_only,276,563028,ed9db87af31372e24b97ec24500810cad6da0b4e3666190e509dfaeedc6e71ee,0f894a54faba7a0618753805e4311715e56d789a4c9b77327bd7cb18abe8fd80
arxiv_nomic_100k,profiling_cost_only,277,565668,f4f781ced31ac4af5439f38086c6b4d26079ab44029a5b4428cfbeb3c4064af8,0a3b91a1f407141aedcab54b25716093bbabaf6f8a9c37eac751cb55f6d59329
arxiv_nomic_100k,profiling_cost_only,278,566239,375d6dba1a70f29088f6181f516c9fd075d365faadc35920d611b12f5beb25e1,0b0aa56e8c7db3752d445f17cb061c888007b162476731da38062a75b3c249dc
arxiv_nomic_100k,profiling_cost_only,279,566420,62fc7aa7a472b7584dd767218d97b2b611af34da8cffa078442e5bd4237ca786,0437912b9bd481dfcf3d12a471ef1a159d30848aa4d4ba6c5df88db6aa24ef35
arxiv_nomic_100k,profiling_cost_only,280,568976,66202e2e624d82152304466959a2f9143e7a6fd116c451c81df42feecc13cec1,792cf7b92af9044b5f759595dfbc8ff655d26c8f1a9819967112194a70243547
arxiv_nomic_100k,profiling_cost_only,281,570900,d8ce7e9eb31641a3c8a4a5d422be3c6cad0509286bb0a297df3e7c018efa89dd,fce83809cc38b064a822e0a31d63f5b9b99157a1263f2e716ad5f263016bae0c
arxiv_nomic_100k,profiling_cost_only,282,571872,e5a1a60f8e9e08cbad228785b9130cbefa64d1e991e740211e0917fc91a161d9,773ac651e9d71f18cc440d06796bae9416224d522f11e397d0886475906406fd
arxiv_nomic_100k,profiling_cost_only,283,572356,15fb73c152248b7cc501e088f9ed518f5169f139d9ebad9758bc99e9edf478e7,e9edf3237bbc833e7572840d47ef8bfa275bd7a74594ab907d5608bf81bc71b3
arxiv_nomic_100k,profiling_cost_only,284,573647,4aea327d4887077f1a2f3e561769351416d6559b08e4473e5fff14e2f67d5a6a,da3fcb4af7f40fecebd448b652de637bc6ae5ccaed5b2e975befc89b7e5f1775
arxiv_nomic_100k,profiling_cost_only,285,576295,1798b980ad648b141131908ec95549b1f72229f8bbb1907d0da13e9ecb4e00a3,46c8fb53b14b1ef19d99b43436405e47fbdfa8ecd29b6be8968a16fbde49d99b
arxiv_nomic_100k,profiling_cost_only,286,577269,3364f9c471065a3d63521c8715807ffd000f077b0d94269eea5561977275e34f,b8df651057097567321f654c1ce617f8fee5436a519a358b2b4c9444f96fb7ef
arxiv_nomic_100k,profiling_cost_only,287,579165,e716fd959337700355d2624c22814349813e9d0c3ed8174db5c78becceeb2bbc,bfdf85db1d407b3d8f3f2abb211c9f06408d29d140a13dc66aa8da24bda913e1
arxiv_nomic_100k,profiling_cost_only,288,580861,dfddbae905b218cbe324830df86a0a274523620180cf80d88f0bf6d5c5d15773,5e9a7a7adcf3ef6113aac12a2f1a9aea56c854f66df02b7b37fafb7ec5160506
arxiv_nomic_100k,profiling_cost_only,289,582504,e855fd5d2dc7e6515921363c71e8b0d7145352570a2041e1d08b83b18ba30cb5,1f1155800b82a0c6cdefc3ffde85e4e17b072a75202750cea346a05c5014b996
arxiv_nomic_100k,profiling_cost_only,290,586874,a6608d62a76a2edf10de4fa79c5a8dab55b35958b59edd3dfdf6936ce9d99be9,1313b1f5a05b9ec035fa2e84c5b19f60c64af10eb247a4413aea7b921872ba8a
arxiv_nomic_100k,profiling_cost_only,291,587757,c24a196dae1ae871c253aaaac35706490292ef967ebdd41175ff96abe60c33b4,46251ed185e47f7cdc580ee1eb24028228013b05923b00239be4ac82fa736351
arxiv_nomic_100k,profiling_cost_only,292,587942,e7cf1e24a1ca5009b05f26593f12f45036840541fc0ca6723c6b9baca084951d,f90edf275dce0aa05cba269e933ac24443c78f12b02520b3c2748dbf9fa0a97e
arxiv_nomic_100k,profiling_cost_only,293,588427,db569f6df1f77bcbcb52f23877481270abd9145d3ba522f26cb4cc8e3bcedd7b,8c02f2236674bc2963ac5827d25be6e53d8018ff2c1235cf5118ab778a8bf7b9
arxiv_nomic_100k,profiling_cost_only,294,588913,4d07f0a7c09791b72bc5dcde600b8f1cbd3f27929a0e65885c5a97a14e2f3247,5c049fed0b383b59db668c18e79258147b9da6b744149d4cfef36f79f303ff19
arxiv_nomic_100k,profiling_cost_only,295,589212,165382bf398226b5df6e2a385ad081e0bcac0de1f79eda4277e42e7fe9a7347d,6afa40a4792944e192e0efb32bab18f7fb892b66906eed475d04eb64b965959a
arxiv_nomic_100k,profiling_cost_only,296,589273,238841dd80d1d1f1237f0406f531f3bd88137cbdc6dee14a5828678b0f5ae13d,3cd86fb060460dee472789c2d0f25d1598a2f0929e2b0c9a574c981cced6d7b9
arxiv_nomic_100k,profiling_cost_only,297,591929,79173043814aaabbd5e2fa99a4dfdb743c416f4f110107471a2dfc43b86c64bb,c23d3fdc21989a75ba3cec9693fd59775f1fa26bd18c5fb097219916e69afaec
arxiv_nomic_100k,profiling_cost_only,298,592130,9ed42b2df23a87d113184d94722d4bf280f1db4f0cbbd9f4b4765a625b258e70,2731f2f389b25fc0b6ffededc354b293df2bf74041ac76e647faa04329f25ab4
arxiv_nomic_100k,profiling_cost_only,299,593384,546450eaa0fc4a6fa9eb2c2b47e41bfd35a32c43bc1ed07302806d233e2c541c,81dd7f90d2850e9e0ba221458a5cd7409eb5b1393124dce512ab691754cbfab7
arxiv_nomic_100k,profiling_cost_only,300,593628,79f2df996ba53e343b59902917c65cb01734bfe0836c31ed5d5698a8520d9086,81d7efe9cfad7e2d319526c42b7d7355bc2dc73013c8b4fda5f41dea937c9193
arxiv_nomic_100k,profiling_cost_only,301,594318,fa65698c7eab1b1ecb1635de38dfadfcd5e98d69d558f7b7af361cc00d726191,05419d272ee4032a5b6f274a13cf4ff2afbaf39e791e6f7f593011126d05a139
arxiv_nomic_100k,profiling_cost_only,302,595111,fa5cd2de116163ad6466e6f204cca5cac7ee74120d8d3fcdba985865ee69b140,e144cc11f3423f2f689f7c889d9b8b3dfccc96735d40c639b6dbf7ada6895638
arxiv_nomic_100k,profiling_cost_only,303,595861,7a717fa8ab5e9f60a79e01adebdbd6dbf39975218c947b46dac66a0af02f892b,d040983d5715593f06ba9a0b5647e8be3258af9a3a89c34d1f77c035b703ad66
arxiv_nomic_100k,profiling_cost_only,304,596079,95c143c1952b6c60f9d69856aaa8ca6c86d5381413b6496abf8f208f5b1ef077,e2459f1b3425f224d3cd20abbc88349f288cdd832853d75080e5e74175b717fb
arxiv_nomic_100k,profiling_cost_only,305,597233,fc9f1cf272986d17012a81ebdce6efc04b1cac5c17b54e428bbe886e83c704e7,cd3b551e734c77f15769b25c81716b696e2689b116b82d53ed8c1c07b0a87c38
arxiv_nomic_100k,profiling_cost_only,306,597240,982729e9a4a8b073998f9d065da46bca6020e590d1e8f2071791a275bce23963,ceb2a8d35fa5e7481fb2a8d3f7183cd8a1dd961d5c4e499eedfe9ef3c66217d1
arxiv_nomic_100k,profiling_cost_only,307,603509,cec75e76596a72ec2df2713ea502433c1c3bbc48f485307b32e1d51713d9045f,ff7a39c52f906999793a440f1d816ad07c8eccd6a80ab47994db32144ca7eba3
arxiv_nomic_100k,profiling_cost_only,308,608264,8c74c10c665518ffa759672e141e46d7be67e757545963291d7f9d7e9352c0fe,13ab20038226855dd543706749ef64bbf68752d17e77ea73079b2a50ba4ab1f8
arxiv_nomic_100k,profiling_cost_only,309,608858,823f616bc278b5a854b578b9e156eab558a6e7ad93c7778e51b14e454491a0bd,0dd85e5b08e638747c13c54235a80d435c7d9fe3e6c91e34d5eb7db630207d31
arxiv_nomic_100k,profiling_cost_only,310,609105,22081deeb48428f69db598cf8e1adbf852b0aff0ece58ce63bcea70bf944aba7,4363f903a04bb3a0654b3df949d5b1fd6bd61c2c8cdb522b01ce92f013a3d6fe
arxiv_nomic_100k,profiling_cost_only,311,609325,bc280830c58605d586f9c7f1dc7863c6d4366e84194c02b1557a9500dd125877,9f6c2d376a61663ec490e0db41bce2281cca390c7e685325980b08dfad7ddcd5
arxiv_nomic_100k,profiling_cost_only,312,613726,edc7f494fc8fa1afef13cca295caf1e09233cb6a8ce3f9091659206e2a120fc6,7b62b801c95d00c8f42e0dd747c06bc8a9fe5c4460e557e9e31ef349d252b2ea
arxiv_nomic_100k,profiling_cost_only,313,614024,617d68da4b8fed93d6212f3276378e0f98597a431d426308757fa81d6b08a1f2,d2f460442ed0bf3987eb264499bd132ab40c0887da47208ff3c06a78a6d10431
arxiv_nomic_100k,profiling_cost_only,314,614210,7c50568a3fcd5a3236bd206d34631dd26b07d0c87d52fb314a7c3eae136a0ebb,f947e0c98700b0dc11151cb4ba3b08d13c62069ea12ae82cd64224576070a932
arxiv_nomic_100k,profiling_cost_only,315,615501,bea75f1693bda5cd10576bbdfc35e26deb8791d453b572ccd5b31de59ee8671d,403f4de0534d7491458a379b4465ee074f3c0b79d3df3b0df6d6f6d4a41ee787
arxiv_nomic_100k,profiling_cost_only,316,616203,2e69ff5fb618305c4a541302ff4b34e3ba2ca27c8e05cb93912783b14148a67f,5b22f1b3e358c3c5322151d3338d0af95615b7420094ae20a0dcc7bc2f920348
arxiv_nomic_100k,profiling_cost_only,317,616696,f7922f22f52e258021dff3098bcad2f1d92dc75802d2186e777c39262357f605,77de1c6addfb43004f2a1eab525a7996ddfcf399c98acb34d03233a730437468
arxiv_nomic_100k,profiling_cost_only,318,619953,5ebbcec00418827abdc5a9dcb7d60e123b673b8832a7bc780816d632a5786776,0b2cfac9657fcbe406184786e8c7ee7e561668ffdaa55cd4f38233dcf561f427
arxiv_nomic_100k,profiling_cost_only,319,620603,e2b320bd4957ae59852987e26364d2dbeffe19fa053befb99f3229ce51f6a951,f2992c9527fcbfcd6e20952d9e4c6bb874b4679911e08bfe1f181afa12f8ec9f
arxiv_nomic_100k,profiling_cost_only,320,620701,db3373191fb9d13c29471bc877276f8da2f40c04526d1fec1c8ddbea252603b2,30a1cef7b81a72d612a2a4f90c59e1fcc6ef98194258e3b07010f6ecefd102e1
arxiv_nomic_100k,profiling_cost_only,321,620708,3878101b8f5564fcdf0036a7824425021da3c740b9d66f1550f2f7a48be9bd97,3e267fda69eb5b371bf8e824dcde5dd96682366a1c443e1d7c6f1775714a0d74
arxiv_nomic_100k,profiling_cost_only,322,621216,013a42a4781677627a57171a5c042c74b2e8bc5c527f9017a10c56fdf2aced52,1c87c180fd2226720d7c35e8ad0b79118629110afeefff90e761a75eeab1ad90
arxiv_nomic_100k,profiling_cost_only,323,621805,2833b9d2387bcdfea7dbb30719e010ffdff122ec7a3f34d8be212212574d0227,ea25e9e82d66e5ff207972ff0c8ce53193368d9165d2e9e4a203d1f04f708b66
arxiv_nomic_100k,profiling_cost_only,324,624888,65443d63687033e56aaebd6f88b4e509df53fe20a6bdfe744b7ae912a1cf9f80,92bdf1fee3ed272ea3bbfae098b5c756b33f00bc0076a60d368ea8db7595f2cd
arxiv_nomic_100k,profiling_cost_only,325,625750,239910d6389b602dbaa52f14c66a9eb2af221cb0b3e3d116e62e181a3c925bef,788e51fd900c9001150a6135b5595b5fc824d0953c26ee50337f712360b089e6
arxiv_nomic_100k,profiling_cost_only,326,628107,da23c5002e7258534c42652147ad8384402a570138a722aa4dffb7f2cd4266f7,596b32812524eb7e712a8d13f250ef4719e010e1d019be51712782978ccc1e0c
arxiv_nomic_100k,profiling_cost_only,327,628526,81b8c8facedfee83f53bf27743cd787bc111cdc9b29a0a37ff52a261a34a42fa,0b324c21637eefe7c534ef889170b21b0175bc874fd0b4d1e8d186eb42dcbeaf
arxiv_nomic_100k,profiling_cost_only,328,629478,70d2abe6ea202ee18d10f6e7187ebcf77cde2bc13651fa68ca7ef5b9f7308c89,17332b9a748c89cf8faf0ac1f6a9b4b4e9b26593ca8e70fd1dd5a93c333e7a76
arxiv_nomic_100k,profiling_cost_only,329,633843,ab0b2d4db373ecb9cbc42e17982233bf6115746dd7cb43fc5fe2b40b42ee1925,4854644ff9ae953d249049c1e3e234d01e0c45391b62347e4289d9f49eb3547c
arxiv_nomic_100k,profiling_cost_only,330,634011,34ec64e6a52aca027ede39aa0bde04e7a929fb0245ca58fa507624dd7a826648,da038a70608f94f616c1f5ab25da89744af93f5b4238bb0a4c351080180937b0
arxiv_nomic_100k,profiling_cost_only,331,634146,09df9606a6a1e6a1968b02fddd2d9d187b5349345c627a17deebde60e5f11c2d,b3df9ffef656417351b6e39d5d4594c943ce3dbf9fa4717eb1a7cbe37a95855d
arxiv_nomic_100k,profiling_cost_only,332,638621,66131d22d447bff871b1f0f3c37c8a625ba4232f0bd80fa2c41552684152e037,522b72579762067640d4dc137bf001360d6f534526d8eaa9db35e67d180099ba
arxiv_nomic_100k,profiling_cost_only,333,641361,01b27a2aab8e20eb8a631f7f3c6660992e7d524962d8a49b3091f0f041b218fe,94f293f37cb11fe672dc6ffe102ae24a923067bc2d7b951b5cca9e34754f09ea
arxiv_nomic_100k,profiling_cost_only,334,646253,12aa89040a5c41d6b22e9a22f81b357d7e62a93bd9333564171a93423aa59643,78967e46762a4b45d3e9c6911777b0712c448b858b510caa7c795c60b9d33d9a
arxiv_nomic_100k,profiling_cost_only,335,647158,48b119774e6e950e110854d51a5986a4b721957568890027992591cb0279846c,932325bc1fd2b3bb59ecc231e806d0599870fb612574a690149d6ad49b63468e
arxiv_nomic_100k,profiling_cost_only,336,650151,7b22b75093c860ab1bc030b891eb7d6a8ffbe56a7916c9172bccef90a7ded7f7,d69225bec0d9ae60dafe54d778d0e66457fb033bab438ff17e8611716c92b6f7
arxiv_nomic_100k,profiling_cost_only,337,651717,2217712a094917b8779d8ae06fb051bdf16c747b929d3c01ca49752554d9cd26,86ebcb748b96ebcfc912e4bf1e91e99c82bc35eb7962b1818025864f0b781d3b
arxiv_nomic_100k,profiling_cost_only,338,652282,62d0164515790f2e5c98fadff96cf27a09c097042e21099de11edf6d16f5aca8,bd77920fae544cf811530c7cd0801f2ee4ed292b84a90af90ef7fb068baa625b
arxiv_nomic_100k,profiling_cost_only,339,658591,356b51869f6572faba03eb081b0eb45c9a9220cda23e5276a8b4a63895fd29b7,63ed9fa9d40f9b5468c3fb3b8d6ca6bf2e321b02cab0b01be8c40e44a0fa06d2
arxiv_nomic_100k,profiling_cost_only,340,660836,92020e376a044e1f3cf3dea9999b601d8f5b15f2115db4113f463315919fba2f,6370b2ed6439de2db07ae4276eb4f43536500f9dfde0cf7cf62b228db6911fb7
arxiv_nomic_100k,profiling_cost_only,341,661072,8dcfb45bb5b8986cae162b8a2722f0dc2076d262212208658153a932b995d525,d7e4c36580ce307a4a8a08373f4d6d7e433bb39d3c565562e7c6bb73d66948bb
arxiv_nomic_100k,profiling_cost_only,342,671338,0efa03cab0f181fc59e1361dae0c0ee42b1aab2ecdfa92a788d97f524349eac2,5fa340418469b10039180648514083e537b9c70c70770d1889f253a11809896c
arxiv_nomic_100k,profiling_cost_only,343,671471,9343c18aa0cbbf4777154decbc238aa52a6dc9b4d652521cea94dbda5c609db7,71a250d43b84c6412441ae587f9ad4ff3e84127a36f3b346cf17edd5e690b989
arxiv_nomic_100k,profiling_cost_only,344,671898,bb8cc1d29974b14d7b2cf8863dfd9020e5caef784c00da13706f5cfe6d321ba7,122e2f7b99a1ced29b763cb02450d9bcfa8b5b92b34ed3e63ba7cdb4404c7c10
arxiv_nomic_100k,profiling_cost_only,345,674582,f7f630681adf5a3892a4df5b24b3cf2438b20eb8352d12b6c855deed3ce800e1,ae9c47e4bac9816818664e8caa9edd0b2842c4f56e382bf3a3e55fd87e2af063
arxiv_nomic_100k,profiling_cost_only,346,674900,16681aab01b0f55d015a00cd2b815a1dc205015395cabeb83da164b81ce26294,9819b9cb49e23bf5ffd8801d9c66931174f83efab9dafb122094f633e85e8ff9
arxiv_nomic_100k,profiling_cost_only,347,682347,e2245dcf950c003d2d7ef68d8ebab5a061b39cf8758b7a1d63f84d17f2a0abd2,5222428e824613ce89baba03753108363e716162cb918c17c7dbfacb967f0e9a
arxiv_nomic_100k,profiling_cost_only,348,687115,3baf8cdde2f6b2e6e6b40154010a935592c3c2e6d8da400b7d62303153b0646f,21d2304e806824265a5281df030c31c22dfb6e8b0b22f30462dc465bd358d9c3
arxiv_nomic_100k,profiling_cost_only,349,687385,5f11e888cd3395a03003b0be01084ff5cb60beff19bbe79904328002bb917ec5,ff7530f0ce3bc363f6846f211d87bd236614f35290829fc1e448056e418416c8
arxiv_nomic_100k,profiling_cost_only,350,687589,e3d0a26a4144c4e45072f599bdcd5916e9ec41cc1124a211c8dff4d99620f32f,4107db55c00b9c0e5c5d70f3881a0ffc01e35856342f24879da303851888c9b9
arxiv_nomic_100k,profiling_cost_only,351,693250,07ecfbc08f50f4bd7f52d3cb68f5d9e5d4c783df866a5492a18e9ff0b9c3c74c,a7a941b8cd463ec3eda91097fff27978459dbf99e0013a3dc934fb46cab416c3
arxiv_nomic_100k,profiling_cost_only,352,693527,070505d439263571b171e3a12f37e9774d282b88c825dfc3ed670d1d4dcc0153,a52a879f07f50ae02ba8d1bc4eb71ceecff4097f8a247a92df3e765fec91886e
arxiv_nomic_100k,profiling_cost_only,353,693772,92fd7bed105a6edb2db10f503a81a7f306c3077af8c1926a17e822cc6c725b01,e8549943480c8021755bee77929096cba9e5154d9807f9027b6d924312e3dce4
arxiv_nomic_100k,profiling_cost_only,354,694004,1f06e91fd432cb039515f428992829fc31c307a50d80bbbd217b67a6bfb56a51,b6607e6e4f4a18d80cceec13bb8517152b30d34c2c9e0173a16c7c782f1d1726
arxiv_nomic_100k,profiling_cost_only,355,696618,c5c42c821bf4456b1781c96ffd25b5659f8c73bcea8d512131835d648c8b6fac,daff8a14a712a83a1da2701cac799398d8249ca14cfec265a26145d5db660070
arxiv_nomic_100k,profiling_cost_only,356,697962,f09bcddb2194d6dd3000db78458d9a0f6a1d9943bd1346dcf4e8f2572f07b26f,828846966d4db3fc7df403d0ad154f0fe7b5faf773dafc8172858d9db06e2b20
arxiv_nomic_100k,profiling_cost_only,357,698147,077dc62344e3b5ad2a0a665d1ed3841922a455a311942f50ddf39ca642002397,11ff570960a2a25086571db8fd3706fb26c8fa5d44e178113d1ff1a86eb625df
arxiv_nomic_100k,profiling_cost_only,358,700132,5b51810a8c91da816ecd50c3f1bad454dc940b4294d91105021fcfa56ad1b37b,034531befd88c8dc7d29faf3eaa83dff3ba37a36d5ff0bfcdf1fc857f7fce332
arxiv_nomic_100k,profiling_cost_only,359,700966,f4254c6f7b85a40d2c3980dfeb1d5d38c45610a18c96d6974734fbf4655cd469,3e268776c9396c9f70a3cbed37f7a84a81b2722f9fbb2e5075e249b05c1a9117
arxiv_nomic_100k,profiling_cost_only,360,701770,37c3ca7581b7c5d030340c74dd0f82ff12763534992697231b80fa095fe9323c,da650b560b458e4b16f2dbc54cd8dd2be81adc533c2aabe9bb1e98ad6959dde6
arxiv_nomic_100k,profiling_cost_only,361,704243,9e793f9c297a187ab17db400c9d769b5bbb60182ec13ed375ff70f519f2af2c6,5ef63ebe917cb1acc3dd55b0860b0d6ea0eea677351255c7abc4464f34854a5a
arxiv_nomic_100k,profiling_cost_only,362,704826,7cef0e475ac1e31cf6b1ac0815e3478db3c4705ddd7ea341b7f1ec4d47ae57a2,d65b447707a18aad07d1df123c0523e44e93187e8e22b5bd5a1eb4b8cee082be
arxiv_nomic_100k,profiling_cost_only,363,704844,8b71287c8eadbaf83002dbb6fc5cbb3cdf201c178985281d8b0e5a528e0652e6,5e5ad522b069c903d91974fd34315253eff5fa434598c2f29d6832dd85d73abf
arxiv_nomic_100k,profiling_cost_only,364,705800,ebbc3393eb1151588de4f4363e651fbf99f19f2593ac4fc6c7fe049310c643ae,037ced91e06135fee34bbeeb7486f044bf9f288899239e74338282e58f5bc40b
arxiv_nomic_100k,profiling_cost_only,365,706492,7e4161a94c67e8239c23f5cb9e43712c71f31c50b8578d45104c38e6d95b1b8d,c106c57cc2a61d8074779b9e204665532ee6306ea9ddf42f7bc9f5adef52a2d4
arxiv_nomic_100k,profiling_cost_only,366,708606,e3ac8d9f20b811af1f3b6d7d4fc83bb902da0fd0097ae00f24a204bd3fa18321,05bdaa9426f4f067d88b48416139f04ab165a6cdb2d000fcd8f5b6bbf19d30ea
arxiv_nomic_100k,profiling_cost_only,367,710705,242e5386b64d363f6a002feb461849e1063253de93c0206df3e2190b9703161c,6d652442857e4a17de2bd6964bfe124caa84e61025aac4feef59bc65291983ce
arxiv_nomic_100k,profiling_cost_only,368,712955,05edadb560426238716661976f446c4972da7335868102bedf5fda7e19b8fa61,e919a8ab04f8066c3161ba5ae5133452703ef6a35a4e479de736bd7b35afc186
arxiv_nomic_100k,profiling_cost_only,369,714300,716e2c16a3b193ebbb5dcce377670abdb3efed653c3437e87888cc19fff4caf7,6426cd3475ee30d07e0531333d0e5e23a127d8f94cea06decc73314cdcf4c508
arxiv_nomic_100k,profiling_cost_only,370,714686,4b0e286cb3ec2989eca933a083ef220b91ebae137b8fb01e34debfefea799f27,5d5ff7ac332b9df1ab43b64f55b253de75373d7f223d257e892f7711f1e6126d
arxiv_nomic_100k,profiling_cost_only,371,716293,cb56f11ea28a2b8d291460ac923008a005a7031d6291ffa11cb65607baff262a,d6198774925451881a814222c979082fcfb2caa491092dcabb1ed7c5e374239e
arxiv_nomic_100k,profiling_cost_only,372,719699,f2297fad41a448ff4f1aed49f05f44344b45d84959e7f92614ddd5bebed26445,90472451b349b9352039f38cff0b0cf702fe4c11d985f9b649aab04bf4d44323
arxiv_nomic_100k,profiling_cost_only,373,724565,d367461d345721abbd2b486683afc5ae64a3bee052ab9233acf90646366726e8,fc78cf65cab7a615fc16dab57efdcdb6b0650e41d9512e7aafefcaefa6d1e314
arxiv_nomic_100k,profiling_cost_only,374,725751,3c0e6448c8e17f9e0d64aa26e35557913850903c26000578215c7121477d754c,0b81d2ab167b76142b5148bf9a4acad61cabe969dfcf6a9546a5cd74fb3f002b
arxiv_nomic_100k,profiling_cost_only,375,727063,3190e2d0819ab1b6c10ef007047796e14be89a65ec4ff5ba85b36bdad58d7784,05704eb968b1cdf19ddfac10da4be543b31b97d610409e9e245fdfeb4e73e8a9
arxiv_nomic_100k,profiling_cost_only,376,731744,2fe5dc19c1553c0a8d1d896b8a16ee2155b4b76dc9d0aed7574ba6d2acf5d73e,2d64dae7cbc6b40a237e6971fe3f89ab850f6a8f35acfbd56909578e6052cc24
arxiv_nomic_100k,profiling_cost_only,377,731996,73cab4fbc0f686a62afc1c85b9d50fd904881f78a7e48dbf75ae7113733789e0,1b8d9792c0abb191b71c28b8389d0555f007c87472e69c9f3ce2a685f8f57ad0
arxiv_nomic_100k,profiling_cost_only,378,733614,848f37d058cc5a8f2e0f28ddc0ac58eda3240fa622c9bf551d83b3a4cdfb9675,e2b89f7a2897bed8bac801c0e40aabfb7abe7a0a633ba61c942dbed18376170d
arxiv_nomic_100k,profiling_cost_only,379,735644,05787aa86f0d459b66d5aa61f6da22e400fefefab022adbd9723d73f5da071c9,86bcae4c18d970104172c5feb1aa32b71db21cab6982e5f39c334973650b359b
arxiv_nomic_100k,profiling_cost_only,380,736414,7c8cd2407664cf63f30e921e7f79261f8065a208172f7e871012cfd11203a6c4,55255ea930bc786d1437765275dc99ccd9de4422a8c3ac5097c34d73c7fd61cf
arxiv_nomic_100k,profiling_cost_only,381,738452,454f15e6bece74cadcbe0a8ec331842febd60f62fe388bfdf772cccceb693a22,e1d5b79833d9996338d48926c7a31796ad57f9cdaa5a439a18b0d7eac83d78f0
arxiv_nomic_100k,profiling_cost_only,382,738550,4764623759a7d98bf1bf0ca65243d253e70523d97ad2d6ba2651edd2e3b6e284,8c30f309b773fbb4a7ed81fa055b9a4d4ace1b0e71bb39749c64547bff23025d
arxiv_nomic_100k,profiling_cost_only,383,739324,8fc85bd03931d8efa9f9fdab485f495df8cf84aef433edb298b95b3f3abedc79,051acd2c336b9d3bf4472fa0ce2cc0cfdca369adeaff830f6924889736e422df
arxiv_nomic_100k,profiling_cost_only,384,740376,7eb54b2b90ae9901cdd217b1052c4fcff03750d6a9018444a6dc5c5c4f8be05e,7b4746cdd51b3cc74b548fed369c089c89990020cc24364fc94d6a33d270c3ad
arxiv_nomic_100k,profiling_cost_only,385,740603,bbb924f6f921c37678b4ebf13f7942a009aa62250ab5d60eaddd78255789334c,3bbd93ff9ec5d4c7936003821a3dbe7688f9e0a929499d7756524a2e30d3fc31
arxiv_nomic_100k,profiling_cost_only,386,741550,93b15d56ebaf6321eba295f0ee38b2df85d8eec4a5a301da4551c89565cf23c4,34e80b702c9c96383c9d202ca6065420d0ef8a7f7224cea7b30a99c00a2a181f
arxiv_nomic_100k,profiling_cost_only,387,745353,c691b4a9376a18acc8982101eff333afdc16c2879973391250dc94b3acf1ef21,987e0d206ba2370d67766641f38654f0f35548bfdb769ab7b386cf87f41d9405
arxiv_nomic_100k,profiling_cost_only,388,747065,e933253c8e56bf4efed9cd5147396887269e3d4188a51669cfed681a92c9a778,8660f428b795a4c574e63bed3543738ca036a59cac7439d5d409d92eec472887
arxiv_nomic_100k,profiling_cost_only,389,751281,af08ecccc224526e49099cea0ee1205f16067b34df079c26b39d7f1f9ba27537,609b270b3235967a1855eda79c4735aeabd8d66e4ab9e987103db6e3aac81c57
arxiv_nomic_100k,profiling_cost_only,390,751650,3df45437ef675f595ba292b2d0a6e61ecaa71e383ff521c5666525d324cf4177,942c928a7f11274af3b644d2c5ff17143b4d274919a24cd07a657c28b478b39d
arxiv_nomic_100k,profiling_cost_only,391,752777,92fd33cec5c2d9d7798f1d65e751893e4dc00fb787ec07f57eb13d8b0bb3896c,508a348bc2706a3010de7ed9faa5d90dad87f1c49f26142929ec78ac2059b721
arxiv_nomic_100k,profiling_cost_only,392,755114,8ada15e7f3d14387ac1116935bd93a8ddd644d92cd5708a316463f60dad87dab,8ffc17c7cc60ec428715454b8225d1e844919f61a15a496c835568301ea47a56
arxiv_nomic_100k,profiling_cost_only,393,761246,426b7ef12d06c88cffef3732a381edad14c78a237d1996001a37c2a08fbe3704,6c87d68dcbea2c88fec93a966d1851a0bec8be4ad8f80e516c326452783d716f
arxiv_nomic_100k,profiling_cost_only,394,763913,458f8c1f5ec6b0f361c5948232128ebcd7294489736c1dd109a984c03c7e35c5,965857ed33ef797a38569e4e2daa9d9edd83432d4be66b4e8bd614f47f3ccaf8
arxiv_nomic_100k,profiling_cost_only,395,766374,dad47e6086c077933e7012977bee5b29cef80a39efeff6db30067c1d36cd483c,81f471df392eb76f90d88f1d29274331ad2acc2857fea453da512e7f3a41aa95
arxiv_nomic_100k,profiling_cost_only,396,767075,385a3fe4fd38055bd28e8e51a0a018fa2e8eb7dc012c97ae061f5fc565212eda,af4bdf33f5e94c7730c6cfc16b8b77e704688d0b9ea56802c25019c51fc64a17
arxiv_nomic_100k,profiling_cost_only,397,767567,5143d57f779d90a7bf0d8b38469a3f9c3af8a1181c3191c244c658473953fb64,a19f1a4a0df9878f691e6ccfd80325cbae65b5dd4e5d579c330552f7aca57d74
arxiv_nomic_100k,profiling_cost_only,398,767670,bf29f78a4539c64a2cb5599071270b9b132c5251745f7f48ee185bf6a1ea42f9,6e997dfd1d5560e8eeae9db4e36f921a0669c339260f6e289824109ea024e693
arxiv_nomic_100k,profiling_cost_only,399,768206,1a8a96d79befd12a20f633410a9abb768d01b0d826137c526e7321f421a70171,a340b98178ad465c5d95cb24483c7a11d328272e8b696632b1aa8e1d1d442b2d
arxiv_nomic_100k,profiling_cost_only,400,768665,2c566803b4d01abc22b09c3f897f1e44372dcfd5837a4349463a7ba92deb231d,ac01fc773ccfaa13bc31df6de1cb13673e705602a847995d15f093bdf7945b93
arxiv_nomic_100k,profiling_cost_only,401,768756,771fe9d2fe79699ef7b9ee7c740efd6ac48730c0f3308044fb08277eaf3ca7c1,63d303881fe9410c39fe0162902e7c7d546bcd7b3b33b3acd24deee994b15fe6
arxiv_nomic_100k,profiling_cost_only,402,772899,455f09601b3813f028efbfbfc460c131d2bc9864d05a859a1c75d6dc5ea55ab9,c2c9ba794e9ee55fa1ff6e3325616112842d637e6c579ca5332c1e364f223cfa
arxiv_nomic_100k,profiling_cost_only,403,773724,d38433259331011959c989b22780a2899d373f89606f740f6fbc026398c62a0c,f18daae293c7fbe1f386b78569b635c29b8a2af23057f4819526608d0716f054
arxiv_nomic_100k,profiling_cost_only,404,775611,cf1ede3824e774d4f80d94c23aafa2fe25d753f90dd17978090765c43654be31,629c6844e72a19c64dcba0745a33d779574f7013a373dd4b2965b3820115b6e5
arxiv_nomic_100k,profiling_cost_only,405,779260,5028e87f80ecc4ce7add6183fb21c1d71c2824280701c2309ea4471f0a6d9b6f,51d71ea387ce7e27eae71ad52f17e9beb1efaa3e200da2e536340492e8dd5961
arxiv_nomic_100k,profiling_cost_only,406,779320,f6d693e6a60045fd5ad370a683f28eb2ac7d24dba8041360b5822f3b1aca5a30,1cfbd5b989577b43575bb6fa84b6512887e3a8c5cacec24d0e341fe56c118ba8
arxiv_nomic_100k,profiling_cost_only,407,784014,4d2b5497dc0777acabe57457c6df1f5263e6eb969cd8373a2cd268a39261b14e,689f9c9865e95b1b38c6e5a2b6567f1ed221daad88c0804524fcc545e23bf8eb
arxiv_nomic_100k,profiling_cost_only,408,785061,7e68ecd98aeb556f9bded0f7e7c399d1841a551148fe55289ab017bddaafb66e,67e5ff9d0d775a3ed05765bb08c088f67e1a545195bbdf1802f7684ffaeae72a
arxiv_nomic_100k,profiling_cost_only,409,786489,cb05a9cfd28d715a28aa229cbf6f5694df3cb1dca71b9e2f320243373471a3c6,8b26eadaddacf4d5c964e1e50503acf9fec2cd6221e6e82676edf178aa249438
arxiv_nomic_100k,profiling_cost_only,410,789557,da818b610851f0e5ffb97e7250b2842517d7d1914f49ae91ca353525193fa4c4,3a1e35f166e9d3d01638a454b6d4e36e81bbcf7bf46fe147a10cfed9f3e2a6de
arxiv_nomic_100k,profiling_cost_only,411,791797,3aff97306d33d672d46f18381ee02f5244ad7ce6c32f17ee3f22e6e7aac2eb36,a0ac890951082d3f9f30806e1224608c959cd939519fbc163a6bc198d7c1cf82
arxiv_nomic_100k,profiling_cost_only,412,791865,8e228a97f6086d8c2de56499fa8999f24d57a3c9fb1ba2d9b21bef2ca7ba321b,606c8c57a5223d986b1b14c6c98dffd2abac864a502e795708b4397bc6a24558
arxiv_nomic_100k,profiling_cost_only,413,791923,a049d936ad90d726a8e036350435105da85a4cb6670a554d7a6f9e13ba6d4321,677535c93059b203b1e2b6111e3779e70a397ee77b1c6bd63b34ba37a2c0aab4
arxiv_nomic_100k,profiling_cost_only,414,792072,199bacf11771a3df7b03a56cc5d22533b36f10ac5aa1db638540594e9a10bb42,ccf3ab74b05c143e070fd33eee4a96410d82abba3872dc46f0dfe0620f2c1c93
arxiv_nomic_100k,profiling_cost_only,415,792866,0d1c34aded4e829f1f007fe8a444f054f57d8775901d28e926bfa4e501bf3830,89b22529b18e635af3622f25e7b2424fe72f9d5112679d529c162d013b3b3514
arxiv_nomic_100k,profiling_cost_only,416,795081,1d8ac6be4f831f4b33ea562a01d3ffb6d3a5ca7794d3959e63ab4d83dd3883f9,23cb8ef10e926e44939a12ed40a5d300a0ac5affcaf8e15be9aa12ffd58b90e9
arxiv_nomic_100k,profiling_cost_only,417,797837,19344b4cf28a544be5267dcf4dc8c7e258951d04d0e3e09f8325de8905ace93a,9cb17c79af5e7e93f8826575488556dbc3aa08ccdd1f3bec5ad19a58ccc8063b
arxiv_nomic_100k,profiling_cost_only,418,797960,438c417b3a5e5bb19d84adbfe07b39c1432b2379f2362a54d3b2a83b80fbd1f4,981c22d2cf14a0d9f89fed824266dfd47151b1e5f821014504d6694b241ee701
arxiv_nomic_100k,profiling_cost_only,419,798878,f4bfa55da1ccae5760ce0d12164394f2e5e58a6f4453bce1652fa162323835ed,aa09d8f85f3df567c6dfcd8fa4a15d51f3e1cfcb0b4b79c8ab322310396494c7
arxiv_nomic_100k,profiling_cost_only,420,803967,0546fea48d2666da16d865929a30c6db1cee41e181f6023d6b1250539db0845a,39f5c8345715b5d80c8d60093eec334663dbf08923cdb51568d5c528e9c7b80a
arxiv_nomic_100k,profiling_cost_only,421,804163,9813a6497759ef72c4980c7d8e1a28353b4279ec969440a4d35234907a014aba,83168efdbd78964bc7cd42bd382d0199d9daff5c8e0ccb442bcaa11f50befb9a
arxiv_nomic_100k,profiling_cost_only,422,804868,9a7c4abba442993e1ee71e7b86116118b4af0d7910ae98d119cc6f10f91ec9ad,d5a8a6f8cbb43f76c695c1a68e799ee45854b648f2e18561bd958124c1ab67e9
arxiv_nomic_100k,profiling_cost_only,423,806084,543d33530ce3f96e4a6c623225815e202e6488e0c1f28d743b920f93f6fe850b,ff3ce4f9ed66778c3391ad0269e3089da3622bd0bc12a55c902f75b501f711ad
arxiv_nomic_100k,profiling_cost_only,424,806972,d3e834d180e8e7208fa8256b7649cd35a7503ff33ff82985258e8c2cd72232b6,59970e72cf0cae189e434e87bb3febf75d7cef3f3b78c5e28689e906d42d1400
arxiv_nomic_100k,profiling_cost_only,425,807557,30203ade31d848a58f965e08eadb50aad141e0c8b18d8412f73802c75acf4753,f897d995e01af6f993ab459e0f370adc97c7cdd0f2d0ab1dea1c92a119032e34
arxiv_nomic_100k,profiling_cost_only,426,807691,3d5c9f310de7f88d8de232a5366082d3254a66bbc89972cfe373926b58e80f63,7274e5aff839dcfadd0ea01f354bebe0abfad243c69da3d63c5de69b0c055033
arxiv_nomic_100k,profiling_cost_only,427,807763,c75186a332180327a6bac93ca115627da52a76420a93b864853df78124308e05,b3f6e086083a964e00c6b3233a48ff71170764a5c61331c2d1aaa49e80e80543
arxiv_nomic_100k,profiling_cost_only,428,809141,62803b8c98b42e28575431c2055818ad60c1db155d14f8a320091b64799260f1,a57df374fad10602fb491a1cee7d7e77fad50bc7ea49d0ee54c3641f4686569c
arxiv_nomic_100k,profiling_cost_only,429,810604,e033f1ba9bbdffd820100d9bc11eff3e287fa316b77ce6d8ef09b97f1ea82a43,18da9e8394d71240f7e20989df0c90f86a16e18f904db28bce5a62931ed2c756
arxiv_nomic_100k,profiling_cost_only,430,810798,24d28dca98c92db5deec0e83b9933c2580b028c06b12e2debd1f7958d394f1fa,daf200a33f5d28a80c9086ab7798f7ae9db0c9d2ba3302001a4e01b8030d69b1
arxiv_nomic_100k,profiling_cost_only,431,812940,f8e446c897a33f6add50872f183aa4ab0203e72e19cc37ad661efb3ebead6fe1,295e5c11965f3df3934d1474ddd087f8163e45812fe186a6cb061ccf4a9fa685
arxiv_nomic_100k,profiling_cost_only,432,813653,84c1ccd118492d6ea5732afb06c41b085fdfedf33fc29baffb49231c66ac3e13,9f0fa530078f4adefce1d0b7e4277fbb3f40def896f08ec01ef6b6ea21381949
arxiv_nomic_100k,profiling_cost_only,433,815917,820cfd625262755de7cf92ec11421675aff633cf1f0772c730bcbbee6a248d4b,a2bcc71224606ce962240180197b323b4534145cfeb8a33131ec5226abe3681c
arxiv_nomic_100k,profiling_cost_only,434,817976,1002e13b61bdf5b3ceef596e7eaea3401fe4dcb73fe5b7ca98e0124d2a6dee47,d1a7a86c0e754a157c1ee1a83ff5be7134cf0884cdb5f74dc0ffeb67a974ade2
arxiv_nomic_100k,profiling_cost_only,435,818296,df9ede61ee96f67490d7144bff8a0f5cb8f04df53bd7b848abd20502cbe96fa2,f72bc9d4ea0eb1372b5e9eec90dc1d0887d24c4d29a2e589b041ea9fd031770c
arxiv_nomic_100k,profiling_cost_only,436,823672,6242f6281d53c2dd3f8576b4200cf2bd8538c1341c1accf5df05c633d61e9dde,8ee5389322754bf30865205f4d347095824ffae67418411f0eefccb8f3b5bec6
arxiv_nomic_100k,profiling_cost_only,437,824194,0fef9008e6f7a9a18b3cec2b971ceda32d6076bfe2b8cb94a5513a9162c00e09,9ed1a6b19faf1eea54c736ca0ec934dcd1e446daccd3d170e78f68244f120dc5
arxiv_nomic_100k,profiling_cost_only,438,824644,99badcc5b0f1f47303308a9f2cc60fa394bfe94d7cdf0af08b407e0761ae816b,e780bea4fd9ae46bd25d2ec983376e3cf9dd65f4965d6cad76ddd46acf973a51
arxiv_nomic_100k,profiling_cost_only,439,824841,df0ce30cdfdc6d7d7892bc1c7c42696dcd75121f36429010ccb17b28dbd6fc73,77d599190a8b35c187ce414a3948eca44bfb83742fd0148d554ec9f013c9c31e
arxiv_nomic_100k,profiling_cost_only,440,825570,a9324b2f12a1f2416fc71177ad3efec10229857296a3c819470dfee3a39b668d,1bf2835d19d3c4e9f4d0f13b43bd57f836d85962c1ca19cec2d8745e9f5f4bbd
arxiv_nomic_100k,profiling_cost_only,441,828139,6b8e129f7fd0a7fc3254510a0c7b45c67e28378f675f792e8d784973c6626f6a,9d73e59bb8c28c53faf81956eed317cf80869a8369ceaf028b71df838edcbaaf
arxiv_nomic_100k,profiling_cost_only,442,829859,cc26bce0d4b3cc4211ae52b73d12042e550890ee838585ff560b71fef883fa2c,f2707829a991d17a00d9549d1329c31b4140d7d491622f467f06c5604aacb213
arxiv_nomic_100k,profiling_cost_only,443,830540,a907866d65e8090bff3d284f31dd0094b102a167d3491e99dd2f1c01c8020975,49cf4fb62e055dcdce936240e698740f97c9afd61439c0d57db35923d99a465c
arxiv_nomic_100k,profiling_cost_only,444,830894,657bc9aa54ae4cabc57bad2e08dae73c58937c28c5de117755b60b2d7ee74cc7,1f4557e7486e1873a71d7c3d9cea01f57dcf9a75a55c3acd2ac430ecf82e7ee2
arxiv_nomic_100k,profiling_cost_only,445,832257,120583b1cf03a56c6fa6172d1f6f0fb7d4f8833b24d081e86920833d8eb21615,515cae01c4b7c245985946ca6ff0c49cf3790e8d8432b7377f2ecd7c70d3178e
arxiv_nomic_100k,profiling_cost_only,446,832403,ace7bc7ce6d51e568a66ff6387d910857699ca9b1f60c78e1c064f3b870d1320,7cd68269765b79ce3a3e4c7f7b5caa1999def84e8323891d4dba7971f36ff97b
arxiv_nomic_100k,profiling_cost_only,447,832928,3cc5aeb9edfe2863004d3327fac8eaa918f573cc32cc9d9f6b731c824495d778,2bb1e9520340ddb91e2160811ba0956e42ae8ff3754d9bb21cf148208d99fdf4
arxiv_nomic_100k,profiling_cost_only,448,833388,ac95e011ec38f703ae2cfaaef09d951a75e46ed27c3b58c27d95f1f62332f356,912e30909262a48903c8f57a5195b5ed657fb80122325c3c226b58b11b02b7cb
arxiv_nomic_100k,profiling_cost_only,449,834330,13165c802f462e8ba540ac6d89776aa63bdac0e9dd8c0078f02df9018d09f2d9,3292447c211868f974e6b96ea03e4a72e9f7cdabb5a9afc5d166d1b9384fce6c
arxiv_nomic_100k,profiling_cost_only,450,835747,bea08e7e83b40e6304d8a0dc9e406d6bfff1262bb99060efeb700ce3f7ab7e17,fe8b9d5eda91990745b5320ef9c942cdc00ba8812c710876348b561df55e23a3
arxiv_nomic_100k,profiling_cost_only,451,836424,ba48ef740d78577ecf2b7461e26ada1b95e0d1d29f07543544756b626dc7b489,df93ab728c89cdaec75ade32b7c962dabf52b2941d08c7987522da300d4e8470
arxiv_nomic_100k,profiling_cost_only,452,836944,24d768dfa1594d71c9073fac036e65099da840152feb3421d2a09ff485397f74,bec9f69f134bd635342dfe92e0e2dd81eb2fa8030ca453d605fe59543a0b8661
arxiv_nomic_100k,profiling_cost_only,453,837808,9c822c23fe9fda1c8d41ade90ba9461061593d0263ae8a0f57d13f03181f3580,d6d9ef1e7cc84d9dd99ad71dd0d66982fa8e7ed2db25d0c18f3b7abf90cab37f
arxiv_nomic_100k,profiling_cost_only,454,837865,b59b689f5cef1990c93d4b669fa18573098832cf3417d3d5f44e9f0219250f25,5fe2d23e214986efe55ad03e688322e82480b7ec2fd2eca9752ead7d015d6fe1
arxiv_nomic_100k,profiling_cost_only,455,840079,04637d40b20112a211f12747e34d46c88e965c3e8aaaead3c59aff3e2159ddb0,5f6b97187a8642d62d00e2bc78065e2ecf98855562c2113ee851f414ef56ba79
arxiv_nomic_100k,profiling_cost_only,456,841096,2fbd2ccd8201b8b6cf8da1f08cfae28638201ad8e0a631a240a9152a7b5df87e,9770ea393bb7fa40244b729130a10b415fda1df38e2d1c1f04223dcc29dc6bdf
arxiv_nomic_100k,profiling_cost_only,457,841097,7a1f39f9443734ec2ebce6d682aa30659f0b2ee41e1323ccb92dd306106aa205,1f4d4c7498e1c18b847f6ffeb09bac818f7ad6942e4dee97199cdbeae4f0e257
arxiv_nomic_100k,profiling_cost_only,458,841814,b78001924120a1ff4b8e44846c958b70ec4fd4b52f20e158ce9c8f2ec54b8506,a83cd630675faf32825b68c142a08cd989858dc23675d867acf0be378569ca78
arxiv_nomic_100k,profiling_cost_only,459,846415,167b7340e3f0db6929645b88daca491a39ac593d787b17a5571ec90ba4d0989f,120002ed268e77bda496716f34e37c59d1ae3873ba017e12cd8d4f5d32504114
arxiv_nomic_100k,profiling_cost_only,460,852115,113929b8b7614bd2ebf5cc0ca21afb395f89df728f01af315125e14cd7ff07e8,baae80734c84a88c074775bdd459b76881d63f98127470ab5b671ba7e709e117
arxiv_nomic_100k,profiling_cost_only,461,853707,e6caa89901ea2dc3c715cb899363768a325a065dc31a231a6808c5404129e7e4,94b4bf6b885cc699a20fff4b1b09ea7497ba83be075989043ef38e0da8273f54
arxiv_nomic_100k,profiling_cost_only,462,856504,2b2e4afbd7a13abc375c14c99feaebacd0fd405aa77d5fa56416ab24b1d06b13,8e57f6022608b58497eb9a6342e95f4ca269916f4acef0f7add9018f13b61a87
arxiv_nomic_100k,profiling_cost_only,463,857348,820978781105f573c8ac8bae0272026184adc7175319d0632767f2c0f9ef89f2,496359158c341b6b5b7c00e0585c0fe1d4ec018b9d052e3d54315c9f82828783
arxiv_nomic_100k,profiling_cost_only,464,857618,2a714660dfe247c8d1ce2daaf205fd1b2ae369a3dd40242f42b45a55a5bea805,0e49a34c12f75288020ca50292ed5338897dc30189d93baf3054f83165f24649
arxiv_nomic_100k,profiling_cost_only,465,858819,93824413504e329ab7fdc9c55ae9a060e2bab5e450b2e95d388d27d113575d55,c5d79ed1aacf1c8bb5cca49450e18440af0378dd0ac041226893241002390916
arxiv_nomic_100k,profiling_cost_only,466,859217,14d76e48e2105c6863786597fd08c5a22f6f8339047f1961a6592762d40cfeba,7df6045d17c3bc9f96a15e3c530acfa4940c8dab412ab3e99cebf852d773dc27
arxiv_nomic_100k,profiling_cost_only,467,860425,de3acb0b2d4b213dfd6d844fce3e2da69c81ebe191ef970f4181cc33a43a0609,5465169d4f8277fde1809d3cdfac2351f68bf4220ad4825c43a3201d6e669335
arxiv_nomic_100k,profiling_cost_only,468,861583,a2a524f196e52e540b65eac6028fe6ade3108cc7692bf234593fcdd4481632b7,99a1e9b91f97009705d2b63e54567a2e8658e88f2f504d4c402d6fb4d3be9b4c
arxiv_nomic_100k,profiling_cost_only,469,861756,aeee04bb8e7ac195199b8eab9f335e09b39b7f157a555192e507ff1725f1a73d,dbf5c6bbc3a098bba45da2ab646039618e95882134947f344566257da92e5cfe
arxiv_nomic_100k,profiling_cost_only,470,863041,876b04b0121131377e915ed9ffb79011e42627e503d5ea11ac228956b39d640b,155d34cbe452d0721b9104a94f911f7063ce5a45c85abdead60683dc0d62e806
arxiv_nomic_100k,profiling_cost_only,471,864159,9c4c3dac2bef01ee2700b94a885fc011e09e02f3078c1830b53e971d94c67ea8,938a18fb61223eb62d1289a75512b9a9c8907ad887a7ba74f0b261959b0e0349
arxiv_nomic_100k,profiling_cost_only,472,865479,21d99e20b8b5023267b035f73f84e4c9f0e013045e55b63c2162d1a5be9b33ec,0bb9dd98986085883f4ba9f084ea6a3fa67070044f3e88de2ad45a257a797bc2
arxiv_nomic_100k,profiling_cost_only,473,865996,02b3a57339891c834bcd068421867136e032edd344b51903b7eccb38a9530bfb,59ad72843e1fe939e557883e7cb7c501cbf681ce1ca9f2cdb691c67c20bdfbbd
arxiv_nomic_100k,profiling_cost_only,474,866203,7bf7e23818b279583a8e8a6afa6369ffc417b9e56bc19a91ae42fb98e208f02f,aa76a83dd63d1fc510b5202356e35a441c0c003c4e9b2c1f62cdb9b87bea80ec
arxiv_nomic_100k,profiling_cost_only,475,867900,eac09a71d8bef1a935a5f253dbe6cb46d1df78acda9fd82ff58d8a9139af38fb,f8880a01d2aa50086a64778a5dd15bfaefa4586e1ba902f1f83e3a7b47c6c4d5
arxiv_nomic_100k,profiling_cost_only,476,869080,ea3fb28768cc66826b37f18ec2fafd09e309ee0778f247aa375de69230386743,355086e4b1448198b8be4298296a7c400012540f329bedd21fee01039a3cf828
arxiv_nomic_100k,profiling_cost_only,477,869368,9090a54bb5a33a61a2d57a2aafd6997184fc49f7682a4b2f199f9a795c08fc7c,57d1666f70493ceefe2199171b03457fb1ad4a92753e34959657aef3815d3260
arxiv_nomic_100k,profiling_cost_only,478,873639,00ddfabff3762e8ddd3f13332ead916d9dbebe5f146b6d48d41fc4009fd0d7b4,a3cf9bc85ad92812d68f735449a2f857f3a3efa4ea1fde023df8fd11375ffc8a
arxiv_nomic_100k,profiling_cost_only,479,876055,339b945e591aa6eddbce7dd4104253b0b73ee1e308294e90497f5a15f367d9d0,2ee6f1a504697fda56532507170e322cfeb39d69529095927abd266f2632a713
arxiv_nomic_100k,profiling_cost_only,480,878684,ae5daac9907291ca3d858a6f13583373e4155072514ecf53c4103a429464c1e0,00858ebe1d1db5592c567e5ab66d241576f2e460940b7b0e971680b707710903
arxiv_nomic_100k,profiling_cost_only,481,879489,9d3689ebea5679ea7d8e2ab5be5c61f36ff74177ab65a434dfe33764c7eaf364,0514f50ba6e8531405b77f9c0a10d089f9b54ab906c2bbfd2956aca5fed74357
arxiv_nomic_100k,profiling_cost_only,482,880410,645fe85bb46ccfc36e9c3fddc1514beef610a921c9e7e77dd0f97b29d442dd34,099d7a831e866838432e44e52977b1b67ce3b91b70e6195b5033066050552f2f
arxiv_nomic_100k,profiling_cost_only,483,881365,59e6b74c34c0f8c69d4074ad179a42d75715052caa7034b4f004858b8a7ab79d,6041f048e5216a2f0f69412d64627dca5cb5776dc87fcf203ecf36c465a8fde2
arxiv_nomic_100k,profiling_cost_only,484,882206,83bd32a5c3e44fabc90bedd6c79df72fb9ef60981bb5232ef141d7c714f74f66,f0088823b693b5bdde0f14038949fbf9b0b5532e2876630485450a59c17aeb29
arxiv_nomic_100k,profiling_cost_only,485,882663,4a95a4caee41b9504e425b12116138f237609ecfa90b11d1239bc5de13b2277c,84811a7f2284178537b612a76ecaf39cc9e3a1d72dac98a64bc0c44bd01370e1
arxiv_nomic_100k,profiling_cost_only,486,883782,f1fd6e454e19c91672026d3e2dcae2a74b0ffcd44b805e0602e042e54a1990e6,47d46c9150c91ce91c367312474cf31dd775e620afc91fdd53efc8490f9b5c93
arxiv_nomic_100k,profiling_cost_only,487,884723,ebfd9982ffc9b2ca9db0b8274f8dadfb49815344b3df0b0f23332b426b1ae3ed,8bb60bc04ed085d513424283df093882b4a8624498bb85713e5963e450a14546
arxiv_nomic_100k,profiling_cost_only,488,885270,e103dcfa695a7549ef7e935d65d946fbe4a8482d81d06a012e53b7f86185e945,daacb1a6d08934f17248f3601c0b7874a7fbea14b38bfcf227c7027bae261791
arxiv_nomic_100k,profiling_cost_only,489,885728,d14cbbb965fc6b620b9a6efd16e2ed3a8fb202124405dcf7200ed60633b6bd13,966c18f12c8affff7469e6659a33ebf020fa3345b25780c0b4a41d44b8ea3dcf
arxiv_nomic_100k,profiling_cost_only,490,890102,c991bde3eff287d63fe2d983bc149f18eed9658946300110d49e8801af40d1ac,581ab83045ec5e2e607018ba45134b2f260ade1df9603f5b9e7c84f6c552a41e
arxiv_nomic_100k,profiling_cost_only,491,892154,fbe41a63316532083ccb7370aa43a81c90a5199740169a9870fb3bac6c7af11f,c05f2fa769f61c6431617c3576437294477f16db3e79f308a00b1eb9eddd6c81
arxiv_nomic_100k,profiling_cost_only,492,896096,98fce8745447c0c6c0b212754a0793a092d282bcb5c4471b327b51bee2b46ae5,fd1cbeb33f442819d8203b64a8721ed96fcc14841afd29a059cb8a72c0d42a4f
arxiv_nomic_100k,profiling_cost_only,493,896963,d6c6e9bd5d5d2a70a059075309100ba5a2f6efa66dfb31386aee8d84e8800cf7,e8f47aa498df2dee22f4d21de6b895854086ad1fb7de9f7c0480e6418c767121
arxiv_nomic_100k,profiling_cost_only,494,897029,f700364abd314dc52170a8ec54f31be3da6e9511496e35fae8449fceb5d01fa0,662d15cde5eea1fd868ac847b9577ed026a8ed12f9172d89744c1b4d3939a9ca
arxiv_nomic_100k,profiling_cost_only,495,899475,feb7810ea0e71e0070d9760644406a0bfe87842dd1aa09fa6968ced77670c3eb,6269081d71cefd6f6b20304c648d067aaef339ba481dcc3b03e562b952dbfc47
arxiv_nomic_100k,profiling_cost_only,496,899519,b24b42af8b8252aff1f0fe3f7fce3c639c2110d14f05f3d88571d578b12965b3,e213181bbd9724a70765e5a0d4446f8284aa476bf098210ea8097bb1683befcb
arxiv_nomic_100k,profiling_cost_only,497,900496,678c3e251aa3b0ced49a87966a634143ca35bd62137f9f03472abebdb0541491,6d956126de947eb8f71720906e81c689718246d7559ac9c427ebe5cf65fdabb1
arxiv_nomic_100k,profiling_cost_only,498,900696,84e87a1f672af11a18ce6252767bfaade46eb400f2e03d24065fba4871827f0a,7d786f1f1f30b09f96229ebf7d9e1f1664dc31a68c65b5378c7a9cd49f46b380
arxiv_nomic_100k,profiling_cost_only,499,900928,c00498666168e00ad5c2d80205d57fc31f4889b07828c403838d7bfeab91fff0,6a9360131c01e53f7806e66726e07de9f041a6bf0ac8fa87ec1376d37942f2ad
arxiv_nomic_100k,profiling_cost_only,500,901561,4740f6224d4e8806f42bc100e2acde57b6b245926859bc0a1b78786eab776bac,82ab080215dc52fed5bd714241fa863f8d9db7591ec61edb62a424d5bceb1d3f
arxiv_nomic_100k,profiling_cost_only,501,903303,ff20ffb667c924a334c230e122e9f03ddc968c04f3ce24ec9ade9b0255914bc2,3ee0c33f7cd8d52c37f47fe69b6d020d32adf4279b01da361e46ffff3e30b676
arxiv_nomic_100k,profiling_cost_only,502,905980,0bf312c2ed0a4ce3ed53cbb94eebf52203f56e9a1ae9897c53e8eab1b0819f7c,af0998c5dfce88c59431897b83e6f6a8badefa8767066df7fd4d86bf90163ec8
arxiv_nomic_100k,profiling_cost_only,503,908188,238ac39bbf8f14df2f042c898a9a4ea282a06bc7f1b0c1d839be0ddb5d0e70bf,2b6ec24ddd53d11997423c3748eedfeb569c124e848a9c919924e5ee13749d1d
arxiv_nomic_100k,profiling_cost_only,504,908922,9e7fbc2279f43ca4165ba859cae69504e8260b61223c4bc1d9fdd0563c3fca70,98b0e06634abd161ab77a9c0108817fbe4d7dea426977777572198b01e64557d
arxiv_nomic_100k,profiling_cost_only,505,911796,f7d9005f42939dac5ef6a8da011a4bdb6ec9667cf814e03274236e37bd9b8899,4d01a52a70d4e42a12288c4edff2b6796c8c0a9080d7633161f72611dfa7f895
arxiv_nomic_100k,profiling_cost_only,506,912121,ab83374e4d643fe68e07d4bd80065a267be497b783f815a8d3286c7cb98a90c5,2bed702381973f2c9e7b9ac80fa4c7cb4d983fc368bfc615708c430bc70d0d7f
arxiv_nomic_100k,profiling_cost_only,507,912808,6a69dcf971d7a6faf3ba605d0e632d25cee88dde15314afb1b98ff516c9665f9,baaaf45fdcdcdc9f8b1fedd74dd90bc1438b0bfb08180de24da6544ee04cf133
arxiv_nomic_100k,profiling_cost_only,508,915805,d982bc2c7f6f2b29382b9113d6e049d37dda6c0830a618034fd2116354db4284,abc461d9317cdb167166e2059f03a8f599cb06e1dd0273218dbcb935ab4a082a
arxiv_nomic_100k,profiling_cost_only,509,917836,f7304dce73582a1eb2254f85bf0196434d7fadfbf1adc783f8683b457d28149d,3fff491205c3c3536a29d790d6a336223a397ccf1966eb269d8a3cefd23d7c38
arxiv_nomic_100k,profiling_cost_only,510,919586,e68f726cf2203c950fe617b61a4beec7acde367471b2d17bde4f13fa68f1d6f0,8476fa184b3923c753a88e8f85d7a1c73b79a19b121dc6c79363594e8784015a
arxiv_nomic_100k,profiling_cost_only,511,921770,f5e7a052affa2ed38add58aeecde340b78fafb9a554a814ee72fbf7cc35d639c,ceedf10815982e5a6fbbc33f3f883751dbb3bdab4fce048545010f15ad7001c3
arxiv_nomic_100k,profiling_cost_only,512,924222,38116a2a73b6d153ac91ca84f1fbacd234a2672ebf02543bd93976f0b03ab22b,f9ed3bba1c5a786c1234de74c5269728a0fd67ded8fb4c6e5d6bbf5485d354ff
arxiv_nomic_100k,profiling_cost_only,513,924961,f54a678353c9944833aaaeef97e0290f08aeb6c55025947b9b16d3c515befe2f,d9a792514623d192b3fc30ad3030cab8ac06012426b6504e5cc00012a777d432
arxiv_nomic_100k,profiling_cost_only,514,925165,48ab7817558be18f10c0c54cfc681f9f4498683ff33cebaf6a5e277d037c117a,07f258d1f8e8e0d3d72227ed2d38ba47e81104ea103469de79e0d9c726902c5c
arxiv_nomic_100k,profiling_cost_only,515,927197,ba97dc893dcc7bfa69c8dc6628ba41f3fac5843264ce32b435679e56b5ff285e,9ebe7ffae4376c2cd736ea178c0b2b24526a68cccab4b2bb6f7ba8c0e92555e5
arxiv_nomic_100k,profiling_cost_only,516,929009,0a6d699a6e4eafe94185575d7ddf72a497d62955dc5799d6c5f80e860233da93,e6c57c2c197c64d0596ab15e9d6771ea8741f93bbc93a9bcf0b80200213ba28a
arxiv_nomic_100k,profiling_cost_only,517,930379,988f60fd6d68f72f4a752a3a572a1da53055c8a88b758e803acbcbb081944850,d58bae3d8627a6904e29dd3a68643343136993fdc7ee026452e679f1df4981ff
arxiv_nomic_100k,profiling_cost_only,518,933630,48842b9690c5953aa878d87b5d76f1f3529d1205125154833a0a8326c0759f42,0b26056bd57e63a74636ec5099e03930efe32ee96356d6414016c2c1c4044743
arxiv_nomic_100k,profiling_cost_only,519,936513,aba78d13006873c38b3bf3a88910938041e935a79981e6da9687af0c26adb247,dccb79839bcfdf1548a7af1e9703eaf731e8af81726554accdea11739e4c482c
arxiv_nomic_100k,profiling_cost_only,520,938174,df674d9fd883b7d1a78d56a79fab80e8d0f012a9514522e11ba45e980d2b817a,aa70c7dbdd793073932205fe87a7bdac2f3e4744e04527b37cda7d6200bf1a02
arxiv_nomic_100k,profiling_cost_only,521,942892,1bb24db4e56acfb262add298b1c64fce334b3ed5b3e9f0566b8d59971f6be4d7,987b087bc4521f87d4c1b2847dfddae7ab65989975de3606c5323743ae394174
arxiv_nomic_100k,profiling_cost_only,522,943831,5e7d420c8cac84d4c74ec278a800e2c1737bfab04f733701af0beac76a9b05eb,6417dc8e5879b7850db9f9f3685e45daa4d1fca378e3a25d4682e8de25543e38
arxiv_nomic_100k,profiling_cost_only,523,944549,7e9c6fd26ee37bb99c246fb6efb32400c7b153d031ad7428fbd22b51564b048a,ed6265d1aee7eedeacb45a2a615d1398fba2ced418267f1fee388f34f570a356
arxiv_nomic_100k,profiling_cost_only,524,945957,1cd6446b97b4491fe94efa42a2bbd1f2ea13861e44379b5ba0f75f6495762658,952aea85de019f4cb83a4750235805406db7c0718e799d165cbb7ea797acefe6
arxiv_nomic_100k,profiling_cost_only,525,948128,f2dd4c25eb4fb501bcc28be3bb7d1873443f46b92e534ccf9c00edaf1e6abb37,36fd7d0096a28e2424da7d825d133b63789e5956956af3a9e6ec90bd995dfc24
arxiv_nomic_100k,profiling_cost_only,526,950225,13e9dfd50a31ae697909f0278e267aad946b1190da95ecbc628ab59e79927126,66c18911b2ba011b2ef88b66b130351c83042c5d50a5fa8a14cec0ba9317b47c
arxiv_nomic_100k,profiling_cost_only,527,956074,37690b0bfb1878ac7c21147fc260d777a407900f748f8ceac2eb5ab79a4e2e8f,290babf9f0fa9b9ece73f84ab3ea204e820efcf8d36e9a0ead3253f865e0c10b
arxiv_nomic_100k,profiling_cost_only,528,956898,ee2050770332abaf963c1ff216cd28163fcc64d37b8c72f22430c2f80bec4dd5,025dbc75a9450e78558399510d4d671da9e75dfcf7d2182d192b6e90481d61c1
arxiv_nomic_100k,profiling_cost_only,529,960310,4dd77b2d6b9e8c3945137da2f6ebc9b43f364ad2300ef664815e6b0adc384390,60c29f9a9253fc2df26aa194085562fdbd33f31c61315c4700cc8cc09bd959b8
arxiv_nomic_100k,profiling_cost_only,530,960518,81e6270034851f4dfb0eb180bc9cded4b2c3395a88968fa16399c3e1628a8d59,d4e98272b8bbda6600e85ff8702ff82f262ed4a3c8121c55688ebf57b30b4ab6
arxiv_nomic_100k,profiling_cost_only,531,962318,247d1b2effcc98d1edf7983bbf7a03b0017c79a2257951c72cec3c5c2ec3b858,ae77ddd9680e7bb9db21c80278461654d904f6bea4cdf8ececa56a4a6ee0ac49
arxiv_nomic_100k,profiling_cost_only,532,962912,869d27caa58dcd81c05443f8ea81d68de928ef508c6a1156ab33a582a6ebb09e,9904d126352dd05a3a37cb01dcce56910c9ccf3b9a13020a134f634086fc9d53
arxiv_nomic_100k,profiling_cost_only,533,964312,1ad2d5b568d565384bb3eb079f18b1d7f10a8aad2939c2ab39962e7ab848bdcc,3029b7e9351206545c29dce024901627801e0c5900a94c2483c16d4144605ec5
arxiv_nomic_100k,profiling_cost_only,534,965175,43eb902ad22f8a2a246c2f17eccf9c51d23559a2217e1e8e4a5aafba59f5218a,ad94e051652464ba3a24cec99539cba0af2f70209c6fa28c0009e2b97eccd729
arxiv_nomic_100k,profiling_cost_only,535,965689,af8988921e96584861ab19f083e08e38c5f2e7b6964b6a672fea77802696b4a3,2627c9ca73d956766e0fcc78e2568c202ae1b24fa4ddb8241943c9e556303e4f
arxiv_nomic_100k,profiling_cost_only,536,969089,767e3baa3299fdab15d028195442e9aefca1e6d7a847445fec15e57e07acb097,f360e40006dd73cd6e0ead5db66d47dfac694c5876b976178fa9e02651960239
arxiv_nomic_100k,profiling_cost_only,537,969125,f872049cf95dd81b431e492e95b91370b71f8217b1e2302eb721827e9fa70e2f,d4bf724600e298be20315786c650ea126dc3c8955e88810170ba1a21a5b07ab2
arxiv_nomic_100k,profiling_cost_only,538,970211,caa423efe587f275b77aee21ba8b0233f4ad2619cc296ab05e71fbf29df0b20e,181ffe8c1457ea4ecfe703c6b5ad67f5fe422baee753363bbd319fdb7ee0b5c0
arxiv_nomic_100k,profiling_cost_only,539,970777,5dabcbe2ef0acac0c358cd17be61f20727be601d32273c972990eea4942f0154,9bd3c7430103d394268ea090855bf71ac46030f04578fc4e992a1b80e6e832e8
arxiv_nomic_100k,profiling_cost_only,540,970801,ec00f6a7ea73b815a91ac337c79fb6c063d4e0b3687ec23a73b82b9c6620d0b4,f76bd6c5fc7ba0b123b1c1b9610b4ef152f844c1beb5588440b7ff090b5c4a2f
arxiv_nomic_100k,profiling_cost_only,541,973424,3da432a446b2c4ec97b43a05220138d170c612042b46f01605e1ba6171d89546,c703a7571f45d5d1e21645132fceb37c3bc546beab8178b9c87ecc65e169ea66
arxiv_nomic_100k,profiling_cost_only,542,974553,ca82ccb020735ffa736348d8ab0e4dce12aa38d1647e21c3a50acc126a79040e,e3e8ced3f5ae89c2cf71fdb6cded2a008ef62f210708cbea95f9eb9042b0c10a
arxiv_nomic_100k,profiling_cost_only,543,978169,b0a6e2aac4b465f42d3af82db356ed73fb271a8c3fded88d5bdafd4ad5398312,da6b72a42fedc0c57397e785c301021ff895a157d9e6a1f00b79946d6aa2f663
arxiv_nomic_100k,profiling_cost_only,544,979398,06ed07d823c7f28ed9e0db0da1b3f85ead249bbc5f9b9a16972b4718ed978c58,37cbe86120ee4b6b0473db477615d351a596422124b4ab1a0f0178e46e5600f4
arxiv_nomic_100k,profiling_cost_only,545,984861,86a32d2e8e007363b5c06a08b7af9916dcaec0b710fc1a8c2322ecb4a86090ce,350dd67b18a90212bc64adda07a4fda33d70e9ca36a1d29851f429792a236bd9
arxiv_nomic_100k,profiling_cost_only,546,985145,d9212b8be7da927248b6ecb0683bca1a9f8d8d9a819c1c45fd2df6b518561f87,2dd183b0dda1c663e30ef711f5ed5760ddf1f7aa102ec3d86d125f84c11e5a76
arxiv_nomic_100k,profiling_cost_only,547,985765,bc5a2f5bd1cb3f1819958051f71c26ab1395ac154a2201395d4511d2092fff70,4f4fcb2237c5866065ae1b9321196a919de53fd19f2b8bdd85e076073c7ca710
arxiv_nomic_100k,profiling_cost_only,548,987383,10acaaaaebfabb873e41c3a886c8e4bfb2e0a19ea1303da56ab67be902837301,1b5d91c211ea3b5f69184496f83a0ae8ba69756927ade9116fac13eacca26d0c
arxiv_nomic_100k,profiling_cost_only,549,989347,d48c915b606edea752c05830e81833be07d4ad05bb121b2bc4ce2bf4c27d0e57,9435cdf1105d8be58f7a2c8fb2d1ce5b400fba9fe4b226c648b01640be3e5755
arxiv_nomic_100k,profiling_cost_only,550,990307,7dfa787f2c026f8fd99cc572d989f7e8fd069633b65f01161bdb5ff42943bae4,d6b76a15ab23cf2f3d26776f6d11ba7c3bcda2a01d9474445723f7860c81f1e0
arxiv_nomic_100k,profiling_cost_only,551,991486,fe81c583f9c4f6a1eff3decc3e5dda4b6f945a28919126cf6d1ac533c60e0254,6a6eaf4167157678146d460d913b159fa9afb65a784c1ca08cf159c6a05cd2c2
arxiv_nomic_100k,profiling_cost_only,552,992803,14fb4dc96489bbe34d23537ce157973657c9a610d3b36ef79adf9fb89d23fba2,608db059b08a03d30717161bc3a0d6311f18427d18830562ec0d7afabe4b2ec4
arxiv_nomic_100k,profiling_cost_only,553,993060,48771fd7cc4f834c3bfd2b65aef495d4c35e42a7d08584bf18aad0997a5c2ba6,4b7b4b162820b111968a6e6e47cf20271677d4b490a2bde3527c12cf5725b60c
arxiv_nomic_100k,profiling_cost_only,554,994287,d29597b872d49568742d93ad53a6b87bc4fe17281a48aaf9ad8d3045681e9304,309e00b69bc799f0830ca920d94175ca841f039b093b75a3f62b2e164a8483d7
arxiv_nomic_100k,profiling_cost_only,555,996019,271c77fcb2f5ddf65b4a6e312a35b60e87105697d0a86d397631a7c9adf97107,77cb86b67f0df14ace78c44fc96292db5d6eddce59081287736cc719f18e41da
arxiv_nomic_100k,profiling_cost_only,556,996959,909b8911eb07f312adb1d08c0c29d4bffb2ac1ef62dac7c87b660ed730ac561c,81fc572f71feb8cfebe5e4d60d695a21dfaacfb964b7a3157fe05d8f65d32b32
arxiv_nomic_100k,profiling_cost_only,557,1000811,d5a8de944f1430f784e1f826ff587898ea1a131a5e5132922b9f902f0d339d27,9df5e57dbd79419d6587bd70b343cbce73adf2cb9d97b2a8e8205ba3f45f1500
arxiv_nomic_100k,profiling_cost_only,558,1000972,de11b5af4d0d88b5e960be17ebe0d60b72c24b0399b8734e6d287107c533cdff,eeac5c2881e16f0d77d0ab4ca1acc21b9983c365a9782aa2ef4866e675762f49
arxiv_nomic_100k,profiling_cost_only,559,1002790,84c78f6f3cbf93b02dff1de2b08a82fca6653e794b5a28556ec78135b39d16e0,72aedeb12a8daf33c34000bf2e9b9dc4bb02a0d735cdb79ddcaefe15108a3664
arxiv_nomic_100k,profiling_cost_only,560,1004922,d2e092f274d2086b9902ce1189c550d6d9b8eaf7ef16b55bf08f18a87f11bd73,00a32409bd344080c0a815b70259ba7af1bf4a397b062202b0fab304f5e7e288
arxiv_nomic_100k,profiling_cost_only,561,1005198,8746f259255c169e1afc2a22db5ca87d5bd9f155c6951f93fd6a26397263de50,20bd83fd4befd998d542f757cf28ac99164435b5e050e1b5aac9a1b1cba70d1d
arxiv_nomic_100k,profiling_cost_only,562,1006333,5b22b5a79b59a8271d5a2fb847e822056d0ec6587683fde712b52eae375088e0,de6d4079cb1fa6d4e6736c19eaf5b38105f457a8668551f46a062f0e02ca6252
arxiv_nomic_100k,profiling_cost_only,563,1007732,96aadaa68911d39a70ae92f71babbb9b7b605454efa4b70774cdb9109c0f1c94,b373a88c7e7dc5dcf61a88dbe01567fc7f35c8da175d462660c875a283c1ff70
arxiv_nomic_100k,profiling_cost_only,564,1010342,d41b38480a2e865d18f237d31f9474c0ed4be951782f005c3956c801a3d7f8de,e2e66b122ea8e14f6944c8e965dc0d826bd8431129cbdec9b42d171ad7451d5d
arxiv_nomic_100k,profiling_cost_only,565,1016998,fb6a36f510375a3fd31c72c24397280690354085aecea9d1b5ccc8bbc8541bb4,6c5bb2c1e17452b7cf1934aa9f6f63dd79b0c77c86631902d38fff9569d48931
arxiv_nomic_100k,profiling_cost_only,566,1017601,3144c418e59b504424fd8dc8da4c770bfc1550e046a490fbc6915c3870a32912,8afc9bc83ab4d9e3d86aef661c406ddb468c1d4fe893e6b5796713906d85a0a2
arxiv_nomic_100k,profiling_cost_only,567,1019286,ecec0e9a568d2c1986d0912ec3ba17aeb53f659e008bb5a6f50c0842e68352f5,e332e680b9f94af3b63d4ce6222a30545ba1deb28395e5469df77451e7e11a20
arxiv_nomic_100k,profiling_cost_only,568,1019528,ed199c083cba0c91aecf787d3ac734b3188417a1328dd91fc7c077da4b117a2d,c20da7eaa0c91493cf29ab0974906fa42e8e6e57a7e9d735aeaa69b9348c1e08
arxiv_nomic_100k,profiling_cost_only,569,1020927,bf2004ab25be00dec1cb898a89617a0509309068c2ba86ba75f59cb05966d5fd,8dbd9441e23ef00d09515795781b19dc8f04ef1a623fe1dce32addd4b46fa105
arxiv_nomic_100k,profiling_cost_only,570,1026392,ef0d7395f8d4b6c5a2b0e62eadbdc86d75d348bddeb40ef648e67185871c561c,39115686ffe39cd9dd3c1d1c8e6f0cc3ea0116d3f0a5caccc1c3a056c28843f7
arxiv_nomic_100k,profiling_cost_only,571,1027417,e805c2d36ac5cb58ee02bc973981f5201075d44408d54dde72c854cce32871a8,70e6db4cc5c064de22f302850670abc532cd15023f7c70fa12da29a57ac75da4
arxiv_nomic_100k,profiling_cost_only,572,1029698,aca9485ddcbf738594be3cb6463af2a69db9f605e73aefdc1d938a80db60ce38,b77991c23f5c53e1eb5c30f88310c1d357fb49eb3fab891877cde26ef38a75fe
arxiv_nomic_100k,profiling_cost_only,573,1031266,5e87a77a8b79ba5f44bb6810066827abf7d50913de13c413a006fa7895afb495,67a3fe12887e35c9b05eb1931b0254197eaa344068ba652f93334be4c109f307
arxiv_nomic_100k,profiling_cost_only,574,1032064,54953dfafee3e4a1acc92f59ea43036b6dca5cc86f9de7775d04a22094d0a600,183bbd55c537f2d76961467b2f110adcb11bfc3ca31acc0194e7733b3beff0a3
arxiv_nomic_100k,profiling_cost_only,575,1034134,81fbfe2b34b716b1a9a868b83912f6c46b2d0bfa3f3d83e55134e8f41d9f88d4,f6ee403a2d8c92882199abd17c655430c56e46c8afb0f3b7dd259bd94eb07f65
arxiv_nomic_100k,profiling_cost_only,576,1036211,c42adf9f8f15a52adb1f58057675f3f58d2412a5c592dec1f18a8cbc38207f80,c47a606582f207023001020e5bfcaa8f7ce7bb426c584bd5ca8f4bb91f656e47
arxiv_nomic_100k,profiling_cost_only,577,1038980,a7f6ff8869346d7cdd67eb505c06fb87e9b30e0c0abe8872f83a55116f50626b,24fdaadc38f5b42d55ba764e191106b4aa13cb61b5a8b5114c0ca8c8002b8387
arxiv_nomic_100k,profiling_cost_only,578,1039486,a2184f61346b59086e2a3dbe45775f00015f39d584291b633c9b14caef08623d,d650282799025ded3c6f2e2b3f4f3f3125b449ba188650ab288079338c510b6c
arxiv_nomic_100k,profiling_cost_only,579,1041855,e1dcf853d8a2ab556764b1d56c526387e4e021f49458379e8a96488e602f9a13,8fa3f9817d113b0d525d27d846269ddd6627a9e7f5bc4a338bd9c92e84ec47fe
arxiv_nomic_100k,profiling_cost_only,580,1042103,8ebf804cdbba6c7dad9ce8a3d63444e96b6ea81c30dbf969d90b8113348c81c1,d7060d223abb1cc4eb07a084f439dea22907e096694edf9a00b6a9872ebcb2df
arxiv_nomic_100k,profiling_cost_only,581,1042845,6f907f2e2c45497959aae464962353a96920cbdd468632522847c859d1117823,76f47f3c67dee363b74514131640c6da8c4e1b547fec61f88410a402fc8c2f3a
arxiv_nomic_100k,profiling_cost_only,582,1043300,8a031acd71192657e74fda4d09c9b5a3d59af04a6c12b865bfb97009ccb32b8f,c30fb0de52a8d370e7eedbca2e06057ab865f2d00ac4769a0ce13c528b772879
arxiv_nomic_100k,profiling_cost_only,583,1043791,7b736a5e4723d0df5e9a322a231f7531a3977638d1918b6ca5bca74f9a0faed1,64ad6e2e17fd3417066d296482e6195aca9b238f035a6b5fe7b6f54bd2624ae0
arxiv_nomic_100k,profiling_cost_only,584,1048715,d8d70121b1b4e82ccf6dbeef113fc088d3189ff998390ba831966e187e6ead61,24689b0559d8d26cbe2ebfc9c9ba3bdd078525785e16cd52760148a45a78839d
arxiv_nomic_100k,profiling_cost_only,585,1048864,68f0f87b1f3b1379301a37ca9e7c89d3e2c5772b7337357f9f1bac1eea95ec78,5786fcb1616edec533b3d250ad501bcdf7af4e9aefebfa8e886b3f4e89dc579b
arxiv_nomic_100k,profiling_cost_only,586,1049256,21775ca194f6090b4f2536df6c024f840e8efdf29d196dbb7544088551caccc1,548721de61ab27844d6cf51a374807e843960fb410223da0c5a39a789e382f5b
arxiv_nomic_100k,profiling_cost_only,587,1054666,fba0a65ad199e9c4325b3987fa79c30394419ad03a556ae99a13f5e0616de6d6,58f567b6e977e89e188ed91facb04442ef234bbb7c909a06266dd2e950ea0b3c
arxiv_nomic_100k,profiling_cost_only,588,1061187,9b8ed72a2e882d4bf7d71146dc8c6a0202a381a39a2b3694cd5246a0cb3bf7a3,cf73a221d4f775ff132230c533a8d95b06a12c25e756c0baf5380885d554f3c7
arxiv_nomic_100k,profiling_cost_only,589,1061668,35641100b00eaae125ed9a94a87d63fa236ec0b819d705318a3a65e376cbae2a,44f80dc4d51b92976707325f84c3ee9bd1886e6294ec778c7d92ef7496efb55e
arxiv_nomic_100k,profiling_cost_only,590,1063094,7695245f338261c6f8e7b121a46e217c87116027ae7578e8a9b85799d239d0eb,54af2f3087baead7b8261101a246f71b882c04306174c9fac6910e8328af54c7
arxiv_nomic_100k,profiling_cost_only,591,1064518,16a2a568d8ccd50bcd8974e9fda63c869cdb528d252a74adf0588350998bdf8b,3c10c6a86354b79b8a46ee0b823179ff1900790c20723254ef185b8c1b803a5e
arxiv_nomic_100k,profiling_cost_only,592,1067394,1454fa7d9be8f6234dc8e968ee51717e88dd122c7333a25e73ac6d89b87df24c,b2e9deb84afafdfa4c8c2630339e08f22abcc24c00c42600277ec15ee038cca2
arxiv_nomic_100k,profiling_cost_only,593,1069056,3c9838dc4fbbcb8a71d0e1a46397acf183b2cf1727c0285c492ad877ec5456d5,eb0cd751e305a900ec49e028965ff9e76725481c3969dd622cce65b06fb0810b
arxiv_nomic_100k,profiling_cost_only,594,1073491,0a9891217a2d3add56d420844cae661211dabc619e61fdccbd4492d8ae51d5da,f35299804a83aaf6ab9ce12b5048e885badb759ede9389f5b872ac43582fc16d
arxiv_nomic_100k,profiling_cost_only,595,1078919,67af3b559a2fb36e6b5ce885a99e5708de59dd5e65264bc9b738168afa9ee04f,30ba4aa853ac2f2a325a361160560810f457f1cb9e62fae60d197d7cb218e13e
arxiv_nomic_100k,profiling_cost_only,596,1082537,8a2cbc118be86ef6dfb7e688ca66dea9c5eb0e022727895fface5970d40d0f78,cf99427b143bbcfdafe6f42128394270dc0e911ae5953ee2757ecf0bc9e2c1ca
arxiv_nomic_100k,profiling_cost_only,597,1083354,9890dda767f97fe09cf7c34e158cadb8cded2f49d8c4d5fa00ab7e2b30ebc84e,7f9578d56881720f0575079524f4ddc89704001c8fe6b54fafa50ea55209c98c
arxiv_nomic_100k,profiling_cost_only,598,1085902,bb467c19e853f965db484a74de4afe09cc72f8a7c785cbf1406618d62b679e75,2e3ef55288af0d5ad0c255eb442a28df1f8a40dff42528466752f5161926d2c3
arxiv_nomic_100k,profiling_cost_only,599,1087154,da17d4768eba13dd81352333431208e2f4feada4c927f1caf3aa874ecf193b62,566b40edfa40c843cf47d3e3b18c18ec6847b8b59acace028b9a4c2442ee7938
arxiv_nomic_100k,profiling_cost_only,600,1087564,0e833908fbdd967861f7fa55cf958b1c0ee3dfa857556f817aa13efbedf22d36,cd67ee6fab5ebfaecfca5e170a6d7b59cb8207d126797c122826afe2f7f46023
arxiv_nomic_100k,profiling_cost_only,601,1088319,279c2b180497a93adf6625863204d7e26d7800acd9cf1d3c7c3062bcd5aab8a2,4aec5f27866b6c44b3937dfb0e384057f4d094172bda41cd9e9e371fe4831234
arxiv_nomic_100k,profiling_cost_only,602,1090055,f65afe14072da8149acb99c1fe83fd1516def1e1602cc555df34499a1554a4e8,32ace60799369b2c163d062e3df39b30168ca29abe06c40d24c899eb834a6945
arxiv_nomic_100k,profiling_cost_only,603,1090703,29ef9ca06391a8b455d310704bc19cbc1192fd2a2a5de161d4df907ea83de338,66229fba876a4cc7bf829e1aea73974099a76d5e9719877fcb34aa5a42d50ead
arxiv_nomic_100k,profiling_cost_only,604,1093069,150f016d455b7c58c45b1c6a85f3a773e49f39f0c27ec10d7370bd6cbffb5e07,009fbb5889742438025c2db8a3be5844b065897c237688a6f4af2e0d8a11bc8c
arxiv_nomic_100k,profiling_cost_only,605,1101504,a1561e810662682cf75526a61a3d17ef19c025c7d3f49a9a0ae655b812c98d6e,bc203bc7c299459463bc96ba3c861d87bc915025d12158dc161ec09e97997c4c
arxiv_nomic_100k,profiling_cost_only,606,1103054,c076aded9ebf3cdd0d6800f71f518675fd517dce736e5958ce9f2f74d044d81b,eefe4150615c8c5f6ee71df5707c0107e90247d84897848ebcc49746caa20256
arxiv_nomic_100k,profiling_cost_only,607,1103130,4edbfe8612b27cf2d0b17fc06f29bf6da62778c5a9ff80ed6ec2a61579f5a628,72953d8065553d6b4af3ce6028da3b27f7bb88bb05f78e3c240ea8c2c7989461
arxiv_nomic_100k,profiling_cost_only,608,1103343,6553f40b0de2e41eba3402d59e5e3c4b182dff7ae23b9895655abfea04eae8ac,ac24ff52c47331638e0371affd346e6e4fc22f7597cefd50e8a999279ad2901a
arxiv_nomic_100k,profiling_cost_only,609,1105034,4d8f2df6ab3536aff7aa76c6c62bf6dc69589e70b567e83a3cbd036081bb1fbe,deba74c19e1e449131aa1099ca03af223b61461584b9a1a68b2a7ef656b3bd51
arxiv_nomic_100k,profiling_cost_only,610,1107544,aecf2b481a9db1bae37ed2fa1d956f28f8f9290315f3de15a33595c88cf05992,22508e81b7dedb8b965948d8789f77b79d797d993ec04d192e9c0865bef61c01
arxiv_nomic_100k,profiling_cost_only,611,1108568,3c4d50cdf59ae4c1bf5ce1c667d60b9863a07542d2b58e1f56eab7006c01c607,41a37f396b498c8ee70bb504dd3882a55bca5351f1a3dd6891d9461bb3d07935
arxiv_nomic_100k,profiling_cost_only,612,1110506,979d393165727cbb75456c3da84f741c120522a92c53e425f64ea40eaba7bee2,f1d86249a25cc5deaef4b82634c63ec859cf996fec1076d9dd6da910ab37a88d
arxiv_nomic_100k,profiling_cost_only,613,1111294,7585689c50f99016379f7f1774b9046dd86990072bca53bc18b1e0a5752352fa,bb1efdc689aa6c2dcddc672453c67461ee3bfc9194f48e6b5e93de24610e5123
arxiv_nomic_100k,profiling_cost_only,614,1112664,3bd6d8d5d53b131bcef579f0a21fb8889ba046bf2dc649b817526b0182937924,4a9f533c70b05b96d3c14c0ea828ece4103455c90447e2b76d3df9e9fae00984
arxiv_nomic_100k,profiling_cost_only,615,1114451,98271df77ed54732d1b5efe9496a15a36703f592034ffd20e992defecde1b914,dea78d3c2a10578101160f2fcc950783458cda3efac3ce8a2784d9785cd87a14
arxiv_nomic_100k,profiling_cost_only,616,1115943,948dbd22a5d7f6dd5840bd85ba118c2cf7d8ec6c5f138ee1c7ba63fb327db6b1,0e6d9c7ca4515ae43d054592feb68735bf3b37fb53dcb5869406b84ab83a08b4
arxiv_nomic_100k,profiling_cost_only,617,1117906,39d7e23d48be5fe7fe0b79adcf955a137d2a63bcbd5935065fd2f9de4b9b4ffa,c17b5944f325dca990ab905e364d6b19549d29a1f586f1852b0687f78a581a37
arxiv_nomic_100k,profiling_cost_only,618,1119998,735c25263a925744075bc8d2b9539c031d6fab6b26879c0952d8c72354fa6f67,ed806f6b2dd25ddbbabdc955442da0ad2cf1d0fc164fb057215d4df0a156e1ca
arxiv_nomic_100k,profiling_cost_only,619,1120605,cafd60c3494b1231b872aaa0228245b55a9356553dd1db5cb30976c2d0ee4743,c8f4cbbb779b6f1e75329e8cebb8d40af5899cdac9603c6349809984b11b13c8
arxiv_nomic_100k,profiling_cost_only,620,1126031,f7bac615425f354f5d4eca0d10d0cdedfe0b73feca113c5e0b25788f5c54a73d,99afbb4ba8352f3dfb3733083caf8c463ba47817e9235c0db61a667f506c0544
arxiv_nomic_100k,profiling_cost_only,621,1127418,2c4d53077313e22ee3f7cfa9eea07d433e01649fa559042b332d0342beaadde5,ebc98baaf16971e4165a004329677a20b2471a049a6588e898d139105df7f130
arxiv_nomic_100k,profiling_cost_only,622,1127809,17dda700a254762a41487f316260ad3ebba74cbd4478cefd592a4351385c211a,cc087657255b78c041876bb0922fba483d4b528f5af44cf4b97dbe2727898da0
arxiv_nomic_100k,profiling_cost_only,623,1130182,5b14c9d015d2fdc8d125032cfef8f9566108c4f0cc2cb448737edb8b5b567c8d,e3f06faf3460ea157c84e0f44975515bcbd0483ea0ea95947378e842714d44d7
arxiv_nomic_100k,profiling_cost_only,624,1133375,1fbca3a732c127928fa96575f9632bd3582839bbc3a85f8ce8601d804c806ddc,219eef5d0a8adf93a0be9b94d5a9e27fc3d10c75fee16a30909456288f922752
arxiv_nomic_100k,profiling_cost_only,625,1135155,024582ebbfff6b7a64f2d850749c1ba0566c80b4098b45b207ba490eef013290,11bd988c11564f4ace5f935a85b7ea84d2b1d11791dea8f6e283e5254388716a
arxiv_nomic_100k,profiling_cost_only,626,1135503,72dac0ee1ea67ae8f173f4f9c55d7bd3cbe5e2798d8b375ceb6d5a334618b58d,20b9e8511a3bae81f876aaf8b0704f53d8cb704334d057448e3aa421df4f780a
arxiv_nomic_100k,profiling_cost_only,627,1136668,e2104b3b8420bbc0bab0c2b19ba24a9a302c7ab57c299f4620bbeb0b3808e39b,e113f30c11dd009e49a7f07f8bee19baf6fcec70d8517a2f89a8026da2c320b8
arxiv_nomic_100k,profiling_cost_only,628,1138879,4b0d426e731fc01cd637165715d996595584d88e2f08f63b48c2139d6c4dd507,53700b778392ed374939d808d9de222b54846f641e7459a04b80f587b0f86729
arxiv_nomic_100k,profiling_cost_only,629,1139008,0c51671458b1a046f1319bb24d90fc170644f66851caf6286ecddfca1a44e447,5cf1faded7f973551e592ca7ff48d6792dab824ffa425cec9c353a94dd5c1809
arxiv_nomic_100k,profiling_cost_only,630,1141349,9950fa5da04c94a6fd370037fc312c5e89e1360ea8c78e09c14ed6e992b7f909,8c395c152f478ea64fe460004079d546a9b362f5577b5bd0a4e8cdb05b0f674a
arxiv_nomic_100k,profiling_cost_only,631,1142417,5da794f50cd9457e9bbbaf0d6c789e525f6ee8e80e0e9bcbd25a725908113884,4c4ce6f05b3ca75ed14fbf6fa0feedd314a536895d3d309f1c2cf5949574e9ee
arxiv_nomic_100k,profiling_cost_only,632,1142421,219642d549e2d9146b6235029f98fdb3ae10cbd76811102c6240ed876b019784,11ec892350d00ec51870ec3f4c0a0261665bd140acf6479b1bc23775e5462361
arxiv_nomic_100k,profiling_cost_only,633,1145546,e406cbdcafb5a730471eb6cd3605f28e27933cdebc3e1a400a08d42092263eeb,78d253046507de2f67af0444e6ae4f6e53198deb34b4af63408244323ae682a1
arxiv_nomic_100k,profiling_cost_only,634,1145621,88a686b7cd54f08eb2e0b46e66c56caece347ce08a4f8e01b4a1e6ad4fe6b2d7,bfbc97737a39350461c09045c5919cc082a05d8dbd90ec765149525c43294e2c
arxiv_nomic_100k,profiling_cost_only,635,1150464,1b772e30bc67a654aca3d6f0e00e7ae490abee56ad087ce344ef6a3c83b16715,0bc11a241cedeb37f22b3929517f38351336c8c00b81d62fb587a53038ffbdef
arxiv_nomic_100k,profiling_cost_only,636,1151405,d60ab54a9c3165b2ca1bf08aa53c0abba080598ffbb1c66c852c2c05526122b8,5e2b3e068c10b1a33392928a09e06de218401b0dcd997fe2a177ee65b6bff5b6
arxiv_nomic_100k,profiling_cost_only,637,1151756,27cd648dfcba68275a735915df074f4ddef0dd1f4f7eeca172578a494a523150,a8fb80fd3ca577520adcbdcbb9ffc57784436d2bcbdd479fb7ab4037a2b894d6
arxiv_nomic_100k,profiling_cost_only,638,1153924,9e5ca1c7461cf588011e95c5917e0f5e6faeed34ff1c837c1eef595564af14d4,4da66d9153286dd1702df5ea543ea0c2a426d91322e6be9151d0952779600343
arxiv_nomic_100k,profiling_cost_only,639,1155404,a3c968892d94b0069a130b6eaebf17dda00fbc821d04c397fec1d3d3264d5631,957319e8190bd199eddf939dda48ab4781df569b1f125594288aae35bfa9bc42
arxiv_nomic_100k,profiling_cost_only,640,1156540,5b62d95b5de38480942baece8a6a7cd89767279644bcb599ffd0e2cd06b5dc06,37ef0c82419a3c5f1473475faf1d6abed0b8a0658c9748dd869b24ee9304d4af
arxiv_nomic_100k,profiling_cost_only,641,1156787,48020ce45ff839e8d583dbb05606d764f74fe5501279d765ab79771cf494f6cb,cc53eeebf90fff725bd1ed3fd6d114821c54484cbee990cacf6ab1d7329bd907
arxiv_nomic_100k,profiling_cost_only,642,1157568,d8433f7ad27273382d898ba243ede9b5630545df90c33be7ae0423476a4e8c87,f54e1a584731d1efc05174bf9d889a79f4e7c7bed639ed2db62ac175ae62fa0e
arxiv_nomic_100k,profiling_cost_only,643,1158339,b96914d10be6582fc74a476d86105622f3f582837ceb922437fdb2e3554d96dd,8792de0d08b9b4c47514cd337a5d9335c52a9dea75e1f38ecc9125dde6d5eaf1
arxiv_nomic_100k,profiling_cost_only,644,1161056,36c13ac670a14e035adcc865dc668f07178d1515d596732e33af3df8b316a244,caff678c35b84c64c60a4b37a50225b76b233b0ae6bd9d61a36d4d318e478148
arxiv_nomic_100k,profiling_cost_only,645,1161946,5cdd0f6ec7e390aa5fd5df3163aca440c2b718ec16383d7d388ae0746623b51f,ad85147eafec61c496e2f6c6fcd53e2c13646d5068144cd1facdfd1e41e3f3a2
arxiv_nomic_100k,profiling_cost_only,646,1163234,028cf56ba7f37a190986f04a5ea19d36b1355f86c2f3c2d640ac80b209cf172b,5720ae53fc9bc4ce5754d0a6d68a2e52fd08d32f2e0485ee25cef56ec3713bea
arxiv_nomic_100k,profiling_cost_only,647,1163594,880b16a4a028a3d55f21af58dc3f2ddba408ddae2184662c403ff1c450964b30,1a2f4f4e03cd4390026ae4ca8eeef925c1f6cfb4aa0d588d9acb3634c40d41cf
arxiv_nomic_100k,profiling_cost_only,648,1164290,258f923af4462f9b2de1fd6459277a1d22b00f473da5412e5d7fa60b7d736b4b,0893b3884b1ec7d4f35871b5afaef5b2d3cd1dd410c2282670111be83d6b635e
arxiv_nomic_100k,profiling_cost_only,649,1165755,00d3f39722cfbe67159e6aee42e1e67ab039210458718b1d7139d82e73c32901,39116b1a5e171137c33a45d85b85cc9da1c4987a947ce3d1a06fd9c68453c53e
arxiv_nomic_100k,profiling_cost_only,650,1166558,2c578adf2e3050d6490e89f45c6234b4a43c9a5ac407c153a308686dbe7a22fb,1ca761e3218ce191d733a762826b7f0c64577e49497e9b9729ffdcbced9a6c40
arxiv_nomic_100k,profiling_cost_only,651,1168204,efcad866866fdb2b661afaa59bdc32083523df7d495444fcc402f2c3ba0ce1c1,d799002e11fe6fd0d398a8d605df2e6fe8725336900f6873862a9a494d8e0b95
arxiv_nomic_100k,profiling_cost_only,652,1168401,e2e0a48040527490fd2cdfe95ce4e3b70d551af4afab326007033f8c406df00f,79278e0b7ccbf268229ae651d023153861c8632f6140d180ad988b768a058d00
arxiv_nomic_100k,profiling_cost_only,653,1169393,4da96a338d45e35c173f1eb12c97174a9b9e944575a075fe7bbe538c73edae97,384c8584bf6e0dd7d1f24e1dd84e0f9b60a309a61e0df395d8aa3168eb0c3705
arxiv_nomic_100k,profiling_cost_only,654,1171770,f8092024d6de59a1784d52e0d5bf6e80bbed6337997b7fd512662b9200e2be0d,0ff61fb605997c5f834f9827d1a52898d176248d3d68acb45a09dc60b4fd1d58
arxiv_nomic_100k,profiling_cost_only,655,1173005,9ff24e863cd5c483edffde27963f55b81719bd3422174ae98564f1256b1c32bd,7e395d27e95d26803f646ab8f5225f3b933aba42d0d1107a602136da9cb2d810
arxiv_nomic_100k,profiling_cost_only,656,1174909,d3f4171af4d190f27904b933fb390d59b733aee03377b832b451bff02a4bb37d,06b70bdfbec57a8b85bf656685876af04de313f283865c28e9fa75bb1b092536
arxiv_nomic_100k,profiling_cost_only,657,1175824,1818fa5ec5e937e22f83d2066d08744c3afba9a9b8fe013306589007487fb34f,03cc9f6a05d202669d4fb60e525917403dd761a68816206b216a651a8c32559e
arxiv_nomic_100k,profiling_cost_only,658,1175898,f542b451fa1477aecd6e0da5fea555f7cfdab4287fa72fea41d4e09c723cd598,203b42be69f484da4e53cb8a3628e0680fcd8578c8566dcc8ecebc8091c7833e
arxiv_nomic_100k,profiling_cost_only,659,1176012,c19246a979a99a3c40f3432e5e497e4bfab8d42269f28abe0d7ac380f73c56a2,ffac8cc296f725275d516f1c68417858701d580eb2000b62454cd066b1841437
arxiv_nomic_100k,profiling_cost_only,660,1176949,2c5b4ef784326c69b5db39690088485966e87cb52bc041a7fd22dc3737fdbf8e,3a7901039d55f54ba63f6d60ed856b72043057efbbfec89b4dab8aea035e1f48
arxiv_nomic_100k,profiling_cost_only,661,1179021,7169265454581806451dfd84c5f7534b32ac23beb86145d21e148d5f1e20b825,a210513bdedae912d698eca5aa0af6c922168d88ba5a8fb9dc50ffdbb4a9a751
arxiv_nomic_100k,profiling_cost_only,662,1179388,642fb78d43c1aa4f02dce9de4c3b9266264f09e0ce3d045af5f23d1a3e17ee23,844bb16622762d8c1dd324557be5e7703f32c710e1ab89cb1a9e34647b62110b
arxiv_nomic_100k,profiling_cost_only,663,1184326,316124046cf3d1a78f6b62f38484c922a272c79420aa4800de7ec0aa7780d6f6,c4d96b229251f12189fcdf5dab0968993786fd77cdefda217f821949b1bcf1b7
arxiv_nomic_100k,profiling_cost_only,664,1187224,79829a9ed321da9414e07444ec38c073c1329598d2306169ae89cf3523ed14e2,02e1c2560a886f8cd100c56a713fa88f9c6943e4cacca53d0872c8027e1f64c3
arxiv_nomic_100k,profiling_cost_only,665,1189017,06440a0c23a875640cde5fa324dc06911850e1b0cb9e78b78fab2898ca968bb6,e0ff5f8cf6440539cbbeea1035ae6d4d6a89bfafcbbf3ff097f8e91cb397bd53
arxiv_nomic_100k,profiling_cost_only,666,1190045,ef3f0fba5f675bc965739c66431f263d76ee421f069c7d2d6f3b9b6564abc831,f40808f959f150523990db6b219fca5e8b8e2fb8176f14cea8f1481cf564f3a8
arxiv_nomic_100k,profiling_cost_only,667,1191584,d6ec53bece1006c6cf958d44b1abf9c9d83e5919e67fe6b3f5ddd4b89d3c5ca5,573db1031076d57300587e5a14bcb91a706546f51fe324367d8910cbd691ee3b
arxiv_nomic_100k,profiling_cost_only,668,1193393,ce7918c9eec29361ae6993f22dbb129b01e88c0b0fbbbe269e0e1898e2f552d5,71dd3b759a549affbb1ae0223994713629801b7f108d61315062a5a27200c244
arxiv_nomic_100k,profiling_cost_only,669,1195187,f2b88e29339e96fe0eefacddc78bef519c119e202e8f3336a1ee726198813745,abfecd623108eb9194b75192fb4ac368caac4671c8f845d2d39f66550692f3ae
arxiv_nomic_100k,profiling_cost_only,670,1209755,5778725814d2128d441ddc675cb3887dedef8f8643fba84f586a1086a4a19d97,e02396ac0c304b3f91fb2b2c22c54a0851d331b6c3e7b99dc776dac7fa70714f
arxiv_nomic_100k,profiling_cost_only,671,1211674,5b7718544345e1a679b095f2ada93be5ba61aaf2184f1420e20dbe3a2e215f9d,0f493b78a8c4b79061a839e2700c7f575a18150142f305bb7e4a644ea691605a
arxiv_nomic_100k,profiling_cost_only,672,1211847,802307afa82ba79efbf7f19b5bbed77d2de20d3ec504f2fce93b8e3a90a37bfa,41248f3cf640666701703d60b95003a8cd2bb9dd14a3217b18b1b4df71c604f1
arxiv_nomic_100k,profiling_cost_only,673,1212380,37fa06652068d43a464c9baef194b364afc5e1446f0f609208ee07698d3aafcf,cc18d0826874f736969d180736677bf4cd3de538b835470e45db4e32d8522099
arxiv_nomic_100k,profiling_cost_only,674,1212646,07625244af0fbacea3fa44d5d996431848134ac4fc1298e716ae5fb49da8a2d2,a1e6b21225f52935e500cd8647de942372a08124207ef3a3b1e9c6b88ef46f70
arxiv_nomic_100k,profiling_cost_only,675,1213418,35648e5584d6ab11d91393be1491eca835fe5e03df1b19798f51612037d94fb6,9f7b53145135883e6e064e1637b7bfebcdda6db979904d9cc28f6673f42dcf97
arxiv_nomic_100k,profiling_cost_only,676,1213576,f67b31c70b5fb311b27479cb1579c21710e4528f1cfd4fbdd6708f82e8e38d20,58d46f43acac1666f9674150b5b467f4454ae5e0b1c74898b59be196893e7e85
arxiv_nomic_100k,profiling_cost_only,677,1215902,977f7eb377ac3bef8c1ea24a77fcea48272341ecba7b1666d7998f9ba0198a81,26d8bff46b855192908d740309748ca9a9ca978e2bb04f1b821e53ae8b1f4c7e
arxiv_nomic_100k,profiling_cost_only,678,1216434,0a858e82d388bceb5fbc7c981e82fc4b7570e56563a385c2c4fbdc1524a84b9d,f502951602b1fecb9e1e29ba222325936b2e305752154bf8ab0542db09bde615
arxiv_nomic_100k,profiling_cost_only,679,1216753,4680bdd5f41abf6cc3a93b7477682168fb708dfa8453bf86c9def44536fc16e4,10d7f8f59022d3f81f898e2a7c576223368ca7e9e516b2b655fb1942d05ca8cf
arxiv_nomic_100k,profiling_cost_only,680,1221272,a3fd6dc96792e93255d90765519bcb6fbcf3ad2e5e563d19eab36d29470ff055,7232a436b53642c5939a889c882e25bde4c27c994c0fb5ca1be814dedfe2da7b
arxiv_nomic_100k,profiling_cost_only,681,1223608,a39e9c0ed84068862036fe35c95af8f1a93f4d8e79a70578ad747320d055796a,f1b1dd4a360c09e597ace7a347e4ba06e39616758c332042e7a3ac9dbc344559
arxiv_nomic_100k,profiling_cost_only,682,1224296,17bb2a5ed0ba1bf623d804acc3176a42c8002437cd6bc1fd3bc57adf1486201e,8615457b16d07f31b505fa22836808cda42868d9c0862b9b5db8aaa38dad7362
arxiv_nomic_100k,profiling_cost_only,683,1226581,86577efb09e6a474336d7a44cbc36663c082fc02a3bdeebfefc526a796a4d545,7f41fed9c6ce6de4408a35666495768efd6c1cb04dca43ab29e77a9e957dd170
arxiv_nomic_100k,profiling_cost_only,684,1226608,306a9af36a1453a7395f54def80dfd3dce9965cb57164494fa46cd36c31493a0,6b90f284dee57a7aebcfe91475ff8f88e9b0612db3a4251de072da202d393a21
arxiv_nomic_100k,profiling_cost_only,685,1227806,4113fd2dffd63a68f82c4fcaf9a59ba38d6348dfb3d2c225d5bbcbc64d17688e,1441e422e95e576076c106d69b05688a7c29f084f0656a57517435ed7017d7f7
arxiv_nomic_100k,profiling_cost_only,686,1229368,4831c840a33aa2a3292e745281c03c9b95f85b193951ef5c084b9d3c8273ad32,ac0a098ee8c4be6e39626a748d9fcf92be427183e96baacb34c691596858067e
arxiv_nomic_100k,profiling_cost_only,687,1230720,e4f6bd72567efc96c930e8a6b151019280e0efd971c98f91962706f6d8a24408,acde48ebb5b31e38debe32688e137ff718e4d65f8c9fe16755a1ea38384ea63b
arxiv_nomic_100k,profiling_cost_only,688,1231283,cbe228eb1ed16b962b9ec964df1d0e3222f97c36d01bf82caa674655b0140ce7,6adea833120c9fea38c0e4e82a493dde2210ddff222166fbff9040bb12c35aa4
arxiv_nomic_100k,profiling_cost_only,689,1232326,b846a89e641648766d6b68f858f44d872338063605a7ec7a07f4cdbc6fcc3430,0f785d0e0a273ff3d81e54c0b242bef6180deed61a64e26dc07f4d1e1b43b558
arxiv_nomic_100k,profiling_cost_only,690,1235407,827b8ff0efe6c6afba00f8afef66a6ae761cddf47b5f87db51cdc67505b66bc1,a0e84435ce124eafd6911872ba7640f8b18826efdbd6d2961dbf60040b717d4a
arxiv_nomic_100k,profiling_cost_only,691,1236488,99142cab91a0282b9f71ef65763f18f1986ad1fe12f882da29bd320515682bed,35fd1d5e091bcb953a0f1f8ec99e7b27e1f1d8269594851133bc5c522ba21e79
arxiv_nomic_100k,profiling_cost_only,692,1240541,84ba1a52a46ab5668fb1fbd49faa06518059a4c37d0f3f4e6949dfa7585f6147,6448e9d2442647c36cfe324fed66dd09c1a70b642820369bed161f73b284c46a
arxiv_nomic_100k,profiling_cost_only,693,1246551,e82dbea98963acd40e8fe4dd569bf4156799d4e5b53bb69fc00cfda67672e0a1,babb1c6c83bbf86accfae32bb1c62783035d0a2b67abfbb66040e678af968b7a
arxiv_nomic_100k,profiling_cost_only,694,1249713,2cba92badd4987c1f7b9d231f0a5892673acb4cb6a3e55ed118ba81f3f36f961,71cf4518a933ac77ef006e865a0d6e90c39492512cbac28121891e77d2047478
arxiv_nomic_100k,profiling_cost_only,695,1250739,0384bcbf60c1e32fba5ca1622671bc7bdf6f842e619d617f8d6b9da522c5f550,ec804041bcccb170b41302c4ed5858d3330fb9787a5ceae78baab7588db10766
arxiv_nomic_100k,profiling_cost_only,696,1256363,98db1c03bf1e73d3069667b7e17540d5a80ef301d1a6f817a19a537ed14a7925,0867ad05c36ebbc56fbc65367c65f587e2dc38b9c2b4c029063ba57e325ea2ec
arxiv_nomic_100k,profiling_cost_only,697,1256833,0b0fccb91da90c3366270ea03656dcd54b5a8eccd9a6a05b6c541e515565cd6c,e1071bd02b4d5d279e83c93567cba3aed292b65e2db509849c68c01ae69c1ecb
arxiv_nomic_100k,profiling_cost_only,698,1259726,0d0a56b6afbe889671aed2bbff9c606c96b3b9eb553bcd880e56f9fdce7a0346,c90aa5217fbd61a021002919a041307380179d78804c3e4e4eb6e74b6ebab701
arxiv_nomic_100k,profiling_cost_only,699,1261652,1fef7f8fe8dc45f968fd11568f4274f988063781b041af3d89f3fe46fbbdb86c,36295442e8aecd49455cbdb74033e5aa0e9c5cd3a6ea4e5b74e8a8da1f12fcfd
arxiv_nomic_100k,profiling_cost_only,700,1261795,389eecee84d876d633ff5176b163dff4b465c3a0a87d01712aba73e8e7e89f78,ad330ae88c675f935761f9d89d04dd6333cc2239d53ae1a66889435827560d80
arxiv_nomic_100k,profiling_cost_only,701,1262784,1b9f827731988fdce632c687c2cff5f680663365ad6320bc81f1007c261430e9,e7822de70a1b655b95d62091212df3322b3bfa72d162fd384652502c856676e0
arxiv_nomic_100k,profiling_cost_only,702,1266023,ee1ab1e5fc5dbf35fac5ae68523e0b2d64953a858df9175e37e20929f36954cc,d0c5a91033556ec89810221275f94a9e10ce484d84b545965b821ba929337e16
arxiv_nomic_100k,profiling_cost_only,703,1269953,a52d4207dbc726e0e73c832be54ef422015203b56fc2c62c735646d4b16e6a3a,6539efd95ca6074b97930a7d036cd1cc6b8c055a65e7987a8a015501b7991196
arxiv_nomic_100k,profiling_cost_only,704,1273334,1589a96346719f2ed18171d3ddad440446cf5e6208ea885e80aa12a73bd1b909,41ab106c8f943205e4dfd4a9c4a77c3850d82bb95de958eb8abab647beca1783
arxiv_nomic_100k,profiling_cost_only,705,1273954,8164edbaae5258bb00c5bc44845b5e57427e9aada1d0e9b080ae439fc6805570,0f89474f5cf409b5990370f90ef33c49b7729a80a302a1d0b553858ec47c55e4
arxiv_nomic_100k,profiling_cost_only,706,1277078,621b7c0f31bb8f3198d1fa3fd41a46174273a5e64fcd05aae9a1772b3fcbb97c,4b7b166bf00275625131a818a2f35038c8e7625c31e78da9cd5d5903dc979d36
arxiv_nomic_100k,profiling_cost_only,707,1277555,94b21ef54f323afd09313c7d5ce5878fbd470fcb9471354347a88472a8ef5cfe,8dfa838c13d349041b4f28dd0a36a247c676967865cefc959757a29fd07d3777
arxiv_nomic_100k,profiling_cost_only,708,1280072,9274a3610696f9147618148ea0d2080b1f99ad3c354b3768303c4e4c0e8a828b,276cf8c02e76bc81ccbb8f93a2f3af69d9853a6d0739f248ab66d5efccdee4a7
arxiv_nomic_100k,profiling_cost_only,709,1284704,4605d7cc4cb9214d72cb34d7578223d98aace7470372b6f4b881ed897b3125c8,f95520394ec55b4cc88387cc16aac33ce4ac4cd8f13a4bf1026d53246bd1cc5d
arxiv_nomic_100k,profiling_cost_only,710,1284926,71f31aff3d8df32a92336fd90737582f2fd55d433ab1dafab2cfa54e30a6f595,170fb8e99576307bcd5e16f72fceff40fc585dc401bcc817e6c676f3fcf83057
arxiv_nomic_100k,profiling_cost_only,711,1289024,73e719a3848f8746015377512072b5301e682a8a6c411dd41966b80ff477d40c,11a58093a00115d463e3d66662600424d1daa5d5da93d774ff5b72b22d5bed68
arxiv_nomic_100k,profiling_cost_only,712,1290219,083e86dffcdf4c1fbcd1f7c8d7c436438317ae2f021300f57e165f5b2a96de49,156e09856abb38329ad50f9ef20d22a1d64956abc2d946ee1e21109d15ff526f
arxiv_nomic_100k,profiling_cost_only,713,1291191,e53392b6224a538d12fc5366364b992c04b74aaee8a10f4f4c5b0ce7f03f6662,b9fcb35c974c96ed479da722708780901c4fb3b7d7435832d53fe9e3c7632053
arxiv_nomic_100k,profiling_cost_only,714,1291260,7a2e26343a0ed03019b5f7ab1c943b2dde06ff74ad0241d77822eeb3ba320faa,cff2f8c5dfc5abf21fee15b61e8f34ca92b1c1db07f492a473ddc4358abc1458
arxiv_nomic_100k,profiling_cost_only,715,1291684,cd491a392dc67cb44a4c8f2e557e9d099b350078675c20b13e46e4c22dcf2709,6cacc41a64363b56d510e865be02504bdc162df0934e6679f4abd78a025e1cb5
arxiv_nomic_100k,profiling_cost_only,716,1293668,42dfe48519fbb33b5074df1967310e15b4eddccd3c5a889df2e569af437e1ed9,892842c1d8e106f79605f7105cf58991e53a42d2fc0ae23f70cdad2217b43d8a
arxiv_nomic_100k,profiling_cost_only,717,1294143,f297fb0ea6b8aedeed842d306883d23b679d3a9a188939579e4f18fc921ef19f,8e36ed471f051e8a31f84e452fa5015094e8e99e0ecd8c07deedb8bd447f9a33
arxiv_nomic_100k,profiling_cost_only,718,1296235,a2e60d7626d35d8d811f83e5ae4ddf6ef811a662e0fdf54427757d54997453b5,407c3202fc7b629c04f6424a7f73ae1e487c7b22f409279de016703cc17f7000
arxiv_nomic_100k,profiling_cost_only,719,1296301,a00ed8ed6fff595d14355aec4585abaf0f046112f5ec9628c495a03c3e078fec,06e812894e9828ea018104a05f9c8fc18f4256a40f3340e030ecbeff170f27eb
arxiv_nomic_100k,profiling_cost_only,720,1296774,58fbeb91b12e2c00019ecf5f599be244ddca41221159f3df1b03a63428077029,1eeec7fb956aad4f686cd9aaaecfeeb2c13b96ec0fe01c6e9c0868fe1ac2884d
arxiv_nomic_100k,profiling_cost_only,721,1300220,73e349037e0f3b34a9352a0e76d7819347e3dac684e5065502ea54882694eb86,7000ed0389ce6262d82472cd41bbf7a44923000005de1bb6a04c5b30b47fee6f
arxiv_nomic_100k,profiling_cost_only,722,1300727,2a5fc32666e41747f9cf4fd31ecc1beb2ae39fea2056d04dc9cacc6b87e2a810,4914657a3e30beae1ffa8a09cc64b70f818d880e7bef5999d77f6ee82812f8c5
arxiv_nomic_100k,profiling_cost_only,723,1304284,fe54726fa782d50b3eb58059ee03f334286ea452a02cf87222f43b1bb97d111c,242b8f5dffbc884aded555235814c7147e81600bd2e9a6af58057067a5052230
arxiv_nomic_100k,profiling_cost_only,724,1305027,404f46901423f9f12c5e583ac7f14eae6c31c876f691d1e9fa3c3a3b3b339595,26f41f9d0af6eb63baf238a40376414fc6927567975b97464bf1586c3e9db941
arxiv_nomic_100k,profiling_cost_only,725,1305168,d95a80ff0312c1aa01292b7a8584ab661fa2b66d7a33d025a6083f4aa0f22533,d1d3b3fd0bf868e98f25bf80c0cceed77b189d37abcdc7bca63e6200bb68d0f7
arxiv_nomic_100k,profiling_cost_only,726,1306845,a01cd8bebdad666b7aa7d923007f4e089381bfa292115751c9401b7d46f45646,830380960c90fbdfe5f0351118d5ae329d9298facabddd1adca9ae53d3e4b004
arxiv_nomic_100k,profiling_cost_only,727,1309655,623201183842bd6b71cbbba63e0e86fcaee88c606c54ccfe6a35d77e710a10d2,c2f587969ee615d1556af0152569a3d233d6e7c43a0614b876c0bcbcb7c1bf34
arxiv_nomic_100k,profiling_cost_only,728,1313080,8408f6ad271135669f348346e61b03d7e169a496fb7e8dc521a6866d8dedca1d,728ab47f16d547c4d5d056b00b8e7524ce767643f198ff41f712ed2cfa7cdf3e
arxiv_nomic_100k,profiling_cost_only,729,1313424,5dea3dac8bd671607aea971a001ebe46dc80d0f812dd374b2ee5e263f116e8aa,34f01099b5b1578d81bf2c34dbf0d923a505b1e552313268cabe50db909a4c12
arxiv_nomic_100k,profiling_cost_only,730,1314510,087416946898edf68c42c2f5520baccda36bd8eda7d05104ceaaf78364ed3daa,f3cd2cbdb207faf6282885faa2754738792e69e4c244d5023d7c886a636622fe
arxiv_nomic_100k,profiling_cost_only,731,1318476,cba207430baa3012feb2d5505acc795e632b0bc1ef94ae8cf8bc27d4d33fb900,c88118bba35f16ca1d3d4ee637ba27c0389146892b45754635b6a528e6ea6ca2
arxiv_nomic_100k,profiling_cost_only,732,1318771,abf9f82c2f689cc74640167f1bb8c015cd222ce9e466824fe2eb12a0e38a3a76,56e35291b1886e84a956d54b790018140b0441f7f9bcbe0fe2fe8fae561b1826
arxiv_nomic_100k,profiling_cost_only,733,1320151,9a6cb91a86c1958bf93797683dc8547677c50d5be928ef88deffdc2d52edb437,352f61837944ee7156cdc6aec0dcb1d48886027dc0ed090869e54e64a5fb86b8
arxiv_nomic_100k,profiling_cost_only,734,1323147,59d3cd279e450be33e0dc63b2f37c1bf3d3d573a4d68c054a93e14c3c92ddff1,2398b4412065d118a5c0e722bad85553b44375ae0cf6399eafaf7c4647d58dd4
arxiv_nomic_100k,profiling_cost_only,735,1328005,8bdd1b827e16f6661f6b4a7b8902bde912696154f587fe2e6457e77bb825e3f4,1fc20305321c0a8d78ca5b86f0b21a28087ed06ac035c9d65ea4be0568e74a47
arxiv_nomic_100k,profiling_cost_only,736,1329657,b7364f311748ce22245669d7a86052f92585ec277ed7ab0a71bee82bc94ec2dd,c81be0728229a787361c8ee5ce8a431b13259d082fdf526849282a52f2335a76
arxiv_nomic_100k,profiling_cost_only,737,1329697,b5c9da0b71e294e2b38282485d6ee21f23d5e586a08505e4a273152fd30c9f58,e094a165163c3125fdf10ccb01c54c8ca144999522f350cc32c8a7310b53cdcd
arxiv_nomic_100k,profiling_cost_only,738,1332318,39e2789944ace504e04b7ef7223920723d92d0db4bb0f3f0f87d3ce6ceca6eea,2a9e0396cc64972f28f27a77e99107a0c876deffe971183a8e38c59c73fa97aa
arxiv_nomic_100k,profiling_cost_only,739,1332755,72df532f32ed5cbb2b7e73bd4bfb74134ecd749e0b58aa734f3adf5bc69f15d6,5885a0adf3a84bc6832f7ec04b5f7fbf9c57695398acf4ccbc2572d838155e20
arxiv_nomic_100k,profiling_cost_only,740,1336588,12b79fdc0d56600193b16becc288c3ad45a70ebb93bab63d69c39c701c78db1e,7d2146643ed1b11e11d2c1dbddab187b4b14c37ffd9065eb464b79b041248474
arxiv_nomic_100k,profiling_cost_only,741,1338872,ee5077c413726ff018102d350b7c7845512240c67f83d6c92257cee01e81d93b,0555f61d0d13d096abe8122d62bd8b7b10cab7edac37908be5a2d3bdd313a398
arxiv_nomic_100k,profiling_cost_only,742,1340253,02a5551a4a0078632b3e58798e4d6bee2a27671408ffe3fe9050425cc8c4a194,d6f02bbb5f4d82ad1b9311607ed12c401f68967301a149b38073ab7e957fe6e4
arxiv_nomic_100k,profiling_cost_only,743,1340575,83d9cfb08ecb1c1f5ad64fcf8ce9e6fb828f33c2995cfa553e123ce160837e36,9ff338bd65fa83cda214fdbec5e7c7f6691c11f1a4cd41eae32eecfc453d255b
arxiv_nomic_100k,profiling_cost_only,744,1342861,00ef9f44af44c4305ad39ab42a8dcc4745bb9d9fb222e60ffcc3ec877b595129,5445b9729aa4595c6fe54f816053e117bc849eec0ff2818ed8a7b7ff7d7384d9
arxiv_nomic_100k,profiling_cost_only,745,1344642,da3a1cdba6693f73107b97e4da9b4ee90d6bd94d64813542d58f8fbc196fb083,fc15dc2077cac36698ce3398b8402f3b47a5d3e65e6246b27145e4da2979f972
arxiv_nomic_100k,profiling_cost_only,746,1344641,8fd6a9d27d072c3bc5432e0342dc78891f94729dfc5f7f7a6dac7463ec6fa2fa,35852a3de7c31ed55fbfb5b977b1339e71eb4f1e49fe7001a17a9738915b6613
arxiv_nomic_100k,profiling_cost_only,747,1344640,18f9dcdc12b669784b9b51fe9b20a01ecb7846a9feec1e479cd6a02e4ac2c1e2,2de4d9f29729bf6939925ef0db510207c730751854d188b13bfa1325164d1721
arxiv_nomic_100k,profiling_cost_only,748,1344639,8166eeecb5b7846bde7938dadbf49674c18fba325d711144dbf05481440c74ca,f48a5ab5fe7b68949d6da562fe48774dde07f3b15e465af67a2d53d716d71c87
arxiv_nomic_100k,profiling_cost_only,749,1344638,0d257022b269706f8dbd3a0429c1350e57e8fdcd2dde88993b21d59b3f54122d,1ad7a4460175cd278162925b244358216b2ab11b794460fd6e93aadeec19c978
