query_id,build_id,raw_ef,upper_steps,base_expansions,distance_evaluations,visited_count,duplicate_neighbor_edges,duplicate_ratio,queue_pushes,queue_pops,max_queue_size,enqueued,pruned,candidate_yield_w4,candidate_yield_w8,candidate_yield_w16,kth_improvement_w4,kth_improvement_w8,kth_improvement_w16,frontier_min_distance,kth_distance,frontier_kth_ratio,stop_reason,expansion_hash,native_tracer_equal
0,sift_b7,8,94,14,324,230,47,0.17028985507246377,44,14,32,43,186,0.75,0.75,3.0714285714285716,0.0088551853229502878,0.051543195701097687,0.37175908672604063,83307,82603,1.0085227489471436,frontier_exceeds_kth,18309978438853081830,1
1,sift_b7,8,89,13,307,218,30,0.1214574898785425,44,13,33,43,174,0.5,1.375,3.3076923076923075,0.0013972454304371383,0.019775236868990805,0.22145771039205006,70056,70040,1.0002284049987793,frontier_exceeds_kth,5005038799573540344,1
2,sift_b7,8,67,12,270,203,32,0.13675213675213677,42,12,32,41,161,0.75,1,3.4166666666666665,0.0086044692501215624,0.085441248171623602,0.35594896375547652,47301,46894,1.0086791515350342,frontier_exceeds_kth,14583239816550363480,1
3,sift_b7,8,64,11,229,165,76,0.31666666666666665,33,11,27,32,132,0,0.75,2.9090909090909092,0,0.010133618385889899,0.092368611922451146,46640,46301,1.0073217153549194,frontier_exceeds_kth,12255053630213395558,1
4,sift_b7,8,89,17,346,257,54,0.17419354838709677,48,17,35,47,209,0.25,1.25,1.75,0,0.11995344529822541,0.18639145676898336,71419,70321,1.0156141519546509,frontier_exceeds_kth,2236536450508678010,1
5,sift_b7,8,68,13,328,260,45,0.14802631578947367,41,13,30,40,219,1,0.875,3.0769230769230771,0.016881729805135359,0.079106945975744206,0.18043555289051214,91756,90207,1.0171716213226318,frontier_exceeds_kth,15079305890206018984,1
6,sift_b7,8,82,14,384,302,30,0.090634441087613288,51,14,39,50,251,0.75,1,3.5714285714285716,0.0040587581066832291,0.042944785276073622,0.24467618964157392,69096,68952,1.0020884275436401,frontier_exceeds_kth,4268005628992259230,1
7,sift_b7,8,88,12,236,148,48,0.24615384615384617,32,12,24,31,116,0.25,0.75,2.5833333333333335,0.0043875312484056937,0.069495768267969965,0.55863394775528663,39202,39030,1.0044068098068237,frontier_exceeds_kth,3322203434779939708,1
8,sift_b7,8,84,10,292,208,26,0.11158798283261803,30,10,23,29,178,0.5,1,2.8999999999999999,0.019037326461052457,0.041818920016240359,0.14811695343520637,71068,70800,1.003785252571106,frontier_exceeds_kth,9349945640389574855,1
9,sift_b7,8,66,13,287,221,46,0.17293233082706766,52,13,41,51,169,0.5,0.875,3.9230769230769229,0.0092696710203846264,0.03089657895479031,0.2615511905785266,69366,68723,1.0093563795089722,frontier_exceeds_kth,1474097218466112978,1
10,sift_b7,8,95,14,416,321,43,0.1184573002754821,40,14,29,39,281,1,0.625,2.7857142857142856,0.013520033211035938,0.016378403776877812,0.22561609329035212,88791,87922,1.0098837614059448,frontier_exceeds_kth,10803710301280963852,1
11,sift_b7,8,96,19,411,315,73,0.18863049095607234,56,19,40,55,259,0.75,0.625,1.625,0.017836902702380242,0.025241262260464567,0.12914999030273111,50393,49392,1.0202664136886597,frontier_exceeds_kth,13815346250417408436,1
12,sift_b7,8,94,13,346,252,33,0.11619718309859155,48,13,38,47,204,0.75,0.75,3.6153846153846154,0.013795147005564152,0.050902235389173177,0.2910631449398845,61663,59908,1.0292949676513672,frontier_exceeds_kth,10987627063818504925,1
13,sift_b7,8,79,14,329,250,34,0.12014134275618374,54,14,42,53,196,0.5,1.625,3.7857142857142856,0.027362683308298621,0.11349169383636082,0.28506385594281419,64577,62810,1.028132438659668,frontier_exceeds_kth,4058411587315996678,1
14,sift_b7,8,68,15,342,274,38,0.12218649517684887,46,15,34,45,228,0.5,0.875,3,0,0.033616021252682128,0.29049923108660591,77806,75664,1.0283093452453613,frontier_exceeds_kth,16956509604198326832,1
15,sift_b7,8,80,13,292,212,47,0.18217054263565891,50,13,41,49,162,0,1.125,3.7692307692307692,0,0.072830553924757624,0.32548770633729657,59119,58433,1.01173996925354,frontier_exceeds_kth,2560190802765763681,1
16,sift_b7,8,64,14,348,284,40,0.1238390092879257,48,14,35,47,236,1,0.875,3.3571428571428572,0.0037868963012916948,0.080957774339177183,0.32316729323308269,57792,57612,1.0031243562698364,frontier_exceeds_kth,16069628573524350390,1
17,sift_b7,8,81,17,419,338,62,0.15538847117794485,54,17,40,53,284,0.25,0.875,1.9375,0.010530791117506622,0.024378446357744027,0.18670447977849761,61238,60510,1.012031078338623,frontier_exceeds_kth,1799109598206327631,1
18,sift_b7,8,86,12,302,216,31,0.12601626016260162,30,12,22,29,186,0.75,0.5,2.4166666666666665,0.0092734388293346948,0.013985125809683746,0.24474662746454515,70861,69870,1.014183521270752,frontier_exceeds_kth,7013317980308278943,1
19,sift_b7,8,93,10,286,193,27,0.12328767123287671,32,10,27,31,161,0.25,0.375,3.1000000000000001,0.00087293692523193734,0.0016228497241155468,0.19188203999868642,49259,49216,1.0008736848831177,frontier_exceeds_kth,6840929028698790517,1
20,sift_b7,8,115,10,296,181,41,0.18552036199095023,35,10,27,34,146,1,1.625,3.3999999999999999,0.018663218843105289,0.15855686501337576,0.30678050233296933,35062,34914,1.0042389631271362,frontier_exceeds_kth,8818270422535378659,1
21,sift_b7,8,98,11,309,211,28,0.11764705882352941,40,11,32,39,171,0.5,1.125,3.5454545454545454,0.0066799392256509669,0.11668374953410361,0.27139096516342254,37987,37919,1.0017932653427124,frontier_exceeds_kth,8395765873649781854,1
22,sift_b7,8,93,11,292,199,28,0.12389380530973451,32,11,25,31,167,0.25,1.25,2.8181818181818183,0.035844127864702556,0.1862257074667576,0.40316073750541792,42194,35802,1.1785374879837036,frontier_exceeds_kth,299716817117886906,1
23,sift_b7,8,69,17,364,295,61,0.17183098591549295,38,17,24,37,257,0.75,0.75,1.6875,0.004401760704281713,0.038996353748223224,0.1331735325268967,65459,62200,1.0523954629898071,frontier_exceeds_kth,14510088121185313958,1
24,sift_b7,8,80,11,278,198,27,0.12053571428571429,34,11,24,33,164,0.75,1.25,3,0.03004028889177698,0.096969906487131177,0.17754758268918941,53861,52243,1.0309706926345825,frontier_exceeds_kth,16706221902392080998,1
25,sift_b7,8,97,15,370,273,65,0.19287833827893175,54,15,41,53,219,0.75,1,3.5333333333333332,0.01049646590764803,0.043647222449480487,0.50053765355171798,71201,70137,1.0151703357696533,frontier_exceeds_kth,8570035377366538756,1
26,sift_b7,8,84,11,283,199,32,0.1391304347826087,35,11,30,34,164,0,0.375,3.0909090909090908,0,0.065151876504130263,0.28185739744507921,46123,43118,1.0696924924850464,frontier_exceeds_kth,10869301002273188630,1
27,sift_b7,8,109,15,380,271,44,0.14012738853503184,43,15,30,42,228,0.5,0.875,2.7999999999999998,0.0061442972590185791,0.10254095431548459,0.31386871809619671,48609,47717,1.0186935663223267,frontier_exceeds_kth,12691993461219835661,1
28,sift_b7,8,113,13,367,254,41,0.13945578231292516,40,13,29,39,214,1,0.875,3,0.017680671101307815,0.029413278877009934,0.17387493974847729,57132,56559,1.0101310014724731,frontier_exceeds_kth,15452253532884143824,1
29,sift_b7,8,88,13,245,157,47,0.23152709359605911,36,13,26,35,121,0.25,0.875,2.6923076923076925,0.011739282794066113,0.092196679095469303,0.45140059655038256,34452,33842,1.0180249214172363,frontier_exceeds_kth,17746104681109986911,1
30,sift_b7,8,137,13,323,186,29,0.13551401869158877,37,13,28,36,149,0.25,0.625,2.7692307692307692,0.026181105006515052,0.043778771450806588,0.285379125428808,75813,72494,1.0457830429077148,frontier_exceeds_kth,884109654481564967,1
31,sift_b7,8,90,22,498,408,79,0.16255144032921812,59,22,43,58,349,0.25,0.25,1.625,0.018569496764222929,0.019776668354918845,0.2103325334913588,82926,81286,1.0201756954193115,frontier_exceeds_kth,4277067105372200116,1
32,sift_b7,8,98,11,295,197,45,0.18672199170124482,44,11,36,43,153,0.25,1.25,3.9090909090909092,0.0015196723438166014,0.05669263766085967,0.34458596401591185,53959,53877,1.0015219449996948,frontier_exceeds_kth,15079046296659033787,1
33,sift_b7,8,63,16,309,246,54,0.1806020066889632,57,16,45,56,189,0.25,0.75,3.5,0.012390159931143539,0.025286448044251283,0.44122943115027008,100397,98680,1.0173996686935425,frontier_exceeds_kth,10650912943786307121,1
34,sift_b7,8,94,12,320,226,39,0.14772727272727273,45,12,37,44,181,0.5,0.5,3.6666666666666665,0,0.038893713674928186,0.30836017499158697,74087,71934,1.0299302339553833,frontier_exceeds_kth,3925978476153453598,1
35,sift_b7,8,60,11,252,192,61,0.24206349206349206,47,11,40,46,145,0,1,4.1818181818181817,0,0.079438292980030939,0.47941547535197643,67677,67259,1.0062147378921509,frontier_exceeds_kth,11862088591055466493,1
36,sift_b7,8,65,14,315,250,46,0.15593220338983052,51,14,41,50,199,0.5,0.5,3.5714285714285716,0.00079623395309204184,0.02939101172383847,0.44881950437677226,71587,71530,1.000796914100647,frontier_exceeds_kth,6220147287799280488,1
37,sift_b7,8,101,11,253,152,49,0.245,33,11,26,32,119,0.5,0.625,2.9090909090909092,0.024676634043181035,0.055755930912164173,0.33001967922026371,81076,79325,1.0220737457275391,frontier_exceeds_kth,2379443102181527620,1
38,sift_b7,8,85,12,216,131,45,0.25714285714285712,49,12,42,48,82,0.25,0.75,4,0,0.042049766066897885,0.29378201443169827,85080,82309,1.0336657762527466,frontier_exceeds_kth,16204838862956953140,1
39,sift_b7,8,102,14,366,264,49,0.15705128205128205,48,14,39,47,216,0.25,0.375,3.3571428571428572,0.003522012578616352,0.024410935661311951,0.39132290670673403,36151,35649,1.0140817165374756,frontier_exceeds_kth,18383548031228704108,1
40,sift_b7,8,69,17,365,296,64,0.17827298050139276,57,17,46,56,239,0.25,0.25,2.4375,0.010778515026871228,0.010778515026871228,0.37762330229131641,67041,65896,1.0173758268356323,frontier_exceeds_kth,9548144828854828878,1
41,sift_b7,8,69,17,323,254,54,0.1758957654723127,40,17,30,39,214,0,0.375,1.625,0,0,0.22957253473818195,44588,43580,1.0231298208236694,frontier_exceeds_kth,8610615552961820616,1
42,sift_b7,8,84,13,322,238,45,0.15957446808510639,36,13,25,35,202,0.5,1,2.6923076923076925,0.0090829486932130186,0.039392849435292428,0.45913564745433189,69007,66767,1.0335495471954346,frontier_exceeds_kth,11262093419215314745,1
43,sift_b7,8,82,16,312,230,50,0.17921146953405018,43,16,29,42,187,0.5,0.875,2.625,0.0052295249744140184,0.028947721097966592,0.29589745401862222,80898,79703,1.0149931907653809,frontier_exceeds_kth,965396217643105306,1
44,sift_b7,8,81,16,333,252,54,0.17704918032786884,47,16,33,46,205,1,1,2.875,0.015932102441929719,0.043255450360462085,0.39263330086202142,66293,66090,1.0030715465545654,frontier_exceeds_kth,4858746696474429155,1
45,sift_b7,8,84,12,273,189,46,0.19658119658119658,41,12,35,40,148,0,0.25,3.3333333333333335,0,0.0047109507714400796,0.37337229174706432,57101,56832,1.0047332048416138,frontier_exceeds_kth,4794208566447507435,1
46,sift_b7,8,67,12,278,211,35,0.14285714285714285,53,12,45,52,158,0,0.625,4.333333333333333,0,0.049398973527822798,0.45203106448410768,57596,56306,1.022910475730896,frontier_exceeds_kth,8892670887821650871,1
47,sift_b7,8,83,12,322,239,21,0.081081081081081086,39,12,30,38,200,0.25,1.125,3.1666666666666665,0.011424938697665971,0.064724835674700346,0.18778074586995777,110734,108852,1.0172895193099976,frontier_exceeds_kth,16890324049643400749,1
48,sift_b7,8,130,10,262,132,39,0.22941176470588234,32,10,27,31,100,0,1,3.1000000000000001,0,0.072006535874564931,0.34475210595356631,83312,82919,1.00473952293396,frontier_exceeds_kth,3052755406409528796,1
49,sift_b7,8,93,10,236,143,31,0.1791907514450867,24,10,19,23,119,0.25,0.75,2.2999999999999998,0,0.035028017296522787,0.32182481883080688,37812,37714,1.0025985240936279,frontier_exceeds_kth,15801113399916723570,1
50,sift_b7,8,80,11,232,152,39,0.20526315789473684,40,11,35,39,112,0,0.25,3.5454545454545454,0,0.022340290955091713,0.37137326034439283,77573,77284,1.0037394762039185,frontier_exceeds_kth,17214630106508025497,1
51,sift_b7,8,124,10,309,185,40,0.17857142857142858,31,10,25,30,154,0.25,0.75,3,0,0.030284125343125023,0.117793957870498,55087,54403,1.0125728845596313,frontier_exceeds_kth,7151900353397653103,1
52,sift_b7,8,84,11,287,203,33,0.14042553191489363,40,11,32,39,163,0.25,1.25,3.5454545454545454,0.017585642290599019,0.07364706354139515,0.30583727743971151,47027,46200,1.0179004669189453,frontier_exceeds_kth,17091367617223461132,1
53,sift_b7,8,96,14,364,268,48,0.15238095238095239,48,14,37,47,220,0.5,1,3.3571428571428572,0.027151088973532571,0.041511104268503907,0.41363802258091098,51606,49805,1.0361610651016235,frontier_exceeds_kth,15944273583823019674,1
54,sift_b7,8,48,11,168,120,60,0.33519553072625696,42,11,35,41,78,0.25,0.625,3.7272727272727271,0.0082689810701838309,0.041162867525602907,0.28770216212236482,29266,29024,1.0083379745483398,frontier_exceeds_kth,1681244305530484548,1
55,sift_b7,8,73,12,147,74,39,0.3482142857142857,31,12,25,30,43,0,0.875,2.5,0,0.006973221685576291,0.58197589085921897,36200,34747,1.0418165922164917,frontier_exceeds_kth,8197003787731164256,1
56,sift_b7,8,85,12,280,195,24,0.11009174311926606,39,12,32,38,156,0,1.125,3.1666666666666665,0,0.03949097599439285,0.20865814927096868,44777,43853,1.0210703611373901,frontier_exceeds_kth,5373601450847566251,1
57,sift_b7,8,95,13,365,270,37,0.12091503267973856,48,13,38,47,222,0.25,0.875,3.6153846153846154,0,0.044291449367800995,0.30585077392631349,51663,50945,1.0140936374664307,frontier_exceeds_kth,2441510292206853503,1
58,sift_b7,8,86,11,276,190,35,0.15625,39,11,32,38,151,0.25,1.375,3.4545454545454546,0.0099377282517089608,0.031300105364423472,0.30289693822887048,85432,84583,1.0100374221801758,frontier_exceeds_kth,16039310624666083067,1
59,sift_b7,8,52,12,153,101,46,0.31506849315068491,23,12,17,22,78,0.25,0.25,1.8333333333333333,0.016366725614619094,0.016366725614619094,0.44777978936712803,29119,28367,1.0265096426010132,frontier_exceeds_kth,7227697522094456841,1
60,sift_b7,8,98,13,324,226,38,0.14448669201520911,40,13,31,39,186,0.25,0.5,3,0.0040909637829382745,0.010786100570677344,0.29301729660474057,66488,66216,1.0041077136993408,frontier_exceeds_kth,12688465337741564991,1
61,sift_b7,8,78,12,198,120,73,0.38020833333333331,40,12,35,39,80,0,0.125,3.25,0,0.06533623131133505,0.44476035213563742,45549,42573,1.0699034929275513,frontier_exceeds_kth,17312605334348172157,1
62,sift_b7,8,73,15,230,157,58,0.27102803738317754,45,15,35,44,112,0,0.5,2.9333333333333331,0,0.057195129919630605,0.37136757722302094,45607,43287,1.0535957813262939,frontier_exceeds_kth,8859664078675369974,1
63,sift_b7,8,98,14,309,211,47,0.1828793774319066,51,14,42,50,160,0.5,0.375,3.5714285714285716,0.0035765079896260352,0.014562002275312855,0.424938137485666,47812,47641,1.003589391708374,frontier_exceeds_kth,15304775079812846382,1
64,sift_b7,8,86,11,226,140,59,0.29797979797979796,36,11,28,35,104,0.5,0.75,3.1818181818181817,0.01205099262997145,0.044025763343452352,0.52453306491556029,60244,59518,1.0121979713439941,frontier_exceeds_kth,11246199385508284915,1
65,sift_b7,8,56,11,196,140,23,0.1419753086419753,38,11,31,37,102,0.25,0.625,3.3636363636363638,0,0.020089195215892967,0.29728590326941806,48711,48339,1.0076956748962402,frontier_exceeds_kth,9695828157501983968,1
66,sift_b7,8,107,11,242,135,42,0.23863636363636365,38,11,30,37,97,0.5,0.875,3.3636363636363638,0.0094669034646759579,0.086387361874618249,0.30262154028737337,66442,65813,1.0095573663711548,frontier_exceeds_kth,12910731231125759483,1
67,sift_b7,8,84,11,254,170,28,0.14213197969543148,32,11,27,31,138,0,0.25,2.8181818181818183,0,0.016821767957975093,0.24078941371294876,50538,49972,1.0113263130187988,frontier_exceeds_kth,14275478757392938239,1
68,sift_b7,8,79,10,243,164,38,0.1890547263681592,24,10,18,23,140,0.25,0.75,2.2999999999999998,0,0.1492697006643609,0.25479511769834351,34628,34190,1.0128107070922852,frontier_exceeds_kth,4179614506291457933,1
69,sift_b7,8,90,14,330,240,35,0.12773722627737227,44,14,35,43,196,0.25,0.75,3.0714285714285716,0.0016126294347309454,0.029901389036157352,0.22222956889711717,82704,82341,1.0044084787368774,frontier_exceeds_kth,3251500764269875020,1
70,sift_b7,8,89,10,182,93,38,0.29230769230769232,31,10,26,30,62,0,0.625,3,0,0.10337250406038025,0.62269839993567577,19558,18770,1.0419819355010986,frontier_exceeds_kth,16511256404781612975,1
71,sift_b7,8,77,15,289,212,61,0.22426470588235295,53,15,42,52,159,0,0.625,3.4666666666666668,0,0.070486935866983375,0.48366773047013517,66622,62612,1.0640451908111572,frontier_exceeds_kth,1775321339945820555,1
72,sift_b7,8,73,17,390,317,46,0.1270718232044199,42,17,29,41,275,0.25,1,1.4375,0,0.048382768034797095,0.21832500931226101,104515,102827,1.0164159536361694,frontier_exceeds_kth,17389087223049474534,1
73,sift_b7,8,73,14,277,204,43,0.17479674796747968,39,14,33,38,165,0.25,0.125,2.7142857142857144,0.0016423944503146965,0.0016423944503146965,0.3449905054706574,87371,86925,1.0051308870315552,frontier_exceeds_kth,8006037468825024389,1
74,sift_b7,8,96,11,274,178,38,0.17674418604651163,40,11,35,39,138,0,0.75,3.5454545454545454,0,0.048405431659880538,0.25790593468940393,48383,46041,1.0508676767349243,frontier_exceeds_kth,5072833293768008202,1
75,sift_b7,8,74,17,378,304,47,0.13428571428571429,47,17,33,46,257,0.25,0.875,2.0625,0,0.052399437293083571,0.31604140900554256,90809,89589,1.0136177539825439,frontier_exceeds_kth,5635606672747331979,1
76,sift_b7,8,44,22,378,334,106,0.24145785876993167,53,22,34,52,281,0.25,0.875,0.875,0,0.054775780459109691,0.11808028591486375,75263,69094,1.0892841815948486,frontier_exceeds_kth,12404787198172981719,1
77,sift_b7,8,96,10,265,169,24,0.125,32,10,26,31,137,0.25,0.625,3.1000000000000001,0.005934273598820059,0.043252115472058025,0.18094903539419718,86784,86269,1.0059696435928345,frontier_exceeds_kth,16726089640086589018,1
78,sift_b7,8,113,14,337,224,33,0.12890625,48,14,36,47,176,0.75,0.75,3.3571428571428572,0.039511183395753442,0.054535573703072673,0.37529963219238571,67399,64371,1.0470398664474487,frontier_exceeds_kth,12527854529620571955,1
79,sift_b7,8,50,10,150,100,36,0.26666666666666666,30,10,24,29,70,0.25,0.875,2.8999999999999999,0.021739611208173918,0.15699801799054733,0.1891406364569585,45217,44234,1.0222227573394775,frontier_exceeds_kth,5707782430136313842,1
80,sift_b7,8,64,19,392,328,60,0.15503875968992248,53,19,40,52,275,0,0.625,1.5625,0,0.0064401587412100539,0.1198112625670758,86178,85623,1.0064818859100342,frontier_exceeds_kth,17657629885596228251,1
81,sift_b7,8,72,16,422,350,44,0.11195928753180662,49,16,36,48,301,0.5,0.75,3,0.0052368019984644822,0.037796497450676127,0.2594204011295097,87349,86810,1.0062090158462524,frontier_exceeds_kth,11344165845242647540,1
82,sift_b7,8,54,12,284,230,37,0.13909774436090225,43,12,36,42,187,0.5,0.75,3.5,0.001793815237030586,0.011469543277895062,0.36738089942251767,76931,76793,1.001797080039978,frontier_exceeds_kth,243400729455103610,1
83,sift_b7,8,92,11,232,140,26,0.15757575757575756,38,11,32,37,102,0.25,0.625,3.3636363636363638,0.0080008591526606887,0.018836525864816062,0.40839657988279371,55869,55422,1.0080653429031372,frontier_exceeds_kth,4241115665834086535,1
84,sift_b7,8,100,15,394,294,38,0.11480362537764351,58,15,49,57,236,0.25,0.25,3.7999999999999998,0.0079569201093071858,0.0079569201093071858,0.31717598636896727,63879,61715,1.0350644588470459,frontier_exceeds_kth,2408981606123619250,1
85,sift_b7,8,67,13,267,200,45,0.18442622950819673,65,13,56,64,135,0.5,1.625,4.9230769230769234,0.0095736272324402089,0.035109576833562611,0.54692152999248411,112107,111523,1.0052366256713867,frontier_exceeds_kth,1900502130195078696,1
86,sift_b7,8,112,11,269,157,41,0.20812182741116753,26,11,23,25,131,0,0,2.2727272727272729,0,0,0.23737828840329403,61816,60935,1.0144580602645874,frontier_exceeds_kth,17900265226942105324,1
87,sift_b7,8,67,11,189,122,63,0.34239130434782611,33,11,28,32,89,0.5,0.25,2.9090909090909092,0.020438876573590125,0.095015312928621087,0.1895884510549517,53223,48166,1.10499107837677,frontier_exceeds_kth,2712146303037956196,1
88,sift_b7,8,107,12,197,90,67,0.42948717948717946,29,12,23,28,61,0,0.375,2.3333333333333335,0,0.040032955098678054,0.42128908454678859,28060,25634,1.0946398973464966,frontier_exceeds_kth,9802609791446333513,1
89,sift_b7,8,85,10,219,134,32,0.19393939393939394,25,10,18,24,109,0.25,0.75,2.3999999999999999,0.023638257763667032,0.091448355452971725,0.27743818492207722,40316,39363,1.0242105722427368,frontier_exceeds_kth,13182444711527107135,1
90,sift_b7,8,84,11,224,140,51,0.26842105263157895,38,11,30,37,102,0.75,0.75,3.3636363636363638,0,0.1007226738934056,0.28042213307311431,20103,19910,1.0096936225891113,frontier_exceeds_kth,5044419011322701660,1
91,sift_b7,8,82,17,329,247,77,0.23839009287925697,55,17,43,54,192,0,1.25,2.25,0,0.039675748705246566,0.41524813700151508,85333,85296,1.0004338026046753,frontier_exceeds_kth,2847785959445336629,1
92,sift_b7,8,81,12,272,191,29,0.13242009132420091,49,12,39,48,142,0.75,1.125,4,0.0016038744575130512,0.035583008455268086,0.37413915466302178,97302,95241,1.0216398239135742,frontier_exceeds_kth,7749287241195100409,1
93,sift_b7,8,101,11,241,140,29,0.17261904761904762,32,11,25,31,108,0,0.625,2.8181818181818183,0,0.02364314611464299,0.22323779799640522,55753,55749,1.0000717639923096,frontier_exceeds_kth,11787755122705478849,1
94,sift_b7,8,90,14,236,146,50,0.25641025641025639,42,14,32,41,104,0,1.125,2.9285714285714284,0,0.087962305923760323,0.53104978181234397,67212,64264,1.0458732843399048,frontier_exceeds_kth,5234096191834708810,1
95,sift_b7,8,134,10,304,170,29,0.14646464646464646,32,10,25,31,138,0.25,1,3.1000000000000001,0.074004975124378106,0.15584618692940785,0.39767052587529639,93264,86362,1.0799194574356079,frontier_exceeds_kth,2631175447138450403,1
96,sift_b7,8,67,12,263,196,30,0.13333333333333333,43,12,33,42,153,1,0.75,3.5,0.0028536440135267221,0.065982636148381998,0.2999842258853222,89702,88755,1.0106698274612427,frontier_exceeds_kth,2708738953680719523,1
97,sift_b7,8,77,12,257,180,66,0.26938775510204083,39,12,33,38,141,0,0.625,3.1666666666666665,0,0.027176459563302408,0.28387758797609708,85368,83048,1.0279356241226196,frontier_exceeds_kth,10510647616493430419,1
98,sift_b7,8,107,10,224,117,55,0.32163742690058478,23,10,17,22,94,0,0.75,2.2000000000000002,0,0.15610678276810266,0.40729862396394945,16051,14731,1.0896070003509521,frontier_exceeds_kth,6330169539069703626,1
99,sift_b7,8,101,11,281,180,45,0.20089285714285715,38,11,32,37,142,0,0.5,3.3636363636363638,0,0.041857917511091636,0.34766816578285936,87793,87464,1.0037615299224854,frontier_exceeds_kth,11858982819344331780,1
100,sift_b7,8,100,12,218,118,32,0.21476510067114093,27,12,19,26,91,0.5,0.5,2.1666666666666665,0.063979678238780688,0.087031928775540543,0.31960361912968549,60541,55272,1.0953285694122314,frontier_exceeds_kth,94499610039217798,1
101,sift_b7,8,72,13,256,184,49,0.21120689655172414,40,13,32,39,144,0,0.625,3,0,0.045936395759717315,0.3019792242340224,76312,74520,1.0240472555160522,frontier_exceeds_kth,3811213839000021867,1
102,sift_b7,8,65,12,279,214,29,0.11983471074380166,41,12,33,40,173,0.25,0.5,3.3333333333333335,0.00075460896943833672,0.0090063354021238436,0.29990064082112611,76861,76803,1.0007551908493042,frontier_exceeds_kth,7244135376397903946,1
103,sift_b7,8,90,13,340,250,37,0.12937062937062938,57,13,46,56,193,0.5,0.875,4.3076923076923075,0.0014765712131446255,0.093066057925524331,0.42179754227344257,64213,63567,1.0101624727249146,frontier_exceeds_kth,8068566718934728232,1
104,sift_b7,8,86,15,312,226,69,0.23469387755102042,45,15,35,44,181,0.75,0.375,2.9333333333333331,0.064600036721953608,0.069100986721890606,0.49709613201493885,33276,30567,1.0886249542236328,frontier_exceeds_kth,7628257350942164985,1
105,sift_b7,8,75,13,268,193,40,0.17241379310344829,43,13,32,42,150,0.5,1.125,3.2307692307692308,0.025398596470622779,0.081940007467950049,0.25125197383261899,68114,66384,1.0260604619979858,frontier_exceeds_kth,12631041035538371656,1
106,sift_b7,8,108,11,260,152,35,0.18817204301075269,38,11,31,37,114,0,0.75,3.3636363636363638,0,0.032870522211289679,0.51423132538941663,26699,26539,1.0060288906097412,frontier_exceeds_kth,12368943908266806257,1
107,sift_b7,8,110,13,254,144,56,0.28140703517587939,40,13,32,39,104,0,1,3,0,0.068218558034270932,0.41620990419903725,49661,48994,1.0136139392852783,frontier_exceeds_kth,3462324800415497241,1
108,sift_b7,8,59,10,126,67,49,0.42608695652173911,24,10,18,23,43,0,1.25,2.2999999999999998,0,0.10616464778952241,0.43346862927282509,11936,11585,1.0302977561950684,frontier_exceeds_kth,5585351091388685062,1
109,sift_b7,8,49,13,242,193,52,0.21311475409836064,41,13,33,40,152,0,0.625,3.0769230769230771,0,0.0061136112762163542,0.46717144894769586,70530,70230,1.0042716264724731,frontier_exceeds_kth,12626199308338612908,1
110,sift_b7,8,56,10,188,132,37,0.22023809523809523,27,10,20,26,105,0.25,1.25,2.6000000000000001,0,0.1401801453720026,0.33268362164289594,36037,35606,1.0121047496795654,frontier_exceeds_kth,3998839365398585168,1
111,sift_b7,8,68,14,324,256,24,0.086021505376344093,42,14,31,41,214,0.5,0.875,2.9285714285714284,0,0.073359350683554009,0.43475752685423863,78034,77406,1.0081130266189575,frontier_exceeds_kth,12248160472365696127,1
112,sift_b7,8,75,10,193,118,49,0.29518072289156627,22,10,20,21,96,0,0,2.1000000000000001,0,0,0.33160985573854207,55115,52355,1.0527169704437256,frontier_exceeds_kth,15403368275569684669,1
113,sift_b7,8,78,15,316,238,56,0.19112627986348124,46,15,37,45,192,0,0.875,3,0,0.048552280718314182,0.39900578344860482,82614,80639,1.0244919061660767,frontier_exceeds_kth,15796010513041583685,1
114,sift_b7,8,113,12,311,198,63,0.24230769230769231,39,12,32,38,159,0.25,0.375,3.1666666666666665,0.030699216489686126,0.063066876284919582,0.33671503788365226,65077,61980,1.0499677658081055,frontier_exceeds_kth,4563197638947328295,1
115,sift_b7,8,88,17,439,351,42,0.10714285714285714,52,17,37,51,299,0.75,1,2,0.0088748678303374878,0.054861317729511722,0.15755897043006792,59801,57179,1.0458559989929199,frontier_exceeds_kth,16752647887803071072,1
116,sift_b7,8,87,11,196,109,54,0.33333333333333331,36,11,30,35,73,0,0.75,3.1818181818181817,0,0.07852437417654809,0.55871032872736448,7035,6994,1.0058621168136597,frontier_exceeds_kth,10345679998195077813,1
117,sift_b7,8,117,14,396,279,34,0.10897435897435898,45,14,34,44,234,0.75,0.875,3.1428571428571428,0.0084131622744368292,0.01579063747870085,0.31261185148847648,76632,75667,1.0127532482147217,frontier_exceeds_kth,2103836155184368461,1
118,sift_b7,8,105,10,299,194,33,0.14601769911504425,35,10,29,34,159,0,0.5,3.3999999999999999,0,0.077456212884311815,0.11320018498179085,62174,61363,1.0132163763046265,frontier_exceeds_kth,5541865700133337188,1
119,sift_b7,8,71,11,149,78,34,0.30630630630630629,32,11,23,31,46,0.5,1.375,2.8181818181818183,0.011348788591480943,0.054988581216100486,0.43560727148733031,26787,26483,1.0114790201187134,frontier_exceeds_kth,132411567221382745,1
120,sift_b7,8,62,16,305,243,48,0.16551724137931034,65,16,54,64,178,0.25,0.625,4,0.015127345916258953,0.044178459364545022,0.53526882915468976,94858,91994,1.0311324596405029,frontier_exceeds_kth,12675895465564839602,1
121,sift_b7,8,75,13,255,180,46,0.20444444444444446,35,13,24,34,145,0.75,1,2.6153846153846154,0.013218462657558846,0.039336099585062241,0.23028503036482115,87983,86820,1.0133955478668213,frontier_exceeds_kth,17022897498763322488,1
122,sift_b7,8,94,13,313,219,47,0.17735849056603772,35,13,27,34,184,0.5,0.375,2.6153846153846154,0.033047636959617398,0.067328374841267788,0.47467065649746376,74438,71978,1.0341770648956299,frontier_exceeds_kth,8014545487354699373,1
123,sift_b7,8,68,11,179,111,46,0.29487179487179488,30,11,26,29,81,0,0.375,2.6363636363636362,0,0,0.36473326054108901,61566,57599,1.0688726902008057,frontier_exceeds_kth,9629095988446061861,1
124,sift_b7,8,118,12,331,213,52,0.19696969696969696,41,12,32,40,172,0.25,0.625,3.3333333333333335,0.010788456351703677,0.038136241449395723,0.28524100298817723,44492,44012,1.0109061002731323,frontier_exceeds_kth,10794300838326541267,1
125,sift_b7,8,103,12,312,209,46,0.18110236220472442,40,12,32,39,169,0.5,0.625,3.25,0.018069961660772134,0.056756216632883202,0.3990068032160658,33647,33039,1.0184024572372437,frontier_exceeds_kth,10665740333916777901,1
126,sift_b7,8,83,11,286,203,33,0.14042553191489363,32,11,25,31,171,0.25,0.75,2.8181818181818183,0.00033967998569768484,0.012974175213147164,0.20563708428634342,56132,55916,1.0038629770278931,frontier_exceeds_kth,3940009309974558294,1
127,sift_b7,8,59,13,266,207,49,0.19215686274509805,45,13,36,44,162,0.5,0.5,3.3846153846153846,0.0082337746206005806,0.012449985710202916,0.31575495049504948,55746,55287,1.0083020925521851,frontier_exceeds_kth,8715095731584572715,1
128,sift_b7,8,84,13,299,215,44,0.17054263565891473,50,13,40,49,165,0.5,0.75,3.7692307692307692,0.019747537534665772,0.061588812853317465,0.35883281990336047,42411,41002,1.0343642234802246,frontier_exceeds_kth,888511725064986198,1
129,sift_b7,8,111,13,290,179,68,0.27642276422764228,36,13,26,35,143,0.25,0.75,2.6923076923076925,0.019991636270706038,0.051343176170289329,0.28152917230866187,86086,84365,1.0203994512557983,frontier_exceeds_kth,15745010388506183668,1
130,sift_b7,8,94,16,356,262,42,0.13861386138613863,37,16,24,36,225,0.75,0.875,2.25,0.0018408196704730502,0.033986237140144288,0.2279462385780448,99641,98687,1.009666919708252,frontier_exceeds_kth,605265639420074358,1
131,sift_b7,8,101,12,292,191,42,0.18103448275862069,42,12,35,41,149,0,0.75,3.4166666666666665,0,0.03367697594501718,0.45446005554647934,80912,80142,1.0096079111099243,frontier_exceeds_kth,9302243469927124344,1
132,sift_b7,8,58,14,327,269,43,0.13826366559485531,43,14,31,42,226,1,0.875,3,0.021155979755915922,0.035882159216789916,0.21179522952846006,64607,64405,1.0031363964080811,frontier_exceeds_kth,3056529399770451831,1
133,sift_b7,8,74,12,271,197,37,0.15879828326180256,40,12,32,39,157,0.5,0.75,3.25,0.012511869892602549,0.017217511680221492,0.19441034789392428,149538,147667,1.0126703977584839,frontier_exceeds_kth,16840580397982108260,1
134,sift_b7,8,53,11,180,127,47,0.27167630057803466,34,11,28,33,93,0,0.625,3,0,0.05815240356560758,0.48282415336169271,46892,46807,1.0018159151077271,frontier_exceeds_kth,2544765318348113649,1
135,sift_b7,8,80,11,270,190,45,0.19230769230769232,39,11,34,38,151,0,0.75,3.4545454545454546,0,0.050114515431555005,0.30296405989234421,61302,59308,1.033621072769165,frontier_exceeds_kth,2009433688586985276,1
136,sift_b7,8,83,11,266,183,32,0.14953271028037382,41,11,33,40,142,0.25,1,3.6363636363636362,0.009583072049909153,0.089246373811600846,0.27082568807339452,62193,61597,1.0096757411956787,frontier_exceeds_kth,6502900275992359292,1
137,sift_b7,8,111,16,360,249,41,0.14186851211072665,50,16,40,49,199,0.25,0.25,3.0625,0.0068502212356858303,0.0095074732991738686,0.41738421803788328,136419,135122,1.0095987319946289,frontier_exceeds_kth,10531710480473460253,1
138,sift_b7,8,137,10,287,150,43,0.22395833333333334,29,10,24,28,121,0,0.875,2.7999999999999998,0,0.073369779631403939,0.40660482910455842,82348,82206,1.0017273426055908,frontier_exceeds_kth,14614404704719021224,1
139,sift_b7,8,92,11,268,176,29,0.14215686274509803,36,11,29,35,140,0.25,0.875,3.1818181818181817,0.0027718934511200251,0.012541003726597192,0.19145242924226644,44374,44251,1.0027796030044556,frontier_exceeds_kth,7543082859692089153,1
140,sift_b7,8,145,20,506,361,57,0.1366906474820144,58,20,43,57,303,0,1.125,1.25,0,0.039894164976848591,0.11889976912666189,89200,88540,1.0074542760848999,frontier_exceeds_kth,6912526582363461378,1
141,sift_b7,8,62,12,225,163,59,0.2669683257918552,44,12,37,43,119,0.25,0.625,3.5833333333333335,0.015391890655032492,0.029559020312429522,0.40113010076267885,65554,64545,1.0156325101852417,frontier_exceeds_kth,4578274974055297607,1
142,sift_b7,8,82,14,352,270,37,0.12091503267973856,36,14,26,35,234,0.5,0.5,2.5,0.043152652052204893,0.046595587968944321,0.27253966206629693,82807,78960,1.0487208366394043,frontier_exceeds_kth,12240465358964815940,1
143,sift_b7,8,136,12,336,200,59,0.22868217054263565,36,12,29,35,164,0,0.5,2.9166666666666665,0,0.0069950451763334306,0.29122555591512184,61369,61326,1.0007011890411377,frontier_exceeds_kth,52303850745757179,1
144,sift_b7,8,114,11,276,162,37,0.18686868686868688,34,11,26,33,128,0.5,0.875,3,0.0099330273158251183,0.046536626607886947,0.25936558867404091,79734,78942,1.0100326538085938,frontier_exceeds_kth,7606002931964458070,1
145,sift_b7,8,82,13,291,209,55,0.20912547528517111,38,13,28,37,171,0.5,0.875,2.8461538461538463,0.011183859274454155,0.050216602113388846,0.45617098878002038,70692,70378,1.0044616460800171,frontier_exceeds_kth,14987760330602331333,1
146,sift_b7,8,94,15,371,277,45,0.14018691588785046,51,15,40,50,226,0,1,3.3333333333333335,0,0.089434606050412091,0.3670452647402706,77750,75790,1.0258609056472778,frontier_exceeds_kth,4945440507594236496,1
147,sift_b7,8,90,11,303,213,33,0.13469387755102041,31,11,22,30,182,0.5,1.125,2.7272727272727271,0.021008948255738555,0.12359778838758362,0.25797414852312378,61165,60392,1.0127997398376465,frontier_exceeds_kth,14066537476551483444,1
148,sift_b7,8,71,10,208,137,30,0.18072289156626506,33,10,28,32,104,0,1,3.2000000000000002,0,0.026172237697307334,0.38440939104915628,84767,83905,1.0102735757827759,frontier_exceeds_kth,8270491125781416709,1
149,sift_b7,8,72,20,421,349,73,0.17339667458432304,59,20,44,58,290,0,0.375,1.3125,0,0.033654105197366294,0.19467993390329766,92052,89674,1.0265182256698608,frontier_exceeds_kth,1812273697380082571,1
150,sift_b7,8,110,13,344,234,34,0.12734082397003746,39,13,27,38,195,1,1.375,2.9230769230769229,0.0064459373000639794,0.031917712148367493,0.57957752675145013,62141,62117,1.0003863573074341,frontier_exceeds_kth,2655349158629139803,1
151,sift_b7,8,82,11,231,149,50,0.25252525252525254,32,11,26,31,117,0,0.875,2.8181818181818183,0,0.070948469006721429,0.14466981279494953,27782,27368,1.0151271820068359,frontier_exceeds_kth,1957166783203445779,1
152,sift_b7,8,67,11,284,217,37,0.14624505928853754,39,11,30,38,178,0.75,0.875,3.4545454545454546,0.020079153902913489,0.090446838096424051,0.21373210377121532,89446,87650,1.0204906463623047,frontier_exceeds_kth,9965435687564815744,1
153,sift_b7,8,72,12,272,200,32,0.13852813852813853,46,12,38,45,154,0.25,1.125,3.75,0.019021994180771516,0.076735078472365353,0.42931246302953086,63926,62710,1.0193908214569092,frontier_exceeds_kth,2264062736272067088,1
154,sift_b7,8,112,19,389,277,51,0.15596330275229359,56,19,42,55,221,0.75,0.75,1.75,0.040594922552636907,0.089266906294407755,0.16656977188929517,117293,108951,1.0765665769577026,frontier_exceeds_kth,11248291483439826450,1
155,sift_b7,8,101,11,315,214,18,0.07792207792207792,41,11,36,40,173,0,0.75,3.6363636363636362,0,1.7821817468945482e-05,0.2343799036664074,56111,56110,1.0000178813934326,frontier_exceeds_kth,11294302599171541557,1
156,sift_b7,8,81,12,318,237,27,0.10266159695817491,45,12,36,44,192,0.75,1.125,3.6666666666666665,0,0.035899021368181981,0.27988276045830002,81105,81078,1.0003330707550049,frontier_exceeds_kth,17485859112382452120,1
157,sift_b7,8,74,15,343,269,52,0.16250000000000001,54,15,42,53,215,0.5,1,3.5333333333333332,0.0084728340675477246,0.020554105018856978,0.29767427347049158,68377,67523,1.0126475095748901,frontier_exceeds_kth,5145818162652542613,1
158,sift_b7,8,87,10,263,176,37,0.17452830188679244,28,10,24,27,148,0,0.5,2.7000000000000002,0,0.017021069059695668,0.11232309589523753,60846,60465,1.0063011646270752,frontier_exceeds_kth,10581846448810543046,1
159,sift_b7,8,93,10,285,192,20,0.094786729857819899,34,10,25,33,158,0.75,1.25,3.2999999999999998,0.011117181445106534,0.025882352941176471,0.14365874858343694,78352,77832,1.0066810846328735,frontier_exceeds_kth,2725472905354861154,1
160,sift_b7,8,61,12,302,241,36,0.13043478260869565,38,12,29,37,203,0.5,1.5,3.0833333333333335,0.0086407754064093522,0.051682416770676788,0.19290677130190664,75109,74460,1.0087161064147949,frontier_exceeds_kth,9944272456357289650,1
161,sift_b7,8,110,13,359,249,45,0.15358361774744028,42,13,31,41,207,0.5,0.75,3.1538461538461537,0.0083172370052180932,0.049436960276338517,0.3175645514874369,70127,68797,1.0193322896957397,frontier_exceeds_kth,13301698035870242416,1
162,sift_b7,8,66,13,346,280,27,0.088235294117647065,41,13,32,40,239,0.25,0.75,3.0769230769230771,0,0.049169155815909291,0.31607217355027117,67813,65575,1.0341289043426514,frontier_exceeds_kth,15807988468476792593,1
163,sift_b7,8,76,12,299,223,20,0.082644628099173556,43,12,33,42,180,1,1.125,3.5,0.074299157028033719,0.12481272685149432,0.39694770226261678,58641,56664,1.0348899364471436,frontier_exceeds_kth,5775744145536107808,1
164,sift_b7,8,90,14,347,257,35,0.12027491408934708,41,14,30,40,216,0.25,1,2.8571428571428572,0.0049933278808488657,0.058739692558281584,0.28834223611089732,46462,46230,1.0050183534622192,frontier_exceeds_kth,4345836012696148972,1
165,sift_b7,8,84,11,266,182,48,0.20960698689956331,33,11,26,32,149,0.25,0.625,2.9090909090909092,0,0.046319357074999359,0.33958607446392375,37483,37143,1.0091538429260254,frontier_exceeds_kth,17566244096485392016,1
166,sift_b7,8,74,18,377,303,50,0.14204545454545456,41,18,25,40,262,0.75,0.75,1.5625,0.010860943960913293,0.022511130154881591,0.1465902662457344,95259,93532,1.0184643268585205,frontier_exceeds_kth,2045779193146341545,1
167,sift_b7,8,143,13,375,232,31,0.1183206106870229,45,13,35,44,187,0.5,1,3.3846153846153846,0,0.090239073651987287,0.30801159156195029,54771,54683,1.0016093254089355,frontier_exceeds_kth,4398743210456809093,1
168,sift_b7,8,59,11,259,200,50,0.20080321285140562,41,11,34,40,159,0.5,0.625,3.6363636363636362,0,0.0066184256971408397,0.28792599035344352,45084,45028,1.0012437105178833,frontier_exceeds_kth,12989218705175556871,1
169,sift_b7,8,92,12,296,204,42,0.17142857142857143,42,12,36,41,162,0,0.625,3.4166666666666665,0,0.055170475833645559,0.42144280818480334,40856,40348,1.0125904083251953,frontier_exceeds_kth,15098183183250003337,1
170,sift_b7,8,77,15,387,310,54,0.1487603305785124,52,15,41,51,258,0.5,0.75,3.3999999999999999,0.00057366671941762933,0.0022907245403740199,0.28017609847837238,50539,50523,1.0003167390823364,frontier_exceeds_kth,6149969970915417414,1
171,sift_b7,8,89,12,339,250,26,0.094545454545454544,48,12,38,47,202,0.75,1.25,3.9166666666666665,0.018942675159235669,0.063785557986870897,0.28298636973037389,78500,77013,1.0193084478378296,frontier_exceeds_kth,1426605500385978280,1
172,sift_b7,8,96,14,389,293,31,0.095975232198142413,39,14,28,38,254,0.75,0.75,2.7142857142857144,0.0036516543100586479,0.02289744981009224,0.27328490718321224,63852,63028,1.0130735635757446,frontier_exceeds_kth,6534512995885720122,1
173,sift_b7,8,67,12,261,194,28,0.12669683257918551,39,12,30,38,155,0.5,0.75,3.1666666666666665,0.0030846760525185873,0.070226465598094701,0.19238972237223906,88819,88229,1.0066871643066406,frontier_exceeds_kth,7517754972935206987,1
174,sift_b7,8,82,14,288,206,56,0.21455938697318008,36,14,28,35,170,0.75,0.5,2.5,0.019859150228630554,0.040781329108755655,0.20153352547718745,62204,58732,1.059116005897522,frontier_exceeds_kth,4352477500187531767,1
175,sift_b7,8,78,12,269,191,38,0.16666666666666666,40,12,33,39,151,0.25,0.375,3.25,0,0.048456711762359002,0.33781771372321362,54035,52470,1.0298265218734741,frontier_exceeds_kth,16433547428648198429,1
176,sift_b7,8,78,12,284,206,53,0.20542635658914729,40,12,35,39,166,0,0.5,3.25,0,0,0.2846956471192319,73905,73833,1.0009751319885254,frontier_exceeds_kth,2721143830716340356,1
177,sift_b7,8,70,12,306,236,41,0.14855072463768115,48,12,40,47,188,0,0.875,3.9166666666666665,0,0.056448629561123252,0.37060591785001235,57052,56113,1.0167341232299805,frontier_exceeds_kth,11780473758130555663,1
178,sift_b7,8,76,10,234,158,21,0.11797752808988764,32,10,24,31,126,0.75,1.25,3.1000000000000001,0.027095166338240408,0.040003431316481756,0.13577450286376214,67836,67146,1.0102760791778564,frontier_exceeds_kth,9526286712614903400,1
179,sift_b7,8,92,10,260,168,25,0.13020833333333334,29,10,22,28,139,0.25,1.125,2.7999999999999998,0,0.051578371145307465,0.11861628465647345,62965,62372,1.009507417678833,frontier_exceeds_kth,1180303573481036257,1
180,sift_b7,8,81,13,348,267,59,0.18153846153846154,66,13,56,65,201,0.25,1.125,5,0.012057926829268293,0.11135335252982312,0.41131427637136553,65600,64809,1.0122051239013672,frontier_exceeds_kth,12168281471651483363,1
181,sift_b7,8,68,14,266,198,40,0.16877637130801687,41,14,30,40,157,0.5,0.75,2.8571428571428572,0.023298514141118019,0.029780516216050518,0.24811735360494119,64058,63301,1.0119587182998657,frontier_exceeds_kth,12746170684975505707,1
182,sift_b7,8,156,13,389,233,49,0.17437722419928825,32,13,24,31,201,0.5,0.5,2.3846153846153846,0.0021337649915385182,0.0021337649915385182,0.48047470560744082,67955,67810,1.0021383762359619,frontier_exceeds_kth,2228323661166614572,1
183,sift_b7,8,58,14,317,259,39,0.13131313131313133,57,14,46,56,202,0.25,1.625,4,0.019364637387672447,0.10482077351896248,0.37258712661828269,63208,61984,1.0197470188140869,frontier_exceeds_kth,10138707585009250903,1
184,sift_b7,8,111,10,279,168,34,0.1691542288557214,34,10,28,33,134,0.25,0.75,3.2999999999999998,0.0061678909739377973,0.015589550787580217,0.17576662143826324,61123,60746,1.0062061548233032,frontier_exceeds_kth,18267285118549230269,1
185,sift_b7,8,96,11,203,107,60,0.36144578313253012,31,11,25,30,76,0.25,0.375,2.7272727272727271,0.014053858010699066,0.019653804543815361,0.42647679324894516,11029,10874,1.0142542123794556,frontier_exceeds_kth,10751541007603461210,1
186,sift_b7,8,75,14,284,209,56,0.21212121212121213,42,14,31,41,167,0.25,0.75,2.9285714285714284,0.010303075881777845,0.02942694889003614,0.4172349659020459,53574,52640,1.0177431106567383,frontier_exceeds_kth,9830892709256265573,1
187,sift_b7,8,103,10,325,222,19,0.079166666666666663,30,10,25,29,192,0.25,0.875,2.8999999999999999,0,0.064748584040205281,0.26856810123423414,70761,70344,1.0059280395507812,frontier_exceeds_kth,13621576743428355630,1
188,sift_b7,8,91,13,277,186,41,0.18141592920353983,38,13,28,37,148,0.25,1.25,2.8461538461538463,0.0019395272764115852,0.080649032051623909,0.37367158973241049,70268,68955,1.0190414190292358,frontier_exceeds_kth,2842145067847395556,1
189,sift_b7,8,74,11,245,171,35,0.17073170731707318,38,11,30,37,133,0.5,1.375,3.3636363636363638,0,0.077218373107518598,0.36868789719462097,91651,89902,1.0194544792175293,frontier_exceeds_kth,7557088438149356973,1
190,sift_b7,8,107,11,253,146,45,0.23684210526315788,45,11,39,44,101,0,1.125,4,0,0.070169506807321258,0.4261608658153187,83588,82502,1.0131633281707764,frontier_exceeds_kth,14964527942292426802,1
191,sift_b7,8,85,19,423,338,56,0.14249363867684478,55,19,39,54,283,0.75,0.75,1.5,0.0067187895182484964,0.025693021249056196,0.15401833796933681,93294,90328,1.032835841178894,frontier_exceeds_kth,14181354828531739391,1
192,sift_b7,8,51,19,387,336,30,0.082191780821917804,53,19,37,52,283,0.75,1.125,1.8125,0.012047571137424863,0.021401101358171387,0.17246148194567495,78267,76592,1.0218691825866699,frontier_exceeds_kth,13938131093987802227,1
193,sift_b7,8,68,16,367,299,42,0.12352941176470589,51,16,38,50,248,0.5,1.125,3.125,0.0058663879570472512,0.066676162441047071,0.3226010246042868,59615,58973,1.0108863115310669,frontier_exceeds_kth,13274646606042166664,1
194,sift_b7,8,54,13,308,254,46,0.15384615384615385,47,13,39,46,207,0.25,0.625,3.5384615384615383,0.010856049219856622,0.012415118375454771,0.47232989548003046,92483,91479,1.0109752416610718,frontier_exceeds_kth,10204979194645980853,1
195,sift_b7,8,99,11,310,211,21,0.090909090909090912,38,11,31,37,173,0.25,1.5,3.3636363636363638,0,0.077204155139113634,0.29408006389138464,72054,70712,1.0189783573150635,frontier_exceeds_kth,3529299260157767668,1
196,sift_b7,8,65,13,298,233,17,0.068273092369477914,55,13,44,54,178,0.5,1.125,4.1538461538461542,0.011719610521214258,0.083803902747853085,0.27167348529125268,92672,89724,1.0328563451766968,frontier_exceeds_kth,7769391875077985071,1
197,sift_b7,8,124,10,304,180,25,0.12254901960784313,28,10,21,27,152,0.25,0.625,2.7000000000000002,0.00028185311002655356,0.048229694804186027,0.10695307634204843,67411,67392,1.0002819299697876,frontier_exceeds_kth,13865969886155856391,1
198,sift_b7,8,50,13,211,161,45,0.21951219512195122,46,13,37,45,115,0,1.125,3.4615384615384617,0,0.2027289633700399,0.55319398091223138,38562,38155,1.0106669664382935,frontier_exceeds_kth,7432714130432476523,1
199,sift_b7,8,108,17,440,332,50,0.13123359580052493,57,17,43,56,275,0.5,1.125,2.25,0,0.051341939273576595,0.19233654430063227,67916,67830,1.0012679100036621,frontier_exceeds_kth,3815482953101219297,1
0,sift_b7,16,94,20,398,304,83,0.21502590673575128,67,20,52,66,237,0,0.375,1.5625,0,0.023987443272938207,0.13675230871375973,85932,85812,1.0013984441757202,frontier_exceeds_kth,13213229919839765249,1
1,sift_b7,16,89,18,383,294,55,0.15804597701149425,55,18,43,54,239,0.25,0.5,1.75,0,0.0011234197465906344,0.13357427440145059,70321,70242,1.0011247396469116,frontier_exceeds_kth,3173049996416921904,1
2,sift_b7,16,67,18,353,286,71,0.199438202247191,64,18,50,63,222,0.5,0.75,2.625,0.018880168725030927,0.023198530154051163,0.25682422157022383,48659,48380,1.0057668685913086,frontier_exceeds_kth,12754150990717209474,1
3,sift_b7,16,64,16,294,230,105,0.31437125748502992,41,16,34,40,189,0,0,2.5,0,0,0.24133831787395785,48551,48502,1.0010102987289429,frontier_exceeds_kth,5392471231553887046,1
4,sift_b7,16,89,22,417,328,85,0.20631067961165048,67,22,51,66,261,0,0.25,1.5625,0,0.02251536056914951,0.13390480056350806,74216,72545,1.0230339765548706,frontier_exceeds_kth,1172953913924293614,1
5,sift_b7,16,68,19,403,335,59,0.15012722646310434,63,19,47,62,272,0.25,0.75,1.6875,0.0057112910298505867,0.050951447588713297,0.12128057771560362,97696,92965,1.0508900880813599,frontier_exceeds_kth,5219330373518783094,1
6,sift_b7,16,82,17,437,355,44,0.11055276381909548,65,17,52,64,290,0,0.75,2.1875,0,0.02855059302677564,0.17447529961999417,71623,70603,1.0144469738006592,frontier_exceeds_kth,8723116756015617402,1
7,sift_b7,16,88,18,278,190,99,0.34375,54,18,40,53,136,0,0.625,1.8125,0,0.037048515913696504,0.3107455504172284,40749,40391,1.0088633298873901,frontier_exceeds_kth,4674677164758978142,1
8,sift_b7,16,84,16,400,316,44,0.12256267409470752,50,16,37,49,266,0.75,0.75,3.0625,0.0012403903822038058,0.002029364495655253,0.237406852337538,73327,73273,1.0007369518280029,frontier_exceeds_kth,11304116014470101818,1
9,sift_b7,16,66,19,366,300,81,0.2131578947368421,71,19,57,70,229,0,0.375,1.375,0,0.0052036326714801446,0.10719754977029096,70871,70543,1.0046496391296387,frontier_exceeds_kth,5695119521793236150,1
10,sift_b7,16,95,18,478,383,70,0.15486725663716813,62,18,48,61,321,0.25,0.75,1.8125,0.0029336635099108748,0.028360236969400512,0.19040286935729295,89852,89386,1.0052133798599243,frontier_exceeds_kth,2350703814582291695,1
11,sift_b7,16,96,22,448,352,88,0.20045558086560364,74,22,56,73,278,0.25,0.5,1.25,0.00074932954724719989,0.016630765946711687,0.09413657490168037,50712,50674,1.000749945640564,frontier_exceeds_kth,7367915673088563374,1
12,sift_b7,16,94,20,483,389,61,0.13585746102449889,69,20,51,68,320,0.75,1,1.625,0.0091364040430645631,0.023871689668034317,0.10719689103800172,61509,60191,1.0218969583511353,frontier_exceeds_kth,10676641367807866273,1
13,sift_b7,16,79,20,447,368,63,0.14651162790697675,70,20,56,69,298,0.25,0.25,1.9375,0.0012609393998528904,0.0012609393998528904,0.18422472350964958,66617,66533,1.0012625455856323,frontier_exceeds_kth,3841377258722622025,1
14,sift_b7,16,68,19,369,301,72,0.19354838709677419,69,19,56,68,232,0.25,0.625,1.5,0.0014622883530015392,0.0014622883530015392,0.12090071370494172,78296,77846,1.0057806968688965,frontier_exceeds_kth,16529993372888362875,1
15,sift_b7,16,80,19,367,287,75,0.2077562326869806,67,19,55,66,220,0.25,0.25,1.4375,0,0.021333420186952414,0.14961298447692764,60279,60096,1.0030450820922852,frontier_exceeds_kth,341406167555108721,1
16,sift_b7,16,64,20,440,376,79,0.17400881057268722,73,20,57,72,303,0.5,0.75,1.4375,0.018895203908664872,0.035516492133766807,0.12634850166481687,61211,59037,1.0368243455886841,frontier_exceeds_kth,18215940874279619814,1
17,sift_b7,16,81,20,468,387,80,0.17167381974248927,68,20,54,67,319,0,0.625,1.3125,0,0.0089957657585683463,0.094225545462511315,63367,62022,1.0216858386993408,frontier_exceeds_kth,2859170891202798017,1
18,sift_b7,16,86,16,346,260,51,0.16451612903225807,51,16,40,50,209,0.25,0.875,3.125,0.0060513329473713233,0.036608013681243071,0.30967037806477554,72546,72107,1.0060881376266479,frontier_exceeds_kth,9863054796756143160,1
19,sift_b7,16,93,16,428,335,55,0.14138817480719795,43,16,36,42,292,0,0.125,2.625,0,0.0075636787867003697,0.25631984613815512,51430,51041,1.0076212882995605,frontier_exceeds_kth,6681560746655629421,1
20,sift_b7,16,115,17,388,273,86,0.24022346368715083,67,17,52,66,206,0.5,0.875,3,0.0042210940619474072,0.037386269644334162,0.3010629992192661,35481,34914,1.0162398815155029,frontier_exceeds_kth,15266925982844622775,1
21,sift_b7,16,98,17,382,284,62,0.17971014492753623,63,17,52,62,221,0,0.25,2.1875,0,0.002334906857519923,0.21030956829184996,39402,39310,1.0023403167724609,frontier_exceeds_kth,481902086298714983,1
22,sift_b7,16,93,16,355,262,59,0.18437500000000001,52,16,40,51,210,0,0.75,3.1875,0,0.070950437317784262,0.44418552730723077,39933,39833,1.0025104284286499,frontier_exceeds_kth,3559103757110531835,1
23,sift_b7,16,69,19,380,311,73,0.1906005221932115,54,19,38,53,257,0.25,0.875,1.4375,0.002808812452924931,0.0435273400460559,0.14617958053984334,63728,63549,1.0028166770935059,frontier_exceeds_kth,11574359264363631931,1
24,sift_b7,16,80,19,388,308,54,0.14958448753462603,52,19,36,51,256,1,0.75,1.375,0.02285066632543005,0.049420258927301182,0.13743746974342425,53585,53453,1.0024694204330444,frontier_exceeds_kth,3391947764623780609,1
25,sift_b7,16,97,19,415,318,91,0.22303921568627452,76,19,62,75,242,0,0.5,2,0,0.049452420876126599,0.27109535098645882,73338,72561,1.010708212852478,frontier_exceeds_kth,4081690274546436251,1
26,sift_b7,16,84,16,329,245,44,0.15277777777777779,52,16,43,51,193,0.25,0.125,3.1875,0.002264166477986127,0.002264166477986127,0.31199080250943878,48583,48473,1.0022692680358887,frontier_exceeds_kth,11584506999624604295,1
27,sift_b7,16,109,20,486,377,64,0.14545454545454545,67,20,51,66,310,0.25,0.625,1.625,0.0012776506483600306,0.0060729129106332908,0.092338087728115636,52661,52373,1.005499005317688,frontier_exceeds_kth,10899937638756938029,1
28,sift_b7,16,113,18,440,327,59,0.15324675324675324,66,18,50,65,261,0.5,0.875,1.6875,0.0042361159139636213,0.014392798466593647,0.11353456370157157,58251,57591,1.0114600658416748,frontier_exceeds_kth,12186451344573120079,1
29,sift_b7,16,88,17,261,173,66,0.27731092436974791,50,17,37,49,123,0.25,0.5,2.3125,0.0026123301985370951,0.0381256298286866,0.59041171001501891,34452,34362,1.0026191473007202,frontier_exceeds_kth,12922349077423291999,1
30,sift_b7,16,137,20,424,287,45,0.13595166163141995,66,20,48,65,221,0.75,0.875,1.25,0.012379587079140931,0.027673354174086239,0.06725294192078958,75678,73715,1.0266295671463013,frontier_exceeds_kth,9389473885420199246,1
31,sift_b7,16,90,27,575,485,105,0.17826825127334464,87,27,66,86,398,0.5,0.5,1.625,0.018127603180613405,0.055521409547223927,0.10913092490203447,85386,82980,1.0289949178695679,frontier_exceeds_kth,3867647542283803482,1
32,sift_b7,16,98,18,387,289,89,0.23607427055702918,61,18,49,60,228,0.25,0.375,1.75,0.0060659673954252492,0.0093745501655390813,0.22138624503245696,55397,55055,1.0062119960784912,frontier_exceeds_kth,3812709079857528475,1
33,sift_b7,16,63,21,363,300,79,0.20899470899470898,79,21,64,78,221,0.25,0.5,1.5625,0.019341544513651478,0.032222283844490045,0.18366392215568864,106765,104700,1.0197230577468872,frontier_exceeds_kth,2840470582287822894,1
34,sift_b7,16,94,19,395,301,72,0.19354838709677419,62,19,48,61,239,0.5,0.75,0.9375,0.00084013116886636494,0.02452705384310094,0.056819053953797743,74845,73736,1.0150401592254639,frontier_exceeds_kth,18408198082263093991,1
35,sift_b7,16,60,17,345,285,91,0.24266666666666667,59,17,50,58,226,0,0.25,2.5,0,0.028029799121990155,0.32979562633007997,75170,73063,1.0288381576538086,frontier_exceeds_kth,6681438963994566971,1
36,sift_b7,16,65,19,399,334,65,0.16331658291457288,74,19,62,73,260,0,0.125,2.25,0,0,0.26428246103883246,75974,74306,1.0224477052688599,frontier_exceeds_kth,5058611041628641300,1
37,sift_b7,16,101,17,321,220,84,0.27722772277227725,48,17,38,47,172,0,0.25,2.1875,0,0.0036823455846592091,0.23125720361319835,86358,86040,1.0036959648132324,frontier_exceeds_kth,10607379985174013904,1
38,sift_b7,16,85,18,312,227,83,0.26860841423948217,67,18,54,66,160,0.5,0.5,2.1875,0.021575307112625168,0.026532917936252527,0.24670828954688756,85922,85302,1.0072683095932007,frontier_exceeds_kth,17698437224405358296,1
39,sift_b7,16,102,18,405,303,80,0.20942408376963351,68,18,55,67,235,0,0.375,1.9375,0,0.023517223517223518,0.25876848065429381,37814,37702,1.0029706954956055,frontier_exceeds_kth,13365405328450707500,1
40,sift_b7,16,69,22,430,361,90,0.20000000000000001,73,22,59,72,288,0.25,0.375,1.4375,0.019613603614946629,0.033686329665480817,0.16655963084534514,71481,70079,1.0200059413909912,frontier_exceeds_kth,10099041459981516871,1
41,sift_b7,16,69,21,342,273,78,0.22285714285714286,64,21,51,63,209,0,0,1.75,0,0,0.15536670977276926,45808,45720,1.0019247531890869,frontier_exceeds_kth,12022177958293352554,1
42,sift_b7,16,84,17,375,291,62,0.17613636363636365,55,17,42,54,236,0.5,0.5,2.8125,0.0054335293439409663,0.0071649521617149848,0.19710755340438404,69384,69007,1.0054632425308228,frontier_exceeds_kth,16272407171943344663,1
43,sift_b7,16,82,20,378,296,64,0.17827298050139276,68,20,52,67,228,0.5,0.625,2.0625,0.0049403350087869145,0.013523556573544999,0.20104003236533358,82062,80969,1.0134990215301514,frontier_exceeds_kth,3153183887807297632,1
44,sift_b7,16,81,19,363,282,74,0.20845070422535211,68,19,52,67,214,0.25,0.875,1.6875,0,0.018367698087235811,0.086528967523283429,68773,68461,1.0045573711395264,frontier_exceeds_kth,10147321196418158740,1
45,sift_b7,16,84,18,368,284,71,0.20056497175141244,59,18,50,58,225,0.25,0.125,1.625,0,0.012349233771635154,0.18446114626124402,62514,61742,1.0125036239624023,frontier_exceeds_kth,8159063731067078436,1
46,sift_b7,16,67,18,378,311,65,0.17333333333333334,69,18,60,68,242,0.25,0.125,2.125,0.0088991266592645373,0.0088991266592645373,0.330557327870871,60343,59806,1.0089790821075439,frontier_exceeds_kth,10522415185577502809,1
47,sift_b7,16,83,16,406,323,38,0.10555555555555556,56,16,44,55,267,0.5,0.5,3.4375,0,0.01687248460665268,0.22667622706856433,115190,114322,1.0075925588607788,frontier_exceeds_kth,165378807272626390,1
48,sift_b7,16,130,16,367,237,78,0.24840764331210191,42,16,36,41,195,0.25,0.125,2.5625,0.0013956814616591308,0.0013956814616591308,0.41865540349981872,86696,86575,1.0013976097106934,frontier_exceeds_kth,7181546428178089865,1
49,sift_b7,16,93,16,298,205,65,0.24163568773234201,37,16,29,36,168,0.25,0.125,2.25,0.014020697219705279,0.014020697219705279,0.48644385657687195,41938,41350,1.014220118522644,frontier_exceeds_kth,15548271849384346465,1
50,sift_b7,16,80,17,302,222,86,0.28013029315960913,50,17,43,49,172,0,0.125,2,0,0.033537167972482324,0.13466576839583802,83728,80920,1.0347009897232056,frontier_exceeds_kth,17490397096641173097,1
51,sift_b7,16,124,17,367,243,92,0.27544910179640719,46,17,34,45,197,0.5,0.375,1.25,0.014723182774232648,0.023857876984477368,0.15593696555094064,56102,55276,1.0149432420730591,frontier_exceeds_kth,2140874470077346127,1
52,sift_b7,16,84,18,392,308,62,0.16802168021680217,61,18,48,60,247,0.25,0.625,1.5625,0.0015060240963855422,0.027997800900002034,0.18809422569946424,47834,47736,1.002052903175354,frontier_exceeds_kth,8084405007883014282,1
53,sift_b7,16,96,18,400,304,68,0.18328840970350405,68,18,57,67,236,0,0.25,1.8125,0,0.021625846795205836,0.24062518056277807,53453,52570,1.0167967081069946,frontier_exceeds_kth,17537298690755274675,1
54,sift_b7,16,48,17,195,147,105,0.41832669322709165,56,17,48,55,91,0,0.25,1.9375,0,0.0054867431087163646,0.20264468034665331,30437,30270,1.0055170059204102,frontier_exceeds_kth,17653432670390025001,1
55,sift_b7,16,73,16,161,88,60,0.40816326530612246,35,16,29,34,53,0,0,2.125,0,0,0.52248502201583213,40223,39692,1.0133780241012573,frontier_exceeds_kth,17946202963606379594,1
56,sift_b7,16,85,26,496,411,87,0.1750503018108652,66,26,46,65,345,0.25,0.875,0.75,0,0.029266065517634974,0.057244207959206296,42976,42523,1.010653018951416,frontier_exceeds_kth,8076642014241749162,1
57,sift_b7,16,95,18,451,356,58,0.14043583535108958,68,18,54,67,288,0.25,0.875,1.875,0,0.041857077833409195,0.15205516974687011,52780,52626,1.0029263496398926,frontier_exceeds_kth,12682361880081696819,1
58,sift_b7,16,86,17,361,275,72,0.20809248554913296,54,17,46,53,221,0,0,1.625,0,0,0.27184996065963357,91437,90694,1.0081924200057983,frontier_exceeds_kth,14753735027343146809,1
59,sift_b7,16,52,16,197,145,83,0.3656387665198238,32,16,26,31,113,0,0.125,1.9375,0,0.0048559300231541033,0.48847857709600634,31096,30945,1.0048795938491821,frontier_exceeds_kth,10534129717687928241,1
60,sift_b7,16,98,19,420,322,69,0.17692307692307693,57,19,44,56,265,0.5,0.5,1.3125,0.0063828523928274551,0.014196930870961091,0.12468452918023355,67902,66938,1.0144014358520508,frontier_exceeds_kth,10202413805423919014,1
61,sift_b7,16,78,18,269,191,109,0.36454849498327757,59,18,50,58,132,0.25,0.25,1.125,0,0.036967074929417261,0.18889744247711915,48102,47413,1.0145318508148193,frontier_exceeds_kth,16862477936295405071,1
62,sift_b7,16,73,21,260,187,91,0.32851985559566788,59,21,47,58,128,0,0,1.5625,0,0,0.18732705661231097,47020,46697,1.006916880607605,frontier_exceeds_kth,9857665360773368582,1
63,sift_b7,16,98,19,366,268,69,0.20535714285714285,70,19,56,69,198,0,0.5,1.8125,0,0.020457984464844144,0.31418360572372972,48701,48551,1.0030895471572876,frontier_exceeds_kth,9918412871364008065,1
64,sift_b7,16,86,17,285,199,109,0.35504885993485341,48,17,39,47,151,0.25,0.125,2.3125,0.0051852213065457326,0.0051852213065457326,0.2190833460929924,61521,61202,1.0052123069763184,frontier_exceeds_kth,2600004878612614002,1
65,sift_b7,16,56,17,283,227,59,0.20701754385964913,53,17,41,52,174,0.25,0.5,1.75,0,0.016231942215088283,0.26868521142516222,49036,49031,1.0001019239425659,frontier_exceeds_kth,10470267188921567384,1
66,sift_b7,16,107,17,293,186,91,0.32971014492753625,48,17,39,47,138,0,0.25,1.75,0,0.0068021544783163973,0.20418673459172665,72036,71546,1.0068486928939819,frontier_exceeds_kth,1799244299882605327,1
67,sift_b7,16,84,16,314,230,58,0.20209059233449478,50,16,37,49,180,0.25,0.625,3.0625,0.018267154792077349,0.088894309509704852,0.2719222522346913,53265,52292,1.0186070203781128,frontier_exceeds_kth,377423859357003553,1
68,sift_b7,16,79,16,313,234,78,0.25080385852090031,44,16,35,43,190,0,0.25,2.6875,0,0.0032308437887028163,0.36588791449712249,37142,37022,1.0032413005828857,frontier_exceeds_kth,11116897159451449217,1
69,sift_b7,16,90,19,405,315,53,0.1444141689373297,64,19,52,63,251,0.25,0.5,1.75,0.0013195254420999304,0.0059805105714319223,0.12562663750954139,85277,84767,1.0060164928436279,frontier_exceeds_kth,13517528782736851638,1
70,sift_b7,16,89,16,233,144,76,0.34703196347031962,37,16,30,36,107,0,0,2.25,0,0,0.57696791830827365,21250,21045,1.0097410678863525,frontier_exceeds_kth,13188503113706442194,1
71,sift_b7,16,77,18,317,240,76,0.24126984126984127,65,18,54,64,175,0,0.25,1.9375,0,0,0.18626023440670278,71657,68180,1.0509973764419556,frontier_exceeds_kth,17427383646082335761,1
72,sift_b7,16,73,21,455,382,55,0.12614678899082568,73,21,55,72,309,1,0.75,1.4375,0.0034923216763144047,0.024721415862908512,0.1284154148709151,104473,104150,1.0031013488769531,frontier_exceeds_kth,314210683724819155,1
73,sift_b7,16,73,19,342,269,66,0.19760479041916168,59,19,50,58,210,0,0.125,1.625,0,0.010048060680696172,0.11154038008235444,91759,90837,1.0101500749588013,frontier_exceeds_kth,16076703987096566790,1
74,sift_b7,16,96,16,367,271,59,0.17933130699088146,55,16,44,54,216,0.75,0.625,3.375,0.010971274465737752,0.031742539403152255,0.32255310811945481,48415,48409,1.0001239776611328,frontier_exceeds_kth,9101118980562847392,1
75,sift_b7,16,74,23,464,390,77,0.16523605150214593,73,23,56,72,317,0.5,0.25,1.375,0.012162610678686524,0.012162610678686524,0.11997825340505895,93609,92265,1.0145667791366577,frontier_exceeds_kth,1553413280959313575,1
76,sift_b7,16,44,22,378,334,106,0.24145785876993167,67,22,48,66,267,0.25,0.875,1.125,0,0.056203276910562809,0.13420744057136766,75263,73098,1.0296177864074707,frontier_exceeds_kth,12404787198172981719,1
77,sift_b7,16,96,17,382,286,65,0.18571428571428572,49,17,40,48,237,0.25,0.25,1.375,0.0073893815143231774,0.0093158402555201907,0.13918842088019043,90169,89329,1.0094034671783447,frontier_exceeds_kth,9377816580357857093,1
78,sift_b7,16,113,25,513,400,83,0.17219917012448133,69,25,48,68,331,0.5,0.875,0.8125,0.023794358507734304,0.0483012507761909,0.074424489913296046,68084,64371,1.0576812028884888,frontier_exceeds_kth,14674806939335864059,1
79,sift_b7,16,50,16,219,169,79,0.31983805668016196,39,16,30,38,130,0,0.25,2.375,0,0.0051766639276910435,0.19184300113477071,48680,48428,1.0052036046981812,frontier_exceeds_kth,16206533253488412302,1
80,sift_b7,16,64,24,455,391,96,0.19753086419753085,64,24,48,63,327,0,0.125,1.125,0,0,0.07180106843042483,88153,87570,1.0066574811935425,frontier_exceeds_kth,12834551891250662005,1
81,sift_b7,16,72,22,522,450,74,0.14149139579349904,71,22,56,70,379,0.25,0.25,0.9375,0.0029666561386093942,0.020294834848148969,0.0525554173991339,90701,88389,1.0261571407318115,frontier_exceeds_kth,5304927221330780428,1
82,sift_b7,16,54,18,413,359,61,0.14558472553699284,65,18,51,64,294,0.5,0.625,2,0.00087784025851759498,0.01023378914865461,0.12016715401248053,78602,78533,1.0008785724639893,frontier_exceeds_kth,8701216555381735941,1
83,sift_b7,16,92,17,315,223,50,0.18382352941176472,52,17,44,51,171,0.25,0.125,2.1875,0.0086995087336244545,0.0086995087336244545,0.3796607636553837,59105,58114,1.0170526504516602,frontier_exceeds_kth,17938823466730773655,1
84,sift_b7,16,100,19,457,357,51,0.12530712530712532,81,19,68,80,276,0.5,0.5,2.375,0,0.01556066939056654,0.17766212028089079,63373,62885,1.0077601671218872,frontier_exceeds_kth,16647508215979590399,1
85,sift_b7,16,67,19,315,248,87,0.26047904191616766,89,19,77,88,159,0.25,0.125,2.25,0,0.0057873463388562266,0.3677051687875762,119744,119051,1.0058209896087646,frontier_exceeds_kth,16789000946065026286,1
86,sift_b7,16,112,17,345,233,83,0.2634920634920635,44,17,33,43,189,0.25,0.375,1.5,0,0.01184060483933955,0.22769170665006289,63354,63259,1.0015017986297607,frontier_exceeds_kth,9631591901318336231,1
87,sift_b7,16,67,16,237,170,111,0.39642857142857141,42,16,34,41,128,0,0.375,2.5625,0,0.011418148654810761,0.36410779862259923,54720,54199,1.0096126794815063,frontier_exceeds_kth,10848917520944883359,1
88,sift_b7,16,107,17,224,117,95,0.45023696682464454,39,17,33,38,78,0,0,1.6875,0,0,0.2542081447963801,34291,32964,1.0402560234069824,frontier_exceeds_kth,7780450298646951216,1
89,sift_b7,16,85,17,310,225,68,0.23287671232876711,44,17,30,43,181,0.5,0.625,1.75,0.0097631012203876523,0.043787693231970792,0.24037667272426896,41790,41382,1.0098593235015869,frontier_exceeds_kth,5525037155612964641,1
90,sift_b7,16,84,17,287,203,91,0.31058020477815701,57,17,45,56,146,0.25,0.375,1.8125,0.017911854819703039,0.019206326790001411,0.24244627858779041,21215,20835,1.0182385444641113,frontier_exceeds_kth,7152450333094889327,1
91,sift_b7,16,82,21,354,272,101,0.271505376344086,75,21,63,74,197,0,0,1.75,0,0,0.19063962830992803,94949,92675,1.0245373249053955,frontier_exceeds_kth,8129436170177466126,1
92,sift_b7,16,81,20,364,283,67,0.19197707736389685,67,20,51,66,216,0.75,0.625,1.125,0.02412948024098846,0.028237614902790205,0.11862953057271973,98344,95567,1.0290580987930298,frontier_exceeds_kth,16931868411357755495,1
93,sift_b7,16,101,21,350,249,58,0.18954248366013071,57,21,41,56,192,0.25,0.875,0.75,0,0.011371585385539791,0.11709301766807093,56392,55119,1.0230954885482788,frontier_exceeds_kth,14415783126289370345,1
94,sift_b7,16,90,20,294,204,89,0.3047945205479452,65,20,54,64,139,0.25,0.125,1.3125,0,0.0034707660269852059,0.2443691470930105,69149,68909,1.0034828186035156,frontier_exceeds_kth,14733395327835796535,1
95,sift_b7,16,134,16,388,254,51,0.16776315789473684,53,16,43,52,201,0.25,0.375,3.25,0.00090481737249355188,0.00090481737249355188,0.44519843836629092,96152,96065,1.0009056329727173,frontier_exceeds_kth,11333971155986057599,1
96,sift_b7,16,67,17,329,262,43,0.14144736842105263,63,17,48,62,199,1,0.75,2.6875,0.013330906287476444,0.026671032617880681,0.18247067799918376,92308,92147,1.0017472505569458,frontier_exceeds_kth,8238267500874631148,1
97,sift_b7,16,77,19,349,272,126,0.31738035264483627,55,19,45,54,217,0.25,0.25,1.25,0.0097122505511900055,0.0097122505511900055,0.11363659363456965,89178,87586,1.0181764364242554,frontier_exceeds_kth,14930220892206906935,1
98,sift_b7,16,107,16,273,166,123,0.42708333333333331,33,16,25,32,133,0.25,0.125,2,0,0.0053561253561253564,0.31302636757182212,17550,17456,1.0053849220275879,frontier_exceeds_kth,4200192936459516778,1
99,sift_b7,16,101,17,355,254,78,0.23564954682779457,53,17,45,52,201,0,0,2.25,0,0,0.23654242585450194,91923,91847,1.000827431678772,frontier_exceeds_kth,13341394434373882563,1
100,sift_b7,16,100,17,270,170,50,0.22831050228310501,49,17,33,48,121,1,0.875,2.125,0.023727379247493817,0.03704773829015378,0.41712009327633115,61291,59990,1.0216869115829468,frontier_exceeds_kth,389049001513041674,1
101,sift_b7,16,72,19,348,276,86,0.23822714681440443,54,19,43,53,222,0.5,0.25,1.0625,0,0.0018455350778943081,0.070090355016956388,78955,78423,1.0067837238311768,frontier_exceeds_kth,15082079966522167417,1
102,sift_b7,16,65,25,493,428,95,0.18199233716475097,63,25,44,62,365,0.5,0.875,0.75,0.0075501818847975716,0.013218667464643967,0.033661625492119714,78207,75845,1.0311424732208252,frontier_exceeds_kth,3291185605791383027,1
103,sift_b7,16,90,18,415,325,64,0.16494845360824742,84,18,71,83,241,0.25,0.5,2.9375,0,0.023300915494966205,0.23311537083482622,69886,68492,1.0203527212142944,frontier_exceeds_kth,8694443372140804789,1
104,sift_b7,16,86,18,353,267,96,0.26519337016574585,58,18,46,57,209,0.25,0.5,1.4375,0,0.0088310481059725773,0.18316535395369993,34158,34120,1.0011137723922729,frontier_exceeds_kth,15983511417946298473,1
105,sift_b7,16,75,18,336,261,77,0.228486646884273,58,18,46,57,203,0,0.25,1.5625,0,0.0086983623278744267,0.17698948507445131,71895,69974,1.0274530649185181,frontier_exceeds_kth,15751723746584706751,1
106,sift_b7,16,108,18,302,194,75,0.27985074626865669,58,18,48,57,136,0.5,0.25,1.8125,0.02720386899470147,0.02720386899470147,0.16488078883902677,28121,27356,1.0279645919799805,frontier_exceeds_kth,9230760494232633899,1
107,sift_b7,16,110,19,302,192,97,0.33680555555555558,50,19,42,49,142,0,0,1.1875,0,0,0.13578790512852354,55730,55676,1.0009698867797852,frontier_exceeds_kth,11301423187711148406,1
108,sift_b7,16,59,16,161,102,95,0.48469387755102039,37,16,30,36,65,0,0,2.25,0,0,0.39032258064516129,13328,13041,1.0220074653625488,frontier_exceeds_kth,5951765232905127766,1
109,sift_b7,16,49,18,293,244,79,0.24534161490683229,66,18,56,65,178,0,0,1.875,0,0,0.24877938470710373,73497,73084,1.0056509971618652,frontier_exceeds_kth,1576745793854289176,1
110,sift_b7,16,56,16,282,226,90,0.2857142857142857,42,16,35,41,184,0,0,2.5625,0,0,0.44447980557805811,38923,38402,1.0135669708251953,frontier_exceeds_kth,11767545633752833644,1
111,sift_b7,16,68,20,414,346,45,0.11538461538461539,70,20,55,69,276,0,0.5,1.8125,0,0.030372148859543816,0.12993364357118234,82130,80770,1.0168379545211792,frontier_exceeds_kth,13285255443429874713,1
112,sift_b7,16,75,16,263,188,94,0.33451957295373663,29,16,26,28,159,0,0,1.75,0,0,0.36066230753005696,61019,60622,1.0065487623214722,frontier_exceeds_kth,13150892387116172843,1
113,sift_b7,16,78,18,352,274,71,0.20639534883720931,70,18,60,69,204,0,0.125,2.625,0,0,0.31960728398582311,84754,83508,1.014920711517334,frontier_exceeds_kth,2372378598032986532,1
114,sift_b7,16,113,17,381,268,87,0.24576271186440679,54,17,46,53,214,0.25,0.25,1.75,0.047599765422100586,0.055433999889215088,0.24019738894087242,71618,68209,1.0499787330627441,frontier_exceeds_kth,3438174057358232584,1
115,sift_b7,16,88,19,475,387,49,0.11264367816091954,69,19,54,68,318,0,0.875,1.3125,0,0.018998329457237381,0.10759833134684148,60636,59898,1.0123209953308105,frontier_exceeds_kth,11351368245280080624,1
116,sift_b7,16,87,17,237,150,106,0.41568627450980394,46,17,38,45,104,0,0,1.4375,0,0,0.41658906955089176,8526,8145,1.0467771291732788,frontier_exceeds_kth,12224446703383269434,1
117,sift_b7,16,117,17,463,346,47,0.11989795918367346,57,17,46,56,289,0,0.375,2.3125,0,0.023361280487804878,0.24064398241888488,77439,76881,1.0072579383850098,frontier_exceeds_kth,12005807965031594388,1
118,sift_b7,16,105,23,504,399,84,0.17427385892116182,61,23,44,60,338,0.25,0.875,0.625,0.00032887704931511356,0.0048128079624142617,0.040120630309154644,63014,60793,1.0365338325500488,frontier_exceeds_kth,2336105955145431470,1
119,sift_b7,16,71,16,178,107,64,0.37647058823529411,37,16,27,36,70,0.25,0.375,2.25,0.011914677869119617,0.011914677869119617,0.41853675169959292,27613,27284,1.0120583772659302,frontier_exceeds_kth,3456207131954605323,1
120,sift_b7,16,62,27,492,430,107,0.19962686567164178,106,27,83,105,324,0.75,1,0.75,0.013765303715774353,0.039898974086018141,0.053121301013843859,93278,91994,1.0139573812484741,frontier_exceeds_kth,4349731858607836434,1
121,sift_b7,16,75,16,296,221,61,0.21708185053380782,49,16,36,48,172,0.25,0.75,3,0.0075684647302904562,0.033325070325382886,0.26234887737478413,90375,89691,1.0076261758804321,frontier_exceeds_kth,17337449976639867836,1
122,sift_b7,16,94,18,385,291,82,0.22043010752688172,57,18,43,56,234,0.25,0.75,1.5625,0.028325601886645763,0.051613148009965977,0.18669877009175506,77339,74988,1.0313516855239868,frontier_exceeds_kth,6548607267806984562,1
123,sift_b7,16,68,18,252,184,84,0.3146067415730337,46,18,38,45,138,0.5,0.25,0.8125,0.014195130071580986,0.038977324697933108,0.13020082251775891,67783,65141,1.0405582189559937,frontier_exceeds_kth,10532431385910311079,1
124,sift_b7,16,118,17,397,279,93,0.25067385444743934,57,17,47,56,222,0,0.25,2.0625,0,0,0.24615710629696644,46430,46246,1.0039787292480469,frontier_exceeds_kth,7822983633041237433,1
125,sift_b7,16,103,17,387,284,80,0.22038567493112948,62,17,50,61,222,0,0.5,2.375,0,0.034029112881076629,0.161617124740769,36410,35171,1.03522789478302,frontier_exceeds_kth,8301174518720890338,1
126,sift_b7,16,83,17,388,305,71,0.18933333333333333,53,17,41,52,252,0.25,0.375,1.625,0.021365814696485623,0.022618117760457346,0.14517441860465116,60173,58812,1.0231415033340454,frontier_exceeds_kth,6613140635352240431,1
127,sift_b7,16,59,18,359,300,76,0.20266666666666666,59,18,47,58,241,0.25,0.5,1.625,0.0069874570832111245,0.026899081948365936,0.20906967156795384,58024,57556,1.0081312656402588,frontier_exceeds_kth,15445473590444855530,1
128,sift_b7,16,84,17,342,258,75,0.22590361445783133,63,17,52,62,195,0,0.375,2.625,0,0.015635208506995291,0.2819438281648014,44387,43693,1.0158835649490356,frontier_exceeds_kth,16476355499749861565,1
129,sift_b7,16,111,16,304,193,88,0.31428571428571428,51,16,39,50,142,0.5,0.75,3.125,0,0.0091035628493814965,0.50564497160713684,88701,88275,1.0048258304595947,frontier_exceeds_kth,10064017425338160665,1
130,sift_b7,16,94,20,423,329,63,0.16112531969309463,52,20,35,51,277,0.5,0.875,1.5625,0.0018532757634904674,0.030208413148417747,0.12691747217024651,101442,101254,1.0018566846847534,frontier_exceeds_kth,15960649501599907402,1
131,sift_b7,16,101,18,387,286,85,0.22972972972972974,63,18,52,62,223,0.25,0.25,2.0625,0.0061118101743663491,0.016425521821631879,0.19874210190713582,83445,82935,1.0061494112014771,frontier_exceeds_kth,11989745515979127965,1
132,sift_b7,16,58,17,380,322,54,0.14399999999999999,54,17,40,53,268,0.25,0.625,2,1.4969611688272806e-05,0.036769477008262316,0.12526353005879504,66802,66801,1.0000150203704834,frontier_exceeds_kth,10978779291761719240,1
133,sift_b7,16,74,20,399,325,56,0.14736842105263157,64,20,46,63,261,0.75,0.875,1.4375,0.0023672912570717811,0.0078344262513134963,0.087743758140558792,150046,149184,1.0057780742645264,frontier_exceeds_kth,9715888409298157127,1
134,sift_b7,16,53,17,224,171,83,0.32806324110671936,50,17,41,49,121,0.25,0.125,2.3125,0.023147295388960522,0.023147295388960522,0.29059778246782203,48861,47730,1.0236958265304565,frontier_exceeds_kth,12246755694704506364,1
135,sift_b7,16,80,19,405,325,74,0.18592964824120603,57,19,43,56,268,0,1,1.125,0,0.083740026338213647,0.13467166100901323,62299,59140,1.0534156560897827,frontier_exceeds_kth,15211688447569651750,1
136,sift_b7,16,83,17,373,290,62,0.17663817663817663,57,17,48,56,233,0,0.25,2.125,0,0.006138030085418399,0.18627766499975243,66145,65739,1.0061759948730469,frontier_exceeds_kth,13409159248705628401,1
137,sift_b7,16,111,20,429,318,53,0.14324324324324325,76,20,60,75,242,0.5,0.625,2.0625,0.00012900266605509847,0.032898932483016778,0.18813575103000396,139532,139514,1.0001289844512939,frontier_exceeds_kth,3992938865905226295,1
138,sift_b7,16,137,16,375,238,79,0.25,44,16,38,43,194,0,0.125,2.6875,0,0,0.3599812321795936,88715,88665,1.0005639791488647,frontier_exceeds_kth,13243245497800633439,1
139,sift_b7,16,92,17,336,244,53,0.17905405405405406,53,17,42,52,191,0.75,0.375,2.0625,0.006585534073464302,0.007623238654042761,0.18705507510241237,44813,44651,1.003628134727478,frontier_exceeds_kth,13203505889742471448,1
140,sift_b7,16,145,30,647,502,117,0.18932038834951456,86,30,63,85,416,0.5,0.75,0.75,0.007966297296388836,0.016440790935347699,0.034691786049148514,90020,88540,1.0167156457901001,frontier_exceeds_kth,12778615423700794541,1
141,sift_b7,16,62,17,262,200,95,0.3231292517006803,59,17,50,58,141,0,0.125,2.0625,0,0.001127296683990923,0.29151306840012048,68305,68228,1.0011285543441772,frontier_exceeds_kth,11952802064352702546,1
142,sift_b7,16,82,17,397,315,55,0.14905149051490515,57,17,45,56,258,0,0.625,2.3125,0,0.011025253306980676,0.2098945105537007,83228,83063,1.0019865036010742,frontier_exceeds_kth,14106871930254192413,1
143,sift_b7,16,136,17,370,234,96,0.2917933130699088,55,17,46,54,179,0.25,0.125,2.1875,0.0065718274071866617,0.0065718274071866617,0.26082136146673357,63757,63338,1.0066152811050415,frontier_exceeds_kth,17528152037818183424,1
144,sift_b7,16,114,17,366,252,68,0.21316614420062696,51,17,38,50,201,0.25,0.5,1.9375,0.0011535582362830882,0.0098897890664914976,0.20274069212761164,81514,81393,1.0014866590499878,frontier_exceeds_kth,14433574837377615647,1
145,sift_b7,16,82,19,364,282,105,0.27202072538860106,56,19,45,55,226,0,0,1.6875,0,0,0.17844704633652858,76200,74307,1.0254753828048706,frontier_exceeds_kth,15047979662041398618,1
146,sift_b7,16,94,21,475,381,86,0.18454935622317598,83,21,69,82,298,0,0.125,1.75,0,0.00018438844499078059,0.12911031876050669,81350,81335,1.0001844167709351,frontier_exceeds_kth,6071187208722990656,1
147,sift_b7,16,90,17,400,310,73,0.19109947643979058,57,17,45,56,253,0,0.375,2.375,0,0.015977764665693613,0.23160957866020007,63651,63373,1.0043867826461792,frontier_exceeds_kth,2244392595898029649,1
148,sift_b7,16,71,18,308,237,77,0.24600638977635783,51,18,36,50,186,0.25,1.125,1.375,0,0.029405256844728597,0.075486139613306857,83960,83344,1.007391095161438,frontier_exceeds_kth,5666823372001108908,1
149,sift_b7,16,72,24,471,399,99,0.19919517102615694,83,24,65,82,316,0.25,0.25,1.5625,0,0.012408904966716794,0.18465558854682154,94623,93913,1.007560133934021,frontier_exceeds_kth,4185922423726215117,1
150,sift_b7,16,110,19,428,318,58,0.15466666666666667,68,19,51,67,250,0.75,0.875,2.25,0.0049644607649997636,0.012636056549480796,0.19050183347436983,63415,63136,1.0044190883636475,frontier_exceeds_kth,17733075933963950647,1
151,sift_b7,16,82,16,255,173,86,0.33333333333333331,40,16,33,39,133,0.25,0.125,2.4375,0.0075837442611800714,0.0075837442611800714,0.37284820872106766,29405,29182,1.0076416730880737,frontier_exceeds_kth,3300258227468540443,1
152,sift_b7,16,67,16,361,294,69,0.19060773480662985,49,16,38,48,245,0,0.375,3,0,0.01612196243197879,0.32088434319954545,93358,92029,1.0144411325454712,frontier_exceeds_kth,4443074178410350386,1
153,sift_b7,16,72,18,371,299,74,0.19892473118279569,59,18,49,58,240,0.25,0.125,1.8125,0.0058681046166267773,0.0058681046166267773,0.29352759761882807,69358,68951,1.0059027671813965,frontier_exceeds_kth,530623550863142862,1
154,sift_b7,16,112,24,473,361,82,0.18552036199095023,91,24,70,90,270,0.5,1.125,1.3125,0,0.039351498175027588,0.075708078795204345,115555,113174,1.0210384130477905,frontier_exceeds_kth,4600529452311907167,1
155,sift_b7,16,101,18,414,313,44,0.12359550561797752,61,18,50,60,252,0.5,0.375,1.5,0.00030026022552879161,0.0047991497700061439,0.10097358275453414,60150,59930,1.0036709308624268,frontier_exceeds_kth,5070922381941275754,1
156,sift_b7,16,81,23,478,397,87,0.18012422360248448,82,23,61,81,315,0.5,1.25,1.1875,0.0043287851555578061,0.030096788114172986,0.073822026514705541,78740,78664,1.0009661912918091,frontier_exceeds_kth,11957785820700931735,1
157,sift_b7,16,74,18,405,331,70,0.17499999999999999,68,18,53,67,263,0.25,0.625,1.9375,0.0028851122466555662,0.01023010614803733,0.13276822051883849,69668,69467,1.0028934478759766,frontier_exceeds_kth,11106201179596482448,1
158,sift_b7,16,87,18,372,285,63,0.18155619596541786,53,18,40,52,232,0.75,0.75,1.25,0.004531845622760663,0.02327597277513805,0.061539885248935777,61210,60846,1.0059822797775269,frontier_exceeds_kth,3788304069002789618,1
159,sift_b7,16,93,22,503,410,94,0.18687872763419483,58,22,40,57,352,0.25,0.625,0.875,0,0.019259240351235451,0.048949231416619221,78723,76843,1.0244654417037964,frontier_exceeds_kth,8293018055846303407,1
160,sift_b7,16,61,22,453,392,71,0.15367965367965367,57,22,41,56,335,0.75,0.625,0.6875,0.00094314558979808716,0.0061841774911796186,0.020346224485808442,75677,75209,1.0062226057052612,frontier_exceeds_kth,1346686144451710853,1
161,sift_b7,16,110,20,502,392,82,0.17336152219873149,63,20,49,62,329,0.5,0.375,1.0625,0.0067465119837527296,0.0067465119837527296,0.10800749531542786,72375,71404,1.0135986804962158,frontier_exceeds_kth,7916564559756553179,1
162,sift_b7,16,66,20,475,409,60,0.12820512820512819,63,20,47,62,346,0.5,0.5,1.4375,0.011919605747535922,0.018403550941559876,0.11424997671355006,67431,66565,1.013009786605835,frontier_exceeds_kth,2912211878784135833,1
163,sift_b7,16,76,17,397,321,40,0.1111111111111111,60,17,47,59,261,0.5,0.875,3,0.0060728087552365797,0.021578594034717562,0.2319602504422891,61586,61212,1.0061099529266357,frontier_exceeds_kth,16160497414435776931,1
164,sift_b7,16,90,19,434,344,58,0.14463840399002495,66,19,53,65,278,0.25,0.5,1.625,0,0.011849740405171536,0.14542541202986337,49173,48533,1.0131869316101074,frontier_exceeds_kth,4244580289220283782,1
165,sift_b7,16,84,17,376,292,98,0.25192802056555269,49,17,41,48,243,0,0,2,0,0,0.23085629537116539,40246,39414,1.0211092233657837,frontier_exceeds_kth,5487190577778842435,1
166,sift_b7,16,74,25,506,432,80,0.15655577299412915,62,25,41,61,370,0.75,0.5,1,0.01059217501758364,0.015007420103254395,0.053068359924446411,95686,94250,1.0152360200881958,frontier_exceeds_kth,6441265022695824817,1
167,sift_b7,16,143,19,482,339,62,0.155,63,19,51,62,276,0.25,0.25,1.375,0,0.016711523915070275,0.17592510688485921,56372,55897,1.0084977149963379,frontier_exceeds_kth,4344486437187613717,1
168,sift_b7,16,59,17,365,306,94,0.23558897243107768,65,17,53,64,241,0.5,0.5,2.25,0.0086261080647608308,0.020094689260695388,0.19968856073065752,45971,45741,1.0050283670425415,frontier_exceeds_kth,12969488444854710688,1
169,sift_b7,16,92,18,367,275,81,0.22816901408450704,58,18,49,57,217,0,0,1.625,0,0,0.1750599520383693,43550,43000,1.0127906799316406,frontier_exceeds_kth,11932328033255684436,1
170,sift_b7,16,77,20,442,365,82,0.18385650224215247,72,20,59,71,293,0.25,0.5,1.6875,0,0.0063577502145253139,0.15876894627348678,51276,50950,1.0063984394073486,frontier_exceeds_kth,17292690099019289357,1
171,sift_b7,16,89,19,434,345,56,0.14000000000000001,74,19,59,73,271,0,0.75,1.75,0,0.02872961622378328,0.12626216786548977,78500,77013,1.0193084478378296,frontier_exceeds_kth,12308903548847643385,1
172,sift_b7,16,96,18,460,364,44,0.10810810810810811,60,18,45,59,304,0.75,1,1.75,0,0.018122626153011395,0.15094643144404526,63383,63336,1.0007420778274536,frontier_exceeds_kth,13264536700641635238,1
173,sift_b7,16,67,17,328,261,49,0.15857605177993528,59,17,44,58,202,0.75,0.75,2.125,0.017966981392523881,0.070519989547948789,0.19972642681017261,90555,88928,1.0182956457138062,frontier_exceeds_kth,7165114216127586978,1
174,sift_b7,16,82,16,326,244,69,0.22115384615384615,53,16,40,52,191,0.5,1,3.25,0.01226964268484868,0.069855836210551817,0.283972348833685,62186,61423,1.0124220848083496,frontier_exceeds_kth,16849062491223597897,1
175,sift_b7,16,78,17,352,274,70,0.20408163265306123,55,17,45,54,219,0.25,0.125,1.9375,0,0.0085227272727272721,0.30409651934677806,55616,55142,1.0085959434509277,frontier_exceeds_kth,8840120077716168826,1
176,sift_b7,16,78,17,380,302,71,0.19086021505376344,57,17,51,56,245,0.25,0.125,2.0625,0.0035560785918952106,0.0035560785918952106,0.24102654039518298,79168,77898,1.0163034200668335,frontier_exceeds_kth,10664211179266945509,1
177,sift_b7,16,70,18,393,323,73,0.18481012658227849,68,18,57,67,255,0.5,0.375,1.8125,0.0034851498614440423,0.01436018160417017,0.20950492913109736,58821,58616,1.0034973621368408,frontier_exceeds_kth,11520534292702017803,1
178,sift_b7,16,76,16,338,262,44,0.14426229508196722,42,16,32,41,220,0.25,0.25,2.5625,0,0.0065337984673453052,0.27573196026724756,69826,69487,1.0048786401748657,frontier_exceeds_kth,13407288040145500262,1
179,sift_b7,16,92,18,382,290,44,0.13213213213213212,47,18,36,46,243,0.75,0.5,1.25,0.0048673681557557811,0.011098240561016843,0.087119241662331662,63884,63175,1.0112228393554688,frontier_exceeds_kth,17722207799905177003,1
180,sift_b7,16,81,20,440,359,107,0.23010752688172043,83,20,71,82,276,0.25,0.125,1.25,0.0061577934573444513,0.0061577934573444513,0.12306937666649898,71795,69723,1.0297175645828247,frontier_exceeds_kth,4228780671632733969,1
181,sift_b7,16,68,19,344,276,61,0.18154761904761904,55,19,41,54,221,0.25,0.5,1.4375,0,0.0069716709127244439,0.16231484937006962,65141,65094,1.0007220506668091,frontier_exceeds_kth,18161015019624878289,1
182,sift_b7,16,156,17,461,305,72,0.19148936170212766,55,17,45,54,250,0.5,0.5,2.8125,0.00041446334143204231,0.032507504391971337,0.33170577893288489,69970,69941,1.0004146099090576,frontier_exceeds_kth,7484748172930869295,1
183,sift_b7,16,58,20,397,339,69,0.16953316953316952,81,20,67,80,258,0.25,0.375,2,0.0017772969631404064,0.0017772969631404064,0.1975400670890794,64705,64590,1.0017805099487305,frontier_exceeds_kth,6138667751266487247,1
184,sift_b7,16,111,16,380,269,69,0.20474777448071216,45,16,37,44,224,0.25,0.25,2.75,0.0092445811686782918,0.0092445811686782918,0.2346193952033368,63713,63124,1.0093308687210083,frontier_exceeds_kth,4060341728829730025,1
185,sift_b7,16,96,17,243,147,111,0.43190661478599224,39,17,32,38,108,0,0,1.375,0,0,0.21499734325185973,11917,11819,1.0082917213439941,frontier_exceeds_kth,18013220515397247403,1
186,sift_b7,16,75,17,322,247,79,0.24307692307692308,58,17,47,57,189,0,0.375,2.625,0,0.00027300027300027302,0.29448483135965475,54945,54930,1.0002731084823608,frontier_exceeds_kth,3300156806564693497,1
187,sift_b7,16,103,16,439,336,40,0.10666666666666667,45,16,37,44,291,0.25,0.25,2.75,0,0.0015347569527136091,0.31132850285630853,75516,75466,1.0006625652313232,frontier_exceeds_kth,11722521309763792486,1
188,sift_b7,16,91,19,380,289,57,0.16521739130434782,62,19,47,61,227,0.5,0.75,1.875,0.0016036940262397523,0.016224389712292939,0.16348704405138362,72709,72217,1.0068128108978271,frontier_exceeds_kth,6846521793389061276,1
189,sift_b7,16,74,17,336,262,63,0.19444444444444445,60,17,50,59,202,0,0.25,2.5625,0,0.0020693384356217375,0.24023244214676473,96166,95967,1.0020736455917358,frontier_exceeds_kth,641097842694079162,1
190,sift_b7,16,107,17,326,219,78,0.26351351351351349,72,17,62,71,147,0.25,0.25,2.5625,0,0.020868641674010802,0.38584580058538798,86749,86659,1.0010385513305664,frontier_exceeds_kth,7021126077468335214,1
191,sift_b7,16,85,21,473,388,57,0.12837837837837837,81,21,62,80,307,0.5,0.875,1.6875,0.0062884262754826876,0.021570126808131015,0.14164725612596665,93294,92127,1.0126672983169556,frontier_exceeds_kth,4367265460700863300,1
192,sift_b7,16,51,22,418,367,42,0.10294117647058823,82,22,64,81,285,0,0.75,2.0625,0,0.028390893065521266,0.12461832701405899,78494,78267,1.0029003620147705,frontier_exceeds_kth,18082070151322004586,1
193,sift_b7,16,68,20,409,341,74,0.17874396135265699,79,20,63,78,262,0,0.875,1.8125,0,0.045884737539301272,0.17551166767804932,60646,59782,1.0144524574279785,frontier_exceeds_kth,16362684192041604905,1
194,sift_b7,16,54,19,397,343,87,0.20279720279720279,65,19,55,64,278,0.25,0.25,1.3125,0.018449957438953103,0.018449957438953103,0.1449757004002287,97507,95708,1.0187968015670776,frontier_exceeds_kth,12674016438693638630,1
195,sift_b7,16,99,18,443,344,54,0.13602015113350127,62,18,49,61,282,0.25,0.5,2,0.012025064787264676,0.023142310977345752,0.16852454476216852,73409,72054,1.0188053846359253,frontier_exceeds_kth,11991118596608434474,1
196,sift_b7,16,65,24,479,414,69,0.14315352697095435,82,24,61,81,332,0.75,0.625,1.1875,0,0.025083297357730325,0.10066271150095475,90339,88073,1.025728702545166,frontier_exceeds_kth,7786590555282545901,1
197,sift_b7,16,124,16,393,269,44,0.14102564102564102,46,16,34,45,223,0.25,0.5,2.8125,0.0019686179144230214,0.024007700583205935,0.19284485079781319,69084,68948,1.0019725561141968,frontier_exceeds_kth,4807082743703174361,1
198,sift_b7,16,50,19,255,205,92,0.3108108108108108,67,19,56,66,138,0,0,1.5625,0,0,0.34308920535108811,44274,42623,1.0387349128723145,frontier_exceeds_kth,7428980910250466225,1
199,sift_b7,16,108,22,529,421,63,0.13043478260869565,79,22,62,78,342,0.5,0.375,1.9375,0.012636803075290101,0.033365163174745832,0.12282892640968461,69145,68836,1.0044889450073242,frontier_exceeds_kth,3771661481942851039,1
0,sift_b7,32,94,35,568,474,167,0.26093749999999999,117,35,93,116,357,0,0.125,0.3125,0,0.0007329694012624577,0.011621364265927978,91409,91342,1.000733494758606,frontier_exceeds_kth,4172798552859876543,1
1,sift_b7,32,89,32,595,506,134,0.20970266040688576,96,32,76,95,410,0,0,0.25,0,0,0.0036987679838994805,73310,73266,1.0006005764007568,frontier_exceeds_kth,10531947565867998368,1
2,sift_b7,32,67,34,522,455,185,0.28951486697965573,104,34,85,103,351,0.25,0.25,0.1875,0,0.0060653604775753869,0.0097411262343207895,52030,51947,1.0015977621078491,frontier_exceeds_kth,9957816976099695869,1
3,sift_b7,32,64,32,468,404,248,0.38095238095238093,75,32,64,74,329,0,0,0,0,0,0,55375,53040,1.0440233945846558,frontier_exceeds_kth,3248595499456246025,1
4,sift_b7,32,89,37,594,505,177,0.25991189427312777,116,37,92,115,389,0.5,0.375,0.375,0.0054192556530651467,0.01320689961993619,0.016033562746365516,78205,77632,1.0073809623718262,frontier_exceeds_kth,13693671150157912568,1
5,sift_b7,32,68,33,686,618,116,0.15825375170532061,122,33,94,121,496,0.75,0.875,1,0.0045242384539796923,0.0081284229635597803,0.042181667766429974,97696,97254,1.0045448541641235,frontier_exceeds_kth,3524752008340966731,1
6,sift_b7,32,82,35,738,656,139,0.17506297229219145,133,35,104,132,523,0.25,0.375,0.9375,0,0.0069879949829779612,0.037281522262012937,72553,72046,1.0070371627807617,frontier_exceeds_kth,8423878138880635450,1
7,sift_b7,32,88,32,404,316,219,0.4101123595505618,91,32,73,90,225,0,0,0.25,0,0,0.040578628865124762,47100,46294,1.0174105167388916,frontier_exceeds_kth,1558429948559455897,1
8,sift_b7,32,84,32,631,547,108,0.16513761467889909,100,32,77,99,447,0,0,0.5625,0,0,0.012035597491020211,73823,73714,1.0014786720275879,frontier_exceeds_kth,3472514298215108293,1
9,sift_b7,32,66,35,592,526,156,0.22907488986784141,123,35,97,122,403,0.25,0.75,0.5625,0.0017999916279459165,0.0076570952975447354,0.026428960261295591,72090,71538,1.007716178894043,frontier_exceeds_kth,8820645391497368268,1
10,sift_b7,32,95,32,675,580,148,0.20357634112792297,108,32,86,107,472,0,0.125,0.5,0,0.0068023612551044157,0.018750587915590998,94526,93883,1.006848931312561,frontier_exceeds_kth,3921387056793190011,1
11,sift_b7,32,96,35,607,511,157,0.2353823088455772,122,35,100,121,389,0.25,0.125,0.3125,0.00059138861863064919,0.00059138861863064919,0.013055518923908743,52419,52388,1.0005917549133301,frontier_exceeds_kth,3744928355267082303,1
12,sift_b7,32,94,32,647,553,126,0.18584070796460178,113,32,91,112,440,0,0.25,0.4375,0,1.607717041800643e-05,0.026253992109712569,62200,62199,1.0000160932540894,frontier_exceeds_kth,16094214308723870985,1
13,sift_b7,32,79,36,760,681,154,0.18465227817745802,123,36,96,122,558,0,0.375,0.5625,0,0.0053487196765498657,0.024682010902483342,70966,70851,1.0016231536865234,frontier_exceeds_kth,6959335474778195612,1
14,sift_b7,32,68,33,574,506,150,0.22900763358778625,120,33,96,119,386,0,0.125,0.5,0,0.0024121552731703679,0.026865744053755747,80426,80232,1.002418041229248,frontier_exceeds_kth,14155249339052651913,1
15,sift_b7,32,80,34,555,475,196,0.29253731343283584,102,34,86,101,373,0,0,0.0625,0,0,0.0006477283242342926,64842,64800,1.0006481409072876,frontier_exceeds_kth,1194435719148711998,1
16,sift_b7,32,64,35,652,588,170,0.22457067371202113,129,35,104,128,459,0.25,0.375,0.4375,0.0074230176453936401,0.011170821125855828,0.019039773698689751,63743,63114,1.0099661350250244,frontier_exceeds_kth,11314733148259574383,1
17,sift_b7,32,81,33,677,596,158,0.20982735723771581,116,33,95,115,480,0.25,0.25,0.375,0,0.0041461399589975828,0.0095558362117500271,65251,65091,1.0024580955505371,frontier_exceeds_kth,724536083788362630,1
18,sift_b7,32,86,32,559,473,131,0.21724709784411278,103,32,75,102,370,0,0.75,1.0625,0,0.025886581898170502,0.050851444776977665,73086,72626,1.0063338279724121,frontier_exceeds_kth,1335082741495029700,1
19,sift_b7,32,93,32,701,608,157,0.20549738219895289,97,32,74,96,511,0.5,0.5,0.5,0.00018722735017131302,0.021314419763946924,0.041360739610447894,53411,53401,1.0001872777938843,frontier_exceeds_kth,13746516222176321249,1
20,sift_b7,32,115,32,544,429,196,0.3141025641025641,95,32,74,94,334,0,0.25,0.375,0,0.003411767891473288,0.010777831532548514,36931,36805,1.0034234523773193,frontier_exceeds_kth,2219446187868428313,1
21,sift_b7,32,98,33,600,502,172,0.25557206537890043,99,33,81,98,403,0,0.125,0.125,0,0.0087149966745407419,0.013691440567738402,43603,43223,1.0087915658950806,frontier_exceeds_kth,12126078599799193688,1
22,sift_b7,32,93,32,543,450,146,0.24537815126050419,115,32,92,114,335,0.25,0.25,0.4375,0.0024650016278312636,0.0024650016278312636,0.018936968255420364,43002,42896,1.0024710893630981,frontier_exceeds_kth,10676080484371923892,1
23,sift_b7,32,69,33,576,507,171,0.25258493353028066,97,33,76,96,410,0,0,0.25,0,0,0.0079853211009174307,67622,67581,1.0006066560745239,frontier_exceeds_kth,5970931978833133836,1
24,sift_b7,32,80,32,572,492,130,0.20933977455716588,100,32,78,99,392,0,0.125,0.6875,0,0,0.015796394338904462,57178,56885,1.0051507949829102,frontier_exceeds_kth,10136323648848381196,1
25,sift_b7,32,97,35,594,497,208,0.29545454545454547,115,35,99,114,382,0,0,0,0,0,0,82681,82447,1.002838134765625,frontier_exceeds_kth,7478363714707568255,1
26,sift_b7,32,84,33,576,492,142,0.22432859399684044,97,33,70,96,395,0.5,0.5,0.75,0.0048289018719446762,0.013202230585824351,0.036812647856442213,50322,50079,1.004852294921875,frontier_exceeds_kth,7577632636466064931,1
27,sift_b7,32,109,33,690,581,154,0.2098092643051771,120,33,97,119,461,0.25,0.25,0.5,0.00031047392932152313,0.0095537943762892194,0.034006882555369274,54755,54738,1.0003105401992798,frontier_exceeds_kth,6765398111906370321,1
28,sift_b7,32,113,33,644,531,137,0.20539730134932535,109,33,84,108,422,0.75,0.5,0.5,0.0013639614764051299,0.018474013765592559,0.026779490670946197,60119,60037,1.0013657808303833,frontier_exceeds_kth,8498142469670982541,1
29,sift_b7,32,88,33,352,264,196,0.42701525054466233,94,33,76,93,170,0,0,0.125,0,0,0.0068067551888616731,38769,38521,1.0064380168914795,frontier_exceeds_kth,8056556813790428396,1
30,sift_b7,32,137,36,633,496,143,0.22413793103448276,132,36,100,131,364,0.75,0.5,1.1875,0.0026259730167874705,0.01233863585103419,0.032000936232185584,75150,74443,1.0094971656799316,frontier_exceeds_kth,4417217062355293647,1
31,sift_b7,32,90,41,761,671,207,0.23603192702394526,141,41,112,140,530,0,0.125,0.3125,0,0,0.015899002329363161,89933,89565,1.0041087865829468,frontier_exceeds_kth,10883712002121680902,1
32,sift_b7,32,98,32,539,441,186,0.29712460063897761,97,32,81,96,344,0,0,0.1875,0,0,0.013047787725655234,60814,60740,1.001218318939209,frontier_exceeds_kth,12777099384830188243,1
33,sift_b7,32,63,35,502,439,167,0.27603305785123966,121,35,99,120,318,0,0,0.25,0,0,0.017404593114573163,116693,115735,1.0082775354385376,frontier_exceeds_kth,15673463652292747664,1
34,sift_b7,32,94,34,588,494,175,0.2619760479041916,99,34,80,98,395,0.25,0.125,0.125,0.0034898844861112901,0.0034898844861112901,0.006305137852657532,77873,77382,1.0063451528549194,frontier_exceeds_kth,10596234954419481115,1
35,sift_b7,32,60,33,567,507,183,0.26560232220609581,91,33,76,90,416,0,0,0.1875,0,0,0.0045702037497844248,81170,80807,1.0044921636581421,frontier_exceeds_kth,6407425388097067007,1
36,sift_b7,32,65,34,623,558,152,0.21438645980253879,111,34,94,110,447,0,0,0,0,0,0,82872,82834,1.0004587173461914,frontier_exceeds_kth,5526887856426323544,1
37,sift_b7,32,101,32,539,438,217,0.33180428134556578,75,32,57,74,363,0.25,0.125,0.3125,0,0.0021865733728694244,0.025967535374780047,93754,93549,1.002191424369812,frontier_exceeds_kth,1752213309529173552,1
38,sift_b7,32,85,34,499,414,211,0.33814102564102566,95,34,79,94,319,0,0,0,0,0,0,93529,93294,1.002518892288208,frontier_exceeds_kth,18031762102925957804,1
39,sift_b7,32,102,33,561,459,187,0.28992248062015502,121,33,106,120,338,0,0.125,0.0625,0,0.0022303030303030304,0.0022303030303030304,41250,41158,1.0022352933883667,frontier_exceeds_kth,12060959892165006745,1
40,sift_b7,32,69,39,668,599,209,0.2589838909541512,133,39,111,132,466,0.5,0.25,0.3125,0.0026203691751645799,0.0026203691751645799,0.015681928201992407,78071,77267,1.010405421257019,frontier_exceeds_kth,14260965888879835392,1
41,sift_b7,32,69,37,467,398,184,0.31669535283993117,125,37,102,124,273,0.75,0.5,0.375,0.0065599634634946336,0.0076106341503877897,0.017835153107298253,48171,47855,1.0066032409667969,frontier_exceeds_kth,10620825465461546138,1
42,sift_b7,32,84,33,553,469,147,0.23902439024390243,99,33,78,98,370,0.25,0.5,0.4375,0.0041742688118538178,0.013879003558718862,0.020195563775822441,72754,72046,1.0098270177841187,frontier_exceeds_kth,6734595385856718230,1
43,sift_b7,32,82,35,624,542,139,0.20441176470588235,114,35,88,113,428,0.5,0.625,0.5,0.002013036809815951,0.023369801010776139,0.027577349678925861,83456,83288,1.0020171403884888,frontier_exceeds_kth,524906618532893142,1
44,sift_b7,32,81,33,538,457,188,0.29192546583850931,106,33,88,105,351,0,0,0.0625,0,0,0.0048850614819880801,71647,71297,1.0049090385437012,frontier_exceeds_kth,8500101799719252850,1
45,sift_b7,32,84,33,541,457,168,0.26923076923076922,92,33,75,91,365,0,0,0.125,0,0,0.0016910691314842383,69140,69070,1.0010135173797607,frontier_exceeds_kth,12552063947412873232,1
46,sift_b7,32,67,33,529,462,160,0.25764895330112719,105,33,92,104,357,0,0,0.125,0,0,0.010376564003849856,66145,65806,1.0051515102386475,frontier_exceeds_kth,2694608989488418494,1
47,sift_b7,32,83,33,659,576,129,0.18323863636363635,115,33,90,114,461,0.25,0.25,1,0.00099755770355336925,0.001864501439188899,0.037850552435852836,116385,116168,1.0018680095672607,frontier_exceeds_kth,17536491840706214939,1
48,sift_b7,32,130,32,570,440,173,0.2826797385620915,80,32,60,79,360,0,0.375,0.3125,0,0.022183603605489894,0.02569237990924738,93921,93402,1.005556583404541,frontier_exceeds_kth,16587044416695082825,1
49,sift_b7,32,93,32,440,347,178,0.33969465648854963,64,32,49,63,283,0,0,0.125,0,0,0.013663181865231343,48036,47645,1.0082064867019653,frontier_exceeds_kth,5490095040335184591,1
50,sift_b7,32,80,33,521,441,183,0.29373996789727125,71,33,55,70,370,0,0,0.1875,0,0,0.01082753286929621,92479,92088,1.0042459964752197,frontier_exceeds_kth,9402489691870399830,1
51,sift_b7,32,124,32,535,411,192,0.31893687707641194,98,32,77,97,313,0,0.25,0.375,0,0.0072108979483080206,0.028042716230537213,59905,59615,1.0048645734786987,frontier_exceeds_kth,8715817741422173835,1
52,sift_b7,32,84,32,569,485,169,0.25880551301684535,114,32,92,113,371,0.25,0.375,0.4375,0,0.00090229182122591382,0.010917463972368891,49873,49828,1.0009031295776367,frontier_exceeds_kth,18005180886612161501,1
53,sift_b7,32,96,34,582,486,183,0.27395209580838326,116,34,97,115,370,0,0.125,0.1875,0,0,0.021232865359433792,59116,59050,1.0011177062988281,frontier_exceeds_kth,2595535672323534525,1
54,sift_b7,32,48,33,305,257,235,0.47861507128309572,86,33,68,85,171,0,0.125,0.3125,0,0.010575155915760297,0.034430037340860309,33191,32840,1.0106881856918335,frontier_exceeds_kth,10921148370928970931,1
55,sift_b7,32,73,32,279,206,186,0.47570332480818417,59,32,43,58,147,0,0,0.125,0,0,0.011333967495800359,48992,48849,1.0029274225234985,frontier_exceeds_kth,13722884746827872677,1
56,sift_b7,32,85,32,568,483,124,0.20462046204620463,123,32,99,122,360,0.25,0.125,1.0625,0,0.0011646815804509296,0.03554150398913597,45506,45453,1.0011659860610962,frontier_exceeds_kth,2712501131162662799,1
57,sift_b7,32,95,33,668,573,158,0.21643835616438356,118,33,98,117,455,0,0.125,0.3125,0,0.00090513798917383971,0.015563794068270844,56345,56294,1.0009059906005859,frontier_exceeds_kth,230587084570118989,1
58,sift_b7,32,86,32,581,495,169,0.25490196078431371,84,32,74,83,411,0,0,0,0,0,0,98725,98324,1.0040783882141113,frontier_exceeds_kth,11355329766255708593,1
59,sift_b7,32,52,32,307,255,208,0.45021645021645024,71,32,52,70,184,0,0.125,0.1875,0,0,0.012525769160512512,38034,37841,1.0051002502441406,frontier_exceeds_kth,135085525549757088,1
60,sift_b7,32,98,32,601,503,169,0.25186289120715349,96,32,76,95,407,0.25,0.125,0.375,0.0010437816351625726,0.0010437816351625726,0.026326058477576162,69938,69865,1.0010448694229126,frontier_exceeds_kth,15616952928055374612,1
61,sift_b7,32,78,34,443,365,234,0.39130434782608697,94,34,68,93,271,0,0.25,0.75,0,0.012070531254729832,0.048939076586831803,52856,52218,1.0122179985046387,frontier_exceeds_kth,16246560763067439247,1
62,sift_b7,32,73,36,336,263,182,0.40990990990990989,87,36,70,86,176,0,0,0.0625,0,0,0.011873765073033811,54153,53510,1.0120164155960083,frontier_exceeds_kth,11709157319895511249,1
63,sift_b7,32,98,35,523,425,191,0.31056910569105689,127,35,109,126,298,0,0,0.0625,0,0,0.0038990782276228874,52833,52627,1.0039143562316895,frontier_exceeds_kth,2093575932277139263,1
64,sift_b7,32,86,33,432,346,240,0.41025641025641024,80,33,63,79,266,0,0.125,0.25,0,0.013986746249008961,0.027042186992589968,66849,65914,1.0141851902008057,frontier_exceeds_kth,15737077404262807460,1
65,sift_b7,32,56,33,429,373,165,0.30726256983240224,92,33,76,91,281,0.25,0.125,0.0625,0.0015981403457794566,0.0015981403457794566,0.0015981403457794566,55356,54976,1.0069121122360229,frontier_exceeds_kth,3285214007355623160,1
66,sift_b7,32,107,32,425,318,220,0.40968342644320299,80,32,62,79,238,0.25,0.25,0.25,0.00064426071083431764,0.010922444738333648,0.015757191201353639,83817,83763,1.0006446838378906,frontier_exceeds_kth,4446792644995017623,1
67,sift_b7,32,84,32,479,395,190,0.32534246575342468,88,32,69,87,307,0,0,0.25,0,0,0.0021277297618262189,60584,60499,1.0014050006866455,frontier_exceeds_kth,16297597406042568187,1
68,sift_b7,32,79,32,458,379,216,0.36363636363636365,82,32,63,81,297,0,0,0.25,0,0,0.0081209395302348827,39809,39695,1.0028718709945679,frontier_exceeds_kth,17413700154019742772,1
69,sift_b7,32,90,35,613,523,130,0.19938650306748465,126,35,98,125,397,0.5,0.625,0.5625,0.0060636512087334851,0.0072200107216588913,0.017341040462427744,87571,87040,1.0061006546020508,frontier_exceeds_kth,3662211744739152975,1
70,sift_b7,32,89,32,330,241,182,0.43127962085308058,65,32,51,64,176,0,0,0.0625,0,0,0,22926,22870,1.0024486780166626,frontier_exceeds_kth,18203081009787111102,1
71,sift_b7,32,77,34,474,397,214,0.35081967213114756,112,34,90,111,285,0.25,0.25,0.3125,0.00061282672990327998,0.0035333811535293962,0.022032174797277919,75282,75016,1.003545880317688,frontier_exceeds_kth,10625702235041626472,1
72,sift_b7,32,73,33,608,535,114,0.17592592592592593,116,33,90,115,419,0.5,0.25,0.625,0.0019383227537044011,0.0026254911320823999,0.041913949858464361,108857,108646,1.0019420385360718,frontier_exceeds_kth,8463039700084034177,1
73,sift_b7,32,73,35,557,484,173,0.26371951219512196,106,35,88,105,378,0.25,0.125,0.25,0.0018734582999406738,0.0018734582999406738,0.011656188807585283,96079,95899,1.0018769502639771,frontier_exceeds_kth,3091530857815935679,1
74,sift_b7,32,96,32,531,435,151,0.25811965811965815,100,32,78,99,335,0,0.125,0.375,0,0.0056341334585362987,0.025573682495255257,51117,50829,1.0056660175323486,frontier_exceeds_kth,12933827564460912916,1
75,sift_b7,32,74,37,638,564,174,0.23609226594301222,142,37,113,141,422,0.5,0.25,0.6875,0.00012399896667527769,0.0016404944181919482,0.026725005029169181,96922,96763,1.001643180847168,frontier_exceeds_kth,621294848694907516,1
76,sift_b7,32,44,35,506,462,208,0.31091180866965618,110,35,86,109,352,0,0,0.3125,0,0,0.025030123101002447,78512,78488,1.0003057718276978,frontier_exceeds_kth,11680316185552835577,1
77,sift_b7,32,96,32,589,493,177,0.26457399103139012,78,32,62,77,415,0,0,0.1875,0,0,0.0074844538070449069,98482,97999,1.0049285888671875,frontier_exceeds_kth,5973069002065699119,1
78,sift_b7,32,113,33,623,510,132,0.20592823712948519,123,33,98,122,387,0,0.125,0.9375,0,0.0054817987152034264,0.035751359880413572,70050,69666,1.005511999130249,frontier_exceeds_kth,8513089261732594957,1
79,sift_b7,32,50,32,329,279,210,0.43032786885245899,78,32,59,77,201,0,0,0.3125,0,0,0.012190319346985536,55270,55183,1.0015765428543091,frontier_exceeds_kth,12064687052125061769,1
80,sift_b7,32,64,35,591,527,173,0.24749642346208869,105,35,81,104,422,0,0.375,0.4375,0,0.017577871160594376,0.02441411501521849,91896,90709,1.0130858421325684,frontier_exceeds_kth,8610136424839619590,1
81,sift_b7,32,72,34,688,616,149,0.1950261780104712,113,34,92,112,503,0.25,0.25,0.375,0,0.00032803017877644741,0.01299808915134569,91455,91425,1.0003281831741333,frontier_exceeds_kth,18306636068085863063,1
82,sift_b7,32,54,34,681,627,153,0.19640564826700899,105,34,82,104,522,0.25,0.5,0.4375,0.0018271138860655341,0.0091764055875181664,0.025239575086554254,82644,82493,1.0018304586410522,frontier_exceeds_kth,13338378029609094791,1
83,sift_b7,32,92,32,506,414,153,0.27031802120141341,81,32,61,80,333,0,0.125,0.4375,0,0.0036327660034936389,0.021274011084959379,64689,64454,1.0036460161209106,frontier_exceeds_kth,6289499398495346385,1
84,sift_b7,32,100,35,706,606,151,0.19973544973544974,121,35,102,120,485,0,0.125,0.1875,0,0.00016381723953058915,0.00078880785831224884,67148,67137,1.0001637935638428,frontier_exceeds_kth,8891080099968148559,1
85,sift_b7,32,67,35,467,400,229,0.36464968152866239,141,35,121,140,259,0,0.125,0.1875,0,0.0020232365654026547,0.011665414361286307,130484,130220,1.0020273923873901,frontier_exceeds_kth,2305395429298789664,1
86,sift_b7,32,112,32,473,361,249,0.40886699507389163,71,32,56,70,290,0,0,0,0,0,0,69731,69270,1.0066550970077515,frontier_exceeds_kth,18309438887794903797,1
87,sift_b7,32,67,32,323,256,295,0.53636363636363638,67,32,54,66,189,0,0,0,0,0,0,65321,64743,1.008927583694458,frontier_exceeds_kth,12171169677159128269,1
88,sift_b7,32,107,32,325,218,242,0.52723311546840956,52,32,43,51,166,0,0,0,0,0,0,44295,44200,1.0021493434906006,frontier_exceeds_kth,16507677605592416883,1
89,sift_b7,32,85,32,463,378,185,0.3291814946619217,88,32,68,87,290,0,0.125,0.25,0,0.0021810971579643095,0.011350985571151034,45390,45291,1.0021858215332031,frontier_exceeds_kth,8244673012687517292,1
90,sift_b7,32,84,32,413,329,243,0.42556917688266199,88,32,72,87,241,0,0,0.0625,0,0,0.0006161935669391611,24343,24328,1.0006165504455566,frontier_exceeds_kth,6606558247798229387,1
91,sift_b7,32,82,35,504,422,232,0.3552833078101072,129,35,113,128,293,0.25,0.25,0.125,0.0014078518448528369,0.0014078518448528369,0.0096053827627892163,105835,105686,1.0014098882675171,frontier_exceeds_kth,2408941627739864019,1
92,sift_b7,32,81,33,556,475,144,0.23300970873786409,106,33,83,105,369,0,0.25,0.4375,0,0,0.020702851542446447,105505,104917,1.0056043863296509,frontier_exceeds_kth,17686701881995785485,1
93,sift_b7,32,101,32,499,398,117,0.22762645914396887,96,32,70,95,302,0,0.625,0.625,0,0.0095354400521939879,0.056822888457004492,59611,59207,1.0068235397338867,frontier_exceeds_kth,16401062130817544937,1
94,sift_b7,32,90,35,386,296,194,0.39672801635991822,96,35,75,95,200,0,0,0.1875,0,0,0.022665961385876753,75441,73906,1.0207695960998535,frontier_exceeds_kth,16478823099356753984,1
95,sift_b7,32,134,33,662,528,171,0.24498567335243554,88,33,67,87,440,0.25,0.625,0.4375,0.0031563057499656923,0.012401309081021239,0.014840934630139109,102306,101696,1.0059982538223267,frontier_exceeds_kth,7609087782443731784,1
96,sift_b7,32,67,33,549,482,106,0.18057921635434412,112,33,88,111,370,0,0.375,0.5,0,0.0072455493849587381,0.020534196349931384,95918,95637,1.0029381513595581,frontier_exceeds_kth,2619052262511288525,1
97,sift_b7,32,77,34,499,422,243,0.36596385542168675,90,34,71,89,332,0,0.125,0.1875,0,0.00089383152315127576,0.0033694818255334148,96215,96129,1.0008946657180786,frontier_exceeds_kth,9528798258128379758,1
98,sift_b7,32,107,32,393,286,264,0.48087431693989069,63,32,50,62,223,0,0,0,0,0,0,19253,19202,1.0026559829711914,frontier_exceeds_kth,9919738706987244115,1
99,sift_b7,32,101,34,625,524,198,0.27461858529819694,98,34,77,97,426,0.25,0.25,0.4375,0.0043623064034980178,0.0043623064034980178,0.014151897709800113,97988,97457,1.005448579788208,frontier_exceeds_kth,10617843761686259240,1
100,sift_b7,32,100,32,442,342,151,0.30691056910569103,88,32,68,87,254,0,0,0.5,0,0,0.018015361936535031,63753,63284,1.007411003112793,frontier_exceeds_kth,11676215634466720410,1
101,sift_b7,32,72,33,496,424,179,0.29734219269102991,98,33,80,97,326,0.25,0.125,0.25,0,0.0034561515872919965,0.014825699471961388,82751,82465,1.0034681558609009,frontier_exceeds_kth,15239860530216159580,1
102,sift_b7,32,65,33,594,529,137,0.20601503759398496,107,33,77,106,422,0.25,0.75,1.0625,0,0.0049493612906509237,0.02988240547782078,78369,78207,1.0020713806152344,frontier_exceeds_kth,13396360460379774337,1
103,sift_b7,32,90,34,617,527,137,0.2066365007541478,124,34,107,123,403,0.25,0.125,0.1875,0.0028428320021659671,0.0028428320021659671,0.0048635503917860042,73870,73660,1.0028508901596069,frontier_exceeds_kth,8847976247692610918,1
104,sift_b7,32,86,33,500,414,215,0.34235668789808915,91,33,76,90,323,0,0,0,0,0,0,37897,37860,1.0009772777557373,frontier_exceeds_kth,17310654795836357293,1
105,sift_b7,32,75,32,518,443,164,0.27062706270627063,104,32,86,103,339,0,0.25,0.25,0,0.015042915417379779,0.018692307692307692,77347,76542,1.0105171203613281,frontier_exceeds_kth,53000306814786395,1
106,sift_b7,32,108,33,473,365,183,0.33455210237659966,86,33,69,85,279,0.25,0.125,0.125,0.0083205751181521671,0.0083205751181521671,0.0090132038447467318,30046,29796,1.0083904266357422,frontier_exceeds_kth,12417868293697966725,1
107,sift_b7,32,110,33,429,319,197,0.3825242718446602,79,33,66,78,240,0,0,0.125,0,0,0.007314099959366111,61305,61075,1.0037658214569092,frontier_exceeds_kth,7651229737167418453,1
108,sift_b7,32,59,32,224,165,213,0.56498673740053051,60,32,45,59,105,0.25,0.125,0.1875,0.0026633753410419646,0.0026633753410419646,0.019040316912657337,15394,15353,1.0026705265045166,frontier_exceeds_kth,1013694430968069866,1
109,sift_b7,32,49,34,447,398,184,0.31669535283993117,124,34,97,123,274,0,0.375,0.75,0,0.011846254005131675,0.040994573701033224,77703,77409,1.0037980079650879,frontier_exceeds_kth,11324151103355054256,1
110,sift_b7,32,56,32,453,397,181,0.31369150779896016,77,32,62,76,320,0,0,0.1875,0,0,0.0040738598013692028,41411,41315,1.0023236274719238,frontier_exceeds_kth,17250538907444950818,1
111,sift_b7,32,68,35,640,572,106,0.15657311669128507,121,35,94,120,451,0.25,0.875,0.5625,0.0035539128580567205,0.018185638248202445,0.020985369600893887,84899,84114,1.009332537651062,frontier_exceeds_kth,9540234056627087548,1
112,sift_b7,32,75,32,401,326,231,0.4154676258992806,50,32,40,49,276,0,0,0.0625,0,0,0.0086816766398323929,69687,69082,1.0087577104568481,frontier_exceeds_kth,8191333161642532854,1
113,sift_b7,32,78,33,562,484,172,0.26259541984732826,113,33,95,112,371,0,0,0.4375,0,0,0.030326740110165246,93615,92949,1.0071651935577393,frontier_exceeds_kth,13732576064683839102,1
114,sift_b7,32,113,33,519,406,225,0.35714285714285715,98,33,78,97,308,0,0,0.25,0,0,0.0034046692607003892,76056,75813,1.0032052993774414,frontier_exceeds_kth,6187331415550017447,1
115,sift_b7,32,88,33,667,579,134,0.18820224719101122,120,33,98,119,459,0,0,0.375,0,0,0.017030642668706387,63294,62970,1.0051453113555908,frontier_exceeds_kth,10385485395674606110,1
116,sift_b7,32,87,32,301,214,222,0.51034482758620692,73,32,61,72,141,0,0,0,0,0,0,10860,10688,1.0160927772521973,frontier_exceeds_kth,17127220136633214070,1
117,sift_b7,32,117,33,726,609,115,0.1590594744121715,102,33,81,101,507,0.25,0.375,0.375,0.017926048942509647,0.027556436888625562,0.041087397162274948,82636,80424,1.0275042057037354,frontier_exceeds_kth,12665521485310815818,1
118,sift_b7,32,105,35,678,573,140,0.19662921348314608,100,35,76,99,473,0.75,0.5,0.375,0.0082217046751176196,0.017907999009410598,0.025524856787431081,64608,63451,1.0182344913482666,frontier_exceeds_kth,6017821662159229339,1
119,sift_b7,32,71,32,287,216,188,0.4665012406947891,69,32,51,68,147,0,0.125,0.1875,0,0.0018911796620678964,0.025546340577516799,32255,32194,1.0018947124481201,frontier_exceeds_kth,9217063137157765671,1
120,sift_b7,32,62,38,663,601,183,0.23371647509578544,163,38,130,162,438,0.25,0.5,0.75,0.00067002020368614197,0.0021409088569811128,0.020252448181423129,97087,96947,1.0014441013336182,frontier_exceeds_kth,12098853471714948550,1
121,sift_b7,32,75,32,482,407,153,0.27370304114490163,101,32,79,100,306,0.25,0.375,0.4375,0,0.0082153179939291592,0.018937918878481688,96200,95734,1.0048676729202271,frontier_exceeds_kth,7415578477134325530,1
122,sift_b7,32,94,32,565,471,167,0.26216640502354788,84,32,67,83,387,0,0,0.0625,0,0,0.003611378186337734,85286,84978,1.003624439239502,frontier_exceeds_kth,17211302347995003550,1
123,sift_b7,32,68,32,390,322,198,0.38150289017341038,78,32,60,77,244,0,0,0.1875,0,0,0.019613658115740801,73926,72728,1.016472339630127,frontier_exceeds_kth,2896063486753153165,1
124,sift_b7,32,118,32,562,444,216,0.3277693474962064,107,32,95,106,337,0,0,0.0625,0,0,0.0055484336191010336,49924,49647,1.0055793523788452,frontier_exceeds_kth,1686044083319695297,1
125,sift_b7,32,103,32,606,503,164,0.24624624624624625,92,32,75,91,411,0,0,0.125,0,0,0.023016504275203818,39526,39306,1.0055971145629883,frontier_exceeds_kth,911710481509802021,1
126,sift_b7,32,83,32,610,527,134,0.20303030303030303,98,32,74,97,429,0.25,0.125,0.6875,0.0055116605072002035,0.0055116605072002035,0.034398490425959723,62776,62430,1.0055421590805054,frontier_exceeds_kth,18007898455518107165,1
127,sift_b7,32,59,32,563,504,175,0.25811209439528021,106,32,85,105,398,0,0,0.3125,0,0,0.013244515332051102,63422,63104,1.0050393342971802,frontier_exceeds_kth,9292116798242159510,1
128,sift_b7,32,84,33,505,421,193,0.31484502446982054,100,33,85,99,321,0,0,0.125,0,0,0.034969604562285893,50501,48735,1.0362367630004883,frontier_exceeds_kth,16076231519804106121,1
129,sift_b7,32,111,32,439,328,216,0.39779005524861877,84,32,70,83,244,0,0,0.0625,0,0,0.026208921970732695,98745,96157,1.0269143581390381,frontier_exceeds_kth,10470808369922844083,1
130,sift_b7,32,94,34,656,562,119,0.17499999999999999,102,34,76,101,460,0.75,0.375,0.5625,0.00040542706555661366,0.012223982111245691,0.019314376630344292,107330,106018,1.0123752355575562,frontier_exceeds_kth,18048204230651194312,1
131,sift_b7,32,101,33,573,472,174,0.26976744186046514,112,33,85,111,360,0.25,0.375,1.0625,0.00045159273283079166,0.00045159273283079166,0.043989633862715129,86361,86322,1.0004518032073975,frontier_exceeds_kth,5461252688604067506,1
132,sift_b7,32,58,33,650,592,162,0.2151394422310757,86,33,66,85,506,0,0,0.1875,0,0,0.010947474521222982,71227,70650,1.008167028427124,frontier_exceeds_kth,893277159494605429,1
133,sift_b7,32,74,37,656,582,143,0.19751381215469613,124,37,95,123,458,0.25,1,0.625,0,0.014042231096494662,0.024380794958547482,151780,151100,1.0045003890991211,frontier_exceeds_kth,7267174662231280312,1
134,sift_b7,32,53,32,319,266,207,0.4385593220338983,85,32,68,84,181,0.25,0.125,0.125,0.00090244223429656505,0.00090244223429656505,0.0049619892895929295,53189,53141,1.0009032487869263,frontier_exceeds_kth,8494796104349032338,1
135,sift_b7,32,80,32,618,538,154,0.22286541244573083,104,32,82,103,434,0,0.25,0.4375,0,0.0022722420471528349,0.022252443434856682,65574,65425,1.0022773742675781,frontier_exceeds_kth,8643609877521947846,1
136,sift_b7,32,83,32,592,509,147,0.22442748091603054,108,32,82,107,401,0,0.25,0.75,0,0.0014046397468691319,0.056349638820192539,67630,67538,1.0013622045516968,frontier_exceeds_kth,3876213432545543765,1
137,sift_b7,32,111,35,655,544,124,0.18590704647676162,136,35,108,135,408,0.25,0.375,0.6875,0.0016161783597861672,0.0043393809149894613,0.01688713571598599,144786,144552,1.0016187429428101,frontier_exceeds_kth,18159718140273247895,1
138,sift_b7,32,137,32,606,469,185,0.28330781010719758,91,32,73,90,378,0.25,0.375,0.3125,0,0.0099414969542228736,0.020282099232085307,98800,98493,1.0031169652938843,frontier_exceeds_kth,18264718750510297077,1
139,sift_b7,32,92,32,518,426,158,0.27101200686106347,94,32,71,93,332,0,0,0.4375,0,0,0.031096215849312745,45763,45678,1.0018608570098877,frontier_exceeds_kth,5312549158240333706,1
140,sift_b7,32,145,45,846,701,221,0.23995656894679696,161,45,126,160,540,0.25,0.75,0.4375,1.0907623337950894e-05,0.0058664700332903197,0.0058664700332903197,92595,91678,1.0100023746490479,frontier_exceeds_kth,1900778806933626239,1
141,sift_b7,32,62,33,424,362,243,0.40231788079470199,92,33,77,91,270,0,0.25,0.25,0,0,0.025133663118972669,78576,78040,1.0068682432174683,frontier_exceeds_kth,6121321343503963408,1
142,sift_b7,32,82,32,683,601,141,0.19028340080971659,113,32,89,112,488,0.25,0.625,0.625,1.1684700053749621e-05,0.0058662267964593546,0.025051264524948734,85582,85581,1.000011682510376,frontier_exceeds_kth,10240326295069608894,1
143,sift_b7,32,136,33,536,400,243,0.37850467289719625,91,33,75,90,309,0.25,0.125,0.125,0.00030666335664948381,0.00030666335664948381,0.0013712218461897538,68479,68458,1.0003067255020142,frontier_exceeds_kth,3743943466865252007,1
144,sift_b7,32,114,32,541,427,179,0.29586776859504132,91,32,68,90,336,0,0.25,0.5625,0,0.0028667097456382541,0.022223502304147467,85115,84871,1.0028749704360962,frontier_exceeds_kth,17282807946340055006,1
145,sift_b7,32,82,32,516,434,222,0.33893129770992364,98,32,85,97,336,0,0,0,0,0,0,87162,86788,1.0043092966079712,frontier_exceeds_kth,11871967370165228354,1
146,sift_b7,32,94,35,695,601,211,0.26017262638717631,130,35,113,129,471,0,0,0.0625,0,0,0.00057276392961876836,87296,87246,1.0005730390548706,frontier_exceeds_kth,12035933017389686432,1
147,sift_b7,32,90,33,638,548,163,0.22957746478873239,116,33,94,115,432,0.25,0.25,0.3125,0.0064281637679853417,0.0064281637679853417,0.018253591356998694,66685,66154,1.0080267190933228,frontier_exceeds_kth,1931936365538041452,1
148,sift_b7,32,71,32,516,445,165,0.27093596059113301,97,32,73,96,348,0.25,0.625,0.5625,0.0010782233661437862,0.016640416352804218,0.039989303501988878,86253,86160,1.0010794401168823,frontier_exceeds_kth,12309116584876106418,1
149,sift_b7,32,72,37,666,594,207,0.25874999999999998,142,37,119,141,452,0,0.125,0.25,0,0.0021458799105717025,0.015867859709220486,100192,99977,1.0021505355834961,frontier_exceeds_kth,1216556372631981719,1
150,sift_b7,32,110,34,657,547,142,0.20639534883720931,133,34,102,132,414,0.25,0.625,0.875,0.0021534908398614275,0.0097715834301200163,0.028634796214434367,64082,63944,1.0021581649780273,frontier_exceeds_kth,1204281601412920112,1
151,sift_b7,32,82,32,350,268,194,0.42082429501084601,71,32,57,70,197,0,0,0.25,0,0,0.021706379707916987,31997,31819,1.0055941343307495,frontier_exceeds_kth,13012229643700741120,1
152,sift_b7,32,67,33,613,546,180,0.24827586206896551,100,33,76,99,446,0.5,0.625,0.5,0.00024610083981911591,0.0036890187823172354,0.013507770762506071,97521,97497,1.0002461671829224,frontier_exceeds_kth,12442370668306549624,1
153,sift_b7,32,72,34,615,543,194,0.26358695652173914,107,34,84,106,436,0.25,0.25,0.5,0.0017873100983020554,0.0069813047457183948,0.034731665162856307,76092,75956,1.0017905235290527,frontier_exceeds_kth,2378023688140155557,1
154,sift_b7,32,112,39,687,575,177,0.23568575233022637,139,39,108,138,436,0.25,0.25,0.625,7.6730921708882888e-05,7.6730921708882888e-05,0.019839876982734126,118332,117284,1.0089355707168579,frontier_exceeds_kth,465277024132119427,1
155,sift_b7,32,101,35,688,587,120,0.16997167138810199,101,35,76,100,486,0.5,0.25,0.5,0.0045269574596741241,0.0045269574596741241,0.011537899810135826,61246,60912,1.0054832696914673,frontier_exceeds_kth,13356917938911306886,1
156,sift_b7,32,81,34,637,556,129,0.18859649122807018,130,34,104,129,426,0.75,0.375,0.5625,0.0078392177640768754,0.0080303395136046233,0.020506906964026725,83044,82393,1.0079011917114258,frontier_exceeds_kth,10858036525250830495,1
157,sift_b7,32,74,39,713,639,171,0.21137206427688504,119,39,90,118,520,0.75,0.625,0.5,0.0029217997162482969,0.012960104570800829,0.033035446693730756,72012,70981,1.0145250558853149,frontier_exceeds_kth,18046602554555120654,1
158,sift_b7,32,87,35,634,547,136,0.19941348973607037,94,35,66,93,453,0,0.625,0.75,0,0.0070631851449391159,0.031017543859649124,62578,62136,1.0071134567260742,frontier_exceeds_kth,15375954557957265588,1
159,sift_b7,32,93,32,689,596,153,0.20454545454545456,112,32,89,111,484,0.25,0.25,0.5625,0.00013816318327974277,0.00013816318327974277,0.014765216960815862,79616,79605,1.0001381635665894,frontier_exceeds_kth,8674715808788334847,1
160,sift_b7,32,61,33,597,536,122,0.18569254185692541,103,33,79,102,433,0.25,0.25,0.5,0,0.0028695146384023784,0.020431227143437626,77320,77143,1.0022944211959839,frontier_exceeds_kth,2412347701086044635,1
161,sift_b7,32,110,33,710,600,193,0.24368686868686867,110,33,91,109,490,0,0,0.3125,0,0,0.025616239729337846,77307,76608,1.0091243982315063,frontier_exceeds_kth,4578024100056044387,1
162,sift_b7,32,66,34,677,611,124,0.16893732970027248,115,34,89,114,496,0.75,0.625,0.625,0.0043711879175137962,0.020235798499464094,0.027518120824408857,68722,68559,1.0023775100708008,frontier_exceeds_kth,9268756408489699202,1
163,sift_b7,32,76,33,626,550,106,0.16183206106870229,99,33,75,98,451,0,0.125,0.5,0,0.00095018536403003212,0.014716952146862278,64198,64137,1.0009510517120361,frontier_exceeds_kth,283236096429104193,1
164,sift_b7,32,90,34,637,547,129,0.19111111111111112,126,34,107,125,421,0,0.125,0.1875,0,0.00044749693561881043,0.0036267721727662378,51397,51374,1.0004477500915527,frontier_exceeds_kth,15564635817698452090,1
165,sift_b7,32,84,33,615,531,251,0.32138284250960308,95,33,77,94,436,0.75,0.5,0.5,0.0036698518210774131,0.0036698518210774131,0.019689330971522007,43202,43167,1.0008108615875244,frontier_exceeds_kth,12769189805987584008,1
166,sift_b7,32,74,38,676,602,145,0.19436997319034852,117,38,84,116,485,0.25,0.625,0.875,0.00015618817551385909,0.015269915497579785,0.04310954767860168,96038,96023,1.0001561641693115,frontier_exceeds_kth,18277157870280518079,1
167,sift_b7,32,143,33,671,528,139,0.2087087087087087,100,33,82,99,428,0,0.125,0.25,0,0.0049620595769360896,0.010113151905631952,62071,61763,1.0049867630004883,frontier_exceeds_kth,2094072613411826940,1
168,sift_b7,32,59,33,581,522,219,0.29594594594594592,114,33,89,113,408,0,0,0.5625,0,0,0.015154682274247492,47259,47115,1.0030564069747925,frontier_exceeds_kth,6478994264898886804,1
169,sift_b7,32,92,33,547,455,191,0.29612403100775192,91,33,76,90,364,0.25,0.125,0.25,0.0048823207443897095,0.0048823207443897095,0.026827962744888127,45675,45452,1.0049062967300415,frontier_exceeds_kth,9587839531328765234,1
170,sift_b7,32,77,35,655,578,207,0.26403061224489793,133,35,108,132,445,0,0.125,0.5,0,0,0.029261194291524947,55407,55369,1.0006862878799438,frontier_exceeds_kth,12440962674446498399,1
171,sift_b7,32,89,35,661,572,133,0.18892045454545456,120,35,96,119,452,0.5,0.375,0.4375,0.0041899270732809694,0.0063141471025622269,0.0089958667639192802,81863,81520,1.0042076110839844,frontier_exceeds_kth,423912148376969203,1
172,sift_b7,32,96,33,685,589,123,0.1729957805907173,111,33,94,110,478,0,0,0.125,0,0,0.0079654581999553335,67067,66630,1.0065586566925049,frontier_exceeds_kth,573108528349897237,1
173,sift_b7,32,67,33,556,489,156,0.24223602484472051,100,33,73,99,389,0.5,0.5,0.6875,0,0.0029307773339313091,0.015985424751160566,95651,95598,1.0005544424057007,frontier_exceeds_kth,17000642376959167012,1
174,sift_b7,32,82,32,573,491,157,0.24265842349304481,100,32,72,99,391,0.5,0.625,0.875,0.0013309813983322643,0.053339616331742314,0.090700696462205604,62360,62277,1.0013327598571777,frontier_exceeds_kth,12634617077778370883,1
175,sift_b7,32,78,33,597,519,181,0.25894134477825465,108,33,84,107,411,0,0.25,0.5625,0,0,0.033855930836478594,59996,59899,1.0016193389892578,frontier_exceeds_kth,10919602002499627096,1
176,sift_b7,32,78,32,604,526,154,0.22680412371134021,120,32,93,119,406,0.25,0.5,1.4375,0,0.01068763863682194,0.067732395871684933,79041,78496,1.0069429874420166,frontier_exceeds_kth,9100304074784036249,1
177,sift_b7,32,70,35,633,563,185,0.24765729585006693,118,35,93,117,445,0.75,0.75,0.5,0.0027096855504442625,0.014892391964021723,0.016208991872192952,63476,63304,1.0027170181274414,frontier_exceeds_kth,18195871943581194066,1
178,sift_b7,32,76,32,567,491,136,0.21725239616613418,84,32,68,83,407,0.25,0.125,0.1875,0,0.0028126114754548201,0.0047243447539232599,72886,72681,1.0028204917907715,frontier_exceeds_kth,18221465699685565401,1
179,sift_b7,32,92,33,572,480,125,0.20695364238410596,88,33,59,87,392,0.25,0.75,0.875,0,0.017866478058980905,0.04939355606815983,64098,63876,1.0034754276275635,frontier_exceeds_kth,15954689536519479921,1
180,sift_b7,32,81,34,629,548,225,0.29145077720207252,124,34,110,123,424,0,0.125,0.125,0,0.001661977360465877,0.001661977360465877,76415,76288,1.0016647577285767,frontier_exceeds_kth,882192168114086128,1
181,sift_b7,32,68,32,551,483,145,0.23125996810207336,93,32,68,92,390,0.25,0.5,0.5625,0,0.0084205996270262512,0.023286374362380072,69531,69123,1.0059025287628174,frontier_exceeds_kth,42038894146567991,1
182,sift_b7,32,156,32,671,515,165,0.24300441826215022,99,32,80,98,416,0,0.125,0.25,0,0.0018967221435631661,0.016465942744323791,74866,74724,1.001900315284729,frontier_exceeds_kth,9661919872874182407,1
183,sift_b7,32,58,35,623,565,152,0.21229050279329609,132,35,108,131,433,0.25,0.25,0.375,0.00027653257262618617,0.00081460469852352897,0.020589451470776954,68708,68689,1.0002765655517578,frontier_exceeds_kth,3510795961671263454,1
184,sift_b7,32,111,32,609,498,166,0.25037707390648567,83,32,64,82,415,0,0.125,0.25,0,0.0020719506137798905,0.013288244043442875,70465,70319,1.002076268196106,frontier_exceeds_kth,18346452104157284837,1
185,sift_b7,32,96,32,307,211,232,0.52488687782805432,71,32,57,70,140,0,0,0,0,0,0,14713,14249,1.0325636863708496,frontier_exceeds_kth,2661761327870169356,1
186,sift_b7,32,75,33,457,382,222,0.36815920398009949,96,33,75,95,286,0,0.25,0.5,0,0.0015042168776513935,0.012882420758909923,59167,59078,1.0015064477920532,frontier_exceeds_kth,12894352436191700504,1
187,sift_b7,32,103,34,718,615,135,0.18024032042723631,110,34,85,109,505,0,0.875,0.5625,0,0.0073894171145101285,0.02744164852412536,77720,76836,1.0115050077438354,frontier_exceeds_kth,1820971314482456318,1
188,sift_b7,32,91,40,675,584,166,0.22162883845126835,114,40,82,113,470,0.75,0.75,0.5625,0.002765366172624237,0.01326342180107563,0.022995408925902201,74225,73205,1.0139334201812744,frontier_exceeds_kth,10859239241262553816,1
189,sift_b7,32,74,33,530,456,149,0.24668874172185432,94,33,77,93,362,0.25,0.125,0.1875,0.0068564898581087519,0.0068564898581087519,0.013171590242425389,105010,104290,1.0069037675857544,frontier_exceeds_kth,11244142822685657025,1
190,sift_b7,32,107,33,503,396,219,0.35667752442996742,107,33,88,106,289,0.25,0.125,0.25,0.0033697064446956172,0.0033697064446956172,0.022543616095478846,94667,94348,1.0033811330795288,frontier_exceeds_kth,5313010086257641174,1
191,sift_b7,32,85,35,704,619,124,0.16711590296495957,141,35,109,140,478,0.75,0.625,0.8125,0.0013505813830797476,0.0077683541782423184,0.02358354310238105,94700,94646,1.00057053565979,frontier_exceeds_kth,5543636757901368267,1
192,sift_b7,32,51,37,632,581,98,0.14454277286135694,158,37,124,157,423,0.25,0.75,0.9375,0,0.0209497376717915,0.045693470496802287,80554,80428,1.0015666484832764,frontier_exceeds_kth,10593510656211148938,1
193,sift_b7,32,68,34,588,520,177,0.25431034482758619,128,34,104,127,392,0.5,0.25,0.5,0.0068409708555899167,0.0068409708555899167,0.015269303434818967,63605,63588,1.0002673864364624,frontier_exceeds_kth,18194594414021696365,1
194,sift_b7,32,54,34,610,556,227,0.29028132992327366,96,34,83,95,460,0,0,0,0,0,0,105035,104980,1.0005239248275757,frontier_exceeds_kth,12865300511234270675,1
195,sift_b7,32,99,33,627,528,120,0.18547140649149924,111,33,87,110,417,0.25,0.125,0.5625,0.00071775330166518763,0.00071775330166518763,0.0096739566223923643,76628,76573,1.0007182359695435,frontier_exceeds_kth,1006621479172111752,1
196,sift_b7,32,65,34,628,563,123,0.17956204379562044,138,34,113,137,425,0,0.25,0.6875,0,0.0072870254618499644,0.030359640151119832,93001,92909,1.0009902715682983,frontier_exceeds_kth,6442371578849343315,1
197,sift_b7,32,124,32,645,521,141,0.21331316187594554,75,32,53,74,446,0.5,0.25,0.4375,0.001027943841804853,0.0016760833716309373,0.012659581578771473,73934,73858,1.0010290145874023,frontier_exceeds_kth,3332833208138587309,1
198,sift_b7,32,50,35,375,325,173,0.34808853118712274,111,35,93,110,214,0.25,0.25,0.25,0,0.0045961002785515322,0.01836554498185029,50260,50029,1.0046173334121704,frontier_exceeds_kth,8059212934962922714,1
199,sift_b7,32,108,38,759,651,135,0.17197452229299362,135,38,101,134,516,0.5,0.625,0.8125,0.0073894710474679583,0.0086448922863099371,0.029075465534139169,71501,71328,1.0024254322052002,frontier_exceeds_kth,894325346191607019,1
0,sift_b7,64,94,67,995,901,424,0.3202416918429003,205,67,165,204,696,0.25,0.125,0.25,0,2.0903665457738013e-05,0.0013881930527722111,95677,95675,1.0000208616256714,frontier_exceeds_kth,4714474632043939147,1
1,sift_b7,64,89,64,1044,955,390,0.29017857142857145,165,64,127,164,790,0,0.125,0.25,0,0,0.0072549967973437558,76164,75944,1.0028969049453735,frontier_exceeds_kth,15445804586281910040,1
2,sift_b7,64,67,66,805,738,439,0.37329931972789115,166,66,131,165,572,0,0.25,0.125,0,0.0050042423507818045,0.0050042423507818045,57581,57462,1.0020709037780762,frontier_exceeds_kth,7206098995354691246,1
3,sift_b7,64,64,65,782,718,576,0.44547563805104406,153,65,120,152,565,0.25,0.125,0.0625,0.00056287663068670948,0.00056287663068670948,0.00056287663068670948,60759,60370,1.0064436197280884,frontier_exceeds_kth,6603148842212040427,1
4,sift_b7,64,89,64,874,785,419,0.3482959268495428,214,64,173,213,571,0,0.375,0.3125,0,0.0026907365279714292,0.0036655995699029836,81588,81542,1.0005640983581543,frontier_exceeds_kth,2480609491695595496,1
5,sift_b7,64,68,66,1167,1099,326,0.22893258426966293,222,66,177,221,877,0.5,0.25,0.1875,0.00019886646117132345,0.00019886646117132345,0.00031814837644906645,100582,100550,1.0003182888031006,frontier_exceeds_kth,16381493088507697342,1
6,sift_b7,64,82,65,1209,1127,357,0.24072825354012137,202,65,158,201,925,0.25,0.375,0.1875,1.318878425786711e-05,0.0010145194866794909,0.0010145194866794909,75844,75821,1.0003033876419067,frontier_exceeds_kth,8732600259744290151,1
7,sift_b7,64,88,64,697,609,519,0.46051464063886421,141,64,115,140,468,0,0,0,0,0,0,53540,53515,1.0004671812057495,frontier_exceeds_kth,10519733134330644996,1
8,sift_b7,64,84,65,969,885,283,0.24250214224507283,184,65,138,183,701,0,0.125,0.375,0,0,0.0060387585680643082,75617,75550,1.0008867979049683,frontier_exceeds_kth,15004522476688057934,1
9,sift_b7,64,66,66,893,827,389,0.32016460905349792,195,66,149,194,632,0.5,0.25,0.1875,0.0062828735948792609,0.0062828735948792609,0.0072334626271097604,76239,75760,1.0063226222991943,frontier_exceeds_kth,11105184388691527026,1
10,sift_b7,64,95,64,1063,968,340,0.26013771996939555,210,64,163,209,758,0.25,0.125,0.1875,0.0010962241169305725,0.0010962241169305725,0.0020180304428512033,98520,98412,1.0010974407196045,frontier_exceeds_kth,16837448819510247946,1
11,sift_b7,64,96,65,936,840,375,0.30889621087314661,206,65,167,205,634,0.25,0.125,0.3125,0.00082230961744726488,0.00082230961744726488,0.002747644875820725,55940,55894,1.0008230209350586,frontier_exceeds_kth,18255594557452899475,1
12,sift_b7,64,94,64,1035,941,399,0.29798356982823004,208,64,166,207,733,0,0.25,0.375,0,0.0014947457422394008,0.0094660375945480411,66179,66133,1.0006955862045288,frontier_exceeds_kth,5569692831664430541,1
13,sift_b7,64,79,66,1151,1072,362,0.25261688764829032,202,66,163,201,870,0,0,0.0625,0,0,0.00092461072548441557,74626,74557,1.0009254217147827,frontier_exceeds_kth,16300362288919797227,1
14,sift_b7,64,68,65,1016,948,367,0.27929984779299849,195,65,155,194,753,0,0,0.125,0,0,0.0024658595869098084,85003,84953,1.0005885362625122,frontier_exceeds_kth,14838623060488685504,1
15,sift_b7,64,80,65,869,789,444,0.36038961038961037,174,65,137,173,615,0.25,0.25,0.25,0,0.0089961153138417502,0.011493583113610208,67980,67858,1.0017979145050049,frontier_exceeds_kth,15551277265095568497,1
16,sift_b7,64,64,66,1082,1018,423,0.29375000000000001,217,66,170,216,801,0.5,0.25,0.3125,0.0022666707507581095,0.0022666707507581095,0.0071780178917048932,65294,65146,1.0022717714309692,frontier_exceeds_kth,11862690018264880736,1
17,sift_b7,64,81,64,1086,1005,420,0.2949438202247191,185,64,143,184,820,0.25,0.125,0.1875,0,0.0010487134796608667,0.0060403868199053528,67702,67631,1.0010497570037842,frontier_exceeds_kth,8770555936286877999,1
18,sift_b7,64,86,66,983,897,351,0.28147554129911789,203,66,157,202,694,0.5,0.5,0.375,0.0016140789336665626,0.0016140789336665626,0.0093766951669981662,77417,76700,1.0093481540679932,frontier_exceeds_kth,10492082229146222611,1
19,sift_b7,64,93,64,1161,1068,439,0.29150066401062419,168,64,131,167,900,0,0,0,0,0,0,57197,57063,1.0023483037948608,frontier_exceeds_kth,11035108817907209719,1
20,sift_b7,64,115,64,805,690,539,0.43892508143322473,164,64,132,163,526,0,0.125,0.25,0,0,0.003266850068775791,40701,40579,1.0030064582824707,frontier_exceeds_kth,12074614693639801324,1
21,sift_b7,64,98,65,963,865,420,0.32710280373831774,176,65,141,175,689,0.5,0.375,0.1875,0.0049562374775914799,0.0060672453020982559,0.006715930861702352,47468,47180,1.0061042308807373,frontier_exceeds_kth,10457875675672074812,1
22,sift_b7,64,93,64,876,783,419,0.34887593671940048,195,64,160,194,588,0,0,0,0,0,0,45090,45058,1.0007102489471436,frontier_exceeds_kth,16973858228982245451,1
23,sift_b7,64,69,67,917,848,440,0.34188034188034189,183,67,145,182,665,0.75,0.5,0.25,0.00018233842010771992,0.0054691314963376354,0.0054691314963376354,71675,71283,1.0054992437362671,frontier_exceeds_kth,199383003747250711,1
24,sift_b7,64,80,64,971,891,345,0.2793522267206478,185,64,152,184,706,0,0,0.0625,0,0,0,60155,59791,1.0060878992080688,frontier_exceeds_kth,17405130277701666423,1
25,sift_b7,64,97,66,950,853,477,0.35891647855530473,183,66,154,182,670,0,0.125,0.0625,0,0.0033478113409844317,0.0033478113409844317,91403,91097,1.0033590793609619,frontier_exceeds_kth,18383060445945341799,1
26,sift_b7,64,84,65,987,903,376,0.29420970266040691,161,65,121,160,742,0.25,0.125,0.125,0.0062643825108667861,0.0062643825108667861,0.0067360350492880611,54780,54411,1.0067816972732544,frontier_exceeds_kth,1633760562855231881,1
27,sift_b7,64,109,64,1036,927,398,0.30060422960725075,196,64,160,195,731,0,0,0,0,0,0,58318,58001,1.0054653882980347,frontier_exceeds_kth,3050981143600820459,1
28,sift_b7,64,113,67,1050,937,393,0.29571106094808125,185,67,142,184,752,0.75,0.375,0.3125,0.0012934594586170892,0.0014023934181002244,0.0025680534155110425,64176,64086,1.0014044046401978,frontier_exceeds_kth,3595699796253929417,1
29,sift_b7,64,88,64,462,374,469,0.55700712589073631,161,64,129,160,213,0,0,0,0,0,0,42193,42101,1.0021852254867554,frontier_exceeds_kth,10840401561333502007,1
30,sift_b7,64,137,64,938,801,304,0.27536231884057971,216,64,166,215,585,0.25,0.625,0.625,0.0015213773015707896,0.0091999999999999998,0.011508605707959476,76904,76787,1.0015237331390381,frontier_exceeds_kth,183558929438887738,1
31,sift_b7,64,90,70,1103,1013,427,0.29673384294649063,233,70,188,232,780,0.25,0.375,0.3125,0.0049171869899866279,0.0051266935458402201,0.0076964268839446025,94993,94506,1.0051530599594116,frontier_exceeds_kth,11300544101338106934,1
32,sift_b7,64,98,64,911,813,486,0.37442218798151,166,64,134,165,647,0,0,0.0625,0,0,0.00064902498746201732,67794,67750,1.0006494522094727,frontier_exceeds_kth,3744344797532788784,1
33,sift_b7,64,63,66,830,767,428,0.35845896147403683,180,66,141,179,587,0,0.125,0.0625,0,0.003852367341866534,0.003852367341866534,128752,128256,1.0038672685623169,frontier_exceeds_kth,10404116202895697719,1
34,sift_b7,64,94,65,987,893,382,0.29984301412872844,171,65,136,170,722,0,0,0.125,0,0,0.0087945341497434933,84108,83854,1.0030291080474854,frontier_exceeds_kth,15432602299931864637,1
35,sift_b7,64,60,65,961,901,416,0.3161094224924012,150,65,118,149,751,0,0,0.125,0,0,0.0010227970088869695,87938,87904,1.0003868341445923,frontier_exceeds_kth,13321144121783443007,1
36,sift_b7,64,65,65,1101,1036,361,0.25859598853868193,183,65,152,182,853,0,0,0.0625,0,0,0.00114127151073019,89374,89272,1.0011426210403442,frontier_exceeds_kth,6813966401957710555,1
37,sift_b7,64,101,64,883,782,552,0.41410352588147037,123,64,93,122,659,0,0,0,0,0,0,103225,102649,1.0056113004684448,frontier_exceeds_kth,10337938288717128493,1
38,sift_b7,64,85,64,811,726,457,0.38663282571912011,136,64,106,135,590,0,0.125,0.0625,0,0.0055822075717887592,0.0055822075717887592,101931,101362,1.0056135654449463,frontier_exceeds_kth,13094065735941273200,1
39,sift_b7,64,102,64,883,781,510,0.39534883720930231,205,64,174,204,576,0,0.125,0.1875,0,0.0016246411323526139,0.0067310247099459748,44933,44860,1.0016273260116577,frontier_exceeds_kth,17985446565367794803,1
40,sift_b7,64,69,67,1082,1013,430,0.29819694868238555,207,67,168,206,806,0.25,0.125,0.1875,0.0013567217759848239,0.0013567217759848239,0.0097741586009024127,83289,83176,1.0013585090637207,frontier_exceeds_kth,17132505782481745044,1
41,sift_b7,64,69,65,627,558,390,0.41182682154171069,204,65,163,203,354,0.25,0.25,0.125,0.0028926589007896176,0.0043715846994535519,0.0043715846994535519,51240,51016,1.0043908357620239,frontier_exceeds_kth,11185930532807567590,1
42,sift_b7,64,84,64,947,863,349,0.28819157720891825,182,64,140,181,681,0,0,0.3125,0,0,0.0010842906931715502,77470,77386,1.0010855197906494,frontier_exceeds_kth,418527006302872621,1
43,sift_b7,64,82,65,1093,1011,351,0.25789860396767084,208,65,168,207,803,0.25,0.25,0.1875,0,0.0009493851873034029,0.0015204344098313804,87440,87342,1.001121997833252,frontier_exceeds_kth,13504438823076574227,1
44,sift_b7,64,81,66,815,734,507,0.40887096774193549,162,66,129,161,572,0.25,0.125,0.125,0.0034175806707995547,0.0034175806707995547,0.0049334056370441892,75607,75234,1.004957914352417,frontier_exceeds_kth,18387192882079185354,1
45,sift_b7,64,84,65,889,805,421,0.34367346938775512,165,65,130,164,640,0.25,0.125,0.125,0.00062233646756409391,0.00062233646756409391,0.0026463241747114023,74065,73869,1.0026533603668213,frontier_exceeds_kth,11273508319896274515,1
46,sift_b7,64,67,64,850,783,395,0.33559898045879355,177,64,146,176,606,0,0.25,0.1875,0,1.3823228553260899e-05,0.0045410136092801801,72342,72341,1.0000138282775879,frontier_exceeds_kth,7409120859743392584,1
47,sift_b7,64,83,64,1068,985,290,0.22762951334379905,214,64,162,213,771,0,0.25,0.5,0,0.00085142613878246064,0.0088515008699471282,117395,117350,1.0003834962844849,frontier_exceeds_kth,15538324893452276120,1
48,sift_b7,64,130,65,992,862,390,0.3117505995203837,146,65,111,145,716,0.5,0.25,0.25,0.0014198425443578396,0.0014198425443578396,0.0042960778761753186,102124,101979,1.0014218091964722,frontier_exceeds_kth,1415360202308884668,1
49,sift_b7,64,93,64,693,600,465,0.43703007518796994,126,64,101,125,474,0,0,0,0,0,0,52634,52616,1.0003421306610107,frontier_exceeds_kth,16172866419889006031,1
50,sift_b7,64,80,64,866,786,420,0.34854771784232363,136,64,101,135,650,0,0.25,0.25,0,0.0013508547135890024,0.0064627698996986014,100677,100541,1.0013526678085327,frontier_exceeds_kth,7415552649421648328,1
51,sift_b7,64,124,64,825,701,524,0.42810457516339867,158,64,127,157,543,0,0,0,0,0,0,65488,65442,1.0007028579711914,frontier_exceeds_kth,10793237590058805137,1
52,sift_b7,64,84,64,1021,937,414,0.30666666666666664,204,64,156,203,733,0,0.125,0.0625,0,0.0020515202539240162,0.0020515202539240162,51669,51563,1.0020557641983032,frontier_exceeds_kth,17305133056697721234,1
53,sift_b7,64,96,64,927,831,424,0.33811802232854865,179,64,149,178,652,0,0,0.1875,0,0,0.0025182381490186502,65367,65357,1.0001530647277832,frontier_exceeds_kth,14619116669145693551,1
54,sift_b7,64,48,65,444,396,529,0.57251082251082253,132,65,101,131,264,0,0,0,0,0,0,36720,36567,1.0041841268539429,frontier_exceeds_kth,13692215507514100462,1
55,sift_b7,64,73,64,490,417,450,0.51963048498845266,111,64,78,110,306,0,0,0,0,0,0,59805,59374,1.0072590112686157,frontier_exceeds_kth,17110638395207329257,1
56,sift_b7,64,85,64,999,914,368,0.28727556596409054,208,64,172,207,706,0,0.125,0.1875,0,0.0017464492372435559,0.0045949518474224212,47525,47442,1.0017495155334473,frontier_exceeds_kth,1284383844687022532,1
57,sift_b7,64,95,64,1074,979,433,0.30687455705173633,185,64,151,184,794,0.25,0.125,0.0625,0.0016752344507037628,0.0016752344507037628,0.0016752344507037628,60887,60785,1.0016779899597168,frontier_exceeds_kth,13604089524073043319,1
58,sift_b7,64,86,64,956,870,384,0.30646448523543496,152,64,125,151,718,0,0,0.125,0,0,0.0017065659888072153,104727,104710,1.0001623630523682,frontier_exceeds_kth,2069564074505897477,1
59,sift_b7,64,52,64,464,412,474,0.53559322033898304,130,64,99,129,282,0,0,0.0625,0,0,0.0022338403041825094,42080,41986,1.0022388696670532,frontier_exceeds_kth,14775542318077297405,1
60,sift_b7,64,98,64,977,879,405,0.31566640685892439,163,64,130,162,716,0,0,0,0,0,0,76176,76107,1.0009065866470337,frontier_exceeds_kth,11616990063987475080,1
61,sift_b7,64,78,65,735,657,567,0.46361406377759606,150,65,117,149,507,0,0,0,0,0,0,58483,57245,1.021626353263855,frontier_exceeds_kth,11474640879177042949,1
62,sift_b7,64,73,64,476,403,394,0.49497487437185927,124,64,101,123,279,0,0,0,0,0,0,61288,61026,1.0042932033538818,frontier_exceeds_kth,16496157024853572280,1
63,sift_b7,64,98,68,823,725,538,0.42630744849445323,206,68,170,205,519,0.5,0.25,0.1875,0.0029264873389993865,0.0029264873389993865,0.0029614313000508176,57067,56898,1.0029702186584473,frontier_exceeds_kth,7767351316047105430,1
64,sift_b7,64,86,64,668,582,576,0.49783923941227309,136,64,107,135,446,0,0,0,0,0,0,76419,76282,1.0017960071563721,frontier_exceeds_kth,17894891355420144205,1
65,sift_b7,64,56,64,706,650,390,0.37536092396535131,152,64,124,151,498,0,0,0.125,0,0,0.003781345362876476,60126,60068,1.0009655952453613,frontier_exceeds_kth,7004557490576205459,1
66,sift_b7,64,107,64,641,534,504,0.48601735776277727,120,64,93,119,414,0,0,0,0,0,0,91665,91662,1.0000327825546265,frontier_exceeds_kth,6046318705466001943,1
67,sift_b7,64,84,64,773,689,551,0.44471347861178367,141,64,116,140,548,0,0,0.0625,0,0,0.0010228539150878586,65503,65436,1.0010238885879517,frontier_exceeds_kth,15389593089709545403,1
68,sift_b7,64,79,64,741,662,513,0.43696763202725725,146,64,117,145,516,0,0.25,0.125,0,0.004297801853427049,0.004297801853427049,44643,44482,1.0036194324493408,frontier_exceeds_kth,2614397265769205144,1
69,sift_b7,64,90,65,961,871,308,0.26146010186757218,210,65,165,209,661,0,0.125,0.25,0,0.00073969396542206719,0.0052315165902821282,90578,90511,1.0007402896881104,frontier_exceeds_kth,5704658453258741890,1
70,sift_b7,64,89,64,479,390,476,0.55028901734104041,124,64,98,123,266,0,0,0,0,0,0,26763,26651,1.0042024850845337,frontier_exceeds_kth,1768761240464068599,1
71,sift_b7,64,77,65,719,642,507,0.44163763066202089,182,65,151,181,460,0,0,0,0,0,0,81474,81380,1.0011550188064575,frontier_exceeds_kth,2698489768790565923,1
72,sift_b7,64,73,65,1068,995,246,0.19838709677419356,226,65,176,225,769,0,0,0.5,0,0,0.010461710140884364,113530,113504,1.0002291202545166,frontier_exceeds_kth,16463749147457136373,1
73,sift_b7,64,73,66,912,839,413,0.33013589128697041,153,66,120,152,686,0,0.5,0.3125,0,0.005248685416566163,0.0089872736360490594,103309,103101,1.0020174980163574,frontier_exceeds_kth,17156157319450156594,1
74,sift_b7,64,96,64,895,799,354,0.30729166666666669,165,64,121,164,634,0.5,0.375,0.1875,0.00402425681063739,0.00531550386161169,0.0053891882882382358,53923,53706,1.0040404796600342,frontier_exceeds_kth,2148740302500681096,1
75,sift_b7,64,74,67,1024,950,393,0.29284649776453053,220,67,177,219,730,0.5,0.25,0.25,0.0017302738944926167,0.0017302738944926167,0.0022109328171214639,101718,101542,1.0017333030700684,frontier_exceeds_kth,6376332446664597006,1
76,sift_b7,64,44,65,865,821,493,0.37547600913937546,188,65,150,187,633,0,0,0,0,0,0,85625,85329,1.0034688711166382,frontier_exceeds_kth,5450460791336949435,1
77,sift_b7,64,96,65,988,892,482,0.3510560815731974,156,65,116,155,736,0.25,0.125,0.125,0.0031270383301999004,0.0031270383301999004,0.0064340959282593521,104599,103926,1.0064758062362671,frontier_exceeds_kth,17284724703738781232,1
78,sift_b7,64,113,65,1000,887,345,0.28025995125913888,214,65,167,213,673,0.5,0.5,0.6875,0,0.007350516597054298,0.018942480039107056,72312,72249,1.000872015953064,frontier_exceeds_kth,6090526373774708796,1
79,sift_b7,64,50,64,528,478,455,0.48819742489270385,136,64,105,135,342,0,0.25,0.1875,0,0.0033461990822800537,0.0068832326433594139,60263,60165,1.0016288757324219,frontier_exceeds_kth,7632188592533460727,1
80,sift_b7,64,64,64,938,874,401,0.31475667189952905,189,64,147,188,685,0,0,0.3125,0,0,0.0074222480587966613,96088,95617,1.0049258470535278,frontier_exceeds_kth,659993394905691276,1
81,sift_b7,64,72,64,1125,1053,364,0.25706214689265539,196,64,153,195,857,0,0,0.0625,0,0,0.00019096319714828291,94259,94241,1.0001909732818604,frontier_exceeds_kth,16034020943511553766,1
82,sift_b7,64,54,67,1214,1160,409,0.26084183673469385,170,67,131,169,990,0.75,0.375,0.1875,6.8487677925279942e-05,0.0023574161807580177,0.0023574161807580177,87649,87601,1.0005478858947754,frontier_exceeds_kth,11985053483759782468,1
83,sift_b7,64,92,64,834,742,398,0.34942932396839332,144,64,113,143,598,0,0,0,0,0,0,69526,69280,1.0035507678985596,frontier_exceeds_kth,4200571384534410869,1
84,sift_b7,64,100,67,1113,1013,386,0.27610872675250359,192,67,152,191,821,0.75,0.5,0.4375,0.00083926648109552255,0.0027920872248049029,0.0098143861156933139,71491,71431,1.0008399486541748,frontier_exceeds_kth,10683910075995607773,1
85,sift_b7,64,67,67,696,629,557,0.47004219409282699,203,67,171,202,426,0,0,0,0,0,0,144487,144430,1.0003947019577026,frontier_exceeds_kth,17769788439914884162,1
86,sift_b7,64,112,64,688,576,598,0.50980392156862742,134,64,107,133,442,0,0,0,0,0,0,78420,77850,1.0073217153549194,frontier_exceeds_kth,16762794172857291035,1
87,sift_b7,64,67,64,490,423,649,0.6059757236227824,115,64,95,114,308,0,0,0,0,0,0,81944,81841,1.0012584924697876,frontier_exceeds_kth,11995496412759756288,1
88,sift_b7,64,107,65,556,449,536,0.54471544715447151,111,65,78,110,338,0.25,0.125,0.0625,0.001465062566789617,0.001465062566789617,0.001465062566789617,58266,57933,1.0057480335235596,frontier_exceeds_kth,8086157728693214392,1
89,sift_b7,64,85,64,696,611,533,0.4663167104111986,156,64,125,155,455,0,0,0.1875,0,0,0.0042894140498543221,49308,49212,1.001950740814209,frontier_exceeds_kth,18262508218858747196,1
90,sift_b7,64,84,64,688,604,563,0.48284734133790735,141,64,112,140,463,0,0,0,0,0,0,26836,26798,1.0014179944992065,frontier_exceeds_kth,5724941394750641115,1
91,sift_b7,64,82,65,829,747,474,0.38852459016393442,189,65,157,188,558,0,0,0.0625,0,0,0.00060374320788891128,114287,114218,1.0006041526794434,frontier_exceeds_kth,16397109666908037758,1
92,sift_b7,64,81,66,934,853,402,0.32057416267942584,169,66,133,168,684,0.25,0.125,0.0625,0.00050721671501539444,0.00050721671501539444,0.00050721671501539444,112386,112321,1.0005786418914795,frontier_exceeds_kth,18108232611534735058,1
93,sift_b7,64,101,64,836,735,359,0.32845379688929549,163,64,124,162,572,0,0,0,0,0,0,64655,64583,1.0011148452758789,frontier_exceeds_kth,14836546314162765455,1
94,sift_b7,64,90,67,532,442,418,0.48661233993015135,169,67,129,168,273,0,0,0.0625,0,0,0.0026819877701357684,83893,83668,1.0026892423629761,frontier_exceeds_kth,16217956154688858107,1
95,sift_b7,64,134,64,1025,891,458,0.33976261127596441,159,64,123,158,732,0,0,0.0625,0,0,0.0003620195119234375,107729,107690,1.0003621578216553,frontier_exceeds_kth,10235241391843127086,1
96,sift_b7,64,67,65,977,910,344,0.27454110135674381,187,65,146,186,723,0,0.125,0.0625,0,0.0071782888939494454,0.0071782888939494454,100999,100274,1.0072301626205444,frontier_exceeds_kth,9176740947465258598,1
97,sift_b7,64,77,64,821,744,532,0.4172549019607843,152,64,118,151,592,0,0.125,0.3125,0,0,0.011040208658948144,99499,99342,1.0015803575515747,frontier_exceeds_kth,15945425585930303023,1
98,sift_b7,64,107,64,520,413,593,0.59004975124378112,120,64,95,119,293,0,0.125,0.125,0,0.0041636163982430455,0.006889943420332177,21856,21765,1.0041810274124146,frontier_exceeds_kth,15680413262549332045,1
99,sift_b7,64,101,65,964,863,457,0.34647460197119029,166,65,132,165,697,0.25,0.125,0.125,0.0012163923347975093,0.0012163923347975093,0.0036499162156435985,103585,103459,1.0012178421020508,frontier_exceeds_kth,18243266804307244802,1
100,sift_b7,64,100,64,777,677,372,0.35496183206106868,162,64,126,161,515,0,0,0.0625,0,0,0.002777736516094532,67321,67134,1.0027854442596436,frontier_exceeds_kth,16865712575561769891,1
101,sift_b7,64,72,65,788,716,475,0.39915966386554624,171,65,136,170,545,0,0.125,0.125,0,0.0025001126176854814,0.0070179372197309419,88796,88574,1.0025063753128052,frontier_exceeds_kth,4049546744527841207,1
102,sift_b7,64,65,65,982,917,387,0.29700690713737526,186,65,146,185,731,0,0,0.0625,0,0,0.00047498995213562792,82107,82068,1.0004751682281494,frontier_exceeds_kth,2923922408754802660,1
103,sift_b7,64,90,66,1049,959,405,0.29713866471019812,196,66,160,195,763,0,0.125,0.0625,0,0.0010321072396727101,0.0010321072396727101,80419,80335,1.0010455846786499,frontier_exceeds_kth,945475453210428445,1
104,sift_b7,64,86,65,778,692,531,0.43453355155482815,144,65,118,143,548,0,0,0,0,0,0,42456,42453,1.0000706911087036,frontier_exceeds_kth,7223669273841903843,1
105,sift_b7,64,75,64,897,822,448,0.35303388494877858,170,64,132,169,652,0,0.125,0.25,0,0,0.00446993233701325,81102,81069,1.0004070997238159,frontier_exceeds_kth,9988196741767603463,1
106,sift_b7,64,108,64,649,541,498,0.47976878612716761,145,64,109,144,396,0,0,0,0,0,0,33588,33536,1.001550555229187,frontier_exceeds_kth,17520297171954903999,1
107,sift_b7,64,110,64,625,515,420,0.44967880085653106,135,64,104,134,380,0,0,0,0,0,0,67611,67565,1.0006808042526245,frontier_exceeds_kth,4909823108810272274,1
108,sift_b7,64,59,64,368,309,532,0.6333333333333333,99,64,66,98,210,0,0,0.0625,0,0,0.012569690826153066,19730,19482,1.0127296447753906,frontier_exceeds_kth,916234062230493622,1
109,sift_b7,64,49,65,752,703,420,0.37433155080213903,194,65,160,193,509,0.25,0.375,0.3125,0,0.0097802070008140476,0.014250984024079648,85792,85149,1.0075514316558838,frontier_exceeds_kth,3829683236299491140,1
110,sift_b7,64,56,64,674,618,412,0.40038872691933919,145,64,120,144,473,0,0.125,0.125,0,0.0011750615777461415,0.008434843080512372,44253,44201,1.0011764764785767,frontier_exceeds_kth,3159356092890820148,1
111,sift_b7,64,68,67,1116,1048,265,0.20198170731707318,230,67,177,229,818,0.5,0.25,0.4375,0.00052616528452959681,0.00052616528452959681,0.009465617702405513,87476,87379,1.0011100769042969,frontier_exceeds_kth,9433581562901218095,1
112,sift_b7,64,75,64,625,550,626,0.53276595744680855,100,64,78,99,450,0,0,0,0,0,0,83911,82855,1.0127451419830322,frontier_exceeds_kth,8643555603097902571,1
113,sift_b7,64,78,65,1011,933,445,0.32316630355846043,189,65,155,188,744,0,0,0.125,0,0,0.0092330543345175726,99010,98722,1.0029172897338867,frontier_exceeds_kth,4826144631605801942,1
114,sift_b7,64,113,64,765,652,542,0.45431684828164293,152,64,124,151,500,0.25,0.125,0.0625,0.00094756790903348072,0.00094756790903348072,0.00094756790903348072,85482,85401,1.000948429107666,frontier_exceeds_kth,2074123824060991097,1
115,sift_b7,64,88,64,1120,1032,376,0.26723525230987916,190,64,158,189,842,0.25,0.25,0.125,0.0019940179461615153,0.0070603337612323491,0.0070603337612323491,68204,68068,1.0019979476928711,frontier_exceeds_kth,14100615698202656309,1
116,sift_b7,64,87,64,429,342,504,0.59644970414201182,124,64,101,123,218,0,0,0.0625,0,0,0.0078547610226009628,13495,13389,1.0079169273376465,frontier_exceeds_kth,6364225694575793620,1
117,sift_b7,64,117,70,1295,1178,342,0.22514812376563528,200,70,147,199,978,0.25,0.875,0.5,0,0.0068704512372634646,0.0093736932583747615,86088,85285,1.0094155073165894,frontier_exceeds_kth,7244577911384297591,1
118,sift_b7,64,105,64,1053,948,365,0.27820121951219512,189,64,144,188,759,0.25,0.125,0.1875,0,0.0055087443912985529,0.0064503720799491075,67529,67157,1.0055392980575562,frontier_exceeds_kth,9030948355744896899,1
119,sift_b7,64,71,64,396,325,421,0.56510067114093965,112,64,78,111,213,0.25,0.125,0.0625,0.0019181412940699717,0.0019181412940699717,0.0019181412940699717,37015,36944,1.0019217729568481,frontier_exceeds_kth,9855597921219001370,1
120,sift_b7,64,62,69,1047,985,458,0.31761442441054094,236,69,189,235,749,0.25,0.125,0.25,0.0001968794605502781,0.0001968794605502781,0.0049085885603433075,101664,101565,1.0009747743606567,frontier_exceeds_kth,9059346713747148592,1
121,sift_b7,64,75,64,822,747,422,0.3613013698630137,168,64,129,167,579,0,0,0.125,0,0,0.004126735771562683,102073,101838,1.0023075342178345,frontier_exceeds_kth,8990004317393736525,1
122,sift_b7,64,94,64,977,883,400,0.31201248049921998,162,64,126,161,721,0.25,0.25,0.1875,0.0027848460689986567,0.0046002572655721979,0.0055217329746566615,91567,91312,1.0027925968170166,frontier_exceeds_kth,9135160708578289177,1
123,sift_b7,64,68,64,724,656,452,0.40831074977416443,137,64,107,136,519,0,0,0,0,0,0,81206,81179,1.0003325939178467,frontier_exceeds_kth,9537270708360273228,1
124,sift_b7,64,118,64,931,813,536,0.39762611275964393,158,64,132,157,655,0,0,0.0625,0,0,0.00090961406374723871,53869,53820,1.0009104013442993,frontier_exceeds_kth,1352529270362561371,1
125,sift_b7,64,103,64,1006,903,441,0.32836932241250932,153,64,118,152,750,0.25,0.125,0.0625,0,0.0030882249725101185,0.0030882249725101185,42743,42611,1.0030977725982666,frontier_exceeds_kth,17360797038834261555,1
126,sift_b7,64,83,64,1059,976,318,0.24593967517401391,185,64,146,184,791,0.25,0.5,0.3125,0,0.0013489753849884806,0.0035389664403139699,65944,65887,1.00086510181427,frontier_exceeds_kth,6858476238407532344,1
127,sift_b7,64,59,64,977,918,465,0.33646888567293776,177,64,143,176,741,0.25,0.125,0.1875,4.4744063954182076e-05,4.4744063954182076e-05,0.00043235829084294959,67048,67045,1.0000447034835815,frontier_exceeds_kth,16773150421718725360,1
128,sift_b7,64,84,65,869,785,463,0.37129109863672816,163,65,129,162,622,0,0.25,0.25,0,0.0014987297351634894,0.0030839416058394162,54677,54631,1.0008419752120972,frontier_exceeds_kth,16664046485944471575,1
129,sift_b7,64,111,64,724,613,499,0.44914491449144917,140,64,112,139,473,0,0,0,0,0,0,106139,105804,1.0031661987304688,frontier_exceeds_kth,2166902563867548194,1
130,sift_b7,64,94,64,1068,974,301,0.23626373626373626,191,64,140,190,783,0.25,0.25,0.625,0,6.3628843863906996e-05,0.010701823806611749,110013,110006,1.0000636577606201,frontier_exceeds_kth,17108483707794474890,1
131,sift_b7,64,101,65,943,842,452,0.34957463263727767,176,65,139,175,666,0.25,0.25,0.25,0,0.0074863760956002641,0.0084102741727732251,91788,91610,1.0019429922103882,frontier_exceeds_kth,13228264482289359528,1
132,sift_b7,64,58,65,1146,1088,400,0.26899798251513113,171,65,132,170,917,0,0,0.1875,0,0,0.0051269109697299736,74935,74903,1.00042724609375,frontier_exceeds_kth,1890504780146106923,1
133,sift_b7,64,74,65,1076,1002,315,0.23936170212765959,205,65,164,204,797,0,0,0.125,0,0,0.0025176202257133776,160262,160065,1.0012307167053223,frontier_exceeds_kth,16727899664444665656,1
134,sift_b7,64,53,64,489,436,443,0.50455580865603644,142,64,110,141,294,0,0,0,0,0,0,59016,58857,1.0027015209197998,frontier_exceeds_kth,4117388440918048544,1
135,sift_b7,64,80,64,1026,946,422,0.30870519385515727,180,64,140,179,766,0,0.375,0.1875,0,0.012552420620203692,0.012552420620203692,69516,69226,1.004189133644104,frontier_exceeds_kth,14532806583537836840,1
136,sift_b7,64,83,64,1032,949,367,0.27908745247148287,174,64,135,173,775,0.25,0.375,0.3125,0.0012064049133581926,0.0025737911395870981,0.0073302994795214869,72944,72856,1.0012078285217285,frontier_exceeds_kth,16842788191430503208,1
137,sift_b7,64,111,67,1072,961,295,0.23505976095617531,228,67,177,227,733,0.25,0.25,0.3125,0,0.0050187953551015484,0.007094569745438011,148977,148490,1.0032796859741211,frontier_exceeds_kth,6899850960597669431,1
138,sift_b7,64,137,64,963,826,473,0.36440677966101692,149,64,112,148,677,0.25,0.125,0.3125,0,0.001913211475517458,0.0071925667481388886,106627,106423,1.0019168853759766,frontier_exceeds_kth,2549579694122374245,1
139,sift_b7,64,92,64,906,814,423,0.34223300970873788,148,64,111,147,666,0,0.25,0.3125,0,0.0045849025708203702,0.010659939783546261,48856,48632,1.0046060085296631,frontier_exceeds_kth,14327943708190351979,1
140,sift_b7,64,145,71,1156,1011,415,0.29122807017543861,242,71,194,241,769,0.5,0.5,0.5,0.0017822321934036441,0.0062308872491206833,0.010022873778332294,95386,95216,1.0017853975296021,frontier_exceeds_kth,8004429601052149148,1
141,sift_b7,64,62,64,705,643,520,0.44750430292598969,145,64,115,144,498,0,0,0.0625,0,0,0.0010133066087634319,89805,89714,1.0010143518447876,frontier_exceeds_kth,13875971944742109966,1
142,sift_b7,64,82,64,1101,1019,376,0.26972740315638449,204,64,162,203,815,0.5,0.25,0.1875,0.003287665084547974,0.003287665084547974,0.003287665084547974,88917,88828,1.0010019540786743,frontier_exceeds_kth,5710865176523491770,1
143,sift_b7,64,136,64,800,664,602,0.47588932806324108,148,64,120,147,516,0,0,0,0,0,0,76461,76312,1.0019525289535522,frontier_exceeds_kth,6859678805587304211,1
144,sift_b7,64,114,64,880,766,456,0.37346437346437344,154,64,116,153,612,0,0,0,0,0,0,91134,90974,1.0017586946487427,frontier_exceeds_kth,6537962220194339320,1
145,sift_b7,64,82,64,792,710,536,0.43052208835341366,157,64,132,156,553,0.25,0.125,0.0625,0,0.0012874257868193135,0.0012874257868193135,93986,93865,1.0012891292572021,frontier_exceeds_kth,425143220594688086,1
146,sift_b7,64,94,64,1100,1006,431,0.30013927576601673,204,64,170,203,802,0.25,0.25,0.3125,0,0.0017862907564833745,0.0067349801376976864,92843,92764,1.0008516311645508,frontier_exceeds_kth,2706967885272255610,1
147,sift_b7,64,90,64,1036,946,384,0.28893905191873587,193,64,150,192,753,0.25,0.75,0.4375,0,0.0059879387836377085,0.014023504183067395,69958,69887,1.0010159015655518,frontier_exceeds_kth,8060746492432776178,1
148,sift_b7,64,71,64,893,822,436,0.34685759745425615,154,64,118,153,668,0,0,0.0625,0,0,0.00043969242978326382,93247,93206,1.0004398822784424,frontier_exceeds_kth,7259071647672821425,1
149,sift_b7,64,72,68,988,916,483,0.34549356223175964,224,68,190,223,692,0.25,0.125,0.0625,0.0061836317794504662,0.0061836317794504662,0.0061836317794504662,108986,108002,1.0091109275817871,frontier_exceeds_kth,10456271404241527893,1
150,sift_b7,64,110,65,1079,969,340,0.25993883792048927,211,65,166,210,758,0.5,0.5,0.375,0.0025800645016125401,0.00314828418511911,0.005206385302434135,66665,66493,1.0025867223739624,frontier_exceeds_kth,5885173358431931342,1
151,sift_b7,64,82,64,539,457,477,0.5112540192926045,135,64,106,134,322,0,0,0.0625,0,0,0.0079070157302115057,35791,35508,1.0079699754714966,frontier_exceeds_kth,7160716332183540188,1
152,sift_b7,64,67,64,977,910,417,0.31447963800904977,166,64,129,165,744,0,0,0.0625,0,0,0.00040788579197824609,102970,102928,1.0004080533981323,frontier_exceeds_kth,17372150597423032324,1
153,sift_b7,64,72,68,991,919,436,0.32200886262924666,188,68,146,187,731,0.5,0.375,0.1875,0.011970719785499887,0.013819318625883691,0.013819318625883691,84447,83280,1.0140129327774048,frontier_exceeds_kth,4592454386007981680,1
154,sift_b7,64,112,69,975,863,376,0.30371567043618741,222,69,177,221,641,0.25,0.125,0.25,0.00063243314278204872,0.00063243314278204872,0.005167324846492842,121963,121675,1.0023670196533203,frontier_exceeds_kth,6045371386697838871,1
155,sift_b7,64,101,65,1080,979,302,0.23593749999999999,198,65,156,197,781,0,0.125,0.1875,0,0.00058699411419415226,0.00175891739426688,63033,62996,1.0005873441696167,frontier_exceeds_kth,6204412288111309818,1
156,sift_b7,64,81,64,1027,946,312,0.24821002386634844,221,64,166,220,725,0,0.25,0.6875,0,0.007753020884263463,0.019362855071963551,85902,85236,1.007813572883606,frontier_exceeds_kth,8606983337146174430,1
157,sift_b7,64,74,66,1063,989,343,0.25770097670924119,199,66,152,198,790,0.5,0.5,0.4375,0.0036825363303987437,0.0045759649747464754,0.0060047405846721099,75763,75484,1.0036962032318115,frontier_exceeds_kth,4457802050215327675,1
158,sift_b7,64,87,64,1052,965,316,0.24687500000000001,167,64,126,166,798,0.25,0.125,0.3125,6.0998856271444911e-05,6.0998856271444911e-05,0.0060482037289677128,65575,65571,1.00006103515625,frontier_exceeds_kth,5017683025019910390,1
159,sift_b7,64,93,64,1121,1028,404,0.28232005590496156,186,64,142,185,842,0,0.125,0.4375,0,0.001323085435234968,0.0052475828770651876,83139,83029,1.0013248920440674,frontier_exceeds_kth,11801586044504961532,1
160,sift_b7,64,61,69,1115,1054,386,0.26824183460736623,194,69,149,193,860,0.5,0.625,0.375,0,0.0052703396301999224,0.0071099226530382739,80029,79460,1.0071607828140259,frontier_exceeds_kth,6005034880118265431,1
161,sift_b7,64,110,64,1068,958,456,0.32271762208067939,174,64,144,173,784,0,0,0.125,0,0,0.00044590132324230517,82978,82941,1.000446081161499,frontier_exceeds_kth,7784436584416217325,1
162,sift_b7,64,66,65,1141,1075,330,0.23504273504273504,202,65,160,201,873,0.25,0.25,0.25,0.00044798609885559915,0.0011395393005399245,0.0030465100534831763,73663,73630,1.0004482269287109,frontier_exceeds_kth,5543469962515877993,1
163,sift_b7,64,76,67,1074,998,286,0.22291504286827749,194,67,141,193,804,0.5,0.375,0.3125,0.0029591989239276641,0.0030188002510685356,0.0066706372840976769,66914,66712,1.0030279159545898,frontier_exceeds_kth,4252467786875701035,1
164,sift_b7,64,90,67,1008,918,389,0.29785604900459417,192,67,160,191,726,0.5,0.25,0.25,0.0057956129410901619,0.0057956129410901619,0.0080333778615477511,54610,54208,1.0074158906936646,frontier_exceeds_kth,10963009632540219633,1
165,sift_b7,64,84,64,974,890,565,0.38858321870701512,150,64,115,149,740,0,0.125,0.0625,0,0.0022097788075776106,0.0022097788075776106,46611,46508,1.0022146701812744,frontier_exceeds_kth,11097375763941297160,1
166,sift_b7,64,74,65,1007,933,362,0.27975270479134468,214,65,173,213,719,0,0,0.1875,0,0,0.0097578991359788519,102235,101887,1.003415584564209,frontier_exceeds_kth,6392673658607050177,1
167,sift_b7,64,143,64,1066,923,360,0.28081123244929795,187,64,145,186,736,0,0.125,0.125,0,0,0.0043702820818434648,65292,65156,1.0020873546600342,frontier_exceeds_kth,15139521678821073499,1
168,sift_b7,64,59,64,898,839,547,0.39494584837545127,170,64,141,169,669,0,0.125,0.0625,0,0.0031163501925943133,0.0031163501925943133,51663,51502,1.0031261444091797,frontier_exceeds_kth,4536580835316289970,1
169,sift_b7,64,92,64,911,819,473,0.36638264910921764,160,64,127,159,659,0,0.125,0.0625,0,0.0016046399226679554,0.0016046399226679554,51725,51642,1.0016071796417236,frontier_exceeds_kth,6422822188389626704,1
170,sift_b7,64,77,66,1024,947,478,0.3356741573033708,204,66,168,203,743,0,0.125,0.25,0,0,0.0059231338762872716,59132,59076,1.0009479522705078,frontier_exceeds_kth,8914985823082773544,1
171,sift_b7,64,89,67,1089,1000,363,0.26651982378854627,203,67,156,202,797,0.25,0.25,0.25,5.8995657919577122e-05,0.0031641102851228003,0.0092010194776346241,85016,84747,1.0031741857528687,frontier_exceeds_kth,6002499298334290924,1
172,sift_b7,64,96,65,1139,1043,347,0.2498200143988481,191,65,152,190,852,0,0,0.3125,0,0,0.0028372380470812965,71012,70994,1.0002535581588745,frontier_exceeds_kth,16350517238453702206,1
173,sift_b7,64,67,65,931,864,366,0.29780309194467047,190,65,146,189,674,0.5,0.25,0.1875,0.0025695543082860568,0.0025695543082860568,0.0025695543082860568,99239,98984,1.0025762319564819,frontier_exceeds_kth,2397283857753529254,1
174,sift_b7,64,82,64,1006,924,456,0.33067440174039159,183,64,143,182,741,0.5,0.25,0.125,0.0004646502780641508,0.0012767500906782736,0.0012767500906782736,68869,68837,1.000464916229248,frontier_exceeds_kth,677396668241590502,1
175,sift_b7,64,78,64,1015,937,446,0.3227206946454414,174,64,146,173,763,0,0.125,0.0625,0,0.00082417582417582418,0.00082417582417582418,65520,65466,1.0008248090744019,frontier_exceeds_kth,2611547631118248532,1
176,sift_b7,64,78,64,1040,962,392,0.28972653362897266,199,64,157,198,763,0.25,0.25,0.3125,0,0.0013278609367455335,0.0070692159051356836,82735,82730,1.0000604391098022,frontier_exceeds_kth,10105848465219924575,1
177,sift_b7,64,70,64,1071,1001,443,0.306999306999307,182,64,142,181,819,0,0.125,0.3125,0,0.00056467791069173044,0.0038508820000888663,67295,67257,1.0005650520324707,frontier_exceeds_kth,801362423018739109,1
178,sift_b7,64,76,64,964,888,387,0.30376766091051804,149,64,116,148,739,0.25,0.125,0.125,0.0064777959884492311,0.0064777959884492311,0.0080390654424083424,76878,76380,1.0065200328826904,frontier_exceeds_kth,16164828185719739284,1
179,sift_b7,64,92,65,982,890,313,0.26039933444259566,162,65,123,161,728,0.25,0.125,0.1875,0.0039483182815975961,0.0039483182815975961,0.0058961917365093364,68010,67609,1.0059311389923096,frontier_exceeds_kth,12625242811461712436,1
180,sift_b7,64,81,66,943,862,565,0.39621318373071529,196,66,161,195,666,0.25,0.375,0.1875,0.0006320509456913206,0.0058839579107204292,0.0058839579107204292,83854,83801,1.0006324052810669,frontier_exceeds_kth,2693538794992137281,1
181,sift_b7,64,68,68,1001,933,378,0.28854961832061071,183,68,138,182,750,0.5,0.5,0.375,0.00083166999334664002,0.0045021405883165309,0.0067791005291005287,72482,72084,1.005521297454834,frontier_exceeds_kth,10481360620709007531,1
182,sift_b7,64,156,64,1060,904,487,0.35035971223021584,170,64,134,169,734,0,0,0.0625,0,0,0.0030413247762453915,80557,80312,1.0030505657196045,frontier_exceeds_kth,12772338829747577580,1
183,sift_b7,64,58,66,1005,947,371,0.28170083523158695,219,66,177,218,728,0,0.125,0.125,0,0.00068773898929878137,0.00068773898929878137,72702,72652,1.0006881952285767,frontier_exceeds_kth,11788282841108321430,1
184,sift_b7,64,111,64,1045,934,416,0.30837657524091922,154,64,114,153,780,0,0.125,0.125,0,0,0.0012915595914943477,75103,75006,1.0012931823730469,frontier_exceeds_kth,971177331988084693,1
185,sift_b7,64,96,64,407,311,539,0.63486454652532387,113,64,90,112,198,0,0,0,0,0,0,18104,18021,1.004605770111084,frontier_exceeds_kth,813691848338431521,1
186,sift_b7,64,75,65,710,635,549,0.46407438715131022,151,65,119,150,484,0,0,0,0,0,0,63461,63182,1.0044158697128296,frontier_exceeds_kth,11673618035158744931,1
187,sift_b7,64,103,64,1139,1036,371,0.26386913229018494,207,64,166,206,829,0,0.125,0.25,0,0.0025106549747709794,0.0069255623971224778,81652,81447,1.0025169849395752,frontier_exceeds_kth,10236722683041452090,1
188,sift_b7,64,91,65,945,854,346,0.28857381150959133,201,65,156,200,653,0,0,0.25,0,0,0.0052253177558094751,77707,77483,1.002890944480896,frontier_exceeds_kth,7032670485333928514,1
189,sift_b7,64,74,65,922,848,402,0.32185748598879105,157,65,124,156,691,0,0.25,0.3125,0,0.0010760966562264878,0.0053227633069082674,114272,114179,1.0008145570755005,frontier_exceeds_kth,858530342656666738,1
190,sift_b7,64,107,65,721,614,539,0.46788194444444442,158,65,125,157,456,0,0,0,0,0,0,101372,101185,1.0018481016159058,frontier_exceeds_kth,15504971580589889170,1
191,sift_b7,64,85,68,1226,1141,360,0.23999999999999999,224,68,171,223,917,0.25,0.5,0.5,0.0047603165458900577,0.0082984208830164351,0.010828729281767955,99206,98472,1.0074539184570312,frontier_exceeds_kth,12062161393519357117,1
192,sift_b7,64,51,74,1156,1105,273,0.19825708061002179,277,74,214,276,828,0.25,0.25,0.9375,0.0051790327643238283,0.0051790327643238283,0.018392119024645916,83119,82405,1.0086644887924194,frontier_exceeds_kth,18051740664585000042,1
193,sift_b7,64,68,65,1010,942,454,0.3254480286738351,194,65,153,193,748,0,0.125,0.0625,0,0.0004534550348136446,0.0004534550348136446,68364,68333,1.0004537105560303,frontier_exceeds_kth,7349981450474978472,1
194,sift_b7,64,54,65,970,916,471,0.33982683982683981,165,65,135,164,751,0,0,0.0625,0,0,0.0015229254673024277,110314,110146,1.0015252828598022,frontier_exceeds_kth,5527715761025177275,1
195,sift_b7,64,99,64,1082,983,335,0.25436598329536825,194,64,150,193,789,0,0.375,0.25,0,0.005644761432548915,0.011226153904501839,78657,78213,1.0056767463684082,frontier_exceeds_kth,919750547976133516,1
196,sift_b7,64,65,67,1169,1104,356,0.24400274160383825,223,67,180,222,881,0.25,0.25,0.125,0.00087429670544429705,0.005477572667424312,0.005477572667424312,97671,97136,1.0055077075958252,frontier_exceeds_kth,3079736732148344841,1
197,sift_b7,64,124,64,1095,971,393,0.28833455612619224,166,64,128,165,805,0.25,0.125,0.1875,0,0.0020652728199898013,0.0063217223519853758,78440,78278,1.0020695924758911,frontier_exceeds_kth,927078106635113901,1
198,sift_b7,64,50,66,569,519,406,0.43939393939393939,177,66,140,176,342,0.25,0.125,0.0625,0,0.00057851538489351706,0.00057851538489351706,55314,55282,1.0005788803100586,frontier_exceeds_kth,11960508725336546069,1
199,sift_b7,64,108,68,1199,1091,323,0.22859164897381457,226,68,176,225,865,0,0,0.3125,0,0,0.0041009337305138857,74754,74554,1.0026825666427612,frontier_exceeds_kth,8099210256795740055,1
