dataset,seed,order,query_id,query_split,stable_ef,right_censored,quality_oracle_ef,fixed_ef
arxiv_nomic_10k,17,lid_ascending,0,train_design,10,False,16,24
arxiv_nomic_10k,17,lid_ascending,1,train_design,24,False,24,24
arxiv_nomic_10k,17,lid_ascending,2,calibration,16,False,16,24
arxiv_nomic_10k,17,lid_ascending,3,calibration,10,False,10,24
arxiv_nomic_10k,17,lid_ascending,4,internal_audit,10,False,10,24
arxiv_nomic_10k,17,lid_ascending,5,calibration,10,False,10,24
arxiv_nomic_10k,17,lid_ascending,6,train_design,10,False,10,24
arxiv_nomic_10k,17,lid_ascending,7,internal_audit,10,False,10,24
arxiv_nomic_10k,17,lid_ascending,8,train_design,16,False,16,24
arxiv_nomic_10k,17,lid_ascending,9,train_design,24,False,24,24
arxiv_nomic_10k,17,lid_ascending,10,train_design,10,False,16,24
arxiv_nomic_10k,17,lid_ascending,11,internal_audit,24,False,24,24
arxiv_nomic_10k,17,lid_ascending,12,train_design,10,False,10,24
arxiv_nomic_10k,17,lid_ascending,13,internal_audit,10,False,16,24
arxiv_nomic_10k,17,lid_ascending,14,train_design,10,False,10,24
arxiv_nomic_10k,17,lid_ascending,15,internal_audit,10,False,10,24
arxiv_nomic_10k,17,lid_ascending,16,calibration,16,False,16,24
arxiv_nomic_10k,17,lid_ascending,17,internal_audit,16,False,16,24
arxiv_nomic_10k,17,lid_ascending,18,calibration,10,False,16,24
arxiv_nomic_10k,17,lid_ascending,19,train_design,10,False,16,24
arxiv_nomic_10k,17,lid_ascending,20,train_design,24,False,24,24
arxiv_nomic_10k,17,lid_ascending,21,internal_audit,24,False,24,24
arxiv_nomic_10k,17,lid_ascending,22,train_design,10,False,10,24
arxiv_nomic_10k,17,lid_ascending,23,internal_audit,64,False,16,24
arxiv_nomic_10k,17,lid_ascending,24,calibration,16,False,16,24
arxiv_nomic_10k,17,lid_ascending,25,train_design,10,False,24,24
arxiv_nomic_10k,17,lid_ascending,26,calibration,16,False,24,24
arxiv_nomic_10k,17,lid_ascending,27,calibration,24,False,24,24
arxiv_nomic_10k,17,lid_ascending,28,train_design,10,False,16,24
arxiv_nomic_10k,17,lid_ascending,29,calibration,10,False,10,24
arxiv_nomic_10k,17,lid_ascending,30,internal_audit,10,False,10,24
arxiv_nomic_10k,17,lid_ascending,31,train_design,24,False,24,24
arxiv_nomic_10k,17,lid_ascending,32,train_design,16,False,16,24
arxiv_nomic_10k,17,lid_ascending,33,calibration,24,False,24,24
arxiv_nomic_10k,17,lid_ascending,34,internal_audit,10,False,10,24
arxiv_nomic_10k,17,lid_ascending,35,train_design,16,False,24,24
arxiv_nomic_10k,17,lid_ascending,36,internal_audit,10,False,10,24
arxiv_nomic_10k,17,lid_ascending,37,train_design,48,False,16,24
arxiv_nomic_10k,17,lid_ascending,38,internal_audit,48,False,10,24
arxiv_nomic_10k,17,lid_ascending,39,calibration,16,False,16,24
arxiv_nomic_10k,17,lid_ascending,40,train_design,10,False,16,24
arxiv_nomic_10k,17,lid_ascending,41,internal_audit,10,False,16,24
arxiv_nomic_10k,17,lid_ascending,42,train_design,10,False,10,24
arxiv_nomic_10k,17,lid_ascending,43,train_design,10,False,10,24
arxiv_nomic_10k,17,lid_ascending,44,train_design,10,False,10,24
arxiv_nomic_10k,17,lid_ascending,45,internal_audit,10,False,24,24
arxiv_nomic_10k,17,lid_ascending,46,calibration,10,False,10,24
arxiv_nomic_10k,17,lid_ascending,47,train_design,10,False,10,24
arxiv_nomic_10k,17,lid_ascending,48,train_design,48,False,16,24
arxiv_nomic_10k,17,lid_ascending,49,internal_audit,10,False,16,24
arxiv_nomic_10k,17,lid_ascending,50,train_design,16,False,16,24
arxiv_nomic_10k,17,lid_ascending,51,calibration,10,False,16,24
arxiv_nomic_10k,17,lid_ascending,52,calibration,10,False,16,24
arxiv_nomic_10k,17,lid_ascending,53,train_design,10,False,10,24
arxiv_nomic_10k,17,lid_ascending,54,train_design,32,False,10,24
arxiv_nomic_10k,17,lid_ascending,55,calibration,16,False,16,24
arxiv_nomic_10k,17,lid_ascending,56,train_design,10,False,16,24
arxiv_nomic_10k,17,lid_ascending,57,calibration,16,False,16,24
arxiv_nomic_10k,17,lid_ascending,58,calibration,10,False,10,24
arxiv_nomic_10k,17,lid_ascending,59,calibration,10,False,24,24
arxiv_nomic_10k,17,lid_ascending,60,train_design,16,False,16,24
arxiv_nomic_10k,17,lid_ascending,61,train_design,24,False,24,24
arxiv_nomic_10k,17,lid_ascending,62,train_design,10,False,10,24
arxiv_nomic_10k,17,lid_ascending,63,internal_audit,10,False,10,24
arxiv_nomic_10k,17,lid_ascending,64,train_design,10,False,10,24
arxiv_nomic_10k,17,lid_ascending,65,calibration,10,False,10,24
arxiv_nomic_10k,17,lid_ascending,66,calibration,16,False,16,24
arxiv_nomic_10k,17,lid_ascending,67,train_design,10,False,10,24
arxiv_nomic_10k,17,lid_ascending,68,calibration,32,False,24,24
arxiv_nomic_10k,17,lid_ascending,69,calibration,10,False,10,24
arxiv_nomic_10k,17,lid_ascending,70,train_design,10,False,10,24
arxiv_nomic_10k,17,lid_ascending,71,calibration,10,False,16,24
arxiv_nomic_10k,17,lid_ascending,72,train_design,10,False,10,24
arxiv_nomic_10k,17,lid_ascending,73,internal_audit,10,False,10,24
arxiv_nomic_10k,17,lid_ascending,74,calibration,10,False,10,24
arxiv_nomic_10k,17,lid_ascending,75,train_design,10,False,10,24
arxiv_nomic_10k,17,lid_ascending,76,train_design,10,False,16,24
arxiv_nomic_10k,17,lid_ascending,77,calibration,24,False,24,24
arxiv_nomic_10k,17,lid_ascending,78,calibration,16,False,16,24
arxiv_nomic_10k,17,lid_ascending,79,calibration,24,False,24,24
arxiv_nomic_10k,17,lid_ascending,80,train_design,10,False,16,24
arxiv_nomic_10k,17,lid_ascending,81,internal_audit,10,False,24,24
arxiv_nomic_10k,17,lid_ascending,82,train_design,10,False,10,24
arxiv_nomic_10k,17,lid_ascending,83,train_design,16,False,16,24
arxiv_nomic_10k,17,lid_ascending,84,train_design,16,False,16,24
arxiv_nomic_10k,17,lid_ascending,85,internal_audit,10,False,10,24
arxiv_nomic_10k,17,lid_ascending,86,internal_audit,10,False,10,24
arxiv_nomic_10k,17,lid_ascending,87,calibration,10,False,10,24
arxiv_nomic_10k,17,lid_ascending,88,internal_audit,10,False,10,24
arxiv_nomic_10k,17,lid_ascending,89,train_design,24,False,24,24
arxiv_nomic_10k,17,lid_ascending,90,calibration,10,False,10,24
arxiv_nomic_10k,17,lid_ascending,91,train_design,24,False,24,24
arxiv_nomic_10k,17,lid_ascending,92,internal_audit,10,False,10,24
arxiv_nomic_10k,17,lid_ascending,93,internal_audit,16,False,16,24
arxiv_nomic_10k,17,lid_ascending,94,calibration,10,False,10,24
arxiv_nomic_10k,17,lid_ascending,95,train_design,16,False,16,24
arxiv_nomic_10k,17,lid_ascending,96,internal_audit,16,False,24,24
arxiv_nomic_10k,17,lid_ascending,97,calibration,16,False,24,24
arxiv_nomic_10k,17,lid_ascending,98,train_design,10,False,10,24
arxiv_nomic_10k,17,lid_ascending,99,internal_audit,10,False,10,24
arxiv_nomic_10k,17,lid_ascending,100,train_design,10,False,10,24
arxiv_nomic_10k,17,lid_ascending,101,calibration,10,False,16,24
arxiv_nomic_10k,17,lid_ascending,102,train_design,16,False,24,24
arxiv_nomic_10k,17,lid_ascending,103,calibration,10,False,10,24
arxiv_nomic_10k,17,lid_ascending,104,internal_audit,10,False,10,24
arxiv_nomic_10k,17,lid_ascending,105,calibration,10,False,24,24
arxiv_nomic_10k,17,lid_ascending,106,train_design,10,False,16,24
arxiv_nomic_10k,17,lid_ascending,107,train_design,10,False,16,24
arxiv_nomic_10k,17,lid_ascending,108,train_design,16,False,16,24
arxiv_nomic_10k,17,lid_ascending,109,internal_audit,16,False,16,24
arxiv_nomic_10k,17,lid_ascending,110,calibration,48,False,10,24
arxiv_nomic_10k,17,lid_ascending,111,train_design,10,False,10,24
arxiv_nomic_10k,17,lid_ascending,112,train_design,10,False,10,24
arxiv_nomic_10k,17,lid_ascending,113,calibration,10,False,10,24
arxiv_nomic_10k,17,lid_ascending,114,internal_audit,10,False,16,24
arxiv_nomic_10k,17,lid_ascending,115,internal_audit,10,False,16,24
arxiv_nomic_10k,17,lid_ascending,116,train_design,10,False,10,24
arxiv_nomic_10k,17,lid_ascending,117,train_design,10,False,10,24
arxiv_nomic_10k,17,lid_ascending,118,internal_audit,10,False,10,24
arxiv_nomic_10k,17,lid_ascending,119,calibration,10,False,10,24
arxiv_nomic_10k,17,lid_ascending,120,internal_audit,10,False,10,24
arxiv_nomic_10k,17,lid_ascending,121,train_design,10,False,10,24
arxiv_nomic_10k,17,lid_ascending,122,calibration,24,False,24,24
arxiv_nomic_10k,17,lid_ascending,123,train_design,10,False,24,24
arxiv_nomic_10k,17,lid_ascending,124,train_design,64,False,24,24
arxiv_nomic_10k,17,lid_ascending,125,internal_audit,10,False,16,24
arxiv_nomic_10k,17,lid_ascending,126,internal_audit,32,False,16,24
arxiv_nomic_10k,17,lid_ascending,127,train_design,10,False,10,24
arxiv_nomic_10k,17,lid_ascending,128,internal_audit,10,False,16,24
arxiv_nomic_10k,17,lid_ascending,129,calibration,24,False,24,24
arxiv_nomic_10k,17,lid_ascending,130,internal_audit,16,False,16,24
arxiv_nomic_10k,17,lid_ascending,131,train_design,10,False,10,24
arxiv_nomic_10k,17,lid_ascending,132,calibration,10,False,16,24
arxiv_nomic_10k,17,lid_ascending,133,train_design,10,False,10,24
arxiv_nomic_10k,17,lid_ascending,134,internal_audit,10,False,10,24
arxiv_nomic_10k,17,lid_ascending,135,internal_audit,10,False,10,24
arxiv_nomic_10k,17,lid_ascending,136,train_design,10,False,10,24
arxiv_nomic_10k,17,lid_ascending,137,train_design,10,False,16,24
arxiv_nomic_10k,17,lid_ascending,138,train_design,32,False,10,24
arxiv_nomic_10k,17,lid_ascending,139,train_design,10,False,10,24
arxiv_nomic_10k,17,lid_ascending,140,internal_audit,10,False,10,24
arxiv_nomic_10k,17,lid_ascending,141,calibration,16,False,24,24
arxiv_nomic_10k,17,lid_ascending,142,internal_audit,10,False,10,24
arxiv_nomic_10k,17,lid_ascending,143,train_design,10,False,10,24
arxiv_nomic_10k,17,lid_ascending,144,internal_audit,10,False,10,24
arxiv_nomic_10k,17,lid_ascending,145,calibration,10,False,10,24
arxiv_nomic_10k,17,lid_ascending,146,train_design,10,False,10,24
arxiv_nomic_10k,17,lid_ascending,147,train_design,10,False,16,24
arxiv_nomic_10k,17,lid_ascending,148,train_design,10,False,10,24
arxiv_nomic_10k,17,lid_ascending,149,train_design,10,False,16,24
arxiv_nomic_10k,17,lid_ascending,150,train_design,16,False,16,24
arxiv_nomic_10k,17,lid_ascending,151,train_design,48,False,10,24
arxiv_nomic_10k,17,lid_ascending,152,train_design,24,False,24,24
arxiv_nomic_10k,17,lid_ascending,153,calibration,48,False,10,24
arxiv_nomic_10k,17,lid_ascending,154,calibration,32,False,10,24
arxiv_nomic_10k,17,lid_ascending,155,calibration,10,False,10,24
arxiv_nomic_10k,17,lid_ascending,156,internal_audit,10,False,10,24
arxiv_nomic_10k,17,lid_ascending,157,train_design,10,False,10,24
arxiv_nomic_10k,17,lid_ascending,158,internal_audit,24,False,24,24
arxiv_nomic_10k,17,lid_ascending,159,calibration,10,False,24,24
arxiv_nomic_10k,17,lid_ascending,160,train_design,10,False,10,24
arxiv_nomic_10k,17,lid_ascending,161,internal_audit,16,False,16,24
arxiv_nomic_10k,17,lid_ascending,162,internal_audit,10,False,10,24
arxiv_nomic_10k,17,lid_ascending,163,internal_audit,16,False,16,24
arxiv_nomic_10k,17,lid_ascending,164,train_design,10,False,10,24
arxiv_nomic_10k,17,lid_ascending,165,calibration,10,False,24,24
arxiv_nomic_10k,17,lid_ascending,166,train_design,10,False,10,24
arxiv_nomic_10k,17,lid_ascending,167,train_design,10,False,24,24
arxiv_nomic_10k,17,lid_ascending,168,train_design,16,False,16,24
arxiv_nomic_10k,17,lid_ascending,169,train_design,10,False,10,24
arxiv_nomic_10k,17,lid_ascending,170,calibration,16,False,16,24
arxiv_nomic_10k,17,lid_ascending,171,train_design,16,False,24,24
arxiv_nomic_10k,17,lid_ascending,172,train_design,10,False,10,24
arxiv_nomic_10k,17,lid_ascending,173,internal_audit,10,False,10,24
arxiv_nomic_10k,17,lid_ascending,174,train_design,10,False,24,24
arxiv_nomic_10k,17,lid_ascending,175,train_design,24,False,24,24
arxiv_nomic_10k,17,lid_ascending,176,calibration,16,False,16,24
arxiv_nomic_10k,17,lid_ascending,177,train_design,10,False,10,24
arxiv_nomic_10k,17,lid_ascending,178,train_design,10,False,10,24
arxiv_nomic_10k,17,lid_ascending,179,internal_audit,24,False,24,24
arxiv_nomic_10k,17,lid_ascending,180,internal_audit,48,False,10,24
arxiv_nomic_10k,17,lid_ascending,181,calibration,24,False,24,24
arxiv_nomic_10k,17,lid_ascending,182,train_design,16,False,16,24
arxiv_nomic_10k,17,lid_ascending,183,train_design,10,False,10,24
arxiv_nomic_10k,17,lid_ascending,184,train_design,10,False,24,24
arxiv_nomic_10k,17,lid_ascending,185,calibration,16,False,16,24
arxiv_nomic_10k,17,lid_ascending,186,calibration,24,False,24,24
arxiv_nomic_10k,17,lid_ascending,187,train_design,10,False,10,24
arxiv_nomic_10k,17,lid_ascending,188,train_design,10,False,10,24
arxiv_nomic_10k,17,lid_ascending,189,internal_audit,10,False,10,24
arxiv_nomic_10k,17,lid_ascending,190,train_design,10,False,16,24
arxiv_nomic_10k,17,lid_ascending,191,internal_audit,32,False,24,24
arxiv_nomic_10k,17,lid_ascending,192,calibration,16,False,24,24
arxiv_nomic_10k,17,lid_ascending,193,train_design,16,False,16,24
arxiv_nomic_10k,17,lid_ascending,194,internal_audit,10,False,10,24
arxiv_nomic_10k,17,lid_ascending,195,calibration,16,False,16,24
arxiv_nomic_10k,17,lid_ascending,196,calibration,24,False,24,24
arxiv_nomic_10k,17,lid_ascending,197,calibration,10,False,10,24
arxiv_nomic_10k,17,lid_ascending,198,train_design,16,False,16,24
arxiv_nomic_10k,17,lid_ascending,199,internal_audit,10,False,10,24
arxiv_nomic_10k,17,lid_ascending,200,train_design,24,False,24,24
arxiv_nomic_10k,17,lid_ascending,201,calibration,10,False,10,24
arxiv_nomic_10k,17,lid_ascending,202,internal_audit,24,False,24,24
arxiv_nomic_10k,17,lid_ascending,203,internal_audit,16,False,16,24
arxiv_nomic_10k,17,lid_ascending,204,train_design,24,False,24,24
arxiv_nomic_10k,17,lid_ascending,205,train_design,10,False,10,24
arxiv_nomic_10k,17,lid_ascending,206,calibration,24,False,24,24
arxiv_nomic_10k,17,lid_ascending,207,internal_audit,10,False,10,24
arxiv_nomic_10k,17,lid_ascending,208,train_design,24,False,24,24
arxiv_nomic_10k,17,lid_ascending,209,internal_audit,32,False,10,24
arxiv_nomic_10k,17,lid_ascending,210,internal_audit,32,False,16,24
arxiv_nomic_10k,17,lid_ascending,211,train_design,10,False,10,24
arxiv_nomic_10k,17,lid_ascending,212,internal_audit,10,False,24,24
arxiv_nomic_10k,17,lid_ascending,213,train_design,10,False,10,24
arxiv_nomic_10k,17,lid_ascending,214,internal_audit,10,False,10,24
arxiv_nomic_10k,17,lid_ascending,215,internal_audit,10,False,16,24
arxiv_nomic_10k,17,lid_ascending,216,internal_audit,10,False,10,24
arxiv_nomic_10k,17,lid_ascending,217,train_design,10,False,10,24
arxiv_nomic_10k,17,lid_ascending,218,calibration,10,False,16,24
arxiv_nomic_10k,17,lid_ascending,219,calibration,10,False,10,24
arxiv_nomic_10k,17,lid_ascending,220,calibration,16,False,16,24
arxiv_nomic_10k,17,lid_ascending,221,train_design,16,False,16,24
arxiv_nomic_10k,17,lid_ascending,222,train_design,10,False,10,24
arxiv_nomic_10k,17,lid_ascending,223,train_design,32,False,10,24
arxiv_nomic_10k,17,lid_ascending,224,internal_audit,10,False,10,24
arxiv_nomic_10k,17,lid_ascending,225,train_design,10,False,10,24
arxiv_nomic_10k,17,lid_ascending,226,internal_audit,10,False,24,24
arxiv_nomic_10k,17,lid_ascending,227,train_design,10,False,10,24
arxiv_nomic_10k,17,lid_ascending,228,train_design,16,False,24,24
arxiv_nomic_10k,17,lid_ascending,229,train_design,10,False,10,24
arxiv_nomic_10k,17,lid_ascending,230,train_design,32,False,24,24
arxiv_nomic_10k,17,lid_ascending,231,train_design,10,False,16,24
arxiv_nomic_10k,17,lid_ascending,232,internal_audit,24,False,24,24
arxiv_nomic_10k,17,lid_ascending,233,internal_audit,10,False,10,24
arxiv_nomic_10k,17,lid_ascending,234,train_design,48,False,16,24
arxiv_nomic_10k,17,lid_ascending,235,internal_audit,10,False,16,24
arxiv_nomic_10k,17,lid_ascending,236,internal_audit,10,False,10,24
arxiv_nomic_10k,17,lid_ascending,237,calibration,10,False,10,24
arxiv_nomic_10k,17,lid_ascending,238,train_design,10,False,16,24
arxiv_nomic_10k,17,lid_ascending,239,calibration,10,False,16,24
arxiv_nomic_10k,17,lid_ascending,240,train_design,10,False,10,24
arxiv_nomic_10k,17,lid_ascending,241,internal_audit,16,False,16,24
arxiv_nomic_10k,17,lid_ascending,242,calibration,10,False,10,24
arxiv_nomic_10k,17,lid_ascending,243,train_design,10,False,24,24
arxiv_nomic_10k,17,lid_ascending,244,train_design,10,False,10,24
arxiv_nomic_10k,17,lid_ascending,245,train_design,10,False,10,24
arxiv_nomic_10k,17,lid_ascending,246,train_design,16,False,16,24
arxiv_nomic_10k,17,lid_ascending,247,train_design,48,False,24,24
arxiv_nomic_10k,17,lid_ascending,248,calibration,10,False,10,24
arxiv_nomic_10k,17,lid_ascending,249,calibration,10,False,10,24
arxiv_nomic_10k,17,lid_ascending,250,internal_audit,10,False,10,24
arxiv_nomic_10k,17,lid_ascending,251,calibration,10,False,10,24
arxiv_nomic_10k,17,lid_ascending,252,calibration,10,False,16,24
arxiv_nomic_10k,17,lid_ascending,253,train_design,10,False,10,24
arxiv_nomic_10k,17,lid_ascending,254,train_design,10,False,16,24
arxiv_nomic_10k,17,lid_ascending,255,train_design,16,False,16,24
arxiv_nomic_10k,17,lid_ascending,256,calibration,10,False,10,24
arxiv_nomic_10k,17,lid_ascending,257,internal_audit,24,False,24,24
arxiv_nomic_10k,17,lid_ascending,258,train_design,10,False,10,24
arxiv_nomic_10k,17,lid_ascending,259,train_design,10,False,10,24
arxiv_nomic_10k,17,lid_ascending,260,calibration,10,False,10,24
arxiv_nomic_10k,17,lid_ascending,261,train_design,10,False,10,24
arxiv_nomic_10k,17,lid_ascending,262,calibration,24,False,24,24
arxiv_nomic_10k,17,lid_ascending,263,internal_audit,10,False,10,24
arxiv_nomic_10k,17,lid_ascending,264,internal_audit,24,False,24,24
arxiv_nomic_10k,17,lid_ascending,265,train_design,10,False,10,24
arxiv_nomic_10k,17,lid_ascending,266,calibration,10,False,10,24
arxiv_nomic_10k,17,lid_ascending,267,train_design,10,False,10,24
arxiv_nomic_10k,17,lid_ascending,268,internal_audit,32,False,24,24
arxiv_nomic_10k,17,lid_ascending,269,calibration,10,False,10,24
arxiv_nomic_10k,17,lid_ascending,270,calibration,16,False,24,24
arxiv_nomic_10k,17,lid_ascending,271,internal_audit,10,False,10,24
arxiv_nomic_10k,17,lid_ascending,272,train_design,16,False,16,24
arxiv_nomic_10k,17,lid_ascending,273,train_design,24,False,24,24
arxiv_nomic_10k,17,lid_ascending,274,internal_audit,32,False,24,24
arxiv_nomic_10k,17,lid_ascending,275,train_design,10,False,10,24
arxiv_nomic_10k,17,lid_ascending,276,calibration,10,False,24,24
arxiv_nomic_10k,17,lid_ascending,277,calibration,10,False,16,24
arxiv_nomic_10k,17,lid_ascending,278,calibration,10,False,10,24
arxiv_nomic_10k,17,lid_ascending,279,train_design,10,False,10,24
arxiv_nomic_10k,17,lid_ascending,280,train_design,10,False,10,24
arxiv_nomic_10k,17,lid_ascending,281,train_design,24,False,24,24
arxiv_nomic_10k,17,lid_ascending,282,train_design,10,False,10,24
arxiv_nomic_10k,17,lid_ascending,283,calibration,24,False,24,24
arxiv_nomic_10k,17,lid_ascending,284,internal_audit,24,False,24,24
arxiv_nomic_10k,17,lid_ascending,285,train_design,10,False,16,24
arxiv_nomic_10k,17,lid_ascending,286,calibration,10,False,10,24
arxiv_nomic_10k,17,lid_ascending,287,train_design,24,False,24,24
arxiv_nomic_10k,17,lid_ascending,288,train_design,10,False,10,24
arxiv_nomic_10k,17,lid_ascending,289,internal_audit,10,False,10,24
arxiv_nomic_10k,17,lid_ascending,290,train_design,10,False,10,24
arxiv_nomic_10k,17,lid_ascending,291,train_design,16,False,16,24
arxiv_nomic_10k,17,lid_ascending,292,train_design,10,False,10,24
arxiv_nomic_10k,17,lid_ascending,293,internal_audit,10,False,10,24
arxiv_nomic_10k,17,lid_ascending,294,train_design,24,False,24,24
arxiv_nomic_10k,17,lid_ascending,295,internal_audit,10,False,24,24
arxiv_nomic_10k,17,lid_ascending,296,train_design,48,False,24,24
arxiv_nomic_10k,17,lid_ascending,297,train_design,10,False,10,24
arxiv_nomic_10k,17,lid_ascending,298,train_design,10,False,10,24
arxiv_nomic_10k,17,lid_ascending,299,internal_audit,10,False,10,24
arxiv_nomic_10k,17,lid_ascending,300,train_design,10,False,16,24
arxiv_nomic_10k,17,lid_ascending,301,train_design,10,False,10,24
arxiv_nomic_10k,17,lid_ascending,302,train_design,10,False,10,24
arxiv_nomic_10k,17,lid_ascending,303,calibration,10,False,10,24
arxiv_nomic_10k,17,lid_ascending,304,calibration,10,False,10,24
arxiv_nomic_10k,17,lid_ascending,305,train_design,10,False,10,24
arxiv_nomic_10k,17,lid_ascending,306,internal_audit,10,False,10,24
arxiv_nomic_10k,17,lid_ascending,307,train_design,10,False,10,24
arxiv_nomic_10k,17,lid_ascending,308,internal_audit,16,False,16,24
arxiv_nomic_10k,17,lid_ascending,309,train_design,16,False,16,24
arxiv_nomic_10k,17,lid_ascending,310,train_design,10,False,10,24
arxiv_nomic_10k,17,lid_ascending,311,internal_audit,10,False,10,24
arxiv_nomic_10k,17,lid_ascending,312,train_design,10,False,10,24
arxiv_nomic_10k,17,lid_ascending,313,train_design,10,False,16,24
arxiv_nomic_10k,17,lid_ascending,314,internal_audit,10,False,10,24
arxiv_nomic_10k,17,lid_ascending,315,calibration,10,False,16,24
arxiv_nomic_10k,17,lid_ascending,316,calibration,10,False,10,24
arxiv_nomic_10k,17,lid_ascending,317,internal_audit,10,False,24,24
arxiv_nomic_10k,17,lid_ascending,318,train_design,10,False,10,24
arxiv_nomic_10k,17,lid_ascending,319,calibration,10,False,10,24
arxiv_nomic_10k,17,lid_ascending,320,internal_audit,10,False,24,24
arxiv_nomic_10k,17,lid_ascending,321,train_design,10,False,10,24
arxiv_nomic_10k,17,lid_ascending,322,internal_audit,10,False,10,24
arxiv_nomic_10k,17,lid_ascending,323,train_design,16,False,16,24
arxiv_nomic_10k,17,lid_ascending,324,calibration,10,False,10,24
arxiv_nomic_10k,17,lid_ascending,325,train_design,24,False,24,24
arxiv_nomic_10k,17,lid_ascending,326,train_design,10,False,10,24
arxiv_nomic_10k,17,lid_ascending,327,train_design,24,False,24,24
arxiv_nomic_10k,17,lid_ascending,328,calibration,32,False,16,24
arxiv_nomic_10k,17,lid_ascending,329,calibration,10,False,10,24
arxiv_nomic_10k,17,lid_ascending,330,calibration,10,False,24,24
arxiv_nomic_10k,17,lid_ascending,331,train_design,10,False,16,24
arxiv_nomic_10k,17,lid_ascending,332,train_design,10,False,24,24
arxiv_nomic_10k,17,lid_ascending,333,train_design,10,False,10,24
arxiv_nomic_10k,17,lid_ascending,334,train_design,16,False,16,24
arxiv_nomic_10k,17,lid_ascending,335,internal_audit,10,False,10,24
arxiv_nomic_10k,17,lid_ascending,336,train_design,10,False,10,24
arxiv_nomic_10k,17,lid_ascending,337,calibration,10,False,24,24
arxiv_nomic_10k,17,lid_ascending,338,calibration,10,False,10,24
arxiv_nomic_10k,17,lid_ascending,339,internal_audit,10,False,10,24
arxiv_nomic_10k,17,lid_ascending,340,calibration,16,False,16,24
arxiv_nomic_10k,17,lid_ascending,341,internal_audit,16,False,16,24
arxiv_nomic_10k,17,lid_ascending,342,calibration,24,False,24,24
arxiv_nomic_10k,17,lid_ascending,343,internal_audit,16,False,16,24
arxiv_nomic_10k,17,lid_ascending,344,calibration,10,False,16,24
arxiv_nomic_10k,17,lid_ascending,345,train_design,24,False,24,24
arxiv_nomic_10k,17,lid_ascending,346,train_design,24,False,24,24
arxiv_nomic_10k,17,lid_ascending,347,train_design,10,False,16,24
arxiv_nomic_10k,17,lid_ascending,348,train_design,10,False,10,24
arxiv_nomic_10k,17,lid_ascending,349,train_design,10,False,16,24
arxiv_nomic_10k,17,lid_ascending,350,internal_audit,10,False,16,24
arxiv_nomic_10k,17,lid_ascending,351,internal_audit,10,False,10,24
arxiv_nomic_10k,17,lid_ascending,352,train_design,16,False,24,24
arxiv_nomic_10k,17,lid_ascending,353,calibration,16,False,24,24
arxiv_nomic_10k,17,lid_ascending,354,calibration,10,False,10,24
arxiv_nomic_10k,17,lid_ascending,355,internal_audit,10,False,10,24
arxiv_nomic_10k,17,lid_ascending,356,train_design,24,False,24,24
arxiv_nomic_10k,17,lid_ascending,357,internal_audit,10,False,10,24
arxiv_nomic_10k,17,lid_ascending,358,train_design,10,False,10,24
arxiv_nomic_10k,17,lid_ascending,359,train_design,16,False,16,24
arxiv_nomic_10k,17,lid_ascending,360,train_design,10,False,10,24
arxiv_nomic_10k,17,lid_ascending,361,calibration,10,False,10,24
arxiv_nomic_10k,17,lid_ascending,362,train_design,16,False,16,24
arxiv_nomic_10k,17,lid_ascending,363,train_design,24,False,24,24
arxiv_nomic_10k,17,lid_ascending,364,internal_audit,16,False,24,24
arxiv_nomic_10k,17,lid_ascending,365,train_design,10,False,16,24
arxiv_nomic_10k,17,lid_ascending,366,train_design,16,False,16,24
arxiv_nomic_10k,17,lid_ascending,367,train_design,10,False,16,24
arxiv_nomic_10k,17,lid_ascending,368,calibration,16,False,16,24
arxiv_nomic_10k,17,lid_ascending,369,internal_audit,10,False,10,24
arxiv_nomic_10k,17,lid_ascending,370,calibration,10,False,16,24
arxiv_nomic_10k,17,lid_ascending,371,train_design,10,False,10,24
arxiv_nomic_10k,17,lid_ascending,372,internal_audit,16,False,24,24
arxiv_nomic_10k,17,lid_ascending,373,train_design,16,False,24,24
arxiv_nomic_10k,17,lid_ascending,374,internal_audit,10,False,10,24
arxiv_nomic_10k,17,lid_ascending,375,train_design,10,False,16,24
arxiv_nomic_10k,17,lid_ascending,376,train_design,10,False,10,24
arxiv_nomic_10k,17,lid_ascending,377,train_design,10,False,16,24
arxiv_nomic_10k,17,lid_ascending,378,calibration,10,False,10,24
arxiv_nomic_10k,17,lid_ascending,379,train_design,24,False,24,24
arxiv_nomic_10k,17,lid_ascending,380,train_design,24,False,24,24
arxiv_nomic_10k,17,lid_ascending,381,internal_audit,10,False,24,24
arxiv_nomic_10k,17,lid_ascending,382,internal_audit,24,False,24,24
arxiv_nomic_10k,17,lid_ascending,383,internal_audit,10,False,24,24
arxiv_nomic_10k,17,lid_ascending,384,train_design,24,False,24,24
arxiv_nomic_10k,17,lid_ascending,385,train_design,10,False,10,24
arxiv_nomic_10k,17,lid_ascending,386,train_design,10,False,10,24
arxiv_nomic_10k,17,lid_ascending,387,train_design,32,False,24,24
arxiv_nomic_10k,17,lid_ascending,388,train_design,10,False,24,24
arxiv_nomic_10k,17,lid_ascending,389,train_design,16,False,16,24
arxiv_nomic_10k,17,lid_ascending,390,internal_audit,10,False,10,24
arxiv_nomic_10k,17,lid_ascending,391,internal_audit,10,False,10,24
arxiv_nomic_10k,17,lid_ascending,392,train_design,10,False,24,24
arxiv_nomic_10k,17,lid_ascending,393,calibration,24,False,24,24
arxiv_nomic_10k,17,lid_ascending,394,calibration,16,False,24,24
arxiv_nomic_10k,17,lid_ascending,395,train_design,10,False,16,24
arxiv_nomic_10k,17,lid_ascending,396,train_design,10,False,10,24
arxiv_nomic_10k,17,lid_ascending,397,internal_audit,10,False,10,24
arxiv_nomic_10k,17,lid_ascending,398,internal_audit,10,False,10,24
arxiv_nomic_10k,17,lid_ascending,399,calibration,16,False,24,24
arxiv_nomic_10k,17,lid_ascending,400,train_design,10,False,10,24
arxiv_nomic_10k,17,lid_ascending,401,train_design,10,False,16,24
arxiv_nomic_10k,17,lid_ascending,402,calibration,10,False,10,24
arxiv_nomic_10k,17,lid_ascending,403,calibration,10,False,16,24
arxiv_nomic_10k,17,lid_ascending,404,calibration,48,False,10,24
arxiv_nomic_10k,17,lid_ascending,405,train_design,10,False,24,24
arxiv_nomic_10k,17,lid_ascending,406,train_design,10,False,10,24
arxiv_nomic_10k,17,lid_ascending,407,calibration,10,False,24,24
arxiv_nomic_10k,17,lid_ascending,408,internal_audit,10,False,10,24
arxiv_nomic_10k,17,lid_ascending,409,train_design,10,False,16,24
arxiv_nomic_10k,17,lid_ascending,410,calibration,32,False,16,24
arxiv_nomic_10k,17,lid_ascending,411,train_design,10,False,10,24
arxiv_nomic_10k,17,lid_ascending,412,train_design,10,False,10,24
arxiv_nomic_10k,17,lid_ascending,413,calibration,10,False,16,24
arxiv_nomic_10k,17,lid_ascending,414,internal_audit,10,False,10,24
arxiv_nomic_10k,17,lid_ascending,415,internal_audit,10,False,10,24
arxiv_nomic_10k,17,lid_ascending,416,calibration,16,False,16,24
arxiv_nomic_10k,17,lid_ascending,417,train_design,10,False,10,24
arxiv_nomic_10k,17,lid_ascending,418,calibration,48,False,24,24
arxiv_nomic_10k,17,lid_ascending,419,train_design,10,False,10,24
arxiv_nomic_10k,17,lid_ascending,420,calibration,16,False,16,24
arxiv_nomic_10k,17,lid_ascending,421,train_design,10,False,10,24
arxiv_nomic_10k,17,lid_ascending,422,train_design,10,False,10,24
arxiv_nomic_10k,17,lid_ascending,423,train_design,10,False,16,24
arxiv_nomic_10k,17,lid_ascending,424,train_design,16,False,16,24
arxiv_nomic_10k,17,lid_ascending,425,train_design,10,False,10,24
arxiv_nomic_10k,17,lid_ascending,426,train_design,10,False,10,24
arxiv_nomic_10k,17,lid_ascending,427,train_design,10,False,10,24
arxiv_nomic_10k,17,lid_ascending,428,internal_audit,16,False,24,24
arxiv_nomic_10k,17,lid_ascending,429,internal_audit,10,False,10,24
arxiv_nomic_10k,17,lid_ascending,430,train_design,10,False,24,24
arxiv_nomic_10k,17,lid_ascending,431,train_design,10,False,24,24
arxiv_nomic_10k,17,lid_ascending,432,train_design,10,False,10,24
arxiv_nomic_10k,17,lid_ascending,433,calibration,96,False,10,24
arxiv_nomic_10k,17,lid_ascending,434,train_design,16,False,16,24
arxiv_nomic_10k,17,lid_ascending,435,train_design,10,False,10,24
arxiv_nomic_10k,17,lid_ascending,436,train_design,10,False,10,24
arxiv_nomic_10k,17,lid_ascending,437,internal_audit,10,False,10,24
arxiv_nomic_10k,17,lid_ascending,438,internal_audit,16,False,24,24
arxiv_nomic_10k,17,lid_ascending,439,internal_audit,10,False,24,24
arxiv_nomic_10k,17,lid_ascending,440,calibration,10,False,16,24
arxiv_nomic_10k,17,lid_ascending,441,calibration,10,False,10,24
arxiv_nomic_10k,17,lid_ascending,442,internal_audit,10,False,10,24
arxiv_nomic_10k,17,lid_ascending,443,train_design,10,False,10,24
arxiv_nomic_10k,17,lid_ascending,444,internal_audit,10,False,10,24
arxiv_nomic_10k,17,lid_ascending,445,calibration,10,False,10,24
arxiv_nomic_10k,17,lid_ascending,446,train_design,10,False,16,24
arxiv_nomic_10k,17,lid_ascending,447,calibration,32,False,24,24
arxiv_nomic_10k,17,lid_ascending,448,train_design,10,False,10,24
arxiv_nomic_10k,17,lid_ascending,449,calibration,24,False,24,24
arxiv_nomic_10k,17,lid_ascending,450,train_design,16,False,16,24
arxiv_nomic_10k,17,lid_ascending,451,calibration,10,False,10,24
arxiv_nomic_10k,17,lid_ascending,452,calibration,10,False,10,24
arxiv_nomic_10k,17,lid_ascending,453,train_design,16,False,16,24
arxiv_nomic_10k,17,lid_ascending,454,train_design,10,False,10,24
arxiv_nomic_10k,17,lid_ascending,455,train_design,24,False,24,24
arxiv_nomic_10k,17,lid_ascending,456,train_design,10,False,10,24
arxiv_nomic_10k,17,lid_ascending,457,train_design,24,False,24,24
arxiv_nomic_10k,17,lid_ascending,458,internal_audit,10,False,10,24
arxiv_nomic_10k,17,lid_ascending,459,internal_audit,10,False,10,24
arxiv_nomic_10k,17,lid_ascending,460,train_design,10,False,10,24
arxiv_nomic_10k,17,lid_ascending,461,train_design,24,False,24,24
arxiv_nomic_10k,17,lid_ascending,462,calibration,10,False,10,24
arxiv_nomic_10k,17,lid_ascending,463,train_design,10,False,10,24
arxiv_nomic_10k,17,lid_ascending,464,train_design,24,False,24,24
arxiv_nomic_10k,17,lid_ascending,465,train_design,48,False,24,24
arxiv_nomic_10k,17,lid_ascending,466,train_design,10,False,10,24
arxiv_nomic_10k,17,lid_ascending,467,internal_audit,10,False,16,24
arxiv_nomic_10k,17,lid_ascending,468,train_design,10,False,10,24
arxiv_nomic_10k,17,lid_ascending,469,train_design,16,False,24,24
arxiv_nomic_10k,17,lid_ascending,470,train_design,10,False,16,24
arxiv_nomic_10k,17,lid_ascending,471,internal_audit,10,False,10,24
arxiv_nomic_10k,17,lid_ascending,472,train_design,16,False,16,24
arxiv_nomic_10k,17,lid_ascending,473,train_design,10,False,10,24
arxiv_nomic_10k,17,lid_ascending,474,train_design,10,False,10,24
arxiv_nomic_10k,17,lid_ascending,475,train_design,10,False,10,24
arxiv_nomic_10k,17,lid_ascending,476,internal_audit,24,False,24,24
arxiv_nomic_10k,17,lid_ascending,477,train_design,16,False,16,24
arxiv_nomic_10k,17,lid_ascending,478,train_design,16,False,16,24
arxiv_nomic_10k,17,lid_ascending,479,train_design,10,False,10,24
arxiv_nomic_10k,17,lid_ascending,480,train_design,10,False,10,24
arxiv_nomic_10k,17,lid_ascending,481,train_design,10,False,24,24
arxiv_nomic_10k,17,lid_ascending,482,internal_audit,10,False,10,24
arxiv_nomic_10k,17,lid_ascending,483,train_design,10,False,10,24
arxiv_nomic_10k,17,lid_ascending,484,train_design,24,False,24,24
arxiv_nomic_10k,17,lid_ascending,485,calibration,24,False,24,24
arxiv_nomic_10k,17,lid_ascending,486,internal_audit,24,False,24,24
arxiv_nomic_10k,17,lid_ascending,487,internal_audit,10,False,10,24
arxiv_nomic_10k,17,lid_ascending,488,calibration,10,False,10,24
arxiv_nomic_10k,17,lid_ascending,489,train_design,10,False,10,24
arxiv_nomic_10k,17,lid_ascending,490,calibration,16,False,16,24
arxiv_nomic_10k,17,lid_ascending,491,internal_audit,10,False,10,24
arxiv_nomic_10k,17,lid_ascending,492,train_design,16,False,16,24
arxiv_nomic_10k,17,lid_ascending,493,calibration,48,False,16,24
arxiv_nomic_10k,17,lid_ascending,494,train_design,24,False,24,24
arxiv_nomic_10k,17,lid_ascending,495,train_design,10,False,16,24
arxiv_nomic_10k,17,lid_ascending,496,train_design,10,False,24,24
arxiv_nomic_10k,17,lid_ascending,497,train_design,32,False,24,24
arxiv_nomic_10k,17,lid_ascending,498,calibration,10,False,16,24
arxiv_nomic_10k,17,lid_ascending,499,train_design,10,False,16,24
arxiv_nomic_10k,17,lid_descending,0,train_design,10,False,16,24
arxiv_nomic_10k,17,lid_descending,1,train_design,24,False,24,24
arxiv_nomic_10k,17,lid_descending,2,calibration,10,False,16,24
arxiv_nomic_10k,17,lid_descending,3,calibration,10,False,10,24
arxiv_nomic_10k,17,lid_descending,4,internal_audit,10,False,10,24
arxiv_nomic_10k,17,lid_descending,5,calibration,16,False,24,24
arxiv_nomic_10k,17,lid_descending,6,train_design,10,False,10,24
arxiv_nomic_10k,17,lid_descending,7,internal_audit,10,False,16,24
arxiv_nomic_10k,17,lid_descending,8,train_design,16,False,24,24
arxiv_nomic_10k,17,lid_descending,9,train_design,32,False,10,24
arxiv_nomic_10k,17,lid_descending,10,train_design,10,False,10,24
arxiv_nomic_10k,17,lid_descending,11,internal_audit,10,False,10,24
arxiv_nomic_10k,17,lid_descending,12,train_design,10,False,10,24
arxiv_nomic_10k,17,lid_descending,13,internal_audit,10,False,10,24
arxiv_nomic_10k,17,lid_descending,14,train_design,10,False,10,24
arxiv_nomic_10k,17,lid_descending,15,internal_audit,16,False,24,24
arxiv_nomic_10k,17,lid_descending,16,calibration,10,False,10,24
arxiv_nomic_10k,17,lid_descending,17,internal_audit,10,False,10,24
arxiv_nomic_10k,17,lid_descending,18,calibration,10,False,24,24
arxiv_nomic_10k,17,lid_descending,19,train_design,16,False,16,24
arxiv_nomic_10k,17,lid_descending,20,train_design,10,False,24,24
arxiv_nomic_10k,17,lid_descending,21,internal_audit,16,False,16,24
arxiv_nomic_10k,17,lid_descending,22,train_design,10,False,16,24
arxiv_nomic_10k,17,lid_descending,23,internal_audit,24,False,24,24
arxiv_nomic_10k,17,lid_descending,24,calibration,16,False,16,24
arxiv_nomic_10k,17,lid_descending,25,train_design,16,False,24,24
arxiv_nomic_10k,17,lid_descending,26,calibration,10,False,16,24
arxiv_nomic_10k,17,lid_descending,27,calibration,16,False,24,24
arxiv_nomic_10k,17,lid_descending,28,train_design,10,False,10,24
arxiv_nomic_10k,17,lid_descending,29,calibration,10,False,16,24
arxiv_nomic_10k,17,lid_descending,30,internal_audit,16,False,16,24
arxiv_nomic_10k,17,lid_descending,31,train_design,16,False,16,24
arxiv_nomic_10k,17,lid_descending,32,train_design,10,False,16,24
arxiv_nomic_10k,17,lid_descending,33,calibration,10,False,16,24
arxiv_nomic_10k,17,lid_descending,34,internal_audit,10,False,10,24
arxiv_nomic_10k,17,lid_descending,35,train_design,10,False,10,24
arxiv_nomic_10k,17,lid_descending,36,internal_audit,10,False,10,24
arxiv_nomic_10k,17,lid_descending,37,train_design,48,False,16,24
arxiv_nomic_10k,17,lid_descending,38,internal_audit,48,False,24,24
arxiv_nomic_10k,17,lid_descending,39,calibration,16,False,16,24
arxiv_nomic_10k,17,lid_descending,40,train_design,10,False,10,24
arxiv_nomic_10k,17,lid_descending,41,internal_audit,10,False,10,24
arxiv_nomic_10k,17,lid_descending,42,train_design,10,False,10,24
arxiv_nomic_10k,17,lid_descending,43,train_design,10,False,10,24
arxiv_nomic_10k,17,lid_descending,44,train_design,10,False,24,24
arxiv_nomic_10k,17,lid_descending,45,internal_audit,16,False,16,24
arxiv_nomic_10k,17,lid_descending,46,calibration,10,False,10,24
arxiv_nomic_10k,17,lid_descending,47,train_design,10,False,10,24
arxiv_nomic_10k,17,lid_descending,48,train_design,48,False,10,24
arxiv_nomic_10k,17,lid_descending,49,internal_audit,10,False,10,24
arxiv_nomic_10k,17,lid_descending,50,train_design,10,False,16,24
arxiv_nomic_10k,17,lid_descending,51,calibration,10,False,10,24
arxiv_nomic_10k,17,lid_descending,52,calibration,10,False,16,24
arxiv_nomic_10k,17,lid_descending,53,train_design,10,False,10,24
arxiv_nomic_10k,17,lid_descending,54,train_design,10,False,10,24
arxiv_nomic_10k,17,lid_descending,55,calibration,16,False,16,24
arxiv_nomic_10k,17,lid_descending,56,train_design,10,False,10,24
arxiv_nomic_10k,17,lid_descending,57,calibration,16,False,24,24
arxiv_nomic_10k,17,lid_descending,58,calibration,10,False,10,24
arxiv_nomic_10k,17,lid_descending,59,calibration,16,False,16,24
arxiv_nomic_10k,17,lid_descending,60,train_design,16,False,16,24
arxiv_nomic_10k,17,lid_descending,61,train_design,16,False,16,24
arxiv_nomic_10k,17,lid_descending,62,train_design,10,False,10,24
arxiv_nomic_10k,17,lid_descending,63,internal_audit,64,False,16,24
arxiv_nomic_10k,17,lid_descending,64,train_design,10,False,10,24
arxiv_nomic_10k,17,lid_descending,65,calibration,10,False,10,24
arxiv_nomic_10k,17,lid_descending,66,calibration,10,False,10,24
arxiv_nomic_10k,17,lid_descending,67,train_design,10,False,10,24
arxiv_nomic_10k,17,lid_descending,68,calibration,32,False,24,24
arxiv_nomic_10k,17,lid_descending,69,calibration,10,False,10,24
arxiv_nomic_10k,17,lid_descending,70,train_design,10,False,10,24
arxiv_nomic_10k,17,lid_descending,71,calibration,48,False,10,24
arxiv_nomic_10k,17,lid_descending,72,train_design,10,False,10,24
arxiv_nomic_10k,17,lid_descending,73,internal_audit,10,False,16,24
arxiv_nomic_10k,17,lid_descending,74,calibration,10,False,16,24
arxiv_nomic_10k,17,lid_descending,75,train_design,10,False,10,24
arxiv_nomic_10k,17,lid_descending,76,train_design,10,False,10,24
arxiv_nomic_10k,17,lid_descending,77,calibration,10,False,10,24
arxiv_nomic_10k,17,lid_descending,78,calibration,16,False,16,24
arxiv_nomic_10k,17,lid_descending,79,calibration,16,False,16,24
arxiv_nomic_10k,17,lid_descending,80,train_design,10,False,24,24
arxiv_nomic_10k,17,lid_descending,81,internal_audit,10,False,10,24
arxiv_nomic_10k,17,lid_descending,82,train_design,10,False,10,24
arxiv_nomic_10k,17,lid_descending,83,train_design,24,False,24,24
arxiv_nomic_10k,17,lid_descending,84,train_design,10,False,10,24
arxiv_nomic_10k,17,lid_descending,85,internal_audit,10,False,16,24
arxiv_nomic_10k,17,lid_descending,86,internal_audit,10,False,10,24
arxiv_nomic_10k,17,lid_descending,87,calibration,24,False,24,24
arxiv_nomic_10k,17,lid_descending,88,internal_audit,24,False,24,24
arxiv_nomic_10k,17,lid_descending,89,train_design,24,False,24,24
arxiv_nomic_10k,17,lid_descending,90,calibration,10,False,10,24
arxiv_nomic_10k,17,lid_descending,91,train_design,16,False,24,24
arxiv_nomic_10k,17,lid_descending,92,internal_audit,10,False,10,24
arxiv_nomic_10k,17,lid_descending,93,internal_audit,10,False,10,24
arxiv_nomic_10k,17,lid_descending,94,calibration,10,False,10,24
arxiv_nomic_10k,17,lid_descending,95,train_design,10,False,10,24
arxiv_nomic_10k,17,lid_descending,96,internal_audit,10,False,24,24
arxiv_nomic_10k,17,lid_descending,97,calibration,16,False,24,24
arxiv_nomic_10k,17,lid_descending,98,train_design,10,False,10,24
arxiv_nomic_10k,17,lid_descending,99,internal_audit,10,False,24,24
arxiv_nomic_10k,17,lid_descending,100,train_design,10,False,24,24
arxiv_nomic_10k,17,lid_descending,101,calibration,10,False,10,24
arxiv_nomic_10k,17,lid_descending,102,train_design,10,False,24,24
arxiv_nomic_10k,17,lid_descending,103,calibration,10,False,10,24
arxiv_nomic_10k,17,lid_descending,104,internal_audit,10,False,10,24
arxiv_nomic_10k,17,lid_descending,105,calibration,24,False,24,24
arxiv_nomic_10k,17,lid_descending,106,train_design,10,False,10,24
arxiv_nomic_10k,17,lid_descending,107,train_design,10,False,10,24
arxiv_nomic_10k,17,lid_descending,108,train_design,10,False,16,24
arxiv_nomic_10k,17,lid_descending,109,internal_audit,24,False,24,24
arxiv_nomic_10k,17,lid_descending,110,calibration,10,False,16,24
arxiv_nomic_10k,17,lid_descending,111,train_design,10,False,24,24
arxiv_nomic_10k,17,lid_descending,112,train_design,10,False,10,24
arxiv_nomic_10k,17,lid_descending,113,calibration,10,False,10,24
arxiv_nomic_10k,17,lid_descending,114,internal_audit,10,False,24,24
arxiv_nomic_10k,17,lid_descending,115,internal_audit,10,False,10,24
arxiv_nomic_10k,17,lid_descending,116,train_design,10,False,10,24
arxiv_nomic_10k,17,lid_descending,117,train_design,10,False,10,24
arxiv_nomic_10k,17,lid_descending,118,internal_audit,10,False,16,24
arxiv_nomic_10k,17,lid_descending,119,calibration,10,False,10,24
arxiv_nomic_10k,17,lid_descending,120,internal_audit,10,False,10,24
arxiv_nomic_10k,17,lid_descending,121,train_design,10,False,10,24
arxiv_nomic_10k,17,lid_descending,122,calibration,10,False,10,24
arxiv_nomic_10k,17,lid_descending,123,train_design,10,False,10,24
arxiv_nomic_10k,17,lid_descending,124,train_design,16,False,16,24
arxiv_nomic_10k,17,lid_descending,125,internal_audit,10,False,24,24
arxiv_nomic_10k,17,lid_descending,126,internal_audit,10,False,10,24
arxiv_nomic_10k,17,lid_descending,127,train_design,10,False,10,24
arxiv_nomic_10k,17,lid_descending,128,internal_audit,16,False,16,24
arxiv_nomic_10k,17,lid_descending,129,calibration,32,False,16,24
arxiv_nomic_10k,17,lid_descending,130,internal_audit,10,False,10,24
arxiv_nomic_10k,17,lid_descending,131,train_design,10,False,10,24
arxiv_nomic_10k,17,lid_descending,132,calibration,10,False,24,24
arxiv_nomic_10k,17,lid_descending,133,train_design,10,False,10,24
arxiv_nomic_10k,17,lid_descending,134,internal_audit,10,False,10,24
arxiv_nomic_10k,17,lid_descending,135,internal_audit,10,False,10,24
arxiv_nomic_10k,17,lid_descending,136,train_design,10,False,10,24
arxiv_nomic_10k,17,lid_descending,137,train_design,16,False,16,24
arxiv_nomic_10k,17,lid_descending,138,train_design,10,False,10,24
arxiv_nomic_10k,17,lid_descending,139,train_design,10,False,10,24
arxiv_nomic_10k,17,lid_descending,140,internal_audit,16,False,24,24
arxiv_nomic_10k,17,lid_descending,141,calibration,10,False,10,24
arxiv_nomic_10k,17,lid_descending,142,internal_audit,10,False,16,24
arxiv_nomic_10k,17,lid_descending,143,train_design,10,False,10,24
arxiv_nomic_10k,17,lid_descending,144,internal_audit,10,False,10,24
arxiv_nomic_10k,17,lid_descending,145,calibration,10,False,10,24
arxiv_nomic_10k,17,lid_descending,146,train_design,10,False,10,24
arxiv_nomic_10k,17,lid_descending,147,train_design,10,False,10,24
arxiv_nomic_10k,17,lid_descending,148,train_design,10,False,10,24
arxiv_nomic_10k,17,lid_descending,149,train_design,10,False,10,24
arxiv_nomic_10k,17,lid_descending,150,train_design,10,False,10,24
arxiv_nomic_10k,17,lid_descending,151,train_design,16,False,16,24
arxiv_nomic_10k,17,lid_descending,152,train_design,16,False,24,24
arxiv_nomic_10k,17,lid_descending,153,calibration,32,False,16,24
arxiv_nomic_10k,17,lid_descending,154,calibration,24,False,24,24
arxiv_nomic_10k,17,lid_descending,155,calibration,10,False,10,24
arxiv_nomic_10k,17,lid_descending,156,internal_audit,10,False,16,24
arxiv_nomic_10k,17,lid_descending,157,train_design,10,False,10,24
arxiv_nomic_10k,17,lid_descending,158,internal_audit,16,False,16,24
arxiv_nomic_10k,17,lid_descending,159,calibration,10,False,10,24
arxiv_nomic_10k,17,lid_descending,160,train_design,10,False,10,24
arxiv_nomic_10k,17,lid_descending,161,internal_audit,10,False,16,24
arxiv_nomic_10k,17,lid_descending,162,internal_audit,10,False,16,24
arxiv_nomic_10k,17,lid_descending,163,internal_audit,10,False,10,24
arxiv_nomic_10k,17,lid_descending,164,train_design,10,False,10,24
arxiv_nomic_10k,17,lid_descending,165,calibration,24,False,24,24
arxiv_nomic_10k,17,lid_descending,166,train_design,10,False,10,24
arxiv_nomic_10k,17,lid_descending,167,train_design,10,False,10,24
arxiv_nomic_10k,17,lid_descending,168,train_design,10,False,24,24
arxiv_nomic_10k,17,lid_descending,169,train_design,10,False,10,24
arxiv_nomic_10k,17,lid_descending,170,calibration,24,False,24,24
arxiv_nomic_10k,17,lid_descending,171,train_design,10,False,10,24
arxiv_nomic_10k,17,lid_descending,172,train_design,10,False,10,24
arxiv_nomic_10k,17,lid_descending,173,internal_audit,10,False,10,24
arxiv_nomic_10k,17,lid_descending,174,train_design,10,False,10,24
arxiv_nomic_10k,17,lid_descending,175,train_design,32,False,16,24
arxiv_nomic_10k,17,lid_descending,176,calibration,10,False,24,24
arxiv_nomic_10k,17,lid_descending,177,train_design,10,False,10,24
arxiv_nomic_10k,17,lid_descending,178,train_design,16,False,16,24
arxiv_nomic_10k,17,lid_descending,179,internal_audit,10,False,16,24
arxiv_nomic_10k,17,lid_descending,180,internal_audit,16,False,16,24
arxiv_nomic_10k,17,lid_descending,181,calibration,64,False,16,24
arxiv_nomic_10k,17,lid_descending,182,train_design,10,False,10,24
arxiv_nomic_10k,17,lid_descending,183,train_design,10,False,16,24
arxiv_nomic_10k,17,lid_descending,184,train_design,10,False,16,24
arxiv_nomic_10k,17,lid_descending,185,calibration,10,False,16,24
arxiv_nomic_10k,17,lid_descending,186,calibration,10,False,10,24
arxiv_nomic_10k,17,lid_descending,187,train_design,10,False,10,24
arxiv_nomic_10k,17,lid_descending,188,train_design,10,False,10,24
arxiv_nomic_10k,17,lid_descending,189,internal_audit,10,False,10,24
arxiv_nomic_10k,17,lid_descending,190,train_design,10,False,10,24
arxiv_nomic_10k,17,lid_descending,191,internal_audit,32,False,10,24
arxiv_nomic_10k,17,lid_descending,192,calibration,10,False,24,24
arxiv_nomic_10k,17,lid_descending,193,train_design,24,False,24,24
arxiv_nomic_10k,17,lid_descending,194,internal_audit,10,False,10,24
arxiv_nomic_10k,17,lid_descending,195,calibration,10,False,16,24
arxiv_nomic_10k,17,lid_descending,196,calibration,10,False,24,24
arxiv_nomic_10k,17,lid_descending,197,calibration,10,False,10,24
arxiv_nomic_10k,17,lid_descending,198,train_design,16,False,16,24
arxiv_nomic_10k,17,lid_descending,199,internal_audit,10,False,10,24
arxiv_nomic_10k,17,lid_descending,200,train_design,10,False,24,24
arxiv_nomic_10k,17,lid_descending,201,calibration,24,False,24,24
arxiv_nomic_10k,17,lid_descending,202,internal_audit,10,False,16,24
arxiv_nomic_10k,17,lid_descending,203,internal_audit,10,False,10,24
arxiv_nomic_10k,17,lid_descending,204,train_design,16,False,16,24
arxiv_nomic_10k,17,lid_descending,205,train_design,10,False,24,24
arxiv_nomic_10k,17,lid_descending,206,calibration,10,False,24,24
arxiv_nomic_10k,17,lid_descending,207,internal_audit,10,False,10,24
arxiv_nomic_10k,17,lid_descending,208,train_design,24,False,24,24
arxiv_nomic_10k,17,lid_descending,209,internal_audit,16,False,16,24
arxiv_nomic_10k,17,lid_descending,210,internal_audit,24,False,24,24
arxiv_nomic_10k,17,lid_descending,211,train_design,10,False,10,24
arxiv_nomic_10k,17,lid_descending,212,internal_audit,10,False,16,24
arxiv_nomic_10k,17,lid_descending,213,train_design,16,False,24,24
arxiv_nomic_10k,17,lid_descending,214,internal_audit,10,False,10,24
arxiv_nomic_10k,17,lid_descending,215,internal_audit,24,False,24,24
arxiv_nomic_10k,17,lid_descending,216,internal_audit,10,False,10,24
arxiv_nomic_10k,17,lid_descending,217,train_design,10,False,16,24
arxiv_nomic_10k,17,lid_descending,218,calibration,10,False,10,24
arxiv_nomic_10k,17,lid_descending,219,calibration,10,False,16,24
arxiv_nomic_10k,17,lid_descending,220,calibration,10,False,24,24
arxiv_nomic_10k,17,lid_descending,221,train_design,10,False,10,24
arxiv_nomic_10k,17,lid_descending,222,train_design,10,False,10,24
arxiv_nomic_10k,17,lid_descending,223,train_design,16,False,16,24
arxiv_nomic_10k,17,lid_descending,224,internal_audit,10,False,10,24
arxiv_nomic_10k,17,lid_descending,225,train_design,10,False,10,24
arxiv_nomic_10k,17,lid_descending,226,internal_audit,16,False,24,24
arxiv_nomic_10k,17,lid_descending,227,train_design,10,False,10,24
arxiv_nomic_10k,17,lid_descending,228,train_design,10,False,10,24
arxiv_nomic_10k,17,lid_descending,229,train_design,10,False,10,24
arxiv_nomic_10k,17,lid_descending,230,train_design,10,False,24,24
arxiv_nomic_10k,17,lid_descending,231,train_design,10,False,16,24
arxiv_nomic_10k,17,lid_descending,232,internal_audit,24,False,24,24
arxiv_nomic_10k,17,lid_descending,233,internal_audit,10,False,10,24
arxiv_nomic_10k,17,lid_descending,234,train_design,16,False,16,24
arxiv_nomic_10k,17,lid_descending,235,internal_audit,10,False,10,24
arxiv_nomic_10k,17,lid_descending,236,internal_audit,10,False,10,24
arxiv_nomic_10k,17,lid_descending,237,calibration,10,False,16,24
arxiv_nomic_10k,17,lid_descending,238,train_design,10,False,10,24
arxiv_nomic_10k,17,lid_descending,239,calibration,10,False,10,24
arxiv_nomic_10k,17,lid_descending,240,train_design,10,False,10,24
arxiv_nomic_10k,17,lid_descending,241,internal_audit,10,False,10,24
arxiv_nomic_10k,17,lid_descending,242,calibration,10,False,10,24
arxiv_nomic_10k,17,lid_descending,243,train_design,10,False,10,24
arxiv_nomic_10k,17,lid_descending,244,train_design,24,False,24,24
arxiv_nomic_10k,17,lid_descending,245,train_design,10,False,10,24
arxiv_nomic_10k,17,lid_descending,246,train_design,32,False,16,24
arxiv_nomic_10k,17,lid_descending,247,train_design,48,False,24,24
arxiv_nomic_10k,17,lid_descending,248,calibration,10,False,10,24
arxiv_nomic_10k,17,lid_descending,249,calibration,10,False,10,24
arxiv_nomic_10k,17,lid_descending,250,internal_audit,10,False,10,24
arxiv_nomic_10k,17,lid_descending,251,calibration,10,False,10,24
arxiv_nomic_10k,17,lid_descending,252,calibration,10,False,10,24
arxiv_nomic_10k,17,lid_descending,253,train_design,10,False,10,24
arxiv_nomic_10k,17,lid_descending,254,train_design,10,False,10,24
arxiv_nomic_10k,17,lid_descending,255,train_design,10,False,10,24
arxiv_nomic_10k,17,lid_descending,256,calibration,10,False,10,24
arxiv_nomic_10k,17,lid_descending,257,internal_audit,10,False,10,24
arxiv_nomic_10k,17,lid_descending,258,train_design,10,False,10,24
arxiv_nomic_10k,17,lid_descending,259,train_design,10,False,24,24
arxiv_nomic_10k,17,lid_descending,260,calibration,10,False,10,24
arxiv_nomic_10k,17,lid_descending,261,train_design,10,False,10,24
arxiv_nomic_10k,17,lid_descending,262,calibration,16,False,24,24
arxiv_nomic_10k,17,lid_descending,263,internal_audit,10,False,10,24
arxiv_nomic_10k,17,lid_descending,264,internal_audit,16,False,24,24
arxiv_nomic_10k,17,lid_descending,265,train_design,10,False,10,24
arxiv_nomic_10k,17,lid_descending,266,calibration,10,False,10,24
arxiv_nomic_10k,17,lid_descending,267,train_design,10,False,16,24
arxiv_nomic_10k,17,lid_descending,268,internal_audit,24,False,24,24
arxiv_nomic_10k,17,lid_descending,269,calibration,10,False,10,24
arxiv_nomic_10k,17,lid_descending,270,calibration,16,False,16,24
arxiv_nomic_10k,17,lid_descending,271,internal_audit,16,False,16,24
arxiv_nomic_10k,17,lid_descending,272,train_design,10,False,16,24
arxiv_nomic_10k,17,lid_descending,273,train_design,24,False,24,24
arxiv_nomic_10k,17,lid_descending,274,internal_audit,32,False,16,24
arxiv_nomic_10k,17,lid_descending,275,train_design,10,False,16,24
arxiv_nomic_10k,17,lid_descending,276,calibration,10,False,24,24
arxiv_nomic_10k,17,lid_descending,277,calibration,24,False,24,24
arxiv_nomic_10k,17,lid_descending,278,calibration,10,False,10,24
arxiv_nomic_10k,17,lid_descending,279,train_design,10,False,24,24
arxiv_nomic_10k,17,lid_descending,280,train_design,10,False,16,24
arxiv_nomic_10k,17,lid_descending,281,train_design,10,False,16,24
arxiv_nomic_10k,17,lid_descending,282,train_design,10,False,10,24
arxiv_nomic_10k,17,lid_descending,283,calibration,32,False,10,24
arxiv_nomic_10k,17,lid_descending,284,internal_audit,16,False,24,24
arxiv_nomic_10k,17,lid_descending,285,train_design,10,False,10,24
arxiv_nomic_10k,17,lid_descending,286,calibration,10,False,24,24
arxiv_nomic_10k,17,lid_descending,287,train_design,10,False,16,24
arxiv_nomic_10k,17,lid_descending,288,train_design,10,False,10,24
arxiv_nomic_10k,17,lid_descending,289,internal_audit,10,False,10,24
arxiv_nomic_10k,17,lid_descending,290,train_design,10,False,10,24
arxiv_nomic_10k,17,lid_descending,291,train_design,10,False,10,24
arxiv_nomic_10k,17,lid_descending,292,train_design,10,False,10,24
arxiv_nomic_10k,17,lid_descending,293,internal_audit,10,False,16,24
arxiv_nomic_10k,17,lid_descending,294,train_design,16,False,16,24
arxiv_nomic_10k,17,lid_descending,295,internal_audit,10,False,10,24
arxiv_nomic_10k,17,lid_descending,296,train_design,32,False,24,24
arxiv_nomic_10k,17,lid_descending,297,train_design,10,False,10,24
arxiv_nomic_10k,17,lid_descending,298,train_design,10,False,10,24
arxiv_nomic_10k,17,lid_descending,299,internal_audit,16,False,16,24
arxiv_nomic_10k,17,lid_descending,300,train_design,10,False,10,24
arxiv_nomic_10k,17,lid_descending,301,train_design,10,False,16,24
arxiv_nomic_10k,17,lid_descending,302,train_design,10,False,10,24
arxiv_nomic_10k,17,lid_descending,303,calibration,10,False,10,24
arxiv_nomic_10k,17,lid_descending,304,calibration,24,False,24,24
arxiv_nomic_10k,17,lid_descending,305,train_design,10,False,10,24
arxiv_nomic_10k,17,lid_descending,306,internal_audit,10,False,16,24
arxiv_nomic_10k,17,lid_descending,307,train_design,10,False,10,24
arxiv_nomic_10k,17,lid_descending,308,internal_audit,10,False,10,24
arxiv_nomic_10k,17,lid_descending,309,train_design,10,False,10,24
arxiv_nomic_10k,17,lid_descending,310,train_design,10,False,10,24
arxiv_nomic_10k,17,lid_descending,311,internal_audit,10,False,10,24
arxiv_nomic_10k,17,lid_descending,312,train_design,10,False,10,24
arxiv_nomic_10k,17,lid_descending,313,train_design,10,False,10,24
arxiv_nomic_10k,17,lid_descending,314,internal_audit,10,False,10,24
arxiv_nomic_10k,17,lid_descending,315,calibration,10,False,10,24
arxiv_nomic_10k,17,lid_descending,316,calibration,10,False,10,24
arxiv_nomic_10k,17,lid_descending,317,internal_audit,10,False,16,24
arxiv_nomic_10k,17,lid_descending,318,train_design,10,False,24,24
arxiv_nomic_10k,17,lid_descending,319,calibration,16,False,16,24
arxiv_nomic_10k,17,lid_descending,320,internal_audit,10,False,10,24
arxiv_nomic_10k,17,lid_descending,321,train_design,10,False,10,24
arxiv_nomic_10k,17,lid_descending,322,internal_audit,10,False,16,24
arxiv_nomic_10k,17,lid_descending,323,train_design,16,False,16,24
arxiv_nomic_10k,17,lid_descending,324,calibration,10,False,16,24
arxiv_nomic_10k,17,lid_descending,325,train_design,64,False,24,24
arxiv_nomic_10k,17,lid_descending,326,train_design,10,False,24,24
arxiv_nomic_10k,17,lid_descending,327,train_design,16,False,24,24
arxiv_nomic_10k,17,lid_descending,328,calibration,32,False,24,24
arxiv_nomic_10k,17,lid_descending,329,calibration,10,False,10,24
arxiv_nomic_10k,17,lid_descending,330,calibration,10,False,16,24
arxiv_nomic_10k,17,lid_descending,331,train_design,10,False,24,24
arxiv_nomic_10k,17,lid_descending,332,train_design,10,False,24,24
arxiv_nomic_10k,17,lid_descending,333,train_design,10,False,24,24
arxiv_nomic_10k,17,lid_descending,334,train_design,10,False,16,24
arxiv_nomic_10k,17,lid_descending,335,internal_audit,10,False,10,24
arxiv_nomic_10k,17,lid_descending,336,train_design,10,False,10,24
arxiv_nomic_10k,17,lid_descending,337,calibration,10,False,24,24
arxiv_nomic_10k,17,lid_descending,338,calibration,10,False,10,24
arxiv_nomic_10k,17,lid_descending,339,internal_audit,10,False,10,24
arxiv_nomic_10k,17,lid_descending,340,calibration,24,False,24,24
arxiv_nomic_10k,17,lid_descending,341,internal_audit,10,False,10,24
arxiv_nomic_10k,17,lid_descending,342,calibration,16,False,24,24
arxiv_nomic_10k,17,lid_descending,343,internal_audit,10,False,10,24
arxiv_nomic_10k,17,lid_descending,344,calibration,10,False,16,24
arxiv_nomic_10k,17,lid_descending,345,train_design,24,False,24,24
arxiv_nomic_10k,17,lid_descending,346,train_design,24,False,24,24
arxiv_nomic_10k,17,lid_descending,347,train_design,10,False,16,24
arxiv_nomic_10k,17,lid_descending,348,train_design,10,False,10,24
arxiv_nomic_10k,17,lid_descending,349,train_design,10,False,10,24
arxiv_nomic_10k,17,lid_descending,350,internal_audit,10,False,10,24
arxiv_nomic_10k,17,lid_descending,351,internal_audit,16,False,16,24
arxiv_nomic_10k,17,lid_descending,352,train_design,10,False,10,24
arxiv_nomic_10k,17,lid_descending,353,calibration,10,False,16,24
arxiv_nomic_10k,17,lid_descending,354,calibration,10,False,10,24
arxiv_nomic_10k,17,lid_descending,355,internal_audit,10,False,10,24
arxiv_nomic_10k,17,lid_descending,356,train_design,16,False,16,24
arxiv_nomic_10k,17,lid_descending,357,internal_audit,10,False,10,24
arxiv_nomic_10k,17,lid_descending,358,train_design,10,False,10,24
arxiv_nomic_10k,17,lid_descending,359,train_design,10,False,24,24
arxiv_nomic_10k,17,lid_descending,360,train_design,10,False,24,24
arxiv_nomic_10k,17,lid_descending,361,calibration,10,False,10,24
arxiv_nomic_10k,17,lid_descending,362,train_design,10,False,16,24
arxiv_nomic_10k,17,lid_descending,363,train_design,10,False,10,24
arxiv_nomic_10k,17,lid_descending,364,internal_audit,10,False,10,24
arxiv_nomic_10k,17,lid_descending,365,train_design,10,False,10,24
arxiv_nomic_10k,17,lid_descending,366,train_design,10,False,10,24
arxiv_nomic_10k,17,lid_descending,367,train_design,10,False,10,24
arxiv_nomic_10k,17,lid_descending,368,calibration,16,False,16,24
arxiv_nomic_10k,17,lid_descending,369,internal_audit,10,False,10,24
arxiv_nomic_10k,17,lid_descending,370,calibration,10,False,10,24
arxiv_nomic_10k,17,lid_descending,371,train_design,10,False,16,24
arxiv_nomic_10k,17,lid_descending,372,internal_audit,24,False,24,24
arxiv_nomic_10k,17,lid_descending,373,train_design,10,False,16,24
arxiv_nomic_10k,17,lid_descending,374,internal_audit,10,False,16,24
arxiv_nomic_10k,17,lid_descending,375,train_design,10,False,16,24
arxiv_nomic_10k,17,lid_descending,376,train_design,10,False,10,24
arxiv_nomic_10k,17,lid_descending,377,train_design,16,False,16,24
arxiv_nomic_10k,17,lid_descending,378,calibration,10,False,10,24
arxiv_nomic_10k,17,lid_descending,379,train_design,16,False,16,24
arxiv_nomic_10k,17,lid_descending,380,train_design,32,False,24,24
arxiv_nomic_10k,17,lid_descending,381,internal_audit,10,False,10,24
arxiv_nomic_10k,17,lid_descending,382,internal_audit,32,False,24,24
arxiv_nomic_10k,17,lid_descending,383,internal_audit,10,False,24,24
arxiv_nomic_10k,17,lid_descending,384,train_design,24,False,24,24
arxiv_nomic_10k,17,lid_descending,385,train_design,10,False,10,24
arxiv_nomic_10k,17,lid_descending,386,train_design,16,False,16,24
arxiv_nomic_10k,17,lid_descending,387,train_design,32,False,24,24
arxiv_nomic_10k,17,lid_descending,388,train_design,10,False,24,24
arxiv_nomic_10k,17,lid_descending,389,train_design,10,False,10,24
arxiv_nomic_10k,17,lid_descending,390,internal_audit,10,False,10,24
arxiv_nomic_10k,17,lid_descending,391,internal_audit,10,False,10,24
arxiv_nomic_10k,17,lid_descending,392,train_design,32,False,16,24
arxiv_nomic_10k,17,lid_descending,393,calibration,24,False,24,24
arxiv_nomic_10k,17,lid_descending,394,calibration,16,False,16,24
arxiv_nomic_10k,17,lid_descending,395,train_design,16,False,16,24
arxiv_nomic_10k,17,lid_descending,396,train_design,10,False,10,24
arxiv_nomic_10k,17,lid_descending,397,internal_audit,10,False,10,24
arxiv_nomic_10k,17,lid_descending,398,internal_audit,10,False,10,24
arxiv_nomic_10k,17,lid_descending,399,calibration,16,False,16,24
arxiv_nomic_10k,17,lid_descending,400,train_design,10,False,16,24
arxiv_nomic_10k,17,lid_descending,401,train_design,10,False,10,24
arxiv_nomic_10k,17,lid_descending,402,calibration,10,False,10,24
arxiv_nomic_10k,17,lid_descending,403,calibration,10,False,10,24
arxiv_nomic_10k,17,lid_descending,404,calibration,10,False,10,24
arxiv_nomic_10k,17,lid_descending,405,train_design,16,False,24,24
arxiv_nomic_10k,17,lid_descending,406,train_design,10,False,10,24
arxiv_nomic_10k,17,lid_descending,407,calibration,10,False,10,24
arxiv_nomic_10k,17,lid_descending,408,internal_audit,10,False,10,24
arxiv_nomic_10k,17,lid_descending,409,train_design,10,False,10,24
arxiv_nomic_10k,17,lid_descending,410,calibration,16,False,16,24
arxiv_nomic_10k,17,lid_descending,411,train_design,10,False,10,24
arxiv_nomic_10k,17,lid_descending,412,train_design,10,False,10,24
arxiv_nomic_10k,17,lid_descending,413,calibration,16,False,16,24
arxiv_nomic_10k,17,lid_descending,414,internal_audit,10,False,10,24
arxiv_nomic_10k,17,lid_descending,415,internal_audit,10,False,10,24
arxiv_nomic_10k,17,lid_descending,416,calibration,10,False,10,24
arxiv_nomic_10k,17,lid_descending,417,train_design,10,False,16,24
arxiv_nomic_10k,17,lid_descending,418,calibration,32,False,16,24
arxiv_nomic_10k,17,lid_descending,419,train_design,10,False,10,24
arxiv_nomic_10k,17,lid_descending,420,calibration,16,False,24,24
arxiv_nomic_10k,17,lid_descending,421,train_design,10,False,10,24
arxiv_nomic_10k,17,lid_descending,422,train_design,10,False,16,24
arxiv_nomic_10k,17,lid_descending,423,train_design,16,False,16,24
arxiv_nomic_10k,17,lid_descending,424,train_design,16,False,16,24
arxiv_nomic_10k,17,lid_descending,425,train_design,10,False,10,24
arxiv_nomic_10k,17,lid_descending,426,train_design,10,False,10,24
arxiv_nomic_10k,17,lid_descending,427,train_design,10,False,10,24
arxiv_nomic_10k,17,lid_descending,428,internal_audit,10,False,10,24
arxiv_nomic_10k,17,lid_descending,429,internal_audit,10,False,16,24
arxiv_nomic_10k,17,lid_descending,430,train_design,10,False,24,24
arxiv_nomic_10k,17,lid_descending,431,train_design,10,False,10,24
arxiv_nomic_10k,17,lid_descending,432,train_design,10,False,10,24
arxiv_nomic_10k,17,lid_descending,433,calibration,10,False,10,24
arxiv_nomic_10k,17,lid_descending,434,train_design,10,False,10,24
arxiv_nomic_10k,17,lid_descending,435,train_design,10,False,10,24
arxiv_nomic_10k,17,lid_descending,436,train_design,10,False,10,24
arxiv_nomic_10k,17,lid_descending,437,internal_audit,10,False,24,24
arxiv_nomic_10k,17,lid_descending,438,internal_audit,10,False,24,24
arxiv_nomic_10k,17,lid_descending,439,internal_audit,10,False,24,24
arxiv_nomic_10k,17,lid_descending,440,calibration,10,False,10,24
arxiv_nomic_10k,17,lid_descending,441,calibration,10,False,10,24
arxiv_nomic_10k,17,lid_descending,442,internal_audit,10,False,10,24
arxiv_nomic_10k,17,lid_descending,443,train_design,10,False,16,24
arxiv_nomic_10k,17,lid_descending,444,internal_audit,10,False,10,24
arxiv_nomic_10k,17,lid_descending,445,calibration,10,False,16,24
arxiv_nomic_10k,17,lid_descending,446,train_design,10,False,10,24
arxiv_nomic_10k,17,lid_descending,447,calibration,24,False,24,24
arxiv_nomic_10k,17,lid_descending,448,train_design,10,False,10,24
arxiv_nomic_10k,17,lid_descending,449,calibration,16,False,16,24
arxiv_nomic_10k,17,lid_descending,450,train_design,16,False,16,24
arxiv_nomic_10k,17,lid_descending,451,calibration,10,False,16,24
arxiv_nomic_10k,17,lid_descending,452,calibration,10,False,10,24
arxiv_nomic_10k,17,lid_descending,453,train_design,10,False,16,24
arxiv_nomic_10k,17,lid_descending,454,train_design,10,False,10,24
arxiv_nomic_10k,17,lid_descending,455,train_design,10,False,10,24
arxiv_nomic_10k,17,lid_descending,456,train_design,10,False,10,24
arxiv_nomic_10k,17,lid_descending,457,train_design,10,False,10,24
arxiv_nomic_10k,17,lid_descending,458,internal_audit,10,False,10,24
arxiv_nomic_10k,17,lid_descending,459,internal_audit,10,False,10,24
arxiv_nomic_10k,17,lid_descending,460,train_design,10,False,10,24
arxiv_nomic_10k,17,lid_descending,461,train_design,10,False,16,24
arxiv_nomic_10k,17,lid_descending,462,calibration,10,False,10,24
arxiv_nomic_10k,17,lid_descending,463,train_design,10,False,10,24
arxiv_nomic_10k,17,lid_descending,464,train_design,16,False,24,24
arxiv_nomic_10k,17,lid_descending,465,train_design,24,False,24,24
arxiv_nomic_10k,17,lid_descending,466,train_design,10,False,10,24
arxiv_nomic_10k,17,lid_descending,467,internal_audit,10,False,24,24
arxiv_nomic_10k,17,lid_descending,468,train_design,10,False,16,24
arxiv_nomic_10k,17,lid_descending,469,train_design,16,False,24,24
arxiv_nomic_10k,17,lid_descending,470,train_design,10,False,10,24
arxiv_nomic_10k,17,lid_descending,471,internal_audit,10,False,10,24
arxiv_nomic_10k,17,lid_descending,472,train_design,24,False,24,24
arxiv_nomic_10k,17,lid_descending,473,train_design,10,False,10,24
arxiv_nomic_10k,17,lid_descending,474,train_design,10,False,16,24
arxiv_nomic_10k,17,lid_descending,475,train_design,10,False,10,24
arxiv_nomic_10k,17,lid_descending,476,internal_audit,10,False,10,24
arxiv_nomic_10k,17,lid_descending,477,train_design,10,False,10,24
arxiv_nomic_10k,17,lid_descending,478,train_design,10,False,16,24
arxiv_nomic_10k,17,lid_descending,479,train_design,10,False,10,24
arxiv_nomic_10k,17,lid_descending,480,train_design,10,False,10,24
arxiv_nomic_10k,17,lid_descending,481,train_design,16,False,16,24
arxiv_nomic_10k,17,lid_descending,482,internal_audit,10,False,10,24
arxiv_nomic_10k,17,lid_descending,483,train_design,10,False,10,24
arxiv_nomic_10k,17,lid_descending,484,train_design,48,False,16,24
arxiv_nomic_10k,17,lid_descending,485,calibration,64,False,24,24
arxiv_nomic_10k,17,lid_descending,486,internal_audit,24,False,24,24
arxiv_nomic_10k,17,lid_descending,487,internal_audit,10,False,10,24
arxiv_nomic_10k,17,lid_descending,488,calibration,24,False,24,24
arxiv_nomic_10k,17,lid_descending,489,train_design,10,False,10,24
arxiv_nomic_10k,17,lid_descending,490,calibration,10,False,10,24
arxiv_nomic_10k,17,lid_descending,491,internal_audit,24,False,24,24
arxiv_nomic_10k,17,lid_descending,492,train_design,10,False,24,24
arxiv_nomic_10k,17,lid_descending,493,calibration,10,False,10,24
arxiv_nomic_10k,17,lid_descending,494,train_design,24,False,24,24
arxiv_nomic_10k,17,lid_descending,495,train_design,10,False,10,24
arxiv_nomic_10k,17,lid_descending,496,train_design,10,False,10,24
arxiv_nomic_10k,17,lid_descending,497,train_design,24,False,24,24
arxiv_nomic_10k,17,lid_descending,498,calibration,10,False,10,24
arxiv_nomic_10k,17,lid_descending,499,train_design,10,False,10,24
arxiv_nomic_10k,17,random,0,train_design,10,False,16,24
arxiv_nomic_10k,17,random,1,train_design,32,False,24,24
arxiv_nomic_10k,17,random,2,calibration,24,False,24,24
arxiv_nomic_10k,17,random,3,calibration,10,False,10,24
arxiv_nomic_10k,17,random,4,internal_audit,10,False,10,24
arxiv_nomic_10k,17,random,5,calibration,10,False,16,24
arxiv_nomic_10k,17,random,6,train_design,10,False,10,24
arxiv_nomic_10k,17,random,7,internal_audit,10,False,10,24
arxiv_nomic_10k,17,random,8,train_design,10,False,24,24
arxiv_nomic_10k,17,random,9,train_design,10,False,10,24
arxiv_nomic_10k,17,random,10,train_design,10,False,10,24
arxiv_nomic_10k,17,random,11,internal_audit,24,False,24,24
arxiv_nomic_10k,17,random,12,train_design,10,False,10,24
arxiv_nomic_10k,17,random,13,internal_audit,16,False,16,24
arxiv_nomic_10k,17,random,14,train_design,10,False,10,24
arxiv_nomic_10k,17,random,15,internal_audit,10,False,10,24
arxiv_nomic_10k,17,random,16,calibration,10,False,10,24
arxiv_nomic_10k,17,random,17,internal_audit,10,False,10,24
arxiv_nomic_10k,17,random,18,calibration,10,False,10,24
arxiv_nomic_10k,17,random,19,train_design,32,False,16,24
arxiv_nomic_10k,17,random,20,train_design,16,False,16,24
arxiv_nomic_10k,17,random,21,internal_audit,24,False,24,24
arxiv_nomic_10k,17,random,22,train_design,10,False,16,24
arxiv_nomic_10k,17,random,23,internal_audit,48,False,24,24
arxiv_nomic_10k,17,random,24,calibration,24,False,24,24
arxiv_nomic_10k,17,random,25,train_design,10,False,24,24
arxiv_nomic_10k,17,random,26,calibration,10,False,24,24
arxiv_nomic_10k,17,random,27,calibration,24,False,24,24
arxiv_nomic_10k,17,random,28,train_design,10,False,16,24
arxiv_nomic_10k,17,random,29,calibration,16,False,16,24
arxiv_nomic_10k,17,random,30,internal_audit,16,False,16,24
arxiv_nomic_10k,17,random,31,train_design,10,False,10,24
arxiv_nomic_10k,17,random,32,train_design,24,False,24,24
arxiv_nomic_10k,17,random,33,calibration,10,False,10,24
arxiv_nomic_10k,17,random,34,internal_audit,10,False,10,24
arxiv_nomic_10k,17,random,35,train_design,24,False,24,24
arxiv_nomic_10k,17,random,36,internal_audit,10,False,10,24
arxiv_nomic_10k,17,random,37,train_design,48,False,10,24
arxiv_nomic_10k,17,random,38,internal_audit,64,False,24,24
arxiv_nomic_10k,17,random,39,calibration,16,False,24,24
arxiv_nomic_10k,17,random,40,train_design,10,False,24,24
arxiv_nomic_10k,17,random,41,internal_audit,10,False,10,24
arxiv_nomic_10k,17,random,42,train_design,10,False,10,24
arxiv_nomic_10k,17,random,43,train_design,10,False,10,24
arxiv_nomic_10k,17,random,44,train_design,10,False,10,24
arxiv_nomic_10k,17,random,45,internal_audit,10,False,10,24
arxiv_nomic_10k,17,random,46,calibration,10,False,10,24
arxiv_nomic_10k,17,random,47,train_design,10,False,10,24
arxiv_nomic_10k,17,random,48,train_design,48,False,10,24
arxiv_nomic_10k,17,random,49,internal_audit,10,False,10,24
arxiv_nomic_10k,17,random,50,train_design,16,False,16,24
arxiv_nomic_10k,17,random,51,calibration,24,False,24,24
arxiv_nomic_10k,17,random,52,calibration,10,False,16,24
arxiv_nomic_10k,17,random,53,train_design,10,False,10,24
arxiv_nomic_10k,17,random,54,train_design,10,False,10,24
arxiv_nomic_10k,17,random,55,calibration,10,False,10,24
arxiv_nomic_10k,17,random,56,train_design,10,False,24,24
arxiv_nomic_10k,17,random,57,calibration,16,False,24,24
arxiv_nomic_10k,17,random,58,calibration,10,False,10,24
arxiv_nomic_10k,17,random,59,calibration,16,False,16,24
arxiv_nomic_10k,17,random,60,train_design,10,False,10,24
arxiv_nomic_10k,17,random,61,train_design,24,False,24,24
arxiv_nomic_10k,17,random,62,train_design,10,False,10,24
arxiv_nomic_10k,17,random,63,internal_audit,10,False,10,24
arxiv_nomic_10k,17,random,64,train_design,10,False,16,24
arxiv_nomic_10k,17,random,65,calibration,10,False,10,24
arxiv_nomic_10k,17,random,66,calibration,10,False,16,24
arxiv_nomic_10k,17,random,67,train_design,10,False,10,24
arxiv_nomic_10k,17,random,68,calibration,24,False,24,24
arxiv_nomic_10k,17,random,69,calibration,10,False,10,24
arxiv_nomic_10k,17,random,70,train_design,10,False,10,24
arxiv_nomic_10k,17,random,71,calibration,10,False,10,24
arxiv_nomic_10k,17,random,72,train_design,10,False,24,24
arxiv_nomic_10k,17,random,73,internal_audit,10,False,16,24
arxiv_nomic_10k,17,random,74,calibration,10,False,10,24
arxiv_nomic_10k,17,random,75,train_design,10,False,10,24
arxiv_nomic_10k,17,random,76,train_design,24,False,24,24
arxiv_nomic_10k,17,random,77,calibration,16,False,24,24
arxiv_nomic_10k,17,random,78,calibration,10,False,10,24
arxiv_nomic_10k,17,random,79,calibration,24,False,24,24
arxiv_nomic_10k,17,random,80,train_design,10,False,24,24
arxiv_nomic_10k,17,random,81,internal_audit,16,False,16,24
arxiv_nomic_10k,17,random,82,train_design,10,False,10,24
arxiv_nomic_10k,17,random,83,train_design,24,False,24,24
arxiv_nomic_10k,17,random,84,train_design,16,False,16,24
arxiv_nomic_10k,17,random,85,internal_audit,10,False,16,24
arxiv_nomic_10k,17,random,86,internal_audit,10,False,10,24
arxiv_nomic_10k,17,random,87,calibration,24,False,24,24
arxiv_nomic_10k,17,random,88,internal_audit,24,False,24,24
arxiv_nomic_10k,17,random,89,train_design,32,False,24,24
arxiv_nomic_10k,17,random,90,calibration,16,False,24,24
arxiv_nomic_10k,17,random,91,train_design,10,False,10,24
arxiv_nomic_10k,17,random,92,internal_audit,16,False,16,24
arxiv_nomic_10k,17,random,93,internal_audit,16,False,16,24
arxiv_nomic_10k,17,random,94,calibration,10,False,16,24
arxiv_nomic_10k,17,random,95,train_design,10,False,16,24
arxiv_nomic_10k,17,random,96,internal_audit,10,False,16,24
arxiv_nomic_10k,17,random,97,calibration,24,False,24,24
arxiv_nomic_10k,17,random,98,train_design,10,False,10,24
arxiv_nomic_10k,17,random,99,internal_audit,10,False,24,24
arxiv_nomic_10k,17,random,100,train_design,10,False,24,24
arxiv_nomic_10k,17,random,101,calibration,10,False,16,24
arxiv_nomic_10k,17,random,102,train_design,16,False,16,24
arxiv_nomic_10k,17,random,103,calibration,10,False,10,24
arxiv_nomic_10k,17,random,104,internal_audit,10,False,10,24
arxiv_nomic_10k,17,random,105,calibration,10,False,10,24
arxiv_nomic_10k,17,random,106,train_design,10,False,10,24
arxiv_nomic_10k,17,random,107,train_design,10,False,10,24
arxiv_nomic_10k,17,random,108,train_design,16,False,16,24
arxiv_nomic_10k,17,random,109,internal_audit,24,False,24,24
arxiv_nomic_10k,17,random,110,calibration,10,False,16,24
arxiv_nomic_10k,17,random,111,train_design,24,False,24,24
arxiv_nomic_10k,17,random,112,train_design,10,False,16,24
arxiv_nomic_10k,17,random,113,calibration,10,False,10,24
arxiv_nomic_10k,17,random,114,internal_audit,10,False,10,24
arxiv_nomic_10k,17,random,115,internal_audit,10,False,16,24
arxiv_nomic_10k,17,random,116,train_design,10,False,10,24
arxiv_nomic_10k,17,random,117,train_design,10,False,10,24
arxiv_nomic_10k,17,random,118,internal_audit,10,False,16,24
arxiv_nomic_10k,17,random,119,calibration,10,False,10,24
arxiv_nomic_10k,17,random,120,internal_audit,10,False,10,24
arxiv_nomic_10k,17,random,121,train_design,10,False,10,24
arxiv_nomic_10k,17,random,122,calibration,24,False,24,24
arxiv_nomic_10k,17,random,123,train_design,10,False,10,24
arxiv_nomic_10k,17,random,124,train_design,48,False,16,24
arxiv_nomic_10k,17,random,125,internal_audit,10,False,16,24
arxiv_nomic_10k,17,random,126,internal_audit,10,False,10,24
arxiv_nomic_10k,17,random,127,train_design,10,False,16,24
arxiv_nomic_10k,17,random,128,internal_audit,10,False,16,24
arxiv_nomic_10k,17,random,129,calibration,48,False,24,24
arxiv_nomic_10k,17,random,130,internal_audit,10,False,10,24
arxiv_nomic_10k,17,random,131,train_design,10,False,10,24
arxiv_nomic_10k,17,random,132,calibration,10,False,10,24
arxiv_nomic_10k,17,random,133,train_design,10,False,10,24
arxiv_nomic_10k,17,random,134,internal_audit,10,False,10,24
arxiv_nomic_10k,17,random,135,internal_audit,10,False,10,24
arxiv_nomic_10k,17,random,136,train_design,10,False,10,24
arxiv_nomic_10k,17,random,137,train_design,10,False,10,24
arxiv_nomic_10k,17,random,138,train_design,24,False,24,24
arxiv_nomic_10k,17,random,139,train_design,10,False,10,24
arxiv_nomic_10k,17,random,140,internal_audit,10,False,16,24
arxiv_nomic_10k,17,random,141,calibration,10,False,24,24
arxiv_nomic_10k,17,random,142,internal_audit,10,False,10,24
arxiv_nomic_10k,17,random,143,train_design,10,False,10,24
arxiv_nomic_10k,17,random,144,internal_audit,10,False,10,24
arxiv_nomic_10k,17,random,145,calibration,10,False,10,24
arxiv_nomic_10k,17,random,146,train_design,10,False,10,24
arxiv_nomic_10k,17,random,147,train_design,16,False,16,24
arxiv_nomic_10k,17,random,148,train_design,10,False,10,24
arxiv_nomic_10k,17,random,149,train_design,10,False,10,24
arxiv_nomic_10k,17,random,150,train_design,10,False,10,24
arxiv_nomic_10k,17,random,151,train_design,10,False,24,24
arxiv_nomic_10k,17,random,152,train_design,10,False,16,24
arxiv_nomic_10k,17,random,153,calibration,16,False,16,24
arxiv_nomic_10k,17,random,154,calibration,16,False,24,24
arxiv_nomic_10k,17,random,155,calibration,10,False,10,24
arxiv_nomic_10k,17,random,156,internal_audit,10,False,24,24
arxiv_nomic_10k,17,random,157,train_design,10,False,10,24
arxiv_nomic_10k,17,random,158,internal_audit,16,False,16,24
arxiv_nomic_10k,17,random,159,calibration,10,False,24,24
arxiv_nomic_10k,17,random,160,train_design,10,False,10,24
arxiv_nomic_10k,17,random,161,internal_audit,16,False,16,24
arxiv_nomic_10k,17,random,162,internal_audit,10,False,10,24
arxiv_nomic_10k,17,random,163,internal_audit,10,False,10,24
arxiv_nomic_10k,17,random,164,train_design,10,False,10,24
arxiv_nomic_10k,17,random,165,calibration,16,False,16,24
arxiv_nomic_10k,17,random,166,train_design,10,False,10,24
arxiv_nomic_10k,17,random,167,train_design,10,False,10,24
arxiv_nomic_10k,17,random,168,train_design,10,False,10,24
arxiv_nomic_10k,17,random,169,train_design,10,False,10,24
arxiv_nomic_10k,17,random,170,calibration,10,False,16,24
arxiv_nomic_10k,17,random,171,train_design,16,False,24,24
arxiv_nomic_10k,17,random,172,train_design,10,False,10,24
arxiv_nomic_10k,17,random,173,internal_audit,10,False,10,24
arxiv_nomic_10k,17,random,174,train_design,24,False,24,24
arxiv_nomic_10k,17,random,175,train_design,32,False,16,24
arxiv_nomic_10k,17,random,176,calibration,16,False,24,24
arxiv_nomic_10k,17,random,177,train_design,10,False,16,24
arxiv_nomic_10k,17,random,178,train_design,10,False,10,24
arxiv_nomic_10k,17,random,179,internal_audit,24,False,24,24
arxiv_nomic_10k,17,random,180,internal_audit,24,False,24,24
arxiv_nomic_10k,17,random,181,calibration,16,False,16,24
arxiv_nomic_10k,17,random,182,train_design,10,False,10,24
arxiv_nomic_10k,17,random,183,train_design,10,False,10,24
arxiv_nomic_10k,17,random,184,train_design,10,False,16,24
arxiv_nomic_10k,17,random,185,calibration,10,False,10,24
arxiv_nomic_10k,17,random,186,calibration,10,False,10,24
arxiv_nomic_10k,17,random,187,train_design,10,False,10,24
arxiv_nomic_10k,17,random,188,train_design,10,False,10,24
arxiv_nomic_10k,17,random,189,internal_audit,10,False,16,24
arxiv_nomic_10k,17,random,190,train_design,10,False,10,24
arxiv_nomic_10k,17,random,191,internal_audit,32,False,10,24
arxiv_nomic_10k,17,random,192,calibration,24,False,24,24
arxiv_nomic_10k,17,random,193,train_design,24,False,24,24
arxiv_nomic_10k,17,random,194,internal_audit,10,False,10,24
arxiv_nomic_10k,17,random,195,calibration,16,False,16,24
arxiv_nomic_10k,17,random,196,calibration,10,False,10,24
arxiv_nomic_10k,17,random,197,calibration,10,False,10,24
arxiv_nomic_10k,17,random,198,train_design,10,False,10,24
arxiv_nomic_10k,17,random,199,internal_audit,10,False,10,24
arxiv_nomic_10k,17,random,200,train_design,16,False,24,24
arxiv_nomic_10k,17,random,201,calibration,10,False,24,24
arxiv_nomic_10k,17,random,202,internal_audit,10,False,16,24
arxiv_nomic_10k,17,random,203,internal_audit,16,False,16,24
arxiv_nomic_10k,17,random,204,train_design,32,False,10,24
arxiv_nomic_10k,17,random,205,train_design,10,False,10,24
arxiv_nomic_10k,17,random,206,calibration,16,False,24,24
arxiv_nomic_10k,17,random,207,internal_audit,10,False,10,24
arxiv_nomic_10k,17,random,208,train_design,24,False,24,24
arxiv_nomic_10k,17,random,209,internal_audit,16,False,16,24
arxiv_nomic_10k,17,random,210,internal_audit,64,False,16,24
arxiv_nomic_10k,17,random,211,train_design,10,False,16,24
arxiv_nomic_10k,17,random,212,internal_audit,10,False,10,24
arxiv_nomic_10k,17,random,213,train_design,10,False,24,24
arxiv_nomic_10k,17,random,214,internal_audit,10,False,10,24
arxiv_nomic_10k,17,random,215,internal_audit,10,False,24,24
arxiv_nomic_10k,17,random,216,internal_audit,10,False,16,24
arxiv_nomic_10k,17,random,217,train_design,10,False,10,24
arxiv_nomic_10k,17,random,218,calibration,10,False,16,24
arxiv_nomic_10k,17,random,219,calibration,10,False,16,24
arxiv_nomic_10k,17,random,220,calibration,16,False,24,24
arxiv_nomic_10k,17,random,221,train_design,10,False,24,24
arxiv_nomic_10k,17,random,222,train_design,10,False,10,24
arxiv_nomic_10k,17,random,223,train_design,16,False,16,24
arxiv_nomic_10k,17,random,224,internal_audit,10,False,10,24
arxiv_nomic_10k,17,random,225,train_design,10,False,10,24
arxiv_nomic_10k,17,random,226,internal_audit,10,False,10,24
arxiv_nomic_10k,17,random,227,train_design,10,False,10,24
arxiv_nomic_10k,17,random,228,train_design,10,False,24,24
arxiv_nomic_10k,17,random,229,train_design,10,False,16,24
arxiv_nomic_10k,17,random,230,train_design,16,False,24,24
arxiv_nomic_10k,17,random,231,train_design,10,False,16,24
arxiv_nomic_10k,17,random,232,internal_audit,24,False,24,24
arxiv_nomic_10k,17,random,233,internal_audit,10,False,10,24
arxiv_nomic_10k,17,random,234,train_design,48,False,16,24
arxiv_nomic_10k,17,random,235,internal_audit,10,False,10,24
arxiv_nomic_10k,17,random,236,internal_audit,10,False,10,24
arxiv_nomic_10k,17,random,237,calibration,24,False,24,24
arxiv_nomic_10k,17,random,238,train_design,10,False,10,24
arxiv_nomic_10k,17,random,239,calibration,10,False,16,24
arxiv_nomic_10k,17,random,240,train_design,10,False,10,24
arxiv_nomic_10k,17,random,241,internal_audit,10,False,10,24
arxiv_nomic_10k,17,random,242,calibration,10,False,10,24
arxiv_nomic_10k,17,random,243,train_design,10,False,10,24
arxiv_nomic_10k,17,random,244,train_design,16,False,16,24
arxiv_nomic_10k,17,random,245,train_design,10,False,24,24
arxiv_nomic_10k,17,random,246,train_design,10,False,10,24
arxiv_nomic_10k,17,random,247,train_design,32,False,16,24
arxiv_nomic_10k,17,random,248,calibration,10,False,10,24
arxiv_nomic_10k,17,random,249,calibration,10,False,10,24
arxiv_nomic_10k,17,random,250,internal_audit,10,False,10,24
arxiv_nomic_10k,17,random,251,calibration,10,False,16,24
arxiv_nomic_10k,17,random,252,calibration,10,False,10,24
arxiv_nomic_10k,17,random,253,train_design,10,False,10,24
arxiv_nomic_10k,17,random,254,train_design,10,False,16,24
arxiv_nomic_10k,17,random,255,train_design,16,False,16,24
arxiv_nomic_10k,17,random,256,calibration,10,False,10,24
arxiv_nomic_10k,17,random,257,internal_audit,10,False,10,24
arxiv_nomic_10k,17,random,258,train_design,10,False,10,24
arxiv_nomic_10k,17,random,259,train_design,10,False,24,24
arxiv_nomic_10k,17,random,260,calibration,10,False,24,24
arxiv_nomic_10k,17,random,261,train_design,10,False,10,24
arxiv_nomic_10k,17,random,262,calibration,16,False,24,24
arxiv_nomic_10k,17,random,263,internal_audit,10,False,10,24
arxiv_nomic_10k,17,random,264,internal_audit,10,False,10,24
arxiv_nomic_10k,17,random,265,train_design,10,False,10,24
arxiv_nomic_10k,17,random,266,calibration,10,False,10,24
arxiv_nomic_10k,17,random,267,train_design,10,False,10,24
arxiv_nomic_10k,17,random,268,internal_audit,48,False,16,24
arxiv_nomic_10k,17,random,269,calibration,10,False,10,24
arxiv_nomic_10k,17,random,270,calibration,10,False,16,24
arxiv_nomic_10k,17,random,271,internal_audit,10,False,10,24
arxiv_nomic_10k,17,random,272,train_design,10,False,16,24
arxiv_nomic_10k,17,random,273,train_design,24,False,24,24
arxiv_nomic_10k,17,random,274,internal_audit,64,False,16,24
arxiv_nomic_10k,17,random,275,train_design,10,False,10,24
arxiv_nomic_10k,17,random,276,calibration,16,False,24,24
arxiv_nomic_10k,17,random,277,calibration,10,False,10,24
arxiv_nomic_10k,17,random,278,calibration,10,False,10,24
arxiv_nomic_10k,17,random,279,train_design,24,False,24,24
arxiv_nomic_10k,17,random,280,train_design,10,False,10,24
arxiv_nomic_10k,17,random,281,train_design,24,False,24,24
arxiv_nomic_10k,17,random,282,train_design,10,False,10,24
arxiv_nomic_10k,17,random,283,calibration,24,False,24,24
arxiv_nomic_10k,17,random,284,internal_audit,16,False,24,24
arxiv_nomic_10k,17,random,285,train_design,10,False,16,24
arxiv_nomic_10k,17,random,286,calibration,10,False,10,24
arxiv_nomic_10k,17,random,287,train_design,10,False,10,24
arxiv_nomic_10k,17,random,288,train_design,10,False,10,24
arxiv_nomic_10k,17,random,289,internal_audit,10,False,10,24
arxiv_nomic_10k,17,random,290,train_design,10,False,10,24
arxiv_nomic_10k,17,random,291,train_design,10,False,16,24
arxiv_nomic_10k,17,random,292,train_design,10,False,10,24
arxiv_nomic_10k,17,random,293,internal_audit,10,False,16,24
arxiv_nomic_10k,17,random,294,train_design,16,False,24,24
arxiv_nomic_10k,17,random,295,internal_audit,16,False,24,24
arxiv_nomic_10k,17,random,296,train_design,48,False,16,24
arxiv_nomic_10k,17,random,297,train_design,10,False,10,24
arxiv_nomic_10k,17,random,298,train_design,10,False,10,24
arxiv_nomic_10k,17,random,299,internal_audit,16,False,16,24
arxiv_nomic_10k,17,random,300,train_design,10,False,16,24
arxiv_nomic_10k,17,random,301,train_design,16,False,16,24
arxiv_nomic_10k,17,random,302,train_design,10,False,10,24
arxiv_nomic_10k,17,random,303,calibration,10,False,10,24
arxiv_nomic_10k,17,random,304,calibration,24,False,24,24
arxiv_nomic_10k,17,random,305,train_design,10,False,10,24
arxiv_nomic_10k,17,random,306,internal_audit,10,False,10,24
arxiv_nomic_10k,17,random,307,train_design,10,False,10,24
arxiv_nomic_10k,17,random,308,internal_audit,10,False,10,24
arxiv_nomic_10k,17,random,309,train_design,10,False,10,24
arxiv_nomic_10k,17,random,310,train_design,10,False,10,24
arxiv_nomic_10k,17,random,311,internal_audit,10,False,10,24
arxiv_nomic_10k,17,random,312,train_design,10,False,10,24
arxiv_nomic_10k,17,random,313,train_design,10,False,10,24
arxiv_nomic_10k,17,random,314,internal_audit,16,False,16,24
arxiv_nomic_10k,17,random,315,calibration,10,False,10,24
arxiv_nomic_10k,17,random,316,calibration,10,False,10,24
arxiv_nomic_10k,17,random,317,internal_audit,16,False,24,24
arxiv_nomic_10k,17,random,318,train_design,10,False,24,24
arxiv_nomic_10k,17,random,319,calibration,16,False,16,24
arxiv_nomic_10k,17,random,320,internal_audit,10,False,16,24
arxiv_nomic_10k,17,random,321,train_design,16,False,24,24
arxiv_nomic_10k,17,random,322,internal_audit,16,False,16,24
arxiv_nomic_10k,17,random,323,train_design,16,False,16,24
arxiv_nomic_10k,17,random,324,calibration,16,False,16,24
arxiv_nomic_10k,17,random,325,train_design,24,False,24,24
arxiv_nomic_10k,17,random,326,train_design,10,False,16,24
arxiv_nomic_10k,17,random,327,train_design,10,False,10,24
arxiv_nomic_10k,17,random,328,calibration,16,False,16,24
arxiv_nomic_10k,17,random,329,calibration,10,False,10,24
arxiv_nomic_10k,17,random,330,calibration,10,False,10,24
arxiv_nomic_10k,17,random,331,train_design,10,False,24,24
arxiv_nomic_10k,17,random,332,train_design,10,False,24,24
arxiv_nomic_10k,17,random,333,train_design,10,False,10,24
arxiv_nomic_10k,17,random,334,train_design,16,False,16,24
arxiv_nomic_10k,17,random,335,internal_audit,10,False,10,24
arxiv_nomic_10k,17,random,336,train_design,10,False,24,24
arxiv_nomic_10k,17,random,337,calibration,10,False,24,24
arxiv_nomic_10k,17,random,338,calibration,10,False,10,24
arxiv_nomic_10k,17,random,339,internal_audit,10,False,10,24
arxiv_nomic_10k,17,random,340,calibration,24,False,24,24
arxiv_nomic_10k,17,random,341,internal_audit,10,False,10,24
arxiv_nomic_10k,17,random,342,calibration,16,False,16,24
arxiv_nomic_10k,17,random,343,internal_audit,10,False,10,24
arxiv_nomic_10k,17,random,344,calibration,10,False,10,24
arxiv_nomic_10k,17,random,345,train_design,16,False,24,24
arxiv_nomic_10k,17,random,346,train_design,10,False,24,24
arxiv_nomic_10k,17,random,347,train_design,10,False,16,24
arxiv_nomic_10k,17,random,348,train_design,10,False,10,24
arxiv_nomic_10k,17,random,349,train_design,10,False,10,24
arxiv_nomic_10k,17,random,350,internal_audit,10,False,10,24
arxiv_nomic_10k,17,random,351,internal_audit,16,False,16,24
arxiv_nomic_10k,17,random,352,train_design,24,False,24,24
arxiv_nomic_10k,17,random,353,calibration,10,False,24,24
arxiv_nomic_10k,17,random,354,calibration,10,False,10,24
arxiv_nomic_10k,17,random,355,internal_audit,10,False,10,24
arxiv_nomic_10k,17,random,356,train_design,16,False,16,24
arxiv_nomic_10k,17,random,357,internal_audit,10,False,10,24
arxiv_nomic_10k,17,random,358,train_design,10,False,10,24
arxiv_nomic_10k,17,random,359,train_design,16,False,24,24
arxiv_nomic_10k,17,random,360,train_design,10,False,16,24
arxiv_nomic_10k,17,random,361,calibration,10,False,10,24
arxiv_nomic_10k,17,random,362,train_design,16,False,16,24
arxiv_nomic_10k,17,random,363,train_design,24,False,24,24
arxiv_nomic_10k,17,random,364,internal_audit,10,False,10,24
arxiv_nomic_10k,17,random,365,train_design,10,False,10,24
arxiv_nomic_10k,17,random,366,train_design,10,False,10,24
arxiv_nomic_10k,17,random,367,train_design,10,False,10,24
arxiv_nomic_10k,17,random,368,calibration,10,False,16,24
arxiv_nomic_10k,17,random,369,internal_audit,10,False,10,24
arxiv_nomic_10k,17,random,370,calibration,10,False,10,24
arxiv_nomic_10k,17,random,371,train_design,10,False,16,24
arxiv_nomic_10k,17,random,372,internal_audit,10,False,24,24
arxiv_nomic_10k,17,random,373,train_design,16,False,24,24
arxiv_nomic_10k,17,random,374,internal_audit,10,False,10,24
arxiv_nomic_10k,17,random,375,train_design,10,False,16,24
arxiv_nomic_10k,17,random,376,train_design,10,False,10,24
arxiv_nomic_10k,17,random,377,train_design,10,False,16,24
arxiv_nomic_10k,17,random,378,calibration,10,False,10,24
arxiv_nomic_10k,17,random,379,train_design,96,False,16,24
arxiv_nomic_10k,17,random,380,train_design,32,False,24,24
arxiv_nomic_10k,17,random,381,internal_audit,10,False,10,24
arxiv_nomic_10k,17,random,382,internal_audit,16,False,24,24
arxiv_nomic_10k,17,random,383,internal_audit,10,False,24,24
arxiv_nomic_10k,17,random,384,train_design,32,False,24,24
arxiv_nomic_10k,17,random,385,train_design,10,False,10,24
arxiv_nomic_10k,17,random,386,train_design,10,False,16,24
arxiv_nomic_10k,17,random,387,train_design,48,False,16,24
arxiv_nomic_10k,17,random,388,train_design,10,False,24,24
arxiv_nomic_10k,17,random,389,train_design,10,False,24,24
arxiv_nomic_10k,17,random,390,internal_audit,10,False,10,24
arxiv_nomic_10k,17,random,391,internal_audit,10,False,10,24
arxiv_nomic_10k,17,random,392,train_design,24,False,24,24
arxiv_nomic_10k,17,random,393,calibration,16,False,16,24
arxiv_nomic_10k,17,random,394,calibration,10,False,24,24
arxiv_nomic_10k,17,random,395,train_design,16,False,16,24
arxiv_nomic_10k,17,random,396,train_design,10,False,10,24
arxiv_nomic_10k,17,random,397,internal_audit,10,False,10,24
arxiv_nomic_10k,17,random,398,internal_audit,10,False,10,24
arxiv_nomic_10k,17,random,399,calibration,16,False,16,24
arxiv_nomic_10k,17,random,400,train_design,10,False,16,24
arxiv_nomic_10k,17,random,401,train_design,10,False,16,24
arxiv_nomic_10k,17,random,402,calibration,10,False,16,24
arxiv_nomic_10k,17,random,403,calibration,10,False,10,24
arxiv_nomic_10k,17,random,404,calibration,10,False,16,24
arxiv_nomic_10k,17,random,405,train_design,24,False,24,24
arxiv_nomic_10k,17,random,406,train_design,10,False,10,24
arxiv_nomic_10k,17,random,407,calibration,10,False,10,24
arxiv_nomic_10k,17,random,408,internal_audit,10,False,10,24
arxiv_nomic_10k,17,random,409,train_design,10,False,10,24
arxiv_nomic_10k,17,random,410,calibration,24,False,24,24
arxiv_nomic_10k,17,random,411,train_design,10,False,10,24
arxiv_nomic_10k,17,random,412,train_design,10,False,10,24
arxiv_nomic_10k,17,random,413,calibration,10,False,16,24
arxiv_nomic_10k,17,random,414,internal_audit,10,False,24,24
arxiv_nomic_10k,17,random,415,internal_audit,10,False,10,24
arxiv_nomic_10k,17,random,416,calibration,16,False,16,24
arxiv_nomic_10k,17,random,417,train_design,10,False,10,24
arxiv_nomic_10k,17,random,418,calibration,32,False,16,24
arxiv_nomic_10k,17,random,419,train_design,10,False,10,24
arxiv_nomic_10k,17,random,420,calibration,10,False,10,24
arxiv_nomic_10k,17,random,421,train_design,10,False,10,24
arxiv_nomic_10k,17,random,422,train_design,16,False,16,24
arxiv_nomic_10k,17,random,423,train_design,24,False,24,24
arxiv_nomic_10k,17,random,424,train_design,10,False,16,24
arxiv_nomic_10k,17,random,425,train_design,10,False,10,24
arxiv_nomic_10k,17,random,426,train_design,24,False,24,24
arxiv_nomic_10k,17,random,427,train_design,10,False,10,24
arxiv_nomic_10k,17,random,428,internal_audit,10,False,24,24
arxiv_nomic_10k,17,random,429,internal_audit,10,False,24,24
arxiv_nomic_10k,17,random,430,train_design,48,False,16,24
arxiv_nomic_10k,17,random,431,train_design,10,False,16,24
arxiv_nomic_10k,17,random,432,train_design,10,False,10,24
arxiv_nomic_10k,17,random,433,calibration,96,False,16,24
arxiv_nomic_10k,17,random,434,train_design,16,False,16,24
arxiv_nomic_10k,17,random,435,train_design,10,False,10,24
arxiv_nomic_10k,17,random,436,train_design,10,False,10,24
arxiv_nomic_10k,17,random,437,internal_audit,10,False,10,24
arxiv_nomic_10k,17,random,438,internal_audit,16,False,16,24
arxiv_nomic_10k,17,random,439,internal_audit,10,False,24,24
arxiv_nomic_10k,17,random,440,calibration,10,False,10,24
arxiv_nomic_10k,17,random,441,calibration,10,False,10,24
arxiv_nomic_10k,17,random,442,internal_audit,10,False,24,24
arxiv_nomic_10k,17,random,443,train_design,10,False,10,24
arxiv_nomic_10k,17,random,444,internal_audit,10,False,10,24
arxiv_nomic_10k,17,random,445,calibration,10,False,10,24
arxiv_nomic_10k,17,random,446,train_design,10,False,10,24
arxiv_nomic_10k,17,random,447,calibration,32,False,10,24
arxiv_nomic_10k,17,random,448,train_design,10,False,10,24
arxiv_nomic_10k,17,random,449,calibration,10,False,10,24
arxiv_nomic_10k,17,random,450,train_design,16,False,16,24
arxiv_nomic_10k,17,random,451,calibration,10,False,16,24
arxiv_nomic_10k,17,random,452,calibration,10,False,16,24
arxiv_nomic_10k,17,random,453,train_design,10,False,16,24
arxiv_nomic_10k,17,random,454,train_design,10,False,16,24
arxiv_nomic_10k,17,random,455,train_design,24,False,24,24
arxiv_nomic_10k,17,random,456,train_design,10,False,10,24
arxiv_nomic_10k,17,random,457,train_design,10,False,10,24
arxiv_nomic_10k,17,random,458,internal_audit,10,False,10,24
arxiv_nomic_10k,17,random,459,internal_audit,10,False,10,24
arxiv_nomic_10k,17,random,460,train_design,10,False,10,24
arxiv_nomic_10k,17,random,461,train_design,24,False,24,24
arxiv_nomic_10k,17,random,462,calibration,16,False,16,24
arxiv_nomic_10k,17,random,463,train_design,10,False,10,24
arxiv_nomic_10k,17,random,464,train_design,10,False,10,24
arxiv_nomic_10k,17,random,465,train_design,48,False,24,24
arxiv_nomic_10k,17,random,466,train_design,10,False,10,24
arxiv_nomic_10k,17,random,467,internal_audit,10,False,10,24
arxiv_nomic_10k,17,random,468,train_design,10,False,16,24
arxiv_nomic_10k,17,random,469,train_design,16,False,24,24
arxiv_nomic_10k,17,random,470,train_design,10,False,10,24
arxiv_nomic_10k,17,random,471,internal_audit,10,False,10,24
arxiv_nomic_10k,17,random,472,train_design,16,False,24,24
arxiv_nomic_10k,17,random,473,train_design,10,False,10,24
arxiv_nomic_10k,17,random,474,train_design,10,False,10,24
arxiv_nomic_10k,17,random,475,train_design,10,False,10,24
arxiv_nomic_10k,17,random,476,internal_audit,16,False,16,24
arxiv_nomic_10k,17,random,477,train_design,10,False,16,24
arxiv_nomic_10k,17,random,478,train_design,16,False,16,24
arxiv_nomic_10k,17,random,479,train_design,10,False,10,24
arxiv_nomic_10k,17,random,480,train_design,10,False,10,24
arxiv_nomic_10k,17,random,481,train_design,24,False,24,24
arxiv_nomic_10k,17,random,482,internal_audit,10,False,10,24
arxiv_nomic_10k,17,random,483,train_design,10,False,10,24
arxiv_nomic_10k,17,random,484,train_design,10,False,10,24
arxiv_nomic_10k,17,random,485,calibration,32,False,24,24
arxiv_nomic_10k,17,random,486,internal_audit,16,False,24,24
arxiv_nomic_10k,17,random,487,internal_audit,10,False,10,24
arxiv_nomic_10k,17,random,488,calibration,24,False,24,24
arxiv_nomic_10k,17,random,489,train_design,10,False,10,24
arxiv_nomic_10k,17,random,490,calibration,10,False,24,24
arxiv_nomic_10k,17,random,491,internal_audit,24,False,24,24
arxiv_nomic_10k,17,random,492,train_design,10,False,10,24
arxiv_nomic_10k,17,random,493,calibration,48,False,10,24
arxiv_nomic_10k,17,random,494,train_design,16,False,24,24
arxiv_nomic_10k,17,random,495,train_design,10,False,10,24
arxiv_nomic_10k,17,random,496,train_design,10,False,10,24
arxiv_nomic_10k,17,random,497,train_design,16,False,24,24
arxiv_nomic_10k,17,random,498,calibration,10,False,16,24
arxiv_nomic_10k,17,random,499,train_design,10,False,10,24
arxiv_nomic_10k,29,lid_ascending,0,train_design,10,False,16,24
arxiv_nomic_10k,29,lid_ascending,1,train_design,24,False,24,24
arxiv_nomic_10k,29,lid_ascending,2,calibration,16,False,16,24
arxiv_nomic_10k,29,lid_ascending,3,calibration,10,False,10,24
arxiv_nomic_10k,29,lid_ascending,4,internal_audit,10,False,10,24
arxiv_nomic_10k,29,lid_ascending,5,calibration,10,False,10,24
arxiv_nomic_10k,29,lid_ascending,6,train_design,10,False,10,24
arxiv_nomic_10k,29,lid_ascending,7,internal_audit,10,False,10,24
arxiv_nomic_10k,29,lid_ascending,8,train_design,16,False,16,24
arxiv_nomic_10k,29,lid_ascending,9,train_design,24,False,24,24
arxiv_nomic_10k,29,lid_ascending,10,train_design,10,False,16,24
arxiv_nomic_10k,29,lid_ascending,11,internal_audit,24,False,24,24
arxiv_nomic_10k,29,lid_ascending,12,train_design,10,False,10,24
arxiv_nomic_10k,29,lid_ascending,13,internal_audit,10,False,16,24
arxiv_nomic_10k,29,lid_ascending,14,train_design,10,False,16,24
arxiv_nomic_10k,29,lid_ascending,15,internal_audit,10,False,10,24
arxiv_nomic_10k,29,lid_ascending,16,calibration,16,False,16,24
arxiv_nomic_10k,29,lid_ascending,17,internal_audit,16,False,16,24
arxiv_nomic_10k,29,lid_ascending,18,calibration,10,False,16,24
arxiv_nomic_10k,29,lid_ascending,19,train_design,16,False,16,24
arxiv_nomic_10k,29,lid_ascending,20,train_design,24,False,24,24
arxiv_nomic_10k,29,lid_ascending,21,internal_audit,24,False,24,24
arxiv_nomic_10k,29,lid_ascending,22,train_design,10,False,10,24
arxiv_nomic_10k,29,lid_ascending,23,internal_audit,64,False,24,24
arxiv_nomic_10k,29,lid_ascending,24,calibration,16,False,16,24
arxiv_nomic_10k,29,lid_ascending,25,train_design,10,False,24,24
arxiv_nomic_10k,29,lid_ascending,26,calibration,16,False,24,24
arxiv_nomic_10k,29,lid_ascending,27,calibration,24,False,24,24
arxiv_nomic_10k,29,lid_ascending,28,train_design,10,False,16,24
arxiv_nomic_10k,29,lid_ascending,29,calibration,10,False,10,24
arxiv_nomic_10k,29,lid_ascending,30,internal_audit,16,False,16,24
arxiv_nomic_10k,29,lid_ascending,31,train_design,24,False,24,24
arxiv_nomic_10k,29,lid_ascending,32,train_design,16,False,16,24
arxiv_nomic_10k,29,lid_ascending,33,calibration,24,False,24,24
arxiv_nomic_10k,29,lid_ascending,34,internal_audit,10,False,10,24
arxiv_nomic_10k,29,lid_ascending,35,train_design,16,False,24,24
arxiv_nomic_10k,29,lid_ascending,36,internal_audit,10,False,10,24
arxiv_nomic_10k,29,lid_ascending,37,train_design,48,False,16,24
arxiv_nomic_10k,29,lid_ascending,38,internal_audit,48,False,16,24
arxiv_nomic_10k,29,lid_ascending,39,calibration,16,False,16,24
arxiv_nomic_10k,29,lid_ascending,40,train_design,10,False,16,24
arxiv_nomic_10k,29,lid_ascending,41,internal_audit,10,False,16,24
arxiv_nomic_10k,29,lid_ascending,42,train_design,10,False,10,24
arxiv_nomic_10k,29,lid_ascending,43,train_design,10,False,10,24
arxiv_nomic_10k,29,lid_ascending,44,train_design,10,False,10,24
arxiv_nomic_10k,29,lid_ascending,45,internal_audit,10,False,24,24
arxiv_nomic_10k,29,lid_ascending,46,calibration,10,False,10,24
arxiv_nomic_10k,29,lid_ascending,47,train_design,10,False,10,24
arxiv_nomic_10k,29,lid_ascending,48,train_design,64,False,16,24
arxiv_nomic_10k,29,lid_ascending,49,internal_audit,10,False,16,24
arxiv_nomic_10k,29,lid_ascending,50,train_design,10,False,24,24
arxiv_nomic_10k,29,lid_ascending,51,calibration,10,False,16,24
arxiv_nomic_10k,29,lid_ascending,52,calibration,10,False,16,24
arxiv_nomic_10k,29,lid_ascending,53,train_design,10,False,10,24
arxiv_nomic_10k,29,lid_ascending,54,train_design,32,False,10,24
arxiv_nomic_10k,29,lid_ascending,55,calibration,16,False,16,24
arxiv_nomic_10k,29,lid_ascending,56,train_design,10,False,16,24
arxiv_nomic_10k,29,lid_ascending,57,calibration,10,False,16,24
arxiv_nomic_10k,29,lid_ascending,58,calibration,10,False,24,24
arxiv_nomic_10k,29,lid_ascending,59,calibration,10,False,24,24
arxiv_nomic_10k,29,lid_ascending,60,train_design,16,False,16,24
arxiv_nomic_10k,29,lid_ascending,61,train_design,16,False,16,24
arxiv_nomic_10k,29,lid_ascending,62,train_design,10,False,10,24
arxiv_nomic_10k,29,lid_ascending,63,internal_audit,10,False,10,24
arxiv_nomic_10k,29,lid_ascending,64,train_design,10,False,10,24
arxiv_nomic_10k,29,lid_ascending,65,calibration,10,False,10,24
arxiv_nomic_10k,29,lid_ascending,66,calibration,16,False,16,24
arxiv_nomic_10k,29,lid_ascending,67,train_design,10,False,10,24
arxiv_nomic_10k,29,lid_ascending,68,calibration,48,False,24,24
arxiv_nomic_10k,29,lid_ascending,69,calibration,10,False,10,24
arxiv_nomic_10k,29,lid_ascending,70,train_design,10,False,10,24
arxiv_nomic_10k,29,lid_ascending,71,calibration,10,False,16,24
arxiv_nomic_10k,29,lid_ascending,72,train_design,10,False,10,24
arxiv_nomic_10k,29,lid_ascending,73,internal_audit,10,False,10,24
arxiv_nomic_10k,29,lid_ascending,74,calibration,10,False,10,24
arxiv_nomic_10k,29,lid_ascending,75,train_design,10,False,10,24
arxiv_nomic_10k,29,lid_ascending,76,train_design,10,False,10,24
arxiv_nomic_10k,29,lid_ascending,77,calibration,24,False,24,24
arxiv_nomic_10k,29,lid_ascending,78,calibration,16,False,16,24
arxiv_nomic_10k,29,lid_ascending,79,calibration,24,False,24,24
arxiv_nomic_10k,29,lid_ascending,80,train_design,10,False,10,24
arxiv_nomic_10k,29,lid_ascending,81,internal_audit,10,False,24,24
arxiv_nomic_10k,29,lid_ascending,82,train_design,10,False,10,24
arxiv_nomic_10k,29,lid_ascending,83,train_design,16,False,16,24
arxiv_nomic_10k,29,lid_ascending,84,train_design,16,False,16,24
arxiv_nomic_10k,29,lid_ascending,85,internal_audit,10,False,10,24
arxiv_nomic_10k,29,lid_ascending,86,internal_audit,10,False,10,24
arxiv_nomic_10k,29,lid_ascending,87,calibration,10,False,10,24
arxiv_nomic_10k,29,lid_ascending,88,internal_audit,10,False,10,24
arxiv_nomic_10k,29,lid_ascending,89,train_design,24,False,24,24
arxiv_nomic_10k,29,lid_ascending,90,calibration,10,False,10,24
arxiv_nomic_10k,29,lid_ascending,91,train_design,24,False,24,24
arxiv_nomic_10k,29,lid_ascending,92,internal_audit,10,False,10,24
arxiv_nomic_10k,29,lid_ascending,93,internal_audit,16,False,16,24
arxiv_nomic_10k,29,lid_ascending,94,calibration,10,False,10,24
arxiv_nomic_10k,29,lid_ascending,95,train_design,16,False,16,24
arxiv_nomic_10k,29,lid_ascending,96,internal_audit,16,False,24,24
arxiv_nomic_10k,29,lid_ascending,97,calibration,16,False,24,24
arxiv_nomic_10k,29,lid_ascending,98,train_design,10,False,10,24
arxiv_nomic_10k,29,lid_ascending,99,internal_audit,10,False,10,24
arxiv_nomic_10k,29,lid_ascending,100,train_design,10,False,10,24
arxiv_nomic_10k,29,lid_ascending,101,calibration,10,False,16,24
arxiv_nomic_10k,29,lid_ascending,102,train_design,16,False,24,24
arxiv_nomic_10k,29,lid_ascending,103,calibration,10,False,10,24
arxiv_nomic_10k,29,lid_ascending,104,internal_audit,10,False,10,24
arxiv_nomic_10k,29,lid_ascending,105,calibration,16,False,24,24
arxiv_nomic_10k,29,lid_ascending,106,train_design,10,False,16,24
arxiv_nomic_10k,29,lid_ascending,107,train_design,10,False,16,24
arxiv_nomic_10k,29,lid_ascending,108,train_design,10,False,10,24
arxiv_nomic_10k,29,lid_ascending,109,internal_audit,16,False,16,24
arxiv_nomic_10k,29,lid_ascending,110,calibration,48,False,10,24
arxiv_nomic_10k,29,lid_ascending,111,train_design,10,False,24,24
arxiv_nomic_10k,29,lid_ascending,112,train_design,10,False,10,24
arxiv_nomic_10k,29,lid_ascending,113,calibration,10,False,10,24
arxiv_nomic_10k,29,lid_ascending,114,internal_audit,10,False,10,24
arxiv_nomic_10k,29,lid_ascending,115,internal_audit,10,False,16,24
arxiv_nomic_10k,29,lid_ascending,116,train_design,10,False,10,24
arxiv_nomic_10k,29,lid_ascending,117,train_design,10,False,10,24
arxiv_nomic_10k,29,lid_ascending,118,internal_audit,10,False,10,24
arxiv_nomic_10k,29,lid_ascending,119,calibration,10,False,10,24
arxiv_nomic_10k,29,lid_ascending,120,internal_audit,10,False,10,24
arxiv_nomic_10k,29,lid_ascending,121,train_design,10,False,10,24
arxiv_nomic_10k,29,lid_ascending,122,calibration,24,False,24,24
arxiv_nomic_10k,29,lid_ascending,123,train_design,10,False,24,24
arxiv_nomic_10k,29,lid_ascending,124,train_design,64,False,24,24
arxiv_nomic_10k,29,lid_ascending,125,internal_audit,10,False,16,24
arxiv_nomic_10k,29,lid_ascending,126,internal_audit,32,False,16,24
arxiv_nomic_10k,29,lid_ascending,127,train_design,10,False,10,24
arxiv_nomic_10k,29,lid_ascending,128,internal_audit,10,False,16,24
arxiv_nomic_10k,29,lid_ascending,129,calibration,24,False,24,24
arxiv_nomic_10k,29,lid_ascending,130,internal_audit,10,False,16,24
arxiv_nomic_10k,29,lid_ascending,131,train_design,10,False,10,24
arxiv_nomic_10k,29,lid_ascending,132,calibration,10,False,16,24
arxiv_nomic_10k,29,lid_ascending,133,train_design,10,False,10,24
arxiv_nomic_10k,29,lid_ascending,134,internal_audit,10,False,10,24
arxiv_nomic_10k,29,lid_ascending,135,internal_audit,10,False,10,24
arxiv_nomic_10k,29,lid_ascending,136,train_design,10,False,10,24
arxiv_nomic_10k,29,lid_ascending,137,train_design,10,False,16,24
arxiv_nomic_10k,29,lid_ascending,138,train_design,24,False,24,24
arxiv_nomic_10k,29,lid_ascending,139,train_design,10,False,10,24
arxiv_nomic_10k,29,lid_ascending,140,internal_audit,10,False,10,24
arxiv_nomic_10k,29,lid_ascending,141,calibration,10,False,16,24
arxiv_nomic_10k,29,lid_ascending,142,internal_audit,10,False,10,24
arxiv_nomic_10k,29,lid_ascending,143,train_design,10,False,10,24
arxiv_nomic_10k,29,lid_ascending,144,internal_audit,10,False,10,24
arxiv_nomic_10k,29,lid_ascending,145,calibration,10,False,16,24
arxiv_nomic_10k,29,lid_ascending,146,train_design,10,False,10,24
arxiv_nomic_10k,29,lid_ascending,147,train_design,10,False,16,24
arxiv_nomic_10k,29,lid_ascending,148,train_design,10,False,10,24
arxiv_nomic_10k,29,lid_ascending,149,train_design,16,False,16,24
arxiv_nomic_10k,29,lid_ascending,150,train_design,10,False,10,24
arxiv_nomic_10k,29,lid_ascending,151,train_design,48,False,10,24
arxiv_nomic_10k,29,lid_ascending,152,train_design,24,False,24,24
arxiv_nomic_10k,29,lid_ascending,153,calibration,48,False,10,24
arxiv_nomic_10k,29,lid_ascending,154,calibration,32,False,10,24
arxiv_nomic_10k,29,lid_ascending,155,calibration,10,False,10,24
arxiv_nomic_10k,29,lid_ascending,156,internal_audit,10,False,10,24
arxiv_nomic_10k,29,lid_ascending,157,train_design,10,False,10,24
arxiv_nomic_10k,29,lid_ascending,158,internal_audit,24,False,24,24
arxiv_nomic_10k,29,lid_ascending,159,calibration,10,False,24,24
arxiv_nomic_10k,29,lid_ascending,160,train_design,10,False,10,24
arxiv_nomic_10k,29,lid_ascending,161,internal_audit,16,False,16,24
arxiv_nomic_10k,29,lid_ascending,162,internal_audit,24,False,24,24
arxiv_nomic_10k,29,lid_ascending,163,internal_audit,10,False,16,24
arxiv_nomic_10k,29,lid_ascending,164,train_design,10,False,10,24
arxiv_nomic_10k,29,lid_ascending,165,calibration,10,False,24,24
arxiv_nomic_10k,29,lid_ascending,166,train_design,10,False,10,24
arxiv_nomic_10k,29,lid_ascending,167,train_design,10,False,24,24
arxiv_nomic_10k,29,lid_ascending,168,train_design,10,False,16,24
arxiv_nomic_10k,29,lid_ascending,169,train_design,10,False,10,24
arxiv_nomic_10k,29,lid_ascending,170,calibration,10,False,16,24
arxiv_nomic_10k,29,lid_ascending,171,train_design,10,False,16,24
arxiv_nomic_10k,29,lid_ascending,172,train_design,10,False,16,24
arxiv_nomic_10k,29,lid_ascending,173,internal_audit,10,False,10,24
arxiv_nomic_10k,29,lid_ascending,174,train_design,10,False,24,24
arxiv_nomic_10k,29,lid_ascending,175,train_design,24,False,24,24
arxiv_nomic_10k,29,lid_ascending,176,calibration,24,False,24,24
arxiv_nomic_10k,29,lid_ascending,177,train_design,10,False,10,24
arxiv_nomic_10k,29,lid_ascending,178,train_design,10,False,16,24
arxiv_nomic_10k,29,lid_ascending,179,internal_audit,24,False,24,24
arxiv_nomic_10k,29,lid_ascending,180,internal_audit,48,False,10,24
arxiv_nomic_10k,29,lid_ascending,181,calibration,24,False,24,24
arxiv_nomic_10k,29,lid_ascending,182,train_design,16,False,16,24
arxiv_nomic_10k,29,lid_ascending,183,train_design,10,False,10,24
arxiv_nomic_10k,29,lid_ascending,184,train_design,10,False,10,24
arxiv_nomic_10k,29,lid_ascending,185,calibration,16,False,16,24
arxiv_nomic_10k,29,lid_ascending,186,calibration,24,False,24,24
arxiv_nomic_10k,29,lid_ascending,187,train_design,10,False,10,24
arxiv_nomic_10k,29,lid_ascending,188,train_design,10,False,10,24
arxiv_nomic_10k,29,lid_ascending,189,internal_audit,10,False,10,24
arxiv_nomic_10k,29,lid_ascending,190,train_design,10,False,16,24
arxiv_nomic_10k,29,lid_ascending,191,internal_audit,24,False,24,24
arxiv_nomic_10k,29,lid_ascending,192,calibration,16,False,24,24
arxiv_nomic_10k,29,lid_ascending,193,train_design,10,False,10,24
arxiv_nomic_10k,29,lid_ascending,194,internal_audit,10,False,10,24
arxiv_nomic_10k,29,lid_ascending,195,calibration,16,False,16,24
arxiv_nomic_10k,29,lid_ascending,196,calibration,24,False,24,24
arxiv_nomic_10k,29,lid_ascending,197,calibration,10,False,10,24
arxiv_nomic_10k,29,lid_ascending,198,train_design,16,False,16,24
arxiv_nomic_10k,29,lid_ascending,199,internal_audit,10,False,10,24
arxiv_nomic_10k,29,lid_ascending,200,train_design,24,False,24,24
arxiv_nomic_10k,29,lid_ascending,201,calibration,10,False,10,24
arxiv_nomic_10k,29,lid_ascending,202,internal_audit,16,False,16,24
arxiv_nomic_10k,29,lid_ascending,203,internal_audit,16,False,16,24
arxiv_nomic_10k,29,lid_ascending,204,train_design,24,False,24,24
arxiv_nomic_10k,29,lid_ascending,205,train_design,10,False,10,24
arxiv_nomic_10k,29,lid_ascending,206,calibration,24,False,24,24
arxiv_nomic_10k,29,lid_ascending,207,internal_audit,10,False,10,24
arxiv_nomic_10k,29,lid_ascending,208,train_design,24,False,24,24
arxiv_nomic_10k,29,lid_ascending,209,internal_audit,10,False,10,24
arxiv_nomic_10k,29,lid_ascending,210,internal_audit,32,False,16,24
arxiv_nomic_10k,29,lid_ascending,211,train_design,10,False,10,24
arxiv_nomic_10k,29,lid_ascending,212,internal_audit,10,False,24,24
arxiv_nomic_10k,29,lid_ascending,213,train_design,10,False,10,24
arxiv_nomic_10k,29,lid_ascending,214,internal_audit,10,False,10,24
arxiv_nomic_10k,29,lid_ascending,215,internal_audit,10,False,16,24
arxiv_nomic_10k,29,lid_ascending,216,internal_audit,10,False,16,24
arxiv_nomic_10k,29,lid_ascending,217,train_design,10,False,10,24
arxiv_nomic_10k,29,lid_ascending,218,calibration,10,False,16,24
arxiv_nomic_10k,29,lid_ascending,219,calibration,10,False,10,24
arxiv_nomic_10k,29,lid_ascending,220,calibration,16,False,16,24
arxiv_nomic_10k,29,lid_ascending,221,train_design,10,False,16,24
arxiv_nomic_10k,29,lid_ascending,222,train_design,10,False,10,24
arxiv_nomic_10k,29,lid_ascending,223,train_design,32,False,10,24
arxiv_nomic_10k,29,lid_ascending,224,internal_audit,10,False,10,24
arxiv_nomic_10k,29,lid_ascending,225,train_design,10,False,10,24
arxiv_nomic_10k,29,lid_ascending,226,internal_audit,10,False,16,24
arxiv_nomic_10k,29,lid_ascending,227,train_design,10,False,10,24
arxiv_nomic_10k,29,lid_ascending,228,train_design,16,False,24,24
arxiv_nomic_10k,29,lid_ascending,229,train_design,10,False,10,24
arxiv_nomic_10k,29,lid_ascending,230,train_design,32,False,24,24
arxiv_nomic_10k,29,lid_ascending,231,train_design,10,False,16,24
arxiv_nomic_10k,29,lid_ascending,232,internal_audit,24,False,24,24
arxiv_nomic_10k,29,lid_ascending,233,internal_audit,10,False,10,24
arxiv_nomic_10k,29,lid_ascending,234,train_design,48,False,16,24
arxiv_nomic_10k,29,lid_ascending,235,internal_audit,10,False,16,24
arxiv_nomic_10k,29,lid_ascending,236,internal_audit,10,False,10,24
arxiv_nomic_10k,29,lid_ascending,237,calibration,10,False,10,24
arxiv_nomic_10k,29,lid_ascending,238,train_design,10,False,16,24
arxiv_nomic_10k,29,lid_ascending,239,calibration,10,False,16,24
arxiv_nomic_10k,29,lid_ascending,240,train_design,10,False,10,24
arxiv_nomic_10k,29,lid_ascending,241,internal_audit,10,False,10,24
arxiv_nomic_10k,29,lid_ascending,242,calibration,10,False,10,24
arxiv_nomic_10k,29,lid_ascending,243,train_design,16,False,24,24
arxiv_nomic_10k,29,lid_ascending,244,train_design,10,False,10,24
arxiv_nomic_10k,29,lid_ascending,245,train_design,10,False,10,24
arxiv_nomic_10k,29,lid_ascending,246,train_design,16,False,16,24
arxiv_nomic_10k,29,lid_ascending,247,train_design,48,False,16,24
arxiv_nomic_10k,29,lid_ascending,248,calibration,10,False,10,24
arxiv_nomic_10k,29,lid_ascending,249,calibration,10,False,10,24
arxiv_nomic_10k,29,lid_ascending,250,internal_audit,10,False,10,24
arxiv_nomic_10k,29,lid_ascending,251,calibration,10,False,10,24
arxiv_nomic_10k,29,lid_ascending,252,calibration,10,False,16,24
arxiv_nomic_10k,29,lid_ascending,253,train_design,10,False,10,24
arxiv_nomic_10k,29,lid_ascending,254,train_design,10,False,10,24
arxiv_nomic_10k,29,lid_ascending,255,train_design,16,False,16,24
arxiv_nomic_10k,29,lid_ascending,256,calibration,10,False,10,24
arxiv_nomic_10k,29,lid_ascending,257,internal_audit,10,False,24,24
arxiv_nomic_10k,29,lid_ascending,258,train_design,10,False,10,24
arxiv_nomic_10k,29,lid_ascending,259,train_design,10,False,24,24
arxiv_nomic_10k,29,lid_ascending,260,calibration,10,False,10,24
arxiv_nomic_10k,29,lid_ascending,261,train_design,10,False,10,24
arxiv_nomic_10k,29,lid_ascending,262,calibration,24,False,24,24
arxiv_nomic_10k,29,lid_ascending,263,internal_audit,10,False,10,24
arxiv_nomic_10k,29,lid_ascending,264,internal_audit,24,False,24,24
arxiv_nomic_10k,29,lid_ascending,265,train_design,16,False,16,24
arxiv_nomic_10k,29,lid_ascending,266,calibration,10,False,10,24
arxiv_nomic_10k,29,lid_ascending,267,train_design,10,False,10,24
arxiv_nomic_10k,29,lid_ascending,268,internal_audit,32,False,24,24
arxiv_nomic_10k,29,lid_ascending,269,calibration,10,False,10,24
arxiv_nomic_10k,29,lid_ascending,270,calibration,16,False,24,24
arxiv_nomic_10k,29,lid_ascending,271,internal_audit,10,False,10,24
arxiv_nomic_10k,29,lid_ascending,272,train_design,16,False,16,24
arxiv_nomic_10k,29,lid_ascending,273,train_design,24,False,24,24
arxiv_nomic_10k,29,lid_ascending,274,internal_audit,32,False,24,24
arxiv_nomic_10k,29,lid_ascending,275,train_design,10,False,10,24
arxiv_nomic_10k,29,lid_ascending,276,calibration,10,False,24,24
arxiv_nomic_10k,29,lid_ascending,277,calibration,10,False,16,24
arxiv_nomic_10k,29,lid_ascending,278,calibration,10,False,10,24
arxiv_nomic_10k,29,lid_ascending,279,train_design,10,False,10,24
arxiv_nomic_10k,29,lid_ascending,280,train_design,10,False,10,24
arxiv_nomic_10k,29,lid_ascending,281,train_design,32,False,10,24
arxiv_nomic_10k,29,lid_ascending,282,train_design,10,False,10,24
arxiv_nomic_10k,29,lid_ascending,283,calibration,10,False,10,24
arxiv_nomic_10k,29,lid_ascending,284,internal_audit,24,False,24,24
arxiv_nomic_10k,29,lid_ascending,285,train_design,10,False,16,24
arxiv_nomic_10k,29,lid_ascending,286,calibration,10,False,10,24
arxiv_nomic_10k,29,lid_ascending,287,train_design,24,False,24,24
arxiv_nomic_10k,29,lid_ascending,288,train_design,10,False,10,24
arxiv_nomic_10k,29,lid_ascending,289,internal_audit,10,False,10,24
arxiv_nomic_10k,29,lid_ascending,290,train_design,10,False,10,24
arxiv_nomic_10k,29,lid_ascending,291,train_design,16,False,16,24
arxiv_nomic_10k,29,lid_ascending,292,train_design,10,False,10,24
arxiv_nomic_10k,29,lid_ascending,293,internal_audit,10,False,10,24
arxiv_nomic_10k,29,lid_ascending,294,train_design,24,False,24,24
arxiv_nomic_10k,29,lid_ascending,295,internal_audit,10,False,24,24
arxiv_nomic_10k,29,lid_ascending,296,train_design,48,False,24,24
arxiv_nomic_10k,29,lid_ascending,297,train_design,10,False,10,24
arxiv_nomic_10k,29,lid_ascending,298,train_design,10,False,10,24
arxiv_nomic_10k,29,lid_ascending,299,internal_audit,16,False,16,24
arxiv_nomic_10k,29,lid_ascending,300,train_design,10,False,16,24
arxiv_nomic_10k,29,lid_ascending,301,train_design,10,False,10,24
arxiv_nomic_10k,29,lid_ascending,302,train_design,10,False,10,24
arxiv_nomic_10k,29,lid_ascending,303,calibration,10,False,10,24
arxiv_nomic_10k,29,lid_ascending,304,calibration,24,False,24,24
arxiv_nomic_10k,29,lid_ascending,305,train_design,10,False,10,24
arxiv_nomic_10k,29,lid_ascending,306,internal_audit,10,False,10,24
arxiv_nomic_10k,29,lid_ascending,307,train_design,10,False,10,24
arxiv_nomic_10k,29,lid_ascending,308,internal_audit,16,False,16,24
arxiv_nomic_10k,29,lid_ascending,309,train_design,16,False,16,24
arxiv_nomic_10k,29,lid_ascending,310,train_design,10,False,10,24
arxiv_nomic_10k,29,lid_ascending,311,internal_audit,10,False,10,24
arxiv_nomic_10k,29,lid_ascending,312,train_design,10,False,10,24
arxiv_nomic_10k,29,lid_ascending,313,train_design,10,False,16,24
arxiv_nomic_10k,29,lid_ascending,314,internal_audit,10,False,10,24
arxiv_nomic_10k,29,lid_ascending,315,calibration,10,False,16,24
arxiv_nomic_10k,29,lid_ascending,316,calibration,10,False,10,24
arxiv_nomic_10k,29,lid_ascending,317,internal_audit,16,False,24,24
arxiv_nomic_10k,29,lid_ascending,318,train_design,10,False,10,24
arxiv_nomic_10k,29,lid_ascending,319,calibration,10,False,10,24
arxiv_nomic_10k,29,lid_ascending,320,internal_audit,10,False,24,24
arxiv_nomic_10k,29,lid_ascending,321,train_design,10,False,10,24
arxiv_nomic_10k,29,lid_ascending,322,internal_audit,10,False,10,24
arxiv_nomic_10k,29,lid_ascending,323,train_design,10,False,10,24
arxiv_nomic_10k,29,lid_ascending,324,calibration,10,False,10,24
arxiv_nomic_10k,29,lid_ascending,325,train_design,24,False,24,24
arxiv_nomic_10k,29,lid_ascending,326,train_design,10,False,24,24
arxiv_nomic_10k,29,lid_ascending,327,train_design,10,False,10,24
arxiv_nomic_10k,29,lid_ascending,328,calibration,16,False,16,24
arxiv_nomic_10k,29,lid_ascending,329,calibration,10,False,10,24
arxiv_nomic_10k,29,lid_ascending,330,calibration,10,False,24,24
arxiv_nomic_10k,29,lid_ascending,331,train_design,10,False,16,24
arxiv_nomic_10k,29,lid_ascending,332,train_design,10,False,24,24
arxiv_nomic_10k,29,lid_ascending,333,train_design,10,False,10,24
arxiv_nomic_10k,29,lid_ascending,334,train_design,16,False,16,24
arxiv_nomic_10k,29,lid_ascending,335,internal_audit,10,False,10,24
arxiv_nomic_10k,29,lid_ascending,336,train_design,10,False,10,24
arxiv_nomic_10k,29,lid_ascending,337,calibration,10,False,10,24
arxiv_nomic_10k,29,lid_ascending,338,calibration,10,False,10,24
arxiv_nomic_10k,29,lid_ascending,339,internal_audit,10,False,10,24
arxiv_nomic_10k,29,lid_ascending,340,calibration,16,False,16,24
arxiv_nomic_10k,29,lid_ascending,341,internal_audit,16,False,16,24
arxiv_nomic_10k,29,lid_ascending,342,calibration,10,False,10,24
arxiv_nomic_10k,29,lid_ascending,343,internal_audit,16,False,16,24
arxiv_nomic_10k,29,lid_ascending,344,calibration,10,False,16,24
arxiv_nomic_10k,29,lid_ascending,345,train_design,24,False,24,24
arxiv_nomic_10k,29,lid_ascending,346,train_design,24,False,24,24
arxiv_nomic_10k,29,lid_ascending,347,train_design,10,False,10,24
arxiv_nomic_10k,29,lid_ascending,348,train_design,10,False,10,24
arxiv_nomic_10k,29,lid_ascending,349,train_design,10,False,16,24
arxiv_nomic_10k,29,lid_ascending,350,internal_audit,10,False,16,24
arxiv_nomic_10k,29,lid_ascending,351,internal_audit,16,False,24,24
arxiv_nomic_10k,29,lid_ascending,352,train_design,16,False,24,24
arxiv_nomic_10k,29,lid_ascending,353,calibration,16,False,24,24
arxiv_nomic_10k,29,lid_ascending,354,calibration,10,False,10,24
arxiv_nomic_10k,29,lid_ascending,355,internal_audit,10,False,10,24
arxiv_nomic_10k,29,lid_ascending,356,train_design,24,False,24,24
arxiv_nomic_10k,29,lid_ascending,357,internal_audit,10,False,10,24
arxiv_nomic_10k,29,lid_ascending,358,train_design,10,False,10,24
arxiv_nomic_10k,29,lid_ascending,359,train_design,10,False,16,24
arxiv_nomic_10k,29,lid_ascending,360,train_design,10,False,10,24
arxiv_nomic_10k,29,lid_ascending,361,calibration,10,False,10,24
arxiv_nomic_10k,29,lid_ascending,362,train_design,16,False,16,24
arxiv_nomic_10k,29,lid_ascending,363,train_design,24,False,24,24
arxiv_nomic_10k,29,lid_ascending,364,internal_audit,16,False,24,24
arxiv_nomic_10k,29,lid_ascending,365,train_design,10,False,16,24
arxiv_nomic_10k,29,lid_ascending,366,train_design,16,False,16,24
arxiv_nomic_10k,29,lid_ascending,367,train_design,10,False,16,24
arxiv_nomic_10k,29,lid_ascending,368,calibration,10,False,16,24
arxiv_nomic_10k,29,lid_ascending,369,internal_audit,10,False,10,24
arxiv_nomic_10k,29,lid_ascending,370,calibration,10,False,16,24
arxiv_nomic_10k,29,lid_ascending,371,train_design,10,False,10,24
arxiv_nomic_10k,29,lid_ascending,372,internal_audit,10,False,24,24
arxiv_nomic_10k,29,lid_ascending,373,train_design,10,False,16,24
arxiv_nomic_10k,29,lid_ascending,374,internal_audit,10,False,10,24
arxiv_nomic_10k,29,lid_ascending,375,train_design,10,False,16,24
arxiv_nomic_10k,29,lid_ascending,376,train_design,10,False,10,24
arxiv_nomic_10k,29,lid_ascending,377,train_design,10,False,10,24
arxiv_nomic_10k,29,lid_ascending,378,calibration,10,False,10,24
arxiv_nomic_10k,29,lid_ascending,379,train_design,24,False,24,24
arxiv_nomic_10k,29,lid_ascending,380,train_design,24,False,24,24
arxiv_nomic_10k,29,lid_ascending,381,internal_audit,10,False,24,24
arxiv_nomic_10k,29,lid_ascending,382,internal_audit,24,False,24,24
arxiv_nomic_10k,29,lid_ascending,383,internal_audit,10,False,24,24
arxiv_nomic_10k,29,lid_ascending,384,train_design,24,False,24,24
arxiv_nomic_10k,29,lid_ascending,385,train_design,10,False,10,24
arxiv_nomic_10k,29,lid_ascending,386,train_design,10,False,10,24
arxiv_nomic_10k,29,lid_ascending,387,train_design,32,False,24,24
arxiv_nomic_10k,29,lid_ascending,388,train_design,10,False,10,24
arxiv_nomic_10k,29,lid_ascending,389,train_design,16,False,16,24
arxiv_nomic_10k,29,lid_ascending,390,internal_audit,10,False,10,24
arxiv_nomic_10k,29,lid_ascending,391,internal_audit,10,False,10,24
arxiv_nomic_10k,29,lid_ascending,392,train_design,16,False,24,24
arxiv_nomic_10k,29,lid_ascending,393,calibration,24,False,24,24
arxiv_nomic_10k,29,lid_ascending,394,calibration,16,False,24,24
arxiv_nomic_10k,29,lid_ascending,395,train_design,16,False,24,24
arxiv_nomic_10k,29,lid_ascending,396,train_design,10,False,10,24
arxiv_nomic_10k,29,lid_ascending,397,internal_audit,10,False,10,24
arxiv_nomic_10k,29,lid_ascending,398,internal_audit,10,False,10,24
arxiv_nomic_10k,29,lid_ascending,399,calibration,16,False,24,24
arxiv_nomic_10k,29,lid_ascending,400,train_design,10,False,10,24
arxiv_nomic_10k,29,lid_ascending,401,train_design,10,False,16,24
arxiv_nomic_10k,29,lid_ascending,402,calibration,10,False,16,24
arxiv_nomic_10k,29,lid_ascending,403,calibration,16,False,16,24
arxiv_nomic_10k,29,lid_ascending,404,calibration,48,False,10,24
arxiv_nomic_10k,29,lid_ascending,405,train_design,24,False,24,24
arxiv_nomic_10k,29,lid_ascending,406,train_design,10,False,10,24
arxiv_nomic_10k,29,lid_ascending,407,calibration,10,False,10,24
arxiv_nomic_10k,29,lid_ascending,408,internal_audit,10,False,10,24
arxiv_nomic_10k,29,lid_ascending,409,train_design,10,False,10,24
arxiv_nomic_10k,29,lid_ascending,410,calibration,16,False,16,24
arxiv_nomic_10k,29,lid_ascending,411,train_design,10,False,10,24
arxiv_nomic_10k,29,lid_ascending,412,train_design,10,False,10,24
arxiv_nomic_10k,29,lid_ascending,413,calibration,10,False,16,24
arxiv_nomic_10k,29,lid_ascending,414,internal_audit,10,False,10,24
arxiv_nomic_10k,29,lid_ascending,415,internal_audit,10,False,10,24
arxiv_nomic_10k,29,lid_ascending,416,calibration,16,False,16,24
arxiv_nomic_10k,29,lid_ascending,417,train_design,10,False,10,24
arxiv_nomic_10k,29,lid_ascending,418,calibration,48,False,24,24
arxiv_nomic_10k,29,lid_ascending,419,train_design,10,False,10,24
arxiv_nomic_10k,29,lid_ascending,420,calibration,16,False,16,24
arxiv_nomic_10k,29,lid_ascending,421,train_design,10,False,16,24
arxiv_nomic_10k,29,lid_ascending,422,train_design,10,False,10,24
arxiv_nomic_10k,29,lid_ascending,423,train_design,10,False,16,24
arxiv_nomic_10k,29,lid_ascending,424,train_design,16,False,16,24
arxiv_nomic_10k,29,lid_ascending,425,train_design,10,False,10,24
arxiv_nomic_10k,29,lid_ascending,426,train_design,10,False,10,24
arxiv_nomic_10k,29,lid_ascending,427,train_design,10,False,10,24
arxiv_nomic_10k,29,lid_ascending,428,internal_audit,16,False,24,24
arxiv_nomic_10k,29,lid_ascending,429,internal_audit,10,False,10,24
arxiv_nomic_10k,29,lid_ascending,430,train_design,10,False,24,24
arxiv_nomic_10k,29,lid_ascending,431,train_design,10,False,24,24
arxiv_nomic_10k,29,lid_ascending,432,train_design,10,False,10,24
arxiv_nomic_10k,29,lid_ascending,433,calibration,96,False,10,24
arxiv_nomic_10k,29,lid_ascending,434,train_design,16,False,16,24
arxiv_nomic_10k,29,lid_ascending,435,train_design,10,False,10,24
arxiv_nomic_10k,29,lid_ascending,436,train_design,10,False,10,24
arxiv_nomic_10k,29,lid_ascending,437,internal_audit,10,False,24,24
arxiv_nomic_10k,29,lid_ascending,438,internal_audit,24,False,24,24
arxiv_nomic_10k,29,lid_ascending,439,internal_audit,10,False,24,24
arxiv_nomic_10k,29,lid_ascending,440,calibration,10,False,10,24
arxiv_nomic_10k,29,lid_ascending,441,calibration,10,False,16,24
arxiv_nomic_10k,29,lid_ascending,442,internal_audit,10,False,10,24
arxiv_nomic_10k,29,lid_ascending,443,train_design,10,False,10,24
arxiv_nomic_10k,29,lid_ascending,444,internal_audit,10,False,10,24
arxiv_nomic_10k,29,lid_ascending,445,calibration,10,False,10,24
arxiv_nomic_10k,29,lid_ascending,446,train_design,10,False,16,24
arxiv_nomic_10k,29,lid_ascending,447,calibration,32,False,24,24
arxiv_nomic_10k,29,lid_ascending,448,train_design,10,False,10,24
arxiv_nomic_10k,29,lid_ascending,449,calibration,24,False,24,24
arxiv_nomic_10k,29,lid_ascending,450,train_design,10,False,10,24
arxiv_nomic_10k,29,lid_ascending,451,calibration,10,False,10,24
arxiv_nomic_10k,29,lid_ascending,452,calibration,10,False,10,24
arxiv_nomic_10k,29,lid_ascending,453,train_design,16,False,16,24
arxiv_nomic_10k,29,lid_ascending,454,train_design,10,False,10,24
arxiv_nomic_10k,29,lid_ascending,455,train_design,16,False,16,24
arxiv_nomic_10k,29,lid_ascending,456,train_design,10,False,10,24
arxiv_nomic_10k,29,lid_ascending,457,train_design,24,False,24,24
arxiv_nomic_10k,29,lid_ascending,458,internal_audit,10,False,10,24
arxiv_nomic_10k,29,lid_ascending,459,internal_audit,10,False,10,24
arxiv_nomic_10k,29,lid_ascending,460,train_design,10,False,10,24
arxiv_nomic_10k,29,lid_ascending,461,train_design,24,False,24,24
arxiv_nomic_10k,29,lid_ascending,462,calibration,10,False,10,24
arxiv_nomic_10k,29,lid_ascending,463,train_design,10,False,10,24
arxiv_nomic_10k,29,lid_ascending,464,train_design,24,False,24,24
arxiv_nomic_10k,29,lid_ascending,465,train_design,48,False,16,24
arxiv_nomic_10k,29,lid_ascending,466,train_design,10,False,10,24
arxiv_nomic_10k,29,lid_ascending,467,internal_audit,10,False,16,24
arxiv_nomic_10k,29,lid_ascending,468,train_design,10,False,10,24
arxiv_nomic_10k,29,lid_ascending,469,train_design,16,False,24,24
arxiv_nomic_10k,29,lid_ascending,470,train_design,10,False,16,24
arxiv_nomic_10k,29,lid_ascending,471,internal_audit,10,False,10,24
arxiv_nomic_10k,29,lid_ascending,472,train_design,16,False,16,24
arxiv_nomic_10k,29,lid_ascending,473,train_design,10,False,10,24
arxiv_nomic_10k,29,lid_ascending,474,train_design,10,False,10,24
arxiv_nomic_10k,29,lid_ascending,475,train_design,10,False,10,24
arxiv_nomic_10k,29,lid_ascending,476,internal_audit,24,False,24,24
arxiv_nomic_10k,29,lid_ascending,477,train_design,16,False,16,24
arxiv_nomic_10k,29,lid_ascending,478,train_design,16,False,16,24
arxiv_nomic_10k,29,lid_ascending,479,train_design,10,False,10,24
arxiv_nomic_10k,29,lid_ascending,480,train_design,10,False,10,24
arxiv_nomic_10k,29,lid_ascending,481,train_design,16,False,24,24
arxiv_nomic_10k,29,lid_ascending,482,internal_audit,10,False,10,24
arxiv_nomic_10k,29,lid_ascending,483,train_design,10,False,10,24
arxiv_nomic_10k,29,lid_ascending,484,train_design,24,False,24,24
arxiv_nomic_10k,29,lid_ascending,485,calibration,24,False,24,24
arxiv_nomic_10k,29,lid_ascending,486,internal_audit,24,False,24,24
arxiv_nomic_10k,29,lid_ascending,487,internal_audit,10,False,24,24
arxiv_nomic_10k,29,lid_ascending,488,calibration,10,False,10,24
arxiv_nomic_10k,29,lid_ascending,489,train_design,10,False,10,24
arxiv_nomic_10k,29,lid_ascending,490,calibration,10,False,10,24
arxiv_nomic_10k,29,lid_ascending,491,internal_audit,10,False,10,24
arxiv_nomic_10k,29,lid_ascending,492,train_design,24,False,24,24
arxiv_nomic_10k,29,lid_ascending,493,calibration,48,False,16,24
arxiv_nomic_10k,29,lid_ascending,494,train_design,24,False,24,24
arxiv_nomic_10k,29,lid_ascending,495,train_design,10,False,16,24
arxiv_nomic_10k,29,lid_ascending,496,train_design,10,False,24,24
arxiv_nomic_10k,29,lid_ascending,497,train_design,32,False,24,24
arxiv_nomic_10k,29,lid_ascending,498,calibration,10,False,16,24
arxiv_nomic_10k,29,lid_ascending,499,train_design,10,False,16,24
arxiv_nomic_10k,29,lid_descending,0,train_design,10,False,16,24
arxiv_nomic_10k,29,lid_descending,1,train_design,24,False,24,24
arxiv_nomic_10k,29,lid_descending,2,calibration,10,False,10,24
arxiv_nomic_10k,29,lid_descending,3,calibration,10,False,10,24
arxiv_nomic_10k,29,lid_descending,4,internal_audit,10,False,10,24
arxiv_nomic_10k,29,lid_descending,5,calibration,16,False,24,24
arxiv_nomic_10k,29,lid_descending,6,train_design,10,False,10,24
arxiv_nomic_10k,29,lid_descending,7,internal_audit,10,False,16,24
arxiv_nomic_10k,29,lid_descending,8,train_design,16,False,16,24
arxiv_nomic_10k,29,lid_descending,9,train_design,32,False,10,24
arxiv_nomic_10k,29,lid_descending,10,train_design,10,False,10,24
arxiv_nomic_10k,29,lid_descending,11,internal_audit,10,False,10,24
arxiv_nomic_10k,29,lid_descending,12,train_design,10,False,10,24
arxiv_nomic_10k,29,lid_descending,13,internal_audit,16,False,16,24
arxiv_nomic_10k,29,lid_descending,14,train_design,10,False,10,24
arxiv_nomic_10k,29,lid_descending,15,internal_audit,16,False,24,24
arxiv_nomic_10k,29,lid_descending,16,calibration,10,False,10,24
arxiv_nomic_10k,29,lid_descending,17,internal_audit,10,False,10,24
arxiv_nomic_10k,29,lid_descending,18,calibration,10,False,10,24
arxiv_nomic_10k,29,lid_descending,19,train_design,32,False,10,24
arxiv_nomic_10k,29,lid_descending,20,train_design,10,False,24,24
arxiv_nomic_10k,29,lid_descending,21,internal_audit,10,False,10,24
arxiv_nomic_10k,29,lid_descending,22,train_design,10,False,16,24
arxiv_nomic_10k,29,lid_descending,23,internal_audit,24,False,24,24
arxiv_nomic_10k,29,lid_descending,24,calibration,10,False,16,24
arxiv_nomic_10k,29,lid_descending,25,train_design,10,False,10,24
arxiv_nomic_10k,29,lid_descending,26,calibration,10,False,16,24
arxiv_nomic_10k,29,lid_descending,27,calibration,24,False,24,24
arxiv_nomic_10k,29,lid_descending,28,train_design,10,False,16,24
arxiv_nomic_10k,29,lid_descending,29,calibration,10,False,16,24
arxiv_nomic_10k,29,lid_descending,30,internal_audit,16,False,16,24
arxiv_nomic_10k,29,lid_descending,31,train_design,16,False,16,24
arxiv_nomic_10k,29,lid_descending,32,train_design,10,False,16,24
arxiv_nomic_10k,29,lid_descending,33,calibration,10,False,16,24
arxiv_nomic_10k,29,lid_descending,34,internal_audit,10,False,10,24
arxiv_nomic_10k,29,lid_descending,35,train_design,10,False,10,24
arxiv_nomic_10k,29,lid_descending,36,internal_audit,10,False,10,24
arxiv_nomic_10k,29,lid_descending,37,train_design,48,False,10,24
arxiv_nomic_10k,29,lid_descending,38,internal_audit,48,False,24,24
arxiv_nomic_10k,29,lid_descending,39,calibration,16,False,24,24
arxiv_nomic_10k,29,lid_descending,40,train_design,10,False,24,24
arxiv_nomic_10k,29,lid_descending,41,internal_audit,10,False,10,24
arxiv_nomic_10k,29,lid_descending,42,train_design,10,False,10,24
arxiv_nomic_10k,29,lid_descending,43,train_design,10,False,10,24
arxiv_nomic_10k,29,lid_descending,44,train_design,10,False,10,24
arxiv_nomic_10k,29,lid_descending,45,internal_audit,16,False,16,24
arxiv_nomic_10k,29,lid_descending,46,calibration,10,False,10,24
arxiv_nomic_10k,29,lid_descending,47,train_design,10,False,10,24
arxiv_nomic_10k,29,lid_descending,48,train_design,48,False,16,24
arxiv_nomic_10k,29,lid_descending,49,internal_audit,10,False,10,24
arxiv_nomic_10k,29,lid_descending,50,train_design,10,False,16,24
arxiv_nomic_10k,29,lid_descending,51,calibration,10,False,10,24
arxiv_nomic_10k,29,lid_descending,52,calibration,10,False,10,24
arxiv_nomic_10k,29,lid_descending,53,train_design,10,False,10,24
arxiv_nomic_10k,29,lid_descending,54,train_design,10,False,10,24
arxiv_nomic_10k,29,lid_descending,55,calibration,16,False,16,24
arxiv_nomic_10k,29,lid_descending,56,train_design,10,False,10,24
arxiv_nomic_10k,29,lid_descending,57,calibration,16,False,16,24
arxiv_nomic_10k,29,lid_descending,58,calibration,10,False,10,24
arxiv_nomic_10k,29,lid_descending,59,calibration,16,False,16,24
arxiv_nomic_10k,29,lid_descending,60,train_design,16,False,16,24
arxiv_nomic_10k,29,lid_descending,61,train_design,16,False,16,24
arxiv_nomic_10k,29,lid_descending,62,train_design,10,False,10,24
arxiv_nomic_10k,29,lid_descending,63,internal_audit,64,False,16,24
arxiv_nomic_10k,29,lid_descending,64,train_design,10,False,16,24
arxiv_nomic_10k,29,lid_descending,65,calibration,10,False,10,24
arxiv_nomic_10k,29,lid_descending,66,calibration,10,False,16,24
arxiv_nomic_10k,29,lid_descending,67,train_design,10,False,10,24
arxiv_nomic_10k,29,lid_descending,68,calibration,32,False,24,24
arxiv_nomic_10k,29,lid_descending,69,calibration,10,False,10,24
arxiv_nomic_10k,29,lid_descending,70,train_design,10,False,10,24
arxiv_nomic_10k,29,lid_descending,71,calibration,48,False,10,24
arxiv_nomic_10k,29,lid_descending,72,train_design,10,False,10,24
arxiv_nomic_10k,29,lid_descending,73,internal_audit,10,False,10,24
arxiv_nomic_10k,29,lid_descending,74,calibration,10,False,16,24
arxiv_nomic_10k,29,lid_descending,75,train_design,10,False,10,24
arxiv_nomic_10k,29,lid_descending,76,train_design,24,False,24,24
arxiv_nomic_10k,29,lid_descending,77,calibration,10,False,16,24
arxiv_nomic_10k,29,lid_descending,78,calibration,24,False,24,24
arxiv_nomic_10k,29,lid_descending,79,calibration,16,False,16,24
arxiv_nomic_10k,29,lid_descending,80,train_design,10,False,24,24
arxiv_nomic_10k,29,lid_descending,81,internal_audit,16,False,16,24
arxiv_nomic_10k,29,lid_descending,82,train_design,10,False,10,24
arxiv_nomic_10k,29,lid_descending,83,train_design,24,False,24,24
arxiv_nomic_10k,29,lid_descending,84,train_design,10,False,16,24
arxiv_nomic_10k,29,lid_descending,85,internal_audit,10,False,16,24
arxiv_nomic_10k,29,lid_descending,86,internal_audit,10,False,10,24
arxiv_nomic_10k,29,lid_descending,87,calibration,24,False,24,24
arxiv_nomic_10k,29,lid_descending,88,internal_audit,24,False,24,24
arxiv_nomic_10k,29,lid_descending,89,train_design,32,False,24,24
arxiv_nomic_10k,29,lid_descending,90,calibration,10,False,10,24
arxiv_nomic_10k,29,lid_descending,91,train_design,24,False,24,24
arxiv_nomic_10k,29,lid_descending,92,internal_audit,10,False,10,24
arxiv_nomic_10k,29,lid_descending,93,internal_audit,10,False,10,24
arxiv_nomic_10k,29,lid_descending,94,calibration,10,False,10,24
arxiv_nomic_10k,29,lid_descending,95,train_design,10,False,10,24
arxiv_nomic_10k,29,lid_descending,96,internal_audit,10,False,24,24
arxiv_nomic_10k,29,lid_descending,97,calibration,16,False,24,24
arxiv_nomic_10k,29,lid_descending,98,train_design,24,False,24,24
arxiv_nomic_10k,29,lid_descending,99,internal_audit,10,False,24,24
arxiv_nomic_10k,29,lid_descending,100,train_design,10,False,24,24
arxiv_nomic_10k,29,lid_descending,101,calibration,10,False,10,24
arxiv_nomic_10k,29,lid_descending,102,train_design,10,False,10,24
arxiv_nomic_10k,29,lid_descending,103,calibration,10,False,10,24
arxiv_nomic_10k,29,lid_descending,104,internal_audit,10,False,10,24
arxiv_nomic_10k,29,lid_descending,105,calibration,24,False,24,24
arxiv_nomic_10k,29,lid_descending,106,train_design,16,False,16,24
arxiv_nomic_10k,29,lid_descending,107,train_design,10,False,10,24
arxiv_nomic_10k,29,lid_descending,108,train_design,16,False,16,24
arxiv_nomic_10k,29,lid_descending,109,internal_audit,24,False,24,24
arxiv_nomic_10k,29,lid_descending,110,calibration,10,False,10,24
arxiv_nomic_10k,29,lid_descending,111,train_design,10,False,24,24
arxiv_nomic_10k,29,lid_descending,112,train_design,10,False,10,24
arxiv_nomic_10k,29,lid_descending,113,calibration,10,False,10,24
arxiv_nomic_10k,29,lid_descending,114,internal_audit,10,False,24,24
arxiv_nomic_10k,29,lid_descending,115,internal_audit,10,False,10,24
arxiv_nomic_10k,29,lid_descending,116,train_design,10,False,10,24
arxiv_nomic_10k,29,lid_descending,117,train_design,10,False,10,24
arxiv_nomic_10k,29,lid_descending,118,internal_audit,10,False,16,24
arxiv_nomic_10k,29,lid_descending,119,calibration,10,False,10,24
arxiv_nomic_10k,29,lid_descending,120,internal_audit,10,False,10,24
arxiv_nomic_10k,29,lid_descending,121,train_design,10,False,10,24
arxiv_nomic_10k,29,lid_descending,122,calibration,16,False,16,24
arxiv_nomic_10k,29,lid_descending,123,train_design,10,False,10,24
arxiv_nomic_10k,29,lid_descending,124,train_design,24,False,24,24
arxiv_nomic_10k,29,lid_descending,125,internal_audit,10,False,24,24
arxiv_nomic_10k,29,lid_descending,126,internal_audit,10,False,10,24
arxiv_nomic_10k,29,lid_descending,127,train_design,10,False,16,24
arxiv_nomic_10k,29,lid_descending,128,internal_audit,16,False,16,24
arxiv_nomic_10k,29,lid_descending,129,calibration,32,False,16,24
arxiv_nomic_10k,29,lid_descending,130,internal_audit,16,False,16,24
arxiv_nomic_10k,29,lid_descending,131,train_design,10,False,10,24
arxiv_nomic_10k,29,lid_descending,132,calibration,10,False,24,24
arxiv_nomic_10k,29,lid_descending,133,train_design,10,False,10,24
arxiv_nomic_10k,29,lid_descending,134,internal_audit,10,False,10,24
arxiv_nomic_10k,29,lid_descending,135,internal_audit,10,False,10,24
arxiv_nomic_10k,29,lid_descending,136,train_design,10,False,10,24
arxiv_nomic_10k,29,lid_descending,137,train_design,16,False,16,24
arxiv_nomic_10k,29,lid_descending,138,train_design,10,False,10,24
arxiv_nomic_10k,29,lid_descending,139,train_design,10,False,10,24
arxiv_nomic_10k,29,lid_descending,140,internal_audit,10,False,10,24
arxiv_nomic_10k,29,lid_descending,141,calibration,10,False,10,24
arxiv_nomic_10k,29,lid_descending,142,internal_audit,10,False,16,24
arxiv_nomic_10k,29,lid_descending,143,train_design,10,False,10,24
arxiv_nomic_10k,29,lid_descending,144,internal_audit,10,False,10,24
arxiv_nomic_10k,29,lid_descending,145,calibration,24,False,24,24
arxiv_nomic_10k,29,lid_descending,146,train_design,10,False,10,24
arxiv_nomic_10k,29,lid_descending,147,train_design,10,False,10,24
arxiv_nomic_10k,29,lid_descending,148,train_design,10,False,10,24
arxiv_nomic_10k,29,lid_descending,149,train_design,16,False,16,24
arxiv_nomic_10k,29,lid_descending,150,train_design,10,False,10,24
arxiv_nomic_10k,29,lid_descending,151,train_design,16,False,16,24
arxiv_nomic_10k,29,lid_descending,152,train_design,10,False,24,24
arxiv_nomic_10k,29,lid_descending,153,calibration,16,False,16,24
arxiv_nomic_10k,29,lid_descending,154,calibration,24,False,24,24
arxiv_nomic_10k,29,lid_descending,155,calibration,10,False,10,24
arxiv_nomic_10k,29,lid_descending,156,internal_audit,10,False,16,24
arxiv_nomic_10k,29,lid_descending,157,train_design,10,False,10,24
arxiv_nomic_10k,29,lid_descending,158,internal_audit,16,False,16,24
arxiv_nomic_10k,29,lid_descending,159,calibration,10,False,10,24
arxiv_nomic_10k,29,lid_descending,160,train_design,10,False,10,24
arxiv_nomic_10k,29,lid_descending,161,internal_audit,10,False,16,24
arxiv_nomic_10k,29,lid_descending,162,internal_audit,10,False,16,24
arxiv_nomic_10k,29,lid_descending,163,internal_audit,10,False,16,24
arxiv_nomic_10k,29,lid_descending,164,train_design,10,False,10,24
arxiv_nomic_10k,29,lid_descending,165,calibration,24,False,24,24
arxiv_nomic_10k,29,lid_descending,166,train_design,10,False,10,24
arxiv_nomic_10k,29,lid_descending,167,train_design,10,False,10,24
arxiv_nomic_10k,29,lid_descending,168,train_design,10,False,24,24
arxiv_nomic_10k,29,lid_descending,169,train_design,10,False,10,24
arxiv_nomic_10k,29,lid_descending,170,calibration,10,False,10,24
arxiv_nomic_10k,29,lid_descending,171,train_design,10,False,16,24
arxiv_nomic_10k,29,lid_descending,172,train_design,10,False,10,24
arxiv_nomic_10k,29,lid_descending,173,internal_audit,10,False,10,24
arxiv_nomic_10k,29,lid_descending,174,train_design,10,False,10,24
arxiv_nomic_10k,29,lid_descending,175,train_design,32,False,16,24
arxiv_nomic_10k,29,lid_descending,176,calibration,10,False,24,24
arxiv_nomic_10k,29,lid_descending,177,train_design,10,False,10,24
arxiv_nomic_10k,29,lid_descending,178,train_design,16,False,16,24
arxiv_nomic_10k,29,lid_descending,179,internal_audit,10,False,16,24
arxiv_nomic_10k,29,lid_descending,180,internal_audit,16,False,16,24
arxiv_nomic_10k,29,lid_descending,181,calibration,64,False,10,24
arxiv_nomic_10k,29,lid_descending,182,train_design,10,False,10,24
arxiv_nomic_10k,29,lid_descending,183,train_design,10,False,16,24
arxiv_nomic_10k,29,lid_descending,184,train_design,10,False,16,24
arxiv_nomic_10k,29,lid_descending,185,calibration,10,False,16,24
arxiv_nomic_10k,29,lid_descending,186,calibration,10,False,16,24
arxiv_nomic_10k,29,lid_descending,187,train_design,10,False,10,24
arxiv_nomic_10k,29,lid_descending,188,train_design,10,False,10,24
arxiv_nomic_10k,29,lid_descending,189,internal_audit,10,False,10,24
arxiv_nomic_10k,29,lid_descending,190,train_design,10,False,10,24
arxiv_nomic_10k,29,lid_descending,191,internal_audit,32,False,10,24
arxiv_nomic_10k,29,lid_descending,192,calibration,10,False,24,24
arxiv_nomic_10k,29,lid_descending,193,train_design,24,False,24,24
arxiv_nomic_10k,29,lid_descending,194,internal_audit,10,False,10,24
arxiv_nomic_10k,29,lid_descending,195,calibration,10,False,16,24
arxiv_nomic_10k,29,lid_descending,196,calibration,10,False,10,24
arxiv_nomic_10k,29,lid_descending,197,calibration,10,False,10,24
arxiv_nomic_10k,29,lid_descending,198,train_design,10,False,10,24
arxiv_nomic_10k,29,lid_descending,199,internal_audit,10,False,10,24
arxiv_nomic_10k,29,lid_descending,200,train_design,16,False,24,24
arxiv_nomic_10k,29,lid_descending,201,calibration,24,False,24,24
arxiv_nomic_10k,29,lid_descending,202,internal_audit,10,False,16,24
arxiv_nomic_10k,29,lid_descending,203,internal_audit,10,False,10,24
arxiv_nomic_10k,29,lid_descending,204,train_design,16,False,16,24
arxiv_nomic_10k,29,lid_descending,205,train_design,10,False,24,24
arxiv_nomic_10k,29,lid_descending,206,calibration,10,False,24,24
arxiv_nomic_10k,29,lid_descending,207,internal_audit,10,False,10,24
arxiv_nomic_10k,29,lid_descending,208,train_design,10,False,24,24
arxiv_nomic_10k,29,lid_descending,209,internal_audit,16,False,16,24
arxiv_nomic_10k,29,lid_descending,210,internal_audit,16,False,16,24
arxiv_nomic_10k,29,lid_descending,211,train_design,10,False,10,24
arxiv_nomic_10k,29,lid_descending,212,internal_audit,10,False,16,24
arxiv_nomic_10k,29,lid_descending,213,train_design,16,False,24,24
arxiv_nomic_10k,29,lid_descending,214,internal_audit,10,False,10,24
arxiv_nomic_10k,29,lid_descending,215,internal_audit,24,False,24,24
arxiv_nomic_10k,29,lid_descending,216,internal_audit,10,False,16,24
arxiv_nomic_10k,29,lid_descending,217,train_design,10,False,16,24
arxiv_nomic_10k,29,lid_descending,218,calibration,10,False,10,24
arxiv_nomic_10k,29,lid_descending,219,calibration,10,False,16,24
arxiv_nomic_10k,29,lid_descending,220,calibration,16,False,24,24
arxiv_nomic_10k,29,lid_descending,221,train_design,10,False,10,24
arxiv_nomic_10k,29,lid_descending,222,train_design,10,False,10,24
arxiv_nomic_10k,29,lid_descending,223,train_design,16,False,16,24
arxiv_nomic_10k,29,lid_descending,224,internal_audit,10,False,24,24
arxiv_nomic_10k,29,lid_descending,225,train_design,10,False,10,24
arxiv_nomic_10k,29,lid_descending,226,internal_audit,10,False,10,24
arxiv_nomic_10k,29,lid_descending,227,train_design,10,False,10,24
arxiv_nomic_10k,29,lid_descending,228,train_design,10,False,10,24
arxiv_nomic_10k,29,lid_descending,229,train_design,10,False,10,24
arxiv_nomic_10k,29,lid_descending,230,train_design,16,False,16,24
arxiv_nomic_10k,29,lid_descending,231,train_design,10,False,16,24
arxiv_nomic_10k,29,lid_descending,232,internal_audit,24,False,24,24
arxiv_nomic_10k,29,lid_descending,233,internal_audit,10,False,10,24
arxiv_nomic_10k,29,lid_descending,234,train_design,48,False,24,24
arxiv_nomic_10k,29,lid_descending,235,internal_audit,10,False,10,24
arxiv_nomic_10k,29,lid_descending,236,internal_audit,10,False,10,24
arxiv_nomic_10k,29,lid_descending,237,calibration,10,False,16,24
arxiv_nomic_10k,29,lid_descending,238,train_design,10,False,10,24
arxiv_nomic_10k,29,lid_descending,239,calibration,10,False,10,24
arxiv_nomic_10k,29,lid_descending,240,train_design,10,False,10,24
arxiv_nomic_10k,29,lid_descending,241,internal_audit,10,False,10,24
arxiv_nomic_10k,29,lid_descending,242,calibration,10,False,10,24
arxiv_nomic_10k,29,lid_descending,243,train_design,10,False,10,24
arxiv_nomic_10k,29,lid_descending,244,train_design,24,False,24,24
arxiv_nomic_10k,29,lid_descending,245,train_design,10,False,10,24
arxiv_nomic_10k,29,lid_descending,246,train_design,32,False,16,24
arxiv_nomic_10k,29,lid_descending,247,train_design,48,False,24,24
arxiv_nomic_10k,29,lid_descending,248,calibration,10,False,10,24
arxiv_nomic_10k,29,lid_descending,249,calibration,10,False,10,24
arxiv_nomic_10k,29,lid_descending,250,internal_audit,10,False,10,24
arxiv_nomic_10k,29,lid_descending,251,calibration,10,False,10,24
arxiv_nomic_10k,29,lid_descending,252,calibration,10,False,10,24
arxiv_nomic_10k,29,lid_descending,253,train_design,10,False,10,24
arxiv_nomic_10k,29,lid_descending,254,train_design,10,False,10,24
arxiv_nomic_10k,29,lid_descending,255,train_design,10,False,10,24
arxiv_nomic_10k,29,lid_descending,256,calibration,10,False,10,24
arxiv_nomic_10k,29,lid_descending,257,internal_audit,16,False,16,24
arxiv_nomic_10k,29,lid_descending,258,train_design,10,False,10,24
arxiv_nomic_10k,29,lid_descending,259,train_design,10,False,24,24
arxiv_nomic_10k,29,lid_descending,260,calibration,10,False,10,24
arxiv_nomic_10k,29,lid_descending,261,train_design,10,False,10,24
arxiv_nomic_10k,29,lid_descending,262,calibration,16,False,24,24
arxiv_nomic_10k,29,lid_descending,263,internal_audit,10,False,10,24
arxiv_nomic_10k,29,lid_descending,264,internal_audit,16,False,24,24
arxiv_nomic_10k,29,lid_descending,265,train_design,10,False,10,24
arxiv_nomic_10k,29,lid_descending,266,calibration,10,False,10,24
arxiv_nomic_10k,29,lid_descending,267,train_design,10,False,16,24
arxiv_nomic_10k,29,lid_descending,268,internal_audit,24,False,24,24
arxiv_nomic_10k,29,lid_descending,269,calibration,10,False,10,24
arxiv_nomic_10k,29,lid_descending,270,calibration,16,False,16,24
arxiv_nomic_10k,29,lid_descending,271,internal_audit,16,False,16,24
arxiv_nomic_10k,29,lid_descending,272,train_design,10,False,10,24
arxiv_nomic_10k,29,lid_descending,273,train_design,16,False,16,24
arxiv_nomic_10k,29,lid_descending,274,internal_audit,32,False,16,24
arxiv_nomic_10k,29,lid_descending,275,train_design,10,False,10,24
arxiv_nomic_10k,29,lid_descending,276,calibration,10,False,24,24
arxiv_nomic_10k,29,lid_descending,277,calibration,10,False,16,24
arxiv_nomic_10k,29,lid_descending,278,calibration,10,False,10,24
arxiv_nomic_10k,29,lid_descending,279,train_design,10,False,24,24
arxiv_nomic_10k,29,lid_descending,280,train_design,10,False,16,24
arxiv_nomic_10k,29,lid_descending,281,train_design,10,False,16,24
arxiv_nomic_10k,29,lid_descending,282,train_design,10,False,10,24
arxiv_nomic_10k,29,lid_descending,283,calibration,32,False,24,24
arxiv_nomic_10k,29,lid_descending,284,internal_audit,16,False,24,24
arxiv_nomic_10k,29,lid_descending,285,train_design,10,False,10,24
arxiv_nomic_10k,29,lid_descending,286,calibration,10,False,24,24
arxiv_nomic_10k,29,lid_descending,287,train_design,10,False,16,24
arxiv_nomic_10k,29,lid_descending,288,train_design,10,False,10,24
arxiv_nomic_10k,29,lid_descending,289,internal_audit,10,False,10,24
arxiv_nomic_10k,29,lid_descending,290,train_design,10,False,10,24
arxiv_nomic_10k,29,lid_descending,291,train_design,16,False,16,24
arxiv_nomic_10k,29,lid_descending,292,train_design,10,False,10,24
arxiv_nomic_10k,29,lid_descending,293,internal_audit,10,False,16,24
arxiv_nomic_10k,29,lid_descending,294,train_design,16,False,16,24
arxiv_nomic_10k,29,lid_descending,295,internal_audit,10,False,10,24
arxiv_nomic_10k,29,lid_descending,296,train_design,32,False,24,24
arxiv_nomic_10k,29,lid_descending,297,train_design,10,False,10,24
arxiv_nomic_10k,29,lid_descending,298,train_design,10,False,10,24
arxiv_nomic_10k,29,lid_descending,299,internal_audit,10,False,10,24
arxiv_nomic_10k,29,lid_descending,300,train_design,10,False,24,24
arxiv_nomic_10k,29,lid_descending,301,train_design,10,False,16,24
arxiv_nomic_10k,29,lid_descending,302,train_design,10,False,10,24
arxiv_nomic_10k,29,lid_descending,303,calibration,10,False,10,24
arxiv_nomic_10k,29,lid_descending,304,calibration,32,False,24,24
arxiv_nomic_10k,29,lid_descending,305,train_design,10,False,10,24
arxiv_nomic_10k,29,lid_descending,306,internal_audit,10,False,16,24
arxiv_nomic_10k,29,lid_descending,307,train_design,10,False,10,24
arxiv_nomic_10k,29,lid_descending,308,internal_audit,10,False,10,24
arxiv_nomic_10k,29,lid_descending,309,train_design,24,False,24,24
arxiv_nomic_10k,29,lid_descending,310,train_design,10,False,10,24
arxiv_nomic_10k,29,lid_descending,311,internal_audit,10,False,10,24
arxiv_nomic_10k,29,lid_descending,312,train_design,10,False,10,24
arxiv_nomic_10k,29,lid_descending,313,train_design,10,False,16,24
arxiv_nomic_10k,29,lid_descending,314,internal_audit,10,False,10,24
arxiv_nomic_10k,29,lid_descending,315,calibration,10,False,10,24
arxiv_nomic_10k,29,lid_descending,316,calibration,10,False,10,24
arxiv_nomic_10k,29,lid_descending,317,internal_audit,10,False,16,24
arxiv_nomic_10k,29,lid_descending,318,train_design,10,False,24,24
arxiv_nomic_10k,29,lid_descending,319,calibration,16,False,16,24
arxiv_nomic_10k,29,lid_descending,320,internal_audit,10,False,10,24
arxiv_nomic_10k,29,lid_descending,321,train_design,10,False,10,24
arxiv_nomic_10k,29,lid_descending,322,internal_audit,10,False,16,24
arxiv_nomic_10k,29,lid_descending,323,train_design,16,False,16,24
arxiv_nomic_10k,29,lid_descending,324,calibration,10,False,16,24
arxiv_nomic_10k,29,lid_descending,325,train_design,64,False,24,24
arxiv_nomic_10k,29,lid_descending,326,train_design,10,False,24,24
arxiv_nomic_10k,29,lid_descending,327,train_design,16,False,24,24
arxiv_nomic_10k,29,lid_descending,328,calibration,32,False,24,24
arxiv_nomic_10k,29,lid_descending,329,calibration,10,False,10,24
arxiv_nomic_10k,29,lid_descending,330,calibration,10,False,24,24
arxiv_nomic_10k,29,lid_descending,331,train_design,10,False,24,24
arxiv_nomic_10k,29,lid_descending,332,train_design,10,False,24,24
arxiv_nomic_10k,29,lid_descending,333,train_design,10,False,24,24
arxiv_nomic_10k,29,lid_descending,334,train_design,10,False,16,24
arxiv_nomic_10k,29,lid_descending,335,internal_audit,10,False,10,24
arxiv_nomic_10k,29,lid_descending,336,train_design,10,False,10,24
arxiv_nomic_10k,29,lid_descending,337,calibration,10,False,24,24
arxiv_nomic_10k,29,lid_descending,338,calibration,10,False,10,24
arxiv_nomic_10k,29,lid_descending,339,internal_audit,10,False,10,24
arxiv_nomic_10k,29,lid_descending,340,calibration,24,False,24,24
arxiv_nomic_10k,29,lid_descending,341,internal_audit,10,False,10,24
arxiv_nomic_10k,29,lid_descending,342,calibration,16,False,24,24
arxiv_nomic_10k,29,lid_descending,343,internal_audit,10,False,10,24
arxiv_nomic_10k,29,lid_descending,344,calibration,10,False,16,24
arxiv_nomic_10k,29,lid_descending,345,train_design,24,False,24,24
arxiv_nomic_10k,29,lid_descending,346,train_design,24,False,24,24
arxiv_nomic_10k,29,lid_descending,347,train_design,10,False,16,24
arxiv_nomic_10k,29,lid_descending,348,train_design,10,False,10,24
arxiv_nomic_10k,29,lid_descending,349,train_design,10,False,10,24
arxiv_nomic_10k,29,lid_descending,350,internal_audit,10,False,10,24
arxiv_nomic_10k,29,lid_descending,351,internal_audit,16,False,16,24
arxiv_nomic_10k,29,lid_descending,352,train_design,10,False,10,24
arxiv_nomic_10k,29,lid_descending,353,calibration,10,False,16,24
arxiv_nomic_10k,29,lid_descending,354,calibration,10,False,10,24
arxiv_nomic_10k,29,lid_descending,355,internal_audit,10,False,10,24
arxiv_nomic_10k,29,lid_descending,356,train_design,16,False,16,24
arxiv_nomic_10k,29,lid_descending,357,internal_audit,10,False,10,24
arxiv_nomic_10k,29,lid_descending,358,train_design,10,False,10,24
arxiv_nomic_10k,29,lid_descending,359,train_design,10,False,24,24
arxiv_nomic_10k,29,lid_descending,360,train_design,10,False,24,24
arxiv_nomic_10k,29,lid_descending,361,calibration,10,False,10,24
arxiv_nomic_10k,29,lid_descending,362,train_design,10,False,16,24
arxiv_nomic_10k,29,lid_descending,363,train_design,10,False,10,24
arxiv_nomic_10k,29,lid_descending,364,internal_audit,10,False,10,24
arxiv_nomic_10k,29,lid_descending,365,train_design,10,False,10,24
arxiv_nomic_10k,29,lid_descending,366,train_design,10,False,10,24
arxiv_nomic_10k,29,lid_descending,367,train_design,10,False,10,24
arxiv_nomic_10k,29,lid_descending,368,calibration,16,False,16,24
arxiv_nomic_10k,29,lid_descending,369,internal_audit,10,False,10,24
arxiv_nomic_10k,29,lid_descending,370,calibration,10,False,24,24
arxiv_nomic_10k,29,lid_descending,371,train_design,10,False,16,24
arxiv_nomic_10k,29,lid_descending,372,internal_audit,24,False,24,24
arxiv_nomic_10k,29,lid_descending,373,train_design,10,False,16,24
arxiv_nomic_10k,29,lid_descending,374,internal_audit,10,False,16,24
arxiv_nomic_10k,29,lid_descending,375,train_design,10,False,16,24
arxiv_nomic_10k,29,lid_descending,376,train_design,10,False,10,24
arxiv_nomic_10k,29,lid_descending,377,train_design,16,False,16,24
arxiv_nomic_10k,29,lid_descending,378,calibration,10,False,10,24
arxiv_nomic_10k,29,lid_descending,379,train_design,16,False,16,24
arxiv_nomic_10k,29,lid_descending,380,train_design,32,False,24,24
arxiv_nomic_10k,29,lid_descending,381,internal_audit,10,False,10,24
arxiv_nomic_10k,29,lid_descending,382,internal_audit,32,False,24,24
arxiv_nomic_10k,29,lid_descending,383,internal_audit,10,False,24,24
arxiv_nomic_10k,29,lid_descending,384,train_design,24,False,24,24
arxiv_nomic_10k,29,lid_descending,385,train_design,10,False,10,24
arxiv_nomic_10k,29,lid_descending,386,train_design,16,False,16,24
arxiv_nomic_10k,29,lid_descending,387,train_design,32,False,24,24
arxiv_nomic_10k,29,lid_descending,388,train_design,10,False,24,24
arxiv_nomic_10k,29,lid_descending,389,train_design,10,False,10,24
arxiv_nomic_10k,29,lid_descending,390,internal_audit,10,False,10,24
arxiv_nomic_10k,29,lid_descending,391,internal_audit,10,False,10,24
arxiv_nomic_10k,29,lid_descending,392,train_design,32,False,16,24
arxiv_nomic_10k,29,lid_descending,393,calibration,24,False,24,24
arxiv_nomic_10k,29,lid_descending,394,calibration,16,False,16,24
arxiv_nomic_10k,29,lid_descending,395,train_design,16,False,16,24
arxiv_nomic_10k,29,lid_descending,396,train_design,10,False,10,24
arxiv_nomic_10k,29,lid_descending,397,internal_audit,10,False,10,24
arxiv_nomic_10k,29,lid_descending,398,internal_audit,10,False,10,24
arxiv_nomic_10k,29,lid_descending,399,calibration,16,False,16,24
arxiv_nomic_10k,29,lid_descending,400,train_design,10,False,16,24
arxiv_nomic_10k,29,lid_descending,401,train_design,10,False,10,24
arxiv_nomic_10k,29,lid_descending,402,calibration,10,False,10,24
arxiv_nomic_10k,29,lid_descending,403,calibration,10,False,10,24
arxiv_nomic_10k,29,lid_descending,404,calibration,10,False,10,24
arxiv_nomic_10k,29,lid_descending,405,train_design,16,False,24,24
arxiv_nomic_10k,29,lid_descending,406,train_design,10,False,10,24
arxiv_nomic_10k,29,lid_descending,407,calibration,10,False,10,24
arxiv_nomic_10k,29,lid_descending,408,internal_audit,10,False,10,24
arxiv_nomic_10k,29,lid_descending,409,train_design,10,False,10,24
arxiv_nomic_10k,29,lid_descending,410,calibration,10,False,10,24
arxiv_nomic_10k,29,lid_descending,411,train_design,10,False,10,24
arxiv_nomic_10k,29,lid_descending,412,train_design,10,False,10,24
arxiv_nomic_10k,29,lid_descending,413,calibration,16,False,16,24
arxiv_nomic_10k,29,lid_descending,414,internal_audit,10,False,10,24
arxiv_nomic_10k,29,lid_descending,415,internal_audit,10,False,10,24
arxiv_nomic_10k,29,lid_descending,416,calibration,10,False,10,24
arxiv_nomic_10k,29,lid_descending,417,train_design,10,False,16,24
arxiv_nomic_10k,29,lid_descending,418,calibration,32,False,16,24
arxiv_nomic_10k,29,lid_descending,419,train_design,10,False,10,24
arxiv_nomic_10k,29,lid_descending,420,calibration,16,False,24,24
arxiv_nomic_10k,29,lid_descending,421,train_design,10,False,10,24
arxiv_nomic_10k,29,lid_descending,422,train_design,10,False,16,24
arxiv_nomic_10k,29,lid_descending,423,train_design,10,False,16,24
arxiv_nomic_10k,29,lid_descending,424,train_design,16,False,16,24
arxiv_nomic_10k,29,lid_descending,425,train_design,10,False,10,24
arxiv_nomic_10k,29,lid_descending,426,train_design,10,False,10,24
arxiv_nomic_10k,29,lid_descending,427,train_design,10,False,10,24
arxiv_nomic_10k,29,lid_descending,428,internal_audit,10,False,10,24
arxiv_nomic_10k,29,lid_descending,429,internal_audit,10,False,16,24
arxiv_nomic_10k,29,lid_descending,430,train_design,10,False,10,24
arxiv_nomic_10k,29,lid_descending,431,train_design,10,False,10,24
arxiv_nomic_10k,29,lid_descending,432,train_design,10,False,10,24
arxiv_nomic_10k,29,lid_descending,433,calibration,16,False,16,24
arxiv_nomic_10k,29,lid_descending,434,train_design,10,False,10,24
arxiv_nomic_10k,29,lid_descending,435,train_design,10,False,10,24
arxiv_nomic_10k,29,lid_descending,436,train_design,10,False,10,24
arxiv_nomic_10k,29,lid_descending,437,internal_audit,10,False,24,24
arxiv_nomic_10k,29,lid_descending,438,internal_audit,16,False,16,24
arxiv_nomic_10k,29,lid_descending,439,internal_audit,10,False,24,24
arxiv_nomic_10k,29,lid_descending,440,calibration,10,False,10,24
arxiv_nomic_10k,29,lid_descending,441,calibration,10,False,10,24
arxiv_nomic_10k,29,lid_descending,442,internal_audit,10,False,10,24
arxiv_nomic_10k,29,lid_descending,443,train_design,10,False,16,24
arxiv_nomic_10k,29,lid_descending,444,internal_audit,10,False,10,24
arxiv_nomic_10k,29,lid_descending,445,calibration,10,False,16,24
arxiv_nomic_10k,29,lid_descending,446,train_design,10,False,10,24
arxiv_nomic_10k,29,lid_descending,447,calibration,24,False,24,24
arxiv_nomic_10k,29,lid_descending,448,train_design,10,False,10,24
arxiv_nomic_10k,29,lid_descending,449,calibration,16,False,16,24
arxiv_nomic_10k,29,lid_descending,450,train_design,16,False,16,24
arxiv_nomic_10k,29,lid_descending,451,calibration,10,False,16,24
arxiv_nomic_10k,29,lid_descending,452,calibration,10,False,10,24
arxiv_nomic_10k,29,lid_descending,453,train_design,10,False,16,24
arxiv_nomic_10k,29,lid_descending,454,train_design,10,False,10,24
arxiv_nomic_10k,29,lid_descending,455,train_design,24,False,24,24
arxiv_nomic_10k,29,lid_descending,456,train_design,10,False,10,24
arxiv_nomic_10k,29,lid_descending,457,train_design,10,False,10,24
arxiv_nomic_10k,29,lid_descending,458,internal_audit,10,False,10,24
arxiv_nomic_10k,29,lid_descending,459,internal_audit,10,False,10,24
arxiv_nomic_10k,29,lid_descending,460,train_design,10,False,10,24
arxiv_nomic_10k,29,lid_descending,461,train_design,10,False,16,24
arxiv_nomic_10k,29,lid_descending,462,calibration,10,False,10,24
arxiv_nomic_10k,29,lid_descending,463,train_design,10,False,10,24
arxiv_nomic_10k,29,lid_descending,464,train_design,16,False,24,24
arxiv_nomic_10k,29,lid_descending,465,train_design,32,False,16,24
arxiv_nomic_10k,29,lid_descending,466,train_design,10,False,10,24
arxiv_nomic_10k,29,lid_descending,467,internal_audit,10,False,24,24
arxiv_nomic_10k,29,lid_descending,468,train_design,10,False,10,24
arxiv_nomic_10k,29,lid_descending,469,train_design,10,False,16,24
arxiv_nomic_10k,29,lid_descending,470,train_design,10,False,16,24
arxiv_nomic_10k,29,lid_descending,471,internal_audit,10,False,10,24
arxiv_nomic_10k,29,lid_descending,472,train_design,24,False,24,24
arxiv_nomic_10k,29,lid_descending,473,train_design,10,False,10,24
arxiv_nomic_10k,29,lid_descending,474,train_design,10,False,16,24
arxiv_nomic_10k,29,lid_descending,475,train_design,10,False,10,24
arxiv_nomic_10k,29,lid_descending,476,internal_audit,10,False,10,24
arxiv_nomic_10k,29,lid_descending,477,train_design,10,False,16,24
arxiv_nomic_10k,29,lid_descending,478,train_design,16,False,16,24
arxiv_nomic_10k,29,lid_descending,479,train_design,10,False,10,24
arxiv_nomic_10k,29,lid_descending,480,train_design,10,False,10,24
arxiv_nomic_10k,29,lid_descending,481,train_design,10,False,16,24
arxiv_nomic_10k,29,lid_descending,482,internal_audit,10,False,10,24
arxiv_nomic_10k,29,lid_descending,483,train_design,10,False,10,24
arxiv_nomic_10k,29,lid_descending,484,train_design,16,False,16,24
arxiv_nomic_10k,29,lid_descending,485,calibration,24,False,24,24
arxiv_nomic_10k,29,lid_descending,486,internal_audit,24,False,24,24
arxiv_nomic_10k,29,lid_descending,487,internal_audit,10,False,24,24
arxiv_nomic_10k,29,lid_descending,488,calibration,24,False,24,24
arxiv_nomic_10k,29,lid_descending,489,train_design,10,False,10,24
arxiv_nomic_10k,29,lid_descending,490,calibration,10,False,10,24
arxiv_nomic_10k,29,lid_descending,491,internal_audit,24,False,24,24
arxiv_nomic_10k,29,lid_descending,492,train_design,10,False,24,24
arxiv_nomic_10k,29,lid_descending,493,calibration,10,False,10,24
arxiv_nomic_10k,29,lid_descending,494,train_design,24,False,24,24
arxiv_nomic_10k,29,lid_descending,495,train_design,10,False,10,24
arxiv_nomic_10k,29,lid_descending,496,train_design,10,False,10,24
arxiv_nomic_10k,29,lid_descending,497,train_design,16,False,24,24
arxiv_nomic_10k,29,lid_descending,498,calibration,10,False,10,24
arxiv_nomic_10k,29,lid_descending,499,train_design,10,False,10,24
arxiv_nomic_10k,29,random,0,train_design,10,False,16,24
arxiv_nomic_10k,29,random,1,train_design,32,False,24,24
arxiv_nomic_10k,29,random,2,calibration,24,False,24,24
arxiv_nomic_10k,29,random,3,calibration,10,False,10,24
arxiv_nomic_10k,29,random,4,internal_audit,10,False,10,24
arxiv_nomic_10k,29,random,5,calibration,10,False,16,24
arxiv_nomic_10k,29,random,6,train_design,10,False,10,24
arxiv_nomic_10k,29,random,7,internal_audit,10,False,10,24
arxiv_nomic_10k,29,random,8,train_design,10,False,24,24
arxiv_nomic_10k,29,random,9,train_design,10,False,10,24
arxiv_nomic_10k,29,random,10,train_design,10,False,10,24
arxiv_nomic_10k,29,random,11,internal_audit,24,False,24,24
arxiv_nomic_10k,29,random,12,train_design,10,False,10,24
arxiv_nomic_10k,29,random,13,internal_audit,16,False,16,24
arxiv_nomic_10k,29,random,14,train_design,10,False,10,24
arxiv_nomic_10k,29,random,15,internal_audit,10,False,10,24
arxiv_nomic_10k,29,random,16,calibration,10,False,10,24
arxiv_nomic_10k,29,random,17,internal_audit,10,False,10,24
arxiv_nomic_10k,29,random,18,calibration,10,False,10,24
arxiv_nomic_10k,29,random,19,train_design,16,False,24,24
arxiv_nomic_10k,29,random,20,train_design,16,False,16,24
arxiv_nomic_10k,29,random,21,internal_audit,24,False,24,24
arxiv_nomic_10k,29,random,22,train_design,10,False,16,24
arxiv_nomic_10k,29,random,23,internal_audit,48,False,24,24
arxiv_nomic_10k,29,random,24,calibration,24,False,24,24
arxiv_nomic_10k,29,random,25,train_design,16,False,16,24
arxiv_nomic_10k,29,random,26,calibration,10,False,24,24
arxiv_nomic_10k,29,random,27,calibration,24,False,24,24
arxiv_nomic_10k,29,random,28,train_design,10,False,16,24
arxiv_nomic_10k,29,random,29,calibration,10,False,10,24
arxiv_nomic_10k,29,random,30,internal_audit,16,False,16,24
arxiv_nomic_10k,29,random,31,train_design,10,False,10,24
arxiv_nomic_10k,29,random,32,train_design,16,False,24,24
arxiv_nomic_10k,29,random,33,calibration,16,False,16,24
arxiv_nomic_10k,29,random,34,internal_audit,10,False,10,24
arxiv_nomic_10k,29,random,35,train_design,10,False,24,24
arxiv_nomic_10k,29,random,36,internal_audit,10,False,10,24
arxiv_nomic_10k,29,random,37,train_design,48,False,10,24
arxiv_nomic_10k,29,random,38,internal_audit,64,False,24,24
arxiv_nomic_10k,29,random,39,calibration,10,False,10,24
arxiv_nomic_10k,29,random,40,train_design,10,False,24,24
arxiv_nomic_10k,29,random,41,internal_audit,10,False,10,24
arxiv_nomic_10k,29,random,42,train_design,10,False,10,24
arxiv_nomic_10k,29,random,43,train_design,10,False,10,24
arxiv_nomic_10k,29,random,44,train_design,10,False,10,24
arxiv_nomic_10k,29,random,45,internal_audit,10,False,10,24
arxiv_nomic_10k,29,random,46,calibration,10,False,10,24
arxiv_nomic_10k,29,random,47,train_design,10,False,10,24
arxiv_nomic_10k,29,random,48,train_design,48,False,10,24
arxiv_nomic_10k,29,random,49,internal_audit,10,False,10,24
arxiv_nomic_10k,29,random,50,train_design,16,False,16,24
arxiv_nomic_10k,29,random,51,calibration,24,False,24,24
arxiv_nomic_10k,29,random,52,calibration,10,False,16,24
arxiv_nomic_10k,29,random,53,train_design,10,False,10,24
arxiv_nomic_10k,29,random,54,train_design,10,False,10,24
arxiv_nomic_10k,29,random,55,calibration,10,False,16,24
arxiv_nomic_10k,29,random,56,train_design,10,False,24,24
arxiv_nomic_10k,29,random,57,calibration,16,False,24,24
arxiv_nomic_10k,29,random,58,calibration,10,False,10,24
arxiv_nomic_10k,29,random,59,calibration,16,False,16,24
arxiv_nomic_10k,29,random,60,train_design,10,False,10,24
arxiv_nomic_10k,29,random,61,train_design,24,False,24,24
arxiv_nomic_10k,29,random,62,train_design,10,False,10,24
arxiv_nomic_10k,29,random,63,internal_audit,48,False,10,24
arxiv_nomic_10k,29,random,64,train_design,10,False,16,24
arxiv_nomic_10k,29,random,65,calibration,10,False,10,24
arxiv_nomic_10k,29,random,66,calibration,10,False,16,24
arxiv_nomic_10k,29,random,67,train_design,10,False,10,24
arxiv_nomic_10k,29,random,68,calibration,48,False,24,24
arxiv_nomic_10k,29,random,69,calibration,10,False,10,24
arxiv_nomic_10k,29,random,70,train_design,10,False,16,24
arxiv_nomic_10k,29,random,71,calibration,10,False,10,24
arxiv_nomic_10k,29,random,72,train_design,10,False,24,24
arxiv_nomic_10k,29,random,73,internal_audit,10,False,16,24
arxiv_nomic_10k,29,random,74,calibration,10,False,10,24
arxiv_nomic_10k,29,random,75,train_design,10,False,10,24
arxiv_nomic_10k,29,random,76,train_design,24,False,24,24
arxiv_nomic_10k,29,random,77,calibration,16,False,24,24
arxiv_nomic_10k,29,random,78,calibration,10,False,10,24
arxiv_nomic_10k,29,random,79,calibration,16,False,16,24
arxiv_nomic_10k,29,random,80,train_design,10,False,24,24
arxiv_nomic_10k,29,random,81,internal_audit,16,False,16,24
arxiv_nomic_10k,29,random,82,train_design,10,False,10,24
arxiv_nomic_10k,29,random,83,train_design,24,False,24,24
arxiv_nomic_10k,29,random,84,train_design,16,False,16,24
arxiv_nomic_10k,29,random,85,internal_audit,10,False,16,24
arxiv_nomic_10k,29,random,86,internal_audit,10,False,10,24
arxiv_nomic_10k,29,random,87,calibration,24,False,24,24
arxiv_nomic_10k,29,random,88,internal_audit,24,False,24,24
arxiv_nomic_10k,29,random,89,train_design,32,False,24,24
arxiv_nomic_10k,29,random,90,calibration,16,False,24,24
arxiv_nomic_10k,29,random,91,train_design,16,False,24,24
arxiv_nomic_10k,29,random,92,internal_audit,16,False,16,24
arxiv_nomic_10k,29,random,93,internal_audit,10,False,10,24
arxiv_nomic_10k,29,random,94,calibration,10,False,24,24
arxiv_nomic_10k,29,random,95,train_design,10,False,16,24
arxiv_nomic_10k,29,random,96,internal_audit,10,False,10,24
arxiv_nomic_10k,29,random,97,calibration,24,False,24,24
arxiv_nomic_10k,29,random,98,train_design,24,False,24,24
arxiv_nomic_10k,29,random,99,internal_audit,10,False,24,24
arxiv_nomic_10k,29,random,100,train_design,10,False,10,24
arxiv_nomic_10k,29,random,101,calibration,10,False,16,24
arxiv_nomic_10k,29,random,102,train_design,16,False,16,24
arxiv_nomic_10k,29,random,103,calibration,10,False,10,24
arxiv_nomic_10k,29,random,104,internal_audit,10,False,10,24
arxiv_nomic_10k,29,random,105,calibration,10,False,16,24
arxiv_nomic_10k,29,random,106,train_design,10,False,24,24
arxiv_nomic_10k,29,random,107,train_design,10,False,10,24
arxiv_nomic_10k,29,random,108,train_design,16,False,16,24
arxiv_nomic_10k,29,random,109,internal_audit,10,False,24,24
arxiv_nomic_10k,29,random,110,calibration,10,False,16,24
arxiv_nomic_10k,29,random,111,train_design,24,False,24,24
arxiv_nomic_10k,29,random,112,train_design,10,False,16,24
arxiv_nomic_10k,29,random,113,calibration,10,False,10,24
arxiv_nomic_10k,29,random,114,internal_audit,10,False,10,24
arxiv_nomic_10k,29,random,115,internal_audit,10,False,16,24
arxiv_nomic_10k,29,random,116,train_design,10,False,10,24
arxiv_nomic_10k,29,random,117,train_design,10,False,10,24
arxiv_nomic_10k,29,random,118,internal_audit,10,False,16,24
arxiv_nomic_10k,29,random,119,calibration,10,False,10,24
arxiv_nomic_10k,29,random,120,internal_audit,10,False,10,24
arxiv_nomic_10k,29,random,121,train_design,10,False,10,24
arxiv_nomic_10k,29,random,122,calibration,24,False,24,24
arxiv_nomic_10k,29,random,123,train_design,10,False,10,24
arxiv_nomic_10k,29,random,124,train_design,48,False,10,24
arxiv_nomic_10k,29,random,125,internal_audit,10,False,10,24
arxiv_nomic_10k,29,random,126,internal_audit,24,False,24,24
arxiv_nomic_10k,29,random,127,train_design,10,False,16,24
arxiv_nomic_10k,29,random,128,internal_audit,16,False,16,24
arxiv_nomic_10k,29,random,129,calibration,10,False,10,24
arxiv_nomic_10k,29,random,130,internal_audit,10,False,10,24
arxiv_nomic_10k,29,random,131,train_design,10,False,10,24
arxiv_nomic_10k,29,random,132,calibration,10,False,24,24
arxiv_nomic_10k,29,random,133,train_design,10,False,10,24
arxiv_nomic_10k,29,random,134,internal_audit,10,False,10,24
arxiv_nomic_10k,29,random,135,internal_audit,10,False,10,24
arxiv_nomic_10k,29,random,136,train_design,10,False,10,24
arxiv_nomic_10k,29,random,137,train_design,10,False,10,24
arxiv_nomic_10k,29,random,138,train_design,24,False,24,24
arxiv_nomic_10k,29,random,139,train_design,10,False,10,24
arxiv_nomic_10k,29,random,140,internal_audit,16,False,24,24
arxiv_nomic_10k,29,random,141,calibration,10,False,24,24
arxiv_nomic_10k,29,random,142,internal_audit,10,False,10,24
arxiv_nomic_10k,29,random,143,train_design,10,False,10,24
arxiv_nomic_10k,29,random,144,internal_audit,10,False,10,24
arxiv_nomic_10k,29,random,145,calibration,10,False,10,24
arxiv_nomic_10k,29,random,146,train_design,10,False,10,24
arxiv_nomic_10k,29,random,147,train_design,10,False,10,24
arxiv_nomic_10k,29,random,148,train_design,10,False,10,24
arxiv_nomic_10k,29,random,149,train_design,10,False,16,24
arxiv_nomic_10k,29,random,150,train_design,10,False,10,24
arxiv_nomic_10k,29,random,151,train_design,10,False,24,24
arxiv_nomic_10k,29,random,152,train_design,24,False,24,24
arxiv_nomic_10k,29,random,153,calibration,16,False,24,24
arxiv_nomic_10k,29,random,154,calibration,16,False,24,24
arxiv_nomic_10k,29,random,155,calibration,10,False,10,24
arxiv_nomic_10k,29,random,156,internal_audit,10,False,10,24
arxiv_nomic_10k,29,random,157,train_design,10,False,10,24
arxiv_nomic_10k,29,random,158,internal_audit,16,False,16,24
arxiv_nomic_10k,29,random,159,calibration,10,False,24,24
arxiv_nomic_10k,29,random,160,train_design,10,False,10,24
arxiv_nomic_10k,29,random,161,internal_audit,16,False,16,24
arxiv_nomic_10k,29,random,162,internal_audit,10,False,10,24
arxiv_nomic_10k,29,random,163,internal_audit,16,False,16,24
arxiv_nomic_10k,29,random,164,train_design,10,False,10,24
arxiv_nomic_10k,29,random,165,calibration,16,False,16,24
arxiv_nomic_10k,29,random,166,train_design,10,False,10,24
arxiv_nomic_10k,29,random,167,train_design,10,False,10,24
arxiv_nomic_10k,29,random,168,train_design,10,False,10,24
arxiv_nomic_10k,29,random,169,train_design,10,False,10,24
arxiv_nomic_10k,29,random,170,calibration,10,False,16,24
arxiv_nomic_10k,29,random,171,train_design,16,False,24,24
arxiv_nomic_10k,29,random,172,train_design,10,False,10,24
arxiv_nomic_10k,29,random,173,internal_audit,10,False,10,24
arxiv_nomic_10k,29,random,174,train_design,10,False,10,24
arxiv_nomic_10k,29,random,175,train_design,10,False,24,24
arxiv_nomic_10k,29,random,176,calibration,16,False,24,24
arxiv_nomic_10k,29,random,177,train_design,10,False,10,24
arxiv_nomic_10k,29,random,178,train_design,10,False,10,24
arxiv_nomic_10k,29,random,179,internal_audit,10,False,10,24
arxiv_nomic_10k,29,random,180,internal_audit,48,False,16,24
arxiv_nomic_10k,29,random,181,calibration,16,False,16,24
arxiv_nomic_10k,29,random,182,train_design,10,False,10,24
arxiv_nomic_10k,29,random,183,train_design,10,False,10,24
arxiv_nomic_10k,29,random,184,train_design,10,False,10,24
arxiv_nomic_10k,29,random,185,calibration,10,False,10,24
arxiv_nomic_10k,29,random,186,calibration,10,False,10,24
arxiv_nomic_10k,29,random,187,train_design,10,False,10,24
arxiv_nomic_10k,29,random,188,train_design,10,False,10,24
arxiv_nomic_10k,29,random,189,internal_audit,10,False,16,24
arxiv_nomic_10k,29,random,190,train_design,10,False,10,24
arxiv_nomic_10k,29,random,191,internal_audit,32,False,24,24
arxiv_nomic_10k,29,random,192,calibration,24,False,24,24
arxiv_nomic_10k,29,random,193,train_design,24,False,24,24
arxiv_nomic_10k,29,random,194,internal_audit,10,False,10,24
arxiv_nomic_10k,29,random,195,calibration,10,False,16,24
arxiv_nomic_10k,29,random,196,calibration,10,False,10,24
arxiv_nomic_10k,29,random,197,calibration,10,False,10,24
arxiv_nomic_10k,29,random,198,train_design,10,False,10,24
arxiv_nomic_10k,29,random,199,internal_audit,10,False,10,24
arxiv_nomic_10k,29,random,200,train_design,16,False,24,24
arxiv_nomic_10k,29,random,201,calibration,16,False,24,24
arxiv_nomic_10k,29,random,202,internal_audit,10,False,16,24
arxiv_nomic_10k,29,random,203,internal_audit,10,False,10,24
arxiv_nomic_10k,29,random,204,train_design,10,False,10,24
arxiv_nomic_10k,29,random,205,train_design,10,False,10,24
arxiv_nomic_10k,29,random,206,calibration,16,False,24,24
arxiv_nomic_10k,29,random,207,internal_audit,10,False,10,24
arxiv_nomic_10k,29,random,208,train_design,24,False,24,24
arxiv_nomic_10k,29,random,209,internal_audit,10,False,10,24
arxiv_nomic_10k,29,random,210,internal_audit,64,False,10,24
arxiv_nomic_10k,29,random,211,train_design,10,False,10,24
arxiv_nomic_10k,29,random,212,internal_audit,10,False,10,24
arxiv_nomic_10k,29,random,213,train_design,10,False,10,24
arxiv_nomic_10k,29,random,214,internal_audit,10,False,10,24
arxiv_nomic_10k,29,random,215,internal_audit,10,False,24,24
arxiv_nomic_10k,29,random,216,internal_audit,10,False,16,24
arxiv_nomic_10k,29,random,217,train_design,10,False,16,24
arxiv_nomic_10k,29,random,218,calibration,10,False,16,24
arxiv_nomic_10k,29,random,219,calibration,10,False,16,24
arxiv_nomic_10k,29,random,220,calibration,16,False,24,24
arxiv_nomic_10k,29,random,221,train_design,10,False,10,24
arxiv_nomic_10k,29,random,222,train_design,10,False,24,24
arxiv_nomic_10k,29,random,223,train_design,16,False,16,24
arxiv_nomic_10k,29,random,224,internal_audit,10,False,10,24
arxiv_nomic_10k,29,random,225,train_design,10,False,10,24
arxiv_nomic_10k,29,random,226,internal_audit,16,False,16,24
arxiv_nomic_10k,29,random,227,train_design,10,False,10,24
arxiv_nomic_10k,29,random,228,train_design,10,False,24,24
arxiv_nomic_10k,29,random,229,train_design,10,False,16,24
arxiv_nomic_10k,29,random,230,train_design,16,False,24,24
arxiv_nomic_10k,29,random,231,train_design,10,False,16,24
arxiv_nomic_10k,29,random,232,internal_audit,24,False,24,24
arxiv_nomic_10k,29,random,233,internal_audit,10,False,10,24
arxiv_nomic_10k,29,random,234,train_design,48,False,16,24
arxiv_nomic_10k,29,random,235,internal_audit,10,False,10,24
arxiv_nomic_10k,29,random,236,internal_audit,10,False,10,24
arxiv_nomic_10k,29,random,237,calibration,24,False,24,24
arxiv_nomic_10k,29,random,238,train_design,10,False,10,24
arxiv_nomic_10k,29,random,239,calibration,10,False,16,24
arxiv_nomic_10k,29,random,240,train_design,10,False,10,24
arxiv_nomic_10k,29,random,241,internal_audit,10,False,10,24
arxiv_nomic_10k,29,random,242,calibration,10,False,10,24
arxiv_nomic_10k,29,random,243,train_design,10,False,10,24
arxiv_nomic_10k,29,random,244,train_design,16,False,16,24
arxiv_nomic_10k,29,random,245,train_design,10,False,24,24
arxiv_nomic_10k,29,random,246,train_design,16,False,16,24
arxiv_nomic_10k,29,random,247,train_design,24,False,24,24
arxiv_nomic_10k,29,random,248,calibration,10,False,10,24
arxiv_nomic_10k,29,random,249,calibration,10,False,10,24
arxiv_nomic_10k,29,random,250,internal_audit,10,False,10,24
arxiv_nomic_10k,29,random,251,calibration,10,False,16,24
arxiv_nomic_10k,29,random,252,calibration,10,False,10,24
arxiv_nomic_10k,29,random,253,train_design,10,False,10,24
arxiv_nomic_10k,29,random,254,train_design,10,False,16,24
arxiv_nomic_10k,29,random,255,train_design,16,False,16,24
arxiv_nomic_10k,29,random,256,calibration,10,False,10,24
arxiv_nomic_10k,29,random,257,internal_audit,10,False,10,24
arxiv_nomic_10k,29,random,258,train_design,10,False,10,24
arxiv_nomic_10k,29,random,259,train_design,10,False,16,24
arxiv_nomic_10k,29,random,260,calibration,10,False,24,24
arxiv_nomic_10k,29,random,261,train_design,10,False,10,24
arxiv_nomic_10k,29,random,262,calibration,16,False,24,24
arxiv_nomic_10k,29,random,263,internal_audit,10,False,10,24
arxiv_nomic_10k,29,random,264,internal_audit,24,False,24,24
arxiv_nomic_10k,29,random,265,train_design,10,False,10,24
arxiv_nomic_10k,29,random,266,calibration,10,False,10,24
arxiv_nomic_10k,29,random,267,train_design,10,False,10,24
arxiv_nomic_10k,29,random,268,internal_audit,24,False,24,24
arxiv_nomic_10k,29,random,269,calibration,10,False,10,24
arxiv_nomic_10k,29,random,270,calibration,10,False,16,24
arxiv_nomic_10k,29,random,271,internal_audit,10,False,10,24
arxiv_nomic_10k,29,random,272,train_design,10,False,10,24
arxiv_nomic_10k,29,random,273,train_design,24,False,24,24
arxiv_nomic_10k,29,random,274,internal_audit,64,False,16,24
arxiv_nomic_10k,29,random,275,train_design,10,False,10,24
arxiv_nomic_10k,29,random,276,calibration,16,False,24,24
arxiv_nomic_10k,29,random,277,calibration,10,False,10,24
arxiv_nomic_10k,29,random,278,calibration,10,False,10,24
arxiv_nomic_10k,29,random,279,train_design,24,False,24,24
arxiv_nomic_10k,29,random,280,train_design,10,False,10,24
arxiv_nomic_10k,29,random,281,train_design,24,False,24,24
arxiv_nomic_10k,29,random,282,train_design,10,False,10,24
arxiv_nomic_10k,29,random,283,calibration,24,False,24,24
arxiv_nomic_10k,29,random,284,internal_audit,16,False,24,24
arxiv_nomic_10k,29,random,285,train_design,10,False,10,24
arxiv_nomic_10k,29,random,286,calibration,10,False,16,24
arxiv_nomic_10k,29,random,287,train_design,24,False,24,24
arxiv_nomic_10k,29,random,288,train_design,10,False,10,24
arxiv_nomic_10k,29,random,289,internal_audit,10,False,10,24
arxiv_nomic_10k,29,random,290,train_design,10,False,10,24
arxiv_nomic_10k,29,random,291,train_design,10,False,16,24
arxiv_nomic_10k,29,random,292,train_design,10,False,10,24
arxiv_nomic_10k,29,random,293,internal_audit,10,False,16,24
arxiv_nomic_10k,29,random,294,train_design,10,False,24,24
arxiv_nomic_10k,29,random,295,internal_audit,16,False,24,24
arxiv_nomic_10k,29,random,296,train_design,48,False,16,24
arxiv_nomic_10k,29,random,297,train_design,10,False,10,24
arxiv_nomic_10k,29,random,298,train_design,10,False,10,24
arxiv_nomic_10k,29,random,299,internal_audit,10,False,10,24
arxiv_nomic_10k,29,random,300,train_design,10,False,16,24
arxiv_nomic_10k,29,random,301,train_design,16,False,16,24
arxiv_nomic_10k,29,random,302,train_design,10,False,10,24
arxiv_nomic_10k,29,random,303,calibration,10,False,10,24
arxiv_nomic_10k,29,random,304,calibration,24,False,24,24
arxiv_nomic_10k,29,random,305,train_design,10,False,10,24
arxiv_nomic_10k,29,random,306,internal_audit,10,False,10,24
arxiv_nomic_10k,29,random,307,train_design,10,False,10,24
arxiv_nomic_10k,29,random,308,internal_audit,10,False,10,24
arxiv_nomic_10k,29,random,309,train_design,24,False,24,24
arxiv_nomic_10k,29,random,310,train_design,10,False,10,24
arxiv_nomic_10k,29,random,311,internal_audit,10,False,10,24
arxiv_nomic_10k,29,random,312,train_design,10,False,10,24
arxiv_nomic_10k,29,random,313,train_design,10,False,10,24
arxiv_nomic_10k,29,random,314,internal_audit,16,False,16,24
arxiv_nomic_10k,29,random,315,calibration,10,False,10,24
arxiv_nomic_10k,29,random,316,calibration,10,False,10,24
arxiv_nomic_10k,29,random,317,internal_audit,10,False,24,24
arxiv_nomic_10k,29,random,318,train_design,10,False,24,24
arxiv_nomic_10k,29,random,319,calibration,16,False,16,24
arxiv_nomic_10k,29,random,320,internal_audit,10,False,16,24
arxiv_nomic_10k,29,random,321,train_design,16,False,24,24
arxiv_nomic_10k,29,random,322,internal_audit,16,False,16,24
arxiv_nomic_10k,29,random,323,train_design,10,False,10,24
arxiv_nomic_10k,29,random,324,calibration,16,False,16,24
arxiv_nomic_10k,29,random,325,train_design,24,False,24,24
arxiv_nomic_10k,29,random,326,train_design,10,False,16,24
arxiv_nomic_10k,29,random,327,train_design,10,False,10,24
arxiv_nomic_10k,29,random,328,calibration,32,False,16,24
arxiv_nomic_10k,29,random,329,calibration,10,False,10,24
arxiv_nomic_10k,29,random,330,calibration,10,False,10,24
arxiv_nomic_10k,29,random,331,train_design,10,False,24,24
arxiv_nomic_10k,29,random,332,train_design,10,False,24,24
arxiv_nomic_10k,29,random,333,train_design,10,False,10,24
arxiv_nomic_10k,29,random,334,train_design,10,False,10,24
arxiv_nomic_10k,29,random,335,internal_audit,10,False,10,24
arxiv_nomic_10k,29,random,336,train_design,10,False,24,24
arxiv_nomic_10k,29,random,337,calibration,10,False,24,24
arxiv_nomic_10k,29,random,338,calibration,10,False,10,24
arxiv_nomic_10k,29,random,339,internal_audit,10,False,10,24
arxiv_nomic_10k,29,random,340,calibration,24,False,24,24
arxiv_nomic_10k,29,random,341,internal_audit,10,False,10,24
arxiv_nomic_10k,29,random,342,calibration,10,False,10,24
arxiv_nomic_10k,29,random,343,internal_audit,10,False,10,24
arxiv_nomic_10k,29,random,344,calibration,10,False,10,24
arxiv_nomic_10k,29,random,345,train_design,16,False,24,24
arxiv_nomic_10k,29,random,346,train_design,10,False,24,24
arxiv_nomic_10k,29,random,347,train_design,10,False,16,24
arxiv_nomic_10k,29,random,348,train_design,10,False,10,24
arxiv_nomic_10k,29,random,349,train_design,10,False,10,24
arxiv_nomic_10k,29,random,350,internal_audit,10,False,10,24
arxiv_nomic_10k,29,random,351,internal_audit,16,False,16,24
arxiv_nomic_10k,29,random,352,train_design,24,False,24,24
arxiv_nomic_10k,29,random,353,calibration,10,False,24,24
arxiv_nomic_10k,29,random,354,calibration,10,False,10,24
arxiv_nomic_10k,29,random,355,internal_audit,10,False,10,24
arxiv_nomic_10k,29,random,356,train_design,16,False,16,24
arxiv_nomic_10k,29,random,357,internal_audit,10,False,10,24
arxiv_nomic_10k,29,random,358,train_design,10,False,10,24
arxiv_nomic_10k,29,random,359,train_design,16,False,24,24
arxiv_nomic_10k,29,random,360,train_design,10,False,16,24
arxiv_nomic_10k,29,random,361,calibration,10,False,10,24
arxiv_nomic_10k,29,random,362,train_design,16,False,16,24
arxiv_nomic_10k,29,random,363,train_design,24,False,24,24
arxiv_nomic_10k,29,random,364,internal_audit,10,False,16,24
arxiv_nomic_10k,29,random,365,train_design,10,False,10,24
arxiv_nomic_10k,29,random,366,train_design,10,False,10,24
arxiv_nomic_10k,29,random,367,train_design,10,False,10,24
arxiv_nomic_10k,29,random,368,calibration,10,False,16,24
arxiv_nomic_10k,29,random,369,internal_audit,10,False,10,24
arxiv_nomic_10k,29,random,370,calibration,10,False,10,24
arxiv_nomic_10k,29,random,371,train_design,10,False,16,24
arxiv_nomic_10k,29,random,372,internal_audit,10,False,24,24
arxiv_nomic_10k,29,random,373,train_design,16,False,24,24
arxiv_nomic_10k,29,random,374,internal_audit,10,False,10,24
arxiv_nomic_10k,29,random,375,train_design,10,False,10,24
arxiv_nomic_10k,29,random,376,train_design,10,False,10,24
arxiv_nomic_10k,29,random,377,train_design,16,False,16,24
arxiv_nomic_10k,29,random,378,calibration,10,False,10,24
arxiv_nomic_10k,29,random,379,train_design,96,False,16,24
arxiv_nomic_10k,29,random,380,train_design,32,False,24,24
arxiv_nomic_10k,29,random,381,internal_audit,10,False,10,24
arxiv_nomic_10k,29,random,382,internal_audit,16,False,24,24
arxiv_nomic_10k,29,random,383,internal_audit,10,False,24,24
arxiv_nomic_10k,29,random,384,train_design,32,False,24,24
arxiv_nomic_10k,29,random,385,train_design,10,False,10,24
arxiv_nomic_10k,29,random,386,train_design,10,False,10,24
arxiv_nomic_10k,29,random,387,train_design,48,False,16,24
arxiv_nomic_10k,29,random,388,train_design,10,False,24,24
arxiv_nomic_10k,29,random,389,train_design,10,False,24,24
arxiv_nomic_10k,29,random,390,internal_audit,10,False,10,24
arxiv_nomic_10k,29,random,391,internal_audit,10,False,10,24
arxiv_nomic_10k,29,random,392,train_design,24,False,24,24
arxiv_nomic_10k,29,random,393,calibration,16,False,16,24
arxiv_nomic_10k,29,random,394,calibration,10,False,10,24
arxiv_nomic_10k,29,random,395,train_design,16,False,16,24
arxiv_nomic_10k,29,random,396,train_design,10,False,10,24
arxiv_nomic_10k,29,random,397,internal_audit,10,False,10,24
arxiv_nomic_10k,29,random,398,internal_audit,10,False,10,24
arxiv_nomic_10k,29,random,399,calibration,16,False,16,24
arxiv_nomic_10k,29,random,400,train_design,10,False,10,24
arxiv_nomic_10k,29,random,401,train_design,10,False,10,24
arxiv_nomic_10k,29,random,402,calibration,16,False,16,24
arxiv_nomic_10k,29,random,403,calibration,10,False,10,24
arxiv_nomic_10k,29,random,404,calibration,10,False,16,24
arxiv_nomic_10k,29,random,405,train_design,24,False,24,24
arxiv_nomic_10k,29,random,406,train_design,10,False,16,24
arxiv_nomic_10k,29,random,407,calibration,10,False,10,24
arxiv_nomic_10k,29,random,408,internal_audit,10,False,10,24
arxiv_nomic_10k,29,random,409,train_design,10,False,10,24
arxiv_nomic_10k,29,random,410,calibration,24,False,24,24
arxiv_nomic_10k,29,random,411,train_design,10,False,10,24
arxiv_nomic_10k,29,random,412,train_design,10,False,10,24
arxiv_nomic_10k,29,random,413,calibration,10,False,16,24
arxiv_nomic_10k,29,random,414,internal_audit,10,False,24,24
arxiv_nomic_10k,29,random,415,internal_audit,10,False,10,24
arxiv_nomic_10k,29,random,416,calibration,16,False,16,24
arxiv_nomic_10k,29,random,417,train_design,10,False,16,24
arxiv_nomic_10k,29,random,418,calibration,32,False,16,24
arxiv_nomic_10k,29,random,419,train_design,10,False,10,24
arxiv_nomic_10k,29,random,420,calibration,10,False,10,24
arxiv_nomic_10k,29,random,421,train_design,10,False,10,24
arxiv_nomic_10k,29,random,422,train_design,16,False,16,24
arxiv_nomic_10k,29,random,423,train_design,24,False,24,24
arxiv_nomic_10k,29,random,424,train_design,16,False,16,24
arxiv_nomic_10k,29,random,425,train_design,10,False,10,24
arxiv_nomic_10k,29,random,426,train_design,32,False,10,24
arxiv_nomic_10k,29,random,427,train_design,10,False,10,24
arxiv_nomic_10k,29,random,428,internal_audit,10,False,24,24
arxiv_nomic_10k,29,random,429,internal_audit,10,False,24,24
arxiv_nomic_10k,29,random,430,train_design,48,False,10,24
arxiv_nomic_10k,29,random,431,train_design,10,False,16,24
arxiv_nomic_10k,29,random,432,train_design,10,False,10,24
arxiv_nomic_10k,29,random,433,calibration,96,False,10,24
arxiv_nomic_10k,29,random,434,train_design,10,False,10,24
arxiv_nomic_10k,29,random,435,train_design,10,False,10,24
arxiv_nomic_10k,29,random,436,train_design,10,False,10,24
arxiv_nomic_10k,29,random,437,internal_audit,10,False,10,24
arxiv_nomic_10k,29,random,438,internal_audit,16,False,16,24
arxiv_nomic_10k,29,random,439,internal_audit,10,False,24,24
arxiv_nomic_10k,29,random,440,calibration,10,False,10,24
arxiv_nomic_10k,29,random,441,calibration,10,False,10,24
arxiv_nomic_10k,29,random,442,internal_audit,10,False,10,24
arxiv_nomic_10k,29,random,443,train_design,10,False,10,24
arxiv_nomic_10k,29,random,444,internal_audit,10,False,10,24
arxiv_nomic_10k,29,random,445,calibration,10,False,10,24
arxiv_nomic_10k,29,random,446,train_design,10,False,10,24
arxiv_nomic_10k,29,random,447,calibration,24,False,24,24
arxiv_nomic_10k,29,random,448,train_design,10,False,10,24
arxiv_nomic_10k,29,random,449,calibration,16,False,16,24
arxiv_nomic_10k,29,random,450,train_design,16,False,16,24
arxiv_nomic_10k,29,random,451,calibration,10,False,16,24
arxiv_nomic_10k,29,random,452,calibration,10,False,16,24
arxiv_nomic_10k,29,random,453,train_design,10,False,24,24
arxiv_nomic_10k,29,random,454,train_design,10,False,16,24
arxiv_nomic_10k,29,random,455,train_design,24,False,24,24
arxiv_nomic_10k,29,random,456,train_design,10,False,10,24
arxiv_nomic_10k,29,random,457,train_design,10,False,10,24
arxiv_nomic_10k,29,random,458,internal_audit,10,False,10,24
arxiv_nomic_10k,29,random,459,internal_audit,10,False,10,24
arxiv_nomic_10k,29,random,460,train_design,10,False,10,24
arxiv_nomic_10k,29,random,461,train_design,24,False,24,24
arxiv_nomic_10k,29,random,462,calibration,10,False,10,24
arxiv_nomic_10k,29,random,463,train_design,10,False,10,24
arxiv_nomic_10k,29,random,464,train_design,24,False,24,24
arxiv_nomic_10k,29,random,465,train_design,48,False,10,24
arxiv_nomic_10k,29,random,466,train_design,10,False,10,24
arxiv_nomic_10k,29,random,467,internal_audit,10,False,10,24
arxiv_nomic_10k,29,random,468,train_design,10,False,16,24
arxiv_nomic_10k,29,random,469,train_design,10,False,24,24
arxiv_nomic_10k,29,random,470,train_design,10,False,10,24
arxiv_nomic_10k,29,random,471,internal_audit,10,False,10,24
arxiv_nomic_10k,29,random,472,train_design,16,False,24,24
arxiv_nomic_10k,29,random,473,train_design,10,False,10,24
arxiv_nomic_10k,29,random,474,train_design,10,False,16,24
arxiv_nomic_10k,29,random,475,train_design,10,False,10,24
arxiv_nomic_10k,29,random,476,internal_audit,10,False,10,24
arxiv_nomic_10k,29,random,477,train_design,10,False,16,24
arxiv_nomic_10k,29,random,478,train_design,16,False,16,24
arxiv_nomic_10k,29,random,479,train_design,10,False,10,24
arxiv_nomic_10k,29,random,480,train_design,10,False,10,24
arxiv_nomic_10k,29,random,481,train_design,24,False,24,24
arxiv_nomic_10k,29,random,482,internal_audit,10,False,10,24
arxiv_nomic_10k,29,random,483,train_design,10,False,10,24
arxiv_nomic_10k,29,random,484,train_design,24,False,24,24
arxiv_nomic_10k,29,random,485,calibration,32,False,24,24
arxiv_nomic_10k,29,random,486,internal_audit,24,False,24,24
arxiv_nomic_10k,29,random,487,internal_audit,10,False,24,24
arxiv_nomic_10k,29,random,488,calibration,24,False,24,24
arxiv_nomic_10k,29,random,489,train_design,10,False,10,24
arxiv_nomic_10k,29,random,490,calibration,10,False,24,24
arxiv_nomic_10k,29,random,491,internal_audit,10,False,16,24
arxiv_nomic_10k,29,random,492,train_design,10,False,24,24
arxiv_nomic_10k,29,random,493,calibration,48,False,10,24
arxiv_nomic_10k,29,random,494,train_design,16,False,24,24
arxiv_nomic_10k,29,random,495,train_design,10,False,10,24
arxiv_nomic_10k,29,random,496,train_design,10,False,10,24
arxiv_nomic_10k,29,random,497,train_design,10,False,10,24
arxiv_nomic_10k,29,random,498,calibration,10,False,10,24
arxiv_nomic_10k,29,random,499,train_design,10,False,10,24
arxiv_nomic_10k,7,lid_ascending,0,train_design,10,False,16,24
arxiv_nomic_10k,7,lid_ascending,1,train_design,24,False,24,24
arxiv_nomic_10k,7,lid_ascending,2,calibration,16,False,16,24
arxiv_nomic_10k,7,lid_ascending,3,calibration,10,False,10,24
arxiv_nomic_10k,7,lid_ascending,4,internal_audit,10,False,10,24
arxiv_nomic_10k,7,lid_ascending,5,calibration,10,False,24,24
arxiv_nomic_10k,7,lid_ascending,6,train_design,10,False,10,24
arxiv_nomic_10k,7,lid_ascending,7,internal_audit,10,False,10,24
arxiv_nomic_10k,7,lid_ascending,8,train_design,16,False,16,24
arxiv_nomic_10k,7,lid_ascending,9,train_design,24,False,24,24
arxiv_nomic_10k,7,lid_ascending,10,train_design,10,False,16,24
arxiv_nomic_10k,7,lid_ascending,11,internal_audit,24,False,24,24
arxiv_nomic_10k,7,lid_ascending,12,train_design,10,False,10,24
arxiv_nomic_10k,7,lid_ascending,13,internal_audit,10,False,16,24
arxiv_nomic_10k,7,lid_ascending,14,train_design,10,False,16,24
arxiv_nomic_10k,7,lid_ascending,15,internal_audit,10,False,10,24
arxiv_nomic_10k,7,lid_ascending,16,calibration,10,False,10,24
arxiv_nomic_10k,7,lid_ascending,17,internal_audit,16,False,16,24
arxiv_nomic_10k,7,lid_ascending,18,calibration,10,False,16,24
arxiv_nomic_10k,7,lid_ascending,19,train_design,16,False,16,24
arxiv_nomic_10k,7,lid_ascending,20,train_design,16,False,24,24
arxiv_nomic_10k,7,lid_ascending,21,internal_audit,16,False,16,24
arxiv_nomic_10k,7,lid_ascending,22,train_design,10,False,10,24
arxiv_nomic_10k,7,lid_ascending,23,internal_audit,64,False,16,24
arxiv_nomic_10k,7,lid_ascending,24,calibration,16,False,16,24
arxiv_nomic_10k,7,lid_ascending,25,train_design,10,False,24,24
arxiv_nomic_10k,7,lid_ascending,26,calibration,16,False,24,24
arxiv_nomic_10k,7,lid_ascending,27,calibration,24,False,24,24
arxiv_nomic_10k,7,lid_ascending,28,train_design,10,False,16,24
arxiv_nomic_10k,7,lid_ascending,29,calibration,10,False,10,24
arxiv_nomic_10k,7,lid_ascending,30,internal_audit,16,False,16,24
arxiv_nomic_10k,7,lid_ascending,31,train_design,24,False,24,24
arxiv_nomic_10k,7,lid_ascending,32,train_design,16,False,16,24
arxiv_nomic_10k,7,lid_ascending,33,calibration,24,False,24,24
arxiv_nomic_10k,7,lid_ascending,34,internal_audit,10,False,10,24
arxiv_nomic_10k,7,lid_ascending,35,train_design,16,False,24,24
arxiv_nomic_10k,7,lid_ascending,36,internal_audit,10,False,10,24
arxiv_nomic_10k,7,lid_ascending,37,train_design,48,False,16,24
arxiv_nomic_10k,7,lid_ascending,38,internal_audit,48,False,16,24
arxiv_nomic_10k,7,lid_ascending,39,calibration,16,False,16,24
arxiv_nomic_10k,7,lid_ascending,40,train_design,10,False,10,24
arxiv_nomic_10k,7,lid_ascending,41,internal_audit,10,False,16,24
arxiv_nomic_10k,7,lid_ascending,42,train_design,10,False,10,24
arxiv_nomic_10k,7,lid_ascending,43,train_design,10,False,10,24
arxiv_nomic_10k,7,lid_ascending,44,train_design,10,False,10,24
arxiv_nomic_10k,7,lid_ascending,45,internal_audit,10,False,10,24
arxiv_nomic_10k,7,lid_ascending,46,calibration,10,False,10,24
arxiv_nomic_10k,7,lid_ascending,47,train_design,10,False,10,24
arxiv_nomic_10k,7,lid_ascending,48,train_design,48,False,16,24
arxiv_nomic_10k,7,lid_ascending,49,internal_audit,10,False,16,24
arxiv_nomic_10k,7,lid_ascending,50,train_design,16,False,16,24
arxiv_nomic_10k,7,lid_ascending,51,calibration,10,False,16,24
arxiv_nomic_10k,7,lid_ascending,52,calibration,10,False,16,24
arxiv_nomic_10k,7,lid_ascending,53,train_design,10,False,10,24
arxiv_nomic_10k,7,lid_ascending,54,train_design,32,False,10,24
arxiv_nomic_10k,7,lid_ascending,55,calibration,16,False,16,24
arxiv_nomic_10k,7,lid_ascending,56,train_design,10,False,16,24
arxiv_nomic_10k,7,lid_ascending,57,calibration,10,False,16,24
arxiv_nomic_10k,7,lid_ascending,58,calibration,10,False,24,24
arxiv_nomic_10k,7,lid_ascending,59,calibration,10,False,24,24
arxiv_nomic_10k,7,lid_ascending,60,train_design,16,False,16,24
arxiv_nomic_10k,7,lid_ascending,61,train_design,24,False,24,24
arxiv_nomic_10k,7,lid_ascending,62,train_design,10,False,10,24
arxiv_nomic_10k,7,lid_ascending,63,internal_audit,10,False,10,24
arxiv_nomic_10k,7,lid_ascending,64,train_design,10,False,10,24
arxiv_nomic_10k,7,lid_ascending,65,calibration,10,False,10,24
arxiv_nomic_10k,7,lid_ascending,66,calibration,16,False,16,24
arxiv_nomic_10k,7,lid_ascending,67,train_design,10,False,10,24
arxiv_nomic_10k,7,lid_ascending,68,calibration,48,False,24,24
arxiv_nomic_10k,7,lid_ascending,69,calibration,10,False,10,24
arxiv_nomic_10k,7,lid_ascending,70,train_design,10,False,10,24
arxiv_nomic_10k,7,lid_ascending,71,calibration,10,False,16,24
arxiv_nomic_10k,7,lid_ascending,72,train_design,10,False,10,24
arxiv_nomic_10k,7,lid_ascending,73,internal_audit,10,False,10,24
arxiv_nomic_10k,7,lid_ascending,74,calibration,10,False,10,24
arxiv_nomic_10k,7,lid_ascending,75,train_design,10,False,10,24
arxiv_nomic_10k,7,lid_ascending,76,train_design,24,False,24,24
arxiv_nomic_10k,7,lid_ascending,77,calibration,24,False,24,24
arxiv_nomic_10k,7,lid_ascending,78,calibration,10,False,10,24
arxiv_nomic_10k,7,lid_ascending,79,calibration,24,False,24,24
arxiv_nomic_10k,7,lid_ascending,80,train_design,10,False,16,24
arxiv_nomic_10k,7,lid_ascending,81,internal_audit,10,False,24,24
arxiv_nomic_10k,7,lid_ascending,82,train_design,10,False,10,24
arxiv_nomic_10k,7,lid_ascending,83,train_design,16,False,16,24
arxiv_nomic_10k,7,lid_ascending,84,train_design,16,False,16,24
arxiv_nomic_10k,7,lid_ascending,85,internal_audit,10,False,10,24
arxiv_nomic_10k,7,lid_ascending,86,internal_audit,10,False,10,24
arxiv_nomic_10k,7,lid_ascending,87,calibration,10,False,10,24
arxiv_nomic_10k,7,lid_ascending,88,internal_audit,16,False,16,24
arxiv_nomic_10k,7,lid_ascending,89,train_design,24,False,24,24
arxiv_nomic_10k,7,lid_ascending,90,calibration,10,False,10,24
arxiv_nomic_10k,7,lid_ascending,91,train_design,24,False,24,24
arxiv_nomic_10k,7,lid_ascending,92,internal_audit,10,False,10,24
arxiv_nomic_10k,7,lid_ascending,93,internal_audit,16,False,16,24
arxiv_nomic_10k,7,lid_ascending,94,calibration,10,False,10,24
arxiv_nomic_10k,7,lid_ascending,95,train_design,16,False,24,24
arxiv_nomic_10k,7,lid_ascending,96,internal_audit,10,False,24,24
arxiv_nomic_10k,7,lid_ascending,97,calibration,16,False,24,24
arxiv_nomic_10k,7,lid_ascending,98,train_design,10,False,10,24
arxiv_nomic_10k,7,lid_ascending,99,internal_audit,10,False,10,24
arxiv_nomic_10k,7,lid_ascending,100,train_design,10,False,10,24
arxiv_nomic_10k,7,lid_ascending,101,calibration,10,False,16,24
arxiv_nomic_10k,7,lid_ascending,102,train_design,16,False,24,24
arxiv_nomic_10k,7,lid_ascending,103,calibration,10,False,10,24
arxiv_nomic_10k,7,lid_ascending,104,internal_audit,10,False,10,24
arxiv_nomic_10k,7,lid_ascending,105,calibration,16,False,24,24
arxiv_nomic_10k,7,lid_ascending,106,train_design,10,False,10,24
arxiv_nomic_10k,7,lid_ascending,107,train_design,10,False,10,24
arxiv_nomic_10k,7,lid_ascending,108,train_design,16,False,16,24
arxiv_nomic_10k,7,lid_ascending,109,internal_audit,16,False,16,24
arxiv_nomic_10k,7,lid_ascending,110,calibration,48,False,16,24
arxiv_nomic_10k,7,lid_ascending,111,train_design,10,False,10,24
arxiv_nomic_10k,7,lid_ascending,112,train_design,10,False,10,24
arxiv_nomic_10k,7,lid_ascending,113,calibration,10,False,10,24
arxiv_nomic_10k,7,lid_ascending,114,internal_audit,10,False,10,24
arxiv_nomic_10k,7,lid_ascending,115,internal_audit,10,False,16,24
arxiv_nomic_10k,7,lid_ascending,116,train_design,10,False,10,24
arxiv_nomic_10k,7,lid_ascending,117,train_design,10,False,10,24
arxiv_nomic_10k,7,lid_ascending,118,internal_audit,10,False,10,24
arxiv_nomic_10k,7,lid_ascending,119,calibration,10,False,10,24
arxiv_nomic_10k,7,lid_ascending,120,internal_audit,10,False,10,24
arxiv_nomic_10k,7,lid_ascending,121,train_design,10,False,10,24
arxiv_nomic_10k,7,lid_ascending,122,calibration,16,False,16,24
arxiv_nomic_10k,7,lid_ascending,123,train_design,10,False,24,24
arxiv_nomic_10k,7,lid_ascending,124,train_design,64,False,24,24
arxiv_nomic_10k,7,lid_ascending,125,internal_audit,10,False,16,24
arxiv_nomic_10k,7,lid_ascending,126,internal_audit,32,False,16,24
arxiv_nomic_10k,7,lid_ascending,127,train_design,10,False,16,24
arxiv_nomic_10k,7,lid_ascending,128,internal_audit,10,False,16,24
arxiv_nomic_10k,7,lid_ascending,129,calibration,24,False,24,24
arxiv_nomic_10k,7,lid_ascending,130,internal_audit,16,False,16,24
arxiv_nomic_10k,7,lid_ascending,131,train_design,10,False,10,24
arxiv_nomic_10k,7,lid_ascending,132,calibration,10,False,16,24
arxiv_nomic_10k,7,lid_ascending,133,train_design,10,False,10,24
arxiv_nomic_10k,7,lid_ascending,134,internal_audit,10,False,10,24
arxiv_nomic_10k,7,lid_ascending,135,internal_audit,10,False,10,24
arxiv_nomic_10k,7,lid_ascending,136,train_design,10,False,10,24
arxiv_nomic_10k,7,lid_ascending,137,train_design,10,False,16,24
arxiv_nomic_10k,7,lid_ascending,138,train_design,24,False,24,24
arxiv_nomic_10k,7,lid_ascending,139,train_design,10,False,10,24
arxiv_nomic_10k,7,lid_ascending,140,internal_audit,10,False,10,24
arxiv_nomic_10k,7,lid_ascending,141,calibration,16,False,24,24
arxiv_nomic_10k,7,lid_ascending,142,internal_audit,10,False,10,24
arxiv_nomic_10k,7,lid_ascending,143,train_design,10,False,10,24
arxiv_nomic_10k,7,lid_ascending,144,internal_audit,10,False,10,24
arxiv_nomic_10k,7,lid_ascending,145,calibration,10,False,16,24
arxiv_nomic_10k,7,lid_ascending,146,train_design,10,False,10,24
arxiv_nomic_10k,7,lid_ascending,147,train_design,10,False,16,24
arxiv_nomic_10k,7,lid_ascending,148,train_design,10,False,10,24
arxiv_nomic_10k,7,lid_ascending,149,train_design,10,False,16,24
arxiv_nomic_10k,7,lid_ascending,150,train_design,16,False,16,24
arxiv_nomic_10k,7,lid_ascending,151,train_design,48,False,10,24
arxiv_nomic_10k,7,lid_ascending,152,train_design,24,False,24,24
arxiv_nomic_10k,7,lid_ascending,153,calibration,48,False,16,24
arxiv_nomic_10k,7,lid_ascending,154,calibration,32,False,10,24
arxiv_nomic_10k,7,lid_ascending,155,calibration,10,False,10,24
arxiv_nomic_10k,7,lid_ascending,156,internal_audit,10,False,10,24
arxiv_nomic_10k,7,lid_ascending,157,train_design,10,False,10,24
arxiv_nomic_10k,7,lid_ascending,158,internal_audit,24,False,24,24
arxiv_nomic_10k,7,lid_ascending,159,calibration,10,False,24,24
arxiv_nomic_10k,7,lid_ascending,160,train_design,10,False,10,24
arxiv_nomic_10k,7,lid_ascending,161,internal_audit,16,False,16,24
arxiv_nomic_10k,7,lid_ascending,162,internal_audit,24,False,24,24
arxiv_nomic_10k,7,lid_ascending,163,internal_audit,10,False,16,24
arxiv_nomic_10k,7,lid_ascending,164,train_design,10,False,10,24
arxiv_nomic_10k,7,lid_ascending,165,calibration,10,False,24,24
arxiv_nomic_10k,7,lid_ascending,166,train_design,10,False,10,24
arxiv_nomic_10k,7,lid_ascending,167,train_design,10,False,24,24
arxiv_nomic_10k,7,lid_ascending,168,train_design,10,False,10,24
arxiv_nomic_10k,7,lid_ascending,169,train_design,10,False,10,24
arxiv_nomic_10k,7,lid_ascending,170,calibration,16,False,16,24
arxiv_nomic_10k,7,lid_ascending,171,train_design,16,False,24,24
arxiv_nomic_10k,7,lid_ascending,172,train_design,10,False,16,24
arxiv_nomic_10k,7,lid_ascending,173,internal_audit,10,False,10,24
arxiv_nomic_10k,7,lid_ascending,174,train_design,10,False,24,24
arxiv_nomic_10k,7,lid_ascending,175,train_design,24,False,24,24
arxiv_nomic_10k,7,lid_ascending,176,calibration,24,False,24,24
arxiv_nomic_10k,7,lid_ascending,177,train_design,10,False,10,24
arxiv_nomic_10k,7,lid_ascending,178,train_design,10,False,16,24
arxiv_nomic_10k,7,lid_ascending,179,internal_audit,10,False,16,24
arxiv_nomic_10k,7,lid_ascending,180,internal_audit,48,False,10,24
arxiv_nomic_10k,7,lid_ascending,181,calibration,10,False,24,24
arxiv_nomic_10k,7,lid_ascending,182,train_design,10,False,10,24
arxiv_nomic_10k,7,lid_ascending,183,train_design,10,False,10,24
arxiv_nomic_10k,7,lid_ascending,184,train_design,10,False,24,24
arxiv_nomic_10k,7,lid_ascending,185,calibration,10,False,10,24
arxiv_nomic_10k,7,lid_ascending,186,calibration,24,False,24,24
arxiv_nomic_10k,7,lid_ascending,187,train_design,10,False,10,24
arxiv_nomic_10k,7,lid_ascending,188,train_design,10,False,10,24
arxiv_nomic_10k,7,lid_ascending,189,internal_audit,10,False,10,24
arxiv_nomic_10k,7,lid_ascending,190,train_design,10,False,16,24
arxiv_nomic_10k,7,lid_ascending,191,internal_audit,24,False,24,24
arxiv_nomic_10k,7,lid_ascending,192,calibration,10,False,24,24
arxiv_nomic_10k,7,lid_ascending,193,train_design,16,False,16,24
arxiv_nomic_10k,7,lid_ascending,194,internal_audit,10,False,10,24
arxiv_nomic_10k,7,lid_ascending,195,calibration,10,False,10,24
arxiv_nomic_10k,7,lid_ascending,196,calibration,24,False,24,24
arxiv_nomic_10k,7,lid_ascending,197,calibration,10,False,10,24
arxiv_nomic_10k,7,lid_ascending,198,train_design,16,False,16,24
arxiv_nomic_10k,7,lid_ascending,199,internal_audit,10,False,10,24
arxiv_nomic_10k,7,lid_ascending,200,train_design,24,False,24,24
arxiv_nomic_10k,7,lid_ascending,201,calibration,24,False,24,24
arxiv_nomic_10k,7,lid_ascending,202,internal_audit,16,False,16,24
arxiv_nomic_10k,7,lid_ascending,203,internal_audit,16,False,16,24
arxiv_nomic_10k,7,lid_ascending,204,train_design,24,False,24,24
arxiv_nomic_10k,7,lid_ascending,205,train_design,10,False,10,24
arxiv_nomic_10k,7,lid_ascending,206,calibration,16,False,16,24
arxiv_nomic_10k,7,lid_ascending,207,internal_audit,10,False,10,24
arxiv_nomic_10k,7,lid_ascending,208,train_design,24,False,24,24
arxiv_nomic_10k,7,lid_ascending,209,internal_audit,32,False,10,24
arxiv_nomic_10k,7,lid_ascending,210,internal_audit,32,False,10,24
arxiv_nomic_10k,7,lid_ascending,211,train_design,10,False,10,24
arxiv_nomic_10k,7,lid_ascending,212,internal_audit,10,False,24,24
arxiv_nomic_10k,7,lid_ascending,213,train_design,10,False,10,24
arxiv_nomic_10k,7,lid_ascending,214,internal_audit,10,False,10,24
arxiv_nomic_10k,7,lid_ascending,215,internal_audit,10,False,16,24
arxiv_nomic_10k,7,lid_ascending,216,internal_audit,10,False,16,24
arxiv_nomic_10k,7,lid_ascending,217,train_design,10,False,10,24
arxiv_nomic_10k,7,lid_ascending,218,calibration,10,False,16,24
arxiv_nomic_10k,7,lid_ascending,219,calibration,10,False,10,24
arxiv_nomic_10k,7,lid_ascending,220,calibration,16,False,16,24
arxiv_nomic_10k,7,lid_ascending,221,train_design,10,False,16,24
arxiv_nomic_10k,7,lid_ascending,222,train_design,10,False,10,24
arxiv_nomic_10k,7,lid_ascending,223,train_design,32,False,10,24
arxiv_nomic_10k,7,lid_ascending,224,internal_audit,10,False,10,24
arxiv_nomic_10k,7,lid_ascending,225,train_design,10,False,10,24
arxiv_nomic_10k,7,lid_ascending,226,internal_audit,10,False,24,24
arxiv_nomic_10k,7,lid_ascending,227,train_design,10,False,10,24
arxiv_nomic_10k,7,lid_ascending,228,train_design,16,False,24,24
arxiv_nomic_10k,7,lid_ascending,229,train_design,10,False,10,24
arxiv_nomic_10k,7,lid_ascending,230,train_design,32,False,24,24
arxiv_nomic_10k,7,lid_ascending,231,train_design,10,False,16,24
arxiv_nomic_10k,7,lid_ascending,232,internal_audit,24,False,24,24
arxiv_nomic_10k,7,lid_ascending,233,internal_audit,10,False,10,24
arxiv_nomic_10k,7,lid_ascending,234,train_design,48,False,16,24
arxiv_nomic_10k,7,lid_ascending,235,internal_audit,10,False,16,24
arxiv_nomic_10k,7,lid_ascending,236,internal_audit,10,False,10,24
arxiv_nomic_10k,7,lid_ascending,237,calibration,10,False,10,24
arxiv_nomic_10k,7,lid_ascending,238,train_design,10,False,16,24
arxiv_nomic_10k,7,lid_ascending,239,calibration,10,False,10,24
arxiv_nomic_10k,7,lid_ascending,240,train_design,10,False,10,24
arxiv_nomic_10k,7,lid_ascending,241,internal_audit,16,False,16,24
arxiv_nomic_10k,7,lid_ascending,242,calibration,10,False,10,24
arxiv_nomic_10k,7,lid_ascending,243,train_design,16,False,24,24
arxiv_nomic_10k,7,lid_ascending,244,train_design,10,False,10,24
arxiv_nomic_10k,7,lid_ascending,245,train_design,10,False,10,24
arxiv_nomic_10k,7,lid_ascending,246,train_design,10,False,10,24
arxiv_nomic_10k,7,lid_ascending,247,train_design,48,False,16,24
arxiv_nomic_10k,7,lid_ascending,248,calibration,10,False,10,24
arxiv_nomic_10k,7,lid_ascending,249,calibration,10,False,10,24
arxiv_nomic_10k,7,lid_ascending,250,internal_audit,10,False,10,24
arxiv_nomic_10k,7,lid_ascending,251,calibration,10,False,10,24
arxiv_nomic_10k,7,lid_ascending,252,calibration,10,False,16,24
arxiv_nomic_10k,7,lid_ascending,253,train_design,10,False,10,24
arxiv_nomic_10k,7,lid_ascending,254,train_design,10,False,16,24
arxiv_nomic_10k,7,lid_ascending,255,train_design,16,False,16,24
arxiv_nomic_10k,7,lid_ascending,256,calibration,10,False,10,24
arxiv_nomic_10k,7,lid_ascending,257,internal_audit,24,False,24,24
arxiv_nomic_10k,7,lid_ascending,258,train_design,10,False,10,24
arxiv_nomic_10k,7,lid_ascending,259,train_design,10,False,24,24
arxiv_nomic_10k,7,lid_ascending,260,calibration,10,False,10,24
arxiv_nomic_10k,7,lid_ascending,261,train_design,10,False,10,24
arxiv_nomic_10k,7,lid_ascending,262,calibration,16,False,16,24
arxiv_nomic_10k,7,lid_ascending,263,internal_audit,10,False,10,24
arxiv_nomic_10k,7,lid_ascending,264,internal_audit,24,False,24,24
arxiv_nomic_10k,7,lid_ascending,265,train_design,16,False,16,24
arxiv_nomic_10k,7,lid_ascending,266,calibration,10,False,10,24
arxiv_nomic_10k,7,lid_ascending,267,train_design,10,False,10,24
arxiv_nomic_10k,7,lid_ascending,268,internal_audit,32,False,24,24
arxiv_nomic_10k,7,lid_ascending,269,calibration,10,False,10,24
arxiv_nomic_10k,7,lid_ascending,270,calibration,16,False,24,24
arxiv_nomic_10k,7,lid_ascending,271,internal_audit,10,False,10,24
arxiv_nomic_10k,7,lid_ascending,272,train_design,16,False,16,24
arxiv_nomic_10k,7,lid_ascending,273,train_design,24,False,24,24
arxiv_nomic_10k,7,lid_ascending,274,internal_audit,32,False,24,24
arxiv_nomic_10k,7,lid_ascending,275,train_design,10,False,10,24
arxiv_nomic_10k,7,lid_ascending,276,calibration,10,False,24,24
arxiv_nomic_10k,7,lid_ascending,277,calibration,10,False,16,24
arxiv_nomic_10k,7,lid_ascending,278,calibration,10,False,10,24
arxiv_nomic_10k,7,lid_ascending,279,train_design,10,False,10,24
arxiv_nomic_10k,7,lid_ascending,280,train_design,10,False,10,24
arxiv_nomic_10k,7,lid_ascending,281,train_design,10,False,10,24
arxiv_nomic_10k,7,lid_ascending,282,train_design,16,False,16,24
arxiv_nomic_10k,7,lid_ascending,283,calibration,24,False,24,24
arxiv_nomic_10k,7,lid_ascending,284,internal_audit,24,False,24,24
arxiv_nomic_10k,7,lid_ascending,285,train_design,10,False,10,24
arxiv_nomic_10k,7,lid_ascending,286,calibration,10,False,10,24
arxiv_nomic_10k,7,lid_ascending,287,train_design,24,False,24,24
arxiv_nomic_10k,7,lid_ascending,288,train_design,10,False,10,24
arxiv_nomic_10k,7,lid_ascending,289,internal_audit,10,False,10,24
arxiv_nomic_10k,7,lid_ascending,290,train_design,10,False,10,24
arxiv_nomic_10k,7,lid_ascending,291,train_design,16,False,16,24
arxiv_nomic_10k,7,lid_ascending,292,train_design,10,False,10,24
arxiv_nomic_10k,7,lid_ascending,293,internal_audit,10,False,10,24
arxiv_nomic_10k,7,lid_ascending,294,train_design,16,False,16,24
arxiv_nomic_10k,7,lid_ascending,295,internal_audit,10,False,24,24
arxiv_nomic_10k,7,lid_ascending,296,train_design,48,False,24,24
arxiv_nomic_10k,7,lid_ascending,297,train_design,10,False,10,24
arxiv_nomic_10k,7,lid_ascending,298,train_design,10,False,10,24
arxiv_nomic_10k,7,lid_ascending,299,internal_audit,16,False,16,24
arxiv_nomic_10k,7,lid_ascending,300,train_design,10,False,16,24
arxiv_nomic_10k,7,lid_ascending,301,train_design,10,False,10,24
arxiv_nomic_10k,7,lid_ascending,302,train_design,10,False,10,24
arxiv_nomic_10k,7,lid_ascending,303,calibration,10,False,10,24
arxiv_nomic_10k,7,lid_ascending,304,calibration,24,False,24,24
arxiv_nomic_10k,7,lid_ascending,305,train_design,10,False,10,24
arxiv_nomic_10k,7,lid_ascending,306,internal_audit,10,False,10,24
arxiv_nomic_10k,7,lid_ascending,307,train_design,10,False,10,24
arxiv_nomic_10k,7,lid_ascending,308,internal_audit,16,False,16,24
arxiv_nomic_10k,7,lid_ascending,309,train_design,16,False,16,24
arxiv_nomic_10k,7,lid_ascending,310,train_design,10,False,10,24
arxiv_nomic_10k,7,lid_ascending,311,internal_audit,10,False,10,24
arxiv_nomic_10k,7,lid_ascending,312,train_design,10,False,10,24
arxiv_nomic_10k,7,lid_ascending,313,train_design,10,False,16,24
arxiv_nomic_10k,7,lid_ascending,314,internal_audit,10,False,10,24
arxiv_nomic_10k,7,lid_ascending,315,calibration,10,False,16,24
arxiv_nomic_10k,7,lid_ascending,316,calibration,10,False,10,24
arxiv_nomic_10k,7,lid_ascending,317,internal_audit,16,False,24,24
arxiv_nomic_10k,7,lid_ascending,318,train_design,10,False,10,24
arxiv_nomic_10k,7,lid_ascending,319,calibration,16,False,16,24
arxiv_nomic_10k,7,lid_ascending,320,internal_audit,10,False,10,24
arxiv_nomic_10k,7,lid_ascending,321,train_design,10,False,10,24
arxiv_nomic_10k,7,lid_ascending,322,internal_audit,10,False,10,24
arxiv_nomic_10k,7,lid_ascending,323,train_design,10,False,10,24
arxiv_nomic_10k,7,lid_ascending,324,calibration,10,False,10,24
arxiv_nomic_10k,7,lid_ascending,325,train_design,24,False,24,24
arxiv_nomic_10k,7,lid_ascending,326,train_design,10,False,24,24
arxiv_nomic_10k,7,lid_ascending,327,train_design,24,False,24,24
arxiv_nomic_10k,7,lid_ascending,328,calibration,24,False,24,24
arxiv_nomic_10k,7,lid_ascending,329,calibration,10,False,10,24
arxiv_nomic_10k,7,lid_ascending,330,calibration,10,False,24,24
arxiv_nomic_10k,7,lid_ascending,331,train_design,10,False,16,24
arxiv_nomic_10k,7,lid_ascending,332,train_design,10,False,24,24
arxiv_nomic_10k,7,lid_ascending,333,train_design,10,False,10,24
arxiv_nomic_10k,7,lid_ascending,334,train_design,16,False,16,24
arxiv_nomic_10k,7,lid_ascending,335,internal_audit,10,False,10,24
arxiv_nomic_10k,7,lid_ascending,336,train_design,10,False,10,24
arxiv_nomic_10k,7,lid_ascending,337,calibration,10,False,24,24
arxiv_nomic_10k,7,lid_ascending,338,calibration,10,False,10,24
arxiv_nomic_10k,7,lid_ascending,339,internal_audit,10,False,10,24
arxiv_nomic_10k,7,lid_ascending,340,calibration,10,False,16,24
arxiv_nomic_10k,7,lid_ascending,341,internal_audit,10,False,16,24
arxiv_nomic_10k,7,lid_ascending,342,calibration,24,False,24,24
arxiv_nomic_10k,7,lid_ascending,343,internal_audit,10,False,10,24
arxiv_nomic_10k,7,lid_ascending,344,calibration,10,False,16,24
arxiv_nomic_10k,7,lid_ascending,345,train_design,10,False,16,24
arxiv_nomic_10k,7,lid_ascending,346,train_design,24,False,24,24
arxiv_nomic_10k,7,lid_ascending,347,train_design,10,False,16,24
arxiv_nomic_10k,7,lid_ascending,348,train_design,10,False,10,24
arxiv_nomic_10k,7,lid_ascending,349,train_design,10,False,10,24
arxiv_nomic_10k,7,lid_ascending,350,internal_audit,10,False,16,24
arxiv_nomic_10k,7,lid_ascending,351,internal_audit,16,False,24,24
arxiv_nomic_10k,7,lid_ascending,352,train_design,24,False,24,24
arxiv_nomic_10k,7,lid_ascending,353,calibration,16,False,24,24
arxiv_nomic_10k,7,lid_ascending,354,calibration,10,False,10,24
arxiv_nomic_10k,7,lid_ascending,355,internal_audit,10,False,10,24
arxiv_nomic_10k,7,lid_ascending,356,train_design,24,False,24,24
arxiv_nomic_10k,7,lid_ascending,357,internal_audit,10,False,10,24
arxiv_nomic_10k,7,lid_ascending,358,train_design,10,False,10,24
arxiv_nomic_10k,7,lid_ascending,359,train_design,10,False,10,24
arxiv_nomic_10k,7,lid_ascending,360,train_design,10,False,16,24
arxiv_nomic_10k,7,lid_ascending,361,calibration,10,False,10,24
arxiv_nomic_10k,7,lid_ascending,362,train_design,10,False,10,24
arxiv_nomic_10k,7,lid_ascending,363,train_design,24,False,24,24
arxiv_nomic_10k,7,lid_ascending,364,internal_audit,16,False,24,24
arxiv_nomic_10k,7,lid_ascending,365,train_design,10,False,16,24
arxiv_nomic_10k,7,lid_ascending,366,train_design,16,False,16,24
arxiv_nomic_10k,7,lid_ascending,367,train_design,10,False,16,24
arxiv_nomic_10k,7,lid_ascending,368,calibration,10,False,16,24
arxiv_nomic_10k,7,lid_ascending,369,internal_audit,10,False,10,24
arxiv_nomic_10k,7,lid_ascending,370,calibration,10,False,16,24
arxiv_nomic_10k,7,lid_ascending,371,train_design,10,False,10,24
arxiv_nomic_10k,7,lid_ascending,372,internal_audit,16,False,24,24
arxiv_nomic_10k,7,lid_ascending,373,train_design,10,False,16,24
arxiv_nomic_10k,7,lid_ascending,374,internal_audit,10,False,10,24
arxiv_nomic_10k,7,lid_ascending,375,train_design,10,False,16,24
arxiv_nomic_10k,7,lid_ascending,376,train_design,10,False,10,24
arxiv_nomic_10k,7,lid_ascending,377,train_design,10,False,16,24
arxiv_nomic_10k,7,lid_ascending,378,calibration,10,False,10,24
arxiv_nomic_10k,7,lid_ascending,379,train_design,24,False,24,24
arxiv_nomic_10k,7,lid_ascending,380,train_design,24,False,24,24
arxiv_nomic_10k,7,lid_ascending,381,internal_audit,10,False,24,24
arxiv_nomic_10k,7,lid_ascending,382,internal_audit,24,False,24,24
arxiv_nomic_10k,7,lid_ascending,383,internal_audit,10,False,24,24
arxiv_nomic_10k,7,lid_ascending,384,train_design,24,False,24,24
arxiv_nomic_10k,7,lid_ascending,385,train_design,10,False,10,24
arxiv_nomic_10k,7,lid_ascending,386,train_design,10,False,10,24
arxiv_nomic_10k,7,lid_ascending,387,train_design,32,False,24,24
arxiv_nomic_10k,7,lid_ascending,388,train_design,10,False,24,24
arxiv_nomic_10k,7,lid_ascending,389,train_design,16,False,16,24
arxiv_nomic_10k,7,lid_ascending,390,internal_audit,10,False,10,24
arxiv_nomic_10k,7,lid_ascending,391,internal_audit,10,False,10,24
arxiv_nomic_10k,7,lid_ascending,392,train_design,10,False,24,24
arxiv_nomic_10k,7,lid_ascending,393,calibration,24,False,24,24
arxiv_nomic_10k,7,lid_ascending,394,calibration,16,False,24,24
arxiv_nomic_10k,7,lid_ascending,395,train_design,16,False,24,24
arxiv_nomic_10k,7,lid_ascending,396,train_design,10,False,10,24
arxiv_nomic_10k,7,lid_ascending,397,internal_audit,10,False,10,24
arxiv_nomic_10k,7,lid_ascending,398,internal_audit,10,False,10,24
arxiv_nomic_10k,7,lid_ascending,399,calibration,10,False,24,24
arxiv_nomic_10k,7,lid_ascending,400,train_design,10,False,10,24
arxiv_nomic_10k,7,lid_ascending,401,train_design,16,False,16,24
arxiv_nomic_10k,7,lid_ascending,402,calibration,10,False,16,24
arxiv_nomic_10k,7,lid_ascending,403,calibration,16,False,16,24
arxiv_nomic_10k,7,lid_ascending,404,calibration,48,False,10,24
arxiv_nomic_10k,7,lid_ascending,405,train_design,10,False,16,24
arxiv_nomic_10k,7,lid_ascending,406,train_design,10,False,10,24
arxiv_nomic_10k,7,lid_ascending,407,calibration,10,False,24,24
arxiv_nomic_10k,7,lid_ascending,408,internal_audit,10,False,10,24
arxiv_nomic_10k,7,lid_ascending,409,train_design,10,False,16,24
arxiv_nomic_10k,7,lid_ascending,410,calibration,32,False,16,24
arxiv_nomic_10k,7,lid_ascending,411,train_design,10,False,10,24
arxiv_nomic_10k,7,lid_ascending,412,train_design,10,False,10,24
arxiv_nomic_10k,7,lid_ascending,413,calibration,10,False,10,24
arxiv_nomic_10k,7,lid_ascending,414,internal_audit,10,False,10,24
arxiv_nomic_10k,7,lid_ascending,415,internal_audit,10,False,10,24
arxiv_nomic_10k,7,lid_ascending,416,calibration,16,False,16,24
arxiv_nomic_10k,7,lid_ascending,417,train_design,10,False,10,24
arxiv_nomic_10k,7,lid_ascending,418,calibration,48,False,24,24
arxiv_nomic_10k,7,lid_ascending,419,train_design,10,False,10,24
arxiv_nomic_10k,7,lid_ascending,420,calibration,16,False,16,24
arxiv_nomic_10k,7,lid_ascending,421,train_design,10,False,10,24
arxiv_nomic_10k,7,lid_ascending,422,train_design,10,False,10,24
arxiv_nomic_10k,7,lid_ascending,423,train_design,10,False,16,24
arxiv_nomic_10k,7,lid_ascending,424,train_design,16,False,16,24
arxiv_nomic_10k,7,lid_ascending,425,train_design,10,False,10,24
arxiv_nomic_10k,7,lid_ascending,426,train_design,10,False,10,24
arxiv_nomic_10k,7,lid_ascending,427,train_design,10,False,10,24
arxiv_nomic_10k,7,lid_ascending,428,internal_audit,16,False,24,24
arxiv_nomic_10k,7,lid_ascending,429,internal_audit,10,False,10,24
arxiv_nomic_10k,7,lid_ascending,430,train_design,10,False,10,24
arxiv_nomic_10k,7,lid_ascending,431,train_design,10,False,24,24
arxiv_nomic_10k,7,lid_ascending,432,train_design,10,False,10,24
arxiv_nomic_10k,7,lid_ascending,433,calibration,16,False,16,24
arxiv_nomic_10k,7,lid_ascending,434,train_design,10,False,10,24
arxiv_nomic_10k,7,lid_ascending,435,train_design,10,False,10,24
arxiv_nomic_10k,7,lid_ascending,436,train_design,10,False,10,24
arxiv_nomic_10k,7,lid_ascending,437,internal_audit,10,False,24,24
arxiv_nomic_10k,7,lid_ascending,438,internal_audit,16,False,24,24
arxiv_nomic_10k,7,lid_ascending,439,internal_audit,10,False,24,24
arxiv_nomic_10k,7,lid_ascending,440,calibration,10,False,16,24
arxiv_nomic_10k,7,lid_ascending,441,calibration,10,False,16,24
arxiv_nomic_10k,7,lid_ascending,442,internal_audit,10,False,10,24
arxiv_nomic_10k,7,lid_ascending,443,train_design,10,False,10,24
arxiv_nomic_10k,7,lid_ascending,444,internal_audit,10,False,10,24
arxiv_nomic_10k,7,lid_ascending,445,calibration,10,False,10,24
arxiv_nomic_10k,7,lid_ascending,446,train_design,10,False,16,24
arxiv_nomic_10k,7,lid_ascending,447,calibration,32,False,24,24
arxiv_nomic_10k,7,lid_ascending,448,train_design,10,False,10,24
arxiv_nomic_10k,7,lid_ascending,449,calibration,24,False,24,24
arxiv_nomic_10k,7,lid_ascending,450,train_design,10,False,10,24
arxiv_nomic_10k,7,lid_ascending,451,calibration,10,False,10,24
arxiv_nomic_10k,7,lid_ascending,452,calibration,16,False,16,24
arxiv_nomic_10k,7,lid_ascending,453,train_design,16,False,16,24
arxiv_nomic_10k,7,lid_ascending,454,train_design,10,False,10,24
arxiv_nomic_10k,7,lid_ascending,455,train_design,16,False,16,24
arxiv_nomic_10k,7,lid_ascending,456,train_design,10,False,10,24
arxiv_nomic_10k,7,lid_ascending,457,train_design,24,False,24,24
arxiv_nomic_10k,7,lid_ascending,458,internal_audit,10,False,10,24
arxiv_nomic_10k,7,lid_ascending,459,internal_audit,10,False,10,24
arxiv_nomic_10k,7,lid_ascending,460,train_design,10,False,10,24
arxiv_nomic_10k,7,lid_ascending,461,train_design,24,False,24,24
arxiv_nomic_10k,7,lid_ascending,462,calibration,10,False,10,24
arxiv_nomic_10k,7,lid_ascending,463,train_design,10,False,10,24
arxiv_nomic_10k,7,lid_ascending,464,train_design,24,False,24,24
arxiv_nomic_10k,7,lid_ascending,465,train_design,48,False,24,24
arxiv_nomic_10k,7,lid_ascending,466,train_design,10,False,10,24
arxiv_nomic_10k,7,lid_ascending,467,internal_audit,10,False,10,24
arxiv_nomic_10k,7,lid_ascending,468,train_design,10,False,10,24
arxiv_nomic_10k,7,lid_ascending,469,train_design,16,False,24,24
arxiv_nomic_10k,7,lid_ascending,470,train_design,10,False,16,24
arxiv_nomic_10k,7,lid_ascending,471,internal_audit,10,False,10,24
arxiv_nomic_10k,7,lid_ascending,472,train_design,16,False,16,24
arxiv_nomic_10k,7,lid_ascending,473,train_design,10,False,10,24
arxiv_nomic_10k,7,lid_ascending,474,train_design,10,False,10,24
arxiv_nomic_10k,7,lid_ascending,475,train_design,10,False,10,24
arxiv_nomic_10k,7,lid_ascending,476,internal_audit,24,False,24,24
arxiv_nomic_10k,7,lid_ascending,477,train_design,10,False,10,24
arxiv_nomic_10k,7,lid_ascending,478,train_design,16,False,16,24
arxiv_nomic_10k,7,lid_ascending,479,train_design,10,False,10,24
arxiv_nomic_10k,7,lid_ascending,480,train_design,10,False,10,24
arxiv_nomic_10k,7,lid_ascending,481,train_design,16,False,24,24
arxiv_nomic_10k,7,lid_ascending,482,internal_audit,10,False,10,24
arxiv_nomic_10k,7,lid_ascending,483,train_design,10,False,10,24
arxiv_nomic_10k,7,lid_ascending,484,train_design,24,False,24,24
arxiv_nomic_10k,7,lid_ascending,485,calibration,32,False,16,24
arxiv_nomic_10k,7,lid_ascending,486,internal_audit,24,False,24,24
arxiv_nomic_10k,7,lid_ascending,487,internal_audit,10,False,24,24
arxiv_nomic_10k,7,lid_ascending,488,calibration,10,False,10,24
arxiv_nomic_10k,7,lid_ascending,489,train_design,10,False,10,24
arxiv_nomic_10k,7,lid_ascending,490,calibration,16,False,16,24
arxiv_nomic_10k,7,lid_ascending,491,internal_audit,10,False,10,24
arxiv_nomic_10k,7,lid_ascending,492,train_design,24,False,24,24
arxiv_nomic_10k,7,lid_ascending,493,calibration,10,False,16,24
arxiv_nomic_10k,7,lid_ascending,494,train_design,10,False,10,24
arxiv_nomic_10k,7,lid_ascending,495,train_design,10,False,16,24
arxiv_nomic_10k,7,lid_ascending,496,train_design,10,False,24,24
arxiv_nomic_10k,7,lid_ascending,497,train_design,32,False,24,24
arxiv_nomic_10k,7,lid_ascending,498,calibration,10,False,10,24
arxiv_nomic_10k,7,lid_ascending,499,train_design,10,False,16,24
arxiv_nomic_10k,7,lid_descending,0,train_design,10,False,16,24
arxiv_nomic_10k,7,lid_descending,1,train_design,24,False,24,24
arxiv_nomic_10k,7,lid_descending,2,calibration,10,False,16,24
arxiv_nomic_10k,7,lid_descending,3,calibration,10,False,10,24
arxiv_nomic_10k,7,lid_descending,4,internal_audit,10,False,10,24
arxiv_nomic_10k,7,lid_descending,5,calibration,16,False,24,24
arxiv_nomic_10k,7,lid_descending,6,train_design,10,False,10,24
arxiv_nomic_10k,7,lid_descending,7,internal_audit,10,False,16,24
arxiv_nomic_10k,7,lid_descending,8,train_design,16,False,16,24
arxiv_nomic_10k,7,lid_descending,9,train_design,32,False,10,24
arxiv_nomic_10k,7,lid_descending,10,train_design,10,False,10,24
arxiv_nomic_10k,7,lid_descending,11,internal_audit,10,False,10,24
arxiv_nomic_10k,7,lid_descending,12,train_design,10,False,10,24
arxiv_nomic_10k,7,lid_descending,13,internal_audit,16,False,16,24
arxiv_nomic_10k,7,lid_descending,14,train_design,10,False,10,24
arxiv_nomic_10k,7,lid_descending,15,internal_audit,10,False,16,24
arxiv_nomic_10k,7,lid_descending,16,calibration,10,False,10,24
arxiv_nomic_10k,7,lid_descending,17,internal_audit,10,False,10,24
arxiv_nomic_10k,7,lid_descending,18,calibration,10,False,24,24
arxiv_nomic_10k,7,lid_descending,19,train_design,32,False,10,24
arxiv_nomic_10k,7,lid_descending,20,train_design,10,False,24,24
arxiv_nomic_10k,7,lid_descending,21,internal_audit,16,False,16,24
arxiv_nomic_10k,7,lid_descending,22,train_design,10,False,16,24
arxiv_nomic_10k,7,lid_descending,23,internal_audit,24,False,24,24
arxiv_nomic_10k,7,lid_descending,24,calibration,16,False,16,24
arxiv_nomic_10k,7,lid_descending,25,train_design,10,False,24,24
arxiv_nomic_10k,7,lid_descending,26,calibration,10,False,16,24
arxiv_nomic_10k,7,lid_descending,27,calibration,16,False,24,24
arxiv_nomic_10k,7,lid_descending,28,train_design,10,False,16,24
arxiv_nomic_10k,7,lid_descending,29,calibration,10,False,16,24
arxiv_nomic_10k,7,lid_descending,30,internal_audit,16,False,16,24
arxiv_nomic_10k,7,lid_descending,31,train_design,16,False,16,24
arxiv_nomic_10k,7,lid_descending,32,train_design,10,False,10,24
arxiv_nomic_10k,7,lid_descending,33,calibration,10,False,16,24
arxiv_nomic_10k,7,lid_descending,34,internal_audit,10,False,10,24
arxiv_nomic_10k,7,lid_descending,35,train_design,10,False,10,24
arxiv_nomic_10k,7,lid_descending,36,internal_audit,10,False,10,24
arxiv_nomic_10k,7,lid_descending,37,train_design,48,False,16,24
arxiv_nomic_10k,7,lid_descending,38,internal_audit,48,False,24,24
arxiv_nomic_10k,7,lid_descending,39,calibration,16,False,24,24
arxiv_nomic_10k,7,lid_descending,40,train_design,10,False,24,24
arxiv_nomic_10k,7,lid_descending,41,internal_audit,10,False,10,24
arxiv_nomic_10k,7,lid_descending,42,train_design,10,False,10,24
arxiv_nomic_10k,7,lid_descending,43,train_design,10,False,10,24
arxiv_nomic_10k,7,lid_descending,44,train_design,10,False,24,24
arxiv_nomic_10k,7,lid_descending,45,internal_audit,10,False,10,24
arxiv_nomic_10k,7,lid_descending,46,calibration,10,False,10,24
arxiv_nomic_10k,7,lid_descending,47,train_design,10,False,10,24
arxiv_nomic_10k,7,lid_descending,48,train_design,48,False,16,24
arxiv_nomic_10k,7,lid_descending,49,internal_audit,10,False,10,24
arxiv_nomic_10k,7,lid_descending,50,train_design,16,False,16,24
arxiv_nomic_10k,7,lid_descending,51,calibration,10,False,10,24
arxiv_nomic_10k,7,lid_descending,52,calibration,10,False,16,24
arxiv_nomic_10k,7,lid_descending,53,train_design,10,False,10,24
arxiv_nomic_10k,7,lid_descending,54,train_design,10,False,10,24
arxiv_nomic_10k,7,lid_descending,55,calibration,16,False,16,24
arxiv_nomic_10k,7,lid_descending,56,train_design,10,False,10,24
arxiv_nomic_10k,7,lid_descending,57,calibration,24,False,24,24
arxiv_nomic_10k,7,lid_descending,58,calibration,10,False,10,24
arxiv_nomic_10k,7,lid_descending,59,calibration,16,False,16,24
arxiv_nomic_10k,7,lid_descending,60,train_design,16,False,16,24
arxiv_nomic_10k,7,lid_descending,61,train_design,10,False,10,24
arxiv_nomic_10k,7,lid_descending,62,train_design,10,False,10,24
arxiv_nomic_10k,7,lid_descending,63,internal_audit,64,False,16,24
arxiv_nomic_10k,7,lid_descending,64,train_design,10,False,16,24
arxiv_nomic_10k,7,lid_descending,65,calibration,10,False,10,24
arxiv_nomic_10k,7,lid_descending,66,calibration,10,False,16,24
arxiv_nomic_10k,7,lid_descending,67,train_design,10,False,10,24
arxiv_nomic_10k,7,lid_descending,68,calibration,32,False,24,24
arxiv_nomic_10k,7,lid_descending,69,calibration,10,False,10,24
arxiv_nomic_10k,7,lid_descending,70,train_design,10,False,10,24
arxiv_nomic_10k,7,lid_descending,71,calibration,48,False,10,24
arxiv_nomic_10k,7,lid_descending,72,train_design,10,False,10,24
arxiv_nomic_10k,7,lid_descending,73,internal_audit,10,False,16,24
arxiv_nomic_10k,7,lid_descending,74,calibration,10,False,16,24
arxiv_nomic_10k,7,lid_descending,75,train_design,10,False,10,24
arxiv_nomic_10k,7,lid_descending,76,train_design,16,False,16,24
arxiv_nomic_10k,7,lid_descending,77,calibration,10,False,16,24
arxiv_nomic_10k,7,lid_descending,78,calibration,24,False,24,24
arxiv_nomic_10k,7,lid_descending,79,calibration,16,False,16,24
arxiv_nomic_10k,7,lid_descending,80,train_design,10,False,24,24
arxiv_nomic_10k,7,lid_descending,81,internal_audit,16,False,16,24
arxiv_nomic_10k,7,lid_descending,82,train_design,10,False,10,24
arxiv_nomic_10k,7,lid_descending,83,train_design,24,False,24,24
arxiv_nomic_10k,7,lid_descending,84,train_design,16,False,16,24
arxiv_nomic_10k,7,lid_descending,85,internal_audit,10,False,16,24
arxiv_nomic_10k,7,lid_descending,86,internal_audit,10,False,10,24
arxiv_nomic_10k,7,lid_descending,87,calibration,24,False,24,24
arxiv_nomic_10k,7,lid_descending,88,internal_audit,24,False,24,24
arxiv_nomic_10k,7,lid_descending,89,train_design,32,False,24,24
arxiv_nomic_10k,7,lid_descending,90,calibration,10,False,10,24
arxiv_nomic_10k,7,lid_descending,91,train_design,24,False,24,24
arxiv_nomic_10k,7,lid_descending,92,internal_audit,10,False,10,24
arxiv_nomic_10k,7,lid_descending,93,internal_audit,10,False,10,24
arxiv_nomic_10k,7,lid_descending,94,calibration,10,False,10,24
arxiv_nomic_10k,7,lid_descending,95,train_design,10,False,10,24
arxiv_nomic_10k,7,lid_descending,96,internal_audit,10,False,10,24
arxiv_nomic_10k,7,lid_descending,97,calibration,16,False,24,24
arxiv_nomic_10k,7,lid_descending,98,train_design,24,False,24,24
arxiv_nomic_10k,7,lid_descending,99,internal_audit,10,False,24,24
arxiv_nomic_10k,7,lid_descending,100,train_design,10,False,24,24
arxiv_nomic_10k,7,lid_descending,101,calibration,10,False,10,24
arxiv_nomic_10k,7,lid_descending,102,train_design,10,False,24,24
arxiv_nomic_10k,7,lid_descending,103,calibration,10,False,10,24
arxiv_nomic_10k,7,lid_descending,104,internal_audit,10,False,10,24
arxiv_nomic_10k,7,lid_descending,105,calibration,10,False,10,24
arxiv_nomic_10k,7,lid_descending,106,train_design,16,False,16,24
arxiv_nomic_10k,7,lid_descending,107,train_design,10,False,10,24
arxiv_nomic_10k,7,lid_descending,108,train_design,10,False,24,24
arxiv_nomic_10k,7,lid_descending,109,internal_audit,24,False,24,24
arxiv_nomic_10k,7,lid_descending,110,calibration,10,False,10,24
arxiv_nomic_10k,7,lid_descending,111,train_design,10,False,24,24
arxiv_nomic_10k,7,lid_descending,112,train_design,10,False,10,24
arxiv_nomic_10k,7,lid_descending,113,calibration,10,False,10,24
arxiv_nomic_10k,7,lid_descending,114,internal_audit,16,False,16,24
arxiv_nomic_10k,7,lid_descending,115,internal_audit,10,False,10,24
arxiv_nomic_10k,7,lid_descending,116,train_design,10,False,10,24
arxiv_nomic_10k,7,lid_descending,117,train_design,10,False,10,24
arxiv_nomic_10k,7,lid_descending,118,internal_audit,10,False,16,24
arxiv_nomic_10k,7,lid_descending,119,calibration,10,False,10,24
arxiv_nomic_10k,7,lid_descending,120,internal_audit,10,False,10,24
arxiv_nomic_10k,7,lid_descending,121,train_design,10,False,10,24
arxiv_nomic_10k,7,lid_descending,122,calibration,16,False,16,24
arxiv_nomic_10k,7,lid_descending,123,train_design,10,False,10,24
arxiv_nomic_10k,7,lid_descending,124,train_design,24,False,24,24
arxiv_nomic_10k,7,lid_descending,125,internal_audit,10,False,24,24
arxiv_nomic_10k,7,lid_descending,126,internal_audit,10,False,10,24
arxiv_nomic_10k,7,lid_descending,127,train_design,10,False,16,24
arxiv_nomic_10k,7,lid_descending,128,internal_audit,16,False,16,24
arxiv_nomic_10k,7,lid_descending,129,calibration,32,False,24,24
arxiv_nomic_10k,7,lid_descending,130,internal_audit,16,False,16,24
arxiv_nomic_10k,7,lid_descending,131,train_design,10,False,10,24
arxiv_nomic_10k,7,lid_descending,132,calibration,10,False,24,24
arxiv_nomic_10k,7,lid_descending,133,train_design,10,False,10,24
arxiv_nomic_10k,7,lid_descending,134,internal_audit,10,False,10,24
arxiv_nomic_10k,7,lid_descending,135,internal_audit,10,False,10,24
arxiv_nomic_10k,7,lid_descending,136,train_design,10,False,10,24
arxiv_nomic_10k,7,lid_descending,137,train_design,16,False,16,24
arxiv_nomic_10k,7,lid_descending,138,train_design,10,False,10,24
arxiv_nomic_10k,7,lid_descending,139,train_design,10,False,10,24
arxiv_nomic_10k,7,lid_descending,140,internal_audit,16,False,24,24
arxiv_nomic_10k,7,lid_descending,141,calibration,10,False,10,24
arxiv_nomic_10k,7,lid_descending,142,internal_audit,10,False,16,24
arxiv_nomic_10k,7,lid_descending,143,train_design,10,False,10,24
arxiv_nomic_10k,7,lid_descending,144,internal_audit,10,False,10,24
arxiv_nomic_10k,7,lid_descending,145,calibration,10,False,10,24
arxiv_nomic_10k,7,lid_descending,146,train_design,10,False,10,24
arxiv_nomic_10k,7,lid_descending,147,train_design,10,False,10,24
arxiv_nomic_10k,7,lid_descending,148,train_design,10,False,10,24
arxiv_nomic_10k,7,lid_descending,149,train_design,16,False,16,24
arxiv_nomic_10k,7,lid_descending,150,train_design,10,False,10,24
arxiv_nomic_10k,7,lid_descending,151,train_design,16,False,16,24
arxiv_nomic_10k,7,lid_descending,152,train_design,16,False,24,24
arxiv_nomic_10k,7,lid_descending,153,calibration,32,False,16,24
arxiv_nomic_10k,7,lid_descending,154,calibration,24,False,24,24
arxiv_nomic_10k,7,lid_descending,155,calibration,10,False,10,24
arxiv_nomic_10k,7,lid_descending,156,internal_audit,10,False,16,24
arxiv_nomic_10k,7,lid_descending,157,train_design,10,False,10,24
arxiv_nomic_10k,7,lid_descending,158,internal_audit,16,False,16,24
arxiv_nomic_10k,7,lid_descending,159,calibration,10,False,10,24
arxiv_nomic_10k,7,lid_descending,160,train_design,10,False,10,24
arxiv_nomic_10k,7,lid_descending,161,internal_audit,10,False,16,24
arxiv_nomic_10k,7,lid_descending,162,internal_audit,16,False,16,24
arxiv_nomic_10k,7,lid_descending,163,internal_audit,10,False,16,24
arxiv_nomic_10k,7,lid_descending,164,train_design,10,False,10,24
arxiv_nomic_10k,7,lid_descending,165,calibration,24,False,24,24
arxiv_nomic_10k,7,lid_descending,166,train_design,10,False,10,24
arxiv_nomic_10k,7,lid_descending,167,train_design,10,False,10,24
arxiv_nomic_10k,7,lid_descending,168,train_design,10,False,24,24
arxiv_nomic_10k,7,lid_descending,169,train_design,10,False,10,24
arxiv_nomic_10k,7,lid_descending,170,calibration,24,False,24,24
arxiv_nomic_10k,7,lid_descending,171,train_design,10,False,16,24
arxiv_nomic_10k,7,lid_descending,172,train_design,10,False,10,24
arxiv_nomic_10k,7,lid_descending,173,internal_audit,10,False,10,24
arxiv_nomic_10k,7,lid_descending,174,train_design,10,False,10,24
arxiv_nomic_10k,7,lid_descending,175,train_design,32,False,10,24
arxiv_nomic_10k,7,lid_descending,176,calibration,10,False,24,24
arxiv_nomic_10k,7,lid_descending,177,train_design,10,False,10,24
arxiv_nomic_10k,7,lid_descending,178,train_design,16,False,16,24
arxiv_nomic_10k,7,lid_descending,179,internal_audit,10,False,24,24
arxiv_nomic_10k,7,lid_descending,180,internal_audit,16,False,16,24
arxiv_nomic_10k,7,lid_descending,181,calibration,64,False,16,24
arxiv_nomic_10k,7,lid_descending,182,train_design,10,False,10,24
arxiv_nomic_10k,7,lid_descending,183,train_design,10,False,16,24
arxiv_nomic_10k,7,lid_descending,184,train_design,10,False,16,24
arxiv_nomic_10k,7,lid_descending,185,calibration,10,False,10,24
arxiv_nomic_10k,7,lid_descending,186,calibration,10,False,16,24
arxiv_nomic_10k,7,lid_descending,187,train_design,10,False,10,24
arxiv_nomic_10k,7,lid_descending,188,train_design,10,False,10,24
arxiv_nomic_10k,7,lid_descending,189,internal_audit,10,False,10,24
arxiv_nomic_10k,7,lid_descending,190,train_design,10,False,10,24
arxiv_nomic_10k,7,lid_descending,191,internal_audit,32,False,10,24
arxiv_nomic_10k,7,lid_descending,192,calibration,10,False,10,24
arxiv_nomic_10k,7,lid_descending,193,train_design,24,False,24,24
arxiv_nomic_10k,7,lid_descending,194,internal_audit,10,False,10,24
arxiv_nomic_10k,7,lid_descending,195,calibration,10,False,16,24
arxiv_nomic_10k,7,lid_descending,196,calibration,10,False,10,24
arxiv_nomic_10k,7,lid_descending,197,calibration,10,False,10,24
arxiv_nomic_10k,7,lid_descending,198,train_design,16,False,16,24
arxiv_nomic_10k,7,lid_descending,199,internal_audit,10,False,10,24
arxiv_nomic_10k,7,lid_descending,200,train_design,10,False,24,24
arxiv_nomic_10k,7,lid_descending,201,calibration,10,False,24,24
arxiv_nomic_10k,7,lid_descending,202,internal_audit,10,False,16,24
arxiv_nomic_10k,7,lid_descending,203,internal_audit,10,False,10,24
arxiv_nomic_10k,7,lid_descending,204,train_design,16,False,16,24
arxiv_nomic_10k,7,lid_descending,205,train_design,10,False,24,24
arxiv_nomic_10k,7,lid_descending,206,calibration,10,False,24,24
arxiv_nomic_10k,7,lid_descending,207,internal_audit,10,False,10,24
arxiv_nomic_10k,7,lid_descending,208,train_design,24,False,24,24
arxiv_nomic_10k,7,lid_descending,209,internal_audit,16,False,16,24
arxiv_nomic_10k,7,lid_descending,210,internal_audit,16,False,16,24
arxiv_nomic_10k,7,lid_descending,211,train_design,10,False,10,24
arxiv_nomic_10k,7,lid_descending,212,internal_audit,10,False,16,24
arxiv_nomic_10k,7,lid_descending,213,train_design,16,False,24,24
arxiv_nomic_10k,7,lid_descending,214,internal_audit,10,False,10,24
arxiv_nomic_10k,7,lid_descending,215,internal_audit,24,False,24,24
arxiv_nomic_10k,7,lid_descending,216,internal_audit,10,False,16,24
arxiv_nomic_10k,7,lid_descending,217,train_design,10,False,16,24
arxiv_nomic_10k,7,lid_descending,218,calibration,10,False,10,24
arxiv_nomic_10k,7,lid_descending,219,calibration,10,False,16,24
arxiv_nomic_10k,7,lid_descending,220,calibration,10,False,24,24
arxiv_nomic_10k,7,lid_descending,221,train_design,10,False,10,24
arxiv_nomic_10k,7,lid_descending,222,train_design,10,False,10,24
arxiv_nomic_10k,7,lid_descending,223,train_design,16,False,16,24
arxiv_nomic_10k,7,lid_descending,224,internal_audit,10,False,24,24
arxiv_nomic_10k,7,lid_descending,225,train_design,10,False,10,24
arxiv_nomic_10k,7,lid_descending,226,internal_audit,10,False,16,24
arxiv_nomic_10k,7,lid_descending,227,train_design,10,False,10,24
arxiv_nomic_10k,7,lid_descending,228,train_design,10,False,10,24
arxiv_nomic_10k,7,lid_descending,229,train_design,10,False,10,24
arxiv_nomic_10k,7,lid_descending,230,train_design,16,False,16,24
arxiv_nomic_10k,7,lid_descending,231,train_design,10,False,10,24
arxiv_nomic_10k,7,lid_descending,232,internal_audit,24,False,24,24
arxiv_nomic_10k,7,lid_descending,233,internal_audit,10,False,10,24
arxiv_nomic_10k,7,lid_descending,234,train_design,48,False,24,24
arxiv_nomic_10k,7,lid_descending,235,internal_audit,10,False,10,24
arxiv_nomic_10k,7,lid_descending,236,internal_audit,10,False,10,24
arxiv_nomic_10k,7,lid_descending,237,calibration,10,False,16,24
arxiv_nomic_10k,7,lid_descending,238,train_design,10,False,10,24
arxiv_nomic_10k,7,lid_descending,239,calibration,10,False,10,24
arxiv_nomic_10k,7,lid_descending,240,train_design,10,False,10,24
arxiv_nomic_10k,7,lid_descending,241,internal_audit,10,False,10,24
arxiv_nomic_10k,7,lid_descending,242,calibration,10,False,10,24
arxiv_nomic_10k,7,lid_descending,243,train_design,10,False,10,24
arxiv_nomic_10k,7,lid_descending,244,train_design,24,False,24,24
arxiv_nomic_10k,7,lid_descending,245,train_design,10,False,10,24
arxiv_nomic_10k,7,lid_descending,246,train_design,32,False,16,24
arxiv_nomic_10k,7,lid_descending,247,train_design,48,False,24,24
arxiv_nomic_10k,7,lid_descending,248,calibration,10,False,10,24
arxiv_nomic_10k,7,lid_descending,249,calibration,10,False,10,24
arxiv_nomic_10k,7,lid_descending,250,internal_audit,10,False,10,24
arxiv_nomic_10k,7,lid_descending,251,calibration,10,False,10,24
arxiv_nomic_10k,7,lid_descending,252,calibration,10,False,10,24
arxiv_nomic_10k,7,lid_descending,253,train_design,10,False,10,24
arxiv_nomic_10k,7,lid_descending,254,train_design,10,False,10,24
arxiv_nomic_10k,7,lid_descending,255,train_design,10,False,10,24
arxiv_nomic_10k,7,lid_descending,256,calibration,10,False,10,24
arxiv_nomic_10k,7,lid_descending,257,internal_audit,16,False,16,24
arxiv_nomic_10k,7,lid_descending,258,train_design,10,False,10,24
arxiv_nomic_10k,7,lid_descending,259,train_design,10,False,24,24
arxiv_nomic_10k,7,lid_descending,260,calibration,10,False,10,24
arxiv_nomic_10k,7,lid_descending,261,train_design,10,False,10,24
arxiv_nomic_10k,7,lid_descending,262,calibration,16,False,24,24
arxiv_nomic_10k,7,lid_descending,263,internal_audit,10,False,10,24
arxiv_nomic_10k,7,lid_descending,264,internal_audit,16,False,24,24
arxiv_nomic_10k,7,lid_descending,265,train_design,10,False,10,24
arxiv_nomic_10k,7,lid_descending,266,calibration,10,False,10,24
arxiv_nomic_10k,7,lid_descending,267,train_design,10,False,16,24
arxiv_nomic_10k,7,lid_descending,268,internal_audit,24,False,24,24
arxiv_nomic_10k,7,lid_descending,269,calibration,10,False,10,24
arxiv_nomic_10k,7,lid_descending,270,calibration,10,False,16,24
arxiv_nomic_10k,7,lid_descending,271,internal_audit,16,False,16,24
arxiv_nomic_10k,7,lid_descending,272,train_design,10,False,16,24
arxiv_nomic_10k,7,lid_descending,273,train_design,24,False,24,24
arxiv_nomic_10k,7,lid_descending,274,internal_audit,32,False,16,24
arxiv_nomic_10k,7,lid_descending,275,train_design,10,False,16,24
arxiv_nomic_10k,7,lid_descending,276,calibration,10,False,24,24
arxiv_nomic_10k,7,lid_descending,277,calibration,10,False,16,24
arxiv_nomic_10k,7,lid_descending,278,calibration,10,False,10,24
arxiv_nomic_10k,7,lid_descending,279,train_design,10,False,24,24
arxiv_nomic_10k,7,lid_descending,280,train_design,10,False,16,24
arxiv_nomic_10k,7,lid_descending,281,train_design,10,False,16,24
arxiv_nomic_10k,7,lid_descending,282,train_design,10,False,10,24
arxiv_nomic_10k,7,lid_descending,283,calibration,32,False,24,24
arxiv_nomic_10k,7,lid_descending,284,internal_audit,16,False,24,24
arxiv_nomic_10k,7,lid_descending,285,train_design,10,False,10,24
arxiv_nomic_10k,7,lid_descending,286,calibration,10,False,24,24
arxiv_nomic_10k,7,lid_descending,287,train_design,10,False,16,24
arxiv_nomic_10k,7,lid_descending,288,train_design,10,False,10,24
arxiv_nomic_10k,7,lid_descending,289,internal_audit,10,False,10,24
arxiv_nomic_10k,7,lid_descending,290,train_design,10,False,10,24
arxiv_nomic_10k,7,lid_descending,291,train_design,16,False,16,24
arxiv_nomic_10k,7,lid_descending,292,train_design,10,False,10,24
arxiv_nomic_10k,7,lid_descending,293,internal_audit,10,False,10,24
arxiv_nomic_10k,7,lid_descending,294,train_design,16,False,16,24
arxiv_nomic_10k,7,lid_descending,295,internal_audit,10,False,10,24
arxiv_nomic_10k,7,lid_descending,296,train_design,32,False,24,24
arxiv_nomic_10k,7,lid_descending,297,train_design,10,False,10,24
arxiv_nomic_10k,7,lid_descending,298,train_design,10,False,10,24
arxiv_nomic_10k,7,lid_descending,299,internal_audit,16,False,16,24
arxiv_nomic_10k,7,lid_descending,300,train_design,10,False,24,24
arxiv_nomic_10k,7,lid_descending,301,train_design,10,False,16,24
arxiv_nomic_10k,7,lid_descending,302,train_design,10,False,10,24
arxiv_nomic_10k,7,lid_descending,303,calibration,10,False,10,24
arxiv_nomic_10k,7,lid_descending,304,calibration,32,False,10,24
arxiv_nomic_10k,7,lid_descending,305,train_design,10,False,10,24
arxiv_nomic_10k,7,lid_descending,306,internal_audit,10,False,16,24
arxiv_nomic_10k,7,lid_descending,307,train_design,10,False,10,24
arxiv_nomic_10k,7,lid_descending,308,internal_audit,10,False,10,24
arxiv_nomic_10k,7,lid_descending,309,train_design,24,False,24,24
arxiv_nomic_10k,7,lid_descending,310,train_design,10,False,10,24
arxiv_nomic_10k,7,lid_descending,311,internal_audit,10,False,10,24
arxiv_nomic_10k,7,lid_descending,312,train_design,10,False,10,24
arxiv_nomic_10k,7,lid_descending,313,train_design,10,False,16,24
arxiv_nomic_10k,7,lid_descending,314,internal_audit,10,False,10,24
arxiv_nomic_10k,7,lid_descending,315,calibration,10,False,10,24
arxiv_nomic_10k,7,lid_descending,316,calibration,10,False,10,24
arxiv_nomic_10k,7,lid_descending,317,internal_audit,10,False,16,24
arxiv_nomic_10k,7,lid_descending,318,train_design,10,False,24,24
arxiv_nomic_10k,7,lid_descending,319,calibration,10,False,16,24
arxiv_nomic_10k,7,lid_descending,320,internal_audit,10,False,10,24
arxiv_nomic_10k,7,lid_descending,321,train_design,10,False,10,24
arxiv_nomic_10k,7,lid_descending,322,internal_audit,10,False,16,24
arxiv_nomic_10k,7,lid_descending,323,train_design,16,False,16,24
arxiv_nomic_10k,7,lid_descending,324,calibration,10,False,10,24
arxiv_nomic_10k,7,lid_descending,325,train_design,64,False,24,24
arxiv_nomic_10k,7,lid_descending,326,train_design,10,False,24,24
arxiv_nomic_10k,7,lid_descending,327,train_design,10,False,24,24
arxiv_nomic_10k,7,lid_descending,328,calibration,32,False,24,24
arxiv_nomic_10k,7,lid_descending,329,calibration,10,False,10,24
arxiv_nomic_10k,7,lid_descending,330,calibration,10,False,10,24
arxiv_nomic_10k,7,lid_descending,331,train_design,10,False,24,24
arxiv_nomic_10k,7,lid_descending,332,train_design,10,False,24,24
arxiv_nomic_10k,7,lid_descending,333,train_design,10,False,24,24
arxiv_nomic_10k,7,lid_descending,334,train_design,10,False,24,24
arxiv_nomic_10k,7,lid_descending,335,internal_audit,10,False,10,24
arxiv_nomic_10k,7,lid_descending,336,train_design,10,False,10,24
arxiv_nomic_10k,7,lid_descending,337,calibration,10,False,24,24
arxiv_nomic_10k,7,lid_descending,338,calibration,10,False,10,24
arxiv_nomic_10k,7,lid_descending,339,internal_audit,10,False,10,24
arxiv_nomic_10k,7,lid_descending,340,calibration,24,False,24,24
arxiv_nomic_10k,7,lid_descending,341,internal_audit,10,False,10,24
arxiv_nomic_10k,7,lid_descending,342,calibration,16,False,24,24
arxiv_nomic_10k,7,lid_descending,343,internal_audit,10,False,10,24
arxiv_nomic_10k,7,lid_descending,344,calibration,10,False,16,24
arxiv_nomic_10k,7,lid_descending,345,train_design,24,False,24,24
arxiv_nomic_10k,7,lid_descending,346,train_design,24,False,24,24
arxiv_nomic_10k,7,lid_descending,347,train_design,10,False,16,24
arxiv_nomic_10k,7,lid_descending,348,train_design,10,False,10,24
arxiv_nomic_10k,7,lid_descending,349,train_design,10,False,10,24
arxiv_nomic_10k,7,lid_descending,350,internal_audit,10,False,10,24
arxiv_nomic_10k,7,lid_descending,351,internal_audit,16,False,16,24
arxiv_nomic_10k,7,lid_descending,352,train_design,10,False,10,24
arxiv_nomic_10k,7,lid_descending,353,calibration,10,False,16,24
arxiv_nomic_10k,7,lid_descending,354,calibration,10,False,10,24
arxiv_nomic_10k,7,lid_descending,355,internal_audit,10,False,10,24
arxiv_nomic_10k,7,lid_descending,356,train_design,16,False,16,24
arxiv_nomic_10k,7,lid_descending,357,internal_audit,10,False,10,24
arxiv_nomic_10k,7,lid_descending,358,train_design,10,False,10,24
arxiv_nomic_10k,7,lid_descending,359,train_design,10,False,24,24
arxiv_nomic_10k,7,lid_descending,360,train_design,10,False,24,24
arxiv_nomic_10k,7,lid_descending,361,calibration,10,False,10,24
arxiv_nomic_10k,7,lid_descending,362,train_design,10,False,16,24
arxiv_nomic_10k,7,lid_descending,363,train_design,10,False,10,24
arxiv_nomic_10k,7,lid_descending,364,internal_audit,10,False,10,24
arxiv_nomic_10k,7,lid_descending,365,train_design,10,False,10,24
arxiv_nomic_10k,7,lid_descending,366,train_design,10,False,10,24
arxiv_nomic_10k,7,lid_descending,367,train_design,10,False,10,24
arxiv_nomic_10k,7,lid_descending,368,calibration,16,False,16,24
arxiv_nomic_10k,7,lid_descending,369,internal_audit,10,False,10,24
arxiv_nomic_10k,7,lid_descending,370,calibration,10,False,10,24
arxiv_nomic_10k,7,lid_descending,371,train_design,10,False,16,24
arxiv_nomic_10k,7,lid_descending,372,internal_audit,24,False,24,24
arxiv_nomic_10k,7,lid_descending,373,train_design,10,False,16,24
arxiv_nomic_10k,7,lid_descending,374,internal_audit,10,False,16,24
arxiv_nomic_10k,7,lid_descending,375,train_design,10,False,16,24
arxiv_nomic_10k,7,lid_descending,376,train_design,10,False,10,24
arxiv_nomic_10k,7,lid_descending,377,train_design,16,False,16,24
arxiv_nomic_10k,7,lid_descending,378,calibration,10,False,10,24
arxiv_nomic_10k,7,lid_descending,379,train_design,16,False,16,24
arxiv_nomic_10k,7,lid_descending,380,train_design,48,False,16,24
arxiv_nomic_10k,7,lid_descending,381,internal_audit,10,False,10,24
arxiv_nomic_10k,7,lid_descending,382,internal_audit,32,False,24,24
arxiv_nomic_10k,7,lid_descending,383,internal_audit,10,False,24,24
arxiv_nomic_10k,7,lid_descending,384,train_design,24,False,24,24
arxiv_nomic_10k,7,lid_descending,385,train_design,10,False,10,24
arxiv_nomic_10k,7,lid_descending,386,train_design,16,False,16,24
arxiv_nomic_10k,7,lid_descending,387,train_design,32,False,24,24
arxiv_nomic_10k,7,lid_descending,388,train_design,10,False,24,24
arxiv_nomic_10k,7,lid_descending,389,train_design,10,False,10,24
arxiv_nomic_10k,7,lid_descending,390,internal_audit,10,False,10,24
arxiv_nomic_10k,7,lid_descending,391,internal_audit,10,False,10,24
arxiv_nomic_10k,7,lid_descending,392,train_design,24,False,24,24
arxiv_nomic_10k,7,lid_descending,393,calibration,24,False,24,24
arxiv_nomic_10k,7,lid_descending,394,calibration,10,False,16,24
arxiv_nomic_10k,7,lid_descending,395,train_design,16,False,16,24
arxiv_nomic_10k,7,lid_descending,396,train_design,10,False,10,24
arxiv_nomic_10k,7,lid_descending,397,internal_audit,10,False,10,24
arxiv_nomic_10k,7,lid_descending,398,internal_audit,10,False,10,24
arxiv_nomic_10k,7,lid_descending,399,calibration,16,False,16,24
arxiv_nomic_10k,7,lid_descending,400,train_design,10,False,16,24
arxiv_nomic_10k,7,lid_descending,401,train_design,10,False,10,24
arxiv_nomic_10k,7,lid_descending,402,calibration,10,False,10,24
arxiv_nomic_10k,7,lid_descending,403,calibration,16,False,16,24
arxiv_nomic_10k,7,lid_descending,404,calibration,10,False,10,24
arxiv_nomic_10k,7,lid_descending,405,train_design,16,False,24,24
arxiv_nomic_10k,7,lid_descending,406,train_design,10,False,10,24
arxiv_nomic_10k,7,lid_descending,407,calibration,10,False,10,24
arxiv_nomic_10k,7,lid_descending,408,internal_audit,10,False,10,24
arxiv_nomic_10k,7,lid_descending,409,train_design,10,False,10,24
arxiv_nomic_10k,7,lid_descending,410,calibration,16,False,16,24
arxiv_nomic_10k,7,lid_descending,411,train_design,10,False,10,24
arxiv_nomic_10k,7,lid_descending,412,train_design,10,False,10,24
arxiv_nomic_10k,7,lid_descending,413,calibration,16,False,16,24
arxiv_nomic_10k,7,lid_descending,414,internal_audit,10,False,10,24
arxiv_nomic_10k,7,lid_descending,415,internal_audit,10,False,10,24
arxiv_nomic_10k,7,lid_descending,416,calibration,10,False,10,24
arxiv_nomic_10k,7,lid_descending,417,train_design,10,False,16,24
arxiv_nomic_10k,7,lid_descending,418,calibration,32,False,16,24
arxiv_nomic_10k,7,lid_descending,419,train_design,10,False,10,24
arxiv_nomic_10k,7,lid_descending,420,calibration,16,False,24,24
arxiv_nomic_10k,7,lid_descending,421,train_design,10,False,10,24
arxiv_nomic_10k,7,lid_descending,422,train_design,10,False,16,24
arxiv_nomic_10k,7,lid_descending,423,train_design,16,False,16,24
arxiv_nomic_10k,7,lid_descending,424,train_design,16,False,16,24
arxiv_nomic_10k,7,lid_descending,425,train_design,10,False,10,24
arxiv_nomic_10k,7,lid_descending,426,train_design,10,False,10,24
arxiv_nomic_10k,7,lid_descending,427,train_design,10,False,10,24
arxiv_nomic_10k,7,lid_descending,428,internal_audit,10,False,10,24
arxiv_nomic_10k,7,lid_descending,429,internal_audit,10,False,16,24
arxiv_nomic_10k,7,lid_descending,430,train_design,10,False,24,24
arxiv_nomic_10k,7,lid_descending,431,train_design,10,False,10,24
arxiv_nomic_10k,7,lid_descending,432,train_design,10,False,10,24
arxiv_nomic_10k,7,lid_descending,433,calibration,16,False,16,24
arxiv_nomic_10k,7,lid_descending,434,train_design,10,False,10,24
arxiv_nomic_10k,7,lid_descending,435,train_design,10,False,10,24
arxiv_nomic_10k,7,lid_descending,436,train_design,10,False,10,24
arxiv_nomic_10k,7,lid_descending,437,internal_audit,10,False,24,24
arxiv_nomic_10k,7,lid_descending,438,internal_audit,16,False,16,24
arxiv_nomic_10k,7,lid_descending,439,internal_audit,10,False,24,24
arxiv_nomic_10k,7,lid_descending,440,calibration,10,False,10,24
arxiv_nomic_10k,7,lid_descending,441,calibration,10,False,10,24
arxiv_nomic_10k,7,lid_descending,442,internal_audit,10,False,10,24
arxiv_nomic_10k,7,lid_descending,443,train_design,10,False,16,24
arxiv_nomic_10k,7,lid_descending,444,internal_audit,10,False,10,24
arxiv_nomic_10k,7,lid_descending,445,calibration,10,False,16,24
arxiv_nomic_10k,7,lid_descending,446,train_design,10,False,10,24
arxiv_nomic_10k,7,lid_descending,447,calibration,24,False,24,24
arxiv_nomic_10k,7,lid_descending,448,train_design,10,False,10,24
arxiv_nomic_10k,7,lid_descending,449,calibration,16,False,16,24
arxiv_nomic_10k,7,lid_descending,450,train_design,24,False,24,24
arxiv_nomic_10k,7,lid_descending,451,calibration,10,False,16,24
arxiv_nomic_10k,7,lid_descending,452,calibration,10,False,10,24
arxiv_nomic_10k,7,lid_descending,453,train_design,10,False,16,24
arxiv_nomic_10k,7,lid_descending,454,train_design,10,False,10,24
arxiv_nomic_10k,7,lid_descending,455,train_design,24,False,24,24
arxiv_nomic_10k,7,lid_descending,456,train_design,10,False,10,24
arxiv_nomic_10k,7,lid_descending,457,train_design,10,False,10,24
arxiv_nomic_10k,7,lid_descending,458,internal_audit,10,False,10,24
arxiv_nomic_10k,7,lid_descending,459,internal_audit,10,False,10,24
arxiv_nomic_10k,7,lid_descending,460,train_design,10,False,10,24
arxiv_nomic_10k,7,lid_descending,461,train_design,10,False,16,24
arxiv_nomic_10k,7,lid_descending,462,calibration,10,False,10,24
arxiv_nomic_10k,7,lid_descending,463,train_design,10,False,10,24
arxiv_nomic_10k,7,lid_descending,464,train_design,16,False,24,24
arxiv_nomic_10k,7,lid_descending,465,train_design,24,False,24,24
arxiv_nomic_10k,7,lid_descending,466,train_design,10,False,10,24
arxiv_nomic_10k,7,lid_descending,467,internal_audit,10,False,24,24
arxiv_nomic_10k,7,lid_descending,468,train_design,10,False,10,24
arxiv_nomic_10k,7,lid_descending,469,train_design,16,False,24,24
arxiv_nomic_10k,7,lid_descending,470,train_design,10,False,16,24
arxiv_nomic_10k,7,lid_descending,471,internal_audit,10,False,10,24
arxiv_nomic_10k,7,lid_descending,472,train_design,24,False,24,24
arxiv_nomic_10k,7,lid_descending,473,train_design,10,False,10,24
arxiv_nomic_10k,7,lid_descending,474,train_design,10,False,16,24
arxiv_nomic_10k,7,lid_descending,475,train_design,10,False,10,24
arxiv_nomic_10k,7,lid_descending,476,internal_audit,10,False,10,24
arxiv_nomic_10k,7,lid_descending,477,train_design,10,False,10,24
arxiv_nomic_10k,7,lid_descending,478,train_design,16,False,16,24
arxiv_nomic_10k,7,lid_descending,479,train_design,10,False,10,24
arxiv_nomic_10k,7,lid_descending,480,train_design,10,False,10,24
arxiv_nomic_10k,7,lid_descending,481,train_design,10,False,16,24
arxiv_nomic_10k,7,lid_descending,482,internal_audit,10,False,10,24
arxiv_nomic_10k,7,lid_descending,483,train_design,10,False,10,24
arxiv_nomic_10k,7,lid_descending,484,train_design,48,False,16,24
arxiv_nomic_10k,7,lid_descending,485,calibration,64,False,16,24
arxiv_nomic_10k,7,lid_descending,486,internal_audit,24,False,24,24
arxiv_nomic_10k,7,lid_descending,487,internal_audit,10,False,24,24
arxiv_nomic_10k,7,lid_descending,488,calibration,24,False,24,24
arxiv_nomic_10k,7,lid_descending,489,train_design,10,False,10,24
arxiv_nomic_10k,7,lid_descending,490,calibration,10,False,10,24
arxiv_nomic_10k,7,lid_descending,491,internal_audit,24,False,24,24
arxiv_nomic_10k,7,lid_descending,492,train_design,10,False,10,24
arxiv_nomic_10k,7,lid_descending,493,calibration,10,False,10,24
arxiv_nomic_10k,7,lid_descending,494,train_design,24,False,24,24
arxiv_nomic_10k,7,lid_descending,495,train_design,10,False,10,24
arxiv_nomic_10k,7,lid_descending,496,train_design,10,False,10,24
arxiv_nomic_10k,7,lid_descending,497,train_design,24,False,24,24
arxiv_nomic_10k,7,lid_descending,498,calibration,10,False,10,24
arxiv_nomic_10k,7,lid_descending,499,train_design,10,False,10,24
arxiv_nomic_10k,7,random,0,train_design,10,False,10,24
arxiv_nomic_10k,7,random,1,train_design,16,False,16,24
arxiv_nomic_10k,7,random,2,calibration,24,False,24,24
arxiv_nomic_10k,7,random,3,calibration,10,False,10,24
arxiv_nomic_10k,7,random,4,internal_audit,10,False,10,24
arxiv_nomic_10k,7,random,5,calibration,10,False,16,24
arxiv_nomic_10k,7,random,6,train_design,10,False,10,24
arxiv_nomic_10k,7,random,7,internal_audit,10,False,10,24
arxiv_nomic_10k,7,random,8,train_design,10,False,24,24
arxiv_nomic_10k,7,random,9,train_design,10,False,10,24
arxiv_nomic_10k,7,random,10,train_design,10,False,10,24
arxiv_nomic_10k,7,random,11,internal_audit,10,False,24,24
arxiv_nomic_10k,7,random,12,train_design,10,False,10,24
arxiv_nomic_10k,7,random,13,internal_audit,10,False,10,24
arxiv_nomic_10k,7,random,14,train_design,10,False,10,24
arxiv_nomic_10k,7,random,15,internal_audit,10,False,10,24
arxiv_nomic_10k,7,random,16,calibration,10,False,16,24
arxiv_nomic_10k,7,random,17,internal_audit,10,False,10,24
arxiv_nomic_10k,7,random,18,calibration,10,False,10,24
arxiv_nomic_10k,7,random,19,train_design,32,False,16,24
arxiv_nomic_10k,7,random,20,train_design,16,False,16,24
arxiv_nomic_10k,7,random,21,internal_audit,24,False,24,24
arxiv_nomic_10k,7,random,22,train_design,10,False,10,24
arxiv_nomic_10k,7,random,23,internal_audit,48,False,24,24
arxiv_nomic_10k,7,random,24,calibration,10,False,10,24
arxiv_nomic_10k,7,random,25,train_design,10,False,16,24
arxiv_nomic_10k,7,random,26,calibration,10,False,24,24
arxiv_nomic_10k,7,random,27,calibration,24,False,24,24
arxiv_nomic_10k,7,random,28,train_design,10,False,16,24
arxiv_nomic_10k,7,random,29,calibration,10,False,10,24
arxiv_nomic_10k,7,random,30,internal_audit,16,False,16,24
arxiv_nomic_10k,7,random,31,train_design,10,False,10,24
arxiv_nomic_10k,7,random,32,train_design,24,False,24,24
arxiv_nomic_10k,7,random,33,calibration,10,False,10,24
arxiv_nomic_10k,7,random,34,internal_audit,10,False,10,24
arxiv_nomic_10k,7,random,35,train_design,24,False,24,24
arxiv_nomic_10k,7,random,36,internal_audit,10,False,10,24
arxiv_nomic_10k,7,random,37,train_design,48,False,10,24
arxiv_nomic_10k,7,random,38,internal_audit,48,False,10,24
arxiv_nomic_10k,7,random,39,calibration,16,False,24,24
arxiv_nomic_10k,7,random,40,train_design,10,False,24,24
arxiv_nomic_10k,7,random,41,internal_audit,10,False,10,24
arxiv_nomic_10k,7,random,42,train_design,10,False,10,24
arxiv_nomic_10k,7,random,43,train_design,10,False,10,24
arxiv_nomic_10k,7,random,44,train_design,10,False,10,24
arxiv_nomic_10k,7,random,45,internal_audit,10,False,10,24
arxiv_nomic_10k,7,random,46,calibration,10,False,10,24
arxiv_nomic_10k,7,random,47,train_design,10,False,10,24
arxiv_nomic_10k,7,random,48,train_design,48,False,16,24
arxiv_nomic_10k,7,random,49,internal_audit,10,False,10,24
arxiv_nomic_10k,7,random,50,train_design,10,False,16,24
arxiv_nomic_10k,7,random,51,calibration,24,False,24,24
arxiv_nomic_10k,7,random,52,calibration,10,False,16,24
arxiv_nomic_10k,7,random,53,train_design,10,False,10,24
arxiv_nomic_10k,7,random,54,train_design,10,False,10,24
arxiv_nomic_10k,7,random,55,calibration,10,False,16,24
arxiv_nomic_10k,7,random,56,train_design,10,False,24,24
arxiv_nomic_10k,7,random,57,calibration,16,False,24,24
arxiv_nomic_10k,7,random,58,calibration,10,False,10,24
arxiv_nomic_10k,7,random,59,calibration,16,False,16,24
arxiv_nomic_10k,7,random,60,train_design,10,False,10,24
arxiv_nomic_10k,7,random,61,train_design,16,False,24,24
arxiv_nomic_10k,7,random,62,train_design,10,False,10,24
arxiv_nomic_10k,7,random,63,internal_audit,48,False,10,24
arxiv_nomic_10k,7,random,64,train_design,10,False,16,24
arxiv_nomic_10k,7,random,65,calibration,10,False,10,24
arxiv_nomic_10k,7,random,66,calibration,10,False,16,24
arxiv_nomic_10k,7,random,67,train_design,10,False,10,24
arxiv_nomic_10k,7,random,68,calibration,48,False,24,24
arxiv_nomic_10k,7,random,69,calibration,16,False,16,24
arxiv_nomic_10k,7,random,70,train_design,10,False,16,24
arxiv_nomic_10k,7,random,71,calibration,10,False,10,24
arxiv_nomic_10k,7,random,72,train_design,10,False,24,24
arxiv_nomic_10k,7,random,73,internal_audit,10,False,16,24
arxiv_nomic_10k,7,random,74,calibration,10,False,10,24
arxiv_nomic_10k,7,random,75,train_design,10,False,10,24
arxiv_nomic_10k,7,random,76,train_design,24,False,24,24
arxiv_nomic_10k,7,random,77,calibration,16,False,24,24
arxiv_nomic_10k,7,random,78,calibration,32,False,10,24
arxiv_nomic_10k,7,random,79,calibration,24,False,24,24
arxiv_nomic_10k,7,random,80,train_design,10,False,24,24
arxiv_nomic_10k,7,random,81,internal_audit,16,False,16,24
arxiv_nomic_10k,7,random,82,train_design,10,False,10,24
arxiv_nomic_10k,7,random,83,train_design,16,False,16,24
arxiv_nomic_10k,7,random,84,train_design,16,False,16,24
arxiv_nomic_10k,7,random,85,internal_audit,10,False,16,24
arxiv_nomic_10k,7,random,86,internal_audit,10,False,10,24
arxiv_nomic_10k,7,random,87,calibration,24,False,24,24
arxiv_nomic_10k,7,random,88,internal_audit,24,False,24,24
arxiv_nomic_10k,7,random,89,train_design,32,False,24,24
arxiv_nomic_10k,7,random,90,calibration,16,False,24,24
arxiv_nomic_10k,7,random,91,train_design,10,False,24,24
arxiv_nomic_10k,7,random,92,internal_audit,16,False,16,24
arxiv_nomic_10k,7,random,93,internal_audit,10,False,10,24
arxiv_nomic_10k,7,random,94,calibration,10,False,16,24
arxiv_nomic_10k,7,random,95,train_design,10,False,16,24
arxiv_nomic_10k,7,random,96,internal_audit,10,False,16,24
arxiv_nomic_10k,7,random,97,calibration,24,False,24,24
arxiv_nomic_10k,7,random,98,train_design,24,False,24,24
arxiv_nomic_10k,7,random,99,internal_audit,10,False,24,24
arxiv_nomic_10k,7,random,100,train_design,10,False,24,24
arxiv_nomic_10k,7,random,101,calibration,10,False,16,24
arxiv_nomic_10k,7,random,102,train_design,10,False,16,24
arxiv_nomic_10k,7,random,103,calibration,10,False,10,24
arxiv_nomic_10k,7,random,104,internal_audit,10,False,10,24
arxiv_nomic_10k,7,random,105,calibration,10,False,10,24
arxiv_nomic_10k,7,random,106,train_design,10,False,24,24
arxiv_nomic_10k,7,random,107,train_design,10,False,10,24
arxiv_nomic_10k,7,random,108,train_design,16,False,16,24
arxiv_nomic_10k,7,random,109,internal_audit,24,False,24,24
arxiv_nomic_10k,7,random,110,calibration,10,False,10,24
arxiv_nomic_10k,7,random,111,train_design,10,False,24,24
arxiv_nomic_10k,7,random,112,train_design,10,False,16,24
arxiv_nomic_10k,7,random,113,calibration,10,False,10,24
arxiv_nomic_10k,7,random,114,internal_audit,10,False,10,24
arxiv_nomic_10k,7,random,115,internal_audit,10,False,10,24
arxiv_nomic_10k,7,random,116,train_design,10,False,10,24
arxiv_nomic_10k,7,random,117,train_design,10,False,10,24
arxiv_nomic_10k,7,random,118,internal_audit,10,False,16,24
arxiv_nomic_10k,7,random,119,calibration,10,False,10,24
arxiv_nomic_10k,7,random,120,internal_audit,10,False,10,24
arxiv_nomic_10k,7,random,121,train_design,10,False,10,24
arxiv_nomic_10k,7,random,122,calibration,24,False,24,24
arxiv_nomic_10k,7,random,123,train_design,10,False,10,24
arxiv_nomic_10k,7,random,124,train_design,48,False,16,24
arxiv_nomic_10k,7,random,125,internal_audit,10,False,16,24
arxiv_nomic_10k,7,random,126,internal_audit,24,False,24,24
arxiv_nomic_10k,7,random,127,train_design,10,False,10,24
arxiv_nomic_10k,7,random,128,internal_audit,16,False,16,24
arxiv_nomic_10k,7,random,129,calibration,48,False,10,24
arxiv_nomic_10k,7,random,130,internal_audit,10,False,10,24
arxiv_nomic_10k,7,random,131,train_design,10,False,10,24
arxiv_nomic_10k,7,random,132,calibration,10,False,24,24
arxiv_nomic_10k,7,random,133,train_design,10,False,10,24
arxiv_nomic_10k,7,random,134,internal_audit,10,False,10,24
arxiv_nomic_10k,7,random,135,internal_audit,10,False,10,24
arxiv_nomic_10k,7,random,136,train_design,10,False,10,24
arxiv_nomic_10k,7,random,137,train_design,10,False,10,24
arxiv_nomic_10k,7,random,138,train_design,24,False,24,24
arxiv_nomic_10k,7,random,139,train_design,10,False,10,24
arxiv_nomic_10k,7,random,140,internal_audit,16,False,24,24
arxiv_nomic_10k,7,random,141,calibration,10,False,24,24
arxiv_nomic_10k,7,random,142,internal_audit,10,False,10,24
arxiv_nomic_10k,7,random,143,train_design,10,False,10,24
arxiv_nomic_10k,7,random,144,internal_audit,10,False,10,24
arxiv_nomic_10k,7,random,145,calibration,10,False,10,24
arxiv_nomic_10k,7,random,146,train_design,10,False,10,24
arxiv_nomic_10k,7,random,147,train_design,10,False,10,24
arxiv_nomic_10k,7,random,148,train_design,10,False,10,24
arxiv_nomic_10k,7,random,149,train_design,10,False,16,24
arxiv_nomic_10k,7,random,150,train_design,10,False,10,24
arxiv_nomic_10k,7,random,151,train_design,10,False,24,24
arxiv_nomic_10k,7,random,152,train_design,24,False,24,24
arxiv_nomic_10k,7,random,153,calibration,16,False,24,24
arxiv_nomic_10k,7,random,154,calibration,10,False,16,24
arxiv_nomic_10k,7,random,155,calibration,10,False,10,24
arxiv_nomic_10k,7,random,156,internal_audit,10,False,24,24
arxiv_nomic_10k,7,random,157,train_design,10,False,10,24
arxiv_nomic_10k,7,random,158,internal_audit,16,False,16,24
arxiv_nomic_10k,7,random,159,calibration,10,False,24,24
arxiv_nomic_10k,7,random,160,train_design,10,False,10,24
arxiv_nomic_10k,7,random,161,internal_audit,16,False,16,24
arxiv_nomic_10k,7,random,162,internal_audit,10,False,10,24
arxiv_nomic_10k,7,random,163,internal_audit,10,False,16,24
arxiv_nomic_10k,7,random,164,train_design,10,False,10,24
arxiv_nomic_10k,7,random,165,calibration,16,False,16,24
arxiv_nomic_10k,7,random,166,train_design,10,False,10,24
arxiv_nomic_10k,7,random,167,train_design,10,False,10,24
arxiv_nomic_10k,7,random,168,train_design,10,False,10,24
arxiv_nomic_10k,7,random,169,train_design,10,False,10,24
arxiv_nomic_10k,7,random,170,calibration,10,False,16,24
arxiv_nomic_10k,7,random,171,train_design,16,False,24,24
arxiv_nomic_10k,7,random,172,train_design,10,False,16,24
arxiv_nomic_10k,7,random,173,internal_audit,10,False,10,24
arxiv_nomic_10k,7,random,174,train_design,10,False,10,24
arxiv_nomic_10k,7,random,175,train_design,32,False,16,24
arxiv_nomic_10k,7,random,176,calibration,16,False,24,24
arxiv_nomic_10k,7,random,177,train_design,10,False,10,24
arxiv_nomic_10k,7,random,178,train_design,16,False,16,24
arxiv_nomic_10k,7,random,179,internal_audit,16,False,16,24
arxiv_nomic_10k,7,random,180,internal_audit,48,False,10,24
arxiv_nomic_10k,7,random,181,calibration,16,False,16,24
arxiv_nomic_10k,7,random,182,train_design,10,False,10,24
arxiv_nomic_10k,7,random,183,train_design,10,False,10,24
arxiv_nomic_10k,7,random,184,train_design,10,False,10,24
arxiv_nomic_10k,7,random,185,calibration,10,False,10,24
arxiv_nomic_10k,7,random,186,calibration,10,False,10,24
arxiv_nomic_10k,7,random,187,train_design,10,False,10,24
arxiv_nomic_10k,7,random,188,train_design,10,False,10,24
arxiv_nomic_10k,7,random,189,internal_audit,10,False,16,24
arxiv_nomic_10k,7,random,190,train_design,10,False,10,24
arxiv_nomic_10k,7,random,191,internal_audit,32,False,24,24
arxiv_nomic_10k,7,random,192,calibration,24,False,24,24
arxiv_nomic_10k,7,random,193,train_design,24,False,24,24
arxiv_nomic_10k,7,random,194,internal_audit,10,False,10,24
arxiv_nomic_10k,7,random,195,calibration,16,False,16,24
arxiv_nomic_10k,7,random,196,calibration,10,False,10,24
arxiv_nomic_10k,7,random,197,calibration,10,False,10,24
arxiv_nomic_10k,7,random,198,train_design,10,False,10,24
arxiv_nomic_10k,7,random,199,internal_audit,10,False,10,24
arxiv_nomic_10k,7,random,200,train_design,10,False,24,24
arxiv_nomic_10k,7,random,201,calibration,10,False,24,24
arxiv_nomic_10k,7,random,202,internal_audit,10,False,16,24
arxiv_nomic_10k,7,random,203,internal_audit,16,False,16,24
arxiv_nomic_10k,7,random,204,train_design,32,False,10,24
arxiv_nomic_10k,7,random,205,train_design,10,False,10,24
arxiv_nomic_10k,7,random,206,calibration,16,False,24,24
arxiv_nomic_10k,7,random,207,internal_audit,10,False,10,24
arxiv_nomic_10k,7,random,208,train_design,24,False,24,24
arxiv_nomic_10k,7,random,209,internal_audit,16,False,16,24
arxiv_nomic_10k,7,random,210,internal_audit,64,False,16,24
arxiv_nomic_10k,7,random,211,train_design,10,False,10,24
arxiv_nomic_10k,7,random,212,internal_audit,10,False,10,24
arxiv_nomic_10k,7,random,213,train_design,10,False,24,24
arxiv_nomic_10k,7,random,214,internal_audit,10,False,10,24
arxiv_nomic_10k,7,random,215,internal_audit,10,False,24,24
arxiv_nomic_10k,7,random,216,internal_audit,10,False,16,24
arxiv_nomic_10k,7,random,217,train_design,10,False,10,24
arxiv_nomic_10k,7,random,218,calibration,10,False,16,24
arxiv_nomic_10k,7,random,219,calibration,10,False,16,24
arxiv_nomic_10k,7,random,220,calibration,16,False,24,24
arxiv_nomic_10k,7,random,221,train_design,10,False,10,24
arxiv_nomic_10k,7,random,222,train_design,10,False,24,24
arxiv_nomic_10k,7,random,223,train_design,16,False,16,24
arxiv_nomic_10k,7,random,224,internal_audit,10,False,10,24
arxiv_nomic_10k,7,random,225,train_design,10,False,10,24
arxiv_nomic_10k,7,random,226,internal_audit,10,False,10,24
arxiv_nomic_10k,7,random,227,train_design,10,False,10,24
arxiv_nomic_10k,7,random,228,train_design,16,False,24,24
arxiv_nomic_10k,7,random,229,train_design,10,False,16,24
arxiv_nomic_10k,7,random,230,train_design,16,False,24,24
arxiv_nomic_10k,7,random,231,train_design,10,False,16,24
arxiv_nomic_10k,7,random,232,internal_audit,24,False,24,24
arxiv_nomic_10k,7,random,233,internal_audit,10,False,10,24
arxiv_nomic_10k,7,random,234,train_design,48,False,16,24
arxiv_nomic_10k,7,random,235,internal_audit,10,False,10,24
arxiv_nomic_10k,7,random,236,internal_audit,10,False,10,24
arxiv_nomic_10k,7,random,237,calibration,24,False,24,24
arxiv_nomic_10k,7,random,238,train_design,10,False,10,24
arxiv_nomic_10k,7,random,239,calibration,10,False,16,24
arxiv_nomic_10k,7,random,240,train_design,10,False,10,24
arxiv_nomic_10k,7,random,241,internal_audit,10,False,10,24
arxiv_nomic_10k,7,random,242,calibration,10,False,10,24
arxiv_nomic_10k,7,random,243,train_design,10,False,10,24
arxiv_nomic_10k,7,random,244,train_design,16,False,16,24
arxiv_nomic_10k,7,random,245,train_design,10,False,24,24
arxiv_nomic_10k,7,random,246,train_design,16,False,16,24
arxiv_nomic_10k,7,random,247,train_design,24,False,24,24
arxiv_nomic_10k,7,random,248,calibration,10,False,10,24
arxiv_nomic_10k,7,random,249,calibration,10,False,10,24
arxiv_nomic_10k,7,random,250,internal_audit,10,False,10,24
arxiv_nomic_10k,7,random,251,calibration,10,False,16,24
arxiv_nomic_10k,7,random,252,calibration,10,False,10,24
arxiv_nomic_10k,7,random,253,train_design,10,False,10,24
arxiv_nomic_10k,7,random,254,train_design,10,False,16,24
arxiv_nomic_10k,7,random,255,train_design,16,False,16,24
arxiv_nomic_10k,7,random,256,calibration,10,False,10,24
arxiv_nomic_10k,7,random,257,internal_audit,24,False,24,24
arxiv_nomic_10k,7,random,258,train_design,10,False,10,24
arxiv_nomic_10k,7,random,259,train_design,16,False,16,24
arxiv_nomic_10k,7,random,260,calibration,10,False,24,24
arxiv_nomic_10k,7,random,261,train_design,10,False,10,24
arxiv_nomic_10k,7,random,262,calibration,16,False,24,24
arxiv_nomic_10k,7,random,263,internal_audit,10,False,10,24
arxiv_nomic_10k,7,random,264,internal_audit,24,False,24,24
arxiv_nomic_10k,7,random,265,train_design,10,False,10,24
arxiv_nomic_10k,7,random,266,calibration,10,False,10,24
arxiv_nomic_10k,7,random,267,train_design,10,False,10,24
arxiv_nomic_10k,7,random,268,internal_audit,64,False,16,24
arxiv_nomic_10k,7,random,269,calibration,10,False,10,24
arxiv_nomic_10k,7,random,270,calibration,10,False,16,24
arxiv_nomic_10k,7,random,271,internal_audit,10,False,10,24
arxiv_nomic_10k,7,random,272,train_design,10,False,16,24
arxiv_nomic_10k,7,random,273,train_design,24,False,24,24
arxiv_nomic_10k,7,random,274,internal_audit,64,False,24,24
arxiv_nomic_10k,7,random,275,train_design,10,False,10,24
arxiv_nomic_10k,7,random,276,calibration,10,False,16,24
arxiv_nomic_10k,7,random,277,calibration,10,False,10,24
arxiv_nomic_10k,7,random,278,calibration,10,False,10,24
arxiv_nomic_10k,7,random,279,train_design,24,False,24,24
arxiv_nomic_10k,7,random,280,train_design,10,False,10,24
arxiv_nomic_10k,7,random,281,train_design,10,False,10,24
arxiv_nomic_10k,7,random,282,train_design,10,False,10,24
arxiv_nomic_10k,7,random,283,calibration,24,False,24,24
arxiv_nomic_10k,7,random,284,internal_audit,16,False,24,24
arxiv_nomic_10k,7,random,285,train_design,10,False,16,24
arxiv_nomic_10k,7,random,286,calibration,10,False,16,24
arxiv_nomic_10k,7,random,287,train_design,24,False,24,24
arxiv_nomic_10k,7,random,288,train_design,10,False,10,24
arxiv_nomic_10k,7,random,289,internal_audit,10,False,10,24
arxiv_nomic_10k,7,random,290,train_design,10,False,10,24
arxiv_nomic_10k,7,random,291,train_design,10,False,16,24
arxiv_nomic_10k,7,random,292,train_design,10,False,10,24
arxiv_nomic_10k,7,random,293,internal_audit,10,False,16,24
arxiv_nomic_10k,7,random,294,train_design,10,False,24,24
arxiv_nomic_10k,7,random,295,internal_audit,16,False,24,24
arxiv_nomic_10k,7,random,296,train_design,48,False,16,24
arxiv_nomic_10k,7,random,297,train_design,10,False,10,24
arxiv_nomic_10k,7,random,298,train_design,10,False,10,24
arxiv_nomic_10k,7,random,299,internal_audit,10,False,10,24
arxiv_nomic_10k,7,random,300,train_design,10,False,16,24
arxiv_nomic_10k,7,random,301,train_design,16,False,16,24
arxiv_nomic_10k,7,random,302,train_design,10,False,10,24
arxiv_nomic_10k,7,random,303,calibration,10,False,10,24
arxiv_nomic_10k,7,random,304,calibration,10,False,10,24
arxiv_nomic_10k,7,random,305,train_design,10,False,10,24
arxiv_nomic_10k,7,random,306,internal_audit,10,False,10,24
arxiv_nomic_10k,7,random,307,train_design,10,False,10,24
arxiv_nomic_10k,7,random,308,internal_audit,10,False,10,24
arxiv_nomic_10k,7,random,309,train_design,24,False,24,24
arxiv_nomic_10k,7,random,310,train_design,10,False,10,24
arxiv_nomic_10k,7,random,311,internal_audit,10,False,10,24
arxiv_nomic_10k,7,random,312,train_design,10,False,10,24
arxiv_nomic_10k,7,random,313,train_design,10,False,10,24
arxiv_nomic_10k,7,random,314,internal_audit,16,False,16,24
arxiv_nomic_10k,7,random,315,calibration,10,False,10,24
arxiv_nomic_10k,7,random,316,calibration,10,False,10,24
arxiv_nomic_10k,7,random,317,internal_audit,16,False,24,24
arxiv_nomic_10k,7,random,318,train_design,10,False,16,24
arxiv_nomic_10k,7,random,319,calibration,16,False,16,24
arxiv_nomic_10k,7,random,320,internal_audit,10,False,16,24
arxiv_nomic_10k,7,random,321,train_design,16,False,24,24
arxiv_nomic_10k,7,random,322,internal_audit,10,False,16,24
arxiv_nomic_10k,7,random,323,train_design,10,False,10,24
arxiv_nomic_10k,7,random,324,calibration,16,False,16,24
arxiv_nomic_10k,7,random,325,train_design,32,False,24,24
arxiv_nomic_10k,7,random,326,train_design,10,False,10,24
arxiv_nomic_10k,7,random,327,train_design,10,False,10,24
arxiv_nomic_10k,7,random,328,calibration,24,False,24,24
arxiv_nomic_10k,7,random,329,calibration,10,False,10,24
arxiv_nomic_10k,7,random,330,calibration,10,False,10,24
arxiv_nomic_10k,7,random,331,train_design,10,False,24,24
arxiv_nomic_10k,7,random,332,train_design,10,False,24,24
arxiv_nomic_10k,7,random,333,train_design,10,False,10,24
arxiv_nomic_10k,7,random,334,train_design,16,False,16,24
arxiv_nomic_10k,7,random,335,internal_audit,10,False,10,24
arxiv_nomic_10k,7,random,336,train_design,10,False,24,24
arxiv_nomic_10k,7,random,337,calibration,10,False,24,24
arxiv_nomic_10k,7,random,338,calibration,10,False,10,24
arxiv_nomic_10k,7,random,339,internal_audit,10,False,10,24
arxiv_nomic_10k,7,random,340,calibration,24,False,24,24
arxiv_nomic_10k,7,random,341,internal_audit,10,False,10,24
arxiv_nomic_10k,7,random,342,calibration,10,False,24,24
arxiv_nomic_10k,7,random,343,internal_audit,10,False,10,24
arxiv_nomic_10k,7,random,344,calibration,10,False,10,24
arxiv_nomic_10k,7,random,345,train_design,16,False,24,24
arxiv_nomic_10k,7,random,346,train_design,10,False,24,24
arxiv_nomic_10k,7,random,347,train_design,10,False,16,24
arxiv_nomic_10k,7,random,348,train_design,10,False,10,24
arxiv_nomic_10k,7,random,349,train_design,10,False,10,24
arxiv_nomic_10k,7,random,350,internal_audit,10,False,10,24
arxiv_nomic_10k,7,random,351,internal_audit,16,False,16,24
arxiv_nomic_10k,7,random,352,train_design,24,False,24,24
arxiv_nomic_10k,7,random,353,calibration,10,False,24,24
arxiv_nomic_10k,7,random,354,calibration,10,False,10,24
arxiv_nomic_10k,7,random,355,internal_audit,10,False,10,24
arxiv_nomic_10k,7,random,356,train_design,16,False,16,24
arxiv_nomic_10k,7,random,357,internal_audit,10,False,10,24
arxiv_nomic_10k,7,random,358,train_design,10,False,10,24
arxiv_nomic_10k,7,random,359,train_design,10,False,16,24
arxiv_nomic_10k,7,random,360,train_design,10,False,16,24
arxiv_nomic_10k,7,random,361,calibration,10,False,10,24
arxiv_nomic_10k,7,random,362,train_design,16,False,16,24
arxiv_nomic_10k,7,random,363,train_design,24,False,24,24
arxiv_nomic_10k,7,random,364,internal_audit,10,False,16,24
arxiv_nomic_10k,7,random,365,train_design,10,False,10,24
arxiv_nomic_10k,7,random,366,train_design,10,False,10,24
arxiv_nomic_10k,7,random,367,train_design,10,False,10,24
arxiv_nomic_10k,7,random,368,calibration,10,False,10,24
arxiv_nomic_10k,7,random,369,internal_audit,10,False,10,24
arxiv_nomic_10k,7,random,370,calibration,10,False,10,24
arxiv_nomic_10k,7,random,371,train_design,10,False,16,24
arxiv_nomic_10k,7,random,372,internal_audit,10,False,24,24
arxiv_nomic_10k,7,random,373,train_design,10,False,16,24
arxiv_nomic_10k,7,random,374,internal_audit,10,False,10,24
arxiv_nomic_10k,7,random,375,train_design,10,False,16,24
arxiv_nomic_10k,7,random,376,train_design,10,False,10,24
arxiv_nomic_10k,7,random,377,train_design,10,False,16,24
arxiv_nomic_10k,7,random,378,calibration,10,False,10,24
arxiv_nomic_10k,7,random,379,train_design,96,False,16,24
arxiv_nomic_10k,7,random,380,train_design,32,False,10,24
arxiv_nomic_10k,7,random,381,internal_audit,10,False,10,24
arxiv_nomic_10k,7,random,382,internal_audit,16,False,24,24
arxiv_nomic_10k,7,random,383,internal_audit,10,False,24,24
arxiv_nomic_10k,7,random,384,train_design,32,False,24,24
arxiv_nomic_10k,7,random,385,train_design,10,False,10,24
arxiv_nomic_10k,7,random,386,train_design,16,False,16,24
arxiv_nomic_10k,7,random,387,train_design,48,False,16,24
arxiv_nomic_10k,7,random,388,train_design,10,False,24,24
arxiv_nomic_10k,7,random,389,train_design,10,False,24,24
arxiv_nomic_10k,7,random,390,internal_audit,10,False,10,24
arxiv_nomic_10k,7,random,391,internal_audit,10,False,10,24
arxiv_nomic_10k,7,random,392,train_design,24,False,24,24
arxiv_nomic_10k,7,random,393,calibration,10,False,16,24
arxiv_nomic_10k,7,random,394,calibration,10,False,24,24
arxiv_nomic_10k,7,random,395,train_design,16,False,16,24
arxiv_nomic_10k,7,random,396,train_design,10,False,10,24
arxiv_nomic_10k,7,random,397,internal_audit,10,False,10,24
arxiv_nomic_10k,7,random,398,internal_audit,10,False,10,24
arxiv_nomic_10k,7,random,399,calibration,16,False,16,24
arxiv_nomic_10k,7,random,400,train_design,10,False,10,24
arxiv_nomic_10k,7,random,401,train_design,10,False,16,24
arxiv_nomic_10k,7,random,402,calibration,16,False,16,24
arxiv_nomic_10k,7,random,403,calibration,16,False,16,24
arxiv_nomic_10k,7,random,404,calibration,10,False,10,24
arxiv_nomic_10k,7,random,405,train_design,10,False,10,24
arxiv_nomic_10k,7,random,406,train_design,10,False,16,24
arxiv_nomic_10k,7,random,407,calibration,10,False,10,24
arxiv_nomic_10k,7,random,408,internal_audit,10,False,10,24
arxiv_nomic_10k,7,random,409,train_design,10,False,10,24
arxiv_nomic_10k,7,random,410,calibration,24,False,24,24
arxiv_nomic_10k,7,random,411,train_design,10,False,10,24
arxiv_nomic_10k,7,random,412,train_design,10,False,10,24
arxiv_nomic_10k,7,random,413,calibration,10,False,16,24
arxiv_nomic_10k,7,random,414,internal_audit,10,False,10,24
arxiv_nomic_10k,7,random,415,internal_audit,10,False,10,24
arxiv_nomic_10k,7,random,416,calibration,10,False,10,24
arxiv_nomic_10k,7,random,417,train_design,10,False,16,24
arxiv_nomic_10k,7,random,418,calibration,32,False,16,24
arxiv_nomic_10k,7,random,419,train_design,10,False,10,24
arxiv_nomic_10k,7,random,420,calibration,10,False,10,24
arxiv_nomic_10k,7,random,421,train_design,10,False,10,24
arxiv_nomic_10k,7,random,422,train_design,10,False,10,24
arxiv_nomic_10k,7,random,423,train_design,24,False,24,24
arxiv_nomic_10k,7,random,424,train_design,16,False,16,24
arxiv_nomic_10k,7,random,425,train_design,10,False,10,24
arxiv_nomic_10k,7,random,426,train_design,24,False,24,24
arxiv_nomic_10k,7,random,427,train_design,10,False,10,24
arxiv_nomic_10k,7,random,428,internal_audit,10,False,24,24
arxiv_nomic_10k,7,random,429,internal_audit,10,False,24,24
arxiv_nomic_10k,7,random,430,train_design,48,False,10,24
arxiv_nomic_10k,7,random,431,train_design,10,False,10,24
arxiv_nomic_10k,7,random,432,train_design,10,False,10,24
arxiv_nomic_10k,7,random,433,calibration,96,False,16,24
arxiv_nomic_10k,7,random,434,train_design,10,False,10,24
arxiv_nomic_10k,7,random,435,train_design,10,False,10,24
arxiv_nomic_10k,7,random,436,train_design,10,False,10,24
arxiv_nomic_10k,7,random,437,internal_audit,10,False,24,24
arxiv_nomic_10k,7,random,438,internal_audit,16,False,16,24
arxiv_nomic_10k,7,random,439,internal_audit,10,False,24,24
arxiv_nomic_10k,7,random,440,calibration,10,False,10,24
arxiv_nomic_10k,7,random,441,calibration,10,False,10,24
arxiv_nomic_10k,7,random,442,internal_audit,16,False,16,24
arxiv_nomic_10k,7,random,443,train_design,10,False,10,24
arxiv_nomic_10k,7,random,444,internal_audit,10,False,10,24
arxiv_nomic_10k,7,random,445,calibration,10,False,10,24
arxiv_nomic_10k,7,random,446,train_design,10,False,16,24
arxiv_nomic_10k,7,random,447,calibration,24,False,24,24
arxiv_nomic_10k,7,random,448,train_design,10,False,10,24
arxiv_nomic_10k,7,random,449,calibration,16,False,16,24
arxiv_nomic_10k,7,random,450,train_design,16,False,16,24
arxiv_nomic_10k,7,random,451,calibration,10,False,16,24
arxiv_nomic_10k,7,random,452,calibration,10,False,10,24
arxiv_nomic_10k,7,random,453,train_design,10,False,24,24
arxiv_nomic_10k,7,random,454,train_design,10,False,16,24
arxiv_nomic_10k,7,random,455,train_design,32,False,24,24
arxiv_nomic_10k,7,random,456,train_design,10,False,10,24
arxiv_nomic_10k,7,random,457,train_design,10,False,10,24
arxiv_nomic_10k,7,random,458,internal_audit,10,False,10,24
arxiv_nomic_10k,7,random,459,internal_audit,10,False,10,24
arxiv_nomic_10k,7,random,460,train_design,10,False,10,24
arxiv_nomic_10k,7,random,461,train_design,24,False,24,24
arxiv_nomic_10k,7,random,462,calibration,16,False,16,24
arxiv_nomic_10k,7,random,463,train_design,10,False,10,24
arxiv_nomic_10k,7,random,464,train_design,24,False,24,24
arxiv_nomic_10k,7,random,465,train_design,48,False,10,24
arxiv_nomic_10k,7,random,466,train_design,10,False,10,24
arxiv_nomic_10k,7,random,467,internal_audit,10,False,10,24
arxiv_nomic_10k,7,random,468,train_design,10,False,16,24
arxiv_nomic_10k,7,random,469,train_design,16,False,24,24
arxiv_nomic_10k,7,random,470,train_design,10,False,10,24
arxiv_nomic_10k,7,random,471,internal_audit,10,False,10,24
arxiv_nomic_10k,7,random,472,train_design,16,False,24,24
arxiv_nomic_10k,7,random,473,train_design,10,False,10,24
arxiv_nomic_10k,7,random,474,train_design,10,False,16,24
arxiv_nomic_10k,7,random,475,train_design,10,False,10,24
arxiv_nomic_10k,7,random,476,internal_audit,16,False,16,24
arxiv_nomic_10k,7,random,477,train_design,10,False,16,24
arxiv_nomic_10k,7,random,478,train_design,10,False,10,24
arxiv_nomic_10k,7,random,479,train_design,10,False,10,24
arxiv_nomic_10k,7,random,480,train_design,10,False,10,24
arxiv_nomic_10k,7,random,481,train_design,24,False,24,24
arxiv_nomic_10k,7,random,482,internal_audit,10,False,10,24
arxiv_nomic_10k,7,random,483,train_design,10,False,10,24
arxiv_nomic_10k,7,random,484,train_design,24,False,24,24
arxiv_nomic_10k,7,random,485,calibration,32,False,24,24
arxiv_nomic_10k,7,random,486,internal_audit,24,False,24,24
arxiv_nomic_10k,7,random,487,internal_audit,10,False,24,24
arxiv_nomic_10k,7,random,488,calibration,24,False,24,24
arxiv_nomic_10k,7,random,489,train_design,10,False,10,24
arxiv_nomic_10k,7,random,490,calibration,10,False,24,24
arxiv_nomic_10k,7,random,491,internal_audit,24,False,24,24
arxiv_nomic_10k,7,random,492,train_design,10,False,24,24
arxiv_nomic_10k,7,random,493,calibration,48,False,10,24
arxiv_nomic_10k,7,random,494,train_design,16,False,24,24
arxiv_nomic_10k,7,random,495,train_design,10,False,10,24
arxiv_nomic_10k,7,random,496,train_design,10,False,10,24
arxiv_nomic_10k,7,random,497,train_design,16,False,24,24
arxiv_nomic_10k,7,random,498,calibration,10,False,10,24
arxiv_nomic_10k,7,random,499,train_design,10,False,10,24
glove100_10k,17,lid_ascending,0,train_design,16,False,32,96
glove100_10k,17,lid_ascending,1,train_design,16,False,16,96
glove100_10k,17,lid_ascending,2,calibration,10,False,10,96
glove100_10k,17,lid_ascending,3,calibration,64,False,96,96
glove100_10k,17,lid_ascending,4,internal_audit,96,False,96,96
glove100_10k,17,lid_ascending,5,calibration,16,False,16,96
glove100_10k,17,lid_ascending,6,train_design,48,False,48,96
glove100_10k,17,lid_ascending,7,internal_audit,10,False,10,96
glove100_10k,17,lid_ascending,8,train_design,32,False,48,96
glove100_10k,17,lid_ascending,9,train_design,32,False,48,96
glove100_10k,17,lid_ascending,10,train_design,256,False,96,96
glove100_10k,17,lid_ascending,11,internal_audit,32,False,96,96
glove100_10k,17,lid_ascending,12,train_design,24,False,48,96
glove100_10k,17,lid_ascending,13,internal_audit,48,False,48,96
glove100_10k,17,lid_ascending,14,train_design,10,False,16,96
glove100_10k,17,lid_ascending,15,internal_audit,24,False,32,96
glove100_10k,17,lid_ascending,16,calibration,96,False,96,96
glove100_10k,17,lid_ascending,17,internal_audit,64,False,64,96
glove100_10k,17,lid_ascending,18,calibration,64,False,64,96
glove100_10k,17,lid_ascending,19,train_design,48,False,48,96
glove100_10k,17,lid_ascending,20,train_design,10,False,10,96
glove100_10k,17,lid_ascending,21,internal_audit,64,False,64,96
glove100_10k,17,lid_ascending,22,train_design,10,False,24,96
glove100_10k,17,lid_ascending,23,internal_audit,24,False,24,96
glove100_10k,17,lid_ascending,24,calibration,10,False,10,96
glove100_10k,17,lid_ascending,25,train_design,16,False,24,96
glove100_10k,17,lid_ascending,26,calibration,32,False,96,96
glove100_10k,17,lid_ascending,27,calibration,64,False,64,96
glove100_10k,17,lid_ascending,28,train_design,96,False,96,96
glove100_10k,17,lid_ascending,29,calibration,192,False,96,96
glove100_10k,17,lid_ascending,30,internal_audit,16,False,16,96
glove100_10k,17,lid_ascending,31,train_design,48,False,48,96
glove100_10k,17,lid_ascending,32,train_design,32,False,48,96
glove100_10k,17,lid_ascending,33,calibration,64,False,64,96
glove100_10k,17,lid_ascending,34,internal_audit,96,False,96,96
glove100_10k,17,lid_ascending,35,train_design,64,False,96,96
glove100_10k,17,lid_ascending,36,internal_audit,96,False,96,96
glove100_10k,17,lid_ascending,37,train_design,96,False,96,96
glove100_10k,17,lid_ascending,38,internal_audit,48,False,48,96
glove100_10k,17,lid_ascending,39,calibration,64,False,64,96
glove100_10k,17,lid_ascending,40,train_design,48,False,64,96
glove100_10k,17,lid_ascending,41,internal_audit,64,False,64,96
glove100_10k,17,lid_ascending,42,train_design,16,False,96,96
glove100_10k,17,lid_ascending,43,train_design,16,False,16,96
glove100_10k,17,lid_ascending,44,train_design,96,False,96,96
glove100_10k,17,lid_ascending,45,internal_audit,192,False,96,96
glove100_10k,17,lid_ascending,46,calibration,96,False,96,96
glove100_10k,17,lid_ascending,47,train_design,16,False,24,96
glove100_10k,17,lid_ascending,48,train_design,96,False,96,96
glove100_10k,17,lid_ascending,49,internal_audit,10,False,24,96
glove100_10k,17,lid_ascending,50,train_design,48,False,96,96
glove100_10k,17,lid_ascending,51,calibration,16,False,64,96
glove100_10k,17,lid_ascending,52,calibration,10,False,16,96
glove100_10k,17,lid_ascending,53,train_design,24,False,24,96
glove100_10k,17,lid_ascending,54,train_design,128,False,96,96
glove100_10k,17,lid_ascending,55,calibration,128,False,48,96
glove100_10k,17,lid_ascending,56,train_design,16,False,24,96
glove100_10k,17,lid_ascending,57,calibration,48,False,48,96
glove100_10k,17,lid_ascending,58,calibration,32,False,32,96
glove100_10k,17,lid_ascending,59,calibration,64,False,64,96
glove100_10k,17,lid_ascending,60,train_design,48,False,48,96
glove100_10k,17,lid_ascending,61,train_design,192,False,48,96
glove100_10k,17,lid_ascending,62,train_design,10,False,10,96
glove100_10k,17,lid_ascending,63,internal_audit,64,False,64,96
glove100_10k,17,lid_ascending,64,train_design,48,False,96,96
glove100_10k,17,lid_ascending,65,calibration,24,False,24,96
glove100_10k,17,lid_ascending,66,calibration,128,False,96,96
glove100_10k,17,lid_ascending,67,train_design,10,False,10,96
glove100_10k,17,lid_ascending,68,calibration,64,False,96,96
glove100_10k,17,lid_ascending,69,calibration,48,False,48,96
glove100_10k,17,lid_ascending,70,train_design,32,False,48,96
glove100_10k,17,lid_ascending,71,calibration,64,False,64,96
glove100_10k,17,lid_ascending,72,train_design,128,False,48,96
glove100_10k,17,lid_ascending,73,internal_audit,10,False,16,96
glove100_10k,17,lid_ascending,74,calibration,64,False,64,96
glove100_10k,17,lid_ascending,75,train_design,32,False,48,96
glove100_10k,17,lid_ascending,76,train_design,32,False,32,96
glove100_10k,17,lid_ascending,77,calibration,64,False,96,96
glove100_10k,17,lid_ascending,78,calibration,10,False,16,96
glove100_10k,17,lid_ascending,79,calibration,32,False,48,96
glove100_10k,17,lid_ascending,80,train_design,48,False,48,96
glove100_10k,17,lid_ascending,81,internal_audit,48,False,48,96
glove100_10k,17,lid_ascending,82,train_design,96,False,96,96
glove100_10k,17,lid_ascending,83,train_design,16,False,16,96
glove100_10k,17,lid_ascending,84,train_design,32,False,96,96
glove100_10k,17,lid_ascending,85,internal_audit,48,False,48,96
glove100_10k,17,lid_ascending,86,internal_audit,24,False,24,96
glove100_10k,17,lid_ascending,87,calibration,24,False,24,96
glove100_10k,17,lid_ascending,88,internal_audit,96,False,96,96
glove100_10k,17,lid_ascending,89,train_design,10,False,10,96
glove100_10k,17,lid_ascending,90,calibration,16,False,96,96
glove100_10k,17,lid_ascending,91,train_design,24,False,24,96
glove100_10k,17,lid_ascending,92,internal_audit,16,False,24,96
glove100_10k,17,lid_ascending,93,internal_audit,32,False,32,96
glove100_10k,17,lid_ascending,94,calibration,48,False,48,96
glove100_10k,17,lid_ascending,95,train_design,64,False,64,96
glove100_10k,17,lid_ascending,96,internal_audit,10,False,10,96
glove100_10k,17,lid_ascending,97,calibration,10,False,10,96
glove100_10k,17,lid_ascending,98,train_design,64,False,64,96
glove100_10k,17,lid_ascending,99,internal_audit,24,False,48,96
glove100_10k,17,lid_ascending,100,train_design,10,False,10,96
glove100_10k,17,lid_ascending,101,calibration,48,False,96,96
glove100_10k,17,lid_ascending,102,train_design,256,False,96,96
glove100_10k,17,lid_ascending,103,calibration,10,False,32,96
glove100_10k,17,lid_ascending,104,internal_audit,96,False,96,96
glove100_10k,17,lid_ascending,105,calibration,24,False,32,96
glove100_10k,17,lid_ascending,106,train_design,32,False,32,96
glove100_10k,17,lid_ascending,107,train_design,10,False,16,96
glove100_10k,17,lid_ascending,108,train_design,32,False,32,96
glove100_10k,17,lid_ascending,109,internal_audit,96,False,96,96
glove100_10k,17,lid_ascending,110,calibration,16,False,24,96
glove100_10k,17,lid_ascending,111,train_design,24,False,24,96
glove100_10k,17,lid_ascending,112,train_design,64,False,64,96
glove100_10k,17,lid_ascending,113,calibration,16,False,16,96
glove100_10k,17,lid_ascending,114,internal_audit,96,False,96,96
glove100_10k,17,lid_ascending,115,internal_audit,16,False,24,96
glove100_10k,17,lid_ascending,116,train_design,16,False,16,96
glove100_10k,17,lid_ascending,117,train_design,32,False,96,96
glove100_10k,17,lid_ascending,118,internal_audit,48,False,48,96
glove100_10k,17,lid_ascending,119,calibration,96,False,96,96
glove100_10k,17,lid_ascending,120,internal_audit,16,False,96,96
glove100_10k,17,lid_ascending,121,train_design,10,False,48,96
glove100_10k,17,lid_ascending,122,calibration,24,False,48,96
glove100_10k,17,lid_ascending,123,train_design,10,False,10,96
glove100_10k,17,lid_ascending,124,train_design,16,False,48,96
glove100_10k,17,lid_ascending,125,internal_audit,24,False,24,96
glove100_10k,17,lid_ascending,126,internal_audit,256,False,96,96
glove100_10k,17,lid_ascending,127,train_design,48,False,48,96
glove100_10k,17,lid_ascending,128,internal_audit,48,False,96,96
glove100_10k,17,lid_ascending,129,calibration,10,False,16,96
glove100_10k,17,lid_ascending,130,internal_audit,10,False,10,96
glove100_10k,17,lid_ascending,131,train_design,48,False,64,96
glove100_10k,17,lid_ascending,132,calibration,48,False,96,96
glove100_10k,17,lid_ascending,133,train_design,10,False,16,96
glove100_10k,17,lid_ascending,134,internal_audit,128,False,48,96
glove100_10k,17,lid_ascending,135,internal_audit,32,False,48,96
glove100_10k,17,lid_ascending,136,train_design,96,False,96,96
glove100_10k,17,lid_ascending,137,train_design,24,False,48,96
glove100_10k,17,lid_ascending,138,train_design,64,False,64,96
glove100_10k,17,lid_ascending,139,train_design,64,False,96,96
glove100_10k,17,lid_ascending,140,internal_audit,32,False,48,96
glove100_10k,17,lid_ascending,141,calibration,64,False,64,96
glove100_10k,17,lid_ascending,142,internal_audit,48,False,96,96
glove100_10k,17,lid_ascending,143,train_design,32,False,32,96
glove100_10k,17,lid_ascending,144,internal_audit,32,False,96,96
glove100_10k,17,lid_ascending,145,calibration,32,False,48,96
glove100_10k,17,lid_ascending,146,train_design,256,False,96,96
glove100_10k,17,lid_ascending,147,train_design,48,False,64,96
glove100_10k,17,lid_ascending,148,train_design,16,False,24,96
glove100_10k,17,lid_ascending,149,train_design,10,False,16,96
glove100_10k,17,lid_ascending,150,train_design,10,False,16,96
glove100_10k,17,lid_ascending,151,train_design,10,False,10,96
glove100_10k,17,lid_ascending,152,train_design,48,False,96,96
glove100_10k,17,lid_ascending,153,calibration,16,False,48,96
glove100_10k,17,lid_ascending,154,calibration,128,False,96,96
glove100_10k,17,lid_ascending,155,calibration,24,False,24,96
glove100_10k,17,lid_ascending,156,internal_audit,10,False,10,96
glove100_10k,17,lid_ascending,157,train_design,128,False,32,96
glove100_10k,17,lid_ascending,158,internal_audit,10,False,10,96
glove100_10k,17,lid_ascending,159,calibration,16,False,48,96
glove100_10k,17,lid_ascending,160,train_design,10,False,48,96
glove100_10k,17,lid_ascending,161,internal_audit,256,False,96,96
glove100_10k,17,lid_ascending,162,internal_audit,24,False,96,96
glove100_10k,17,lid_ascending,163,internal_audit,64,False,64,96
glove100_10k,17,lid_ascending,164,train_design,10,False,10,96
glove100_10k,17,lid_ascending,165,calibration,64,False,64,96
glove100_10k,17,lid_ascending,166,train_design,24,False,48,96
glove100_10k,17,lid_ascending,167,train_design,24,False,96,96
glove100_10k,17,lid_ascending,168,train_design,192,False,64,96
glove100_10k,17,lid_ascending,169,train_design,24,False,48,96
glove100_10k,17,lid_ascending,170,calibration,24,False,32,96
glove100_10k,17,lid_ascending,171,train_design,48,False,64,96
glove100_10k,17,lid_ascending,172,train_design,96,False,96,96
glove100_10k,17,lid_ascending,173,internal_audit,48,False,48,96
glove100_10k,17,lid_ascending,174,train_design,32,False,64,96
glove100_10k,17,lid_ascending,175,train_design,96,False,96,96
glove100_10k,17,lid_ascending,176,calibration,24,False,48,96
glove100_10k,17,lid_ascending,177,train_design,48,False,48,96
glove100_10k,17,lid_ascending,178,train_design,24,False,48,96
glove100_10k,17,lid_ascending,179,internal_audit,96,False,96,96
glove100_10k,17,lid_ascending,180,internal_audit,96,False,96,96
glove100_10k,17,lid_ascending,181,calibration,128,False,16,96
glove100_10k,17,lid_ascending,182,train_design,48,False,96,96
glove100_10k,17,lid_ascending,183,train_design,24,False,96,96
glove100_10k,17,lid_ascending,184,train_design,10,False,10,96
glove100_10k,17,lid_ascending,185,calibration,96,False,96,96
glove100_10k,17,lid_ascending,186,calibration,24,False,24,96
glove100_10k,17,lid_ascending,187,train_design,32,False,32,96
glove100_10k,17,lid_ascending,188,train_design,64,False,96,96
glove100_10k,17,lid_ascending,189,internal_audit,192,False,48,96
glove100_10k,17,lid_ascending,190,train_design,16,False,16,96
glove100_10k,17,lid_ascending,191,internal_audit,24,False,24,96
glove100_10k,17,lid_ascending,192,calibration,96,False,96,96
glove100_10k,17,lid_ascending,193,train_design,96,False,96,96
glove100_10k,17,lid_ascending,194,internal_audit,24,False,64,96
glove100_10k,17,lid_ascending,195,calibration,16,False,16,96
glove100_10k,17,lid_ascending,196,calibration,32,False,32,96
glove100_10k,17,lid_ascending,197,calibration,48,False,96,96
glove100_10k,17,lid_ascending,198,train_design,48,False,96,96
glove100_10k,17,lid_ascending,199,internal_audit,96,False,96,96
glove100_10k,17,lid_ascending,200,train_design,64,False,64,96
glove100_10k,17,lid_ascending,201,calibration,10,False,10,96
glove100_10k,17,lid_ascending,202,internal_audit,48,False,48,96
glove100_10k,17,lid_ascending,203,internal_audit,10,False,10,96
glove100_10k,17,lid_ascending,204,train_design,16,False,64,96
glove100_10k,17,lid_ascending,205,train_design,24,False,32,96
glove100_10k,17,lid_ascending,206,calibration,24,False,24,96
glove100_10k,17,lid_ascending,207,internal_audit,48,False,64,96
glove100_10k,17,lid_ascending,208,train_design,24,False,32,96
glove100_10k,17,lid_ascending,209,internal_audit,16,False,16,96
glove100_10k,17,lid_ascending,210,internal_audit,10,False,16,96
glove100_10k,17,lid_ascending,211,train_design,48,False,48,96
glove100_10k,17,lid_ascending,212,internal_audit,96,False,96,96
glove100_10k,17,lid_ascending,213,train_design,10,False,24,96
glove100_10k,17,lid_ascending,214,internal_audit,48,False,96,96
glove100_10k,17,lid_ascending,215,internal_audit,64,False,96,96
glove100_10k,17,lid_ascending,216,internal_audit,24,False,48,96
glove100_10k,17,lid_ascending,217,train_design,32,False,96,96
glove100_10k,17,lid_ascending,218,calibration,192,False,32,96
glove100_10k,17,lid_ascending,219,calibration,16,False,24,96
glove100_10k,17,lid_ascending,220,calibration,10,False,32,96
glove100_10k,17,lid_ascending,221,train_design,10,False,96,96
glove100_10k,17,lid_ascending,222,train_design,10,False,10,96
glove100_10k,17,lid_ascending,223,train_design,24,False,96,96
glove100_10k,17,lid_ascending,224,internal_audit,24,False,32,96
glove100_10k,17,lid_ascending,225,train_design,32,False,64,96
glove100_10k,17,lid_ascending,226,internal_audit,10,False,16,96
glove100_10k,17,lid_ascending,227,train_design,16,False,64,96
glove100_10k,17,lid_ascending,228,train_design,96,False,96,96
glove100_10k,17,lid_ascending,229,train_design,192,False,64,96
glove100_10k,17,lid_ascending,230,train_design,48,False,48,96
glove100_10k,17,lid_ascending,231,train_design,48,False,96,96
glove100_10k,17,lid_ascending,232,internal_audit,32,False,64,96
glove100_10k,17,lid_ascending,233,internal_audit,10,False,16,96
glove100_10k,17,lid_ascending,234,train_design,32,False,64,96
glove100_10k,17,lid_ascending,235,internal_audit,96,False,96,96
glove100_10k,17,lid_ascending,236,internal_audit,96,False,96,96
glove100_10k,17,lid_ascending,237,calibration,64,False,64,96
glove100_10k,17,lid_ascending,238,train_design,96,False,96,96
glove100_10k,17,lid_ascending,239,calibration,10,False,32,96
glove100_10k,17,lid_ascending,240,train_design,96,False,96,96
glove100_10k,17,lid_ascending,241,internal_audit,48,False,96,96
glove100_10k,17,lid_ascending,242,calibration,16,False,16,96
glove100_10k,17,lid_ascending,243,train_design,16,False,16,96
glove100_10k,17,lid_ascending,244,train_design,16,False,64,96
glove100_10k,17,lid_ascending,245,train_design,128,False,96,96
glove100_10k,17,lid_ascending,246,train_design,64,False,64,96
glove100_10k,17,lid_ascending,247,train_design,96,False,96,96
glove100_10k,17,lid_ascending,248,calibration,10,False,10,96
glove100_10k,17,lid_ascending,249,calibration,16,False,16,96
glove100_10k,17,lid_ascending,250,internal_audit,10,False,24,96
glove100_10k,17,lid_ascending,251,calibration,10,False,10,96
glove100_10k,17,lid_ascending,252,calibration,10,False,10,96
glove100_10k,17,lid_ascending,253,train_design,32,False,48,96
glove100_10k,17,lid_ascending,254,train_design,10,False,32,96
glove100_10k,17,lid_ascending,255,train_design,32,False,32,96
glove100_10k,17,lid_ascending,256,calibration,64,False,96,96
glove100_10k,17,lid_ascending,257,internal_audit,24,False,48,96
glove100_10k,17,lid_ascending,258,train_design,32,False,48,96
glove100_10k,17,lid_ascending,259,train_design,10,False,24,96
glove100_10k,17,lid_ascending,260,calibration,48,False,48,96
glove100_10k,17,lid_ascending,261,train_design,10,False,10,96
glove100_10k,17,lid_ascending,262,calibration,10,False,24,96
glove100_10k,17,lid_ascending,263,internal_audit,24,False,48,96
glove100_10k,17,lid_ascending,264,internal_audit,128,False,96,96
glove100_10k,17,lid_ascending,265,train_design,10,False,10,96
glove100_10k,17,lid_ascending,266,calibration,16,False,16,96
glove100_10k,17,lid_ascending,267,train_design,96,False,96,96
glove100_10k,17,lid_ascending,268,internal_audit,10,False,32,96
glove100_10k,17,lid_ascending,269,calibration,32,False,64,96
glove100_10k,17,lid_ascending,270,calibration,10,False,10,96
glove100_10k,17,lid_ascending,271,internal_audit,48,False,64,96
glove100_10k,17,lid_ascending,272,train_design,48,False,48,96
glove100_10k,17,lid_ascending,273,train_design,24,False,24,96
glove100_10k,17,lid_ascending,274,internal_audit,10,False,16,96
glove100_10k,17,lid_ascending,275,train_design,64,False,64,96
glove100_10k,17,lid_ascending,276,calibration,24,False,32,96
glove100_10k,17,lid_ascending,277,calibration,96,False,96,96
glove100_10k,17,lid_ascending,278,calibration,48,False,48,96
glove100_10k,17,lid_ascending,279,train_design,48,False,48,96
glove100_10k,17,lid_ascending,280,train_design,16,False,16,96
glove100_10k,17,lid_ascending,281,train_design,128,False,96,96
glove100_10k,17,lid_ascending,282,train_design,48,False,48,96
glove100_10k,17,lid_ascending,283,calibration,24,False,48,96
glove100_10k,17,lid_ascending,284,internal_audit,192,False,32,96
glove100_10k,17,lid_ascending,285,train_design,24,False,48,96
glove100_10k,17,lid_ascending,286,calibration,32,False,48,96
glove100_10k,17,lid_ascending,287,train_design,16,False,16,96
glove100_10k,17,lid_ascending,288,train_design,192,False,64,96
glove100_10k,17,lid_ascending,289,internal_audit,16,False,48,96
glove100_10k,17,lid_ascending,290,train_design,16,False,24,96
glove100_10k,17,lid_ascending,291,train_design,48,False,96,96
glove100_10k,17,lid_ascending,292,train_design,32,False,32,96
glove100_10k,17,lid_ascending,293,internal_audit,10,False,32,96
glove100_10k,17,lid_ascending,294,train_design,10,False,10,96
glove100_10k,17,lid_ascending,295,internal_audit,10,False,10,96
glove100_10k,17,lid_ascending,296,train_design,16,False,24,96
glove100_10k,17,lid_ascending,297,train_design,96,False,96,96
glove100_10k,17,lid_ascending,298,train_design,48,False,48,96
glove100_10k,17,lid_ascending,299,internal_audit,10,False,10,96
glove100_10k,17,lid_ascending,300,train_design,10,False,10,96
glove100_10k,17,lid_ascending,301,train_design,24,False,64,96
glove100_10k,17,lid_ascending,302,train_design,10,False,10,96
glove100_10k,17,lid_ascending,303,calibration,48,False,64,96
glove100_10k,17,lid_ascending,304,calibration,10,False,10,96
glove100_10k,17,lid_ascending,305,train_design,10,False,10,96
glove100_10k,17,lid_ascending,306,internal_audit,10,False,24,96
glove100_10k,17,lid_ascending,307,train_design,48,False,96,96
glove100_10k,17,lid_ascending,308,internal_audit,16,False,48,96
glove100_10k,17,lid_ascending,309,train_design,256,False,96,96
glove100_10k,17,lid_ascending,310,train_design,48,False,64,96
glove100_10k,17,lid_ascending,311,internal_audit,48,False,64,96
glove100_10k,17,lid_ascending,312,train_design,16,False,16,96
glove100_10k,17,lid_ascending,313,train_design,48,False,64,96
glove100_10k,17,lid_ascending,314,internal_audit,10,False,16,96
glove100_10k,17,lid_ascending,315,calibration,128,False,64,96
glove100_10k,17,lid_ascending,316,calibration,10,False,24,96
glove100_10k,17,lid_ascending,317,internal_audit,192,False,32,96
glove100_10k,17,lid_ascending,318,train_design,48,False,96,96
glove100_10k,17,lid_ascending,319,calibration,48,False,48,96
glove100_10k,17,lid_ascending,320,internal_audit,10,False,10,96
glove100_10k,17,lid_ascending,321,train_design,96,False,96,96
glove100_10k,17,lid_ascending,322,internal_audit,24,False,24,96
glove100_10k,17,lid_ascending,323,train_design,96,False,96,96
glove100_10k,17,lid_ascending,324,calibration,48,False,48,96
glove100_10k,17,lid_ascending,325,train_design,96,False,96,96
glove100_10k,17,lid_ascending,326,train_design,48,False,96,96
glove100_10k,17,lid_ascending,327,train_design,64,False,64,96
glove100_10k,17,lid_ascending,328,calibration,10,False,10,96
glove100_10k,17,lid_ascending,329,calibration,24,False,24,96
glove100_10k,17,lid_ascending,330,calibration,96,False,96,96
glove100_10k,17,lid_ascending,331,train_design,32,False,96,96
glove100_10k,17,lid_ascending,332,train_design,16,False,48,96
glove100_10k,17,lid_ascending,333,train_design,32,False,32,96
glove100_10k,17,lid_ascending,334,train_design,24,False,64,96
glove100_10k,17,lid_ascending,335,internal_audit,24,False,24,96
glove100_10k,17,lid_ascending,336,train_design,32,False,48,96
glove100_10k,17,lid_ascending,337,calibration,96,False,96,96
glove100_10k,17,lid_ascending,338,calibration,96,False,96,96
glove100_10k,17,lid_ascending,339,internal_audit,48,False,64,96
glove100_10k,17,lid_ascending,340,calibration,48,False,48,96
glove100_10k,17,lid_ascending,341,internal_audit,32,False,48,96
glove100_10k,17,lid_ascending,342,calibration,10,False,10,96
glove100_10k,17,lid_ascending,343,internal_audit,48,False,48,96
glove100_10k,17,lid_ascending,344,calibration,32,False,32,96
glove100_10k,17,lid_ascending,345,train_design,48,False,48,96
glove100_10k,17,lid_ascending,346,train_design,10,False,10,96
glove100_10k,17,lid_ascending,347,train_design,10,False,10,96
glove100_10k,17,lid_ascending,348,train_design,32,False,32,96
glove100_10k,17,lid_ascending,349,train_design,128,False,32,96
glove100_10k,17,lid_ascending,350,internal_audit,10,False,10,96
glove100_10k,17,lid_ascending,351,internal_audit,192,False,96,96
glove100_10k,17,lid_ascending,352,train_design,10,False,24,96
glove100_10k,17,lid_ascending,353,calibration,10,False,24,96
glove100_10k,17,lid_ascending,354,calibration,16,False,48,96
glove100_10k,17,lid_ascending,355,internal_audit,96,False,96,96
glove100_10k,17,lid_ascending,356,train_design,64,False,64,96
glove100_10k,17,lid_ascending,357,internal_audit,24,False,32,96
glove100_10k,17,lid_ascending,358,train_design,24,False,32,96
glove100_10k,17,lid_ascending,359,train_design,64,False,96,96
glove100_10k,17,lid_ascending,360,train_design,64,False,96,96
glove100_10k,17,lid_ascending,361,calibration,96,False,96,96
glove100_10k,17,lid_ascending,362,train_design,10,False,48,96
glove100_10k,17,lid_ascending,363,train_design,48,False,48,96
glove100_10k,17,lid_ascending,364,internal_audit,48,False,96,96
glove100_10k,17,lid_ascending,365,train_design,24,False,24,96
glove100_10k,17,lid_ascending,366,train_design,10,False,10,96
glove100_10k,17,lid_ascending,367,train_design,16,False,16,96
glove100_10k,17,lid_ascending,368,calibration,24,False,24,96
glove100_10k,17,lid_ascending,369,internal_audit,10,False,10,96
glove100_10k,17,lid_ascending,370,calibration,64,False,64,96
glove100_10k,17,lid_ascending,371,train_design,32,False,32,96
glove100_10k,17,lid_ascending,372,internal_audit,10,False,16,96
glove100_10k,17,lid_ascending,373,train_design,24,False,96,96
glove100_10k,17,lid_ascending,374,internal_audit,10,False,10,96
glove100_10k,17,lid_ascending,375,train_design,48,False,48,96
glove100_10k,17,lid_ascending,376,train_design,64,False,64,96
glove100_10k,17,lid_ascending,377,train_design,10,False,16,96
glove100_10k,17,lid_ascending,378,calibration,48,False,64,96
glove100_10k,17,lid_ascending,379,train_design,32,False,32,96
glove100_10k,17,lid_ascending,380,train_design,10,False,16,96
glove100_10k,17,lid_ascending,381,internal_audit,10,False,10,96
glove100_10k,17,lid_ascending,382,internal_audit,64,False,96,96
glove100_10k,17,lid_ascending,383,internal_audit,16,False,16,96
glove100_10k,17,lid_ascending,384,train_design,10,False,16,96
glove100_10k,17,lid_ascending,385,train_design,96,False,96,96
glove100_10k,17,lid_ascending,386,train_design,48,False,48,96
glove100_10k,17,lid_ascending,387,train_design,16,False,16,96
glove100_10k,17,lid_ascending,388,train_design,64,False,64,96
glove100_10k,17,lid_ascending,389,train_design,48,False,48,96
glove100_10k,17,lid_ascending,390,internal_audit,128,False,96,96
glove100_10k,17,lid_ascending,391,internal_audit,10,False,10,96
glove100_10k,17,lid_ascending,392,train_design,10,False,10,96
glove100_10k,17,lid_ascending,393,calibration,24,False,24,96
glove100_10k,17,lid_ascending,394,calibration,192,False,64,96
glove100_10k,17,lid_ascending,395,train_design,192,False,16,96
glove100_10k,17,lid_ascending,396,train_design,48,False,96,96
glove100_10k,17,lid_ascending,397,internal_audit,10,False,10,96
glove100_10k,17,lid_ascending,398,internal_audit,32,False,64,96
glove100_10k,17,lid_ascending,399,calibration,64,False,64,96
glove100_10k,17,lid_ascending,400,train_design,10,False,24,96
glove100_10k,17,lid_ascending,401,train_design,16,False,24,96
glove100_10k,17,lid_ascending,402,calibration,10,False,10,96
glove100_10k,17,lid_ascending,403,calibration,10,False,10,96
glove100_10k,17,lid_ascending,404,calibration,96,False,96,96
glove100_10k,17,lid_ascending,405,train_design,64,False,64,96
glove100_10k,17,lid_ascending,406,train_design,24,False,24,96
glove100_10k,17,lid_ascending,407,calibration,64,False,96,96
glove100_10k,17,lid_ascending,408,internal_audit,10,False,10,96
glove100_10k,17,lid_ascending,409,train_design,10,False,10,96
glove100_10k,17,lid_ascending,410,calibration,192,False,64,96
glove100_10k,17,lid_ascending,411,train_design,10,False,24,96
glove100_10k,17,lid_ascending,412,train_design,10,False,10,96
glove100_10k,17,lid_ascending,413,calibration,24,False,64,96
glove100_10k,17,lid_ascending,414,internal_audit,32,False,32,96
glove100_10k,17,lid_ascending,415,internal_audit,10,False,16,96
glove100_10k,17,lid_ascending,416,calibration,48,False,96,96
glove100_10k,17,lid_ascending,417,train_design,10,False,24,96
glove100_10k,17,lid_ascending,418,calibration,24,False,32,96
glove100_10k,17,lid_ascending,419,train_design,96,False,96,96
glove100_10k,17,lid_ascending,420,calibration,10,False,10,96
glove100_10k,17,lid_ascending,421,train_design,48,False,48,96
glove100_10k,17,lid_ascending,422,train_design,10,False,24,96
glove100_10k,17,lid_ascending,423,train_design,16,False,24,96
glove100_10k,17,lid_ascending,424,train_design,64,False,64,96
glove100_10k,17,lid_ascending,425,train_design,10,False,24,96
glove100_10k,17,lid_ascending,426,train_design,96,False,96,96
glove100_10k,17,lid_ascending,427,train_design,16,False,48,96
glove100_10k,17,lid_ascending,428,internal_audit,24,False,24,96
glove100_10k,17,lid_ascending,429,internal_audit,16,False,24,96
glove100_10k,17,lid_ascending,430,train_design,48,False,96,96
glove100_10k,17,lid_ascending,431,train_design,64,False,64,96
glove100_10k,17,lid_ascending,432,train_design,16,False,96,96
glove100_10k,17,lid_ascending,433,calibration,16,False,16,96
glove100_10k,17,lid_ascending,434,train_design,32,False,64,96
glove100_10k,17,lid_ascending,435,train_design,64,False,64,96
glove100_10k,17,lid_ascending,436,train_design,32,False,32,96
glove100_10k,17,lid_ascending,437,internal_audit,128,False,64,96
glove100_10k,17,lid_ascending,438,internal_audit,96,False,96,96
glove100_10k,17,lid_ascending,439,internal_audit,16,False,64,96
glove100_10k,17,lid_ascending,440,calibration,16,False,48,96
glove100_10k,17,lid_ascending,441,calibration,48,False,48,96
glove100_10k,17,lid_ascending,442,internal_audit,128,False,64,96
glove100_10k,17,lid_ascending,443,train_design,48,False,48,96
glove100_10k,17,lid_ascending,444,internal_audit,10,False,24,96
glove100_10k,17,lid_ascending,445,calibration,24,False,48,96
glove100_10k,17,lid_ascending,446,train_design,32,False,32,96
glove100_10k,17,lid_ascending,447,calibration,48,False,64,96
glove100_10k,17,lid_ascending,448,train_design,128,False,96,96
glove100_10k,17,lid_ascending,449,calibration,192,False,24,96
glove100_10k,17,lid_ascending,450,train_design,96,False,96,96
glove100_10k,17,lid_ascending,451,calibration,128,False,48,96
glove100_10k,17,lid_ascending,452,calibration,32,False,48,96
glove100_10k,17,lid_ascending,453,train_design,10,False,16,96
glove100_10k,17,lid_ascending,454,train_design,10,False,10,96
glove100_10k,17,lid_ascending,455,train_design,24,False,24,96
glove100_10k,17,lid_ascending,456,train_design,128,False,96,96
glove100_10k,17,lid_ascending,457,train_design,16,False,32,96
glove100_10k,17,lid_ascending,458,internal_audit,10,False,10,96
glove100_10k,17,lid_ascending,459,internal_audit,128,False,96,96
glove100_10k,17,lid_ascending,460,train_design,24,False,32,96
glove100_10k,17,lid_ascending,461,train_design,128,False,16,96
glove100_10k,17,lid_ascending,462,calibration,192,False,64,96
glove100_10k,17,lid_ascending,463,train_design,16,False,48,96
glove100_10k,17,lid_ascending,464,train_design,10,False,10,96
glove100_10k,17,lid_ascending,465,train_design,128,False,96,96
glove100_10k,17,lid_ascending,466,train_design,96,False,96,96
glove100_10k,17,lid_ascending,467,internal_audit,10,False,32,96
glove100_10k,17,lid_ascending,468,train_design,64,False,96,96
glove100_10k,17,lid_ascending,469,train_design,48,False,48,96
glove100_10k,17,lid_ascending,470,train_design,10,False,10,96
glove100_10k,17,lid_ascending,471,internal_audit,48,False,48,96
glove100_10k,17,lid_ascending,472,train_design,128,False,96,96
glove100_10k,17,lid_ascending,473,train_design,192,False,64,96
glove100_10k,17,lid_ascending,474,train_design,96,False,96,96
glove100_10k,17,lid_ascending,475,train_design,64,False,64,96
glove100_10k,17,lid_ascending,476,internal_audit,10,False,10,96
glove100_10k,17,lid_ascending,477,train_design,48,False,48,96
glove100_10k,17,lid_ascending,478,train_design,96,False,96,96
glove100_10k,17,lid_ascending,479,train_design,32,False,32,96
glove100_10k,17,lid_ascending,480,train_design,16,False,16,96
glove100_10k,17,lid_ascending,481,train_design,16,False,96,96
glove100_10k,17,lid_ascending,482,internal_audit,16,False,32,96
glove100_10k,17,lid_ascending,483,train_design,96,False,96,96
glove100_10k,17,lid_ascending,484,train_design,192,False,96,96
glove100_10k,17,lid_ascending,485,calibration,16,False,24,96
glove100_10k,17,lid_ascending,486,internal_audit,10,False,64,96
glove100_10k,17,lid_ascending,487,internal_audit,16,False,16,96
glove100_10k,17,lid_ascending,488,calibration,10,False,24,96
glove100_10k,17,lid_ascending,489,train_design,96,False,96,96
glove100_10k,17,lid_ascending,490,calibration,10,False,16,96
glove100_10k,17,lid_ascending,491,internal_audit,10,False,10,96
glove100_10k,17,lid_ascending,492,train_design,10,False,10,96
glove100_10k,17,lid_ascending,493,calibration,32,False,32,96
glove100_10k,17,lid_ascending,494,train_design,10,False,10,96
glove100_10k,17,lid_ascending,495,train_design,10,False,16,96
glove100_10k,17,lid_ascending,496,train_design,10,False,32,96
glove100_10k,17,lid_ascending,497,train_design,192,False,32,96
glove100_10k,17,lid_ascending,498,calibration,96,False,96,96
glove100_10k,17,lid_ascending,499,train_design,10,False,10,96
glove100_10k,17,lid_descending,0,train_design,10,False,24,96
glove100_10k,17,lid_descending,1,train_design,10,False,16,96
glove100_10k,17,lid_descending,2,calibration,10,False,16,96
glove100_10k,17,lid_descending,3,calibration,32,False,64,96
glove100_10k,17,lid_descending,4,internal_audit,192,False,96,96
glove100_10k,17,lid_descending,5,calibration,10,False,10,96
glove100_10k,17,lid_descending,6,train_design,24,False,24,96
glove100_10k,17,lid_descending,7,internal_audit,10,False,10,96
glove100_10k,17,lid_descending,8,train_design,32,False,32,96
glove100_10k,17,lid_descending,9,train_design,48,False,48,96
glove100_10k,17,lid_descending,10,train_design,192,False,48,96
glove100_10k,17,lid_descending,11,internal_audit,24,False,48,96
glove100_10k,17,lid_descending,12,train_design,128,False,24,96
glove100_10k,17,lid_descending,13,internal_audit,24,False,32,96
glove100_10k,17,lid_descending,14,train_design,10,False,10,96
glove100_10k,17,lid_descending,15,internal_audit,48,False,48,96
glove100_10k,17,lid_descending,16,calibration,128,False,96,96
glove100_10k,17,lid_descending,17,internal_audit,96,False,96,96
glove100_10k,17,lid_descending,18,calibration,24,False,48,96
glove100_10k,17,lid_descending,19,train_design,48,False,96,96
glove100_10k,17,lid_descending,20,train_design,10,False,10,96
glove100_10k,17,lid_descending,21,internal_audit,32,False,96,96
glove100_10k,17,lid_descending,22,train_design,10,False,10,96
glove100_10k,17,lid_descending,23,internal_audit,32,False,48,96
glove100_10k,17,lid_descending,24,calibration,10,False,10,96
glove100_10k,17,lid_descending,25,train_design,24,False,32,96
glove100_10k,17,lid_descending,26,calibration,48,False,96,96
glove100_10k,17,lid_descending,27,calibration,32,False,48,96
glove100_10k,17,lid_descending,28,train_design,16,False,16,96
glove100_10k,17,lid_descending,29,calibration,48,False,64,96
glove100_10k,17,lid_descending,30,internal_audit,10,False,10,96
glove100_10k,17,lid_descending,31,train_design,96,False,96,96
glove100_10k,17,lid_descending,32,train_design,48,False,64,96
glove100_10k,17,lid_descending,33,calibration,96,False,96,96
glove100_10k,17,lid_descending,34,internal_audit,32,False,48,96
glove100_10k,17,lid_descending,35,train_design,24,False,32,96
glove100_10k,17,lid_descending,36,internal_audit,96,False,96,96
glove100_10k,17,lid_descending,37,train_design,96,False,96,96
glove100_10k,17,lid_descending,38,internal_audit,48,False,96,96
glove100_10k,17,lid_descending,39,calibration,96,False,96,96
glove100_10k,17,lid_descending,40,train_design,96,False,96,96
glove100_10k,17,lid_descending,41,internal_audit,24,False,24,96
glove100_10k,17,lid_descending,42,train_design,32,False,64,96
glove100_10k,17,lid_descending,43,train_design,48,False,96,96
glove100_10k,17,lid_descending,44,train_design,128,False,96,96
glove100_10k,17,lid_descending,45,internal_audit,256,False,96,96
glove100_10k,17,lid_descending,46,calibration,64,False,64,96
glove100_10k,17,lid_descending,47,train_design,10,False,16,96
glove100_10k,17,lid_descending,48,train_design,192,False,48,96
glove100_10k,17,lid_descending,49,internal_audit,10,False,16,96
glove100_10k,17,lid_descending,50,train_design,64,False,64,96
glove100_10k,17,lid_descending,51,calibration,48,False,96,96
glove100_10k,17,lid_descending,52,calibration,10,False,10,96
glove100_10k,17,lid_descending,53,train_design,64,False,64,96
glove100_10k,17,lid_descending,54,train_design,64,False,64,96
glove100_10k,17,lid_descending,55,calibration,256,False,96,96
glove100_10k,17,lid_descending,56,train_design,16,False,16,96
glove100_10k,17,lid_descending,57,calibration,48,False,64,96
glove100_10k,17,lid_descending,58,calibration,16,False,16,96
glove100_10k,17,lid_descending,59,calibration,48,False,48,96
glove100_10k,17,lid_descending,60,train_design,96,False,96,96
glove100_10k,17,lid_descending,61,train_design,96,False,96,96
glove100_10k,17,lid_descending,62,train_design,10,False,10,96
glove100_10k,17,lid_descending,63,internal_audit,64,False,64,96
glove100_10k,17,lid_descending,64,train_design,32,False,48,96
glove100_10k,17,lid_descending,65,calibration,24,False,32,96
glove100_10k,17,lid_descending,66,calibration,48,False,48,96
glove100_10k,17,lid_descending,67,train_design,10,False,10,96
glove100_10k,17,lid_descending,68,calibration,24,False,24,96
glove100_10k,17,lid_descending,69,calibration,48,False,64,96
glove100_10k,17,lid_descending,70,train_design,32,False,32,96
glove100_10k,17,lid_descending,71,calibration,96,False,96,96
glove100_10k,17,lid_descending,72,train_design,128,False,32,96
glove100_10k,17,lid_descending,73,internal_audit,10,False,16,96
glove100_10k,17,lid_descending,74,calibration,48,False,48,96
glove100_10k,17,lid_descending,75,train_design,64,False,64,96
glove100_10k,17,lid_descending,76,train_design,32,False,32,96
glove100_10k,17,lid_descending,77,calibration,48,False,64,96
glove100_10k,17,lid_descending,78,calibration,10,False,10,96
glove100_10k,17,lid_descending,79,calibration,10,False,10,96
glove100_10k,17,lid_descending,80,train_design,96,False,96,96
glove100_10k,17,lid_descending,81,internal_audit,32,False,32,96
glove100_10k,17,lid_descending,82,train_design,96,False,96,96
glove100_10k,17,lid_descending,83,train_design,16,False,16,96
glove100_10k,17,lid_descending,84,train_design,16,False,24,96
glove100_10k,17,lid_descending,85,internal_audit,192,False,64,96
glove100_10k,17,lid_descending,86,internal_audit,24,False,24,96
glove100_10k,17,lid_descending,87,calibration,24,False,48,96
glove100_10k,17,lid_descending,88,internal_audit,48,False,64,96
glove100_10k,17,lid_descending,89,train_design,10,False,10,96
glove100_10k,17,lid_descending,90,calibration,24,False,24,96
glove100_10k,17,lid_descending,91,train_design,10,False,24,96
glove100_10k,17,lid_descending,92,internal_audit,10,False,16,96
glove100_10k,17,lid_descending,93,internal_audit,10,False,10,96
glove100_10k,17,lid_descending,94,calibration,96,False,96,96
glove100_10k,17,lid_descending,95,train_design,96,False,96,96
glove100_10k,17,lid_descending,96,internal_audit,16,False,16,96
glove100_10k,17,lid_descending,97,calibration,10,False,32,96
glove100_10k,17,lid_descending,98,train_design,32,False,32,96
glove100_10k,17,lid_descending,99,internal_audit,10,False,24,96
glove100_10k,17,lid_descending,100,train_design,10,False,10,96
glove100_10k,17,lid_descending,101,calibration,48,False,48,96
glove100_10k,17,lid_descending,102,train_design,128,False,96,96
glove100_10k,17,lid_descending,103,calibration,10,False,10,96
glove100_10k,17,lid_descending,104,internal_audit,32,False,96,96
glove100_10k,17,lid_descending,105,calibration,16,False,48,96
glove100_10k,17,lid_descending,106,train_design,10,False,96,96
glove100_10k,17,lid_descending,107,train_design,10,False,10,96
glove100_10k,17,lid_descending,108,train_design,10,False,24,96
glove100_10k,17,lid_descending,109,internal_audit,16,False,16,96
glove100_10k,17,lid_descending,110,calibration,16,False,32,96
glove100_10k,17,lid_descending,111,train_design,64,False,64,96
glove100_10k,17,lid_descending,112,train_design,128,False,96,96
glove100_10k,17,lid_descending,113,calibration,16,False,64,96
glove100_10k,17,lid_descending,114,internal_audit,64,False,64,96
glove100_10k,17,lid_descending,115,internal_audit,10,False,10,96
glove100_10k,17,lid_descending,116,train_design,48,False,96,96
glove100_10k,17,lid_descending,117,train_design,64,False,96,96
glove100_10k,17,lid_descending,118,internal_audit,96,False,96,96
glove100_10k,17,lid_descending,119,calibration,48,False,96,96
glove100_10k,17,lid_descending,120,internal_audit,32,False,48,96
glove100_10k,17,lid_descending,121,train_design,10,False,10,96
glove100_10k,17,lid_descending,122,calibration,24,False,24,96
glove100_10k,17,lid_descending,123,train_design,10,False,10,96
glove100_10k,17,lid_descending,124,train_design,16,False,16,96
glove100_10k,17,lid_descending,125,internal_audit,128,False,96,96
glove100_10k,17,lid_descending,126,internal_audit,128,False,96,96
glove100_10k,17,lid_descending,127,train_design,64,False,96,96
glove100_10k,17,lid_descending,128,internal_audit,48,False,48,96
glove100_10k,17,lid_descending,129,calibration,10,False,48,96
glove100_10k,17,lid_descending,130,internal_audit,10,False,10,96
glove100_10k,17,lid_descending,131,train_design,10,False,48,96
glove100_10k,17,lid_descending,132,calibration,128,False,96,96
glove100_10k,17,lid_descending,133,train_design,16,False,16,96
glove100_10k,17,lid_descending,134,internal_audit,96,False,96,96
glove100_10k,17,lid_descending,135,internal_audit,24,False,48,96
glove100_10k,17,lid_descending,136,train_design,96,False,96,96
glove100_10k,17,lid_descending,137,train_design,10,False,24,96
glove100_10k,17,lid_descending,138,train_design,16,False,96,96
glove100_10k,17,lid_descending,139,train_design,24,False,24,96
glove100_10k,17,lid_descending,140,internal_audit,32,False,96,96
glove100_10k,17,lid_descending,141,calibration,48,False,48,96
glove100_10k,17,lid_descending,142,internal_audit,48,False,48,96
glove100_10k,17,lid_descending,143,train_design,24,False,48,96
glove100_10k,17,lid_descending,144,internal_audit,32,False,48,96
glove100_10k,17,lid_descending,145,calibration,32,False,32,96
glove100_10k,17,lid_descending,146,train_design,192,False,96,96
glove100_10k,17,lid_descending,147,train_design,48,False,48,96
glove100_10k,17,lid_descending,148,train_design,10,False,32,96
glove100_10k,17,lid_descending,149,train_design,10,False,10,96
glove100_10k,17,lid_descending,150,train_design,10,False,10,96
glove100_10k,17,lid_descending,151,train_design,10,False,96,96
glove100_10k,17,lid_descending,152,train_design,10,False,16,96
glove100_10k,17,lid_descending,153,calibration,10,False,24,96
glove100_10k,17,lid_descending,154,calibration,192,False,48,96
glove100_10k,17,lid_descending,155,calibration,24,False,32,96
glove100_10k,17,lid_descending,156,internal_audit,10,False,10,96
glove100_10k,17,lid_descending,157,train_design,48,False,48,96
glove100_10k,17,lid_descending,158,internal_audit,10,False,10,96
glove100_10k,17,lid_descending,159,calibration,48,False,64,96
glove100_10k,17,lid_descending,160,train_design,10,False,48,96
glove100_10k,17,lid_descending,161,internal_audit,192,False,96,96
glove100_10k,17,lid_descending,162,internal_audit,10,False,96,96
glove100_10k,17,lid_descending,163,internal_audit,64,False,96,96
glove100_10k,17,lid_descending,164,train_design,10,False,10,96
glove100_10k,17,lid_descending,165,calibration,24,False,48,96
glove100_10k,17,lid_descending,166,train_design,24,False,96,96
glove100_10k,17,lid_descending,167,train_design,24,False,24,96
glove100_10k,17,lid_descending,168,train_design,192,False,96,96
glove100_10k,17,lid_descending,169,train_design,96,False,96,96
glove100_10k,17,lid_descending,170,calibration,24,False,48,96
glove100_10k,17,lid_descending,171,train_design,16,False,24,96
glove100_10k,17,lid_descending,172,train_design,128,False,32,96
glove100_10k,17,lid_descending,173,internal_audit,128,False,32,96
glove100_10k,17,lid_descending,174,train_design,16,False,32,96
glove100_10k,17,lid_descending,175,train_design,128,False,96,96
glove100_10k,17,lid_descending,176,calibration,48,False,48,96
glove100_10k,17,lid_descending,177,train_design,96,False,96,96
glove100_10k,17,lid_descending,178,train_design,24,False,24,96
glove100_10k,17,lid_descending,179,internal_audit,256,False,64,96
glove100_10k,17,lid_descending,180,internal_audit,96,False,96,96
glove100_10k,17,lid_descending,181,calibration,96,False,96,96
glove100_10k,17,lid_descending,182,train_design,64,False,96,96
glove100_10k,17,lid_descending,183,train_design,48,False,96,96
glove100_10k,17,lid_descending,184,train_design,10,False,48,96
glove100_10k,17,lid_descending,185,calibration,96,False,96,96
glove100_10k,17,lid_descending,186,calibration,32,False,96,96
glove100_10k,17,lid_descending,187,train_design,96,False,96,96
glove100_10k,17,lid_descending,188,train_design,10,False,64,96
glove100_10k,17,lid_descending,189,internal_audit,96,False,96,96
glove100_10k,17,lid_descending,190,train_design,10,False,10,96
glove100_10k,17,lid_descending,191,internal_audit,48,False,48,96
glove100_10k,17,lid_descending,192,calibration,24,False,32,96
glove100_10k,17,lid_descending,193,train_design,128,False,96,96
glove100_10k,17,lid_descending,194,internal_audit,32,False,32,96
glove100_10k,17,lid_descending,195,calibration,10,False,10,96
glove100_10k,17,lid_descending,196,calibration,48,False,48,96
glove100_10k,17,lid_descending,197,calibration,48,False,96,96
glove100_10k,17,lid_descending,198,train_design,10,False,10,96
glove100_10k,17,lid_descending,199,internal_audit,48,False,96,96
glove100_10k,17,lid_descending,200,train_design,96,False,96,96
glove100_10k,17,lid_descending,201,calibration,10,False,10,96
glove100_10k,17,lid_descending,202,internal_audit,96,False,96,96
glove100_10k,17,lid_descending,203,internal_audit,10,False,10,96
glove100_10k,17,lid_descending,204,train_design,16,False,48,96
glove100_10k,17,lid_descending,205,train_design,24,False,24,96
glove100_10k,17,lid_descending,206,calibration,64,False,64,96
glove100_10k,17,lid_descending,207,internal_audit,96,False,96,96
glove100_10k,17,lid_descending,208,train_design,16,False,16,96
glove100_10k,17,lid_descending,209,internal_audit,24,False,32,96
glove100_10k,17,lid_descending,210,internal_audit,10,False,10,96
glove100_10k,17,lid_descending,211,train_design,96,False,96,96
glove100_10k,17,lid_descending,212,internal_audit,64,False,96,96
glove100_10k,17,lid_descending,213,train_design,16,False,48,96
glove100_10k,17,lid_descending,214,internal_audit,64,False,64,96
glove100_10k,17,lid_descending,215,internal_audit,32,False,32,96
glove100_10k,17,lid_descending,216,internal_audit,16,False,32,96
glove100_10k,17,lid_descending,217,train_design,48,False,96,96
glove100_10k,17,lid_descending,218,calibration,48,False,96,96
glove100_10k,17,lid_descending,219,calibration,24,False,48,96
glove100_10k,17,lid_descending,220,calibration,10,False,10,96
glove100_10k,17,lid_descending,221,train_design,48,False,48,96
glove100_10k,17,lid_descending,222,train_design,24,False,96,96
glove100_10k,17,lid_descending,223,train_design,24,False,48,96
glove100_10k,17,lid_descending,224,internal_audit,10,False,10,96
glove100_10k,17,lid_descending,225,train_design,192,False,16,96
glove100_10k,17,lid_descending,226,internal_audit,10,False,10,96
glove100_10k,17,lid_descending,227,train_design,24,False,24,96
glove100_10k,17,lid_descending,228,train_design,128,False,64,96
glove100_10k,17,lid_descending,229,train_design,192,False,16,96
glove100_10k,17,lid_descending,230,train_design,32,False,32,96
glove100_10k,17,lid_descending,231,train_design,32,False,96,96
glove100_10k,17,lid_descending,232,internal_audit,48,False,48,96
glove100_10k,17,lid_descending,233,internal_audit,10,False,10,96
glove100_10k,17,lid_descending,234,train_design,10,False,48,96
glove100_10k,17,lid_descending,235,internal_audit,24,False,24,96
glove100_10k,17,lid_descending,236,internal_audit,192,False,96,96
glove100_10k,17,lid_descending,237,calibration,48,False,48,96
glove100_10k,17,lid_descending,238,train_design,64,False,64,96
glove100_10k,17,lid_descending,239,calibration,10,False,32,96
glove100_10k,17,lid_descending,240,train_design,384,False,96,96
glove100_10k,17,lid_descending,241,internal_audit,10,False,96,96
glove100_10k,17,lid_descending,242,calibration,10,False,16,96
glove100_10k,17,lid_descending,243,train_design,16,False,16,96
glove100_10k,17,lid_descending,244,train_design,16,False,24,96
glove100_10k,17,lid_descending,245,train_design,48,False,64,96
glove100_10k,17,lid_descending,246,train_design,48,False,96,96
glove100_10k,17,lid_descending,247,train_design,192,False,64,96
glove100_10k,17,lid_descending,248,calibration,16,False,16,96
glove100_10k,17,lid_descending,249,calibration,10,False,24,96
glove100_10k,17,lid_descending,250,internal_audit,10,False,16,96
glove100_10k,17,lid_descending,251,calibration,10,False,10,96
glove100_10k,17,lid_descending,252,calibration,10,False,10,96
glove100_10k,17,lid_descending,253,train_design,10,False,16,96
glove100_10k,17,lid_descending,254,train_design,10,False,32,96
glove100_10k,17,lid_descending,255,train_design,24,False,24,96
glove100_10k,17,lid_descending,256,calibration,64,False,64,96
glove100_10k,17,lid_descending,257,internal_audit,16,False,48,96
glove100_10k,17,lid_descending,258,train_design,16,False,16,96
glove100_10k,17,lid_descending,259,train_design,24,False,24,96
glove100_10k,17,lid_descending,260,calibration,192,False,32,96
glove100_10k,17,lid_descending,261,train_design,10,False,10,96
glove100_10k,17,lid_descending,262,calibration,10,False,16,96
glove100_10k,17,lid_descending,263,internal_audit,10,False,10,96
glove100_10k,17,lid_descending,264,internal_audit,96,False,96,96
glove100_10k,17,lid_descending,265,train_design,10,False,24,96
glove100_10k,17,lid_descending,266,calibration,10,False,24,96
glove100_10k,17,lid_descending,267,train_design,96,False,96,96
glove100_10k,17,lid_descending,268,internal_audit,10,False,10,96
glove100_10k,17,lid_descending,269,calibration,16,False,96,96
glove100_10k,17,lid_descending,270,calibration,10,False,10,96
glove100_10k,17,lid_descending,271,internal_audit,48,False,64,96
glove100_10k,17,lid_descending,272,train_design,10,False,24,96
glove100_10k,17,lid_descending,273,train_design,24,False,48,96
glove100_10k,17,lid_descending,274,internal_audit,10,False,10,96
glove100_10k,17,lid_descending,275,train_design,96,False,96,96
glove100_10k,17,lid_descending,276,calibration,32,False,48,96
glove100_10k,17,lid_descending,277,calibration,24,False,96,96
glove100_10k,17,lid_descending,278,calibration,32,False,32,96
glove100_10k,17,lid_descending,279,train_design,64,False,96,96
glove100_10k,17,lid_descending,280,train_design,24,False,48,96
glove100_10k,17,lid_descending,281,train_design,96,False,96,96
glove100_10k,17,lid_descending,282,train_design,10,False,16,96
glove100_10k,17,lid_descending,283,calibration,24,False,24,96
glove100_10k,17,lid_descending,284,internal_audit,128,False,96,96
glove100_10k,17,lid_descending,285,train_design,10,False,16,96
glove100_10k,17,lid_descending,286,calibration,10,False,10,96
glove100_10k,17,lid_descending,287,train_design,10,False,10,96
glove100_10k,17,lid_descending,288,train_design,192,False,96,96
glove100_10k,17,lid_descending,289,internal_audit,48,False,48,96
glove100_10k,17,lid_descending,290,train_design,16,False,16,96
glove100_10k,17,lid_descending,291,train_design,10,False,64,96
glove100_10k,17,lid_descending,292,train_design,16,False,16,96
glove100_10k,17,lid_descending,293,internal_audit,10,False,32,96
glove100_10k,17,lid_descending,294,train_design,10,False,10,96
glove100_10k,17,lid_descending,295,internal_audit,10,False,10,96
glove100_10k,17,lid_descending,296,train_design,16,False,16,96
glove100_10k,17,lid_descending,297,train_design,96,False,96,96
glove100_10k,17,lid_descending,298,train_design,48,False,96,96
glove100_10k,17,lid_descending,299,internal_audit,10,False,10,96
glove100_10k,17,lid_descending,300,train_design,10,False,10,96
glove100_10k,17,lid_descending,301,train_design,16,False,16,96
glove100_10k,17,lid_descending,302,train_design,10,False,10,96
glove100_10k,17,lid_descending,303,calibration,48,False,48,96
glove100_10k,17,lid_descending,304,calibration,10,False,10,96
glove100_10k,17,lid_descending,305,train_design,10,False,10,96
glove100_10k,17,lid_descending,306,internal_audit,10,False,16,96
glove100_10k,17,lid_descending,307,train_design,96,False,96,96
glove100_10k,17,lid_descending,308,internal_audit,16,False,16,96
glove100_10k,17,lid_descending,309,train_design,64,False,64,96
glove100_10k,17,lid_descending,310,train_design,64,False,64,96
glove100_10k,17,lid_descending,311,internal_audit,10,False,24,96
glove100_10k,17,lid_descending,312,train_design,96,False,96,96
glove100_10k,17,lid_descending,313,train_design,64,False,96,96
glove100_10k,17,lid_descending,314,internal_audit,10,False,10,96
glove100_10k,17,lid_descending,315,calibration,192,False,64,96
glove100_10k,17,lid_descending,316,calibration,10,False,10,96
glove100_10k,17,lid_descending,317,internal_audit,16,False,64,96
glove100_10k,17,lid_descending,318,train_design,10,False,32,96
glove100_10k,17,lid_descending,319,calibration,96,False,96,96
glove100_10k,17,lid_descending,320,internal_audit,10,False,10,96
glove100_10k,17,lid_descending,321,train_design,24,False,24,96
glove100_10k,17,lid_descending,322,internal_audit,16,False,24,96
glove100_10k,17,lid_descending,323,train_design,128,False,48,96
glove100_10k,17,lid_descending,324,calibration,16,False,32,96
glove100_10k,17,lid_descending,325,train_design,10,False,10,96
glove100_10k,17,lid_descending,326,train_design,24,False,32,96
glove100_10k,17,lid_descending,327,train_design,128,False,96,96
glove100_10k,17,lid_descending,328,calibration,10,False,10,96
glove100_10k,17,lid_descending,329,calibration,16,False,48,96
glove100_10k,17,lid_descending,330,calibration,96,False,96,96
glove100_10k,17,lid_descending,331,train_design,64,False,96,96
glove100_10k,17,lid_descending,332,train_design,16,False,16,96
glove100_10k,17,lid_descending,333,train_design,64,False,64,96
glove100_10k,17,lid_descending,334,train_design,32,False,64,96
glove100_10k,17,lid_descending,335,internal_audit,10,False,10,96
glove100_10k,17,lid_descending,336,train_design,24,False,32,96
glove100_10k,17,lid_descending,337,calibration,64,False,96,96
glove100_10k,17,lid_descending,338,calibration,96,False,96,96
glove100_10k,17,lid_descending,339,internal_audit,48,False,96,96
glove100_10k,17,lid_descending,340,calibration,96,False,96,96
glove100_10k,17,lid_descending,341,internal_audit,48,False,48,96
glove100_10k,17,lid_descending,342,calibration,10,False,10,96
glove100_10k,17,lid_descending,343,internal_audit,96,False,96,96
glove100_10k,17,lid_descending,344,calibration,32,False,32,96
glove100_10k,17,lid_descending,345,train_design,10,False,32,96
glove100_10k,17,lid_descending,346,train_design,10,False,10,96
glove100_10k,17,lid_descending,347,train_design,10,False,10,96
glove100_10k,17,lid_descending,348,train_design,48,False,96,96
glove100_10k,17,lid_descending,349,train_design,128,False,96,96
glove100_10k,17,lid_descending,350,internal_audit,24,False,48,96
glove100_10k,17,lid_descending,351,internal_audit,192,False,64,96
glove100_10k,17,lid_descending,352,train_design,10,False,10,96
glove100_10k,17,lid_descending,353,calibration,10,False,10,96
glove100_10k,17,lid_descending,354,calibration,32,False,96,96
glove100_10k,17,lid_descending,355,internal_audit,24,False,24,96
glove100_10k,17,lid_descending,356,train_design,64,False,64,96
glove100_10k,17,lid_descending,357,internal_audit,24,False,24,96
glove100_10k,17,lid_descending,358,train_design,24,False,48,96
glove100_10k,17,lid_descending,359,train_design,48,False,96,96
glove100_10k,17,lid_descending,360,train_design,48,False,64,96
glove100_10k,17,lid_descending,361,calibration,64,False,96,96
glove100_10k,17,lid_descending,362,train_design,10,False,48,96
glove100_10k,17,lid_descending,363,train_design,32,False,96,96
glove100_10k,17,lid_descending,364,internal_audit,16,False,32,96
glove100_10k,17,lid_descending,365,train_design,32,False,48,96
glove100_10k,17,lid_descending,366,train_design,10,False,48,96
glove100_10k,17,lid_descending,367,train_design,10,False,32,96
glove100_10k,17,lid_descending,368,calibration,24,False,32,96
glove100_10k,17,lid_descending,369,internal_audit,10,False,10,96
glove100_10k,17,lid_descending,370,calibration,64,False,96,96
glove100_10k,17,lid_descending,371,train_design,16,False,24,96
glove100_10k,17,lid_descending,372,internal_audit,24,False,32,96
glove100_10k,17,lid_descending,373,train_design,32,False,32,96
glove100_10k,17,lid_descending,374,internal_audit,10,False,32,96
glove100_10k,17,lid_descending,375,train_design,96,False,96,96
glove100_10k,17,lid_descending,376,train_design,64,False,96,96
glove100_10k,17,lid_descending,377,train_design,10,False,10,96
glove100_10k,17,lid_descending,378,calibration,64,False,64,96
glove100_10k,17,lid_descending,379,train_design,64,False,64,96
glove100_10k,17,lid_descending,380,train_design,10,False,48,96
glove100_10k,17,lid_descending,381,internal_audit,10,False,10,96
glove100_10k,17,lid_descending,382,internal_audit,64,False,96,96
glove100_10k,17,lid_descending,383,internal_audit,10,False,10,96
glove100_10k,17,lid_descending,384,train_design,10,False,16,96
glove100_10k,17,lid_descending,385,train_design,128,False,96,96
glove100_10k,17,lid_descending,386,train_design,10,False,16,96
glove100_10k,17,lid_descending,387,train_design,16,False,16,96
glove100_10k,17,lid_descending,388,train_design,24,False,24,96
glove100_10k,17,lid_descending,389,train_design,32,False,48,96
glove100_10k,17,lid_descending,390,internal_audit,128,False,64,96
glove100_10k,17,lid_descending,391,internal_audit,10,False,10,96
glove100_10k,17,lid_descending,392,train_design,10,False,48,96
glove100_10k,17,lid_descending,393,calibration,10,False,10,96
glove100_10k,17,lid_descending,394,calibration,64,False,96,96
glove100_10k,17,lid_descending,395,train_design,24,False,96,96
glove100_10k,17,lid_descending,396,train_design,96,False,96,96
glove100_10k,17,lid_descending,397,internal_audit,10,False,10,96
glove100_10k,17,lid_descending,398,internal_audit,48,False,48,96
glove100_10k,17,lid_descending,399,calibration,128,False,96,96
glove100_10k,17,lid_descending,400,train_design,10,False,24,96
glove100_10k,17,lid_descending,401,train_design,10,False,16,96
glove100_10k,17,lid_descending,402,calibration,10,False,10,96
glove100_10k,17,lid_descending,403,calibration,24,False,48,96
glove100_10k,17,lid_descending,404,calibration,128,False,64,96
glove100_10k,17,lid_descending,405,train_design,24,False,24,96
glove100_10k,17,lid_descending,406,train_design,16,False,16,96
glove100_10k,17,lid_descending,407,calibration,64,False,64,96
glove100_10k,17,lid_descending,408,internal_audit,10,False,10,96
glove100_10k,17,lid_descending,409,train_design,10,False,10,96
glove100_10k,17,lid_descending,410,calibration,192,False,96,96
glove100_10k,17,lid_descending,411,train_design,10,False,10,96
glove100_10k,17,lid_descending,412,train_design,24,False,24,96
glove100_10k,17,lid_descending,413,calibration,24,False,48,96
glove100_10k,17,lid_descending,414,internal_audit,32,False,96,96
glove100_10k,17,lid_descending,415,internal_audit,10,False,32,96
glove100_10k,17,lid_descending,416,calibration,32,False,64,96
glove100_10k,17,lid_descending,417,train_design,24,False,48,96
glove100_10k,17,lid_descending,418,calibration,10,False,24,96
glove100_10k,17,lid_descending,419,train_design,96,False,96,96
glove100_10k,17,lid_descending,420,calibration,10,False,10,96
glove100_10k,17,lid_descending,421,train_design,10,False,96,96
glove100_10k,17,lid_descending,422,train_design,10,False,32,96
glove100_10k,17,lid_descending,423,train_design,10,False,10,96
glove100_10k,17,lid_descending,424,train_design,96,False,96,96
glove100_10k,17,lid_descending,425,train_design,10,False,24,96
glove100_10k,17,lid_descending,426,train_design,96,False,96,96
glove100_10k,17,lid_descending,427,train_design,64,False,64,96
glove100_10k,17,lid_descending,428,internal_audit,24,False,24,96
glove100_10k,17,lid_descending,429,internal_audit,10,False,10,96
glove100_10k,17,lid_descending,430,train_design,64,False,96,96
glove100_10k,17,lid_descending,431,train_design,96,False,96,96
glove100_10k,17,lid_descending,432,train_design,24,False,32,96
glove100_10k,17,lid_descending,433,calibration,10,False,10,96
glove100_10k,17,lid_descending,434,train_design,24,False,96,96
glove100_10k,17,lid_descending,435,train_design,96,False,96,96
glove100_10k,17,lid_descending,436,train_design,24,False,24,96
glove100_10k,17,lid_descending,437,internal_audit,96,False,96,96
glove100_10k,17,lid_descending,438,internal_audit,128,False,64,96
glove100_10k,17,lid_descending,439,internal_audit,16,False,48,96
glove100_10k,17,lid_descending,440,calibration,16,False,64,96
glove100_10k,17,lid_descending,441,calibration,10,False,48,96
glove100_10k,17,lid_descending,442,internal_audit,96,False,96,96
glove100_10k,17,lid_descending,443,train_design,96,False,96,96
glove100_10k,17,lid_descending,444,internal_audit,16,False,16,96
glove100_10k,17,lid_descending,445,calibration,16,False,24,96
glove100_10k,17,lid_descending,446,train_design,48,False,64,96
glove100_10k,17,lid_descending,447,calibration,96,False,96,96
glove100_10k,17,lid_descending,448,train_design,192,False,96,96
glove100_10k,17,lid_descending,449,calibration,48,False,48,96
glove100_10k,17,lid_descending,450,train_design,96,False,96,96
glove100_10k,17,lid_descending,451,calibration,48,False,96,96
glove100_10k,17,lid_descending,452,calibration,64,False,96,96
glove100_10k,17,lid_descending,453,train_design,10,False,10,96
glove100_10k,17,lid_descending,454,train_design,10,False,24,96
glove100_10k,17,lid_descending,455,train_design,16,False,24,96
glove100_10k,17,lid_descending,456,train_design,128,False,48,96
glove100_10k,17,lid_descending,457,train_design,24,False,32,96
glove100_10k,17,lid_descending,458,internal_audit,10,False,10,96
glove100_10k,17,lid_descending,459,internal_audit,24,False,24,96
glove100_10k,17,lid_descending,460,train_design,32,False,48,96
glove100_10k,17,lid_descending,461,train_design,128,False,48,96
glove100_10k,17,lid_descending,462,calibration,96,False,96,96
glove100_10k,17,lid_descending,463,train_design,10,False,32,96
glove100_10k,17,lid_descending,464,train_design,10,False,32,96
glove100_10k,17,lid_descending,465,train_design,64,False,64,96
glove100_10k,17,lid_descending,466,train_design,64,False,64,96
glove100_10k,17,lid_descending,467,internal_audit,16,False,24,96
glove100_10k,17,lid_descending,468,train_design,32,False,32,96
glove100_10k,17,lid_descending,469,train_design,48,False,48,96
glove100_10k,17,lid_descending,470,train_design,10,False,10,96
glove100_10k,17,lid_descending,471,internal_audit,64,False,64,96
glove100_10k,17,lid_descending,472,train_design,128,False,96,96
glove100_10k,17,lid_descending,473,train_design,192,False,48,96
glove100_10k,17,lid_descending,474,train_design,96,False,96,96
glove100_10k,17,lid_descending,475,train_design,32,False,96,96
glove100_10k,17,lid_descending,476,internal_audit,10,False,10,96
glove100_10k,17,lid_descending,477,train_design,64,False,96,96
glove100_10k,17,lid_descending,478,train_design,64,False,96,96
glove100_10k,17,lid_descending,479,train_design,10,False,32,96
glove100_10k,17,lid_descending,480,train_design,16,False,24,96
glove100_10k,17,lid_descending,481,train_design,10,False,96,96
glove100_10k,17,lid_descending,482,internal_audit,24,False,24,96
glove100_10k,17,lid_descending,483,train_design,24,False,24,96
glove100_10k,17,lid_descending,484,train_design,128,False,64,96
glove100_10k,17,lid_descending,485,calibration,10,False,16,96
glove100_10k,17,lid_descending,486,internal_audit,10,False,24,96
glove100_10k,17,lid_descending,487,internal_audit,32,False,32,96
glove100_10k,17,lid_descending,488,calibration,32,False,48,96
glove100_10k,17,lid_descending,489,train_design,32,False,48,96
glove100_10k,17,lid_descending,490,calibration,16,False,16,96
glove100_10k,17,lid_descending,491,internal_audit,10,False,10,96
glove100_10k,17,lid_descending,492,train_design,10,False,10,96
glove100_10k,17,lid_descending,493,calibration,96,False,96,96
glove100_10k,17,lid_descending,494,train_design,24,False,64,96
glove100_10k,17,lid_descending,495,train_design,10,False,16,96
glove100_10k,17,lid_descending,496,train_design,10,False,16,96
glove100_10k,17,lid_descending,497,train_design,96,False,96,96
glove100_10k,17,lid_descending,498,calibration,96,False,96,96
glove100_10k,17,lid_descending,499,train_design,10,False,10,96
glove100_10k,17,random,0,train_design,10,False,24,96
glove100_10k,17,random,1,train_design,16,False,24,96
glove100_10k,17,random,2,calibration,10,False,16,96
glove100_10k,17,random,3,calibration,96,False,96,96
glove100_10k,17,random,4,internal_audit,128,False,96,96
glove100_10k,17,random,5,calibration,10,False,16,96
glove100_10k,17,random,6,train_design,24,False,64,96
glove100_10k,17,random,7,internal_audit,10,False,10,96
glove100_10k,17,random,8,train_design,16,False,24,96
glove100_10k,17,random,9,train_design,16,False,24,96
glove100_10k,17,random,10,train_design,96,False,96,96
glove100_10k,17,random,11,internal_audit,64,False,64,96
glove100_10k,17,random,12,train_design,48,False,96,96
glove100_10k,17,random,13,internal_audit,24,False,24,96
glove100_10k,17,random,14,train_design,10,False,10,96
glove100_10k,17,random,15,internal_audit,24,False,24,96
glove100_10k,17,random,16,calibration,96,False,96,96
glove100_10k,17,random,17,internal_audit,96,False,96,96
glove100_10k,17,random,18,calibration,128,False,96,96
glove100_10k,17,random,19,train_design,64,False,96,96
glove100_10k,17,random,20,train_design,10,False,10,96
glove100_10k,17,random,21,internal_audit,48,False,48,96
glove100_10k,17,random,22,train_design,10,False,10,96
glove100_10k,17,random,23,internal_audit,32,False,64,96
glove100_10k,17,random,24,calibration,10,False,10,96
glove100_10k,17,random,25,train_design,24,False,32,96
glove100_10k,17,random,26,calibration,24,False,96,96
glove100_10k,17,random,27,calibration,24,False,48,96
glove100_10k,17,random,28,train_design,48,False,48,96
glove100_10k,17,random,29,calibration,96,False,96,96
glove100_10k,17,random,30,internal_audit,10,False,16,96
glove100_10k,17,random,31,train_design,96,False,96,96
glove100_10k,17,random,32,train_design,96,False,96,96
glove100_10k,17,random,33,calibration,64,False,96,96
glove100_10k,17,random,34,internal_audit,48,False,64,96
glove100_10k,17,random,35,train_design,48,False,96,96
glove100_10k,17,random,36,internal_audit,128,False,64,96
glove100_10k,17,random,37,train_design,192,False,32,96
glove100_10k,17,random,38,internal_audit,48,False,96,96
glove100_10k,17,random,39,calibration,48,False,64,96
glove100_10k,17,random,40,train_design,48,False,48,96
glove100_10k,17,random,41,internal_audit,10,False,48,96
glove100_10k,17,random,42,train_design,48,False,48,96
glove100_10k,17,random,43,train_design,96,False,96,96
glove100_10k,17,random,44,train_design,128,False,64,96
glove100_10k,17,random,45,internal_audit,192,False,64,96
glove100_10k,17,random,46,calibration,10,False,16,96
glove100_10k,17,random,47,train_design,10,False,16,96
glove100_10k,17,random,48,train_design,128,False,96,96
glove100_10k,17,random,49,internal_audit,10,False,16,96
glove100_10k,17,random,50,train_design,64,False,64,96
glove100_10k,17,random,51,calibration,32,False,32,96
glove100_10k,17,random,52,calibration,10,False,10,96
glove100_10k,17,random,53,train_design,32,False,64,96
glove100_10k,17,random,54,train_design,64,False,64,96
glove100_10k,17,random,55,calibration,64,False,96,96
glove100_10k,17,random,56,train_design,10,False,16,96
glove100_10k,17,random,57,calibration,32,False,48,96
glove100_10k,17,random,58,calibration,10,False,16,96
glove100_10k,17,random,59,calibration,48,False,64,96
glove100_10k,17,random,60,train_design,48,False,96,96
glove100_10k,17,random,61,train_design,192,False,96,96
glove100_10k,17,random,62,train_design,10,False,10,96
glove100_10k,17,random,63,internal_audit,48,False,64,96
glove100_10k,17,random,64,train_design,48,False,96,96
glove100_10k,17,random,65,calibration,16,False,24,96
glove100_10k,17,random,66,calibration,128,False,96,96
glove100_10k,17,random,67,train_design,10,False,24,96
glove100_10k,17,random,68,calibration,24,False,96,96
glove100_10k,17,random,69,calibration,96,False,96,96
glove100_10k,17,random,70,train_design,32,False,48,96
glove100_10k,17,random,71,calibration,32,False,64,96
glove100_10k,17,random,72,train_design,192,False,96,96
glove100_10k,17,random,73,internal_audit,10,False,16,96
glove100_10k,17,random,74,calibration,64,False,64,96
glove100_10k,17,random,75,train_design,24,False,32,96
glove100_10k,17,random,76,train_design,32,False,32,96
glove100_10k,17,random,77,calibration,48,False,96,96
glove100_10k,17,random,78,calibration,10,False,10,96
glove100_10k,17,random,79,calibration,16,False,48,96
glove100_10k,17,random,80,train_design,96,False,96,96
glove100_10k,17,random,81,internal_audit,64,False,96,96
glove100_10k,17,random,82,train_design,48,False,48,96
glove100_10k,17,random,83,train_design,10,False,16,96
glove100_10k,17,random,84,train_design,24,False,48,96
glove100_10k,17,random,85,internal_audit,48,False,64,96
glove100_10k,17,random,86,internal_audit,24,False,64,96
glove100_10k,17,random,87,calibration,32,False,48,96
glove100_10k,17,random,88,internal_audit,96,False,96,96
glove100_10k,17,random,89,train_design,10,False,10,96
glove100_10k,17,random,90,calibration,24,False,48,96
glove100_10k,17,random,91,train_design,64,False,96,96
glove100_10k,17,random,92,internal_audit,24,False,24,96
glove100_10k,17,random,93,internal_audit,10,False,64,96
glove100_10k,17,random,94,calibration,48,False,48,96
glove100_10k,17,random,95,train_design,48,False,64,96
glove100_10k,17,random,96,internal_audit,32,False,48,96
glove100_10k,17,random,97,calibration,10,False,32,96
glove100_10k,17,random,98,train_design,48,False,48,96
glove100_10k,17,random,99,internal_audit,16,False,96,96
glove100_10k,17,random,100,train_design,10,False,10,96
glove100_10k,17,random,101,calibration,64,False,96,96
glove100_10k,17,random,102,train_design,128,False,96,96
glove100_10k,17,random,103,calibration,10,False,32,96
glove100_10k,17,random,104,internal_audit,128,False,24,96
glove100_10k,17,random,105,calibration,16,False,24,96
glove100_10k,17,random,106,train_design,10,False,10,96
glove100_10k,17,random,107,train_design,10,False,16,96
glove100_10k,17,random,108,train_design,48,False,96,96
glove100_10k,17,random,109,internal_audit,96,False,96,96
glove100_10k,17,random,110,calibration,16,False,24,96
glove100_10k,17,random,111,train_design,192,False,96,96
glove100_10k,17,random,112,train_design,96,False,96,96
glove100_10k,17,random,113,calibration,10,False,16,96
glove100_10k,17,random,114,internal_audit,64,False,64,96
glove100_10k,17,random,115,internal_audit,10,False,10,96
glove100_10k,17,random,116,train_design,64,False,64,96
glove100_10k,17,random,117,train_design,48,False,48,96
glove100_10k,17,random,118,internal_audit,48,False,96,96
glove100_10k,17,random,119,calibration,48,False,64,96
glove100_10k,17,random,120,internal_audit,24,False,24,96
glove100_10k,17,random,121,train_design,24,False,24,96
glove100_10k,17,random,122,calibration,24,False,48,96
glove100_10k,17,random,123,train_design,10,False,10,96
glove100_10k,17,random,124,train_design,48,False,48,96
glove100_10k,17,random,125,internal_audit,96,False,96,96
glove100_10k,17,random,126,internal_audit,192,False,96,96
glove100_10k,17,random,127,train_design,48,False,64,96
glove100_10k,17,random,128,internal_audit,64,False,64,96
glove100_10k,17,random,129,calibration,10,False,10,96
glove100_10k,17,random,130,internal_audit,10,False,10,96
glove100_10k,17,random,131,train_design,16,False,16,96
glove100_10k,17,random,132,calibration,64,False,64,96
glove100_10k,17,random,133,train_design,10,False,16,96
glove100_10k,17,random,134,internal_audit,64,False,64,96
glove100_10k,17,random,135,internal_audit,64,False,64,96
glove100_10k,17,random,136,train_design,192,False,48,96
glove100_10k,17,random,137,train_design,10,False,24,96
glove100_10k,17,random,138,train_design,32,False,96,96
glove100_10k,17,random,139,train_design,48,False,64,96
glove100_10k,17,random,140,internal_audit,10,False,48,96
glove100_10k,17,random,141,calibration,10,False,16,96
glove100_10k,17,random,142,internal_audit,32,False,32,96
glove100_10k,17,random,143,train_design,16,False,16,96
glove100_10k,17,random,144,internal_audit,32,False,96,96
glove100_10k,17,random,145,calibration,24,False,32,96
glove100_10k,17,random,146,train_design,384,False,96,96
glove100_10k,17,random,147,train_design,24,False,48,96
glove100_10k,17,random,148,train_design,16,False,24,96
glove100_10k,17,random,149,train_design,10,False,10,96
glove100_10k,17,random,150,train_design,10,False,10,96
glove100_10k,17,random,151,train_design,10,False,96,96
glove100_10k,17,random,152,train_design,10,False,16,96
glove100_10k,17,random,153,calibration,16,False,48,96
glove100_10k,17,random,154,calibration,16,False,96,96
glove100_10k,17,random,155,calibration,24,False,24,96
glove100_10k,17,random,156,internal_audit,10,False,10,96
glove100_10k,17,random,157,train_design,64,False,64,96
glove100_10k,17,random,158,internal_audit,10,False,10,96
glove100_10k,17,random,159,calibration,96,False,96,96
glove100_10k,17,random,160,train_design,10,False,48,96
glove100_10k,17,random,161,internal_audit,192,False,96,96
glove100_10k,17,random,162,internal_audit,96,False,96,96
glove100_10k,17,random,163,internal_audit,64,False,64,96
glove100_10k,17,random,164,train_design,10,False,10,96
glove100_10k,17,random,165,calibration,48,False,96,96
glove100_10k,17,random,166,train_design,48,False,96,96
glove100_10k,17,random,167,train_design,32,False,32,96
glove100_10k,17,random,168,train_design,192,False,96,96
glove100_10k,17,random,169,train_design,32,False,32,96
glove100_10k,17,random,170,calibration,16,False,48,96
glove100_10k,17,random,171,train_design,48,False,48,96
glove100_10k,17,random,172,train_design,64,False,64,96
glove100_10k,17,random,173,internal_audit,16,False,48,96
glove100_10k,17,random,174,train_design,24,False,32,96
glove100_10k,17,random,175,train_design,96,False,96,96
glove100_10k,17,random,176,calibration,48,False,48,96
glove100_10k,17,random,177,train_design,96,False,96,96
glove100_10k,17,random,178,train_design,48,False,48,96
glove100_10k,17,random,179,internal_audit,192,False,96,96
glove100_10k,17,random,180,internal_audit,96,False,96,96
glove100_10k,17,random,181,calibration,96,False,96,96
glove100_10k,17,random,182,train_design,64,False,96,96
glove100_10k,17,random,183,train_design,24,False,96,96
glove100_10k,17,random,184,train_design,10,False,16,96
glove100_10k,17,random,185,calibration,96,False,96,96
glove100_10k,17,random,186,calibration,48,False,48,96
glove100_10k,17,random,187,train_design,96,False,96,96
glove100_10k,17,random,188,train_design,48,False,64,96
glove100_10k,17,random,189,internal_audit,48,False,96,96
glove100_10k,17,random,190,train_design,16,False,16,96
glove100_10k,17,random,191,internal_audit,24,False,24,96
glove100_10k,17,random,192,calibration,96,False,96,96
glove100_10k,17,random,193,train_design,192,False,96,96
glove100_10k,17,random,194,internal_audit,10,False,96,96
glove100_10k,17,random,195,calibration,16,False,16,96
glove100_10k,17,random,196,calibration,16,False,16,96
glove100_10k,17,random,197,calibration,32,False,32,96
glove100_10k,17,random,198,train_design,16,False,96,96
glove100_10k,17,random,199,internal_audit,64,False,64,96
glove100_10k,17,random,200,train_design,48,False,48,96
glove100_10k,17,random,201,calibration,10,False,10,96
glove100_10k,17,random,202,internal_audit,128,False,64,96
glove100_10k,17,random,203,internal_audit,10,False,10,96
glove100_10k,17,random,204,train_design,16,False,16,96
glove100_10k,17,random,205,train_design,32,False,48,96
glove100_10k,17,random,206,calibration,16,False,24,96
glove100_10k,17,random,207,internal_audit,24,False,48,96
glove100_10k,17,random,208,train_design,96,False,96,96
glove100_10k,17,random,209,internal_audit,24,False,32,96
glove100_10k,17,random,210,internal_audit,10,False,10,96
glove100_10k,17,random,211,train_design,64,False,96,96
glove100_10k,17,random,212,internal_audit,96,False,96,96
glove100_10k,17,random,213,train_design,16,False,48,96
glove100_10k,17,random,214,internal_audit,48,False,48,96
glove100_10k,17,random,215,internal_audit,64,False,96,96
glove100_10k,17,random,216,internal_audit,10,False,10,96
glove100_10k,17,random,217,train_design,48,False,48,96
glove100_10k,17,random,218,calibration,48,False,64,96
glove100_10k,17,random,219,calibration,16,False,96,96
glove100_10k,17,random,220,calibration,16,False,24,96
glove100_10k,17,random,221,train_design,32,False,48,96
glove100_10k,17,random,222,train_design,24,False,96,96
glove100_10k,17,random,223,train_design,24,False,24,96
glove100_10k,17,random,224,internal_audit,24,False,24,96
glove100_10k,17,random,225,train_design,96,False,96,96
glove100_10k,17,random,226,internal_audit,10,False,10,96
glove100_10k,17,random,227,train_design,24,False,24,96
glove100_10k,17,random,228,train_design,64,False,64,96
glove100_10k,17,random,229,train_design,192,False,16,96
glove100_10k,17,random,230,train_design,64,False,64,96
glove100_10k,17,random,231,train_design,64,False,96,96
glove100_10k,17,random,232,internal_audit,128,False,24,96
glove100_10k,17,random,233,internal_audit,10,False,10,96
glove100_10k,17,random,234,train_design,64,False,64,96
glove100_10k,17,random,235,internal_audit,96,False,96,96
glove100_10k,17,random,236,internal_audit,64,False,96,96
glove100_10k,17,random,237,calibration,48,False,48,96
glove100_10k,17,random,238,train_design,96,False,96,96
glove100_10k,17,random,239,calibration,10,False,10,96
glove100_10k,17,random,240,train_design,96,False,96,96
glove100_10k,17,random,241,internal_audit,16,False,48,96
glove100_10k,17,random,242,calibration,10,False,10,96
glove100_10k,17,random,243,train_design,10,False,16,96
glove100_10k,17,random,244,train_design,24,False,24,96
glove100_10k,17,random,245,train_design,128,False,96,96
glove100_10k,17,random,246,train_design,32,False,48,96
glove100_10k,17,random,247,train_design,64,False,64,96
glove100_10k,17,random,248,calibration,16,False,16,96
glove100_10k,17,random,249,calibration,24,False,32,96
glove100_10k,17,random,250,internal_audit,10,False,64,96
glove100_10k,17,random,251,calibration,10,False,10,96
glove100_10k,17,random,252,calibration,10,False,10,96
glove100_10k,17,random,253,train_design,16,False,32,96
glove100_10k,17,random,254,train_design,10,False,32,96
glove100_10k,17,random,255,train_design,10,False,10,96
glove100_10k,17,random,256,calibration,64,False,96,96
glove100_10k,17,random,257,internal_audit,10,False,32,96
glove100_10k,17,random,258,train_design,24,False,64,96
glove100_10k,17,random,259,train_design,24,False,32,96
glove100_10k,17,random,260,calibration,96,False,96,96
glove100_10k,17,random,261,train_design,10,False,10,96
glove100_10k,17,random,262,calibration,10,False,10,96
glove100_10k,17,random,263,internal_audit,24,False,24,96
glove100_10k,17,random,264,internal_audit,128,False,64,96
glove100_10k,17,random,265,train_design,10,False,16,96
glove100_10k,17,random,266,calibration,10,False,10,96
glove100_10k,17,random,267,train_design,24,False,64,96
glove100_10k,17,random,268,internal_audit,10,False,10,96
glove100_10k,17,random,269,calibration,16,False,48,96
glove100_10k,17,random,270,calibration,10,False,10,96
glove100_10k,17,random,271,internal_audit,24,False,24,96
glove100_10k,17,random,272,train_design,10,False,24,96
glove100_10k,17,random,273,train_design,32,False,32,96
glove100_10k,17,random,274,internal_audit,10,False,10,96
glove100_10k,17,random,275,train_design,32,False,48,96
glove100_10k,17,random,276,calibration,32,False,32,96
glove100_10k,17,random,277,calibration,64,False,96,96
glove100_10k,17,random,278,calibration,48,False,48,96
glove100_10k,17,random,279,train_design,10,False,32,96
glove100_10k,17,random,280,train_design,24,False,48,96
glove100_10k,17,random,281,train_design,128,False,96,96
glove100_10k,17,random,282,train_design,48,False,48,96
glove100_10k,17,random,283,calibration,32,False,32,96
glove100_10k,17,random,284,internal_audit,192,False,96,96
glove100_10k,17,random,285,train_design,16,False,24,96
glove100_10k,17,random,286,calibration,10,False,64,96
glove100_10k,17,random,287,train_design,10,False,10,96
glove100_10k,17,random,288,train_design,192,False,48,96
glove100_10k,17,random,289,internal_audit,16,False,48,96
glove100_10k,17,random,290,train_design,16,False,16,96
glove100_10k,17,random,291,train_design,24,False,64,96
glove100_10k,17,random,292,train_design,24,False,64,96
glove100_10k,17,random,293,internal_audit,10,False,16,96
glove100_10k,17,random,294,train_design,10,False,10,96
glove100_10k,17,random,295,internal_audit,16,False,16,96
glove100_10k,17,random,296,train_design,24,False,32,96
glove100_10k,17,random,297,train_design,96,False,96,96
glove100_10k,17,random,298,train_design,24,False,48,96
glove100_10k,17,random,299,internal_audit,10,False,10,96
glove100_10k,17,random,300,train_design,10,False,10,96
glove100_10k,17,random,301,train_design,32,False,32,96
glove100_10k,17,random,302,train_design,10,False,10,96
glove100_10k,17,random,303,calibration,96,False,96,96
glove100_10k,17,random,304,calibration,10,False,10,96
glove100_10k,17,random,305,train_design,10,False,24,96
glove100_10k,17,random,306,internal_audit,10,False,24,96
glove100_10k,17,random,307,train_design,48,False,64,96
glove100_10k,17,random,308,internal_audit,24,False,48,96
glove100_10k,17,random,309,train_design,64,False,64,96
glove100_10k,17,random,310,train_design,64,False,64,96
glove100_10k,17,random,311,internal_audit,24,False,96,96
glove100_10k,17,random,312,train_design,24,False,24,96
glove100_10k,17,random,313,train_design,16,False,48,96
glove100_10k,17,random,314,internal_audit,10,False,24,96
glove100_10k,17,random,315,calibration,96,False,96,96
glove100_10k,17,random,316,calibration,64,False,64,96
glove100_10k,17,random,317,internal_audit,192,False,32,96
glove100_10k,17,random,318,train_design,16,False,16,96
glove100_10k,17,random,319,calibration,48,False,48,96
glove100_10k,17,random,320,internal_audit,10,False,10,96
glove100_10k,17,random,321,train_design,32,False,32,96
glove100_10k,17,random,322,internal_audit,10,False,24,96
glove100_10k,17,random,323,train_design,384,False,64,96
glove100_10k,17,random,324,calibration,48,False,64,96
glove100_10k,17,random,325,train_design,64,False,64,96
glove100_10k,17,random,326,train_design,24,False,32,96
glove100_10k,17,random,327,train_design,64,False,96,96
glove100_10k,17,random,328,calibration,10,False,10,96
glove100_10k,17,random,329,calibration,10,False,48,96
glove100_10k,17,random,330,calibration,32,False,32,96
glove100_10k,17,random,331,train_design,96,False,96,96
glove100_10k,17,random,332,train_design,10,False,16,96
glove100_10k,17,random,333,train_design,96,False,96,96
glove100_10k,17,random,334,train_design,24,False,24,96
glove100_10k,17,random,335,internal_audit,10,False,10,96
glove100_10k,17,random,336,train_design,10,False,48,96
glove100_10k,17,random,337,calibration,96,False,96,96
glove100_10k,17,random,338,calibration,48,False,64,96
glove100_10k,17,random,339,internal_audit,64,False,96,96
glove100_10k,17,random,340,calibration,96,False,96,96
glove100_10k,17,random,341,internal_audit,32,False,48,96
glove100_10k,17,random,342,calibration,10,False,10,96
glove100_10k,17,random,343,internal_audit,128,False,96,96
glove100_10k,17,random,344,calibration,24,False,48,96
glove100_10k,17,random,345,train_design,10,False,32,96
glove100_10k,17,random,346,train_design,10,False,10,96
glove100_10k,17,random,347,train_design,10,False,10,96
glove100_10k,17,random,348,train_design,24,False,48,96
glove100_10k,17,random,349,train_design,128,False,96,96
glove100_10k,17,random,350,internal_audit,10,False,48,96
glove100_10k,17,random,351,internal_audit,192,False,96,96
glove100_10k,17,random,352,train_design,10,False,10,96
glove100_10k,17,random,353,calibration,10,False,10,96
glove100_10k,17,random,354,calibration,32,False,32,96
glove100_10k,17,random,355,internal_audit,32,False,32,96
glove100_10k,17,random,356,train_design,96,False,96,96
glove100_10k,17,random,357,internal_audit,24,False,32,96
glove100_10k,17,random,358,train_design,10,False,10,96
glove100_10k,17,random,359,train_design,64,False,64,96
glove100_10k,17,random,360,train_design,96,False,96,96
glove100_10k,17,random,361,calibration,32,False,32,96
glove100_10k,17,random,362,train_design,10,False,48,96
glove100_10k,17,random,363,train_design,10,False,48,96
glove100_10k,17,random,364,internal_audit,48,False,64,96
glove100_10k,17,random,365,train_design,10,False,10,96
glove100_10k,17,random,366,train_design,10,False,32,96
glove100_10k,17,random,367,train_design,16,False,32,96
glove100_10k,17,random,368,calibration,16,False,24,96
glove100_10k,17,random,369,internal_audit,10,False,10,96
glove100_10k,17,random,370,calibration,96,False,96,96
glove100_10k,17,random,371,train_design,24,False,24,96
glove100_10k,17,random,372,internal_audit,16,False,32,96
glove100_10k,17,random,373,train_design,32,False,48,96
glove100_10k,17,random,374,internal_audit,10,False,24,96
glove100_10k,17,random,375,train_design,96,False,96,96
glove100_10k,17,random,376,train_design,48,False,48,96
glove100_10k,17,random,377,train_design,10,False,10,96
glove100_10k,17,random,378,calibration,64,False,64,96
glove100_10k,17,random,379,train_design,128,False,96,96
glove100_10k,17,random,380,train_design,10,False,48,96
glove100_10k,17,random,381,internal_audit,10,False,10,96
glove100_10k,17,random,382,internal_audit,48,False,48,96
glove100_10k,17,random,383,internal_audit,16,False,32,96
glove100_10k,17,random,384,train_design,16,False,24,96
glove100_10k,17,random,385,train_design,128,False,96,96
glove100_10k,17,random,386,train_design,32,False,32,96
glove100_10k,17,random,387,train_design,10,False,10,96
glove100_10k,17,random,388,train_design,48,False,64,96
glove100_10k,17,random,389,train_design,24,False,48,96
glove100_10k,17,random,390,internal_audit,128,False,48,96
glove100_10k,17,random,391,internal_audit,10,False,10,96
glove100_10k,17,random,392,train_design,10,False,10,96
glove100_10k,17,random,393,calibration,16,False,16,96
glove100_10k,17,random,394,calibration,96,False,96,96
glove100_10k,17,random,395,train_design,24,False,24,96
glove100_10k,17,random,396,train_design,48,False,64,96
glove100_10k,17,random,397,internal_audit,10,False,10,96
glove100_10k,17,random,398,internal_audit,96,False,96,96
glove100_10k,17,random,399,calibration,48,False,48,96
glove100_10k,17,random,400,train_design,10,False,24,96
glove100_10k,17,random,401,train_design,16,False,24,96
glove100_10k,17,random,402,calibration,10,False,10,96
glove100_10k,17,random,403,calibration,10,False,10,96
glove100_10k,17,random,404,calibration,48,False,48,96
glove100_10k,17,random,405,train_design,32,False,32,96
glove100_10k,17,random,406,train_design,10,False,32,96
glove100_10k,17,random,407,calibration,24,False,24,96
glove100_10k,17,random,408,internal_audit,10,False,10,96
glove100_10k,17,random,409,train_design,10,False,10,96
glove100_10k,17,random,410,calibration,256,False,96,96
glove100_10k,17,random,411,train_design,10,False,10,96
glove100_10k,17,random,412,train_design,10,False,10,96
glove100_10k,17,random,413,calibration,10,False,32,96
glove100_10k,17,random,414,internal_audit,64,False,64,96
glove100_10k,17,random,415,internal_audit,10,False,16,96
glove100_10k,17,random,416,calibration,24,False,48,96
glove100_10k,17,random,417,train_design,32,False,48,96
glove100_10k,17,random,418,calibration,10,False,32,96
glove100_10k,17,random,419,train_design,192,False,96,96
glove100_10k,17,random,420,calibration,10,False,10,96
glove100_10k,17,random,421,train_design,64,False,96,96
glove100_10k,17,random,422,train_design,10,False,32,96
glove100_10k,17,random,423,train_design,24,False,24,96
glove100_10k,17,random,424,train_design,64,False,64,96
glove100_10k,17,random,425,train_design,10,False,24,96
glove100_10k,17,random,426,train_design,192,False,96,96
glove100_10k,17,random,427,train_design,48,False,48,96
glove100_10k,17,random,428,internal_audit,10,False,24,96
glove100_10k,17,random,429,internal_audit,10,False,16,96
glove100_10k,17,random,430,train_design,192,False,96,96
glove100_10k,17,random,431,train_design,96,False,96,96
glove100_10k,17,random,432,train_design,24,False,96,96
glove100_10k,17,random,433,calibration,10,False,10,96
glove100_10k,17,random,434,train_design,96,False,96,96
glove100_10k,17,random,435,train_design,96,False,96,96
glove100_10k,17,random,436,train_design,64,False,96,96
glove100_10k,17,random,437,internal_audit,64,False,64,96
glove100_10k,17,random,438,internal_audit,96,False,96,96
glove100_10k,17,random,439,internal_audit,48,False,64,96
glove100_10k,17,random,440,calibration,24,False,64,96
glove100_10k,17,random,441,calibration,48,False,48,96
glove100_10k,17,random,442,internal_audit,128,False,96,96
glove100_10k,17,random,443,train_design,64,False,96,96
glove100_10k,17,random,444,internal_audit,24,False,24,96
glove100_10k,17,random,445,calibration,16,False,48,96
glove100_10k,17,random,446,train_design,48,False,64,96
glove100_10k,17,random,447,calibration,48,False,48,96
glove100_10k,17,random,448,train_design,96,False,96,96
glove100_10k,17,random,449,calibration,128,False,96,96
glove100_10k,17,random,450,train_design,96,False,96,96
glove100_10k,17,random,451,calibration,96,False,96,96
glove100_10k,17,random,452,calibration,32,False,64,96
glove100_10k,17,random,453,train_design,10,False,10,96
glove100_10k,17,random,454,train_design,16,False,16,96
glove100_10k,17,random,455,train_design,16,False,24,96
glove100_10k,17,random,456,train_design,192,False,96,96
glove100_10k,17,random,457,train_design,24,False,24,96
glove100_10k,17,random,458,internal_audit,10,False,10,96
glove100_10k,17,random,459,internal_audit,96,False,96,96
glove100_10k,17,random,460,train_design,24,False,32,96
glove100_10k,17,random,461,train_design,128,False,64,96
glove100_10k,17,random,462,calibration,128,False,64,96
glove100_10k,17,random,463,train_design,10,False,64,96
glove100_10k,17,random,464,train_design,10,False,32,96
glove100_10k,17,random,465,train_design,128,False,64,96
glove100_10k,17,random,466,train_design,64,False,64,96
glove100_10k,17,random,467,internal_audit,10,False,16,96
glove100_10k,17,random,468,train_design,32,False,96,96
glove100_10k,17,random,469,train_design,64,False,64,96
glove100_10k,17,random,470,train_design,10,False,10,96
glove100_10k,17,random,471,internal_audit,64,False,64,96
glove100_10k,17,random,472,train_design,128,False,96,96
glove100_10k,17,random,473,train_design,192,False,32,96
glove100_10k,17,random,474,train_design,256,False,96,96
glove100_10k,17,random,475,train_design,64,False,64,96
glove100_10k,17,random,476,internal_audit,10,False,10,96
glove100_10k,17,random,477,train_design,24,False,64,96
glove100_10k,17,random,478,train_design,48,False,48,96
glove100_10k,17,random,479,train_design,16,False,16,96
glove100_10k,17,random,480,train_design,16,False,32,96
glove100_10k,17,random,481,train_design,16,False,16,96
glove100_10k,17,random,482,internal_audit,32,False,48,96
glove100_10k,17,random,483,train_design,24,False,24,96
glove100_10k,17,random,484,train_design,96,False,96,96
glove100_10k,17,random,485,calibration,10,False,16,96
glove100_10k,17,random,486,internal_audit,10,False,64,96
glove100_10k,17,random,487,internal_audit,32,False,32,96
glove100_10k,17,random,488,calibration,10,False,48,96
glove100_10k,17,random,489,train_design,64,False,64,96
glove100_10k,17,random,490,calibration,32,False,64,96
glove100_10k,17,random,491,internal_audit,10,False,10,96
glove100_10k,17,random,492,train_design,10,False,10,96
glove100_10k,17,random,493,calibration,48,False,48,96
glove100_10k,17,random,494,train_design,10,False,16,96
glove100_10k,17,random,495,train_design,10,False,16,96
glove100_10k,17,random,496,train_design,16,False,24,96
glove100_10k,17,random,497,train_design,128,False,96,96
glove100_10k,17,random,498,calibration,256,False,64,96
glove100_10k,17,random,499,train_design,10,False,10,96
glove100_10k,29,lid_ascending,0,train_design,16,False,24,96
glove100_10k,29,lid_ascending,1,train_design,16,False,16,96
glove100_10k,29,lid_ascending,2,calibration,10,False,10,96
glove100_10k,29,lid_ascending,3,calibration,96,False,96,96
glove100_10k,29,lid_ascending,4,internal_audit,48,False,96,96
glove100_10k,29,lid_ascending,5,calibration,16,False,16,96
glove100_10k,29,lid_ascending,6,train_design,48,False,48,96
glove100_10k,29,lid_ascending,7,internal_audit,10,False,10,96
glove100_10k,29,lid_ascending,8,train_design,32,False,48,96
glove100_10k,29,lid_ascending,9,train_design,32,False,48,96
glove100_10k,29,lid_ascending,10,train_design,256,False,96,96
glove100_10k,29,lid_ascending,11,internal_audit,32,False,96,96
glove100_10k,29,lid_ascending,12,train_design,24,False,48,96
glove100_10k,29,lid_ascending,13,internal_audit,48,False,64,96
glove100_10k,29,lid_ascending,14,train_design,10,False,16,96
glove100_10k,29,lid_ascending,15,internal_audit,10,False,32,96
glove100_10k,29,lid_ascending,16,calibration,96,False,96,96
glove100_10k,29,lid_ascending,17,internal_audit,96,False,96,96
glove100_10k,29,lid_ascending,18,calibration,64,False,64,96
glove100_10k,29,lid_ascending,19,train_design,64,False,96,96
glove100_10k,29,lid_ascending,20,train_design,10,False,10,96
glove100_10k,29,lid_ascending,21,internal_audit,64,False,64,96
glove100_10k,29,lid_ascending,22,train_design,10,False,24,96
glove100_10k,29,lid_ascending,23,internal_audit,24,False,24,96
glove100_10k,29,lid_ascending,24,calibration,10,False,10,96
glove100_10k,29,lid_ascending,25,train_design,16,False,24,96
glove100_10k,29,lid_ascending,26,calibration,32,False,96,96
glove100_10k,29,lid_ascending,27,calibration,64,False,64,96
glove100_10k,29,lid_ascending,28,train_design,96,False,96,96
glove100_10k,29,lid_ascending,29,calibration,96,False,96,96
glove100_10k,29,lid_ascending,30,internal_audit,16,False,16,96
glove100_10k,29,lid_ascending,31,train_design,32,False,32,96
glove100_10k,29,lid_ascending,32,train_design,32,False,48,96
glove100_10k,29,lid_ascending,33,calibration,64,False,64,96
glove100_10k,29,lid_ascending,34,internal_audit,96,False,96,96
glove100_10k,29,lid_ascending,35,train_design,64,False,96,96
glove100_10k,29,lid_ascending,36,internal_audit,96,False,96,96
glove100_10k,29,lid_ascending,37,train_design,96,False,96,96
glove100_10k,29,lid_ascending,38,internal_audit,48,False,48,96
glove100_10k,29,lid_ascending,39,calibration,64,False,64,96
glove100_10k,29,lid_ascending,40,train_design,48,False,64,96
glove100_10k,29,lid_ascending,41,internal_audit,64,False,64,96
glove100_10k,29,lid_ascending,42,train_design,16,False,96,96
glove100_10k,29,lid_ascending,43,train_design,16,False,16,96
glove100_10k,29,lid_ascending,44,train_design,96,False,96,96
glove100_10k,29,lid_ascending,45,internal_audit,192,False,96,96
glove100_10k,29,lid_ascending,46,calibration,48,False,48,96
glove100_10k,29,lid_ascending,47,train_design,16,False,24,96
glove100_10k,29,lid_ascending,48,train_design,96,False,96,96
glove100_10k,29,lid_ascending,49,internal_audit,10,False,24,96
glove100_10k,29,lid_ascending,50,train_design,48,False,96,96
glove100_10k,29,lid_ascending,51,calibration,16,False,64,96
glove100_10k,29,lid_ascending,52,calibration,10,False,10,96
glove100_10k,29,lid_ascending,53,train_design,24,False,24,96
glove100_10k,29,lid_ascending,54,train_design,128,False,96,96
glove100_10k,29,lid_ascending,55,calibration,128,False,96,96
glove100_10k,29,lid_ascending,56,train_design,16,False,24,96
glove100_10k,29,lid_ascending,57,calibration,48,False,48,96
glove100_10k,29,lid_ascending,58,calibration,32,False,32,96
glove100_10k,29,lid_ascending,59,calibration,64,False,64,96
glove100_10k,29,lid_ascending,60,train_design,48,False,48,96
glove100_10k,29,lid_ascending,61,train_design,256,False,24,96
glove100_10k,29,lid_ascending,62,train_design,10,False,10,96
glove100_10k,29,lid_ascending,63,internal_audit,64,False,64,96
glove100_10k,29,lid_ascending,64,train_design,48,False,96,96
glove100_10k,29,lid_ascending,65,calibration,16,False,24,96
glove100_10k,29,lid_ascending,66,calibration,96,False,96,96
glove100_10k,29,lid_ascending,67,train_design,10,False,10,96
glove100_10k,29,lid_ascending,68,calibration,48,False,96,96
glove100_10k,29,lid_ascending,69,calibration,48,False,48,96
glove100_10k,29,lid_ascending,70,train_design,32,False,48,96
glove100_10k,29,lid_ascending,71,calibration,64,False,64,96
glove100_10k,29,lid_ascending,72,train_design,128,False,24,96
glove100_10k,29,lid_ascending,73,internal_audit,16,False,16,96
glove100_10k,29,lid_ascending,74,calibration,64,False,64,96
glove100_10k,29,lid_ascending,75,train_design,32,False,48,96
glove100_10k,29,lid_ascending,76,train_design,32,False,32,96
glove100_10k,29,lid_ascending,77,calibration,64,False,96,96
glove100_10k,29,lid_ascending,78,calibration,10,False,16,96
glove100_10k,29,lid_ascending,79,calibration,24,False,48,96
glove100_10k,29,lid_ascending,80,train_design,48,False,64,96
glove100_10k,29,lid_ascending,81,internal_audit,48,False,48,96
glove100_10k,29,lid_ascending,82,train_design,64,False,64,96
glove100_10k,29,lid_ascending,83,train_design,24,False,24,96
glove100_10k,29,lid_ascending,84,train_design,32,False,96,96
glove100_10k,29,lid_ascending,85,internal_audit,48,False,48,96
glove100_10k,29,lid_ascending,86,internal_audit,24,False,24,96
glove100_10k,29,lid_ascending,87,calibration,24,False,32,96
glove100_10k,29,lid_ascending,88,internal_audit,96,False,96,96
glove100_10k,29,lid_ascending,89,train_design,10,False,10,96
glove100_10k,29,lid_ascending,90,calibration,10,False,96,96
glove100_10k,29,lid_ascending,91,train_design,24,False,24,96
glove100_10k,29,lid_ascending,92,internal_audit,24,False,24,96
glove100_10k,29,lid_ascending,93,internal_audit,32,False,32,96
glove100_10k,29,lid_ascending,94,calibration,48,False,48,96
glove100_10k,29,lid_ascending,95,train_design,48,False,48,96
glove100_10k,29,lid_ascending,96,internal_audit,10,False,10,96
glove100_10k,29,lid_ascending,97,calibration,10,False,10,96
glove100_10k,29,lid_ascending,98,train_design,64,False,64,96
glove100_10k,29,lid_ascending,99,internal_audit,24,False,48,96
glove100_10k,29,lid_ascending,100,train_design,10,False,10,96
glove100_10k,29,lid_ascending,101,calibration,48,False,96,96
glove100_10k,29,lid_ascending,102,train_design,256,False,64,96
glove100_10k,29,lid_ascending,103,calibration,16,False,32,96
glove100_10k,29,lid_ascending,104,internal_audit,64,False,96,96
glove100_10k,29,lid_ascending,105,calibration,24,False,32,96
glove100_10k,29,lid_ascending,106,train_design,32,False,32,96
glove100_10k,29,lid_ascending,107,train_design,10,False,16,96
glove100_10k,29,lid_ascending,108,train_design,32,False,96,96
glove100_10k,29,lid_ascending,109,internal_audit,96,False,96,96
glove100_10k,29,lid_ascending,110,calibration,10,False,16,96
glove100_10k,29,lid_ascending,111,train_design,64,False,64,96
glove100_10k,29,lid_ascending,112,train_design,64,False,64,96
glove100_10k,29,lid_ascending,113,calibration,16,False,16,96
glove100_10k,29,lid_ascending,114,internal_audit,96,False,96,96
glove100_10k,29,lid_ascending,115,internal_audit,16,False,24,96
glove100_10k,29,lid_ascending,116,train_design,16,False,16,96
glove100_10k,29,lid_ascending,117,train_design,32,False,96,96
glove100_10k,29,lid_ascending,118,internal_audit,48,False,48,96
glove100_10k,29,lid_ascending,119,calibration,96,False,96,96
glove100_10k,29,lid_ascending,120,internal_audit,64,False,64,96
glove100_10k,29,lid_ascending,121,train_design,10,False,48,96
glove100_10k,29,lid_ascending,122,calibration,48,False,48,96
glove100_10k,29,lid_ascending,123,train_design,10,False,10,96
glove100_10k,29,lid_ascending,124,train_design,16,False,48,96
glove100_10k,29,lid_ascending,125,internal_audit,48,False,48,96
glove100_10k,29,lid_ascending,126,internal_audit,256,False,96,96
glove100_10k,29,lid_ascending,127,train_design,48,False,96,96
glove100_10k,29,lid_ascending,128,internal_audit,48,False,96,96
glove100_10k,29,lid_ascending,129,calibration,10,False,16,96
glove100_10k,29,lid_ascending,130,internal_audit,10,False,10,96
glove100_10k,29,lid_ascending,131,train_design,48,False,64,96
glove100_10k,29,lid_ascending,132,calibration,48,False,96,96
glove100_10k,29,lid_ascending,133,train_design,10,False,16,96
glove100_10k,29,lid_ascending,134,internal_audit,128,False,48,96
glove100_10k,29,lid_ascending,135,internal_audit,32,False,48,96
glove100_10k,29,lid_ascending,136,train_design,96,False,96,96
glove100_10k,29,lid_ascending,137,train_design,24,False,48,96
glove100_10k,29,lid_ascending,138,train_design,64,False,64,96
glove100_10k,29,lid_ascending,139,train_design,32,False,64,96
glove100_10k,29,lid_ascending,140,internal_audit,32,False,48,96
glove100_10k,29,lid_ascending,141,calibration,64,False,64,96
glove100_10k,29,lid_ascending,142,internal_audit,64,False,96,96
glove100_10k,29,lid_ascending,143,train_design,24,False,24,96
glove100_10k,29,lid_ascending,144,internal_audit,32,False,96,96
glove100_10k,29,lid_ascending,145,calibration,32,False,48,96
glove100_10k,29,lid_ascending,146,train_design,256,False,96,96
glove100_10k,29,lid_ascending,147,train_design,48,False,64,96
glove100_10k,29,lid_ascending,148,train_design,16,False,24,96
glove100_10k,29,lid_ascending,149,train_design,10,False,16,96
glove100_10k,29,lid_ascending,150,train_design,10,False,16,96
glove100_10k,29,lid_ascending,151,train_design,10,False,96,96
glove100_10k,29,lid_ascending,152,train_design,48,False,96,96
glove100_10k,29,lid_ascending,153,calibration,16,False,48,96
glove100_10k,29,lid_ascending,154,calibration,128,False,96,96
glove100_10k,29,lid_ascending,155,calibration,24,False,24,96
glove100_10k,29,lid_ascending,156,internal_audit,10,False,10,96
glove100_10k,29,lid_ascending,157,train_design,128,False,24,96
glove100_10k,29,lid_ascending,158,internal_audit,10,False,10,96
glove100_10k,29,lid_ascending,159,calibration,16,False,48,96
glove100_10k,29,lid_ascending,160,train_design,10,False,48,96
glove100_10k,29,lid_ascending,161,internal_audit,256,False,64,96
glove100_10k,29,lid_ascending,162,internal_audit,10,False,32,96
glove100_10k,29,lid_ascending,163,internal_audit,48,False,64,96
glove100_10k,29,lid_ascending,164,train_design,10,False,10,96
glove100_10k,29,lid_ascending,165,calibration,64,False,64,96
glove100_10k,29,lid_ascending,166,train_design,32,False,32,96
glove100_10k,29,lid_ascending,167,train_design,24,False,96,96
glove100_10k,29,lid_ascending,168,train_design,192,False,48,96
glove100_10k,29,lid_ascending,169,train_design,24,False,48,96
glove100_10k,29,lid_ascending,170,calibration,24,False,32,96
glove100_10k,29,lid_ascending,171,train_design,48,False,64,96
glove100_10k,29,lid_ascending,172,train_design,96,False,96,96
glove100_10k,29,lid_ascending,173,internal_audit,48,False,48,96
glove100_10k,29,lid_ascending,174,train_design,16,False,64,96
glove100_10k,29,lid_ascending,175,train_design,96,False,96,96
glove100_10k,29,lid_ascending,176,calibration,32,False,48,96
glove100_10k,29,lid_ascending,177,train_design,48,False,48,96
glove100_10k,29,lid_ascending,178,train_design,24,False,48,96
glove100_10k,29,lid_ascending,179,internal_audit,96,False,96,96
glove100_10k,29,lid_ascending,180,internal_audit,96,False,96,96
glove100_10k,29,lid_ascending,181,calibration,128,False,32,96
glove100_10k,29,lid_ascending,182,train_design,48,False,96,96
glove100_10k,29,lid_ascending,183,train_design,32,False,96,96
glove100_10k,29,lid_ascending,184,train_design,10,False,10,96
glove100_10k,29,lid_ascending,185,calibration,96,False,96,96
glove100_10k,29,lid_ascending,186,calibration,24,False,24,96
glove100_10k,29,lid_ascending,187,train_design,32,False,32,96
glove100_10k,29,lid_ascending,188,train_design,64,False,96,96
glove100_10k,29,lid_ascending,189,internal_audit,192,False,48,96
glove100_10k,29,lid_ascending,190,train_design,16,False,16,96
glove100_10k,29,lid_ascending,191,internal_audit,24,False,24,96
glove100_10k,29,lid_ascending,192,calibration,96,False,96,96
glove100_10k,29,lid_ascending,193,train_design,96,False,96,96
glove100_10k,29,lid_ascending,194,internal_audit,24,False,64,96
glove100_10k,29,lid_ascending,195,calibration,16,False,16,96
glove100_10k,29,lid_ascending,196,calibration,48,False,48,96
glove100_10k,29,lid_ascending,197,calibration,48,False,96,96
glove100_10k,29,lid_ascending,198,train_design,48,False,96,96
glove100_10k,29,lid_ascending,199,internal_audit,96,False,96,96
glove100_10k,29,lid_ascending,200,train_design,64,False,96,96
glove100_10k,29,lid_ascending,201,calibration,10,False,10,96
glove100_10k,29,lid_ascending,202,internal_audit,64,False,64,96
glove100_10k,29,lid_ascending,203,internal_audit,10,False,10,96
glove100_10k,29,lid_ascending,204,train_design,16,False,96,96
glove100_10k,29,lid_ascending,205,train_design,24,False,24,96
glove100_10k,29,lid_ascending,206,calibration,24,False,24,96
glove100_10k,29,lid_ascending,207,internal_audit,48,False,48,96
glove100_10k,29,lid_ascending,208,train_design,16,False,24,96
glove100_10k,29,lid_ascending,209,internal_audit,16,False,16,96
glove100_10k,29,lid_ascending,210,internal_audit,10,False,16,96
glove100_10k,29,lid_ascending,211,train_design,48,False,48,96
glove100_10k,29,lid_ascending,212,internal_audit,96,False,96,96
glove100_10k,29,lid_ascending,213,train_design,10,False,24,96
glove100_10k,29,lid_ascending,214,internal_audit,32,False,96,96
glove100_10k,29,lid_ascending,215,internal_audit,96,False,96,96
glove100_10k,29,lid_ascending,216,internal_audit,24,False,48,96
glove100_10k,29,lid_ascending,217,train_design,32,False,32,96
glove100_10k,29,lid_ascending,218,calibration,192,False,32,96
glove100_10k,29,lid_ascending,219,calibration,24,False,24,96
glove100_10k,29,lid_ascending,220,calibration,10,False,32,96
glove100_10k,29,lid_ascending,221,train_design,10,False,96,96
glove100_10k,29,lid_ascending,222,train_design,24,False,24,96
glove100_10k,29,lid_ascending,223,train_design,24,False,96,96
glove100_10k,29,lid_ascending,224,internal_audit,24,False,32,96
glove100_10k,29,lid_ascending,225,train_design,32,False,64,96
glove100_10k,29,lid_ascending,226,internal_audit,16,False,16,96
glove100_10k,29,lid_ascending,227,train_design,16,False,48,96
glove100_10k,29,lid_ascending,228,train_design,96,False,96,96
glove100_10k,29,lid_ascending,229,train_design,192,False,48,96
glove100_10k,29,lid_ascending,230,train_design,48,False,48,96
glove100_10k,29,lid_ascending,231,train_design,64,False,96,96
glove100_10k,29,lid_ascending,232,internal_audit,32,False,64,96
glove100_10k,29,lid_ascending,233,internal_audit,10,False,16,96
glove100_10k,29,lid_ascending,234,train_design,32,False,64,96
glove100_10k,29,lid_ascending,235,internal_audit,96,False,96,96
glove100_10k,29,lid_ascending,236,internal_audit,96,False,96,96
glove100_10k,29,lid_ascending,237,calibration,64,False,64,96
glove100_10k,29,lid_ascending,238,train_design,96,False,96,96
glove100_10k,29,lid_ascending,239,calibration,10,False,32,96
glove100_10k,29,lid_ascending,240,train_design,96,False,96,96
glove100_10k,29,lid_ascending,241,internal_audit,48,False,96,96
glove100_10k,29,lid_ascending,242,calibration,16,False,16,96
glove100_10k,29,lid_ascending,243,train_design,16,False,16,96
glove100_10k,29,lid_ascending,244,train_design,10,False,64,96
glove100_10k,29,lid_ascending,245,train_design,128,False,96,96
glove100_10k,29,lid_ascending,246,train_design,64,False,64,96
glove100_10k,29,lid_ascending,247,train_design,96,False,96,96
glove100_10k,29,lid_ascending,248,calibration,16,False,16,96
glove100_10k,29,lid_ascending,249,calibration,16,False,16,96
glove100_10k,29,lid_ascending,250,internal_audit,10,False,32,96
glove100_10k,29,lid_ascending,251,calibration,10,False,10,96
glove100_10k,29,lid_ascending,252,calibration,10,False,10,96
glove100_10k,29,lid_ascending,253,train_design,16,False,48,96
glove100_10k,29,lid_ascending,254,train_design,10,False,32,96
glove100_10k,29,lid_ascending,255,train_design,32,False,32,96
glove100_10k,29,lid_ascending,256,calibration,64,False,96,96
glove100_10k,29,lid_ascending,257,internal_audit,10,False,48,96
glove100_10k,29,lid_ascending,258,train_design,16,False,32,96
glove100_10k,29,lid_ascending,259,train_design,24,False,48,96
glove100_10k,29,lid_ascending,260,calibration,48,False,48,96
glove100_10k,29,lid_ascending,261,train_design,10,False,10,96
glove100_10k,29,lid_ascending,262,calibration,10,False,24,96
glove100_10k,29,lid_ascending,263,internal_audit,24,False,48,96
glove100_10k,29,lid_ascending,264,internal_audit,128,False,96,96
glove100_10k,29,lid_ascending,265,train_design,10,False,10,96
glove100_10k,29,lid_ascending,266,calibration,16,False,16,96
glove100_10k,29,lid_ascending,267,train_design,96,False,96,96
glove100_10k,29,lid_ascending,268,internal_audit,10,False,10,96
glove100_10k,29,lid_ascending,269,calibration,32,False,64,96
glove100_10k,29,lid_ascending,270,calibration,10,False,10,96
glove100_10k,29,lid_ascending,271,internal_audit,48,False,64,96
glove100_10k,29,lid_ascending,272,train_design,48,False,48,96
glove100_10k,29,lid_ascending,273,train_design,24,False,24,96
glove100_10k,29,lid_ascending,274,internal_audit,10,False,16,96
glove100_10k,29,lid_ascending,275,train_design,64,False,64,96
glove100_10k,29,lid_ascending,276,calibration,24,False,24,96
glove100_10k,29,lid_ascending,277,calibration,192,False,96,96
glove100_10k,29,lid_ascending,278,calibration,48,False,48,96
glove100_10k,29,lid_ascending,279,train_design,48,False,48,96
glove100_10k,29,lid_ascending,280,train_design,16,False,24,96
glove100_10k,29,lid_ascending,281,train_design,128,False,96,96
glove100_10k,29,lid_ascending,282,train_design,32,False,48,96
glove100_10k,29,lid_ascending,283,calibration,24,False,48,96
glove100_10k,29,lid_ascending,284,internal_audit,192,False,48,96
glove100_10k,29,lid_ascending,285,train_design,24,False,48,96
glove100_10k,29,lid_ascending,286,calibration,32,False,48,96
glove100_10k,29,lid_ascending,287,train_design,16,False,16,96
glove100_10k,29,lid_ascending,288,train_design,48,False,48,96
glove100_10k,29,lid_ascending,289,internal_audit,16,False,48,96
glove100_10k,29,lid_ascending,290,train_design,16,False,24,96
glove100_10k,29,lid_ascending,291,train_design,48,False,96,96
glove100_10k,29,lid_ascending,292,train_design,16,False,32,96
glove100_10k,29,lid_ascending,293,internal_audit,10,False,48,96
glove100_10k,29,lid_ascending,294,train_design,10,False,10,96
glove100_10k,29,lid_ascending,295,internal_audit,24,False,24,96
glove100_10k,29,lid_ascending,296,train_design,16,False,24,96
glove100_10k,29,lid_ascending,297,train_design,96,False,96,96
glove100_10k,29,lid_ascending,298,train_design,48,False,48,96
glove100_10k,29,lid_ascending,299,internal_audit,10,False,10,96
glove100_10k,29,lid_ascending,300,train_design,10,False,16,96
glove100_10k,29,lid_ascending,301,train_design,24,False,64,96
glove100_10k,29,lid_ascending,302,train_design,10,False,10,96
glove100_10k,29,lid_ascending,303,calibration,64,False,64,96
glove100_10k,29,lid_ascending,304,calibration,10,False,16,96
glove100_10k,29,lid_ascending,305,train_design,16,False,24,96
glove100_10k,29,lid_ascending,306,internal_audit,10,False,24,96
glove100_10k,29,lid_ascending,307,train_design,64,False,96,96
glove100_10k,29,lid_ascending,308,internal_audit,16,False,16,96
glove100_10k,29,lid_ascending,309,train_design,256,False,96,96
glove100_10k,29,lid_ascending,310,train_design,32,False,64,96
glove100_10k,29,lid_ascending,311,internal_audit,32,False,64,96
glove100_10k,29,lid_ascending,312,train_design,16,False,16,96
glove100_10k,29,lid_ascending,313,train_design,48,False,64,96
glove100_10k,29,lid_ascending,314,internal_audit,10,False,16,96
glove100_10k,29,lid_ascending,315,calibration,128,False,96,96
glove100_10k,29,lid_ascending,316,calibration,10,False,24,96
glove100_10k,29,lid_ascending,317,internal_audit,48,False,48,96
glove100_10k,29,lid_ascending,318,train_design,16,False,96,96
glove100_10k,29,lid_ascending,319,calibration,64,False,64,96
glove100_10k,29,lid_ascending,320,internal_audit,10,False,10,96
glove100_10k,29,lid_ascending,321,train_design,64,False,64,96
glove100_10k,29,lid_ascending,322,internal_audit,24,False,24,96
glove100_10k,29,lid_ascending,323,train_design,96,False,96,96
glove100_10k,29,lid_ascending,324,calibration,48,False,48,96
glove100_10k,29,lid_ascending,325,train_design,96,False,96,96
glove100_10k,29,lid_ascending,326,train_design,32,False,96,96
glove100_10k,29,lid_ascending,327,train_design,96,False,96,96
glove100_10k,29,lid_ascending,328,calibration,10,False,10,96
glove100_10k,29,lid_ascending,329,calibration,24,False,24,96
glove100_10k,29,lid_ascending,330,calibration,96,False,96,96
glove100_10k,29,lid_ascending,331,train_design,16,False,96,96
glove100_10k,29,lid_ascending,332,train_design,16,False,48,96
glove100_10k,29,lid_ascending,333,train_design,48,False,48,96
glove100_10k,29,lid_ascending,334,train_design,16,False,64,96
glove100_10k,29,lid_ascending,335,internal_audit,16,False,24,96
glove100_10k,29,lid_ascending,336,train_design,16,False,48,96
glove100_10k,29,lid_ascending,337,calibration,96,False,96,96
glove100_10k,29,lid_ascending,338,calibration,96,False,96,96
glove100_10k,29,lid_ascending,339,internal_audit,48,False,64,96
glove100_10k,29,lid_ascending,340,calibration,48,False,48,96
glove100_10k,29,lid_ascending,341,internal_audit,32,False,48,96
glove100_10k,29,lid_ascending,342,calibration,10,False,10,96
glove100_10k,29,lid_ascending,343,internal_audit,96,False,96,96
glove100_10k,29,lid_ascending,344,calibration,10,False,10,96
glove100_10k,29,lid_ascending,345,train_design,48,False,48,96
glove100_10k,29,lid_ascending,346,train_design,10,False,10,96
glove100_10k,29,lid_ascending,347,train_design,10,False,10,96
glove100_10k,29,lid_ascending,348,train_design,32,False,32,96
glove100_10k,29,lid_ascending,349,train_design,128,False,32,96
glove100_10k,29,lid_ascending,350,internal_audit,16,False,48,96
glove100_10k,29,lid_ascending,351,internal_audit,192,False,96,96
glove100_10k,29,lid_ascending,352,train_design,10,False,32,96
glove100_10k,29,lid_ascending,353,calibration,10,False,24,96
glove100_10k,29,lid_ascending,354,calibration,16,False,96,96
glove100_10k,29,lid_ascending,355,internal_audit,96,False,96,96
glove100_10k,29,lid_ascending,356,train_design,192,False,64,96
glove100_10k,29,lid_ascending,357,internal_audit,32,False,48,96
glove100_10k,29,lid_ascending,358,train_design,24,False,32,96
glove100_10k,29,lid_ascending,359,train_design,96,False,96,96
glove100_10k,29,lid_ascending,360,train_design,64,False,96,96
glove100_10k,29,lid_ascending,361,calibration,96,False,96,96
glove100_10k,29,lid_ascending,362,train_design,10,False,48,96
glove100_10k,29,lid_ascending,363,train_design,48,False,48,96
glove100_10k,29,lid_ascending,364,internal_audit,48,False,96,96
glove100_10k,29,lid_ascending,365,train_design,24,False,24,96
glove100_10k,29,lid_ascending,366,train_design,10,False,10,96
glove100_10k,29,lid_ascending,367,train_design,16,False,32,96
glove100_10k,29,lid_ascending,368,calibration,24,False,24,96
glove100_10k,29,lid_ascending,369,internal_audit,10,False,10,96
glove100_10k,29,lid_ascending,370,calibration,64,False,64,96
glove100_10k,29,lid_ascending,371,train_design,24,False,32,96
glove100_10k,29,lid_ascending,372,internal_audit,10,False,16,96
glove100_10k,29,lid_ascending,373,train_design,32,False,96,96
glove100_10k,29,lid_ascending,374,internal_audit,10,False,10,96
glove100_10k,29,lid_ascending,375,train_design,48,False,48,96
glove100_10k,29,lid_ascending,376,train_design,64,False,64,96
glove100_10k,29,lid_ascending,377,train_design,10,False,16,96
glove100_10k,29,lid_ascending,378,calibration,48,False,48,96
glove100_10k,29,lid_ascending,379,train_design,32,False,96,96
glove100_10k,29,lid_ascending,380,train_design,10,False,48,96
glove100_10k,29,lid_ascending,381,internal_audit,10,False,10,96
glove100_10k,29,lid_ascending,382,internal_audit,64,False,96,96
glove100_10k,29,lid_ascending,383,internal_audit,16,False,16,96
glove100_10k,29,lid_ascending,384,train_design,16,False,16,96
glove100_10k,29,lid_ascending,385,train_design,96,False,96,96
glove100_10k,29,lid_ascending,386,train_design,48,False,48,96
glove100_10k,29,lid_ascending,387,train_design,24,False,24,96
glove100_10k,29,lid_ascending,388,train_design,96,False,96,96
glove100_10k,29,lid_ascending,389,train_design,48,False,48,96
glove100_10k,29,lid_ascending,390,internal_audit,128,False,96,96
glove100_10k,29,lid_ascending,391,internal_audit,10,False,10,96
glove100_10k,29,lid_ascending,392,train_design,10,False,10,96
glove100_10k,29,lid_ascending,393,calibration,24,False,24,96
glove100_10k,29,lid_ascending,394,calibration,192,False,64,96
glove100_10k,29,lid_ascending,395,train_design,96,False,96,96
glove100_10k,29,lid_ascending,396,train_design,48,False,96,96
glove100_10k,29,lid_ascending,397,internal_audit,10,False,10,96
glove100_10k,29,lid_ascending,398,internal_audit,48,False,64,96
glove100_10k,29,lid_ascending,399,calibration,64,False,64,96
glove100_10k,29,lid_ascending,400,train_design,10,False,24,96
glove100_10k,29,lid_ascending,401,train_design,24,False,24,96
glove100_10k,29,lid_ascending,402,calibration,10,False,10,96
glove100_10k,29,lid_ascending,403,calibration,48,False,48,96
glove100_10k,29,lid_ascending,404,calibration,96,False,96,96
glove100_10k,29,lid_ascending,405,train_design,64,False,64,96
glove100_10k,29,lid_ascending,406,train_design,24,False,24,96
glove100_10k,29,lid_ascending,407,calibration,64,False,96,96
glove100_10k,29,lid_ascending,408,internal_audit,10,False,10,96
glove100_10k,29,lid_ascending,409,train_design,10,False,10,96
glove100_10k,29,lid_ascending,410,calibration,192,False,64,96
glove100_10k,29,lid_ascending,411,train_design,10,False,24,96
glove100_10k,29,lid_ascending,412,train_design,10,False,10,96
glove100_10k,29,lid_ascending,413,calibration,10,False,32,96
glove100_10k,29,lid_ascending,414,internal_audit,32,False,32,96
glove100_10k,29,lid_ascending,415,internal_audit,10,False,16,96
glove100_10k,29,lid_ascending,416,calibration,48,False,96,96
glove100_10k,29,lid_ascending,417,train_design,10,False,32,96
glove100_10k,29,lid_ascending,418,calibration,24,False,32,96
glove100_10k,29,lid_ascending,419,train_design,96,False,96,96
glove100_10k,29,lid_ascending,420,calibration,10,False,10,96
glove100_10k,29,lid_ascending,421,train_design,48,False,48,96
glove100_10k,29,lid_ascending,422,train_design,16,False,24,96
glove100_10k,29,lid_ascending,423,train_design,16,False,24,96
glove100_10k,29,lid_ascending,424,train_design,64,False,64,96
glove100_10k,29,lid_ascending,425,train_design,10,False,10,96
glove100_10k,29,lid_ascending,426,train_design,96,False,96,96
glove100_10k,29,lid_ascending,427,train_design,24,False,48,96
glove100_10k,29,lid_ascending,428,internal_audit,24,False,24,96
glove100_10k,29,lid_ascending,429,internal_audit,16,False,24,96
glove100_10k,29,lid_ascending,430,train_design,48,False,96,96
glove100_10k,29,lid_ascending,431,train_design,48,False,96,96
glove100_10k,29,lid_ascending,432,train_design,10,False,64,96
glove100_10k,29,lid_ascending,433,calibration,16,False,16,96
glove100_10k,29,lid_ascending,434,train_design,32,False,64,96
glove100_10k,29,lid_ascending,435,train_design,64,False,64,96
glove100_10k,29,lid_ascending,436,train_design,48,False,48,96
glove100_10k,29,lid_ascending,437,internal_audit,128,False,64,96
glove100_10k,29,lid_ascending,438,internal_audit,128,False,96,96
glove100_10k,29,lid_ascending,439,internal_audit,16,False,64,96
glove100_10k,29,lid_ascending,440,calibration,16,False,48,96
glove100_10k,29,lid_ascending,441,calibration,48,False,48,96
glove100_10k,29,lid_ascending,442,internal_audit,128,False,96,96
glove100_10k,29,lid_ascending,443,train_design,48,False,48,96
glove100_10k,29,lid_ascending,444,internal_audit,10,False,10,96
glove100_10k,29,lid_ascending,445,calibration,24,False,48,96
glove100_10k,29,lid_ascending,446,train_design,32,False,32,96
glove100_10k,29,lid_ascending,447,calibration,24,False,48,96
glove100_10k,29,lid_ascending,448,train_design,96,False,96,96
glove100_10k,29,lid_ascending,449,calibration,192,False,32,96
glove100_10k,29,lid_ascending,450,train_design,96,False,96,96
glove100_10k,29,lid_ascending,451,calibration,64,False,64,96
glove100_10k,29,lid_ascending,452,calibration,32,False,64,96
glove100_10k,29,lid_ascending,453,train_design,10,False,16,96
glove100_10k,29,lid_ascending,454,train_design,10,False,10,96
glove100_10k,29,lid_ascending,455,train_design,24,False,24,96
glove100_10k,29,lid_ascending,456,train_design,192,False,96,96
glove100_10k,29,lid_ascending,457,train_design,16,False,32,96
glove100_10k,29,lid_ascending,458,internal_audit,10,False,10,96
glove100_10k,29,lid_ascending,459,internal_audit,128,False,96,96
glove100_10k,29,lid_ascending,460,train_design,24,False,64,96
glove100_10k,29,lid_ascending,461,train_design,256,False,16,96
glove100_10k,29,lid_ascending,462,calibration,192,False,16,96
glove100_10k,29,lid_ascending,463,train_design,16,False,48,96
glove100_10k,29,lid_ascending,464,train_design,10,False,10,96
glove100_10k,29,lid_ascending,465,train_design,128,False,96,96
glove100_10k,29,lid_ascending,466,train_design,64,False,64,96
glove100_10k,29,lid_ascending,467,internal_audit,10,False,32,96
glove100_10k,29,lid_ascending,468,train_design,64,False,96,96
glove100_10k,29,lid_ascending,469,train_design,48,False,48,96
glove100_10k,29,lid_ascending,470,train_design,10,False,10,96
glove100_10k,29,lid_ascending,471,internal_audit,48,False,48,96
glove100_10k,29,lid_ascending,472,train_design,128,False,96,96
glove100_10k,29,lid_ascending,473,train_design,192,False,64,96
glove100_10k,29,lid_ascending,474,train_design,96,False,96,96
glove100_10k,29,lid_ascending,475,train_design,64,False,64,96
glove100_10k,29,lid_ascending,476,internal_audit,10,False,10,96
glove100_10k,29,lid_ascending,477,train_design,48,False,48,96
glove100_10k,29,lid_ascending,478,train_design,96,False,96,96
glove100_10k,29,lid_ascending,479,train_design,24,False,24,96
glove100_10k,29,lid_ascending,480,train_design,16,False,16,96
glove100_10k,29,lid_ascending,481,train_design,16,False,96,96
glove100_10k,29,lid_ascending,482,internal_audit,32,False,32,96
glove100_10k,29,lid_ascending,483,train_design,128,False,48,96
glove100_10k,29,lid_ascending,484,train_design,192,False,96,96
glove100_10k,29,lid_ascending,485,calibration,10,False,24,96
glove100_10k,29,lid_ascending,486,internal_audit,10,False,64,96
glove100_10k,29,lid_ascending,487,internal_audit,16,False,16,96
glove100_10k,29,lid_ascending,488,calibration,32,False,32,96
glove100_10k,29,lid_ascending,489,train_design,96,False,96,96
glove100_10k,29,lid_ascending,490,calibration,16,False,16,96
glove100_10k,29,lid_ascending,491,internal_audit,10,False,10,96
glove100_10k,29,lid_ascending,492,train_design,10,False,10,96
glove100_10k,29,lid_ascending,493,calibration,32,False,32,96
glove100_10k,29,lid_ascending,494,train_design,10,False,24,96
glove100_10k,29,lid_ascending,495,train_design,10,False,16,96
glove100_10k,29,lid_ascending,496,train_design,10,False,32,96
glove100_10k,29,lid_ascending,497,train_design,128,False,48,96
glove100_10k,29,lid_ascending,498,calibration,96,False,96,96
glove100_10k,29,lid_ascending,499,train_design,10,False,10,96
glove100_10k,29,lid_descending,0,train_design,10,False,24,96
glove100_10k,29,lid_descending,1,train_design,10,False,16,96
glove100_10k,29,lid_descending,2,calibration,10,False,10,96
glove100_10k,29,lid_descending,3,calibration,32,False,64,96
glove100_10k,29,lid_descending,4,internal_audit,192,False,64,96
glove100_10k,29,lid_descending,5,calibration,10,False,10,96
glove100_10k,29,lid_descending,6,train_design,24,False,24,96
glove100_10k,29,lid_descending,7,internal_audit,10,False,10,96
glove100_10k,29,lid_descending,8,train_design,32,False,32,96
glove100_10k,29,lid_descending,9,train_design,16,False,48,96
glove100_10k,29,lid_descending,10,train_design,192,False,96,96
glove100_10k,29,lid_descending,11,internal_audit,32,False,48,96
glove100_10k,29,lid_descending,12,train_design,128,False,24,96
glove100_10k,29,lid_descending,13,internal_audit,32,False,64,96
glove100_10k,29,lid_descending,14,train_design,10,False,10,96
glove100_10k,29,lid_descending,15,internal_audit,96,False,96,96
glove100_10k,29,lid_descending,16,calibration,128,False,96,96
glove100_10k,29,lid_descending,17,internal_audit,96,False,96,96
glove100_10k,29,lid_descending,18,calibration,48,False,48,96
glove100_10k,29,lid_descending,19,train_design,48,False,96,96
glove100_10k,29,lid_descending,20,train_design,16,False,16,96
glove100_10k,29,lid_descending,21,internal_audit,32,False,96,96
glove100_10k,29,lid_descending,22,train_design,10,False,10,96
glove100_10k,29,lid_descending,23,internal_audit,10,False,48,96
glove100_10k,29,lid_descending,24,calibration,10,False,10,96
glove100_10k,29,lid_descending,25,train_design,24,False,32,96
glove100_10k,29,lid_descending,26,calibration,48,False,96,96
glove100_10k,29,lid_descending,27,calibration,24,False,32,96
glove100_10k,29,lid_descending,28,train_design,24,False,24,96
glove100_10k,29,lid_descending,29,calibration,64,False,64,96
glove100_10k,29,lid_descending,30,internal_audit,10,False,10,96
glove100_10k,29,lid_descending,31,train_design,96,False,96,96
glove100_10k,29,lid_descending,32,train_design,48,False,64,96
glove100_10k,29,lid_descending,33,calibration,96,False,96,96
glove100_10k,29,lid_descending,34,internal_audit,32,False,48,96
glove100_10k,29,lid_descending,35,train_design,32,False,32,96
glove100_10k,29,lid_descending,36,internal_audit,192,False,96,96
glove100_10k,29,lid_descending,37,train_design,128,False,96,96
glove100_10k,29,lid_descending,38,internal_audit,48,False,96,96
glove100_10k,29,lid_descending,39,calibration,96,False,96,96
glove100_10k,29,lid_descending,40,train_design,96,False,96,96
glove100_10k,29,lid_descending,41,internal_audit,24,False,24,96
glove100_10k,29,lid_descending,42,train_design,32,False,64,96
glove100_10k,29,lid_descending,43,train_design,48,False,96,96
glove100_10k,29,lid_descending,44,train_design,128,False,64,96
glove100_10k,29,lid_descending,45,internal_audit,256,False,96,96
glove100_10k,29,lid_descending,46,calibration,64,False,64,96
glove100_10k,29,lid_descending,47,train_design,10,False,16,96
glove100_10k,29,lid_descending,48,train_design,192,False,48,96
glove100_10k,29,lid_descending,49,internal_audit,10,False,16,96
glove100_10k,29,lid_descending,50,train_design,64,False,64,96
glove100_10k,29,lid_descending,51,calibration,10,False,48,96
glove100_10k,29,lid_descending,52,calibration,10,False,10,96
glove100_10k,29,lid_descending,53,train_design,64,False,64,96
glove100_10k,29,lid_descending,54,train_design,48,False,48,96
glove100_10k,29,lid_descending,55,calibration,256,False,48,96
glove100_10k,29,lid_descending,56,train_design,16,False,16,96
glove100_10k,29,lid_descending,57,calibration,48,False,64,96
glove100_10k,29,lid_descending,58,calibration,16,False,16,96
glove100_10k,29,lid_descending,59,calibration,32,False,64,96
glove100_10k,29,lid_descending,60,train_design,96,False,96,96
glove100_10k,29,lid_descending,61,train_design,96,False,96,96
glove100_10k,29,lid_descending,62,train_design,10,False,10,96
glove100_10k,29,lid_descending,63,internal_audit,64,False,64,96
glove100_10k,29,lid_descending,64,train_design,48,False,96,96
glove100_10k,29,lid_descending,65,calibration,24,False,32,96
glove100_10k,29,lid_descending,66,calibration,48,False,48,96
glove100_10k,29,lid_descending,67,train_design,10,False,10,96
glove100_10k,29,lid_descending,68,calibration,24,False,24,96
glove100_10k,29,lid_descending,69,calibration,48,False,64,96
glove100_10k,29,lid_descending,70,train_design,32,False,32,96
glove100_10k,29,lid_descending,71,calibration,96,False,96,96
glove100_10k,29,lid_descending,72,train_design,128,False,32,96
glove100_10k,29,lid_descending,73,internal_audit,10,False,16,96
glove100_10k,29,lid_descending,74,calibration,48,False,48,96
glove100_10k,29,lid_descending,75,train_design,64,False,64,96
glove100_10k,29,lid_descending,76,train_design,32,False,32,96
glove100_10k,29,lid_descending,77,calibration,48,False,64,96
glove100_10k,29,lid_descending,78,calibration,10,False,10,96
glove100_10k,29,lid_descending,79,calibration,16,False,16,96
glove100_10k,29,lid_descending,80,train_design,96,False,96,96
glove100_10k,29,lid_descending,81,internal_audit,48,False,48,96
glove100_10k,29,lid_descending,82,train_design,96,False,96,96
glove100_10k,29,lid_descending,83,train_design,16,False,16,96
glove100_10k,29,lid_descending,84,train_design,16,False,24,96
glove100_10k,29,lid_descending,85,internal_audit,192,False,64,96
glove100_10k,29,lid_descending,86,internal_audit,24,False,24,96
glove100_10k,29,lid_descending,87,calibration,16,False,48,96
glove100_10k,29,lid_descending,88,internal_audit,48,False,64,96
glove100_10k,29,lid_descending,89,train_design,10,False,10,96
glove100_10k,29,lid_descending,90,calibration,10,False,24,96
glove100_10k,29,lid_descending,91,train_design,10,False,24,96
glove100_10k,29,lid_descending,92,internal_audit,10,False,16,96
glove100_10k,29,lid_descending,93,internal_audit,10,False,10,96
glove100_10k,29,lid_descending,94,calibration,16,False,16,96
glove100_10k,29,lid_descending,95,train_design,96,False,96,96
glove100_10k,29,lid_descending,96,internal_audit,16,False,16,96
glove100_10k,29,lid_descending,97,calibration,10,False,32,96
glove100_10k,29,lid_descending,98,train_design,32,False,32,96
glove100_10k,29,lid_descending,99,internal_audit,16,False,24,96
glove100_10k,29,lid_descending,100,train_design,10,False,10,96
glove100_10k,29,lid_descending,101,calibration,48,False,48,96
glove100_10k,29,lid_descending,102,train_design,128,False,96,96
glove100_10k,29,lid_descending,103,calibration,10,False,24,96
glove100_10k,29,lid_descending,104,internal_audit,32,False,96,96
glove100_10k,29,lid_descending,105,calibration,16,False,48,96
glove100_10k,29,lid_descending,106,train_design,10,False,96,96
glove100_10k,29,lid_descending,107,train_design,10,False,10,96
glove100_10k,29,lid_descending,108,train_design,24,False,24,96
glove100_10k,29,lid_descending,109,internal_audit,16,False,16,96
glove100_10k,29,lid_descending,110,calibration,16,False,32,96
glove100_10k,29,lid_descending,111,train_design,64,False,64,96
glove100_10k,29,lid_descending,112,train_design,128,False,96,96
glove100_10k,29,lid_descending,113,calibration,24,False,64,96
glove100_10k,29,lid_descending,114,internal_audit,64,False,64,96
glove100_10k,29,lid_descending,115,internal_audit,10,False,16,96
glove100_10k,29,lid_descending,116,train_design,48,False,96,96
glove100_10k,29,lid_descending,117,train_design,32,False,96,96
glove100_10k,29,lid_descending,118,internal_audit,32,False,48,96
glove100_10k,29,lid_descending,119,calibration,48,False,96,96
glove100_10k,29,lid_descending,120,internal_audit,32,False,48,96
glove100_10k,29,lid_descending,121,train_design,10,False,10,96
glove100_10k,29,lid_descending,122,calibration,24,False,24,96
glove100_10k,29,lid_descending,123,train_design,10,False,10,96
glove100_10k,29,lid_descending,124,train_design,24,False,24,96
glove100_10k,29,lid_descending,125,internal_audit,96,False,96,96
glove100_10k,29,lid_descending,126,internal_audit,96,False,96,96
glove100_10k,29,lid_descending,127,train_design,64,False,96,96
glove100_10k,29,lid_descending,128,internal_audit,48,False,48,96
glove100_10k,29,lid_descending,129,calibration,10,False,10,96
glove100_10k,29,lid_descending,130,internal_audit,10,False,10,96
glove100_10k,29,lid_descending,131,train_design,10,False,48,96
glove100_10k,29,lid_descending,132,calibration,128,False,64,96
glove100_10k,29,lid_descending,133,train_design,16,False,16,96
glove100_10k,29,lid_descending,134,internal_audit,96,False,96,96
glove100_10k,29,lid_descending,135,internal_audit,32,False,48,96
glove100_10k,29,lid_descending,136,train_design,96,False,96,96
glove100_10k,29,lid_descending,137,train_design,10,False,24,96
glove100_10k,29,lid_descending,138,train_design,16,False,96,96
glove100_10k,29,lid_descending,139,train_design,24,False,24,96
glove100_10k,29,lid_descending,140,internal_audit,32,False,96,96
glove100_10k,29,lid_descending,141,calibration,48,False,48,96
glove100_10k,29,lid_descending,142,internal_audit,48,False,48,96
glove100_10k,29,lid_descending,143,train_design,24,False,48,96
glove100_10k,29,lid_descending,144,internal_audit,48,False,48,96
glove100_10k,29,lid_descending,145,calibration,32,False,32,96
glove100_10k,29,lid_descending,146,train_design,256,False,96,96
glove100_10k,29,lid_descending,147,train_design,48,False,48,96
glove100_10k,29,lid_descending,148,train_design,10,False,32,96
glove100_10k,29,lid_descending,149,train_design,10,False,10,96
glove100_10k,29,lid_descending,150,train_design,10,False,10,96
glove100_10k,29,lid_descending,151,train_design,10,False,64,96
glove100_10k,29,lid_descending,152,train_design,10,False,10,96
glove100_10k,29,lid_descending,153,calibration,24,False,48,96
glove100_10k,29,lid_descending,154,calibration,192,False,48,96
glove100_10k,29,lid_descending,155,calibration,24,False,32,96
glove100_10k,29,lid_descending,156,internal_audit,10,False,10,96
glove100_10k,29,lid_descending,157,train_design,32,False,48,96
glove100_10k,29,lid_descending,158,internal_audit,10,False,10,96
glove100_10k,29,lid_descending,159,calibration,48,False,96,96
glove100_10k,29,lid_descending,160,train_design,10,False,48,96
glove100_10k,29,lid_descending,161,internal_audit,192,False,96,96
glove100_10k,29,lid_descending,162,internal_audit,48,False,96,96
glove100_10k,29,lid_descending,163,internal_audit,64,False,64,96
glove100_10k,29,lid_descending,164,train_design,10,False,10,96
glove100_10k,29,lid_descending,165,calibration,24,False,48,96
glove100_10k,29,lid_descending,166,train_design,48,False,96,96
glove100_10k,29,lid_descending,167,train_design,24,False,24,96
glove100_10k,29,lid_descending,168,train_design,192,False,48,96
glove100_10k,29,lid_descending,169,train_design,96,False,96,96
glove100_10k,29,lid_descending,170,calibration,32,False,48,96
glove100_10k,29,lid_descending,171,train_design,16,False,24,96
glove100_10k,29,lid_descending,172,train_design,96,False,96,96
glove100_10k,29,lid_descending,173,internal_audit,128,False,24,96
glove100_10k,29,lid_descending,174,train_design,24,False,24,96
glove100_10k,29,lid_descending,175,train_design,128,False,96,96
glove100_10k,29,lid_descending,176,calibration,48,False,48,96
glove100_10k,29,lid_descending,177,train_design,96,False,96,96
glove100_10k,29,lid_descending,178,train_design,24,False,24,96
glove100_10k,29,lid_descending,179,internal_audit,256,False,64,96
glove100_10k,29,lid_descending,180,internal_audit,96,False,96,96
glove100_10k,29,lid_descending,181,calibration,96,False,96,96
glove100_10k,29,lid_descending,182,train_design,64,False,96,96
glove100_10k,29,lid_descending,183,train_design,48,False,96,96
glove100_10k,29,lid_descending,184,train_design,10,False,48,96
glove100_10k,29,lid_descending,185,calibration,96,False,96,96
glove100_10k,29,lid_descending,186,calibration,32,False,64,96
glove100_10k,29,lid_descending,187,train_design,128,False,32,96
glove100_10k,29,lid_descending,188,train_design,64,False,96,96
glove100_10k,29,lid_descending,189,internal_audit,96,False,96,96
glove100_10k,29,lid_descending,190,train_design,10,False,10,96
glove100_10k,29,lid_descending,191,internal_audit,24,False,24,96
glove100_10k,29,lid_descending,192,calibration,16,False,32,96
glove100_10k,29,lid_descending,193,train_design,128,False,96,96
glove100_10k,29,lid_descending,194,internal_audit,32,False,32,96
glove100_10k,29,lid_descending,195,calibration,10,False,10,96
glove100_10k,29,lid_descending,196,calibration,48,False,48,96
glove100_10k,29,lid_descending,197,calibration,48,False,96,96
glove100_10k,29,lid_descending,198,train_design,10,False,48,96
glove100_10k,29,lid_descending,199,internal_audit,48,False,96,96
glove100_10k,29,lid_descending,200,train_design,96,False,96,96
glove100_10k,29,lid_descending,201,calibration,10,False,10,96
glove100_10k,29,lid_descending,202,internal_audit,96,False,96,96
glove100_10k,29,lid_descending,203,internal_audit,10,False,10,96
glove100_10k,29,lid_descending,204,train_design,16,False,48,96
glove100_10k,29,lid_descending,205,train_design,32,False,32,96
glove100_10k,29,lid_descending,206,calibration,64,False,64,96
glove100_10k,29,lid_descending,207,internal_audit,96,False,96,96
glove100_10k,29,lid_descending,208,train_design,32,False,32,96
glove100_10k,29,lid_descending,209,internal_audit,24,False,32,96
glove100_10k,29,lid_descending,210,internal_audit,10,False,10,96
glove100_10k,29,lid_descending,211,train_design,96,False,96,96
glove100_10k,29,lid_descending,212,internal_audit,64,False,96,96
glove100_10k,29,lid_descending,213,train_design,16,False,48,96
glove100_10k,29,lid_descending,214,internal_audit,24,False,24,96
glove100_10k,29,lid_descending,215,internal_audit,32,False,32,96
glove100_10k,29,lid_descending,216,internal_audit,24,False,32,96
glove100_10k,29,lid_descending,217,train_design,48,False,96,96
glove100_10k,29,lid_descending,218,calibration,48,False,96,96
glove100_10k,29,lid_descending,219,calibration,24,False,48,96
glove100_10k,29,lid_descending,220,calibration,10,False,10,96
glove100_10k,29,lid_descending,221,train_design,48,False,48,96
glove100_10k,29,lid_descending,222,train_design,32,False,96,96
glove100_10k,29,lid_descending,223,train_design,24,False,48,96
glove100_10k,29,lid_descending,224,internal_audit,10,False,10,96
glove100_10k,29,lid_descending,225,train_design,192,False,16,96
glove100_10k,29,lid_descending,226,internal_audit,10,False,10,96
glove100_10k,29,lid_descending,227,train_design,24,False,24,96
glove100_10k,29,lid_descending,228,train_design,128,False,64,96
glove100_10k,29,lid_descending,229,train_design,192,False,24,96
glove100_10k,29,lid_descending,230,train_design,48,False,48,96
glove100_10k,29,lid_descending,231,train_design,32,False,96,96
glove100_10k,29,lid_descending,232,internal_audit,48,False,48,96
glove100_10k,29,lid_descending,233,internal_audit,10,False,10,96
glove100_10k,29,lid_descending,234,train_design,24,False,48,96
glove100_10k,29,lid_descending,235,internal_audit,48,False,48,96
glove100_10k,29,lid_descending,236,internal_audit,192,False,96,96
glove100_10k,29,lid_descending,237,calibration,48,False,48,96
glove100_10k,29,lid_descending,238,train_design,64,False,64,96
glove100_10k,29,lid_descending,239,calibration,10,False,32,96
glove100_10k,29,lid_descending,240,train_design,384,False,96,96
glove100_10k,29,lid_descending,241,internal_audit,16,False,96,96
glove100_10k,29,lid_descending,242,calibration,10,False,16,96
glove100_10k,29,lid_descending,243,train_design,16,False,16,96
glove100_10k,29,lid_descending,244,train_design,16,False,24,96
glove100_10k,29,lid_descending,245,train_design,48,False,64,96
glove100_10k,29,lid_descending,246,train_design,48,False,96,96
glove100_10k,29,lid_descending,247,train_design,192,False,64,96
glove100_10k,29,lid_descending,248,calibration,10,False,10,96
glove100_10k,29,lid_descending,249,calibration,10,False,24,96
glove100_10k,29,lid_descending,250,internal_audit,10,False,16,96
glove100_10k,29,lid_descending,251,calibration,10,False,10,96
glove100_10k,29,lid_descending,252,calibration,10,False,10,96
glove100_10k,29,lid_descending,253,train_design,10,False,16,96
glove100_10k,29,lid_descending,254,train_design,10,False,32,96
glove100_10k,29,lid_descending,255,train_design,24,False,24,96
glove100_10k,29,lid_descending,256,calibration,64,False,96,96
glove100_10k,29,lid_descending,257,internal_audit,16,False,48,96
glove100_10k,29,lid_descending,258,train_design,16,False,16,96
glove100_10k,29,lid_descending,259,train_design,24,False,24,96
glove100_10k,29,lid_descending,260,calibration,192,False,32,96
glove100_10k,29,lid_descending,261,train_design,10,False,10,96
glove100_10k,29,lid_descending,262,calibration,10,False,16,96
glove100_10k,29,lid_descending,263,internal_audit,10,False,10,96
glove100_10k,29,lid_descending,264,internal_audit,96,False,96,96
glove100_10k,29,lid_descending,265,train_design,10,False,24,96
glove100_10k,29,lid_descending,266,calibration,10,False,32,96
glove100_10k,29,lid_descending,267,train_design,96,False,96,96
glove100_10k,29,lid_descending,268,internal_audit,10,False,10,96
glove100_10k,29,lid_descending,269,calibration,16,False,96,96
glove100_10k,29,lid_descending,270,calibration,10,False,10,96
glove100_10k,29,lid_descending,271,internal_audit,48,False,64,96
glove100_10k,29,lid_descending,272,train_design,24,False,24,96
glove100_10k,29,lid_descending,273,train_design,24,False,48,96
glove100_10k,29,lid_descending,274,internal_audit,10,False,10,96
glove100_10k,29,lid_descending,275,train_design,96,False,96,96
glove100_10k,29,lid_descending,276,calibration,32,False,48,96
glove100_10k,29,lid_descending,277,calibration,24,False,96,96
glove100_10k,29,lid_descending,278,calibration,32,False,32,96
glove100_10k,29,lid_descending,279,train_design,64,False,96,96
glove100_10k,29,lid_descending,280,train_design,24,False,48,96
glove100_10k,29,lid_descending,281,train_design,96,False,96,96
glove100_10k,29,lid_descending,282,train_design,10,False,16,96
glove100_10k,29,lid_descending,283,calibration,24,False,24,96
glove100_10k,29,lid_descending,284,internal_audit,128,False,96,96
glove100_10k,29,lid_descending,285,train_design,10,False,16,96
glove100_10k,29,lid_descending,286,calibration,10,False,64,96
glove100_10k,29,lid_descending,287,train_design,10,False,10,96
glove100_10k,29,lid_descending,288,train_design,192,False,96,96
glove100_10k,29,lid_descending,289,internal_audit,48,False,48,96
glove100_10k,29,lid_descending,290,train_design,16,False,16,96
glove100_10k,29,lid_descending,291,train_design,10,False,10,96
glove100_10k,29,lid_descending,292,train_design,10,False,10,96
glove100_10k,29,lid_descending,293,internal_audit,10,False,32,96
glove100_10k,29,lid_descending,294,train_design,10,False,10,96
glove100_10k,29,lid_descending,295,internal_audit,10,False,10,96
glove100_10k,29,lid_descending,296,train_design,16,False,16,96
glove100_10k,29,lid_descending,297,train_design,96,False,96,96
glove100_10k,29,lid_descending,298,train_design,48,False,96,96
glove100_10k,29,lid_descending,299,internal_audit,10,False,10,96
glove100_10k,29,lid_descending,300,train_design,10,False,10,96
glove100_10k,29,lid_descending,301,train_design,16,False,16,96
glove100_10k,29,lid_descending,302,train_design,10,False,10,96
glove100_10k,29,lid_descending,303,calibration,32,False,32,96
glove100_10k,29,lid_descending,304,calibration,10,False,10,96
glove100_10k,29,lid_descending,305,train_design,10,False,10,96
glove100_10k,29,lid_descending,306,internal_audit,10,False,16,96
glove100_10k,29,lid_descending,307,train_design,96,False,96,96
glove100_10k,29,lid_descending,308,internal_audit,16,False,16,96
glove100_10k,29,lid_descending,309,train_design,64,False,64,96
glove100_10k,29,lid_descending,310,train_design,64,False,64,96
glove100_10k,29,lid_descending,311,internal_audit,16,False,24,96
glove100_10k,29,lid_descending,312,train_design,10,False,10,96
glove100_10k,29,lid_descending,313,train_design,64,False,96,96
glove100_10k,29,lid_descending,314,internal_audit,10,False,10,96
glove100_10k,29,lid_descending,315,calibration,192,False,64,96
glove100_10k,29,lid_descending,316,calibration,10,False,10,96
glove100_10k,29,lid_descending,317,internal_audit,16,False,64,96
glove100_10k,29,lid_descending,318,train_design,24,False,32,96
glove100_10k,29,lid_descending,319,calibration,64,False,96,96
glove100_10k,29,lid_descending,320,internal_audit,10,False,10,96
glove100_10k,29,lid_descending,321,train_design,24,False,32,96
glove100_10k,29,lid_descending,322,internal_audit,10,False,24,96
glove100_10k,29,lid_descending,323,train_design,128,False,64,96
glove100_10k,29,lid_descending,324,calibration,96,False,96,96
glove100_10k,29,lid_descending,325,train_design,24,False,32,96
glove100_10k,29,lid_descending,326,train_design,32,False,48,96
glove100_10k,29,lid_descending,327,train_design,128,False,96,96
glove100_10k,29,lid_descending,328,calibration,10,False,10,96
glove100_10k,29,lid_descending,329,calibration,24,False,24,96
glove100_10k,29,lid_descending,330,calibration,96,False,96,96
glove100_10k,29,lid_descending,331,train_design,64,False,96,96
glove100_10k,29,lid_descending,332,train_design,16,False,16,96
glove100_10k,29,lid_descending,333,train_design,96,False,96,96
glove100_10k,29,lid_descending,334,train_design,24,False,64,96
glove100_10k,29,lid_descending,335,internal_audit,10,False,10,96
glove100_10k,29,lid_descending,336,train_design,24,False,32,96
glove100_10k,29,lid_descending,337,calibration,64,False,96,96
glove100_10k,29,lid_descending,338,calibration,96,False,96,96
glove100_10k,29,lid_descending,339,internal_audit,48,False,96,96
glove100_10k,29,lid_descending,340,calibration,96,False,96,96
glove100_10k,29,lid_descending,341,internal_audit,48,False,48,96
glove100_10k,29,lid_descending,342,calibration,10,False,10,96
glove100_10k,29,lid_descending,343,internal_audit,96,False,96,96
glove100_10k,29,lid_descending,344,calibration,32,False,32,96
glove100_10k,29,lid_descending,345,train_design,10,False,32,96
glove100_10k,29,lid_descending,346,train_design,10,False,10,96
glove100_10k,29,lid_descending,347,train_design,10,False,10,96
glove100_10k,29,lid_descending,348,train_design,32,False,96,96
glove100_10k,29,lid_descending,349,train_design,128,False,96,96
glove100_10k,29,lid_descending,350,internal_audit,24,False,48,96
glove100_10k,29,lid_descending,351,internal_audit,192,False,64,96
glove100_10k,29,lid_descending,352,train_design,16,False,48,96
glove100_10k,29,lid_descending,353,calibration,10,False,10,96
glove100_10k,29,lid_descending,354,calibration,32,False,96,96
glove100_10k,29,lid_descending,355,internal_audit,48,False,48,96
glove100_10k,29,lid_descending,356,train_design,64,False,64,96
glove100_10k,29,lid_descending,357,internal_audit,64,False,64,96
glove100_10k,29,lid_descending,358,train_design,24,False,48,96
glove100_10k,29,lid_descending,359,train_design,24,False,64,96
glove100_10k,29,lid_descending,360,train_design,48,False,48,96
glove100_10k,29,lid_descending,361,calibration,64,False,96,96
glove100_10k,29,lid_descending,362,train_design,10,False,48,96
glove100_10k,29,lid_descending,363,train_design,24,False,96,96
glove100_10k,29,lid_descending,364,internal_audit,16,False,32,96
glove100_10k,29,lid_descending,365,train_design,32,False,48,96
glove100_10k,29,lid_descending,366,train_design,24,False,96,96
glove100_10k,29,lid_descending,367,train_design,16,False,32,96
glove100_10k,29,lid_descending,368,calibration,24,False,32,96
glove100_10k,29,lid_descending,369,internal_audit,10,False,10,96
glove100_10k,29,lid_descending,370,calibration,64,False,64,96
glove100_10k,29,lid_descending,371,train_design,32,False,32,96
glove100_10k,29,lid_descending,372,internal_audit,24,False,32,96
glove100_10k,29,lid_descending,373,train_design,32,False,32,96
glove100_10k,29,lid_descending,374,internal_audit,10,False,32,96
glove100_10k,29,lid_descending,375,train_design,96,False,96,96
glove100_10k,29,lid_descending,376,train_design,64,False,96,96
glove100_10k,29,lid_descending,377,train_design,10,False,10,96
glove100_10k,29,lid_descending,378,calibration,64,False,64,96
glove100_10k,29,lid_descending,379,train_design,64,False,64,96
glove100_10k,29,lid_descending,380,train_design,10,False,48,96
glove100_10k,29,lid_descending,381,internal_audit,10,False,10,96
glove100_10k,29,lid_descending,382,internal_audit,64,False,96,96
glove100_10k,29,lid_descending,383,internal_audit,10,False,10,96
glove100_10k,29,lid_descending,384,train_design,10,False,16,96
glove100_10k,29,lid_descending,385,train_design,128,False,96,96
glove100_10k,29,lid_descending,386,train_design,10,False,10,96
glove100_10k,29,lid_descending,387,train_design,16,False,16,96
glove100_10k,29,lid_descending,388,train_design,32,False,32,96
glove100_10k,29,lid_descending,389,train_design,32,False,64,96
glove100_10k,29,lid_descending,390,internal_audit,192,False,96,96
glove100_10k,29,lid_descending,391,internal_audit,10,False,10,96
glove100_10k,29,lid_descending,392,train_design,16,False,48,96
glove100_10k,29,lid_descending,393,calibration,10,False,10,96
glove100_10k,29,lid_descending,394,calibration,64,False,96,96
glove100_10k,29,lid_descending,395,train_design,24,False,96,96
glove100_10k,29,lid_descending,396,train_design,96,False,96,96
glove100_10k,29,lid_descending,397,internal_audit,10,False,10,96
glove100_10k,29,lid_descending,398,internal_audit,48,False,48,96
glove100_10k,29,lid_descending,399,calibration,128,False,96,96
glove100_10k,29,lid_descending,400,train_design,10,False,24,96
glove100_10k,29,lid_descending,401,train_design,10,False,16,96
glove100_10k,29,lid_descending,402,calibration,10,False,10,96
glove100_10k,29,lid_descending,403,calibration,24,False,48,96
glove100_10k,29,lid_descending,404,calibration,128,False,64,96
glove100_10k,29,lid_descending,405,train_design,24,False,24,96
glove100_10k,29,lid_descending,406,train_design,16,False,16,96
glove100_10k,29,lid_descending,407,calibration,64,False,64,96
glove100_10k,29,lid_descending,408,internal_audit,10,False,10,96
glove100_10k,29,lid_descending,409,train_design,10,False,10,96
glove100_10k,29,lid_descending,410,calibration,192,False,96,96
glove100_10k,29,lid_descending,411,train_design,10,False,10,96
glove100_10k,29,lid_descending,412,train_design,10,False,10,96
glove100_10k,29,lid_descending,413,calibration,10,False,24,96
glove100_10k,29,lid_descending,414,internal_audit,48,False,96,96
glove100_10k,29,lid_descending,415,internal_audit,10,False,48,96
glove100_10k,29,lid_descending,416,calibration,24,False,48,96
glove100_10k,29,lid_descending,417,train_design,16,False,24,96
glove100_10k,29,lid_descending,418,calibration,24,False,24,96
glove100_10k,29,lid_descending,419,train_design,96,False,96,96
glove100_10k,29,lid_descending,420,calibration,10,False,10,96
glove100_10k,29,lid_descending,421,train_design,10,False,96,96
glove100_10k,29,lid_descending,422,train_design,10,False,10,96
glove100_10k,29,lid_descending,423,train_design,10,False,10,96
glove100_10k,29,lid_descending,424,train_design,64,False,64,96
glove100_10k,29,lid_descending,425,train_design,10,False,24,96
glove100_10k,29,lid_descending,426,train_design,96,False,96,96
glove100_10k,29,lid_descending,427,train_design,64,False,64,96
glove100_10k,29,lid_descending,428,internal_audit,24,False,24,96
glove100_10k,29,lid_descending,429,internal_audit,16,False,16,96
glove100_10k,29,lid_descending,430,train_design,64,False,96,96
glove100_10k,29,lid_descending,431,train_design,96,False,96,96
glove100_10k,29,lid_descending,432,train_design,16,False,32,96
glove100_10k,29,lid_descending,433,calibration,10,False,16,96
glove100_10k,29,lid_descending,434,train_design,10,False,96,96
glove100_10k,29,lid_descending,435,train_design,96,False,96,96
glove100_10k,29,lid_descending,436,train_design,24,False,24,96
glove100_10k,29,lid_descending,437,internal_audit,96,False,96,96
glove100_10k,29,lid_descending,438,internal_audit,64,False,64,96
glove100_10k,29,lid_descending,439,internal_audit,16,False,48,96
glove100_10k,29,lid_descending,440,calibration,16,False,64,96
glove100_10k,29,lid_descending,441,calibration,10,False,48,96
glove100_10k,29,lid_descending,442,internal_audit,96,False,96,96
glove100_10k,29,lid_descending,443,train_design,96,False,96,96
glove100_10k,29,lid_descending,444,internal_audit,16,False,16,96
glove100_10k,29,lid_descending,445,calibration,10,False,24,96
glove100_10k,29,lid_descending,446,train_design,24,False,64,96
glove100_10k,29,lid_descending,447,calibration,96,False,96,96
glove100_10k,29,lid_descending,448,train_design,192,False,96,96
glove100_10k,29,lid_descending,449,calibration,48,False,48,96
glove100_10k,29,lid_descending,450,train_design,96,False,96,96
glove100_10k,29,lid_descending,451,calibration,48,False,96,96
glove100_10k,29,lid_descending,452,calibration,48,False,64,96
glove100_10k,29,lid_descending,453,train_design,10,False,10,96
glove100_10k,29,lid_descending,454,train_design,10,False,24,96
glove100_10k,29,lid_descending,455,train_design,16,False,24,96
glove100_10k,29,lid_descending,456,train_design,128,False,64,96
glove100_10k,29,lid_descending,457,train_design,24,False,32,96
glove100_10k,29,lid_descending,458,internal_audit,10,False,10,96
glove100_10k,29,lid_descending,459,internal_audit,24,False,24,96
glove100_10k,29,lid_descending,460,train_design,32,False,48,96
glove100_10k,29,lid_descending,461,train_design,128,False,16,96
glove100_10k,29,lid_descending,462,calibration,128,False,48,96
glove100_10k,29,lid_descending,463,train_design,10,False,32,96
glove100_10k,29,lid_descending,464,train_design,10,False,32,96
glove100_10k,29,lid_descending,465,train_design,64,False,64,96
glove100_10k,29,lid_descending,466,train_design,64,False,64,96
glove100_10k,29,lid_descending,467,internal_audit,16,False,24,96
glove100_10k,29,lid_descending,468,train_design,24,False,24,96
glove100_10k,29,lid_descending,469,train_design,48,False,48,96
glove100_10k,29,lid_descending,470,train_design,10,False,10,96
glove100_10k,29,lid_descending,471,internal_audit,24,False,64,96
glove100_10k,29,lid_descending,472,train_design,128,False,96,96
glove100_10k,29,lid_descending,473,train_design,192,False,48,96
glove100_10k,29,lid_descending,474,train_design,96,False,96,96
glove100_10k,29,lid_descending,475,train_design,96,False,96,96
glove100_10k,29,lid_descending,476,internal_audit,10,False,10,96
glove100_10k,29,lid_descending,477,train_design,64,False,96,96
glove100_10k,29,lid_descending,478,train_design,64,False,96,96
glove100_10k,29,lid_descending,479,train_design,16,False,24,96
glove100_10k,29,lid_descending,480,train_design,16,False,24,96
glove100_10k,29,lid_descending,481,train_design,10,False,96,96
glove100_10k,29,lid_descending,482,internal_audit,24,False,24,96
glove100_10k,29,lid_descending,483,train_design,24,False,24,96
glove100_10k,29,lid_descending,484,train_design,128,False,64,96
glove100_10k,29,lid_descending,485,calibration,10,False,10,96
glove100_10k,29,lid_descending,486,internal_audit,10,False,24,96
glove100_10k,29,lid_descending,487,internal_audit,32,False,32,96
glove100_10k,29,lid_descending,488,calibration,32,False,32,96
glove100_10k,29,lid_descending,489,train_design,32,False,32,96
glove100_10k,29,lid_descending,490,calibration,16,False,16,96
glove100_10k,29,lid_descending,491,internal_audit,10,False,10,96
glove100_10k,29,lid_descending,492,train_design,10,False,10,96
glove100_10k,29,lid_descending,493,calibration,96,False,96,96
glove100_10k,29,lid_descending,494,train_design,16,False,64,96
glove100_10k,29,lid_descending,495,train_design,10,False,16,96
glove100_10k,29,lid_descending,496,train_design,16,False,48,96
glove100_10k,29,lid_descending,497,train_design,96,False,96,96
glove100_10k,29,lid_descending,498,calibration,128,False,96,96
glove100_10k,29,lid_descending,499,train_design,10,False,10,96
glove100_10k,29,random,0,train_design,10,False,32,96
glove100_10k,29,random,1,train_design,16,False,24,96
glove100_10k,29,random,2,calibration,10,False,10,96
glove100_10k,29,random,3,calibration,96,False,96,96
glove100_10k,29,random,4,internal_audit,128,False,96,96
glove100_10k,29,random,5,calibration,10,False,16,96
glove100_10k,29,random,6,train_design,24,False,64,96
glove100_10k,29,random,7,internal_audit,10,False,10,96
glove100_10k,29,random,8,train_design,16,False,16,96
glove100_10k,29,random,9,train_design,32,False,48,96
glove100_10k,29,random,10,train_design,128,False,96,96
glove100_10k,29,random,11,internal_audit,96,False,96,96
glove100_10k,29,random,12,train_design,48,False,96,96
glove100_10k,29,random,13,internal_audit,24,False,24,96
glove100_10k,29,random,14,train_design,10,False,10,96
glove100_10k,29,random,15,internal_audit,24,False,24,96
glove100_10k,29,random,16,calibration,96,False,96,96
glove100_10k,29,random,17,internal_audit,96,False,96,96
glove100_10k,29,random,18,calibration,128,False,96,96
glove100_10k,29,random,19,train_design,64,False,96,96
glove100_10k,29,random,20,train_design,10,False,10,96
glove100_10k,29,random,21,internal_audit,48,False,48,96
glove100_10k,29,random,22,train_design,10,False,10,96
glove100_10k,29,random,23,internal_audit,24,False,64,96
glove100_10k,29,random,24,calibration,10,False,10,96
glove100_10k,29,random,25,train_design,16,False,32,96
glove100_10k,29,random,26,calibration,24,False,96,96
glove100_10k,29,random,27,calibration,48,False,64,96
glove100_10k,29,random,28,train_design,48,False,48,96
glove100_10k,29,random,29,calibration,96,False,96,96
glove100_10k,29,random,30,internal_audit,10,False,16,96
glove100_10k,29,random,31,train_design,96,False,96,96
glove100_10k,29,random,32,train_design,96,False,96,96
glove100_10k,29,random,33,calibration,64,False,96,96
glove100_10k,29,random,34,internal_audit,48,False,64,96
glove100_10k,29,random,35,train_design,48,False,96,96
glove100_10k,29,random,36,internal_audit,128,False,64,96
glove100_10k,29,random,37,train_design,192,False,48,96
glove100_10k,29,random,38,internal_audit,48,False,96,96
glove100_10k,29,random,39,calibration,48,False,64,96
glove100_10k,29,random,40,train_design,48,False,48,96
glove100_10k,29,random,41,internal_audit,10,False,48,96
glove100_10k,29,random,42,train_design,48,False,48,96
glove100_10k,29,random,43,train_design,96,False,96,96
glove100_10k,29,random,44,train_design,128,False,96,96
glove100_10k,29,random,45,internal_audit,128,False,64,96
glove100_10k,29,random,46,calibration,10,False,16,96
glove100_10k,29,random,47,train_design,10,False,16,96
glove100_10k,29,random,48,train_design,128,False,96,96
glove100_10k,29,random,49,internal_audit,16,False,24,96
glove100_10k,29,random,50,train_design,64,False,64,96
glove100_10k,29,random,51,calibration,16,False,16,96
glove100_10k,29,random,52,calibration,10,False,10,96
glove100_10k,29,random,53,train_design,32,False,64,96
glove100_10k,29,random,54,train_design,48,False,48,96
glove100_10k,29,random,55,calibration,64,False,96,96
glove100_10k,29,random,56,train_design,10,False,16,96
glove100_10k,29,random,57,calibration,32,False,48,96
glove100_10k,29,random,58,calibration,10,False,10,96
glove100_10k,29,random,59,calibration,48,False,96,96
glove100_10k,29,random,60,train_design,64,False,96,96
glove100_10k,29,random,61,train_design,96,False,96,96
glove100_10k,29,random,62,train_design,10,False,10,96
glove100_10k,29,random,63,internal_audit,48,False,64,96
glove100_10k,29,random,64,train_design,48,False,96,96
glove100_10k,29,random,65,calibration,10,False,10,96
glove100_10k,29,random,66,calibration,128,False,96,96
glove100_10k,29,random,67,train_design,10,False,24,96
glove100_10k,29,random,68,calibration,24,False,96,96
glove100_10k,29,random,69,calibration,96,False,96,96
glove100_10k,29,random,70,train_design,32,False,48,96
glove100_10k,29,random,71,calibration,32,False,64,96
glove100_10k,29,random,72,train_design,192,False,64,96
glove100_10k,29,random,73,internal_audit,10,False,10,96
glove100_10k,29,random,74,calibration,64,False,64,96
glove100_10k,29,random,75,train_design,32,False,32,96
glove100_10k,29,random,76,train_design,32,False,48,96
glove100_10k,29,random,77,calibration,64,False,96,96
glove100_10k,29,random,78,calibration,10,False,16,96
glove100_10k,29,random,79,calibration,32,False,48,96
glove100_10k,29,random,80,train_design,96,False,96,96
glove100_10k,29,random,81,internal_audit,48,False,96,96
glove100_10k,29,random,82,train_design,48,False,48,96
glove100_10k,29,random,83,train_design,24,False,48,96
glove100_10k,29,random,84,train_design,32,False,48,96
glove100_10k,29,random,85,internal_audit,64,False,64,96
glove100_10k,29,random,86,internal_audit,24,False,64,96
glove100_10k,29,random,87,calibration,24,False,48,96
glove100_10k,29,random,88,internal_audit,96,False,96,96
glove100_10k,29,random,89,train_design,10,False,10,96
glove100_10k,29,random,90,calibration,24,False,48,96
glove100_10k,29,random,91,train_design,64,False,96,96
glove100_10k,29,random,92,internal_audit,24,False,24,96
glove100_10k,29,random,93,internal_audit,10,False,64,96
glove100_10k,29,random,94,calibration,48,False,48,96
glove100_10k,29,random,95,train_design,48,False,64,96
glove100_10k,29,random,96,internal_audit,32,False,48,96
glove100_10k,29,random,97,calibration,10,False,10,96
glove100_10k,29,random,98,train_design,32,False,32,96
glove100_10k,29,random,99,internal_audit,16,False,96,96
glove100_10k,29,random,100,train_design,10,False,10,96
glove100_10k,29,random,101,calibration,64,False,96,96
glove100_10k,29,random,102,train_design,192,False,96,96
glove100_10k,29,random,103,calibration,10,False,32,96
glove100_10k,29,random,104,internal_audit,128,False,24,96
glove100_10k,29,random,105,calibration,24,False,32,96
glove100_10k,29,random,106,train_design,10,False,10,96
glove100_10k,29,random,107,train_design,10,False,16,96
glove100_10k,29,random,108,train_design,48,False,96,96
glove100_10k,29,random,109,internal_audit,96,False,96,96
glove100_10k,29,random,110,calibration,16,False,24,96
glove100_10k,29,random,111,train_design,192,False,96,96
glove100_10k,29,random,112,train_design,96,False,96,96
glove100_10k,29,random,113,calibration,10,False,16,96
glove100_10k,29,random,114,internal_audit,64,False,64,96
glove100_10k,29,random,115,internal_audit,10,False,10,96
glove100_10k,29,random,116,train_design,64,False,64,96
glove100_10k,29,random,117,train_design,48,False,48,96
glove100_10k,29,random,118,internal_audit,48,False,96,96
glove100_10k,29,random,119,calibration,48,False,64,96
glove100_10k,29,random,120,internal_audit,32,False,32,96
glove100_10k,29,random,121,train_design,24,False,24,96
glove100_10k,29,random,122,calibration,24,False,48,96
glove100_10k,29,random,123,train_design,10,False,10,96
glove100_10k,29,random,124,train_design,48,False,48,96
glove100_10k,29,random,125,internal_audit,96,False,96,96
glove100_10k,29,random,126,internal_audit,128,False,96,96
glove100_10k,29,random,127,train_design,48,False,64,96
glove100_10k,29,random,128,internal_audit,48,False,48,96
glove100_10k,29,random,129,calibration,10,False,10,96
glove100_10k,29,random,130,internal_audit,10,False,10,96
glove100_10k,29,random,131,train_design,16,False,16,96
glove100_10k,29,random,132,calibration,64,False,64,96
glove100_10k,29,random,133,train_design,10,False,16,96
glove100_10k,29,random,134,internal_audit,64,False,64,96
glove100_10k,29,random,135,internal_audit,64,False,64,96
glove100_10k,29,random,136,train_design,192,False,64,96
glove100_10k,29,random,137,train_design,10,False,24,96
glove100_10k,29,random,138,train_design,32,False,96,96
glove100_10k,29,random,139,train_design,24,False,64,96
glove100_10k,29,random,140,internal_audit,10,False,48,96
glove100_10k,29,random,141,calibration,10,False,16,96
glove100_10k,29,random,142,internal_audit,48,False,48,96
glove100_10k,29,random,143,train_design,16,False,16,96
glove100_10k,29,random,144,internal_audit,16,False,96,96
glove100_10k,29,random,145,calibration,24,False,32,96
glove100_10k,29,random,146,train_design,384,False,96,96
glove100_10k,29,random,147,train_design,24,False,48,96
glove100_10k,29,random,148,train_design,16,False,24,96
glove100_10k,29,random,149,train_design,10,False,10,96
glove100_10k,29,random,150,train_design,10,False,16,96
glove100_10k,29,random,151,train_design,10,False,96,96
glove100_10k,29,random,152,train_design,10,False,16,96
glove100_10k,29,random,153,calibration,16,False,48,96
glove100_10k,29,random,154,calibration,10,False,96,96
glove100_10k,29,random,155,calibration,24,False,24,96
glove100_10k,29,random,156,internal_audit,10,False,10,96
glove100_10k,29,random,157,train_design,64,False,64,96
glove100_10k,29,random,158,internal_audit,10,False,10,96
glove100_10k,29,random,159,calibration,96,False,96,96
glove100_10k,29,random,160,train_design,10,False,48,96
glove100_10k,29,random,161,internal_audit,192,False,96,96
glove100_10k,29,random,162,internal_audit,96,False,96,96
glove100_10k,29,random,163,internal_audit,64,False,64,96
glove100_10k,29,random,164,train_design,10,False,10,96
glove100_10k,29,random,165,calibration,48,False,96,96
glove100_10k,29,random,166,train_design,48,False,96,96
glove100_10k,29,random,167,train_design,32,False,32,96
glove100_10k,29,random,168,train_design,192,False,96,96
glove100_10k,29,random,169,train_design,32,False,32,96
glove100_10k,29,random,170,calibration,48,False,64,96
glove100_10k,29,random,171,train_design,48,False,48,96
glove100_10k,29,random,172,train_design,64,False,64,96
glove100_10k,29,random,173,internal_audit,24,False,48,96
glove100_10k,29,random,174,train_design,16,False,16,96
glove100_10k,29,random,175,train_design,96,False,96,96
glove100_10k,29,random,176,calibration,48,False,48,96
glove100_10k,29,random,177,train_design,96,False,96,96
glove100_10k,29,random,178,train_design,48,False,48,96
glove100_10k,29,random,179,internal_audit,192,False,96,96
glove100_10k,29,random,180,internal_audit,96,False,96,96
glove100_10k,29,random,181,calibration,96,False,96,96
glove100_10k,29,random,182,train_design,32,False,64,96
glove100_10k,29,random,183,train_design,24,False,96,96
glove100_10k,29,random,184,train_design,10,False,16,96
glove100_10k,29,random,185,calibration,96,False,96,96
glove100_10k,29,random,186,calibration,48,False,48,96
glove100_10k,29,random,187,train_design,96,False,96,96
glove100_10k,29,random,188,train_design,48,False,64,96
glove100_10k,29,random,189,internal_audit,48,False,96,96
glove100_10k,29,random,190,train_design,16,False,16,96
glove100_10k,29,random,191,internal_audit,10,False,10,96
glove100_10k,29,random,192,calibration,96,False,96,96
glove100_10k,29,random,193,train_design,192,False,96,96
glove100_10k,29,random,194,internal_audit,16,False,96,96
glove100_10k,29,random,195,calibration,16,False,16,96
glove100_10k,29,random,196,calibration,16,False,16,96
glove100_10k,29,random,197,calibration,32,False,32,96
glove100_10k,29,random,198,train_design,16,False,96,96
glove100_10k,29,random,199,internal_audit,64,False,64,96
glove100_10k,29,random,200,train_design,48,False,48,96
glove100_10k,29,random,201,calibration,10,False,10,96
glove100_10k,29,random,202,internal_audit,128,False,64,96
glove100_10k,29,random,203,internal_audit,10,False,10,96
glove100_10k,29,random,204,train_design,16,False,16,96
glove100_10k,29,random,205,train_design,32,False,48,96
glove100_10k,29,random,206,calibration,16,False,24,96
glove100_10k,29,random,207,internal_audit,32,False,48,96
glove100_10k,29,random,208,train_design,96,False,96,96
glove100_10k,29,random,209,internal_audit,24,False,32,96
glove100_10k,29,random,210,internal_audit,10,False,10,96
glove100_10k,29,random,211,train_design,96,False,96,96
glove100_10k,29,random,212,internal_audit,96,False,96,96
glove100_10k,29,random,213,train_design,16,False,48,96
glove100_10k,29,random,214,internal_audit,48,False,48,96
glove100_10k,29,random,215,internal_audit,48,False,96,96
glove100_10k,29,random,216,internal_audit,10,False,10,96
glove100_10k,29,random,217,train_design,128,False,48,96
glove100_10k,29,random,218,calibration,48,False,64,96
glove100_10k,29,random,219,calibration,16,False,96,96
glove100_10k,29,random,220,calibration,10,False,16,96
glove100_10k,29,random,221,train_design,24,False,48,96
glove100_10k,29,random,222,train_design,24,False,96,96
glove100_10k,29,random,223,train_design,24,False,24,96
glove100_10k,29,random,224,internal_audit,24,False,24,96
glove100_10k,29,random,225,train_design,64,False,64,96
glove100_10k,29,random,226,internal_audit,10,False,64,96
glove100_10k,29,random,227,train_design,64,False,64,96
glove100_10k,29,random,228,train_design,64,False,64,96
glove100_10k,29,random,229,train_design,192,False,16,96
glove100_10k,29,random,230,train_design,64,False,64,96
glove100_10k,29,random,231,train_design,64,False,96,96
glove100_10k,29,random,232,internal_audit,128,False,48,96
glove100_10k,29,random,233,internal_audit,10,False,10,96
glove100_10k,29,random,234,train_design,48,False,64,96
glove100_10k,29,random,235,internal_audit,96,False,96,96
glove100_10k,29,random,236,internal_audit,64,False,96,96
glove100_10k,29,random,237,calibration,48,False,48,96
glove100_10k,29,random,238,train_design,96,False,96,96
glove100_10k,29,random,239,calibration,10,False,24,96
glove100_10k,29,random,240,train_design,96,False,96,96
glove100_10k,29,random,241,internal_audit,16,False,48,96
glove100_10k,29,random,242,calibration,10,False,10,96
glove100_10k,29,random,243,train_design,10,False,16,96
glove100_10k,29,random,244,train_design,24,False,24,96
glove100_10k,29,random,245,train_design,96,False,96,96
glove100_10k,29,random,246,train_design,32,False,48,96
glove100_10k,29,random,247,train_design,64,False,64,96
glove100_10k,29,random,248,calibration,16,False,16,96
glove100_10k,29,random,249,calibration,24,False,32,96
glove100_10k,29,random,250,internal_audit,10,False,64,96
glove100_10k,29,random,251,calibration,10,False,10,96
glove100_10k,29,random,252,calibration,10,False,10,96
glove100_10k,29,random,253,train_design,10,False,32,96
glove100_10k,29,random,254,train_design,10,False,32,96
glove100_10k,29,random,255,train_design,10,False,24,96
glove100_10k,29,random,256,calibration,64,False,96,96
glove100_10k,29,random,257,internal_audit,10,False,96,96
glove100_10k,29,random,258,train_design,24,False,64,96
glove100_10k,29,random,259,train_design,24,False,32,96
glove100_10k,29,random,260,calibration,96,False,96,96
glove100_10k,29,random,261,train_design,10,False,10,96
glove100_10k,29,random,262,calibration,10,False,10,96
glove100_10k,29,random,263,internal_audit,24,False,24,96
glove100_10k,29,random,264,internal_audit,128,False,64,96
glove100_10k,29,random,265,train_design,10,False,16,96
glove100_10k,29,random,266,calibration,10,False,16,96
glove100_10k,29,random,267,train_design,24,False,64,96
glove100_10k,29,random,268,internal_audit,10,False,10,96
glove100_10k,29,random,269,calibration,10,False,16,96
glove100_10k,29,random,270,calibration,10,False,10,96
glove100_10k,29,random,271,internal_audit,32,False,32,96
glove100_10k,29,random,272,train_design,16,False,24,96
glove100_10k,29,random,273,train_design,32,False,32,96
glove100_10k,29,random,274,internal_audit,10,False,10,96
glove100_10k,29,random,275,train_design,32,False,48,96
glove100_10k,29,random,276,calibration,24,False,32,96
glove100_10k,29,random,277,calibration,96,False,96,96
glove100_10k,29,random,278,calibration,48,False,48,96
glove100_10k,29,random,279,train_design,32,False,48,96
glove100_10k,29,random,280,train_design,24,False,48,96
glove100_10k,29,random,281,train_design,128,False,96,96
glove100_10k,29,random,282,train_design,48,False,48,96
glove100_10k,29,random,283,calibration,32,False,32,96
glove100_10k,29,random,284,internal_audit,192,False,96,96
glove100_10k,29,random,285,train_design,16,False,24,96
glove100_10k,29,random,286,calibration,10,False,64,96
glove100_10k,29,random,287,train_design,10,False,10,96
glove100_10k,29,random,288,train_design,192,False,64,96
glove100_10k,29,random,289,internal_audit,16,False,48,96
glove100_10k,29,random,290,train_design,16,False,16,96
glove100_10k,29,random,291,train_design,24,False,64,96
glove100_10k,29,random,292,train_design,24,False,64,96
glove100_10k,29,random,293,internal_audit,10,False,16,96
glove100_10k,29,random,294,train_design,10,False,10,96
glove100_10k,29,random,295,internal_audit,24,False,24,96
glove100_10k,29,random,296,train_design,24,False,32,96
glove100_10k,29,random,297,train_design,96,False,96,96
glove100_10k,29,random,298,train_design,24,False,48,96
glove100_10k,29,random,299,internal_audit,10,False,10,96
glove100_10k,29,random,300,train_design,10,False,16,96
glove100_10k,29,random,301,train_design,32,False,32,96
glove100_10k,29,random,302,train_design,10,False,10,96
glove100_10k,29,random,303,calibration,96,False,96,96
glove100_10k,29,random,304,calibration,10,False,10,96
glove100_10k,29,random,305,train_design,10,False,10,96
glove100_10k,29,random,306,internal_audit,10,False,24,96
glove100_10k,29,random,307,train_design,48,False,64,96
glove100_10k,29,random,308,internal_audit,24,False,48,96
glove100_10k,29,random,309,train_design,64,False,64,96
glove100_10k,29,random,310,train_design,48,False,64,96
glove100_10k,29,random,311,internal_audit,24,False,96,96
glove100_10k,29,random,312,train_design,24,False,24,96
glove100_10k,29,random,313,train_design,24,False,48,96
glove100_10k,29,random,314,internal_audit,10,False,24,96
glove100_10k,29,random,315,calibration,96,False,96,96
glove100_10k,29,random,316,calibration,64,False,64,96
glove100_10k,29,random,317,internal_audit,32,False,32,96
glove100_10k,29,random,318,train_design,16,False,16,96
glove100_10k,29,random,319,calibration,48,False,48,96
glove100_10k,29,random,320,internal_audit,10,False,10,96
glove100_10k,29,random,321,train_design,32,False,32,96
glove100_10k,29,random,322,internal_audit,10,False,24,96
glove100_10k,29,random,323,train_design,384,False,48,96
glove100_10k,29,random,324,calibration,48,False,64,96
glove100_10k,29,random,325,train_design,16,False,16,96
glove100_10k,29,random,326,train_design,24,False,32,96
glove100_10k,29,random,327,train_design,64,False,96,96
glove100_10k,29,random,328,calibration,10,False,10,96
glove100_10k,29,random,329,calibration,24,False,48,96
glove100_10k,29,random,330,calibration,24,False,24,96
glove100_10k,29,random,331,train_design,96,False,96,96
glove100_10k,29,random,332,train_design,10,False,16,96
glove100_10k,29,random,333,train_design,96,False,96,96
glove100_10k,29,random,334,train_design,24,False,32,96
glove100_10k,29,random,335,internal_audit,10,False,10,96
glove100_10k,29,random,336,train_design,32,False,48,96
glove100_10k,29,random,337,calibration,96,False,96,96
glove100_10k,29,random,338,calibration,48,False,64,96
glove100_10k,29,random,339,internal_audit,64,False,64,96
glove100_10k,29,random,340,calibration,96,False,96,96
glove100_10k,29,random,341,internal_audit,32,False,48,96
glove100_10k,29,random,342,calibration,10,False,10,96
glove100_10k,29,random,343,internal_audit,128,False,96,96
glove100_10k,29,random,344,calibration,24,False,48,96
glove100_10k,29,random,345,train_design,16,False,16,96
glove100_10k,29,random,346,train_design,10,False,10,96
glove100_10k,29,random,347,train_design,10,False,10,96
glove100_10k,29,random,348,train_design,32,False,32,96
glove100_10k,29,random,349,train_design,128,False,96,96
glove100_10k,29,random,350,internal_audit,24,False,24,96
glove100_10k,29,random,351,internal_audit,96,False,96,96
glove100_10k,29,random,352,train_design,10,False,10,96
glove100_10k,29,random,353,calibration,10,False,10,96
glove100_10k,29,random,354,calibration,32,False,48,96
glove100_10k,29,random,355,internal_audit,32,False,32,96
glove100_10k,29,random,356,train_design,96,False,96,96
glove100_10k,29,random,357,internal_audit,24,False,32,96
glove100_10k,29,random,358,train_design,24,False,24,96
glove100_10k,29,random,359,train_design,64,False,64,96
glove100_10k,29,random,360,train_design,96,False,96,96
glove100_10k,29,random,361,calibration,32,False,32,96
glove100_10k,29,random,362,train_design,10,False,48,96
glove100_10k,29,random,363,train_design,10,False,16,96
glove100_10k,29,random,364,internal_audit,48,False,64,96
glove100_10k,29,random,365,train_design,32,False,32,96
glove100_10k,29,random,366,train_design,10,False,32,96
glove100_10k,29,random,367,train_design,10,False,32,96
glove100_10k,29,random,368,calibration,10,False,24,96
glove100_10k,29,random,369,internal_audit,10,False,10,96
glove100_10k,29,random,370,calibration,96,False,96,96
glove100_10k,29,random,371,train_design,24,False,24,96
glove100_10k,29,random,372,internal_audit,16,False,32,96
glove100_10k,29,random,373,train_design,32,False,48,96
glove100_10k,29,random,374,internal_audit,10,False,24,96
glove100_10k,29,random,375,train_design,32,False,32,96
glove100_10k,29,random,376,train_design,48,False,48,96
glove100_10k,29,random,377,train_design,10,False,10,96
glove100_10k,29,random,378,calibration,64,False,64,96
glove100_10k,29,random,379,train_design,128,False,64,96
glove100_10k,29,random,380,train_design,24,False,24,96
glove100_10k,29,random,381,internal_audit,10,False,10,96
glove100_10k,29,random,382,internal_audit,48,False,48,96
glove100_10k,29,random,383,internal_audit,10,False,32,96
glove100_10k,29,random,384,train_design,16,False,24,96
glove100_10k,29,random,385,train_design,128,False,96,96
glove100_10k,29,random,386,train_design,32,False,32,96
glove100_10k,29,random,387,train_design,10,False,10,96
glove100_10k,29,random,388,train_design,48,False,64,96
glove100_10k,29,random,389,train_design,48,False,64,96
glove100_10k,29,random,390,internal_audit,128,False,64,96
glove100_10k,29,random,391,internal_audit,10,False,10,96
glove100_10k,29,random,392,train_design,10,False,10,96
glove100_10k,29,random,393,calibration,16,False,16,96
glove100_10k,29,random,394,calibration,96,False,96,96
glove100_10k,29,random,395,train_design,96,False,96,96
glove100_10k,29,random,396,train_design,48,False,96,96
glove100_10k,29,random,397,internal_audit,10,False,10,96
glove100_10k,29,random,398,internal_audit,96,False,96,96
glove100_10k,29,random,399,calibration,48,False,96,96
glove100_10k,29,random,400,train_design,10,False,24,96
glove100_10k,29,random,401,train_design,10,False,24,96
glove100_10k,29,random,402,calibration,10,False,10,96
glove100_10k,29,random,403,calibration,10,False,10,96
glove100_10k,29,random,404,calibration,48,False,48,96
glove100_10k,29,random,405,train_design,32,False,32,96
glove100_10k,29,random,406,train_design,10,False,32,96
glove100_10k,29,random,407,calibration,24,False,24,96
glove100_10k,29,random,408,internal_audit,10,False,10,96
glove100_10k,29,random,409,train_design,10,False,10,96
glove100_10k,29,random,410,calibration,256,False,96,96
glove100_10k,29,random,411,train_design,10,False,10,96
glove100_10k,29,random,412,train_design,10,False,10,96
glove100_10k,29,random,413,calibration,24,False,24,96
glove100_10k,29,random,414,internal_audit,48,False,64,96
glove100_10k,29,random,415,internal_audit,10,False,16,96
glove100_10k,29,random,416,calibration,16,False,24,96
glove100_10k,29,random,417,train_design,32,False,48,96
glove100_10k,29,random,418,calibration,10,False,32,96
glove100_10k,29,random,419,train_design,192,False,96,96
glove100_10k,29,random,420,calibration,10,False,10,96
glove100_10k,29,random,421,train_design,64,False,96,96
glove100_10k,29,random,422,train_design,10,False,32,96
glove100_10k,29,random,423,train_design,10,False,24,96
glove100_10k,29,random,424,train_design,48,False,48,96
glove100_10k,29,random,425,train_design,10,False,24,96
glove100_10k,29,random,426,train_design,192,False,96,96
glove100_10k,29,random,427,train_design,64,False,64,96
glove100_10k,29,random,428,internal_audit,10,False,24,96
glove100_10k,29,random,429,internal_audit,10,False,16,96
glove100_10k,29,random,430,train_design,192,False,96,96
glove100_10k,29,random,431,train_design,96,False,96,96
glove100_10k,29,random,432,train_design,24,False,96,96
glove100_10k,29,random,433,calibration,10,False,10,96
glove100_10k,29,random,434,train_design,96,False,96,96
glove100_10k,29,random,435,train_design,96,False,96,96
glove100_10k,29,random,436,train_design,64,False,96,96
glove100_10k,29,random,437,internal_audit,96,False,96,96
glove100_10k,29,random,438,internal_audit,96,False,96,96
glove100_10k,29,random,439,internal_audit,48,False,64,96
glove100_10k,29,random,440,calibration,24,False,64,96
glove100_10k,29,random,441,calibration,32,False,48,96
glove100_10k,29,random,442,internal_audit,128,False,96,96
glove100_10k,29,random,443,train_design,64,False,96,96
glove100_10k,29,random,444,internal_audit,24,False,24,96
glove100_10k,29,random,445,calibration,24,False,48,96
glove100_10k,29,random,446,train_design,48,False,64,96
glove100_10k,29,random,447,calibration,24,False,24,96
glove100_10k,29,random,448,train_design,96,False,96,96
glove100_10k,29,random,449,calibration,128,False,96,96
glove100_10k,29,random,450,train_design,96,False,96,96
glove100_10k,29,random,451,calibration,64,False,64,96
glove100_10k,29,random,452,calibration,32,False,64,96
glove100_10k,29,random,453,train_design,10,False,10,96
glove100_10k,29,random,454,train_design,16,False,16,96
glove100_10k,29,random,455,train_design,16,False,24,96
glove100_10k,29,random,456,train_design,192,False,96,96
glove100_10k,29,random,457,train_design,16,False,16,96
glove100_10k,29,random,458,internal_audit,10,False,10,96
glove100_10k,29,random,459,internal_audit,96,False,96,96
glove100_10k,29,random,460,train_design,10,False,24,96
glove100_10k,29,random,461,train_design,128,False,64,96
glove100_10k,29,random,462,calibration,128,False,64,96
glove100_10k,29,random,463,train_design,10,False,64,96
glove100_10k,29,random,464,train_design,10,False,32,96
glove100_10k,29,random,465,train_design,128,False,64,96
glove100_10k,29,random,466,train_design,64,False,96,96
glove100_10k,29,random,467,internal_audit,10,False,16,96
glove100_10k,29,random,468,train_design,48,False,96,96
glove100_10k,29,random,469,train_design,64,False,64,96
glove100_10k,29,random,470,train_design,10,False,10,96
glove100_10k,29,random,471,internal_audit,64,False,64,96
glove100_10k,29,random,472,train_design,128,False,96,96
glove100_10k,29,random,473,train_design,192,False,32,96
glove100_10k,29,random,474,train_design,256,False,96,96
glove100_10k,29,random,475,train_design,64,False,64,96
glove100_10k,29,random,476,internal_audit,10,False,10,96
glove100_10k,29,random,477,train_design,64,False,96,96
glove100_10k,29,random,478,train_design,48,False,48,96
glove100_10k,29,random,479,train_design,16,False,16,96
glove100_10k,29,random,480,train_design,16,False,32,96
glove100_10k,29,random,481,train_design,10,False,10,96
glove100_10k,29,random,482,internal_audit,24,False,48,96
glove100_10k,29,random,483,train_design,24,False,24,96
glove100_10k,29,random,484,train_design,96,False,96,96
glove100_10k,29,random,485,calibration,10,False,16,96
glove100_10k,29,random,486,internal_audit,10,False,64,96
glove100_10k,29,random,487,internal_audit,32,False,32,96
glove100_10k,29,random,488,calibration,10,False,48,96
glove100_10k,29,random,489,train_design,48,False,48,96
glove100_10k,29,random,490,calibration,32,False,48,96
glove100_10k,29,random,491,internal_audit,10,False,10,96
glove100_10k,29,random,492,train_design,10,False,16,96
glove100_10k,29,random,493,calibration,24,False,96,96
glove100_10k,29,random,494,train_design,10,False,16,96
glove100_10k,29,random,495,train_design,10,False,16,96
glove100_10k,29,random,496,train_design,16,False,24,96
glove100_10k,29,random,497,train_design,128,False,96,96
glove100_10k,29,random,498,calibration,256,False,64,96
glove100_10k,29,random,499,train_design,16,False,16,96
glove100_10k,7,lid_ascending,0,train_design,10,False,24,96
glove100_10k,7,lid_ascending,1,train_design,16,False,16,96
glove100_10k,7,lid_ascending,2,calibration,10,False,10,96
glove100_10k,7,lid_ascending,3,calibration,64,False,96,96
glove100_10k,7,lid_ascending,4,internal_audit,32,False,96,96
glove100_10k,7,lid_ascending,5,calibration,16,False,16,96
glove100_10k,7,lid_ascending,6,train_design,16,False,64,96
glove100_10k,7,lid_ascending,7,internal_audit,10,False,10,96
glove100_10k,7,lid_ascending,8,train_design,32,False,48,96
glove100_10k,7,lid_ascending,9,train_design,32,False,48,96
glove100_10k,7,lid_ascending,10,train_design,256,False,96,96
glove100_10k,7,lid_ascending,11,internal_audit,32,False,96,96
glove100_10k,7,lid_ascending,12,train_design,48,False,96,96
glove100_10k,7,lid_ascending,13,internal_audit,48,False,48,96
glove100_10k,7,lid_ascending,14,train_design,10,False,16,96
glove100_10k,7,lid_ascending,15,internal_audit,24,False,32,96
glove100_10k,7,lid_ascending,16,calibration,96,False,96,96
glove100_10k,7,lid_ascending,17,internal_audit,96,False,96,96
glove100_10k,7,lid_ascending,18,calibration,64,False,64,96
glove100_10k,7,lid_ascending,19,train_design,64,False,96,96
glove100_10k,7,lid_ascending,20,train_design,10,False,10,96
glove100_10k,7,lid_ascending,21,internal_audit,96,False,96,96
glove100_10k,7,lid_ascending,22,train_design,10,False,24,96
glove100_10k,7,lid_ascending,23,internal_audit,32,False,32,96
glove100_10k,7,lid_ascending,24,calibration,10,False,10,96
glove100_10k,7,lid_ascending,25,train_design,16,False,24,96
glove100_10k,7,lid_ascending,26,calibration,32,False,96,96
glove100_10k,7,lid_ascending,27,calibration,64,False,64,96
glove100_10k,7,lid_ascending,28,train_design,96,False,96,96
glove100_10k,7,lid_ascending,29,calibration,192,False,96,96
glove100_10k,7,lid_ascending,30,internal_audit,16,False,16,96
glove100_10k,7,lid_ascending,31,train_design,48,False,48,96
glove100_10k,7,lid_ascending,32,train_design,32,False,48,96
glove100_10k,7,lid_ascending,33,calibration,64,False,64,96
glove100_10k,7,lid_ascending,34,internal_audit,96,False,96,96
glove100_10k,7,lid_ascending,35,train_design,64,False,96,96
glove100_10k,7,lid_ascending,36,internal_audit,96,False,96,96
glove100_10k,7,lid_ascending,37,train_design,96,False,96,96
glove100_10k,7,lid_ascending,38,internal_audit,48,False,48,96
glove100_10k,7,lid_ascending,39,calibration,32,False,64,96
glove100_10k,7,lid_ascending,40,train_design,48,False,64,96
glove100_10k,7,lid_ascending,41,internal_audit,64,False,64,96
glove100_10k,7,lid_ascending,42,train_design,32,False,96,96
glove100_10k,7,lid_ascending,43,train_design,16,False,16,96
glove100_10k,7,lid_ascending,44,train_design,96,False,96,96
glove100_10k,7,lid_ascending,45,internal_audit,192,False,96,96
glove100_10k,7,lid_ascending,46,calibration,96,False,96,96
glove100_10k,7,lid_ascending,47,train_design,10,False,24,96
glove100_10k,7,lid_ascending,48,train_design,96,False,96,96
glove100_10k,7,lid_ascending,49,internal_audit,10,False,24,96
glove100_10k,7,lid_ascending,50,train_design,48,False,96,96
glove100_10k,7,lid_ascending,51,calibration,16,False,64,96
glove100_10k,7,lid_ascending,52,calibration,10,False,16,96
glove100_10k,7,lid_ascending,53,train_design,24,False,24,96
glove100_10k,7,lid_ascending,54,train_design,128,False,96,96
glove100_10k,7,lid_ascending,55,calibration,96,False,96,96
glove100_10k,7,lid_ascending,56,train_design,16,False,24,96
glove100_10k,7,lid_ascending,57,calibration,48,False,48,96
glove100_10k,7,lid_ascending,58,calibration,32,False,32,96
glove100_10k,7,lid_ascending,59,calibration,64,False,64,96
glove100_10k,7,lid_ascending,60,train_design,48,False,48,96
glove100_10k,7,lid_ascending,61,train_design,128,False,48,96
glove100_10k,7,lid_ascending,62,train_design,10,False,10,96
glove100_10k,7,lid_ascending,63,internal_audit,64,False,64,96
glove100_10k,7,lid_ascending,64,train_design,48,False,96,96
glove100_10k,7,lid_ascending,65,calibration,16,False,24,96
glove100_10k,7,lid_ascending,66,calibration,192,False,96,96
glove100_10k,7,lid_ascending,67,train_design,10,False,10,96
glove100_10k,7,lid_ascending,68,calibration,64,False,96,96
glove100_10k,7,lid_ascending,69,calibration,48,False,48,96
glove100_10k,7,lid_ascending,70,train_design,32,False,48,96
glove100_10k,7,lid_ascending,71,calibration,64,False,64,96
glove100_10k,7,lid_ascending,72,train_design,128,False,48,96
glove100_10k,7,lid_ascending,73,internal_audit,16,False,16,96
glove100_10k,7,lid_ascending,74,calibration,64,False,64,96
glove100_10k,7,lid_ascending,75,train_design,32,False,64,96
glove100_10k,7,lid_ascending,76,train_design,32,False,32,96
glove100_10k,7,lid_ascending,77,calibration,64,False,96,96
glove100_10k,7,lid_ascending,78,calibration,10,False,16,96
glove100_10k,7,lid_ascending,79,calibration,32,False,48,96
glove100_10k,7,lid_ascending,80,train_design,32,False,32,96
glove100_10k,7,lid_ascending,81,internal_audit,48,False,48,96
glove100_10k,7,lid_ascending,82,train_design,96,False,96,96
glove100_10k,7,lid_ascending,83,train_design,24,False,24,96
glove100_10k,7,lid_ascending,84,train_design,32,False,96,96
glove100_10k,7,lid_ascending,85,internal_audit,48,False,48,96
glove100_10k,7,lid_ascending,86,internal_audit,24,False,24,96
glove100_10k,7,lid_ascending,87,calibration,16,False,32,96
glove100_10k,7,lid_ascending,88,internal_audit,96,False,96,96
glove100_10k,7,lid_ascending,89,train_design,10,False,10,96
glove100_10k,7,lid_ascending,90,calibration,16,False,96,96
glove100_10k,7,lid_ascending,91,train_design,24,False,24,96
glove100_10k,7,lid_ascending,92,internal_audit,24,False,32,96
glove100_10k,7,lid_ascending,93,internal_audit,32,False,32,96
glove100_10k,7,lid_ascending,94,calibration,48,False,48,96
glove100_10k,7,lid_ascending,95,train_design,64,False,64,96
glove100_10k,7,lid_ascending,96,internal_audit,10,False,10,96
glove100_10k,7,lid_ascending,97,calibration,10,False,10,96
glove100_10k,7,lid_ascending,98,train_design,64,False,64,96
glove100_10k,7,lid_ascending,99,internal_audit,24,False,48,96
glove100_10k,7,lid_ascending,100,train_design,10,False,10,96
glove100_10k,7,lid_ascending,101,calibration,48,False,96,96
glove100_10k,7,lid_ascending,102,train_design,256,False,96,96
glove100_10k,7,lid_ascending,103,calibration,16,False,32,96
glove100_10k,7,lid_ascending,104,internal_audit,96,False,96,96
glove100_10k,7,lid_ascending,105,calibration,10,False,24,96
glove100_10k,7,lid_ascending,106,train_design,32,False,32,96
glove100_10k,7,lid_ascending,107,train_design,10,False,16,96
glove100_10k,7,lid_ascending,108,train_design,32,False,32,96
glove100_10k,7,lid_ascending,109,internal_audit,96,False,96,96
glove100_10k,7,lid_ascending,110,calibration,16,False,24,96
glove100_10k,7,lid_ascending,111,train_design,24,False,24,96
glove100_10k,7,lid_ascending,112,train_design,64,False,64,96
glove100_10k,7,lid_ascending,113,calibration,16,False,16,96
glove100_10k,7,lid_ascending,114,internal_audit,96,False,96,96
glove100_10k,7,lid_ascending,115,internal_audit,16,False,24,96
glove100_10k,7,lid_ascending,116,train_design,16,False,16,96
glove100_10k,7,lid_ascending,117,train_design,48,False,96,96
glove100_10k,7,lid_ascending,118,internal_audit,48,False,48,96
glove100_10k,7,lid_ascending,119,calibration,96,False,96,96
glove100_10k,7,lid_ascending,120,internal_audit,64,False,96,96
glove100_10k,7,lid_ascending,121,train_design,10,False,48,96
glove100_10k,7,lid_ascending,122,calibration,48,False,48,96
glove100_10k,7,lid_ascending,123,train_design,10,False,10,96
glove100_10k,7,lid_ascending,124,train_design,16,False,48,96
glove100_10k,7,lid_ascending,125,internal_audit,24,False,32,96
glove100_10k,7,lid_ascending,126,internal_audit,192,False,96,96
glove100_10k,7,lid_ascending,127,train_design,48,False,96,96
glove100_10k,7,lid_ascending,128,internal_audit,48,False,96,96
glove100_10k,7,lid_ascending,129,calibration,10,False,16,96
glove100_10k,7,lid_ascending,130,internal_audit,10,False,10,96
glove100_10k,7,lid_ascending,131,train_design,48,False,64,96
glove100_10k,7,lid_ascending,132,calibration,64,False,96,96
glove100_10k,7,lid_ascending,133,train_design,10,False,16,96
glove100_10k,7,lid_ascending,134,internal_audit,128,False,48,96
glove100_10k,7,lid_ascending,135,internal_audit,32,False,48,96
glove100_10k,7,lid_ascending,136,train_design,96,False,96,96
glove100_10k,7,lid_ascending,137,train_design,24,False,32,96
glove100_10k,7,lid_ascending,138,train_design,64,False,64,96
glove100_10k,7,lid_ascending,139,train_design,48,False,96,96
glove100_10k,7,lid_ascending,140,internal_audit,32,False,48,96
glove100_10k,7,lid_ascending,141,calibration,64,False,64,96
glove100_10k,7,lid_ascending,142,internal_audit,48,False,96,96
glove100_10k,7,lid_ascending,143,train_design,24,False,24,96
glove100_10k,7,lid_ascending,144,internal_audit,32,False,96,96
glove100_10k,7,lid_ascending,145,calibration,32,False,48,96
glove100_10k,7,lid_ascending,146,train_design,256,False,96,96
glove100_10k,7,lid_ascending,147,train_design,48,False,64,96
glove100_10k,7,lid_ascending,148,train_design,16,False,24,96
glove100_10k,7,lid_ascending,149,train_design,24,False,24,96
glove100_10k,7,lid_ascending,150,train_design,10,False,16,96
glove100_10k,7,lid_ascending,151,train_design,10,False,96,96
glove100_10k,7,lid_ascending,152,train_design,48,False,96,96
glove100_10k,7,lid_ascending,153,calibration,16,False,48,96
glove100_10k,7,lid_ascending,154,calibration,96,False,96,96
glove100_10k,7,lid_ascending,155,calibration,10,False,10,96
glove100_10k,7,lid_ascending,156,internal_audit,10,False,10,96
glove100_10k,7,lid_ascending,157,train_design,128,False,48,96
glove100_10k,7,lid_ascending,158,internal_audit,10,False,10,96
glove100_10k,7,lid_ascending,159,calibration,24,False,48,96
glove100_10k,7,lid_ascending,160,train_design,10,False,48,96
glove100_10k,7,lid_ascending,161,internal_audit,256,False,64,96
glove100_10k,7,lid_ascending,162,internal_audit,24,False,96,96
glove100_10k,7,lid_ascending,163,internal_audit,64,False,64,96
glove100_10k,7,lid_ascending,164,train_design,10,False,10,96
glove100_10k,7,lid_ascending,165,calibration,64,False,64,96
glove100_10k,7,lid_ascending,166,train_design,24,False,48,96
glove100_10k,7,lid_ascending,167,train_design,24,False,96,96
glove100_10k,7,lid_ascending,168,train_design,192,False,48,96
glove100_10k,7,lid_ascending,169,train_design,24,False,48,96
glove100_10k,7,lid_ascending,170,calibration,24,False,32,96
glove100_10k,7,lid_ascending,171,train_design,16,False,16,96
glove100_10k,7,lid_ascending,172,train_design,96,False,96,96
glove100_10k,7,lid_ascending,173,internal_audit,48,False,48,96
glove100_10k,7,lid_ascending,174,train_design,32,False,64,96
glove100_10k,7,lid_ascending,175,train_design,96,False,96,96
glove100_10k,7,lid_ascending,176,calibration,32,False,48,96
glove100_10k,7,lid_ascending,177,train_design,32,False,32,96
glove100_10k,7,lid_ascending,178,train_design,16,False,48,96
glove100_10k,7,lid_ascending,179,internal_audit,96,False,96,96
glove100_10k,7,lid_ascending,180,internal_audit,96,False,96,96
glove100_10k,7,lid_ascending,181,calibration,128,False,32,96
glove100_10k,7,lid_ascending,182,train_design,48,False,48,96
glove100_10k,7,lid_ascending,183,train_design,24,False,96,96
glove100_10k,7,lid_ascending,184,train_design,10,False,10,96
glove100_10k,7,lid_ascending,185,calibration,96,False,96,96
glove100_10k,7,lid_ascending,186,calibration,24,False,24,96
glove100_10k,7,lid_ascending,187,train_design,32,False,32,96
glove100_10k,7,lid_ascending,188,train_design,16,False,64,96
glove100_10k,7,lid_ascending,189,internal_audit,192,False,48,96
glove100_10k,7,lid_ascending,190,train_design,16,False,16,96
glove100_10k,7,lid_ascending,191,internal_audit,24,False,24,96
glove100_10k,7,lid_ascending,192,calibration,24,False,96,96
glove100_10k,7,lid_ascending,193,train_design,96,False,96,96
glove100_10k,7,lid_ascending,194,internal_audit,32,False,64,96
glove100_10k,7,lid_ascending,195,calibration,16,False,16,96
glove100_10k,7,lid_ascending,196,calibration,48,False,48,96
glove100_10k,7,lid_ascending,197,calibration,48,False,96,96
glove100_10k,7,lid_ascending,198,train_design,48,False,96,96
glove100_10k,7,lid_ascending,199,internal_audit,96,False,96,96
glove100_10k,7,lid_ascending,200,train_design,64,False,64,96
glove100_10k,7,lid_ascending,201,calibration,10,False,10,96
glove100_10k,7,lid_ascending,202,internal_audit,64,False,64,96
glove100_10k,7,lid_ascending,203,internal_audit,10,False,10,96
glove100_10k,7,lid_ascending,204,train_design,10,False,64,96
glove100_10k,7,lid_ascending,205,train_design,10,False,32,96
glove100_10k,7,lid_ascending,206,calibration,24,False,24,96
glove100_10k,7,lid_ascending,207,internal_audit,48,False,48,96
glove100_10k,7,lid_ascending,208,train_design,24,False,32,96
glove100_10k,7,lid_ascending,209,internal_audit,24,False,24,96
glove100_10k,7,lid_ascending,210,internal_audit,10,False,16,96
glove100_10k,7,lid_ascending,211,train_design,48,False,48,96
glove100_10k,7,lid_ascending,212,internal_audit,96,False,96,96
glove100_10k,7,lid_ascending,213,train_design,16,False,24,96
glove100_10k,7,lid_ascending,214,internal_audit,48,False,96,96
glove100_10k,7,lid_ascending,215,internal_audit,96,False,96,96
glove100_10k,7,lid_ascending,216,internal_audit,10,False,48,96
glove100_10k,7,lid_ascending,217,train_design,32,False,96,96
glove100_10k,7,lid_ascending,218,calibration,192,False,32,96
glove100_10k,7,lid_ascending,219,calibration,16,False,16,96
glove100_10k,7,lid_ascending,220,calibration,10,False,32,96
glove100_10k,7,lid_ascending,221,train_design,10,False,48,96
glove100_10k,7,lid_ascending,222,train_design,24,False,24,96
glove100_10k,7,lid_ascending,223,train_design,24,False,96,96
glove100_10k,7,lid_ascending,224,internal_audit,24,False,32,96
glove100_10k,7,lid_ascending,225,train_design,32,False,64,96
glove100_10k,7,lid_ascending,226,internal_audit,16,False,16,96
glove100_10k,7,lid_ascending,227,train_design,16,False,64,96
glove100_10k,7,lid_ascending,228,train_design,96,False,96,96
glove100_10k,7,lid_ascending,229,train_design,128,False,64,96
glove100_10k,7,lid_ascending,230,train_design,48,False,48,96
glove100_10k,7,lid_ascending,231,train_design,48,False,96,96
glove100_10k,7,lid_ascending,232,internal_audit,48,False,64,96
glove100_10k,7,lid_ascending,233,internal_audit,16,False,16,96
glove100_10k,7,lid_ascending,234,train_design,32,False,64,96
glove100_10k,7,lid_ascending,235,internal_audit,96,False,96,96
glove100_10k,7,lid_ascending,236,internal_audit,96,False,96,96
glove100_10k,7,lid_ascending,237,calibration,64,False,64,96
glove100_10k,7,lid_ascending,238,train_design,96,False,96,96
glove100_10k,7,lid_ascending,239,calibration,10,False,32,96
glove100_10k,7,lid_ascending,240,train_design,64,False,96,96
glove100_10k,7,lid_ascending,241,internal_audit,48,False,96,96
glove100_10k,7,lid_ascending,242,calibration,16,False,16,96
glove100_10k,7,lid_ascending,243,train_design,10,False,16,96
glove100_10k,7,lid_ascending,244,train_design,24,False,64,96
glove100_10k,7,lid_ascending,245,train_design,128,False,96,96
glove100_10k,7,lid_ascending,246,train_design,64,False,64,96
glove100_10k,7,lid_ascending,247,train_design,64,False,64,96
glove100_10k,7,lid_ascending,248,calibration,16,False,16,96
glove100_10k,7,lid_ascending,249,calibration,10,False,10,96
glove100_10k,7,lid_ascending,250,internal_audit,16,False,32,96
glove100_10k,7,lid_ascending,251,calibration,10,False,10,96
glove100_10k,7,lid_ascending,252,calibration,10,False,10,96
glove100_10k,7,lid_ascending,253,train_design,32,False,48,96
glove100_10k,7,lid_ascending,254,train_design,10,False,10,96
glove100_10k,7,lid_ascending,255,train_design,32,False,32,96
glove100_10k,7,lid_ascending,256,calibration,64,False,96,96
glove100_10k,7,lid_ascending,257,internal_audit,24,False,48,96
glove100_10k,7,lid_ascending,258,train_design,32,False,96,96
glove100_10k,7,lid_ascending,259,train_design,24,False,48,96
glove100_10k,7,lid_ascending,260,calibration,48,False,48,96
glove100_10k,7,lid_ascending,261,train_design,10,False,10,96
glove100_10k,7,lid_ascending,262,calibration,10,False,10,96
glove100_10k,7,lid_ascending,263,internal_audit,10,False,24,96
glove100_10k,7,lid_ascending,264,internal_audit,128,False,96,96
glove100_10k,7,lid_ascending,265,train_design,10,False,10,96
glove100_10k,7,lid_ascending,266,calibration,16,False,16,96
glove100_10k,7,lid_ascending,267,train_design,96,False,96,96
glove100_10k,7,lid_ascending,268,internal_audit,10,False,10,96
glove100_10k,7,lid_ascending,269,calibration,48,False,64,96
glove100_10k,7,lid_ascending,270,calibration,10,False,10,96
glove100_10k,7,lid_ascending,271,internal_audit,32,False,64,96
glove100_10k,7,lid_ascending,272,train_design,48,False,48,96
glove100_10k,7,lid_ascending,273,train_design,24,False,24,96
glove100_10k,7,lid_ascending,274,internal_audit,10,False,16,96
glove100_10k,7,lid_ascending,275,train_design,64,False,64,96
glove100_10k,7,lid_ascending,276,calibration,24,False,24,96
glove100_10k,7,lid_ascending,277,calibration,96,False,96,96
glove100_10k,7,lid_ascending,278,calibration,48,False,48,96
glove100_10k,7,lid_ascending,279,train_design,48,False,48,96
glove100_10k,7,lid_ascending,280,train_design,16,False,24,96
glove100_10k,7,lid_ascending,281,train_design,192,False,96,96
glove100_10k,7,lid_ascending,282,train_design,32,False,48,96
glove100_10k,7,lid_ascending,283,calibration,24,False,48,96
glove100_10k,7,lid_ascending,284,internal_audit,192,False,48,96
glove100_10k,7,lid_ascending,285,train_design,24,False,48,96
glove100_10k,7,lid_ascending,286,calibration,10,False,32,96
glove100_10k,7,lid_ascending,287,train_design,10,False,10,96
glove100_10k,7,lid_ascending,288,train_design,192,False,48,96
glove100_10k,7,lid_ascending,289,internal_audit,10,False,24,96
glove100_10k,7,lid_ascending,290,train_design,16,False,24,96
glove100_10k,7,lid_ascending,291,train_design,48,False,96,96
glove100_10k,7,lid_ascending,292,train_design,32,False,32,96
glove100_10k,7,lid_ascending,293,internal_audit,10,False,48,96
glove100_10k,7,lid_ascending,294,train_design,10,False,10,96
glove100_10k,7,lid_ascending,295,internal_audit,24,False,24,96
glove100_10k,7,lid_ascending,296,train_design,16,False,24,96
glove100_10k,7,lid_ascending,297,train_design,96,False,96,96
glove100_10k,7,lid_ascending,298,train_design,32,False,48,96
glove100_10k,7,lid_ascending,299,internal_audit,10,False,10,96
glove100_10k,7,lid_ascending,300,train_design,10,False,16,96
glove100_10k,7,lid_ascending,301,train_design,24,False,64,96
glove100_10k,7,lid_ascending,302,train_design,10,False,10,96
glove100_10k,7,lid_ascending,303,calibration,48,False,64,96
glove100_10k,7,lid_ascending,304,calibration,10,False,16,96
glove100_10k,7,lid_ascending,305,train_design,16,False,24,96
glove100_10k,7,lid_ascending,306,internal_audit,10,False,10,96
glove100_10k,7,lid_ascending,307,train_design,64,False,96,96
glove100_10k,7,lid_ascending,308,internal_audit,16,False,48,96
glove100_10k,7,lid_ascending,309,train_design,256,False,96,96
glove100_10k,7,lid_ascending,310,train_design,32,False,64,96
glove100_10k,7,lid_ascending,311,internal_audit,48,False,64,96
glove100_10k,7,lid_ascending,312,train_design,16,False,16,96
glove100_10k,7,lid_ascending,313,train_design,48,False,64,96
glove100_10k,7,lid_ascending,314,internal_audit,10,False,16,96
glove100_10k,7,lid_ascending,315,calibration,128,False,96,96
glove100_10k,7,lid_ascending,316,calibration,10,False,24,96
glove100_10k,7,lid_ascending,317,internal_audit,192,False,32,96
glove100_10k,7,lid_ascending,318,train_design,48,False,96,96
glove100_10k,7,lid_ascending,319,calibration,48,False,48,96
glove100_10k,7,lid_ascending,320,internal_audit,10,False,10,96
glove100_10k,7,lid_ascending,321,train_design,64,False,64,96
glove100_10k,7,lid_ascending,322,internal_audit,16,False,24,96
glove100_10k,7,lid_ascending,323,train_design,96,False,96,96
glove100_10k,7,lid_ascending,324,calibration,48,False,48,96
glove100_10k,7,lid_ascending,325,train_design,96,False,96,96
glove100_10k,7,lid_ascending,326,train_design,48,False,96,96
glove100_10k,7,lid_ascending,327,train_design,96,False,96,96
glove100_10k,7,lid_ascending,328,calibration,10,False,10,96
glove100_10k,7,lid_ascending,329,calibration,10,False,24,96
glove100_10k,7,lid_ascending,330,calibration,24,False,96,96
glove100_10k,7,lid_ascending,331,train_design,32,False,96,96
glove100_10k,7,lid_ascending,332,train_design,10,False,48,96
glove100_10k,7,lid_ascending,333,train_design,32,False,32,96
glove100_10k,7,lid_ascending,334,train_design,48,False,64,96
glove100_10k,7,lid_ascending,335,internal_audit,24,False,24,96
glove100_10k,7,lid_ascending,336,train_design,16,False,48,96
glove100_10k,7,lid_ascending,337,calibration,96,False,96,96
glove100_10k,7,lid_ascending,338,calibration,96,False,96,96
glove100_10k,7,lid_ascending,339,internal_audit,48,False,64,96
glove100_10k,7,lid_ascending,340,calibration,48,False,48,96
glove100_10k,7,lid_ascending,341,internal_audit,16,False,48,96
glove100_10k,7,lid_ascending,342,calibration,10,False,10,96
glove100_10k,7,lid_ascending,343,internal_audit,48,False,48,96
glove100_10k,7,lid_ascending,344,calibration,32,False,32,96
glove100_10k,7,lid_ascending,345,train_design,48,False,48,96
glove100_10k,7,lid_ascending,346,train_design,10,False,10,96
glove100_10k,7,lid_ascending,347,train_design,10,False,10,96
glove100_10k,7,lid_ascending,348,train_design,32,False,32,96
glove100_10k,7,lid_ascending,349,train_design,32,False,32,96
glove100_10k,7,lid_ascending,350,internal_audit,24,False,48,96
glove100_10k,7,lid_ascending,351,internal_audit,192,False,96,96
glove100_10k,7,lid_ascending,352,train_design,10,False,24,96
glove100_10k,7,lid_ascending,353,calibration,10,False,24,96
glove100_10k,7,lid_ascending,354,calibration,10,False,96,96
glove100_10k,7,lid_ascending,355,internal_audit,96,False,96,96
glove100_10k,7,lid_ascending,356,train_design,192,False,64,96
glove100_10k,7,lid_ascending,357,internal_audit,32,False,48,96
glove100_10k,7,lid_ascending,358,train_design,24,False,32,96
glove100_10k,7,lid_ascending,359,train_design,96,False,96,96
glove100_10k,7,lid_ascending,360,train_design,64,False,96,96
glove100_10k,7,lid_ascending,361,calibration,96,False,96,96
glove100_10k,7,lid_ascending,362,train_design,10,False,48,96
glove100_10k,7,lid_ascending,363,train_design,48,False,48,96
glove100_10k,7,lid_ascending,364,internal_audit,48,False,96,96
glove100_10k,7,lid_ascending,365,train_design,24,False,24,96
glove100_10k,7,lid_ascending,366,train_design,10,False,16,96
glove100_10k,7,lid_ascending,367,train_design,16,False,16,96
glove100_10k,7,lid_ascending,368,calibration,24,False,24,96
glove100_10k,7,lid_ascending,369,internal_audit,10,False,10,96
glove100_10k,7,lid_ascending,370,calibration,64,False,64,96
glove100_10k,7,lid_ascending,371,train_design,32,False,48,96
glove100_10k,7,lid_ascending,372,internal_audit,10,False,16,96
glove100_10k,7,lid_ascending,373,train_design,32,False,96,96
glove100_10k,7,lid_ascending,374,internal_audit,10,False,10,96
glove100_10k,7,lid_ascending,375,train_design,24,False,24,96
glove100_10k,7,lid_ascending,376,train_design,64,False,64,96
glove100_10k,7,lid_ascending,377,train_design,10,False,16,96
glove100_10k,7,lid_ascending,378,calibration,48,False,48,96
glove100_10k,7,lid_ascending,379,train_design,32,False,96,96
glove100_10k,7,lid_ascending,380,train_design,16,False,48,96
glove100_10k,7,lid_ascending,381,internal_audit,10,False,10,96
glove100_10k,7,lid_ascending,382,internal_audit,64,False,96,96
glove100_10k,7,lid_ascending,383,internal_audit,16,False,16,96
glove100_10k,7,lid_ascending,384,train_design,16,False,16,96
glove100_10k,7,lid_ascending,385,train_design,64,False,96,96
glove100_10k,7,lid_ascending,386,train_design,48,False,48,96
glove100_10k,7,lid_ascending,387,train_design,16,False,16,96
glove100_10k,7,lid_ascending,388,train_design,96,False,96,96
glove100_10k,7,lid_ascending,389,train_design,48,False,48,96
glove100_10k,7,lid_ascending,390,internal_audit,128,False,96,96
glove100_10k,7,lid_ascending,391,internal_audit,10,False,10,96
glove100_10k,7,lid_ascending,392,train_design,10,False,10,96
glove100_10k,7,lid_ascending,393,calibration,24,False,24,96
glove100_10k,7,lid_ascending,394,calibration,192,False,64,96
glove100_10k,7,lid_ascending,395,train_design,192,False,96,96
glove100_10k,7,lid_ascending,396,train_design,48,False,96,96
glove100_10k,7,lid_ascending,397,internal_audit,10,False,10,96
glove100_10k,7,lid_ascending,398,internal_audit,48,False,64,96
glove100_10k,7,lid_ascending,399,calibration,64,False,64,96
glove100_10k,7,lid_ascending,400,train_design,10,False,24,96
glove100_10k,7,lid_ascending,401,train_design,16,False,24,96
glove100_10k,7,lid_ascending,402,calibration,10,False,10,96
glove100_10k,7,lid_ascending,403,calibration,48,False,48,96
glove100_10k,7,lid_ascending,404,calibration,96,False,96,96
glove100_10k,7,lid_ascending,405,train_design,64,False,64,96
glove100_10k,7,lid_ascending,406,train_design,24,False,24,96
glove100_10k,7,lid_ascending,407,calibration,64,False,96,96
glove100_10k,7,lid_ascending,408,internal_audit,10,False,10,96
glove100_10k,7,lid_ascending,409,train_design,10,False,10,96
glove100_10k,7,lid_ascending,410,calibration,192,False,64,96
glove100_10k,7,lid_ascending,411,train_design,10,False,24,96
glove100_10k,7,lid_ascending,412,train_design,10,False,10,96
glove100_10k,7,lid_ascending,413,calibration,24,False,64,96
glove100_10k,7,lid_ascending,414,internal_audit,48,False,48,96
glove100_10k,7,lid_ascending,415,internal_audit,10,False,16,96
glove100_10k,7,lid_ascending,416,calibration,24,False,96,96
glove100_10k,7,lid_ascending,417,train_design,24,False,32,96
glove100_10k,7,lid_ascending,418,calibration,24,False,32,96
glove100_10k,7,lid_ascending,419,train_design,96,False,96,96
glove100_10k,7,lid_ascending,420,calibration,10,False,10,96
glove100_10k,7,lid_ascending,421,train_design,96,False,96,96
glove100_10k,7,lid_ascending,422,train_design,16,False,24,96
glove100_10k,7,lid_ascending,423,train_design,16,False,24,96
glove100_10k,7,lid_ascending,424,train_design,64,False,64,96
glove100_10k,7,lid_ascending,425,train_design,10,False,24,96
glove100_10k,7,lid_ascending,426,train_design,96,False,96,96
glove100_10k,7,lid_ascending,427,train_design,24,False,48,96
glove100_10k,7,lid_ascending,428,internal_audit,24,False,24,96
glove100_10k,7,lid_ascending,429,internal_audit,16,False,24,96
glove100_10k,7,lid_ascending,430,train_design,48,False,96,96
glove100_10k,7,lid_ascending,431,train_design,64,False,64,96
glove100_10k,7,lid_ascending,432,train_design,10,False,64,96
glove100_10k,7,lid_ascending,433,calibration,16,False,16,96
glove100_10k,7,lid_ascending,434,train_design,32,False,64,96
glove100_10k,7,lid_ascending,435,train_design,64,False,64,96
glove100_10k,7,lid_ascending,436,train_design,48,False,48,96
glove100_10k,7,lid_ascending,437,internal_audit,128,False,64,96
glove100_10k,7,lid_ascending,438,internal_audit,128,False,96,96
glove100_10k,7,lid_ascending,439,internal_audit,16,False,64,96
glove100_10k,7,lid_ascending,440,calibration,16,False,48,96
glove100_10k,7,lid_ascending,441,calibration,48,False,48,96
glove100_10k,7,lid_ascending,442,internal_audit,128,False,96,96
glove100_10k,7,lid_ascending,443,train_design,64,False,64,96
glove100_10k,7,lid_ascending,444,internal_audit,10,False,24,96
glove100_10k,7,lid_ascending,445,calibration,24,False,48,96
glove100_10k,7,lid_ascending,446,train_design,32,False,32,96
glove100_10k,7,lid_ascending,447,calibration,48,False,64,96
glove100_10k,7,lid_ascending,448,train_design,128,False,96,96
glove100_10k,7,lid_ascending,449,calibration,192,False,24,96
glove100_10k,7,lid_ascending,450,train_design,96,False,96,96
glove100_10k,7,lid_ascending,451,calibration,128,False,48,96
glove100_10k,7,lid_ascending,452,calibration,32,False,64,96
glove100_10k,7,lid_ascending,453,train_design,10,False,16,96
glove100_10k,7,lid_ascending,454,train_design,10,False,10,96
glove100_10k,7,lid_ascending,455,train_design,10,False,24,96
glove100_10k,7,lid_ascending,456,train_design,192,False,96,96
glove100_10k,7,lid_ascending,457,train_design,16,False,32,96
glove100_10k,7,lid_ascending,458,internal_audit,10,False,10,96
glove100_10k,7,lid_ascending,459,internal_audit,128,False,32,96
glove100_10k,7,lid_ascending,460,train_design,24,False,32,96
glove100_10k,7,lid_ascending,461,train_design,128,False,16,96
glove100_10k,7,lid_ascending,462,calibration,192,False,16,96
glove100_10k,7,lid_ascending,463,train_design,16,False,48,96
glove100_10k,7,lid_ascending,464,train_design,10,False,10,96
glove100_10k,7,lid_ascending,465,train_design,128,False,64,96
glove100_10k,7,lid_ascending,466,train_design,96,False,96,96
glove100_10k,7,lid_ascending,467,internal_audit,10,False,32,96
glove100_10k,7,lid_ascending,468,train_design,64,False,96,96
glove100_10k,7,lid_ascending,469,train_design,24,False,24,96
glove100_10k,7,lid_ascending,470,train_design,10,False,10,96
glove100_10k,7,lid_ascending,471,internal_audit,48,False,48,96
glove100_10k,7,lid_ascending,472,train_design,128,False,96,96
glove100_10k,7,lid_ascending,473,train_design,192,False,64,96
glove100_10k,7,lid_ascending,474,train_design,96,False,96,96
glove100_10k,7,lid_ascending,475,train_design,64,False,64,96
glove100_10k,7,lid_ascending,476,internal_audit,10,False,10,96
glove100_10k,7,lid_ascending,477,train_design,48,False,48,96
glove100_10k,7,lid_ascending,478,train_design,96,False,96,96
glove100_10k,7,lid_ascending,479,train_design,32,False,32,96
glove100_10k,7,lid_ascending,480,train_design,10,False,10,96
glove100_10k,7,lid_ascending,481,train_design,10,False,96,96
glove100_10k,7,lid_ascending,482,internal_audit,32,False,32,96
glove100_10k,7,lid_ascending,483,train_design,96,False,96,96
glove100_10k,7,lid_ascending,484,train_design,192,False,96,96
glove100_10k,7,lid_ascending,485,calibration,10,False,24,96
glove100_10k,7,lid_ascending,486,internal_audit,10,False,64,96
glove100_10k,7,lid_ascending,487,internal_audit,16,False,16,96
glove100_10k,7,lid_ascending,488,calibration,32,False,32,96
glove100_10k,7,lid_ascending,489,train_design,96,False,96,96
glove100_10k,7,lid_ascending,490,calibration,10,False,16,96
glove100_10k,7,lid_ascending,491,internal_audit,10,False,10,96
glove100_10k,7,lid_ascending,492,train_design,10,False,10,96
glove100_10k,7,lid_ascending,493,calibration,32,False,32,96
glove100_10k,7,lid_ascending,494,train_design,10,False,24,96
glove100_10k,7,lid_ascending,495,train_design,10,False,16,96
glove100_10k,7,lid_ascending,496,train_design,10,False,32,96
glove100_10k,7,lid_ascending,497,train_design,128,False,48,96
glove100_10k,7,lid_ascending,498,calibration,96,False,96,96
glove100_10k,7,lid_ascending,499,train_design,10,False,10,96
glove100_10k,7,lid_descending,0,train_design,10,False,10,96
glove100_10k,7,lid_descending,1,train_design,10,False,16,96
glove100_10k,7,lid_descending,2,calibration,10,False,16,96
glove100_10k,7,lid_descending,3,calibration,32,False,64,96
glove100_10k,7,lid_descending,4,internal_audit,384,False,64,96
glove100_10k,7,lid_descending,5,calibration,10,False,10,96
glove100_10k,7,lid_descending,6,train_design,24,False,24,96
glove100_10k,7,lid_descending,7,internal_audit,10,False,10,96
glove100_10k,7,lid_descending,8,train_design,32,False,32,96
glove100_10k,7,lid_descending,9,train_design,16,False,48,96
glove100_10k,7,lid_descending,10,train_design,192,False,96,96
glove100_10k,7,lid_descending,11,internal_audit,32,False,48,96
glove100_10k,7,lid_descending,12,train_design,16,False,16,96
glove100_10k,7,lid_descending,13,internal_audit,32,False,64,96
glove100_10k,7,lid_descending,14,train_design,10,False,10,96
glove100_10k,7,lid_descending,15,internal_audit,48,False,48,96
glove100_10k,7,lid_descending,16,calibration,128,False,96,96
glove100_10k,7,lid_descending,17,internal_audit,128,False,64,96
glove100_10k,7,lid_descending,18,calibration,48,False,48,96
glove100_10k,7,lid_descending,19,train_design,48,False,96,96
glove100_10k,7,lid_descending,20,train_design,10,False,10,96
glove100_10k,7,lid_descending,21,internal_audit,32,False,96,96
glove100_10k,7,lid_descending,22,train_design,10,False,10,96
glove100_10k,7,lid_descending,23,internal_audit,24,False,48,96
glove100_10k,7,lid_descending,24,calibration,10,False,10,96
glove100_10k,7,lid_descending,25,train_design,32,False,32,96
glove100_10k,7,lid_descending,26,calibration,10,False,96,96
glove100_10k,7,lid_descending,27,calibration,32,False,48,96
glove100_10k,7,lid_descending,28,train_design,16,False,16,96
glove100_10k,7,lid_descending,29,calibration,64,False,64,96
glove100_10k,7,lid_descending,30,internal_audit,10,False,10,96
glove100_10k,7,lid_descending,31,train_design,48,False,48,96
glove100_10k,7,lid_descending,32,train_design,48,False,64,96
glove100_10k,7,lid_descending,33,calibration,96,False,96,96
glove100_10k,7,lid_descending,34,internal_audit,32,False,48,96
glove100_10k,7,lid_descending,35,train_design,24,False,32,96
glove100_10k,7,lid_descending,36,internal_audit,192,False,96,96
glove100_10k,7,lid_descending,37,train_design,96,False,96,96
glove100_10k,7,lid_descending,38,internal_audit,24,False,48,96
glove100_10k,7,lid_descending,39,calibration,96,False,96,96
glove100_10k,7,lid_descending,40,train_design,96,False,96,96
glove100_10k,7,lid_descending,41,internal_audit,24,False,24,96
glove100_10k,7,lid_descending,42,train_design,32,False,64,96
glove100_10k,7,lid_descending,43,train_design,48,False,96,96
glove100_10k,7,lid_descending,44,train_design,128,False,64,96
glove100_10k,7,lid_descending,45,internal_audit,256,False,96,96
glove100_10k,7,lid_descending,46,calibration,64,False,64,96
glove100_10k,7,lid_descending,47,train_design,10,False,16,96
glove100_10k,7,lid_descending,48,train_design,192,False,48,96
glove100_10k,7,lid_descending,49,internal_audit,10,False,16,96
glove100_10k,7,lid_descending,50,train_design,64,False,64,96
glove100_10k,7,lid_descending,51,calibration,48,False,96,96
glove100_10k,7,lid_descending,52,calibration,10,False,10,96
glove100_10k,7,lid_descending,53,train_design,64,False,64,96
glove100_10k,7,lid_descending,54,train_design,48,False,48,96
glove100_10k,7,lid_descending,55,calibration,256,False,32,96
glove100_10k,7,lid_descending,56,train_design,10,False,16,96
glove100_10k,7,lid_descending,57,calibration,48,False,64,96
glove100_10k,7,lid_descending,58,calibration,24,False,24,96
glove100_10k,7,lid_descending,59,calibration,48,False,96,96
glove100_10k,7,lid_descending,60,train_design,96,False,96,96
glove100_10k,7,lid_descending,61,train_design,64,False,64,96
glove100_10k,7,lid_descending,62,train_design,10,False,10,96
glove100_10k,7,lid_descending,63,internal_audit,64,False,64,96
glove100_10k,7,lid_descending,64,train_design,32,False,48,96
glove100_10k,7,lid_descending,65,calibration,24,False,32,96
glove100_10k,7,lid_descending,66,calibration,48,False,48,96
glove100_10k,7,lid_descending,67,train_design,10,False,10,96
glove100_10k,7,lid_descending,68,calibration,24,False,24,96
glove100_10k,7,lid_descending,69,calibration,48,False,64,96
glove100_10k,7,lid_descending,70,train_design,32,False,32,96
glove100_10k,7,lid_descending,71,calibration,96,False,96,96
glove100_10k,7,lid_descending,72,train_design,128,False,48,96
glove100_10k,7,lid_descending,73,internal_audit,10,False,16,96
glove100_10k,7,lid_descending,74,calibration,48,False,48,96
glove100_10k,7,lid_descending,75,train_design,64,False,64,96
glove100_10k,7,lid_descending,76,train_design,32,False,32,96
glove100_10k,7,lid_descending,77,calibration,48,False,48,96
glove100_10k,7,lid_descending,78,calibration,10,False,10,96
glove100_10k,7,lid_descending,79,calibration,24,False,48,96
glove100_10k,7,lid_descending,80,train_design,96,False,96,96
glove100_10k,7,lid_descending,81,internal_audit,48,False,48,96
glove100_10k,7,lid_descending,82,train_design,64,False,96,96
glove100_10k,7,lid_descending,83,train_design,16,False,16,96
glove100_10k,7,lid_descending,84,train_design,16,False,24,96
glove100_10k,7,lid_descending,85,internal_audit,192,False,64,96
glove100_10k,7,lid_descending,86,internal_audit,24,False,24,96
glove100_10k,7,lid_descending,87,calibration,10,False,24,96
glove100_10k,7,lid_descending,88,internal_audit,48,False,64,96
glove100_10k,7,lid_descending,89,train_design,10,False,10,96
glove100_10k,7,lid_descending,90,calibration,16,False,24,96
glove100_10k,7,lid_descending,91,train_design,16,False,24,96
glove100_10k,7,lid_descending,92,internal_audit,10,False,16,96
glove100_10k,7,lid_descending,93,internal_audit,10,False,10,96
glove100_10k,7,lid_descending,94,calibration,96,False,96,96
glove100_10k,7,lid_descending,95,train_design,96,False,96,96
glove100_10k,7,lid_descending,96,internal_audit,16,False,16,96
glove100_10k,7,lid_descending,97,calibration,10,False,32,96
glove100_10k,7,lid_descending,98,train_design,32,False,32,96
glove100_10k,7,lid_descending,99,internal_audit,10,False,24,96
glove100_10k,7,lid_descending,100,train_design,10,False,10,96
glove100_10k,7,lid_descending,101,calibration,48,False,48,96
glove100_10k,7,lid_descending,102,train_design,128,False,96,96
glove100_10k,7,lid_descending,103,calibration,10,False,24,96
glove100_10k,7,lid_descending,104,internal_audit,32,False,96,96
glove100_10k,7,lid_descending,105,calibration,24,False,48,96
glove100_10k,7,lid_descending,106,train_design,10,False,96,96
glove100_10k,7,lid_descending,107,train_design,10,False,10,96
glove100_10k,7,lid_descending,108,train_design,24,False,24,96
glove100_10k,7,lid_descending,109,internal_audit,16,False,16,96
glove100_10k,7,lid_descending,110,calibration,16,False,32,96
glove100_10k,7,lid_descending,111,train_design,64,False,64,96
glove100_10k,7,lid_descending,112,train_design,96,False,96,96
glove100_10k,7,lid_descending,113,calibration,16,False,64,96
glove100_10k,7,lid_descending,114,internal_audit,64,False,64,96
glove100_10k,7,lid_descending,115,internal_audit,10,False,16,96
glove100_10k,7,lid_descending,116,train_design,48,False,96,96
glove100_10k,7,lid_descending,117,train_design,64,False,96,96
glove100_10k,7,lid_descending,118,internal_audit,128,False,48,96
glove100_10k,7,lid_descending,119,calibration,48,False,96,96
glove100_10k,7,lid_descending,120,internal_audit,10,False,24,96
glove100_10k,7,lid_descending,121,train_design,10,False,10,96
glove100_10k,7,lid_descending,122,calibration,24,False,24,96
glove100_10k,7,lid_descending,123,train_design,10,False,10,96
glove100_10k,7,lid_descending,124,train_design,24,False,24,96
glove100_10k,7,lid_descending,125,internal_audit,96,False,96,96
glove100_10k,7,lid_descending,126,internal_audit,128,False,96,96
glove100_10k,7,lid_descending,127,train_design,64,False,96,96
glove100_10k,7,lid_descending,128,internal_audit,48,False,48,96
glove100_10k,7,lid_descending,129,calibration,10,False,48,96
glove100_10k,7,lid_descending,130,internal_audit,10,False,10,96
glove100_10k,7,lid_descending,131,train_design,10,False,48,96
glove100_10k,7,lid_descending,132,calibration,128,False,64,96
glove100_10k,7,lid_descending,133,train_design,16,False,16,96
glove100_10k,7,lid_descending,134,internal_audit,96,False,96,96
glove100_10k,7,lid_descending,135,internal_audit,24,False,48,96
glove100_10k,7,lid_descending,136,train_design,96,False,96,96
glove100_10k,7,lid_descending,137,train_design,10,False,24,96
glove100_10k,7,lid_descending,138,train_design,24,False,96,96
glove100_10k,7,lid_descending,139,train_design,32,False,32,96
glove100_10k,7,lid_descending,140,internal_audit,32,False,96,96
glove100_10k,7,lid_descending,141,calibration,48,False,48,96
glove100_10k,7,lid_descending,142,internal_audit,48,False,48,96
glove100_10k,7,lid_descending,143,train_design,24,False,48,96
glove100_10k,7,lid_descending,144,internal_audit,48,False,48,96
glove100_10k,7,lid_descending,145,calibration,10,False,24,96
glove100_10k,7,lid_descending,146,train_design,192,False,96,96
glove100_10k,7,lid_descending,147,train_design,48,False,48,96
glove100_10k,7,lid_descending,148,train_design,10,False,32,96
glove100_10k,7,lid_descending,149,train_design,10,False,10,96
glove100_10k,7,lid_descending,150,train_design,10,False,10,96
glove100_10k,7,lid_descending,151,train_design,10,False,96,96
glove100_10k,7,lid_descending,152,train_design,10,False,10,96
glove100_10k,7,lid_descending,153,calibration,10,False,48,96
glove100_10k,7,lid_descending,154,calibration,192,False,48,96
glove100_10k,7,lid_descending,155,calibration,24,False,32,96
glove100_10k,7,lid_descending,156,internal_audit,10,False,10,96
glove100_10k,7,lid_descending,157,train_design,64,False,64,96
glove100_10k,7,lid_descending,158,internal_audit,10,False,10,96
glove100_10k,7,lid_descending,159,calibration,24,False,96,96
glove100_10k,7,lid_descending,160,train_design,10,False,48,96
glove100_10k,7,lid_descending,161,internal_audit,192,False,64,96
glove100_10k,7,lid_descending,162,internal_audit,10,False,96,96
glove100_10k,7,lid_descending,163,internal_audit,64,False,64,96
glove100_10k,7,lid_descending,164,train_design,10,False,10,96
glove100_10k,7,lid_descending,165,calibration,32,False,48,96
glove100_10k,7,lid_descending,166,train_design,48,False,96,96
glove100_10k,7,lid_descending,167,train_design,10,False,24,96
glove100_10k,7,lid_descending,168,train_design,192,False,96,96
glove100_10k,7,lid_descending,169,train_design,96,False,96,96
glove100_10k,7,lid_descending,170,calibration,32,False,48,96
glove100_10k,7,lid_descending,171,train_design,24,False,24,96
glove100_10k,7,lid_descending,172,train_design,96,False,96,96
glove100_10k,7,lid_descending,173,internal_audit,128,False,24,96
glove100_10k,7,lid_descending,174,train_design,16,False,32,96
glove100_10k,7,lid_descending,175,train_design,128,False,96,96
glove100_10k,7,lid_descending,176,calibration,48,False,48,96
glove100_10k,7,lid_descending,177,train_design,96,False,96,96
glove100_10k,7,lid_descending,178,train_design,24,False,24,96
glove100_10k,7,lid_descending,179,internal_audit,256,False,64,96
glove100_10k,7,lid_descending,180,internal_audit,96,False,96,96
glove100_10k,7,lid_descending,181,calibration,96,False,96,96
glove100_10k,7,lid_descending,182,train_design,64,False,96,96
glove100_10k,7,lid_descending,183,train_design,32,False,48,96
glove100_10k,7,lid_descending,184,train_design,10,False,48,96
glove100_10k,7,lid_descending,185,calibration,96,False,96,96
glove100_10k,7,lid_descending,186,calibration,32,False,64,96
glove100_10k,7,lid_descending,187,train_design,128,False,32,96
glove100_10k,7,lid_descending,188,train_design,64,False,96,96
glove100_10k,7,lid_descending,189,internal_audit,96,False,96,96
glove100_10k,7,lid_descending,190,train_design,10,False,10,96
glove100_10k,7,lid_descending,191,internal_audit,48,False,48,96
glove100_10k,7,lid_descending,192,calibration,24,False,32,96
glove100_10k,7,lid_descending,193,train_design,128,False,96,96
glove100_10k,7,lid_descending,194,internal_audit,32,False,32,96
glove100_10k,7,lid_descending,195,calibration,10,False,10,96
glove100_10k,7,lid_descending,196,calibration,48,False,48,96
glove100_10k,7,lid_descending,197,calibration,48,False,96,96
glove100_10k,7,lid_descending,198,train_design,10,False,48,96
glove100_10k,7,lid_descending,199,internal_audit,48,False,96,96
glove100_10k,7,lid_descending,200,train_design,96,False,96,96
glove100_10k,7,lid_descending,201,calibration,10,False,10,96
glove100_10k,7,lid_descending,202,internal_audit,96,False,96,96
glove100_10k,7,lid_descending,203,internal_audit,10,False,10,96
glove100_10k,7,lid_descending,204,train_design,16,False,48,96
glove100_10k,7,lid_descending,205,train_design,24,False,24,96
glove100_10k,7,lid_descending,206,calibration,64,False,64,96
glove100_10k,7,lid_descending,207,internal_audit,96,False,96,96
glove100_10k,7,lid_descending,208,train_design,32,False,32,96
glove100_10k,7,lid_descending,209,internal_audit,24,False,32,96
glove100_10k,7,lid_descending,210,internal_audit,10,False,10,96
glove100_10k,7,lid_descending,211,train_design,96,False,96,96
glove100_10k,7,lid_descending,212,internal_audit,48,False,96,96
glove100_10k,7,lid_descending,213,train_design,10,False,48,96
glove100_10k,7,lid_descending,214,internal_audit,24,False,48,96
glove100_10k,7,lid_descending,215,internal_audit,32,False,32,96
glove100_10k,7,lid_descending,216,internal_audit,24,False,24,96
glove100_10k,7,lid_descending,217,train_design,48,False,96,96
glove100_10k,7,lid_descending,218,calibration,64,False,64,96
glove100_10k,7,lid_descending,219,calibration,24,False,48,96
glove100_10k,7,lid_descending,220,calibration,10,False,10,96
glove100_10k,7,lid_descending,221,train_design,48,False,48,96
glove100_10k,7,lid_descending,222,train_design,24,False,96,96
glove100_10k,7,lid_descending,223,train_design,24,False,48,96
glove100_10k,7,lid_descending,224,internal_audit,10,False,10,96
glove100_10k,7,lid_descending,225,train_design,192,False,16,96
glove100_10k,7,lid_descending,226,internal_audit,10,False,10,96
glove100_10k,7,lid_descending,227,train_design,24,False,24,96
glove100_10k,7,lid_descending,228,train_design,128,False,64,96
glove100_10k,7,lid_descending,229,train_design,192,False,16,96
glove100_10k,7,lid_descending,230,train_design,48,False,48,96
glove100_10k,7,lid_descending,231,train_design,16,False,96,96
glove100_10k,7,lid_descending,232,internal_audit,48,False,64,96
glove100_10k,7,lid_descending,233,internal_audit,10,False,10,96
glove100_10k,7,lid_descending,234,train_design,24,False,48,96
glove100_10k,7,lid_descending,235,internal_audit,64,False,64,96
glove100_10k,7,lid_descending,236,internal_audit,192,False,96,96
glove100_10k,7,lid_descending,237,calibration,48,False,48,96
glove100_10k,7,lid_descending,238,train_design,96,False,96,96
glove100_10k,7,lid_descending,239,calibration,10,False,32,96
glove100_10k,7,lid_descending,240,train_design,384,False,96,96
glove100_10k,7,lid_descending,241,internal_audit,10,False,96,96
glove100_10k,7,lid_descending,242,calibration,10,False,10,96
glove100_10k,7,lid_descending,243,train_design,16,False,16,96
glove100_10k,7,lid_descending,244,train_design,16,False,24,96
glove100_10k,7,lid_descending,245,train_design,48,False,64,96
glove100_10k,7,lid_descending,246,train_design,48,False,96,96
glove100_10k,7,lid_descending,247,train_design,192,False,64,96
glove100_10k,7,lid_descending,248,calibration,16,False,16,96
glove100_10k,7,lid_descending,249,calibration,10,False,24,96
glove100_10k,7,lid_descending,250,internal_audit,10,False,24,96
glove100_10k,7,lid_descending,251,calibration,10,False,10,96
glove100_10k,7,lid_descending,252,calibration,10,False,10,96
glove100_10k,7,lid_descending,253,train_design,10,False,16,96
glove100_10k,7,lid_descending,254,train_design,10,False,32,96
glove100_10k,7,lid_descending,255,train_design,16,False,16,96
glove100_10k,7,lid_descending,256,calibration,64,False,96,96
glove100_10k,7,lid_descending,257,internal_audit,16,False,48,96
glove100_10k,7,lid_descending,258,train_design,16,False,16,96
glove100_10k,7,lid_descending,259,train_design,24,False,24,96
glove100_10k,7,lid_descending,260,calibration,192,False,32,96
glove100_10k,7,lid_descending,261,train_design,10,False,10,96
glove100_10k,7,lid_descending,262,calibration,10,False,16,96
glove100_10k,7,lid_descending,263,internal_audit,10,False,10,96
glove100_10k,7,lid_descending,264,internal_audit,96,False,96,96
glove100_10k,7,lid_descending,265,train_design,10,False,24,96
glove100_10k,7,lid_descending,266,calibration,10,False,32,96
glove100_10k,7,lid_descending,267,train_design,32,False,32,96
glove100_10k,7,lid_descending,268,internal_audit,10,False,10,96
glove100_10k,7,lid_descending,269,calibration,16,False,96,96
glove100_10k,7,lid_descending,270,calibration,10,False,10,96
glove100_10k,7,lid_descending,271,internal_audit,48,False,64,96
glove100_10k,7,lid_descending,272,train_design,24,False,24,96
glove100_10k,7,lid_descending,273,train_design,32,False,48,96
glove100_10k,7,lid_descending,274,internal_audit,10,False,10,96
glove100_10k,7,lid_descending,275,train_design,96,False,96,96
glove100_10k,7,lid_descending,276,calibration,32,False,48,96
glove100_10k,7,lid_descending,277,calibration,48,False,96,96
glove100_10k,7,lid_descending,278,calibration,32,False,32,96
glove100_10k,7,lid_descending,279,train_design,64,False,96,96
glove100_10k,7,lid_descending,280,train_design,24,False,48,96
glove100_10k,7,lid_descending,281,train_design,96,False,96,96
glove100_10k,7,lid_descending,282,train_design,16,False,16,96
glove100_10k,7,lid_descending,283,calibration,24,False,24,96
glove100_10k,7,lid_descending,284,internal_audit,128,False,96,96
glove100_10k,7,lid_descending,285,train_design,10,False,16,96
glove100_10k,7,lid_descending,286,calibration,10,False,64,96
glove100_10k,7,lid_descending,287,train_design,10,False,10,96
glove100_10k,7,lid_descending,288,train_design,192,False,96,96
glove100_10k,7,lid_descending,289,internal_audit,48,False,48,96
glove100_10k,7,lid_descending,290,train_design,16,False,16,96
glove100_10k,7,lid_descending,291,train_design,10,False,64,96
glove100_10k,7,lid_descending,292,train_design,16,False,16,96
glove100_10k,7,lid_descending,293,internal_audit,10,False,32,96
glove100_10k,7,lid_descending,294,train_design,10,False,10,96
glove100_10k,7,lid_descending,295,internal_audit,10,False,10,96
glove100_10k,7,lid_descending,296,train_design,16,False,16,96
glove100_10k,7,lid_descending,297,train_design,96,False,96,96
glove100_10k,7,lid_descending,298,train_design,48,False,96,96
glove100_10k,7,lid_descending,299,internal_audit,10,False,10,96
glove100_10k,7,lid_descending,300,train_design,10,False,10,96
glove100_10k,7,lid_descending,301,train_design,16,False,16,96
glove100_10k,7,lid_descending,302,train_design,10,False,10,96
glove100_10k,7,lid_descending,303,calibration,32,False,32,96
glove100_10k,7,lid_descending,304,calibration,10,False,10,96
glove100_10k,7,lid_descending,305,train_design,16,False,24,96
glove100_10k,7,lid_descending,306,internal_audit,10,False,16,96
glove100_10k,7,lid_descending,307,train_design,48,False,96,96
glove100_10k,7,lid_descending,308,internal_audit,16,False,16,96
glove100_10k,7,lid_descending,309,train_design,64,False,64,96
glove100_10k,7,lid_descending,310,train_design,64,False,64,96
glove100_10k,7,lid_descending,311,internal_audit,16,False,24,96
glove100_10k,7,lid_descending,312,train_design,96,False,96,96
glove100_10k,7,lid_descending,313,train_design,64,False,96,96
glove100_10k,7,lid_descending,314,internal_audit,10,False,10,96
glove100_10k,7,lid_descending,315,calibration,192,False,64,96
glove100_10k,7,lid_descending,316,calibration,10,False,10,96
glove100_10k,7,lid_descending,317,internal_audit,16,False,64,96
glove100_10k,7,lid_descending,318,train_design,10,False,32,96
glove100_10k,7,lid_descending,319,calibration,64,False,96,96
glove100_10k,7,lid_descending,320,internal_audit,10,False,10,96
glove100_10k,7,lid_descending,321,train_design,16,False,24,96
glove100_10k,7,lid_descending,322,internal_audit,16,False,24,96
glove100_10k,7,lid_descending,323,train_design,128,False,64,96
glove100_10k,7,lid_descending,324,calibration,96,False,96,96
glove100_10k,7,lid_descending,325,train_design,24,False,64,96
glove100_10k,7,lid_descending,326,train_design,16,False,32,96
glove100_10k,7,lid_descending,327,train_design,128,False,96,96
glove100_10k,7,lid_descending,328,calibration,10,False,10,96
glove100_10k,7,lid_descending,329,calibration,16,False,48,96
glove100_10k,7,lid_descending,330,calibration,96,False,96,96
glove100_10k,7,lid_descending,331,train_design,64,False,96,96
glove100_10k,7,lid_descending,332,train_design,16,False,16,96
glove100_10k,7,lid_descending,333,train_design,48,False,48,96
glove100_10k,7,lid_descending,334,train_design,32,False,64,96
glove100_10k,7,lid_descending,335,internal_audit,10,False,10,96
glove100_10k,7,lid_descending,336,train_design,24,False,32,96
glove100_10k,7,lid_descending,337,calibration,64,False,64,96
glove100_10k,7,lid_descending,338,calibration,96,False,96,96
glove100_10k,7,lid_descending,339,internal_audit,48,False,48,96
glove100_10k,7,lid_descending,340,calibration,96,False,96,96
glove100_10k,7,lid_descending,341,internal_audit,48,False,48,96
glove100_10k,7,lid_descending,342,calibration,10,False,10,96
glove100_10k,7,lid_descending,343,internal_audit,96,False,96,96
glove100_10k,7,lid_descending,344,calibration,32,False,32,96
glove100_10k,7,lid_descending,345,train_design,10,False,32,96
glove100_10k,7,lid_descending,346,train_design,10,False,10,96
glove100_10k,7,lid_descending,347,train_design,10,False,10,96
glove100_10k,7,lid_descending,348,train_design,32,False,48,96
glove100_10k,7,lid_descending,349,train_design,128,False,96,96
glove100_10k,7,lid_descending,350,internal_audit,24,False,48,96
glove100_10k,7,lid_descending,351,internal_audit,128,False,64,96
glove100_10k,7,lid_descending,352,train_design,10,False,48,96
glove100_10k,7,lid_descending,353,calibration,10,False,10,96
glove100_10k,7,lid_descending,354,calibration,32,False,96,96
glove100_10k,7,lid_descending,355,internal_audit,48,False,48,96
glove100_10k,7,lid_descending,356,train_design,64,False,64,96
glove100_10k,7,lid_descending,357,internal_audit,64,False,64,96
glove100_10k,7,lid_descending,358,train_design,16,False,24,96
glove100_10k,7,lid_descending,359,train_design,48,False,96,96
glove100_10k,7,lid_descending,360,train_design,48,False,48,96
glove100_10k,7,lid_descending,361,calibration,48,False,48,96
glove100_10k,7,lid_descending,362,train_design,10,False,48,96
glove100_10k,7,lid_descending,363,train_design,24,False,96,96
glove100_10k,7,lid_descending,364,internal_audit,16,False,32,96
glove100_10k,7,lid_descending,365,train_design,32,False,48,96
glove100_10k,7,lid_descending,366,train_design,24,False,96,96
glove100_10k,7,lid_descending,367,train_design,10,False,32,96
glove100_10k,7,lid_descending,368,calibration,10,False,24,96
glove100_10k,7,lid_descending,369,internal_audit,10,False,10,96
glove100_10k,7,lid_descending,370,calibration,64,False,64,96
glove100_10k,7,lid_descending,371,train_design,16,False,16,96
glove100_10k,7,lid_descending,372,internal_audit,24,False,32,96
glove100_10k,7,lid_descending,373,train_design,32,False,32,96
glove100_10k,7,lid_descending,374,internal_audit,16,False,32,96
glove100_10k,7,lid_descending,375,train_design,96,False,96,96
glove100_10k,7,lid_descending,376,train_design,16,False,64,96
glove100_10k,7,lid_descending,377,train_design,10,False,10,96
glove100_10k,7,lid_descending,378,calibration,64,False,64,96
glove100_10k,7,lid_descending,379,train_design,64,False,64,96
glove100_10k,7,lid_descending,380,train_design,10,False,48,96
glove100_10k,7,lid_descending,381,internal_audit,10,False,10,96
glove100_10k,7,lid_descending,382,internal_audit,64,False,96,96
glove100_10k,7,lid_descending,383,internal_audit,10,False,10,96
glove100_10k,7,lid_descending,384,train_design,10,False,16,96
glove100_10k,7,lid_descending,385,train_design,192,False,96,96
glove100_10k,7,lid_descending,386,train_design,10,False,16,96
glove100_10k,7,lid_descending,387,train_design,16,False,16,96
glove100_10k,7,lid_descending,388,train_design,32,False,32,96
glove100_10k,7,lid_descending,389,train_design,32,False,48,96
glove100_10k,7,lid_descending,390,internal_audit,192,False,96,96
glove100_10k,7,lid_descending,391,internal_audit,10,False,10,96
glove100_10k,7,lid_descending,392,train_design,16,False,48,96
glove100_10k,7,lid_descending,393,calibration,10,False,10,96
glove100_10k,7,lid_descending,394,calibration,48,False,96,96
glove100_10k,7,lid_descending,395,train_design,24,False,48,96
glove100_10k,7,lid_descending,396,train_design,96,False,96,96
glove100_10k,7,lid_descending,397,internal_audit,10,False,10,96
glove100_10k,7,lid_descending,398,internal_audit,48,False,48,96
glove100_10k,7,lid_descending,399,calibration,128,False,96,96
glove100_10k,7,lid_descending,400,train_design,10,False,16,96
glove100_10k,7,lid_descending,401,train_design,10,False,16,96
glove100_10k,7,lid_descending,402,calibration,10,False,10,96
glove100_10k,7,lid_descending,403,calibration,24,False,24,96
glove100_10k,7,lid_descending,404,calibration,128,False,64,96
glove100_10k,7,lid_descending,405,train_design,24,False,24,96
glove100_10k,7,lid_descending,406,train_design,16,False,16,96
glove100_10k,7,lid_descending,407,calibration,64,False,64,96
glove100_10k,7,lid_descending,408,internal_audit,10,False,10,96
glove100_10k,7,lid_descending,409,train_design,10,False,10,96
glove100_10k,7,lid_descending,410,calibration,192,False,96,96
glove100_10k,7,lid_descending,411,train_design,10,False,10,96
glove100_10k,7,lid_descending,412,train_design,10,False,10,96
glove100_10k,7,lid_descending,413,calibration,10,False,32,96
glove100_10k,7,lid_descending,414,internal_audit,48,False,96,96
glove100_10k,7,lid_descending,415,internal_audit,10,False,32,96
glove100_10k,7,lid_descending,416,calibration,24,False,64,96
glove100_10k,7,lid_descending,417,train_design,24,False,48,96
glove100_10k,7,lid_descending,418,calibration,10,False,32,96
glove100_10k,7,lid_descending,419,train_design,128,False,96,96
glove100_10k,7,lid_descending,420,calibration,10,False,10,96
glove100_10k,7,lid_descending,421,train_design,10,False,96,96
glove100_10k,7,lid_descending,422,train_design,10,False,32,96
glove100_10k,7,lid_descending,423,train_design,10,False,10,96
glove100_10k,7,lid_descending,424,train_design,64,False,64,96
glove100_10k,7,lid_descending,425,train_design,10,False,24,96
glove100_10k,7,lid_descending,426,train_design,96,False,96,96
glove100_10k,7,lid_descending,427,train_design,48,False,48,96
glove100_10k,7,lid_descending,428,internal_audit,10,False,24,96
glove100_10k,7,lid_descending,429,internal_audit,16,False,16,96
glove100_10k,7,lid_descending,430,train_design,48,False,96,96
glove100_10k,7,lid_descending,431,train_design,96,False,96,96
glove100_10k,7,lid_descending,432,train_design,16,False,32,96
glove100_10k,7,lid_descending,433,calibration,10,False,10,96
glove100_10k,7,lid_descending,434,train_design,16,False,96,96
glove100_10k,7,lid_descending,435,train_design,96,False,96,96
glove100_10k,7,lid_descending,436,train_design,32,False,32,96
glove100_10k,7,lid_descending,437,internal_audit,96,False,96,96
glove100_10k,7,lid_descending,438,internal_audit,128,False,64,96
glove100_10k,7,lid_descending,439,internal_audit,10,False,48,96
glove100_10k,7,lid_descending,440,calibration,16,False,64,96
glove100_10k,7,lid_descending,441,calibration,10,False,48,96
glove100_10k,7,lid_descending,442,internal_audit,96,False,96,96
glove100_10k,7,lid_descending,443,train_design,96,False,96,96
glove100_10k,7,lid_descending,444,internal_audit,16,False,16,96
glove100_10k,7,lid_descending,445,calibration,16,False,24,96
glove100_10k,7,lid_descending,446,train_design,48,False,64,96
glove100_10k,7,lid_descending,447,calibration,96,False,96,96
glove100_10k,7,lid_descending,448,train_design,192,False,96,96
glove100_10k,7,lid_descending,449,calibration,48,False,48,96
glove100_10k,7,lid_descending,450,train_design,48,False,48,96
glove100_10k,7,lid_descending,451,calibration,64,False,96,96
glove100_10k,7,lid_descending,452,calibration,64,False,96,96
glove100_10k,7,lid_descending,453,train_design,10,False,10,96
glove100_10k,7,lid_descending,454,train_design,10,False,16,96
glove100_10k,7,lid_descending,455,train_design,16,False,24,96
glove100_10k,7,lid_descending,456,train_design,128,False,64,96
glove100_10k,7,lid_descending,457,train_design,24,False,48,96
glove100_10k,7,lid_descending,458,internal_audit,10,False,10,96
glove100_10k,7,lid_descending,459,internal_audit,24,False,24,96
glove100_10k,7,lid_descending,460,train_design,32,False,48,96
glove100_10k,7,lid_descending,461,train_design,192,False,48,96
glove100_10k,7,lid_descending,462,calibration,128,False,96,96
glove100_10k,7,lid_descending,463,train_design,10,False,32,96
glove100_10k,7,lid_descending,464,train_design,10,False,32,96
glove100_10k,7,lid_descending,465,train_design,64,False,64,96
glove100_10k,7,lid_descending,466,train_design,96,False,96,96
glove100_10k,7,lid_descending,467,internal_audit,16,False,24,96
glove100_10k,7,lid_descending,468,train_design,24,False,24,96
glove100_10k,7,lid_descending,469,train_design,48,False,48,96
glove100_10k,7,lid_descending,470,train_design,10,False,10,96
glove100_10k,7,lid_descending,471,internal_audit,64,False,64,96
glove100_10k,7,lid_descending,472,train_design,128,False,96,96
glove100_10k,7,lid_descending,473,train_design,192,False,48,96
glove100_10k,7,lid_descending,474,train_design,96,False,96,96
glove100_10k,7,lid_descending,475,train_design,96,False,96,96
glove100_10k,7,lid_descending,476,internal_audit,10,False,10,96
glove100_10k,7,lid_descending,477,train_design,64,False,96,96
glove100_10k,7,lid_descending,478,train_design,64,False,96,96
glove100_10k,7,lid_descending,479,train_design,16,False,24,96
glove100_10k,7,lid_descending,480,train_design,16,False,16,96
glove100_10k,7,lid_descending,481,train_design,10,False,96,96
glove100_10k,7,lid_descending,482,internal_audit,24,False,24,96
glove100_10k,7,lid_descending,483,train_design,24,False,24,96
glove100_10k,7,lid_descending,484,train_design,128,False,48,96
glove100_10k,7,lid_descending,485,calibration,10,False,10,96
glove100_10k,7,lid_descending,486,internal_audit,10,False,24,96
glove100_10k,7,lid_descending,487,internal_audit,32,False,32,96
glove100_10k,7,lid_descending,488,calibration,32,False,48,96
glove100_10k,7,lid_descending,489,train_design,24,False,48,96
glove100_10k,7,lid_descending,490,calibration,16,False,16,96
glove100_10k,7,lid_descending,491,internal_audit,10,False,10,96
glove100_10k,7,lid_descending,492,train_design,10,False,10,96
glove100_10k,7,lid_descending,493,calibration,96,False,96,96
glove100_10k,7,lid_descending,494,train_design,24,False,64,96
glove100_10k,7,lid_descending,495,train_design,10,False,16,96
glove100_10k,7,lid_descending,496,train_design,10,False,16,96
glove100_10k,7,lid_descending,497,train_design,64,False,64,96
glove100_10k,7,lid_descending,498,calibration,128,False,96,96
glove100_10k,7,lid_descending,499,train_design,10,False,10,96
glove100_10k,7,random,0,train_design,10,False,24,96
glove100_10k,7,random,1,train_design,10,False,24,96
glove100_10k,7,random,2,calibration,10,False,10,96
glove100_10k,7,random,3,calibration,96,False,96,96
glove100_10k,7,random,4,internal_audit,128,False,48,96
glove100_10k,7,random,5,calibration,10,False,16,96
glove100_10k,7,random,6,train_design,16,False,64,96
glove100_10k,7,random,7,internal_audit,10,False,10,96
glove100_10k,7,random,8,train_design,24,False,32,96
glove100_10k,7,random,9,train_design,48,False,48,96
glove100_10k,7,random,10,train_design,128,False,96,96
glove100_10k,7,random,11,internal_audit,64,False,64,96
glove100_10k,7,random,12,train_design,48,False,96,96
glove100_10k,7,random,13,internal_audit,32,False,32,96
glove100_10k,7,random,14,train_design,10,False,10,96
glove100_10k,7,random,15,internal_audit,24,False,24,96
glove100_10k,7,random,16,calibration,96,False,96,96
glove100_10k,7,random,17,internal_audit,96,False,96,96
glove100_10k,7,random,18,calibration,128,False,96,96
glove100_10k,7,random,19,train_design,64,False,96,96
glove100_10k,7,random,20,train_design,10,False,10,96
glove100_10k,7,random,21,internal_audit,48,False,48,96
glove100_10k,7,random,22,train_design,10,False,10,96
glove100_10k,7,random,23,internal_audit,24,False,64,96
glove100_10k,7,random,24,calibration,10,False,10,96
glove100_10k,7,random,25,train_design,16,False,32,96
glove100_10k,7,random,26,calibration,24,False,96,96
glove100_10k,7,random,27,calibration,48,False,64,96
glove100_10k,7,random,28,train_design,48,False,48,96
glove100_10k,7,random,29,calibration,96,False,96,96
glove100_10k,7,random,30,internal_audit,10,False,16,96
glove100_10k,7,random,31,train_design,96,False,96,96
glove100_10k,7,random,32,train_design,96,False,96,96
glove100_10k,7,random,33,calibration,64,False,96,96
glove100_10k,7,random,34,internal_audit,48,False,64,96
glove100_10k,7,random,35,train_design,48,False,96,96
glove100_10k,7,random,36,internal_audit,128,False,64,96
glove100_10k,7,random,37,train_design,192,False,24,96
glove100_10k,7,random,38,internal_audit,10,False,48,96
glove100_10k,7,random,39,calibration,48,False,64,96
glove100_10k,7,random,40,train_design,32,False,48,96
glove100_10k,7,random,41,internal_audit,10,False,48,96
glove100_10k,7,random,42,train_design,48,False,48,96
glove100_10k,7,random,43,train_design,96,False,96,96
glove100_10k,7,random,44,train_design,128,False,96,96
glove100_10k,7,random,45,internal_audit,128,False,64,96
glove100_10k,7,random,46,calibration,10,False,16,96
glove100_10k,7,random,47,train_design,10,False,16,96
glove100_10k,7,random,48,train_design,128,False,96,96
glove100_10k,7,random,49,internal_audit,10,False,24,96
glove100_10k,7,random,50,train_design,64,False,64,96
glove100_10k,7,random,51,calibration,32,False,32,96
glove100_10k,7,random,52,calibration,10,False,10,96
glove100_10k,7,random,53,train_design,64,False,64,96
glove100_10k,7,random,54,train_design,48,False,48,96
glove100_10k,7,random,55,calibration,64,False,96,96
glove100_10k,7,random,56,train_design,16,False,16,96
glove100_10k,7,random,57,calibration,32,False,48,96
glove100_10k,7,random,58,calibration,10,False,16,96
glove100_10k,7,random,59,calibration,48,False,48,96
glove100_10k,7,random,60,train_design,48,False,96,96
glove100_10k,7,random,61,train_design,96,False,96,96
glove100_10k,7,random,62,train_design,10,False,10,96
glove100_10k,7,random,63,internal_audit,48,False,64,96
glove100_10k,7,random,64,train_design,48,False,96,96
glove100_10k,7,random,65,calibration,10,False,16,96
glove100_10k,7,random,66,calibration,128,False,96,96
glove100_10k,7,random,67,train_design,10,False,24,96
glove100_10k,7,random,68,calibration,24,False,96,96
glove100_10k,7,random,69,calibration,96,False,96,96
glove100_10k,7,random,70,train_design,32,False,48,96
glove100_10k,7,random,71,calibration,24,False,48,96
glove100_10k,7,random,72,train_design,96,False,96,96
glove100_10k,7,random,73,internal_audit,10,False,16,96
glove100_10k,7,random,74,calibration,64,False,64,96
glove100_10k,7,random,75,train_design,32,False,32,96
glove100_10k,7,random,76,train_design,32,False,32,96
glove100_10k,7,random,77,calibration,32,False,96,96
glove100_10k,7,random,78,calibration,10,False,10,96
glove100_10k,7,random,79,calibration,24,False,64,96
glove100_10k,7,random,80,train_design,96,False,96,96
glove100_10k,7,random,81,internal_audit,48,False,96,96
glove100_10k,7,random,82,train_design,48,False,48,96
glove100_10k,7,random,83,train_design,24,False,48,96
glove100_10k,7,random,84,train_design,32,False,48,96
glove100_10k,7,random,85,internal_audit,48,False,96,96
glove100_10k,7,random,86,internal_audit,24,False,64,96
glove100_10k,7,random,87,calibration,24,False,48,96
glove100_10k,7,random,88,internal_audit,96,False,96,96
glove100_10k,7,random,89,train_design,10,False,10,96
glove100_10k,7,random,90,calibration,24,False,48,96
glove100_10k,7,random,91,train_design,64,False,96,96
glove100_10k,7,random,92,internal_audit,24,False,24,96
glove100_10k,7,random,93,internal_audit,10,False,64,96
glove100_10k,7,random,94,calibration,48,False,48,96
glove100_10k,7,random,95,train_design,24,False,48,96
glove100_10k,7,random,96,internal_audit,32,False,48,96
glove100_10k,7,random,97,calibration,10,False,32,96
glove100_10k,7,random,98,train_design,48,False,48,96
glove100_10k,7,random,99,internal_audit,10,False,96,96
glove100_10k,7,random,100,train_design,10,False,10,96
glove100_10k,7,random,101,calibration,64,False,96,96
glove100_10k,7,random,102,train_design,192,False,96,96
glove100_10k,7,random,103,calibration,10,False,32,96
glove100_10k,7,random,104,internal_audit,128,False,24,96
glove100_10k,7,random,105,calibration,24,False,32,96
glove100_10k,7,random,106,train_design,10,False,10,96
glove100_10k,7,random,107,train_design,10,False,10,96
glove100_10k,7,random,108,train_design,48,False,96,96
glove100_10k,7,random,109,internal_audit,96,False,96,96
glove100_10k,7,random,110,calibration,16,False,24,96
glove100_10k,7,random,111,train_design,192,False,96,96
glove100_10k,7,random,112,train_design,96,False,96,96
glove100_10k,7,random,113,calibration,16,False,16,96
glove100_10k,7,random,114,internal_audit,48,False,64,96
glove100_10k,7,random,115,internal_audit,10,False,10,96
glove100_10k,7,random,116,train_design,64,False,64,96
glove100_10k,7,random,117,train_design,32,False,32,96
glove100_10k,7,random,118,internal_audit,48,False,96,96
glove100_10k,7,random,119,calibration,48,False,64,96
glove100_10k,7,random,120,internal_audit,24,False,24,96
glove100_10k,7,random,121,train_design,24,False,24,96
glove100_10k,7,random,122,calibration,24,False,48,96
glove100_10k,7,random,123,train_design,10,False,10,96
glove100_10k,7,random,124,train_design,48,False,48,96
glove100_10k,7,random,125,internal_audit,96,False,96,96
glove100_10k,7,random,126,internal_audit,128,False,96,96
glove100_10k,7,random,127,train_design,48,False,64,96
glove100_10k,7,random,128,internal_audit,48,False,48,96
glove100_10k,7,random,129,calibration,10,False,10,96
glove100_10k,7,random,130,internal_audit,10,False,10,96
glove100_10k,7,random,131,train_design,10,False,10,96
glove100_10k,7,random,132,calibration,64,False,64,96
glove100_10k,7,random,133,train_design,10,False,10,96
glove100_10k,7,random,134,internal_audit,64,False,64,96
glove100_10k,7,random,135,internal_audit,64,False,64,96
glove100_10k,7,random,136,train_design,192,False,48,96
glove100_10k,7,random,137,train_design,10,False,24,96
glove100_10k,7,random,138,train_design,32,False,96,96
glove100_10k,7,random,139,train_design,48,False,64,96
glove100_10k,7,random,140,internal_audit,24,False,48,96
glove100_10k,7,random,141,calibration,10,False,16,96
glove100_10k,7,random,142,internal_audit,48,False,48,96
glove100_10k,7,random,143,train_design,16,False,16,96
glove100_10k,7,random,144,internal_audit,32,False,96,96
glove100_10k,7,random,145,calibration,24,False,32,96
glove100_10k,7,random,146,train_design,384,False,96,96
glove100_10k,7,random,147,train_design,24,False,48,96
glove100_10k,7,random,148,train_design,16,False,24,96
glove100_10k,7,random,149,train_design,10,False,10,96
glove100_10k,7,random,150,train_design,10,False,16,96
glove100_10k,7,random,151,train_design,10,False,96,96
glove100_10k,7,random,152,train_design,10,False,16,96
glove100_10k,7,random,153,calibration,16,False,48,96
glove100_10k,7,random,154,calibration,10,False,96,96
glove100_10k,7,random,155,calibration,24,False,24,96
glove100_10k,7,random,156,internal_audit,10,False,10,96
glove100_10k,7,random,157,train_design,64,False,64,96
glove100_10k,7,random,158,internal_audit,10,False,10,96
glove100_10k,7,random,159,calibration,24,False,24,96
glove100_10k,7,random,160,train_design,10,False,48,96
glove100_10k,7,random,161,internal_audit,192,False,96,96
glove100_10k,7,random,162,internal_audit,96,False,96,96
glove100_10k,7,random,163,internal_audit,64,False,64,96
glove100_10k,7,random,164,train_design,10,False,10,96
glove100_10k,7,random,165,calibration,48,False,96,96
glove100_10k,7,random,166,train_design,48,False,96,96
glove100_10k,7,random,167,train_design,32,False,32,96
glove100_10k,7,random,168,train_design,192,False,96,96
glove100_10k,7,random,169,train_design,32,False,32,96
glove100_10k,7,random,170,calibration,48,False,64,96
glove100_10k,7,random,171,train_design,48,False,48,96
glove100_10k,7,random,172,train_design,64,False,64,96
glove100_10k,7,random,173,internal_audit,24,False,48,96
glove100_10k,7,random,174,train_design,16,False,16,96
glove100_10k,7,random,175,train_design,96,False,96,96
glove100_10k,7,random,176,calibration,48,False,48,96
glove100_10k,7,random,177,train_design,96,False,96,96
glove100_10k,7,random,178,train_design,48,False,48,96
glove100_10k,7,random,179,internal_audit,192,False,96,96
glove100_10k,7,random,180,internal_audit,96,False,96,96
glove100_10k,7,random,181,calibration,96,False,96,96
glove100_10k,7,random,182,train_design,64,False,96,96
glove100_10k,7,random,183,train_design,10,False,96,96
glove100_10k,7,random,184,train_design,10,False,16,96
glove100_10k,7,random,185,calibration,96,False,96,96
glove100_10k,7,random,186,calibration,48,False,48,96
glove100_10k,7,random,187,train_design,96,False,96,96
glove100_10k,7,random,188,train_design,48,False,64,96
glove100_10k,7,random,189,internal_audit,48,False,96,96
glove100_10k,7,random,190,train_design,16,False,16,96
glove100_10k,7,random,191,internal_audit,24,False,24,96
glove100_10k,7,random,192,calibration,96,False,96,96
glove100_10k,7,random,193,train_design,192,False,96,96
glove100_10k,7,random,194,internal_audit,16,False,96,96
glove100_10k,7,random,195,calibration,10,False,10,96
glove100_10k,7,random,196,calibration,48,False,48,96
glove100_10k,7,random,197,calibration,32,False,32,96
glove100_10k,7,random,198,train_design,10,False,16,96
glove100_10k,7,random,199,internal_audit,64,False,64,96
glove100_10k,7,random,200,train_design,24,False,32,96
glove100_10k,7,random,201,calibration,10,False,10,96
glove100_10k,7,random,202,internal_audit,128,False,64,96
glove100_10k,7,random,203,internal_audit,10,False,10,96
glove100_10k,7,random,204,train_design,10,False,16,96
glove100_10k,7,random,205,train_design,32,False,48,96
glove100_10k,7,random,206,calibration,32,False,48,96
glove100_10k,7,random,207,internal_audit,32,False,48,96
glove100_10k,7,random,208,train_design,96,False,96,96
glove100_10k,7,random,209,internal_audit,24,False,32,96
glove100_10k,7,random,210,internal_audit,10,False,10,96
glove100_10k,7,random,211,train_design,96,False,96,96
glove100_10k,7,random,212,internal_audit,96,False,96,96
glove100_10k,7,random,213,train_design,10,False,10,96
glove100_10k,7,random,214,internal_audit,16,False,48,96
glove100_10k,7,random,215,internal_audit,64,False,96,96
glove100_10k,7,random,216,internal_audit,10,False,10,96
glove100_10k,7,random,217,train_design,128,False,48,96
glove100_10k,7,random,218,calibration,48,False,64,96
glove100_10k,7,random,219,calibration,16,False,96,96
glove100_10k,7,random,220,calibration,16,False,32,96
glove100_10k,7,random,221,train_design,24,False,48,96
glove100_10k,7,random,222,train_design,10,False,96,96
glove100_10k,7,random,223,train_design,24,False,24,96
glove100_10k,7,random,224,internal_audit,24,False,24,96
glove100_10k,7,random,225,train_design,96,False,96,96
glove100_10k,7,random,226,internal_audit,10,False,64,96
glove100_10k,7,random,227,train_design,64,False,64,96
glove100_10k,7,random,228,train_design,64,False,64,96
glove100_10k,7,random,229,train_design,192,False,16,96
glove100_10k,7,random,230,train_design,24,False,48,96
glove100_10k,7,random,231,train_design,64,False,96,96
glove100_10k,7,random,232,internal_audit,128,False,48,96
glove100_10k,7,random,233,internal_audit,10,False,10,96
glove100_10k,7,random,234,train_design,64,False,64,96
glove100_10k,7,random,235,internal_audit,96,False,96,96
glove100_10k,7,random,236,internal_audit,64,False,64,96
glove100_10k,7,random,237,calibration,48,False,48,96
glove100_10k,7,random,238,train_design,96,False,96,96
glove100_10k,7,random,239,calibration,10,False,10,96
glove100_10k,7,random,240,train_design,96,False,96,96
glove100_10k,7,random,241,internal_audit,16,False,48,96
glove100_10k,7,random,242,calibration,10,False,10,96
glove100_10k,7,random,243,train_design,10,False,16,96
glove100_10k,7,random,244,train_design,24,False,24,96
glove100_10k,7,random,245,train_design,128,False,96,96
glove100_10k,7,random,246,train_design,24,False,48,96
glove100_10k,7,random,247,train_design,48,False,48,96
glove100_10k,7,random,248,calibration,16,False,16,96
glove100_10k,7,random,249,calibration,24,False,32,96
glove100_10k,7,random,250,internal_audit,10,False,64,96
glove100_10k,7,random,251,calibration,10,False,10,96
glove100_10k,7,random,252,calibration,10,False,10,96
glove100_10k,7,random,253,train_design,16,False,32,96
glove100_10k,7,random,254,train_design,16,False,32,96
glove100_10k,7,random,255,train_design,10,False,24,96
glove100_10k,7,random,256,calibration,64,False,96,96
glove100_10k,7,random,257,internal_audit,48,False,96,96
glove100_10k,7,random,258,train_design,24,False,64,96
glove100_10k,7,random,259,train_design,24,False,32,96
glove100_10k,7,random,260,calibration,96,False,96,96
glove100_10k,7,random,261,train_design,10,False,10,96
glove100_10k,7,random,262,calibration,10,False,10,96
glove100_10k,7,random,263,internal_audit,16,False,16,96
glove100_10k,7,random,264,internal_audit,128,False,64,96
glove100_10k,7,random,265,train_design,10,False,10,96
glove100_10k,7,random,266,calibration,10,False,16,96
glove100_10k,7,random,267,train_design,24,False,64,96
glove100_10k,7,random,268,internal_audit,10,False,10,96
glove100_10k,7,random,269,calibration,16,False,16,96
glove100_10k,7,random,270,calibration,10,False,10,96
glove100_10k,7,random,271,internal_audit,48,False,48,96
glove100_10k,7,random,272,train_design,10,False,24,96
glove100_10k,7,random,273,train_design,32,False,32,96
glove100_10k,7,random,274,internal_audit,10,False,10,96
glove100_10k,7,random,275,train_design,32,False,48,96
glove100_10k,7,random,276,calibration,32,False,32,96
glove100_10k,7,random,277,calibration,96,False,96,96
glove100_10k,7,random,278,calibration,48,False,48,96
glove100_10k,7,random,279,train_design,24,False,32,96
glove100_10k,7,random,280,train_design,24,False,48,96
glove100_10k,7,random,281,train_design,128,False,96,96
glove100_10k,7,random,282,train_design,48,False,48,96
glove100_10k,7,random,283,calibration,32,False,32,96
glove100_10k,7,random,284,internal_audit,192,False,96,96
glove100_10k,7,random,285,train_design,16,False,24,96
glove100_10k,7,random,286,calibration,10,False,64,96
glove100_10k,7,random,287,train_design,10,False,10,96
glove100_10k,7,random,288,train_design,256,False,48,96
glove100_10k,7,random,289,internal_audit,16,False,48,96
glove100_10k,7,random,290,train_design,16,False,24,96
glove100_10k,7,random,291,train_design,24,False,64,96
glove100_10k,7,random,292,train_design,24,False,64,96
glove100_10k,7,random,293,internal_audit,10,False,16,96
glove100_10k,7,random,294,train_design,10,False,10,96
glove100_10k,7,random,295,internal_audit,24,False,24,96
glove100_10k,7,random,296,train_design,24,False,32,96
glove100_10k,7,random,297,train_design,96,False,96,96
glove100_10k,7,random,298,train_design,32,False,48,96
glove100_10k,7,random,299,internal_audit,10,False,10,96
glove100_10k,7,random,300,train_design,10,False,16,96
glove100_10k,7,random,301,train_design,32,False,32,96
glove100_10k,7,random,302,train_design,10,False,10,96
glove100_10k,7,random,303,calibration,96,False,96,96
glove100_10k,7,random,304,calibration,10,False,10,96
glove100_10k,7,random,305,train_design,10,False,24,96
glove100_10k,7,random,306,internal_audit,10,False,24,96
glove100_10k,7,random,307,train_design,48,False,64,96
glove100_10k,7,random,308,internal_audit,24,False,48,96
glove100_10k,7,random,309,train_design,64,False,64,96
glove100_10k,7,random,310,train_design,64,False,96,96
glove100_10k,7,random,311,internal_audit,24,False,96,96
glove100_10k,7,random,312,train_design,16,False,16,96
glove100_10k,7,random,313,train_design,24,False,48,96
glove100_10k,7,random,314,internal_audit,10,False,24,96
glove100_10k,7,random,315,calibration,96,False,96,96
glove100_10k,7,random,316,calibration,64,False,64,96
glove100_10k,7,random,317,internal_audit,192,False,32,96
glove100_10k,7,random,318,train_design,16,False,16,96
glove100_10k,7,random,319,calibration,48,False,48,96
glove100_10k,7,random,320,internal_audit,10,False,10,96
glove100_10k,7,random,321,train_design,16,False,16,96
glove100_10k,7,random,322,internal_audit,16,False,24,96
glove100_10k,7,random,323,train_design,48,False,48,96
glove100_10k,7,random,324,calibration,48,False,64,96
glove100_10k,7,random,325,train_design,64,False,64,96
glove100_10k,7,random,326,train_design,24,False,32,96
glove100_10k,7,random,327,train_design,64,False,96,96
glove100_10k,7,random,328,calibration,10,False,10,96
glove100_10k,7,random,329,calibration,24,False,48,96
glove100_10k,7,random,330,calibration,32,False,32,96
glove100_10k,7,random,331,train_design,96,False,96,96
glove100_10k,7,random,332,train_design,10,False,10,96
glove100_10k,7,random,333,train_design,96,False,96,96
glove100_10k,7,random,334,train_design,24,False,32,96
glove100_10k,7,random,335,internal_audit,10,False,10,96
glove100_10k,7,random,336,train_design,32,False,48,96
glove100_10k,7,random,337,calibration,96,False,96,96
glove100_10k,7,random,338,calibration,48,False,64,96
glove100_10k,7,random,339,internal_audit,64,False,64,96
glove100_10k,7,random,340,calibration,96,False,96,96
glove100_10k,7,random,341,internal_audit,32,False,48,96
glove100_10k,7,random,342,calibration,10,False,10,96
glove100_10k,7,random,343,internal_audit,128,False,96,96
glove100_10k,7,random,344,calibration,16,False,32,96
glove100_10k,7,random,345,train_design,16,False,32,96
glove100_10k,7,random,346,train_design,10,False,10,96
glove100_10k,7,random,347,train_design,10,False,10,96
glove100_10k,7,random,348,train_design,32,False,32,96
glove100_10k,7,random,349,train_design,128,False,96,96
glove100_10k,7,random,350,internal_audit,10,False,48,96
glove100_10k,7,random,351,internal_audit,192,False,96,96
glove100_10k,7,random,352,train_design,10,False,16,96
glove100_10k,7,random,353,calibration,10,False,10,96
glove100_10k,7,random,354,calibration,32,False,32,96
glove100_10k,7,random,355,internal_audit,24,False,24,96
glove100_10k,7,random,356,train_design,96,False,96,96
glove100_10k,7,random,357,internal_audit,24,False,32,96
glove100_10k,7,random,358,train_design,24,False,24,96
glove100_10k,7,random,359,train_design,64,False,64,96
glove100_10k,7,random,360,train_design,96,False,96,96
glove100_10k,7,random,361,calibration,32,False,32,96
glove100_10k,7,random,362,train_design,10,False,48,96
glove100_10k,7,random,363,train_design,16,False,48,96
glove100_10k,7,random,364,internal_audit,48,False,64,96
glove100_10k,7,random,365,train_design,32,False,32,96
glove100_10k,7,random,366,train_design,10,False,32,96
glove100_10k,7,random,367,train_design,16,False,32,96
glove100_10k,7,random,368,calibration,16,False,24,96
glove100_10k,7,random,369,internal_audit,10,False,10,96
glove100_10k,7,random,370,calibration,192,False,64,96
glove100_10k,7,random,371,train_design,16,False,24,96
glove100_10k,7,random,372,internal_audit,16,False,32,96
glove100_10k,7,random,373,train_design,32,False,48,96
glove100_10k,7,random,374,internal_audit,10,False,24,96
glove100_10k,7,random,375,train_design,96,False,96,96
glove100_10k,7,random,376,train_design,48,False,48,96
glove100_10k,7,random,377,train_design,10,False,10,96
glove100_10k,7,random,378,calibration,64,False,64,96
glove100_10k,7,random,379,train_design,192,False,64,96
glove100_10k,7,random,380,train_design,10,False,48,96
glove100_10k,7,random,381,internal_audit,10,False,10,96
glove100_10k,7,random,382,internal_audit,48,False,48,96
glove100_10k,7,random,383,internal_audit,16,False,32,96
glove100_10k,7,random,384,train_design,10,False,24,96
glove100_10k,7,random,385,train_design,128,False,96,96
glove100_10k,7,random,386,train_design,32,False,32,96
glove100_10k,7,random,387,train_design,10,False,10,96
glove100_10k,7,random,388,train_design,48,False,64,96
glove100_10k,7,random,389,train_design,32,False,64,96
glove100_10k,7,random,390,internal_audit,128,False,48,96
glove100_10k,7,random,391,internal_audit,10,False,10,96
glove100_10k,7,random,392,train_design,10,False,10,96
glove100_10k,7,random,393,calibration,16,False,16,96
glove100_10k,7,random,394,calibration,96,False,96,96
glove100_10k,7,random,395,train_design,96,False,96,96
glove100_10k,7,random,396,train_design,48,False,96,96
glove100_10k,7,random,397,internal_audit,10,False,10,96
glove100_10k,7,random,398,internal_audit,96,False,96,96
glove100_10k,7,random,399,calibration,48,False,96,96
glove100_10k,7,random,400,train_design,10,False,10,96
glove100_10k,7,random,401,train_design,16,False,24,96
glove100_10k,7,random,402,calibration,10,False,10,96
glove100_10k,7,random,403,calibration,10,False,10,96
glove100_10k,7,random,404,calibration,48,False,48,96
glove100_10k,7,random,405,train_design,16,False,16,96
glove100_10k,7,random,406,train_design,16,False,32,96
glove100_10k,7,random,407,calibration,32,False,32,96
glove100_10k,7,random,408,internal_audit,10,False,10,96
glove100_10k,7,random,409,train_design,10,False,10,96
glove100_10k,7,random,410,calibration,256,False,96,96
glove100_10k,7,random,411,train_design,10,False,10,96
glove100_10k,7,random,412,train_design,10,False,10,96
glove100_10k,7,random,413,calibration,24,False,24,96
glove100_10k,7,random,414,internal_audit,64,False,64,96
glove100_10k,7,random,415,internal_audit,10,False,16,96
glove100_10k,7,random,416,calibration,16,False,24,96
glove100_10k,7,random,417,train_design,24,False,48,96
glove100_10k,7,random,418,calibration,10,False,32,96
glove100_10k,7,random,419,train_design,192,False,96,96
glove100_10k,7,random,420,calibration,10,False,10,96
glove100_10k,7,random,421,train_design,64,False,96,96
glove100_10k,7,random,422,train_design,10,False,32,96
glove100_10k,7,random,423,train_design,24,False,24,96
glove100_10k,7,random,424,train_design,64,False,64,96
glove100_10k,7,random,425,train_design,10,False,24,96
glove100_10k,7,random,426,train_design,192,False,96,96
glove100_10k,7,random,427,train_design,64,False,64,96
glove100_10k,7,random,428,internal_audit,10,False,24,96
glove100_10k,7,random,429,internal_audit,10,False,16,96
glove100_10k,7,random,430,train_design,32,False,96,96
glove100_10k,7,random,431,train_design,96,False,96,96
glove100_10k,7,random,432,train_design,24,False,96,96
glove100_10k,7,random,433,calibration,10,False,10,96
glove100_10k,7,random,434,train_design,96,False,96,96
glove100_10k,7,random,435,train_design,96,False,96,96
glove100_10k,7,random,436,train_design,64,False,64,96
glove100_10k,7,random,437,internal_audit,64,False,64,96
glove100_10k,7,random,438,internal_audit,96,False,96,96
glove100_10k,7,random,439,internal_audit,48,False,64,96
glove100_10k,7,random,440,calibration,24,False,64,96
glove100_10k,7,random,441,calibration,32,False,48,96
glove100_10k,7,random,442,internal_audit,128,False,64,96
glove100_10k,7,random,443,train_design,64,False,96,96
glove100_10k,7,random,444,internal_audit,24,False,24,96
glove100_10k,7,random,445,calibration,24,False,48,96
glove100_10k,7,random,446,train_design,48,False,64,96
glove100_10k,7,random,447,calibration,48,False,48,96
glove100_10k,7,random,448,train_design,96,False,96,96
glove100_10k,7,random,449,calibration,128,False,96,96
glove100_10k,7,random,450,train_design,96,False,96,96
glove100_10k,7,random,451,calibration,96,False,96,96
glove100_10k,7,random,452,calibration,32,False,64,96
glove100_10k,7,random,453,train_design,10,False,10,96
glove100_10k,7,random,454,train_design,16,False,16,96
glove100_10k,7,random,455,train_design,16,False,16,96
glove100_10k,7,random,456,train_design,192,False,96,96
glove100_10k,7,random,457,train_design,24,False,24,96
glove100_10k,7,random,458,internal_audit,10,False,10,96
glove100_10k,7,random,459,internal_audit,96,False,96,96
glove100_10k,7,random,460,train_design,24,False,32,96
glove100_10k,7,random,461,train_design,128,False,64,96
glove100_10k,7,random,462,calibration,128,False,64,96
glove100_10k,7,random,463,train_design,10,False,64,96
glove100_10k,7,random,464,train_design,10,False,32,96
glove100_10k,7,random,465,train_design,128,False,64,96
glove100_10k,7,random,466,train_design,48,False,64,96
glove100_10k,7,random,467,internal_audit,10,False,16,96
glove100_10k,7,random,468,train_design,32,False,96,96
glove100_10k,7,random,469,train_design,64,False,64,96
glove100_10k,7,random,470,train_design,10,False,10,96
glove100_10k,7,random,471,internal_audit,64,False,64,96
glove100_10k,7,random,472,train_design,128,False,96,96
glove100_10k,7,random,473,train_design,192,False,32,96
glove100_10k,7,random,474,train_design,256,False,96,96
glove100_10k,7,random,475,train_design,64,False,64,96
glove100_10k,7,random,476,internal_audit,10,False,10,96
glove100_10k,7,random,477,train_design,48,False,96,96
glove100_10k,7,random,478,train_design,48,False,48,96
glove100_10k,7,random,479,train_design,16,False,16,96
glove100_10k,7,random,480,train_design,16,False,32,96
glove100_10k,7,random,481,train_design,10,False,10,96
glove100_10k,7,random,482,internal_audit,32,False,48,96
glove100_10k,7,random,483,train_design,24,False,24,96
glove100_10k,7,random,484,train_design,96,False,96,96
glove100_10k,7,random,485,calibration,10,False,24,96
glove100_10k,7,random,486,internal_audit,10,False,64,96
glove100_10k,7,random,487,internal_audit,32,False,32,96
glove100_10k,7,random,488,calibration,10,False,48,96
glove100_10k,7,random,489,train_design,64,False,64,96
glove100_10k,7,random,490,calibration,32,False,64,96
glove100_10k,7,random,491,internal_audit,10,False,10,96
glove100_10k,7,random,492,train_design,10,False,16,96
glove100_10k,7,random,493,calibration,48,False,96,96
glove100_10k,7,random,494,train_design,10,False,16,96
glove100_10k,7,random,495,train_design,10,False,16,96
glove100_10k,7,random,496,train_design,10,False,16,96
glove100_10k,7,random,497,train_design,128,False,96,96
glove100_10k,7,random,498,calibration,256,False,64,96
glove100_10k,7,random,499,train_design,10,False,10,96
sift_10k,17,lid_ascending,0,train_design,10,False,10,32
sift_10k,17,lid_ascending,1,train_design,10,False,10,32
sift_10k,17,lid_ascending,2,calibration,16,False,24,32
sift_10k,17,lid_ascending,3,calibration,10,False,16,32
sift_10k,17,lid_ascending,4,internal_audit,10,False,16,32
sift_10k,17,lid_ascending,5,calibration,10,False,10,32
sift_10k,17,lid_ascending,6,train_design,16,False,16,32
sift_10k,17,lid_ascending,7,internal_audit,128,False,24,32
sift_10k,17,lid_ascending,8,train_design,10,False,10,32
sift_10k,17,lid_ascending,9,train_design,10,False,10,32
sift_10k,17,lid_ascending,10,train_design,10,False,10,32
sift_10k,17,lid_ascending,11,internal_audit,10,False,10,32
sift_10k,17,lid_ascending,12,train_design,10,False,10,32
sift_10k,17,lid_ascending,13,internal_audit,10,False,24,32
sift_10k,17,lid_ascending,14,train_design,10,False,16,32
sift_10k,17,lid_ascending,15,internal_audit,10,False,16,32
sift_10k,17,lid_ascending,16,calibration,10,False,10,32
sift_10k,17,lid_ascending,17,internal_audit,16,False,16,32
sift_10k,17,lid_ascending,18,calibration,10,False,10,32
sift_10k,17,lid_ascending,19,train_design,10,False,10,32
sift_10k,17,lid_ascending,20,train_design,24,False,32,32
sift_10k,17,lid_ascending,21,internal_audit,24,False,32,32
sift_10k,17,lid_ascending,22,train_design,10,False,10,32
sift_10k,17,lid_ascending,23,internal_audit,24,False,32,32
sift_10k,17,lid_ascending,24,calibration,32,False,32,32
sift_10k,17,lid_ascending,25,train_design,10,False,10,32
sift_10k,17,lid_ascending,26,calibration,10,False,10,32
sift_10k,17,lid_ascending,27,calibration,10,False,10,32
sift_10k,17,lid_ascending,28,train_design,10,False,16,32
sift_10k,17,lid_ascending,29,calibration,10,False,10,32
sift_10k,17,lid_ascending,30,internal_audit,10,False,16,32
sift_10k,17,lid_ascending,31,train_design,16,False,16,32
sift_10k,17,lid_ascending,32,train_design,16,False,24,32
sift_10k,17,lid_ascending,33,calibration,10,False,10,32
sift_10k,17,lid_ascending,34,internal_audit,16,False,24,32
sift_10k,17,lid_ascending,35,train_design,16,False,16,32
sift_10k,17,lid_ascending,36,internal_audit,10,False,16,32
sift_10k,17,lid_ascending,37,train_design,10,False,16,32
sift_10k,17,lid_ascending,38,internal_audit,16,False,16,32
sift_10k,17,lid_ascending,39,calibration,16,False,16,32
sift_10k,17,lid_ascending,40,train_design,16,False,16,32
sift_10k,17,lid_ascending,41,internal_audit,16,False,16,32
sift_10k,17,lid_ascending,42,train_design,10,False,24,32
sift_10k,17,lid_ascending,43,train_design,10,False,16,32
sift_10k,17,lid_ascending,44,train_design,10,False,16,32
sift_10k,17,lid_ascending,45,internal_audit,10,False,10,32
sift_10k,17,lid_ascending,46,calibration,64,False,32,32
sift_10k,17,lid_ascending,47,train_design,16,False,24,32
sift_10k,17,lid_ascending,48,train_design,10,False,10,32
sift_10k,17,lid_ascending,49,internal_audit,10,False,10,32
sift_10k,17,lid_ascending,50,train_design,10,False,10,32
sift_10k,17,lid_ascending,51,calibration,16,False,16,32
sift_10k,17,lid_ascending,52,calibration,16,False,16,32
sift_10k,17,lid_ascending,53,train_design,16,False,16,32
sift_10k,17,lid_ascending,54,train_design,16,False,16,32
sift_10k,17,lid_ascending,55,calibration,24,False,24,32
sift_10k,17,lid_ascending,56,train_design,16,False,24,32
sift_10k,17,lid_ascending,57,calibration,192,False,16,32
sift_10k,17,lid_ascending,58,calibration,10,False,10,32
sift_10k,17,lid_ascending,59,calibration,24,False,24,32
sift_10k,17,lid_ascending,60,train_design,32,False,32,32
sift_10k,17,lid_ascending,61,train_design,10,False,10,32
sift_10k,17,lid_ascending,62,train_design,32,False,32,32
sift_10k,17,lid_ascending,63,internal_audit,10,False,10,32
sift_10k,17,lid_ascending,64,train_design,16,False,16,32
sift_10k,17,lid_ascending,65,calibration,10,False,16,32
sift_10k,17,lid_ascending,66,calibration,10,False,16,32
sift_10k,17,lid_ascending,67,train_design,10,False,10,32
sift_10k,17,lid_ascending,68,calibration,24,False,24,32
sift_10k,17,lid_ascending,69,calibration,10,False,16,32
sift_10k,17,lid_ascending,70,train_design,10,False,32,32
sift_10k,17,lid_ascending,71,calibration,10,False,10,32
sift_10k,17,lid_ascending,72,train_design,10,False,16,32
sift_10k,17,lid_ascending,73,internal_audit,10,False,10,32
sift_10k,17,lid_ascending,74,calibration,24,False,24,32
sift_10k,17,lid_ascending,75,train_design,10,False,10,32
sift_10k,17,lid_ascending,76,train_design,16,False,16,32
sift_10k,17,lid_ascending,77,calibration,10,False,16,32
sift_10k,17,lid_ascending,78,calibration,16,False,16,32
sift_10k,17,lid_ascending,79,calibration,10,False,24,32
sift_10k,17,lid_ascending,80,train_design,10,False,10,32
sift_10k,17,lid_ascending,81,internal_audit,16,False,16,32
sift_10k,17,lid_ascending,82,train_design,10,False,10,32
sift_10k,17,lid_ascending,83,train_design,10,False,10,32
sift_10k,17,lid_ascending,84,train_design,10,False,24,32
sift_10k,17,lid_ascending,85,internal_audit,16,False,32,32
sift_10k,17,lid_ascending,86,internal_audit,24,False,32,32
sift_10k,17,lid_ascending,87,calibration,16,False,32,32
sift_10k,17,lid_ascending,88,internal_audit,10,False,16,32
sift_10k,17,lid_ascending,89,train_design,16,False,16,32
sift_10k,17,lid_ascending,90,calibration,10,False,10,32
sift_10k,17,lid_ascending,91,train_design,16,False,16,32
sift_10k,17,lid_ascending,92,internal_audit,10,False,24,32
sift_10k,17,lid_ascending,93,internal_audit,10,False,10,32
sift_10k,17,lid_ascending,94,calibration,24,False,24,32
sift_10k,17,lid_ascending,95,train_design,10,False,10,32
sift_10k,17,lid_ascending,96,internal_audit,24,False,24,32
sift_10k,17,lid_ascending,97,calibration,10,False,10,32
sift_10k,17,lid_ascending,98,train_design,24,False,32,32
sift_10k,17,lid_ascending,99,internal_audit,10,False,24,32
sift_10k,17,lid_ascending,100,train_design,10,False,16,32
sift_10k,17,lid_ascending,101,calibration,10,False,10,32
sift_10k,17,lid_ascending,102,train_design,16,False,16,32
sift_10k,17,lid_ascending,103,calibration,16,False,24,32
sift_10k,17,lid_ascending,104,internal_audit,10,False,16,32
sift_10k,17,lid_ascending,105,calibration,10,False,10,32
sift_10k,17,lid_ascending,106,train_design,10,False,10,32
sift_10k,17,lid_ascending,107,train_design,10,False,10,32
sift_10k,17,lid_ascending,108,train_design,24,False,32,32
sift_10k,17,lid_ascending,109,internal_audit,16,False,24,32
sift_10k,17,lid_ascending,110,calibration,16,False,16,32
sift_10k,17,lid_ascending,111,train_design,32,False,32,32
sift_10k,17,lid_ascending,112,train_design,64,False,32,32
sift_10k,17,lid_ascending,113,calibration,24,False,24,32
sift_10k,17,lid_ascending,114,internal_audit,16,False,16,32
sift_10k,17,lid_ascending,115,internal_audit,10,False,10,32
sift_10k,17,lid_ascending,116,train_design,10,False,24,32
sift_10k,17,lid_ascending,117,train_design,16,False,32,32
sift_10k,17,lid_ascending,118,internal_audit,10,False,10,32
sift_10k,17,lid_ascending,119,calibration,10,False,16,32
sift_10k,17,lid_ascending,120,internal_audit,16,False,24,32
sift_10k,17,lid_ascending,121,train_design,32,False,32,32
sift_10k,17,lid_ascending,122,calibration,10,False,16,32
sift_10k,17,lid_ascending,123,train_design,16,False,16,32
sift_10k,17,lid_ascending,124,train_design,10,False,16,32
sift_10k,17,lid_ascending,125,internal_audit,10,False,16,32
sift_10k,17,lid_ascending,126,internal_audit,16,False,16,32
sift_10k,17,lid_ascending,127,train_design,10,False,10,32
sift_10k,17,lid_ascending,128,internal_audit,10,False,10,32
sift_10k,17,lid_ascending,129,calibration,16,False,24,32
sift_10k,17,lid_ascending,130,internal_audit,48,False,24,32
sift_10k,17,lid_ascending,131,train_design,10,False,10,32
sift_10k,17,lid_ascending,132,calibration,16,False,16,32
sift_10k,17,lid_ascending,133,train_design,16,False,16,32
sift_10k,17,lid_ascending,134,internal_audit,16,False,16,32
sift_10k,17,lid_ascending,135,internal_audit,24,False,32,32
sift_10k,17,lid_ascending,136,train_design,10,False,10,32
sift_10k,17,lid_ascending,137,train_design,48,False,24,32
sift_10k,17,lid_ascending,138,train_design,24,False,24,32
sift_10k,17,lid_ascending,139,train_design,10,False,16,32
sift_10k,17,lid_ascending,140,internal_audit,10,False,10,32
sift_10k,17,lid_ascending,141,calibration,64,False,16,32
sift_10k,17,lid_ascending,142,internal_audit,24,False,24,32
sift_10k,17,lid_ascending,143,train_design,10,False,10,32
sift_10k,17,lid_ascending,144,internal_audit,64,False,24,32
sift_10k,17,lid_ascending,145,calibration,24,False,24,32
sift_10k,17,lid_ascending,146,train_design,10,False,24,32
sift_10k,17,lid_ascending,147,train_design,10,False,10,32
sift_10k,17,lid_ascending,148,train_design,32,False,32,32
sift_10k,17,lid_ascending,149,train_design,32,False,32,32
sift_10k,17,lid_ascending,150,train_design,24,False,24,32
sift_10k,17,lid_ascending,151,train_design,10,False,32,32
sift_10k,17,lid_ascending,152,train_design,10,False,10,32
sift_10k,17,lid_ascending,153,calibration,24,False,24,32
sift_10k,17,lid_ascending,154,calibration,64,False,10,32
sift_10k,17,lid_ascending,155,calibration,16,False,16,32
sift_10k,17,lid_ascending,156,internal_audit,24,False,24,32
sift_10k,17,lid_ascending,157,train_design,32,False,32,32
sift_10k,17,lid_ascending,158,internal_audit,10,False,16,32
sift_10k,17,lid_ascending,159,calibration,16,False,16,32
sift_10k,17,lid_ascending,160,train_design,16,False,32,32
sift_10k,17,lid_ascending,161,internal_audit,16,False,16,32
sift_10k,17,lid_ascending,162,internal_audit,10,False,10,32
sift_10k,17,lid_ascending,163,internal_audit,32,False,32,32
sift_10k,17,lid_ascending,164,train_design,10,False,10,32
sift_10k,17,lid_ascending,165,calibration,24,False,32,32
sift_10k,17,lid_ascending,166,train_design,24,False,24,32
sift_10k,17,lid_ascending,167,train_design,10,False,16,32
sift_10k,17,lid_ascending,168,train_design,16,False,24,32
sift_10k,17,lid_ascending,169,train_design,10,False,10,32
sift_10k,17,lid_ascending,170,calibration,24,False,24,32
sift_10k,17,lid_ascending,171,train_design,10,False,10,32
sift_10k,17,lid_ascending,172,train_design,256,False,24,32
sift_10k,17,lid_ascending,173,internal_audit,16,False,16,32
sift_10k,17,lid_ascending,174,train_design,10,False,10,32
sift_10k,17,lid_ascending,175,train_design,10,False,16,32
sift_10k,17,lid_ascending,176,calibration,10,False,10,32
sift_10k,17,lid_ascending,177,train_design,10,False,16,32
sift_10k,17,lid_ascending,178,train_design,32,False,32,32
sift_10k,17,lid_ascending,179,internal_audit,32,False,32,32
sift_10k,17,lid_ascending,180,internal_audit,10,False,10,32
sift_10k,17,lid_ascending,181,calibration,10,False,10,32
sift_10k,17,lid_ascending,182,train_design,32,False,32,32
sift_10k,17,lid_ascending,183,train_design,32,False,32,32
sift_10k,17,lid_ascending,184,train_design,24,False,24,32
sift_10k,17,lid_ascending,185,calibration,10,False,10,32
sift_10k,17,lid_ascending,186,calibration,32,False,32,32
sift_10k,17,lid_ascending,187,train_design,32,False,32,32
sift_10k,17,lid_ascending,188,train_design,10,False,10,32
sift_10k,17,lid_ascending,189,internal_audit,10,False,24,32
sift_10k,17,lid_ascending,190,train_design,24,False,32,32
sift_10k,17,lid_ascending,191,internal_audit,24,False,24,32
sift_10k,17,lid_ascending,192,calibration,10,False,10,32
sift_10k,17,lid_ascending,193,train_design,10,False,16,32
sift_10k,17,lid_ascending,194,internal_audit,16,False,32,32
sift_10k,17,lid_ascending,195,calibration,32,False,32,32
sift_10k,17,lid_ascending,196,calibration,10,False,10,32
sift_10k,17,lid_ascending,197,calibration,10,False,16,32
sift_10k,17,lid_ascending,198,train_design,10,False,10,32
sift_10k,17,lid_ascending,199,internal_audit,24,False,32,32
sift_10k,17,lid_ascending,200,train_design,10,False,10,32
sift_10k,17,lid_ascending,201,calibration,32,False,32,32
sift_10k,17,lid_ascending,202,internal_audit,10,False,10,32
sift_10k,17,lid_ascending,203,internal_audit,10,False,10,32
sift_10k,17,lid_ascending,204,train_design,10,False,24,32
sift_10k,17,lid_ascending,205,train_design,16,False,24,32
sift_10k,17,lid_ascending,206,calibration,10,False,10,32
sift_10k,17,lid_ascending,207,internal_audit,10,False,16,32
sift_10k,17,lid_ascending,208,train_design,16,False,16,32
sift_10k,17,lid_ascending,209,internal_audit,32,False,32,32
sift_10k,17,lid_ascending,210,internal_audit,10,False,10,32
sift_10k,17,lid_ascending,211,train_design,10,False,10,32
sift_10k,17,lid_ascending,212,internal_audit,10,False,24,32
sift_10k,17,lid_ascending,213,train_design,10,False,10,32
sift_10k,17,lid_ascending,214,internal_audit,64,False,32,32
sift_10k,17,lid_ascending,215,internal_audit,32,False,32,32
sift_10k,17,lid_ascending,216,internal_audit,10,False,16,32
sift_10k,17,lid_ascending,217,train_design,10,False,10,32
sift_10k,17,lid_ascending,218,calibration,10,False,10,32
sift_10k,17,lid_ascending,219,calibration,16,False,16,32
sift_10k,17,lid_ascending,220,calibration,10,False,16,32
sift_10k,17,lid_ascending,221,train_design,10,False,24,32
sift_10k,17,lid_ascending,222,train_design,10,False,10,32
sift_10k,17,lid_ascending,223,train_design,10,False,10,32
sift_10k,17,lid_ascending,224,internal_audit,10,False,24,32
sift_10k,17,lid_ascending,225,train_design,1024,True,24,32
sift_10k,17,lid_ascending,226,internal_audit,10,False,10,32
sift_10k,17,lid_ascending,227,train_design,24,False,24,32
sift_10k,17,lid_ascending,228,train_design,24,False,32,32
sift_10k,17,lid_ascending,229,train_design,10,False,10,32
sift_10k,17,lid_ascending,230,train_design,24,False,24,32
sift_10k,17,lid_ascending,231,train_design,16,False,24,32
sift_10k,17,lid_ascending,232,internal_audit,48,False,24,32
sift_10k,17,lid_ascending,233,internal_audit,10,False,32,32
sift_10k,17,lid_ascending,234,train_design,32,False,32,32
sift_10k,17,lid_ascending,235,internal_audit,10,False,24,32
sift_10k,17,lid_ascending,236,internal_audit,24,False,24,32
sift_10k,17,lid_ascending,237,calibration,48,False,32,32
sift_10k,17,lid_ascending,238,train_design,10,False,10,32
sift_10k,17,lid_ascending,239,calibration,16,False,24,32
sift_10k,17,lid_ascending,240,train_design,16,False,24,32
sift_10k,17,lid_ascending,241,internal_audit,192,False,24,32
sift_10k,17,lid_ascending,242,calibration,10,False,16,32
sift_10k,17,lid_ascending,243,train_design,10,False,10,32
sift_10k,17,lid_ascending,244,train_design,10,False,10,32
sift_10k,17,lid_ascending,245,train_design,24,False,24,32
sift_10k,17,lid_ascending,246,train_design,48,False,32,32
sift_10k,17,lid_ascending,247,train_design,10,False,24,32
sift_10k,17,lid_ascending,248,calibration,10,False,10,32
sift_10k,17,lid_ascending,249,calibration,24,False,24,32
sift_10k,17,lid_ascending,250,internal_audit,10,False,10,32
sift_10k,17,lid_ascending,251,calibration,10,False,10,32
sift_10k,17,lid_ascending,252,calibration,10,False,10,32
sift_10k,17,lid_ascending,253,train_design,16,False,16,32
sift_10k,17,lid_ascending,254,train_design,10,False,10,32
sift_10k,17,lid_ascending,255,train_design,24,False,24,32
sift_10k,17,lid_ascending,256,calibration,32,False,32,32
sift_10k,17,lid_ascending,257,internal_audit,10,False,24,32
sift_10k,17,lid_ascending,258,train_design,10,False,24,32
sift_10k,17,lid_ascending,259,train_design,16,False,16,32
sift_10k,17,lid_ascending,260,calibration,24,False,24,32
sift_10k,17,lid_ascending,261,train_design,32,False,32,32
sift_10k,17,lid_ascending,262,calibration,10,False,10,32
sift_10k,17,lid_ascending,263,internal_audit,10,False,16,32
sift_10k,17,lid_ascending,264,internal_audit,24,False,24,32
sift_10k,17,lid_ascending,265,train_design,10,False,10,32
sift_10k,17,lid_ascending,266,calibration,10,False,10,32
sift_10k,17,lid_ascending,267,train_design,10,False,10,32
sift_10k,17,lid_ascending,268,internal_audit,10,False,16,32
sift_10k,17,lid_ascending,269,calibration,32,False,32,32
sift_10k,17,lid_ascending,270,calibration,10,False,10,32
sift_10k,17,lid_ascending,271,internal_audit,10,False,10,32
sift_10k,17,lid_ascending,272,train_design,10,False,24,32
sift_10k,17,lid_ascending,273,train_design,10,False,10,32
sift_10k,17,lid_ascending,274,internal_audit,10,False,16,32
sift_10k,17,lid_ascending,275,train_design,10,False,10,32
sift_10k,17,lid_ascending,276,calibration,24,False,24,32
sift_10k,17,lid_ascending,277,calibration,32,False,32,32
sift_10k,17,lid_ascending,278,calibration,10,False,10,32
sift_10k,17,lid_ascending,279,train_design,16,False,16,32
sift_10k,17,lid_ascending,280,train_design,16,False,16,32
sift_10k,17,lid_ascending,281,train_design,16,False,16,32
sift_10k,17,lid_ascending,282,train_design,16,False,24,32
sift_10k,17,lid_ascending,283,calibration,16,False,32,32
sift_10k,17,lid_ascending,284,internal_audit,16,False,16,32
sift_10k,17,lid_ascending,285,train_design,24,False,24,32
sift_10k,17,lid_ascending,286,calibration,10,False,10,32
sift_10k,17,lid_ascending,287,train_design,24,False,24,32
sift_10k,17,lid_ascending,288,train_design,10,False,10,32
sift_10k,17,lid_ascending,289,internal_audit,10,False,24,32
sift_10k,17,lid_ascending,290,train_design,24,False,24,32
sift_10k,17,lid_ascending,291,train_design,32,False,32,32
sift_10k,17,lid_ascending,292,train_design,10,False,10,32
sift_10k,17,lid_ascending,293,internal_audit,10,False,10,32
sift_10k,17,lid_ascending,294,train_design,10,False,24,32
sift_10k,17,lid_ascending,295,internal_audit,16,False,24,32
sift_10k,17,lid_ascending,296,train_design,16,False,24,32
sift_10k,17,lid_ascending,297,train_design,24,False,24,32
sift_10k,17,lid_ascending,298,train_design,32,False,32,32
sift_10k,17,lid_ascending,299,internal_audit,10,False,10,32
sift_10k,17,lid_ascending,300,train_design,10,False,24,32
sift_10k,17,lid_ascending,301,train_design,10,False,10,32
sift_10k,17,lid_ascending,302,train_design,24,False,24,32
sift_10k,17,lid_ascending,303,calibration,10,False,10,32
sift_10k,17,lid_ascending,304,calibration,24,False,24,32
sift_10k,17,lid_ascending,305,train_design,10,False,10,32
sift_10k,17,lid_ascending,306,internal_audit,10,False,16,32
sift_10k,17,lid_ascending,307,train_design,10,False,16,32
sift_10k,17,lid_ascending,308,internal_audit,16,False,16,32
sift_10k,17,lid_ascending,309,train_design,10,False,10,32
sift_10k,17,lid_ascending,310,train_design,10,False,16,32
sift_10k,17,lid_ascending,311,internal_audit,10,False,10,32
sift_10k,17,lid_ascending,312,train_design,24,False,24,32
sift_10k,17,lid_ascending,313,train_design,10,False,10,32
sift_10k,17,lid_ascending,314,internal_audit,16,False,24,32
sift_10k,17,lid_ascending,315,calibration,10,False,24,32
sift_10k,17,lid_ascending,316,calibration,10,False,16,32
sift_10k,17,lid_ascending,317,internal_audit,24,False,24,32
sift_10k,17,lid_ascending,318,train_design,16,False,16,32
sift_10k,17,lid_ascending,319,calibration,16,False,32,32
sift_10k,17,lid_ascending,320,internal_audit,32,False,32,32
sift_10k,17,lid_ascending,321,train_design,10,False,10,32
sift_10k,17,lid_ascending,322,internal_audit,10,False,16,32
sift_10k,17,lid_ascending,323,train_design,16,False,16,32
sift_10k,17,lid_ascending,324,calibration,10,False,24,32
sift_10k,17,lid_ascending,325,train_design,16,False,16,32
sift_10k,17,lid_ascending,326,train_design,10,False,10,32
sift_10k,17,lid_ascending,327,train_design,24,False,24,32
sift_10k,17,lid_ascending,328,calibration,10,False,16,32
sift_10k,17,lid_ascending,329,calibration,16,False,16,32
sift_10k,17,lid_ascending,330,calibration,10,False,10,32
sift_10k,17,lid_ascending,331,train_design,10,False,10,32
sift_10k,17,lid_ascending,332,train_design,10,False,10,32
sift_10k,17,lid_ascending,333,train_design,32,False,32,32
sift_10k,17,lid_ascending,334,train_design,16,False,24,32
sift_10k,17,lid_ascending,335,internal_audit,16,False,16,32
sift_10k,17,lid_ascending,336,train_design,10,False,16,32
sift_10k,17,lid_ascending,337,calibration,10,False,10,32
sift_10k,17,lid_ascending,338,calibration,10,False,10,32
sift_10k,17,lid_ascending,339,internal_audit,10,False,10,32
sift_10k,17,lid_ascending,340,calibration,10,False,10,32
sift_10k,17,lid_ascending,341,internal_audit,32,False,32,32
sift_10k,17,lid_ascending,342,calibration,10,False,32,32
sift_10k,17,lid_ascending,343,internal_audit,10,False,10,32
sift_10k,17,lid_ascending,344,calibration,10,False,10,32
sift_10k,17,lid_ascending,345,train_design,24,False,32,32
sift_10k,17,lid_ascending,346,train_design,10,False,10,32
sift_10k,17,lid_ascending,347,train_design,10,False,10,32
sift_10k,17,lid_ascending,348,train_design,10,False,16,32
sift_10k,17,lid_ascending,349,train_design,16,False,24,32
sift_10k,17,lid_ascending,350,internal_audit,16,False,16,32
sift_10k,17,lid_ascending,351,internal_audit,24,False,32,32
sift_10k,17,lid_ascending,352,train_design,10,False,32,32
sift_10k,17,lid_ascending,353,calibration,10,False,10,32
sift_10k,17,lid_ascending,354,calibration,24,False,24,32
sift_10k,17,lid_ascending,355,internal_audit,10,False,10,32
sift_10k,17,lid_ascending,356,train_design,16,False,32,32
sift_10k,17,lid_ascending,357,internal_audit,10,False,10,32
sift_10k,17,lid_ascending,358,train_design,16,False,16,32
sift_10k,17,lid_ascending,359,train_design,10,False,16,32
sift_10k,17,lid_ascending,360,train_design,10,False,10,32
sift_10k,17,lid_ascending,361,calibration,10,False,10,32
sift_10k,17,lid_ascending,362,train_design,10,False,32,32
sift_10k,17,lid_ascending,363,train_design,24,False,24,32
sift_10k,17,lid_ascending,364,internal_audit,10,False,24,32
sift_10k,17,lid_ascending,365,train_design,16,False,32,32
sift_10k,17,lid_ascending,366,train_design,48,False,32,32
sift_10k,17,lid_ascending,367,train_design,16,False,16,32
sift_10k,17,lid_ascending,368,calibration,64,False,32,32
sift_10k,17,lid_ascending,369,internal_audit,48,False,32,32
sift_10k,17,lid_ascending,370,calibration,24,False,32,32
sift_10k,17,lid_ascending,371,train_design,10,False,10,32
sift_10k,17,lid_ascending,372,internal_audit,16,False,24,32
sift_10k,17,lid_ascending,373,train_design,10,False,10,32
sift_10k,17,lid_ascending,374,internal_audit,16,False,24,32
sift_10k,17,lid_ascending,375,train_design,10,False,10,32
sift_10k,17,lid_ascending,376,train_design,64,False,24,32
sift_10k,17,lid_ascending,377,train_design,16,False,24,32
sift_10k,17,lid_ascending,378,calibration,16,False,16,32
sift_10k,17,lid_ascending,379,train_design,10,False,10,32
sift_10k,17,lid_ascending,380,train_design,32,False,32,32
sift_10k,17,lid_ascending,381,internal_audit,24,False,24,32
sift_10k,17,lid_ascending,382,internal_audit,24,False,24,32
sift_10k,17,lid_ascending,383,internal_audit,10,False,10,32
sift_10k,17,lid_ascending,384,train_design,16,False,16,32
sift_10k,17,lid_ascending,385,train_design,24,False,32,32
sift_10k,17,lid_ascending,386,train_design,10,False,10,32
sift_10k,17,lid_ascending,387,train_design,10,False,10,32
sift_10k,17,lid_ascending,388,train_design,16,False,24,32
sift_10k,17,lid_ascending,389,train_design,24,False,24,32
sift_10k,17,lid_ascending,390,internal_audit,16,False,24,32
sift_10k,17,lid_ascending,391,internal_audit,16,False,32,32
sift_10k,17,lid_ascending,392,train_design,16,False,32,32
sift_10k,17,lid_ascending,393,calibration,32,False,32,32
sift_10k,17,lid_ascending,394,calibration,10,False,10,32
sift_10k,17,lid_ascending,395,train_design,10,False,10,32
sift_10k,17,lid_ascending,396,train_design,16,False,24,32
sift_10k,17,lid_ascending,397,internal_audit,10,False,32,32
sift_10k,17,lid_ascending,398,internal_audit,10,False,10,32
sift_10k,17,lid_ascending,399,calibration,10,False,24,32
sift_10k,17,lid_ascending,400,train_design,16,False,16,32
sift_10k,17,lid_ascending,401,train_design,10,False,16,32
sift_10k,17,lid_ascending,402,calibration,16,False,16,32
sift_10k,17,lid_ascending,403,calibration,10,False,16,32
sift_10k,17,lid_ascending,404,calibration,10,False,24,32
sift_10k,17,lid_ascending,405,train_design,10,False,10,32
sift_10k,17,lid_ascending,406,train_design,10,False,16,32
sift_10k,17,lid_ascending,407,calibration,16,False,16,32
sift_10k,17,lid_ascending,408,internal_audit,10,False,16,32
sift_10k,17,lid_ascending,409,train_design,10,False,24,32
sift_10k,17,lid_ascending,410,calibration,32,False,32,32
sift_10k,17,lid_ascending,411,train_design,16,False,24,32
sift_10k,17,lid_ascending,412,train_design,10,False,24,32
sift_10k,17,lid_ascending,413,calibration,10,False,10,32
sift_10k,17,lid_ascending,414,internal_audit,10,False,16,32
sift_10k,17,lid_ascending,415,internal_audit,10,False,10,32
sift_10k,17,lid_ascending,416,calibration,16,False,24,32
sift_10k,17,lid_ascending,417,train_design,24,False,24,32
sift_10k,17,lid_ascending,418,calibration,10,False,16,32
sift_10k,17,lid_ascending,419,train_design,10,False,10,32
sift_10k,17,lid_ascending,420,calibration,16,False,32,32
sift_10k,17,lid_ascending,421,train_design,10,False,10,32
sift_10k,17,lid_ascending,422,train_design,16,False,16,32
sift_10k,17,lid_ascending,423,train_design,16,False,16,32
sift_10k,17,lid_ascending,424,train_design,10,False,24,32
sift_10k,17,lid_ascending,425,train_design,10,False,10,32
sift_10k,17,lid_ascending,426,train_design,10,False,10,32
sift_10k,17,lid_ascending,427,train_design,16,False,32,32
sift_10k,17,lid_ascending,428,internal_audit,24,False,24,32
sift_10k,17,lid_ascending,429,internal_audit,32,False,32,32
sift_10k,17,lid_ascending,430,train_design,24,False,24,32
sift_10k,17,lid_ascending,431,train_design,10,False,10,32
sift_10k,17,lid_ascending,432,train_design,32,False,32,32
sift_10k,17,lid_ascending,433,calibration,10,False,32,32
sift_10k,17,lid_ascending,434,train_design,10,False,10,32
sift_10k,17,lid_ascending,435,train_design,24,False,24,32
sift_10k,17,lid_ascending,436,train_design,24,False,32,32
sift_10k,17,lid_ascending,437,internal_audit,10,False,10,32
sift_10k,17,lid_ascending,438,internal_audit,10,False,10,32
sift_10k,17,lid_ascending,439,internal_audit,10,False,10,32
sift_10k,17,lid_ascending,440,calibration,10,False,10,32
sift_10k,17,lid_ascending,441,calibration,24,False,32,32
sift_10k,17,lid_ascending,442,internal_audit,24,False,32,32
sift_10k,17,lid_ascending,443,train_design,16,False,24,32
sift_10k,17,lid_ascending,444,internal_audit,10,False,16,32
sift_10k,17,lid_ascending,445,calibration,24,False,24,32
sift_10k,17,lid_ascending,446,train_design,10,False,10,32
sift_10k,17,lid_ascending,447,calibration,16,False,24,32
sift_10k,17,lid_ascending,448,train_design,10,False,32,32
sift_10k,17,lid_ascending,449,calibration,16,False,32,32
sift_10k,17,lid_ascending,450,train_design,10,False,16,32
sift_10k,17,lid_ascending,451,calibration,10,False,10,32
sift_10k,17,lid_ascending,452,calibration,10,False,16,32
sift_10k,17,lid_ascending,453,train_design,64,False,10,32
sift_10k,17,lid_ascending,454,train_design,24,False,24,32
sift_10k,17,lid_ascending,455,train_design,24,False,32,32
sift_10k,17,lid_ascending,456,train_design,24,False,24,32
sift_10k,17,lid_ascending,457,train_design,16,False,16,32
sift_10k,17,lid_ascending,458,internal_audit,16,False,16,32
sift_10k,17,lid_ascending,459,internal_audit,16,False,16,32
sift_10k,17,lid_ascending,460,train_design,10,False,16,32
sift_10k,17,lid_ascending,461,train_design,10,False,10,32
sift_10k,17,lid_ascending,462,calibration,32,False,32,32
sift_10k,17,lid_ascending,463,train_design,10,False,10,32
sift_10k,17,lid_ascending,464,train_design,16,False,16,32
sift_10k,17,lid_ascending,465,train_design,16,False,16,32
sift_10k,17,lid_ascending,466,train_design,10,False,24,32
sift_10k,17,lid_ascending,467,internal_audit,10,False,24,32
sift_10k,17,lid_ascending,468,train_design,10,False,10,32
sift_10k,17,lid_ascending,469,train_design,10,False,24,32
sift_10k,17,lid_ascending,470,train_design,10,False,32,32
sift_10k,17,lid_ascending,471,internal_audit,32,False,32,32
sift_10k,17,lid_ascending,472,train_design,10,False,10,32
sift_10k,17,lid_ascending,473,train_design,16,False,32,32
sift_10k,17,lid_ascending,474,train_design,10,False,10,32
sift_10k,17,lid_ascending,475,train_design,10,False,10,32
sift_10k,17,lid_ascending,476,internal_audit,32,False,32,32
sift_10k,17,lid_ascending,477,train_design,10,False,10,32
sift_10k,17,lid_ascending,478,train_design,10,False,16,32
sift_10k,17,lid_ascending,479,train_design,10,False,10,32
sift_10k,17,lid_ascending,480,train_design,64,False,24,32
sift_10k,17,lid_ascending,481,train_design,48,False,24,32
sift_10k,17,lid_ascending,482,internal_audit,48,False,10,32
sift_10k,17,lid_ascending,483,train_design,32,False,32,32
sift_10k,17,lid_ascending,484,train_design,10,False,16,32
sift_10k,17,lid_ascending,485,calibration,10,False,10,32
sift_10k,17,lid_ascending,486,internal_audit,24,False,24,32
sift_10k,17,lid_ascending,487,internal_audit,10,False,16,32
sift_10k,17,lid_ascending,488,calibration,16,False,32,32
sift_10k,17,lid_ascending,489,train_design,16,False,24,32
sift_10k,17,lid_ascending,490,calibration,16,False,16,32
sift_10k,17,lid_ascending,491,internal_audit,10,False,24,32
sift_10k,17,lid_ascending,492,train_design,16,False,16,32
sift_10k,17,lid_ascending,493,calibration,10,False,16,32
sift_10k,17,lid_ascending,494,train_design,10,False,10,32
sift_10k,17,lid_ascending,495,train_design,10,False,10,32
sift_10k,17,lid_ascending,496,train_design,16,False,16,32
sift_10k,17,lid_ascending,497,train_design,10,False,16,32
sift_10k,17,lid_ascending,498,calibration,16,False,16,32
sift_10k,17,lid_ascending,499,train_design,16,False,32,32
sift_10k,17,lid_descending,0,train_design,10,False,10,24
sift_10k,17,lid_descending,1,train_design,10,False,10,24
sift_10k,17,lid_descending,2,calibration,32,False,16,24
sift_10k,17,lid_descending,3,calibration,16,False,16,24
sift_10k,17,lid_descending,4,internal_audit,10,False,10,24
sift_10k,17,lid_descending,5,calibration,10,False,10,24
sift_10k,17,lid_descending,6,train_design,10,False,10,24
sift_10k,17,lid_descending,7,internal_audit,10,False,10,24
sift_10k,17,lid_descending,8,train_design,10,False,16,24
sift_10k,17,lid_descending,9,train_design,10,False,10,24
sift_10k,17,lid_descending,10,train_design,10,False,10,24
sift_10k,17,lid_descending,11,internal_audit,10,False,24,24
sift_10k,17,lid_descending,12,train_design,10,False,24,24
sift_10k,17,lid_descending,13,internal_audit,10,False,16,24
sift_10k,17,lid_descending,14,train_design,10,False,24,24
sift_10k,17,lid_descending,15,internal_audit,10,False,10,24
sift_10k,17,lid_descending,16,calibration,10,False,10,24
sift_10k,17,lid_descending,17,internal_audit,16,False,16,24
sift_10k,17,lid_descending,18,calibration,10,False,10,24
sift_10k,17,lid_descending,19,train_design,10,False,10,24
sift_10k,17,lid_descending,20,train_design,16,False,16,24
sift_10k,17,lid_descending,21,internal_audit,10,False,10,24
sift_10k,17,lid_descending,22,train_design,10,False,10,24
sift_10k,17,lid_descending,23,internal_audit,16,False,24,24
sift_10k,17,lid_descending,24,calibration,24,False,24,24
sift_10k,17,lid_descending,25,train_design,10,False,10,24
sift_10k,17,lid_descending,26,calibration,10,False,24,24
sift_10k,17,lid_descending,27,calibration,16,False,16,24
sift_10k,17,lid_descending,28,train_design,10,False,10,24
sift_10k,17,lid_descending,29,calibration,10,False,10,24
sift_10k,17,lid_descending,30,internal_audit,10,False,10,24
sift_10k,17,lid_descending,31,train_design,16,False,24,24
sift_10k,17,lid_descending,32,train_design,10,False,10,24
sift_10k,17,lid_descending,33,calibration,10,False,10,24
sift_10k,17,lid_descending,34,internal_audit,24,False,24,24
sift_10k,17,lid_descending,35,train_design,10,False,10,24
sift_10k,17,lid_descending,36,internal_audit,10,False,10,24
sift_10k,17,lid_descending,37,train_design,10,False,16,24
sift_10k,17,lid_descending,38,internal_audit,10,False,10,24
sift_10k,17,lid_descending,39,calibration,16,False,16,24
sift_10k,17,lid_descending,40,train_design,10,False,24,24
sift_10k,17,lid_descending,41,internal_audit,16,False,16,24
sift_10k,17,lid_descending,42,train_design,10,False,10,24
sift_10k,17,lid_descending,43,train_design,10,False,10,24
sift_10k,17,lid_descending,44,train_design,16,False,24,24
sift_10k,17,lid_descending,45,internal_audit,10,False,10,24
sift_10k,17,lid_descending,46,calibration,24,False,24,24
sift_10k,17,lid_descending,47,train_design,24,False,24,24
sift_10k,17,lid_descending,48,train_design,10,False,16,24
sift_10k,17,lid_descending,49,internal_audit,10,False,16,24
sift_10k,17,lid_descending,50,train_design,10,False,10,24
sift_10k,17,lid_descending,51,calibration,10,False,10,24
sift_10k,17,lid_descending,52,calibration,10,False,24,24
sift_10k,17,lid_descending,53,train_design,10,False,16,24
sift_10k,17,lid_descending,54,train_design,16,False,16,24
sift_10k,17,lid_descending,55,calibration,10,False,16,24
sift_10k,17,lid_descending,56,train_design,10,False,10,24
sift_10k,17,lid_descending,57,calibration,24,False,24,24
sift_10k,17,lid_descending,58,calibration,10,False,10,24
sift_10k,17,lid_descending,59,calibration,10,False,10,24
sift_10k,17,lid_descending,60,train_design,24,False,24,24
sift_10k,17,lid_descending,61,train_design,10,False,10,24
sift_10k,17,lid_descending,62,train_design,10,False,16,24
sift_10k,17,lid_descending,63,internal_audit,24,False,24,24
sift_10k,17,lid_descending,64,train_design,10,False,10,24
sift_10k,17,lid_descending,65,calibration,10,False,10,24
sift_10k,17,lid_descending,66,calibration,10,False,10,24
sift_10k,17,lid_descending,67,train_design,10,False,10,24
sift_10k,17,lid_descending,68,calibration,10,False,16,24
sift_10k,17,lid_descending,69,calibration,10,False,10,24
sift_10k,17,lid_descending,70,train_design,10,False,16,24
sift_10k,17,lid_descending,71,calibration,10,False,10,24
sift_10k,17,lid_descending,72,train_design,10,False,10,24
sift_10k,17,lid_descending,73,internal_audit,10,False,10,24
sift_10k,17,lid_descending,74,calibration,10,False,10,24
sift_10k,17,lid_descending,75,train_design,10,False,10,24
sift_10k,17,lid_descending,76,train_design,16,False,16,24
sift_10k,17,lid_descending,77,calibration,10,False,10,24
sift_10k,17,lid_descending,78,calibration,16,False,24,24
sift_10k,17,lid_descending,79,calibration,24,False,24,24
sift_10k,17,lid_descending,80,train_design,10,False,16,24
sift_10k,17,lid_descending,81,internal_audit,10,False,10,24
sift_10k,17,lid_descending,82,train_design,10,False,10,24
sift_10k,17,lid_descending,83,train_design,10,False,16,24
sift_10k,17,lid_descending,84,train_design,10,False,10,24
sift_10k,17,lid_descending,85,internal_audit,10,False,24,24
sift_10k,17,lid_descending,86,internal_audit,16,False,16,24
sift_10k,17,lid_descending,87,calibration,10,False,10,24
sift_10k,17,lid_descending,88,internal_audit,10,False,10,24
sift_10k,17,lid_descending,89,train_design,10,False,10,24
sift_10k,17,lid_descending,90,calibration,10,False,10,24
sift_10k,17,lid_descending,91,train_design,24,False,24,24
sift_10k,17,lid_descending,92,internal_audit,10,False,10,24
sift_10k,17,lid_descending,93,internal_audit,10,False,16,24
sift_10k,17,lid_descending,94,calibration,16,False,16,24
sift_10k,17,lid_descending,95,train_design,10,False,10,24
sift_10k,17,lid_descending,96,internal_audit,24,False,24,24
sift_10k,17,lid_descending,97,calibration,10,False,10,24
sift_10k,17,lid_descending,98,train_design,10,False,10,24
sift_10k,17,lid_descending,99,internal_audit,10,False,10,24
sift_10k,17,lid_descending,100,train_design,10,False,10,24
sift_10k,17,lid_descending,101,calibration,10,False,10,24
sift_10k,17,lid_descending,102,train_design,10,False,16,24
sift_10k,17,lid_descending,103,calibration,10,False,24,24
sift_10k,17,lid_descending,104,internal_audit,10,False,10,24
sift_10k,17,lid_descending,105,calibration,10,False,10,24
sift_10k,17,lid_descending,106,train_design,10,False,10,24
sift_10k,17,lid_descending,107,train_design,10,False,10,24
sift_10k,17,lid_descending,108,train_design,16,False,16,24
sift_10k,17,lid_descending,109,internal_audit,10,False,16,24
sift_10k,17,lid_descending,110,calibration,10,False,10,24
sift_10k,17,lid_descending,111,train_design,16,False,16,24
sift_10k,17,lid_descending,112,train_design,16,False,16,24
sift_10k,17,lid_descending,113,calibration,10,False,10,24
sift_10k,17,lid_descending,114,internal_audit,10,False,10,24
sift_10k,17,lid_descending,115,internal_audit,16,False,16,24
sift_10k,17,lid_descending,116,train_design,10,False,10,24
sift_10k,17,lid_descending,117,train_design,16,False,16,24
sift_10k,17,lid_descending,118,internal_audit,10,False,10,24
sift_10k,17,lid_descending,119,calibration,10,False,10,24
sift_10k,17,lid_descending,120,internal_audit,10,False,10,24
sift_10k,17,lid_descending,121,train_design,24,False,24,24
sift_10k,17,lid_descending,122,calibration,10,False,10,24
sift_10k,17,lid_descending,123,train_design,10,False,10,24
sift_10k,17,lid_descending,124,train_design,10,False,16,24
sift_10k,17,lid_descending,125,internal_audit,10,False,16,24
sift_10k,17,lid_descending,126,internal_audit,10,False,16,24
sift_10k,17,lid_descending,127,train_design,24,False,24,24
sift_10k,17,lid_descending,128,internal_audit,10,False,10,24
sift_10k,17,lid_descending,129,calibration,16,False,24,24
sift_10k,17,lid_descending,130,internal_audit,32,False,16,24
sift_10k,17,lid_descending,131,train_design,10,False,16,24
sift_10k,17,lid_descending,132,calibration,10,False,10,24
sift_10k,17,lid_descending,133,train_design,10,False,10,24
sift_10k,17,lid_descending,134,internal_audit,16,False,24,24
sift_10k,17,lid_descending,135,internal_audit,16,False,16,24
sift_10k,17,lid_descending,136,train_design,10,False,10,24
sift_10k,17,lid_descending,137,train_design,10,False,24,24
sift_10k,17,lid_descending,138,train_design,10,False,10,24
sift_10k,17,lid_descending,139,train_design,10,False,10,24
sift_10k,17,lid_descending,140,internal_audit,10,False,10,24
sift_10k,17,lid_descending,141,calibration,10,False,16,24
sift_10k,17,lid_descending,142,internal_audit,24,False,24,24
sift_10k,17,lid_descending,143,train_design,10,False,10,24
sift_10k,17,lid_descending,144,internal_audit,10,False,10,24
sift_10k,17,lid_descending,145,calibration,16,False,16,24
sift_10k,17,lid_descending,146,train_design,10,False,10,24
sift_10k,17,lid_descending,147,train_design,10,False,10,24
sift_10k,17,lid_descending,148,train_design,32,False,24,24
sift_10k,17,lid_descending,149,train_design,10,False,24,24
sift_10k,17,lid_descending,150,train_design,10,False,16,24
sift_10k,17,lid_descending,151,train_design,10,False,10,24
sift_10k,17,lid_descending,152,train_design,10,False,10,24
sift_10k,17,lid_descending,153,calibration,24,False,24,24
sift_10k,17,lid_descending,154,calibration,32,False,10,24
sift_10k,17,lid_descending,155,calibration,10,False,16,24
sift_10k,17,lid_descending,156,internal_audit,10,False,16,24
sift_10k,17,lid_descending,157,train_design,24,False,24,24
sift_10k,17,lid_descending,158,internal_audit,10,False,10,24
sift_10k,17,lid_descending,159,calibration,10,False,10,24
sift_10k,17,lid_descending,160,train_design,24,False,24,24
sift_10k,17,lid_descending,161,internal_audit,10,False,10,24
sift_10k,17,lid_descending,162,internal_audit,10,False,10,24
sift_10k,17,lid_descending,163,internal_audit,16,False,24,24
sift_10k,17,lid_descending,164,train_design,24,False,24,24
sift_10k,17,lid_descending,165,calibration,10,False,10,24
sift_10k,17,lid_descending,166,train_design,16,False,16,24
sift_10k,17,lid_descending,167,train_design,10,False,16,24
sift_10k,17,lid_descending,168,train_design,10,False,10,24
sift_10k,17,lid_descending,169,train_design,10,False,16,24
sift_10k,17,lid_descending,170,calibration,10,False,10,24
sift_10k,17,lid_descending,171,train_design,10,False,10,24
sift_10k,17,lid_descending,172,train_design,96,False,24,24
sift_10k,17,lid_descending,173,internal_audit,10,False,24,24
sift_10k,17,lid_descending,174,train_design,10,False,10,24
sift_10k,17,lid_descending,175,train_design,16,False,16,24
sift_10k,17,lid_descending,176,calibration,10,False,10,24
sift_10k,17,lid_descending,177,train_design,10,False,10,24
sift_10k,17,lid_descending,178,train_design,16,False,16,24
sift_10k,17,lid_descending,179,internal_audit,16,False,16,24
sift_10k,17,lid_descending,180,internal_audit,10,False,10,24
sift_10k,17,lid_descending,181,calibration,10,False,10,24
sift_10k,17,lid_descending,182,train_design,24,False,24,24
sift_10k,17,lid_descending,183,train_design,16,False,16,24
sift_10k,17,lid_descending,184,train_design,24,False,24,24
sift_10k,17,lid_descending,185,calibration,10,False,10,24
sift_10k,17,lid_descending,186,calibration,10,False,24,24
sift_10k,17,lid_descending,187,train_design,32,False,24,24
sift_10k,17,lid_descending,188,train_design,10,False,10,24
sift_10k,17,lid_descending,189,internal_audit,24,False,24,24
sift_10k,17,lid_descending,190,train_design,10,False,24,24
sift_10k,17,lid_descending,191,internal_audit,16,False,24,24
sift_10k,17,lid_descending,192,calibration,10,False,10,24
sift_10k,17,lid_descending,193,train_design,10,False,10,24
sift_10k,17,lid_descending,194,internal_audit,16,False,16,24
sift_10k,17,lid_descending,195,calibration,24,False,24,24
sift_10k,17,lid_descending,196,calibration,10,False,10,24
sift_10k,17,lid_descending,197,calibration,10,False,16,24
sift_10k,17,lid_descending,198,train_design,10,False,10,24
sift_10k,17,lid_descending,199,internal_audit,48,False,10,24
sift_10k,17,lid_descending,200,train_design,10,False,10,24
sift_10k,17,lid_descending,201,calibration,64,False,16,24
sift_10k,17,lid_descending,202,internal_audit,10,False,10,24
sift_10k,17,lid_descending,203,internal_audit,10,False,10,24
sift_10k,17,lid_descending,204,train_design,10,False,10,24
sift_10k,17,lid_descending,205,train_design,10,False,10,24
sift_10k,17,lid_descending,206,calibration,10,False,10,24
sift_10k,17,lid_descending,207,internal_audit,16,False,24,24
sift_10k,17,lid_descending,208,train_design,16,False,16,24
sift_10k,17,lid_descending,209,internal_audit,24,False,24,24
sift_10k,17,lid_descending,210,internal_audit,10,False,10,24
sift_10k,17,lid_descending,211,train_design,16,False,16,24
sift_10k,17,lid_descending,212,internal_audit,24,False,24,24
sift_10k,17,lid_descending,213,train_design,10,False,10,24
sift_10k,17,lid_descending,214,internal_audit,10,False,24,24
sift_10k,17,lid_descending,215,internal_audit,32,False,16,24
sift_10k,17,lid_descending,216,internal_audit,10,False,10,24
sift_10k,17,lid_descending,217,train_design,10,False,10,24
sift_10k,17,lid_descending,218,calibration,10,False,10,24
sift_10k,17,lid_descending,219,calibration,10,False,24,24
sift_10k,17,lid_descending,220,calibration,16,False,16,24
sift_10k,17,lid_descending,221,train_design,24,False,24,24
sift_10k,17,lid_descending,222,train_design,10,False,10,24
sift_10k,17,lid_descending,223,train_design,10,False,10,24
sift_10k,17,lid_descending,224,internal_audit,10,False,10,24
sift_10k,17,lid_descending,225,train_design,32,False,24,24
sift_10k,17,lid_descending,226,internal_audit,10,False,10,24
sift_10k,17,lid_descending,227,train_design,10,False,16,24
sift_10k,17,lid_descending,228,train_design,16,False,24,24
sift_10k,17,lid_descending,229,train_design,10,False,10,24
sift_10k,17,lid_descending,230,train_design,10,False,10,24
sift_10k,17,lid_descending,231,train_design,16,False,24,24
sift_10k,17,lid_descending,232,internal_audit,24,False,24,24
sift_10k,17,lid_descending,233,internal_audit,16,False,24,24
sift_10k,17,lid_descending,234,train_design,16,False,24,24
sift_10k,17,lid_descending,235,internal_audit,10,False,24,24
sift_10k,17,lid_descending,236,internal_audit,16,False,16,24
sift_10k,17,lid_descending,237,calibration,16,False,24,24
sift_10k,17,lid_descending,238,train_design,10,False,10,24
sift_10k,17,lid_descending,239,calibration,10,False,10,24
sift_10k,17,lid_descending,240,train_design,16,False,16,24
sift_10k,17,lid_descending,241,internal_audit,10,False,10,24
sift_10k,17,lid_descending,242,calibration,10,False,10,24
sift_10k,17,lid_descending,243,train_design,10,False,10,24
sift_10k,17,lid_descending,244,train_design,10,False,10,24
sift_10k,17,lid_descending,245,train_design,10,False,10,24
sift_10k,17,lid_descending,246,train_design,24,False,24,24
sift_10k,17,lid_descending,247,train_design,10,False,16,24
sift_10k,17,lid_descending,248,calibration,10,False,10,24
sift_10k,17,lid_descending,249,calibration,16,False,16,24
sift_10k,17,lid_descending,250,internal_audit,10,False,10,24
sift_10k,17,lid_descending,251,calibration,10,False,10,24
sift_10k,17,lid_descending,252,calibration,10,False,10,24
sift_10k,17,lid_descending,253,train_design,16,False,24,24
sift_10k,17,lid_descending,254,train_design,10,False,10,24
sift_10k,17,lid_descending,255,train_design,24,False,24,24
sift_10k,17,lid_descending,256,calibration,32,False,10,24
sift_10k,17,lid_descending,257,internal_audit,10,False,24,24
sift_10k,17,lid_descending,258,train_design,10,False,10,24
sift_10k,17,lid_descending,259,train_design,10,False,10,24
sift_10k,17,lid_descending,260,calibration,10,False,10,24
sift_10k,17,lid_descending,261,train_design,16,False,16,24
sift_10k,17,lid_descending,262,calibration,10,False,10,24
sift_10k,17,lid_descending,263,internal_audit,10,False,10,24
sift_10k,17,lid_descending,264,internal_audit,10,False,10,24
sift_10k,17,lid_descending,265,train_design,10,False,10,24
sift_10k,17,lid_descending,266,calibration,24,False,24,24
sift_10k,17,lid_descending,267,train_design,10,False,16,24
sift_10k,17,lid_descending,268,internal_audit,10,False,10,24
sift_10k,17,lid_descending,269,calibration,32,False,24,24
sift_10k,17,lid_descending,270,calibration,16,False,16,24
sift_10k,17,lid_descending,271,internal_audit,10,False,10,24
sift_10k,17,lid_descending,272,train_design,10,False,10,24
sift_10k,17,lid_descending,273,train_design,24,False,24,24
sift_10k,17,lid_descending,274,internal_audit,16,False,16,24
sift_10k,17,lid_descending,275,train_design,16,False,16,24
sift_10k,17,lid_descending,276,calibration,10,False,16,24
sift_10k,17,lid_descending,277,calibration,16,False,16,24
sift_10k,17,lid_descending,278,calibration,10,False,10,24
sift_10k,17,lid_descending,279,train_design,10,False,10,24
sift_10k,17,lid_descending,280,train_design,10,False,10,24
sift_10k,17,lid_descending,281,train_design,10,False,16,24
sift_10k,17,lid_descending,282,train_design,16,False,16,24
sift_10k,17,lid_descending,283,calibration,16,False,16,24
sift_10k,17,lid_descending,284,internal_audit,10,False,16,24
sift_10k,17,lid_descending,285,train_design,16,False,16,24
sift_10k,17,lid_descending,286,calibration,10,False,16,24
sift_10k,17,lid_descending,287,train_design,10,False,10,24
sift_10k,17,lid_descending,288,train_design,10,False,16,24
sift_10k,17,lid_descending,289,internal_audit,16,False,24,24
sift_10k,17,lid_descending,290,train_design,48,False,10,24
sift_10k,17,lid_descending,291,train_design,10,False,10,24
sift_10k,17,lid_descending,292,train_design,10,False,10,24
sift_10k,17,lid_descending,293,internal_audit,16,False,24,24
sift_10k,17,lid_descending,294,train_design,10,False,10,24
sift_10k,17,lid_descending,295,internal_audit,10,False,10,24
sift_10k,17,lid_descending,296,train_design,10,False,10,24
sift_10k,17,lid_descending,297,train_design,10,False,10,24
sift_10k,17,lid_descending,298,train_design,64,False,24,24
sift_10k,17,lid_descending,299,internal_audit,10,False,10,24
sift_10k,17,lid_descending,300,train_design,10,False,10,24
sift_10k,17,lid_descending,301,train_design,10,False,10,24
sift_10k,17,lid_descending,302,train_design,16,False,24,24
sift_10k,17,lid_descending,303,calibration,10,False,10,24
sift_10k,17,lid_descending,304,calibration,16,False,16,24
sift_10k,17,lid_descending,305,train_design,10,False,24,24
sift_10k,17,lid_descending,306,internal_audit,10,False,10,24
sift_10k,17,lid_descending,307,train_design,10,False,10,24
sift_10k,17,lid_descending,308,internal_audit,10,False,16,24
sift_10k,17,lid_descending,309,train_design,10,False,10,24
sift_10k,17,lid_descending,310,train_design,10,False,10,24
sift_10k,17,lid_descending,311,internal_audit,10,False,10,24
sift_10k,17,lid_descending,312,train_design,16,False,16,24
sift_10k,17,lid_descending,313,train_design,10,False,10,24
sift_10k,17,lid_descending,314,internal_audit,10,False,10,24
sift_10k,17,lid_descending,315,calibration,10,False,16,24
sift_10k,17,lid_descending,316,calibration,10,False,10,24
sift_10k,17,lid_descending,317,internal_audit,10,False,24,24
sift_10k,17,lid_descending,318,train_design,10,False,24,24
sift_10k,17,lid_descending,319,calibration,16,False,24,24
sift_10k,17,lid_descending,320,internal_audit,32,False,24,24
sift_10k,17,lid_descending,321,train_design,10,False,10,24
sift_10k,17,lid_descending,322,internal_audit,16,False,16,24
sift_10k,17,lid_descending,323,train_design,32,False,24,24
sift_10k,17,lid_descending,324,calibration,16,False,16,24
sift_10k,17,lid_descending,325,train_design,10,False,10,24
sift_10k,17,lid_descending,326,train_design,10,False,10,24
sift_10k,17,lid_descending,327,train_design,10,False,16,24
sift_10k,17,lid_descending,328,calibration,10,False,10,24
sift_10k,17,lid_descending,329,calibration,16,False,16,24
sift_10k,17,lid_descending,330,calibration,10,False,10,24
sift_10k,17,lid_descending,331,train_design,16,False,16,24
sift_10k,17,lid_descending,332,train_design,10,False,16,24
sift_10k,17,lid_descending,333,train_design,24,False,24,24
sift_10k,17,lid_descending,334,train_design,10,False,16,24
sift_10k,17,lid_descending,335,internal_audit,10,False,10,24
sift_10k,17,lid_descending,336,train_design,32,False,10,24
sift_10k,17,lid_descending,337,calibration,10,False,10,24
sift_10k,17,lid_descending,338,calibration,10,False,10,24
sift_10k,17,lid_descending,339,internal_audit,10,False,10,24
sift_10k,17,lid_descending,340,calibration,10,False,10,24
sift_10k,17,lid_descending,341,internal_audit,24,False,24,24
sift_10k,17,lid_descending,342,calibration,10,False,10,24
sift_10k,17,lid_descending,343,internal_audit,10,False,10,24
sift_10k,17,lid_descending,344,calibration,10,False,10,24
sift_10k,17,lid_descending,345,train_design,16,False,16,24
sift_10k,17,lid_descending,346,train_design,32,False,10,24
sift_10k,17,lid_descending,347,train_design,10,False,10,24
sift_10k,17,lid_descending,348,train_design,10,False,24,24
sift_10k,17,lid_descending,349,train_design,16,False,16,24
sift_10k,17,lid_descending,350,internal_audit,48,False,16,24
sift_10k,17,lid_descending,351,internal_audit,16,False,16,24
sift_10k,17,lid_descending,352,train_design,10,False,16,24
sift_10k,17,lid_descending,353,calibration,10,False,10,24
sift_10k,17,lid_descending,354,calibration,24,False,24,24
sift_10k,17,lid_descending,355,internal_audit,10,False,10,24
sift_10k,17,lid_descending,356,train_design,10,False,10,24
sift_10k,17,lid_descending,357,internal_audit,10,False,10,24
sift_10k,17,lid_descending,358,train_design,10,False,10,24
sift_10k,17,lid_descending,359,train_design,10,False,16,24
sift_10k,17,lid_descending,360,train_design,10,False,16,24
sift_10k,17,lid_descending,361,calibration,10,False,10,24
sift_10k,17,lid_descending,362,train_design,10,False,24,24
sift_10k,17,lid_descending,363,train_design,10,False,10,24
sift_10k,17,lid_descending,364,internal_audit,10,False,16,24
sift_10k,17,lid_descending,365,train_design,24,False,24,24
sift_10k,17,lid_descending,366,train_design,48,False,16,24
sift_10k,17,lid_descending,367,train_design,10,False,10,24
sift_10k,17,lid_descending,368,calibration,24,False,24,24
sift_10k,17,lid_descending,369,internal_audit,16,False,16,24
sift_10k,17,lid_descending,370,calibration,10,False,10,24
sift_10k,17,lid_descending,371,train_design,10,False,24,24
sift_10k,17,lid_descending,372,internal_audit,24,False,24,24
sift_10k,17,lid_descending,373,train_design,10,False,24,24
sift_10k,17,lid_descending,374,internal_audit,10,False,10,24
sift_10k,17,lid_descending,375,train_design,10,False,10,24
sift_10k,17,lid_descending,376,train_design,24,False,24,24
sift_10k,17,lid_descending,377,train_design,16,False,24,24
sift_10k,17,lid_descending,378,calibration,10,False,10,24
sift_10k,17,lid_descending,379,train_design,10,False,10,24
sift_10k,17,lid_descending,380,train_design,10,False,10,24
sift_10k,17,lid_descending,381,internal_audit,10,False,24,24
sift_10k,17,lid_descending,382,internal_audit,24,False,24,24
sift_10k,17,lid_descending,383,internal_audit,10,False,10,24
sift_10k,17,lid_descending,384,train_design,16,False,16,24
sift_10k,17,lid_descending,385,train_design,24,False,24,24
sift_10k,17,lid_descending,386,train_design,10,False,16,24
sift_10k,17,lid_descending,387,train_design,10,False,16,24
sift_10k,17,lid_descending,388,train_design,10,False,10,24
sift_10k,17,lid_descending,389,train_design,16,False,16,24
sift_10k,17,lid_descending,390,internal_audit,10,False,24,24
sift_10k,17,lid_descending,391,internal_audit,10,False,24,24
sift_10k,17,lid_descending,392,train_design,10,False,10,24
sift_10k,17,lid_descending,393,calibration,32,False,24,24
sift_10k,17,lid_descending,394,calibration,10,False,10,24
sift_10k,17,lid_descending,395,train_design,10,False,16,24
sift_10k,17,lid_descending,396,train_design,10,False,10,24
sift_10k,17,lid_descending,397,internal_audit,10,False,10,24
sift_10k,17,lid_descending,398,internal_audit,10,False,10,24
sift_10k,17,lid_descending,399,calibration,10,False,10,24
sift_10k,17,lid_descending,400,train_design,10,False,16,24
sift_10k,17,lid_descending,401,train_design,10,False,10,24
sift_10k,17,lid_descending,402,calibration,16,False,16,24
sift_10k,17,lid_descending,403,calibration,10,False,10,24
sift_10k,17,lid_descending,404,calibration,10,False,16,24
sift_10k,17,lid_descending,405,train_design,10,False,16,24
sift_10k,17,lid_descending,406,train_design,10,False,10,24
sift_10k,17,lid_descending,407,calibration,10,False,10,24
sift_10k,17,lid_descending,408,internal_audit,10,False,10,24
sift_10k,17,lid_descending,409,train_design,10,False,16,24
sift_10k,17,lid_descending,410,calibration,16,False,16,24
sift_10k,17,lid_descending,411,train_design,10,False,16,24
sift_10k,17,lid_descending,412,train_design,16,False,16,24
sift_10k,17,lid_descending,413,calibration,10,False,10,24
sift_10k,17,lid_descending,414,internal_audit,10,False,10,24
sift_10k,17,lid_descending,415,internal_audit,10,False,10,24
sift_10k,17,lid_descending,416,calibration,16,False,16,24
sift_10k,17,lid_descending,417,train_design,16,False,16,24
sift_10k,17,lid_descending,418,calibration,10,False,16,24
sift_10k,17,lid_descending,419,train_design,10,False,10,24
sift_10k,17,lid_descending,420,calibration,24,False,24,24
sift_10k,17,lid_descending,421,train_design,10,False,10,24
sift_10k,17,lid_descending,422,train_design,16,False,16,24
sift_10k,17,lid_descending,423,train_design,10,False,10,24
sift_10k,17,lid_descending,424,train_design,10,False,10,24
sift_10k,17,lid_descending,425,train_design,10,False,10,24
sift_10k,17,lid_descending,426,train_design,10,False,10,24
sift_10k,17,lid_descending,427,train_design,16,False,16,24
sift_10k,17,lid_descending,428,internal_audit,16,False,16,24
sift_10k,17,lid_descending,429,internal_audit,24,False,24,24
sift_10k,17,lid_descending,430,train_design,10,False,10,24
sift_10k,17,lid_descending,431,train_design,10,False,10,24
sift_10k,17,lid_descending,432,train_design,10,False,10,24
sift_10k,17,lid_descending,433,calibration,10,False,16,24
sift_10k,17,lid_descending,434,train_design,10,False,10,24
sift_10k,17,lid_descending,435,train_design,32,False,16,24
sift_10k,17,lid_descending,436,train_design,10,False,16,24
sift_10k,17,lid_descending,437,internal_audit,10,False,16,24
sift_10k,17,lid_descending,438,internal_audit,10,False,10,24
sift_10k,17,lid_descending,439,internal_audit,10,False,10,24
sift_10k,17,lid_descending,440,calibration,32,False,24,24
sift_10k,17,lid_descending,441,calibration,24,False,24,24
sift_10k,17,lid_descending,442,internal_audit,24,False,24,24
sift_10k,17,lid_descending,443,train_design,10,False,16,24
sift_10k,17,lid_descending,444,internal_audit,10,False,10,24
sift_10k,17,lid_descending,445,calibration,16,False,24,24
sift_10k,17,lid_descending,446,train_design,48,False,16,24
sift_10k,17,lid_descending,447,calibration,16,False,16,24
sift_10k,17,lid_descending,448,train_design,16,False,16,24
sift_10k,17,lid_descending,449,calibration,16,False,24,24
sift_10k,17,lid_descending,450,train_design,16,False,24,24
sift_10k,17,lid_descending,451,calibration,16,False,24,24
sift_10k,17,lid_descending,452,calibration,10,False,24,24
sift_10k,17,lid_descending,453,train_design,10,False,10,24
sift_10k,17,lid_descending,454,train_design,16,False,16,24
sift_10k,17,lid_descending,455,train_design,16,False,16,24
sift_10k,17,lid_descending,456,train_design,10,False,16,24
sift_10k,17,lid_descending,457,train_design,10,False,10,24
sift_10k,17,lid_descending,458,internal_audit,10,False,10,24
sift_10k,17,lid_descending,459,internal_audit,16,False,24,24
sift_10k,17,lid_descending,460,train_design,10,False,10,24
sift_10k,17,lid_descending,461,train_design,10,False,10,24
sift_10k,17,lid_descending,462,calibration,16,False,24,24
sift_10k,17,lid_descending,463,train_design,10,False,10,24
sift_10k,17,lid_descending,464,train_design,16,False,16,24
sift_10k,17,lid_descending,465,train_design,24,False,24,24
sift_10k,17,lid_descending,466,train_design,10,False,16,24
sift_10k,17,lid_descending,467,internal_audit,10,False,10,24
sift_10k,17,lid_descending,468,train_design,10,False,10,24
sift_10k,17,lid_descending,469,train_design,10,False,16,24
sift_10k,17,lid_descending,470,train_design,16,False,16,24
sift_10k,17,lid_descending,471,internal_audit,10,False,10,24
sift_10k,17,lid_descending,472,train_design,10,False,10,24
sift_10k,17,lid_descending,473,train_design,10,False,10,24
sift_10k,17,lid_descending,474,train_design,10,False,16,24
sift_10k,17,lid_descending,475,train_design,10,False,16,24
sift_10k,17,lid_descending,476,internal_audit,10,False,24,24
sift_10k,17,lid_descending,477,train_design,10,False,10,24
sift_10k,17,lid_descending,478,train_design,10,False,16,24
sift_10k,17,lid_descending,479,train_design,10,False,10,24
sift_10k,17,lid_descending,480,train_design,48,False,24,24
sift_10k,17,lid_descending,481,train_design,16,False,16,24
sift_10k,17,lid_descending,482,internal_audit,24,False,24,24
sift_10k,17,lid_descending,483,train_design,32,False,10,24
sift_10k,17,lid_descending,484,train_design,10,False,16,24
sift_10k,17,lid_descending,485,calibration,10,False,16,24
sift_10k,17,lid_descending,486,internal_audit,10,False,10,24
sift_10k,17,lid_descending,487,internal_audit,10,False,10,24
sift_10k,17,lid_descending,488,calibration,10,False,16,24
sift_10k,17,lid_descending,489,train_design,10,False,10,24
sift_10k,17,lid_descending,490,calibration,10,False,10,24
sift_10k,17,lid_descending,491,internal_audit,16,False,16,24
sift_10k,17,lid_descending,492,train_design,10,False,24,24
sift_10k,17,lid_descending,493,calibration,16,False,16,24
sift_10k,17,lid_descending,494,train_design,24,False,24,24
sift_10k,17,lid_descending,495,train_design,10,False,16,24
sift_10k,17,lid_descending,496,train_design,16,False,16,24
sift_10k,17,lid_descending,497,train_design,10,False,16,24
sift_10k,17,lid_descending,498,calibration,10,False,16,24
sift_10k,17,lid_descending,499,train_design,16,False,24,24
sift_10k,17,random,0,train_design,10,False,10,24
sift_10k,17,random,1,train_design,10,False,10,24
sift_10k,17,random,2,calibration,32,False,10,24
sift_10k,17,random,3,calibration,16,False,16,24
sift_10k,17,random,4,internal_audit,10,False,10,24
sift_10k,17,random,5,calibration,10,False,10,24
sift_10k,17,random,6,train_design,16,False,16,24
sift_10k,17,random,7,internal_audit,16,False,16,24
sift_10k,17,random,8,train_design,16,False,16,24
sift_10k,17,random,9,train_design,10,False,10,24
sift_10k,17,random,10,train_design,16,False,16,24
sift_10k,17,random,11,internal_audit,10,False,10,24
sift_10k,17,random,12,train_design,10,False,10,24
sift_10k,17,random,13,internal_audit,10,False,24,24
sift_10k,17,random,14,train_design,16,False,16,24
sift_10k,17,random,15,internal_audit,10,False,10,24
sift_10k,17,random,16,calibration,10,False,16,24
sift_10k,17,random,17,internal_audit,10,False,10,24
sift_10k,17,random,18,calibration,10,False,10,24
sift_10k,17,random,19,train_design,10,False,10,24
sift_10k,17,random,20,train_design,24,False,24,24
sift_10k,17,random,21,internal_audit,16,False,16,24
sift_10k,17,random,22,train_design,10,False,10,24
sift_10k,17,random,23,internal_audit,16,False,24,24
sift_10k,17,random,24,calibration,24,False,24,24
sift_10k,17,random,25,train_design,10,False,10,24
sift_10k,17,random,26,calibration,16,False,16,24
sift_10k,17,random,27,calibration,10,False,10,24
sift_10k,17,random,28,train_design,10,False,10,24
sift_10k,17,random,29,calibration,10,False,10,24
sift_10k,17,random,30,internal_audit,16,False,24,24
sift_10k,17,random,31,train_design,16,False,16,24
sift_10k,17,random,32,train_design,16,False,16,24
sift_10k,17,random,33,calibration,10,False,10,24
sift_10k,17,random,34,internal_audit,10,False,16,24
sift_10k,17,random,35,train_design,10,False,10,24
sift_10k,17,random,36,internal_audit,10,False,10,24
sift_10k,17,random,37,train_design,10,False,24,24
sift_10k,17,random,38,internal_audit,16,False,24,24
sift_10k,17,random,39,calibration,24,False,24,24
sift_10k,17,random,40,train_design,10,False,24,24
sift_10k,17,random,41,internal_audit,16,False,24,24
sift_10k,17,random,42,train_design,10,False,24,24
sift_10k,17,random,43,train_design,10,False,10,24
sift_10k,17,random,44,train_design,10,False,24,24
sift_10k,17,random,45,internal_audit,10,False,10,24
sift_10k,17,random,46,calibration,32,False,16,24
sift_10k,17,random,47,train_design,32,False,10,24
sift_10k,17,random,48,train_design,24,False,24,24
sift_10k,17,random,49,internal_audit,10,False,10,24
sift_10k,17,random,50,train_design,10,False,10,24
sift_10k,17,random,51,calibration,10,False,10,24
sift_10k,17,random,52,calibration,16,False,16,24
sift_10k,17,random,53,train_design,10,False,24,24
sift_10k,17,random,54,train_design,10,False,16,24
sift_10k,17,random,55,calibration,16,False,24,24
sift_10k,17,random,56,train_design,10,False,10,24
sift_10k,17,random,57,calibration,32,False,24,24
sift_10k,17,random,58,calibration,10,False,10,24
sift_10k,17,random,59,calibration,10,False,24,24
sift_10k,17,random,60,train_design,10,False,10,24
sift_10k,17,random,61,train_design,10,False,10,24
sift_10k,17,random,62,train_design,10,False,24,24
sift_10k,17,random,63,internal_audit,16,False,16,24
sift_10k,17,random,64,train_design,10,False,16,24
sift_10k,17,random,65,calibration,10,False,10,24
sift_10k,17,random,66,calibration,16,False,24,24
sift_10k,17,random,67,train_design,10,False,10,24
sift_10k,17,random,68,calibration,10,False,16,24
sift_10k,17,random,69,calibration,10,False,10,24
sift_10k,17,random,70,train_design,10,False,10,24
sift_10k,17,random,71,calibration,10,False,10,24
sift_10k,17,random,72,train_design,10,False,10,24
sift_10k,17,random,73,internal_audit,10,False,10,24
sift_10k,17,random,74,calibration,10,False,10,24
sift_10k,17,random,75,train_design,10,False,10,24
sift_10k,17,random,76,train_design,16,False,16,24
sift_10k,17,random,77,calibration,10,False,10,24
sift_10k,17,random,78,calibration,16,False,24,24
sift_10k,17,random,79,calibration,24,False,24,24
sift_10k,17,random,80,train_design,10,False,16,24
sift_10k,17,random,81,internal_audit,10,False,16,24
sift_10k,17,random,82,train_design,10,False,10,24
sift_10k,17,random,83,train_design,10,False,10,24
sift_10k,17,random,84,train_design,10,False,10,24
sift_10k,17,random,85,internal_audit,10,False,24,24
sift_10k,17,random,86,internal_audit,16,False,16,24
sift_10k,17,random,87,calibration,10,False,16,24
sift_10k,17,random,88,internal_audit,10,False,10,24
sift_10k,17,random,89,train_design,10,False,10,24
sift_10k,17,random,90,calibration,10,False,10,24
sift_10k,17,random,91,train_design,16,False,16,24
sift_10k,17,random,92,internal_audit,16,False,16,24
sift_10k,17,random,93,internal_audit,10,False,10,24
sift_10k,17,random,94,calibration,10,False,10,24
sift_10k,17,random,95,train_design,10,False,10,24
sift_10k,17,random,96,internal_audit,16,False,16,24
sift_10k,17,random,97,calibration,10,False,10,24
sift_10k,17,random,98,train_design,24,False,24,24
sift_10k,17,random,99,internal_audit,10,False,10,24
sift_10k,17,random,100,train_design,10,False,16,24
sift_10k,17,random,101,calibration,10,False,10,24
sift_10k,17,random,102,train_design,10,False,16,24
sift_10k,17,random,103,calibration,10,False,10,24
sift_10k,17,random,104,internal_audit,10,False,10,24
sift_10k,17,random,105,calibration,10,False,10,24
sift_10k,17,random,106,train_design,10,False,10,24
sift_10k,17,random,107,train_design,10,False,10,24
sift_10k,17,random,108,train_design,24,False,24,24
sift_10k,17,random,109,internal_audit,10,False,10,24
sift_10k,17,random,110,calibration,10,False,10,24
sift_10k,17,random,111,train_design,10,False,16,24
sift_10k,17,random,112,train_design,32,False,10,24
sift_10k,17,random,113,calibration,10,False,10,24
sift_10k,17,random,114,internal_audit,10,False,16,24
sift_10k,17,random,115,internal_audit,10,False,16,24
sift_10k,17,random,116,train_design,10,False,10,24
sift_10k,17,random,117,train_design,24,False,24,24
sift_10k,17,random,118,internal_audit,10,False,10,24
sift_10k,17,random,119,calibration,10,False,10,24
sift_10k,17,random,120,internal_audit,10,False,24,24
sift_10k,17,random,121,train_design,24,False,24,24
sift_10k,17,random,122,calibration,24,False,24,24
sift_10k,17,random,123,train_design,10,False,10,24
sift_10k,17,random,124,train_design,10,False,16,24
sift_10k,17,random,125,internal_audit,16,False,16,24
sift_10k,17,random,126,internal_audit,10,False,10,24
sift_10k,17,random,127,train_design,24,False,24,24
sift_10k,17,random,128,internal_audit,10,False,10,24
sift_10k,17,random,129,calibration,24,False,24,24
sift_10k,17,random,130,internal_audit,16,False,16,24
sift_10k,17,random,131,train_design,10,False,10,24
sift_10k,17,random,132,calibration,10,False,10,24
sift_10k,17,random,133,train_design,16,False,24,24
sift_10k,17,random,134,internal_audit,16,False,16,24
sift_10k,17,random,135,internal_audit,24,False,24,24
sift_10k,17,random,136,train_design,10,False,10,24
sift_10k,17,random,137,train_design,48,False,24,24
sift_10k,17,random,138,train_design,24,False,24,24
sift_10k,17,random,139,train_design,10,False,16,24
sift_10k,17,random,140,internal_audit,10,False,10,24
sift_10k,17,random,141,calibration,24,False,24,24
sift_10k,17,random,142,internal_audit,32,False,16,24
sift_10k,17,random,143,train_design,10,False,10,24
sift_10k,17,random,144,internal_audit,10,False,10,24
sift_10k,17,random,145,calibration,32,False,24,24
sift_10k,17,random,146,train_design,10,False,10,24
sift_10k,17,random,147,train_design,10,False,16,24
sift_10k,17,random,148,train_design,48,False,24,24
sift_10k,17,random,149,train_design,24,False,24,24
sift_10k,17,random,150,train_design,10,False,24,24
sift_10k,17,random,151,train_design,10,False,10,24
sift_10k,17,random,152,train_design,10,False,16,24
sift_10k,17,random,153,calibration,24,False,24,24
sift_10k,17,random,154,calibration,10,False,10,24
sift_10k,17,random,155,calibration,16,False,16,24
sift_10k,17,random,156,internal_audit,16,False,16,24
sift_10k,17,random,157,train_design,10,False,24,24
sift_10k,17,random,158,internal_audit,10,False,16,24
sift_10k,17,random,159,calibration,24,False,24,24
sift_10k,17,random,160,train_design,10,False,10,24
sift_10k,17,random,161,internal_audit,16,False,16,24
sift_10k,17,random,162,internal_audit,10,False,10,24
sift_10k,17,random,163,internal_audit,32,False,16,24
sift_10k,17,random,164,train_design,24,False,24,24
sift_10k,17,random,165,calibration,10,False,10,24
sift_10k,17,random,166,train_design,10,False,10,24
sift_10k,17,random,167,train_design,10,False,16,24
sift_10k,17,random,168,train_design,16,False,16,24
sift_10k,17,random,169,train_design,10,False,16,24
sift_10k,17,random,170,calibration,10,False,16,24
sift_10k,17,random,171,train_design,10,False,16,24
sift_10k,17,random,172,train_design,24,False,24,24
sift_10k,17,random,173,internal_audit,10,False,10,24
sift_10k,17,random,174,train_design,10,False,16,24
sift_10k,17,random,175,train_design,10,False,16,24
sift_10k,17,random,176,calibration,16,False,16,24
sift_10k,17,random,177,train_design,10,False,10,24
sift_10k,17,random,178,train_design,10,False,10,24
sift_10k,17,random,179,internal_audit,48,False,10,24
sift_10k,17,random,180,internal_audit,10,False,10,24
sift_10k,17,random,181,calibration,10,False,10,24
sift_10k,17,random,182,train_design,32,False,24,24
sift_10k,17,random,183,train_design,16,False,16,24
sift_10k,17,random,184,train_design,10,False,24,24
sift_10k,17,random,185,calibration,10,False,10,24
sift_10k,17,random,186,calibration,24,False,24,24
sift_10k,17,random,187,train_design,32,False,24,24
sift_10k,17,random,188,train_design,10,False,10,24
sift_10k,17,random,189,internal_audit,10,False,24,24
sift_10k,17,random,190,train_design,10,False,10,24
sift_10k,17,random,191,internal_audit,16,False,24,24
sift_10k,17,random,192,calibration,16,False,16,24
sift_10k,17,random,193,train_design,10,False,10,24
sift_10k,17,random,194,internal_audit,24,False,24,24
sift_10k,17,random,195,calibration,24,False,24,24
sift_10k,17,random,196,calibration,16,False,24,24
sift_10k,17,random,197,calibration,16,False,16,24
sift_10k,17,random,198,train_design,10,False,10,24
sift_10k,17,random,199,internal_audit,24,False,24,24
sift_10k,17,random,200,train_design,10,False,10,24
sift_10k,17,random,201,calibration,24,False,24,24
sift_10k,17,random,202,internal_audit,16,False,16,24
sift_10k,17,random,203,internal_audit,10,False,10,24
sift_10k,17,random,204,train_design,10,False,10,24
sift_10k,17,random,205,train_design,10,False,16,24
sift_10k,17,random,206,calibration,10,False,10,24
sift_10k,17,random,207,internal_audit,10,False,10,24
sift_10k,17,random,208,train_design,48,False,10,24
sift_10k,17,random,209,internal_audit,10,False,16,24
sift_10k,17,random,210,internal_audit,10,False,10,24
sift_10k,17,random,211,train_design,16,False,16,24
sift_10k,17,random,212,internal_audit,24,False,24,24
sift_10k,17,random,213,train_design,10,False,10,24
sift_10k,17,random,214,internal_audit,48,False,24,24
sift_10k,17,random,215,internal_audit,48,False,16,24
sift_10k,17,random,216,internal_audit,10,False,10,24
sift_10k,17,random,217,train_design,10,False,10,24
sift_10k,17,random,218,calibration,10,False,10,24
sift_10k,17,random,219,calibration,10,False,10,24
sift_10k,17,random,220,calibration,10,False,10,24
sift_10k,17,random,221,train_design,24,False,24,24
sift_10k,17,random,222,train_design,10,False,10,24
sift_10k,17,random,223,train_design,10,False,10,24
sift_10k,17,random,224,internal_audit,24,False,24,24
sift_10k,17,random,225,train_design,384,False,24,24
sift_10k,17,random,226,internal_audit,10,False,10,24
sift_10k,17,random,227,train_design,10,False,10,24
sift_10k,17,random,228,train_design,16,False,24,24
sift_10k,17,random,229,train_design,10,False,10,24
sift_10k,17,random,230,train_design,10,False,10,24
sift_10k,17,random,231,train_design,16,False,16,24
sift_10k,17,random,232,internal_audit,24,False,24,24
sift_10k,17,random,233,internal_audit,10,False,24,24
sift_10k,17,random,234,train_design,16,False,24,24
sift_10k,17,random,235,internal_audit,10,False,16,24
sift_10k,17,random,236,internal_audit,16,False,24,24
sift_10k,17,random,237,calibration,16,False,16,24
sift_10k,17,random,238,train_design,10,False,10,24
sift_10k,17,random,239,calibration,16,False,16,24
sift_10k,17,random,240,train_design,16,False,24,24
sift_10k,17,random,241,internal_audit,96,False,16,24
sift_10k,17,random,242,calibration,10,False,10,24
sift_10k,17,random,243,train_design,10,False,24,24
sift_10k,17,random,244,train_design,10,False,16,24
sift_10k,17,random,245,train_design,16,False,16,24
sift_10k,17,random,246,train_design,24,False,24,24
sift_10k,17,random,247,train_design,10,False,16,24
sift_10k,17,random,248,calibration,10,False,10,24
sift_10k,17,random,249,calibration,16,False,16,24
sift_10k,17,random,250,internal_audit,10,False,10,24
sift_10k,17,random,251,calibration,10,False,16,24
sift_10k,17,random,252,calibration,10,False,10,24
sift_10k,17,random,253,train_design,10,False,10,24
sift_10k,17,random,254,train_design,10,False,10,24
sift_10k,17,random,255,train_design,24,False,24,24
sift_10k,17,random,256,calibration,48,False,24,24
sift_10k,17,random,257,internal_audit,10,False,10,24
sift_10k,17,random,258,train_design,10,False,10,24
sift_10k,17,random,259,train_design,10,False,10,24
sift_10k,17,random,260,calibration,10,False,10,24
sift_10k,17,random,261,train_design,16,False,24,24
sift_10k,17,random,262,calibration,10,False,10,24
sift_10k,17,random,263,internal_audit,10,False,16,24
sift_10k,17,random,264,internal_audit,10,False,10,24
sift_10k,17,random,265,train_design,10,False,10,24
sift_10k,17,random,266,calibration,24,False,24,24
sift_10k,17,random,267,train_design,10,False,16,24
sift_10k,17,random,268,internal_audit,24,False,24,24
sift_10k,17,random,269,calibration,10,False,16,24
sift_10k,17,random,270,calibration,10,False,16,24
sift_10k,17,random,271,internal_audit,10,False,10,24
sift_10k,17,random,272,train_design,10,False,10,24
sift_10k,17,random,273,train_design,16,False,16,24
sift_10k,17,random,274,internal_audit,10,False,24,24
sift_10k,17,random,275,train_design,16,False,16,24
sift_10k,17,random,276,calibration,10,False,16,24
sift_10k,17,random,277,calibration,24,False,24,24
sift_10k,17,random,278,calibration,10,False,10,24
sift_10k,17,random,279,train_design,10,False,10,24
sift_10k,17,random,280,train_design,10,False,10,24
sift_10k,17,random,281,train_design,16,False,16,24
sift_10k,17,random,282,train_design,16,False,24,24
sift_10k,17,random,283,calibration,10,False,10,24
sift_10k,17,random,284,internal_audit,32,False,10,24
sift_10k,17,random,285,train_design,24,False,24,24
sift_10k,17,random,286,calibration,10,False,10,24
sift_10k,17,random,287,train_design,16,False,16,24
sift_10k,17,random,288,train_design,16,False,16,24
sift_10k,17,random,289,internal_audit,32,False,10,24
sift_10k,17,random,290,train_design,16,False,24,24
sift_10k,17,random,291,train_design,16,False,24,24
sift_10k,17,random,292,train_design,10,False,10,24
sift_10k,17,random,293,internal_audit,10,False,10,24
sift_10k,17,random,294,train_design,10,False,10,24
sift_10k,17,random,295,internal_audit,10,False,10,24
sift_10k,17,random,296,train_design,10,False,24,24
sift_10k,17,random,297,train_design,16,False,16,24
sift_10k,17,random,298,train_design,16,False,16,24
sift_10k,17,random,299,internal_audit,10,False,10,24
sift_10k,17,random,300,train_design,10,False,16,24
sift_10k,17,random,301,train_design,10,False,10,24
sift_10k,17,random,302,train_design,16,False,16,24
sift_10k,17,random,303,calibration,10,False,10,24
sift_10k,17,random,304,calibration,24,False,24,24
sift_10k,17,random,305,train_design,10,False,10,24
sift_10k,17,random,306,internal_audit,10,False,16,24
sift_10k,17,random,307,train_design,10,False,10,24
sift_10k,17,random,308,internal_audit,24,False,24,24
sift_10k,17,random,309,train_design,10,False,16,24
sift_10k,17,random,310,train_design,10,False,10,24
sift_10k,17,random,311,internal_audit,10,False,10,24
sift_10k,17,random,312,train_design,16,False,16,24
sift_10k,17,random,313,train_design,10,False,10,24
sift_10k,17,random,314,internal_audit,16,False,24,24
sift_10k,17,random,315,calibration,10,False,24,24
sift_10k,17,random,316,calibration,10,False,10,24
sift_10k,17,random,317,internal_audit,24,False,24,24
sift_10k,17,random,318,train_design,10,False,10,24
sift_10k,17,random,319,calibration,10,False,24,24
sift_10k,17,random,320,internal_audit,24,False,24,24
sift_10k,17,random,321,train_design,10,False,10,24
sift_10k,17,random,322,internal_audit,16,False,16,24
sift_10k,17,random,323,train_design,16,False,16,24
sift_10k,17,random,324,calibration,10,False,10,24
sift_10k,17,random,325,train_design,16,False,16,24
sift_10k,17,random,326,train_design,10,False,10,24
sift_10k,17,random,327,train_design,16,False,24,24
sift_10k,17,random,328,calibration,10,False,16,24
sift_10k,17,random,329,calibration,10,False,16,24
sift_10k,17,random,330,calibration,16,False,16,24
sift_10k,17,random,331,train_design,10,False,16,24
sift_10k,17,random,332,train_design,10,False,10,24
sift_10k,17,random,333,train_design,10,False,16,24
sift_10k,17,random,334,train_design,10,False,24,24
sift_10k,17,random,335,internal_audit,10,False,16,24
sift_10k,17,random,336,train_design,10,False,16,24
sift_10k,17,random,337,calibration,10,False,10,24
sift_10k,17,random,338,calibration,10,False,10,24
sift_10k,17,random,339,internal_audit,10,False,10,24
sift_10k,17,random,340,calibration,10,False,10,24
sift_10k,17,random,341,internal_audit,16,False,16,24
sift_10k,17,random,342,calibration,10,False,24,24
sift_10k,17,random,343,internal_audit,10,False,10,24
sift_10k,17,random,344,calibration,10,False,10,24
sift_10k,17,random,345,train_design,24,False,24,24
sift_10k,17,random,346,train_design,10,False,10,24
sift_10k,17,random,347,train_design,10,False,10,24
sift_10k,17,random,348,train_design,10,False,16,24
sift_10k,17,random,349,train_design,10,False,24,24
sift_10k,17,random,350,internal_audit,10,False,16,24
sift_10k,17,random,351,internal_audit,16,False,16,24
sift_10k,17,random,352,train_design,10,False,16,24
sift_10k,17,random,353,calibration,10,False,10,24
sift_10k,17,random,354,calibration,24,False,24,24
sift_10k,17,random,355,internal_audit,10,False,10,24
sift_10k,17,random,356,train_design,10,False,16,24
sift_10k,17,random,357,internal_audit,10,False,10,24
sift_10k,17,random,358,train_design,10,False,16,24
sift_10k,17,random,359,train_design,10,False,16,24
sift_10k,17,random,360,train_design,10,False,16,24
sift_10k,17,random,361,calibration,10,False,10,24
sift_10k,17,random,362,train_design,10,False,10,24
sift_10k,17,random,363,train_design,16,False,24,24
sift_10k,17,random,364,internal_audit,10,False,10,24
sift_10k,17,random,365,train_design,10,False,16,24
sift_10k,17,random,366,train_design,32,False,10,24
sift_10k,17,random,367,train_design,32,False,16,24
sift_10k,17,random,368,calibration,24,False,24,24
sift_10k,17,random,369,internal_audit,32,False,10,24
sift_10k,17,random,370,calibration,16,False,16,24
sift_10k,17,random,371,train_design,10,False,24,24
sift_10k,17,random,372,internal_audit,10,False,24,24
sift_10k,17,random,373,train_design,10,False,10,24
sift_10k,17,random,374,internal_audit,10,False,10,24
sift_10k,17,random,375,train_design,10,False,10,24
sift_10k,17,random,376,train_design,64,False,24,24
sift_10k,17,random,377,train_design,16,False,24,24
sift_10k,17,random,378,calibration,24,False,24,24
sift_10k,17,random,379,train_design,10,False,16,24
sift_10k,17,random,380,train_design,16,False,24,24
sift_10k,17,random,381,internal_audit,10,False,10,24
sift_10k,17,random,382,internal_audit,24,False,24,24
sift_10k,17,random,383,internal_audit,10,False,10,24
sift_10k,17,random,384,train_design,16,False,16,24
sift_10k,17,random,385,train_design,24,False,24,24
sift_10k,17,random,386,train_design,24,False,24,24
sift_10k,17,random,387,train_design,10,False,16,24
sift_10k,17,random,388,train_design,10,False,16,24
sift_10k,17,random,389,train_design,24,False,24,24
sift_10k,17,random,390,internal_audit,24,False,24,24
sift_10k,17,random,391,internal_audit,10,False,24,24
sift_10k,17,random,392,train_design,10,False,10,24
sift_10k,17,random,393,calibration,10,False,10,24
sift_10k,17,random,394,calibration,10,False,10,24
sift_10k,17,random,395,train_design,10,False,10,24
sift_10k,17,random,396,train_design,24,False,24,24
sift_10k,17,random,397,internal_audit,10,False,10,24
sift_10k,17,random,398,internal_audit,10,False,10,24
sift_10k,17,random,399,calibration,10,False,10,24
sift_10k,17,random,400,train_design,32,False,10,24
sift_10k,17,random,401,train_design,10,False,10,24
sift_10k,17,random,402,calibration,16,False,24,24
sift_10k,17,random,403,calibration,10,False,16,24
sift_10k,17,random,404,calibration,10,False,10,24
sift_10k,17,random,405,train_design,10,False,24,24
sift_10k,17,random,406,train_design,10,False,24,24
sift_10k,17,random,407,calibration,10,False,16,24
sift_10k,17,random,408,internal_audit,10,False,16,24
sift_10k,17,random,409,train_design,10,False,24,24
sift_10k,17,random,410,calibration,24,False,24,24
sift_10k,17,random,411,train_design,10,False,24,24
sift_10k,17,random,412,train_design,16,False,16,24
sift_10k,17,random,413,calibration,10,False,10,24
sift_10k,17,random,414,internal_audit,10,False,24,24
sift_10k,17,random,415,internal_audit,16,False,16,24
sift_10k,17,random,416,calibration,10,False,24,24
sift_10k,17,random,417,train_design,10,False,10,24
sift_10k,17,random,418,calibration,10,False,16,24
sift_10k,17,random,419,train_design,10,False,10,24
sift_10k,17,random,420,calibration,10,False,24,24
sift_10k,17,random,421,train_design,10,False,10,24
sift_10k,17,random,422,train_design,24,False,24,24
sift_10k,17,random,423,train_design,10,False,10,24
sift_10k,17,random,424,train_design,10,False,24,24
sift_10k,17,random,425,train_design,10,False,10,24
sift_10k,17,random,426,train_design,10,False,10,24
sift_10k,17,random,427,train_design,16,False,16,24
sift_10k,17,random,428,internal_audit,16,False,16,24
sift_10k,17,random,429,internal_audit,16,False,16,24
sift_10k,17,random,430,train_design,16,False,16,24
sift_10k,17,random,431,train_design,10,False,10,24
sift_10k,17,random,432,train_design,24,False,24,24
sift_10k,17,random,433,calibration,10,False,10,24
sift_10k,17,random,434,train_design,10,False,10,24
sift_10k,17,random,435,train_design,64,False,24,24
sift_10k,17,random,436,train_design,16,False,16,24
sift_10k,17,random,437,internal_audit,10,False,10,24
sift_10k,17,random,438,internal_audit,10,False,16,24
sift_10k,17,random,439,internal_audit,10,False,10,24
sift_10k,17,random,440,calibration,24,False,24,24
sift_10k,17,random,441,calibration,24,False,24,24
sift_10k,17,random,442,internal_audit,48,False,24,24
sift_10k,17,random,443,train_design,10,False,24,24
sift_10k,17,random,444,internal_audit,10,False,10,24
sift_10k,17,random,445,calibration,10,False,24,24
sift_10k,17,random,446,train_design,24,False,24,24
sift_10k,17,random,447,calibration,16,False,16,24
sift_10k,17,random,448,train_design,10,False,10,24
sift_10k,17,random,449,calibration,16,False,24,24
sift_10k,17,random,450,train_design,16,False,24,24
sift_10k,17,random,451,calibration,10,False,16,24
sift_10k,17,random,452,calibration,10,False,24,24
sift_10k,17,random,453,train_design,32,False,10,24
sift_10k,17,random,454,train_design,24,False,24,24
sift_10k,17,random,455,train_design,10,False,10,24
sift_10k,17,random,456,train_design,16,False,16,24
sift_10k,17,random,457,train_design,10,False,10,24
sift_10k,17,random,458,internal_audit,10,False,10,24
sift_10k,17,random,459,internal_audit,10,False,16,24
sift_10k,17,random,460,train_design,10,False,10,24
sift_10k,17,random,461,train_design,10,False,10,24
sift_10k,17,random,462,calibration,32,False,10,24
sift_10k,17,random,463,train_design,10,False,10,24
sift_10k,17,random,464,train_design,10,False,10,24
sift_10k,17,random,465,train_design,16,False,16,24
sift_10k,17,random,466,train_design,10,False,10,24
sift_10k,17,random,467,internal_audit,24,False,24,24
sift_10k,17,random,468,train_design,10,False,10,24
sift_10k,17,random,469,train_design,10,False,16,24
sift_10k,17,random,470,train_design,24,False,24,24
sift_10k,17,random,471,internal_audit,16,False,24,24
sift_10k,17,random,472,train_design,10,False,24,24
sift_10k,17,random,473,train_design,16,False,16,24
sift_10k,17,random,474,train_design,10,False,10,24
sift_10k,17,random,475,train_design,10,False,16,24
sift_10k,17,random,476,internal_audit,24,False,24,24
sift_10k,17,random,477,train_design,10,False,10,24
sift_10k,17,random,478,train_design,10,False,16,24
sift_10k,17,random,479,train_design,10,False,10,24
sift_10k,17,random,480,train_design,32,False,10,24
sift_10k,17,random,481,train_design,10,False,24,24
sift_10k,17,random,482,internal_audit,16,False,24,24
sift_10k,17,random,483,train_design,10,False,10,24
sift_10k,17,random,484,train_design,10,False,10,24
sift_10k,17,random,485,calibration,10,False,10,24
sift_10k,17,random,486,internal_audit,32,False,10,24
sift_10k,17,random,487,internal_audit,10,False,10,24
sift_10k,17,random,488,calibration,10,False,16,24
sift_10k,17,random,489,train_design,10,False,24,24
sift_10k,17,random,490,calibration,10,False,10,24
sift_10k,17,random,491,internal_audit,10,False,10,24
sift_10k,17,random,492,train_design,10,False,16,24
sift_10k,17,random,493,calibration,10,False,10,24
sift_10k,17,random,494,train_design,16,False,16,24
sift_10k,17,random,495,train_design,10,False,10,24
sift_10k,17,random,496,train_design,10,False,16,24
sift_10k,17,random,497,train_design,10,False,16,24
sift_10k,17,random,498,calibration,10,False,16,24
sift_10k,17,random,499,train_design,10,False,24,24
sift_10k,29,lid_ascending,0,train_design,10,False,10,32
sift_10k,29,lid_ascending,1,train_design,10,False,10,32
sift_10k,29,lid_ascending,2,calibration,16,False,24,32
sift_10k,29,lid_ascending,3,calibration,10,False,16,32
sift_10k,29,lid_ascending,4,internal_audit,10,False,16,32
sift_10k,29,lid_ascending,5,calibration,10,False,10,32
sift_10k,29,lid_ascending,6,train_design,16,False,16,32
sift_10k,29,lid_ascending,7,internal_audit,128,False,24,32
sift_10k,29,lid_ascending,8,train_design,10,False,10,32
sift_10k,29,lid_ascending,9,train_design,10,False,10,32
sift_10k,29,lid_ascending,10,train_design,16,False,16,32
sift_10k,29,lid_ascending,11,internal_audit,10,False,10,32
sift_10k,29,lid_ascending,12,train_design,10,False,10,32
sift_10k,29,lid_ascending,13,internal_audit,10,False,16,32
sift_10k,29,lid_ascending,14,train_design,10,False,16,32
sift_10k,29,lid_ascending,15,internal_audit,10,False,16,32
sift_10k,29,lid_ascending,16,calibration,10,False,10,32
sift_10k,29,lid_ascending,17,internal_audit,10,False,10,32
sift_10k,29,lid_ascending,18,calibration,10,False,10,32
sift_10k,29,lid_ascending,19,train_design,10,False,10,32
sift_10k,29,lid_ascending,20,train_design,24,False,32,32
sift_10k,29,lid_ascending,21,internal_audit,10,False,32,32
sift_10k,29,lid_ascending,22,train_design,10,False,10,32
sift_10k,29,lid_ascending,23,internal_audit,24,False,24,32
sift_10k,29,lid_ascending,24,calibration,32,False,32,32
sift_10k,29,lid_ascending,25,train_design,10,False,10,32
sift_10k,29,lid_ascending,26,calibration,10,False,10,32
sift_10k,29,lid_ascending,27,calibration,10,False,10,32
sift_10k,29,lid_ascending,28,train_design,10,False,10,32
sift_10k,29,lid_ascending,29,calibration,10,False,10,32
sift_10k,29,lid_ascending,30,internal_audit,10,False,10,32
sift_10k,29,lid_ascending,31,train_design,16,False,16,32
sift_10k,29,lid_ascending,32,train_design,16,False,24,32
sift_10k,29,lid_ascending,33,calibration,10,False,10,32
sift_10k,29,lid_ascending,34,internal_audit,24,False,24,32
sift_10k,29,lid_ascending,35,train_design,16,False,16,32
sift_10k,29,lid_ascending,36,internal_audit,10,False,24,32
sift_10k,29,lid_ascending,37,train_design,10,False,16,32
sift_10k,29,lid_ascending,38,internal_audit,16,False,16,32
sift_10k,29,lid_ascending,39,calibration,16,False,16,32
sift_10k,29,lid_ascending,40,train_design,16,False,16,32
sift_10k,29,lid_ascending,41,internal_audit,16,False,16,32
sift_10k,29,lid_ascending,42,train_design,10,False,24,32
sift_10k,29,lid_ascending,43,train_design,10,False,16,32
sift_10k,29,lid_ascending,44,train_design,10,False,24,32
sift_10k,29,lid_ascending,45,internal_audit,10,False,10,32
sift_10k,29,lid_ascending,46,calibration,48,False,32,32
sift_10k,29,lid_ascending,47,train_design,24,False,24,32
sift_10k,29,lid_ascending,48,train_design,16,False,16,32
sift_10k,29,lid_ascending,49,internal_audit,10,False,10,32
sift_10k,29,lid_ascending,50,train_design,10,False,10,32
sift_10k,29,lid_ascending,51,calibration,16,False,16,32
sift_10k,29,lid_ascending,52,calibration,24,False,24,32
sift_10k,29,lid_ascending,53,train_design,16,False,16,32
sift_10k,29,lid_ascending,54,train_design,16,False,16,32
sift_10k,29,lid_ascending,55,calibration,24,False,24,32
sift_10k,29,lid_ascending,56,train_design,16,False,24,32
sift_10k,29,lid_ascending,57,calibration,192,False,24,32
sift_10k,29,lid_ascending,58,calibration,10,False,10,32
sift_10k,29,lid_ascending,59,calibration,24,False,24,32
sift_10k,29,lid_ascending,60,train_design,32,False,32,32
sift_10k,29,lid_ascending,61,train_design,10,False,10,32
sift_10k,29,lid_ascending,62,train_design,10,False,24,32
sift_10k,29,lid_ascending,63,internal_audit,24,False,24,32
sift_10k,29,lid_ascending,64,train_design,10,False,16,32
sift_10k,29,lid_ascending,65,calibration,10,False,16,32
sift_10k,29,lid_ascending,66,calibration,10,False,16,32
sift_10k,29,lid_ascending,67,train_design,10,False,10,32
sift_10k,29,lid_ascending,68,calibration,24,False,24,32
sift_10k,29,lid_ascending,69,calibration,10,False,16,32
sift_10k,29,lid_ascending,70,train_design,10,False,32,32
sift_10k,29,lid_ascending,71,calibration,10,False,10,32
sift_10k,29,lid_ascending,72,train_design,10,False,16,32
sift_10k,29,lid_ascending,73,internal_audit,10,False,10,32
sift_10k,29,lid_ascending,74,calibration,24,False,24,32
sift_10k,29,lid_ascending,75,train_design,10,False,10,32
sift_10k,29,lid_ascending,76,train_design,10,False,10,32
sift_10k,29,lid_ascending,77,calibration,10,False,16,32
sift_10k,29,lid_ascending,78,calibration,10,False,10,32
sift_10k,29,lid_ascending,79,calibration,16,False,16,32
sift_10k,29,lid_ascending,80,train_design,10,False,10,32
sift_10k,29,lid_ascending,81,internal_audit,10,False,10,32
sift_10k,29,lid_ascending,82,train_design,10,False,10,32
sift_10k,29,lid_ascending,83,train_design,10,False,10,32
sift_10k,29,lid_ascending,84,train_design,10,False,24,32
sift_10k,29,lid_ascending,85,internal_audit,16,False,32,32
sift_10k,29,lid_ascending,86,internal_audit,24,False,24,32
sift_10k,29,lid_ascending,87,calibration,16,False,32,32
sift_10k,29,lid_ascending,88,internal_audit,10,False,16,32
sift_10k,29,lid_ascending,89,train_design,16,False,16,32
sift_10k,29,lid_ascending,90,calibration,10,False,10,32
sift_10k,29,lid_ascending,91,train_design,16,False,16,32
sift_10k,29,lid_ascending,92,internal_audit,16,False,16,32
sift_10k,29,lid_ascending,93,internal_audit,10,False,10,32
sift_10k,29,lid_ascending,94,calibration,24,False,24,32
sift_10k,29,lid_ascending,95,train_design,10,False,10,32
sift_10k,29,lid_ascending,96,internal_audit,24,False,24,32
sift_10k,29,lid_ascending,97,calibration,10,False,10,32
sift_10k,29,lid_ascending,98,train_design,10,False,32,32
sift_10k,29,lid_ascending,99,internal_audit,10,False,24,32
sift_10k,29,lid_ascending,100,train_design,10,False,16,32
sift_10k,29,lid_ascending,101,calibration,10,False,10,32
sift_10k,29,lid_ascending,102,train_design,16,False,16,32
sift_10k,29,lid_ascending,103,calibration,10,False,16,32
sift_10k,29,lid_ascending,104,internal_audit,10,False,16,32
sift_10k,29,lid_ascending,105,calibration,10,False,10,32
sift_10k,29,lid_ascending,106,train_design,10,False,10,32
sift_10k,29,lid_ascending,107,train_design,10,False,10,32
sift_10k,29,lid_ascending,108,train_design,32,False,32,32
sift_10k,29,lid_ascending,109,internal_audit,10,False,16,32
sift_10k,29,lid_ascending,110,calibration,16,False,16,32
sift_10k,29,lid_ascending,111,train_design,16,False,16,32
sift_10k,29,lid_ascending,112,train_design,48,False,32,32
sift_10k,29,lid_ascending,113,calibration,24,False,24,32
sift_10k,29,lid_ascending,114,internal_audit,16,False,16,32
sift_10k,29,lid_ascending,115,internal_audit,10,False,10,32
sift_10k,29,lid_ascending,116,train_design,10,False,32,32
sift_10k,29,lid_ascending,117,train_design,16,False,32,32
sift_10k,29,lid_ascending,118,internal_audit,10,False,10,32
sift_10k,29,lid_ascending,119,calibration,10,False,16,32
sift_10k,29,lid_ascending,120,internal_audit,16,False,24,32
sift_10k,29,lid_ascending,121,train_design,24,False,32,32
sift_10k,29,lid_ascending,122,calibration,10,False,10,32
sift_10k,29,lid_ascending,123,train_design,10,False,10,32
sift_10k,29,lid_ascending,124,train_design,10,False,16,32
sift_10k,29,lid_ascending,125,internal_audit,10,False,16,32
sift_10k,29,lid_ascending,126,internal_audit,16,False,16,32
sift_10k,29,lid_ascending,127,train_design,10,False,10,32
sift_10k,29,lid_ascending,128,internal_audit,10,False,10,32
sift_10k,29,lid_ascending,129,calibration,16,False,24,32
sift_10k,29,lid_ascending,130,internal_audit,48,False,24,32
sift_10k,29,lid_ascending,131,train_design,10,False,10,32
sift_10k,29,lid_ascending,132,calibration,16,False,16,32
sift_10k,29,lid_ascending,133,train_design,32,False,32,32
sift_10k,29,lid_ascending,134,internal_audit,16,False,16,32
sift_10k,29,lid_ascending,135,internal_audit,24,False,32,32
sift_10k,29,lid_ascending,136,train_design,10,False,10,32
sift_10k,29,lid_ascending,137,train_design,24,False,24,32
sift_10k,29,lid_ascending,138,train_design,32,False,32,32
sift_10k,29,lid_ascending,139,train_design,10,False,16,32
sift_10k,29,lid_ascending,140,internal_audit,10,False,10,32
sift_10k,29,lid_ascending,141,calibration,64,False,16,32
sift_10k,29,lid_ascending,142,internal_audit,24,False,24,32
sift_10k,29,lid_ascending,143,train_design,10,False,10,32
sift_10k,29,lid_ascending,144,internal_audit,64,False,24,32
sift_10k,29,lid_ascending,145,calibration,24,False,24,32
sift_10k,29,lid_ascending,146,train_design,16,False,24,32
sift_10k,29,lid_ascending,147,train_design,10,False,10,32
sift_10k,29,lid_ascending,148,train_design,32,False,32,32
sift_10k,29,lid_ascending,149,train_design,32,False,32,32
sift_10k,29,lid_ascending,150,train_design,24,False,24,32
sift_10k,29,lid_ascending,151,train_design,10,False,32,32
sift_10k,29,lid_ascending,152,train_design,10,False,10,32
sift_10k,29,lid_ascending,153,calibration,24,False,24,32
sift_10k,29,lid_ascending,154,calibration,64,False,10,32
sift_10k,29,lid_ascending,155,calibration,10,False,16,32
sift_10k,29,lid_ascending,156,internal_audit,24,False,24,32
sift_10k,29,lid_ascending,157,train_design,32,False,32,32
sift_10k,29,lid_ascending,158,internal_audit,10,False,16,32
sift_10k,29,lid_ascending,159,calibration,16,False,16,32
sift_10k,29,lid_ascending,160,train_design,16,False,32,32
sift_10k,29,lid_ascending,161,internal_audit,16,False,16,32
sift_10k,29,lid_ascending,162,internal_audit,10,False,10,32
sift_10k,29,lid_ascending,163,internal_audit,32,False,32,32
sift_10k,29,lid_ascending,164,train_design,10,False,10,32
sift_10k,29,lid_ascending,165,calibration,24,False,32,32
sift_10k,29,lid_ascending,166,train_design,24,False,24,32
sift_10k,29,lid_ascending,167,train_design,10,False,16,32
sift_10k,29,lid_ascending,168,train_design,16,False,24,32
sift_10k,29,lid_ascending,169,train_design,10,False,10,32
sift_10k,29,lid_ascending,170,calibration,24,False,24,32
sift_10k,29,lid_ascending,171,train_design,10,False,10,32
sift_10k,29,lid_ascending,172,train_design,256,False,10,32
sift_10k,29,lid_ascending,173,internal_audit,16,False,16,32
sift_10k,29,lid_ascending,174,train_design,10,False,10,32
sift_10k,29,lid_ascending,175,train_design,16,False,16,32
sift_10k,29,lid_ascending,176,calibration,16,False,24,32
sift_10k,29,lid_ascending,177,train_design,10,False,16,32
sift_10k,29,lid_ascending,178,train_design,32,False,32,32
sift_10k,29,lid_ascending,179,internal_audit,64,False,24,32
sift_10k,29,lid_ascending,180,internal_audit,10,False,10,32
sift_10k,29,lid_ascending,181,calibration,10,False,10,32
sift_10k,29,lid_ascending,182,train_design,32,False,32,32
sift_10k,29,lid_ascending,183,train_design,32,False,32,32
sift_10k,29,lid_ascending,184,train_design,24,False,24,32
sift_10k,29,lid_ascending,185,calibration,10,False,10,32
sift_10k,29,lid_ascending,186,calibration,32,False,32,32
sift_10k,29,lid_ascending,187,train_design,32,False,32,32
sift_10k,29,lid_ascending,188,train_design,10,False,10,32
sift_10k,29,lid_ascending,189,internal_audit,10,False,24,32
sift_10k,29,lid_ascending,190,train_design,10,False,32,32
sift_10k,29,lid_ascending,191,internal_audit,32,False,32,32
sift_10k,29,lid_ascending,192,calibration,10,False,10,32
sift_10k,29,lid_ascending,193,train_design,16,False,24,32
sift_10k,29,lid_ascending,194,internal_audit,16,False,32,32
sift_10k,29,lid_ascending,195,calibration,32,False,32,32
sift_10k,29,lid_ascending,196,calibration,16,False,16,32
sift_10k,29,lid_ascending,197,calibration,10,False,16,32
sift_10k,29,lid_ascending,198,train_design,10,False,10,32
sift_10k,29,lid_ascending,199,internal_audit,24,False,32,32
sift_10k,29,lid_ascending,200,train_design,10,False,10,32
sift_10k,29,lid_ascending,201,calibration,32,False,32,32
sift_10k,29,lid_ascending,202,internal_audit,10,False,10,32
sift_10k,29,lid_ascending,203,internal_audit,10,False,10,32
sift_10k,29,lid_ascending,204,train_design,10,False,24,32
sift_10k,29,lid_ascending,205,train_design,16,False,24,32
sift_10k,29,lid_ascending,206,calibration,10,False,10,32
sift_10k,29,lid_ascending,207,internal_audit,10,False,16,32
sift_10k,29,lid_ascending,208,train_design,24,False,24,32
sift_10k,29,lid_ascending,209,internal_audit,32,False,32,32
sift_10k,29,lid_ascending,210,internal_audit,10,False,10,32
sift_10k,29,lid_ascending,211,train_design,10,False,10,32
sift_10k,29,lid_ascending,212,internal_audit,10,False,10,32
sift_10k,29,lid_ascending,213,train_design,10,False,10,32
sift_10k,29,lid_ascending,214,internal_audit,64,False,32,32
sift_10k,29,lid_ascending,215,internal_audit,32,False,32,32
sift_10k,29,lid_ascending,216,internal_audit,10,False,16,32
sift_10k,29,lid_ascending,217,train_design,10,False,10,32
sift_10k,29,lid_ascending,218,calibration,10,False,10,32
sift_10k,29,lid_ascending,219,calibration,16,False,16,32
sift_10k,29,lid_ascending,220,calibration,10,False,10,32
sift_10k,29,lid_ascending,221,train_design,10,False,24,32
sift_10k,29,lid_ascending,222,train_design,10,False,10,32
sift_10k,29,lid_ascending,223,train_design,10,False,10,32
sift_10k,29,lid_ascending,224,internal_audit,48,False,10,32
sift_10k,29,lid_ascending,225,train_design,1024,True,16,32
sift_10k,29,lid_ascending,226,internal_audit,10,False,10,32
sift_10k,29,lid_ascending,227,train_design,16,False,16,32
sift_10k,29,lid_ascending,228,train_design,10,False,24,32
sift_10k,29,lid_ascending,229,train_design,10,False,10,32
sift_10k,29,lid_ascending,230,train_design,24,False,24,32
sift_10k,29,lid_ascending,231,train_design,16,False,16,32
sift_10k,29,lid_ascending,232,internal_audit,48,False,24,32
sift_10k,29,lid_ascending,233,internal_audit,10,False,32,32
sift_10k,29,lid_ascending,234,train_design,32,False,32,32
sift_10k,29,lid_ascending,235,internal_audit,10,False,24,32
sift_10k,29,lid_ascending,236,internal_audit,24,False,24,32
sift_10k,29,lid_ascending,237,calibration,48,False,32,32
sift_10k,29,lid_ascending,238,train_design,16,False,16,32
sift_10k,29,lid_ascending,239,calibration,16,False,24,32
sift_10k,29,lid_ascending,240,train_design,16,False,24,32
sift_10k,29,lid_ascending,241,internal_audit,192,False,24,32
sift_10k,29,lid_ascending,242,calibration,10,False,16,32
sift_10k,29,lid_ascending,243,train_design,10,False,10,32
sift_10k,29,lid_ascending,244,train_design,10,False,10,32
sift_10k,29,lid_ascending,245,train_design,24,False,24,32
sift_10k,29,lid_ascending,246,train_design,48,False,32,32
sift_10k,29,lid_ascending,247,train_design,10,False,24,32
sift_10k,29,lid_ascending,248,calibration,10,False,10,32
sift_10k,29,lid_ascending,249,calibration,16,False,24,32
sift_10k,29,lid_ascending,250,internal_audit,10,False,10,32
sift_10k,29,lid_ascending,251,calibration,10,False,10,32
sift_10k,29,lid_ascending,252,calibration,10,False,10,32
sift_10k,29,lid_ascending,253,train_design,16,False,16,32
sift_10k,29,lid_ascending,254,train_design,10,False,10,32
sift_10k,29,lid_ascending,255,train_design,24,False,24,32
sift_10k,29,lid_ascending,256,calibration,32,False,32,32
sift_10k,29,lid_ascending,257,internal_audit,10,False,24,32
sift_10k,29,lid_ascending,258,train_design,10,False,24,32
sift_10k,29,lid_ascending,259,train_design,16,False,16,32
sift_10k,29,lid_ascending,260,calibration,10,False,10,32
sift_10k,29,lid_ascending,261,train_design,32,False,32,32
sift_10k,29,lid_ascending,262,calibration,10,False,10,32
sift_10k,29,lid_ascending,263,internal_audit,10,False,16,32
sift_10k,29,lid_ascending,264,internal_audit,24,False,24,32
sift_10k,29,lid_ascending,265,train_design,10,False,10,32
sift_10k,29,lid_ascending,266,calibration,24,False,24,32
sift_10k,29,lid_ascending,267,train_design,10,False,10,32
sift_10k,29,lid_ascending,268,internal_audit,16,False,16,32
sift_10k,29,lid_ascending,269,calibration,32,False,32,32
sift_10k,29,lid_ascending,270,calibration,10,False,10,32
sift_10k,29,lid_ascending,271,internal_audit,10,False,10,32
sift_10k,29,lid_ascending,272,train_design,10,False,24,32
sift_10k,29,lid_ascending,273,train_design,10,False,10,32
sift_10k,29,lid_ascending,274,internal_audit,10,False,10,32
sift_10k,29,lid_ascending,275,train_design,10,False,10,32
sift_10k,29,lid_ascending,276,calibration,24,False,24,32
sift_10k,29,lid_ascending,277,calibration,32,False,32,32
sift_10k,29,lid_ascending,278,calibration,16,False,16,32
sift_10k,29,lid_ascending,279,train_design,16,False,16,32
sift_10k,29,lid_ascending,280,train_design,16,False,16,32
sift_10k,29,lid_ascending,281,train_design,16,False,16,32
sift_10k,29,lid_ascending,282,train_design,16,False,24,32
sift_10k,29,lid_ascending,283,calibration,16,False,32,32
sift_10k,29,lid_ascending,284,internal_audit,16,False,16,32
sift_10k,29,lid_ascending,285,train_design,16,False,16,32
sift_10k,29,lid_ascending,286,calibration,10,False,10,32
sift_10k,29,lid_ascending,287,train_design,24,False,24,32
sift_10k,29,lid_ascending,288,train_design,10,False,32,32
sift_10k,29,lid_ascending,289,internal_audit,10,False,24,32
sift_10k,29,lid_ascending,290,train_design,24,False,24,32
sift_10k,29,lid_ascending,291,train_design,32,False,32,32
sift_10k,29,lid_ascending,292,train_design,10,False,10,32
sift_10k,29,lid_ascending,293,internal_audit,10,False,10,32
sift_10k,29,lid_ascending,294,train_design,10,False,24,32
sift_10k,29,lid_ascending,295,internal_audit,16,False,32,32
sift_10k,29,lid_ascending,296,train_design,16,False,24,32
sift_10k,29,lid_ascending,297,train_design,16,False,24,32
sift_10k,29,lid_ascending,298,train_design,32,False,32,32
sift_10k,29,lid_ascending,299,internal_audit,10,False,10,32
sift_10k,29,lid_ascending,300,train_design,10,False,24,32
sift_10k,29,lid_ascending,301,train_design,10,False,10,32
sift_10k,29,lid_ascending,302,train_design,24,False,24,32
sift_10k,29,lid_ascending,303,calibration,10,False,10,32
sift_10k,29,lid_ascending,304,calibration,24,False,24,32
sift_10k,29,lid_ascending,305,train_design,10,False,10,32
sift_10k,29,lid_ascending,306,internal_audit,10,False,16,32
sift_10k,29,lid_ascending,307,train_design,10,False,16,32
sift_10k,29,lid_ascending,308,internal_audit,32,False,32,32
sift_10k,29,lid_ascending,309,train_design,10,False,16,32
sift_10k,29,lid_ascending,310,train_design,10,False,16,32
sift_10k,29,lid_ascending,311,internal_audit,10,False,10,32
sift_10k,29,lid_ascending,312,train_design,16,False,24,32
sift_10k,29,lid_ascending,313,train_design,10,False,10,32
sift_10k,29,lid_ascending,314,internal_audit,16,False,24,32
sift_10k,29,lid_ascending,315,calibration,10,False,10,32
sift_10k,29,lid_ascending,316,calibration,16,False,16,32
sift_10k,29,lid_ascending,317,internal_audit,16,False,24,32
sift_10k,29,lid_ascending,318,train_design,10,False,24,32
sift_10k,29,lid_ascending,319,calibration,16,False,32,32
sift_10k,29,lid_ascending,320,internal_audit,32,False,32,32
sift_10k,29,lid_ascending,321,train_design,10,False,10,32
sift_10k,29,lid_ascending,322,internal_audit,10,False,16,32
sift_10k,29,lid_ascending,323,train_design,16,False,16,32
sift_10k,29,lid_ascending,324,calibration,10,False,24,32
sift_10k,29,lid_ascending,325,train_design,16,False,16,32
sift_10k,29,lid_ascending,326,train_design,10,False,10,32
sift_10k,29,lid_ascending,327,train_design,24,False,24,32
sift_10k,29,lid_ascending,328,calibration,10,False,16,32
sift_10k,29,lid_ascending,329,calibration,16,False,16,32
sift_10k,29,lid_ascending,330,calibration,16,False,16,32
sift_10k,29,lid_ascending,331,train_design,10,False,16,32
sift_10k,29,lid_ascending,332,train_design,10,False,10,32
sift_10k,29,lid_ascending,333,train_design,32,False,32,32
sift_10k,29,lid_ascending,334,train_design,16,False,16,32
sift_10k,29,lid_ascending,335,internal_audit,16,False,16,32
sift_10k,29,lid_ascending,336,train_design,10,False,16,32
sift_10k,29,lid_ascending,337,calibration,10,False,10,32
sift_10k,29,lid_ascending,338,calibration,10,False,10,32
sift_10k,29,lid_ascending,339,internal_audit,10,False,10,32
sift_10k,29,lid_ascending,340,calibration,10,False,10,32
sift_10k,29,lid_ascending,341,internal_audit,32,False,32,32
sift_10k,29,lid_ascending,342,calibration,10,False,32,32
sift_10k,29,lid_ascending,343,internal_audit,10,False,10,32
sift_10k,29,lid_ascending,344,calibration,10,False,10,32
sift_10k,29,lid_ascending,345,train_design,24,False,32,32
sift_10k,29,lid_ascending,346,train_design,10,False,10,32
sift_10k,29,lid_ascending,347,train_design,10,False,24,32
sift_10k,29,lid_ascending,348,train_design,10,False,16,32
sift_10k,29,lid_ascending,349,train_design,16,False,24,32
sift_10k,29,lid_ascending,350,internal_audit,10,False,16,32
sift_10k,29,lid_ascending,351,internal_audit,24,False,32,32
sift_10k,29,lid_ascending,352,train_design,10,False,32,32
sift_10k,29,lid_ascending,353,calibration,10,False,10,32
sift_10k,29,lid_ascending,354,calibration,48,False,24,32
sift_10k,29,lid_ascending,355,internal_audit,10,False,10,32
sift_10k,29,lid_ascending,356,train_design,16,False,32,32
sift_10k,29,lid_ascending,357,internal_audit,10,False,10,32
sift_10k,29,lid_ascending,358,train_design,16,False,16,32
sift_10k,29,lid_ascending,359,train_design,10,False,16,32
sift_10k,29,lid_ascending,360,train_design,10,False,16,32
sift_10k,29,lid_ascending,361,calibration,10,False,10,32
sift_10k,29,lid_ascending,362,train_design,10,False,32,32
sift_10k,29,lid_ascending,363,train_design,32,False,32,32
sift_10k,29,lid_ascending,364,internal_audit,10,False,24,32
sift_10k,29,lid_ascending,365,train_design,16,False,16,32
sift_10k,29,lid_ascending,366,train_design,48,False,32,32
sift_10k,29,lid_ascending,367,train_design,16,False,16,32
sift_10k,29,lid_ascending,368,calibration,64,False,32,32
sift_10k,29,lid_ascending,369,internal_audit,48,False,32,32
sift_10k,29,lid_ascending,370,calibration,24,False,32,32
sift_10k,29,lid_ascending,371,train_design,10,False,10,32
sift_10k,29,lid_ascending,372,internal_audit,16,False,24,32
sift_10k,29,lid_ascending,373,train_design,10,False,10,32
sift_10k,29,lid_ascending,374,internal_audit,16,False,24,32
sift_10k,29,lid_ascending,375,train_design,10,False,10,32
sift_10k,29,lid_ascending,376,train_design,64,False,24,32
sift_10k,29,lid_ascending,377,train_design,16,False,24,32
sift_10k,29,lid_ascending,378,calibration,16,False,16,32
sift_10k,29,lid_ascending,379,train_design,10,False,10,32
sift_10k,29,lid_ascending,380,train_design,32,False,32,32
sift_10k,29,lid_ascending,381,internal_audit,24,False,24,32
sift_10k,29,lid_ascending,382,internal_audit,10,False,10,32
sift_10k,29,lid_ascending,383,internal_audit,16,False,16,32
sift_10k,29,lid_ascending,384,train_design,48,False,16,32
sift_10k,29,lid_ascending,385,train_design,24,False,32,32
sift_10k,29,lid_ascending,386,train_design,16,False,16,32
sift_10k,29,lid_ascending,387,train_design,10,False,10,32
sift_10k,29,lid_ascending,388,train_design,16,False,24,32
sift_10k,29,lid_ascending,389,train_design,24,False,24,32
sift_10k,29,lid_ascending,390,internal_audit,16,False,24,32
sift_10k,29,lid_ascending,391,internal_audit,16,False,32,32
sift_10k,29,lid_ascending,392,train_design,10,False,10,32
sift_10k,29,lid_ascending,393,calibration,32,False,32,32
sift_10k,29,lid_ascending,394,calibration,10,False,10,32
sift_10k,29,lid_ascending,395,train_design,10,False,10,32
sift_10k,29,lid_ascending,396,train_design,16,False,24,32
sift_10k,29,lid_ascending,397,internal_audit,10,False,32,32
sift_10k,29,lid_ascending,398,internal_audit,10,False,10,32
sift_10k,29,lid_ascending,399,calibration,16,False,24,32
sift_10k,29,lid_ascending,400,train_design,48,False,16,32
sift_10k,29,lid_ascending,401,train_design,10,False,16,32
sift_10k,29,lid_ascending,402,calibration,32,False,32,32
sift_10k,29,lid_ascending,403,calibration,10,False,16,32
sift_10k,29,lid_ascending,404,calibration,10,False,24,32
sift_10k,29,lid_ascending,405,train_design,10,False,10,32
sift_10k,29,lid_ascending,406,train_design,10,False,16,32
sift_10k,29,lid_ascending,407,calibration,10,False,10,32
sift_10k,29,lid_ascending,408,internal_audit,10,False,16,32
sift_10k,29,lid_ascending,409,train_design,16,False,24,32
sift_10k,29,lid_ascending,410,calibration,32,False,32,32
sift_10k,29,lid_ascending,411,train_design,16,False,24,32
sift_10k,29,lid_ascending,412,train_design,16,False,16,32
sift_10k,29,lid_ascending,413,calibration,10,False,10,32
sift_10k,29,lid_ascending,414,internal_audit,10,False,10,32
sift_10k,29,lid_ascending,415,internal_audit,10,False,10,32
sift_10k,29,lid_ascending,416,calibration,16,False,24,32
sift_10k,29,lid_ascending,417,train_design,24,False,24,32
sift_10k,29,lid_ascending,418,calibration,10,False,16,32
sift_10k,29,lid_ascending,419,train_design,10,False,10,32
sift_10k,29,lid_ascending,420,calibration,16,False,32,32
sift_10k,29,lid_ascending,421,train_design,10,False,10,32
sift_10k,29,lid_ascending,422,train_design,16,False,16,32
sift_10k,29,lid_ascending,423,train_design,16,False,16,32
sift_10k,29,lid_ascending,424,train_design,10,False,10,32
sift_10k,29,lid_ascending,425,train_design,10,False,10,32
sift_10k,29,lid_ascending,426,train_design,10,False,10,32
sift_10k,29,lid_ascending,427,train_design,16,False,32,32
sift_10k,29,lid_ascending,428,internal_audit,24,False,24,32
sift_10k,29,lid_ascending,429,internal_audit,32,False,32,32
sift_10k,29,lid_ascending,430,train_design,10,False,10,32
sift_10k,29,lid_ascending,431,train_design,10,False,10,32
sift_10k,29,lid_ascending,432,train_design,32,False,32,32
sift_10k,29,lid_ascending,433,calibration,10,False,32,32
sift_10k,29,lid_ascending,434,train_design,10,False,10,32
sift_10k,29,lid_ascending,435,train_design,24,False,24,32
sift_10k,29,lid_ascending,436,train_design,24,False,32,32
sift_10k,29,lid_ascending,437,internal_audit,10,False,10,32
sift_10k,29,lid_ascending,438,internal_audit,10,False,10,32
sift_10k,29,lid_ascending,439,internal_audit,10,False,10,32
sift_10k,29,lid_ascending,440,calibration,10,False,10,32
sift_10k,29,lid_ascending,441,calibration,24,False,32,32
sift_10k,29,lid_ascending,442,internal_audit,24,False,32,32
sift_10k,29,lid_ascending,443,train_design,10,False,24,32
sift_10k,29,lid_ascending,444,internal_audit,10,False,16,32
sift_10k,29,lid_ascending,445,calibration,16,False,16,32
sift_10k,29,lid_ascending,446,train_design,16,False,16,32
sift_10k,29,lid_ascending,447,calibration,10,False,24,32
sift_10k,29,lid_ascending,448,train_design,10,False,10,32
sift_10k,29,lid_ascending,449,calibration,16,False,32,32
sift_10k,29,lid_ascending,450,train_design,10,False,16,32
sift_10k,29,lid_ascending,451,calibration,16,False,16,32
sift_10k,29,lid_ascending,452,calibration,10,False,16,32
sift_10k,29,lid_ascending,453,train_design,64,False,10,32
sift_10k,29,lid_ascending,454,train_design,24,False,24,32
sift_10k,29,lid_ascending,455,train_design,24,False,24,32
sift_10k,29,lid_ascending,456,train_design,16,False,16,32
sift_10k,29,lid_ascending,457,train_design,16,False,16,32
sift_10k,29,lid_ascending,458,internal_audit,16,False,16,32
sift_10k,29,lid_ascending,459,internal_audit,16,False,16,32
sift_10k,29,lid_ascending,460,train_design,10,False,16,32
sift_10k,29,lid_ascending,461,train_design,10,False,10,32
sift_10k,29,lid_ascending,462,calibration,32,False,32,32
sift_10k,29,lid_ascending,463,train_design,10,False,10,32
sift_10k,29,lid_ascending,464,train_design,16,False,16,32
sift_10k,29,lid_ascending,465,train_design,16,False,16,32
sift_10k,29,lid_ascending,466,train_design,10,False,24,32
sift_10k,29,lid_ascending,467,internal_audit,16,False,32,32
sift_10k,29,lid_ascending,468,train_design,10,False,10,32
sift_10k,29,lid_ascending,469,train_design,10,False,16,32
sift_10k,29,lid_ascending,470,train_design,16,False,32,32
sift_10k,29,lid_ascending,471,internal_audit,32,False,32,32
sift_10k,29,lid_ascending,472,train_design,10,False,10,32
sift_10k,29,lid_ascending,473,train_design,24,False,32,32
sift_10k,29,lid_ascending,474,train_design,10,False,10,32
sift_10k,29,lid_ascending,475,train_design,10,False,10,32
sift_10k,29,lid_ascending,476,internal_audit,32,False,32,32
sift_10k,29,lid_ascending,477,train_design,10,False,10,32
sift_10k,29,lid_ascending,478,train_design,10,False,16,32
sift_10k,29,lid_ascending,479,train_design,10,False,10,32
sift_10k,29,lid_ascending,480,train_design,64,False,16,32
sift_10k,29,lid_ascending,481,train_design,48,False,24,32
sift_10k,29,lid_ascending,482,internal_audit,16,False,16,32
sift_10k,29,lid_ascending,483,train_design,32,False,32,32
sift_10k,29,lid_ascending,484,train_design,10,False,16,32
sift_10k,29,lid_ascending,485,calibration,10,False,10,32
sift_10k,29,lid_ascending,486,internal_audit,24,False,32,32
sift_10k,29,lid_ascending,487,internal_audit,10,False,16,32
sift_10k,29,lid_ascending,488,calibration,16,False,32,32
sift_10k,29,lid_ascending,489,train_design,16,False,24,32
sift_10k,29,lid_ascending,490,calibration,24,False,24,32
sift_10k,29,lid_ascending,491,internal_audit,10,False,24,32
sift_10k,29,lid_ascending,492,train_design,24,False,24,32
sift_10k,29,lid_ascending,493,calibration,16,False,16,32
sift_10k,29,lid_ascending,494,train_design,10,False,10,32
sift_10k,29,lid_ascending,495,train_design,10,False,10,32
sift_10k,29,lid_ascending,496,train_design,16,False,16,32
sift_10k,29,lid_ascending,497,train_design,16,False,24,32
sift_10k,29,lid_ascending,498,calibration,10,False,16,32
sift_10k,29,lid_ascending,499,train_design,16,False,16,32
sift_10k,29,lid_descending,0,train_design,10,False,10,24
sift_10k,29,lid_descending,1,train_design,10,False,10,24
sift_10k,29,lid_descending,2,calibration,16,False,16,24
sift_10k,29,lid_descending,3,calibration,10,False,16,24
sift_10k,29,lid_descending,4,internal_audit,10,False,10,24
sift_10k,29,lid_descending,5,calibration,10,False,10,24
sift_10k,29,lid_descending,6,train_design,16,False,16,24
sift_10k,29,lid_descending,7,internal_audit,24,False,24,24
sift_10k,29,lid_descending,8,train_design,10,False,10,24
sift_10k,29,lid_descending,9,train_design,10,False,10,24
sift_10k,29,lid_descending,10,train_design,10,False,10,24
sift_10k,29,lid_descending,11,internal_audit,10,False,24,24
sift_10k,29,lid_descending,12,train_design,10,False,10,24
sift_10k,29,lid_descending,13,internal_audit,10,False,10,24
sift_10k,29,lid_descending,14,train_design,10,False,24,24
sift_10k,29,lid_descending,15,internal_audit,10,False,10,24
sift_10k,29,lid_descending,16,calibration,10,False,10,24
sift_10k,29,lid_descending,17,internal_audit,24,False,24,24
sift_10k,29,lid_descending,18,calibration,10,False,10,24
sift_10k,29,lid_descending,19,train_design,10,False,10,24
sift_10k,29,lid_descending,20,train_design,16,False,16,24
sift_10k,29,lid_descending,21,internal_audit,10,False,16,24
sift_10k,29,lid_descending,22,train_design,10,False,10,24
sift_10k,29,lid_descending,23,internal_audit,16,False,24,24
sift_10k,29,lid_descending,24,calibration,10,False,10,24
sift_10k,29,lid_descending,25,train_design,10,False,10,24
sift_10k,29,lid_descending,26,calibration,10,False,24,24
sift_10k,29,lid_descending,27,calibration,10,False,10,24
sift_10k,29,lid_descending,28,train_design,10,False,10,24
sift_10k,29,lid_descending,29,calibration,10,False,10,24
sift_10k,29,lid_descending,30,internal_audit,10,False,10,24
sift_10k,29,lid_descending,31,train_design,16,False,24,24
sift_10k,29,lid_descending,32,train_design,10,False,10,24
sift_10k,29,lid_descending,33,calibration,10,False,10,24
sift_10k,29,lid_descending,34,internal_audit,24,False,24,24
sift_10k,29,lid_descending,35,train_design,10,False,10,24
sift_10k,29,lid_descending,36,internal_audit,10,False,10,24
sift_10k,29,lid_descending,37,train_design,10,False,16,24
sift_10k,29,lid_descending,38,internal_audit,10,False,10,24
sift_10k,29,lid_descending,39,calibration,10,False,10,24
sift_10k,29,lid_descending,40,train_design,10,False,24,24
sift_10k,29,lid_descending,41,internal_audit,16,False,16,24
sift_10k,29,lid_descending,42,train_design,10,False,10,24
sift_10k,29,lid_descending,43,train_design,10,False,10,24
sift_10k,29,lid_descending,44,train_design,10,False,16,24
sift_10k,29,lid_descending,45,internal_audit,10,False,10,24
sift_10k,29,lid_descending,46,calibration,24,False,24,24
sift_10k,29,lid_descending,47,train_design,24,False,24,24
sift_10k,29,lid_descending,48,train_design,10,False,16,24
sift_10k,29,lid_descending,49,internal_audit,10,False,16,24
sift_10k,29,lid_descending,50,train_design,10,False,10,24
sift_10k,29,lid_descending,51,calibration,10,False,10,24
sift_10k,29,lid_descending,52,calibration,10,False,24,24
sift_10k,29,lid_descending,53,train_design,10,False,16,24
sift_10k,29,lid_descending,54,train_design,10,False,16,24
sift_10k,29,lid_descending,55,calibration,16,False,16,24
sift_10k,29,lid_descending,56,train_design,10,False,10,24
sift_10k,29,lid_descending,57,calibration,32,False,16,24
sift_10k,29,lid_descending,58,calibration,10,False,10,24
sift_10k,29,lid_descending,59,calibration,10,False,10,24
sift_10k,29,lid_descending,60,train_design,10,False,24,24
sift_10k,29,lid_descending,61,train_design,10,False,16,24
sift_10k,29,lid_descending,62,train_design,10,False,10,24
sift_10k,29,lid_descending,63,internal_audit,24,False,24,24
sift_10k,29,lid_descending,64,train_design,10,False,10,24
sift_10k,29,lid_descending,65,calibration,10,False,10,24
sift_10k,29,lid_descending,66,calibration,10,False,24,24
sift_10k,29,lid_descending,67,train_design,10,False,10,24
sift_10k,29,lid_descending,68,calibration,10,False,16,24
sift_10k,29,lid_descending,69,calibration,10,False,10,24
sift_10k,29,lid_descending,70,train_design,10,False,16,24
sift_10k,29,lid_descending,71,calibration,10,False,10,24
sift_10k,29,lid_descending,72,train_design,10,False,10,24
sift_10k,29,lid_descending,73,internal_audit,10,False,10,24
sift_10k,29,lid_descending,74,calibration,10,False,10,24
sift_10k,29,lid_descending,75,train_design,10,False,10,24
sift_10k,29,lid_descending,76,train_design,16,False,16,24
sift_10k,29,lid_descending,77,calibration,10,False,10,24
sift_10k,29,lid_descending,78,calibration,16,False,24,24
sift_10k,29,lid_descending,79,calibration,24,False,24,24
sift_10k,29,lid_descending,80,train_design,10,False,16,24
sift_10k,29,lid_descending,81,internal_audit,10,False,10,24
sift_10k,29,lid_descending,82,train_design,10,False,10,24
sift_10k,29,lid_descending,83,train_design,10,False,16,24
sift_10k,29,lid_descending,84,train_design,10,False,10,24
sift_10k,29,lid_descending,85,internal_audit,10,False,24,24
sift_10k,29,lid_descending,86,internal_audit,10,False,16,24
sift_10k,29,lid_descending,87,calibration,10,False,10,24
sift_10k,29,lid_descending,88,internal_audit,10,False,10,24
sift_10k,29,lid_descending,89,train_design,10,False,10,24
sift_10k,29,lid_descending,90,calibration,10,False,10,24
sift_10k,29,lid_descending,91,train_design,10,False,24,24
sift_10k,29,lid_descending,92,internal_audit,10,False,10,24
sift_10k,29,lid_descending,93,internal_audit,10,False,10,24
sift_10k,29,lid_descending,94,calibration,16,False,16,24
sift_10k,29,lid_descending,95,train_design,10,False,10,24
sift_10k,29,lid_descending,96,internal_audit,10,False,10,24
sift_10k,29,lid_descending,97,calibration,10,False,10,24
sift_10k,29,lid_descending,98,train_design,10,False,16,24
sift_10k,29,lid_descending,99,internal_audit,10,False,10,24
sift_10k,29,lid_descending,100,train_design,10,False,10,24
sift_10k,29,lid_descending,101,calibration,10,False,10,24
sift_10k,29,lid_descending,102,train_design,10,False,10,24
sift_10k,29,lid_descending,103,calibration,10,False,24,24
sift_10k,29,lid_descending,104,internal_audit,10,False,10,24
sift_10k,29,lid_descending,105,calibration,10,False,10,24
sift_10k,29,lid_descending,106,train_design,10,False,10,24
sift_10k,29,lid_descending,107,train_design,10,False,10,24
sift_10k,29,lid_descending,108,train_design,10,False,16,24
sift_10k,29,lid_descending,109,internal_audit,10,False,10,24
sift_10k,29,lid_descending,110,calibration,10,False,10,24
sift_10k,29,lid_descending,111,train_design,24,False,24,24
sift_10k,29,lid_descending,112,train_design,16,False,16,24
sift_10k,29,lid_descending,113,calibration,10,False,10,24
sift_10k,29,lid_descending,114,internal_audit,10,False,10,24
sift_10k,29,lid_descending,115,internal_audit,10,False,16,24
sift_10k,29,lid_descending,116,train_design,10,False,10,24
sift_10k,29,lid_descending,117,train_design,16,False,16,24
sift_10k,29,lid_descending,118,internal_audit,10,False,10,24
sift_10k,29,lid_descending,119,calibration,10,False,10,24
sift_10k,29,lid_descending,120,internal_audit,10,False,10,24
sift_10k,29,lid_descending,121,train_design,16,False,16,24
sift_10k,29,lid_descending,122,calibration,10,False,10,24
sift_10k,29,lid_descending,123,train_design,16,False,16,24
sift_10k,29,lid_descending,124,train_design,10,False,16,24
sift_10k,29,lid_descending,125,internal_audit,10,False,16,24
sift_10k,29,lid_descending,126,internal_audit,10,False,16,24
sift_10k,29,lid_descending,127,train_design,24,False,24,24
sift_10k,29,lid_descending,128,internal_audit,10,False,10,24
sift_10k,29,lid_descending,129,calibration,10,False,16,24
sift_10k,29,lid_descending,130,internal_audit,32,False,16,24
sift_10k,29,lid_descending,131,train_design,10,False,10,24
sift_10k,29,lid_descending,132,calibration,10,False,10,24
sift_10k,29,lid_descending,133,train_design,10,False,10,24
sift_10k,29,lid_descending,134,internal_audit,10,False,24,24
sift_10k,29,lid_descending,135,internal_audit,16,False,16,24
sift_10k,29,lid_descending,136,train_design,10,False,10,24
sift_10k,29,lid_descending,137,train_design,16,False,24,24
sift_10k,29,lid_descending,138,train_design,10,False,10,24
sift_10k,29,lid_descending,139,train_design,10,False,10,24
sift_10k,29,lid_descending,140,internal_audit,10,False,10,24
sift_10k,29,lid_descending,141,calibration,10,False,16,24
sift_10k,29,lid_descending,142,internal_audit,24,False,24,24
sift_10k,29,lid_descending,143,train_design,10,False,10,24
sift_10k,29,lid_descending,144,internal_audit,10,False,10,24
sift_10k,29,lid_descending,145,calibration,16,False,16,24
sift_10k,29,lid_descending,146,train_design,10,False,10,24
sift_10k,29,lid_descending,147,train_design,10,False,10,24
sift_10k,29,lid_descending,148,train_design,32,False,24,24
sift_10k,29,lid_descending,149,train_design,16,False,24,24
sift_10k,29,lid_descending,150,train_design,10,False,16,24
sift_10k,29,lid_descending,151,train_design,10,False,10,24
sift_10k,29,lid_descending,152,train_design,10,False,10,24
sift_10k,29,lid_descending,153,calibration,24,False,24,24
sift_10k,29,lid_descending,154,calibration,32,False,10,24
sift_10k,29,lid_descending,155,calibration,10,False,16,24
sift_10k,29,lid_descending,156,internal_audit,10,False,16,24
sift_10k,29,lid_descending,157,train_design,24,False,24,24
sift_10k,29,lid_descending,158,internal_audit,10,False,10,24
sift_10k,29,lid_descending,159,calibration,10,False,10,24
sift_10k,29,lid_descending,160,train_design,24,False,24,24
sift_10k,29,lid_descending,161,internal_audit,10,False,16,24
sift_10k,29,lid_descending,162,internal_audit,10,False,10,24
sift_10k,29,lid_descending,163,internal_audit,16,False,24,24
sift_10k,29,lid_descending,164,train_design,10,False,24,24
sift_10k,29,lid_descending,165,calibration,10,False,10,24
sift_10k,29,lid_descending,166,train_design,10,False,10,24
sift_10k,29,lid_descending,167,train_design,10,False,16,24
sift_10k,29,lid_descending,168,train_design,10,False,10,24
sift_10k,29,lid_descending,169,train_design,10,False,16,24
sift_10k,29,lid_descending,170,calibration,10,False,10,24
sift_10k,29,lid_descending,171,train_design,10,False,10,24
sift_10k,29,lid_descending,172,train_design,96,False,16,24
sift_10k,29,lid_descending,173,internal_audit,10,False,24,24
sift_10k,29,lid_descending,174,train_design,10,False,10,24
sift_10k,29,lid_descending,175,train_design,16,False,16,24
sift_10k,29,lid_descending,176,calibration,10,False,16,24
sift_10k,29,lid_descending,177,train_design,10,False,10,24
sift_10k,29,lid_descending,178,train_design,10,False,16,24
sift_10k,29,lid_descending,179,internal_audit,24,False,24,24
sift_10k,29,lid_descending,180,internal_audit,10,False,10,24
sift_10k,29,lid_descending,181,calibration,10,False,10,24
sift_10k,29,lid_descending,182,train_design,10,False,24,24
sift_10k,29,lid_descending,183,train_design,16,False,16,24
sift_10k,29,lid_descending,184,train_design,24,False,24,24
sift_10k,29,lid_descending,185,calibration,10,False,10,24
sift_10k,29,lid_descending,186,calibration,10,False,24,24
sift_10k,29,lid_descending,187,train_design,32,False,24,24
sift_10k,29,lid_descending,188,train_design,10,False,10,24
sift_10k,29,lid_descending,189,internal_audit,24,False,24,24
sift_10k,29,lid_descending,190,train_design,10,False,24,24
sift_10k,29,lid_descending,191,internal_audit,16,False,16,24
sift_10k,29,lid_descending,192,calibration,10,False,10,24
sift_10k,29,lid_descending,193,train_design,10,False,16,24
sift_10k,29,lid_descending,194,internal_audit,16,False,16,24
sift_10k,29,lid_descending,195,calibration,16,False,16,24
sift_10k,29,lid_descending,196,calibration,10,False,10,24
sift_10k,29,lid_descending,197,calibration,10,False,16,24
sift_10k,29,lid_descending,198,train_design,10,False,10,24
sift_10k,29,lid_descending,199,internal_audit,48,False,10,24
sift_10k,29,lid_descending,200,train_design,10,False,10,24
sift_10k,29,lid_descending,201,calibration,64,False,16,24
sift_10k,29,lid_descending,202,internal_audit,10,False,10,24
sift_10k,29,lid_descending,203,internal_audit,10,False,10,24
sift_10k,29,lid_descending,204,train_design,10,False,10,24
sift_10k,29,lid_descending,205,train_design,16,False,24,24
sift_10k,29,lid_descending,206,calibration,10,False,10,24
sift_10k,29,lid_descending,207,internal_audit,16,False,24,24
sift_10k,29,lid_descending,208,train_design,16,False,16,24
sift_10k,29,lid_descending,209,internal_audit,24,False,24,24
sift_10k,29,lid_descending,210,internal_audit,10,False,10,24
sift_10k,29,lid_descending,211,train_design,16,False,16,24
sift_10k,29,lid_descending,212,internal_audit,24,False,24,24
sift_10k,29,lid_descending,213,train_design,10,False,10,24
sift_10k,29,lid_descending,214,internal_audit,16,False,16,24
sift_10k,29,lid_descending,215,internal_audit,48,False,24,24
sift_10k,29,lid_descending,216,internal_audit,10,False,10,24
sift_10k,29,lid_descending,217,train_design,10,False,10,24
sift_10k,29,lid_descending,218,calibration,10,False,10,24
sift_10k,29,lid_descending,219,calibration,24,False,24,24
sift_10k,29,lid_descending,220,calibration,16,False,16,24
sift_10k,29,lid_descending,221,train_design,24,False,24,24
sift_10k,29,lid_descending,222,train_design,10,False,10,24
sift_10k,29,lid_descending,223,train_design,10,False,10,24
sift_10k,29,lid_descending,224,internal_audit,16,False,16,24
sift_10k,29,lid_descending,225,train_design,32,False,24,24
sift_10k,29,lid_descending,226,internal_audit,10,False,10,24
sift_10k,29,lid_descending,227,train_design,10,False,16,24
sift_10k,29,lid_descending,228,train_design,16,False,24,24
sift_10k,29,lid_descending,229,train_design,10,False,10,24
sift_10k,29,lid_descending,230,train_design,10,False,10,24
sift_10k,29,lid_descending,231,train_design,16,False,24,24
sift_10k,29,lid_descending,232,internal_audit,24,False,24,24
sift_10k,29,lid_descending,233,internal_audit,10,False,24,24
sift_10k,29,lid_descending,234,train_design,10,False,16,24
sift_10k,29,lid_descending,235,internal_audit,10,False,24,24
sift_10k,29,lid_descending,236,internal_audit,10,False,24,24
sift_10k,29,lid_descending,237,calibration,16,False,24,24
sift_10k,29,lid_descending,238,train_design,10,False,10,24
sift_10k,29,lid_descending,239,calibration,10,False,16,24
sift_10k,29,lid_descending,240,train_design,16,False,16,24
sift_10k,29,lid_descending,241,internal_audit,32,False,16,24
sift_10k,29,lid_descending,242,calibration,10,False,10,24
sift_10k,29,lid_descending,243,train_design,10,False,24,24
sift_10k,29,lid_descending,244,train_design,10,False,10,24
sift_10k,29,lid_descending,245,train_design,10,False,10,24
sift_10k,29,lid_descending,246,train_design,16,False,16,24
sift_10k,29,lid_descending,247,train_design,10,False,16,24
sift_10k,29,lid_descending,248,calibration,10,False,10,24
sift_10k,29,lid_descending,249,calibration,16,False,16,24
sift_10k,29,lid_descending,250,internal_audit,10,False,10,24
sift_10k,29,lid_descending,251,calibration,10,False,10,24
sift_10k,29,lid_descending,252,calibration,10,False,10,24
sift_10k,29,lid_descending,253,train_design,16,False,24,24
sift_10k,29,lid_descending,254,train_design,10,False,10,24
sift_10k,29,lid_descending,255,train_design,24,False,24,24
sift_10k,29,lid_descending,256,calibration,32,False,16,24
sift_10k,29,lid_descending,257,internal_audit,10,False,10,24
sift_10k,29,lid_descending,258,train_design,10,False,24,24
sift_10k,29,lid_descending,259,train_design,10,False,10,24
sift_10k,29,lid_descending,260,calibration,10,False,10,24
sift_10k,29,lid_descending,261,train_design,16,False,16,24
sift_10k,29,lid_descending,262,calibration,10,False,10,24
sift_10k,29,lid_descending,263,internal_audit,10,False,10,24
sift_10k,29,lid_descending,264,internal_audit,10,False,10,24
sift_10k,29,lid_descending,265,train_design,10,False,10,24
sift_10k,29,lid_descending,266,calibration,16,False,16,24
sift_10k,29,lid_descending,267,train_design,10,False,16,24
sift_10k,29,lid_descending,268,internal_audit,10,False,10,24
sift_10k,29,lid_descending,269,calibration,16,False,16,24
sift_10k,29,lid_descending,270,calibration,16,False,16,24
sift_10k,29,lid_descending,271,internal_audit,10,False,10,24
sift_10k,29,lid_descending,272,train_design,10,False,16,24
sift_10k,29,lid_descending,273,train_design,10,False,10,24
sift_10k,29,lid_descending,274,internal_audit,16,False,16,24
sift_10k,29,lid_descending,275,train_design,24,False,24,24
sift_10k,29,lid_descending,276,calibration,10,False,16,24
sift_10k,29,lid_descending,277,calibration,16,False,16,24
sift_10k,29,lid_descending,278,calibration,10,False,10,24
sift_10k,29,lid_descending,279,train_design,10,False,10,24
sift_10k,29,lid_descending,280,train_design,10,False,10,24
sift_10k,29,lid_descending,281,train_design,16,False,16,24
sift_10k,29,lid_descending,282,train_design,16,False,16,24
sift_10k,29,lid_descending,283,calibration,16,False,16,24
sift_10k,29,lid_descending,284,internal_audit,32,False,16,24
sift_10k,29,lid_descending,285,train_design,16,False,16,24
sift_10k,29,lid_descending,286,calibration,10,False,16,24
sift_10k,29,lid_descending,287,train_design,16,False,16,24
sift_10k,29,lid_descending,288,train_design,10,False,16,24
sift_10k,29,lid_descending,289,internal_audit,16,False,24,24
sift_10k,29,lid_descending,290,train_design,48,False,10,24
sift_10k,29,lid_descending,291,train_design,10,False,10,24
sift_10k,29,lid_descending,292,train_design,10,False,10,24
sift_10k,29,lid_descending,293,internal_audit,16,False,24,24
sift_10k,29,lid_descending,294,train_design,10,False,10,24
sift_10k,29,lid_descending,295,internal_audit,10,False,10,24
sift_10k,29,lid_descending,296,train_design,10,False,10,24
sift_10k,29,lid_descending,297,train_design,16,False,16,24
sift_10k,29,lid_descending,298,train_design,64,False,24,24
sift_10k,29,lid_descending,299,internal_audit,10,False,10,24
sift_10k,29,lid_descending,300,train_design,10,False,10,24
sift_10k,29,lid_descending,301,train_design,10,False,10,24
sift_10k,29,lid_descending,302,train_design,16,False,24,24
sift_10k,29,lid_descending,303,calibration,10,False,10,24
sift_10k,29,lid_descending,304,calibration,16,False,16,24
sift_10k,29,lid_descending,305,train_design,10,False,24,24
sift_10k,29,lid_descending,306,internal_audit,10,False,10,24
sift_10k,29,lid_descending,307,train_design,10,False,10,24
sift_10k,29,lid_descending,308,internal_audit,16,False,16,24
sift_10k,29,lid_descending,309,train_design,10,False,16,24
sift_10k,29,lid_descending,310,train_design,10,False,10,24
sift_10k,29,lid_descending,311,internal_audit,10,False,10,24
sift_10k,29,lid_descending,312,train_design,16,False,16,24
sift_10k,29,lid_descending,313,train_design,10,False,10,24
sift_10k,29,lid_descending,314,internal_audit,16,False,16,24
sift_10k,29,lid_descending,315,calibration,10,False,16,24
sift_10k,29,lid_descending,316,calibration,10,False,10,24
sift_10k,29,lid_descending,317,internal_audit,10,False,24,24
sift_10k,29,lid_descending,318,train_design,10,False,24,24
sift_10k,29,lid_descending,319,calibration,16,False,24,24
sift_10k,29,lid_descending,320,internal_audit,32,False,24,24
sift_10k,29,lid_descending,321,train_design,10,False,10,24
sift_10k,29,lid_descending,322,internal_audit,16,False,16,24
sift_10k,29,lid_descending,323,train_design,32,False,24,24
sift_10k,29,lid_descending,324,calibration,16,False,16,24
sift_10k,29,lid_descending,325,train_design,10,False,24,24
sift_10k,29,lid_descending,326,train_design,10,False,10,24
sift_10k,29,lid_descending,327,train_design,10,False,16,24
sift_10k,29,lid_descending,328,calibration,10,False,16,24
sift_10k,29,lid_descending,329,calibration,16,False,16,24
sift_10k,29,lid_descending,330,calibration,10,False,10,24
sift_10k,29,lid_descending,331,train_design,16,False,16,24
sift_10k,29,lid_descending,332,train_design,10,False,16,24
sift_10k,29,lid_descending,333,train_design,24,False,24,24
sift_10k,29,lid_descending,334,train_design,10,False,16,24
sift_10k,29,lid_descending,335,internal_audit,10,False,16,24
sift_10k,29,lid_descending,336,train_design,32,False,10,24
sift_10k,29,lid_descending,337,calibration,10,False,10,24
sift_10k,29,lid_descending,338,calibration,10,False,10,24
sift_10k,29,lid_descending,339,internal_audit,24,False,24,24
sift_10k,29,lid_descending,340,calibration,10,False,10,24
sift_10k,29,lid_descending,341,internal_audit,24,False,24,24
sift_10k,29,lid_descending,342,calibration,10,False,10,24
sift_10k,29,lid_descending,343,internal_audit,10,False,10,24
sift_10k,29,lid_descending,344,calibration,10,False,16,24
sift_10k,29,lid_descending,345,train_design,24,False,24,24
sift_10k,29,lid_descending,346,train_design,32,False,10,24
sift_10k,29,lid_descending,347,train_design,10,False,10,24
sift_10k,29,lid_descending,348,train_design,10,False,24,24
sift_10k,29,lid_descending,349,train_design,16,False,16,24
sift_10k,29,lid_descending,350,internal_audit,48,False,16,24
sift_10k,29,lid_descending,351,internal_audit,10,False,24,24
sift_10k,29,lid_descending,352,train_design,10,False,16,24
sift_10k,29,lid_descending,353,calibration,10,False,10,24
sift_10k,29,lid_descending,354,calibration,16,False,24,24
sift_10k,29,lid_descending,355,internal_audit,10,False,10,24
sift_10k,29,lid_descending,356,train_design,10,False,16,24
sift_10k,29,lid_descending,357,internal_audit,10,False,10,24
sift_10k,29,lid_descending,358,train_design,10,False,10,24
sift_10k,29,lid_descending,359,train_design,10,False,10,24
sift_10k,29,lid_descending,360,train_design,10,False,16,24
sift_10k,29,lid_descending,361,calibration,10,False,10,24
sift_10k,29,lid_descending,362,train_design,10,False,24,24
sift_10k,29,lid_descending,363,train_design,10,False,10,24
sift_10k,29,lid_descending,364,internal_audit,10,False,16,24
sift_10k,29,lid_descending,365,train_design,24,False,24,24
sift_10k,29,lid_descending,366,train_design,48,False,16,24
sift_10k,29,lid_descending,367,train_design,10,False,24,24
sift_10k,29,lid_descending,368,calibration,16,False,24,24
sift_10k,29,lid_descending,369,internal_audit,16,False,16,24
sift_10k,29,lid_descending,370,calibration,16,False,16,24
sift_10k,29,lid_descending,371,train_design,10,False,24,24
sift_10k,29,lid_descending,372,internal_audit,24,False,24,24
sift_10k,29,lid_descending,373,train_design,10,False,24,24
sift_10k,29,lid_descending,374,internal_audit,10,False,16,24
sift_10k,29,lid_descending,375,train_design,10,False,10,24
sift_10k,29,lid_descending,376,train_design,24,False,24,24
sift_10k,29,lid_descending,377,train_design,10,False,16,24
sift_10k,29,lid_descending,378,calibration,10,False,10,24
sift_10k,29,lid_descending,379,train_design,10,False,10,24
sift_10k,29,lid_descending,380,train_design,16,False,16,24
sift_10k,29,lid_descending,381,internal_audit,10,False,24,24
sift_10k,29,lid_descending,382,internal_audit,24,False,24,24
sift_10k,29,lid_descending,383,internal_audit,10,False,10,24
sift_10k,29,lid_descending,384,train_design,10,False,16,24
sift_10k,29,lid_descending,385,train_design,32,False,16,24
sift_10k,29,lid_descending,386,train_design,24,False,24,24
sift_10k,29,lid_descending,387,train_design,16,False,16,24
sift_10k,29,lid_descending,388,train_design,10,False,10,24
sift_10k,29,lid_descending,389,train_design,10,False,24,24
sift_10k,29,lid_descending,390,internal_audit,10,False,24,24
sift_10k,29,lid_descending,391,internal_audit,10,False,24,24
sift_10k,29,lid_descending,392,train_design,10,False,24,24
sift_10k,29,lid_descending,393,calibration,32,False,24,24
sift_10k,29,lid_descending,394,calibration,10,False,10,24
sift_10k,29,lid_descending,395,train_design,24,False,24,24
sift_10k,29,lid_descending,396,train_design,10,False,10,24
sift_10k,29,lid_descending,397,internal_audit,10,False,10,24
sift_10k,29,lid_descending,398,internal_audit,10,False,10,24
sift_10k,29,lid_descending,399,calibration,10,False,10,24
sift_10k,29,lid_descending,400,train_design,10,False,16,24
sift_10k,29,lid_descending,401,train_design,10,False,10,24
sift_10k,29,lid_descending,402,calibration,16,False,16,24
sift_10k,29,lid_descending,403,calibration,10,False,10,24
sift_10k,29,lid_descending,404,calibration,10,False,16,24
sift_10k,29,lid_descending,405,train_design,24,False,24,24
sift_10k,29,lid_descending,406,train_design,10,False,10,24
sift_10k,29,lid_descending,407,calibration,10,False,10,24
sift_10k,29,lid_descending,408,internal_audit,10,False,10,24
sift_10k,29,lid_descending,409,train_design,10,False,16,24
sift_10k,29,lid_descending,410,calibration,16,False,16,24
sift_10k,29,lid_descending,411,train_design,16,False,16,24
sift_10k,29,lid_descending,412,train_design,16,False,16,24
sift_10k,29,lid_descending,413,calibration,10,False,10,24
sift_10k,29,lid_descending,414,internal_audit,10,False,10,24
sift_10k,29,lid_descending,415,internal_audit,10,False,10,24
sift_10k,29,lid_descending,416,calibration,10,False,10,24
sift_10k,29,lid_descending,417,train_design,10,False,16,24
sift_10k,29,lid_descending,418,calibration,10,False,16,24
sift_10k,29,lid_descending,419,train_design,10,False,10,24
sift_10k,29,lid_descending,420,calibration,24,False,24,24
sift_10k,29,lid_descending,421,train_design,10,False,10,24
sift_10k,29,lid_descending,422,train_design,16,False,16,24
sift_10k,29,lid_descending,423,train_design,10,False,10,24
sift_10k,29,lid_descending,424,train_design,10,False,10,24
sift_10k,29,lid_descending,425,train_design,10,False,10,24
sift_10k,29,lid_descending,426,train_design,10,False,10,24
sift_10k,29,lid_descending,427,train_design,16,False,16,24
sift_10k,29,lid_descending,428,internal_audit,10,False,16,24
sift_10k,29,lid_descending,429,internal_audit,24,False,24,24
sift_10k,29,lid_descending,430,train_design,10,False,10,24
sift_10k,29,lid_descending,431,train_design,10,False,10,24
sift_10k,29,lid_descending,432,train_design,10,False,10,24
sift_10k,29,lid_descending,433,calibration,10,False,16,24
sift_10k,29,lid_descending,434,train_design,16,False,16,24
sift_10k,29,lid_descending,435,train_design,16,False,16,24
sift_10k,29,lid_descending,436,train_design,16,False,16,24
sift_10k,29,lid_descending,437,internal_audit,10,False,16,24
sift_10k,29,lid_descending,438,internal_audit,10,False,10,24
sift_10k,29,lid_descending,439,internal_audit,10,False,10,24
sift_10k,29,lid_descending,440,calibration,16,False,16,24
sift_10k,29,lid_descending,441,calibration,24,False,24,24
sift_10k,29,lid_descending,442,internal_audit,24,False,24,24
sift_10k,29,lid_descending,443,train_design,10,False,16,24
sift_10k,29,lid_descending,444,internal_audit,10,False,10,24
sift_10k,29,lid_descending,445,calibration,16,False,24,24
sift_10k,29,lid_descending,446,train_design,16,False,24,24
sift_10k,29,lid_descending,447,calibration,16,False,16,24
sift_10k,29,lid_descending,448,train_design,10,False,24,24
sift_10k,29,lid_descending,449,calibration,16,False,24,24
sift_10k,29,lid_descending,450,train_design,16,False,24,24
sift_10k,29,lid_descending,451,calibration,16,False,24,24
sift_10k,29,lid_descending,452,calibration,10,False,24,24
sift_10k,29,lid_descending,453,train_design,16,False,16,24
sift_10k,29,lid_descending,454,train_design,16,False,16,24
sift_10k,29,lid_descending,455,train_design,10,False,10,24
sift_10k,29,lid_descending,456,train_design,10,False,16,24
sift_10k,29,lid_descending,457,train_design,10,False,10,24
sift_10k,29,lid_descending,458,internal_audit,10,False,10,24
sift_10k,29,lid_descending,459,internal_audit,10,False,24,24
sift_10k,29,lid_descending,460,train_design,10,False,10,24
sift_10k,29,lid_descending,461,train_design,10,False,10,24
sift_10k,29,lid_descending,462,calibration,10,False,24,24
sift_10k,29,lid_descending,463,train_design,10,False,10,24
sift_10k,29,lid_descending,464,train_design,16,False,16,24
sift_10k,29,lid_descending,465,train_design,10,False,10,24
sift_10k,29,lid_descending,466,train_design,10,False,16,24
sift_10k,29,lid_descending,467,internal_audit,10,False,10,24
sift_10k,29,lid_descending,468,train_design,10,False,10,24
sift_10k,29,lid_descending,469,train_design,10,False,10,24
sift_10k,29,lid_descending,470,train_design,16,False,16,24
sift_10k,29,lid_descending,471,internal_audit,16,False,16,24
sift_10k,29,lid_descending,472,train_design,10,False,10,24
sift_10k,29,lid_descending,473,train_design,10,False,10,24
sift_10k,29,lid_descending,474,train_design,10,False,10,24
sift_10k,29,lid_descending,475,train_design,10,False,16,24
sift_10k,29,lid_descending,476,internal_audit,10,False,24,24
sift_10k,29,lid_descending,477,train_design,10,False,10,24
sift_10k,29,lid_descending,478,train_design,10,False,16,24
sift_10k,29,lid_descending,479,train_design,10,False,10,24
sift_10k,29,lid_descending,480,train_design,48,False,24,24
sift_10k,29,lid_descending,481,train_design,16,False,16,24
sift_10k,29,lid_descending,482,internal_audit,32,False,24,24
sift_10k,29,lid_descending,483,train_design,10,False,10,24
sift_10k,29,lid_descending,484,train_design,10,False,16,24
sift_10k,29,lid_descending,485,calibration,10,False,16,24
sift_10k,29,lid_descending,486,internal_audit,10,False,10,24
sift_10k,29,lid_descending,487,internal_audit,10,False,10,24
sift_10k,29,lid_descending,488,calibration,10,False,10,24
sift_10k,29,lid_descending,489,train_design,10,False,10,24
sift_10k,29,lid_descending,490,calibration,10,False,10,24
sift_10k,29,lid_descending,491,internal_audit,16,False,16,24
sift_10k,29,lid_descending,492,train_design,10,False,24,24
sift_10k,29,lid_descending,493,calibration,16,False,16,24
sift_10k,29,lid_descending,494,train_design,24,False,24,24
sift_10k,29,lid_descending,495,train_design,16,False,16,24
sift_10k,29,lid_descending,496,train_design,16,False,16,24
sift_10k,29,lid_descending,497,train_design,10,False,16,24
sift_10k,29,lid_descending,498,calibration,10,False,16,24
sift_10k,29,lid_descending,499,train_design,16,False,24,24
sift_10k,29,random,0,train_design,10,False,10,24
sift_10k,29,random,1,train_design,10,False,10,24
sift_10k,29,random,2,calibration,24,False,24,24
sift_10k,29,random,3,calibration,16,False,16,24
sift_10k,29,random,4,internal_audit,10,False,10,24
sift_10k,29,random,5,calibration,10,False,10,24
sift_10k,29,random,6,train_design,16,False,16,24
sift_10k,29,random,7,internal_audit,10,False,16,24
sift_10k,29,random,8,train_design,16,False,16,24
sift_10k,29,random,9,train_design,10,False,10,24
sift_10k,29,random,10,train_design,16,False,16,24
sift_10k,29,random,11,internal_audit,10,False,10,24
sift_10k,29,random,12,train_design,10,False,10,24
sift_10k,29,random,13,internal_audit,10,False,24,24
sift_10k,29,random,14,train_design,16,False,16,24
sift_10k,29,random,15,internal_audit,10,False,10,24
sift_10k,29,random,16,calibration,10,False,16,24
sift_10k,29,random,17,internal_audit,16,False,16,24
sift_10k,29,random,18,calibration,10,False,10,24
sift_10k,29,random,19,train_design,10,False,10,24
sift_10k,29,random,20,train_design,24,False,24,24
sift_10k,29,random,21,internal_audit,16,False,16,24
sift_10k,29,random,22,train_design,10,False,10,24
sift_10k,29,random,23,internal_audit,16,False,24,24
sift_10k,29,random,24,calibration,16,False,16,24
sift_10k,29,random,25,train_design,10,False,10,24
sift_10k,29,random,26,calibration,16,False,16,24
sift_10k,29,random,27,calibration,16,False,16,24
sift_10k,29,random,28,train_design,10,False,10,24
sift_10k,29,random,29,calibration,10,False,10,24
sift_10k,29,random,30,internal_audit,16,False,24,24
sift_10k,29,random,31,train_design,16,False,16,24
sift_10k,29,random,32,train_design,16,False,16,24
sift_10k,29,random,33,calibration,10,False,10,24
sift_10k,29,random,34,internal_audit,10,False,16,24
sift_10k,29,random,35,train_design,10,False,10,24
sift_10k,29,random,36,internal_audit,10,False,10,24
sift_10k,29,random,37,train_design,10,False,24,24
sift_10k,29,random,38,internal_audit,10,False,24,24
sift_10k,29,random,39,calibration,16,False,16,24
sift_10k,29,random,40,train_design,10,False,24,24
sift_10k,29,random,41,internal_audit,16,False,24,24
sift_10k,29,random,42,train_design,10,False,24,24
sift_10k,29,random,43,train_design,10,False,10,24
sift_10k,29,random,44,train_design,10,False,24,24
sift_10k,29,random,45,internal_audit,10,False,24,24
sift_10k,29,random,46,calibration,32,False,16,24
sift_10k,29,random,47,train_design,32,False,10,24
sift_10k,29,random,48,train_design,32,False,10,24
sift_10k,29,random,49,internal_audit,10,False,10,24
sift_10k,29,random,50,train_design,10,False,10,24
sift_10k,29,random,51,calibration,10,False,10,24
sift_10k,29,random,52,calibration,16,False,16,24
sift_10k,29,random,53,train_design,10,False,16,24
sift_10k,29,random,54,train_design,10,False,16,24
sift_10k,29,random,55,calibration,16,False,16,24
sift_10k,29,random,56,train_design,10,False,10,24
sift_10k,29,random,57,calibration,32,False,10,24
sift_10k,29,random,58,calibration,10,False,10,24
sift_10k,29,random,59,calibration,10,False,24,24
sift_10k,29,random,60,train_design,32,False,10,24
sift_10k,29,random,61,train_design,10,False,10,24
sift_10k,29,random,62,train_design,10,False,24,24
sift_10k,29,random,63,internal_audit,10,False,10,24
sift_10k,29,random,64,train_design,24,False,24,24
sift_10k,29,random,65,calibration,10,False,10,24
sift_10k,29,random,66,calibration,16,False,24,24
sift_10k,29,random,67,train_design,10,False,10,24
sift_10k,29,random,68,calibration,10,False,16,24
sift_10k,29,random,69,calibration,10,False,10,24
sift_10k,29,random,70,train_design,10,False,10,24
sift_10k,29,random,71,calibration,10,False,10,24
sift_10k,29,random,72,train_design,10,False,10,24
sift_10k,29,random,73,internal_audit,10,False,10,24
sift_10k,29,random,74,calibration,10,False,10,24
sift_10k,29,random,75,train_design,10,False,16,24
sift_10k,29,random,76,train_design,16,False,16,24
sift_10k,29,random,77,calibration,10,False,10,24
sift_10k,29,random,78,calibration,16,False,24,24
sift_10k,29,random,79,calibration,10,False,10,24
sift_10k,29,random,80,train_design,10,False,16,24
sift_10k,29,random,81,internal_audit,10,False,16,24
sift_10k,29,random,82,train_design,10,False,10,24
sift_10k,29,random,83,train_design,10,False,10,24
sift_10k,29,random,84,train_design,10,False,10,24
sift_10k,29,random,85,internal_audit,16,False,24,24
sift_10k,29,random,86,internal_audit,10,False,16,24
sift_10k,29,random,87,calibration,10,False,16,24
sift_10k,29,random,88,internal_audit,10,False,10,24
sift_10k,29,random,89,train_design,10,False,10,24
sift_10k,29,random,90,calibration,10,False,10,24
sift_10k,29,random,91,train_design,16,False,16,24
sift_10k,29,random,92,internal_audit,10,False,24,24
sift_10k,29,random,93,internal_audit,10,False,16,24
sift_10k,29,random,94,calibration,10,False,10,24
sift_10k,29,random,95,train_design,10,False,10,24
sift_10k,29,random,96,internal_audit,16,False,16,24
sift_10k,29,random,97,calibration,10,False,10,24
sift_10k,29,random,98,train_design,10,False,24,24
sift_10k,29,random,99,internal_audit,10,False,10,24
sift_10k,29,random,100,train_design,10,False,10,24
sift_10k,29,random,101,calibration,10,False,10,24
sift_10k,29,random,102,train_design,10,False,10,24
sift_10k,29,random,103,calibration,10,False,10,24
sift_10k,29,random,104,internal_audit,10,False,10,24
sift_10k,29,random,105,calibration,10,False,10,24
sift_10k,29,random,106,train_design,10,False,10,24
sift_10k,29,random,107,train_design,10,False,10,24
sift_10k,29,random,108,train_design,24,False,24,24
sift_10k,29,random,109,internal_audit,10,False,10,24
sift_10k,29,random,110,calibration,10,False,10,24
sift_10k,29,random,111,train_design,16,False,16,24
sift_10k,29,random,112,train_design,64,False,10,24
sift_10k,29,random,113,calibration,10,False,24,24
sift_10k,29,random,114,internal_audit,10,False,16,24
sift_10k,29,random,115,internal_audit,10,False,16,24
sift_10k,29,random,116,train_design,10,False,10,24
sift_10k,29,random,117,train_design,24,False,24,24
sift_10k,29,random,118,internal_audit,10,False,10,24
sift_10k,29,random,119,calibration,10,False,10,24
sift_10k,29,random,120,internal_audit,16,False,24,24
sift_10k,29,random,121,train_design,24,False,24,24
sift_10k,29,random,122,calibration,24,False,24,24
sift_10k,29,random,123,train_design,10,False,10,24
sift_10k,29,random,124,train_design,10,False,16,24
sift_10k,29,random,125,internal_audit,16,False,16,24
sift_10k,29,random,126,internal_audit,10,False,10,24
sift_10k,29,random,127,train_design,24,False,24,24
sift_10k,29,random,128,internal_audit,10,False,10,24
sift_10k,29,random,129,calibration,24,False,24,24
sift_10k,29,random,130,internal_audit,24,False,24,24
sift_10k,29,random,131,train_design,10,False,10,24
sift_10k,29,random,132,calibration,10,False,10,24
sift_10k,29,random,133,train_design,16,False,24,24
sift_10k,29,random,134,internal_audit,16,False,16,24
sift_10k,29,random,135,internal_audit,24,False,24,24
sift_10k,29,random,136,train_design,10,False,10,24
sift_10k,29,random,137,train_design,48,False,24,24
sift_10k,29,random,138,train_design,24,False,24,24
sift_10k,29,random,139,train_design,10,False,16,24
sift_10k,29,random,140,internal_audit,10,False,10,24
sift_10k,29,random,141,calibration,10,False,10,24
sift_10k,29,random,142,internal_audit,32,False,10,24
sift_10k,29,random,143,train_design,10,False,10,24
sift_10k,29,random,144,internal_audit,10,False,10,24
sift_10k,29,random,145,calibration,32,False,10,24
sift_10k,29,random,146,train_design,10,False,24,24
sift_10k,29,random,147,train_design,10,False,16,24
sift_10k,29,random,148,train_design,48,False,24,24
sift_10k,29,random,149,train_design,24,False,24,24
sift_10k,29,random,150,train_design,10,False,24,24
sift_10k,29,random,151,train_design,10,False,10,24
sift_10k,29,random,152,train_design,10,False,16,24
sift_10k,29,random,153,calibration,16,False,24,24
sift_10k,29,random,154,calibration,10,False,10,24
sift_10k,29,random,155,calibration,16,False,16,24
sift_10k,29,random,156,internal_audit,16,False,16,24
sift_10k,29,random,157,train_design,16,False,16,24
sift_10k,29,random,158,internal_audit,10,False,16,24
sift_10k,29,random,159,calibration,24,False,24,24
sift_10k,29,random,160,train_design,10,False,10,24
sift_10k,29,random,161,internal_audit,24,False,24,24
sift_10k,29,random,162,internal_audit,10,False,10,24
sift_10k,29,random,163,internal_audit,32,False,10,24
sift_10k,29,random,164,train_design,24,False,24,24
sift_10k,29,random,165,calibration,10,False,10,24
sift_10k,29,random,166,train_design,10,False,10,24
sift_10k,29,random,167,train_design,10,False,16,24
sift_10k,29,random,168,train_design,10,False,10,24
sift_10k,29,random,169,train_design,10,False,16,24
sift_10k,29,random,170,calibration,24,False,24,24
sift_10k,29,random,171,train_design,10,False,16,24
sift_10k,29,random,172,train_design,24,False,24,24
sift_10k,29,random,173,internal_audit,10,False,10,24
sift_10k,29,random,174,train_design,10,False,16,24
sift_10k,29,random,175,train_design,10,False,16,24
sift_10k,29,random,176,calibration,16,False,16,24
sift_10k,29,random,177,train_design,10,False,10,24
sift_10k,29,random,178,train_design,16,False,16,24
sift_10k,29,random,179,internal_audit,48,False,10,24
sift_10k,29,random,180,internal_audit,10,False,10,24
sift_10k,29,random,181,calibration,10,False,10,24
sift_10k,29,random,182,train_design,24,False,24,24
sift_10k,29,random,183,train_design,10,False,10,24
sift_10k,29,random,184,train_design,10,False,24,24
sift_10k,29,random,185,calibration,10,False,10,24
sift_10k,29,random,186,calibration,24,False,24,24
sift_10k,29,random,187,train_design,32,False,24,24
sift_10k,29,random,188,train_design,10,False,10,24
sift_10k,29,random,189,internal_audit,10,False,24,24
sift_10k,29,random,190,train_design,24,False,24,24
sift_10k,29,random,191,internal_audit,24,False,24,24
sift_10k,29,random,192,calibration,10,False,10,24
sift_10k,29,random,193,train_design,10,False,16,24
sift_10k,29,random,194,internal_audit,24,False,24,24
sift_10k,29,random,195,calibration,24,False,24,24
sift_10k,29,random,196,calibration,16,False,24,24
sift_10k,29,random,197,calibration,16,False,16,24
sift_10k,29,random,198,train_design,10,False,10,24
sift_10k,29,random,199,internal_audit,10,False,10,24
sift_10k,29,random,200,train_design,10,False,10,24
sift_10k,29,random,201,calibration,10,False,10,24
sift_10k,29,random,202,internal_audit,16,False,16,24
sift_10k,29,random,203,internal_audit,10,False,10,24
sift_10k,29,random,204,train_design,10,False,10,24
sift_10k,29,random,205,train_design,10,False,16,24
sift_10k,29,random,206,calibration,10,False,10,24
sift_10k,29,random,207,internal_audit,24,False,24,24
sift_10k,29,random,208,train_design,10,False,10,24
sift_10k,29,random,209,internal_audit,24,False,24,24
sift_10k,29,random,210,internal_audit,10,False,10,24
sift_10k,29,random,211,train_design,16,False,16,24
sift_10k,29,random,212,internal_audit,24,False,24,24
sift_10k,29,random,213,train_design,10,False,10,24
sift_10k,29,random,214,internal_audit,48,False,16,24
sift_10k,29,random,215,internal_audit,48,False,16,24
sift_10k,29,random,216,internal_audit,16,False,16,24
sift_10k,29,random,217,train_design,10,False,10,24
sift_10k,29,random,218,calibration,10,False,10,24
sift_10k,29,random,219,calibration,10,False,10,24
sift_10k,29,random,220,calibration,10,False,10,24
sift_10k,29,random,221,train_design,10,False,10,24
sift_10k,29,random,222,train_design,10,False,10,24
sift_10k,29,random,223,train_design,10,False,10,24
sift_10k,29,random,224,internal_audit,24,False,24,24
sift_10k,29,random,225,train_design,384,False,24,24
sift_10k,29,random,226,internal_audit,10,False,10,24
sift_10k,29,random,227,train_design,10,False,10,24
sift_10k,29,random,228,train_design,24,False,24,24
sift_10k,29,random,229,train_design,10,False,10,24
sift_10k,29,random,230,train_design,10,False,10,24
sift_10k,29,random,231,train_design,16,False,16,24
sift_10k,29,random,232,internal_audit,16,False,16,24
sift_10k,29,random,233,internal_audit,10,False,24,24
sift_10k,29,random,234,train_design,16,False,24,24
sift_10k,29,random,235,internal_audit,10,False,16,24
sift_10k,29,random,236,internal_audit,16,False,24,24
sift_10k,29,random,237,calibration,16,False,16,24
sift_10k,29,random,238,train_design,10,False,16,24
sift_10k,29,random,239,calibration,16,False,16,24
sift_10k,29,random,240,train_design,16,False,24,24
sift_10k,29,random,241,internal_audit,96,False,16,24
sift_10k,29,random,242,calibration,10,False,10,24
sift_10k,29,random,243,train_design,10,False,10,24
sift_10k,29,random,244,train_design,10,False,16,24
sift_10k,29,random,245,train_design,16,False,16,24
sift_10k,29,random,246,train_design,16,False,24,24
sift_10k,29,random,247,train_design,10,False,16,24
sift_10k,29,random,248,calibration,10,False,10,24
sift_10k,29,random,249,calibration,16,False,16,24
sift_10k,29,random,250,internal_audit,10,False,10,24
sift_10k,29,random,251,calibration,10,False,16,24
sift_10k,29,random,252,calibration,10,False,10,24
sift_10k,29,random,253,train_design,10,False,10,24
sift_10k,29,random,254,train_design,10,False,10,24
sift_10k,29,random,255,train_design,24,False,24,24
sift_10k,29,random,256,calibration,48,False,24,24
sift_10k,29,random,257,internal_audit,10,False,10,24
sift_10k,29,random,258,train_design,10,False,10,24
sift_10k,29,random,259,train_design,10,False,10,24
sift_10k,29,random,260,calibration,10,False,10,24
sift_10k,29,random,261,train_design,32,False,16,24
sift_10k,29,random,262,calibration,10,False,10,24
sift_10k,29,random,263,internal_audit,10,False,16,24
sift_10k,29,random,264,internal_audit,10,False,10,24
sift_10k,29,random,265,train_design,10,False,10,24
sift_10k,29,random,266,calibration,16,False,16,24
sift_10k,29,random,267,train_design,10,False,10,24
sift_10k,29,random,268,internal_audit,24,False,24,24
sift_10k,29,random,269,calibration,16,False,16,24
sift_10k,29,random,270,calibration,10,False,16,24
sift_10k,29,random,271,internal_audit,10,False,10,24
sift_10k,29,random,272,train_design,10,False,16,24
sift_10k,29,random,273,train_design,16,False,16,24
sift_10k,29,random,274,internal_audit,10,False,24,24
sift_10k,29,random,275,train_design,16,False,16,24
sift_10k,29,random,276,calibration,16,False,16,24
sift_10k,29,random,277,calibration,24,False,24,24
sift_10k,29,random,278,calibration,10,False,10,24
sift_10k,29,random,279,train_design,10,False,10,24
sift_10k,29,random,280,train_design,10,False,24,24
sift_10k,29,random,281,train_design,16,False,16,24
sift_10k,29,random,282,train_design,16,False,24,24
sift_10k,29,random,283,calibration,10,False,24,24
sift_10k,29,random,284,internal_audit,32,False,10,24
sift_10k,29,random,285,train_design,24,False,24,24
sift_10k,29,random,286,calibration,10,False,10,24
sift_10k,29,random,287,train_design,16,False,16,24
sift_10k,29,random,288,train_design,16,False,16,24
sift_10k,29,random,289,internal_audit,32,False,10,24
sift_10k,29,random,290,train_design,24,False,24,24
sift_10k,29,random,291,train_design,16,False,24,24
sift_10k,29,random,292,train_design,10,False,10,24
sift_10k,29,random,293,internal_audit,10,False,10,24
sift_10k,29,random,294,train_design,10,False,10,24
sift_10k,29,random,295,internal_audit,10,False,10,24
sift_10k,29,random,296,train_design,10,False,24,24
sift_10k,29,random,297,train_design,10,False,24,24
sift_10k,29,random,298,train_design,24,False,24,24
sift_10k,29,random,299,internal_audit,10,False,10,24
sift_10k,29,random,300,train_design,10,False,16,24
sift_10k,29,random,301,train_design,10,False,10,24
sift_10k,29,random,302,train_design,16,False,16,24
sift_10k,29,random,303,calibration,10,False,10,24
sift_10k,29,random,304,calibration,24,False,24,24
sift_10k,29,random,305,train_design,10,False,10,24
sift_10k,29,random,306,internal_audit,10,False,16,24
sift_10k,29,random,307,train_design,10,False,10,24
sift_10k,29,random,308,internal_audit,24,False,24,24
sift_10k,29,random,309,train_design,10,False,16,24
sift_10k,29,random,310,train_design,10,False,10,24
sift_10k,29,random,311,internal_audit,10,False,10,24
sift_10k,29,random,312,train_design,16,False,16,24
sift_10k,29,random,313,train_design,10,False,10,24
sift_10k,29,random,314,internal_audit,10,False,24,24
sift_10k,29,random,315,calibration,10,False,24,24
sift_10k,29,random,316,calibration,10,False,10,24
sift_10k,29,random,317,internal_audit,10,False,24,24
sift_10k,29,random,318,train_design,10,False,24,24
sift_10k,29,random,319,calibration,10,False,24,24
sift_10k,29,random,320,internal_audit,24,False,24,24
sift_10k,29,random,321,train_design,10,False,10,24
sift_10k,29,random,322,internal_audit,10,False,10,24
sift_10k,29,random,323,train_design,16,False,16,24
sift_10k,29,random,324,calibration,10,False,10,24
sift_10k,29,random,325,train_design,10,False,10,24
sift_10k,29,random,326,train_design,10,False,10,24
sift_10k,29,random,327,train_design,16,False,24,24
sift_10k,29,random,328,calibration,10,False,16,24
sift_10k,29,random,329,calibration,10,False,16,24
sift_10k,29,random,330,calibration,24,False,24,24
sift_10k,29,random,331,train_design,10,False,16,24
sift_10k,29,random,332,train_design,10,False,10,24
sift_10k,29,random,333,train_design,16,False,16,24
sift_10k,29,random,334,train_design,10,False,10,24
sift_10k,29,random,335,internal_audit,10,False,16,24
sift_10k,29,random,336,train_design,10,False,16,24
sift_10k,29,random,337,calibration,10,False,10,24
sift_10k,29,random,338,calibration,10,False,10,24
sift_10k,29,random,339,internal_audit,10,False,10,24
sift_10k,29,random,340,calibration,10,False,10,24
sift_10k,29,random,341,internal_audit,16,False,16,24
sift_10k,29,random,342,calibration,10,False,24,24
sift_10k,29,random,343,internal_audit,10,False,10,24
sift_10k,29,random,344,calibration,10,False,10,24
sift_10k,29,random,345,train_design,24,False,24,24
sift_10k,29,random,346,train_design,10,False,10,24
sift_10k,29,random,347,train_design,10,False,10,24
sift_10k,29,random,348,train_design,10,False,10,24
sift_10k,29,random,349,train_design,24,False,24,24
sift_10k,29,random,350,internal_audit,24,False,24,24
sift_10k,29,random,351,internal_audit,16,False,16,24
sift_10k,29,random,352,train_design,10,False,16,24
sift_10k,29,random,353,calibration,10,False,10,24
sift_10k,29,random,354,calibration,16,False,16,24
sift_10k,29,random,355,internal_audit,10,False,10,24
sift_10k,29,random,356,train_design,10,False,16,24
sift_10k,29,random,357,internal_audit,10,False,10,24
sift_10k,29,random,358,train_design,10,False,16,24
sift_10k,29,random,359,train_design,10,False,16,24
sift_10k,29,random,360,train_design,10,False,16,24
sift_10k,29,random,361,calibration,10,False,10,24
sift_10k,29,random,362,train_design,10,False,10,24
sift_10k,29,random,363,train_design,16,False,24,24
sift_10k,29,random,364,internal_audit,10,False,10,24
sift_10k,29,random,365,train_design,10,False,16,24
sift_10k,29,random,366,train_design,32,False,10,24
sift_10k,29,random,367,train_design,32,False,16,24
sift_10k,29,random,368,calibration,48,False,24,24
sift_10k,29,random,369,internal_audit,32,False,10,24
sift_10k,29,random,370,calibration,16,False,16,24
sift_10k,29,random,371,train_design,10,False,24,24
sift_10k,29,random,372,internal_audit,10,False,24,24
sift_10k,29,random,373,train_design,10,False,10,24
sift_10k,29,random,374,internal_audit,10,False,16,24
sift_10k,29,random,375,train_design,10,False,10,24
sift_10k,29,random,376,train_design,64,False,16,24
sift_10k,29,random,377,train_design,16,False,24,24
sift_10k,29,random,378,calibration,24,False,24,24
sift_10k,29,random,379,train_design,10,False,16,24
sift_10k,29,random,380,train_design,16,False,24,24
sift_10k,29,random,381,internal_audit,16,False,16,24
sift_10k,29,random,382,internal_audit,24,False,24,24
sift_10k,29,random,383,internal_audit,10,False,10,24
sift_10k,29,random,384,train_design,16,False,16,24
sift_10k,29,random,385,train_design,24,False,24,24
sift_10k,29,random,386,train_design,24,False,24,24
sift_10k,29,random,387,train_design,10,False,10,24
sift_10k,29,random,388,train_design,10,False,16,24
sift_10k,29,random,389,train_design,24,False,24,24
sift_10k,29,random,390,internal_audit,16,False,16,24
sift_10k,29,random,391,internal_audit,10,False,24,24
sift_10k,29,random,392,train_design,10,False,10,24
sift_10k,29,random,393,calibration,16,False,16,24
sift_10k,29,random,394,calibration,10,False,10,24
sift_10k,29,random,395,train_design,10,False,10,24
sift_10k,29,random,396,train_design,24,False,24,24
sift_10k,29,random,397,internal_audit,10,False,10,24
sift_10k,29,random,398,internal_audit,10,False,10,24
sift_10k,29,random,399,calibration,10,False,10,24
sift_10k,29,random,400,train_design,32,False,16,24
sift_10k,29,random,401,train_design,10,False,10,24
sift_10k,29,random,402,calibration,16,False,24,24
sift_10k,29,random,403,calibration,10,False,16,24
sift_10k,29,random,404,calibration,10,False,10,24
sift_10k,29,random,405,train_design,10,False,24,24
sift_10k,29,random,406,train_design,10,False,24,24
sift_10k,29,random,407,calibration,10,False,16,24
sift_10k,29,random,408,internal_audit,10,False,16,24
sift_10k,29,random,409,train_design,10,False,16,24
sift_10k,29,random,410,calibration,24,False,24,24
sift_10k,29,random,411,train_design,16,False,24,24
sift_10k,29,random,412,train_design,16,False,16,24
sift_10k,29,random,413,calibration,10,False,10,24
sift_10k,29,random,414,internal_audit,10,False,10,24
sift_10k,29,random,415,internal_audit,16,False,16,24
sift_10k,29,random,416,calibration,10,False,10,24
sift_10k,29,random,417,train_design,10,False,10,24
sift_10k,29,random,418,calibration,10,False,16,24
sift_10k,29,random,419,train_design,10,False,10,24
sift_10k,29,random,420,calibration,16,False,24,24
sift_10k,29,random,421,train_design,10,False,10,24
sift_10k,29,random,422,train_design,10,False,10,24
sift_10k,29,random,423,train_design,16,False,16,24
sift_10k,29,random,424,train_design,10,False,24,24
sift_10k,29,random,425,train_design,10,False,10,24
sift_10k,29,random,426,train_design,10,False,10,24
sift_10k,29,random,427,train_design,16,False,16,24
sift_10k,29,random,428,internal_audit,16,False,16,24
sift_10k,29,random,429,internal_audit,10,False,16,24
sift_10k,29,random,430,train_design,10,False,16,24
sift_10k,29,random,431,train_design,10,False,10,24
sift_10k,29,random,432,train_design,10,False,10,24
sift_10k,29,random,433,calibration,10,False,16,24
sift_10k,29,random,434,train_design,10,False,10,24
sift_10k,29,random,435,train_design,48,False,16,24
sift_10k,29,random,436,train_design,16,False,24,24
sift_10k,29,random,437,internal_audit,16,False,16,24
sift_10k,29,random,438,internal_audit,10,False,16,24
sift_10k,29,random,439,internal_audit,10,False,10,24
sift_10k,29,random,440,calibration,24,False,24,24
sift_10k,29,random,441,calibration,24,False,24,24
sift_10k,29,random,442,internal_audit,48,False,24,24
sift_10k,29,random,443,train_design,10,False,24,24
sift_10k,29,random,444,internal_audit,10,False,10,24
sift_10k,29,random,445,calibration,24,False,24,24
sift_10k,29,random,446,train_design,24,False,24,24
sift_10k,29,random,447,calibration,16,False,16,24
sift_10k,29,random,448,train_design,10,False,10,24
sift_10k,29,random,449,calibration,16,False,24,24
sift_10k,29,random,450,train_design,16,False,24,24
sift_10k,29,random,451,calibration,10,False,16,24
sift_10k,29,random,452,calibration,10,False,24,24
sift_10k,29,random,453,train_design,32,False,10,24
sift_10k,29,random,454,train_design,24,False,24,24
sift_10k,29,random,455,train_design,32,False,10,24
sift_10k,29,random,456,train_design,16,False,16,24
sift_10k,29,random,457,train_design,10,False,10,24
sift_10k,29,random,458,internal_audit,16,False,16,24
sift_10k,29,random,459,internal_audit,10,False,16,24
sift_10k,29,random,460,train_design,10,False,10,24
sift_10k,29,random,461,train_design,10,False,10,24
sift_10k,29,random,462,calibration,32,False,10,24
sift_10k,29,random,463,train_design,10,False,10,24
sift_10k,29,random,464,train_design,10,False,10,24
sift_10k,29,random,465,train_design,16,False,16,24
sift_10k,29,random,466,train_design,10,False,10,24
sift_10k,29,random,467,internal_audit,24,False,24,24
sift_10k,29,random,468,train_design,10,False,10,24
sift_10k,29,random,469,train_design,10,False,16,24
sift_10k,29,random,470,train_design,48,False,24,24
sift_10k,29,random,471,internal_audit,16,False,24,24
sift_10k,29,random,472,train_design,10,False,24,24
sift_10k,29,random,473,train_design,16,False,16,24
sift_10k,29,random,474,train_design,10,False,10,24
sift_10k,29,random,475,train_design,10,False,16,24
sift_10k,29,random,476,internal_audit,24,False,24,24
sift_10k,29,random,477,train_design,10,False,10,24
sift_10k,29,random,478,train_design,10,False,16,24
sift_10k,29,random,479,train_design,10,False,10,24
sift_10k,29,random,480,train_design,32,False,10,24
sift_10k,29,random,481,train_design,10,False,24,24
sift_10k,29,random,482,internal_audit,16,False,24,24
sift_10k,29,random,483,train_design,10,False,10,24
sift_10k,29,random,484,train_design,10,False,16,24
sift_10k,29,random,485,calibration,10,False,10,24
sift_10k,29,random,486,internal_audit,32,False,10,24
sift_10k,29,random,487,internal_audit,10,False,10,24
sift_10k,29,random,488,calibration,10,False,16,24
sift_10k,29,random,489,train_design,10,False,24,24
sift_10k,29,random,490,calibration,10,False,10,24
sift_10k,29,random,491,internal_audit,10,False,10,24
sift_10k,29,random,492,train_design,16,False,16,24
sift_10k,29,random,493,calibration,10,False,10,24
sift_10k,29,random,494,train_design,16,False,16,24
sift_10k,29,random,495,train_design,10,False,10,24
sift_10k,29,random,496,train_design,16,False,16,24
sift_10k,29,random,497,train_design,10,False,16,24
sift_10k,29,random,498,calibration,10,False,10,24
sift_10k,29,random,499,train_design,10,False,24,24
sift_10k,7,lid_ascending,0,train_design,10,False,10,32
sift_10k,7,lid_ascending,1,train_design,10,False,10,32
sift_10k,7,lid_ascending,2,calibration,24,False,32,32
sift_10k,7,lid_ascending,3,calibration,10,False,16,32
sift_10k,7,lid_ascending,4,internal_audit,10,False,16,32
sift_10k,7,lid_ascending,5,calibration,10,False,10,32
sift_10k,7,lid_ascending,6,train_design,16,False,16,32
sift_10k,7,lid_ascending,7,internal_audit,128,False,24,32
sift_10k,7,lid_ascending,8,train_design,10,False,10,32
sift_10k,7,lid_ascending,9,train_design,10,False,10,32
sift_10k,7,lid_ascending,10,train_design,16,False,16,32
sift_10k,7,lid_ascending,11,internal_audit,10,False,10,32
sift_10k,7,lid_ascending,12,train_design,16,False,16,32
sift_10k,7,lid_ascending,13,internal_audit,10,False,24,32
sift_10k,7,lid_ascending,14,train_design,16,False,16,32
sift_10k,7,lid_ascending,15,internal_audit,10,False,16,32
sift_10k,7,lid_ascending,16,calibration,10,False,10,32
sift_10k,7,lid_ascending,17,internal_audit,16,False,16,32
sift_10k,7,lid_ascending,18,calibration,10,False,10,32
sift_10k,7,lid_ascending,19,train_design,10,False,10,32
sift_10k,7,lid_ascending,20,train_design,24,False,32,32
sift_10k,7,lid_ascending,21,internal_audit,24,False,32,32
sift_10k,7,lid_ascending,22,train_design,10,False,10,32
sift_10k,7,lid_ascending,23,internal_audit,24,False,24,32
sift_10k,7,lid_ascending,24,calibration,32,False,32,32
sift_10k,7,lid_ascending,25,train_design,10,False,10,32
sift_10k,7,lid_ascending,26,calibration,10,False,10,32
sift_10k,7,lid_ascending,27,calibration,10,False,10,32
sift_10k,7,lid_ascending,28,train_design,10,False,16,32
sift_10k,7,lid_ascending,29,calibration,10,False,10,32
sift_10k,7,lid_ascending,30,internal_audit,10,False,16,32
sift_10k,7,lid_ascending,31,train_design,10,False,16,32
sift_10k,7,lid_ascending,32,train_design,16,False,24,32
sift_10k,7,lid_ascending,33,calibration,10,False,10,32
sift_10k,7,lid_ascending,34,internal_audit,16,False,24,32
sift_10k,7,lid_ascending,35,train_design,16,False,16,32
sift_10k,7,lid_ascending,36,internal_audit,10,False,24,32
sift_10k,7,lid_ascending,37,train_design,10,False,16,32
sift_10k,7,lid_ascending,38,internal_audit,16,False,16,32
sift_10k,7,lid_ascending,39,calibration,16,False,16,32
sift_10k,7,lid_ascending,40,train_design,16,False,16,32
sift_10k,7,lid_ascending,41,internal_audit,16,False,16,32
sift_10k,7,lid_ascending,42,train_design,10,False,24,32
sift_10k,7,lid_ascending,43,train_design,10,False,10,32
sift_10k,7,lid_ascending,44,train_design,16,False,24,32
sift_10k,7,lid_ascending,45,internal_audit,10,False,10,32
sift_10k,7,lid_ascending,46,calibration,48,False,32,32
sift_10k,7,lid_ascending,47,train_design,24,False,24,32
sift_10k,7,lid_ascending,48,train_design,16,False,16,32
sift_10k,7,lid_ascending,49,internal_audit,10,False,10,32
sift_10k,7,lid_ascending,50,train_design,10,False,10,32
sift_10k,7,lid_ascending,51,calibration,16,False,16,32
sift_10k,7,lid_ascending,52,calibration,24,False,24,32
sift_10k,7,lid_ascending,53,train_design,10,False,16,32
sift_10k,7,lid_ascending,54,train_design,16,False,16,32
sift_10k,7,lid_ascending,55,calibration,24,False,24,32
sift_10k,7,lid_ascending,56,train_design,16,False,24,32
sift_10k,7,lid_ascending,57,calibration,192,False,32,32
sift_10k,7,lid_ascending,58,calibration,10,False,10,32
sift_10k,7,lid_ascending,59,calibration,24,False,24,32
sift_10k,7,lid_ascending,60,train_design,32,False,32,32
sift_10k,7,lid_ascending,61,train_design,10,False,10,32
sift_10k,7,lid_ascending,62,train_design,32,False,32,32
sift_10k,7,lid_ascending,63,internal_audit,10,False,10,32
sift_10k,7,lid_ascending,64,train_design,16,False,16,32
sift_10k,7,lid_ascending,65,calibration,10,False,16,32
sift_10k,7,lid_ascending,66,calibration,16,False,24,32
sift_10k,7,lid_ascending,67,train_design,10,False,10,32
sift_10k,7,lid_ascending,68,calibration,24,False,24,32
sift_10k,7,lid_ascending,69,calibration,10,False,16,32
sift_10k,7,lid_ascending,70,train_design,10,False,32,32
sift_10k,7,lid_ascending,71,calibration,10,False,10,32
sift_10k,7,lid_ascending,72,train_design,10,False,16,32
sift_10k,7,lid_ascending,73,internal_audit,10,False,10,32
sift_10k,7,lid_ascending,74,calibration,24,False,24,32
sift_10k,7,lid_ascending,75,train_design,10,False,10,32
sift_10k,7,lid_ascending,76,train_design,16,False,16,32
sift_10k,7,lid_ascending,77,calibration,10,False,10,32
sift_10k,7,lid_ascending,78,calibration,16,False,16,32
sift_10k,7,lid_ascending,79,calibration,16,False,24,32
sift_10k,7,lid_ascending,80,train_design,10,False,10,32
sift_10k,7,lid_ascending,81,internal_audit,16,False,16,32
sift_10k,7,lid_ascending,82,train_design,10,False,10,32
sift_10k,7,lid_ascending,83,train_design,10,False,10,32
sift_10k,7,lid_ascending,84,train_design,10,False,10,32
sift_10k,7,lid_ascending,85,internal_audit,16,False,32,32
sift_10k,7,lid_ascending,86,internal_audit,24,False,24,32
sift_10k,7,lid_ascending,87,calibration,16,False,32,32
sift_10k,7,lid_ascending,88,internal_audit,10,False,16,32
sift_10k,7,lid_ascending,89,train_design,16,False,16,32
sift_10k,7,lid_ascending,90,calibration,10,False,10,32
sift_10k,7,lid_ascending,91,train_design,16,False,16,32
sift_10k,7,lid_ascending,92,internal_audit,10,False,24,32
sift_10k,7,lid_ascending,93,internal_audit,10,False,10,32
sift_10k,7,lid_ascending,94,calibration,24,False,24,32
sift_10k,7,lid_ascending,95,train_design,10,False,10,32
sift_10k,7,lid_ascending,96,internal_audit,24,False,24,32
sift_10k,7,lid_ascending,97,calibration,10,False,10,32
sift_10k,7,lid_ascending,98,train_design,24,False,32,32
sift_10k,7,lid_ascending,99,internal_audit,10,False,24,32
sift_10k,7,lid_ascending,100,train_design,10,False,10,32
sift_10k,7,lid_ascending,101,calibration,10,False,10,32
sift_10k,7,lid_ascending,102,train_design,16,False,16,32
sift_10k,7,lid_ascending,103,calibration,10,False,24,32
sift_10k,7,lid_ascending,104,internal_audit,10,False,10,32
sift_10k,7,lid_ascending,105,calibration,10,False,10,32
sift_10k,7,lid_ascending,106,train_design,10,False,10,32
sift_10k,7,lid_ascending,107,train_design,10,False,10,32
sift_10k,7,lid_ascending,108,train_design,32,False,32,32
sift_10k,7,lid_ascending,109,internal_audit,16,False,24,32
sift_10k,7,lid_ascending,110,calibration,16,False,16,32
sift_10k,7,lid_ascending,111,train_design,24,False,32,32
sift_10k,7,lid_ascending,112,train_design,64,False,32,32
sift_10k,7,lid_ascending,113,calibration,24,False,24,32
sift_10k,7,lid_ascending,114,internal_audit,16,False,16,32
sift_10k,7,lid_ascending,115,internal_audit,10,False,10,32
sift_10k,7,lid_ascending,116,train_design,10,False,24,32
sift_10k,7,lid_ascending,117,train_design,16,False,32,32
sift_10k,7,lid_ascending,118,internal_audit,10,False,10,32
sift_10k,7,lid_ascending,119,calibration,10,False,16,32
sift_10k,7,lid_ascending,120,internal_audit,16,False,24,32
sift_10k,7,lid_ascending,121,train_design,16,False,16,32
sift_10k,7,lid_ascending,122,calibration,10,False,10,32
sift_10k,7,lid_ascending,123,train_design,16,False,16,32
sift_10k,7,lid_ascending,124,train_design,10,False,10,32
sift_10k,7,lid_ascending,125,internal_audit,10,False,16,32
sift_10k,7,lid_ascending,126,internal_audit,16,False,16,32
sift_10k,7,lid_ascending,127,train_design,10,False,10,32
sift_10k,7,lid_ascending,128,internal_audit,10,False,10,32
sift_10k,7,lid_ascending,129,calibration,16,False,24,32
sift_10k,7,lid_ascending,130,internal_audit,24,False,24,32
sift_10k,7,lid_ascending,131,train_design,10,False,10,32
sift_10k,7,lid_ascending,132,calibration,16,False,16,32
sift_10k,7,lid_ascending,133,train_design,32,False,32,32
sift_10k,7,lid_ascending,134,internal_audit,16,False,16,32
sift_10k,7,lid_ascending,135,internal_audit,24,False,32,32
sift_10k,7,lid_ascending,136,train_design,10,False,10,32
sift_10k,7,lid_ascending,137,train_design,24,False,24,32
sift_10k,7,lid_ascending,138,train_design,24,False,24,32
sift_10k,7,lid_ascending,139,train_design,10,False,10,32
sift_10k,7,lid_ascending,140,internal_audit,10,False,10,32
sift_10k,7,lid_ascending,141,calibration,64,False,16,32
sift_10k,7,lid_ascending,142,internal_audit,24,False,24,32
sift_10k,7,lid_ascending,143,train_design,10,False,10,32
sift_10k,7,lid_ascending,144,internal_audit,64,False,24,32
sift_10k,7,lid_ascending,145,calibration,24,False,24,32
sift_10k,7,lid_ascending,146,train_design,16,False,24,32
sift_10k,7,lid_ascending,147,train_design,10,False,10,32
sift_10k,7,lid_ascending,148,train_design,32,False,32,32
sift_10k,7,lid_ascending,149,train_design,32,False,32,32
sift_10k,7,lid_ascending,150,train_design,10,False,24,32
sift_10k,7,lid_ascending,151,train_design,10,False,32,32
sift_10k,7,lid_ascending,152,train_design,10,False,10,32
sift_10k,7,lid_ascending,153,calibration,24,False,24,32
sift_10k,7,lid_ascending,154,calibration,64,False,10,32
sift_10k,7,lid_ascending,155,calibration,10,False,16,32
sift_10k,7,lid_ascending,156,internal_audit,24,False,24,32
sift_10k,7,lid_ascending,157,train_design,32,False,32,32
sift_10k,7,lid_ascending,158,internal_audit,10,False,16,32
sift_10k,7,lid_ascending,159,calibration,10,False,16,32
sift_10k,7,lid_ascending,160,train_design,16,False,32,32
sift_10k,7,lid_ascending,161,internal_audit,16,False,16,32
sift_10k,7,lid_ascending,162,internal_audit,10,False,10,32
sift_10k,7,lid_ascending,163,internal_audit,32,False,32,32
sift_10k,7,lid_ascending,164,train_design,10,False,10,32
sift_10k,7,lid_ascending,165,calibration,10,False,32,32
sift_10k,7,lid_ascending,166,train_design,24,False,24,32
sift_10k,7,lid_ascending,167,train_design,10,False,16,32
sift_10k,7,lid_ascending,168,train_design,16,False,24,32
sift_10k,7,lid_ascending,169,train_design,10,False,10,32
sift_10k,7,lid_ascending,170,calibration,24,False,24,32
sift_10k,7,lid_ascending,171,train_design,10,False,10,32
sift_10k,7,lid_ascending,172,train_design,256,False,10,32
sift_10k,7,lid_ascending,173,internal_audit,16,False,16,32
sift_10k,7,lid_ascending,174,train_design,10,False,10,32
sift_10k,7,lid_ascending,175,train_design,10,False,16,32
sift_10k,7,lid_ascending,176,calibration,10,False,10,32
sift_10k,7,lid_ascending,177,train_design,10,False,16,32
sift_10k,7,lid_ascending,178,train_design,32,False,32,32
sift_10k,7,lid_ascending,179,internal_audit,32,False,32,32
sift_10k,7,lid_ascending,180,internal_audit,10,False,10,32
sift_10k,7,lid_ascending,181,calibration,10,False,10,32
sift_10k,7,lid_ascending,182,train_design,32,False,32,32
sift_10k,7,lid_ascending,183,train_design,16,False,16,32
sift_10k,7,lid_ascending,184,train_design,24,False,24,32
sift_10k,7,lid_ascending,185,calibration,10,False,10,32
sift_10k,7,lid_ascending,186,calibration,32,False,32,32
sift_10k,7,lid_ascending,187,train_design,32,False,32,32
sift_10k,7,lid_ascending,188,train_design,10,False,10,32
sift_10k,7,lid_ascending,189,internal_audit,10,False,24,32
sift_10k,7,lid_ascending,190,train_design,24,False,32,32
sift_10k,7,lid_ascending,191,internal_audit,24,False,24,32
sift_10k,7,lid_ascending,192,calibration,10,False,10,32
sift_10k,7,lid_ascending,193,train_design,16,False,16,32
sift_10k,7,lid_ascending,194,internal_audit,10,False,32,32
sift_10k,7,lid_ascending,195,calibration,32,False,32,32
sift_10k,7,lid_ascending,196,calibration,16,False,16,32
sift_10k,7,lid_ascending,197,calibration,16,False,16,32
sift_10k,7,lid_ascending,198,train_design,10,False,10,32
sift_10k,7,lid_ascending,199,internal_audit,24,False,32,32
sift_10k,7,lid_ascending,200,train_design,10,False,10,32
sift_10k,7,lid_ascending,201,calibration,32,False,32,32
sift_10k,7,lid_ascending,202,internal_audit,10,False,10,32
sift_10k,7,lid_ascending,203,internal_audit,10,False,10,32
sift_10k,7,lid_ascending,204,train_design,10,False,24,32
sift_10k,7,lid_ascending,205,train_design,16,False,24,32
sift_10k,7,lid_ascending,206,calibration,10,False,10,32
sift_10k,7,lid_ascending,207,internal_audit,10,False,16,32
sift_10k,7,lid_ascending,208,train_design,16,False,16,32
sift_10k,7,lid_ascending,209,internal_audit,32,False,32,32
sift_10k,7,lid_ascending,210,internal_audit,10,False,10,32
sift_10k,7,lid_ascending,211,train_design,10,False,10,32
sift_10k,7,lid_ascending,212,internal_audit,10,False,24,32
sift_10k,7,lid_ascending,213,train_design,10,False,10,32
sift_10k,7,lid_ascending,214,internal_audit,64,False,32,32
sift_10k,7,lid_ascending,215,internal_audit,32,False,32,32
sift_10k,7,lid_ascending,216,internal_audit,10,False,16,32
sift_10k,7,lid_ascending,217,train_design,10,False,10,32
sift_10k,7,lid_ascending,218,calibration,10,False,10,32
sift_10k,7,lid_ascending,219,calibration,16,False,16,32
sift_10k,7,lid_ascending,220,calibration,10,False,16,32
sift_10k,7,lid_ascending,221,train_design,10,False,24,32
sift_10k,7,lid_ascending,222,train_design,10,False,10,32
sift_10k,7,lid_ascending,223,train_design,10,False,10,32
sift_10k,7,lid_ascending,224,internal_audit,48,False,16,32
sift_10k,7,lid_ascending,225,train_design,1024,True,10,32
sift_10k,7,lid_ascending,226,internal_audit,10,False,10,32
sift_10k,7,lid_ascending,227,train_design,16,False,16,32
sift_10k,7,lid_ascending,228,train_design,24,False,32,32
sift_10k,7,lid_ascending,229,train_design,10,False,10,32
sift_10k,7,lid_ascending,230,train_design,24,False,24,32
sift_10k,7,lid_ascending,231,train_design,16,False,24,32
sift_10k,7,lid_ascending,232,internal_audit,48,False,24,32
sift_10k,7,lid_ascending,233,internal_audit,10,False,32,32
sift_10k,7,lid_ascending,234,train_design,32,False,32,32
sift_10k,7,lid_ascending,235,internal_audit,10,False,24,32
sift_10k,7,lid_ascending,236,internal_audit,24,False,24,32
sift_10k,7,lid_ascending,237,calibration,48,False,32,32
sift_10k,7,lid_ascending,238,train_design,16,False,16,32
sift_10k,7,lid_ascending,239,calibration,16,False,24,32
sift_10k,7,lid_ascending,240,train_design,16,False,24,32
sift_10k,7,lid_ascending,241,internal_audit,192,False,16,32
sift_10k,7,lid_ascending,242,calibration,10,False,16,32
sift_10k,7,lid_ascending,243,train_design,10,False,10,32
sift_10k,7,lid_ascending,244,train_design,10,False,10,32
sift_10k,7,lid_ascending,245,train_design,24,False,24,32
sift_10k,7,lid_ascending,246,train_design,48,False,32,32
sift_10k,7,lid_ascending,247,train_design,10,False,10,32
sift_10k,7,lid_ascending,248,calibration,10,False,10,32
sift_10k,7,lid_ascending,249,calibration,16,False,24,32
sift_10k,7,lid_ascending,250,internal_audit,10,False,10,32
sift_10k,7,lid_ascending,251,calibration,10,False,10,32
sift_10k,7,lid_ascending,252,calibration,10,False,10,32
sift_10k,7,lid_ascending,253,train_design,16,False,16,32
sift_10k,7,lid_ascending,254,train_design,10,False,10,32
sift_10k,7,lid_ascending,255,train_design,32,False,32,32
sift_10k,7,lid_ascending,256,calibration,32,False,32,32
sift_10k,7,lid_ascending,257,internal_audit,10,False,24,32
sift_10k,7,lid_ascending,258,train_design,10,False,24,32
sift_10k,7,lid_ascending,259,train_design,10,False,10,32
sift_10k,7,lid_ascending,260,calibration,24,False,24,32
sift_10k,7,lid_ascending,261,train_design,32,False,32,32
sift_10k,7,lid_ascending,262,calibration,10,False,10,32
sift_10k,7,lid_ascending,263,internal_audit,10,False,16,32
sift_10k,7,lid_ascending,264,internal_audit,24,False,24,32
sift_10k,7,lid_ascending,265,train_design,10,False,10,32
sift_10k,7,lid_ascending,266,calibration,24,False,24,32
sift_10k,7,lid_ascending,267,train_design,10,False,10,32
sift_10k,7,lid_ascending,268,internal_audit,10,False,16,32
sift_10k,7,lid_ascending,269,calibration,32,False,32,32
sift_10k,7,lid_ascending,270,calibration,10,False,10,32
sift_10k,7,lid_ascending,271,internal_audit,10,False,10,32
sift_10k,7,lid_ascending,272,train_design,10,False,24,32
sift_10k,7,lid_ascending,273,train_design,10,False,10,32
sift_10k,7,lid_ascending,274,internal_audit,10,False,16,32
sift_10k,7,lid_ascending,275,train_design,10,False,10,32
sift_10k,7,lid_ascending,276,calibration,24,False,24,32
sift_10k,7,lid_ascending,277,calibration,32,False,32,32
sift_10k,7,lid_ascending,278,calibration,16,False,16,32
sift_10k,7,lid_ascending,279,train_design,10,False,16,32
sift_10k,7,lid_ascending,280,train_design,16,False,16,32
sift_10k,7,lid_ascending,281,train_design,16,False,16,32
sift_10k,7,lid_ascending,282,train_design,16,False,24,32
sift_10k,7,lid_ascending,283,calibration,16,False,32,32
sift_10k,7,lid_ascending,284,internal_audit,32,False,32,32
sift_10k,7,lid_ascending,285,train_design,16,False,16,32
sift_10k,7,lid_ascending,286,calibration,10,False,10,32
sift_10k,7,lid_ascending,287,train_design,24,False,24,32
sift_10k,7,lid_ascending,288,train_design,10,False,32,32
sift_10k,7,lid_ascending,289,internal_audit,10,False,24,32
sift_10k,7,lid_ascending,290,train_design,24,False,24,32
sift_10k,7,lid_ascending,291,train_design,32,False,32,32
sift_10k,7,lid_ascending,292,train_design,10,False,10,32
sift_10k,7,lid_ascending,293,internal_audit,10,False,10,32
sift_10k,7,lid_ascending,294,train_design,10,False,24,32
sift_10k,7,lid_ascending,295,internal_audit,10,False,32,32
sift_10k,7,lid_ascending,296,train_design,16,False,24,32
sift_10k,7,lid_ascending,297,train_design,16,False,24,32
sift_10k,7,lid_ascending,298,train_design,32,False,32,32
sift_10k,7,lid_ascending,299,internal_audit,10,False,10,32
sift_10k,7,lid_ascending,300,train_design,10,False,24,32
sift_10k,7,lid_ascending,301,train_design,10,False,10,32
sift_10k,7,lid_ascending,302,train_design,24,False,24,32
sift_10k,7,lid_ascending,303,calibration,10,False,10,32
sift_10k,7,lid_ascending,304,calibration,24,False,24,32
sift_10k,7,lid_ascending,305,train_design,10,False,10,32
sift_10k,7,lid_ascending,306,internal_audit,10,False,16,32
sift_10k,7,lid_ascending,307,train_design,10,False,16,32
sift_10k,7,lid_ascending,308,internal_audit,32,False,32,32
sift_10k,7,lid_ascending,309,train_design,10,False,16,32
sift_10k,7,lid_ascending,310,train_design,10,False,10,32
sift_10k,7,lid_ascending,311,internal_audit,10,False,10,32
sift_10k,7,lid_ascending,312,train_design,24,False,24,32
sift_10k,7,lid_ascending,313,train_design,10,False,10,32
sift_10k,7,lid_ascending,314,internal_audit,16,False,24,32
sift_10k,7,lid_ascending,315,calibration,10,False,24,32
sift_10k,7,lid_ascending,316,calibration,16,False,16,32
sift_10k,7,lid_ascending,317,internal_audit,24,False,24,32
sift_10k,7,lid_ascending,318,train_design,24,False,24,32
sift_10k,7,lid_ascending,319,calibration,16,False,32,32
sift_10k,7,lid_ascending,320,internal_audit,24,False,24,32
sift_10k,7,lid_ascending,321,train_design,10,False,10,32
sift_10k,7,lid_ascending,322,internal_audit,10,False,16,32
sift_10k,7,lid_ascending,323,train_design,10,False,16,32
sift_10k,7,lid_ascending,324,calibration,10,False,24,32
sift_10k,7,lid_ascending,325,train_design,16,False,16,32
sift_10k,7,lid_ascending,326,train_design,10,False,10,32
sift_10k,7,lid_ascending,327,train_design,24,False,24,32
sift_10k,7,lid_ascending,328,calibration,10,False,16,32
sift_10k,7,lid_ascending,329,calibration,16,False,16,32
sift_10k,7,lid_ascending,330,calibration,16,False,16,32
sift_10k,7,lid_ascending,331,train_design,10,False,10,32
sift_10k,7,lid_ascending,332,train_design,10,False,10,32
sift_10k,7,lid_ascending,333,train_design,32,False,32,32
sift_10k,7,lid_ascending,334,train_design,10,False,24,32
sift_10k,7,lid_ascending,335,internal_audit,16,False,16,32
sift_10k,7,lid_ascending,336,train_design,10,False,16,32
sift_10k,7,lid_ascending,337,calibration,10,False,10,32
sift_10k,7,lid_ascending,338,calibration,10,False,10,32
sift_10k,7,lid_ascending,339,internal_audit,10,False,10,32
sift_10k,7,lid_ascending,340,calibration,10,False,10,32
sift_10k,7,lid_ascending,341,internal_audit,32,False,32,32
sift_10k,7,lid_ascending,342,calibration,10,False,10,32
sift_10k,7,lid_ascending,343,internal_audit,10,False,10,32
sift_10k,7,lid_ascending,344,calibration,10,False,10,32
sift_10k,7,lid_ascending,345,train_design,24,False,32,32
sift_10k,7,lid_ascending,346,train_design,10,False,10,32
sift_10k,7,lid_ascending,347,train_design,16,False,32,32
sift_10k,7,lid_ascending,348,train_design,10,False,10,32
sift_10k,7,lid_ascending,349,train_design,16,False,24,32
sift_10k,7,lid_ascending,350,internal_audit,16,False,16,32
sift_10k,7,lid_ascending,351,internal_audit,24,False,32,32
sift_10k,7,lid_ascending,352,train_design,32,False,32,32
sift_10k,7,lid_ascending,353,calibration,10,False,10,32
sift_10k,7,lid_ascending,354,calibration,48,False,24,32
sift_10k,7,lid_ascending,355,internal_audit,10,False,10,32
sift_10k,7,lid_ascending,356,train_design,16,False,32,32
sift_10k,7,lid_ascending,357,internal_audit,10,False,10,32
sift_10k,7,lid_ascending,358,train_design,192,False,10,32
sift_10k,7,lid_ascending,359,train_design,10,False,16,32
sift_10k,7,lid_ascending,360,train_design,10,False,10,32
sift_10k,7,lid_ascending,361,calibration,10,False,10,32
sift_10k,7,lid_ascending,362,train_design,10,False,32,32
sift_10k,7,lid_ascending,363,train_design,32,False,32,32
sift_10k,7,lid_ascending,364,internal_audit,10,False,24,32
sift_10k,7,lid_ascending,365,train_design,16,False,32,32
sift_10k,7,lid_ascending,366,train_design,48,False,10,32
sift_10k,7,lid_ascending,367,train_design,10,False,16,32
sift_10k,7,lid_ascending,368,calibration,64,False,32,32
sift_10k,7,lid_ascending,369,internal_audit,48,False,32,32
sift_10k,7,lid_ascending,370,calibration,24,False,32,32
sift_10k,7,lid_ascending,371,train_design,10,False,10,32
sift_10k,7,lid_ascending,372,internal_audit,16,False,16,32
sift_10k,7,lid_ascending,373,train_design,10,False,10,32
sift_10k,7,lid_ascending,374,internal_audit,16,False,24,32
sift_10k,7,lid_ascending,375,train_design,10,False,10,32
sift_10k,7,lid_ascending,376,train_design,96,False,24,32
sift_10k,7,lid_ascending,377,train_design,16,False,24,32
sift_10k,7,lid_ascending,378,calibration,16,False,16,32
sift_10k,7,lid_ascending,379,train_design,10,False,10,32
sift_10k,7,lid_ascending,380,train_design,32,False,32,32
sift_10k,7,lid_ascending,381,internal_audit,16,False,24,32
sift_10k,7,lid_ascending,382,internal_audit,24,False,24,32
sift_10k,7,lid_ascending,383,internal_audit,16,False,16,32
sift_10k,7,lid_ascending,384,train_design,48,False,32,32
sift_10k,7,lid_ascending,385,train_design,24,False,32,32
sift_10k,7,lid_ascending,386,train_design,16,False,16,32
sift_10k,7,lid_ascending,387,train_design,10,False,10,32
sift_10k,7,lid_ascending,388,train_design,16,False,16,32
sift_10k,7,lid_ascending,389,train_design,24,False,24,32
sift_10k,7,lid_ascending,390,internal_audit,16,False,24,32
sift_10k,7,lid_ascending,391,internal_audit,16,False,32,32
sift_10k,7,lid_ascending,392,train_design,16,False,24,32
sift_10k,7,lid_ascending,393,calibration,32,False,32,32
sift_10k,7,lid_ascending,394,calibration,10,False,10,32
sift_10k,7,lid_ascending,395,train_design,10,False,10,32
sift_10k,7,lid_ascending,396,train_design,16,False,24,32
sift_10k,7,lid_ascending,397,internal_audit,10,False,32,32
sift_10k,7,lid_ascending,398,internal_audit,10,False,10,32
sift_10k,7,lid_ascending,399,calibration,16,False,24,32
sift_10k,7,lid_ascending,400,train_design,48,False,16,32
sift_10k,7,lid_ascending,401,train_design,10,False,16,32
sift_10k,7,lid_ascending,402,calibration,32,False,32,32
sift_10k,7,lid_ascending,403,calibration,10,False,16,32
sift_10k,7,lid_ascending,404,calibration,10,False,24,32
sift_10k,7,lid_ascending,405,train_design,10,False,10,32
sift_10k,7,lid_ascending,406,train_design,10,False,16,32
sift_10k,7,lid_ascending,407,calibration,10,False,10,32
sift_10k,7,lid_ascending,408,internal_audit,10,False,16,32
sift_10k,7,lid_ascending,409,train_design,16,False,24,32
sift_10k,7,lid_ascending,410,calibration,32,False,32,32
sift_10k,7,lid_ascending,411,train_design,16,False,24,32
sift_10k,7,lid_ascending,412,train_design,16,False,16,32
sift_10k,7,lid_ascending,413,calibration,10,False,10,32
sift_10k,7,lid_ascending,414,internal_audit,10,False,16,32
sift_10k,7,lid_ascending,415,internal_audit,10,False,10,32
sift_10k,7,lid_ascending,416,calibration,16,False,24,32
sift_10k,7,lid_ascending,417,train_design,24,False,24,32
sift_10k,7,lid_ascending,418,calibration,10,False,16,32
sift_10k,7,lid_ascending,419,train_design,10,False,10,32
sift_10k,7,lid_ascending,420,calibration,16,False,32,32
sift_10k,7,lid_ascending,421,train_design,10,False,10,32
sift_10k,7,lid_ascending,422,train_design,16,False,16,32
sift_10k,7,lid_ascending,423,train_design,16,False,16,32
sift_10k,7,lid_ascending,424,train_design,10,False,24,32
sift_10k,7,lid_ascending,425,train_design,10,False,10,32
sift_10k,7,lid_ascending,426,train_design,10,False,10,32
sift_10k,7,lid_ascending,427,train_design,16,False,32,32
sift_10k,7,lid_ascending,428,internal_audit,16,False,16,32
sift_10k,7,lid_ascending,429,internal_audit,32,False,32,32
sift_10k,7,lid_ascending,430,train_design,16,False,16,32
sift_10k,7,lid_ascending,431,train_design,10,False,10,32
sift_10k,7,lid_ascending,432,train_design,32,False,32,32
sift_10k,7,lid_ascending,433,calibration,10,False,32,32
sift_10k,7,lid_ascending,434,train_design,10,False,10,32
sift_10k,7,lid_ascending,435,train_design,24,False,24,32
sift_10k,7,lid_ascending,436,train_design,24,False,32,32
sift_10k,7,lid_ascending,437,internal_audit,10,False,10,32
sift_10k,7,lid_ascending,438,internal_audit,10,False,10,32
sift_10k,7,lid_ascending,439,internal_audit,10,False,10,32
sift_10k,7,lid_ascending,440,calibration,10,False,10,32
sift_10k,7,lid_ascending,441,calibration,24,False,32,32
sift_10k,7,lid_ascending,442,internal_audit,24,False,32,32
sift_10k,7,lid_ascending,443,train_design,16,False,24,32
sift_10k,7,lid_ascending,444,internal_audit,10,False,10,32
sift_10k,7,lid_ascending,445,calibration,24,False,24,32
sift_10k,7,lid_ascending,446,train_design,16,False,16,32
sift_10k,7,lid_ascending,447,calibration,10,False,24,32
sift_10k,7,lid_ascending,448,train_design,10,False,32,32
sift_10k,7,lid_ascending,449,calibration,16,False,32,32
sift_10k,7,lid_ascending,450,train_design,10,False,16,32
sift_10k,7,lid_ascending,451,calibration,10,False,10,32
sift_10k,7,lid_ascending,452,calibration,10,False,16,32
sift_10k,7,lid_ascending,453,train_design,64,False,10,32
sift_10k,7,lid_ascending,454,train_design,24,False,24,32
sift_10k,7,lid_ascending,455,train_design,10,False,32,32
sift_10k,7,lid_ascending,456,train_design,24,False,24,32
sift_10k,7,lid_ascending,457,train_design,16,False,16,32
sift_10k,7,lid_ascending,458,internal_audit,16,False,16,32
sift_10k,7,lid_ascending,459,internal_audit,16,False,16,32
sift_10k,7,lid_ascending,460,train_design,10,False,16,32
sift_10k,7,lid_ascending,461,train_design,10,False,10,32
sift_10k,7,lid_ascending,462,calibration,10,False,10,32
sift_10k,7,lid_ascending,463,train_design,10,False,10,32
sift_10k,7,lid_ascending,464,train_design,16,False,16,32
sift_10k,7,lid_ascending,465,train_design,16,False,16,32
sift_10k,7,lid_ascending,466,train_design,10,False,24,32
sift_10k,7,lid_ascending,467,internal_audit,10,False,24,32
sift_10k,7,lid_ascending,468,train_design,10,False,10,32
sift_10k,7,lid_ascending,469,train_design,10,False,24,32
sift_10k,7,lid_ascending,470,train_design,10,False,32,32
sift_10k,7,lid_ascending,471,internal_audit,32,False,32,32
sift_10k,7,lid_ascending,472,train_design,10,False,10,32
sift_10k,7,lid_ascending,473,train_design,24,False,32,32
sift_10k,7,lid_ascending,474,train_design,10,False,10,32
sift_10k,7,lid_ascending,475,train_design,10,False,10,32
sift_10k,7,lid_ascending,476,internal_audit,32,False,32,32
sift_10k,7,lid_ascending,477,train_design,10,False,10,32
sift_10k,7,lid_ascending,478,train_design,10,False,16,32
sift_10k,7,lid_ascending,479,train_design,10,False,10,32
sift_10k,7,lid_ascending,480,train_design,64,False,24,32
sift_10k,7,lid_ascending,481,train_design,48,False,24,32
sift_10k,7,lid_ascending,482,internal_audit,48,False,16,32
sift_10k,7,lid_ascending,483,train_design,32,False,32,32
sift_10k,7,lid_ascending,484,train_design,10,False,10,32
sift_10k,7,lid_ascending,485,calibration,10,False,16,32
sift_10k,7,lid_ascending,486,internal_audit,24,False,24,32
sift_10k,7,lid_ascending,487,internal_audit,10,False,10,32
sift_10k,7,lid_ascending,488,calibration,16,False,32,32
sift_10k,7,lid_ascending,489,train_design,16,False,24,32
sift_10k,7,lid_ascending,490,calibration,10,False,10,32
sift_10k,7,lid_ascending,491,internal_audit,10,False,10,32
sift_10k,7,lid_ascending,492,train_design,16,False,16,32
sift_10k,7,lid_ascending,493,calibration,16,False,16,32
sift_10k,7,lid_ascending,494,train_design,10,False,10,32
sift_10k,7,lid_ascending,495,train_design,10,False,10,32
sift_10k,7,lid_ascending,496,train_design,16,False,16,32
sift_10k,7,lid_ascending,497,train_design,10,False,16,32
sift_10k,7,lid_ascending,498,calibration,16,False,16,32
sift_10k,7,lid_ascending,499,train_design,16,False,32,32
sift_10k,7,lid_descending,0,train_design,10,False,10,24
sift_10k,7,lid_descending,1,train_design,10,False,10,24
sift_10k,7,lid_descending,2,calibration,32,False,16,24
sift_10k,7,lid_descending,3,calibration,16,False,16,24
sift_10k,7,lid_descending,4,internal_audit,10,False,10,24
sift_10k,7,lid_descending,5,calibration,10,False,10,24
sift_10k,7,lid_descending,6,train_design,16,False,16,24
sift_10k,7,lid_descending,7,internal_audit,10,False,10,24
sift_10k,7,lid_descending,8,train_design,10,False,16,24
sift_10k,7,lid_descending,9,train_design,10,False,10,24
sift_10k,7,lid_descending,10,train_design,10,False,10,24
sift_10k,7,lid_descending,11,internal_audit,10,False,10,24
sift_10k,7,lid_descending,12,train_design,10,False,24,24
sift_10k,7,lid_descending,13,internal_audit,16,False,16,24
sift_10k,7,lid_descending,14,train_design,10,False,24,24
sift_10k,7,lid_descending,15,internal_audit,10,False,10,24
sift_10k,7,lid_descending,16,calibration,10,False,10,24
sift_10k,7,lid_descending,17,internal_audit,16,False,16,24
sift_10k,7,lid_descending,18,calibration,10,False,10,24
sift_10k,7,lid_descending,19,train_design,10,False,10,24
sift_10k,7,lid_descending,20,train_design,24,False,24,24
sift_10k,7,lid_descending,21,internal_audit,10,False,10,24
sift_10k,7,lid_descending,22,train_design,10,False,10,24
sift_10k,7,lid_descending,23,internal_audit,16,False,24,24
sift_10k,7,lid_descending,24,calibration,24,False,24,24
sift_10k,7,lid_descending,25,train_design,10,False,10,24
sift_10k,7,lid_descending,26,calibration,10,False,24,24
sift_10k,7,lid_descending,27,calibration,16,False,16,24
sift_10k,7,lid_descending,28,train_design,10,False,10,24
sift_10k,7,lid_descending,29,calibration,10,False,10,24
sift_10k,7,lid_descending,30,internal_audit,10,False,10,24
sift_10k,7,lid_descending,31,train_design,16,False,24,24
sift_10k,7,lid_descending,32,train_design,10,False,10,24
sift_10k,7,lid_descending,33,calibration,10,False,10,24
sift_10k,7,lid_descending,34,internal_audit,10,False,24,24
sift_10k,7,lid_descending,35,train_design,10,False,10,24
sift_10k,7,lid_descending,36,internal_audit,10,False,10,24
sift_10k,7,lid_descending,37,train_design,10,False,16,24
sift_10k,7,lid_descending,38,internal_audit,10,False,10,24
sift_10k,7,lid_descending,39,calibration,16,False,16,24
sift_10k,7,lid_descending,40,train_design,10,False,24,24
sift_10k,7,lid_descending,41,internal_audit,16,False,16,24
sift_10k,7,lid_descending,42,train_design,10,False,10,24
sift_10k,7,lid_descending,43,train_design,10,False,10,24
sift_10k,7,lid_descending,44,train_design,16,False,24,24
sift_10k,7,lid_descending,45,internal_audit,10,False,10,24
sift_10k,7,lid_descending,46,calibration,24,False,24,24
sift_10k,7,lid_descending,47,train_design,24,False,24,24
sift_10k,7,lid_descending,48,train_design,10,False,16,24
sift_10k,7,lid_descending,49,internal_audit,10,False,16,24
sift_10k,7,lid_descending,50,train_design,10,False,10,24
sift_10k,7,lid_descending,51,calibration,10,False,10,24
sift_10k,7,lid_descending,52,calibration,24,False,24,24
sift_10k,7,lid_descending,53,train_design,10,False,16,24
sift_10k,7,lid_descending,54,train_design,10,False,10,24
sift_10k,7,lid_descending,55,calibration,16,False,16,24
sift_10k,7,lid_descending,56,train_design,10,False,10,24
sift_10k,7,lid_descending,57,calibration,24,False,24,24
sift_10k,7,lid_descending,58,calibration,10,False,10,24
sift_10k,7,lid_descending,59,calibration,10,False,10,24
sift_10k,7,lid_descending,60,train_design,24,False,24,24
sift_10k,7,lid_descending,61,train_design,10,False,16,24
sift_10k,7,lid_descending,62,train_design,10,False,16,24
sift_10k,7,lid_descending,63,internal_audit,24,False,24,24
sift_10k,7,lid_descending,64,train_design,24,False,24,24
sift_10k,7,lid_descending,65,calibration,10,False,10,24
sift_10k,7,lid_descending,66,calibration,10,False,24,24
sift_10k,7,lid_descending,67,train_design,10,False,10,24
sift_10k,7,lid_descending,68,calibration,10,False,16,24
sift_10k,7,lid_descending,69,calibration,10,False,10,24
sift_10k,7,lid_descending,70,train_design,10,False,16,24
sift_10k,7,lid_descending,71,calibration,10,False,10,24
sift_10k,7,lid_descending,72,train_design,10,False,10,24
sift_10k,7,lid_descending,73,internal_audit,10,False,10,24
sift_10k,7,lid_descending,74,calibration,10,False,10,24
sift_10k,7,lid_descending,75,train_design,10,False,10,24
sift_10k,7,lid_descending,76,train_design,16,False,16,24
sift_10k,7,lid_descending,77,calibration,10,False,10,24
sift_10k,7,lid_descending,78,calibration,16,False,24,24
sift_10k,7,lid_descending,79,calibration,24,False,24,24
sift_10k,7,lid_descending,80,train_design,10,False,10,24
sift_10k,7,lid_descending,81,internal_audit,10,False,10,24
sift_10k,7,lid_descending,82,train_design,10,False,10,24
sift_10k,7,lid_descending,83,train_design,10,False,16,24
sift_10k,7,lid_descending,84,train_design,10,False,10,24
sift_10k,7,lid_descending,85,internal_audit,10,False,24,24
sift_10k,7,lid_descending,86,internal_audit,10,False,16,24
sift_10k,7,lid_descending,87,calibration,10,False,10,24
sift_10k,7,lid_descending,88,internal_audit,10,False,10,24
sift_10k,7,lid_descending,89,train_design,10,False,10,24
sift_10k,7,lid_descending,90,calibration,10,False,10,24
sift_10k,7,lid_descending,91,train_design,24,False,24,24
sift_10k,7,lid_descending,92,internal_audit,10,False,10,24
sift_10k,7,lid_descending,93,internal_audit,10,False,16,24
sift_10k,7,lid_descending,94,calibration,16,False,16,24
sift_10k,7,lid_descending,95,train_design,10,False,10,24
sift_10k,7,lid_descending,96,internal_audit,24,False,24,24
sift_10k,7,lid_descending,97,calibration,10,False,10,24
sift_10k,7,lid_descending,98,train_design,10,False,16,24
sift_10k,7,lid_descending,99,internal_audit,10,False,10,24
sift_10k,7,lid_descending,100,train_design,10,False,10,24
sift_10k,7,lid_descending,101,calibration,10,False,10,24
sift_10k,7,lid_descending,102,train_design,10,False,16,24
sift_10k,7,lid_descending,103,calibration,10,False,24,24
sift_10k,7,lid_descending,104,internal_audit,10,False,10,24
sift_10k,7,lid_descending,105,calibration,10,False,10,24
sift_10k,7,lid_descending,106,train_design,10,False,10,24
sift_10k,7,lid_descending,107,train_design,10,False,10,24
sift_10k,7,lid_descending,108,train_design,16,False,16,24
sift_10k,7,lid_descending,109,internal_audit,10,False,16,24
sift_10k,7,lid_descending,110,calibration,10,False,10,24
sift_10k,7,lid_descending,111,train_design,24,False,24,24
sift_10k,7,lid_descending,112,train_design,48,False,10,24
sift_10k,7,lid_descending,113,calibration,10,False,10,24
sift_10k,7,lid_descending,114,internal_audit,10,False,10,24
sift_10k,7,lid_descending,115,internal_audit,10,False,16,24
sift_10k,7,lid_descending,116,train_design,10,False,10,24
sift_10k,7,lid_descending,117,train_design,16,False,16,24
sift_10k,7,lid_descending,118,internal_audit,10,False,10,24
sift_10k,7,lid_descending,119,calibration,10,False,10,24
sift_10k,7,lid_descending,120,internal_audit,10,False,10,24
sift_10k,7,lid_descending,121,train_design,24,False,24,24
sift_10k,7,lid_descending,122,calibration,10,False,10,24
sift_10k,7,lid_descending,123,train_design,16,False,16,24
sift_10k,7,lid_descending,124,train_design,10,False,16,24
sift_10k,7,lid_descending,125,internal_audit,10,False,16,24
sift_10k,7,lid_descending,126,internal_audit,10,False,10,24
sift_10k,7,lid_descending,127,train_design,10,False,10,24
sift_10k,7,lid_descending,128,internal_audit,10,False,10,24
sift_10k,7,lid_descending,129,calibration,16,False,24,24
sift_10k,7,lid_descending,130,internal_audit,24,False,24,24
sift_10k,7,lid_descending,131,train_design,10,False,16,24
sift_10k,7,lid_descending,132,calibration,10,False,10,24
sift_10k,7,lid_descending,133,train_design,10,False,10,24
sift_10k,7,lid_descending,134,internal_audit,16,False,16,24
sift_10k,7,lid_descending,135,internal_audit,16,False,16,24
sift_10k,7,lid_descending,136,train_design,10,False,10,24
sift_10k,7,lid_descending,137,train_design,24,False,24,24
sift_10k,7,lid_descending,138,train_design,10,False,10,24
sift_10k,7,lid_descending,139,train_design,10,False,10,24
sift_10k,7,lid_descending,140,internal_audit,10,False,10,24
sift_10k,7,lid_descending,141,calibration,16,False,16,24
sift_10k,7,lid_descending,142,internal_audit,24,False,24,24
sift_10k,7,lid_descending,143,train_design,10,False,10,24
sift_10k,7,lid_descending,144,internal_audit,16,False,16,24
sift_10k,7,lid_descending,145,calibration,16,False,16,24
sift_10k,7,lid_descending,146,train_design,10,False,10,24
sift_10k,7,lid_descending,147,train_design,10,False,10,24
sift_10k,7,lid_descending,148,train_design,32,False,24,24
sift_10k,7,lid_descending,149,train_design,10,False,24,24
sift_10k,7,lid_descending,150,train_design,10,False,16,24
sift_10k,7,lid_descending,151,train_design,10,False,10,24
sift_10k,7,lid_descending,152,train_design,10,False,10,24
sift_10k,7,lid_descending,153,calibration,24,False,24,24
sift_10k,7,lid_descending,154,calibration,32,False,10,24
sift_10k,7,lid_descending,155,calibration,10,False,16,24
sift_10k,7,lid_descending,156,internal_audit,10,False,16,24
sift_10k,7,lid_descending,157,train_design,24,False,24,24
sift_10k,7,lid_descending,158,internal_audit,10,False,10,24
sift_10k,7,lid_descending,159,calibration,10,False,10,24
sift_10k,7,lid_descending,160,train_design,24,False,24,24
sift_10k,7,lid_descending,161,internal_audit,10,False,24,24
sift_10k,7,lid_descending,162,internal_audit,10,False,10,24
sift_10k,7,lid_descending,163,internal_audit,10,False,24,24
sift_10k,7,lid_descending,164,train_design,10,False,24,24
sift_10k,7,lid_descending,165,calibration,10,False,10,24
sift_10k,7,lid_descending,166,train_design,10,False,10,24
sift_10k,7,lid_descending,167,train_design,10,False,16,24
sift_10k,7,lid_descending,168,train_design,10,False,10,24
sift_10k,7,lid_descending,169,train_design,16,False,16,24
sift_10k,7,lid_descending,170,calibration,10,False,10,24
sift_10k,7,lid_descending,171,train_design,10,False,10,24
sift_10k,7,lid_descending,172,train_design,96,False,24,24
sift_10k,7,lid_descending,173,internal_audit,16,False,24,24
sift_10k,7,lid_descending,174,train_design,10,False,10,24
sift_10k,7,lid_descending,175,train_design,10,False,16,24
sift_10k,7,lid_descending,176,calibration,10,False,16,24
sift_10k,7,lid_descending,177,train_design,10,False,10,24
sift_10k,7,lid_descending,178,train_design,48,False,16,24
sift_10k,7,lid_descending,179,internal_audit,16,False,16,24
sift_10k,7,lid_descending,180,internal_audit,10,False,10,24
sift_10k,7,lid_descending,181,calibration,10,False,10,24
sift_10k,7,lid_descending,182,train_design,24,False,24,24
sift_10k,7,lid_descending,183,train_design,16,False,16,24
sift_10k,7,lid_descending,184,train_design,24,False,24,24
sift_10k,7,lid_descending,185,calibration,10,False,10,24
sift_10k,7,lid_descending,186,calibration,10,False,24,24
sift_10k,7,lid_descending,187,train_design,32,False,24,24
sift_10k,7,lid_descending,188,train_design,10,False,10,24
sift_10k,7,lid_descending,189,internal_audit,10,False,10,24
sift_10k,7,lid_descending,190,train_design,10,False,24,24
sift_10k,7,lid_descending,191,internal_audit,16,False,24,24
sift_10k,7,lid_descending,192,calibration,10,False,10,24
sift_10k,7,lid_descending,193,train_design,10,False,10,24
sift_10k,7,lid_descending,194,internal_audit,16,False,16,24
sift_10k,7,lid_descending,195,calibration,24,False,24,24
sift_10k,7,lid_descending,196,calibration,10,False,10,24
sift_10k,7,lid_descending,197,calibration,10,False,16,24
sift_10k,7,lid_descending,198,train_design,10,False,10,24
sift_10k,7,lid_descending,199,internal_audit,48,False,10,24
sift_10k,7,lid_descending,200,train_design,10,False,10,24
sift_10k,7,lid_descending,201,calibration,64,False,16,24
sift_10k,7,lid_descending,202,internal_audit,16,False,16,24
sift_10k,7,lid_descending,203,internal_audit,10,False,10,24
sift_10k,7,lid_descending,204,train_design,10,False,10,24
sift_10k,7,lid_descending,205,train_design,10,False,24,24
sift_10k,7,lid_descending,206,calibration,10,False,10,24
sift_10k,7,lid_descending,207,internal_audit,16,False,24,24
sift_10k,7,lid_descending,208,train_design,16,False,16,24
sift_10k,7,lid_descending,209,internal_audit,24,False,24,24
sift_10k,7,lid_descending,210,internal_audit,10,False,10,24
sift_10k,7,lid_descending,211,train_design,16,False,16,24
sift_10k,7,lid_descending,212,internal_audit,24,False,24,24
sift_10k,7,lid_descending,213,train_design,10,False,10,24
sift_10k,7,lid_descending,214,internal_audit,10,False,24,24
sift_10k,7,lid_descending,215,internal_audit,48,False,24,24
sift_10k,7,lid_descending,216,internal_audit,10,False,10,24
sift_10k,7,lid_descending,217,train_design,10,False,10,24
sift_10k,7,lid_descending,218,calibration,10,False,10,24
sift_10k,7,lid_descending,219,calibration,10,False,24,24
sift_10k,7,lid_descending,220,calibration,16,False,16,24
sift_10k,7,lid_descending,221,train_design,24,False,24,24
sift_10k,7,lid_descending,222,train_design,10,False,10,24
sift_10k,7,lid_descending,223,train_design,10,False,10,24
sift_10k,7,lid_descending,224,internal_audit,10,False,10,24
sift_10k,7,lid_descending,225,train_design,32,False,24,24
sift_10k,7,lid_descending,226,internal_audit,10,False,10,24
sift_10k,7,lid_descending,227,train_design,10,False,10,24
sift_10k,7,lid_descending,228,train_design,16,False,24,24
sift_10k,7,lid_descending,229,train_design,10,False,10,24
sift_10k,7,lid_descending,230,train_design,10,False,10,24
sift_10k,7,lid_descending,231,train_design,10,False,24,24
sift_10k,7,lid_descending,232,internal_audit,32,False,24,24
sift_10k,7,lid_descending,233,internal_audit,16,False,24,24
sift_10k,7,lid_descending,234,train_design,16,False,24,24
sift_10k,7,lid_descending,235,internal_audit,10,False,10,24
sift_10k,7,lid_descending,236,internal_audit,10,False,24,24
sift_10k,7,lid_descending,237,calibration,16,False,24,24
sift_10k,7,lid_descending,238,train_design,10,False,10,24
sift_10k,7,lid_descending,239,calibration,10,False,16,24
sift_10k,7,lid_descending,240,train_design,16,False,16,24
sift_10k,7,lid_descending,241,internal_audit,32,False,16,24
sift_10k,7,lid_descending,242,calibration,10,False,10,24
sift_10k,7,lid_descending,243,train_design,10,False,10,24
sift_10k,7,lid_descending,244,train_design,10,False,10,24
sift_10k,7,lid_descending,245,train_design,10,False,10,24
sift_10k,7,lid_descending,246,train_design,24,False,24,24
sift_10k,7,lid_descending,247,train_design,10,False,16,24
sift_10k,7,lid_descending,248,calibration,10,False,10,24
sift_10k,7,lid_descending,249,calibration,16,False,16,24
sift_10k,7,lid_descending,250,internal_audit,10,False,10,24
sift_10k,7,lid_descending,251,calibration,10,False,10,24
sift_10k,7,lid_descending,252,calibration,10,False,10,24
sift_10k,7,lid_descending,253,train_design,16,False,24,24
sift_10k,7,lid_descending,254,train_design,10,False,10,24
sift_10k,7,lid_descending,255,train_design,24,False,24,24
sift_10k,7,lid_descending,256,calibration,32,False,16,24
sift_10k,7,lid_descending,257,internal_audit,10,False,24,24
sift_10k,7,lid_descending,258,train_design,10,False,24,24
sift_10k,7,lid_descending,259,train_design,10,False,10,24
sift_10k,7,lid_descending,260,calibration,10,False,10,24
sift_10k,7,lid_descending,261,train_design,16,False,16,24
sift_10k,7,lid_descending,262,calibration,10,False,10,24
sift_10k,7,lid_descending,263,internal_audit,10,False,10,24
sift_10k,7,lid_descending,264,internal_audit,10,False,10,24
sift_10k,7,lid_descending,265,train_design,10,False,10,24
sift_10k,7,lid_descending,266,calibration,16,False,16,24
sift_10k,7,lid_descending,267,train_design,10,False,16,24
sift_10k,7,lid_descending,268,internal_audit,10,False,10,24
sift_10k,7,lid_descending,269,calibration,32,False,10,24
sift_10k,7,lid_descending,270,calibration,16,False,16,24
sift_10k,7,lid_descending,271,internal_audit,10,False,10,24
sift_10k,7,lid_descending,272,train_design,10,False,10,24
sift_10k,7,lid_descending,273,train_design,24,False,24,24
sift_10k,7,lid_descending,274,internal_audit,16,False,16,24
sift_10k,7,lid_descending,275,train_design,16,False,16,24
sift_10k,7,lid_descending,276,calibration,10,False,16,24
sift_10k,7,lid_descending,277,calibration,16,False,16,24
sift_10k,7,lid_descending,278,calibration,16,False,16,24
sift_10k,7,lid_descending,279,train_design,10,False,10,24
sift_10k,7,lid_descending,280,train_design,10,False,10,24
sift_10k,7,lid_descending,281,train_design,16,False,16,24
sift_10k,7,lid_descending,282,train_design,16,False,16,24
sift_10k,7,lid_descending,283,calibration,16,False,16,24
sift_10k,7,lid_descending,284,internal_audit,32,False,16,24
sift_10k,7,lid_descending,285,train_design,10,False,24,24
sift_10k,7,lid_descending,286,calibration,10,False,16,24
sift_10k,7,lid_descending,287,train_design,16,False,16,24
sift_10k,7,lid_descending,288,train_design,10,False,16,24
sift_10k,7,lid_descending,289,internal_audit,16,False,24,24
sift_10k,7,lid_descending,290,train_design,48,False,10,24
sift_10k,7,lid_descending,291,train_design,10,False,10,24
sift_10k,7,lid_descending,292,train_design,10,False,10,24
sift_10k,7,lid_descending,293,internal_audit,16,False,24,24
sift_10k,7,lid_descending,294,train_design,10,False,10,24
sift_10k,7,lid_descending,295,internal_audit,10,False,10,24
sift_10k,7,lid_descending,296,train_design,10,False,10,24
sift_10k,7,lid_descending,297,train_design,16,False,16,24
sift_10k,7,lid_descending,298,train_design,64,False,24,24
sift_10k,7,lid_descending,299,internal_audit,10,False,10,24
sift_10k,7,lid_descending,300,train_design,10,False,10,24
sift_10k,7,lid_descending,301,train_design,10,False,10,24
sift_10k,7,lid_descending,302,train_design,16,False,24,24
sift_10k,7,lid_descending,303,calibration,10,False,10,24
sift_10k,7,lid_descending,304,calibration,16,False,16,24
sift_10k,7,lid_descending,305,train_design,10,False,10,24
sift_10k,7,lid_descending,306,internal_audit,10,False,10,24
sift_10k,7,lid_descending,307,train_design,10,False,10,24
sift_10k,7,lid_descending,308,internal_audit,10,False,10,24
sift_10k,7,lid_descending,309,train_design,10,False,16,24
sift_10k,7,lid_descending,310,train_design,10,False,10,24
sift_10k,7,lid_descending,311,internal_audit,10,False,10,24
sift_10k,7,lid_descending,312,train_design,16,False,16,24
sift_10k,7,lid_descending,313,train_design,10,False,10,24
sift_10k,7,lid_descending,314,internal_audit,16,False,16,24
sift_10k,7,lid_descending,315,calibration,10,False,16,24
sift_10k,7,lid_descending,316,calibration,10,False,10,24
sift_10k,7,lid_descending,317,internal_audit,10,False,24,24
sift_10k,7,lid_descending,318,train_design,16,False,24,24
sift_10k,7,lid_descending,319,calibration,16,False,24,24
sift_10k,7,lid_descending,320,internal_audit,32,False,10,24
sift_10k,7,lid_descending,321,train_design,10,False,10,24
sift_10k,7,lid_descending,322,internal_audit,16,False,16,24
sift_10k,7,lid_descending,323,train_design,32,False,24,24
sift_10k,7,lid_descending,324,calibration,10,False,10,24
sift_10k,7,lid_descending,325,train_design,10,False,10,24
sift_10k,7,lid_descending,326,train_design,10,False,10,24
sift_10k,7,lid_descending,327,train_design,10,False,16,24
sift_10k,7,lid_descending,328,calibration,10,False,16,24
sift_10k,7,lid_descending,329,calibration,16,False,16,24
sift_10k,7,lid_descending,330,calibration,10,False,10,24
sift_10k,7,lid_descending,331,train_design,16,False,16,24
sift_10k,7,lid_descending,332,train_design,10,False,16,24
sift_10k,7,lid_descending,333,train_design,24,False,24,24
sift_10k,7,lid_descending,334,train_design,10,False,16,24
sift_10k,7,lid_descending,335,internal_audit,10,False,10,24
sift_10k,7,lid_descending,336,train_design,32,False,10,24
sift_10k,7,lid_descending,337,calibration,10,False,10,24
sift_10k,7,lid_descending,338,calibration,10,False,10,24
sift_10k,7,lid_descending,339,internal_audit,24,False,24,24
sift_10k,7,lid_descending,340,calibration,10,False,10,24
sift_10k,7,lid_descending,341,internal_audit,16,False,24,24
sift_10k,7,lid_descending,342,calibration,10,False,10,24
sift_10k,7,lid_descending,343,internal_audit,10,False,10,24
sift_10k,7,lid_descending,344,calibration,10,False,16,24
sift_10k,7,lid_descending,345,train_design,16,False,16,24
sift_10k,7,lid_descending,346,train_design,32,False,10,24
sift_10k,7,lid_descending,347,train_design,10,False,10,24
sift_10k,7,lid_descending,348,train_design,10,False,24,24
sift_10k,7,lid_descending,349,train_design,16,False,16,24
sift_10k,7,lid_descending,350,internal_audit,48,False,16,24
sift_10k,7,lid_descending,351,internal_audit,10,False,24,24
sift_10k,7,lid_descending,352,train_design,10,False,16,24
sift_10k,7,lid_descending,353,calibration,10,False,10,24
sift_10k,7,lid_descending,354,calibration,10,False,10,24
sift_10k,7,lid_descending,355,internal_audit,10,False,10,24
sift_10k,7,lid_descending,356,train_design,10,False,16,24
sift_10k,7,lid_descending,357,internal_audit,10,False,10,24
sift_10k,7,lid_descending,358,train_design,16,False,16,24
sift_10k,7,lid_descending,359,train_design,10,False,16,24
sift_10k,7,lid_descending,360,train_design,10,False,10,24
sift_10k,7,lid_descending,361,calibration,10,False,10,24
sift_10k,7,lid_descending,362,train_design,10,False,24,24
sift_10k,7,lid_descending,363,train_design,10,False,10,24
sift_10k,7,lid_descending,364,internal_audit,10,False,16,24
sift_10k,7,lid_descending,365,train_design,24,False,24,24
sift_10k,7,lid_descending,366,train_design,48,False,16,24
sift_10k,7,lid_descending,367,train_design,10,False,24,24
sift_10k,7,lid_descending,368,calibration,24,False,24,24
sift_10k,7,lid_descending,369,internal_audit,16,False,16,24
sift_10k,7,lid_descending,370,calibration,16,False,16,24
sift_10k,7,lid_descending,371,train_design,10,False,24,24
sift_10k,7,lid_descending,372,internal_audit,24,False,24,24
sift_10k,7,lid_descending,373,train_design,10,False,24,24
sift_10k,7,lid_descending,374,internal_audit,10,False,16,24
sift_10k,7,lid_descending,375,train_design,10,False,10,24
sift_10k,7,lid_descending,376,train_design,24,False,24,24
sift_10k,7,lid_descending,377,train_design,16,False,24,24
sift_10k,7,lid_descending,378,calibration,10,False,10,24
sift_10k,7,lid_descending,379,train_design,10,False,10,24
sift_10k,7,lid_descending,380,train_design,16,False,16,24
sift_10k,7,lid_descending,381,internal_audit,10,False,24,24
sift_10k,7,lid_descending,382,internal_audit,24,False,24,24
sift_10k,7,lid_descending,383,internal_audit,10,False,10,24
sift_10k,7,lid_descending,384,train_design,16,False,16,24
sift_10k,7,lid_descending,385,train_design,32,False,10,24
sift_10k,7,lid_descending,386,train_design,10,False,16,24
sift_10k,7,lid_descending,387,train_design,10,False,16,24
sift_10k,7,lid_descending,388,train_design,10,False,10,24
sift_10k,7,lid_descending,389,train_design,16,False,16,24
sift_10k,7,lid_descending,390,internal_audit,10,False,24,24
sift_10k,7,lid_descending,391,internal_audit,10,False,24,24
sift_10k,7,lid_descending,392,train_design,10,False,10,24
sift_10k,7,lid_descending,393,calibration,32,False,10,24
sift_10k,7,lid_descending,394,calibration,10,False,10,24
sift_10k,7,lid_descending,395,train_design,10,False,16,24
sift_10k,7,lid_descending,396,train_design,10,False,10,24
sift_10k,7,lid_descending,397,internal_audit,10,False,10,24
sift_10k,7,lid_descending,398,internal_audit,10,False,10,24
sift_10k,7,lid_descending,399,calibration,10,False,10,24
sift_10k,7,lid_descending,400,train_design,10,False,16,24
sift_10k,7,lid_descending,401,train_design,10,False,10,24
sift_10k,7,lid_descending,402,calibration,10,False,16,24
sift_10k,7,lid_descending,403,calibration,10,False,10,24
sift_10k,7,lid_descending,404,calibration,10,False,16,24
sift_10k,7,lid_descending,405,train_design,10,False,16,24
sift_10k,7,lid_descending,406,train_design,10,False,10,24
sift_10k,7,lid_descending,407,calibration,10,False,10,24
sift_10k,7,lid_descending,408,internal_audit,10,False,10,24
sift_10k,7,lid_descending,409,train_design,10,False,16,24
sift_10k,7,lid_descending,410,calibration,16,False,16,24
sift_10k,7,lid_descending,411,train_design,16,False,16,24
sift_10k,7,lid_descending,412,train_design,16,False,16,24
sift_10k,7,lid_descending,413,calibration,10,False,10,24
sift_10k,7,lid_descending,414,internal_audit,10,False,10,24
sift_10k,7,lid_descending,415,internal_audit,10,False,10,24
sift_10k,7,lid_descending,416,calibration,16,False,16,24
sift_10k,7,lid_descending,417,train_design,10,False,16,24
sift_10k,7,lid_descending,418,calibration,10,False,16,24
sift_10k,7,lid_descending,419,train_design,10,False,10,24
sift_10k,7,lid_descending,420,calibration,24,False,24,24
sift_10k,7,lid_descending,421,train_design,10,False,10,24
sift_10k,7,lid_descending,422,train_design,16,False,16,24
sift_10k,7,lid_descending,423,train_design,10,False,10,24
sift_10k,7,lid_descending,424,train_design,10,False,10,24
sift_10k,7,lid_descending,425,train_design,10,False,10,24
sift_10k,7,lid_descending,426,train_design,10,False,10,24
sift_10k,7,lid_descending,427,train_design,10,False,16,24
sift_10k,7,lid_descending,428,internal_audit,10,False,16,24
sift_10k,7,lid_descending,429,internal_audit,24,False,24,24
sift_10k,7,lid_descending,430,train_design,10,False,10,24
sift_10k,7,lid_descending,431,train_design,10,False,10,24
sift_10k,7,lid_descending,432,train_design,10,False,10,24
sift_10k,7,lid_descending,433,calibration,10,False,16,24
sift_10k,7,lid_descending,434,train_design,10,False,10,24
sift_10k,7,lid_descending,435,train_design,32,False,24,24
sift_10k,7,lid_descending,436,train_design,10,False,16,24
sift_10k,7,lid_descending,437,internal_audit,10,False,16,24
sift_10k,7,lid_descending,438,internal_audit,10,False,10,24
sift_10k,7,lid_descending,439,internal_audit,10,False,10,24
sift_10k,7,lid_descending,440,calibration,32,False,24,24
sift_10k,7,lid_descending,441,calibration,16,False,24,24
sift_10k,7,lid_descending,442,internal_audit,24,False,24,24
sift_10k,7,lid_descending,443,train_design,10,False,16,24
sift_10k,7,lid_descending,444,internal_audit,10,False,10,24
sift_10k,7,lid_descending,445,calibration,16,False,24,24
sift_10k,7,lid_descending,446,train_design,10,False,24,24
sift_10k,7,lid_descending,447,calibration,16,False,16,24
sift_10k,7,lid_descending,448,train_design,16,False,16,24
sift_10k,7,lid_descending,449,calibration,16,False,24,24
sift_10k,7,lid_descending,450,train_design,16,False,24,24
sift_10k,7,lid_descending,451,calibration,16,False,24,24
sift_10k,7,lid_descending,452,calibration,10,False,24,24
sift_10k,7,lid_descending,453,train_design,10,False,10,24
sift_10k,7,lid_descending,454,train_design,16,False,16,24
sift_10k,7,lid_descending,455,train_design,16,False,16,24
sift_10k,7,lid_descending,456,train_design,10,False,16,24
sift_10k,7,lid_descending,457,train_design,10,False,10,24
sift_10k,7,lid_descending,458,internal_audit,10,False,16,24
sift_10k,7,lid_descending,459,internal_audit,10,False,24,24
sift_10k,7,lid_descending,460,train_design,10,False,10,24
sift_10k,7,lid_descending,461,train_design,10,False,10,24
sift_10k,7,lid_descending,462,calibration,10,False,16,24
sift_10k,7,lid_descending,463,train_design,10,False,10,24
sift_10k,7,lid_descending,464,train_design,16,False,16,24
sift_10k,7,lid_descending,465,train_design,24,False,24,24
sift_10k,7,lid_descending,466,train_design,10,False,16,24
sift_10k,7,lid_descending,467,internal_audit,10,False,10,24
sift_10k,7,lid_descending,468,train_design,10,False,10,24
sift_10k,7,lid_descending,469,train_design,10,False,16,24
sift_10k,7,lid_descending,470,train_design,16,False,16,24
sift_10k,7,lid_descending,471,internal_audit,16,False,16,24
sift_10k,7,lid_descending,472,train_design,10,False,10,24
sift_10k,7,lid_descending,473,train_design,10,False,10,24
sift_10k,7,lid_descending,474,train_design,10,False,10,24
sift_10k,7,lid_descending,475,train_design,10,False,16,24
sift_10k,7,lid_descending,476,internal_audit,10,False,24,24
sift_10k,7,lid_descending,477,train_design,10,False,10,24
sift_10k,7,lid_descending,478,train_design,10,False,16,24
sift_10k,7,lid_descending,479,train_design,10,False,10,24
sift_10k,7,lid_descending,480,train_design,48,False,24,24
sift_10k,7,lid_descending,481,train_design,16,False,16,24
sift_10k,7,lid_descending,482,internal_audit,32,False,24,24
sift_10k,7,lid_descending,483,train_design,32,False,10,24
sift_10k,7,lid_descending,484,train_design,10,False,16,24
sift_10k,7,lid_descending,485,calibration,10,False,16,24
sift_10k,7,lid_descending,486,internal_audit,16,False,16,24
sift_10k,7,lid_descending,487,internal_audit,10,False,10,24
sift_10k,7,lid_descending,488,calibration,10,False,10,24
sift_10k,7,lid_descending,489,train_design,10,False,10,24
sift_10k,7,lid_descending,490,calibration,10,False,10,24
sift_10k,7,lid_descending,491,internal_audit,16,False,16,24
sift_10k,7,lid_descending,492,train_design,10,False,16,24
sift_10k,7,lid_descending,493,calibration,10,False,10,24
sift_10k,7,lid_descending,494,train_design,24,False,24,24
sift_10k,7,lid_descending,495,train_design,16,False,16,24
sift_10k,7,lid_descending,496,train_design,16,False,16,24
sift_10k,7,lid_descending,497,train_design,10,False,10,24
sift_10k,7,lid_descending,498,calibration,10,False,16,24
sift_10k,7,lid_descending,499,train_design,10,False,16,24
sift_10k,7,random,0,train_design,10,False,10,24
sift_10k,7,random,1,train_design,10,False,10,24
sift_10k,7,random,2,calibration,24,False,24,24
sift_10k,7,random,3,calibration,16,False,16,24
sift_10k,7,random,4,internal_audit,10,False,10,24
sift_10k,7,random,5,calibration,10,False,10,24
sift_10k,7,random,6,train_design,16,False,16,24
sift_10k,7,random,7,internal_audit,16,False,16,24
sift_10k,7,random,8,train_design,16,False,16,24
sift_10k,7,random,9,train_design,10,False,10,24
sift_10k,7,random,10,train_design,10,False,16,24
sift_10k,7,random,11,internal_audit,10,False,10,24
sift_10k,7,random,12,train_design,10,False,10,24
sift_10k,7,random,13,internal_audit,10,False,10,24
sift_10k,7,random,14,train_design,16,False,16,24
sift_10k,7,random,15,internal_audit,10,False,10,24
sift_10k,7,random,16,calibration,10,False,16,24
sift_10k,7,random,17,internal_audit,16,False,16,24
sift_10k,7,random,18,calibration,10,False,10,24
sift_10k,7,random,19,train_design,10,False,10,24
sift_10k,7,random,20,train_design,16,False,24,24
sift_10k,7,random,21,internal_audit,16,False,16,24
sift_10k,7,random,22,train_design,10,False,10,24
sift_10k,7,random,23,internal_audit,16,False,24,24
sift_10k,7,random,24,calibration,16,False,16,24
sift_10k,7,random,25,train_design,10,False,10,24
sift_10k,7,random,26,calibration,16,False,16,24
sift_10k,7,random,27,calibration,16,False,16,24
sift_10k,7,random,28,train_design,10,False,10,24
sift_10k,7,random,29,calibration,10,False,10,24
sift_10k,7,random,30,internal_audit,16,False,24,24
sift_10k,7,random,31,train_design,16,False,16,24
sift_10k,7,random,32,train_design,16,False,16,24
sift_10k,7,random,33,calibration,10,False,10,24
sift_10k,7,random,34,internal_audit,10,False,16,24
sift_10k,7,random,35,train_design,10,False,10,24
sift_10k,7,random,36,internal_audit,10,False,10,24
sift_10k,7,random,37,train_design,10,False,10,24
sift_10k,7,random,38,internal_audit,16,False,24,24
sift_10k,7,random,39,calibration,10,False,16,24
sift_10k,7,random,40,train_design,10,False,24,24
sift_10k,7,random,41,internal_audit,16,False,24,24
sift_10k,7,random,42,train_design,10,False,24,24
sift_10k,7,random,43,train_design,10,False,10,24
sift_10k,7,random,44,train_design,10,False,24,24
sift_10k,7,random,45,internal_audit,10,False,10,24
sift_10k,7,random,46,calibration,24,False,24,24
sift_10k,7,random,47,train_design,32,False,10,24
sift_10k,7,random,48,train_design,10,False,10,24
sift_10k,7,random,49,internal_audit,10,False,10,24
sift_10k,7,random,50,train_design,10,False,10,24
sift_10k,7,random,51,calibration,10,False,10,24
sift_10k,7,random,52,calibration,10,False,16,24
sift_10k,7,random,53,train_design,10,False,24,24
sift_10k,7,random,54,train_design,10,False,10,24
sift_10k,7,random,55,calibration,16,False,24,24
sift_10k,7,random,56,train_design,10,False,10,24
sift_10k,7,random,57,calibration,32,False,24,24
sift_10k,7,random,58,calibration,10,False,10,24
sift_10k,7,random,59,calibration,10,False,24,24
sift_10k,7,random,60,train_design,32,False,10,24
sift_10k,7,random,61,train_design,10,False,10,24
sift_10k,7,random,62,train_design,10,False,24,24
sift_10k,7,random,63,internal_audit,16,False,16,24
sift_10k,7,random,64,train_design,24,False,24,24
sift_10k,7,random,65,calibration,10,False,10,24
sift_10k,7,random,66,calibration,16,False,24,24
sift_10k,7,random,67,train_design,10,False,10,24
sift_10k,7,random,68,calibration,10,False,16,24
sift_10k,7,random,69,calibration,10,False,10,24
sift_10k,7,random,70,train_design,10,False,10,24
sift_10k,7,random,71,calibration,10,False,10,24
sift_10k,7,random,72,train_design,10,False,10,24
sift_10k,7,random,73,internal_audit,10,False,10,24
sift_10k,7,random,74,calibration,10,False,10,24
sift_10k,7,random,75,train_design,10,False,16,24
sift_10k,7,random,76,train_design,16,False,16,24
sift_10k,7,random,77,calibration,10,False,10,24
sift_10k,7,random,78,calibration,10,False,24,24
sift_10k,7,random,79,calibration,24,False,24,24
sift_10k,7,random,80,train_design,10,False,16,24
sift_10k,7,random,81,internal_audit,10,False,16,24
sift_10k,7,random,82,train_design,10,False,10,24
sift_10k,7,random,83,train_design,10,False,10,24
sift_10k,7,random,84,train_design,10,False,10,24
sift_10k,7,random,85,internal_audit,16,False,24,24
sift_10k,7,random,86,internal_audit,16,False,16,24
sift_10k,7,random,87,calibration,10,False,16,24
sift_10k,7,random,88,internal_audit,10,False,10,24
sift_10k,7,random,89,train_design,10,False,10,24
sift_10k,7,random,90,calibration,10,False,10,24
sift_10k,7,random,91,train_design,16,False,16,24
sift_10k,7,random,92,internal_audit,10,False,24,24
sift_10k,7,random,93,internal_audit,10,False,10,24
sift_10k,7,random,94,calibration,24,False,24,24
sift_10k,7,random,95,train_design,10,False,10,24
sift_10k,7,random,96,internal_audit,16,False,16,24
sift_10k,7,random,97,calibration,10,False,10,24
sift_10k,7,random,98,train_design,24,False,24,24
sift_10k,7,random,99,internal_audit,10,False,10,24
sift_10k,7,random,100,train_design,10,False,16,24
sift_10k,7,random,101,calibration,10,False,10,24
sift_10k,7,random,102,train_design,10,False,16,24
sift_10k,7,random,103,calibration,10,False,10,24
sift_10k,7,random,104,internal_audit,10,False,10,24
sift_10k,7,random,105,calibration,10,False,10,24
sift_10k,7,random,106,train_design,10,False,10,24
sift_10k,7,random,107,train_design,10,False,10,24
sift_10k,7,random,108,train_design,10,False,24,24
sift_10k,7,random,109,internal_audit,10,False,10,24
sift_10k,7,random,110,calibration,10,False,10,24
sift_10k,7,random,111,train_design,16,False,16,24
sift_10k,7,random,112,train_design,64,False,10,24
sift_10k,7,random,113,calibration,10,False,24,24
sift_10k,7,random,114,internal_audit,10,False,16,24
sift_10k,7,random,115,internal_audit,10,False,16,24
sift_10k,7,random,116,train_design,10,False,10,24
sift_10k,7,random,117,train_design,24,False,24,24
sift_10k,7,random,118,internal_audit,10,False,10,24
sift_10k,7,random,119,calibration,10,False,10,24
sift_10k,7,random,120,internal_audit,10,False,24,24
sift_10k,7,random,121,train_design,24,False,24,24
sift_10k,7,random,122,calibration,24,False,24,24
sift_10k,7,random,123,train_design,10,False,10,24
sift_10k,7,random,124,train_design,10,False,10,24
sift_10k,7,random,125,internal_audit,16,False,16,24
sift_10k,7,random,126,internal_audit,10,False,10,24
sift_10k,7,random,127,train_design,10,False,24,24
sift_10k,7,random,128,internal_audit,10,False,10,24
sift_10k,7,random,129,calibration,24,False,24,24
sift_10k,7,random,130,internal_audit,16,False,16,24
sift_10k,7,random,131,train_design,10,False,10,24
sift_10k,7,random,132,calibration,10,False,10,24
sift_10k,7,random,133,train_design,16,False,24,24
sift_10k,7,random,134,internal_audit,10,False,16,24
sift_10k,7,random,135,internal_audit,10,False,10,24
sift_10k,7,random,136,train_design,10,False,10,24
sift_10k,7,random,137,train_design,48,False,24,24
sift_10k,7,random,138,train_design,24,False,24,24
sift_10k,7,random,139,train_design,10,False,16,24
sift_10k,7,random,140,internal_audit,16,False,16,24
sift_10k,7,random,141,calibration,24,False,24,24
sift_10k,7,random,142,internal_audit,32,False,16,24
sift_10k,7,random,143,train_design,10,False,10,24
sift_10k,7,random,144,internal_audit,10,False,10,24
sift_10k,7,random,145,calibration,32,False,24,24
sift_10k,7,random,146,train_design,10,False,24,24
sift_10k,7,random,147,train_design,10,False,16,24
sift_10k,7,random,148,train_design,48,False,24,24
sift_10k,7,random,149,train_design,24,False,24,24
sift_10k,7,random,150,train_design,10,False,24,24
sift_10k,7,random,151,train_design,10,False,10,24
sift_10k,7,random,152,train_design,10,False,16,24
sift_10k,7,random,153,calibration,16,False,24,24
sift_10k,7,random,154,calibration,10,False,10,24
sift_10k,7,random,155,calibration,16,False,16,24
sift_10k,7,random,156,internal_audit,16,False,16,24
sift_10k,7,random,157,train_design,10,False,24,24
sift_10k,7,random,158,internal_audit,10,False,16,24
sift_10k,7,random,159,calibration,24,False,24,24
sift_10k,7,random,160,train_design,10,False,10,24
sift_10k,7,random,161,internal_audit,16,False,16,24
sift_10k,7,random,162,internal_audit,16,False,16,24
sift_10k,7,random,163,internal_audit,32,False,16,24
sift_10k,7,random,164,train_design,24,False,24,24
sift_10k,7,random,165,calibration,10,False,10,24
sift_10k,7,random,166,train_design,10,False,10,24
sift_10k,7,random,167,train_design,10,False,16,24
sift_10k,7,random,168,train_design,10,False,10,24
sift_10k,7,random,169,train_design,10,False,16,24
sift_10k,7,random,170,calibration,16,False,16,24
sift_10k,7,random,171,train_design,10,False,10,24
sift_10k,7,random,172,train_design,24,False,24,24
sift_10k,7,random,173,internal_audit,10,False,10,24
sift_10k,7,random,174,train_design,10,False,16,24
sift_10k,7,random,175,train_design,10,False,24,24
sift_10k,7,random,176,calibration,16,False,16,24
sift_10k,7,random,177,train_design,10,False,10,24
sift_10k,7,random,178,train_design,16,False,16,24
sift_10k,7,random,179,internal_audit,48,False,10,24
sift_10k,7,random,180,internal_audit,10,False,10,24
sift_10k,7,random,181,calibration,10,False,10,24
sift_10k,7,random,182,train_design,32,False,24,24
sift_10k,7,random,183,train_design,10,False,10,24
sift_10k,7,random,184,train_design,10,False,24,24
sift_10k,7,random,185,calibration,10,False,10,24
sift_10k,7,random,186,calibration,24,False,24,24
sift_10k,7,random,187,train_design,24,False,24,24
sift_10k,7,random,188,train_design,10,False,10,24
sift_10k,7,random,189,internal_audit,10,False,24,24
sift_10k,7,random,190,train_design,24,False,24,24
sift_10k,7,random,191,internal_audit,24,False,24,24
sift_10k,7,random,192,calibration,16,False,16,24
sift_10k,7,random,193,train_design,10,False,16,24
sift_10k,7,random,194,internal_audit,24,False,24,24
sift_10k,7,random,195,calibration,24,False,24,24
sift_10k,7,random,196,calibration,16,False,24,24
sift_10k,7,random,197,calibration,16,False,16,24
sift_10k,7,random,198,train_design,10,False,10,24
sift_10k,7,random,199,internal_audit,24,False,24,24
sift_10k,7,random,200,train_design,10,False,10,24
sift_10k,7,random,201,calibration,24,False,24,24
sift_10k,7,random,202,internal_audit,16,False,16,24
sift_10k,7,random,203,internal_audit,10,False,10,24
sift_10k,7,random,204,train_design,10,False,10,24
sift_10k,7,random,205,train_design,10,False,10,24
sift_10k,7,random,206,calibration,10,False,10,24
sift_10k,7,random,207,internal_audit,24,False,24,24
sift_10k,7,random,208,train_design,48,False,10,24
sift_10k,7,random,209,internal_audit,24,False,24,24
sift_10k,7,random,210,internal_audit,10,False,10,24
sift_10k,7,random,211,train_design,16,False,16,24
sift_10k,7,random,212,internal_audit,24,False,24,24
sift_10k,7,random,213,train_design,10,False,10,24
sift_10k,7,random,214,internal_audit,16,False,24,24
sift_10k,7,random,215,internal_audit,48,False,16,24
sift_10k,7,random,216,internal_audit,16,False,16,24
sift_10k,7,random,217,train_design,10,False,10,24
sift_10k,7,random,218,calibration,10,False,10,24
sift_10k,7,random,219,calibration,10,False,10,24
sift_10k,7,random,220,calibration,10,False,10,24
sift_10k,7,random,221,train_design,24,False,24,24
sift_10k,7,random,222,train_design,10,False,10,24
sift_10k,7,random,223,train_design,10,False,10,24
sift_10k,7,random,224,internal_audit,24,False,24,24
sift_10k,7,random,225,train_design,384,False,24,24
sift_10k,7,random,226,internal_audit,10,False,10,24
sift_10k,7,random,227,train_design,10,False,10,24
sift_10k,7,random,228,train_design,16,False,24,24
sift_10k,7,random,229,train_design,10,False,10,24
sift_10k,7,random,230,train_design,10,False,10,24
sift_10k,7,random,231,train_design,16,False,16,24
sift_10k,7,random,232,internal_audit,24,False,24,24
sift_10k,7,random,233,internal_audit,10,False,24,24
sift_10k,7,random,234,train_design,16,False,24,24
sift_10k,7,random,235,internal_audit,10,False,16,24
sift_10k,7,random,236,internal_audit,16,False,16,24
sift_10k,7,random,237,calibration,16,False,16,24
sift_10k,7,random,238,train_design,10,False,16,24
sift_10k,7,random,239,calibration,16,False,16,24
sift_10k,7,random,240,train_design,16,False,24,24
sift_10k,7,random,241,internal_audit,96,False,16,24
sift_10k,7,random,242,calibration,10,False,10,24
sift_10k,7,random,243,train_design,10,False,24,24
sift_10k,7,random,244,train_design,10,False,16,24
sift_10k,7,random,245,train_design,16,False,16,24
sift_10k,7,random,246,train_design,16,False,24,24
sift_10k,7,random,247,train_design,10,False,16,24
sift_10k,7,random,248,calibration,10,False,10,24
sift_10k,7,random,249,calibration,16,False,16,24
sift_10k,7,random,250,internal_audit,10,False,10,24
sift_10k,7,random,251,calibration,10,False,16,24
sift_10k,7,random,252,calibration,10,False,10,24
sift_10k,7,random,253,train_design,10,False,10,24
sift_10k,7,random,254,train_design,10,False,10,24
sift_10k,7,random,255,train_design,24,False,24,24
sift_10k,7,random,256,calibration,48,False,24,24
sift_10k,7,random,257,internal_audit,10,False,10,24
sift_10k,7,random,258,train_design,10,False,10,24
sift_10k,7,random,259,train_design,10,False,10,24
sift_10k,7,random,260,calibration,10,False,10,24
sift_10k,7,random,261,train_design,32,False,16,24
sift_10k,7,random,262,calibration,10,False,10,24
sift_10k,7,random,263,internal_audit,10,False,16,24
sift_10k,7,random,264,internal_audit,10,False,10,24
sift_10k,7,random,265,train_design,10,False,10,24
sift_10k,7,random,266,calibration,24,False,24,24
sift_10k,7,random,267,train_design,10,False,16,24
sift_10k,7,random,268,internal_audit,24,False,24,24
sift_10k,7,random,269,calibration,16,False,16,24
sift_10k,7,random,270,calibration,10,False,16,24
sift_10k,7,random,271,internal_audit,10,False,10,24
sift_10k,7,random,272,train_design,10,False,16,24
sift_10k,7,random,273,train_design,16,False,16,24
sift_10k,7,random,274,internal_audit,16,False,24,24
sift_10k,7,random,275,train_design,16,False,16,24
sift_10k,7,random,276,calibration,16,False,16,24
sift_10k,7,random,277,calibration,24,False,24,24
sift_10k,7,random,278,calibration,10,False,10,24
sift_10k,7,random,279,train_design,10,False,10,24
sift_10k,7,random,280,train_design,16,False,16,24
sift_10k,7,random,281,train_design,10,False,16,24
sift_10k,7,random,282,train_design,16,False,24,24
sift_10k,7,random,283,calibration,10,False,24,24
sift_10k,7,random,284,internal_audit,32,False,10,24
sift_10k,7,random,285,train_design,24,False,24,24
sift_10k,7,random,286,calibration,10,False,10,24
sift_10k,7,random,287,train_design,16,False,16,24
sift_10k,7,random,288,train_design,16,False,16,24
sift_10k,7,random,289,internal_audit,32,False,10,24
sift_10k,7,random,290,train_design,24,False,24,24
sift_10k,7,random,291,train_design,16,False,24,24
sift_10k,7,random,292,train_design,10,False,10,24
sift_10k,7,random,293,internal_audit,10,False,10,24
sift_10k,7,random,294,train_design,10,False,10,24
sift_10k,7,random,295,internal_audit,10,False,10,24
sift_10k,7,random,296,train_design,10,False,24,24
sift_10k,7,random,297,train_design,10,False,24,24
sift_10k,7,random,298,train_design,16,False,16,24
sift_10k,7,random,299,internal_audit,10,False,10,24
sift_10k,7,random,300,train_design,10,False,16,24
sift_10k,7,random,301,train_design,10,False,10,24
sift_10k,7,random,302,train_design,16,False,24,24
sift_10k,7,random,303,calibration,10,False,10,24
sift_10k,7,random,304,calibration,16,False,16,24
sift_10k,7,random,305,train_design,10,False,10,24
sift_10k,7,random,306,internal_audit,10,False,16,24
sift_10k,7,random,307,train_design,10,False,10,24
sift_10k,7,random,308,internal_audit,24,False,24,24
sift_10k,7,random,309,train_design,10,False,16,24
sift_10k,7,random,310,train_design,10,False,10,24
sift_10k,7,random,311,internal_audit,10,False,10,24
sift_10k,7,random,312,train_design,16,False,16,24
sift_10k,7,random,313,train_design,10,False,10,24
sift_10k,7,random,314,internal_audit,10,False,24,24
sift_10k,7,random,315,calibration,10,False,24,24
sift_10k,7,random,316,calibration,10,False,10,24
sift_10k,7,random,317,internal_audit,24,False,24,24
sift_10k,7,random,318,train_design,10,False,24,24
sift_10k,7,random,319,calibration,10,False,24,24
sift_10k,7,random,320,internal_audit,24,False,24,24
sift_10k,7,random,321,train_design,10,False,10,24
sift_10k,7,random,322,internal_audit,16,False,16,24
sift_10k,7,random,323,train_design,16,False,16,24
sift_10k,7,random,324,calibration,10,False,10,24
sift_10k,7,random,325,train_design,10,False,10,24
sift_10k,7,random,326,train_design,10,False,10,24
sift_10k,7,random,327,train_design,16,False,24,24
sift_10k,7,random,328,calibration,10,False,10,24
sift_10k,7,random,329,calibration,10,False,16,24
sift_10k,7,random,330,calibration,16,False,16,24
sift_10k,7,random,331,train_design,10,False,16,24
sift_10k,7,random,332,train_design,10,False,10,24
sift_10k,7,random,333,train_design,16,False,16,24
sift_10k,7,random,334,train_design,10,False,24,24
sift_10k,7,random,335,internal_audit,10,False,16,24
sift_10k,7,random,336,train_design,10,False,16,24
sift_10k,7,random,337,calibration,10,False,10,24
sift_10k,7,random,338,calibration,10,False,10,24
sift_10k,7,random,339,internal_audit,10,False,10,24
sift_10k,7,random,340,calibration,10,False,10,24
sift_10k,7,random,341,internal_audit,16,False,16,24
sift_10k,7,random,342,calibration,10,False,24,24
sift_10k,7,random,343,internal_audit,10,False,10,24
sift_10k,7,random,344,calibration,10,False,10,24
sift_10k,7,random,345,train_design,24,False,24,24
sift_10k,7,random,346,train_design,10,False,10,24
sift_10k,7,random,347,train_design,10,False,10,24
sift_10k,7,random,348,train_design,10,False,16,24
sift_10k,7,random,349,train_design,24,False,24,24
sift_10k,7,random,350,internal_audit,24,False,24,24
sift_10k,7,random,351,internal_audit,10,False,10,24
sift_10k,7,random,352,train_design,10,False,16,24
sift_10k,7,random,353,calibration,10,False,10,24
sift_10k,7,random,354,calibration,24,False,24,24
sift_10k,7,random,355,internal_audit,10,False,10,24
sift_10k,7,random,356,train_design,10,False,16,24
sift_10k,7,random,357,internal_audit,10,False,10,24
sift_10k,7,random,358,train_design,10,False,10,24
sift_10k,7,random,359,train_design,10,False,16,24
sift_10k,7,random,360,train_design,10,False,10,24
sift_10k,7,random,361,calibration,10,False,10,24
sift_10k,7,random,362,train_design,10,False,10,24
sift_10k,7,random,363,train_design,10,False,16,24
sift_10k,7,random,364,internal_audit,10,False,10,24
sift_10k,7,random,365,train_design,10,False,10,24
sift_10k,7,random,366,train_design,32,False,10,24
sift_10k,7,random,367,train_design,32,False,16,24
sift_10k,7,random,368,calibration,48,False,24,24
sift_10k,7,random,369,internal_audit,32,False,16,24
sift_10k,7,random,370,calibration,16,False,16,24
sift_10k,7,random,371,train_design,10,False,24,24
sift_10k,7,random,372,internal_audit,10,False,24,24
sift_10k,7,random,373,train_design,10,False,10,24
sift_10k,7,random,374,internal_audit,10,False,16,24
sift_10k,7,random,375,train_design,10,False,10,24
sift_10k,7,random,376,train_design,48,False,24,24
sift_10k,7,random,377,train_design,16,False,24,24
sift_10k,7,random,378,calibration,24,False,24,24
sift_10k,7,random,379,train_design,24,False,24,24
sift_10k,7,random,380,train_design,10,False,16,24
sift_10k,7,random,381,internal_audit,16,False,16,24
sift_10k,7,random,382,internal_audit,24,False,24,24
sift_10k,7,random,383,internal_audit,10,False,10,24
sift_10k,7,random,384,train_design,16,False,16,24
sift_10k,7,random,385,train_design,24,False,24,24
sift_10k,7,random,386,train_design,24,False,24,24
sift_10k,7,random,387,train_design,10,False,16,24
sift_10k,7,random,388,train_design,10,False,10,24
sift_10k,7,random,389,train_design,24,False,24,24
sift_10k,7,random,390,internal_audit,16,False,16,24
sift_10k,7,random,391,internal_audit,10,False,24,24
sift_10k,7,random,392,train_design,10,False,10,24
sift_10k,7,random,393,calibration,16,False,16,24
sift_10k,7,random,394,calibration,10,False,10,24
sift_10k,7,random,395,train_design,10,False,10,24
sift_10k,7,random,396,train_design,24,False,24,24
sift_10k,7,random,397,internal_audit,10,False,10,24
sift_10k,7,random,398,internal_audit,10,False,10,24
sift_10k,7,random,399,calibration,10,False,10,24
sift_10k,7,random,400,train_design,32,False,16,24
sift_10k,7,random,401,train_design,10,False,10,24
sift_10k,7,random,402,calibration,16,False,24,24
sift_10k,7,random,403,calibration,10,False,16,24
sift_10k,7,random,404,calibration,10,False,10,24
sift_10k,7,random,405,train_design,10,False,24,24
sift_10k,7,random,406,train_design,10,False,24,24
sift_10k,7,random,407,calibration,10,False,16,24
sift_10k,7,random,408,internal_audit,10,False,16,24
sift_10k,7,random,409,train_design,10,False,24,24
sift_10k,7,random,410,calibration,24,False,24,24
sift_10k,7,random,411,train_design,16,False,24,24
sift_10k,7,random,412,train_design,16,False,16,24
sift_10k,7,random,413,calibration,10,False,10,24
sift_10k,7,random,414,internal_audit,10,False,10,24
sift_10k,7,random,415,internal_audit,16,False,16,24
sift_10k,7,random,416,calibration,10,False,24,24
sift_10k,7,random,417,train_design,10,False,10,24
sift_10k,7,random,418,calibration,10,False,16,24
sift_10k,7,random,419,train_design,10,False,10,24
sift_10k,7,random,420,calibration,16,False,24,24
sift_10k,7,random,421,train_design,10,False,10,24
sift_10k,7,random,422,train_design,24,False,24,24
sift_10k,7,random,423,train_design,16,False,16,24
sift_10k,7,random,424,train_design,10,False,24,24
sift_10k,7,random,425,train_design,10,False,10,24
sift_10k,7,random,426,train_design,10,False,10,24
sift_10k,7,random,427,train_design,16,False,16,24
sift_10k,7,random,428,internal_audit,16,False,16,24
sift_10k,7,random,429,internal_audit,10,False,10,24
sift_10k,7,random,430,train_design,16,False,16,24
sift_10k,7,random,431,train_design,10,False,10,24
sift_10k,7,random,432,train_design,24,False,24,24
sift_10k,7,random,433,calibration,10,False,16,24
sift_10k,7,random,434,train_design,10,False,10,24
sift_10k,7,random,435,train_design,64,False,24,24
sift_10k,7,random,436,train_design,16,False,24,24
sift_10k,7,random,437,internal_audit,10,False,16,24
sift_10k,7,random,438,internal_audit,10,False,16,24
sift_10k,7,random,439,internal_audit,10,False,10,24
sift_10k,7,random,440,calibration,16,False,24,24
sift_10k,7,random,441,calibration,24,False,24,24
sift_10k,7,random,442,internal_audit,48,False,24,24
sift_10k,7,random,443,train_design,16,False,24,24
sift_10k,7,random,444,internal_audit,10,False,10,24
sift_10k,7,random,445,calibration,10,False,24,24
sift_10k,7,random,446,train_design,24,False,24,24
sift_10k,7,random,447,calibration,16,False,16,24
sift_10k,7,random,448,train_design,10,False,10,24
sift_10k,7,random,449,calibration,16,False,24,24
sift_10k,7,random,450,train_design,16,False,24,24
sift_10k,7,random,451,calibration,10,False,16,24
sift_10k,7,random,452,calibration,16,False,16,24
sift_10k,7,random,453,train_design,32,False,10,24
sift_10k,7,random,454,train_design,24,False,24,24
sift_10k,7,random,455,train_design,32,False,10,24
sift_10k,7,random,456,train_design,16,False,16,24
sift_10k,7,random,457,train_design,24,False,24,24
sift_10k,7,random,458,internal_audit,10,False,10,24
sift_10k,7,random,459,internal_audit,10,False,16,24
sift_10k,7,random,460,train_design,10,False,10,24
sift_10k,7,random,461,train_design,10,False,10,24
sift_10k,7,random,462,calibration,32,False,10,24
sift_10k,7,random,463,train_design,10,False,10,24
sift_10k,7,random,464,train_design,10,False,10,24
sift_10k,7,random,465,train_design,16,False,16,24
sift_10k,7,random,466,train_design,10,False,10,24
sift_10k,7,random,467,internal_audit,24,False,24,24
sift_10k,7,random,468,train_design,10,False,10,24
sift_10k,7,random,469,train_design,10,False,16,24
sift_10k,7,random,470,train_design,48,False,24,24
sift_10k,7,random,471,internal_audit,16,False,24,24
sift_10k,7,random,472,train_design,10,False,24,24
sift_10k,7,random,473,train_design,10,False,16,24
sift_10k,7,random,474,train_design,10,False,10,24
sift_10k,7,random,475,train_design,10,False,16,24
sift_10k,7,random,476,internal_audit,10,False,10,24
sift_10k,7,random,477,train_design,10,False,10,24
sift_10k,7,random,478,train_design,10,False,16,24
sift_10k,7,random,479,train_design,10,False,10,24
sift_10k,7,random,480,train_design,32,False,10,24
sift_10k,7,random,481,train_design,10,False,24,24
sift_10k,7,random,482,internal_audit,10,False,24,24
sift_10k,7,random,483,train_design,10,False,10,24
sift_10k,7,random,484,train_design,10,False,16,24
sift_10k,7,random,485,calibration,10,False,10,24
sift_10k,7,random,486,internal_audit,32,False,10,24
sift_10k,7,random,487,internal_audit,10,False,10,24
sift_10k,7,random,488,calibration,10,False,16,24
sift_10k,7,random,489,train_design,10,False,24,24
sift_10k,7,random,490,calibration,10,False,10,24
sift_10k,7,random,491,internal_audit,10,False,10,24
sift_10k,7,random,492,train_design,16,False,16,24
sift_10k,7,random,493,calibration,10,False,10,24
sift_10k,7,random,494,train_design,10,False,10,24
sift_10k,7,random,495,train_design,10,False,10,24
sift_10k,7,random,496,train_design,10,False,10,24
sift_10k,7,random,497,train_design,10,False,16,24
sift_10k,7,random,498,calibration,10,False,10,24
sift_10k,7,random,499,train_design,10,False,24,24
